day,time,open,high,low,close,volume
2026-06-12,2026-06-12 09:35:00,11.43,11.56,11.39,11.48,24607.0
2026-06-12,2026-06-12 09:40:00,11.48,11.7,11.48,11.55,17006.0
2026-06-12,2026-06-12 09:45:00,11.5,11.54,11.45,11.465,10638.0
2026-06-12,2026-06-12 09:50:00,11.49,11.575,11.46,11.53,28881.0
2026-06-12,2026-06-12 09:55:00,11.515,11.61,11.47,11.5,27418.0
2026-06-12,2026-06-12 10:00:00,11.5,11.52,11.46,11.52,9462.0
2026-06-12,2026-06-12 10:05:00,11.52,11.64,11.52,11.565,58486.0
2026-06-12,2026-06-12 10:10:00,11.5675,11.59,11.53,11.57,23494.0
2026-06-12,2026-06-12 10:15:00,11.57,11.69,11.55,11.58,48277.0
2026-06-12,2026-06-12 10:20:00,11.57,11.62,11.51,11.53,28447.0
2026-06-12,2026-06-12 10:25:00,11.53,11.555,11.505,11.53,44805.0
2026-06-12,2026-06-12 10:30:00,11.55,11.6,11.545,11.57,56657.0
2026-06-12,2026-06-12 10:35:00,11.575,11.6424,11.54,11.6424,38827.0
2026-06-12,2026-06-12 10:40:00,11.66,11.7902,11.66,11.775,44212.0
2026-06-12,2026-06-12 10:45:00,11.77,11.77,11.665,11.695,23383.0
2026-06-12,2026-06-12 10:50:00,11.68,11.71,11.65,11.65,19826.0
2026-06-12,2026-06-12 10:55:00,11.65,11.74,11.62,11.74,67915.0
2026-06-12,2026-06-12 11:00:00,11.75,11.77,11.7,11.72,49176.0
2026-06-12,2026-06-12 11:05:00,11.7,11.8,11.7,11.75,14445.0
2026-06-12,2026-06-12 11:10:00,11.77,11.805,11.76,11.77,10962.0
2026-06-12,2026-06-12 11:15:00,11.77,11.81,11.74,11.81,15653.0
2026-06-12,2026-06-12 11:20:00,11.785,11.82,11.735,11.8,18183.0
2026-06-12,2026-06-12 11:25:00,11.8,11.86,11.78,11.86,12837.0
2026-06-12,2026-06-12 11:30:00,11.85,11.9,11.84,11.85,14799.0
2026-06-12,2026-06-12 11:35:00,11.85,11.97,11.8449,11.97,44848.0
2026-06-12,2026-06-12 11:40:00,11.955,11.99,11.86,11.9,44790.0
2026-06-12,2026-06-12 11:45:00,11.9,11.905,11.8,11.8,33889.0
2026-06-12,2026-06-12 11:50:00,11.83,11.8621,11.7,11.725,24679.0
2026-06-12,2026-06-12 11:55:00,11.725,11.76,11.665,11.745,13840.0
2026-06-12,2026-06-12 12:00:00,11.745,11.78,11.7,11.71,22109.0
2026-06-12,2026-06-12 12:05:00,11.7,11.71,11.61,11.675,17371.0
2026-06-12,2026-06-12 12:10:00,11.675,11.69,11.61,11.66,9835.0
2026-06-12,2026-06-12 12:15:00,11.685,11.7999,11.685,11.74,16189.0
2026-06-12,2026-06-12 12:20:00,11.725,11.78,11.66,11.67,9652.0
2026-06-12,2026-06-12 12:25:00,11.68,11.72,11.68,11.71,6828.0
2026-06-12,2026-06-12 12:30:00,11.71,11.745,11.685,11.7,10607.0
2026-06-12,2026-06-12 12:35:00,11.7,11.78,11.7,11.77,8800.0
2026-06-12,2026-06-12 12:40:00,11.785,11.805,11.73,11.795,29481.0
2026-06-12,2026-06-12 12:45:00,11.81,11.84,11.76,11.78,11530.0
2026-06-12,2026-06-12 12:50:00,11.775,11.825,11.775,11.82,6199.0
2026-06-12,2026-06-12 12:55:00,11.825,11.87,11.82,11.83,8054.0
2026-06-12,2026-06-12 13:00:00,11.84,11.84,11.8,11.82,9332.0
2026-06-12,2026-06-12 13:05:00,11.83,11.87,11.82,11.84,24366.0
2026-06-12,2026-06-12 13:10:00,11.86,11.875,11.81,11.83,14145.0
2026-06-12,2026-06-12 13:15:00,11.825,11.9275,11.805,11.835,22215.0
2026-06-12,2026-06-12 13:20:00,11.84,11.88,11.835,11.86,15010.0
2026-06-12,2026-06-12 13:25:00,11.86,11.87,11.825,11.825,13615.0
2026-06-12,2026-06-12 13:30:00,11.84,11.8476,11.81,11.815,18545.0
2026-06-12,2026-06-12 13:35:00,11.82,11.855,11.8,11.855,7453.0
2026-06-12,2026-06-12 13:40:00,11.86,11.86,11.8,11.81,14569.0
2026-06-12,2026-06-12 13:45:00,11.83,11.85,11.78,11.78,19399.0
2026-06-12,2026-06-12 13:50:00,11.78,11.8298,11.775,11.775,16497.0
2026-06-12,2026-06-12 13:55:00,11.775,11.82,11.76,11.82,13122.0
2026-06-12,2026-06-12 14:00:00,11.81,11.81,11.7,11.73,20366.0
2026-06-12,2026-06-12 14:05:00,11.73,11.79,11.73,11.76,9587.0
2026-06-12,2026-06-12 14:10:00,11.74,11.74,11.66,11.69,31584.0
2026-06-12,2026-06-12 14:15:00,11.7,11.73,11.65,11.65,48231.0
2026-06-12,2026-06-12 14:20:00,11.65,11.6738,11.64,11.66,14941.0
2026-06-12,2026-06-12 14:25:00,11.67,11.68,11.64,11.64,11887.0
2026-06-12,2026-06-12 14:30:00,11.64,11.675,11.64,11.67,10838.0
2026-06-12,2026-06-12 14:35:00,11.67,11.685,11.66,11.68,9406.0
2026-06-12,2026-06-12 14:40:00,11.69,11.72,11.65,11.66,28625.0
2026-06-12,2026-06-12 14:45:00,11.66,11.675,11.64,11.67,13499.0
2026-06-12,2026-06-12 14:50:00,11.66,11.66,11.57,11.61,18524.0
2026-06-12,2026-06-12 14:55:00,11.62,11.63,11.585,11.62,15896.0
2026-06-12,2026-06-12 15:00:00,11.625,11.6299,11.575,11.59,23890.0
2026-06-12,2026-06-12 15:05:00,11.59,11.64,11.585,11.64,13322.0
2026-06-12,2026-06-12 15:10:00,11.63,11.63,11.56,11.57,30372.0
2026-06-12,2026-06-12 15:15:00,11.58,11.6,11.56,11.6,24674.0
2026-06-12,2026-06-12 15:20:00,11.6,11.605,11.55,11.555,35492.0
2026-06-12,2026-06-12 15:25:00,11.555,11.595,11.54,11.595,29172.0
2026-06-12,2026-06-12 15:30:00,11.595,11.605,11.58,11.58,17166.0
2026-06-12,2026-06-12 15:35:00,11.59,11.65,11.58,11.58,40968.0
2026-06-12,2026-06-12 15:40:00,11.59,11.64,11.585,11.625,29626.0
2026-06-12,2026-06-12 15:45:00,11.62,11.63,11.58,11.59,45523.0
2026-06-12,2026-06-12 15:50:00,11.585,11.585,11.47,11.525,97019.0
2026-06-12,2026-06-12 15:55:00,11.53,11.53,11.35,11.35,76626.0
2026-06-12,2026-06-12 16:00:00,11.36,11.38,11.26,11.28,439177.0
2026-06-15,2026-06-15 09:35:00,11.5,11.605,11.28,11.345,36286.0
2026-06-15,2026-06-15 09:40:00,11.364,11.45,11.32,11.325,14606.0
2026-06-15,2026-06-15 09:45:00,11.3499,11.3499,11.23,11.275,17913.0
2026-06-15,2026-06-15 09:50:00,11.274,11.275,11.125,11.1798,30682.0
2026-06-15,2026-06-15 09:55:00,11.145,11.3,11.14,11.28,22536.0
2026-06-15,2026-06-15 10:00:00,11.28,11.44,11.27,11.43,21303.0
2026-06-15,2026-06-15 10:05:00,11.42,11.59,11.41,11.565,9782.0
2026-06-15,2026-06-15 10:10:00,11.555,11.59,11.46,11.54,12740.0
2026-06-15,2026-06-15 10:15:00,11.545,11.63,11.44,11.625,58393.0
2026-06-15,2026-06-15 10:20:00,11.63,11.725,11.6,11.715,24407.0
2026-06-15,2026-06-15 10:25:00,11.715,11.79,11.69,11.78,47004.0
2026-06-15,2026-06-15 10:30:00,11.77,11.81,11.74,11.76,24096.0
2026-06-15,2026-06-15 10:35:00,11.76,11.835,11.76,11.83,22175.0
2026-06-15,2026-06-15 10:40:00,11.83,11.94,11.83,11.89,15413.0
2026-06-15,2026-06-15 10:45:00,11.9,11.9,11.86,11.88,23697.0
2026-06-15,2026-06-15 10:50:00,11.88,11.96,11.77,11.8,65684.0
2026-06-15,2026-06-15 10:55:00,11.76,11.785,11.72,11.785,19768.0
2026-06-15,2026-06-15 11:00:00,11.785,11.81,11.75,11.75,24840.0
2026-06-15,2026-06-15 11:05:00,11.74,11.77,11.68,11.75,58748.0
2026-06-15,2026-06-15 11:10:00,11.745,12.08,11.745,12.06,157027.0
2026-06-15,2026-06-15 11:15:00,12.06,12.1,11.99,12.065,80198.0
2026-06-15,2026-06-15 11:20:00,12.065,12.09,11.955,11.96,52957.0
2026-06-15,2026-06-15 11:25:00,11.97,12.01,11.97,11.985,35569.0
2026-06-15,2026-06-15 11:30:00,11.985,12.06,11.985,12.015,50850.0
2026-06-15,2026-06-15 11:35:00,12.015,12.1,12.0101,12.0899,30890.0
2026-06-15,2026-06-15 11:40:00,12.09,12.1,11.99,12.0,55043.0
2026-06-15,2026-06-15 11:45:00,12.0,12.04,11.92,12.01,46383.0
2026-06-15,2026-06-15 11:50:00,12.01,12.015,11.97,11.975,39349.0
2026-06-15,2026-06-15 11:55:00,11.97,11.97,11.86,11.93,35954.0
2026-06-15,2026-06-15 12:00:00,11.92,11.99,11.91,11.975,30356.0
2026-06-15,2026-06-15 12:05:00,11.97,11.98,11.88,11.92,52255.0
2026-06-15,2026-06-15 12:10:00,11.92,11.93,11.84,11.85,32052.0
2026-06-15,2026-06-15 12:15:00,11.85,11.915,11.845,11.88,27831.0
2026-06-15,2026-06-15 12:20:00,11.88,11.93,11.8603,11.91,22357.0
2026-06-15,2026-06-15 12:25:00,11.93,11.96,11.92,11.95,25305.0
2026-06-15,2026-06-15 12:30:00,11.95,11.98,11.9,11.95,20619.0
2026-06-15,2026-06-15 12:35:00,11.95,11.95,11.92,11.95,13385.0
2026-06-15,2026-06-15 12:40:00,11.95,11.96,11.92,11.93,21982.0
2026-06-15,2026-06-15 12:45:00,11.93,11.965,11.93,11.96,16747.0
2026-06-15,2026-06-15 12:50:00,11.96,11.97,11.9301,11.95,29040.0
2026-06-15,2026-06-15 12:55:00,11.95,11.96,11.93,11.95,12187.0
2026-06-15,2026-06-15 13:00:00,11.95,11.96,11.92,11.92,24264.0
2026-06-15,2026-06-15 13:05:00,11.92,11.94,11.88,11.9,18625.0
2026-06-15,2026-06-15 13:10:00,11.91,11.91,11.845,11.85,32341.0
2026-06-15,2026-06-15 13:15:00,11.85,11.89,11.85,11.87,32365.0
2026-06-15,2026-06-15 13:20:00,11.87,11.88,11.85,11.86,16848.0
2026-06-15,2026-06-15 13:25:00,11.87,11.9,11.84,11.845,30919.0
2026-06-15,2026-06-15 13:30:00,11.85,11.86,11.76,11.765,44362.0
2026-06-15,2026-06-15 13:35:00,11.77,11.805,11.76,11.78,61478.0
2026-06-15,2026-06-15 13:40:00,11.79,11.83,11.765,11.83,22705.0
2026-06-15,2026-06-15 13:45:00,11.84,11.88,11.83,11.87,32776.0
2026-06-15,2026-06-15 13:50:00,11.87,11.88,11.825,11.825,19492.0
2026-06-15,2026-06-15 13:55:00,11.835,11.88,11.78,11.79,57532.0
2026-06-15,2026-06-15 14:00:00,11.765,11.9,11.75,11.88,82661.0
2026-06-15,2026-06-15 14:05:00,11.88,11.92,11.87,11.895,24552.0
2026-06-15,2026-06-15 14:10:00,11.9,11.91,11.86,11.89,30663.0
2026-06-15,2026-06-15 14:15:00,11.89,11.96,11.85,11.92,80527.0
2026-06-15,2026-06-15 14:20:00,11.925,11.98,11.92,11.92,94914.0
2026-06-15,2026-06-15 14:25:00,11.915,11.97,11.91,11.93,37799.0
2026-06-15,2026-06-15 14:30:00,11.93,11.97,11.91,11.935,28489.0
2026-06-15,2026-06-15 14:35:00,11.935,11.94,11.89,11.93,39084.0
2026-06-15,2026-06-15 14:40:00,11.94,11.95,11.9,11.9,35663.0
2026-06-15,2026-06-15 14:45:00,11.9,11.92,11.86,11.87,28728.0
2026-06-15,2026-06-15 14:50:00,11.87,11.88,11.85,11.85,27568.0
2026-06-15,2026-06-15 14:55:00,11.855,11.8899,11.855,11.86,37652.0
2026-06-15,2026-06-15 15:00:00,11.86,12.08,11.84,12.07,160620.0
2026-06-15,2026-06-15 15:05:00,12.07,12.12,12.05,12.05,81302.0
2026-06-15,2026-06-15 15:10:00,12.05,12.13,12.05,12.12,168509.0
2026-06-15,2026-06-15 15:15:00,12.13,12.14,12.07,12.11,81111.0
2026-06-15,2026-06-15 15:20:00,12.12,12.22,12.0948,12.135,118076.0
2026-06-15,2026-06-15 15:25:00,12.13,12.14,12.06,12.12,79296.0
2026-06-15,2026-06-15 15:30:00,12.12,12.1513,12.1,12.135,125693.0
2026-06-15,2026-06-15 15:35:00,12.12,12.12,12.04,12.11,138945.0
2026-06-15,2026-06-15 15:40:00,12.11,12.11,12.05,12.07,97116.0
2026-06-15,2026-06-15 15:45:00,12.07,12.095,12.0,12.005,88808.0
2026-06-15,2026-06-15 15:50:00,12.01,12.05,11.975,12.03,130857.0
2026-06-15,2026-06-15 15:55:00,12.04,12.06,12.02,12.05,155338.0
2026-06-15,2026-06-15 16:00:00,12.06,12.18,12.03,12.14,618925.0
2026-06-16,2026-06-16 09:35:00,12.02,12.22,12.02,12.05,35513.0
2026-06-16,2026-06-16 09:40:00,12.04,12.14,11.994,11.994,8839.0
2026-06-16,2026-06-16 09:45:00,11.995,12.0313,11.829,11.8606,21526.0
2026-06-16,2026-06-16 09:50:00,11.829,11.94,11.829,11.847,5344.0
2026-06-16,2026-06-16 09:55:00,11.86,11.97,11.86,11.94,7020.0
2026-06-16,2026-06-16 10:00:00,11.94,11.94,11.785,11.8,45217.0
2026-06-16,2026-06-16 10:05:00,11.799,11.85,11.73,11.79,34690.0
2026-06-16,2026-06-16 10:10:00,11.79,11.83,11.72,11.83,32617.0
2026-06-16,2026-06-16 10:15:00,11.83,11.83,11.77,11.77,4480.0
2026-06-16,2026-06-16 10:20:00,11.82,11.84,11.7715,11.815,16885.0
2026-06-16,2026-06-16 10:25:00,11.815,11.815,11.655,11.655,16323.0
2026-06-16,2026-06-16 10:30:00,11.65,11.68,11.595,11.6,7287.0
2026-06-16,2026-06-16 10:35:00,11.605,11.62,11.56,11.62,15598.0
2026-06-16,2026-06-16 10:40:00,11.61,11.665,11.61,11.66,8323.0
2026-06-16,2026-06-16 10:45:00,11.665,11.69,11.6,11.61,7027.0
2026-06-16,2026-06-16 10:50:00,11.6,11.67,11.6,11.64,7727.0
2026-06-16,2026-06-16 10:55:00,11.64,11.66,11.62,11.65,8707.0
2026-06-16,2026-06-16 11:00:00,11.63,11.67,11.63,11.67,11805.0
2026-06-16,2026-06-16 11:05:00,11.67,11.78,11.67,11.75,19848.0
2026-06-16,2026-06-16 11:10:00,11.75,11.79,11.74,11.765,17293.0
2026-06-16,2026-06-16 11:15:00,11.76,11.84,11.7501,11.84,16334.0
2026-06-16,2026-06-16 11:20:00,11.84,12.08,11.83,12.01,93477.0
2026-06-16,2026-06-16 11:25:00,12.01,12.055,11.97,12.02,17879.0
2026-06-16,2026-06-16 11:30:00,12.05,12.07,11.96,11.97,22272.0
2026-06-16,2026-06-16 11:35:00,11.97,11.99,11.9501,11.98,13870.0
2026-06-16,2026-06-16 11:40:00,11.96,11.96,11.91,11.92,7375.0
2026-06-16,2026-06-16 11:45:00,11.94,11.96,11.92,11.92,6651.0
2026-06-16,2026-06-16 11:50:00,11.93,11.93,11.89,11.92,8278.0
2026-06-16,2026-06-16 11:55:00,11.92,11.95,11.92,11.95,5982.0
2026-06-16,2026-06-16 12:00:00,11.93,11.98,11.93,11.955,12703.0
2026-06-16,2026-06-16 12:05:00,11.9525,11.99,11.94,11.99,4925.0
2026-06-16,2026-06-16 12:10:00,11.975,12.005,11.975,12.0,9839.0
2026-06-16,2026-06-16 12:15:00,12.0,12.06,12.0,12.06,16408.0
2026-06-16,2026-06-16 12:20:00,12.055,12.14,12.0401,12.11,13244.0
2026-06-16,2026-06-16 12:25:00,12.11,12.12,12.02,12.03,17796.0
2026-06-16,2026-06-16 12:30:00,12.02,12.03,11.95,11.995,18849.0
2026-06-16,2026-06-16 12:35:00,11.995,12.0,11.98,11.985,4776.0
2026-06-16,2026-06-16 12:40:00,12.02,12.025,12.0,12.0,8470.0
2026-06-16,2026-06-16 12:45:00,11.99,12.01,11.99,11.99,9988.0
2026-06-16,2026-06-16 12:50:00,12.0,12.03,11.99,11.99,32902.0
2026-06-16,2026-06-16 12:55:00,12.0,12.02,11.98,12.005,20777.0
2026-06-16,2026-06-16 13:00:00,12.02,12.02,12.005,12.0153,7614.0
2026-06-16,2026-06-16 13:05:00,12.01,12.05,12.0,12.05,5352.0
2026-06-16,2026-06-16 13:10:00,12.07,12.08,12.035,12.06,15185.0
2026-06-16,2026-06-16 13:15:00,12.06,12.065,12.05,12.06,10310.0
2026-06-16,2026-06-16 13:20:00,12.07,12.11,12.05,12.09,20332.0
2026-06-16,2026-06-16 13:25:00,12.08,12.09,12.08,12.09,6626.0
2026-06-16,2026-06-16 13:30:00,12.09,12.125,12.055,12.07,16852.0
2026-06-16,2026-06-16 13:35:00,12.07,12.09,12.07,12.08,3210.0
2026-06-16,2026-06-16 13:40:00,12.09,12.09,12.06,12.065,9271.0
2026-06-16,2026-06-16 13:45:00,12.05,12.08,12.045,12.08,17566.0
2026-06-16,2026-06-16 13:50:00,12.08,12.14,12.06,12.13,15779.0
2026-06-16,2026-06-16 13:55:00,12.14,12.165,12.1309,12.165,15346.0
2026-06-16,2026-06-16 14:00:00,12.165,12.17,12.14,12.17,28669.0
2026-06-16,2026-06-16 14:05:00,12.18,12.27,12.18,12.25,37036.0
2026-06-16,2026-06-16 14:10:00,12.26,12.27,12.205,12.205,21088.0
2026-06-16,2026-06-16 14:15:00,12.195,12.2,12.16,12.185,7647.0
2026-06-16,2026-06-16 14:20:00,12.17,12.21,12.17,12.2,17812.0
2026-06-16,2026-06-16 14:25:00,12.19,12.19,12.15,12.165,7100.0
2026-06-16,2026-06-16 14:30:00,12.15,12.18,12.15,12.16,5293.0
2026-06-16,2026-06-16 14:35:00,12.15,12.19,12.13,12.14,49794.0
2026-06-16,2026-06-16 14:40:00,12.14,12.19,12.14,12.18,8333.0
2026-06-16,2026-06-16 14:45:00,12.18,12.18,12.15,12.15,8158.0
2026-06-16,2026-06-16 14:50:00,12.16,12.19,12.14,12.14,11160.0
2026-06-16,2026-06-16 14:55:00,12.135,12.165,12.135,12.14,10458.0
2026-06-16,2026-06-16 15:00:00,12.15,12.16,12.13,12.155,7948.0
2026-06-16,2026-06-16 15:05:00,12.155,12.17,12.09,12.105,29207.0
2026-06-16,2026-06-16 15:10:00,12.105,12.12,12.02,12.03,39619.0
2026-06-16,2026-06-16 15:15:00,12.025,12.05,11.995,11.995,90072.0
2026-06-16,2026-06-16 15:20:00,11.995,12.14,11.995,12.025,128056.0
2026-06-16,2026-06-16 15:25:00,12.025,12.1,12.01,12.06,125058.0
2026-06-16,2026-06-16 15:30:00,12.055,12.185,12.055,12.18,99647.0
2026-06-16,2026-06-16 15:35:00,12.19,12.2,12.12,12.12,55329.0
2026-06-16,2026-06-16 15:40:00,12.13,12.13,12.07,12.1,25400.0
2026-06-16,2026-06-16 15:45:00,12.11,12.11,11.9435,11.95,72777.0
2026-06-16,2026-06-16 15:50:00,11.95,12.04,11.92,12.0225,55655.0
2026-06-16,2026-06-16 15:55:00,12.04,12.13,12.0,12.09,93821.0
2026-06-16,2026-06-16 16:00:00,12.1,12.13,12.07,12.09,471688.0
2026-06-17,2026-06-17 09:35:00,13.16,13.66,12.975,13.65,141749.0
2026-06-17,2026-06-17 09:40:00,13.56,13.97,13.0,13.6,543202.0
2026-06-17,2026-06-17 09:45:00,13.439,13.56,13.32,13.475,183121.0
2026-06-17,2026-06-17 09:50:00,13.475,13.7,13.41,13.52,216948.0
2026-06-17,2026-06-17 09:55:00,13.49,13.8,13.27,13.3085,111026.0
2026-06-17,2026-06-17 10:00:00,13.31,13.465,13.3,13.4,34360.0
2026-06-17,2026-06-17 10:05:00,13.37,13.46,13.32,13.415,47237.0
2026-06-17,2026-06-17 10:10:00,13.415,13.465,13.305,13.35,94153.0
2026-06-17,2026-06-17 10:15:00,13.37,13.44,13.24,13.34,138583.0
2026-06-17,2026-06-17 10:20:00,13.37,13.85,13.34,13.7,275835.0
2026-06-17,2026-06-17 10:25:00,13.7,13.705,13.53,13.55,57492.0
2026-06-17,2026-06-17 10:30:00,13.57,13.58,13.425,13.47,45994.0
2026-06-17,2026-06-17 10:35:00,13.48,13.66,13.4558,13.575,167461.0
2026-06-17,2026-06-17 10:40:00,13.575,13.7399,13.54,13.7399,166199.0
2026-06-17,2026-06-17 10:45:00,13.725,13.73,13.63,13.72,71581.0
2026-06-17,2026-06-17 10:50:00,13.72,13.72,13.595,13.685,78689.0
2026-06-17,2026-06-17 10:55:00,13.685,13.87,13.65,13.79,140330.0
2026-06-17,2026-06-17 11:00:00,13.79,13.81,13.7,13.77,83015.0
2026-06-17,2026-06-17 11:05:00,13.77,13.85,13.73,13.78,98467.0
2026-06-17,2026-06-17 11:10:00,13.79,13.79,13.68,13.705,68813.0
2026-06-17,2026-06-17 11:15:00,13.71,13.74,13.66,13.73,45153.0
2026-06-17,2026-06-17 11:20:00,13.73,13.83,13.73,13.795,117262.0
2026-06-17,2026-06-17 11:25:00,13.78,13.94,13.76,13.87,79908.0
2026-06-17,2026-06-17 11:30:00,13.89,13.89,13.77,13.83,86081.0
2026-06-17,2026-06-17 11:35:00,13.83,13.94,13.83,13.94,115107.0
2026-06-17,2026-06-17 11:40:00,13.925,13.96,13.86,13.905,118087.0
2026-06-17,2026-06-17 11:45:00,13.92,13.93,13.73,13.73,55917.0
2026-06-17,2026-06-17 11:50:00,13.76,13.76,13.69,13.71,31823.0
2026-06-17,2026-06-17 11:55:00,13.71,13.77,13.71,13.72,148747.0
2026-06-17,2026-06-17 12:00:00,13.7,13.73,13.58,13.655,51301.0
2026-06-17,2026-06-17 12:05:00,13.67,13.79,13.66,13.76,146018.0
2026-06-17,2026-06-17 12:10:00,13.765,13.78,13.73,13.74,17977.0
2026-06-17,2026-06-17 12:15:00,13.729,13.79,13.729,13.75,18683.0
2026-06-17,2026-06-17 12:20:00,13.75,13.75,13.66,13.67,35524.0
2026-06-17,2026-06-17 12:25:00,13.68,13.72,13.639,13.65,25080.0
2026-06-17,2026-06-17 12:30:00,13.65,13.7,13.62,13.67,81414.0
2026-06-17,2026-06-17 12:35:00,13.67,13.67,13.53,13.6,46113.0
2026-06-17,2026-06-17 12:40:00,13.582,13.63,13.55,13.63,48511.0
2026-06-17,2026-06-17 12:45:00,13.6,13.63,13.59,13.6,18973.0
2026-06-17,2026-06-17 12:50:00,13.59,13.62,13.52,13.62,36452.0
2026-06-17,2026-06-17 12:55:00,13.605,13.65,13.6,13.64,26691.0
2026-06-17,2026-06-17 13:00:00,13.65,13.705,13.64,13.64,48931.0
2026-06-17,2026-06-17 13:05:00,13.63,13.69,13.625,13.645,57695.0
2026-06-17,2026-06-17 13:10:00,13.635,13.66,13.62,13.655,41838.0
2026-06-17,2026-06-17 13:15:00,13.655,13.67,13.63,13.65,25077.0
2026-06-17,2026-06-17 13:20:00,13.66,13.67,13.62,13.62,46431.0
2026-06-17,2026-06-17 13:25:00,13.6,13.61,13.58,13.58,13594.0
2026-06-17,2026-06-17 13:30:00,13.575,13.641,13.56,13.6,16592.0
2026-06-17,2026-06-17 13:35:00,13.595,13.5999,13.52,13.59,23196.0
2026-06-17,2026-06-17 13:40:00,13.615,13.69,13.58,13.68,38080.0
2026-06-17,2026-06-17 13:45:00,13.68,13.7,13.64,13.64,45563.0
2026-06-17,2026-06-17 13:50:00,13.64,13.71,13.54,13.65,188331.0
2026-06-17,2026-06-17 13:55:00,13.65,13.655,13.57,13.63,36729.0
2026-06-17,2026-06-17 14:00:00,13.63,13.63,13.6,13.61,10936.0
2026-06-17,2026-06-17 14:05:00,13.6,13.6,13.42,13.455,61396.0
2026-06-17,2026-06-17 14:10:00,13.42,13.53,13.37,13.5,27853.0
2026-06-17,2026-06-17 14:15:00,13.515,13.57,13.49,13.51,113328.0
2026-06-17,2026-06-17 14:20:00,13.51,13.57,13.5,13.54,33832.0
2026-06-17,2026-06-17 14:25:00,13.545,13.545,13.46,13.48,18817.0
2026-06-17,2026-06-17 14:30:00,13.48,13.49,13.41,13.48,12755.0
2026-06-17,2026-06-17 14:35:00,13.48,13.57,13.44,13.465,80010.0
2026-06-17,2026-06-17 14:40:00,13.48,13.56,13.48,13.53,45528.0
2026-06-17,2026-06-17 14:45:00,13.53,13.58,13.51,13.555,61519.0
2026-06-17,2026-06-17 14:50:00,13.54,13.6,13.535,13.59,61205.0
2026-06-17,2026-06-17 14:55:00,13.59,13.59,13.56,13.56,35800.0
2026-06-17,2026-06-17 15:00:00,13.55,13.57,13.5,13.545,67191.0
2026-06-17,2026-06-17 15:05:00,13.55,13.61,13.5,13.58,55737.0
2026-06-17,2026-06-17 15:10:00,13.58,13.63,13.46,13.46,148378.0
2026-06-17,2026-06-17 15:15:00,13.46,13.47,13.36,13.43,59804.0
2026-06-17,2026-06-17 15:20:00,13.43,13.45,13.41,13.42,16609.0
2026-06-17,2026-06-17 15:25:00,13.42,13.445,13.3401,13.37,40014.0
2026-06-17,2026-06-17 15:30:00,13.355,13.44,13.34,13.37,35014.0
2026-06-17,2026-06-17 15:35:00,13.365,13.385,13.27,13.275,43526.0
2026-06-17,2026-06-17 15:40:00,13.275,13.385,13.23,13.26,40675.0
2026-06-17,2026-06-17 15:45:00,13.25,13.36,13.23,13.34,42583.0
2026-06-17,2026-06-17 15:50:00,13.335,13.545,13.3201,13.52,84780.0
2026-06-17,2026-06-17 15:55:00,13.51,13.57,13.5,13.56,67481.0
2026-06-17,2026-06-17 16:00:00,13.565,13.725,13.55,13.62,864754.0
2026-06-18,2026-06-18 09:35:00,13.69,14.2299,13.655,13.854,433606.0
2026-06-18,2026-06-18 09:40:00,13.855,13.985,13.7701,13.7701,54912.0
2026-06-18,2026-06-18 09:45:00,13.825,13.825,13.7,13.7444,37198.0
2026-06-18,2026-06-18 09:50:00,13.725,13.75,13.54,13.555,54135.0
2026-06-18,2026-06-18 09:55:00,13.59,13.64,13.42,13.46,45936.0
2026-06-18,2026-06-18 10:00:00,13.42,13.5,13.35,13.35,19680.0
2026-06-18,2026-06-18 10:05:00,13.38,13.41,13.29,13.34,53674.0
2026-06-18,2026-06-18 10:10:00,13.35,13.43,13.2857,13.425,16829.0
2026-06-18,2026-06-18 10:15:00,13.425,13.425,13.16,13.16,30418.0
2026-06-18,2026-06-18 10:20:00,13.2017,13.205,13.12,13.175,48082.0
2026-06-18,2026-06-18 10:25:00,13.175,13.44,13.175,13.39,43304.0
2026-06-18,2026-06-18 10:30:00,13.37,13.4542,13.34,13.425,30826.0
2026-06-18,2026-06-18 10:35:00,13.425,13.4825,13.37,13.47,17440.0
2026-06-18,2026-06-18 10:40:00,13.465,13.53,13.44,13.505,24352.0
2026-06-18,2026-06-18 10:45:00,13.5,13.56,13.44,13.54,41163.0
2026-06-18,2026-06-18 10:50:00,13.525,13.65,13.52,13.645,30048.0
2026-06-18,2026-06-18 10:55:00,13.645,13.6699,13.43,13.43,28973.0
2026-06-18,2026-06-18 11:00:00,13.43,13.52,13.41,13.48,13807.0
2026-06-18,2026-06-18 11:05:00,13.5,13.5,13.3616,13.385,13686.0
2026-06-18,2026-06-18 11:10:00,13.3849,13.425,13.38,13.395,13194.0
2026-06-18,2026-06-18 11:15:00,13.38,13.435,13.365,13.37,15534.0
2026-06-18,2026-06-18 11:20:00,13.37,13.45,13.37,13.43,14569.0
2026-06-18,2026-06-18 11:25:00,13.43,13.46,13.38,13.38,11511.0
2026-06-18,2026-06-18 11:30:00,13.35,13.355,13.28,13.28,12600.0
2026-06-18,2026-06-18 11:35:00,13.28,13.38,13.28,13.38,7222.0
2026-06-18,2026-06-18 11:40:00,13.365,13.37,13.289,13.34,10627.0
2026-06-18,2026-06-18 11:45:00,13.335,13.37,13.32,13.35,14091.0
2026-06-18,2026-06-18 11:50:00,13.34,13.415,13.33,13.415,27245.0
2026-06-18,2026-06-18 11:55:00,13.42,13.47,13.42,13.45,9225.0
2026-06-18,2026-06-18 12:00:00,13.45,13.48,13.43,13.435,6210.0
2026-06-18,2026-06-18 12:05:00,13.43,13.47,13.43,13.46,8694.0
2026-06-18,2026-06-18 12:10:00,13.46,13.5,13.46,13.485,9812.0
2026-06-18,2026-06-18 12:15:00,13.4717,13.49,13.45,13.46,16573.0
2026-06-18,2026-06-18 12:20:00,13.46,13.4932,13.45,13.455,6266.0
2026-06-18,2026-06-18 12:25:00,13.47,13.5,13.46,13.46,9197.0
2026-06-18,2026-06-18 12:30:00,13.46,13.4825,13.4,13.405,19659.0
2026-06-18,2026-06-18 12:35:00,13.4,13.42,13.38,13.42,13572.0
2026-06-18,2026-06-18 12:40:00,13.42,13.435,13.37,13.38,16782.0
2026-06-18,2026-06-18 12:45:00,13.37,13.38,13.235,13.235,28846.0
2026-06-18,2026-06-18 12:50:00,13.25,13.285,13.24,13.26,27245.0
2026-06-18,2026-06-18 12:55:00,13.26,13.355,13.26,13.355,25939.0
2026-06-18,2026-06-18 13:00:00,13.355,13.37,13.34,13.345,12334.0
2026-06-18,2026-06-18 13:05:00,13.34,13.345,13.265,13.3,32305.0
2026-06-18,2026-06-18 13:10:00,13.31,13.395,13.31,13.37,13862.0
2026-06-18,2026-06-18 13:15:00,13.37,13.395,13.36,13.37,14200.0
2026-06-18,2026-06-18 13:20:00,13.37,13.385,13.36,13.36,5893.0
2026-06-18,2026-06-18 13:25:00,13.36,13.36,13.32,13.33,13027.0
2026-06-18,2026-06-18 13:30:00,13.32,13.32,13.3,13.31,19030.0
2026-06-18,2026-06-18 13:35:00,13.31,13.385,13.31,13.385,13745.0
2026-06-18,2026-06-18 13:40:00,13.38,13.38,13.32,13.355,13282.0
2026-06-18,2026-06-18 13:45:00,13.37,13.405,13.355,13.405,16706.0
2026-06-18,2026-06-18 13:50:00,13.405,13.445,13.38,13.385,21631.0
2026-06-18,2026-06-18 13:55:00,13.385,13.415,13.37,13.37,12328.0
2026-06-18,2026-06-18 14:00:00,13.39,13.435,13.37,13.435,10345.0
2026-06-18,2026-06-18 14:05:00,13.435,13.48,13.41,13.42,37319.0
2026-06-18,2026-06-18 14:10:00,13.415,13.44,13.41,13.41,6335.0
2026-06-18,2026-06-18 14:15:00,13.41,13.44,13.4,13.4,6827.0
2026-06-18,2026-06-18 14:20:00,13.41,13.51,13.41,13.485,32339.0
2026-06-18,2026-06-18 14:25:00,13.485,13.495,13.45,13.4755,12037.0
2026-06-18,2026-06-18 14:30:00,13.5,13.5,13.47,13.48,11112.0
2026-06-18,2026-06-18 14:35:00,13.48,13.515,13.47,13.485,23878.0
2026-06-18,2026-06-18 14:40:00,13.485,13.5,13.42,13.445,55853.0
2026-06-18,2026-06-18 14:45:00,13.445,13.54,13.445,13.52,33500.0
2026-06-18,2026-06-18 14:50:00,13.52,13.54,13.5,13.51,15891.0
2026-06-18,2026-06-18 14:55:00,13.505,13.525,13.505,13.51,12625.0
2026-06-18,2026-06-18 15:00:00,13.5,13.52,13.47,13.485,33186.0
2026-06-18,2026-06-18 15:05:00,13.485,13.485,13.44,13.469,20700.0
2026-06-18,2026-06-18 15:10:00,13.469,13.48,13.45,13.46,11723.0
2026-06-18,2026-06-18 15:15:00,13.46,13.47,13.45,13.46,18980.0
2026-06-18,2026-06-18 15:20:00,13.45,13.47,13.449,13.47,14230.0
2026-06-18,2026-06-18 15:25:00,13.465,13.47,13.41,13.45,31517.0
2026-06-18,2026-06-18 15:30:00,13.45,13.48,13.45,13.465,14597.0
2026-06-18,2026-06-18 15:35:00,13.465,13.535,13.41,13.53,56969.0
2026-06-18,2026-06-18 15:40:00,13.53,13.55,13.5,13.515,46713.0
2026-06-18,2026-06-18 15:45:00,13.515,13.595,13.515,13.56,61076.0
2026-06-18,2026-06-18 15:50:00,13.5509,13.5509,13.485,13.49,69068.0
2026-06-18,2026-06-18 15:55:00,13.5,13.61,13.46,13.485,148284.0
2026-06-18,2026-06-18 16:00:00,13.49,13.61,13.475,13.57,2692098.0
2026-06-22,2026-06-22 09:35:00,14.07,14.679,14.07,14.63,260719.0
2026-06-22,2026-06-22 09:40:00,14.63,14.74,14.4,14.735,76531.0
2026-06-22,2026-06-22 09:45:00,14.75,14.9791,14.72,14.7616,159921.0
2026-06-22,2026-06-22 09:50:00,14.8,14.95,14.72,14.865,72978.0
2026-06-22,2026-06-22 09:55:00,14.91,15.22,14.87,15.15,127475.0
2026-06-22,2026-06-22 10:00:00,15.18,15.31,15.12,15.21,138100.0
2026-06-22,2026-06-22 10:05:00,15.21,15.4,15.14,15.34,140881.0
2026-06-22,2026-06-22 10:10:00,15.34,15.5,15.26,15.33,150707.0
2026-06-22,2026-06-22 10:15:00,15.32,15.33,15.21,15.22,29117.0
2026-06-22,2026-06-22 10:20:00,15.215,15.38,15.155,15.34,60392.0
2026-06-22,2026-06-22 10:25:00,15.34,15.59,15.32,15.445,90598.0
2026-06-22,2026-06-22 10:30:00,15.445,15.645,15.42,15.5908,100548.0
2026-06-22,2026-06-22 10:35:00,15.6,15.6,15.41,15.45,101844.0
2026-06-22,2026-06-22 10:40:00,15.455,15.53,15.42,15.455,130907.0
2026-06-22,2026-06-22 10:45:00,15.455,15.62,15.455,15.495,154028.0
2026-06-22,2026-06-22 10:50:00,15.495,15.565,15.4512,15.46,55155.0
2026-06-22,2026-06-22 10:55:00,15.48,15.49,15.16,15.19,54477.0
2026-06-22,2026-06-22 11:00:00,15.2199,15.305,15.14,15.295,71664.0
2026-06-22,2026-06-22 11:05:00,15.295,15.39,15.29,15.305,26562.0
2026-06-22,2026-06-22 11:10:00,15.29,15.29,15.185,15.24,26435.0
2026-06-22,2026-06-22 11:15:00,15.245,15.35,15.245,15.29,35758.0
2026-06-22,2026-06-22 11:20:00,15.29,15.37,15.28,15.32,38292.0
2026-06-22,2026-06-22 11:25:00,15.34,15.43,15.32,15.42,23482.0
2026-06-22,2026-06-22 11:30:00,15.42,15.455,15.38,15.42,22798.0
2026-06-22,2026-06-22 11:35:00,15.415,15.415,15.28,15.28,34881.0
2026-06-22,2026-06-22 11:40:00,15.28,15.38,15.28,15.33,30991.0
2026-06-22,2026-06-22 11:45:00,15.33,15.41,15.32,15.37,54543.0
2026-06-22,2026-06-22 11:50:00,15.36,15.45,15.36,15.38,42942.0
2026-06-22,2026-06-22 11:55:00,15.39,15.41,15.36,15.41,11951.0
2026-06-22,2026-06-22 12:00:00,15.395,15.465,15.39,15.435,101459.0
2026-06-22,2026-06-22 12:05:00,15.44,15.49,15.425,15.44,71508.0
2026-06-22,2026-06-22 12:10:00,15.44,15.46,15.43,15.45,27225.0
2026-06-22,2026-06-22 12:15:00,15.45,15.5,15.43,15.45,56796.0
2026-06-22,2026-06-22 12:20:00,15.45,15.505,15.45,15.5,53134.0
2026-06-22,2026-06-22 12:25:00,15.5,15.54,15.48,15.5,63974.0
2026-06-22,2026-06-22 12:30:00,15.515,15.515,15.4512,15.49,25919.0
2026-06-22,2026-06-22 12:35:00,15.5299,15.5299,15.44,15.48,17811.0
2026-06-22,2026-06-22 12:40:00,15.48,15.49,15.45,15.49,24876.0
2026-06-22,2026-06-22 12:45:00,15.475,15.545,15.47,15.545,44441.0
2026-06-22,2026-06-22 12:50:00,15.545,15.59,15.51,15.59,73013.0
2026-06-22,2026-06-22 12:55:00,15.59,15.615,15.58,15.59,27621.0
2026-06-22,2026-06-22 13:00:00,15.59,15.67,15.59,15.655,38405.0
2026-06-22,2026-06-22 13:05:00,15.67,15.67,15.6,15.635,21111.0
2026-06-22,2026-06-22 13:10:00,15.62,15.62,15.48,15.54,28711.0
2026-06-22,2026-06-22 13:15:00,15.52,15.55,15.48,15.53,20791.0
2026-06-22,2026-06-22 13:20:00,15.545,15.58,15.5,15.5,21092.0
2026-06-22,2026-06-22 13:25:00,15.51,15.52,15.43,15.43,28044.0
2026-06-22,2026-06-22 13:30:00,15.42,15.44,15.39,15.39,18382.0
2026-06-22,2026-06-22 13:35:00,15.39,15.39,15.3,15.34,48636.0
2026-06-22,2026-06-22 13:40:00,15.34,15.34,15.2736,15.305,14253.0
2026-06-22,2026-06-22 13:45:00,15.31,15.37,15.29,15.34,26837.0
2026-06-22,2026-06-22 13:50:00,15.34,15.42,15.31,15.41,33534.0
2026-06-22,2026-06-22 13:55:00,15.41,15.45,15.27,15.38,324728.0
2026-06-22,2026-06-22 14:00:00,15.375,15.39,15.33,15.37,21645.0
2026-06-22,2026-06-22 14:05:00,15.37,15.395,15.33,15.34,23021.0
2026-06-22,2026-06-22 14:10:00,15.35,15.405,15.325,15.385,35720.0
2026-06-22,2026-06-22 14:15:00,15.39,15.455,15.29,15.455,46841.0
2026-06-22,2026-06-22 14:20:00,15.47,15.5069,15.43,15.4834,41516.0
2026-06-22,2026-06-22 14:25:00,15.49,15.525,15.44,15.455,83232.0
2026-06-22,2026-06-22 14:30:00,15.455,15.485,15.42,15.471,30138.0
2026-06-22,2026-06-22 14:35:00,15.48,15.51,15.46,15.465,121411.0
2026-06-22,2026-06-22 14:40:00,15.45,15.505,15.43,15.47,33779.0
2026-06-22,2026-06-22 14:45:00,15.46,15.47,15.41,15.41,24752.0
2026-06-22,2026-06-22 14:50:00,15.415,15.44,15.4,15.41,27229.0
2026-06-22,2026-06-22 14:55:00,15.41,15.41,15.35,15.35,21410.0
2026-06-22,2026-06-22 15:00:00,15.355,15.38,15.295,15.325,28949.0
2026-06-22,2026-06-22 15:05:00,15.31,15.33,15.265,15.2891,18369.0
2026-06-22,2026-06-22 15:10:00,15.28,15.28,15.24,15.275,55083.0
2026-06-22,2026-06-22 15:15:00,15.275,15.2991,15.24,15.25,20381.0
2026-06-22,2026-06-22 15:20:00,15.25,15.25,15.15,15.1699,33819.0
2026-06-22,2026-06-22 15:25:00,15.16,15.19,15.15,15.17,53542.0
2026-06-22,2026-06-22 15:30:00,15.16,15.165,15.11,15.115,31838.0
2026-06-22,2026-06-22 15:35:00,15.115,15.19,15.03,15.03,54094.0
2026-06-22,2026-06-22 15:40:00,15.04,15.26,14.98,15.26,114707.0
2026-06-22,2026-06-22 15:45:00,15.25,15.44,15.24,15.43,131715.0
2026-06-22,2026-06-22 15:50:00,15.43,15.43,15.28,15.29,83898.0
2026-06-22,2026-06-22 15:55:00,15.285,15.42,15.255,15.33,150054.0
2026-06-22,2026-06-22 16:00:00,15.33,15.51,15.3,15.5,797883.0
2026-06-23,2026-06-23 09:35:00,15.04,15.57,15.04,15.57,90164.0
2026-06-23,2026-06-23 09:40:00,15.57,15.72,15.51,15.61,36289.0
2026-06-23,2026-06-23 09:45:00,15.56,15.8,15.49,15.49,65421.0
2026-06-23,2026-06-23 09:50:00,15.515,15.515,15.2,15.26,67685.0
2026-06-23,2026-06-23 09:55:00,15.265,15.395,15.21,15.27,36291.0
2026-06-23,2026-06-23 10:00:00,15.26,15.28,15.122,15.175,34668.0
2026-06-23,2026-06-23 10:05:00,15.185,15.26,15.11,15.2013,30379.0
2026-06-23,2026-06-23 10:10:00,15.2,15.265,15.15,15.165,24899.0
2026-06-23,2026-06-23 10:15:00,15.165,15.26,15.11,15.22,28576.0
2026-06-23,2026-06-23 10:20:00,15.211,15.26,15.2,15.21,19913.0
2026-06-23,2026-06-23 10:25:00,15.23,15.28,15.21,15.255,18746.0
2026-06-23,2026-06-23 10:30:00,15.245,15.28,15.2,15.28,21803.0
2026-06-23,2026-06-23 10:35:00,15.28,15.37,15.275,15.32,24186.0
2026-06-23,2026-06-23 10:40:00,15.34,15.43,15.3,15.385,22112.0
2026-06-23,2026-06-23 10:45:00,15.385,15.385,15.275,15.275,13080.0
2026-06-23,2026-06-23 10:50:00,15.29,15.41,15.26,15.38,16778.0
2026-06-23,2026-06-23 10:55:00,15.4,15.4295,15.25,15.26,18223.0
2026-06-23,2026-06-23 11:00:00,15.28,15.31,15.25,15.31,23550.0
2026-06-23,2026-06-23 11:05:00,15.3,15.355,15.26,15.265,11286.0
2026-06-23,2026-06-23 11:10:00,15.265,15.29,15.22,15.23,11775.0
2026-06-23,2026-06-23 11:15:00,15.25,15.28,15.21,15.225,13327.0
2026-06-23,2026-06-23 11:20:00,15.24,15.24,15.08,15.09,21192.0
2026-06-23,2026-06-23 11:25:00,15.09,15.13,15.07,15.085,18647.0
2026-06-23,2026-06-23 11:30:00,15.085,15.1,15.05,15.08,10668.0
2026-06-23,2026-06-23 11:35:00,15.09,15.17,15.075,15.085,18508.0
2026-06-23,2026-06-23 11:40:00,15.09,15.14,15.0,15.035,24014.0
2026-06-23,2026-06-23 11:45:00,15.035,15.15,15.01,15.08,23943.0
2026-06-23,2026-06-23 11:50:00,15.07,15.16,15.06,15.125,22517.0
2026-06-23,2026-06-23 11:55:00,15.105,15.17,15.105,15.17,18306.0
2026-06-23,2026-06-23 12:00:00,15.16,15.16,15.105,15.105,11956.0
2026-06-23,2026-06-23 12:05:00,15.09,15.14,15.09,15.1,13480.0
2026-06-23,2026-06-23 12:10:00,15.1,15.15,15.1,15.13,7770.0
2026-06-23,2026-06-23 12:15:00,15.14,15.17,15.13,15.17,14428.0
2026-06-23,2026-06-23 12:20:00,15.17,15.17,15.0801,15.09,11407.0
2026-06-23,2026-06-23 12:25:00,15.09,15.125,15.09,15.12,12790.0
2026-06-23,2026-06-23 12:30:00,15.11,15.13,15.09,15.11,18568.0
2026-06-23,2026-06-23 12:35:00,15.11,15.17,15.1,15.14,25707.0
2026-06-23,2026-06-23 12:40:00,15.14,15.18,15.13,15.135,23804.0
2026-06-23,2026-06-23 12:45:00,15.135,15.19,15.1242,15.19,12306.0
2026-06-23,2026-06-23 12:50:00,15.17,15.185,15.1,15.14,15983.0
2026-06-23,2026-06-23 12:55:00,15.15,15.199,15.15,15.175,15285.0
2026-06-23,2026-06-23 13:00:00,15.19,15.21,15.16,15.21,7819.0
2026-06-23,2026-06-23 13:05:00,15.21,15.36,15.195,15.36,61696.0
2026-06-23,2026-06-23 13:10:00,15.36,15.42,15.35,15.41,19631.0
2026-06-23,2026-06-23 13:15:00,15.42,15.47,15.38,15.38,25249.0
2026-06-23,2026-06-23 13:20:00,15.37,15.39,15.34,15.37,8218.0
2026-06-23,2026-06-23 13:25:00,15.36,15.43,15.35,15.415,12536.0
2026-06-23,2026-06-23 13:30:00,15.43,15.43,15.37,15.41,12412.0
2026-06-23,2026-06-23 13:35:00,15.41,15.42,15.365,15.383064,8565.0
2026-06-23,2026-06-23 13:40:00,15.38,15.39,15.34,15.35,6047.0
2026-06-23,2026-06-23 13:45:00,15.35,15.36,15.265,15.315,50999.0
2026-06-23,2026-06-23 13:50:00,15.31,15.32,15.235,15.245,19058.0
2026-06-23,2026-06-23 13:55:00,15.245,15.245,15.13,15.135,19215.0
2026-06-23,2026-06-23 14:00:00,15.135,15.175,15.1,15.13,44653.0
2026-06-23,2026-06-23 14:05:00,15.115,15.19,15.11,15.17,23784.0
2026-06-23,2026-06-23 14:10:00,15.17,15.18,15.1,15.14,19087.0
2026-06-23,2026-06-23 14:15:00,15.14,15.16,15.13,15.13,6933.0
2026-06-23,2026-06-23 14:20:00,15.125,15.19,15.1,15.14,24586.0
2026-06-23,2026-06-23 14:25:00,15.13,15.17,15.12,15.15,10580.0
2026-06-23,2026-06-23 14:30:00,15.14,15.16,15.13,15.16,12972.0
2026-06-23,2026-06-23 14:35:00,15.15,15.16,15.13,15.14,12444.0
2026-06-23,2026-06-23 14:40:00,15.13,15.15,15.09,15.1,13306.0
2026-06-23,2026-06-23 14:45:00,15.105,15.105,15.06,15.065,20022.0
2026-06-23,2026-06-23 14:50:00,15.065,15.09,15.06,15.08,12734.0
2026-06-23,2026-06-23 14:55:00,15.09,15.12,15.07,15.0962,37834.0
2026-06-23,2026-06-23 15:00:00,15.09,15.095,15.07,15.095,15387.0
2026-06-23,2026-06-23 15:05:00,15.095,15.13,15.085,15.13,73351.0
2026-06-23,2026-06-23 15:10:00,15.13,15.13,15.07,15.0917,25663.0
2026-06-23,2026-06-23 15:15:00,15.09,15.1,15.06,15.065,32125.0
2026-06-23,2026-06-23 15:20:00,15.065,15.065,14.96,14.975,43128.0
2026-06-23,2026-06-23 15:25:00,14.97,15.04,14.965,15.03,58113.0
2026-06-23,2026-06-23 15:30:00,15.03,15.055,15.01,15.035,22687.0
2026-06-23,2026-06-23 15:35:00,15.04,15.045,14.97,14.985,30012.0
2026-06-23,2026-06-23 15:40:00,14.98,15.0,14.94,14.955,18873.0
2026-06-23,2026-06-23 15:45:00,14.955,14.97,14.93,14.945,25194.0
2026-06-23,2026-06-23 15:50:00,14.95,14.98,14.89,14.91,44915.0
2026-06-23,2026-06-23 15:55:00,14.91,14.92,14.83,14.915,105289.0
2026-06-23,2026-06-23 16:00:00,14.91,14.915,14.75,14.78,434296.0
2026-06-24,2026-06-24 09:35:00,14.78,15.23,14.78,14.9,46386.0
2026-06-24,2026-06-24 09:40:00,14.8101,14.9,14.65,14.755,15822.0
2026-06-24,2026-06-24 09:45:00,14.73,14.73,14.5,14.64,36549.0
2026-06-24,2026-06-24 09:50:00,14.64,14.8499,14.61,14.755,15281.0
2026-06-24,2026-06-24 09:55:00,14.755,14.785,14.685,14.73,16691.0
2026-06-24,2026-06-24 10:00:00,14.73,14.875,14.71,14.875,32916.0
2026-06-24,2026-06-24 10:05:00,14.85,14.91,14.73,14.78,11466.0
2026-06-24,2026-06-24 10:10:00,14.75,14.84,14.72,14.835,11954.0
2026-06-24,2026-06-24 10:15:00,14.8,14.8,14.71,14.74,6848.0
2026-06-24,2026-06-24 10:20:00,14.74,14.74,14.64,14.69,7671.0
2026-06-24,2026-06-24 10:25:00,14.68,15.07,14.67,15.07,33563.0
2026-06-24,2026-06-24 10:30:00,15.03,15.12,14.965,15.005,61143.0
2026-06-24,2026-06-24 10:35:00,14.995,15.12,14.995,15.115,46242.0
2026-06-24,2026-06-24 10:40:00,15.13,15.13,15.085,15.09,10588.0
2026-06-24,2026-06-24 10:45:00,15.08,15.11,15.01,15.03,15917.0
2026-06-24,2026-06-24 10:50:00,15.05,15.065,15.0,15.02,21643.0
2026-06-24,2026-06-24 10:55:00,15.015,15.04,14.93,14.93,14499.0
2026-06-24,2026-06-24 11:00:00,14.94,15.0132,14.94,15.0,8881.0
2026-06-24,2026-06-24 11:05:00,14.97,15.085,14.97,15.04,20157.0
2026-06-24,2026-06-24 11:10:00,15.02,15.05,14.98,15.05,8058.0
2026-06-24,2026-06-24 11:15:00,15.03,15.035,14.9801,15.02,6965.0
2026-06-24,2026-06-24 11:20:00,15.02,15.04,15.01,15.015,9038.0
2026-06-24,2026-06-24 11:25:00,15.03,15.05,15.01,15.01,16398.0
2026-06-24,2026-06-24 11:30:00,15.0,15.04,14.99,15.03,16435.0
2026-06-24,2026-06-24 11:35:00,15.02,15.05,14.94,14.94,17682.0
2026-06-24,2026-06-24 11:40:00,14.95,14.97,14.915,14.93,18437.0
2026-06-24,2026-06-24 11:45:00,14.93,14.93,14.815,14.855,12351.0
2026-06-24,2026-06-24 11:50:00,14.86,14.92,14.855,14.9,17086.0
2026-06-24,2026-06-24 11:55:00,14.91,15.025,14.91,15.0,14375.0
2026-06-24,2026-06-24 12:00:00,15.005,15.06,14.98,15.015,16529.0
2026-06-24,2026-06-24 12:05:00,15.02,15.03,14.985,15.01,17093.0
2026-06-24,2026-06-24 12:10:00,15.0,15.0,14.965,14.99,5171.0
2026-06-24,2026-06-24 12:15:00,14.99,15.02,14.985,15.02,6952.0
2026-06-24,2026-06-24 12:20:00,15.025,15.14,15.015,15.12,43805.0
2026-06-24,2026-06-24 12:25:00,15.135,15.2,15.09,15.2,19014.0
2026-06-24,2026-06-24 12:30:00,15.195,15.21,15.11,15.125,21897.0
2026-06-24,2026-06-24 12:35:00,15.12,15.12,15.04,15.095,21921.0
2026-06-24,2026-06-24 12:40:00,15.095,15.11,15.01,15.06,20038.0
2026-06-24,2026-06-24 12:45:00,15.045,15.12,15.045,15.12,7342.0
2026-06-24,2026-06-24 12:50:00,15.115,15.13,15.08,15.08,16759.0
2026-06-24,2026-06-24 12:55:00,15.08,15.11,15.04,15.04,11667.0
2026-06-24,2026-06-24 13:00:00,15.05,15.07,15.05,15.065,4964.0
2026-06-24,2026-06-24 13:05:00,15.065,15.1,15.06,15.09,14207.0
2026-06-24,2026-06-24 13:10:00,15.09,15.1,15.01,15.02,18074.0
2026-06-24,2026-06-24 13:15:00,15.03,15.04,15.0,15.015,14356.0
2026-06-24,2026-06-24 13:20:00,15.02,15.03,14.96,15.03,26240.0
2026-06-24,2026-06-24 13:25:00,15.03,15.03,14.97,14.99,12842.0
2026-06-24,2026-06-24 13:30:00,14.99,15.0,14.94,14.95,10081.0
2026-06-24,2026-06-24 13:35:00,14.95,14.97,14.9,14.95,10487.0
2026-06-24,2026-06-24 13:40:00,14.96,14.96,14.9203,14.95,6413.0
2026-06-24,2026-06-24 13:45:00,14.955,14.96,14.9,14.91,7588.0
2026-06-24,2026-06-24 13:50:00,14.91,14.925,14.875,14.89,10814.0
2026-06-24,2026-06-24 13:55:00,14.9,14.92,14.9,14.91,8601.0
2026-06-24,2026-06-24 14:00:00,14.92,14.96,14.89,14.9,10352.0
2026-06-24,2026-06-24 14:05:00,14.91,14.99,14.895,14.99,23156.0
2026-06-24,2026-06-24 14:10:00,14.98,14.995,14.965,14.97,13854.0
2026-06-24,2026-06-24 14:15:00,14.97,14.975,14.945,14.96,10260.0
2026-06-24,2026-06-24 14:20:00,14.97,15.035,14.97,15.035,18359.0
2026-06-24,2026-06-24 14:25:00,15.035,15.06,15.025,15.06,14582.0
2026-06-24,2026-06-24 14:30:00,15.07,15.105,15.045,15.08,15368.0
2026-06-24,2026-06-24 14:35:00,15.07,15.075,15.03,15.05,15304.0
2026-06-24,2026-06-24 14:40:00,15.05,15.05,15.0,15.03,14361.0
2026-06-24,2026-06-24 14:45:00,15.035,15.04,15.01,15.04,8262.0
2026-06-24,2026-06-24 14:50:00,15.04,15.04,14.98,14.98,8420.0
2026-06-24,2026-06-24 14:55:00,14.972,15.02,14.972,15.02,25358.0
2026-06-24,2026-06-24 15:00:00,15.02,15.02,14.925,14.925,26613.0
2026-06-24,2026-06-24 15:05:00,14.94,14.955,14.91,14.945,26336.0
2026-06-24,2026-06-24 15:10:00,14.945,14.95,14.835,14.87,27864.0
2026-06-24,2026-06-24 15:15:00,14.87,14.87,14.815,14.83,18828.0
2026-06-24,2026-06-24 15:20:00,14.84,14.84,14.81,14.83,14746.0
2026-06-24,2026-06-24 15:25:00,14.83,14.855,14.81,14.8466,23931.0
2026-06-24,2026-06-24 15:30:00,14.842,14.95,14.842,14.9,48441.0
2026-06-24,2026-06-24 15:35:00,14.89,14.91,14.85,14.87,40056.0
2026-06-24,2026-06-24 15:40:00,14.88,14.88,14.83,14.855,33455.0
2026-06-24,2026-06-24 15:45:00,14.855,14.965,14.855,14.95,52956.0
2026-06-24,2026-06-24 15:50:00,14.95,14.97,14.94,14.96,21657.0
2026-06-24,2026-06-24 15:55:00,14.95,14.995,14.9,14.95,68171.0
2026-06-24,2026-06-24 16:00:00,14.945,14.98,14.89,14.96,694441.0
2026-06-25,2026-06-25 09:35:00,14.9,15.035,14.7812,15.025,42705.0
2026-06-25,2026-06-25 09:40:00,14.9752,15.13,14.94,14.94,16835.0
2026-06-25,2026-06-25 09:45:00,15.025,15.35,14.96,15.29,33091.0
2026-06-25,2026-06-25 09:50:00,15.28,15.34,15.15,15.17,15923.0
2026-06-25,2026-06-25 09:55:00,15.18,15.25,15.14,15.14,18134.0
2026-06-25,2026-06-25 10:00:00,15.17,15.18,15.03,15.125,58833.0
2026-06-25,2026-06-25 10:05:00,15.13,15.31,15.1,15.28,62069.0
2026-06-25,2026-06-25 10:10:00,15.28,15.33,15.23,15.325,32601.0
2026-06-25,2026-06-25 10:15:00,15.325,15.36,15.265,15.34,41300.0
2026-06-25,2026-06-25 10:20:00,15.34,15.365,15.279,15.365,30341.0
2026-06-25,2026-06-25 10:25:00,15.385,15.67,15.345,15.65,58195.0
2026-06-25,2026-06-25 10:30:00,15.67,15.71,15.555,15.555,40674.0
2026-06-25,2026-06-25 10:35:00,15.55,15.59,15.44,15.59,24087.0
2026-06-25,2026-06-25 10:40:00,15.59,15.59,15.34,15.445,64352.0
2026-06-25,2026-06-25 10:45:00,15.445,15.545,15.445,15.495,61650.0
2026-06-25,2026-06-25 10:50:00,15.5,15.58,15.46,15.575,43888.0
2026-06-25,2026-06-25 10:55:00,15.56,15.67,15.55,15.66,175358.0
2026-06-25,2026-06-25 11:00:00,15.66,15.74,15.59,15.61,212498.0
2026-06-25,2026-06-25 11:05:00,15.61,15.67,15.56,15.67,56233.0
2026-06-25,2026-06-25 11:10:00,15.69,15.72,15.44,15.44,27178.0
2026-06-25,2026-06-25 11:15:00,15.44,15.48,15.34,15.355,18160.0
2026-06-25,2026-06-25 11:20:00,15.34,15.39,15.32,15.345,17807.0
2026-06-25,2026-06-25 11:25:00,15.34,15.34,15.29,15.31,9021.0
2026-06-25,2026-06-25 11:30:00,15.29,15.305,15.15,15.185,33678.0
2026-06-25,2026-06-25 11:35:00,15.185,15.22,15.09,15.09,21938.0
2026-06-25,2026-06-25 11:40:00,15.1,15.19,15.085,15.125,19131.0
2026-06-25,2026-06-25 11:45:00,15.125,15.16,15.065,15.08,19448.0
2026-06-25,2026-06-25 11:50:00,15.08,15.28,15.07,15.235,34033.0
2026-06-25,2026-06-25 11:55:00,15.235,15.28,15.235,15.26,19905.0
2026-06-25,2026-06-25 12:00:00,15.265,15.3,15.25,15.25,23400.0
2026-06-25,2026-06-25 12:05:00,15.255,15.27,15.17,15.185,12199.0
2026-06-25,2026-06-25 12:10:00,15.17,15.3,15.16,15.275,14775.0
2026-06-25,2026-06-25 12:15:00,15.26,15.3,15.25,15.275,12108.0
2026-06-25,2026-06-25 12:20:00,15.275,15.34,15.26,15.3,14833.0
2026-06-25,2026-06-25 12:25:00,15.2925,15.355,15.2925,15.35,30540.0
2026-06-25,2026-06-25 12:30:00,15.35,15.38,15.34,15.38,19202.0
2026-06-25,2026-06-25 12:35:00,15.37,15.42,15.34,15.4,31265.0
2026-06-25,2026-06-25 12:40:00,15.4,15.42,15.38,15.4,29940.0
2026-06-25,2026-06-25 12:45:00,15.4,15.42,15.365,15.38,21738.0
2026-06-25,2026-06-25 12:50:00,15.38,15.4,15.32,15.36,56772.0
2026-06-25,2026-06-25 12:55:00,15.355,15.385,15.32,15.37,44946.0
2026-06-25,2026-06-25 13:00:00,15.37,15.37,15.33,15.35,22465.0
2026-06-25,2026-06-25 13:05:00,15.35,15.425,15.35,15.42,20850.0
2026-06-25,2026-06-25 13:10:00,15.42,15.42,15.36,15.38,33242.0
2026-06-25,2026-06-25 13:15:00,15.38,15.45,15.38,15.43,16198.0
2026-06-25,2026-06-25 13:20:00,15.43,15.5,15.385,15.385,25530.0
2026-06-25,2026-06-25 13:25:00,15.37,15.415,15.37,15.405,25459.0
2026-06-25,2026-06-25 13:30:00,15.405,15.44,15.4,15.43,14289.0
2026-06-25,2026-06-25 13:35:00,15.44,15.48,15.44,15.45,6214.0
2026-06-25,2026-06-25 13:40:00,15.46,15.5498,15.46,15.53,25678.0
2026-06-25,2026-06-25 13:45:00,15.53,15.565,15.49,15.51,17245.0
2026-06-25,2026-06-25 13:50:00,15.51,15.51,15.34,15.36,611295.0
2026-06-25,2026-06-25 13:55:00,15.335,15.38,15.315,15.34,16348.0
2026-06-25,2026-06-25 14:00:00,15.34,15.56,15.33,15.55,64915.0
2026-06-25,2026-06-25 14:05:00,15.55,15.61,15.455,15.455,51728.0
2026-06-25,2026-06-25 14:10:00,15.455,15.47,15.42,15.445,20008.0
2026-06-25,2026-06-25 14:15:00,15.445,15.47,15.405,15.47,14977.0
2026-06-25,2026-06-25 14:20:00,15.465,15.515,15.42,15.505,18112.0
2026-06-25,2026-06-25 14:25:00,15.51,15.55,15.5,15.535,15162.0
2026-06-25,2026-06-25 14:30:00,15.535,15.64,15.535,15.62,34274.0
2026-06-25,2026-06-25 14:35:00,15.62,15.62,15.51,15.58,41451.0
2026-06-25,2026-06-25 14:40:00,15.58,15.58,15.52,15.56,12497.0
2026-06-25,2026-06-25 14:45:00,15.57,15.5893,15.54,15.55,33506.0
2026-06-25,2026-06-25 14:50:00,15.54,15.56,15.505,15.55,21827.0
2026-06-25,2026-06-25 14:55:00,15.56,15.59,15.55,15.57,15128.0
2026-06-25,2026-06-25 15:00:00,15.57,15.62,15.56,15.62,29436.0
2026-06-25,2026-06-25 15:05:00,15.61,15.61,15.585,15.61,15549.0
2026-06-25,2026-06-25 15:10:00,15.62,15.63,15.6,15.62,14032.0
2026-06-25,2026-06-25 15:15:00,15.62,15.65,15.61,15.63,19277.0
2026-06-25,2026-06-25 15:20:00,15.635,15.67,15.605,15.61,25024.0
2026-06-25,2026-06-25 15:25:00,15.61,15.67,15.61,15.67,20718.0
2026-06-25,2026-06-25 15:30:00,15.67,15.675,15.64,15.645,28281.0
2026-06-25,2026-06-25 15:35:00,15.65,15.67,15.56,15.56,43511.0
2026-06-25,2026-06-25 15:40:00,15.56,15.59,15.4701,15.48,78042.0
2026-06-25,2026-06-25 15:45:00,15.49,15.5,15.44,15.495,36111.0
2026-06-25,2026-06-25 15:50:00,15.5,15.5,15.41,15.47,73062.0
2026-06-25,2026-06-25 15:55:00,15.46,15.46,15.23,15.341,103849.0
2026-06-25,2026-06-25 16:00:00,15.34,15.355,15.26,15.34,617766.0
2026-06-26,2026-06-26 09:35:00,15.71,16.6102,15.45,16.55,374074.0
2026-06-26,2026-06-26 09:40:00,16.54,16.74,16.44,16.6,99075.0
2026-06-26,2026-06-26 09:45:00,16.58,16.6422,16.34,16.385,64573.0
2026-06-26,2026-06-26 09:50:00,16.385,16.555,16.18,16.26,70455.0
2026-06-26,2026-06-26 09:55:00,16.26,16.33,16.18,16.235,29502.0
2026-06-26,2026-06-26 10:00:00,16.22,16.5,16.19,16.445,81915.0
2026-06-26,2026-06-26 10:05:00,16.45,16.55,16.35,16.52,152695.0
2026-06-26,2026-06-26 10:10:00,16.52,16.61,16.45,16.5,110282.0
2026-06-26,2026-06-26 10:15:00,16.5,16.56,16.34,16.34,126508.0
2026-06-26,2026-06-26 10:20:00,16.36,16.425,16.32,16.36,45155.0
2026-06-26,2026-06-26 10:25:00,16.39,16.61,16.38,16.58,112833.0
2026-06-26,2026-06-26 10:30:00,16.58,16.6599,16.44,16.595,164745.0
2026-06-26,2026-06-26 10:35:00,16.595,16.6299,16.44,16.48,148472.0
2026-06-26,2026-06-26 10:40:00,16.48,16.5,16.39,16.405,40768.0
2026-06-26,2026-06-26 10:45:00,16.4,16.7,16.395,16.645,100173.0
2026-06-26,2026-06-26 10:50:00,16.645,16.65,16.56,16.585,99259.0
2026-06-26,2026-06-26 10:55:00,16.58,16.62,16.52,16.58,59932.0
2026-06-26,2026-06-26 11:00:00,16.58,16.6092,16.5301,16.55,63988.0
2026-06-26,2026-06-26 11:05:00,16.55,16.61,16.53,16.57,60151.0
2026-06-26,2026-06-26 11:10:00,16.58,16.62,16.4875,16.61,44586.0
2026-06-26,2026-06-26 11:15:00,16.61,16.64,16.55,16.605,48975.0
2026-06-26,2026-06-26 11:20:00,16.605,16.64,16.56,16.575,38230.0
2026-06-26,2026-06-26 11:25:00,16.575,16.68,16.575,16.65,45261.0
2026-06-26,2026-06-26 11:30:00,16.66,16.69,16.57,16.6,41160.0
2026-06-26,2026-06-26 11:35:00,16.6,16.62,16.56,16.59,21548.0
2026-06-26,2026-06-26 11:40:00,16.59,16.595,16.54,16.57,34244.0
2026-06-26,2026-06-26 11:45:00,16.5661,16.6,16.545,16.55,45095.0
2026-06-26,2026-06-26 11:50:00,16.54,16.5401,16.45,16.45,16687.0
2026-06-26,2026-06-26 11:55:00,16.45,16.475,16.34,16.38,31421.0
2026-06-26,2026-06-26 12:00:00,16.38,16.43,16.38,16.38,33071.0
2026-06-26,2026-06-26 12:05:00,16.39,16.4,16.35,16.37,18867.0
2026-06-26,2026-06-26 12:10:00,16.37,16.37,16.21,16.23,67007.0
2026-06-26,2026-06-26 12:15:00,16.225,16.23,16.155,16.155,26108.0
2026-06-26,2026-06-26 12:20:00,16.155,16.17,15.915,16.09,48101.0
2026-06-26,2026-06-26 12:25:00,16.09,16.155,15.99,16.11,38953.0
2026-06-26,2026-06-26 12:30:00,16.15,16.2,16.0412,16.11,68529.0
2026-06-26,2026-06-26 12:35:00,16.11,16.2,16.11,16.155,39793.0
2026-06-26,2026-06-26 12:40:00,16.155,16.155,16.015,16.02,23259.0
2026-06-26,2026-06-26 12:45:00,16.02,16.12,15.99,15.99,81599.0
2026-06-26,2026-06-26 12:50:00,15.995,16.02,15.98,15.98,24643.0
2026-06-26,2026-06-26 12:55:00,15.98,16.04,15.98,16.005,12535.0
2026-06-26,2026-06-26 13:00:00,16.01,16.01,15.96,15.97,19227.0
2026-06-26,2026-06-26 13:05:00,15.97,16.015,15.95,15.95,13731.0
2026-06-26,2026-06-26 13:10:00,15.96,15.97,15.94,15.945,12172.0
2026-06-26,2026-06-26 13:15:00,15.945,15.945,15.86,15.87,71760.0
2026-06-26,2026-06-26 13:20:00,15.87,15.87,15.835,15.87,48546.0
2026-06-26,2026-06-26 13:25:00,15.87,15.88,15.795,15.81,18495.0
2026-06-26,2026-06-26 13:30:00,15.79,15.82,15.7216,15.775,89336.0
2026-06-26,2026-06-26 13:35:00,15.775,15.9,15.775,15.86,61137.0
2026-06-26,2026-06-26 13:40:00,15.86,15.86,15.8,15.81,17462.0
2026-06-26,2026-06-26 13:45:00,15.81,15.825,15.8,15.8,14465.0
2026-06-26,2026-06-26 13:50:00,15.8,15.81,15.79,15.8,7966.0
2026-06-26,2026-06-26 13:55:00,15.79,15.82,15.74,15.75,37636.0
2026-06-26,2026-06-26 14:00:00,15.75,15.76,15.72,15.72,23515.0
2026-06-26,2026-06-26 14:05:00,15.72,15.755,15.705,15.74,24533.0
2026-06-26,2026-06-26 14:10:00,15.74,15.76,15.72,15.73,19231.0
2026-06-26,2026-06-26 14:15:00,15.73,15.84,15.73,15.82,75146.0
2026-06-26,2026-06-26 14:20:00,15.82,15.83,15.72,15.72,41227.0
2026-06-26,2026-06-26 14:25:00,15.72,15.745,15.72,15.73,15521.0
2026-06-26,2026-06-26 14:30:00,15.73,15.79,15.71,15.74,77145.0
2026-06-26,2026-06-26 14:35:00,15.745,15.745,15.68,15.68,36983.0
2026-06-26,2026-06-26 14:40:00,15.69,15.69,15.61,15.62,31295.0
2026-06-26,2026-06-26 14:45:00,15.62,15.685,15.61,15.68,36426.0
2026-06-26,2026-06-26 14:50:00,15.66,15.67,15.6,15.6,18446.0
2026-06-26,2026-06-26 14:55:00,15.605,15.66,15.58,15.655,26873.0
2026-06-26,2026-06-26 15:00:00,15.65,15.79,15.63,15.63,56616.0
2026-06-26,2026-06-26 15:05:00,15.63,15.7,15.6,15.67,29779.0
2026-06-26,2026-06-26 15:10:00,15.64,15.66,15.59,15.65,34776.0
2026-06-26,2026-06-26 15:15:00,15.64,15.66,15.55,15.6,42240.0
2026-06-26,2026-06-26 15:20:00,15.61,15.64,15.57,15.64,83566.0
2026-06-26,2026-06-26 15:25:00,15.64,15.71,15.61,15.71,121102.0
2026-06-26,2026-06-26 15:30:00,15.7,15.71,15.56,15.56,57944.0
2026-06-26,2026-06-26 15:35:00,15.56,15.645,15.55,15.645,89201.0
2026-06-26,2026-06-26 15:40:00,15.645,15.65,15.56,15.58,40264.0
2026-06-26,2026-06-26 15:45:00,15.58,15.62,15.55,15.6,48013.0
2026-06-26,2026-06-26 15:50:00,15.6,15.71,15.565,15.67,125500.0
2026-06-26,2026-06-26 15:55:00,15.68,16.015,15.68,15.945,136609.0
2026-06-26,2026-06-26 16:00:00,15.945,16.045,15.73,15.83,4175174.0
2026-06-29,2026-06-29 09:35:00,14.32,14.79,14.05,14.71,155346.0
2026-06-29,2026-06-29 09:40:00,14.705,14.835,14.5105,14.64,101094.0
2026-06-29,2026-06-29 09:45:00,14.62,14.9,14.62,14.75,42081.0
2026-06-29,2026-06-29 09:50:00,14.75,14.77,14.41,14.42,46733.0
2026-06-29,2026-06-29 09:55:00,14.43,14.47,14.24,14.245,64651.0
2026-06-29,2026-06-29 10:00:00,14.2414,14.5499,14.22,14.43,70928.0
2026-06-29,2026-06-29 10:05:00,14.38,14.45,14.3,14.33,44265.0
2026-06-29,2026-06-29 10:10:00,14.33,14.6778,14.3,14.64,48969.0
2026-06-29,2026-06-29 10:15:00,14.62,14.63,14.5,14.51,52310.0
2026-06-29,2026-06-29 10:20:00,14.5,14.64,14.455,14.59,43645.0
2026-06-29,2026-06-29 10:25:00,14.605,14.74,14.57,14.71,57211.0
2026-06-29,2026-06-29 10:30:00,14.735,14.9,14.735,14.88,25399.0
2026-06-29,2026-06-29 10:35:00,14.9,15.25,14.88,15.04,224104.0
2026-06-29,2026-06-29 10:40:00,15.04,15.13,14.985,15.04,93777.0
2026-06-29,2026-06-29 10:45:00,15.06,15.1,15.03,15.03,16651.0
2026-06-29,2026-06-29 10:50:00,15.02,15.03,14.92,14.96,42652.0
2026-06-29,2026-06-29 10:55:00,15.0,15.175,14.9502,15.16,31580.0
2026-06-29,2026-06-29 11:00:00,15.175,15.185,15.05,15.1,20708.0
2026-06-29,2026-06-29 11:05:00,15.09,15.1,14.91,14.93,19276.0
2026-06-29,2026-06-29 11:10:00,14.925,15.01,14.925,14.95,16134.0
2026-06-29,2026-06-29 11:15:00,14.93,14.94,14.9,14.91,11576.0
2026-06-29,2026-06-29 11:20:00,14.93,14.94,14.8,14.805,22468.0
2026-06-29,2026-06-29 11:25:00,14.82,14.88,14.79,14.8,18928.0
2026-06-29,2026-06-29 11:30:00,14.7924,14.85,14.78,14.85,8374.0
2026-06-29,2026-06-29 11:35:00,14.85,14.87,14.83,14.84,13771.0
2026-06-29,2026-06-29 11:40:00,14.835,14.86,14.785,14.82,30073.0
2026-06-29,2026-06-29 11:45:00,14.85,14.86,14.82,14.82,14660.0
2026-06-29,2026-06-29 11:50:00,14.83,14.83,14.78,14.81,11220.0
2026-06-29,2026-06-29 11:55:00,14.79,14.84,14.7742,14.81,13186.0
2026-06-29,2026-06-29 12:00:00,14.81,14.82,14.78,14.79,27756.0
2026-06-29,2026-06-29 12:05:00,14.78,14.91,14.76,14.83,18611.0
2026-06-29,2026-06-29 12:10:00,14.84,14.8658,14.82,14.85,18709.0
2026-06-29,2026-06-29 12:15:00,14.86,14.94,14.86,14.94,10271.0
2026-06-29,2026-06-29 12:20:00,14.94,14.95,14.875,14.9,15502.0
2026-06-29,2026-06-29 12:25:00,14.9,14.9,14.83,14.83,14295.0
2026-06-29,2026-06-29 12:30:00,14.84,14.84,14.805,14.82,16383.0
2026-06-29,2026-06-29 12:35:00,14.81,14.845,14.795,14.84,13311.0
2026-06-29,2026-06-29 12:40:00,14.84,14.84,14.81,14.82,18397.0
2026-06-29,2026-06-29 12:45:00,14.82,14.82,14.8,14.81,22404.0
2026-06-29,2026-06-29 12:50:00,14.81,14.81,14.79,14.81,12558.0
2026-06-29,2026-06-29 12:55:00,14.82,14.8573,14.81,14.84,10416.0
2026-06-29,2026-06-29 13:00:00,14.84,14.87,14.84,14.85,12695.0
2026-06-29,2026-06-29 13:05:00,14.86,14.94,14.86,14.9,19268.0
2026-06-29,2026-06-29 13:10:00,14.91,14.92,14.9051,14.92,6861.0
2026-06-29,2026-06-29 13:15:00,14.92,14.95,14.92,14.94,10965.0
2026-06-29,2026-06-29 13:20:00,14.94,14.9486,14.89,14.89,18399.0
2026-06-29,2026-06-29 13:25:00,14.88,14.88,14.825,14.85,16946.0
2026-06-29,2026-06-29 13:30:00,14.8403,14.91,14.8403,14.855,17446.0
2026-06-29,2026-06-29 13:35:00,14.85,14.89,14.83,14.88,14616.0
2026-06-29,2026-06-29 13:40:00,14.875,14.88,14.85,14.85,8868.0
2026-06-29,2026-06-29 13:45:00,14.85,14.9,14.85,14.87,11244.0
2026-06-29,2026-06-29 13:50:00,14.87,14.92,14.87,14.9,10356.0
2026-06-29,2026-06-29 13:55:00,14.9,14.93,14.89,14.92,18417.0
2026-06-29,2026-06-29 14:00:00,14.9118,14.92,14.895,14.895,14079.0
2026-06-29,2026-06-29 14:05:00,14.9,14.91,14.875,14.89,13101.0
2026-06-29,2026-06-29 14:10:00,14.89,14.89,14.85,14.88,31045.0
2026-06-29,2026-06-29 14:15:00,14.89,14.95,14.885,14.935,14016.0
2026-06-29,2026-06-29 14:20:00,14.935,15.0,14.92,14.92,51927.0
2026-06-29,2026-06-29 14:25:00,14.915,14.94,14.895,14.925,13511.0
2026-06-29,2026-06-29 14:30:00,14.925,14.95,14.915,14.93,27074.0
2026-06-29,2026-06-29 14:35:00,14.94,14.96,14.89,14.9,27109.0
2026-06-29,2026-06-29 14:40:00,14.905,14.94,14.905,14.925,15395.0
2026-06-29,2026-06-29 14:45:00,14.93,14.93,14.895,14.895,24958.0
2026-06-29,2026-06-29 14:50:00,14.9,15.08,14.9,15.05,140456.0
2026-06-29,2026-06-29 14:55:00,15.04,15.1,15.015,15.02,28775.0
2026-06-29,2026-06-29 15:00:00,15.03,15.07,15.02,15.03,33153.0
2026-06-29,2026-06-29 15:05:00,15.04,15.04,15.01,15.01,26085.0
2026-06-29,2026-06-29 15:10:00,15.005,15.015,14.965,14.98,66499.0
2026-06-29,2026-06-29 15:15:00,14.98,15.0,14.945,14.95,34634.0
2026-06-29,2026-06-29 15:20:00,14.95,14.955,14.915,14.915,32615.0
2026-06-29,2026-06-29 15:25:00,14.915,14.99,14.915,14.98,49300.0
2026-06-29,2026-06-29 15:30:00,14.99,15.1,14.99,15.01,238353.0
2026-06-29,2026-06-29 15:35:00,15.0,15.12,14.99,15.105,73224.0
2026-06-29,2026-06-29 15:40:00,15.11,15.11,15.035,15.07,49418.0
2026-06-29,2026-06-29 15:45:00,15.07,15.105,15.065,15.08,49966.0
2026-06-29,2026-06-29 15:50:00,15.0801,15.16,14.96,14.965,93184.0
2026-06-29,2026-06-29 15:55:00,14.955,14.96,14.8901,14.895,81178.0
2026-06-29,2026-06-29 16:00:00,14.895,15.0,14.892,14.95,487476.0
2026-06-30,2026-06-30 09:35:00,14.75,15.03,14.62,14.8,43826.0
2026-06-30,2026-06-30 09:40:00,14.77,15.0,14.7001,14.81,43005.0
2026-06-30,2026-06-30 09:45:00,14.82,14.905,14.72,14.72,15194.0
2026-06-30,2026-06-30 09:50:00,14.725,14.8299,14.5925,14.79,78169.0
2026-06-30,2026-06-30 09:55:00,14.79,14.92,14.7501,14.83,79284.0
2026-06-30,2026-06-30 10:00:00,14.8,14.9,14.78,14.9,20457.0
2026-06-30,2026-06-30 10:05:00,14.88,14.89,14.59,14.595,124001.0
2026-06-30,2026-06-30 10:10:00,14.59,14.785,14.57,14.75,85442.0
2026-06-30,2026-06-30 10:15:00,14.73,14.77,14.5409,14.67,361034.0
2026-06-30,2026-06-30 10:20:00,14.69,14.78,14.66,14.6701,17350.0
2026-06-30,2026-06-30 10:25:00,14.66,14.73,14.62,14.73,19006.0
2026-06-30,2026-06-30 10:30:00,14.735,14.835,14.64,14.745,44487.0
2026-06-30,2026-06-30 10:35:00,14.74,14.745,14.58,14.59,26635.0
2026-06-30,2026-06-30 10:40:00,14.585,14.65,14.535,14.6402,22719.0
2026-06-30,2026-06-30 10:45:00,14.62,14.63,14.515,14.515,24572.0
2026-06-30,2026-06-30 10:50:00,14.5,14.51,14.41,14.495,63273.0
2026-06-30,2026-06-30 10:55:00,14.485,14.54,14.46,14.5,28419.0
2026-06-30,2026-06-30 11:00:00,14.5,14.72,14.5,14.67,45657.0
2026-06-30,2026-06-30 11:05:00,14.675,14.925,14.65,14.895,34941.0
2026-06-30,2026-06-30 11:10:00,14.895,14.92,14.81,14.915,16868.0
2026-06-30,2026-06-30 11:15:00,14.905,14.905,14.83,14.87,27648.0
2026-06-30,2026-06-30 11:20:00,14.87,14.88,14.845,14.85,22827.0
2026-06-30,2026-06-30 11:25:00,14.85,14.89,14.765,14.765,29366.0
2026-06-30,2026-06-30 11:30:00,14.76,14.82,14.74,14.815,16682.0
2026-06-30,2026-06-30 11:35:00,14.8,14.82,14.76,14.805,15779.0
2026-06-30,2026-06-30 11:40:00,14.8,14.85,14.78,14.84,33907.0
2026-06-30,2026-06-30 11:45:00,14.84,14.84,14.75,14.755,19386.0
2026-06-30,2026-06-30 11:50:00,14.75,14.75,14.715,14.715,10447.0
2026-06-30,2026-06-30 11:55:00,14.71,14.72,14.66,14.68,51515.0
2026-06-30,2026-06-30 12:00:00,14.69,14.75,14.67,14.68,30607.0
2026-06-30,2026-06-30 12:05:00,14.68,14.75,14.68,14.72,20198.0
2026-06-30,2026-06-30 12:10:00,14.7102,14.735,14.69,14.71,12887.0
2026-06-30,2026-06-30 12:15:00,14.7,14.72,14.68,14.68,9651.0
2026-06-30,2026-06-30 12:20:00,14.68,14.68,14.645,14.645,17531.0
2026-06-30,2026-06-30 12:25:00,14.645,14.645,14.595,14.64,10829.0
2026-06-30,2026-06-30 12:30:00,14.64,14.65,14.62,14.62,8987.0
2026-06-30,2026-06-30 12:35:00,14.615,14.68,14.615,14.68,10840.0
2026-06-30,2026-06-30 12:40:00,14.68,14.73,14.66,14.73,15694.0
2026-06-30,2026-06-30 12:45:00,14.725,14.73,14.68,14.73,26435.0
2026-06-30,2026-06-30 12:50:00,14.73,14.75,14.72,14.74,12826.0
2026-06-30,2026-06-30 12:55:00,14.75,14.785,14.705,14.71,17586.0
2026-06-30,2026-06-30 13:00:00,14.715,14.77,14.71,14.75,23232.0
2026-06-30,2026-06-30 13:05:00,14.75,14.77,14.73,14.76,11171.0
2026-06-30,2026-06-30 13:10:00,14.76,14.765,14.69,14.69,18376.0
2026-06-30,2026-06-30 13:15:00,14.69,14.71,14.63,14.65,19061.0
2026-06-30,2026-06-30 13:20:00,14.66,14.66,14.63,14.65,9098.0
2026-06-30,2026-06-30 13:25:00,14.635,14.73,14.63,14.71,21851.0
2026-06-30,2026-06-30 13:30:00,14.7,14.73,14.66,14.66,45690.0
2026-06-30,2026-06-30 13:35:00,14.655,14.66,14.64,14.65,13018.0
2026-06-30,2026-06-30 13:40:00,14.645,14.67,14.64,14.655,6221.0
2026-06-30,2026-06-30 13:45:00,14.655,14.705,14.655,14.7,11769.0
2026-06-30,2026-06-30 13:50:00,14.69,14.69,14.655,14.655,22925.0
2026-06-30,2026-06-30 13:55:00,14.655,14.68,14.65,14.68,40023.0
2026-06-30,2026-06-30 14:00:00,14.68,14.73,14.675,14.73,37813.0
2026-06-30,2026-06-30 14:05:00,14.73,14.78,14.71,14.77,28667.0
2026-06-30,2026-06-30 14:10:00,14.785,14.8,14.76,14.77,23767.0
2026-06-30,2026-06-30 14:15:00,14.77,14.7802,14.7,14.705,23412.0
2026-06-30,2026-06-30 14:20:00,14.705,14.73,14.7,14.715,16245.0
2026-06-30,2026-06-30 14:25:00,14.715,14.74,14.715,14.715,9596.0
2026-06-30,2026-06-30 14:30:00,14.715,14.73,14.68,14.7,25749.0
2026-06-30,2026-06-30 14:35:00,14.6901,14.6901,14.665,14.69,16715.0
2026-06-30,2026-06-30 14:40:00,14.685,14.69,14.655,14.66,24127.0
2026-06-30,2026-06-30 14:45:00,14.655,14.73,14.65,14.7,27984.0
2026-06-30,2026-06-30 14:50:00,14.7,14.77,14.7,14.745,22317.0
2026-06-30,2026-06-30 14:55:00,14.74,14.79,14.72,14.78,26647.0
2026-06-30,2026-06-30 15:00:00,14.78,14.795,14.68,14.68,42148.0
2026-06-30,2026-06-30 15:05:00,14.68,14.685,14.635,14.64,13401.0
2026-06-30,2026-06-30 15:10:00,14.64,14.68,14.63,14.66,14197.0
2026-06-30,2026-06-30 15:15:00,14.66,14.66,14.635,14.64,11958.0
2026-06-30,2026-06-30 15:20:00,14.64,14.645,14.6,14.62,30451.0
2026-06-30,2026-06-30 15:25:00,14.625,14.635,14.59,14.63,18508.0
2026-06-30,2026-06-30 15:30:00,14.65,14.69,14.65,14.67,24907.0
2026-06-30,2026-06-30 15:35:00,14.68,14.68,14.63,14.64,35504.0
2026-06-30,2026-06-30 15:40:00,14.63,14.67,14.6001,14.6601,19308.0
2026-06-30,2026-06-30 15:45:00,14.665,14.665,14.595,14.6,53714.0
2026-06-30,2026-06-30 15:50:00,14.6,14.61,14.54,14.595,44639.0
2026-06-30,2026-06-30 15:55:00,14.59,14.63,14.55,14.6193,75261.0
2026-06-30,2026-06-30 16:00:00,14.615,14.92,14.555,14.88,646561.0
2026-07-01,2026-07-01 09:35:00,14.95,15.155,14.81,14.92,41806.0
2026-07-01,2026-07-01 09:40:00,14.885,14.945,14.73,14.77,70515.0
2026-07-01,2026-07-01 09:45:00,14.81,14.86,14.635,14.72,22836.0
2026-07-01,2026-07-01 09:50:00,14.68,14.845,14.65,14.845,12646.0
2026-07-01,2026-07-01 09:55:00,14.81,14.91,14.785,14.885,13147.0
2026-07-01,2026-07-01 10:00:00,14.885,14.89,14.835,14.855,31815.0
2026-07-01,2026-07-01 10:05:00,14.855,14.91,14.83,14.88,18639.0
2026-07-01,2026-07-01 10:10:00,14.875,14.895,14.77,14.8415,333673.0
2026-07-01,2026-07-01 10:15:00,14.86,14.915,14.78,14.8,20247.0
2026-07-01,2026-07-01 10:20:00,14.77,14.79,14.73,14.73,11200.0
2026-07-01,2026-07-01 10:25:00,14.74,14.949,14.74,14.94,22557.0
2026-07-01,2026-07-01 10:30:00,14.93,14.93,14.86,14.86,9586.0
2026-07-01,2026-07-01 10:35:00,14.86,14.87,14.78,14.78,11555.0
2026-07-01,2026-07-01 10:40:00,14.77,14.85,14.76,14.835,33173.0
2026-07-01,2026-07-01 10:45:00,14.835,14.84,14.75,14.76,55029.0
2026-07-01,2026-07-01 10:50:00,14.75,14.7599,14.595,14.595,24114.0
2026-07-01,2026-07-01 10:55:00,14.59,14.72,14.59,14.652539,26936.0
2026-07-01,2026-07-01 11:00:00,14.655,14.72,14.65,14.7,17779.0
2026-07-01,2026-07-01 11:05:00,14.71,14.795,14.7,14.795,16056.0
2026-07-01,2026-07-01 11:10:00,14.78,14.8,14.76,14.785,25320.0
2026-07-01,2026-07-01 11:15:00,14.785,14.82,14.78,14.82,9908.0
2026-07-01,2026-07-01 11:20:00,14.835,14.84,14.8,14.83,23105.0
2026-07-01,2026-07-01 11:25:00,14.83,14.88,14.83,14.87,11737.0
2026-07-01,2026-07-01 11:30:00,14.86,14.86,14.83,14.83,17839.0
2026-07-01,2026-07-01 11:35:00,14.83,14.865,14.83,14.85,10301.0
2026-07-01,2026-07-01 11:40:00,14.86,14.88,14.85,14.875,7570.0
2026-07-01,2026-07-01 11:45:00,14.875,14.9,14.82,14.82,22023.0
2026-07-01,2026-07-01 11:50:00,14.81,14.835,14.76,14.77,17527.0
2026-07-01,2026-07-01 11:55:00,14.78,14.89,14.78,14.89,20242.0
2026-07-01,2026-07-01 12:00:00,14.895,14.9,14.84,14.87,12157.0
2026-07-01,2026-07-01 12:05:00,14.875,14.89,14.855,14.87,8309.0
2026-07-01,2026-07-01 12:10:00,14.8684,14.87,14.84,14.84,13855.0
2026-07-01,2026-07-01 12:15:00,14.85,14.85,14.785,14.8,4720.0
2026-07-01,2026-07-01 12:20:00,14.79,14.86,14.7288,14.86,27193.0
2026-07-01,2026-07-01 12:25:00,14.86,14.865,14.825,14.83,10908.0
2026-07-01,2026-07-01 12:30:00,14.825,14.88,14.825,14.86,17329.0
2026-07-01,2026-07-01 12:35:00,14.86,14.91,14.86,14.88,6438.0
2026-07-01,2026-07-01 12:40:00,14.885,14.885,14.85,14.85,11012.0
2026-07-01,2026-07-01 12:45:00,14.855,14.9,14.855,14.88,25580.0
2026-07-01,2026-07-01 12:50:00,14.88,14.88,14.84,14.85,15562.0
2026-07-01,2026-07-01 12:55:00,14.85,14.92,14.845,14.91,36040.0
2026-07-01,2026-07-01 13:00:00,14.91,14.9204,14.9,14.91,5529.0
2026-07-01,2026-07-01 13:05:00,14.92,14.96,14.88,14.925,188550.0
2026-07-01,2026-07-01 13:10:00,14.9265,15.22,14.87,14.98,431354.0
2026-07-01,2026-07-01 13:15:00,14.98,15.05,14.8313,14.8313,76820.0
2026-07-01,2026-07-01 13:20:00,14.85,14.91,14.84,14.89,305753.0
2026-07-01,2026-07-01 13:25:00,14.895,14.93,14.895,14.915,13591.0
2026-07-01,2026-07-01 13:30:00,14.915,14.94,14.9,14.92,17757.0
2026-07-01,2026-07-01 13:35:00,14.93,14.94,14.865,14.88,20799.0
2026-07-01,2026-07-01 13:40:00,14.8745,14.9,14.87,14.8801,11999.0
2026-07-01,2026-07-01 13:45:00,14.89,15.01,14.89,14.97,57488.0
2026-07-01,2026-07-01 13:50:00,14.95,15.3,14.95,15.09,412045.0
2026-07-01,2026-07-01 13:55:00,15.09,15.12,15.02,15.06,45998.0
2026-07-01,2026-07-01 14:00:00,15.075,15.125,15.005,15.02,25148.0
2026-07-01,2026-07-01 14:05:00,15.03,15.14,15.005,15.13,42286.0
2026-07-01,2026-07-01 14:10:00,15.13,15.16,15.095,15.125,38861.0
2026-07-01,2026-07-01 14:15:00,15.11,15.12,15.06,15.1,18643.0
2026-07-01,2026-07-01 14:20:00,15.1,15.1,15.07,15.09,14394.0
2026-07-01,2026-07-01 14:25:00,15.085,15.13,15.06,15.075,34531.0
2026-07-01,2026-07-01 14:30:00,15.08,15.2,15.08,15.16,43252.0
2026-07-01,2026-07-01 14:35:00,15.15,15.28,15.145,15.165,66512.0
2026-07-01,2026-07-01 14:40:00,15.165,15.39,15.165,15.365,93258.0
2026-07-01,2026-07-01 14:45:00,15.35,15.5,15.25,15.26,96304.0
2026-07-01,2026-07-01 14:50:00,15.26,15.325,15.23,15.27,59410.0
2026-07-01,2026-07-01 14:55:00,15.27,15.3,15.25,15.285,21240.0
2026-07-01,2026-07-01 15:00:00,15.285,15.29,15.24,15.28,23064.0
2026-07-01,2026-07-01 15:05:00,15.27,15.405,15.27,15.405,38277.0
2026-07-01,2026-07-01 15:10:00,15.41,15.4799,15.395,15.44,78647.0
2026-07-01,2026-07-01 15:15:00,15.44,15.55,15.43,15.5,96099.0
2026-07-01,2026-07-01 15:20:00,15.51,15.61,15.365,15.4,42429.0
2026-07-01,2026-07-01 15:25:00,15.385,15.52,15.3,15.52,99064.0
2026-07-01,2026-07-01 15:30:00,15.53,15.57,15.52,15.555,31349.0
2026-07-01,2026-07-01 15:35:00,15.55,15.63,15.54,15.58,43874.0
2026-07-01,2026-07-01 15:40:00,15.57,15.59,15.54,15.565,33341.0
2026-07-01,2026-07-01 15:45:00,15.565,15.59,15.55,15.56,44974.0
2026-07-01,2026-07-01 15:50:00,15.56,15.67,15.555,15.62,116977.0
2026-07-01,2026-07-01 15:55:00,15.615,15.745,15.615,15.735,77272.0
2026-07-01,2026-07-01 16:00:00,15.735,15.8,15.675,15.76,667751.0
2026-07-02,2026-07-02 09:35:00,15.89,16.23,15.8275,16.15,48346.0
2026-07-02,2026-07-02 09:40:00,16.05,16.07,15.71,15.8,20024.0
2026-07-02,2026-07-02 09:45:00,15.8,15.95,15.78,15.78,27658.0
2026-07-02,2026-07-02 09:50:00,15.75,15.78,15.6,15.71,19892.0
2026-07-02,2026-07-02 09:55:00,15.76,15.92,15.76,15.855,30247.0
2026-07-02,2026-07-02 10:00:00,15.86,15.97,15.83,15.94,37670.0
2026-07-02,2026-07-02 10:05:00,15.96,16.31,15.92,16.25,78689.0
2026-07-02,2026-07-02 10:10:00,16.225,16.38,16.215,16.22,40059.0
2026-07-02,2026-07-02 10:15:00,16.23,16.29,16.17,16.24,18688.0
2026-07-02,2026-07-02 10:20:00,16.24,16.335,16.24,16.26,30709.0
2026-07-02,2026-07-02 10:25:00,16.25,16.26,16.18,16.19,28149.0
2026-07-02,2026-07-02 10:30:00,16.18,16.22,16.09,16.125,15657.0
2026-07-02,2026-07-02 10:35:00,16.11,16.16,16.06,16.125,33663.0
2026-07-02,2026-07-02 10:40:00,16.125,16.17,16.085,16.155,35688.0
2026-07-02,2026-07-02 10:45:00,16.155,16.23,16.1,16.14,29103.0
2026-07-02,2026-07-02 10:50:00,16.14,16.165,16.06,16.15,24064.0
2026-07-02,2026-07-02 10:55:00,16.16,16.175,16.08,16.12,18197.0
2026-07-02,2026-07-02 11:00:00,16.105,16.15,16.1,16.15,26742.0
2026-07-02,2026-07-02 11:05:00,16.15,16.17,16.069,16.075,20389.0
2026-07-02,2026-07-02 11:10:00,16.06,16.06,15.96,16.015,24816.0
2026-07-02,2026-07-02 11:15:00,16.015,16.215,15.99,16.215,30386.0
2026-07-02,2026-07-02 11:20:00,16.22,16.29,16.17,16.24,93983.0
2026-07-02,2026-07-02 11:25:00,16.25,16.39,16.23,16.3895,35245.0
2026-07-02,2026-07-02 11:30:00,16.39,16.47,16.34,16.41,69458.0
2026-07-02,2026-07-02 11:35:00,16.405,16.505,16.405,16.46,46683.0
2026-07-02,2026-07-02 11:40:00,16.465,16.505,16.43,16.46,16741.0
2026-07-02,2026-07-02 11:45:00,16.46,16.505,16.44,16.44,14547.0
2026-07-02,2026-07-02 11:50:00,16.445,16.46,16.2,16.21,76667.0
2026-07-02,2026-07-02 11:55:00,16.2,16.22,16.11,16.17,47342.0
2026-07-02,2026-07-02 12:00:00,16.16,16.16,16.1,16.15,13994.0
2026-07-02,2026-07-02 12:05:00,16.14,16.145,16.05,16.09,17164.0
2026-07-02,2026-07-02 12:10:00,16.09,16.105,15.88,15.885,49759.0
2026-07-02,2026-07-02 12:15:00,15.885,16.06,15.865,16.06,29561.0
2026-07-02,2026-07-02 12:20:00,16.04,16.04,15.97,15.97,14456.0
2026-07-02,2026-07-02 12:25:00,15.95,15.96,15.9,15.95,16840.0
2026-07-02,2026-07-02 12:30:00,15.94,16.0,15.94,15.98,8589.0
2026-07-02,2026-07-02 12:35:00,15.965,15.965,15.925,15.93,12550.0
2026-07-02,2026-07-02 12:40:00,15.92,15.94,15.89,15.94,23112.0
2026-07-02,2026-07-02 12:45:00,15.94,16.04,15.94,16.035,13922.0
2026-07-02,2026-07-02 12:50:00,16.05,16.105,16.03,16.035,24120.0
2026-07-02,2026-07-02 12:55:00,16.035,16.095,16.02,16.08,27012.0
2026-07-02,2026-07-02 13:00:00,16.07,16.08,16.01,16.06,16995.0
2026-07-02,2026-07-02 13:05:00,16.05,16.05,15.93,15.935,14517.0
2026-07-02,2026-07-02 13:10:00,15.935,16.01,15.93,15.97,15607.0
2026-07-02,2026-07-02 13:15:00,15.97,16.055,15.94,16.055,23128.0
2026-07-02,2026-07-02 13:20:00,16.055,16.07,15.995,16.005,18900.0
2026-07-02,2026-07-02 13:25:00,16.002,16.0629,16.0,16.01,15743.0
2026-07-02,2026-07-02 13:30:00,16.0,16.01,15.98,15.98,17307.0
2026-07-02,2026-07-02 13:35:00,15.99,16.02,15.98,16.0,16001.0
2026-07-02,2026-07-02 13:40:00,16.0,16.03,15.98,15.98,11280.0
2026-07-02,2026-07-02 13:45:00,15.99,16.02,15.98,16.0,13228.0
2026-07-02,2026-07-02 13:50:00,16.0,16.02,15.91,15.92,15930.0
2026-07-02,2026-07-02 13:55:00,15.92,15.97,15.91,15.97,19440.0
2026-07-02,2026-07-02 14:00:00,15.97,15.98,15.89,15.9,18735.0
2026-07-02,2026-07-02 14:05:00,15.91,15.94,15.88,15.93,42702.0
2026-07-02,2026-07-02 14:10:00,15.93,16.02,15.93,16.01,21557.0
2026-07-02,2026-07-02 14:15:00,16.02,16.045,16.0,16.0,18784.0
2026-07-02,2026-07-02 14:20:00,15.99,16.0,15.93,15.95,71873.0
2026-07-02,2026-07-02 14:25:00,15.95,15.96,15.92,15.96,13870.0
2026-07-02,2026-07-02 14:30:00,15.96,16.02,15.94,16.02,27529.0
2026-07-02,2026-07-02 14:35:00,16.03,16.07,16.01,16.01,30824.0
2026-07-02,2026-07-02 14:40:00,16.0,16.01,15.92,15.94,33414.0
2026-07-02,2026-07-02 14:45:00,15.94,15.98,15.92,15.935,44610.0
2026-07-02,2026-07-02 14:50:00,15.93,15.935,15.9,15.92,27138.0
2026-07-02,2026-07-02 14:55:00,15.91,15.935,15.895,15.935,46601.0
2026-07-02,2026-07-02 15:00:00,15.93,15.93,15.71,15.73,82199.0
2026-07-02,2026-07-02 15:05:00,15.735,15.75,15.66,15.68,39300.0
2026-07-02,2026-07-02 15:10:00,15.69,15.6969,15.65,15.65,30965.0
2026-07-02,2026-07-02 15:15:00,15.65,15.69,15.63,15.68,29387.0
2026-07-02,2026-07-02 15:20:00,15.68,15.6801,15.64,15.64,36031.0
2026-07-02,2026-07-02 15:25:00,15.631,15.66,15.61,15.63,34302.0
2026-07-02,2026-07-02 15:30:00,15.63,15.77,15.6,15.68,126531.0
2026-07-02,2026-07-02 15:35:00,15.68,15.765,15.66,15.76,69198.0
2026-07-02,2026-07-02 15:40:00,15.76,15.8,15.7,15.715,70198.0
2026-07-02,2026-07-02 15:45:00,15.705,15.715,15.675,15.7,58247.0
2026-07-02,2026-07-02 15:50:00,15.695,15.79,15.63,15.78,156821.0
2026-07-02,2026-07-02 15:55:00,15.79,15.83,15.765,15.81,147129.0
2026-07-02,2026-07-02 16:00:00,15.81,16.005,15.795,15.96,728471.0
2026-07-06,2026-07-06 09:35:00,16.095,16.44,15.9,16.175,159310.0
2026-07-06,2026-07-06 09:40:00,16.185,16.3939,16.185,16.255,20041.0
2026-07-06,2026-07-06 09:45:00,16.2,16.39,16.2,16.35,13075.0
2026-07-06,2026-07-06 09:50:00,16.34,16.34,16.17,16.26,13982.0
2026-07-06,2026-07-06 09:55:00,16.29,16.3,16.01,16.03,12915.0
2026-07-06,2026-07-06 10:00:00,16.055,16.055,15.93,15.97,6712.0
2026-07-06,2026-07-06 10:05:00,16.0,16.02,15.905,15.93,13644.0
2026-07-06,2026-07-06 10:10:00,15.89,15.92,15.85,15.92,10561.0
2026-07-06,2026-07-06 10:15:00,15.89,15.92,15.88,15.8997,6249.0
2026-07-06,2026-07-06 10:20:00,15.85,15.925,15.79,15.79,14201.0
2026-07-06,2026-07-06 10:25:00,15.79,15.9,15.785,15.865,15731.0
2026-07-06,2026-07-06 10:30:00,15.87,15.96,15.85,15.88,8250.0
2026-07-06,2026-07-06 10:35:00,15.8601,15.9,15.75,15.75,21443.0
2026-07-06,2026-07-06 10:40:00,15.745,15.89,15.72,15.88,29345.0
2026-07-06,2026-07-06 10:45:00,15.88,16.03,15.88,16.02,11668.0
2026-07-06,2026-07-06 10:50:00,16.025,16.08,15.96,15.98,42984.0
2026-07-06,2026-07-06 10:55:00,16.0,16.025,15.96,16.025,17011.0
2026-07-06,2026-07-06 11:00:00,16.025,16.03,15.95,16.005,24543.0
2026-07-06,2026-07-06 11:05:00,16.02,16.08,16.005,16.025,14485.0
2026-07-06,2026-07-06 11:10:00,16.025,16.07,16.01,16.055,14265.0
2026-07-06,2026-07-06 11:15:00,16.08,16.115,16.03,16.115,12813.0
2026-07-06,2026-07-06 11:20:00,16.11,16.13,16.09,16.115,10794.0
2026-07-06,2026-07-06 11:25:00,16.115,16.15,16.07,16.095,16434.0
2026-07-06,2026-07-06 11:30:00,16.095,16.19,16.095,16.165,10644.0
2026-07-06,2026-07-06 11:35:00,16.165,16.18,16.14,16.15,11095.0
2026-07-06,2026-07-06 11:40:00,16.13,16.155,16.105,16.12,8228.0
2026-07-06,2026-07-06 11:45:00,16.12,16.19,16.12,16.175,9215.0
2026-07-06,2026-07-06 11:50:00,16.18,16.22,16.1501,16.22,7471.0
2026-07-06,2026-07-06 11:55:00,16.23,16.28,16.22,16.265,17757.0
2026-07-06,2026-07-06 12:00:00,16.24,16.37,16.24,16.33,15628.0
2026-07-06,2026-07-06 12:05:00,16.34,16.4,16.32,16.365,15830.0
2026-07-06,2026-07-06 12:10:00,16.35,16.35,16.27,16.305,124576.0
2026-07-06,2026-07-06 12:15:00,16.31,16.31,16.26,16.265,13485.0
2026-07-06,2026-07-06 12:20:00,16.25,16.27,16.23,16.26,13144.0
2026-07-06,2026-07-06 12:25:00,16.2525,16.3,16.2475,16.265,4288.0
2026-07-06,2026-07-06 12:30:00,16.25,16.255,16.1878,16.215,18227.0
2026-07-06,2026-07-06 12:35:00,16.21,16.26,16.19,16.23,19107.0
2026-07-06,2026-07-06 12:40:00,16.22,16.24,16.2,16.24,9565.0
2026-07-06,2026-07-06 12:45:00,16.25,16.295,16.2475,16.2861,5367.0
2026-07-06,2026-07-06 12:50:00,16.28,16.29,16.25,16.29,8830.0
2026-07-06,2026-07-06 12:55:00,16.29,16.29,16.26,16.26,4909.0
2026-07-06,2026-07-06 13:00:00,16.26,16.26,16.23,16.25,5812.0
2026-07-06,2026-07-06 13:05:00,16.24,16.31,16.24,16.3,23943.0
2026-07-06,2026-07-06 13:10:00,16.29,16.31,16.285,16.29,6840.0
2026-07-06,2026-07-06 13:15:00,16.29,16.3,16.245,16.245,13595.0
2026-07-06,2026-07-06 13:20:00,16.231,16.24,16.21,16.23,6421.0
2026-07-06,2026-07-06 13:25:00,16.24,16.24,16.22,16.23,7070.0
2026-07-06,2026-07-06 13:30:00,16.24,16.2551,16.24,16.24,5956.0
2026-07-06,2026-07-06 13:35:00,16.25,16.25,16.19,16.19,8801.0
2026-07-06,2026-07-06 13:40:00,16.19,16.2,16.17,16.17,7218.0
2026-07-06,2026-07-06 13:45:00,16.17,16.17,16.129,16.16,8054.0
2026-07-06,2026-07-06 13:50:00,16.16,16.16,16.11,16.12,9364.0
2026-07-06,2026-07-06 13:55:00,16.12,16.13,16.105,16.13,5432.0
2026-07-06,2026-07-06 14:00:00,16.12,16.12,16.1,16.1,10376.0
2026-07-06,2026-07-06 14:05:00,16.1,16.15,16.1,16.15,8043.0
2026-07-06,2026-07-06 14:10:00,16.15,16.2,16.14,16.16,20828.0
2026-07-06,2026-07-06 14:15:00,16.16,16.2,16.15,16.2,11312.0
2026-07-06,2026-07-06 14:20:00,16.2,16.25,16.15,16.155,30232.0
2026-07-06,2026-07-06 14:25:00,16.17,16.185,16.125,16.125,12716.0
2026-07-06,2026-07-06 14:30:00,16.13,16.1327,16.11,16.125,5722.0
2026-07-06,2026-07-06 14:35:00,16.12,16.13,16.1,16.1,10695.0
2026-07-06,2026-07-06 14:40:00,16.1,16.11,16.085,16.085,8600.0
2026-07-06,2026-07-06 14:45:00,16.08,16.1,16.06,16.07,12112.0
2026-07-06,2026-07-06 14:50:00,16.06,16.14,16.06,16.12,24536.0
2026-07-06,2026-07-06 14:55:00,16.12,16.12,16.075,16.085,11596.0
2026-07-06,2026-07-06 15:00:00,16.09,16.1,16.085,16.1,8520.0
2026-07-06,2026-07-06 15:05:00,16.09,16.16,16.09,16.14,13664.0
2026-07-06,2026-07-06 15:10:00,16.14,16.205,16.07,16.205,27574.0
2026-07-06,2026-07-06 15:15:00,16.216,16.285,16.19,16.22,25558.0
2026-07-06,2026-07-06 15:20:00,16.21,16.2196,16.18,16.21,11903.0
2026-07-06,2026-07-06 15:25:00,16.21,16.238,16.21,16.23,9837.0
2026-07-06,2026-07-06 15:30:00,16.22,16.22,16.18,16.19,22248.0
2026-07-06,2026-07-06 15:35:00,16.19,16.215,16.15,16.21,25673.0
2026-07-06,2026-07-06 15:40:00,16.22,16.23,16.14,16.15,17261.0
2026-07-06,2026-07-06 15:45:00,16.15,16.16,16.09,16.1,16096.0
2026-07-06,2026-07-06 15:50:00,16.1,16.13,16.1,16.11,26951.0
2026-07-06,2026-07-06 15:55:00,16.11,16.12,16.04,16.065,100387.0
2026-07-06,2026-07-06 16:00:00,16.06,16.13,16.01,16.05,493511.0
2026-07-07,2026-07-07 09:35:00,16.27,16.44,15.81,15.87,71096.0
2026-07-07,2026-07-07 09:40:00,15.86,15.975,15.8,15.92,5969.0
2026-07-07,2026-07-07 09:45:00,15.86,16.0,15.51,15.5214,14243.0
2026-07-07,2026-07-07 09:50:00,15.51,15.69,15.4,15.42,19624.0
2026-07-07,2026-07-07 09:55:00,15.42,15.5783,15.42,15.51,14460.0
2026-07-07,2026-07-07 10:00:00,15.5247,15.6,15.46,15.585,74212.0
2026-07-07,2026-07-07 10:05:00,15.59,15.675,15.54,15.645,103534.0
2026-07-07,2026-07-07 10:10:00,15.65,15.76,15.63,15.64,22211.0
2026-07-07,2026-07-07 10:15:00,15.635,15.65,15.373,15.41,79763.0
2026-07-07,2026-07-07 10:20:00,15.38,15.4,15.235,15.27,59789.0
2026-07-07,2026-07-07 10:25:00,15.29,15.33,15.06,15.065,50454.0
2026-07-07,2026-07-07 10:30:00,15.09,15.34,15.05,15.32,37474.0
2026-07-07,2026-07-07 10:35:00,15.325,15.4,15.3,15.31,28775.0
2026-07-07,2026-07-07 10:40:00,15.325,15.325,15.18,15.245,19684.0
2026-07-07,2026-07-07 10:45:00,15.245,15.29,15.175,15.265,21243.0
2026-07-07,2026-07-07 10:50:00,15.29,15.375,15.29,15.35,20008.0
2026-07-07,2026-07-07 10:55:00,15.35,15.49,15.33,15.43,21410.0
2026-07-07,2026-07-07 11:00:00,15.45,15.5,15.43,15.43,31160.0
2026-07-07,2026-07-07 11:05:00,15.43,15.43,15.325,15.33,25772.0
2026-07-07,2026-07-07 11:10:00,15.34,15.36,15.29,15.35,35099.0
2026-07-07,2026-07-07 11:15:00,15.35,15.405,15.32,15.35,62899.0
2026-07-07,2026-07-07 11:20:00,15.33,15.4,15.315,15.39,42659.0
2026-07-07,2026-07-07 11:25:00,15.38,15.39,15.36,15.37,13657.0
2026-07-07,2026-07-07 11:30:00,15.38,15.47,15.34,15.46,32537.0
2026-07-07,2026-07-07 11:35:00,15.4551,15.47,15.425,15.425,9797.0
2026-07-07,2026-07-07 11:40:00,15.41,15.505,15.38,15.445,17269.0
2026-07-07,2026-07-07 11:45:00,15.43,15.48,15.415,15.47,11112.0
2026-07-07,2026-07-07 11:50:00,15.48,15.48,15.305,15.31,26285.0
2026-07-07,2026-07-07 11:55:00,15.3,15.37,15.3,15.35,60535.0
2026-07-07,2026-07-07 12:00:00,15.35,15.35,15.24,15.27,48619.0
2026-07-07,2026-07-07 12:05:00,15.28,15.35,15.27,15.34,16208.0
2026-07-07,2026-07-07 12:10:00,15.35,15.39,15.305,15.32,70116.0
2026-07-07,2026-07-07 12:15:00,15.33,15.415,15.295,15.415,110932.0
2026-07-07,2026-07-07 12:20:00,15.415,15.43,15.32,15.35,45480.0
2026-07-07,2026-07-07 12:25:00,15.35,15.445,15.33,15.445,76480.0
2026-07-07,2026-07-07 12:30:00,15.44,15.48,15.4,15.475,17964.0
2026-07-07,2026-07-07 12:35:00,15.475,15.57,15.475,15.57,33847.0
2026-07-07,2026-07-07 12:40:00,15.57,15.59,15.5,15.52,15884.0
2026-07-07,2026-07-07 12:45:00,15.525,15.565,15.51,15.565,10083.0
2026-07-07,2026-07-07 12:50:00,15.565,15.6,15.56,15.59,13523.0
2026-07-07,2026-07-07 12:55:00,15.6,15.62,15.58,15.595,7473.0
2026-07-07,2026-07-07 13:00:00,15.595,15.6,15.485,15.5,23462.0
2026-07-07,2026-07-07 13:05:00,15.5,15.5,15.27,15.29,58069.0
2026-07-07,2026-07-07 13:10:00,15.29,15.36,15.29,15.34,28476.0
2026-07-07,2026-07-07 13:15:00,15.34,15.35,15.29,15.32,35363.0
2026-07-07,2026-07-07 13:20:00,15.325,15.34,15.27,15.27,20100.0
2026-07-07,2026-07-07 13:25:00,15.27,15.32,15.26,15.305,20365.0
2026-07-07,2026-07-07 13:30:00,15.305,15.305,15.27,15.29,14199.0
2026-07-07,2026-07-07 13:35:00,15.3,15.3,15.245,15.255,82677.0
2026-07-07,2026-07-07 13:40:00,15.255,15.365,15.245,15.365,34150.0
2026-07-07,2026-07-07 13:45:00,15.365,15.49,15.35,15.48,36583.0
2026-07-07,2026-07-07 13:50:00,15.48,15.49,15.45,15.46,23096.0
2026-07-07,2026-07-07 13:55:00,15.46,15.51,15.45,15.45,16310.0
2026-07-07,2026-07-07 14:00:00,15.45,15.505,15.45,15.49,18149.0
2026-07-07,2026-07-07 14:05:00,15.48,15.55,15.48,15.51,17903.0
2026-07-07,2026-07-07 14:10:00,15.51,15.54,15.475,15.48,16350.0
2026-07-07,2026-07-07 14:15:00,15.48,15.5,15.47,15.49,25102.0
2026-07-07,2026-07-07 14:20:00,15.48,15.52,15.46,15.51,19920.0
2026-07-07,2026-07-07 14:25:00,15.52,15.54,15.5,15.5,16019.0
2026-07-07,2026-07-07 14:30:00,15.5,15.52,15.47,15.49,14941.0
2026-07-07,2026-07-07 14:35:00,15.48,15.49,15.47,15.48,17482.0
2026-07-07,2026-07-07 14:40:00,15.47,15.5,15.47,15.49,12694.0
2026-07-07,2026-07-07 14:45:00,15.49,15.5,15.47,15.49,18280.0
2026-07-07,2026-07-07 14:50:00,15.49,15.49,15.44,15.45,22318.0
2026-07-07,2026-07-07 14:55:00,15.45,15.49,15.44,15.485,15258.0
2026-07-07,2026-07-07 15:00:00,15.49,15.49,15.42,15.43,22115.0
2026-07-07,2026-07-07 15:05:00,15.44,15.49,15.4,15.47,18634.0
2026-07-07,2026-07-07 15:10:00,15.475,15.515,15.46,15.515,14533.0
2026-07-07,2026-07-07 15:15:00,15.515,15.53,15.49,15.495,21951.0
2026-07-07,2026-07-07 15:20:00,15.5,15.51,15.47,15.49,24094.0
2026-07-07,2026-07-07 15:25:00,15.495,15.55,15.485,15.55,24100.0
2026-07-07,2026-07-07 15:30:00,15.54,15.63,15.505,15.625,46979.0
2026-07-07,2026-07-07 15:35:00,15.61,15.67,15.57,15.585,37047.0
2026-07-07,2026-07-07 15:40:00,15.59,15.61,15.55,15.55,25269.0
2026-07-07,2026-07-07 15:45:00,15.55,15.59,15.55,15.58,27895.0
2026-07-07,2026-07-07 15:50:00,15.58,15.67,15.58,15.66,32025.0
2026-07-07,2026-07-07 15:55:00,15.67,15.71,15.615,15.7,75017.0
2026-07-07,2026-07-07 16:00:00,15.69,15.69,15.52,15.55,430257.0
2026-07-08,2026-07-08 09:35:00,15.25,15.6563,15.2001,15.49,22143.0
2026-07-08,2026-07-08 09:40:00,15.49,15.51,15.39,15.495,21024.0
2026-07-08,2026-07-08 09:45:00,15.51,15.545,15.44,15.475,8031.0
2026-07-08,2026-07-08 09:50:00,15.51,15.52,15.44,15.44,13878.0
2026-07-08,2026-07-08 09:55:00,15.44,15.51,15.3763,15.49,10288.0
2026-07-08,2026-07-08 10:00:00,15.46,15.52,15.43,15.5,30823.0
2026-07-08,2026-07-08 10:05:00,15.49,15.51,15.45,15.476,19258.0
2026-07-08,2026-07-08 10:10:00,15.475,15.52,15.45,15.5,19374.0
2026-07-08,2026-07-08 10:15:00,15.49,15.595,15.49,15.56,21481.0
2026-07-08,2026-07-08 10:20:00,15.55,15.55,15.39,15.39,13586.0
2026-07-08,2026-07-08 10:25:00,15.425,15.57,15.425,15.5,10518.0
2026-07-08,2026-07-08 10:30:00,15.52,15.64,15.52,15.61,24230.0
2026-07-08,2026-07-08 10:35:00,15.61,15.87,15.56,15.87,16688.0
2026-07-08,2026-07-08 10:40:00,15.875,16.075,15.85,15.985,52652.0
2026-07-08,2026-07-08 10:45:00,15.985,15.985,15.85,15.89,23795.0
2026-07-08,2026-07-08 10:50:00,15.89,15.89,15.74,15.7509,20671.0
2026-07-08,2026-07-08 10:55:00,15.76,15.855,15.76,15.82,17688.0
2026-07-08,2026-07-08 11:00:00,15.845,15.87,15.73,15.77,12334.0
2026-07-08,2026-07-08 11:05:00,15.78,15.795,15.66,15.67,15266.0
2026-07-08,2026-07-08 11:10:00,15.68,15.76,15.675,15.75,10519.0
2026-07-08,2026-07-08 11:15:00,15.75,15.76,15.725,15.735,4181.0
2026-07-08,2026-07-08 11:20:00,15.73,15.73,15.52,15.635,30057.0
2026-07-08,2026-07-08 11:25:00,15.61,15.61,15.545,15.545,9053.0
2026-07-08,2026-07-08 11:30:00,15.545,15.56,15.51,15.56,8860.0
2026-07-08,2026-07-08 11:35:00,15.59,15.59,15.53,15.585,7833.0
2026-07-08,2026-07-08 11:40:00,15.585,15.61,15.53,15.53,10430.0
2026-07-08,2026-07-08 11:45:00,15.55,15.57,15.54,15.56,5788.0
2026-07-08,2026-07-08 11:50:00,15.54,15.545,15.52,15.53,7698.0
2026-07-08,2026-07-08 11:55:00,15.51,15.525,15.45,15.475,10271.0
2026-07-08,2026-07-08 12:00:00,15.49,15.52,15.47,15.475,7638.0
2026-07-08,2026-07-08 12:05:00,15.5,15.56,15.49,15.55,11926.0
2026-07-08,2026-07-08 12:10:00,15.55,15.615,15.55,15.615,8056.0
2026-07-08,2026-07-08 12:15:00,15.615,15.66,15.6005,15.65,12093.0
2026-07-08,2026-07-08 12:20:00,15.67,15.67,15.62,15.65,6222.0
2026-07-08,2026-07-08 12:25:00,15.66,15.72,15.66,15.71,12144.0
2026-07-08,2026-07-08 12:30:00,15.71,15.9,15.71,15.9,44753.0
2026-07-08,2026-07-08 12:35:00,15.9,15.91,15.82,15.82,21191.0
2026-07-08,2026-07-08 12:40:00,15.8,15.91,15.8,15.91,24057.0
2026-07-08,2026-07-08 12:45:00,15.91,15.935,15.87,15.91,9745.0
2026-07-08,2026-07-08 12:50:00,15.89,15.92,15.86,15.9,7200.0
2026-07-08,2026-07-08 12:55:00,15.895,15.91,15.86,15.86,11806.0
2026-07-08,2026-07-08 13:00:00,15.855,15.865,15.84,15.86,11391.0
2026-07-08,2026-07-08 13:05:00,15.85,15.86,15.8,15.8,22385.0
2026-07-08,2026-07-08 13:10:00,15.795,15.907,15.795,15.907,25576.0
2026-07-08,2026-07-08 13:15:00,15.9,15.9,15.85,15.855,9815.0
2026-07-08,2026-07-08 13:20:00,15.85,15.905,15.85,15.905,11914.0
2026-07-08,2026-07-08 13:25:00,15.89,15.95,15.89,15.95,4883.0
2026-07-08,2026-07-08 13:30:00,15.96,15.96,15.92,15.92,13221.0
2026-07-08,2026-07-08 13:35:00,15.92,15.98,15.92,15.975,17311.0
2026-07-08,2026-07-08 13:40:00,15.96,15.96,15.89,15.91,18772.0
2026-07-08,2026-07-08 13:45:00,15.9,15.96,15.89,15.935,10637.0
2026-07-08,2026-07-08 13:50:00,15.95,15.97,15.92,15.95,9999.0
2026-07-08,2026-07-08 13:55:00,15.95,16.025,15.95,15.985,21243.0
2026-07-08,2026-07-08 14:00:00,15.985,15.99,15.945,15.965,11578.0
2026-07-08,2026-07-08 14:05:00,15.955,16.025,15.955,16.025,7832.0
2026-07-08,2026-07-08 14:10:00,16.025,16.05,16.01,16.03,9638.0
2026-07-08,2026-07-08 14:15:00,16.02,16.04,15.995,16.02,21424.0
2026-07-08,2026-07-08 14:20:00,16.02,16.05,15.99,16.0,11477.0
2026-07-08,2026-07-08 14:25:00,16.01,16.05,15.995,16.03,44190.0
2026-07-08,2026-07-08 14:30:00,16.02,16.12,16.02,16.12,27180.0
2026-07-08,2026-07-08 14:35:00,16.13,16.15,16.105,16.11,20248.0
2026-07-08,2026-07-08 14:40:00,16.11,16.22,16.105,16.22,30969.0
2026-07-08,2026-07-08 14:45:00,16.22,16.24,16.2,16.23,16596.0
2026-07-08,2026-07-08 14:50:00,16.23,16.23,16.165,16.18,21275.0
2026-07-08,2026-07-08 14:55:00,16.18,16.19,16.14,16.165,33279.0
2026-07-08,2026-07-08 15:00:00,16.165,16.17,16.095,16.16,19755.0
2026-07-08,2026-07-08 15:05:00,16.16,16.22,16.145,16.16,35762.0
2026-07-08,2026-07-08 15:10:00,16.15,16.18,16.14,16.16,22212.0
2026-07-08,2026-07-08 15:15:00,16.16,16.18,16.15,16.17,9765.0
2026-07-08,2026-07-08 15:20:00,16.17,16.17,16.13,16.13,38958.0
2026-07-08,2026-07-08 15:25:00,16.13,16.25,16.13,16.225,38750.0
2026-07-08,2026-07-08 15:30:00,16.23,16.27,16.19,16.261,82154.0
2026-07-08,2026-07-08 15:35:00,16.25,16.29,16.24,16.26,70649.0
2026-07-08,2026-07-08 15:40:00,16.25,16.29,16.02,16.08,82363.0
2026-07-08,2026-07-08 15:45:00,16.08,16.11,16.055,16.11,33985.0
2026-07-08,2026-07-08 15:50:00,16.1,16.205,15.95,16.17,132764.0
2026-07-08,2026-07-08 15:55:00,16.17,16.68,16.17,16.68,275926.0
2026-07-08,2026-07-08 16:00:00,16.68,16.84,16.62,16.64,1814381.0
2026-07-09,2026-07-09 09:35:00,16.49,16.75,16.245,16.67,49959.0
2026-07-09,2026-07-09 09:40:00,16.75,16.87,16.68,16.715,16662.0
2026-07-09,2026-07-09 09:45:00,16.715,16.96,16.69,16.915,21176.0
2026-07-09,2026-07-09 09:50:00,16.94,17.03,16.85,16.85,50023.0
2026-07-09,2026-07-09 09:55:00,16.84,17.2,16.805,17.19,32258.0
2026-07-09,2026-07-09 10:00:00,17.2,17.26,17.08,17.09,42216.0
2026-07-09,2026-07-09 10:05:00,17.1,17.15,17.05,17.065,25886.0
2026-07-09,2026-07-09 10:10:00,17.04,17.05,16.86,16.975,24891.0
2026-07-09,2026-07-09 10:15:00,16.975,17.005,16.91,16.99,23138.0
2026-07-09,2026-07-09 10:20:00,16.98,16.98,16.85,16.885,14395.0
2026-07-09,2026-07-09 10:25:00,16.885,17.015,16.86,17.01,11973.0
2026-07-09,2026-07-09 10:30:00,17.03,17.14,17.03,17.12,15267.0
2026-07-09,2026-07-09 10:35:00,17.085,17.11,16.97,17.095,33933.0
2026-07-09,2026-07-09 10:40:00,17.09,17.15,17.06,17.14,18005.0
2026-07-09,2026-07-09 10:45:00,17.1,17.28,17.095,17.16,53632.0
2026-07-09,2026-07-09 10:50:00,17.16,17.205,17.071,17.13,18824.0
2026-07-09,2026-07-09 10:55:00,17.13,17.14,17.04,17.08,20113.0
2026-07-09,2026-07-09 11:00:00,17.07,17.09,17.03,17.03,11788.0
2026-07-09,2026-07-09 11:05:00,17.045,17.07,17.005,17.015,10435.0
2026-07-09,2026-07-09 11:10:00,17.015,17.015,16.89,16.91,34076.0
2026-07-09,2026-07-09 11:15:00,16.91,16.92,16.87,16.87,10904.0
2026-07-09,2026-07-09 11:20:00,16.87,16.92,16.85,16.9,22066.0
2026-07-09,2026-07-09 11:25:00,16.88,16.98,16.88,16.98,12299.0
2026-07-09,2026-07-09 11:30:00,16.97,16.9799,16.87,16.87,11319.0
2026-07-09,2026-07-09 11:35:00,16.86,16.86,16.765,16.78,14200.0
2026-07-09,2026-07-09 11:40:00,16.79,16.84,16.78,16.78,9828.0
2026-07-09,2026-07-09 11:45:00,16.8,16.86,16.8,16.8175,10705.0
2026-07-09,2026-07-09 11:50:00,16.83,16.83,16.755,16.775,10278.0
2026-07-09,2026-07-09 11:55:00,16.76,16.76,16.71,16.715,6312.0
2026-07-09,2026-07-09 12:00:00,16.7299,16.75,16.69,16.69,13035.0
2026-07-09,2026-07-09 12:05:00,16.69,16.7,16.625,16.63,16333.0
2026-07-09,2026-07-09 12:10:00,16.62,16.64,16.54,16.57,21123.0
2026-07-09,2026-07-09 12:15:00,16.58,16.62,16.58,16.6,7958.0
2026-07-09,2026-07-09 12:20:00,16.6,16.64,16.575,16.6142,21863.0
2026-07-09,2026-07-09 12:25:00,16.615,16.635,16.57,16.57,17173.0
2026-07-09,2026-07-09 12:30:00,16.57,16.59,16.57,16.575,7856.0
2026-07-09,2026-07-09 12:35:00,16.59,16.63,16.55,16.55,13044.0
2026-07-09,2026-07-09 12:40:00,16.545,16.545,16.33,16.43,116035.0
2026-07-09,2026-07-09 12:45:00,16.43,16.445,16.36,16.445,64530.0
2026-07-09,2026-07-09 12:50:00,16.46,16.48,16.45,16.465,6269.0
2026-07-09,2026-07-09 12:55:00,16.465,16.5,16.465,16.48,11198.0
2026-07-09,2026-07-09 13:00:00,16.495,16.5612,16.48,16.535,25687.0
2026-07-09,2026-07-09 13:05:00,16.535,16.56,16.5,16.525,11846.0
2026-07-09,2026-07-09 13:10:00,16.53,16.58,16.525,16.575,9116.0
2026-07-09,2026-07-09 13:15:00,16.575,16.5906,16.56,16.58,9677.0
2026-07-09,2026-07-09 13:20:00,16.57,16.6,16.55,16.57,15226.0
2026-07-09,2026-07-09 13:25:00,16.585,16.585,16.53,16.5498,13010.0
2026-07-09,2026-07-09 13:30:00,16.545,16.56,16.53,16.55,10088.0
2026-07-09,2026-07-09 13:35:00,16.55,16.58,16.55,16.58,11251.0
2026-07-09,2026-07-09 13:40:00,16.57,16.57,16.54,16.55,7081.0
2026-07-09,2026-07-09 13:45:00,16.55,16.595,16.55,16.58,8283.0
2026-07-09,2026-07-09 13:50:00,16.58,16.62,16.58,16.6,8999.0
2026-07-09,2026-07-09 13:55:00,16.59,16.6,16.58,16.6,7134.0
2026-07-09,2026-07-09 14:00:00,16.6,16.64,16.58,16.58,15426.0
2026-07-09,2026-07-09 14:05:00,16.59,16.6499,16.585,16.62,13096.0
2026-07-09,2026-07-09 14:10:00,16.625,16.66,16.615,16.63,9900.0
2026-07-09,2026-07-09 14:15:00,16.63,16.68,16.63,16.68,6798.0
2026-07-09,2026-07-09 14:20:00,16.67,16.68,16.6,16.6,14025.0
2026-07-09,2026-07-09 14:25:00,16.59,16.62,16.58,16.61,8113.0
2026-07-09,2026-07-09 14:30:00,16.62,16.63,16.58,16.585,18746.0
2026-07-09,2026-07-09 14:35:00,16.6,16.67,16.6,16.67,15831.0
2026-07-09,2026-07-09 14:40:00,16.68,16.725,16.62,16.62,17708.0
2026-07-09,2026-07-09 14:45:00,16.62,16.67,16.62,16.665,8124.0
2026-07-09,2026-07-09 14:50:00,16.665,16.665,16.64,16.64,12043.0
2026-07-09,2026-07-09 14:55:00,16.64,16.64,16.6101,16.6101,10330.0
2026-07-09,2026-07-09 15:00:00,16.62,16.62,16.6,16.615,10152.0
2026-07-09,2026-07-09 15:05:00,16.62,16.66,16.62,16.64,19879.0
2026-07-09,2026-07-09 15:10:00,16.64,16.66,16.63,16.63,10425.0
2026-07-09,2026-07-09 15:15:00,16.63,16.635,16.62,16.6301,18440.0
2026-07-09,2026-07-09 15:20:00,16.635,16.645,16.59,16.64,30478.0
2026-07-09,2026-07-09 15:25:00,16.63,16.66,16.6217,16.65,20358.0
2026-07-09,2026-07-09 15:30:00,16.64,16.65,16.63,16.65,20843.0
2026-07-09,2026-07-09 15:35:00,16.65,16.685,16.63,16.67,32463.0
2026-07-09,2026-07-09 15:40:00,16.67,16.69,16.615,16.625,26225.0
2026-07-09,2026-07-09 15:45:00,16.625,16.76,16.625,16.74,67226.0
2026-07-09,2026-07-09 15:50:00,16.75,16.75,16.65,16.66,46545.0
2026-07-09,2026-07-09 15:55:00,16.67,16.745,16.65,16.7105,46816.0
2026-07-09,2026-07-09 16:00:00,16.72,16.79,16.67,16.79,425400.0
2026-07-10,2026-07-10 09:35:00,16.35,16.42,16.03,16.259,55379.0
2026-07-10,2026-07-10 09:40:00,16.16,16.2101,15.96,16.035,17900.0
2026-07-10,2026-07-10 09:45:00,15.96,15.97,15.8,15.881,23603.0
2026-07-10,2026-07-10 09:50:00,15.89,16.07,15.89,16.07,7925.0
2026-07-10,2026-07-10 09:55:00,16.075,16.1285,16.0,16.03,9432.0
2026-07-10,2026-07-10 10:00:00,16.03,16.09,15.98,16.005,11591.0
2026-07-10,2026-07-10 10:05:00,15.98,15.98,15.78,15.81,30115.0
2026-07-10,2026-07-10 10:10:00,15.815,15.8299,15.57,15.57,35149.0
2026-07-10,2026-07-10 10:15:00,15.53,15.59,15.51,15.57,14434.0
2026-07-10,2026-07-10 10:20:00,15.55,15.65,15.55,15.56,19693.0
2026-07-10,2026-07-10 10:25:00,15.5799,15.625,15.515,15.625,11075.0
2026-07-10,2026-07-10 10:30:00,15.625,15.7,15.58,15.69,7877.0
2026-07-10,2026-07-10 10:35:00,15.69,15.78,15.5,15.55,19344.0
2026-07-10,2026-07-10 10:40:00,15.5323,15.595,15.49,15.57,7062.0
2026-07-10,2026-07-10 10:45:00,15.57,15.64,15.57,15.58,8648.0
2026-07-10,2026-07-10 10:50:00,15.61,15.6999,15.56,15.64,9245.0
2026-07-10,2026-07-10 10:55:00,15.6343,15.72,15.55,15.57,12852.0
2026-07-10,2026-07-10 11:00:00,15.5899,15.5899,15.44,15.48,14297.0
2026-07-10,2026-07-10 11:05:00,15.45,15.49,15.4368,15.445,11294.0
2026-07-10,2026-07-10 11:10:00,15.43,15.49,15.34,15.34,25676.0
2026-07-10,2026-07-10 11:15:00,15.36,15.39,15.33,15.36,13385.0
2026-07-10,2026-07-10 11:20:00,15.39,15.4,15.33,15.33,9208.0
2026-07-10,2026-07-10 11:25:00,15.34,15.385,15.33,15.36,9189.0
2026-07-10,2026-07-10 11:30:00,15.36,15.4,15.36,15.3829,9259.0
2026-07-10,2026-07-10 11:35:00,15.37,15.44,15.346,15.44,10764.0
2026-07-10,2026-07-10 11:40:00,15.41,15.41,15.33,15.37,11513.0
2026-07-10,2026-07-10 11:45:00,15.36,15.4,15.35,15.4,13514.0
2026-07-10,2026-07-10 11:50:00,15.4,15.42,15.38,15.42,9199.0
2026-07-10,2026-07-10 11:55:00,15.43,15.47,15.41,15.45,13384.0
2026-07-10,2026-07-10 12:00:00,15.44,15.44,15.41,15.43,8611.0
2026-07-10,2026-07-10 12:05:00,15.43,15.45,15.42,15.4401,8281.0
2026-07-10,2026-07-10 12:10:00,15.435,15.49,15.43,15.49,6176.0
2026-07-10,2026-07-10 12:15:00,15.49,15.58,15.49,15.575,20014.0
2026-07-10,2026-07-10 12:20:00,15.59,15.71,15.57,15.65,104634.0
2026-07-10,2026-07-10 12:25:00,15.65,15.69,15.615,15.655,18035.0
2026-07-10,2026-07-10 12:30:00,15.655,15.7,15.64,15.67,8759.0
2026-07-10,2026-07-10 12:35:00,15.68,15.79,15.68,15.724,26897.0
2026-07-10,2026-07-10 12:40:00,15.73,15.78,15.72,15.77,17342.0
2026-07-10,2026-07-10 12:45:00,15.78,15.82,15.78,15.81,9316.0
2026-07-10,2026-07-10 12:50:00,15.82,15.84,15.81,15.81,10828.0
2026-07-10,2026-07-10 12:55:00,15.82,15.83,15.81,15.82,6601.0
2026-07-10,2026-07-10 13:00:00,15.81,15.86,15.795,15.85,13382.0
2026-07-10,2026-07-10 13:05:00,15.85,15.9,15.85,15.87,24450.0
2026-07-10,2026-07-10 13:10:00,15.87,15.92,15.86,15.875,8187.0
2026-07-10,2026-07-10 13:15:00,15.8582,15.89,15.84,15.86,11271.0
2026-07-10,2026-07-10 13:20:00,15.85,15.91,15.85,15.87,15793.0
2026-07-10,2026-07-10 13:25:00,15.87,15.97,15.87,15.95,14723.0
2026-07-10,2026-07-10 13:30:00,15.94,15.96,15.925,15.96,15246.0
2026-07-10,2026-07-10 13:35:00,15.95,16.02,15.94,15.97,16598.0
2026-07-10,2026-07-10 13:40:00,15.97,16.01,15.95,15.95,9654.0
2026-07-10,2026-07-10 13:45:00,15.96,16.01,15.96,15.98,10524.0
2026-07-10,2026-07-10 13:50:00,15.99,16.0,15.97,15.98,13119.0
2026-07-10,2026-07-10 13:55:00,15.99,16.0,15.97,15.98,10363.0
2026-07-10,2026-07-10 14:00:00,15.99,15.99,15.925,15.93,13038.0
2026-07-10,2026-07-10 14:05:00,15.94,15.98,15.92,15.925,17053.0
2026-07-10,2026-07-10 14:10:00,15.92,15.94,15.9,15.9209,8359.0
2026-07-10,2026-07-10 14:15:00,15.94,15.96,15.93,15.96,9669.0
2026-07-10,2026-07-10 14:20:00,15.96,15.96,15.925,15.95,16442.0
2026-07-10,2026-07-10 14:25:00,15.95,15.95,15.9,15.91,11010.0
2026-07-10,2026-07-10 14:30:00,15.92,15.92,15.9,15.92,7251.0
2026-07-10,2026-07-10 14:35:00,15.91,15.93,15.89,15.93,11382.0
2026-07-10,2026-07-10 14:40:00,15.92,15.93,15.89,15.91,16947.0
2026-07-10,2026-07-10 14:45:00,15.92,15.94,15.9,15.9,7670.0
2026-07-10,2026-07-10 14:50:00,15.9,15.9,15.87,15.87,17634.0
2026-07-10,2026-07-10 14:55:00,15.87,15.87,15.82,15.85,23023.0
2026-07-10,2026-07-10 15:00:00,15.85,15.89,15.85,15.88,11033.0
2026-07-10,2026-07-10 15:05:00,15.88,15.92,15.88,15.92,16318.0
2026-07-10,2026-07-10 15:10:00,15.92,15.94,15.83,15.84,25439.0
2026-07-10,2026-07-10 15:15:00,15.84,15.87,15.82,15.82,15176.0
2026-07-10,2026-07-10 15:20:00,15.815,15.83,15.76,15.76,28685.0
2026-07-10,2026-07-10 15:25:00,15.7501,15.755,15.665,15.68,64568.0
2026-07-10,2026-07-10 15:30:00,15.68,15.7,15.64,15.65,37668.0
2026-07-10,2026-07-10 15:35:00,15.66,15.68,15.659,15.66,22308.0
2026-07-10,2026-07-10 15:40:00,15.66,15.67,15.63,15.66,28295.0
2026-07-10,2026-07-10 15:45:00,15.66,15.68,15.64,15.65,37475.0
2026-07-10,2026-07-10 15:50:00,15.65,15.65,15.55,15.56,34789.0
2026-07-10,2026-07-10 15:55:00,15.57,15.67,15.56,15.62,92002.0
2026-07-10,2026-07-10 16:00:00,15.61,15.64,15.485,15.55,606700.0
2026-07-13,2026-07-13 09:35:00,15.35,15.35,14.87,15.06,47460.0
2026-07-13,2026-07-13 09:40:00,15.01,15.111,14.75,14.93,16777.0
2026-07-13,2026-07-13 09:45:00,14.925,15.2,14.916,15.09,9641.0
2026-07-13,2026-07-13 09:50:00,15.115,15.305,15.115,15.26,6208.0
2026-07-13,2026-07-13 09:55:00,15.26,15.29,15.18,15.29,24470.0
2026-07-13,2026-07-13 10:00:00,15.28,15.32,15.24,15.31,8218.0
2026-07-13,2026-07-13 10:05:00,15.32,15.32,15.12,15.13,17336.0
2026-07-13,2026-07-13 10:10:00,15.1,15.18,15.09,15.12,8791.0
2026-07-13,2026-07-13 10:15:00,15.11,15.16,15.05,15.11,6975.0
2026-07-13,2026-07-13 10:20:00,15.15,15.21,15.06,15.08,18260.0
2026-07-13,2026-07-13 10:25:00,15.08,15.13,15.07,15.13,6977.0
2026-07-13,2026-07-13 10:30:00,15.13,15.21,15.12,15.2,13987.0
2026-07-13,2026-07-13 10:35:00,15.21,15.27,15.17,15.26,15930.0
2026-07-13,2026-07-13 10:40:00,15.265,15.37,15.265,15.31,11613.0
2026-07-13,2026-07-13 10:45:00,15.305,15.35,15.305,15.32,10798.0
2026-07-13,2026-07-13 10:50:00,15.32,15.43,15.31,15.43,12580.0
2026-07-13,2026-07-13 10:55:00,15.435,15.44,15.36,15.41,8488.0
2026-07-13,2026-07-13 11:00:00,15.405,15.565,15.405,15.55,15738.0
2026-07-13,2026-07-13 11:05:00,15.56,15.59,15.475,15.475,10477.0
2026-07-13,2026-07-13 11:10:00,15.48,15.54,15.48,15.49,5657.0
2026-07-13,2026-07-13 11:15:00,15.515,15.55,15.48,15.52,25037.0
2026-07-13,2026-07-13 11:20:00,15.52,15.54,15.485,15.485,13698.0
2026-07-13,2026-07-13 11:25:00,15.49,15.51,15.46,15.49,5976.0
2026-07-13,2026-07-13 11:30:00,15.47,15.5,15.45,15.49,8103.0
2026-07-13,2026-07-13 11:35:00,15.4834,15.51,15.47,15.51,3900.0
2026-07-13,2026-07-13 11:40:00,15.49,15.49,15.43,15.45,9558.0
2026-07-13,2026-07-13 11:45:00,15.43,15.49,15.43,15.455,15754.0
2026-07-13,2026-07-13 11:50:00,15.46,15.46,15.425,15.43,6458.0
2026-07-13,2026-07-13 11:55:00,15.44,15.45,15.35,15.35,12870.0
2026-07-13,2026-07-13 12:00:00,15.35,15.35,15.31,15.32,24068.0
2026-07-13,2026-07-13 12:05:00,15.32,15.33,15.31,15.31,9784.0
2026-07-13,2026-07-13 12:10:00,15.31,15.37,15.31,15.37,13357.0
2026-07-13,2026-07-13 12:15:00,15.37,15.395,15.335,15.345,18741.0
2026-07-13,2026-07-13 12:20:00,15.345,15.345,15.27,15.27,5011.0
2026-07-13,2026-07-13 12:25:00,15.28,15.29,15.275,15.28,10906.0
2026-07-13,2026-07-13 12:30:00,15.28,15.28,15.2,15.2378,24912.0
2026-07-13,2026-07-13 12:35:00,15.25,15.25,15.1993,15.23,8365.0
2026-07-13,2026-07-13 12:40:00,15.23,15.26,15.19,15.255,13273.0
2026-07-13,2026-07-13 12:45:00,15.27,15.29,15.23,15.245,6822.0
2026-07-13,2026-07-13 12:50:00,15.24,15.25,15.23,15.23,5961.0
2026-07-13,2026-07-13 12:55:00,15.223887,15.245,15.21,15.245,7781.0
2026-07-13,2026-07-13 13:00:00,15.245,15.245,15.22,15.24,7475.0
2026-07-13,2026-07-13 13:05:00,15.25,15.33,15.25,15.3,12050.0
2026-07-13,2026-07-13 13:10:00,15.3,15.32,15.3,15.32,5059.0
2026-07-13,2026-07-13 13:15:00,15.33,15.34,15.24,15.24,11177.0
2026-07-13,2026-07-13 13:20:00,15.25,15.26,15.22,15.255,4855.0
2026-07-13,2026-07-13 13:25:00,15.255,15.29,15.24,15.24,10407.0
2026-07-13,2026-07-13 13:30:00,15.24,15.25,15.24,15.24,4074.0
2026-07-13,2026-07-13 13:35:00,15.245,15.27,15.22,15.22,10745.0
2026-07-13,2026-07-13 13:40:00,15.2,15.2,15.16,15.165,4488.0
2026-07-13,2026-07-13 13:45:00,15.165,15.23,15.165,15.225,13829.0
2026-07-13,2026-07-13 13:50:00,15.24,15.24,15.13,15.14,11245.0
2026-07-13,2026-07-13 13:55:00,15.12,15.15,15.11,15.13,14262.0
2026-07-13,2026-07-13 14:00:00,15.125,15.17,15.125,15.14,13605.0
2026-07-13,2026-07-13 14:05:00,15.14,15.24,15.14,15.23,11823.0
2026-07-13,2026-07-13 14:10:00,15.24,15.26,15.21,15.21,6859.0
2026-07-13,2026-07-13 14:15:00,15.2,15.21,15.185,15.21,9864.0
2026-07-13,2026-07-13 14:20:00,15.205,15.205,15.155,15.155,5351.0
2026-07-13,2026-07-13 14:25:00,15.15,15.2,15.15,15.2,6668.0
2026-07-13,2026-07-13 14:30:00,15.21,15.21,15.135,15.135,21602.0
2026-07-13,2026-07-13 14:35:00,15.115,15.18,15.115,15.17,10232.0
2026-07-13,2026-07-13 14:40:00,15.165,15.18,15.15,15.16,9581.0
2026-07-13,2026-07-13 14:45:00,15.16,15.18,15.14,15.14,14974.0
2026-07-13,2026-07-13 14:50:00,15.16,15.19,15.15,15.19,7362.0
2026-07-13,2026-07-13 14:55:00,15.18,15.2,15.16,15.2,9271.0
2026-07-13,2026-07-13 15:00:00,15.2,15.22,15.19,15.19,11515.0
2026-07-13,2026-07-13 15:05:00,15.195,15.25,15.195,15.235,7284.0
2026-07-13,2026-07-13 15:10:00,15.25,15.27,15.22,15.235,17696.0
2026-07-13,2026-07-13 15:15:00,15.235,15.24,15.195,15.22,14184.0
2026-07-13,2026-07-13 15:20:00,15.22,15.24,15.22,15.23,9380.0
2026-07-13,2026-07-13 15:25:00,15.24,15.25,15.19,15.22,24353.0
2026-07-13,2026-07-13 15:30:00,15.23,15.24,15.21,15.21,12287.0
2026-07-13,2026-07-13 15:35:00,15.21,15.24,15.19,15.195,23040.0
2026-07-13,2026-07-13 15:40:00,15.18,15.19,15.14,15.19,12554.0
2026-07-13,2026-07-13 15:45:00,15.18,15.235,15.18,15.235,32990.0
2026-07-13,2026-07-13 15:50:00,15.24,15.29,15.23,15.285,36300.0
2026-07-13,2026-07-13 15:55:00,15.29,15.31,15.18,15.205,135214.0
2026-07-13,2026-07-13 16:00:00,15.21,15.28,15.105,15.17,505501.0
2026-07-14,2026-07-14 09:35:00,15.19,15.19,14.92,14.92,22316.0
2026-07-14,2026-07-14 09:40:00,14.91,15.095,14.82,15.09,21220.0
2026-07-14,2026-07-14 09:45:00,15.14,15.2,15.095,15.16,10475.0
2026-07-14,2026-07-14 09:50:00,15.2,15.26,15.13,15.13,6167.0
2026-07-14,2026-07-14 09:55:00,15.01,15.01,14.87,14.87,11638.0
2026-07-14,2026-07-14 10:00:00,14.8583,15.02,14.8101,14.9,24683.0
2026-07-14,2026-07-14 10:05:00,14.97,14.98,14.74,14.785,22579.0
2026-07-14,2026-07-14 10:10:00,14.785,14.92,14.785,14.92,6437.0
2026-07-14,2026-07-14 10:15:00,14.94,15.025,14.92,15.02,8410.0
2026-07-14,2026-07-14 10:20:00,15.0,15.02,14.94,14.94,6321.0
2026-07-14,2026-07-14 10:25:00,14.97,15.1,14.94,15.08,20571.0
2026-07-14,2026-07-14 10:30:00,15.05,15.06,14.995,15.03,6364.0
2026-07-14,2026-07-14 10:35:00,15.01,15.13,14.9501,15.035,16669.0
2026-07-14,2026-07-14 10:40:00,15.01,15.03,14.98,15.02,4400.0
2026-07-14,2026-07-14 10:45:00,15.02,15.03,14.91,14.91,10034.0
2026-07-14,2026-07-14 10:50:00,14.95,14.96,14.915,14.94,4782.0
2026-07-14,2026-07-14 10:55:00,14.92,14.95,14.92,14.94,5681.0
2026-07-14,2026-07-14 11:00:00,14.95,14.96,14.93,14.95,6742.0
2026-07-14,2026-07-14 11:05:00,14.96,14.99,14.9,14.96,9354.0
2026-07-14,2026-07-14 11:10:00,14.93,14.93,14.89,14.89,5151.0
2026-07-14,2026-07-14 11:15:00,14.9,14.93,14.89,14.925,7912.0
2026-07-14,2026-07-14 11:20:00,14.91,14.9178,14.87,14.87,8573.0
2026-07-14,2026-07-14 11:25:00,14.87,14.94,14.87,14.92,25261.0
2026-07-14,2026-07-14 11:30:00,14.915,14.915,14.86,14.865,7357.0
2026-07-14,2026-07-14 11:35:00,14.865,14.88,14.84,14.85,8760.0
2026-07-14,2026-07-14 11:40:00,14.84,14.87,14.84,14.86,6313.0
2026-07-14,2026-07-14 11:45:00,14.85,14.865,14.805,14.825,14886.0
2026-07-14,2026-07-14 11:50:00,14.83,14.87,14.82,14.82,12265.0
2026-07-14,2026-07-14 11:55:00,14.805,14.87,14.8,14.87,17381.0
2026-07-14,2026-07-14 12:00:00,14.865,14.94,14.86,14.93,22724.0
2026-07-14,2026-07-14 12:05:00,14.94,14.95,14.83,14.87,20681.0
2026-07-14,2026-07-14 12:10:00,14.88,14.96,14.88,14.96,30044.0
2026-07-14,2026-07-14 12:15:00,14.97,14.99,14.93,14.945,16973.0
2026-07-14,2026-07-14 12:20:00,14.94,14.945,14.91,14.93,15394.0
2026-07-14,2026-07-14 12:25:00,14.93,14.95,14.91,14.91,15185.0
2026-07-14,2026-07-14 12:30:00,14.915,14.97,14.915,14.97,7660.0
2026-07-14,2026-07-14 12:35:00,14.98,14.99,14.965,14.98,11111.0
2026-07-14,2026-07-14 12:40:00,14.97,14.98,14.9609,14.98,7397.0
2026-07-14,2026-07-14 12:45:00,14.99,15.04,14.99,15.03,6379.0
2026-07-14,2026-07-14 12:50:00,15.03,15.06,15.02,15.06,7131.0
2026-07-14,2026-07-14 12:55:00,15.07,15.15,15.03,15.03,31552.0
2026-07-14,2026-07-14 13:00:00,15.02,15.02,14.99,15.02,7779.0
2026-07-14,2026-07-14 13:05:00,15.02,15.02,14.975,14.975,5893.0
2026-07-14,2026-07-14 13:10:00,14.96,15.0,14.96,14.98,8229.0
2026-07-14,2026-07-14 13:15:00,14.999,15.0,14.985,14.99,5729.0
2026-07-14,2026-07-14 13:20:00,14.98,15.01,14.97,15.01,7887.0
2026-07-14,2026-07-14 13:25:00,15.0,15.02,15.0,15.01,7726.0
2026-07-14,2026-07-14 13:30:00,15.01,15.02,15.0,15.01,5022.0
2026-07-14,2026-07-14 13:35:00,15.02,15.02,15.01,15.015,6217.0
2026-07-14,2026-07-14 13:40:00,15.01,15.02,14.99,14.99,7734.0
2026-07-14,2026-07-14 13:45:00,14.99,15.02,14.98,15.01,6028.0
2026-07-14,2026-07-14 13:50:00,15.01,15.01,14.99,15.0,6339.0
2026-07-14,2026-07-14 13:55:00,15.0,15.01,14.99,15.01,5328.0
2026-07-14,2026-07-14 14:00:00,15.01,15.02,15.01,15.01,6584.0
2026-07-14,2026-07-14 14:05:00,15.005,15.06,15.005,15.045,15573.0
2026-07-14,2026-07-14 14:10:00,15.03,15.03,15.0,15.02,12676.0
2026-07-14,2026-07-14 14:15:00,15.0299,15.0299,14.99,15.01,5083.0
2026-07-14,2026-07-14 14:20:00,15.02,15.045,15.02,15.03,8489.0
2026-07-14,2026-07-14 14:25:00,15.02,15.02,14.99,14.99,11369.0
2026-07-14,2026-07-14 14:30:00,14.98,14.98,14.93,14.93,14571.0
2026-07-14,2026-07-14 14:35:00,14.93,14.94,14.925,14.94,11417.0
2026-07-14,2026-07-14 14:40:00,14.95,14.975,14.95,14.97,12081.0
2026-07-14,2026-07-14 14:45:00,14.97,14.97,14.93,14.94,10203.0
2026-07-14,2026-07-14 14:50:00,14.95,14.96,14.93,14.945,22586.0
2026-07-14,2026-07-14 14:55:00,14.96,14.96,14.92,14.95,14412.0
2026-07-14,2026-07-14 15:00:00,14.94,14.95,14.93,14.94,6826.0
2026-07-14,2026-07-14 15:05:00,14.94,14.955,14.935,14.94,13976.0
2026-07-14,2026-07-14 15:10:00,14.94,14.98,14.94,14.955,17686.0
2026-07-14,2026-07-14 15:15:00,14.95,15.02,14.935,15.02,20567.0
2026-07-14,2026-07-14 15:20:00,15.02,15.02,14.98,14.99,13427.0
2026-07-14,2026-07-14 15:25:00,14.99,15.005,14.99,15.0,8479.0
2026-07-14,2026-07-14 15:30:00,15.0,15.01,14.98,14.99,17637.0
2026-07-14,2026-07-14 15:35:00,14.99,15.025,14.965,14.98,23898.0
2026-07-14,2026-07-14 15:40:00,14.99,14.99,14.93,14.945,20700.0
2026-07-14,2026-07-14 15:45:00,14.94,14.99,14.94,14.99,19950.0
2026-07-14,2026-07-14 15:50:00,14.985,14.995,14.96,14.98,24221.0
2026-07-14,2026-07-14 15:55:00,14.98,14.985,14.95,14.985,41927.0
2026-07-14,2026-07-14 16:00:00,14.98,15.005,14.93,14.94,394293.0
2026-07-15,2026-07-15 09:35:00,14.94,14.95,14.6201,14.786,27836.0
2026-07-15,2026-07-15 09:40:00,14.74,14.755,14.56,14.68,19268.0
2026-07-15,2026-07-15 09:45:00,14.705,14.77,14.705,14.77,4948.0
2026-07-15,2026-07-15 09:50:00,14.75,14.755,14.6518,14.69,5599.0
2026-07-15,2026-07-15 09:55:00,14.735,14.74,14.65,14.7,7261.0
2026-07-15,2026-07-15 10:00:00,14.7951,14.89,14.77,14.8051,11946.0
2026-07-15,2026-07-15 10:05:00,14.81,14.88,14.74,14.745,9678.0
2026-07-15,2026-07-15 10:10:00,14.745,14.845,14.745,14.79,5351.0
2026-07-15,2026-07-15 10:15:00,14.805,14.805,14.65,14.71,12615.0
2026-07-15,2026-07-15 10:20:00,14.715,14.78,14.715,14.76,6213.0
2026-07-15,2026-07-15 10:25:00,14.78,14.83,14.74,14.78,8449.0
2026-07-15,2026-07-15 10:30:00,14.825,14.86,14.825,14.86,3303.0
2026-07-15,2026-07-15 10:35:00,14.88,14.93,14.83,14.83,11379.0
2026-07-15,2026-07-15 10:40:00,14.86,14.89,14.79,14.79,5669.0
2026-07-15,2026-07-15 10:45:00,14.78,14.78,14.73,14.77,5745.0
2026-07-15,2026-07-15 10:50:00,14.77,14.78,14.73,14.77,4794.0
2026-07-15,2026-07-15 10:55:00,14.76,14.78,14.7,14.7,7987.0
2026-07-15,2026-07-15 11:00:00,14.69,14.73,14.69,14.72,5806.0
2026-07-15,2026-07-15 11:05:00,14.73,14.78,14.73,14.75,6400.0
2026-07-15,2026-07-15 11:10:00,14.76,14.81,14.74,14.78,7677.0
2026-07-15,2026-07-15 11:15:00,14.78,14.86,14.78,14.81,10201.0
2026-07-15,2026-07-15 11:20:00,14.77,14.82,14.76,14.82,4523.0
2026-07-15,2026-07-15 11:25:00,14.81,14.81,14.75,14.8,7044.0
2026-07-15,2026-07-15 11:30:00,14.83,14.85,14.81,14.845,6302.0
2026-07-15,2026-07-15 11:35:00,14.84,14.85,14.79,14.795,15650.0
2026-07-15,2026-07-15 11:40:00,14.79,14.83,14.79,14.8135,10289.0
2026-07-15,2026-07-15 11:45:00,14.84,14.84,14.81,14.81,6844.0
2026-07-15,2026-07-15 11:50:00,14.79,14.845,14.79,14.845,5160.0
2026-07-15,2026-07-15 11:55:00,14.83,14.84,14.815,14.84,5608.0
2026-07-15,2026-07-15 12:00:00,14.86,14.86,14.83,14.85,6951.0
2026-07-15,2026-07-15 12:05:00,14.85,14.85,14.8,14.82,9176.0
2026-07-15,2026-07-15 12:10:00,14.81,14.81,14.74,14.75,9784.0
2026-07-15,2026-07-15 12:15:00,14.74,14.74,14.68,14.68,10490.0
2026-07-15,2026-07-15 12:20:00,14.69,14.735,14.69,14.71,8146.0
2026-07-15,2026-07-15 12:25:00,14.72,14.72,14.65,14.66,13906.0
2026-07-15,2026-07-15 12:30:00,14.67,14.69,14.665,14.69,7355.0
2026-07-15,2026-07-15 12:35:00,14.7,14.705,14.68,14.68,5837.0
2026-07-15,2026-07-15 12:40:00,14.68,14.7,14.675,14.6801,7618.0
2026-07-15,2026-07-15 12:45:00,14.69,14.73,14.665,14.73,9025.0
2026-07-15,2026-07-15 12:50:00,14.72,14.8,14.71,14.725,27317.0
2026-07-15,2026-07-15 12:55:00,14.71,14.775,14.7,14.74,9138.0
2026-07-15,2026-07-15 13:00:00,14.73,14.76,14.71,14.755,7769.0
2026-07-15,2026-07-15 13:05:00,14.77,14.8,14.77,14.78,6821.0
2026-07-15,2026-07-15 13:10:00,14.77,14.77,14.75,14.75,3649.0
2026-07-15,2026-07-15 13:15:00,14.74,14.76,14.74,14.76,3613.0
2026-07-15,2026-07-15 13:20:00,14.75,14.775,14.75,14.775,6170.0
2026-07-15,2026-07-15 13:25:00,14.775,14.78,14.77,14.78,5516.0
2026-07-15,2026-07-15 13:30:00,14.78,14.78,14.72,14.775,21311.0
2026-07-15,2026-07-15 13:35:00,14.775,14.78,14.76,14.76,14853.0
2026-07-15,2026-07-15 13:40:00,14.77,14.825,14.75,14.81,19913.0
2026-07-15,2026-07-15 13:45:00,14.8,14.82,14.79,14.805,6062.0
2026-07-15,2026-07-15 13:50:00,14.82,14.83,14.81,14.82,8117.0
2026-07-15,2026-07-15 13:55:00,14.85,14.88,14.84,14.86,8326.0
2026-07-15,2026-07-15 14:00:00,14.86,14.86,14.84,14.84,5194.0
2026-07-15,2026-07-15 14:05:00,14.83,14.88,14.82,14.85,11038.0
2026-07-15,2026-07-15 14:10:00,14.84,14.88,14.82,14.84,29124.0
2026-07-15,2026-07-15 14:15:00,14.85,14.9,14.83,14.87,68421.0
2026-07-15,2026-07-15 14:20:00,14.87,14.87,14.78,14.81,51362.0
2026-07-15,2026-07-15 14:25:00,14.81,14.93,14.81,14.925,34402.0
2026-07-15,2026-07-15 14:30:00,14.925,14.93,14.9,14.9,13475.0
2026-07-15,2026-07-15 14:35:00,14.91,14.935,14.91,14.92,12244.0
2026-07-15,2026-07-15 14:40:00,14.92,14.94,14.92,14.93,9218.0
2026-07-15,2026-07-15 14:45:00,14.92,14.93,14.9,14.9,14098.0
2026-07-15,2026-07-15 14:50:00,14.9,14.92,14.9,14.91,9005.0
2026-07-15,2026-07-15 14:55:00,14.91,14.92,14.89,14.9,7602.0
2026-07-15,2026-07-15 15:00:00,14.91,14.92,14.86,14.87,11971.0
2026-07-15,2026-07-15 15:05:00,14.85,14.9,14.85,14.9,8909.0
2026-07-15,2026-07-15 15:10:00,14.91,14.93,14.91,14.93,8034.0
2026-07-15,2026-07-15 15:15:00,14.94,14.97,14.94,14.97,10156.0
2026-07-15,2026-07-15 15:20:00,14.98,14.985,14.96,14.98,10952.0
2026-07-15,2026-07-15 15:25:00,14.96,14.96,14.92,14.95,8298.0
2026-07-15,2026-07-15 15:30:00,14.94,14.96,14.93,14.96,14506.0
2026-07-15,2026-07-15 15:35:00,14.96,14.97,14.92,14.92,11698.0
2026-07-15,2026-07-15 15:40:00,14.91,14.93,14.9,14.92,13040.0
2026-07-15,2026-07-15 15:45:00,14.92,14.925,14.8102,14.83,38993.0
2026-07-15,2026-07-15 15:50:00,14.82,14.835,14.77,14.79,75967.0
2026-07-15,2026-07-15 15:55:00,14.8,14.82,14.765,14.78,26012.0
2026-07-15,2026-07-15 16:00:00,14.77,14.88,14.77,14.86,279991.0
2026-07-16,2026-07-16 09:35:00,14.65,14.685,14.5,14.54,46029.0
2026-07-16,2026-07-16 09:40:00,14.539,14.65,14.52,14.52,14101.0
2026-07-16,2026-07-16 09:45:00,14.525,14.57,14.44,14.4839,8718.0
2026-07-16,2026-07-16 09:50:00,14.46,14.65,14.46,14.495,14085.0
2026-07-16,2026-07-16 09:55:00,14.495,14.62,14.494,14.605,10456.0
2026-07-16,2026-07-16 10:00:00,14.599,14.599,14.51,14.52,10934.0
2026-07-16,2026-07-16 10:05:00,14.555,14.6475,14.51,14.52,13417.0
2026-07-16,2026-07-16 10:10:00,14.5,14.615,14.5,14.615,5650.0
2026-07-16,2026-07-16 10:15:00,14.615,14.655,14.61,14.62,5709.0
2026-07-16,2026-07-16 10:20:00,14.645,14.65,14.57,14.645,13566.0
2026-07-16,2026-07-16 10:25:00,14.62,14.62,14.53,14.54,10635.0
2026-07-16,2026-07-16 10:30:00,14.5301,14.585,14.53,14.53,9302.0
2026-07-16,2026-07-16 10:35:00,14.53,14.53,14.46,14.5,13902.0
2026-07-16,2026-07-16 10:40:00,14.49,14.49,14.46,14.48,8210.0
2026-07-16,2026-07-16 10:45:00,14.49,14.6,14.49,14.6,7118.0
2026-07-16,2026-07-16 10:50:00,14.6,14.6,14.53,14.5641,9163.0
2026-07-16,2026-07-16 10:55:00,14.565,14.6,14.54,14.565,9964.0
2026-07-16,2026-07-16 11:00:00,14.56,14.61,14.56,14.61,3010.0
2026-07-16,2026-07-16 11:05:00,14.6,14.61,14.57,14.58,10562.0
2026-07-16,2026-07-16 11:10:00,14.55,14.6,14.55,14.6,4762.0
2026-07-16,2026-07-16 11:15:00,14.62,14.63,14.61,14.63,3478.0
2026-07-16,2026-07-16 11:20:00,14.64,14.64,14.59,14.62,5352.0
2026-07-16,2026-07-16 11:25:00,14.62,14.62,14.55,14.58,16763.0
2026-07-16,2026-07-16 11:30:00,14.6,14.615,14.54,14.54,7422.0
2026-07-16,2026-07-16 11:35:00,14.55,14.55,14.489,14.52,17045.0
2026-07-16,2026-07-16 11:40:00,14.515,14.53,14.46,14.47,6459.0
2026-07-16,2026-07-16 11:45:00,14.465,14.47,14.435,14.44,8170.0
2026-07-16,2026-07-16 11:50:00,14.445,14.48,14.4,14.48,6881.0
2026-07-16,2026-07-16 11:55:00,14.5,14.52,14.49,14.49,7392.0
2026-07-16,2026-07-16 12:00:00,14.505,14.505,14.48,14.48,3886.0
2026-07-16,2026-07-16 12:05:00,14.47,14.49,14.45,14.46,13112.0
2026-07-16,2026-07-16 12:10:00,14.455,14.49,14.455,14.48,6748.0
2026-07-16,2026-07-16 12:15:00,14.47,14.47,14.42,14.42,8343.0
2026-07-16,2026-07-16 12:20:00,14.4,14.42,14.39,14.405,8239.0
2026-07-16,2026-07-16 12:25:00,14.39,14.39,14.33,14.33,14052.0
2026-07-16,2026-07-16 12:30:00,14.33,14.385,14.33,14.3731,8988.0
2026-07-16,2026-07-16 12:35:00,14.39,14.39,14.37,14.37,7850.0
2026-07-16,2026-07-16 12:40:00,14.35,14.35,14.34,14.35,4772.0
2026-07-16,2026-07-16 12:45:00,14.35,14.38,14.35,14.36,5753.0
2026-07-16,2026-07-16 12:50:00,14.36,14.36,14.27,14.27,13015.0
2026-07-16,2026-07-16 12:55:00,14.27,14.29,14.26,14.27,7589.0
2026-07-16,2026-07-16 13:00:00,14.29,14.32,14.29,14.32,6521.0
2026-07-16,2026-07-16 13:05:00,14.32,14.32,14.26,14.31,15317.0
2026-07-16,2026-07-16 13:10:00,14.3,14.34,14.27,14.34,8856.0
2026-07-16,2026-07-16 13:15:00,14.34,14.36,14.2991,14.3,11147.0
2026-07-16,2026-07-16 13:20:00,14.3,14.31,14.29,14.29,4286.0
2026-07-16,2026-07-16 13:25:00,14.29,14.31,14.28,14.305,9390.0
2026-07-16,2026-07-16 13:30:00,14.3,14.33,14.29,14.33,6097.0
2026-07-16,2026-07-16 13:35:00,14.33,14.33,14.29,14.31,9798.0
2026-07-16,2026-07-16 13:40:00,14.3,14.3,14.27,14.27,7277.0
2026-07-16,2026-07-16 13:45:00,14.28,14.3185,14.28,14.3185,5866.0
2026-07-16,2026-07-16 13:50:00,14.31,14.33,14.31,14.33,4762.0
2026-07-16,2026-07-16 13:55:00,14.325,14.34,14.31,14.32,11061.0
2026-07-16,2026-07-16 14:00:00,14.31,14.31,14.24,14.28,10556.0
2026-07-16,2026-07-16 14:05:00,14.28,14.28,14.22,14.22,9197.0
2026-07-16,2026-07-16 14:10:00,14.21,14.21,14.18,14.19,10410.0
2026-07-16,2026-07-16 14:15:00,14.2,14.26,14.2,14.21,19357.0
2026-07-16,2026-07-16 14:20:00,14.2,14.29,14.19,14.28,11144.0
2026-07-16,2026-07-16 14:25:00,14.28,14.3,14.265,14.29,6305.0
2026-07-16,2026-07-16 14:30:00,14.3,14.355,14.29,14.34,8702.0
2026-07-16,2026-07-16 14:35:00,14.32,14.34,14.32,14.34,5291.0
2026-07-16,2026-07-16 14:40:00,14.335,14.35,14.32,14.32,5751.0
2026-07-16,2026-07-16 14:45:00,14.31,14.34,14.28,14.315,8872.0
2026-07-16,2026-07-16 14:50:00,14.33,14.33,14.29,14.29,7783.0
2026-07-16,2026-07-16 14:55:00,14.28,14.28,14.26,14.27,5675.0
2026-07-16,2026-07-16 15:00:00,14.28,14.28,14.23,14.23,10415.0
2026-07-16,2026-07-16 15:05:00,14.22,14.24,14.22,14.24,6461.0
2026-07-16,2026-07-16 15:10:00,14.23,14.230711,14.18,14.18,21780.0
2026-07-16,2026-07-16 15:15:00,14.19,14.2,14.18,14.19,6958.0
2026-07-16,2026-07-16 15:20:00,14.18,14.18,14.07,14.13,43944.0
2026-07-16,2026-07-16 15:25:00,14.14,14.14,14.1,14.1,13517.0
2026-07-16,2026-07-16 15:30:00,14.09,14.11,14.08,14.09,16610.0
2026-07-16,2026-07-16 15:35:00,14.1,14.1,14.08,14.09,16532.0
2026-07-16,2026-07-16 15:40:00,14.09,14.125,14.0873,14.105,19137.0
2026-07-16,2026-07-16 15:45:00,14.1,14.1,14.05,14.06,39433.0
2026-07-16,2026-07-16 15:50:00,14.06,14.06,14.0101,14.035,30400.0
2026-07-16,2026-07-16 15:55:00,14.04,14.12,14.04,14.12,50040.0
2026-07-16,2026-07-16 16:00:00,14.11,14.19,14.0914,14.17,443809.0
2026-07-17,2026-07-17 09:35:00,13.74,14.1475,13.62,14.0,63174.0
2026-07-17,2026-07-17 09:40:00,14.01,14.2134,13.9902,14.14,70088.0
2026-07-17,2026-07-17 09:45:00,14.15,14.425,14.15,14.32,11185.0
2026-07-17,2026-07-17 09:50:00,14.33,14.56,14.24,14.54,27248.0
2026-07-17,2026-07-17 09:55:00,14.52,14.67,14.52,14.57,90769.0
2026-07-17,2026-07-17 10:00:00,14.52,14.69,14.4447,14.6331,34596.0
2026-07-17,2026-07-17 10:05:00,14.66,15.09,14.6072,15.01,77788.0
2026-07-17,2026-07-17 10:10:00,15.035,15.25,15.025,15.23,45314.0
2026-07-17,2026-07-17 10:15:00,15.23,15.235,14.9701,14.995,28042.0
2026-07-17,2026-07-17 10:20:00,14.995,15.09,14.995,15.0148,9981.0
2026-07-17,2026-07-17 10:25:00,15.06,15.22,15.0301,15.17,16242.0
2026-07-17,2026-07-17 10:30:00,15.1963,15.22,15.14,15.15,13256.0
2026-07-17,2026-07-17 10:35:00,15.14,15.21,15.105,15.19,31358.0
2026-07-17,2026-07-17 10:40:00,15.21,15.36,15.11,15.1567,156539.0
2026-07-17,2026-07-17 10:45:00,15.13,15.13,15.045,15.07,15256.0
2026-07-17,2026-07-17 10:50:00,15.065,15.08,14.99,15.05,20886.0
2026-07-17,2026-07-17 10:55:00,15.05,15.17,15.05,15.165,45029.0
2026-07-17,2026-07-17 11:00:00,15.18,15.22,15.17,15.21,12448.0
2026-07-17,2026-07-17 11:05:00,15.22,15.22,15.05,15.06,51357.0
2026-07-17,2026-07-17 11:10:00,15.045,15.24,15.04,15.19,74183.0
2026-07-17,2026-07-17 11:15:00,15.19,15.29,15.17,15.235,25631.0
2026-07-17,2026-07-17 11:20:00,15.235,15.235,15.13,15.19,79600.0
2026-07-17,2026-07-17 11:25:00,15.18,15.195,15.16,15.19,15827.0
2026-07-17,2026-07-17 11:30:00,15.19,15.2799,15.185,15.27,30471.0
2026-07-17,2026-07-17 11:35:00,15.26,15.38,15.23,15.335,119217.0
2026-07-17,2026-07-17 11:40:00,15.32,15.335,15.265,15.325,41592.0
2026-07-17,2026-07-17 11:45:00,15.34,15.36,15.18,15.23,53500.0
2026-07-17,2026-07-17 11:50:00,15.23,15.23,15.1301,15.15,16462.0
2026-07-17,2026-07-17 11:55:00,15.15,15.19,15.12,15.19,69100.0
2026-07-17,2026-07-17 12:00:00,15.2,15.265,15.2,15.245,10792.0
2026-07-17,2026-07-17 12:05:00,15.245,15.28,15.205,15.205,20075.0
2026-07-17,2026-07-17 12:10:00,15.205,15.31,15.205,15.31,10268.0
2026-07-17,2026-07-17 12:15:00,15.33,15.34,15.3,15.34,7252.0
2026-07-17,2026-07-17 12:20:00,15.33,15.33,15.27,15.28,11148.0
2026-07-17,2026-07-17 12:25:00,15.275,15.28,15.18,15.19,9205.0
2026-07-17,2026-07-17 12:30:00,15.2,15.25,15.19,15.25,8620.0
2026-07-17,2026-07-17 12:35:00,15.255,15.26,15.19,15.195,20730.0
2026-07-17,2026-07-17 12:40:00,15.195,15.21,15.15,15.155,32114.0
2026-07-17,2026-07-17 12:45:00,15.17,15.2,15.17,15.19,29078.0
2026-07-17,2026-07-17 12:50:00,15.19,15.25,15.19,15.24,23720.0
2026-07-17,2026-07-17 12:55:00,15.25,15.26,15.23,15.25,4810.0
2026-07-17,2026-07-17 13:00:00,15.26,15.29,15.26,15.29,5992.0
2026-07-17,2026-07-17 13:05:00,15.3,15.335,15.3,15.32,10032.0
2026-07-17,2026-07-17 13:10:00,15.315,15.36,15.31,15.31,16153.0
2026-07-17,2026-07-17 13:15:00,15.32,15.34,15.31,15.315,6186.0
2026-07-17,2026-07-17 13:20:00,15.3,15.36,15.3,15.33,10421.0
2026-07-17,2026-07-17 13:25:00,15.32,15.35,15.32,15.33,13134.0
2026-07-17,2026-07-17 13:30:00,15.322,15.37,15.322,15.33,26556.0
2026-07-17,2026-07-17 13:35:00,15.325,15.325,15.31,15.32,7326.0
2026-07-17,2026-07-17 13:40:00,15.32,15.32,15.29,15.3,8004.0
2026-07-17,2026-07-17 13:45:00,15.3,15.31,15.26,15.29,14301.0
2026-07-17,2026-07-17 13:50:00,15.291,15.31,15.2895,15.3,9479.0
2026-07-17,2026-07-17 13:55:00,15.31,15.32,15.29,15.31,11099.0
2026-07-17,2026-07-17 14:00:00,15.3,15.305,15.24,15.25,14469.0
2026-07-17,2026-07-17 14:05:00,15.26,15.26,15.22,15.22,11560.0
2026-07-17,2026-07-17 14:10:00,15.22,15.22,15.18,15.19,6429.0
2026-07-17,2026-07-17 14:15:00,15.2,15.21,15.14,15.16,14376.0
2026-07-17,2026-07-17 14:20:00,15.15,15.15,15.09,15.1,9865.0
2026-07-17,2026-07-17 14:25:00,15.1,15.165,15.1,15.155,13652.0
2026-07-17,2026-07-17 14:30:00,15.15,15.17,15.11,15.11,11518.0
2026-07-17,2026-07-17 14:35:00,15.1,15.13,15.02,15.13,46597.0
2026-07-17,2026-07-17 14:40:00,15.14,15.18,15.13,15.13,12879.0
2026-07-17,2026-07-17 14:45:00,15.13,15.175,15.12,15.17,35258.0
2026-07-17,2026-07-17 14:50:00,15.17,15.25,15.16,15.2406,137164.0
2026-07-17,2026-07-17 14:55:00,15.26,15.37,15.23,15.25,153977.0
2026-07-17,2026-07-17 15:00:00,15.25,15.3,15.23,15.3,109789.0
2026-07-17,2026-07-17 15:05:00,15.3,15.31,15.28,15.3,35203.0
2026-07-17,2026-07-17 15:10:00,15.295,15.325,15.27,15.31,54497.0
2026-07-17,2026-07-17 15:15:00,15.31,15.31,15.27,15.27,25060.0
2026-07-17,2026-07-17 15:20:00,15.27,15.4,15.2,15.23,53035.0
2026-07-17,2026-07-17 15:25:00,15.22,15.22,15.14,15.15,21876.0
2026-07-17,2026-07-17 15:30:00,15.13,15.21,15.13,15.21,38841.0
2026-07-17,2026-07-17 15:35:00,15.2005,15.3,15.19,15.28,129430.0
2026-07-17,2026-07-17 15:40:00,15.27,15.32,15.241,15.32,28991.0
2026-07-17,2026-07-17 15:45:00,15.31,15.36,15.29,15.35,27771.0
2026-07-17,2026-07-17 15:50:00,15.34,15.4,15.32,15.39,64197.0
2026-07-17,2026-07-17 15:55:00,15.38,15.46,15.38,15.4399,120360.0
2026-07-17,2026-07-17 16:00:00,15.435,15.51,15.39,15.44,616660.0
2026-07-20,2026-07-20 09:35:00,15.51,15.79,15.5,15.545,54998.0
2026-07-20,2026-07-20 09:40:00,15.565,15.64,15.47,15.57,20934.0
2026-07-20,2026-07-20 09:45:00,15.7,15.7,15.39,15.41,12343.0
2026-07-20,2026-07-20 09:50:00,15.415,15.415,15.3001,15.355,10311.0
2026-07-20,2026-07-20 09:55:00,15.31,15.330349,15.15,15.16,10721.0
2026-07-20,2026-07-20 10:00:00,15.16,15.21,15.0901,15.165,6338.0
2026-07-20,2026-07-20 10:05:00,15.165,15.24,15.15,15.15,16318.0
2026-07-20,2026-07-20 10:10:00,15.15,15.175,15.12,15.165,20118.0
2026-07-20,2026-07-20 10:15:00,15.16,15.16,15.08,15.125,28258.0
2026-07-20,2026-07-20 10:20:00,15.125,15.16,15.08,15.085,11413.0
2026-07-20,2026-07-20 10:25:00,15.085,15.105,15.03,15.085,17740.0
2026-07-20,2026-07-20 10:30:00,15.06,15.07,15.018,15.065,10295.0
2026-07-20,2026-07-20 10:35:00,15.06,15.06,14.98,14.985,9417.0
2026-07-20,2026-07-20 10:40:00,14.98,15.06,14.97,15.05,15651.0
2026-07-20,2026-07-20 10:45:00,15.07,15.075,15.01,15.03,9234.0
2026-07-20,2026-07-20 10:50:00,15.015,15.03,14.99,15.0,10241.0
2026-07-20,2026-07-20 10:55:00,14.985,14.99,14.95,14.95,7512.0
2026-07-20,2026-07-20 11:00:00,14.94,14.94,14.91,14.94,10891.0
2026-07-20,2026-07-20 11:05:00,14.94,15.02,14.93,15.005,11639.0
2026-07-20,2026-07-20 11:10:00,14.99,15.07,14.99,15.015,23167.0
2026-07-20,2026-07-20 11:15:00,15.03,15.03,14.96,14.97,11216.0
2026-07-20,2026-07-20 11:20:00,14.975,14.99,14.93,14.97,15031.0
2026-07-20,2026-07-20 11:25:00,14.94,14.985,14.94,14.98,8421.0
2026-07-20,2026-07-20 11:30:00,14.985,15.0,14.96,14.98,12796.0
2026-07-20,2026-07-20 11:35:00,15.0,15.02,14.955,14.96,9029.0
2026-07-20,2026-07-20 11:40:00,14.95,14.96,14.935,14.95,9021.0
2026-07-20,2026-07-20 11:45:00,14.945,14.96,14.94,14.94,8953.0
2026-07-20,2026-07-20 11:50:00,14.95,15.0,14.95,15.0,13018.0
2026-07-20,2026-07-20 11:55:00,15.005,15.05,14.995,15.01,13715.0
2026-07-20,2026-07-20 12:00:00,15.0,15.06,14.995,15.02,9569.0
2026-07-20,2026-07-20 12:05:00,15.03,15.11,15.03,15.11,9591.0
2026-07-20,2026-07-20 12:10:00,15.1,15.16,15.1,15.14,9508.0
2026-07-20,2026-07-20 12:15:00,15.15,15.18,15.135,15.15,12784.0
2026-07-20,2026-07-20 12:20:00,15.16,15.16,15.115,15.13,5697.0
2026-07-20,2026-07-20 12:25:00,15.12,15.12,15.1,15.1,3496.0
2026-07-20,2026-07-20 12:30:00,15.11,15.11,15.04,15.055,7399.0
2026-07-20,2026-07-20 12:35:00,15.06,15.07,15.035,15.06,8173.0
2026-07-20,2026-07-20 12:40:00,15.05,15.055,15.04,15.05,5413.0
2026-07-20,2026-07-20 12:45:00,15.06,15.07,15.0,15.045,12239.0
2026-07-20,2026-07-20 12:50:00,15.06,15.06,15.03,15.04,13280.0
2026-07-20,2026-07-20 12:55:00,15.04,15.045,15.02,15.02,10058.0
2026-07-20,2026-07-20 13:00:00,15.02,15.06,15.02,15.06,8419.0
2026-07-20,2026-07-20 13:05:00,15.06,15.08,15.05,15.05,12857.0
2026-07-20,2026-07-20 13:10:00,15.06,15.065,15.05,15.06,8478.0
2026-07-20,2026-07-20 13:15:00,15.055,15.06,15.04,15.06,8679.0
2026-07-20,2026-07-20 13:20:00,15.06,15.06,15.02,15.06,13651.0
2026-07-20,2026-07-20 13:25:00,15.06,15.06,15.04,15.04,17200.0
2026-07-20,2026-07-20 13:30:00,15.04,15.05,14.935,14.97,21583.0
2026-07-20,2026-07-20 13:35:00,14.97,14.99,14.94,14.945,5698.0
2026-07-20,2026-07-20 13:40:00,14.95,15.0,14.95,15.0,16564.0
2026-07-20,2026-07-20 13:45:00,14.995,15.015,14.93,14.93,16088.0
2026-07-20,2026-07-20 13:50:00,14.93,14.96,14.93,14.95,6092.0
2026-07-20,2026-07-20 13:55:00,14.94,14.99,14.94,14.99,6248.0
2026-07-20,2026-07-20 14:00:00,14.99,14.995,14.97,14.975,9851.0
2026-07-20,2026-07-20 14:05:00,14.99,15.03,14.99,15.0,10113.0
2026-07-20,2026-07-20 14:10:00,15.005,15.02,14.96,15.02,20987.0
2026-07-20,2026-07-20 14:15:00,15.01,15.02,14.99,15.01,8115.0
2026-07-20,2026-07-20 14:20:00,15.02,15.04,14.9549,14.9549,11035.0
2026-07-20,2026-07-20 14:25:00,14.96,15.02,14.93,14.95,25211.0
2026-07-20,2026-07-20 14:30:00,14.95,14.985,14.95,14.98,10938.0
2026-07-20,2026-07-20 14:35:00,14.97,14.97,14.925,14.94,7976.0
2026-07-20,2026-07-20 14:40:00,14.95,14.96,14.92,14.92,9996.0
2026-07-20,2026-07-20 14:45:00,14.92,14.925,14.91,14.92,8851.0
2026-07-20,2026-07-20 14:50:00,14.92,14.935,14.91,14.92,14962.0
2026-07-20,2026-07-20 14:55:00,14.92,14.92,14.89,14.89,13701.0
2026-07-20,2026-07-20 15:00:00,14.88,14.88,14.86,14.88,11093.0
2026-07-20,2026-07-20 15:05:00,14.87,14.91,14.83,14.87,23356.0
2026-07-20,2026-07-20 15:10:00,14.86,14.95,14.86,14.93,79732.0
2026-07-20,2026-07-20 15:15:00,14.94,14.945,14.86,14.86,15999.0
2026-07-20,2026-07-20 15:20:00,14.86,14.865,14.83,14.84,32658.0
2026-07-20,2026-07-20 15:25:00,14.84,14.875,14.84,14.875,12933.0
2026-07-20,2026-07-20 15:30:00,14.875,14.875,14.795,14.81,21415.0
2026-07-20,2026-07-20 15:35:00,14.81,14.85,14.8,14.84,36379.0
2026-07-20,2026-07-20 15:40:00,14.83,14.9,14.82,14.9,28964.0
2026-07-20,2026-07-20 15:45:00,14.89,14.925,14.86,14.915,39671.0
2026-07-20,2026-07-20 15:50:00,14.91,14.91,14.86,14.875,35474.0
2026-07-20,2026-07-20 15:55:00,14.87,14.88,14.77,14.78,58333.0
2026-07-20,2026-07-20 16:00:00,14.78,14.96,14.74,14.86,520512.0
2026-07-21,2026-07-21 09:35:00,15.09,15.22,14.855,14.915,35067.0
2026-07-21,2026-07-21 09:40:00,14.97,15.0839,14.961,15.0,7220.0
2026-07-21,2026-07-21 09:45:00,15.02,15.07,14.9316,15.01,26413.0
2026-07-21,2026-07-21 09:50:00,15.03,15.175,15.03,15.125,8807.0
2026-07-21,2026-07-21 09:55:00,15.11,15.135,15.07,15.1,5567.0
2026-07-21,2026-07-21 10:00:00,15.11,15.195,15.1,15.165,11652.0
2026-07-21,2026-07-21 10:05:00,15.18,15.3,15.16,15.3,8497.0
2026-07-21,2026-07-21 10:10:00,15.33,15.355,15.265,15.3505,9422.0
2026-07-21,2026-07-21 10:15:00,15.34,15.37,15.305,15.345,8363.0
2026-07-21,2026-07-21 10:20:00,15.37,15.39,15.36,15.37,4553.0
2026-07-21,2026-07-21 10:25:00,15.36,15.4,15.35,15.385,7938.0
2026-07-21,2026-07-21 10:30:00,15.395,15.395,15.32,15.35,13817.0
2026-07-21,2026-07-21 10:35:00,15.355,15.44,15.355,15.39,8342.0
2026-07-21,2026-07-21 10:40:00,15.39,15.4,15.28,15.28,12173.0
2026-07-21,2026-07-21 10:45:00,15.25,15.29,15.25,15.29,5232.0
2026-07-21,2026-07-21 10:50:00,15.29,15.3,15.265,15.28,3579.0
2026-07-21,2026-07-21 10:55:00,15.27,15.3,15.25,15.26,7212.0
2026-07-21,2026-07-21 11:00:00,15.26,15.295,15.26,15.295,4428.0
2026-07-21,2026-07-21 11:05:00,15.295,15.31,15.25,15.26,16489.0
2026-07-21,2026-07-21 11:10:00,15.29,15.37,15.29,15.29,9894.0
2026-07-21,2026-07-21 11:15:00,15.28,15.355,15.275,15.34,11195.0
2026-07-21,2026-07-21 11:20:00,15.33,15.37,15.33,15.365,5033.0
2026-07-21,2026-07-21 11:25:00,15.365,15.41,15.365,15.405,7599.0
2026-07-21,2026-07-21 11:30:00,15.4,15.47,15.4,15.46,3816.0
2026-07-21,2026-07-21 11:35:00,15.44,15.4479,15.37,15.37,10521.0
2026-07-21,2026-07-21 11:40:00,15.36,15.36,15.3,15.31,7907.0
2026-07-21,2026-07-21 11:45:00,15.3,15.32,15.28,15.28,6612.0
2026-07-21,2026-07-21 11:50:00,15.285,15.3,15.25,15.3,5015.0
2026-07-21,2026-07-21 11:55:00,15.3,15.3,15.26,15.27,8767.0
2026-07-21,2026-07-21 12:00:00,15.265,15.265,15.1826,15.19,7883.0
2026-07-21,2026-07-21 12:05:00,15.185,15.21,15.12,15.145,23033.0
2026-07-21,2026-07-21 12:10:00,15.15,15.16,15.11,15.13,7465.0
2026-07-21,2026-07-21 12:15:00,15.13,15.14,15.13,15.14,7889.0
2026-07-21,2026-07-21 12:20:00,15.15,15.29,15.14,15.175,55615.0
2026-07-21,2026-07-21 12:25:00,15.18,15.2,15.14,15.16,20099.0
2026-07-21,2026-07-21 12:30:00,15.15,15.15,15.09,15.115,18288.0
2026-07-21,2026-07-21 12:35:00,15.11,15.12,15.09,15.105,8174.0
2026-07-21,2026-07-21 12:40:00,15.1,15.13,15.08,15.13,13820.0
2026-07-21,2026-07-21 12:45:00,15.14,15.175,15.135,15.15,10734.0
2026-07-21,2026-07-21 12:50:00,15.14,15.18,15.14,15.18,13844.0
2026-07-21,2026-07-21 12:55:00,15.2,15.265,15.19,15.265,6520.0
2026-07-21,2026-07-21 13:00:00,15.25,15.265,15.225,15.241,5992.0
2026-07-21,2026-07-21 13:05:00,15.24,15.26,15.23,15.26,10227.0
2026-07-21,2026-07-21 13:10:00,15.25,15.305,15.25,15.28,18524.0
2026-07-21,2026-07-21 13:15:00,15.2705,15.32,15.26,15.3,13060.0
2026-07-21,2026-07-21 13:20:00,15.2901,15.33,15.2901,15.32,13320.0
2026-07-21,2026-07-21 13:25:00,15.32,15.33,15.29,15.3,9275.0
2026-07-21,2026-07-21 13:30:00,15.29,15.295,15.28,15.29,6372.0
2026-07-21,2026-07-21 13:35:00,15.3,15.3,15.26,15.27,9040.0
2026-07-21,2026-07-21 13:40:00,15.26,15.31,15.26,15.301,9781.0
2026-07-21,2026-07-21 13:45:00,15.3,15.36,15.3,15.32,21856.0
2026-07-21,2026-07-21 13:50:00,15.31,15.31,15.235,15.235,7938.0
2026-07-21,2026-07-21 13:55:00,15.22,15.23,15.21,15.21,8212.0
2026-07-21,2026-07-21 14:00:00,15.22,15.22,15.2,15.21,7174.0
2026-07-21,2026-07-21 14:05:00,15.22,15.225,15.21,15.225,4975.0
2026-07-21,2026-07-21 14:10:00,15.22,15.25,15.21,15.25,11178.0
2026-07-21,2026-07-21 14:15:00,15.25,15.27,15.23,15.23,6618.0
2026-07-21,2026-07-21 14:20:00,15.23,15.25,15.23,15.25,7621.0
2026-07-21,2026-07-21 14:25:00,15.25,15.265,15.25,15.26,9863.0
2026-07-21,2026-07-21 14:30:00,15.25,15.26,15.24,15.26,5884.0
2026-07-21,2026-07-21 14:35:00,15.25,15.26,15.23,15.2499,8460.0
2026-07-21,2026-07-21 14:40:00,15.25,15.25,15.2,15.2,11625.0
2026-07-21,2026-07-21 14:45:00,15.19,15.24,15.19,15.21,17333.0
2026-07-21,2026-07-21 14:50:00,15.2,15.24,15.2,15.22,11888.0
2026-07-21,2026-07-21 14:55:00,15.22,15.23,15.17,15.2,14915.0
2026-07-21,2026-07-21 15:00:00,15.21,15.21,15.19,15.19,6689.0
2026-07-21,2026-07-21 15:05:00,15.195,15.235,15.19,15.215,17632.0
2026-07-21,2026-07-21 15:10:00,15.21,15.22,15.2,15.215,12781.0
2026-07-21,2026-07-21 15:15:00,15.215,15.25,15.21,15.23,35099.0
2026-07-21,2026-07-21 15:20:00,15.24,15.3,15.235,15.28,74782.0
2026-07-21,2026-07-21 15:25:00,15.285,15.35,15.285,15.31,125583.0
2026-07-21,2026-07-21 15:30:00,15.31,15.33,15.275,15.31,73061.0
2026-07-21,2026-07-21 15:35:00,15.31,15.39,15.31,15.37,30037.0
2026-07-21,2026-07-21 15:40:00,15.36,15.42,15.36,15.375,28353.0
2026-07-21,2026-07-21 15:45:00,15.37,15.44,15.37,15.44,32712.0
2026-07-21,2026-07-21 15:50:00,15.44,15.505,15.43,15.49,38987.0
2026-07-21,2026-07-21 15:55:00,15.49,15.54,15.48,15.53,45682.0
2026-07-21,2026-07-21 16:00:00,15.53,15.57,15.49,15.51,441479.0
2026-07-22,2026-07-22 09:35:00,15.26,15.43,15.26,15.35,17016.0
2026-07-22,2026-07-22 09:40:00,15.42,15.4999,15.3,15.3,8302.0
2026-07-22,2026-07-22 09:45:00,15.3,15.4375,15.3,15.405,27690.0
2026-07-22,2026-07-22 09:50:00,15.4599,15.48,15.09,15.09,19131.0
2026-07-22,2026-07-22 09:55:00,15.08,15.1,14.96,15.025,23525.0
2026-07-22,2026-07-22 10:00:00,15.05,15.15,15.0,15.075,62137.0
2026-07-22,2026-07-22 10:05:00,15.01,15.1,14.965,15.085,12823.0
2026-07-22,2026-07-22 10:10:00,15.05,15.08,14.9,15.025,29397.0
2026-07-22,2026-07-22 10:15:00,15.02,15.1,14.955,14.955,18572.0
2026-07-22,2026-07-22 10:20:00,14.945,14.98,14.91,14.94,12531.0
2026-07-22,2026-07-22 10:25:00,14.93,14.96,14.87,14.875,11707.0
2026-07-22,2026-07-22 10:30:00,14.89,14.95,14.835,14.835,13018.0
2026-07-22,2026-07-22 10:35:00,14.86,14.92,14.84,14.85,13852.0
2026-07-22,2026-07-22 10:40:00,14.86,14.87,14.8,14.83,10222.0
2026-07-22,2026-07-22 10:45:00,14.82,14.8958,14.8,14.87,11124.0
2026-07-22,2026-07-22 10:50:00,14.89,14.92,14.82,14.84,15327.0
2026-07-22,2026-07-22 10:55:00,14.83,14.84,14.8,14.825,13291.0
2026-07-22,2026-07-22 11:00:00,14.82,14.91,14.82,14.9,7985.0
2026-07-22,2026-07-22 11:05:00,14.91,14.92,14.86,14.92,11417.0
2026-07-22,2026-07-22 11:10:00,14.92,14.92,14.83,14.87,15261.0
2026-07-22,2026-07-22 11:15:00,14.88,14.905,14.86,14.86,6188.0
2026-07-22,2026-07-22 11:20:00,14.8779,14.89,14.85,14.88,8623.0
2026-07-22,2026-07-22 11:25:00,14.885,14.92,14.87,14.91,7914.0
2026-07-22,2026-07-22 11:30:00,14.935,14.935,14.89,14.89,8262.0
2026-07-22,2026-07-22 11:35:00,14.9,14.9,14.855,14.875,9738.0
2026-07-22,2026-07-22 11:40:00,14.88,14.89,14.85,14.86,18507.0
2026-07-22,2026-07-22 11:45:00,14.86,14.8975,14.85,14.89,6194.0
2026-07-22,2026-07-22 11:50:00,14.89,14.89,14.84,14.86,6654.0
2026-07-22,2026-07-22 11:55:00,14.85,14.87,14.82,14.82,8355.0
2026-07-22,2026-07-22 12:00:00,14.83,14.84,14.81,14.82,9323.0
2026-07-22,2026-07-22 12:05:00,14.81,14.81,14.76,14.77,9277.0
2026-07-22,2026-07-22 12:10:00,14.77,14.79,14.76,14.77,8891.0
2026-07-22,2026-07-22 12:15:00,14.77,14.77,14.71,14.735,12995.0
2026-07-22,2026-07-22 12:20:00,14.735,14.74,14.72,14.74,9694.0
2026-07-22,2026-07-22 12:25:00,14.74,14.75,14.73,14.74,5144.0
2026-07-22,2026-07-22 12:30:00,14.735,14.76,14.69,14.69,10634.0
2026-07-22,2026-07-22 12:35:00,14.69,14.69,14.67,14.68,6055.0
2026-07-22,2026-07-22 12:40:00,14.68,14.7,14.675,14.695,9779.0
2026-07-22,2026-07-22 12:45:00,14.69,14.76,14.68,14.72,16367.0
2026-07-22,2026-07-22 12:50:00,14.7,14.74,14.68,14.68,22209.0
2026-07-22,2026-07-22 12:55:00,14.67,14.67,14.56,14.625,32084.0
2026-07-22,2026-07-22 13:00:00,14.625,14.77,14.61,14.765,25089.0
2026-07-22,2026-07-22 13:05:00,14.755,14.78,14.74,14.765,13542.0
2026-07-22,2026-07-22 13:10:00,14.755,14.8775,14.755,14.86,12823.0
2026-07-22,2026-07-22 13:15:00,14.86,14.92,14.85,14.92,14229.0
2026-07-22,2026-07-22 13:20:00,14.91,14.92,14.895,14.9,12979.0
2026-07-22,2026-07-22 13:25:00,14.89,14.96,14.89,14.955,11147.0
2026-07-22,2026-07-22 13:30:00,14.95,15.05,14.94,15.035,19378.0
2026-07-22,2026-07-22 13:35:00,15.035,15.035,15.0,15.0,13019.0
2026-07-22,2026-07-22 13:40:00,15.0,15.0,14.99,14.995,9822.0
2026-07-22,2026-07-22 13:45:00,14.995,15.0,14.99,14.99,4310.0
2026-07-22,2026-07-22 13:50:00,15.0,15.02,14.79,14.8225,35120.0
2026-07-22,2026-07-22 13:55:00,14.825,14.885,14.79,14.805,22684.0
2026-07-22,2026-07-22 14:00:00,14.805,14.85,14.8,14.84,13299.0
2026-07-22,2026-07-22 14:05:00,14.85,14.86,14.815,14.86,19904.0
2026-07-22,2026-07-22 14:10:00,14.86,14.87,14.83,14.845,34709.0
2026-07-22,2026-07-22 14:15:00,14.84,14.84,14.81,14.825,23644.0
2026-07-22,2026-07-22 14:20:00,14.825,14.875,14.82,14.865,19264.0
2026-07-22,2026-07-22 14:25:00,14.88,14.9,14.88,14.88,9007.0
2026-07-22,2026-07-22 14:30:00,14.89,14.9,14.88,14.895,8340.0
2026-07-22,2026-07-22 14:35:00,14.895,14.91,14.88,14.895,15064.0
2026-07-22,2026-07-22 14:40:00,14.895,14.91,14.895,14.9,5500.0
2026-07-22,2026-07-22 14:45:00,14.9,14.92,14.88,14.89,20018.0
2026-07-22,2026-07-22 14:50:00,14.88,14.905,14.86,14.865,24902.0
2026-07-22,2026-07-22 14:55:00,14.86,14.92,14.85,14.91,21021.0
2026-07-22,2026-07-22 15:00:00,14.905,14.925,14.9,14.925,10788.0
2026-07-22,2026-07-22 15:05:00,14.925,14.925,14.7,14.715,54476.0
2026-07-22,2026-07-22 15:10:00,14.715,14.75,14.715,14.73,16494.0
2026-07-22,2026-07-22 15:15:00,14.74,14.795,14.725,14.76,25757.0
2026-07-22,2026-07-22 15:20:00,14.76,14.83,14.76,14.83,25859.0
2026-07-22,2026-07-22 15:25:00,14.83,14.865,14.79,14.86,76095.0
2026-07-22,2026-07-22 15:30:00,14.86,14.92,14.85,14.91,28693.0
2026-07-22,2026-07-22 15:35:00,14.9,14.915,14.87,14.89,32442.0
2026-07-22,2026-07-22 15:40:00,14.89,14.935,14.88,14.92,32924.0
2026-07-22,2026-07-22 15:45:00,14.91,14.92,14.88,14.88,47267.0
2026-07-22,2026-07-22 15:50:00,14.88,14.9,14.82,14.87,80665.0
2026-07-22,2026-07-22 15:55:00,14.86,14.865,14.775,14.795,61858.0
2026-07-22,2026-07-22 16:00:00,14.795,14.82,14.685,14.75,604638.0
2026-07-23,2026-07-23 09:35:00,14.65,14.79,14.4001,14.685,33434.0
2026-07-23,2026-07-23 09:40:00,14.736,14.86,14.705,14.79,9649.0
2026-07-23,2026-07-23 09:45:00,14.775,14.78,14.64,14.64,17221.0
2026-07-23,2026-07-23 09:50:00,14.64,14.66,14.51,14.51,23732.0
2026-07-23,2026-07-23 09:55:00,14.525,14.55,14.455,14.515,15563.0
2026-07-23,2026-07-23 10:00:00,14.54,14.56,14.5,14.5,11939.0
2026-07-23,2026-07-23 10:05:00,14.5,14.575,14.5,14.55,8472.0
2026-07-23,2026-07-23 10:10:00,14.555,14.59,14.514258,14.55,12215.0
2026-07-23,2026-07-23 10:15:00,14.575,14.62,14.53,14.545,6958.0
2026-07-23,2026-07-23 10:20:00,14.52,14.57,14.505,14.52,8153.0
2026-07-23,2026-07-23 10:25:00,14.515,14.59,14.515,14.59,9662.0
2026-07-23,2026-07-23 10:30:00,14.58,14.65,14.57,14.65,8000.0
2026-07-23,2026-07-23 10:35:00,14.645,14.675,14.64,14.645,6661.0
2026-07-23,2026-07-23 10:40:00,14.65,14.775,14.625,14.775,9064.0
2026-07-23,2026-07-23 10:45:00,14.775,14.785,14.75,14.76,5350.0
2026-07-23,2026-07-23 10:50:00,14.77,14.795,14.76,14.785,10583.0
2026-07-23,2026-07-23 10:55:00,14.8,14.8,14.725,14.74,10307.0
2026-07-23,2026-07-23 11:00:00,14.745,14.785,14.71,14.71,8663.0
2026-07-23,2026-07-23 11:05:00,14.705,14.71,14.6,14.61,9348.0
2026-07-23,2026-07-23 11:10:00,14.62,14.62,14.52,14.52,12793.0
2026-07-23,2026-07-23 11:15:00,14.51,14.52,14.43,14.45,10813.0
2026-07-23,2026-07-23 11:20:00,14.4799,14.5,14.43,14.45,18102.0
2026-07-23,2026-07-23 11:25:00,14.46,14.49,14.4,14.45,10465.0
2026-07-23,2026-07-23 11:30:00,14.43,14.47,14.4,14.47,14802.0
2026-07-23,2026-07-23 11:35:00,14.465,14.465,14.41,14.41,14767.0
2026-07-23,2026-07-23 11:40:00,14.41,14.43,14.395,14.43,12401.0
2026-07-23,2026-07-23 11:45:00,14.44,14.46,14.41,14.42,14855.0
2026-07-23,2026-07-23 11:50:00,14.43,14.455,14.43,14.43,8990.0
2026-07-23,2026-07-23 11:55:00,14.43,14.46,14.43,14.45,14148.0
2026-07-23,2026-07-23 12:00:00,14.44,14.49,14.44,14.49,15675.0
2026-07-23,2026-07-23 12:05:00,14.5,14.53,14.5,14.53,6839.0
2026-07-23,2026-07-23 12:10:00,14.53,14.555,14.51,14.51,8099.0
2026-07-23,2026-07-23 12:15:00,14.5,14.51,14.45,14.45,17062.0
2026-07-23,2026-07-23 12:20:00,14.45,14.49,14.43,14.465,18967.0
2026-07-23,2026-07-23 12:25:00,14.46,14.53,14.46,14.51,9982.0
2026-07-23,2026-07-23 12:30:00,14.51,14.53,14.5,14.53,5620.0
2026-07-23,2026-07-23 12:35:00,14.53,14.53,14.43,14.44,28389.0
2026-07-23,2026-07-23 12:40:00,14.43,14.46,14.39,14.46,11707.0
2026-07-23,2026-07-23 12:45:00,14.46,14.46,14.4,14.42,9149.0
2026-07-23,2026-07-23 12:50:00,14.415,14.43,14.415,14.43,8365.0
2026-07-23,2026-07-23 12:55:00,14.42,14.45,14.415,14.44,10094.0
2026-07-23,2026-07-23 13:00:00,14.45,14.49,14.45,14.475,9357.0
2026-07-23,2026-07-23 13:05:00,14.48,14.49,14.46,14.47,15477.0
2026-07-23,2026-07-23 13:10:00,14.47,14.47,14.45,14.47,9519.0
2026-07-23,2026-07-23 13:15:00,14.47,14.49,14.47,14.48,8022.0
2026-07-23,2026-07-23 13:20:00,14.47,14.51,14.45,14.45,15169.0
2026-07-23,2026-07-23 13:25:00,14.45,14.46,14.41,14.425,12083.0
2026-07-23,2026-07-23 13:30:00,14.44,14.46,14.43,14.43,7963.0
2026-07-23,2026-07-23 13:35:00,14.42,14.42,14.37,14.38,9483.0
2026-07-23,2026-07-23 13:40:00,14.39,14.4,14.39,14.39,3628.0
2026-07-23,2026-07-23 13:45:00,14.385,14.405,14.38,14.39,11833.0
2026-07-23,2026-07-23 13:50:00,14.39,14.44,14.39,14.43,8916.0
2026-07-23,2026-07-23 13:55:00,14.43,14.4399,14.42,14.43,3936.0
2026-07-23,2026-07-23 14:00:00,14.43,14.43,14.41,14.41,9745.0
2026-07-23,2026-07-23 14:05:00,14.4001,14.4001,14.375,14.38,5709.0
2026-07-23,2026-07-23 14:10:00,14.38,14.38,14.37,14.37,4804.0
2026-07-23,2026-07-23 14:15:00,14.375,14.39,14.37,14.37,9812.0
2026-07-23,2026-07-23 14:20:00,14.37,14.37,14.345,14.35,6384.0
2026-07-23,2026-07-23 14:25:00,14.35,14.43,14.35,14.42,12450.0
2026-07-23,2026-07-23 14:30:00,14.41,14.42,14.41,14.415,4874.0
2026-07-23,2026-07-23 14:35:00,14.41,14.41,14.385,14.39,7810.0
2026-07-23,2026-07-23 14:40:00,14.4,14.41,14.39,14.4,6518.0
2026-07-23,2026-07-23 14:45:00,14.4066,14.45,14.402,14.435,12095.0
2026-07-23,2026-07-23 14:50:00,14.45,14.465,14.44,14.45662,17464.0
2026-07-23,2026-07-23 14:55:00,14.46,14.49,14.46,14.47,13284.0
2026-07-23,2026-07-23 15:00:00,14.46,14.68,14.46,14.68,60955.0
2026-07-23,2026-07-23 15:05:00,14.68,14.77,14.675,14.755,21508.0
2026-07-23,2026-07-23 15:10:00,14.755,14.77,14.7,14.7,25694.0
2026-07-23,2026-07-23 15:15:00,14.69,14.76,14.69,14.76,21236.0
2026-07-23,2026-07-23 15:20:00,14.765,14.77,14.72,14.735,20825.0
2026-07-23,2026-07-23 15:25:00,14.735,14.735,14.685,14.72,30402.0
2026-07-23,2026-07-23 15:30:00,14.72,14.765,14.72,14.73,25585.0
2026-07-23,2026-07-23 15:35:00,14.74,14.79,14.74,14.76,39160.0
2026-07-23,2026-07-23 15:40:00,14.77,14.78,14.69,14.69,35650.0
2026-07-23,2026-07-23 15:45:00,14.685,14.71,14.67,14.67,36982.0
2026-07-23,2026-07-23 15:50:00,14.66,14.74,14.64,14.7145,62122.0
2026-07-23,2026-07-23 15:55:00,14.71,14.71,14.66,14.6887,51060.0
2026-07-23,2026-07-23 16:00:00,14.69,14.72,14.6,14.65,350207.0
2026-07-24,2026-07-24 09:35:00,14.68,14.98,14.48,14.495,8143.0
2026-07-24,2026-07-24 09:40:00,14.496,14.521,14.44,14.44,2708.0
2026-07-24,2026-07-24 09:45:00,14.451,14.4634,14.315,14.315,20430.0
2026-07-24,2026-07-24 09:50:00,14.27,14.3699,14.255,14.31,31252.0
2026-07-24,2026-07-24 09:55:00,14.255,14.27,14.15,14.18,3957.0
2026-07-24,2026-07-24 10:00:00,14.17,14.17,14.04,14.06,34189.0
2026-07-24,2026-07-24 10:05:00,14.075,14.24,14.06,14.19,28441.0
2026-07-24,2026-07-24 10:10:00,14.21,14.25,14.18,14.24,18729.0
2026-07-24,2026-07-24 10:15:00,14.255,14.28,14.23,14.265,12900.0
2026-07-24,2026-07-24 10:20:00,14.265,14.265,14.14,14.22,18293.0
2026-07-24,2026-07-24 10:25:00,14.24,14.27,14.21,14.21,17226.0
2026-07-24,2026-07-24 10:30:00,14.22,14.22,14.135,14.15,12498.0
2026-07-24,2026-07-24 10:35:00,14.13,14.13,14.08,14.08,12423.0
2026-07-24,2026-07-24 10:40:00,14.09,14.11,14.03,14.04,16809.0
2026-07-24,2026-07-24 10:45:00,14.04,14.08,13.975,13.975,48195.0
2026-07-24,2026-07-24 10:50:00,13.98,13.99,13.9301,13.97,20399.0
2026-07-24,2026-07-24 10:55:00,13.95,13.97,13.91,13.92,26770.0
2026-07-24,2026-07-24 11:00:00,13.92,13.97,13.92,13.95,14791.0
2026-07-24,2026-07-24 11:05:00,13.95,13.98,13.89,13.89,15810.0
2026-07-24,2026-07-24 11:10:00,13.88,13.9288,13.88,13.91,12540.0
2026-07-24,2026-07-24 11:15:00,13.9,14.06,13.9,14.04,21762.0
2026-07-24,2026-07-24 11:20:00,14.07,14.105,14.025,14.025,9666.0
2026-07-24,2026-07-24 11:25:00,14.025,14.15,14.025,14.085,50777.0
2026-07-24,2026-07-24 11:30:00,14.085,14.135,14.08,14.125,8752.0
2026-07-24,2026-07-24 11:35:00,14.11,14.15,14.08,14.14,11353.0
2026-07-24,2026-07-24 11:40:00,14.13,14.23,14.13,14.21,18616.0
2026-07-24,2026-07-24 11:45:00,14.1954,14.205,14.115,14.13,25765.0
2026-07-24,2026-07-24 11:50:00,14.14,14.21,14.14,14.19,14255.0
2026-07-24,2026-07-24 11:55:00,14.185,14.28,14.185,14.275,45934.0
2026-07-24,2026-07-24 12:00:00,14.26,14.27,14.21,14.24,44941.0
2026-07-24,2026-07-24 12:05:00,14.23,14.24,14.195,14.23,12631.0
2026-07-24,2026-07-24 12:10:00,14.22,14.22,14.16,14.17,31652.0
2026-07-24,2026-07-24 12:15:00,14.17,14.19,14.16,14.16,12630.0
2026-07-24,2026-07-24 12:20:00,14.17,14.231,14.155,14.231,23170.0
2026-07-24,2026-07-24 12:25:00,14.23,14.25,14.215,14.24,13298.0
2026-07-24,2026-07-24 12:30:00,14.24,14.275,14.22,14.26,24407.0
2026-07-24,2026-07-24 12:35:00,14.25,14.25,14.2,14.23,34357.0
2026-07-24,2026-07-24 12:40:00,14.23,14.345,14.23,14.34,20619.0
2026-07-24,2026-07-24 12:45:00,14.364,14.375,14.31,14.37,19884.0
2026-07-24,2026-07-24 12:50:00,14.38,14.38,14.36,14.37,10130.0
2026-07-24,2026-07-24 12:55:00,14.37,14.37,14.34,14.37,11702.0
2026-07-24,2026-07-24 13:00:00,14.365,14.42,14.365,14.41,4697.0
2026-07-24,2026-07-24 13:05:00,14.4,14.4,14.35,14.37,12100.0
2026-07-24,2026-07-24 13:10:00,14.36,14.36,14.32,14.335,11202.0
2026-07-24,2026-07-24 13:15:00,14.34,14.38,14.34,14.38,8986.0
2026-07-24,2026-07-24 13:20:00,14.38,14.41,14.37,14.41,5228.0
2026-07-24,2026-07-24 13:25:00,14.405,14.41,14.385,14.41,16270.0
2026-07-24,2026-07-24 13:30:00,14.42,14.47,14.42,14.44,15261.0
2026-07-24,2026-07-24 13:35:00,14.44,14.45,14.44,14.44,4243.0
2026-07-24,2026-07-24 13:40:00,14.44,14.44,14.4,14.4,7657.0
2026-07-24,2026-07-24 13:45:00,14.405,14.425,14.405,14.42,7590.0
2026-07-24,2026-07-24 13:50:00,14.43,14.43,14.375,14.4,11539.0
2026-07-24,2026-07-24 13:55:00,14.4,14.41,14.4,14.41,4385.0
2026-07-24,2026-07-24 14:00:00,14.41,14.45,14.41,14.44,5218.0
2026-07-24,2026-07-24 14:05:00,14.43,14.43,14.405,14.42,6493.0
2026-07-24,2026-07-24 14:10:00,14.41,14.45,14.41,14.45,8754.0
2026-07-24,2026-07-24 14:15:00,14.45,14.45,14.42,14.43,5752.0
2026-07-24,2026-07-24 14:20:00,14.42,14.44,14.4,14.4,7660.0
2026-07-24,2026-07-24 14:25:00,14.395,14.45,14.395,14.45,6149.0
2026-07-24,2026-07-24 14:30:00,14.45,14.45,14.39,14.41,8041.0
2026-07-24,2026-07-24 14:35:00,14.42,14.42,14.38,14.42,13212.0
2026-07-24,2026-07-24 14:40:00,14.415,14.465,14.415,14.46,8528.0
2026-07-24,2026-07-24 14:45:00,14.46,14.46,14.34,14.38,14379.0
2026-07-24,2026-07-24 14:50:00,14.39,14.46,14.39,14.45,13097.0
2026-07-24,2026-07-24 14:55:00,14.43,14.44,14.42,14.43,7146.0
2026-07-24,2026-07-24 15:00:00,14.43,14.455,14.41,14.43,14354.0
2026-07-24,2026-07-24 15:05:00,14.41,14.45,14.41,14.44,10749.0
2026-07-24,2026-07-24 15:10:00,14.445,14.445,14.365,14.38,11962.0
2026-07-24,2026-07-24 15:15:00,14.38,14.39,14.35,14.35,10996.0
2026-07-24,2026-07-24 15:20:00,14.345,14.37,14.32,14.365,10453.0
2026-07-24,2026-07-24 15:25:00,14.37,14.38,14.36,14.36,8917.0
2026-07-24,2026-07-24 15:30:00,14.37,14.39,14.36,14.37,11650.0
2026-07-24,2026-07-24 15:35:00,14.37,14.46,14.355,14.41,29732.0
2026-07-24,2026-07-24 15:40:00,14.42,14.435,14.3703,14.4,20353.0
2026-07-24,2026-07-24 15:45:00,14.38,14.39,14.35,14.39,25022.0
2026-07-24,2026-07-24 15:50:00,14.39,14.4,14.37,14.395,21547.0
2026-07-24,2026-07-24 15:55:00,14.4,14.42,14.325,14.415,62812.0
2026-07-24,2026-07-24 16:00:00,14.415,14.415,14.32,14.32,360338.0
2026-07-27,2026-07-27 09:35:00,14.62,14.89,14.49,14.641,29756.0
2026-07-27,2026-07-27 09:40:00,14.65,14.7,14.55,14.695,12001.0
2026-07-27,2026-07-27 09:45:00,14.69,14.81,14.57,14.61,24071.0
2026-07-27,2026-07-27 09:50:00,14.63,14.69,14.56,14.69,7036.0
2026-07-27,2026-07-27 09:55:00,14.67,14.73,14.625,14.66,6917.0
2026-07-27,2026-07-27 10:00:00,14.66,14.665,14.55,14.55,18671.0
2026-07-27,2026-07-27 10:05:00,14.54,14.59,14.5,14.51,19781.0
2026-07-27,2026-07-27 10:10:00,14.51,14.65,14.49,14.645,18422.0
2026-07-27,2026-07-27 10:15:00,14.66,14.705,14.585,14.63,30716.0
2026-07-27,2026-07-27 10:20:00,14.575,14.575,14.47,14.53,10131.0
2026-07-27,2026-07-27 10:25:00,14.54,14.56,14.49,14.52,9039.0
2026-07-27,2026-07-27 10:30:00,14.535,14.535,14.46,14.46,10986.0
2026-07-27,2026-07-27 10:35:00,14.435,14.46,14.34,14.34,12550.0
2026-07-27,2026-07-27 10:40:00,14.33,14.4,14.31,14.36,17441.0
2026-07-27,2026-07-27 10:45:00,14.31,14.31,14.25,14.3,6853.0
2026-07-27,2026-07-27 10:50:00,14.32,14.385,14.32,14.36,15650.0
2026-07-27,2026-07-27 10:55:00,14.36,14.455,14.35,14.43,10953.0
2026-07-27,2026-07-27 11:00:00,14.44,14.5,14.435,14.46,15665.0
2026-07-27,2026-07-27 11:05:00,14.46,14.46,14.39,14.42,14222.0
2026-07-27,2026-07-27 11:10:00,14.425,14.43,14.38,14.4,10468.0
2026-07-27,2026-07-27 11:15:00,14.39,14.42,14.37,14.39,10610.0
2026-07-27,2026-07-27 11:20:00,14.38,14.395,14.3312,14.37,25893.0
2026-07-27,2026-07-27 11:25:00,14.38,14.455,14.36,14.43,9067.0
2026-07-27,2026-07-27 11:30:00,14.44,14.47,14.41,14.46,12334.0
2026-07-27,2026-07-27 11:35:00,14.46,14.46,14.37,14.4,15727.0
2026-07-27,2026-07-27 11:40:00,14.4,14.41,14.35,14.38,9750.0
2026-07-27,2026-07-27 11:45:00,14.36,14.4,14.36,14.4,8294.0
2026-07-27,2026-07-27 11:50:00,14.4,14.41,14.365,14.37,6622.0
2026-07-27,2026-07-27 11:55:00,14.365,14.38,14.36,14.36,11853.0
2026-07-27,2026-07-27 12:00:00,14.36,14.375,14.335,14.34,10548.0
2026-07-27,2026-07-27 12:05:00,14.34,14.36,14.31,14.355,17941.0
2026-07-27,2026-07-27 12:10:00,14.355,14.37,14.315,14.35,12383.0
2026-07-27,2026-07-27 12:15:00,14.36,14.42,14.36,14.38,11047.0
2026-07-27,2026-07-27 12:20:00,14.39,14.45,14.39,14.45,10165.0
2026-07-27,2026-07-27 12:25:00,14.45,14.51,14.44,14.51,7733.0
2026-07-27,2026-07-27 12:30:00,14.51,14.57,14.5,14.55,22714.0
2026-07-27,2026-07-27 12:35:00,14.55,14.62,14.55,14.62,13508.0
2026-07-27,2026-07-27 12:40:00,14.62,14.68,14.6,14.67,57798.0
2026-07-27,2026-07-27 12:45:00,14.67,14.67,14.5826,14.585,22726.0
2026-07-27,2026-07-27 12:50:00,14.585,14.64,14.585,14.62,9542.0
2026-07-27,2026-07-27 12:55:00,14.62,14.645,14.58,14.59,22635.0
2026-07-27,2026-07-27 13:00:00,14.58,14.6,14.55,14.55,9498.0
2026-07-27,2026-07-27 13:05:00,14.55,14.67,14.52,14.67,25879.0
2026-07-27,2026-07-27 13:10:00,14.67,14.6978,14.655,14.655,10646.0
2026-07-27,2026-07-27 13:15:00,14.655,14.675,14.63,14.65,10821.0
2026-07-27,2026-07-27 13:20:00,14.64,14.645,14.605,14.64,18759.0
2026-07-27,2026-07-27 13:25:00,14.64,14.65,14.62,14.65,8450.0
2026-07-27,2026-07-27 13:30:00,14.65,14.66,14.61,14.61,14433.0
2026-07-27,2026-07-27 13:35:00,14.61,14.7,14.595,14.66,54311.0
2026-07-27,2026-07-27 13:40:00,14.67,14.68,14.6,14.61,14630.0
2026-07-27,2026-07-27 13:45:00,14.62,14.655,14.62,14.655,9191.0
2026-07-27,2026-07-27 13:50:00,14.65,14.675,14.61,14.655,77195.0
2026-07-27,2026-07-27 13:55:00,14.666,14.71,14.66,14.7,13028.0
2026-07-27,2026-07-27 14:00:00,14.72,14.74,14.71,14.72,10699.0
2026-07-27,2026-07-27 14:05:00,14.72,14.75,14.6902,14.71,18141.0
2026-07-27,2026-07-27 14:10:00,14.71,14.73,14.68,14.71,11596.0
2026-07-27,2026-07-27 14:15:00,14.71,14.715,14.685,14.71,8394.0
2026-07-27,2026-07-27 14:20:00,14.71,14.72,14.69,14.705,9101.0
2026-07-27,2026-07-27 14:25:00,14.7,14.72,14.7,14.72,9295.0
2026-07-27,2026-07-27 14:30:00,14.72,14.725,14.71,14.71,7197.0
2026-07-27,2026-07-27 14:35:00,14.71,14.71,14.64,14.64,13129.0
2026-07-27,2026-07-27 14:40:00,14.63,14.63,14.555,14.56,46078.0
2026-07-27,2026-07-27 14:45:00,14.56,14.58,14.54,14.57,19327.0
2026-07-27,2026-07-27 14:50:00,14.57,14.58,14.545,14.57,13021.0
2026-07-27,2026-07-27 14:55:00,14.565,14.64,14.565,14.63,10538.0
2026-07-27,2026-07-27 15:00:00,14.63,14.65,14.59,14.61,20566.0
2026-07-27,2026-07-27 15:05:00,14.61,14.63,14.61,14.61,10503.0
2026-07-27,2026-07-27 15:10:00,14.6,14.63,14.575,14.62,13259.0
2026-07-27,2026-07-27 15:15:00,14.63,14.63,14.59,14.62,15009.0
2026-07-27,2026-07-27 15:20:00,14.61,14.64,14.605,14.63,22515.0
2026-07-27,2026-07-27 15:25:00,14.63,14.67,14.625,14.67,18801.0
2026-07-27,2026-07-27 15:30:00,14.67,14.68,14.64,14.67,29631.0
2026-07-27,2026-07-27 15:35:00,14.67,14.68,14.63,14.66,28477.0
2026-07-27,2026-07-27 15:40:00,14.665,14.67,14.64,14.66,21816.0
2026-07-27,2026-07-27 15:45:00,14.67,14.69,14.64,14.655,28906.0
2026-07-27,2026-07-27 15:50:00,14.655,14.655,14.625,14.645,27653.0
2026-07-27,2026-07-27 15:55:00,14.64,14.645,14.56,14.585,52992.0
2026-07-27,2026-07-27 16:00:00,14.585,14.585,14.48,14.51,460183.0
2026-07-28,2026-07-28 09:35:00,14.27,14.48,14.12,14.33,29198.0
2026-07-28,2026-07-28 09:40:00,14.21,14.52,14.15,14.52,18965.0
2026-07-28,2026-07-28 09:45:00,14.56,14.57,14.25,14.38,10494.0
2026-07-28,2026-07-28 09:50:00,14.38,14.38,14.14,14.325,19568.0
2026-07-28,2026-07-28 09:55:00,14.325,14.33,14.01,14.045,18900.0
2026-07-28,2026-07-28 10:00:00,14.045,14.07,13.95,13.95,20213.0
2026-07-28,2026-07-28 10:05:00,13.975,14.14,13.92,14.125,55254.0
2026-07-28,2026-07-28 10:10:00,14.11,14.22,14.01,14.16,12814.0
2026-07-28,2026-07-28 10:15:00,14.16,14.208,14.03,14.1,11715.0
2026-07-28,2026-07-28 10:20:00,14.1,14.1205,14.02,14.06,19794.0
2026-07-28,2026-07-28 10:25:00,14.08,14.14,14.04,14.07,7612.0
2026-07-28,2026-07-28 10:30:00,14.07,14.08,13.97,13.985,7052.0
2026-07-28,2026-07-28 10:35:00,13.985,14.035,13.98,13.98,25062.0
2026-07-28,2026-07-28 10:40:00,13.97,14.11,13.97,14.045,24496.0
2026-07-28,2026-07-28 10:45:00,14.0399,14.08,13.91,13.99,50653.0
2026-07-28,2026-07-28 10:50:00,14.0,14.11,13.995,14.075,176587.0
2026-07-28,2026-07-28 10:55:00,14.075,14.105,14.0,14.105,19134.0
2026-07-28,2026-07-28 11:00:00,14.105,14.12,13.91,13.94,63867.0
2026-07-28,2026-07-28 11:05:00,13.92,13.985,13.87,13.91,34673.0
2026-07-28,2026-07-28 11:10:00,13.92,13.92,13.8302,13.9,15836.0
2026-07-28,2026-07-28 11:15:00,13.92,13.96,13.91,13.94,7618.0
2026-07-28,2026-07-28 11:20:00,13.925,14.005,13.925,13.995,11813.0
2026-07-28,2026-07-28 11:25:00,14.01,14.0358,13.99,14.03,8246.0
2026-07-28,2026-07-28 11:30:00,14.04,14.05,13.96,14.0,23470.0
2026-07-28,2026-07-28 11:35:00,13.99,14.015,13.92,13.92,9309.0
2026-07-28,2026-07-28 11:40:00,13.91,13.925,13.85,13.89,31802.0
2026-07-28,2026-07-28 11:45:00,13.875,13.93,13.87,13.895,18647.0
2026-07-28,2026-07-28 11:50:00,13.895,13.895,13.72,13.815,135802.0
2026-07-28,2026-07-28 11:55:00,13.815,13.815,13.69,13.705,57905.0
2026-07-28,2026-07-28 12:00:00,13.705,13.81,13.705,13.81,102020.0
2026-07-28,2026-07-28 12:05:00,13.82,13.83,13.775,13.775,15641.0
2026-07-28,2026-07-28 12:10:00,13.76,13.8,13.76,13.77,26891.0
2026-07-28,2026-07-28 12:15:00,13.77,13.79,13.76,13.76,9490.0
2026-07-28,2026-07-28 12:20:00,13.75,13.78,13.75,13.77,9736.0
2026-07-28,2026-07-28 12:25:00,13.78,13.79,13.655,13.6895,31103.0
2026-07-28,2026-07-28 12:30:00,13.69,13.73,13.67,13.7,16816.0
2026-07-28,2026-07-28 12:35:00,13.7,13.7,13.635,13.675,13051.0
2026-07-28,2026-07-28 12:40:00,13.68092,13.68092,13.6501,13.6501,22549.0
2026-07-28,2026-07-28 12:45:00,13.66,13.7,13.66,13.695,18031.0
2026-07-28,2026-07-28 12:50:00,13.7,13.74,13.695,13.74,26865.0
2026-07-28,2026-07-28 12:55:00,13.74,13.76,13.71,13.72,40382.0
2026-07-28,2026-07-28 13:00:00,13.72,13.72,13.69,13.705,58294.0
2026-07-28,2026-07-28 13:05:00,13.71,13.72,13.64,13.66,33336.0
2026-07-28,2026-07-28 13:10:00,13.65,13.74,13.65,13.73,131522.0
2026-07-28,2026-07-28 13:15:00,13.72,13.76,13.675,13.69,112571.0
2026-07-28,2026-07-28 13:20:00,13.7,13.83,13.69,13.825,72948.0
2026-07-28,2026-07-28 13:25:00,13.82,13.91,13.7968,13.89,71747.0
2026-07-28,2026-07-28 13:30:00,13.895,13.955,13.87,13.905,34357.0
2026-07-28,2026-07-28 13:35:00,13.89,13.93,13.8201,13.88,26641.0
2026-07-28,2026-07-28 13:40:00,13.89,13.915,13.85,13.9,27755.0
2026-07-28,2026-07-28 13:45:00,13.89,13.94,13.89,13.92,16416.0
2026-07-28,2026-07-28 13:50:00,13.9,13.94,13.86,13.93,28875.0
2026-07-28,2026-07-28 13:55:00,13.92,13.93,13.89,13.89,23713.0
2026-07-28,2026-07-28 14:00:00,13.89,13.93,13.847,13.85,67690.0
2026-07-28,2026-07-28 14:05:00,13.85,13.91,13.85,13.88,27987.0
2026-07-28,2026-07-28 14:10:00,13.89,13.9,13.86,13.88,14533.0
2026-07-28,2026-07-28 14:15:00,13.88,13.89,13.845,13.855,22155.0
2026-07-28,2026-07-28 14:20:00,13.87,14.0,13.87,13.985,25196.0
2026-07-28,2026-07-28 14:25:00,13.985,13.985,13.895,13.92,15687.0
2026-07-28,2026-07-28 14:30:00,13.92,13.95,13.85,13.875,18524.0
2026-07-28,2026-07-28 14:35:00,13.88,13.89,13.855,13.87,11677.0
2026-07-28,2026-07-28 14:40:00,13.87,13.88,13.83,13.83,6561.0
2026-07-28,2026-07-28 14:45:00,13.82,13.85,13.78,13.85,27706.0
2026-07-28,2026-07-28 14:50:00,13.85,13.87,13.815,13.83,17639.0
2026-07-28,2026-07-28 14:55:00,13.83,13.86,13.79,13.82,14438.0
2026-07-28,2026-07-28 15:00:00,13.81,13.83,13.805,13.805,9044.0
2026-07-28,2026-07-28 15:05:00,13.81,13.93,13.79,13.83,102598.0
2026-07-28,2026-07-28 15:10:00,13.83,13.84,13.77,13.785,58736.0
2026-07-28,2026-07-28 15:15:00,13.78,13.785,13.73,13.76,34406.0
2026-07-28,2026-07-28 15:20:00,13.76,13.77,13.735,13.75,30331.0
2026-07-28,2026-07-28 15:25:00,13.75,13.78,13.74,13.75,24436.0
2026-07-28,2026-07-28 15:30:00,13.75,13.8,13.75,13.795,27771.0
2026-07-28,2026-07-28 15:35:00,13.795,13.82,13.76,13.76,44863.0
2026-07-28,2026-07-28 15:40:00,13.76,13.79,13.75,13.755,60624.0
2026-07-28,2026-07-28 15:45:00,13.755,13.78,13.71,13.74,57209.0
2026-07-28,2026-07-28 15:50:00,13.735,13.795,13.67,13.69,120327.0
2026-07-28,2026-07-28 15:55:00,13.7,13.845,13.7,13.805,143270.0
2026-07-28,2026-07-28 16:00:00,13.81,13.85,13.74,13.77,686430.0
2026-07-29,2026-07-29 09:35:00,13.78,13.985,13.78,13.92,13236.0
2026-07-29,2026-07-29 09:40:00,13.93,14.1,13.93,14.01,10529.0
2026-07-29,2026-07-29 09:45:00,14.006,14.006,13.76,13.78,15105.0
2026-07-29,2026-07-29 09:50:00,13.78,13.84,13.6363,13.6363,19457.0
2026-07-29,2026-07-29 09:55:00,13.6999,13.6999,13.53,13.55,17269.0
2026-07-29,2026-07-29 10:00:00,13.55,13.65,13.48,13.63,16796.0
2026-07-29,2026-07-29 10:05:00,13.64,13.73,13.605,13.73,13808.0
2026-07-29,2026-07-29 10:10:00,13.71,13.75,13.64,13.64,12136.0
2026-07-29,2026-07-29 10:15:00,13.6427,13.67,13.545,13.56,6512.0
2026-07-29,2026-07-29 10:20:00,13.6,13.65,13.54,13.56,17223.0
2026-07-29,2026-07-29 10:25:00,13.565,13.575,13.53,13.56,7782.0
2026-07-29,2026-07-29 10:30:00,13.545,13.545,13.4156,13.48,9457.0
2026-07-29,2026-07-29 10:35:00,13.49,13.51,13.46,13.465,6003.0
2026-07-29,2026-07-29 10:40:00,13.46,13.475,13.44,13.45,6715.0
2026-07-29,2026-07-29 10:45:00,13.45,13.455,13.4237,13.455,5965.0
2026-07-29,2026-07-29 10:50:00,13.45,13.48,13.42,13.44,10770.0
2026-07-29,2026-07-29 10:55:00,13.44,13.66,13.44,13.66,6678.0
2026-07-29,2026-07-29 11:00:00,13.66,13.68,13.61,13.625,11946.0
2026-07-29,2026-07-29 11:05:00,13.64,13.68,13.6,13.67,7294.0
2026-07-29,2026-07-29 11:10:00,13.67,13.67,13.59,13.61,10285.0
2026-07-29,2026-07-29 11:15:00,13.61,13.61,13.54,13.54,12490.0
2026-07-29,2026-07-29 11:20:00,13.53,13.58,13.52,13.52,10032.0
2026-07-29,2026-07-29 11:25:00,13.52,13.575,13.515,13.545,7306.0
2026-07-29,2026-07-29 11:30:00,13.53,13.54,13.49,13.52,5889.0
2026-07-29,2026-07-29 11:35:00,13.53,13.59,13.52,13.52,12129.0
2026-07-29,2026-07-29 11:40:00,13.51,13.53,13.505,13.51,5798.0
2026-07-29,2026-07-29 11:45:00,13.51,13.53,13.5,13.5,5188.0
2026-07-29,2026-07-29 11:50:00,13.47,13.495,13.47,13.48,3604.0
2026-07-29,2026-07-29 11:55:00,13.495,13.495,13.43,13.48,10335.0
2026-07-29,2026-07-29 12:00:00,13.48,13.56,13.39,13.56,31619.0
2026-07-29,2026-07-29 12:05:00,13.55,13.56,13.48,13.48,8264.0
2026-07-29,2026-07-29 12:10:00,13.48,13.53,13.48,13.5,9424.0
2026-07-29,2026-07-29 12:15:00,13.5,13.5,13.48,13.48,8037.0
2026-07-29,2026-07-29 12:20:00,13.465,13.49,13.465,13.48,7917.0
2026-07-29,2026-07-29 12:25:00,13.47,13.52,13.46,13.51,8674.0
2026-07-29,2026-07-29 12:30:00,13.51,13.52,13.5,13.52,7907.0
2026-07-29,2026-07-29 12:35:00,13.52,13.54,13.51,13.53,6744.0
2026-07-29,2026-07-29 12:40:00,13.52,13.54,13.515,13.53,7276.0
2026-07-29,2026-07-29 12:45:00,13.55,13.55,13.53,13.53,5763.0
2026-07-29,2026-07-29 12:50:00,13.54,13.55,13.54,13.55,4523.0
2026-07-29,2026-07-29 12:55:00,13.54,13.555,13.52,13.52,10211.0
2026-07-29,2026-07-29 13:00:00,13.53,13.54,13.505,13.535,7413.0
2026-07-29,2026-07-29 13:05:00,13.55,13.57,13.54,13.5601,4708.0
2026-07-29,2026-07-29 13:10:00,13.56,13.565,13.545,13.55,5729.0
2026-07-29,2026-07-29 13:15:00,13.56,13.58,13.56,13.57,4374.0
2026-07-29,2026-07-29 13:20:00,13.57,13.595,13.57,13.595,4461.0
2026-07-29,2026-07-29 13:25:00,13.59,13.61,13.54,13.55,14776.0
2026-07-29,2026-07-29 13:30:00,13.54,13.555,13.53,13.55,8877.0
2026-07-29,2026-07-29 13:35:00,13.55,13.615,13.55,13.57,13587.0
2026-07-29,2026-07-29 13:40:00,13.57,13.57,13.53,13.55,8143.0
2026-07-29,2026-07-29 13:45:00,13.54,13.555,13.53,13.555,4856.0
2026-07-29,2026-07-29 13:50:00,13.55,13.57,13.54,13.565,5737.0
2026-07-29,2026-07-29 13:55:00,13.565,13.6,13.565,13.595,10189.0
2026-07-29,2026-07-29 14:00:00,13.59,13.6,13.575,13.59,9201.0
2026-07-29,2026-07-29 14:05:00,13.6,13.7928,13.59,13.7,24962.0
2026-07-29,2026-07-29 14:10:00,13.7,13.7,13.64,13.655,49319.0
2026-07-29,2026-07-29 14:15:00,13.669,13.68,13.57,13.57,14880.0
2026-07-29,2026-07-29 14:20:00,13.59,13.62,13.51,13.52,10914.0
2026-07-29,2026-07-29 14:25:00,13.53,13.55,13.52,13.535,11170.0
2026-07-29,2026-07-29 14:30:00,13.535,13.54,13.48,13.485,8324.0
2026-07-29,2026-07-29 14:35:00,13.49,13.52,13.43,13.43,16714.0
2026-07-29,2026-07-29 14:40:00,13.43,13.52,13.42,13.52,18100.0
2026-07-29,2026-07-29 14:45:00,13.53,13.64,13.53,13.63,9944.0
2026-07-29,2026-07-29 14:50:00,13.62,13.68,13.6,13.675,17782.0
2026-07-29,2026-07-29 14:55:00,13.675,13.73,13.67,13.72,25321.0
2026-07-29,2026-07-29 15:00:00,13.72,13.73,13.665,13.665,27899.0
2026-07-29,2026-07-29 15:05:00,13.66,13.71,13.61,13.61,36937.0
2026-07-29,2026-07-29 15:10:00,13.62,13.65,13.61,13.61,12101.0
2026-07-29,2026-07-29 15:15:00,13.61,13.65,13.6,13.63,39942.0
2026-07-29,2026-07-29 15:20:00,13.63,13.66,13.555,13.555,18011.0
2026-07-29,2026-07-29 15:25:00,13.55,13.56,13.49,13.49,17601.0
2026-07-29,2026-07-29 15:30:00,13.48,13.51,13.46,13.505,9534.0
2026-07-29,2026-07-29 15:35:00,13.49,13.52,13.43,13.44,20413.0
2026-07-29,2026-07-29 15:40:00,13.44,13.465,13.38,13.41,24257.0
2026-07-29,2026-07-29 15:45:00,13.4,13.425,13.38,13.38,19023.0
2026-07-29,2026-07-29 15:50:00,13.39,13.39,13.311,13.311,38240.0
2026-07-29,2026-07-29 15:55:00,13.31,13.31,13.27,13.295,51064.0
2026-07-29,2026-07-29 16:00:00,13.3,13.45,13.3,13.43,369115.0
2026-07-30,2026-07-30 09:35:00,13.5,13.54,13.3085,13.36,18960.0
2026-07-30,2026-07-30 09:40:00,13.33,13.39,13.2,13.235,14703.0
2026-07-30,2026-07-30 09:45:00,13.25,13.345,13.22,13.34,6050.0
2026-07-30,2026-07-30 09:50:00,13.35,13.38,13.335,13.3626,3132.0
2026-07-30,2026-07-30 09:55:00,13.415,13.4586,13.38,13.3914,7328.0
2026-07-30,2026-07-30 10:00:00,13.4,13.4239,13.31,13.31,12279.0
2026-07-30,2026-07-30 10:05:00,13.315,13.325,13.26,13.26,13762.0
2026-07-30,2026-07-30 10:10:00,13.24,13.31,13.225,13.245,8770.0
2026-07-30,2026-07-30 10:15:00,13.26,13.2777,13.19,13.19,13867.0
2026-07-30,2026-07-30 10:20:00,13.19,13.21,13.13,13.14,27047.0
2026-07-30,2026-07-30 10:25:00,13.145,13.24,13.145,13.24,11714.0
2026-07-30,2026-07-30 10:30:00,13.25,13.34,13.23,13.31,5125.0
2026-07-30,2026-07-30 10:35:00,13.3162,13.335,13.195,13.195,15502.0
2026-07-30,2026-07-30 10:40:00,13.19,13.34,13.185,13.33,21299.0
2026-07-30,2026-07-30 10:45:00,13.33,13.365,13.31,13.31,4920.0
2026-07-30,2026-07-30 10:50:00,13.3,13.38,13.3,13.34,9922.0
2026-07-30,2026-07-30 10:55:00,13.33,13.33,13.3,13.315,7128.0
2026-07-30,2026-07-30 11:00:00,13.3,13.35,13.3,13.34,2819.0
2026-07-30,2026-07-30 11:05:00,13.32,13.36,13.31,13.36,2481.0
2026-07-30,2026-07-30 11:10:00,13.345,13.38,13.33,13.36,4264.0
2026-07-30,2026-07-30 11:15:00,13.345,13.38,13.29,13.29,37250.0
2026-07-30,2026-07-30 11:20:00,13.295,13.335,13.255,13.27,15414.0
2026-07-30,2026-07-30 11:25:00,13.27,13.275,13.24,13.245,4495.0
2026-07-30,2026-07-30 11:30:00,13.24,13.26,13.22,13.23,5482.0
2026-07-30,2026-07-30 11:35:00,13.23,13.23,13.195,13.21,7032.0
2026-07-30,2026-07-30 11:40:00,13.22,13.235,13.2,13.2,2606.0
2026-07-30,2026-07-30 11:45:00,13.21,13.28,13.21,13.28,6195.0
2026-07-30,2026-07-30 11:50:00,13.28,13.31,13.2738,13.3,5313.0
2026-07-30,2026-07-30 11:55:00,13.292,13.31,13.285,13.29,4518.0
2026-07-30,2026-07-30 12:00:00,13.3,13.32,13.295,13.3,4783.0
2026-07-30,2026-07-30 12:05:00,13.31,13.32,13.3,13.32,4002.0
2026-07-30,2026-07-30 12:10:00,13.32,13.32,13.27,13.27,6853.0
2026-07-30,2026-07-30 12:15:00,13.27,13.29,13.27,13.285,4794.0
2026-07-30,2026-07-30 12:20:00,13.2899,13.295,13.27,13.27,5260.0
2026-07-30,2026-07-30 12:25:00,13.27,13.295,13.27,13.295,3556.0
2026-07-30,2026-07-30 12:30:00,13.295,13.3,13.29,13.29,5169.0
2026-07-30,2026-07-30 12:35:00,13.282,13.32,13.279,13.32,6069.0
2026-07-30,2026-07-30 12:40:00,13.33,13.33,13.31,13.32,3519.0
2026-07-30,2026-07-30 12:45:00,13.3,13.3,13.25,13.25,4641.0
2026-07-30,2026-07-30 12:50:00,13.26,13.29,13.26,13.27,4107.0
2026-07-30,2026-07-30 12:55:00,13.27,13.295,13.27,13.28,4282.0
2026-07-30,2026-07-30 13:00:00,13.27,13.27,13.27,13.27,1767.0
2026-07-30,2026-07-30 13:05:00,13.28,13.29,13.265,13.265,6909.0
2026-07-30,2026-07-30 13:10:00,13.26,13.265,13.25,13.25,2987.0
2026-07-30,2026-07-30 13:15:00,13.24,13.25,13.24,13.24,3699.0
2026-07-30,2026-07-30 13:20:00,13.25,13.26,13.25,13.26,3605.0
2026-07-30,2026-07-30 13:25:00,13.26,13.3,13.25,13.3,11297.0
2026-07-30,2026-07-30 13:30:00,13.3,13.31,13.3,13.3,2975.0
2026-07-30,2026-07-30 13:35:00,13.31,13.32,13.29,13.2928,5685.0
2026-07-30,2026-07-30 13:40:00,13.29,13.3,13.29,13.3,1632.0
2026-07-30,2026-07-30 13:45:00,13.3,13.32,13.3,13.3,2237.0
2026-07-30,2026-07-30 13:50:00,13.3,13.305,13.2838,13.3,9624.0
2026-07-30,2026-07-30 13:55:00,13.3,13.32,13.285,13.32,6110.0
2026-07-30,2026-07-30 14:00:00,13.33,13.36,13.33,13.36,2849.0
2026-07-30,2026-07-30 14:05:00,13.36,13.36,13.33,13.34,7928.0
2026-07-30,2026-07-30 14:10:00,13.335,13.348,13.33,13.34,5618.0
2026-07-30,2026-07-30 14:15:00,13.34,13.35,13.339,13.34,7327.0
2026-07-30,2026-07-30 14:20:00,13.34,13.34,13.33,13.34,1876.0
2026-07-30,2026-07-30 14:25:00,13.34,13.37,13.34,13.37,3963.0
2026-07-30,2026-07-30 14:30:00,13.38,13.38,13.37,13.37,3766.0
2026-07-30,2026-07-30 14:35:00,13.38,13.39,13.38,13.385,2789.0
2026-07-30,2026-07-30 14:40:00,13.38,13.39,13.38,13.382,4127.0
2026-07-30,2026-07-30 14:45:00,13.38,13.4,13.38,13.4,2839.0
2026-07-30,2026-07-30 14:50:00,13.405,13.47,13.405,13.46,10992.0
2026-07-30,2026-07-30 14:55:00,13.465,13.4951,13.4581,13.49,11620.0
2026-07-30,2026-07-30 15:00:00,13.5,13.5,13.48,13.49,8963.0
2026-07-30,2026-07-30 15:05:00,13.5,13.51,13.445,13.49,73390.0
2026-07-30,2026-07-30 15:10:00,13.472,13.53,13.43,13.53,16559.0
2026-07-30,2026-07-30 15:15:00,13.52,13.55,13.51,13.55,7155.0
2026-07-30,2026-07-30 15:20:00,13.55,13.555,13.53,13.55,15547.0
2026-07-30,2026-07-30 15:25:00,13.54,13.55,13.525,13.535,14329.0
2026-07-30,2026-07-30 15:30:00,13.53,13.54,13.505,13.54,20785.0
2026-07-30,2026-07-30 15:35:00,13.54,13.54,13.52,13.53,19061.0
2026-07-30,2026-07-30 15:40:00,13.52,13.54,13.515,13.54,22525.0
2026-07-30,2026-07-30 15:45:00,13.53,13.58,13.525,13.58,16606.0
2026-07-30,2026-07-30 15:50:00,13.58,13.73,13.58,13.71,24162.0
2026-07-30,2026-07-30 15:55:00,13.71,13.71,13.66,13.71,28690.0
2026-07-30,2026-07-30 16:00:00,13.71,13.865,13.71,13.82,413671.0
2026-07-31,2026-07-31 09:35:00,13.87,13.94,13.73,13.855,34535.0
2026-07-31,2026-07-31 09:40:00,13.856,13.856,13.59,13.625,24803.0
2026-07-31,2026-07-31 09:45:00,13.625,13.72,13.52,13.65,23187.0
2026-07-31,2026-07-31 09:50:00,13.635,13.68,13.42,13.44,12110.0
2026-07-31,2026-07-31 09:55:00,13.43,13.53,13.385,13.39,25880.0
2026-07-31,2026-07-31 10:00:00,13.41,13.42,13.34,13.4,30267.0
2026-07-31,2026-07-31 10:05:00,13.4,13.41,13.3,13.305,22940.0
2026-07-31,2026-07-31 10:10:00,13.32,13.365,13.26,13.28,13299.0
2026-07-31,2026-07-31 10:15:00,13.29,13.33,13.28,13.33,14599.0
2026-07-31,2026-07-31 10:20:00,13.32,13.39,13.2527,13.345,19833.0
2026-07-31,2026-07-31 10:25:00,13.36,13.465,13.35,13.405,17630.0
2026-07-31,2026-07-31 10:30:00,13.4,13.48,13.4,13.48,11833.0
2026-07-31,2026-07-31 10:35:00,13.48,13.48,13.4,13.44,12979.0
2026-07-31,2026-07-31 10:40:00,13.42,13.49,13.42,13.49,32514.0
2026-07-31,2026-07-31 10:45:00,13.48,13.51,13.44,13.46,30316.0
2026-07-31,2026-07-31 10:50:00,13.445,13.48,13.445,13.48,4037.0
2026-07-31,2026-07-31 10:55:00,13.475,13.5,13.45,13.49,6868.0
2026-07-31,2026-07-31 11:00:00,13.49,13.61,13.49,13.59,10742.0
2026-07-31,2026-07-31 11:05:00,13.585,13.66,13.57,13.625,26929.0
2026-07-31,2026-07-31 11:10:00,13.64,13.775,13.585,13.6,44547.0
2026-07-31,2026-07-31 11:15:00,13.58,13.65,13.56,13.645,68069.0
2026-07-31,2026-07-31 11:20:00,13.645,13.66,13.62,13.64,8839.0
2026-07-31,2026-07-31 11:25:00,13.635,13.65,13.59,13.6,13899.0
2026-07-31,2026-07-31 11:30:00,13.6,13.6,13.575,13.58,7210.0
2026-07-31,2026-07-31 11:35:00,13.57,13.57,13.53,13.55,15036.0
2026-07-31,2026-07-31 11:40:00,13.56,13.56,13.51,13.51,5886.0
2026-07-31,2026-07-31 11:45:00,13.5,13.5,13.4101,13.43,7995.0
2026-07-31,2026-07-31 11:50:00,13.43,13.44,13.39,13.4,7413.0
2026-07-31,2026-07-31 11:55:00,13.41,13.44,13.41,13.44,3689.0
2026-07-31,2026-07-31 12:00:00,13.45,13.45,13.42,13.42,7306.0
2026-07-31,2026-07-31 12:05:00,13.44,13.45,13.42,13.43,2661.0
2026-07-31,2026-07-31 12:10:00,13.41,13.42,13.38,13.39,6009.0
2026-07-31,2026-07-31 12:15:00,13.39,13.39,13.355,13.37,6225.0
2026-07-31,2026-07-31 12:20:00,13.36,13.39,13.36,13.39,4207.0
2026-07-31,2026-07-31 12:25:00,13.4,13.43,13.4,13.43,1645.0
2026-07-31,2026-07-31 12:30:00,13.42,13.42,13.4,13.41,2268.0
2026-07-31,2026-07-31 12:35:00,13.42,13.44,13.42,13.44,4245.0
2026-07-31,2026-07-31 12:40:00,13.445,13.45,13.44,13.44,2579.0
2026-07-31,2026-07-31 12:45:00,13.44,13.44,13.42,13.42,5727.0
2026-07-31,2026-07-31 12:50:00,13.43,13.4999,13.43,13.49,5375.0
2026-07-31,2026-07-31 12:55:00,13.49,13.49,13.4738,13.475,2160.0
2026-07-31,2026-07-31 13:00:00,13.485,13.485,13.4835,13.4835,1896.0
2026-07-31,2026-07-31 13:05:00,13.47,13.47,13.44,13.44,5985.0
2026-07-31,2026-07-31 13:10:00,13.43,13.43,13.4,13.405,3838.0
2026-07-31,2026-07-31 13:15:00,13.4,13.46,13.4,13.46,8537.0
2026-07-31,2026-07-31 13:20:00,13.46,13.46,13.43,13.439239,10063.0
2026-07-31,2026-07-31 13:25:00,13.46,13.49,13.43,13.49,4961.0
2026-07-31,2026-07-31 13:30:00,13.49,13.505,13.47,13.505,5364.0
2026-07-31,2026-07-31 13:35:00,13.515,13.53,13.492,13.5,7128.0
2026-07-31,2026-07-31 13:40:00,13.5,13.525,13.5,13.525,3539.0
2026-07-31,2026-07-31 13:45:00,13.51,13.52,13.51,13.51,7705.0
2026-07-31,2026-07-31 13:50:00,13.51,13.53,13.51,13.52,8483.0
2026-07-31,2026-07-31 13:55:00,13.52,13.55,13.52,13.525,9805.0
2026-07-31,2026-07-31 14:00:00,13.53,13.54,13.525,13.53,8436.0
2026-07-31,2026-07-31 14:05:00,13.53,13.54,13.52,13.52,6431.0
2026-07-31,2026-07-31 14:10:00,13.51,13.55,13.51,13.55,7577.0
2026-07-31,2026-07-31 14:15:00,13.54,13.54,13.51,13.51,7768.0
2026-07-31,2026-07-31 14:20:00,13.505,13.52,13.5,13.52,4532.0
2026-07-31,2026-07-31 14:25:00,13.51,13.51,13.465,13.48,11221.0
2026-07-31,2026-07-31 14:30:00,13.47,13.49,13.46,13.49,7641.0
2026-07-31,2026-07-31 14:35:00,13.49,13.49,13.47,13.47,2828.0
2026-07-31,2026-07-31 14:40:00,13.47,13.49,13.46,13.49,7078.0
2026-07-31,2026-07-31 14:45:00,13.49,13.49,13.48,13.48,5890.0
2026-07-31,2026-07-31 14:50:00,13.48,13.49,13.48,13.49,3019.0
2026-07-31,2026-07-31 14:55:00,13.5,13.5,13.47,13.47,7295.0
2026-07-31,2026-07-31 15:00:00,13.47,13.48,13.47,13.48,5133.0
2026-07-31,2026-07-31 15:05:00,13.48,13.51,13.48,13.5,6413.0
2026-07-31,2026-07-31 15:10:00,13.49,13.51,13.49,13.51,7737.0
2026-07-31,2026-07-31 15:15:00,13.5,13.5099,13.49,13.5,7490.0
2026-07-31,2026-07-31 15:20:00,13.499,13.5,13.475,13.5,11186.0
2026-07-31,2026-07-31 15:25:00,13.49,13.51,13.48,13.5,7610.0
2026-07-31,2026-07-31 15:30:00,13.5,13.52,13.5,13.505,9134.0
2026-07-31,2026-07-31 15:35:00,13.5,13.5,13.465,13.475,14873.0
2026-07-31,2026-07-31 15:40:00,13.47,13.485,13.451,13.451,12223.0
2026-07-31,2026-07-31 15:45:00,13.45,13.48,13.445,13.47,11994.0
2026-07-31,2026-07-31 15:50:00,13.47,13.51,13.42,13.43,23925.0
2026-07-31,2026-07-31 15:55:00,13.43,13.46,13.36,13.44,55049.0
2026-07-31,2026-07-31 16:00:00,13.42,13.51,13.42,13.5,460090.0
2026-08-03,2026-08-03 09:35:00,13.51,13.59,13.1775,13.23,24324.0
2026-08-03,2026-08-03 09:40:00,13.13,13.42,13.13,13.27,15586.0
2026-08-03,2026-08-03 09:45:00,13.28,13.405,13.28,13.4,8832.0
2026-08-03,2026-08-03 09:50:00,13.37,13.39,13.32,13.34,4045.0
2026-08-03,2026-08-03 09:55:00,13.3,13.39,13.2,13.24,5730.0
2026-08-03,2026-08-03 10:00:00,13.17,13.28,13.17,13.27,5902.0
2026-08-03,2026-08-03 10:05:00,13.28,13.46,13.275,13.33,6840.0
2026-08-03,2026-08-03 10:10:00,13.385,13.61,13.385,13.58,15734.0
2026-08-03,2026-08-03 10:15:00,13.58,13.6555,13.5,13.6,45159.0
2026-08-03,2026-08-03 10:20:00,13.63,13.7,13.55,13.605,84557.0
2026-08-03,2026-08-03 10:25:00,13.62,13.645,13.575,13.62,17306.0
2026-08-03,2026-08-03 10:30:00,13.62,13.64,13.59,13.615,25688.0
2026-08-03,2026-08-03 10:35:00,13.615,13.63,13.55,13.565,27355.0
2026-08-03,2026-08-03 10:40:00,13.54,13.57,13.52,13.565,5481.0
2026-08-03,2026-08-03 10:45:00,13.55,13.58,13.55,13.55,4443.0
2026-08-03,2026-08-03 10:50:00,13.54,13.56,13.52,13.55,5323.0
2026-08-03,2026-08-03 10:55:00,13.58,13.605,13.5,13.52,36229.0
2026-08-03,2026-08-03 11:00:00,13.52,13.6,13.52,13.57,45165.0
2026-08-03,2026-08-03 11:05:00,13.57,13.685,13.57,13.655,69191.0
2026-08-03,2026-08-03 11:10:00,13.67,13.685,13.63,13.635,8241.0
2026-08-03,2026-08-03 11:15:00,13.63,13.64,13.525,13.525,9615.0
2026-08-03,2026-08-03 11:20:00,13.535,13.59,13.53,13.535,9560.0
2026-08-03,2026-08-03 11:25:00,13.52,13.54,13.49,13.5,12201.0
2026-08-03,2026-08-03 11:30:00,13.495,13.51,13.45,13.45,9837.0
2026-08-03,2026-08-03 11:35:00,13.45,13.46,13.4,13.4,7517.0
2026-08-03,2026-08-03 11:40:00,13.395,13.405,13.35,13.405,11594.0
2026-08-03,2026-08-03 11:45:00,13.405,13.45,13.31,13.365,36491.0
2026-08-03,2026-08-03 11:50:00,13.38,13.395,13.36,13.37,10258.0
2026-08-03,2026-08-03 11:55:00,13.37,13.39,13.355,13.375,10664.0
2026-08-03,2026-08-03 12:00:00,13.3791,13.41,13.37,13.41,15000.0
2026-08-03,2026-08-03 12:05:00,13.415,13.445,13.415,13.43,6246.0
2026-08-03,2026-08-03 12:10:00,13.42,13.45,13.4,13.44,14045.0
2026-08-03,2026-08-03 12:15:00,13.44,13.45,13.42,13.44,9773.0
2026-08-03,2026-08-03 12:20:00,13.44,13.47,13.44,13.45,8850.0
2026-08-03,2026-08-03 12:25:00,13.46,13.46,13.415,13.43,13701.0
2026-08-03,2026-08-03 12:30:00,13.44,13.45,13.43,13.44,7452.0
2026-08-03,2026-08-03 12:35:00,13.43,13.44,13.4,13.42,16197.0
2026-08-03,2026-08-03 12:40:00,13.43,13.45,13.43,13.45,8135.0
2026-08-03,2026-08-03 12:45:00,13.44,13.46,13.44,13.45,5380.0
2026-08-03,2026-08-03 12:50:00,13.44,13.45,13.38,13.38,12301.0
2026-08-03,2026-08-03 12:55:00,13.375,13.38,13.37,13.37,4785.0
2026-08-03,2026-08-03 13:00:00,13.38,13.39,13.36,13.36,8376.0
2026-08-03,2026-08-03 13:05:00,13.38,13.38,13.33,13.34,6777.0
2026-08-03,2026-08-03 13:10:00,13.35,13.38,13.35,13.38,8480.0
2026-08-03,2026-08-03 13:15:00,13.39,13.39,13.37,13.38,4958.0
2026-08-03,2026-08-03 13:20:00,13.38,13.41,13.38,13.4,5676.0
2026-08-03,2026-08-03 13:25:00,13.4,13.41,13.365,13.37,9269.0
2026-08-03,2026-08-03 13:30:00,13.37,13.39,13.36,13.37,11304.0
2026-08-03,2026-08-03 13:35:00,13.37,13.39,13.37,13.38,4493.0
2026-08-03,2026-08-03 13:40:00,13.37,13.39,13.36,13.39,4400.0
2026-08-03,2026-08-03 13:45:00,13.39,13.41,13.39,13.405,1791.0
2026-08-03,2026-08-03 13:50:00,13.41,13.43,13.405,13.42,12164.0
2026-08-03,2026-08-03 13:55:00,13.42,13.42,13.4,13.41,5741.0
2026-08-03,2026-08-03 14:00:00,13.41,13.435,13.41,13.43,6796.0
2026-08-03,2026-08-03 14:05:00,13.44,13.46,13.44,13.45,6862.0
2026-08-03,2026-08-03 14:10:00,13.45,13.47,13.45,13.46,6886.0
2026-08-03,2026-08-03 14:15:00,13.46,13.49,13.46,13.48,7787.0
2026-08-03,2026-08-03 14:20:00,13.48,13.53,13.45,13.45,33130.0
2026-08-03,2026-08-03 14:25:00,13.46,13.46,13.44,13.45,5661.0
2026-08-03,2026-08-03 14:30:00,13.45,13.47,13.43,13.43,16043.0
2026-08-03,2026-08-03 14:35:00,13.44,13.45,13.43,13.45,12516.0
2026-08-03,2026-08-03 14:40:00,13.46,13.47,13.435,13.44,6285.0
2026-08-03,2026-08-03 14:45:00,13.43,13.43,13.39,13.39,6429.0
2026-08-03,2026-08-03 14:50:00,13.38,13.47,13.38,13.46,14618.0
2026-08-03,2026-08-03 14:55:00,13.47,13.48,13.45,13.45,7578.0
2026-08-03,2026-08-03 15:00:00,13.45,13.45,13.42,13.43,13275.0
2026-08-03,2026-08-03 15:05:00,13.44,13.45,13.44,13.45,5893.0
2026-08-03,2026-08-03 15:10:00,13.44,13.48,13.43,13.48,25844.0
2026-08-03,2026-08-03 15:15:00,13.48,13.505,13.48,13.5,6572.0
2026-08-03,2026-08-03 15:20:00,13.505,13.505,13.48,13.5,15458.0
2026-08-03,2026-08-03 15:25:00,13.5,13.51,13.48,13.49,20487.0
2026-08-03,2026-08-03 15:30:00,13.5,13.51,13.49,13.495,10774.0
2026-08-03,2026-08-03 15:35:00,13.49,13.5099,13.47,13.48,13015.0
2026-08-03,2026-08-03 15:40:00,13.48,13.5,13.47,13.49,24314.0
2026-08-03,2026-08-03 15:45:00,13.49,13.49,13.46,13.46,18368.0
2026-08-03,2026-08-03 15:50:00,13.47,13.495,13.46,13.48,28273.0
2026-08-03,2026-08-03 15:55:00,13.49,13.49,13.45,13.46,64648.0
2026-08-03,2026-08-03 16:00:00,13.47,13.48,13.35,13.37,392999.0
2026-08-04,2026-08-04 09:35:00,13.66,13.72,13.4,13.615,29411.0
2026-08-04,2026-08-04 09:40:00,13.71,13.75,13.625,13.72,6412.0
2026-08-04,2026-08-04 09:45:00,13.775,13.785,13.69,13.71,4288.0
2026-08-04,2026-08-04 09:50:00,13.71,13.725,13.55,13.635,5896.0
2026-08-04,2026-08-04 09:55:00,13.645,13.69,13.615,13.62,18919.0
2026-08-04,2026-08-04 10:00:00,13.62,13.65,13.51,13.51,18089.0
2026-08-04,2026-08-04 10:05:00,13.52,13.59,13.52,13.59,25580.0
2026-08-04,2026-08-04 10:10:00,13.59,13.66,13.56,13.595,22889.0
2026-08-04,2026-08-04 10:15:00,13.58,13.58,13.48,13.54,16175.0
2026-08-04,2026-08-04 10:20:00,13.555,13.555,13.43,13.44,17797.0
2026-08-04,2026-08-04 10:25:00,13.44,13.44,13.39,13.39,13583.0
2026-08-04,2026-08-04 10:30:00,13.38,13.38,13.32,13.35,23932.0
2026-08-04,2026-08-04 10:35:00,13.36,13.41,13.36,13.405,7440.0
2026-08-04,2026-08-04 10:40:00,13.4,13.42,13.36,13.42,18471.0
2026-08-04,2026-08-04 10:45:00,13.42,13.5,13.42,13.46,11615.0
2026-08-04,2026-08-04 10:50:00,13.47,13.47,13.41,13.41,8616.0
2026-08-04,2026-08-04 10:55:00,13.41,13.42,13.4,13.41,6691.0
2026-08-04,2026-08-04 11:00:00,13.4,13.49,13.4,13.49,10036.0
2026-08-04,2026-08-04 11:05:00,13.48,13.49,13.465,13.49,7431.0
2026-08-04,2026-08-04 11:10:00,13.49,13.595,13.475,13.55,44424.0
2026-08-04,2026-08-04 11:15:00,13.55,13.575,13.54,13.56,10604.0
2026-08-04,2026-08-04 11:20:00,13.56,13.575,13.55,13.575,9762.0
2026-08-04,2026-08-04 11:25:00,13.57,13.6,13.555,13.5909,19936.0
2026-08-04,2026-08-04 11:30:00,13.592925,13.62,13.58,13.58,13903.0
2026-08-04,2026-08-04 11:35:00,13.57,13.58,13.5,13.5,27869.0
2026-08-04,2026-08-04 11:40:00,13.5,13.55,13.5,13.51,24784.0
2026-08-04,2026-08-04 11:45:00,13.51,13.58,13.51,13.53,17356.0
2026-08-04,2026-08-04 11:50:00,13.53,13.53,13.5,13.52,12845.0
2026-08-04,2026-08-04 11:55:00,13.52,13.53,13.5,13.53,47288.0
2026-08-04,2026-08-04 12:00:00,13.54,13.58,13.53,13.55,8463.0
2026-08-04,2026-08-04 12:05:00,13.55,13.56,13.52,13.525,9768.0
2026-08-04,2026-08-04 12:10:00,13.52,13.585,13.515,13.585,12168.0
2026-08-04,2026-08-04 12:15:00,13.585,13.59,13.54,13.54,11063.0
2026-08-04,2026-08-04 12:20:00,13.54,13.56,13.535,13.56,4508.0
2026-08-04,2026-08-04 12:25:00,13.55,13.55,13.495,13.52,25180.0
2026-08-04,2026-08-04 12:30:00,13.52,13.56,13.52,13.53,41769.0
2026-08-04,2026-08-04 12:35:00,13.53,13.56,13.53,13.56,17810.0
2026-08-04,2026-08-04 12:40:00,13.57,13.57,13.51,13.53,8670.0
2026-08-04,2026-08-04 12:45:00,13.53,13.53,13.51,13.52,7264.0
2026-08-04,2026-08-04 12:50:00,13.515,13.52,13.49,13.5,10035.0
2026-08-04,2026-08-04 12:55:00,13.51,13.545,13.51,13.545,22094.0
2026-08-04,2026-08-04 13:00:00,13.54,13.545,13.52,13.53,12325.0
2026-08-04,2026-08-04 13:05:00,13.52,13.56,13.5,13.54,51119.0
2026-08-04,2026-08-04 13:10:00,13.55,13.55,13.5,13.5,28585.0
2026-08-04,2026-08-04 13:15:00,13.49,13.495,13.48,13.48,6986.0
2026-08-04,2026-08-04 13:20:00,13.49,13.49,13.45,13.465,10734.0
2026-08-04,2026-08-04 13:25:00,13.46,13.46,13.425,13.435,12717.0
2026-08-04,2026-08-04 13:30:00,13.435,13.4999,13.435,13.4999,8435.0
2026-08-04,2026-08-04 13:35:00,13.49,13.525,13.49,13.52,26937.0
2026-08-04,2026-08-04 13:40:00,13.52,13.53,13.51,13.525,9441.0
2026-08-04,2026-08-04 13:45:00,13.52,13.57,13.52,13.57,17964.0
2026-08-04,2026-08-04 13:50:00,13.57,13.6,13.57,13.6,8963.0
2026-08-04,2026-08-04 13:55:00,13.6,13.73,13.57,13.72,24798.0
2026-08-04,2026-08-04 14:00:00,13.72,13.74,13.65,13.68,22212.0
2026-08-04,2026-08-04 14:05:00,13.68,13.71,13.64,13.67,12616.0
2026-08-04,2026-08-04 14:10:00,13.665,13.74,13.665,13.73,8420.0
2026-08-04,2026-08-04 14:15:00,13.73,13.73,13.65,13.72,21744.0
2026-08-04,2026-08-04 14:20:00,13.71,13.71,13.65,13.71,45255.0
2026-08-04,2026-08-04 14:25:00,13.7,13.71,13.69,13.7,11200.0
2026-08-04,2026-08-04 14:30:00,13.7,13.705,13.68,13.695,15003.0
2026-08-04,2026-08-04 14:35:00,13.69,13.7,13.65,13.67,25695.0
2026-08-04,2026-08-04 14:40:00,13.67,13.68,13.665,13.665,13605.0
2026-08-04,2026-08-04 14:45:00,13.66,13.66,13.6305,13.645,14052.0
2026-08-04,2026-08-04 14:50:00,13.65,13.73,13.65,13.73,13887.0
2026-08-04,2026-08-04 14:55:00,13.73,13.74,13.68,13.68,14624.0
2026-08-04,2026-08-04 15:00:00,13.69,13.7,13.68,13.685,7052.0
2026-08-04,2026-08-04 15:05:00,13.685,13.72,13.685,13.715,8011.0
2026-08-04,2026-08-04 15:10:00,13.71,13.72,13.69,13.715,18570.0
2026-08-04,2026-08-04 15:15:00,13.715,13.72,13.69,13.69,15704.0
2026-08-04,2026-08-04 15:20:00,13.6901,13.6901,13.645,13.65,8856.0
2026-08-04,2026-08-04 15:25:00,13.65,13.65,13.59,13.63,19559.0
2026-08-04,2026-08-04 15:30:00,13.63,13.65,13.57,13.65,97831.0
2026-08-04,2026-08-04 15:35:00,13.67,13.71,13.64,13.7,63952.0
2026-08-04,2026-08-04 15:40:00,13.7,13.77,13.685,13.75,32804.0
2026-08-04,2026-08-04 15:45:00,13.75,13.78,13.73,13.75,32798.0
2026-08-04,2026-08-04 15:50:00,13.75,13.75,13.695,13.71,108409.0
2026-08-04,2026-08-04 15:55:00,13.7,13.74,13.6739,13.74,85231.0
2026-08-04,2026-08-04 16:00:00,13.73,13.77,13.68,13.75,757266.0
2026-08-05,2026-08-05 09:35:00,13.82,14.0,13.76,13.91,10694.0
2026-08-05,2026-08-05 09:40:00,13.905,13.94,13.81,13.89,9889.0
2026-08-05,2026-08-05 09:45:00,13.865,13.865,13.76,13.76,4120.0
2026-08-05,2026-08-05 09:50:00,13.83,13.88,13.8,13.81,11100.0
2026-08-05,2026-08-05 09:55:00,13.81,13.855,13.79,13.82,9196.0
2026-08-05,2026-08-05 10:00:00,13.83,13.87,13.82,13.835,10731.0
2026-08-05,2026-08-05 10:05:00,13.82,13.82,13.73,13.775,14319.0
2026-08-05,2026-08-05 10:10:00,13.8,13.92,13.79,13.92,11492.0
2026-08-05,2026-08-05 10:15:00,13.9,13.9,13.795,13.82,5651.0
2026-08-05,2026-08-05 10:20:00,13.84,13.88,13.83,13.83,6832.0
2026-08-05,2026-08-05 10:25:00,13.79,13.8,13.705,13.73,10840.0
2026-08-05,2026-08-05 10:30:00,13.74,13.75,13.64,13.64,9466.0
2026-08-05,2026-08-05 10:35:00,13.67,13.69,13.63,13.63,9763.0
2026-08-05,2026-08-05 10:40:00,13.61,13.61,13.52,13.55,16225.0
2026-08-05,2026-08-05 10:45:00,13.5494,13.5494,13.44,13.47,23371.0
2026-08-05,2026-08-05 10:50:00,13.48,13.59,13.465,13.56,9304.0
2026-08-05,2026-08-05 10:55:00,13.55,13.5695,13.52,13.53,5854.0
2026-08-05,2026-08-05 11:00:00,13.5495,13.66,13.53,13.66,7131.0
2026-08-05,2026-08-05 11:05:00,13.62,13.645,13.61,13.62,6398.0
2026-08-05,2026-08-05 11:10:00,13.62,13.66,13.62,13.65,3592.0
2026-08-05,2026-08-05 11:15:00,13.645,13.645,13.595,13.595,6900.0
2026-08-05,2026-08-05 11:20:00,13.58,13.585,13.48,13.51,8045.0
2026-08-05,2026-08-05 11:25:00,13.52,13.53,13.49,13.5,4902.0
2026-08-05,2026-08-05 11:30:00,13.51,13.55,13.5,13.53,3989.0
2026-08-05,2026-08-05 11:35:00,13.535,13.57,13.53,13.53,5718.0
2026-08-05,2026-08-05 11:40:00,13.535,13.57,13.52,13.57,5138.0
2026-08-05,2026-08-05 11:45:00,13.57,13.57,13.57,13.57,2071.0
2026-08-05,2026-08-05 11:50:00,13.57,13.57,13.55,13.555,5763.0
2026-08-05,2026-08-05 11:55:00,13.555,13.56,13.53,13.53,6954.0
2026-08-05,2026-08-05 12:00:00,13.53,13.53,13.5,13.5,7736.0
2026-08-05,2026-08-05 12:05:00,13.4944,13.52,13.4944,13.52,5317.0
2026-08-05,2026-08-05 12:10:00,13.53,13.56,13.53,13.56,4196.0
2026-08-05,2026-08-05 12:15:00,13.57,13.61,13.57,13.6,3856.0
2026-08-05,2026-08-05 12:20:00,13.6,13.62,13.59,13.595,6071.0
2026-08-05,2026-08-05 12:25:00,13.585,13.62,13.56,13.56,6496.0
2026-08-05,2026-08-05 12:30:00,13.575,13.63,13.575,13.63,5511.0
2026-08-05,2026-08-05 12:35:00,13.65,13.65,13.61,13.63,5534.0
2026-08-05,2026-08-05 12:40:00,13.64,13.68,13.64,13.655,10679.0
2026-08-05,2026-08-05 12:45:00,13.655,13.66,13.64,13.64,4642.0
2026-08-05,2026-08-05 12:50:00,13.66,13.69,13.65,13.67,5855.0
2026-08-05,2026-08-05 12:55:00,13.67,13.715,13.67,13.71,9928.0
2026-08-05,2026-08-05 13:00:00,13.71,13.75,13.71,13.74,12762.0
2026-08-05,2026-08-05 13:05:00,13.74,13.75,13.705,13.705,9602.0
2026-08-05,2026-08-05 13:10:00,13.705,13.71,13.68,13.705,7289.0
2026-08-05,2026-08-05 13:15:00,13.705,13.705,13.665,13.665,7920.0
2026-08-05,2026-08-05 13:20:00,13.67,13.72,13.665,13.71,10524.0
2026-08-05,2026-08-05 13:25:00,13.705,13.72,13.7,13.71,6189.0
2026-08-05,2026-08-05 13:30:00,13.72,13.75,13.71,13.74,8358.0
2026-08-05,2026-08-05 13:35:00,13.73,13.745,13.73,13.74,5478.0
2026-08-05,2026-08-05 13:40:00,13.73,13.77,13.73,13.75,12094.0
2026-08-05,2026-08-05 13:45:00,13.75,13.77,13.75,13.755,7478.0
2026-08-05,2026-08-05 13:50:00,13.75,13.77,13.74,13.77,5805.0
2026-08-05,2026-08-05 13:55:00,13.765,13.765,13.715,13.715,8967.0
2026-08-05,2026-08-05 14:00:00,13.71,13.73,13.71,13.72,4490.0
2026-08-05,2026-08-05 14:05:00,13.72,13.72,13.66,13.68,8684.0
2026-08-05,2026-08-05 14:10:00,13.68,13.69,13.665,13.68,6089.0
2026-08-05,2026-08-05 14:15:00,13.68,13.705,13.66,13.675,13233.0
2026-08-05,2026-08-05 14:20:00,13.68,13.68,13.635,13.65,9172.0
2026-08-05,2026-08-05 14:25:00,13.65,13.66,13.625,13.63,8962.0
2026-08-05,2026-08-05 14:30:00,13.64,13.66,13.64,13.64,7179.0
2026-08-05,2026-08-05 14:35:00,13.64,13.64,13.58,13.585,21963.0
2026-08-05,2026-08-05 14:40:00,13.58,13.6,13.57,13.58,8653.0
2026-08-05,2026-08-05 14:45:00,13.58,13.6,13.58,13.6,9985.0
2026-08-05,2026-08-05 14:50:00,13.6,13.62,13.59,13.62,10755.0
2026-08-05,2026-08-05 14:55:00,13.61,13.635,13.61,13.635,8661.0
2026-08-05,2026-08-05 15:00:00,13.635,13.645,13.63,13.63,11889.0
2026-08-05,2026-08-05 15:05:00,13.625,13.64,13.61,13.615,16157.0
2026-08-05,2026-08-05 15:10:00,13.615,13.615,13.595,13.605,11185.0
2026-08-05,2026-08-05 15:15:00,13.6,13.61,13.545,13.575,32916.0
2026-08-05,2026-08-05 15:20:00,13.58,13.58,13.525,13.545,19914.0
2026-08-05,2026-08-05 15:25:00,13.545,13.55,13.525,13.55,20996.0
2026-08-05,2026-08-05 15:30:00,13.55,13.56,13.53,13.53,26820.0
2026-08-05,2026-08-05 15:35:00,13.52,13.55,13.495,13.535,43629.0
2026-08-05,2026-08-05 15:40:00,13.535,13.54,13.52,13.525,19566.0
2026-08-05,2026-08-05 15:45:00,13.52,13.54,13.51,13.515,24935.0
2026-08-05,2026-08-05 15:50:00,13.515,13.515,13.425,13.45,41736.0
2026-08-05,2026-08-05 15:55:00,13.46,13.515,13.46,13.515,38639.0
2026-08-05,2026-08-05 16:00:00,13.515,13.655,13.515,13.63,522296.0
2026-08-06,2026-08-06 09:35:00,13.61,13.77,13.61,13.7,17748.0
2026-08-06,2026-08-06 09:40:00,13.685,13.92,13.685,13.92,3282.0
2026-08-06,2026-08-06 09:45:00,13.925,13.925,13.79,13.79,5939.0
2026-08-06,2026-08-06 09:50:00,13.83,14.05,13.815,13.995,21765.0
2026-08-06,2026-08-06 09:55:00,13.995,14.02,13.94,13.94,9748.0
2026-08-06,2026-08-06 10:00:00,13.96,14.08,13.96,14.01,4418.0
2026-08-06,2026-08-06 10:05:00,14.0,14.085,13.99,14.04,23820.0
2026-08-06,2026-08-06 10:10:00,14.02,14.02,13.93,14.0001,5299.0
2026-08-06,2026-08-06 10:15:00,13.965,14.18,13.965,13.985,108613.0
2026-08-06,2026-08-06 10:20:00,14.02,14.06,13.91,14.06,28999.0
2026-08-06,2026-08-06 10:25:00,14.11,14.125,14.04,14.105,26944.0
2026-08-06,2026-08-06 10:30:00,14.09,14.21,14.07,14.07,101658.0
2026-08-06,2026-08-06 10:35:00,14.07,14.13,14.07,14.11,13085.0
2026-08-06,2026-08-06 10:40:00,14.11,14.115,14.04,14.08,7713.0
2026-08-06,2026-08-06 10:45:00,14.065,14.17,14.06,14.06,36130.0
2026-08-06,2026-08-06 10:50:00,14.07,14.08,14.04,14.055,13538.0
2026-08-06,2026-08-06 10:55:00,14.06,14.12,14.05,14.0601,8100.0
2026-08-06,2026-08-06 11:00:00,14.06,14.12,14.05,14.115,5855.0
2026-08-06,2026-08-06 11:05:00,14.12,14.19,14.1,14.13,109443.0
2026-08-06,2026-08-06 11:10:00,14.12,14.15,14.09,14.15,9418.0
2026-08-06,2026-08-06 11:15:00,14.15,14.24,14.15,14.19,36751.0
2026-08-06,2026-08-06 11:20:00,14.19,14.2,14.11,14.12,13592.0
2026-08-06,2026-08-06 11:25:00,14.11,14.2,14.11,14.2,10817.0
2026-08-06,2026-08-06 11:30:00,14.2,14.225,14.18,14.199,7343.0
2026-08-06,2026-08-06 11:35:00,14.21,14.26,14.18,14.2,22153.0
2026-08-06,2026-08-06 11:40:00,14.19,14.2,14.135,14.14,13659.0
2026-08-06,2026-08-06 11:45:00,14.14,14.145,14.08,14.1,6303.0
2026-08-06,2026-08-06 11:50:00,14.085,14.29,14.085,14.25,49133.0
2026-08-06,2026-08-06 11:55:00,14.24,14.27,14.2,14.2,9014.0
2026-08-06,2026-08-06 12:00:00,14.2,14.25,14.2,14.22,13926.0
2026-08-06,2026-08-06 12:05:00,14.2,14.21,14.18,14.19,6350.0
2026-08-06,2026-08-06 12:10:00,14.195,14.28,14.17,14.275,37420.0
2026-08-06,2026-08-06 12:15:00,14.28,14.28,14.21,14.22,6413.0
2026-08-06,2026-08-06 12:20:00,14.22,14.31,14.2,14.31,15462.0
2026-08-06,2026-08-06 12:25:00,14.3,14.3,14.21,14.23,19146.0
2026-08-06,2026-08-06 12:30:00,14.22,14.23,14.21,14.23,6336.0
2026-08-06,2026-08-06 12:35:00,14.24,14.25,14.23,14.24,8252.0
2026-08-06,2026-08-06 12:40:00,14.24,14.285,14.23,14.28,8329.0
2026-08-06,2026-08-06 12:45:00,14.2736,14.36,14.25,14.29,51810.0
2026-08-06,2026-08-06 12:50:00,14.28,14.28,14.245,14.255,5719.0
2026-08-06,2026-08-06 12:55:00,14.255,14.28,14.25,14.27,9994.0
2026-08-06,2026-08-06 13:00:00,14.27,14.32,14.25,14.32,10605.0
2026-08-06,2026-08-06 13:05:00,14.319,14.3699,14.319,14.35,20219.0
2026-08-06,2026-08-06 13:10:00,14.36,14.37,14.32,14.36,10529.0
2026-08-06,2026-08-06 13:15:00,14.35,14.35,14.33,14.335,4591.0
2026-08-06,2026-08-06 13:20:00,14.335,14.35,14.32,14.335,5303.0
2026-08-06,2026-08-06 13:25:00,14.335,14.35,14.31,14.34,8812.0
2026-08-06,2026-08-06 13:30:00,14.34,14.38,14.33,14.35,5610.0
2026-08-06,2026-08-06 13:35:00,14.34,14.37,14.34,14.37,4696.0
2026-08-06,2026-08-06 13:40:00,14.37,14.37,14.36,14.365,3146.0
2026-08-06,2026-08-06 13:45:00,14.35,14.38,14.35,14.38,6693.0
2026-08-06,2026-08-06 13:50:00,14.39,14.41,14.39,14.4,8805.0
2026-08-06,2026-08-06 13:55:00,14.3945,14.42,14.3945,14.415,3627.0
2026-08-06,2026-08-06 14:00:00,14.4191,14.44,14.4191,14.43,6724.0
2026-08-06,2026-08-06 14:05:00,14.43,14.43,14.36,14.375,13479.0
2026-08-06,2026-08-06 14:10:00,14.37,14.39,14.3279,14.3279,10283.0
2026-08-06,2026-08-06 14:15:00,14.33,14.35,14.285,14.35,15765.0
2026-08-06,2026-08-06 14:20:00,14.37,14.37,14.35,14.365,4183.0
2026-08-06,2026-08-06 14:25:00,14.38,14.39,14.36,14.36,8110.0
2026-08-06,2026-08-06 14:30:00,14.36,14.37,14.31,14.315,6447.0
2026-08-06,2026-08-06 14:35:00,14.31,14.33,14.295,14.31,13088.0
2026-08-06,2026-08-06 14:40:00,14.31,14.315,14.29,14.31,6511.0
2026-08-06,2026-08-06 14:45:00,14.31,14.33,14.31,14.33,6907.0
2026-08-06,2026-08-06 14:50:00,14.34,14.34,14.31,14.31,5344.0
2026-08-06,2026-08-06 14:55:00,14.3,14.3,14.29,14.295,3646.0
2026-08-06,2026-08-06 15:00:00,14.295,14.31,14.295,14.3,5674.0
2026-08-06,2026-08-06 15:05:00,14.305,14.31,14.3,14.3,5154.0
2026-08-06,2026-08-06 15:10:00,14.3,14.33,14.29,14.32,12709.0
2026-08-06,2026-08-06 15:15:00,14.325,14.325,14.31,14.31,10535.0
2026-08-06,2026-08-06 15:20:00,14.3,14.3,14.22,14.22,15519.0
2026-08-06,2026-08-06 15:25:00,14.21,14.27,14.21,14.27,22518.0
2026-08-06,2026-08-06 15:30:00,14.27,14.31,14.26,14.29,16980.0
2026-08-06,2026-08-06 15:35:00,14.28,14.32,14.27,14.32,13764.0
2026-08-06,2026-08-06 15:40:00,14.33,14.33,14.28,14.31,18298.0
2026-08-06,2026-08-06 15:45:00,14.32,14.32,14.3,14.31,15156.0
2026-08-06,2026-08-06 15:50:00,14.31,14.32,14.26,14.32,31476.0
2026-08-06,2026-08-06 15:55:00,14.331,14.385,14.33,14.385,24423.0
2026-08-06,2026-08-06 16:00:00,14.38,14.505,14.31,14.42,521232.0
2026-08-07,2026-08-07 09:35:00,14.77,14.77,14.51,14.705,8946.0
2026-08-07,2026-08-07 09:40:00,14.6313,14.68,14.5,14.68,8422.0
2026-08-07,2026-08-07 09:45:00,14.81,14.81,14.74,14.74,1371.0
2026-08-07,2026-08-07 09:50:00,14.7,14.88,14.6861,14.83,10348.0
2026-08-07,2026-08-07 09:55:00,14.83,14.93,14.73,14.79,43748.0
2026-08-07,2026-08-07 10:00:00,14.78,14.78,14.63,14.7,8248.0
2026-08-07,2026-08-07 10:05:00,14.73,14.73,14.62,14.65,5747.0
2026-08-07,2026-08-07 10:10:00,14.62,14.68,14.51,14.51,14056.0
2026-08-07,2026-08-07 10:15:00,14.52,14.56,14.44,14.47,3214.0
2026-08-07,2026-08-07 10:20:00,14.505,14.63,14.505,14.62,7919.0
2026-08-07,2026-08-07 10:25:00,14.59,14.6,14.525,14.58,10877.0
2026-08-07,2026-08-07 10:30:00,14.605,14.61,14.59,14.59,1895.0
2026-08-07,2026-08-07 10:35:00,14.59,14.59,14.49,14.54,7104.0
2026-08-07,2026-08-07 10:40:00,14.57,14.58,14.54,14.545,1917.0
2026-08-07,2026-08-07 10:45:00,14.5261,14.68,14.52,14.66,22416.0
2026-08-07,2026-08-07 10:50:00,14.68,14.77,14.66,14.675,12449.0
2026-08-07,2026-08-07 10:55:00,14.68,14.68,14.65,14.675,4181.0
2026-08-07,2026-08-07 11:00:00,14.69,14.71,14.66,14.66,3799.0
2026-08-07,2026-08-07 11:05:00,14.68,14.72,14.68,14.68,4300.0
2026-08-07,2026-08-07 11:10:00,14.67,14.68,14.66,14.66,5718.0
2026-08-07,2026-08-07 11:15:00,14.68,14.68,14.59,14.59,11392.0
2026-08-07,2026-08-07 11:20:00,14.585,14.585,14.51,14.51,4353.0
2026-08-07,2026-08-07 11:25:00,14.53,14.54,14.49,14.54,6602.0
2026-08-07,2026-08-07 11:30:00,14.55,14.56,14.49,14.49,6865.0
2026-08-07,2026-08-07 11:35:00,14.48,14.53,14.48,14.5028,5501.0
2026-08-07,2026-08-07 11:40:00,14.5,14.55,14.48,14.55,9081.0
2026-08-07,2026-08-07 11:45:00,14.55,14.55,14.53,14.53,7412.0
2026-08-07,2026-08-07 11:50:00,14.52,14.55,14.49,14.55,9701.0
2026-08-07,2026-08-07 11:55:00,14.57,14.65,14.57,14.61,13830.0
2026-08-07,2026-08-07 12:00:00,14.6,14.6,14.515,14.56,11483.0
2026-08-07,2026-08-07 12:05:00,14.54,14.55,14.52,14.55,7262.0
2026-08-07,2026-08-07 12:10:00,14.56,14.62,14.56,14.57,30626.0
2026-08-07,2026-08-07 12:15:00,14.58,14.62,14.57,14.62,12870.0
2026-08-07,2026-08-07 12:20:00,14.62,14.69,14.62,14.67,22788.0
2026-08-07,2026-08-07 12:25:00,14.68,14.7,14.66,14.665,5914.0
2026-08-07,2026-08-07 12:30:00,14.665,14.665,14.63,14.63,7623.0
2026-08-07,2026-08-07 12:35:00,14.62,14.64,14.61,14.64,5418.0
2026-08-07,2026-08-07 12:40:00,14.64,14.65,14.63,14.63,4335.0
2026-08-07,2026-08-07 12:45:00,14.635,14.68,14.635,14.68,5040.0
2026-08-07,2026-08-07 12:50:00,14.67,14.67,14.64,14.65,3963.0
2026-08-07,2026-08-07 12:55:00,14.645,14.655,14.61,14.61,3448.0
2026-08-07,2026-08-07 13:00:00,14.6197,14.62,14.57,14.57,5513.0
2026-08-07,2026-08-07 13:05:00,14.57,14.59,14.57,14.59,3808.0
2026-08-07,2026-08-07 13:10:00,14.59,14.61,14.59,14.6099,2459.0
2026-08-07,2026-08-07 13:15:00,14.6,14.615,14.6,14.615,5153.0
2026-08-07,2026-08-07 13:20:00,14.615,14.66,14.615,14.635,6948.0
2026-08-07,2026-08-07 13:25:00,14.64,14.74,14.64,14.685,29714.0
2026-08-07,2026-08-07 13:30:00,14.69,14.705,14.685,14.705,6222.0
2026-08-07,2026-08-07 13:35:00,14.705,14.715,14.69,14.7,6304.0
2026-08-07,2026-08-07 13:40:00,14.69,14.74,14.69,14.74,6024.0
2026-08-07,2026-08-07 13:45:00,14.74,14.74,14.72,14.72,4361.0
2026-08-07,2026-08-07 13:50:00,14.72,14.74,14.7,14.74,6880.0
2026-08-07,2026-08-07 13:55:00,14.75,14.75,14.73,14.73,3340.0
2026-08-07,2026-08-07 14:00:00,14.73,14.74,14.73,14.74,4934.0
2026-08-07,2026-08-07 14:05:00,14.74,14.77,14.74,14.76,4634.0
2026-08-07,2026-08-07 14:10:00,14.77,14.785,14.77,14.78,7285.0
2026-08-07,2026-08-07 14:15:00,14.77,14.77,14.77,14.77,2585.0
2026-08-07,2026-08-07 14:20:00,14.76,14.77,14.75,14.765,4061.0
2026-08-07,2026-08-07 14:25:00,14.765,14.78,14.735,14.735,8171.0
2026-08-07,2026-08-07 14:30:00,14.74,14.75,14.72,14.74,4791.0
2026-08-07,2026-08-07 14:35:00,14.74,14.74,14.7,14.7,4825.0
2026-08-07,2026-08-07 14:40:00,14.71,14.72,14.7,14.7,6676.0
2026-08-07,2026-08-07 14:45:00,14.69,14.71,14.69,14.69,4225.0
2026-08-07,2026-08-07 14:50:00,14.71,14.75,14.71,14.75,5663.0
2026-08-07,2026-08-07 14:55:00,14.745,14.79,14.745,14.77,13759.0
2026-08-07,2026-08-07 15:00:00,14.76,14.76,14.73,14.745,4721.0
2026-08-07,2026-08-07 15:05:00,14.75,14.76,14.72,14.74,9058.0
2026-08-07,2026-08-07 15:10:00,14.74,14.76,14.74,14.745,5470.0
2026-08-07,2026-08-07 15:15:00,14.73,14.75,14.73,14.74,3742.0
2026-08-07,2026-08-07 15:20:00,14.74,14.8275,14.74,14.82,27327.0
2026-08-07,2026-08-07 15:25:00,14.81,14.825,14.8,14.8,12218.0
2026-08-07,2026-08-07 15:30:00,14.79,14.8,14.769,14.79,11806.0
2026-08-07,2026-08-07 15:35:00,14.79,14.82,14.784,14.8,16422.0
2026-08-07,2026-08-07 15:40:00,14.8,14.84,14.795,14.83,15881.0
2026-08-07,2026-08-07 15:45:00,14.845,14.845,14.81,14.84,20211.0
2026-08-07,2026-08-07 15:50:00,14.85,14.855,14.79,14.79,19505.0
2026-08-07,2026-08-07 15:55:00,14.8,14.84,14.8,14.81,23076.0
2026-08-07,2026-08-07 16:00:00,14.8,14.805,14.65,14.66,360671.0
2026-08-10,2026-08-10 09:35:00,14.59,14.894,14.51,14.894,15419.0
2026-08-10,2026-08-10 09:40:00,14.92,14.92,14.71,14.74,13847.0
2026-08-10,2026-08-10 09:45:00,14.7,14.7,14.6,14.61,4243.0
2026-08-10,2026-08-10 09:50:00,14.625,14.71,14.6,14.68,10236.0
2026-08-10,2026-08-10 09:55:00,14.68,14.68,14.6,14.6401,5858.0
2026-08-10,2026-08-10 10:00:00,14.7029,14.7029,14.59,14.62,4144.0
2026-08-10,2026-08-10 10:05:00,14.58,14.71,14.555,14.67,11973.0
2026-08-10,2026-08-10 10:10:00,14.67,14.69,14.64,14.68,8939.0
2026-08-10,2026-08-10 10:15:00,14.7,14.73,14.65,14.68,16132.0
2026-08-10,2026-08-10 10:20:00,14.675,14.74,14.66,14.74,6631.0
2026-08-10,2026-08-10 10:25:00,14.74,14.76,14.69,14.69,7930.0
2026-08-10,2026-08-10 10:30:00,14.71,14.74,14.68,14.725,7799.0
2026-08-10,2026-08-10 10:35:00,14.7362,14.75,14.63,14.735,8702.0
2026-08-10,2026-08-10 10:40:00,14.73,14.73,14.69,14.69,4907.0
2026-08-10,2026-08-10 10:45:00,14.71,14.75,14.71,14.73,3525.0
2026-08-10,2026-08-10 10:50:00,14.73,14.79,14.725,14.75,6626.0
2026-08-10,2026-08-10 10:55:00,14.755,14.77,14.72,14.72,12090.0
2026-08-10,2026-08-10 11:00:00,14.72,14.76,14.72,14.75,4231.0
2026-08-10,2026-08-10 11:05:00,14.76,14.78,14.75,14.77,6166.0
2026-08-10,2026-08-10 11:10:00,14.77,14.82,14.77,14.775,6924.0
2026-08-10,2026-08-10 11:15:00,14.76,14.8,14.76,14.795,5186.0
2026-08-10,2026-08-10 11:20:00,14.8058,14.87,14.8,14.87,7986.0
2026-08-10,2026-08-10 11:25:00,14.87,14.9,14.86,14.88,8904.0
2026-08-10,2026-08-10 11:30:00,14.875,14.875,14.83,14.83,8874.0
2026-08-10,2026-08-10 11:35:00,14.84,14.84,14.8,14.8,6447.0
2026-08-10,2026-08-10 11:40:00,14.8036,14.8036,14.76,14.76,5471.0
2026-08-10,2026-08-10 11:45:00,14.76,14.78,14.74,14.76,9828.0
2026-08-10,2026-08-10 11:50:00,14.752,14.77,14.75,14.77,4860.0
2026-08-10,2026-08-10 11:55:00,14.76,14.795,14.75,14.79,7895.0
2026-08-10,2026-08-10 12:00:00,14.78,14.79,14.76,14.78,6484.0
2026-08-10,2026-08-10 12:05:00,14.77,14.77,14.73,14.75,8926.0
2026-08-10,2026-08-10 12:10:00,14.76,14.76,14.73,14.74,6325.0
2026-08-10,2026-08-10 12:15:00,14.74,14.75,14.71,14.71,10539.0
2026-08-10,2026-08-10 12:20:00,14.72,14.735,14.695,14.7,8822.0
2026-08-10,2026-08-10 12:25:00,14.71,14.71,14.7,14.71,4495.0
2026-08-10,2026-08-10 12:30:00,14.72,14.73,14.71,14.72,4963.0
2026-08-10,2026-08-10 12:35:00,14.71,14.72,14.64,14.72,12808.0
2026-08-10,2026-08-10 12:40:00,14.73,14.75,14.73,14.75,5973.0
2026-08-10,2026-08-10 12:45:00,14.75,14.76,14.71,14.71,7529.0
2026-08-10,2026-08-10 12:50:00,14.71,14.71,14.6803,14.71,6689.0
2026-08-10,2026-08-10 12:55:00,14.72,14.72,14.7,14.7,2995.0
2026-08-10,2026-08-10 13:00:00,14.71,14.72,14.685,14.72,6539.0
2026-08-10,2026-08-10 13:05:00,14.7,14.7,14.62,14.635,46436.0
2026-08-10,2026-08-10 13:10:00,14.65,14.685,14.65,14.68,8939.0
2026-08-10,2026-08-10 13:15:00,14.69,14.7,14.69,14.695,4701.0
2026-08-10,2026-08-10 13:20:00,14.69,14.7,14.685,14.69,5374.0
2026-08-10,2026-08-10 13:25:00,14.69,14.69,14.68,14.68,2180.0
2026-08-10,2026-08-10 13:30:00,14.69,14.7,14.69,14.7,5718.0
2026-08-10,2026-08-10 13:35:00,14.7,14.71,14.69,14.705,8769.0
2026-08-10,2026-08-10 13:40:00,14.7,14.735,14.7,14.72,7970.0
2026-08-10,2026-08-10 13:45:00,14.7121,14.72,14.7,14.71,8580.0
2026-08-10,2026-08-10 13:50:00,14.705,14.71,14.685,14.69,7373.0
2026-08-10,2026-08-10 13:55:00,14.68,14.69,14.61,14.615,13710.0
2026-08-10,2026-08-10 14:00:00,14.61,14.625,14.61,14.615,7977.0
2026-08-10,2026-08-10 14:05:00,14.63,14.64,14.625,14.625,6189.0
2026-08-10,2026-08-10 14:10:00,14.625,14.625,14.595,14.61,9548.0
2026-08-10,2026-08-10 14:15:00,14.61,14.615,14.59,14.59,7940.0
2026-08-10,2026-08-10 14:20:00,14.59,14.595,14.585,14.59,7700.0
2026-08-10,2026-08-10 14:25:00,14.6,14.61,14.595,14.61,7233.0
2026-08-10,2026-08-10 14:30:00,14.605,14.625,14.605,14.625,7077.0
2026-08-10,2026-08-10 14:35:00,14.62,14.64,14.615,14.64,8150.0
2026-08-10,2026-08-10 14:40:00,14.64,14.65,14.625,14.65,10910.0
2026-08-10,2026-08-10 14:45:00,14.66,14.665,14.655,14.655,6236.0
2026-08-10,2026-08-10 14:50:00,14.65,14.655,14.635,14.655,10524.0
2026-08-10,2026-08-10 14:55:00,14.66,14.67,14.655,14.67,7521.0
2026-08-10,2026-08-10 15:00:00,14.67,14.68,14.665,14.675,4950.0
2026-08-10,2026-08-10 15:05:00,14.68,14.68,14.58,14.59,28271.0
2026-08-10,2026-08-10 15:10:00,14.59,14.61,14.585,14.59,20011.0
2026-08-10,2026-08-10 15:15:00,14.59,14.61,14.58,14.61,14113.0
2026-08-10,2026-08-10 15:20:00,14.61,14.62,14.545,14.565,31318.0
2026-08-10,2026-08-10 15:25:00,14.57,14.61,14.57,14.61,14878.0
2026-08-10,2026-08-10 15:30:00,14.61,14.62,14.605,14.61,19490.0
2026-08-10,2026-08-10 15:35:00,14.61,14.63,14.605,14.615,20343.0
2026-08-10,2026-08-10 15:40:00,14.62,14.62,14.581,14.595,39161.0
2026-08-10,2026-08-10 15:45:00,14.6,14.625,14.585,14.62,49294.0
2026-08-10,2026-08-10 15:50:00,14.62,14.665,14.6,14.66,53515.0
2026-08-10,2026-08-10 15:55:00,14.66,14.67,14.615,14.625,69587.0
2026-08-10,2026-08-10 16:00:00,14.63,14.67,14.5,14.54,434204.0
2026-08-11,2026-08-11 09:35:00,14.0,14.2145,13.9012,14.02,38383.0
2026-08-11,2026-08-11 09:40:00,14.05,14.13,13.73,13.88,38383.0
2026-08-11,2026-08-11 09:45:00,13.92,14.33,13.92,14.27,28226.0
2026-08-11,2026-08-11 09:50:00,14.28,14.39,14.22,14.36,14980.0
2026-08-11,2026-08-11 09:55:00,14.35,14.5025,14.29,14.5025,15974.0
2026-08-11,2026-08-11 10:00:00,14.53,14.57,14.39,14.4,27416.0
2026-08-11,2026-08-11 10:05:00,14.41,14.43,14.08,14.08,24212.0
2026-08-11,2026-08-11 10:10:00,14.08,14.11,13.9373,13.995,16401.0
2026-08-11,2026-08-11 10:15:00,14.01,14.02,13.82,13.84,15486.0
2026-08-11,2026-08-11 10:20:00,13.84,13.89,13.81,13.83,28606.0
2026-08-11,2026-08-11 10:25:00,13.86,14.06,13.845,14.055,26957.0
2026-08-11,2026-08-11 10:30:00,14.055,14.13,14.055,14.09,18131.0
2026-08-11,2026-08-11 10:35:00,14.08,14.155,14.035,14.15,34617.0
2026-08-11,2026-08-11 10:40:00,14.15,14.17,14.04,14.075,22589.0
2026-08-11,2026-08-11 10:45:00,14.08,14.16,14.08,14.135,21839.0
2026-08-11,2026-08-11 10:50:00,14.135,14.21,14.125,14.165,21270.0
2026-08-11,2026-08-11 10:55:00,14.16,14.18,14.09,14.11,24323.0
2026-08-11,2026-08-11 11:00:00,14.11,14.13,14.085,14.11,18095.0
2026-08-11,2026-08-11 11:05:00,14.105,14.11,14.06,14.095,15038.0
2026-08-11,2026-08-11 11:10:00,14.1,14.21,14.06,14.15,60388.0
2026-08-11,2026-08-11 11:15:00,14.16,14.22,14.16,14.19,33680.0
2026-08-11,2026-08-11 11:20:00,14.2,14.22,14.13,14.22,29027.0
2026-08-11,2026-08-11 11:25:00,14.21,14.21,14.145,14.1601,13060.0
2026-08-11,2026-08-11 11:30:00,14.165,14.21,14.165,14.2,10712.0
2026-08-11,2026-08-11 11:35:00,14.21,14.25,14.17,14.18,26971.0
2026-08-11,2026-08-11 11:40:00,14.18,14.21,14.18,14.19,10853.0
2026-08-11,2026-08-11 11:45:00,14.185,14.21,14.17,14.17,8724.0
2026-08-11,2026-08-11 11:50:00,14.155,14.19,14.12,14.18,24716.0
2026-08-11,2026-08-11 11:55:00,14.185,14.26,14.14,14.16,31546.0
2026-08-11,2026-08-11 12:00:00,14.16,14.19,14.145,14.17,12434.0
2026-08-11,2026-08-11 12:05:00,14.175,14.19,14.13,14.16,22076.0
2026-08-11,2026-08-11 12:10:00,14.15,14.15,14.08,14.15,77594.0
2026-08-11,2026-08-11 12:15:00,14.16,14.16,14.09,14.095,24708.0
2026-08-11,2026-08-11 12:20:00,14.09,14.09,14.07,14.07,9363.0
2026-08-11,2026-08-11 12:25:00,14.07,14.15,14.07,14.11,29799.0
2026-08-11,2026-08-11 12:30:00,14.09,14.15,14.085,14.15,7257.0
2026-08-11,2026-08-11 12:35:00,14.17,14.17,14.14,14.14,3103.0
2026-08-11,2026-08-11 12:40:00,14.14,14.16,14.139,14.16,3126.0
2026-08-11,2026-08-11 12:45:00,14.16,14.31,14.13,14.31,37790.0
2026-08-11,2026-08-11 12:50:00,14.29,14.34,14.29,14.34,8672.0
2026-08-11,2026-08-11 12:55:00,14.32,14.355,14.26,14.27,20018.0
2026-08-11,2026-08-11 13:00:00,14.25,14.28,14.25,14.27,25723.0
2026-08-11,2026-08-11 13:05:00,14.285,14.285,14.24,14.285,37704.0
2026-08-11,2026-08-11 13:10:00,14.275,14.31,14.181,14.19,21582.0
2026-08-11,2026-08-11 13:15:00,14.19,14.21,14.08,14.11,33928.0
2026-08-11,2026-08-11 13:20:00,14.09,14.225,14.09,14.175,35303.0
2026-08-11,2026-08-11 13:25:00,14.17,14.17,14.1,14.1,12062.0
2026-08-11,2026-08-11 13:30:00,14.11,14.14,14.11,14.14,15567.0
2026-08-11,2026-08-11 13:35:00,14.135,14.135,14.09,14.1,20082.0
2026-08-11,2026-08-11 13:40:00,14.105,14.11,14.09,14.09,9015.0
2026-08-11,2026-08-11 13:45:00,14.09,14.09,14.07,14.07,4889.0
2026-08-11,2026-08-11 13:50:00,14.05,14.08,14.04,14.08,8173.0
2026-08-11,2026-08-11 13:55:00,14.075,14.075,14.04,14.04,6185.0
2026-08-11,2026-08-11 14:00:00,14.04,14.06,14.04,14.054,5561.0
2026-08-11,2026-08-11 14:05:00,14.07,14.07,14.06,14.07,2524.0
2026-08-11,2026-08-11 14:10:00,14.075,14.08,14.06,14.06,8862.0
2026-08-11,2026-08-11 14:15:00,14.06,14.1,14.06,14.1,13462.0
2026-08-11,2026-08-11 14:20:00,14.1,14.2,14.1,14.17,24884.0
2026-08-11,2026-08-11 14:25:00,14.17,14.17,14.13,14.13,6691.0
2026-08-11,2026-08-11 14:30:00,14.13,14.135,14.06,14.06,17026.0
2026-08-11,2026-08-11 14:35:00,14.065,14.1,14.02,14.03,12849.0
2026-08-11,2026-08-11 14:40:00,14.05,14.07,14.025,14.045,4503.0
2026-08-11,2026-08-11 14:45:00,14.04,14.06,14.03,14.04,8757.0
2026-08-11,2026-08-11 14:50:00,14.04,14.075,14.04,14.07,12733.0
2026-08-11,2026-08-11 14:55:00,14.08,14.1,14.07,14.084,8545.0
2026-08-11,2026-08-11 15:00:00,14.08,14.09,14.07,14.08,7172.0
2026-08-11,2026-08-11 15:05:00,14.07,14.085,14.06,14.08,17787.0
2026-08-11,2026-08-11 15:10:00,14.075,14.135,14.07,14.135,31123.0
2026-08-11,2026-08-11 15:15:00,14.14,14.14,14.04,14.04,17255.0
2026-08-11,2026-08-11 15:20:00,14.03,14.16,14.03,14.14,35802.0
2026-08-11,2026-08-11 15:25:00,14.145,14.165,14.14,14.165,10172.0
2026-08-11,2026-08-11 15:30:00,14.16,14.2,14.14,14.19,18742.0
2026-08-11,2026-08-11 15:35:00,14.19,14.25,14.17,14.21,32983.0
2026-08-11,2026-08-11 15:40:00,14.22,14.22,14.16,14.2,35762.0
2026-08-11,2026-08-11 15:45:00,14.19,14.2,14.175,14.2,31706.0
2026-08-11,2026-08-11 15:50:00,14.195,14.215,14.15,14.175,53766.0
2026-08-11,2026-08-11 15:55:00,14.16,14.32,14.16,14.3,233842.0
2026-08-11,2026-08-11 16:00:00,14.29,14.51,14.26,14.49,496361.0
2026-08-12,2026-08-12 09:35:00,14.63,14.75,14.43,14.44,20917.0
2026-08-12,2026-08-12 09:40:00,14.45,14.505,14.35,14.35,5375.0
2026-08-12,2026-08-12 09:45:00,14.35,14.53,14.34,14.43,16760.0
2026-08-12,2026-08-12 09:50:00,14.43,14.43,14.28,14.29,12909.0
2026-08-12,2026-08-12 09:55:00,14.31,14.31,14.24,14.25,25173.0
2026-08-12,2026-08-12 10:00:00,14.2062,14.2364,14.19,14.19,4155.0
2026-08-12,2026-08-12 10:05:00,14.18,14.3746,14.18,14.345,18700.0
2026-08-12,2026-08-12 10:10:00,14.37,14.46,14.37,14.385,8567.0
2026-08-12,2026-08-12 10:15:00,14.405,14.405,14.34,14.35,7866.0
2026-08-12,2026-08-12 10:20:00,14.33,14.34,14.31,14.32,6523.0
2026-08-12,2026-08-12 10:25:00,14.315,14.34,14.28,14.29,10966.0
2026-08-12,2026-08-12 10:30:00,14.28,14.33,14.275,14.32,6545.0
2026-08-12,2026-08-12 10:35:00,14.32,14.335,14.29,14.29,13047.0
2026-08-12,2026-08-12 10:40:00,14.3,14.4,14.295,14.37,9967.0
2026-08-12,2026-08-12 10:45:00,14.38,14.41,14.37,14.41,8918.0
2026-08-12,2026-08-12 10:50:00,14.415,14.415,14.36,14.38,6945.0
2026-08-12,2026-08-12 10:55:00,14.39,14.425,14.39,14.415,9010.0
2026-08-12,2026-08-12 11:00:00,14.43,14.44,14.33,14.335,17474.0
2026-08-12,2026-08-12 11:05:00,14.335,14.34,14.3,14.325,8413.0
2026-08-12,2026-08-12 11:10:00,14.325,14.34,14.32,14.32,5144.0
2026-08-12,2026-08-12 11:15:00,14.31,14.36,14.3,14.33,20408.0
2026-08-12,2026-08-12 11:20:00,14.32,14.34,14.31,14.31,5367.0
2026-08-12,2026-08-12 11:25:00,14.32,14.33,14.3,14.33,8583.0
2026-08-12,2026-08-12 11:30:00,14.32,14.39,14.31,14.38,18356.0
2026-08-12,2026-08-12 11:35:00,14.39,14.46,14.39,14.45,11798.0
2026-08-12,2026-08-12 11:40:00,14.45,14.58,14.45,14.51,106592.0
2026-08-12,2026-08-12 11:45:00,14.53,14.585,14.52,14.56,47326.0
2026-08-12,2026-08-12 11:50:00,14.55,14.605,14.535,14.56,13221.0
2026-08-12,2026-08-12 11:55:00,14.57,14.59,14.55,14.59,4829.0
2026-08-12,2026-08-12 12:00:00,14.59,14.61,14.57,14.57,15501.0
2026-08-12,2026-08-12 12:05:00,14.57,14.58,14.54,14.565,14990.0
2026-08-12,2026-08-12 12:10:00,14.57,14.6,14.555,14.565,14057.0
2026-08-12,2026-08-12 12:15:00,14.57,14.69,14.57,14.62,60548.0
2026-08-12,2026-08-12 12:20:00,14.61,14.61,14.58,14.595,11491.0
2026-08-12,2026-08-12 12:25:00,14.6,14.616527,14.52,14.52,15932.0
2026-08-12,2026-08-12 12:30:00,14.52,14.55,14.52,14.55,6901.0
2026-08-12,2026-08-12 12:35:00,14.54,14.565,14.535,14.56,9014.0
2026-08-12,2026-08-12 12:40:00,14.57,14.57,14.54,14.55,6931.0
2026-08-12,2026-08-12 12:45:00,14.545,14.545,14.455,14.455,32959.0
2026-08-12,2026-08-12 12:50:00,14.455,14.5,14.455,14.4902,18426.0
2026-08-12,2026-08-12 12:55:00,14.5,14.5,14.43,14.445,26960.0
2026-08-12,2026-08-12 13:00:00,14.45,14.46,14.425,14.44,36068.0
2026-08-12,2026-08-12 13:05:00,14.43,14.45,14.43,14.445,9403.0
2026-08-12,2026-08-12 13:10:00,14.44,14.47,14.435,14.46,10269.0
2026-08-12,2026-08-12 13:15:00,14.46,14.46,14.44,14.46,6443.0
2026-08-12,2026-08-12 13:20:00,14.46,14.52,14.37,14.41,60620.0
2026-08-12,2026-08-12 13:25:00,14.42,14.43,14.39,14.395,10200.0
2026-08-12,2026-08-12 13:30:00,14.41,14.43,14.37,14.37,10745.0
2026-08-12,2026-08-12 13:35:00,14.38,14.43,14.38,14.41,17905.0
2026-08-12,2026-08-12 13:40:00,14.41,14.42,14.395,14.4,9120.0
2026-08-12,2026-08-12 13:45:00,14.4,14.4,14.345,14.35,21187.0
2026-08-12,2026-08-12 13:50:00,14.35,14.36,14.34,14.36,5919.0
2026-08-12,2026-08-12 13:55:00,14.36,14.365,14.33,14.34,9155.0
2026-08-12,2026-08-12 14:00:00,14.33,14.33,14.32,14.32,4650.0
2026-08-12,2026-08-12 14:05:00,14.32,14.325,14.305,14.31,24151.0
2026-08-12,2026-08-12 14:10:00,14.31,14.325,14.3,14.3,9283.0
2026-08-12,2026-08-12 14:15:00,14.3,14.31,14.295,14.305,10537.0
2026-08-12,2026-08-12 14:20:00,14.3,14.3,14.285,14.285,5649.0
2026-08-12,2026-08-12 14:25:00,14.29,14.33,14.29,14.33,12347.0
2026-08-12,2026-08-12 14:30:00,14.345,14.345,14.33,14.34,8632.0
2026-08-12,2026-08-12 14:35:00,14.34,14.34,14.29,14.305,12698.0
2026-08-12,2026-08-12 14:40:00,14.305,14.33,14.3,14.31,10020.0
2026-08-12,2026-08-12 14:45:00,14.32,14.33,14.3,14.33,9079.0
2026-08-12,2026-08-12 14:50:00,14.34,14.39,14.31,14.33,34260.0
2026-08-12,2026-08-12 14:55:00,14.32,14.32,14.28,14.3,14670.0
2026-08-12,2026-08-12 15:00:00,14.3,14.32,14.29,14.315,8369.0
2026-08-12,2026-08-12 15:05:00,14.315,14.32,14.295,14.3,9157.0
2026-08-12,2026-08-12 15:10:00,14.3,14.305,14.29,14.3,13526.0
2026-08-12,2026-08-12 15:15:00,14.3,14.32,14.3,14.3,9331.0
2026-08-12,2026-08-12 15:20:00,14.305,14.305,14.27,14.28,11682.0
2026-08-12,2026-08-12 15:25:00,14.29,14.33,14.28,14.29,25177.0
2026-08-12,2026-08-12 15:30:00,14.285,14.3,14.27,14.28,25083.0
2026-08-12,2026-08-12 15:35:00,14.289,14.32,14.27,14.315,25391.0
2026-08-12,2026-08-12 15:40:00,14.315,14.41,14.31,14.4,68158.0
2026-08-12,2026-08-12 15:45:00,14.4,14.425,14.3601,14.37,68770.0
2026-08-12,2026-08-12 15:50:00,14.36,14.37,14.28,14.32,50738.0
2026-08-12,2026-08-12 15:55:00,14.31,14.32,14.22,14.26,82825.0
2026-08-12,2026-08-12 16:00:00,14.27,14.42,14.235,14.39,575459.0
2026-08-13,2026-08-13 09:35:00,14.47,14.47,14.31,14.394,9577.0
2026-08-13,2026-08-13 09:40:00,14.45,14.56,14.37,14.56,7554.0
2026-08-13,2026-08-13 09:45:00,14.53,14.53,14.385,14.385,5223.0
2026-08-13,2026-08-13 09:50:00,14.37,14.41,14.31,14.325,9329.0
2026-08-13,2026-08-13 09:55:00,14.33,14.44,14.33,14.44,8956.0
2026-08-13,2026-08-13 10:00:00,14.44,14.46,14.41,14.455,3320.0
2026-08-13,2026-08-13 10:05:00,14.48,14.48,14.415,14.45,5700.0
2026-08-13,2026-08-13 10:10:00,14.45,14.47,14.405,14.42,3357.0
2026-08-13,2026-08-13 10:15:00,14.42,14.42,14.35,14.38,7419.0
2026-08-13,2026-08-13 10:20:00,14.39,14.43,14.36,14.36,6074.0
2026-08-13,2026-08-13 10:25:00,14.36,14.47,14.36,14.445,5856.0
2026-08-13,2026-08-13 10:30:00,14.45,14.4999,14.45,14.47,4036.0
2026-08-13,2026-08-13 10:35:00,14.46,14.47,14.44,14.47,3797.0
2026-08-13,2026-08-13 10:40:00,14.48,14.485,14.4585,14.4585,3390.0
2026-08-13,2026-08-13 10:45:00,14.465,14.48,14.46,14.48,1665.0
2026-08-13,2026-08-13 10:50:00,14.49,14.49,14.43,14.445,12093.0
2026-08-13,2026-08-13 10:55:00,14.44,14.44,14.39,14.42,3916.0
2026-08-13,2026-08-13 11:00:00,14.425,14.5,14.41,14.47,48016.0
2026-08-13,2026-08-13 11:05:00,14.48,14.49,14.46,14.475,6026.0
2026-08-13,2026-08-13 11:10:00,14.48,14.4899,14.47,14.4899,3403.0
2026-08-13,2026-08-13 11:15:00,14.47,14.5,14.47,14.495,6451.0
2026-08-13,2026-08-13 11:20:00,14.49,14.5,14.43,14.43,4061.0
2026-08-13,2026-08-13 11:25:00,14.435,14.46,14.435,14.44,4728.0
2026-08-13,2026-08-13 11:30:00,14.43,14.43,14.32,14.32,10093.0
2026-08-13,2026-08-13 11:35:00,14.33,14.34,14.31,14.32,8085.0
2026-08-13,2026-08-13 11:40:00,14.34,14.36,14.33,14.34,7303.0
2026-08-13,2026-08-13 11:45:00,14.36,14.36,14.31,14.33,4990.0
2026-08-13,2026-08-13 11:50:00,14.325,14.34,14.31,14.31,5173.0
2026-08-13,2026-08-13 11:55:00,14.3,14.31,14.3,14.31,1854.0
2026-08-13,2026-08-13 12:00:00,14.32,14.34,14.32,14.33,6024.0
2026-08-13,2026-08-13 12:05:00,14.34,14.36,14.34,14.36,1702.0
2026-08-13,2026-08-13 12:10:00,14.36,14.38,14.36,14.37,5381.0
2026-08-13,2026-08-13 12:15:00,14.37,14.39,14.35,14.39,6701.0
2026-08-13,2026-08-13 12:20:00,14.38,14.38,14.31,14.35,19012.0
2026-08-13,2026-08-13 12:25:00,14.36,14.39,14.35,14.362,5282.0
2026-08-13,2026-08-13 12:30:00,14.37,14.39,14.35,14.375,17795.0
2026-08-13,2026-08-13 12:35:00,14.38,14.38,14.32,14.335,13437.0
2026-08-13,2026-08-13 12:40:00,14.35,14.36,14.35,14.36,4361.0
2026-08-13,2026-08-13 12:45:00,14.35,14.37,14.34,14.365,11585.0
2026-08-13,2026-08-13 12:50:00,14.365,14.37,14.33,14.33,17775.0
2026-08-13,2026-08-13 12:55:00,14.33,14.34,14.32,14.34,6807.0
2026-08-13,2026-08-13 13:00:00,14.33,14.39,14.33,14.39,6829.0
2026-08-13,2026-08-13 13:05:00,14.385,14.445,14.385,14.42,5773.0
2026-08-13,2026-08-13 13:10:00,14.43,14.465,14.43,14.45,4503.0
2026-08-13,2026-08-13 13:15:00,14.45,14.46,14.44,14.4592,22195.0
2026-08-13,2026-08-13 13:20:00,14.45,14.46,14.45,14.454,3461.0
2026-08-13,2026-08-13 13:25:00,14.45,14.46,14.42,14.43,8718.0
2026-08-13,2026-08-13 13:30:00,14.44,14.44,14.39,14.4,5136.0
2026-08-13,2026-08-13 13:35:00,14.4,14.41,14.39,14.39,4586.0
2026-08-13,2026-08-13 13:40:00,14.39,14.42,14.39,14.42,4651.0
2026-08-13,2026-08-13 13:45:00,14.42,14.45,14.41,14.44,8121.0
2026-08-13,2026-08-13 13:50:00,14.43,14.43,14.42,14.43,4154.0
2026-08-13,2026-08-13 13:55:00,14.43,14.45,14.43,14.44,2750.0
2026-08-13,2026-08-13 14:00:00,14.44,14.465,14.435,14.46,7200.0
2026-08-13,2026-08-13 14:05:00,14.45,14.45,14.43,14.44,6504.0
2026-08-13,2026-08-13 14:10:00,14.43,14.43,14.42,14.42,3141.0
2026-08-13,2026-08-13 14:15:00,14.42,14.44,14.42,14.435,2398.0
2026-08-13,2026-08-13 14:20:00,14.435,14.458,14.435,14.45,7139.0
2026-08-13,2026-08-13 14:25:00,14.45,14.48,14.45,14.46,10677.0
2026-08-13,2026-08-13 14:30:00,14.45,14.46,14.44,14.46,4721.0
2026-08-13,2026-08-13 14:35:00,14.449,14.45,14.42,14.43,9364.0
2026-08-13,2026-08-13 14:40:00,14.42,14.42,14.41,14.41,3696.0
2026-08-13,2026-08-13 14:45:00,14.4,14.4,14.32,14.38,56915.0
2026-08-13,2026-08-13 14:50:00,14.42,14.5699,14.42,14.5699,105161.0
2026-08-13,2026-08-13 14:55:00,14.55,14.72,14.545,14.69,48494.0
2026-08-13,2026-08-13 15:00:00,14.69,14.82,14.66,14.81,10666.0
2026-08-13,2026-08-13 15:05:00,14.83,15.0,14.8,14.865,42250.0
2026-08-13,2026-08-13 15:10:00,14.865,14.94,14.85,14.93,16296.0
2026-08-13,2026-08-13 15:15:00,14.94,15.02,14.92,15.01,19564.0
2026-08-13,2026-08-13 15:20:00,15.01,15.04,14.999,15.02,13899.0
2026-08-13,2026-08-13 15:25:00,15.02,15.025,14.85,14.855,49027.0
2026-08-13,2026-08-13 15:30:00,14.84,14.875,14.8239,14.84,27248.0
2026-08-13,2026-08-13 15:35:00,14.85,14.93,14.84,14.91,23026.0
2026-08-13,2026-08-13 15:40:00,14.93,14.98,14.91,14.96,45053.0
2026-08-13,2026-08-13 15:45:00,14.96,14.985,14.91,14.92,17924.0
2026-08-13,2026-08-13 15:50:00,14.92,14.92,14.7,14.73,56949.0
2026-08-13,2026-08-13 15:55:00,14.72,14.77,14.695,14.735,80645.0
2026-08-13,2026-08-13 16:00:00,14.75,14.895,14.73,14.85,534314.0
2026-08-14,2026-08-14 09:35:00,14.79,14.96,14.4346,14.575,22391.0
2026-08-14,2026-08-14 09:40:00,14.68,14.83,14.59,14.6597,20531.0
2026-08-14,2026-08-14 09:45:00,14.64,14.64,14.55,14.61,4827.0
2026-08-14,2026-08-14 09:50:00,14.635,14.735,14.6201,14.68,21954.0
2026-08-14,2026-08-14 09:55:00,14.591,14.75,14.591,14.73,16758.0
2026-08-14,2026-08-14 10:00:00,14.73,14.75,14.67,14.67,6533.0
2026-08-14,2026-08-14 10:05:00,14.665,14.69,14.51,14.525,41281.0
2026-08-14,2026-08-14 10:10:00,14.51,14.575,14.5,14.5,15644.0
2026-08-14,2026-08-14 10:15:00,14.525,14.56,14.485,14.505,10247.0
2026-08-14,2026-08-14 10:20:00,14.52,14.585,14.4801,14.57,9498.0
2026-08-14,2026-08-14 10:25:00,14.56,14.56,14.54,14.545,2831.0
2026-08-14,2026-08-14 10:30:00,14.545,14.58,14.5,14.52,5452.0
2026-08-14,2026-08-14 10:35:00,14.515,14.515,14.44,14.485,6117.0
2026-08-14,2026-08-14 10:40:00,14.48,14.48,14.42,14.43,10250.0
2026-08-14,2026-08-14 10:45:00,14.43,14.43,14.33,14.39,17899.0
2026-08-14,2026-08-14 10:50:00,14.43,14.43,14.33,14.34,12938.0
2026-08-14,2026-08-14 10:55:00,14.34,14.38,14.34,14.34,13423.0
2026-08-14,2026-08-14 11:00:00,14.33,14.335,14.31,14.33,5479.0
2026-08-14,2026-08-14 11:05:00,14.34,14.42,14.34,14.41,9138.0
2026-08-14,2026-08-14 11:10:00,14.42,14.46,14.39,14.46,7914.0
2026-08-14,2026-08-14 11:15:00,14.46,14.495,14.45,14.495,5642.0
2026-08-14,2026-08-14 11:20:00,14.52,14.57,14.51,14.57,6106.0
2026-08-14,2026-08-14 11:25:00,14.57,14.63,14.56,14.615,12843.0
2026-08-14,2026-08-14 11:30:00,14.6,14.665,14.58,14.58,31723.0
2026-08-14,2026-08-14 11:35:00,14.605,14.61,14.58,14.59,5814.0
2026-08-14,2026-08-14 11:40:00,14.58,14.58,14.56,14.57,5355.0
2026-08-14,2026-08-14 11:45:00,14.56,14.59,14.56,14.59,4760.0
2026-08-14,2026-08-14 11:50:00,14.595,14.595,14.56,14.56,6113.0
2026-08-14,2026-08-14 11:55:00,14.58,14.58,14.565,14.57,3921.0
2026-08-14,2026-08-14 12:00:00,14.58,14.59,14.58,14.59,3351.0
2026-08-14,2026-08-14 12:05:00,14.59,14.6,14.58,14.6,5109.0
2026-08-14,2026-08-14 12:10:00,14.605,14.63,14.605,14.615,4804.0
2026-08-14,2026-08-14 12:15:00,14.6,14.65,14.6,14.65,4413.0
2026-08-14,2026-08-14 12:20:00,14.66,14.69,14.66,14.66,7237.0
2026-08-14,2026-08-14 12:25:00,14.66,14.66,14.61,14.61,6574.0
2026-08-14,2026-08-14 12:30:00,14.61,14.645,14.61,14.63,5086.0
2026-08-14,2026-08-14 12:35:00,14.63,14.64,14.63,14.64,3667.0
2026-08-14,2026-08-14 12:40:00,14.64,14.66,14.63,14.635,4722.0
2026-08-14,2026-08-14 12:45:00,14.64,14.665,14.64,14.64,4522.0
2026-08-14,2026-08-14 12:50:00,14.65,14.665,14.64,14.65,6189.0
2026-08-14,2026-08-14 12:55:00,14.645,14.65,14.64,14.645,3088.0
2026-08-14,2026-08-14 13:00:00,14.65,14.67,14.615,14.62,7718.0
2026-08-14,2026-08-14 13:05:00,14.64,14.64,14.63,14.63,2348.0
2026-08-14,2026-08-14 13:10:00,14.63,14.64,14.63,14.63,3086.0
2026-08-14,2026-08-14 13:15:00,14.63,14.67,14.63,14.66,5235.0
2026-08-14,2026-08-14 13:20:00,14.66,14.7,14.655,14.7,18245.0
2026-08-14,2026-08-14 13:25:00,14.7,14.75,14.69,14.715,5414.0
2026-08-14,2026-08-14 13:30:00,14.72,14.73,14.72,14.73,1561.0
2026-08-14,2026-08-14 13:35:00,14.73,14.755,14.73,14.74,2500.0
2026-08-14,2026-08-14 13:40:00,14.73,14.745,14.73,14.74,1956.0
2026-08-14,2026-08-14 13:45:00,14.73,14.74,14.72,14.73,4416.0
2026-08-14,2026-08-14 13:50:00,14.73,14.73,14.72,14.73,3014.0
2026-08-14,2026-08-14 13:55:00,14.74,14.74,14.74,14.74,2683.0
2026-08-14,2026-08-14 14:00:00,14.75,14.75,14.73,14.74,6481.0
2026-08-14,2026-08-14 14:05:00,14.74,14.77,14.72,14.73,30152.0
2026-08-14,2026-08-14 14:10:00,14.735,14.755,14.6925,14.6925,13311.0
2026-08-14,2026-08-14 14:15:00,14.69,14.7,14.655,14.66,14236.0
2026-08-14,2026-08-14 14:20:00,14.66,14.73,14.66,14.73,13124.0
2026-08-14,2026-08-14 14:25:00,14.74,14.77,14.74,14.76,6889.0
2026-08-14,2026-08-14 14:30:00,14.76,14.77,14.76,14.77,3632.0
2026-08-14,2026-08-14 14:35:00,14.76,14.76,14.72,14.72,9500.0
2026-08-14,2026-08-14 14:40:00,14.71,14.71,14.7,14.7,11260.0
2026-08-14,2026-08-14 14:45:00,14.7,14.71,14.69,14.69,3349.0
2026-08-14,2026-08-14 14:50:00,14.69,14.72,14.68,14.68,7364.0
2026-08-14,2026-08-14 14:55:00,14.67,14.685,14.66,14.68,7244.0
2026-08-14,2026-08-14 15:00:00,14.68,14.7,14.68,14.7,4634.0
2026-08-14,2026-08-14 15:05:00,14.68,14.69,14.66,14.66,13034.0
2026-08-14,2026-08-14 15:10:00,14.66,14.67,14.65,14.67,10243.0
2026-08-14,2026-08-14 15:15:00,14.67,14.6781,14.67,14.67,4666.0
2026-08-14,2026-08-14 15:20:00,14.67,14.68,14.67,14.675,8325.0
2026-08-14,2026-08-14 15:25:00,14.67,14.72,14.665,14.72,15091.0
2026-08-14,2026-08-14 15:30:00,14.72,14.78,14.72,14.735,23611.0
2026-08-14,2026-08-14 15:35:00,14.73,14.81,14.73,14.78,54327.0
2026-08-14,2026-08-14 15:40:00,14.78,14.8,14.77,14.79,20587.0
2026-08-14,2026-08-14 15:45:00,14.78,14.79,14.765,14.785,18986.0
2026-08-14,2026-08-14 15:50:00,14.785,14.81,14.77,14.81,41167.0
2026-08-14,2026-08-14 15:55:00,14.815,14.84,14.71,14.71,50708.0
2026-08-14,2026-08-14 16:00:00,14.71,14.78,14.62,14.64,356036.0
2026-08-17,2026-08-17 09:35:00,14.5,14.5,14.389,14.454,13111.0
2026-08-17,2026-08-17 09:40:00,14.46,14.48,14.335,14.404,8219.0
2026-08-17,2026-08-17 09:45:00,14.445,14.5,14.22,14.32,4864.0
2026-08-17,2026-08-17 09:50:00,14.2213,14.3897,14.2213,14.315,5303.0
2026-08-17,2026-08-17 09:55:00,14.36,14.4463,14.36,14.43,4376.0
2026-08-17,2026-08-17 10:00:00,14.43,14.43,14.38,14.41,5968.0
2026-08-17,2026-08-17 10:05:00,14.38,14.39,14.25,14.33,22932.0
2026-08-17,2026-08-17 10:10:00,14.34,14.42,14.3,14.42,9004.0
2026-08-17,2026-08-17 10:15:00,14.42,14.44,14.37,14.38,6273.0
2026-08-17,2026-08-17 10:20:00,14.38,14.4765,14.345,14.4765,12013.0
2026-08-17,2026-08-17 10:25:00,14.46,14.52,14.44,14.46,39920.0
2026-08-17,2026-08-17 10:30:00,14.455,14.59,14.45,14.59,60017.0
2026-08-17,2026-08-17 10:35:00,14.59,14.66,14.59,14.64,15715.0
2026-08-17,2026-08-17 10:40:00,14.645,14.66,14.6,14.65,9468.0
2026-08-17,2026-08-17 10:45:00,14.6372,14.695,14.6,14.63,12626.0
2026-08-17,2026-08-17 10:50:00,14.67,14.71,14.63,14.71,6558.0
2026-08-17,2026-08-17 10:55:00,14.7,14.79,14.675,14.675,14371.0
2026-08-17,2026-08-17 11:00:00,14.675,14.68,14.575,14.61,26369.0
2026-08-17,2026-08-17 11:05:00,14.595,14.6,14.53,14.55,86026.0
2026-08-17,2026-08-17 11:10:00,14.55,14.59,14.53,14.59,5883.0
2026-08-17,2026-08-17 11:15:00,14.58,14.58,14.5705,14.58,6620.0
2026-08-17,2026-08-17 11:20:00,14.57,14.58,14.56,14.56,7014.0
2026-08-17,2026-08-17 11:25:00,14.56,14.57,14.485,14.52,9316.0
2026-08-17,2026-08-17 11:30:00,14.52,14.59,14.52,14.555,9952.0
2026-08-17,2026-08-17 11:35:00,14.545,14.57,14.51,14.55,16317.0
2026-08-17,2026-08-17 11:40:00,14.56,14.585,14.56,14.57,6017.0
2026-08-17,2026-08-17 11:45:00,14.575,14.66,14.575,14.655,9420.0
2026-08-17,2026-08-17 11:50:00,14.65,14.73,14.65,14.72,5318.0
2026-08-17,2026-08-17 11:55:00,14.72,14.735,14.69,14.69,5604.0
2026-08-17,2026-08-17 12:00:00,14.68,14.68,14.62,14.62,6492.0
2026-08-17,2026-08-17 12:05:00,14.615,14.62,14.6,14.62,4809.0
2026-08-17,2026-08-17 12:10:00,14.62,14.63,14.53,14.57,30198.0
2026-08-17,2026-08-17 12:15:00,14.56,14.56,14.52,14.525,37768.0
2026-08-17,2026-08-17 12:20:00,14.525,14.54,14.49,14.515,15722.0
2026-08-17,2026-08-17 12:25:00,14.515,14.53,14.51,14.51,3352.0
2026-08-17,2026-08-17 12:30:00,14.51,14.53,14.4901,14.5,3792.0
2026-08-17,2026-08-17 12:35:00,14.505,14.51,14.5,14.5,5794.0
2026-08-17,2026-08-17 12:40:00,14.51,14.52,14.51,14.52,6079.0
2026-08-17,2026-08-17 12:45:00,14.53,14.53,14.51,14.51,3398.0
2026-08-17,2026-08-17 12:50:00,14.51,14.52,14.42,14.44,12428.0
2026-08-17,2026-08-17 12:55:00,14.45,14.46,14.43,14.44,6608.0
2026-08-17,2026-08-17 13:00:00,14.45,14.47,14.44,14.46,5911.0
2026-08-17,2026-08-17 13:05:00,14.45,14.48,14.445,14.48,6243.0
2026-08-17,2026-08-17 13:10:00,14.49,14.51,14.47,14.5,5473.0
2026-08-17,2026-08-17 13:15:00,14.49,14.49,14.44,14.465,14585.0
2026-08-17,2026-08-17 13:20:00,14.46,14.47,14.415,14.455,9844.0
2026-08-17,2026-08-17 13:25:00,14.46,14.46,14.41,14.41,9521.0
2026-08-17,2026-08-17 13:30:00,14.42,14.42,14.37,14.37,18445.0
2026-08-17,2026-08-17 13:35:00,14.38,14.405,14.38,14.38,14236.0
2026-08-17,2026-08-17 13:40:00,14.38,14.415,14.375,14.4,49628.0
2026-08-17,2026-08-17 13:45:00,14.4,14.45,14.395,14.445,7734.0
2026-08-17,2026-08-17 13:50:00,14.45,14.46,14.43,14.43,11192.0
2026-08-17,2026-08-17 13:55:00,14.4201,14.44,14.37,14.385,13995.0
2026-08-17,2026-08-17 14:00:00,14.37,14.41,14.37,14.4,17346.0
2026-08-17,2026-08-17 14:05:00,14.39,14.41,14.38,14.39,14029.0
2026-08-17,2026-08-17 14:10:00,14.39,14.39,14.37,14.37,3224.0
2026-08-17,2026-08-17 14:15:00,14.36,14.36,14.34,14.35,7890.0
2026-08-17,2026-08-17 14:20:00,14.34,14.38,14.34,14.34,42864.0
2026-08-17,2026-08-17 14:25:00,14.305,14.34,14.3,14.34,38555.0
2026-08-17,2026-08-17 14:30:00,14.3483,14.365,14.335,14.35,12186.0
2026-08-17,2026-08-17 14:35:00,14.36,14.4,14.355,14.3795,17361.0
2026-08-17,2026-08-17 14:40:00,14.38,14.39,14.3697,14.37,9986.0
2026-08-17,2026-08-17 14:45:00,14.39,14.39,14.345,14.365,18045.0
2026-08-17,2026-08-17 14:50:00,14.361,14.37,14.35,14.365,10024.0
2026-08-17,2026-08-17 14:55:00,14.36,14.4,14.36,14.39,18969.0
2026-08-17,2026-08-17 15:00:00,14.395,14.4,14.3709,14.375,9519.0
2026-08-17,2026-08-17 15:05:00,14.375,14.41,14.375,14.4,20401.0
2026-08-17,2026-08-17 15:10:00,14.4,14.42,14.37,14.38,48173.0
2026-08-17,2026-08-17 15:15:00,14.39,14.44,14.38,14.42,39376.0
2026-08-17,2026-08-17 15:20:00,14.42,14.45,14.42,14.42,17808.0
2026-08-17,2026-08-17 15:25:00,14.43,14.46,14.43,14.455,19685.0
2026-08-17,2026-08-17 15:30:00,14.455,14.46,14.43,14.44,17903.0
2026-08-17,2026-08-17 15:35:00,14.44,14.44,14.405,14.43,26424.0
2026-08-17,2026-08-17 15:40:00,14.43,14.48,14.43,14.48,19660.0
2026-08-17,2026-08-17 15:45:00,14.475,14.485,14.45,14.46,28457.0
2026-08-17,2026-08-17 15:50:00,14.46,14.46,14.41,14.42,38418.0
2026-08-17,2026-08-17 15:55:00,14.41,14.45,14.4,14.43,87716.0
2026-08-17,2026-08-17 16:00:00,14.44,14.46,14.36,14.46,483036.0
2026-08-18,2026-08-18 09:35:00,14.3,14.3,13.91,14.025,49732.0
2026-08-18,2026-08-18 09:40:00,14.025,14.22,13.935,14.14,48074.0
2026-08-18,2026-08-18 09:45:00,14.15,14.15,13.85,13.95,42880.0
2026-08-18,2026-08-18 09:50:00,13.95,14.08,13.95,14.04,6125.0
2026-08-18,2026-08-18 09:55:00,14.06,14.06,13.95,13.96,17589.0
2026-08-18,2026-08-18 10:00:00,14.005,14.1,14.005,14.04,11894.0
2026-08-18,2026-08-18 10:05:00,13.99,13.99,13.87,13.99,10670.0
2026-08-18,2026-08-18 10:10:00,13.94,14.0,13.9,13.945,11277.0
2026-08-18,2026-08-18 10:15:00,13.91,13.91,13.74,13.74,20522.0
2026-08-18,2026-08-18 10:20:00,13.75,13.75,13.66,13.71,29275.0
2026-08-18,2026-08-18 10:25:00,13.71,13.75,13.665,13.705,19357.0
2026-08-18,2026-08-18 10:30:00,13.715,13.76,13.7,13.76,5650.0
2026-08-18,2026-08-18 10:35:00,13.75,13.77,13.695,13.695,11627.0
2026-08-18,2026-08-18 10:40:00,13.705,13.73,13.69,13.7,9969.0
2026-08-18,2026-08-18 10:45:00,13.71,13.75,13.7,13.71,16456.0
2026-08-18,2026-08-18 10:50:00,13.705,13.72,13.62,13.72,21019.0
2026-08-18,2026-08-18 10:55:00,13.71,13.71,13.64,13.66,8876.0
2026-08-18,2026-08-18 11:00:00,13.64,13.65,13.5955,13.6,12224.0
2026-08-18,2026-08-18 11:05:00,13.6,13.65,13.58,13.65,9286.0
2026-08-18,2026-08-18 11:10:00,13.65,13.67,13.63,13.66,5028.0
2026-08-18,2026-08-18 11:15:00,13.67,13.72,13.665,13.715,11974.0
2026-08-18,2026-08-18 11:20:00,13.73,13.73,13.615,13.615,10818.0
2026-08-18,2026-08-18 11:25:00,13.63,13.67,13.63,13.66,6564.0
2026-08-18,2026-08-18 11:30:00,13.68,13.68,13.615,13.665,13423.0
2026-08-18,2026-08-18 11:35:00,13.66,13.67,13.645,13.66,5108.0
2026-08-18,2026-08-18 11:40:00,13.65,13.655,13.64,13.64,5981.0
2026-08-18,2026-08-18 11:45:00,13.64,13.65,13.64,13.65,4523.0
2026-08-18,2026-08-18 11:50:00,13.65,13.69,13.65,13.69,14554.0
2026-08-18,2026-08-18 11:55:00,13.68,13.72,13.68,13.72,7372.0
2026-08-18,2026-08-18 12:00:00,13.71,13.71,13.67,13.67,6381.0
2026-08-18,2026-08-18 12:05:00,13.67,13.73,13.61,13.655,36344.0
2026-08-18,2026-08-18 12:10:00,13.655,13.77,13.62,13.75,35796.0
2026-08-18,2026-08-18 12:15:00,13.75,13.84,13.75,13.84,8395.0
2026-08-18,2026-08-18 12:20:00,13.84,13.85,13.83,13.83,4775.0
2026-08-18,2026-08-18 12:25:00,13.83,13.84,13.78,13.78,15829.0
2026-08-18,2026-08-18 12:30:00,13.78,13.845,13.78,13.84,17358.0
2026-08-18,2026-08-18 12:35:00,13.845,13.88,13.8325,13.87,4681.0
2026-08-18,2026-08-18 12:40:00,13.85,13.875,13.85,13.87,6111.0
2026-08-18,2026-08-18 12:45:00,13.875,13.88,13.86,13.86,6743.0
2026-08-18,2026-08-18 12:50:00,13.84,13.84,13.83,13.84,2352.0
2026-08-18,2026-08-18 12:55:00,13.84,13.855,13.83,13.83,5488.0
2026-08-18,2026-08-18 13:00:00,13.83,13.83,13.83,13.83,1222.0
2026-08-18,2026-08-18 13:05:00,13.8201,13.85,13.8201,13.85,5422.0
2026-08-18,2026-08-18 13:10:00,13.84,13.85,13.83,13.84,6709.0
2026-08-18,2026-08-18 13:15:00,13.83,13.85,13.83,13.85,3292.0
2026-08-18,2026-08-18 13:20:00,13.84,13.84,13.82,13.82,4930.0
2026-08-18,2026-08-18 13:25:00,13.81,13.81,13.755,13.78,10605.0
2026-08-18,2026-08-18 13:30:00,13.77,13.8,13.75,13.78,18436.0
2026-08-18,2026-08-18 13:35:00,13.79,13.815,13.79,13.795,24726.0
2026-08-18,2026-08-18 13:40:00,13.79,13.825,13.79,13.825,9039.0
2026-08-18,2026-08-18 13:45:00,13.82,13.82,13.82,13.82,3817.0
2026-08-18,2026-08-18 13:50:00,13.82,13.94,13.82,13.94,38830.0
2026-08-18,2026-08-18 13:55:00,13.93,13.94,13.86,13.86,9364.0
2026-08-18,2026-08-18 14:00:00,13.8699,13.89,13.86,13.88,5321.0
2026-08-18,2026-08-18 14:05:00,13.87,13.89,13.86,13.886,5151.0
2026-08-18,2026-08-18 14:10:00,13.86,13.86,13.82,13.83,11642.0
2026-08-18,2026-08-18 14:15:00,13.83,13.99,13.83,13.95,71602.0
2026-08-18,2026-08-18 14:20:00,13.95,14.02,13.95,13.97,132486.0
2026-08-18,2026-08-18 14:25:00,13.955,13.955,13.92,13.93,4757.0
2026-08-18,2026-08-18 14:30:00,13.93,13.945,13.9,13.945,11277.0
2026-08-18,2026-08-18 14:35:00,13.945,13.98,13.935,13.97,4679.0
2026-08-18,2026-08-18 14:40:00,13.97,13.99,13.97,13.98,4235.0
2026-08-18,2026-08-18 14:45:00,13.985,14.0,13.945,13.945,39321.0
2026-08-18,2026-08-18 14:50:00,13.94,13.97,13.94,13.94,9124.0
2026-08-18,2026-08-18 14:55:00,13.935,13.94,13.92,13.93,7168.0
2026-08-18,2026-08-18 15:00:00,13.93,13.95,13.93,13.93,9180.0
2026-08-18,2026-08-18 15:05:00,13.93,13.93,13.92,13.93,2904.0
2026-08-18,2026-08-18 15:10:00,13.93,13.965,13.91,13.92,16685.0
2026-08-18,2026-08-18 15:15:00,13.93,13.97,13.93,13.95,14699.0
2026-08-18,2026-08-18 15:20:00,13.95,13.95,13.815,13.82,22985.0
2026-08-18,2026-08-18 15:25:00,13.82,13.83,13.78,13.79,14250.0
2026-08-18,2026-08-18 15:30:00,13.79,13.79,13.75,13.76,10574.0
2026-08-18,2026-08-18 15:35:00,13.75,13.75,13.69,13.69,20856.0
2026-08-18,2026-08-18 15:40:00,13.71,13.74,13.7,13.715,33495.0
2026-08-18,2026-08-18 15:45:00,13.7118,13.73,13.69,13.7,31926.0
2026-08-18,2026-08-18 15:50:00,13.7,13.705,13.65,13.68,34142.0
2026-08-18,2026-08-18 15:55:00,13.68,13.685,13.59,13.6,73209.0
2026-08-18,2026-08-18 16:00:00,13.59,13.62,13.545,13.57,583100.0
2026-08-19,2026-08-19 09:35:00,13.94,14.118,13.79,13.925,13267.0
2026-08-19,2026-08-19 09:40:00,13.9,14.15,13.9,14.15,15569.0
2026-08-19,2026-08-19 09:45:00,14.2,14.2504,14.1705,14.22,7481.0
2026-08-19,2026-08-19 09:50:00,14.24,14.36,14.24,14.29,12909.0
2026-08-19,2026-08-19 09:55:00,14.31,14.385,14.15,14.38,12005.0
2026-08-19,2026-08-19 10:00:00,14.34,14.345,14.27,14.27,8833.0
2026-08-19,2026-08-19 10:05:00,14.29,14.4161,14.29,14.36,18384.0
2026-08-19,2026-08-19 10:10:00,14.36,14.44,14.35,14.35,15279.0
2026-08-19,2026-08-19 10:15:00,14.33,14.33,14.1,14.15,30740.0
2026-08-19,2026-08-19 10:20:00,14.15,14.2,14.09,14.2,42562.0
2026-08-19,2026-08-19 10:25:00,14.2,14.23,14.18,14.195,13051.0
2026-08-19,2026-08-19 10:30:00,14.18,14.256,14.17,14.245,7210.0
2026-08-19,2026-08-19 10:35:00,14.24,14.27,14.16,14.16,9832.0
2026-08-19,2026-08-19 10:40:00,14.155,14.2,14.15,14.16,20134.0
2026-08-19,2026-08-19 10:45:00,14.16,14.16,14.085,14.09,13210.0
2026-08-19,2026-08-19 10:50:00,14.085,14.0945,14.02,14.02,18220.0
2026-08-19,2026-08-19 10:55:00,14.04,14.07,14.03,14.06,12721.0
2026-08-19,2026-08-19 11:00:00,14.05,14.05,13.96,14.01,30472.0
2026-08-19,2026-08-19 11:05:00,13.98,13.98,13.92,13.925,11198.0
2026-08-19,2026-08-19 11:10:00,13.91,13.95,13.89,13.905,16908.0
2026-08-19,2026-08-19 11:15:00,13.89,13.905,13.84,13.88,15025.0
2026-08-19,2026-08-19 11:20:00,13.875,13.88,13.84,13.875,12343.0
2026-08-19,2026-08-19 11:25:00,13.885,13.89,13.82,13.82,7990.0
2026-08-19,2026-08-19 11:30:00,13.82,13.82,13.76,13.81,15530.0
2026-08-19,2026-08-19 11:35:00,13.81,13.83,13.78,13.78,6846.0
2026-08-19,2026-08-19 11:40:00,13.79,13.81,13.76,13.81,13656.0
2026-08-19,2026-08-19 11:45:00,13.8,13.8299,13.79,13.81,4943.0
2026-08-19,2026-08-19 11:50:00,13.83,13.845,13.785,13.83,19047.0
2026-08-19,2026-08-19 11:55:00,13.82,13.82,13.8,13.805,6967.0
2026-08-19,2026-08-19 12:00:00,13.79,13.86,13.78,13.825,32450.0
2026-08-19,2026-08-19 12:05:00,13.825,13.85,13.81,13.84,11354.0
2026-08-19,2026-08-19 12:10:00,13.85,13.88,13.84,13.87,8171.0
2026-08-19,2026-08-19 12:15:00,13.87,13.89,13.87,13.88,5465.0
2026-08-19,2026-08-19 12:20:00,13.875,13.92,13.86,13.905,43165.0
2026-08-19,2026-08-19 12:25:00,13.92,13.95,13.905,13.95,7793.0
2026-08-19,2026-08-19 12:30:00,13.94,13.97,13.9,13.915,13928.0
2026-08-19,2026-08-19 12:35:00,13.9,13.93,13.9,13.92,12745.0
2026-08-19,2026-08-19 12:40:00,13.925,13.98,13.925,13.95,14957.0
2026-08-19,2026-08-19 12:45:00,13.94,13.97,13.93,13.97,17710.0
2026-08-19,2026-08-19 12:50:00,13.95,13.957,13.925,13.957,17037.0
2026-08-19,2026-08-19 12:55:00,13.945,13.99,13.945,13.99,8422.0
2026-08-19,2026-08-19 13:00:00,13.98,14.0,13.98,13.985,11383.0
2026-08-19,2026-08-19 13:05:00,13.98,13.99,13.96,13.98,9079.0
2026-08-19,2026-08-19 13:10:00,13.98,13.99,13.9475,13.96,8473.0
2026-08-19,2026-08-19 13:15:00,13.95,13.97,13.95,13.96,4936.0
2026-08-19,2026-08-19 13:20:00,13.96,14.02,13.96,13.99,59102.0
2026-08-19,2026-08-19 13:25:00,13.98,14.0,13.97,13.99,15461.0
2026-08-19,2026-08-19 13:30:00,13.99,13.99,13.95,13.96,8408.0
2026-08-19,2026-08-19 13:35:00,13.95,13.97,13.93,13.955,22797.0
2026-08-19,2026-08-19 13:40:00,13.95,13.95,13.93,13.945,5500.0
2026-08-19,2026-08-19 13:45:00,13.94,13.99,13.94,13.985,4642.0
2026-08-19,2026-08-19 13:50:00,13.98,13.99,13.97,13.99,6650.0
2026-08-19,2026-08-19 13:55:00,13.99,14.0,13.97,13.99,9634.0
2026-08-19,2026-08-19 14:00:00,13.98,14.0,13.98,14.0,3504.0
2026-08-19,2026-08-19 14:05:00,13.99,14.035,13.99,14.02,23250.0
2026-08-19,2026-08-19 14:10:00,14.01,14.02,13.995,14.0,9847.0
2026-08-19,2026-08-19 14:15:00,13.99,13.99,13.96,13.97,12793.0
2026-08-19,2026-08-19 14:20:00,13.97,14.015,13.96,13.99,81808.0
2026-08-19,2026-08-19 14:25:00,13.99,14.04,13.99,14.04,20575.0
2026-08-19,2026-08-19 14:30:00,14.045,14.06,14.03,14.03,15674.0
2026-08-19,2026-08-19 14:35:00,14.03,14.09,14.03,14.07,9128.0
2026-08-19,2026-08-19 14:40:00,14.07,14.1,14.07,14.1,6723.0
2026-08-19,2026-08-19 14:45:00,14.1,14.11,14.085,14.1,12099.0
2026-08-19,2026-08-19 14:50:00,14.09,14.16,14.08,14.16,31721.0
2026-08-19,2026-08-19 14:55:00,14.17,14.185,14.16,14.16,11082.0
2026-08-19,2026-08-19 15:00:00,14.15,14.165,14.11,14.115,26695.0
2026-08-19,2026-08-19 15:05:00,14.12,14.14,14.115,14.125,13125.0
2026-08-19,2026-08-19 15:10:00,14.12,14.15,14.11,14.15,15885.0
2026-08-19,2026-08-19 15:15:00,14.15,14.16,14.13,14.13,15294.0
2026-08-19,2026-08-19 15:20:00,14.13,14.185,14.13,14.185,15394.0
2026-08-19,2026-08-19 15:25:00,14.185,14.2,14.16,14.19,24134.0
2026-08-19,2026-08-19 15:30:00,14.18,14.205,14.17,14.19,25548.0
2026-08-19,2026-08-19 15:35:00,14.18,14.29,14.18,14.28,31369.0
2026-08-19,2026-08-19 15:40:00,14.27,14.27,14.19,14.24,41234.0
2026-08-19,2026-08-19 15:45:00,14.23,14.29,14.22,14.22,33670.0
2026-08-19,2026-08-19 15:50:00,14.23,14.245,14.2,14.22,42509.0
2026-08-19,2026-08-19 15:55:00,14.22,14.22,14.1308,14.14,67389.0
2026-08-19,2026-08-19 16:00:00,14.14,14.2,14.12,14.14,540080.0
2026-08-20,2026-08-20 09:35:00,13.96,14.04,13.77,13.89,27426.0
2026-08-20,2026-08-20 09:40:00,13.964,14.14,13.88,14.03,74438.0
2026-08-20,2026-08-20 09:45:00,13.99,14.2499,13.915,14.15,41000.0
2026-08-20,2026-08-20 09:50:00,14.11,14.2,14.06,14.2,5926.0
2026-08-20,2026-08-20 09:55:00,14.18,14.21,13.97,14.02,342698.0
2026-08-20,2026-08-20 10:00:00,14.1,14.2375,14.0,14.2375,139833.0
2026-08-20,2026-08-20 10:05:00,14.25,14.32,14.23,14.28,49726.0
2026-08-20,2026-08-20 10:10:00,14.26,14.5,14.23,14.5,158514.0
2026-08-20,2026-08-20 10:15:00,14.52,14.52,14.275,14.28,45690.0
2026-08-20,2026-08-20 10:20:00,14.27,14.27,14.12,14.12,20647.0
2026-08-20,2026-08-20 10:25:00,14.13,14.18,14.12,14.12,11620.0
2026-08-20,2026-08-20 10:30:00,14.14,14.15,13.985,14.05,19061.0
2026-08-20,2026-08-20 10:35:00,14.045,14.045,13.65,13.65,55699.0
2026-08-20,2026-08-20 10:40:00,13.65,13.7,13.52,13.675,82586.0
2026-08-20,2026-08-20 10:45:00,13.675,13.72,13.5677,13.58,33009.0
2026-08-20,2026-08-20 10:50:00,13.58,13.64,13.56,13.58,26081.0
2026-08-20,2026-08-20 10:55:00,13.56,13.59,13.47,13.5,42828.0
2026-08-20,2026-08-20 11:00:00,13.49,13.49,13.38,13.43,46052.0
2026-08-20,2026-08-20 11:05:00,13.435,13.5034,13.42,13.48,23213.0
2026-08-20,2026-08-20 11:10:00,13.475,13.49,13.42,13.425,25536.0
2026-08-20,2026-08-20 11:15:00,13.43,13.43,13.375,13.42,23449.0
2026-08-20,2026-08-20 11:20:00,13.42,13.44,13.39,13.44,19133.0
2026-08-20,2026-08-20 11:25:00,13.43,13.43,13.38,13.41,14518.0
2026-08-20,2026-08-20 11:30:00,13.4,13.42,13.33,13.36,25443.0
2026-08-20,2026-08-20 11:35:00,13.35,13.515,13.35,13.49,53570.0
2026-08-20,2026-08-20 11:40:00,13.485,13.485,13.33,13.445,251348.0
2026-08-20,2026-08-20 11:45:00,13.445,13.53,13.43,13.43,68425.0
2026-08-20,2026-08-20 11:50:00,13.425,13.43,13.38,13.4,99169.0
2026-08-20,2026-08-20 11:55:00,13.4,13.47,13.355,13.45,79565.0
2026-08-20,2026-08-20 12:00:00,13.45,13.45,13.405,13.42,166768.0
2026-08-20,2026-08-20 12:05:00,13.428,13.428,13.325,13.33,36574.0
2026-08-20,2026-08-20 12:10:00,13.33,13.36,13.27,13.34,93194.0
2026-08-20,2026-08-20 12:15:00,13.33,13.33,13.26,13.305,33924.0
2026-08-20,2026-08-20 12:20:00,13.305,13.36,13.295,13.35,16778.0
2026-08-20,2026-08-20 12:25:00,13.345,13.3649,13.29,13.35,18871.0
2026-08-20,2026-08-20 12:30:00,13.35,13.35,13.305,13.32,11483.0
2026-08-20,2026-08-20 12:35:00,13.32,13.355,13.3,13.33,21243.0
2026-08-20,2026-08-20 12:40:00,13.33,13.38,13.33,13.355,17001.0
2026-08-20,2026-08-20 12:45:00,13.37,13.395,13.35,13.35,24032.0
2026-08-20,2026-08-20 12:50:00,13.35,13.37,13.35,13.37,10591.0
2026-08-20,2026-08-20 12:55:00,13.37,13.38,13.345,13.38,20864.0
2026-08-20,2026-08-20 13:00:00,13.375,13.455,13.375,13.455,44657.0
2026-08-20,2026-08-20 13:05:00,13.455,13.455,13.38,13.4,16749.0
2026-08-20,2026-08-20 13:10:00,13.4,13.44,13.38,13.395,25989.0
2026-08-20,2026-08-20 13:15:00,13.395,13.49,13.39,13.48,30899.0
2026-08-20,2026-08-20 13:20:00,13.49,13.51,13.45,13.5,59406.0
2026-08-20,2026-08-20 13:25:00,13.51,13.53,13.5,13.525,9491.0
2026-08-20,2026-08-20 13:30:00,13.53,13.54,13.51,13.54,20931.0
2026-08-20,2026-08-20 13:35:00,13.54,13.585,13.525,13.56,20982.0
2026-08-20,2026-08-20 13:40:00,13.56,13.6,13.56,13.59,18342.0
2026-08-20,2026-08-20 13:45:00,13.59,13.6,13.55,13.575,34141.0
2026-08-20,2026-08-20 13:50:00,13.58,13.635,13.57,13.635,11457.0
2026-08-20,2026-08-20 13:55:00,13.635,13.635,13.6,13.61,13201.0
2026-08-20,2026-08-20 14:00:00,13.61,13.62,13.58,13.58,11922.0
2026-08-20,2026-08-20 14:05:00,13.575,13.58,13.54,13.545,13612.0
2026-08-20,2026-08-20 14:10:00,13.55,13.56,13.54,13.56,11269.0
2026-08-20,2026-08-20 14:15:00,13.55,13.55,13.54,13.54,9257.0
2026-08-20,2026-08-20 14:20:00,13.54,13.7,13.53,13.7,28422.0
2026-08-20,2026-08-20 14:25:00,13.71,13.7899,13.71,13.775,91671.0
2026-08-20,2026-08-20 14:30:00,13.78,13.81,13.775,13.79,9621.0
2026-08-20,2026-08-20 14:35:00,13.79,13.79,13.75,13.76,49392.0
2026-08-20,2026-08-20 14:40:00,13.75,13.825,13.75,13.78,22913.0
2026-08-20,2026-08-20 14:45:00,13.79,13.795,13.78,13.79,9782.0
2026-08-20,2026-08-20 14:50:00,13.79,13.8,13.72,13.72,23016.0
2026-08-20,2026-08-20 14:55:00,13.71,13.73,13.69,13.72,11274.0
2026-08-20,2026-08-20 15:00:00,13.72,13.755,13.72,13.755,13938.0
2026-08-20,2026-08-20 15:05:00,13.76,13.81,13.76,13.81,15458.0
2026-08-20,2026-08-20 15:10:00,13.81,13.81,13.79,13.79,10816.0
2026-08-20,2026-08-20 15:15:00,13.79,13.8211,13.78,13.78,16518.0
2026-08-20,2026-08-20 15:20:00,13.78,13.82,13.78,13.8,14355.0
2026-08-20,2026-08-20 15:25:00,13.8,13.81,13.76,13.76,15077.0
2026-08-20,2026-08-20 15:30:00,13.76,13.76,13.72,13.73,19107.0
2026-08-20,2026-08-20 15:35:00,13.73,13.73,13.67,13.67,25826.0
2026-08-20,2026-08-20 15:40:00,13.67,13.695,13.645,13.65,24290.0
2026-08-20,2026-08-20 15:45:00,13.65,13.67,13.61,13.66,41078.0
2026-08-20,2026-08-20 15:50:00,13.66,13.73,13.65,13.7,85252.0
2026-08-20,2026-08-20 15:55:00,13.69,13.7,13.63,13.63,69129.0
2026-08-20,2026-08-20 16:00:00,13.62,13.66,13.48,13.5,669302.0
2026-08-21,2026-08-21 09:35:00,13.6,13.88,13.53,13.785,45091.0
2026-08-21,2026-08-21 09:40:00,13.785,14.01,13.78,13.9,28419.0
2026-08-21,2026-08-21 09:45:00,13.895,14.02,13.89,13.98,17069.0
2026-08-21,2026-08-21 09:50:00,13.98,14.255,13.98,14.12,20332.0
2026-08-21,2026-08-21 09:55:00,14.115,14.195,14.06,14.09,66135.0
2026-08-21,2026-08-21 10:00:00,14.115,14.22,14.08,14.11,26162.0
2026-08-21,2026-08-21 10:05:00,14.115,14.125,14.04,14.06,5611.0
2026-08-21,2026-08-21 10:10:00,14.09,14.1,14.05,14.09,8556.0
2026-08-21,2026-08-21 10:15:00,14.09,14.09,14.025,14.04,8114.0
2026-08-21,2026-08-21 10:20:00,14.035,14.11,14.035,14.07,10689.0
2026-08-21,2026-08-21 10:25:00,14.07,14.2,14.0601,14.115,22531.0
2026-08-21,2026-08-21 10:30:00,14.12,14.18,14.12,14.13,9269.0
2026-08-21,2026-08-21 10:35:00,14.14,14.2,14.14,14.15,12917.0
2026-08-21,2026-08-21 10:40:00,14.145,14.145,14.07,14.075,25660.0
2026-08-21,2026-08-21 10:45:00,14.075,14.08,14.02,14.04,20143.0
2026-08-21,2026-08-21 10:50:00,14.04,14.04,13.92,13.925,24042.0
2026-08-21,2026-08-21 10:55:00,13.91,13.92,13.84,13.84,8212.0
2026-08-21,2026-08-21 11:00:00,13.84,13.86,13.83,13.84,7542.0
2026-08-21,2026-08-21 11:05:00,13.85,13.86,13.78,13.83,11567.0
2026-08-21,2026-08-21 11:10:00,13.83,13.83,13.78,13.79,3667.0
2026-08-21,2026-08-21 11:15:00,13.77,14.05,13.77,14.02,40718.0
2026-08-21,2026-08-21 11:20:00,14.0,14.04,13.92,13.935,16862.0
2026-08-21,2026-08-21 11:25:00,13.95,14.0,13.93,14.0,14293.0
2026-08-21,2026-08-21 11:30:00,13.96,14.0,13.93,13.94,16270.0
2026-08-21,2026-08-21 11:35:00,13.96,14.115,13.92,14.11,18822.0
2026-08-21,2026-08-21 11:40:00,14.14,14.17,14.11,14.17,6013.0
2026-08-21,2026-08-21 11:45:00,14.17,14.255,14.17,14.21,21582.0
2026-08-21,2026-08-21 11:50:00,14.21,14.29,14.19,14.285,40662.0
2026-08-21,2026-08-21 11:55:00,14.285,14.31,14.25,14.26,10517.0
2026-08-21,2026-08-21 12:00:00,14.25,14.25,14.22,14.23,6249.0
2026-08-21,2026-08-21 12:05:00,14.23,14.28,14.23,14.245,8694.0
2026-08-21,2026-08-21 12:10:00,14.24,14.27,14.24,14.25,8409.0
2026-08-21,2026-08-21 12:15:00,14.26,14.27,14.17,14.19,25329.0
2026-08-21,2026-08-21 12:20:00,14.17,14.33,14.155,14.2,85843.0
2026-08-21,2026-08-21 12:25:00,14.2,14.22,14.16,14.21,9602.0
2026-08-21,2026-08-21 12:30:00,14.17,14.2,14.17,14.185,11905.0
2026-08-21,2026-08-21 12:35:00,14.19,14.19,14.16,14.17,5070.0
2026-08-21,2026-08-21 12:40:00,14.17,14.28,14.17,14.22,60040.0
2026-08-21,2026-08-21 12:45:00,14.22,14.23,14.15,14.21,45349.0
2026-08-21,2026-08-21 12:50:00,14.21,14.25,14.19,14.22,40835.0
2026-08-21,2026-08-21 12:55:00,14.2,14.23,14.2,14.215,7648.0
2026-08-21,2026-08-21 13:00:00,14.23,14.23,14.21,14.21,3849.0
2026-08-21,2026-08-21 13:05:00,14.21,14.22,14.2,14.2,5393.0
2026-08-21,2026-08-21 13:10:00,14.22,14.25,14.21,14.235,3815.0
2026-08-21,2026-08-21 13:15:00,14.22,14.22,14.2,14.2,7402.0
2026-08-21,2026-08-21 13:20:00,14.21,14.3,14.2,14.24,45419.0
2026-08-21,2026-08-21 13:25:00,14.24,14.26,14.22,14.25,17435.0
2026-08-21,2026-08-21 13:30:00,14.22,14.24,14.155,14.155,7908.0
2026-08-21,2026-08-21 13:35:00,14.15,14.18,14.085,14.085,20022.0
2026-08-21,2026-08-21 13:40:00,14.1,14.14,14.09,14.125,39507.0
2026-08-21,2026-08-21 13:45:00,14.1,14.195,14.1,14.19,8689.0
2026-08-21,2026-08-21 13:50:00,14.17,14.22,14.155,14.22,8052.0
2026-08-21,2026-08-21 13:55:00,14.2,14.25,14.1883,14.19,61257.0
2026-08-21,2026-08-21 14:00:00,14.19,14.19,14.17,14.18,12081.0
2026-08-21,2026-08-21 14:05:00,14.17,14.2,14.15,14.16,21643.0
2026-08-21,2026-08-21 14:10:00,14.16,14.19,14.15,14.18,26111.0
2026-08-21,2026-08-21 14:15:00,14.18,14.18,14.11,14.12,17002.0
2026-08-21,2026-08-21 14:20:00,14.11,14.13,14.06,14.115,45292.0
2026-08-21,2026-08-21 14:25:00,14.11,14.14,14.1,14.13,5671.0
2026-08-21,2026-08-21 14:30:00,14.135,14.14,14.08,14.08,10096.0
2026-08-21,2026-08-21 14:35:00,14.09,14.09,14.04,14.06,12549.0
2026-08-21,2026-08-21 14:40:00,14.06,14.07,14.03,14.06,16734.0
2026-08-21,2026-08-21 14:45:00,14.06,14.07,14.025,14.055,9833.0
2026-08-21,2026-08-21 14:50:00,14.055,14.12,14.055,14.11,11572.0
2026-08-21,2026-08-21 14:55:00,14.11,14.15,14.11,14.15,13696.0
2026-08-21,2026-08-21 15:00:00,14.15,14.17,14.14,14.14,11636.0
2026-08-21,2026-08-21 15:05:00,14.16,14.16,14.12,14.12,8399.0
2026-08-21,2026-08-21 15:10:00,14.12,14.12,14.09,14.09,13413.0
2026-08-21,2026-08-21 15:15:00,14.09,14.1,14.07,14.08,7040.0
2026-08-21,2026-08-21 15:20:00,14.07,14.12,14.06,14.12,14929.0
2026-08-21,2026-08-21 15:25:00,14.11,14.17,14.11,14.16,12131.0
2026-08-21,2026-08-21 15:30:00,14.16,14.16,14.14,14.14,8799.0
2026-08-21,2026-08-21 15:35:00,14.15,14.15,14.12,14.13,12808.0
2026-08-21,2026-08-21 15:40:00,14.13,14.13,14.08,14.08,15698.0
2026-08-21,2026-08-21 15:45:00,14.0924,14.13,14.07,14.07,30189.0
2026-08-21,2026-08-21 15:50:00,14.08,14.19,14.055,14.15,58825.0
2026-08-21,2026-08-21 15:55:00,14.15,14.165,14.06,14.075,74660.0
2026-08-21,2026-08-21 16:00:00,14.07,14.095,13.84,13.85,469959.0
2026-08-24,2026-08-24 09:35:00,13.95,13.95,13.745,13.9,66166.0
2026-08-24,2026-08-24 09:40:00,13.795,13.97,13.75,13.75,23390.0
2026-08-24,2026-08-24 09:45:00,13.82,13.839,13.77,13.77,6427.0
2026-08-24,2026-08-24 09:50:00,13.755,13.81,13.715,13.765,25987.0
2026-08-24,2026-08-24 09:55:00,13.78,13.85,13.76,13.85,27973.0
2026-08-24,2026-08-24 10:00:00,13.85,13.85,13.7,13.74,10581.0
2026-08-24,2026-08-24 10:05:00,13.765,13.765,13.62,13.67,6437.0
2026-08-24,2026-08-24 10:10:00,13.73,13.765,13.69,13.745,20882.0
2026-08-24,2026-08-24 10:15:00,13.74,13.77,13.72,13.755,5551.0
2026-08-24,2026-08-24 10:20:00,13.77,13.86,13.76,13.86,5819.0
2026-08-24,2026-08-24 10:25:00,13.86,13.88,13.77,13.77,9583.0
2026-08-24,2026-08-24 10:30:00,13.76,13.82,13.75,13.815,4425.0
2026-08-24,2026-08-24 10:35:00,13.8,13.855,13.79,13.79,4767.0
2026-08-24,2026-08-24 10:40:00,13.81,13.815,13.78,13.81,8058.0
2026-08-24,2026-08-24 10:45:00,13.84,13.84,13.8,13.815,3782.0
2026-08-24,2026-08-24 10:50:00,13.815,13.85,13.8,13.84,4730.0
2026-08-24,2026-08-24 10:55:00,13.82,13.84,13.79,13.84,7166.0
2026-08-24,2026-08-24 11:00:00,13.85,13.885,13.83,13.88,5831.0
2026-08-24,2026-08-24 11:05:00,13.885,14.0,13.83,13.855,51499.0
2026-08-24,2026-08-24 11:10:00,13.84,13.86,13.81,13.84,14854.0
2026-08-24,2026-08-24 11:15:00,13.85,13.89,13.83,13.85,12133.0
2026-08-24,2026-08-24 11:20:00,13.845,13.845,13.81,13.83,8041.0
2026-08-24,2026-08-24 11:25:00,13.83,13.835,13.82,13.83,4572.0
2026-08-24,2026-08-24 11:30:00,13.825,13.83,13.775,13.8,8805.0
2026-08-24,2026-08-24 11:35:00,13.81,13.82,13.79,13.805,5768.0
2026-08-24,2026-08-24 11:40:00,13.805,13.915,13.805,13.915,9752.0
2026-08-24,2026-08-24 11:45:00,13.9119,13.93,13.865,13.865,26048.0
2026-08-24,2026-08-24 11:50:00,13.87,13.9,13.815,13.815,12188.0
2026-08-24,2026-08-24 11:55:00,13.83,13.83,13.75,13.75,5750.0
2026-08-24,2026-08-24 12:00:00,13.77,13.78,13.76,13.78,3894.0
2026-08-24,2026-08-24 12:05:00,13.77,13.805,13.77,13.785,7386.0
2026-08-24,2026-08-24 12:10:00,13.79,13.815,13.78,13.785,11401.0
2026-08-24,2026-08-24 12:15:00,13.79,13.79,13.76,13.76,6564.0
2026-08-24,2026-08-24 12:20:00,13.76,13.815,13.76,13.815,3335.0
2026-08-24,2026-08-24 12:25:00,13.82,13.82,13.77,13.77,8386.0
2026-08-24,2026-08-24 12:30:00,13.77,13.775,13.77,13.77,2886.0
2026-08-24,2026-08-24 12:35:00,13.77,13.77,13.75,13.75,2990.0
2026-08-24,2026-08-24 12:40:00,13.76,13.76,13.75,13.76,3293.0
2026-08-24,2026-08-24 12:45:00,13.76,13.76,13.76,13.76,2413.0
2026-08-24,2026-08-24 12:50:00,13.76,13.78,13.72,13.72,31966.0
2026-08-24,2026-08-24 12:55:00,13.73,13.73,13.71,13.72,5958.0
2026-08-24,2026-08-24 13:00:00,13.73,13.73,13.71,13.71,6393.0
2026-08-24,2026-08-24 13:05:00,13.7,13.72,13.7,13.71,4491.0
2026-08-24,2026-08-24 13:10:00,13.72,13.78,13.72,13.78,9400.0
2026-08-24,2026-08-24 13:15:00,13.79,13.8,13.76,13.76,17004.0
2026-08-24,2026-08-24 13:20:00,13.7515,13.7605,13.73,13.735,6480.0
2026-08-24,2026-08-24 13:25:00,13.735,13.735,13.69,13.69,4542.0
2026-08-24,2026-08-24 13:30:00,13.685,13.685,13.675,13.675,2315.0
2026-08-24,2026-08-24 13:35:00,13.675,13.69,13.66,13.685,6483.0
2026-08-24,2026-08-24 13:40:00,13.67,13.685,13.6501,13.685,3562.0
2026-08-24,2026-08-24 13:45:00,13.67,13.67,13.6505,13.6505,2673.0
2026-08-24,2026-08-24 13:50:00,13.68,13.7,13.68,13.7,4817.0
2026-08-24,2026-08-24 13:55:00,13.7,13.7,13.68,13.68,10839.0
2026-08-24,2026-08-24 14:00:00,13.68,13.705,13.68,13.69,4855.0
2026-08-24,2026-08-24 14:05:00,13.69,13.705,13.67,13.6751,6595.0
2026-08-24,2026-08-24 14:10:00,13.675,13.685,13.675,13.68,3499.0
2026-08-24,2026-08-24 14:15:00,13.68,13.69,13.67,13.685,3870.0
2026-08-24,2026-08-24 14:20:00,13.68,13.68,13.665,13.665,5049.0
2026-08-24,2026-08-24 14:25:00,13.67,13.7,13.67,13.7,7257.0
2026-08-24,2026-08-24 14:30:00,13.71,13.71,13.69,13.71,5063.0
2026-08-24,2026-08-24 14:35:00,13.7,13.705,13.68,13.7,10899.0
2026-08-24,2026-08-24 14:40:00,13.7,13.7,13.69,13.69,3443.0
2026-08-24,2026-08-24 14:45:00,13.69,13.69,13.665,13.67,5838.0
2026-08-24,2026-08-24 14:50:00,13.665,13.67,13.56,13.56,11162.0
2026-08-24,2026-08-24 14:55:00,13.57,13.605,13.57,13.605,6256.0
2026-08-24,2026-08-24 15:00:00,13.6,13.66,13.59,13.655,15001.0
2026-08-24,2026-08-24 15:05:00,13.655,13.655,13.64,13.64,7411.0
2026-08-24,2026-08-24 15:10:00,13.65,13.665,13.64,13.64,7726.0
2026-08-24,2026-08-24 15:15:00,13.64,13.65,13.64,13.65,6151.0
2026-08-24,2026-08-24 15:20:00,13.65,13.66,13.65,13.66,6704.0
2026-08-24,2026-08-24 15:25:00,13.65,13.66,13.63,13.66,10849.0
2026-08-24,2026-08-24 15:30:00,13.67,13.67,13.64,13.65,11644.0
2026-08-24,2026-08-24 15:35:00,13.65,13.72,13.65,13.71,11748.0
2026-08-24,2026-08-24 15:40:00,13.71,13.71,13.67,13.68,12558.0
2026-08-24,2026-08-24 15:45:00,13.68,13.69,13.67,13.69,11428.0
2026-08-24,2026-08-24 15:50:00,13.7,13.71,13.66,13.71,16415.0
2026-08-24,2026-08-24 15:55:00,13.71,13.74,13.6775,13.69,61025.0
2026-08-24,2026-08-24 16:00:00,13.72,13.76,13.66,13.68,419140.0
2026-08-25,2026-08-25 09:35:00,13.96,14.19,13.92,14.06,30061.0
2026-08-25,2026-08-25 09:40:00,14.14,14.45,14.065,14.44,130210.0
2026-08-25,2026-08-25 09:45:00,14.45,14.45,14.24,14.275,39479.0
2026-08-25,2026-08-25 09:50:00,14.26,14.27,14.055,14.085,49828.0
2026-08-25,2026-08-25 09:55:00,14.095,14.14,14.095,14.12,5604.0
2026-08-25,2026-08-25 10:00:00,14.12,14.1475,14.06,14.07,12228.0
2026-08-25,2026-08-25 10:05:00,14.055,14.31,14.055,14.31,20727.0
2026-08-25,2026-08-25 10:10:00,14.295,14.38,14.27,14.295,28401.0
2026-08-25,2026-08-25 10:15:00,14.295,14.365,14.27,14.3,37429.0
2026-08-25,2026-08-25 10:20:00,14.315,14.4,14.31,14.375,13480.0
2026-08-25,2026-08-25 10:25:00,14.4,14.5795,14.375,14.525,33375.0
2026-08-25,2026-08-25 10:30:00,14.525,14.55,14.41,14.49,14302.0
2026-08-25,2026-08-25 10:35:00,14.52,14.575,14.46,14.535,23912.0
2026-08-25,2026-08-25 10:40:00,14.53,14.6,14.53,14.59,17120.0
2026-08-25,2026-08-25 10:45:00,14.58,14.61,14.545,14.585,13004.0
2026-08-25,2026-08-25 10:50:00,14.585,14.715,14.585,14.67,37983.0
2026-08-25,2026-08-25 10:55:00,14.67,14.69,14.62,14.625,12354.0
2026-08-25,2026-08-25 11:00:00,14.62,14.84,14.62,14.79,103820.0
2026-08-25,2026-08-25 11:05:00,14.79,14.825,14.77,14.805,36135.0
2026-08-25,2026-08-25 11:10:00,14.805,14.86,14.77,14.78,65120.0
2026-08-25,2026-08-25 11:15:00,14.78,14.78,14.705,14.7205,24143.0
2026-08-25,2026-08-25 11:20:00,14.74,14.74,14.675,14.68,15224.0
2026-08-25,2026-08-25 11:25:00,14.68,14.69,14.57,14.585,15875.0
2026-08-25,2026-08-25 11:30:00,14.6,14.64,14.59,14.64,16379.0
2026-08-25,2026-08-25 11:35:00,14.64,14.66,14.615,14.635,22390.0
2026-08-25,2026-08-25 11:40:00,14.635,14.66,14.6,14.61,41231.0
2026-08-25,2026-08-25 11:45:00,14.61,14.61,14.565,14.565,12273.0
2026-08-25,2026-08-25 11:50:00,14.565,14.61,14.56,14.5659,26369.0
2026-08-25,2026-08-25 11:55:00,14.56,14.57,14.51,14.57,13785.0
2026-08-25,2026-08-25 12:00:00,14.565,14.57,14.55,14.56,9564.0
2026-08-25,2026-08-25 12:05:00,14.57,14.63,14.55,14.62,27885.0
2026-08-25,2026-08-25 12:10:00,14.63,14.63,14.51,14.525,24711.0
2026-08-25,2026-08-25 12:15:00,14.525,14.525,14.4001,14.44,18250.0
2026-08-25,2026-08-25 12:20:00,14.43,14.43,14.37,14.37,12790.0
2026-08-25,2026-08-25 12:25:00,14.37,14.37,14.3,14.31,15218.0
2026-08-25,2026-08-25 12:30:00,14.31,14.39,14.3,14.385,17329.0
2026-08-25,2026-08-25 12:35:00,14.4,14.4,14.3739,14.38,15810.0
2026-08-25,2026-08-25 12:40:00,14.385,14.4,14.36,14.375,23828.0
2026-08-25,2026-08-25 12:45:00,14.36,14.41,14.35,14.38,40923.0
2026-08-25,2026-08-25 12:50:00,14.39,14.39,14.31,14.335,20032.0
2026-08-25,2026-08-25 12:55:00,14.33,14.37,14.33,14.36,13972.0
2026-08-25,2026-08-25 13:00:00,14.36,14.43,14.36,14.38,32162.0
2026-08-25,2026-08-25 13:05:00,14.405,14.405,14.355,14.355,6762.0
2026-08-25,2026-08-25 13:10:00,14.35,14.37,14.3,14.31,28092.0
2026-08-25,2026-08-25 13:15:00,14.32,14.33,14.3,14.31,55154.0
2026-08-25,2026-08-25 13:20:00,14.305,14.36,14.3,14.35,37741.0
2026-08-25,2026-08-25 13:25:00,14.35,14.36,14.325,14.34,16988.0
2026-08-25,2026-08-25 13:30:00,14.34,14.46,14.34,14.46,48416.0
2026-08-25,2026-08-25 13:35:00,14.485,14.53,14.47,14.52,34011.0
2026-08-25,2026-08-25 13:40:00,14.52,14.53,14.44,14.445,26861.0
2026-08-25,2026-08-25 13:45:00,14.45,14.46,14.45,14.46,5055.0
2026-08-25,2026-08-25 13:50:00,14.46,14.51,14.41,14.45,42297.0
2026-08-25,2026-08-25 13:55:00,14.455,14.51,14.44,14.5,30182.0
2026-08-25,2026-08-25 14:00:00,14.51,14.59,14.51,14.58,21380.0
2026-08-25,2026-08-25 14:05:00,14.57,14.58,14.55,14.55,16864.0
2026-08-25,2026-08-25 14:10:00,14.55,14.59,14.54,14.59,12372.0
2026-08-25,2026-08-25 14:15:00,14.5801,14.6,14.49,14.49,41776.0
2026-08-25,2026-08-25 14:20:00,14.48,14.49,14.45,14.46,16741.0
2026-08-25,2026-08-25 14:25:00,14.455,14.455,14.42,14.44,16265.0
2026-08-25,2026-08-25 14:30:00,14.44,14.45,14.43,14.45,14303.0
2026-08-25,2026-08-25 14:35:00,14.45,14.45,14.39,14.39,13421.0
2026-08-25,2026-08-25 14:40:00,14.4,14.46,14.39,14.44,81489.0
2026-08-25,2026-08-25 14:45:00,14.44,14.44,14.385,14.395,16170.0
2026-08-25,2026-08-25 14:50:00,14.4,14.47,14.395,14.45,60153.0
2026-08-25,2026-08-25 14:55:00,14.44,14.44,14.39,14.44,28993.0
2026-08-25,2026-08-25 15:00:00,14.45,14.46,14.4,14.4,36866.0
2026-08-25,2026-08-25 15:05:00,14.41,14.42,14.36,14.37,12936.0
2026-08-25,2026-08-25 15:10:00,14.385,14.415,14.37,14.38,20435.0
2026-08-25,2026-08-25 15:15:00,14.39,14.39,14.3,14.315,28500.0
2026-08-25,2026-08-25 15:20:00,14.315,14.34,14.28,14.3,56220.0
2026-08-25,2026-08-25 15:25:00,14.3,14.33,14.28,14.33,32195.0
2026-08-25,2026-08-25 15:30:00,14.34,14.37,14.29,14.35,125640.0
2026-08-25,2026-08-25 15:35:00,14.35,14.4,14.28,14.3,81551.0
2026-08-25,2026-08-25 15:40:00,14.3,14.31,14.245,14.255,100375.0
2026-08-25,2026-08-25 15:45:00,14.25,14.31,14.23,14.265,142160.0
2026-08-25,2026-08-25 15:50:00,14.265,14.385,14.265,14.32,102795.0
2026-08-25,2026-08-25 15:55:00,14.32,14.45,14.32,14.42,119613.0
2026-08-25,2026-08-25 16:00:00,14.42,14.46,14.26,14.38,640116.0
2026-08-26,2026-08-26 09:35:00,14.24,14.28,13.2455,13.275,273773.0
2026-08-26,2026-08-26 09:40:00,13.275,13.52,13.0,13.44,425194.0
2026-08-26,2026-08-26 09:45:00,13.44,13.59,13.21,13.38,211810.0
2026-08-26,2026-08-26 09:50:00,13.36,13.7799,13.29,13.72,300334.0
2026-08-26,2026-08-26 09:55:00,13.72,14.13,13.67,14.11,131813.0
2026-08-26,2026-08-26 10:00:00,14.12,14.17,13.85,13.985,93668.0
2026-08-26,2026-08-26 10:05:00,13.97,14.125,13.7616,14.05,219053.0
2026-08-26,2026-08-26 10:10:00,14.055,14.6,14.0,14.53,216810.0
2026-08-26,2026-08-26 10:15:00,14.529,14.7311,14.38,14.72,239803.0
2026-08-26,2026-08-26 10:20:00,14.73,14.78,14.45,14.54,63918.0
2026-08-26,2026-08-26 10:25:00,14.55,14.66,14.43,14.47,67925.0
2026-08-26,2026-08-26 10:30:00,14.44,14.51,14.3859,14.41,21976.0
2026-08-26,2026-08-26 10:35:00,14.41,14.51,14.3,14.47,108443.0
2026-08-26,2026-08-26 10:40:00,14.4996,14.51,14.38,14.485,30689.0
2026-08-26,2026-08-26 10:45:00,14.495,15.14,14.435,15.095,166629.0
2026-08-26,2026-08-26 10:50:00,15.12,15.27,14.922,15.14,227510.0
2026-08-26,2026-08-26 10:55:00,15.16,15.17,14.89,15.035,105248.0
2026-08-26,2026-08-26 11:00:00,15.05,15.17,15.02,15.13,82526.0
2026-08-26,2026-08-26 11:05:00,15.13,15.23,14.9806,15.23,111892.0
2026-08-26,2026-08-26 11:10:00,15.24,15.29,14.82,14.89,387353.0
2026-08-26,2026-08-26 11:15:00,14.9,15.21,14.9,15.21,49373.0
2026-08-26,2026-08-26 11:20:00,15.22,15.29,15.2,15.25,263334.0
2026-08-26,2026-08-26 11:25:00,15.25,15.28,15.12,15.1352,199082.0
2026-08-26,2026-08-26 11:30:00,15.16,15.24,15.13,15.195,69071.0
2026-08-26,2026-08-26 11:35:00,15.19,15.36,15.17,15.36,76819.0
2026-08-26,2026-08-26 11:40:00,15.35,15.74,15.35,15.74,132578.0
2026-08-26,2026-08-26 11:45:00,15.73,15.98,15.73,15.91,176935.0
2026-08-26,2026-08-26 11:50:00,15.92,16.07,15.82,15.92,150335.0
2026-08-26,2026-08-26 11:55:00,15.915,16.05,15.82,15.945,161568.0
2026-08-26,2026-08-26 12:00:00,15.945,16.08,15.9,16.03,201187.0
2026-08-26,2026-08-26 12:05:00,16.03,16.16,16.015,16.08,72700.0
2026-08-26,2026-08-26 12:10:00,16.08,16.135,15.95,16.07,67395.0
2026-08-26,2026-08-26 12:15:00,16.08,16.14,16.03,16.05,40265.0
2026-08-26,2026-08-26 12:20:00,16.04,16.225,16.04,16.06,230121.0
2026-08-26,2026-08-26 12:25:00,16.06,16.45,16.02,16.44,159300.0
2026-08-26,2026-08-26 12:30:00,16.4051,16.45,16.16,16.195,302643.0
2026-08-26,2026-08-26 12:35:00,16.19,16.33,16.07,16.31,125185.0
2026-08-26,2026-08-26 12:40:00,16.31,16.31,16.11,16.15,78745.0
2026-08-26,2026-08-26 12:45:00,16.17,16.3032,16.12,16.265,71627.0
2026-08-26,2026-08-26 12:50:00,16.2542,16.3,16.15,16.15,61419.0
2026-08-26,2026-08-26 12:55:00,16.156,16.225,16.0801,16.19,58910.0
2026-08-26,2026-08-26 13:00:00,16.175,16.35,16.175,16.345,150690.0
2026-08-26,2026-08-26 13:05:00,16.33,16.79,16.33,16.75,330828.0
2026-08-26,2026-08-26 13:10:00,16.7738,16.79,16.5,16.73,279998.0
2026-08-26,2026-08-26 13:15:00,16.7319,16.74,16.48,16.579,263636.0
2026-08-26,2026-08-26 13:20:00,16.54,17.0,16.49,16.58,140455.0
2026-08-26,2026-08-26 13:25:00,16.575,16.87,16.28,16.83,291354.0
2026-08-26,2026-08-26 13:30:00,16.825,16.94,16.78,16.865,110476.0
2026-08-26,2026-08-26 13:35:00,16.88,16.89,16.66,16.76,116132.0
2026-08-26,2026-08-26 13:40:00,16.74,16.9,16.71,16.885,73260.0
2026-08-26,2026-08-26 13:45:00,16.9,17.105,16.87,17.0862,131460.0
2026-08-26,2026-08-26 13:50:00,17.08,17.28,17.03,17.245,313314.0
2026-08-26,2026-08-26 13:55:00,17.254,17.57,17.2,17.235,307681.0
2026-08-26,2026-08-26 14:00:00,17.2075,18.0,17.1601,17.85,418072.0
2026-08-26,2026-08-26 14:05:00,17.865,18.18,17.85,18.05,516314.0
2026-08-26,2026-08-26 14:10:00,18.01,18.24,18.0,18.05,240606.0
2026-08-26,2026-08-26 14:15:00,18.05,18.07,17.68,17.6872,387564.0
2026-08-26,2026-08-26 14:20:00,17.635,17.86,17.47,17.66,282588.0
2026-08-26,2026-08-26 14:25:00,17.68,17.8355,17.62,17.7956,101839.0
2026-08-26,2026-08-26 14:30:00,17.76,17.79,17.52,17.645,110009.0
2026-08-26,2026-08-26 14:35:00,17.63,17.68,17.522,17.55,94579.0
2026-08-26,2026-08-26 14:40:00,17.56,17.6,17.25,17.285,319854.0
2026-08-26,2026-08-26 14:45:00,17.27,17.6,17.2444,17.59,228998.0
2026-08-26,2026-08-26 14:50:00,17.56,17.7299,17.56,17.645,160920.0
2026-08-26,2026-08-26 14:55:00,17.657,17.77,17.63,17.7042,190700.0
2026-08-26,2026-08-26 15:00:00,17.667,17.9,17.6,17.85,113559.0
2026-08-26,2026-08-26 15:05:00,17.84,17.91,17.74,17.82,113289.0
2026-08-26,2026-08-26 15:10:00,17.82,17.85,17.73,17.84,152461.0
2026-08-26,2026-08-26 15:15:00,17.85,17.86,17.65,17.705,167912.0
2026-08-26,2026-08-26 15:20:00,17.705,17.75,17.53,17.73,213808.0
2026-08-26,2026-08-26 15:25:00,17.7,17.7,17.515,17.55,123152.0
2026-08-26,2026-08-26 15:30:00,17.54,17.54,17.2446,17.26,160373.0
2026-08-26,2026-08-26 15:35:00,17.28,17.42,17.1448,17.2199,194030.0
2026-08-26,2026-08-26 15:40:00,17.175,17.3,17.0401,17.26,169409.0
2026-08-26,2026-08-26 15:45:00,17.265,17.335,17.12,17.16,97935.0
2026-08-26,2026-08-26 15:50:00,17.16,17.2,17.08,17.17,81253.0
2026-08-26,2026-08-26 15:55:00,17.18,17.29,17.09,17.165,278284.0
2026-08-26,2026-08-26 16:00:00,17.165,17.19,16.94,16.95,1580977.0
2026-08-27,2026-08-27 09:35:00,16.95,17.05,16.05,16.175,124625.0
2026-08-27,2026-08-27 09:40:00,16.165,16.2883,15.8,15.95,230778.0
2026-08-27,2026-08-27 09:45:00,15.945,15.9504,15.71,15.8275,106034.0
2026-08-27,2026-08-27 09:50:00,15.84,15.88,15.5,15.8,171838.0
2026-08-27,2026-08-27 09:55:00,15.85,15.9386,15.75,15.845,62201.0
2026-08-27,2026-08-27 10:00:00,15.87,15.88,15.5,15.595,146808.0
2026-08-27,2026-08-27 10:05:00,15.57,15.7,15.5001,15.58,97050.0
2026-08-27,2026-08-27 10:10:00,15.58,15.795,15.51,15.6699,59194.0
2026-08-27,2026-08-27 10:15:00,15.65,15.96,15.65,15.95,51872.0
2026-08-27,2026-08-27 10:20:00,15.94,15.96,15.69,15.785,54648.0
2026-08-27,2026-08-27 10:25:00,15.7991,15.88,15.73,15.85,31933.0
2026-08-27,2026-08-27 10:30:00,15.8499,15.87,15.7335,15.78,31274.0
2026-08-27,2026-08-27 10:35:00,15.7682,15.83,15.73,15.83,36005.0
2026-08-27,2026-08-27 10:40:00,15.85,15.91,15.75,15.76,43106.0
2026-08-27,2026-08-27 10:45:00,15.755,15.82,15.6881,15.82,109371.0
2026-08-27,2026-08-27 10:50:00,15.82,15.98,15.76,15.9,78811.0
2026-08-27,2026-08-27 10:55:00,15.892084,15.93,15.72,15.78,84754.0
2026-08-27,2026-08-27 11:00:00,15.76,16.065,15.75,16.02,72263.0
2026-08-27,2026-08-27 11:05:00,16.025,16.025,15.735,15.8,77339.0
2026-08-27,2026-08-27 11:10:00,15.82,15.89,15.73,15.74,44571.0
2026-08-27,2026-08-27 11:15:00,15.75,15.75,15.615,15.6495,50747.0
2026-08-27,2026-08-27 11:20:00,15.635,15.74,15.53,15.58,43978.0
2026-08-27,2026-08-27 11:25:00,15.57,15.85,15.57,15.78,316001.0
2026-08-27,2026-08-27 11:30:00,15.78,15.787,15.735,15.76,22242.0
2026-08-27,2026-08-27 11:35:00,15.75,15.81,15.69,15.78,38035.0
2026-08-27,2026-08-27 11:40:00,15.785,15.835,15.76,15.7619,26505.0
2026-08-27,2026-08-27 11:45:00,15.7601,15.775,15.69,15.76,23932.0
2026-08-27,2026-08-27 11:50:00,15.77,15.79,15.72,15.72,31287.0
2026-08-27,2026-08-27 11:55:00,15.695,15.74,15.64,15.64,44708.0
2026-08-27,2026-08-27 12:00:00,15.646,15.9,15.62,15.855,59320.0
2026-08-27,2026-08-27 12:05:00,15.85,16.005,15.765,15.977,83791.0
2026-08-27,2026-08-27 12:10:00,15.955,15.98,15.785,15.98,54605.0
2026-08-27,2026-08-27 12:15:00,15.96,15.99,15.8935,15.96,66992.0
2026-08-27,2026-08-27 12:20:00,15.96,16.02,15.95,15.97,63554.0
2026-08-27,2026-08-27 12:25:00,15.96,16.0,15.945,15.965,38426.0
2026-08-27,2026-08-27 12:30:00,15.97,16.005,15.92,15.99,37533.0
2026-08-27,2026-08-27 12:35:00,15.99,16.1,15.955,15.965,60879.0
2026-08-27,2026-08-27 12:40:00,15.96,15.98,15.9,15.91,41675.0
2026-08-27,2026-08-27 12:45:00,15.9015,16.055,15.86,15.98,127283.0
2026-08-27,2026-08-27 12:50:00,16.0,16.0,15.885,15.94,31926.0
2026-08-27,2026-08-27 12:55:00,15.935,16.03,15.905,16.0,32633.0
2026-08-27,2026-08-27 13:00:00,15.99,16.18,15.95,16.14,21801.0
2026-08-27,2026-08-27 13:05:00,16.1236,16.16,16.07,16.085,19029.0
2026-08-27,2026-08-27 13:10:00,16.085,16.12,16.05,16.075,12714.0
2026-08-27,2026-08-27 13:15:00,16.08,16.17,16.05,16.085,16861.0
2026-08-27,2026-08-27 13:20:00,16.1,16.15,16.05,16.1,25036.0
2026-08-27,2026-08-27 13:25:00,16.09,16.09,16.03,16.05,11513.0
2026-08-27,2026-08-27 13:30:00,16.045,16.07,16.01,16.045,21762.0
2026-08-27,2026-08-27 13:35:00,16.045,16.08,16.03,16.041,18148.0
2026-08-27,2026-08-27 13:40:00,16.04,16.11,16.03,16.105,23224.0
2026-08-27,2026-08-27 13:45:00,16.1,16.115,16.07,16.08,14624.0
2026-08-27,2026-08-27 13:50:00,16.08,16.1,15.915,15.9175,40432.0
2026-08-27,2026-08-27 13:55:00,15.915,15.94,15.865,15.915,22201.0
2026-08-27,2026-08-27 14:00:00,15.93,15.93,15.81,15.85,49955.0
2026-08-27,2026-08-27 14:05:00,15.85,15.8899,15.81,15.86,34503.0
2026-08-27,2026-08-27 14:10:00,15.86,15.89,15.85,15.85,17786.0
2026-08-27,2026-08-27 14:15:00,15.84,15.84,15.77,15.805,28551.0
2026-08-27,2026-08-27 14:20:00,15.82,15.85,15.7651,15.85,22736.0
2026-08-27,2026-08-27 14:25:00,15.85,15.85,15.79,15.8,23631.0
2026-08-27,2026-08-27 14:30:00,15.79,15.82,15.77,15.8,19077.0
2026-08-27,2026-08-27 14:35:00,15.8,15.9475,15.8,15.92,119190.0
2026-08-27,2026-08-27 14:40:00,15.915,15.92,15.855,15.9,30116.0
2026-08-27,2026-08-27 14:45:00,15.91,15.94,15.85,15.85,62470.0
2026-08-27,2026-08-27 14:50:00,15.85,15.99,15.845,15.92,19607.0
2026-08-27,2026-08-27 14:55:00,15.925,15.93,15.875,15.885,29559.0
2026-08-27,2026-08-27 15:00:00,15.87,16.06,15.8,16.055,103075.0
2026-08-27,2026-08-27 15:05:00,16.05,16.13,16.04,16.09,59816.0
2026-08-27,2026-08-27 15:10:00,16.08,16.09,15.97,16.03,31592.0
2026-08-27,2026-08-27 15:15:00,16.03,16.05,15.94,15.945,36472.0
2026-08-27,2026-08-27 15:20:00,15.945,16.02,15.92,15.93,40404.0
2026-08-27,2026-08-27 15:25:00,15.93,16.09,15.92,16.04,62019.0
2026-08-27,2026-08-27 15:30:00,16.035,16.11,16.03,16.055,122511.0
2026-08-27,2026-08-27 15:35:00,16.06,16.08,16.03,16.06,50339.0
2026-08-27,2026-08-27 15:40:00,16.05,16.095,16.045,16.06,32313.0
2026-08-27,2026-08-27 15:45:00,16.07,16.11,16.05,16.06,40355.0
2026-08-27,2026-08-27 15:50:00,16.06,16.27,16.06,16.25,97405.0
2026-08-27,2026-08-27 15:55:00,16.27,16.3,16.18,16.18,96665.0
2026-08-27,2026-08-27 16:00:00,16.17,16.21,16.0319,16.12,826612.0
2026-08-28,2026-08-28 09:35:00,15.88,16.09,15.85,16.04,40997.0
2026-08-28,2026-08-28 09:40:00,16.08,16.29,16.03,16.29,23854.0
2026-08-28,2026-08-28 09:45:00,16.295,16.34,15.995,16.055,39464.0
2026-08-28,2026-08-28 09:50:00,16.06,16.23,16.06,16.13,28064.0
2026-08-28,2026-08-28 09:55:00,16.08,16.19,16.06,16.19,21539.0
2026-08-28,2026-08-28 10:00:00,16.2,16.325,16.09,16.09,42755.0
2026-08-28,2026-08-28 10:05:00,16.17,16.21,16.02,16.12,7763.0
2026-08-28,2026-08-28 10:10:00,16.09,16.12,16.05,16.1,20669.0
2026-08-28,2026-08-28 10:15:00,16.09,16.095,15.75,15.99,171444.0
2026-08-28,2026-08-28 10:20:00,15.9671,16.06,15.845,15.845,93771.0
2026-08-28,2026-08-28 10:25:00,15.82,15.965,15.81,15.96,18299.0
2026-08-28,2026-08-28 10:30:00,15.955,15.97,15.885,15.93,21789.0
2026-08-28,2026-08-28 10:35:00,15.94,15.96,15.895,15.92,10499.0
2026-08-28,2026-08-28 10:40:00,15.91,15.96,15.89,15.9401,79331.0
2026-08-28,2026-08-28 10:45:00,15.94,16.01,15.93,15.965,22360.0
2026-08-28,2026-08-28 10:50:00,15.965,15.98,15.9,15.926,11232.0
2026-08-28,2026-08-28 10:55:00,15.93,15.95,15.815,15.83,43558.0
2026-08-28,2026-08-28 11:00:00,15.83,15.9,15.8,15.8,20014.0
2026-08-28,2026-08-28 11:05:00,15.81,15.845,15.78,15.795,20057.0
2026-08-28,2026-08-28 11:10:00,15.795,15.9,15.795,15.855,33207.0
2026-08-28,2026-08-28 11:15:00,15.84,15.88,15.83,15.88,19990.0
2026-08-28,2026-08-28 11:20:00,15.89,15.93,15.88,15.93,7538.0
2026-08-28,2026-08-28 11:25:00,15.915,15.95,15.83,15.87,38070.0
2026-08-28,2026-08-28 11:30:00,15.87,15.93,15.87,15.93,7465.0
2026-08-28,2026-08-28 11:35:00,15.93,15.93,15.83,15.86,6184.0
2026-08-28,2026-08-28 11:40:00,15.87,15.98,15.86,15.935,16180.0
2026-08-28,2026-08-28 11:45:00,15.91,15.935,15.88,15.9,7493.0
2026-08-28,2026-08-28 11:50:00,15.89,15.96,15.89,15.925,10788.0
2026-08-28,2026-08-28 11:55:00,15.9001,15.91,15.77,15.8016,30608.0
2026-08-28,2026-08-28 12:00:00,15.795,15.795,15.72,15.72,20752.0
2026-08-28,2026-08-28 12:05:00,15.71,15.7772,15.7,15.7772,23518.0
2026-08-28,2026-08-28 12:10:00,15.78,15.825,15.765,15.825,13647.0
2026-08-28,2026-08-28 12:15:00,15.81,15.82,15.745,15.8,22258.0
2026-08-28,2026-08-28 12:20:00,15.8,15.83,15.775,15.7928,14273.0
2026-08-28,2026-08-28 12:25:00,15.795,15.825,15.78,15.81,11143.0
2026-08-28,2026-08-28 12:30:00,15.825,15.83,15.78,15.78,22320.0
2026-08-28,2026-08-28 12:35:00,15.77,15.825,15.77,15.78,20016.0
2026-08-28,2026-08-28 12:40:00,15.79,15.81,15.79,15.81,5608.0
2026-08-28,2026-08-28 12:45:00,15.81,15.81,15.76,15.775,7495.0
2026-08-28,2026-08-28 12:50:00,15.78,15.79,15.73,15.755,15309.0
2026-08-28,2026-08-28 12:55:00,15.755,15.755,15.68,15.72,31460.0
2026-08-28,2026-08-28 13:00:00,15.7,15.725,15.69,15.72,9089.0
2026-08-28,2026-08-28 13:05:00,15.725,15.725,15.68,15.695,20077.0
2026-08-28,2026-08-28 13:10:00,15.69,15.72,15.67,15.67,26975.0
2026-08-28,2026-08-28 13:15:00,15.68,15.75,15.67,15.745,17335.0
2026-08-28,2026-08-28 13:20:00,15.74,15.75,15.69,15.705,14022.0
2026-08-28,2026-08-28 13:25:00,15.72,15.73,15.68,15.73,10859.0
2026-08-28,2026-08-28 13:30:00,15.74,15.75,15.69,15.69,9550.0
2026-08-28,2026-08-28 13:35:00,15.69,15.69,15.655,15.67,8273.0
2026-08-28,2026-08-28 13:40:00,15.665,15.675,15.605,15.63,20908.0
2026-08-28,2026-08-28 13:45:00,15.64,15.65,15.585,15.6,114456.0
2026-08-28,2026-08-28 13:50:00,15.6,15.62,15.54,15.56,24744.0
2026-08-28,2026-08-28 13:55:00,15.56,15.57,15.535,15.54,9609.0
2026-08-28,2026-08-28 14:00:00,15.54,15.546,15.52,15.53,8406.0
2026-08-28,2026-08-28 14:05:00,15.51,15.53,15.49,15.49,14876.0
2026-08-28,2026-08-28 14:10:00,15.48,15.48,15.43,15.48,21355.0
2026-08-28,2026-08-28 14:15:00,15.475,15.48,15.46,15.47,10527.0
2026-08-28,2026-08-28 14:20:00,15.47,15.515,15.465,15.48,13994.0
2026-08-28,2026-08-28 14:25:00,15.48,15.48,15.425,15.425,7997.0
2026-08-28,2026-08-28 14:30:00,15.425,15.45,15.35,15.37,16663.0
2026-08-28,2026-08-28 14:35:00,15.36,15.38,15.36,15.37,15753.0
2026-08-28,2026-08-28 14:40:00,15.38,15.38,15.28,15.29,21812.0
2026-08-28,2026-08-28 14:45:00,15.2995,15.33,15.245,15.32,43185.0
2026-08-28,2026-08-28 14:50:00,15.33,15.3458,15.295,15.295,10673.0
2026-08-28,2026-08-28 14:55:00,15.29,15.326,15.27,15.28,11493.0
2026-08-28,2026-08-28 15:00:00,15.29,15.3,15.27,15.275,15906.0
2026-08-28,2026-08-28 15:05:00,15.275,15.33,15.21,15.22,36964.0
2026-08-28,2026-08-28 15:10:00,15.21,15.21,15.13,15.13,37233.0
2026-08-28,2026-08-28 15:15:00,15.13,15.16,15.11,15.15,30606.0
2026-08-28,2026-08-28 15:20:00,15.15,15.2,15.14,15.155,73531.0
2026-08-28,2026-08-28 15:25:00,15.15,15.22,15.13,15.22,40994.0
2026-08-28,2026-08-28 15:30:00,15.2347,15.2399,15.08,15.095,26971.0
2026-08-28,2026-08-28 15:35:00,15.1,15.13,15.06,15.07,25168.0
2026-08-28,2026-08-28 15:40:00,15.07,15.11,15.07,15.09,26724.0
2026-08-28,2026-08-28 15:45:00,15.075,15.075,14.94,14.96,86790.0
2026-08-28,2026-08-28 15:50:00,14.97,15.295,14.96,15.21,248142.0
2026-08-28,2026-08-28 15:55:00,15.215,15.265,15.18,15.24,78890.0
2026-08-28,2026-08-28 16:00:00,15.24,15.45,15.225,15.41,514887.0
2026-08-31,2026-08-31 09:35:00,15.46,15.59,15.39,15.445,29508.0
2026-08-31,2026-08-31 09:40:00,15.45,15.69,15.445,15.646,11780.0
2026-08-31,2026-08-31 09:45:00,15.68,15.79,15.645,15.7,27515.0
2026-08-31,2026-08-31 09:50:00,15.631,15.7,15.49,15.53,13286.0
2026-08-31,2026-08-31 09:55:00,15.515,15.6,15.515,15.59,6825.0
2026-08-31,2026-08-31 10:00:00,15.6,15.62,15.41,15.43,18742.0
2026-08-31,2026-08-31 10:05:00,15.44,15.62,15.4375,15.59,14906.0
2026-08-31,2026-08-31 10:10:00,15.59,15.59,15.435,15.495,11120.0
2026-08-31,2026-08-31 10:15:00,15.49,15.52,15.38,15.52,12070.0
2026-08-31,2026-08-31 10:20:00,15.52,15.59,15.47,15.55,24100.0
2026-08-31,2026-08-31 10:25:00,15.52,15.52,15.39,15.39,13451.0
2026-08-31,2026-08-31 10:30:00,15.3701,15.45,15.3701,15.41,14554.0
2026-08-31,2026-08-31 10:35:00,15.42,15.42,15.3601,15.38,14523.0
2026-08-31,2026-08-31 10:40:00,15.38,15.43,15.365,15.39,9686.0
2026-08-31,2026-08-31 10:45:00,15.39,15.42,15.36,15.36,9310.0
2026-08-31,2026-08-31 10:50:00,15.37,15.42,15.35,15.365,9596.0
2026-08-31,2026-08-31 10:55:00,15.36,15.37,15.26,15.275,20033.0
2026-08-31,2026-08-31 11:00:00,15.275,15.275,15.21,15.25,12907.0
2026-08-31,2026-08-31 11:05:00,15.235,15.27,15.2,15.22,8085.0
2026-08-31,2026-08-31 11:10:00,15.23,15.24,15.2,15.2,8324.0
2026-08-31,2026-08-31 11:15:00,15.21,15.2125,15.175,15.205,14022.0
2026-08-31,2026-08-31 11:20:00,15.2,15.28,15.19,15.28,9178.0
2026-08-31,2026-08-31 11:25:00,15.275,15.28,15.235,15.26,7521.0
2026-08-31,2026-08-31 11:30:00,15.26,15.3,15.26,15.298,4432.0
2026-08-31,2026-08-31 11:35:00,15.29,15.35,15.29,15.32,14307.0
2026-08-31,2026-08-31 11:40:00,15.31,15.35,15.31,15.33,5383.0
2026-08-31,2026-08-31 11:45:00,15.33,15.34,15.31,15.32,3348.0
2026-08-31,2026-08-31 11:50:00,15.31,15.34,15.30876,15.32,6409.0
2026-08-31,2026-08-31 11:55:00,15.33,15.34,15.32,15.33,3053.0
2026-08-31,2026-08-31 12:00:00,15.33,15.34,15.32,15.33,3915.0
2026-08-31,2026-08-31 12:05:00,15.33,15.35,15.32,15.35,10058.0
2026-08-31,2026-08-31 12:10:00,15.36,15.36,15.281,15.3,15677.0
2026-08-31,2026-08-31 12:15:00,15.295,15.36,15.29,15.36,6001.0
2026-08-31,2026-08-31 12:20:00,15.355,15.36,15.32,15.33,5505.0
2026-08-31,2026-08-31 12:25:00,15.32,15.32,15.305,15.32,6703.0
2026-08-31,2026-08-31 12:30:00,15.33,15.3375,15.32,15.32,4388.0
2026-08-31,2026-08-31 12:35:00,15.31,15.31,15.285,15.3,20475.0
2026-08-31,2026-08-31 12:40:00,15.3,15.3,15.27,15.27,2830.0
2026-08-31,2026-08-31 12:45:00,15.265,15.31,15.265,15.29,9382.0
2026-08-31,2026-08-31 12:50:00,15.28,15.3,15.28,15.28,3332.0
2026-08-31,2026-08-31 12:55:00,15.28,15.3,15.275,15.285,6651.0
2026-08-31,2026-08-31 13:00:00,15.285,15.34,15.285,15.33,8111.0
2026-08-31,2026-08-31 13:05:00,15.31,15.32,15.3,15.305,8471.0
2026-08-31,2026-08-31 13:10:00,15.305,15.335,15.305,15.33,9544.0
2026-08-31,2026-08-31 13:15:00,15.33,15.36,15.32,15.34,7544.0
2026-08-31,2026-08-31 13:20:00,15.345,15.35,15.305,15.305,9859.0
2026-08-31,2026-08-31 13:25:00,15.3,15.3,15.275,15.2788,4873.0
2026-08-31,2026-08-31 13:30:00,15.27,15.29,15.26,15.27,8396.0
2026-08-31,2026-08-31 13:35:00,15.26,15.27,15.235,15.27,5704.0
2026-08-31,2026-08-31 13:40:00,15.27,15.29,15.2501,15.265,10682.0
2026-08-31,2026-08-31 13:45:00,15.255,15.265,15.245,15.255,7203.0
2026-08-31,2026-08-31 13:50:00,15.255,15.26,15.25,15.25,7579.0
2026-08-31,2026-08-31 13:55:00,15.26,15.31,15.25,15.3,11621.0
2026-08-31,2026-08-31 14:00:00,15.295,15.3,15.25,15.28,11410.0
2026-08-31,2026-08-31 14:05:00,15.27,15.31,15.27,15.29,8933.0
2026-08-31,2026-08-31 14:10:00,15.3,15.305,15.29,15.3,5398.0
2026-08-31,2026-08-31 14:15:00,15.33,15.34,15.31,15.34,6410.0
2026-08-31,2026-08-31 14:20:00,15.33,15.49,15.33,15.49,63513.0
2026-08-31,2026-08-31 14:25:00,15.49,15.5,15.43,15.48,62243.0
2026-08-31,2026-08-31 14:30:00,15.46,15.47,15.41,15.41,19661.0
2026-08-31,2026-08-31 14:35:00,15.41,15.43,15.41,15.42,8499.0
2026-08-31,2026-08-31 14:40:00,15.415,15.47,15.395,15.455,16753.0
2026-08-31,2026-08-31 14:45:00,15.46,15.49,15.45,15.49,7329.0
2026-08-31,2026-08-31 14:50:00,15.48,15.5,15.48,15.49,4472.0
2026-08-31,2026-08-31 14:55:00,15.495,15.585,15.445,15.56,286923.0
2026-08-31,2026-08-31 15:00:00,15.56,15.62,15.48,15.61,286128.0
2026-08-31,2026-08-31 15:05:00,15.62,15.69,15.62,15.66,35459.0
2026-08-31,2026-08-31 15:10:00,15.66,15.67,15.63,15.65,14430.0
2026-08-31,2026-08-31 15:15:00,15.64,15.64,15.59,15.61,19174.0
2026-08-31,2026-08-31 15:20:00,15.615,15.615,15.55,15.55,17051.0
2026-08-31,2026-08-31 15:25:00,15.55,15.61,15.54,15.555,58851.0
2026-08-31,2026-08-31 15:30:00,15.555,15.6,15.55,15.57,134451.0
2026-08-31,2026-08-31 15:35:00,15.57,15.57,15.461,15.5,113947.0
2026-08-31,2026-08-31 15:40:00,15.51,15.56,15.48,15.49,28859.0
2026-08-31,2026-08-31 15:45:00,15.5,15.62,15.45,15.45,156411.0
2026-08-31,2026-08-31 15:50:00,15.45,15.45,15.39,15.42,59765.0
2026-08-31,2026-08-31 15:55:00,15.43,15.555,15.43,15.54,64183.0
2026-08-31,2026-08-31 16:00:00,15.53,15.535,15.22,15.27,791131.0
2026-09-01,2026-09-01 09:35:00,15.39,15.495,15.27,15.295,24177.0
2026-09-01,2026-09-01 09:40:00,15.28,15.4,15.045,15.18,11527.0
2026-09-01,2026-09-01 09:45:00,15.12,15.16,14.9407,14.99,11034.0
2026-09-01,2026-09-01 09:50:00,14.97,15.06,14.945,15.06,9281.0
2026-09-01,2026-09-01 09:55:00,15.06,15.23,14.88,15.22,61360.0
2026-09-01,2026-09-01 10:00:00,15.24,15.37,15.195,15.195,16358.0
2026-09-01,2026-09-01 10:05:00,15.19,15.36,15.12,15.3,20332.0
2026-09-01,2026-09-01 10:10:00,15.34,15.36,15.31,15.335,4488.0
2026-09-01,2026-09-01 10:15:00,15.35,15.38,15.265,15.31,6652.0
2026-09-01,2026-09-01 10:20:00,15.315,15.42,15.12,15.14,36832.0
2026-09-01,2026-09-01 10:25:00,15.14,15.21,15.14,15.2,7006.0
2026-09-01,2026-09-01 10:30:00,15.2,15.21,15.18,15.195,10083.0
2026-09-01,2026-09-01 10:35:00,15.195,15.395,15.195,15.35,19332.0
2026-09-01,2026-09-01 10:40:00,15.36,15.41,15.36,15.41,5156.0
2026-09-01,2026-09-01 10:45:00,15.41,15.6,15.41,15.6,16923.0
2026-09-01,2026-09-01 10:50:00,15.585,15.79,15.53,15.75,38302.0
2026-09-01,2026-09-01 10:55:00,15.74,15.89,15.7,15.88,19006.0
2026-09-01,2026-09-01 11:00:00,15.88,15.885,15.53,15.555,159219.0
2026-09-01,2026-09-01 11:05:00,15.56,15.56,15.485,15.52,14024.0
2026-09-01,2026-09-01 11:10:00,15.52,15.52,15.4,15.4,15859.0
2026-09-01,2026-09-01 11:15:00,15.4,15.53,15.4,15.49,15372.0
2026-09-01,2026-09-01 11:20:00,15.47,15.48,15.32,15.335,22145.0
2026-09-01,2026-09-01 11:25:00,15.335,15.415,15.335,15.4,10815.0
2026-09-01,2026-09-01 11:30:00,15.39,15.51,15.37,15.51,22025.0
2026-09-01,2026-09-01 11:35:00,15.52,15.575,15.5,15.515,38141.0
2026-09-01,2026-09-01 11:40:00,15.53,15.62,15.53,15.62,25768.0
2026-09-01,2026-09-01 11:45:00,15.63,15.67,15.62,15.63,13219.0
2026-09-01,2026-09-01 11:50:00,15.63,15.68,15.62,15.645,9819.0
2026-09-01,2026-09-01 11:55:00,15.65,15.8,15.62,15.76,35198.0
2026-09-01,2026-09-01 12:00:00,15.77,15.815,15.77,15.8,15876.0
2026-09-01,2026-09-01 12:05:00,15.82,15.82,15.64,15.64,16278.0
2026-09-01,2026-09-01 12:10:00,15.65,15.69,15.64,15.655,7442.0
2026-09-01,2026-09-01 12:15:00,15.66,15.66,15.63,15.65,10832.0
2026-09-01,2026-09-01 12:20:00,15.65,15.65,15.59,15.62,13489.0
2026-09-01,2026-09-01 12:25:00,15.62,15.63,15.57,15.59,14007.0
2026-09-01,2026-09-01 12:30:00,15.58,15.58,15.56,15.58,7396.0
2026-09-01,2026-09-01 12:35:00,15.57,15.585,15.545,15.57,10845.0
2026-09-01,2026-09-01 12:40:00,15.58,15.59,15.56,15.59,5432.0
2026-09-01,2026-09-01 12:45:00,15.59,15.61,15.57,15.595,9156.0
2026-09-01,2026-09-01 12:50:00,15.61,15.63,15.61,15.62,3209.0
2026-09-01,2026-09-01 12:55:00,15.62,15.65,15.555,15.63,31006.0
2026-09-01,2026-09-01 13:00:00,15.65,15.71,15.65,15.68,160038.0
2026-09-01,2026-09-01 13:05:00,15.68,15.68,15.605,15.61,19611.0
2026-09-01,2026-09-01 13:10:00,15.61,15.64,15.6,15.6,6934.0
2026-09-01,2026-09-01 13:15:00,15.62,15.72,15.62,15.705,11327.0
2026-09-01,2026-09-01 13:20:00,15.71,15.83,15.71,15.795,28933.0
2026-09-01,2026-09-01 13:25:00,15.8,15.81,15.73,15.76,8132.0
2026-09-01,2026-09-01 13:30:00,15.755,15.785,15.73,15.77,11164.0
2026-09-01,2026-09-01 13:35:00,15.77,15.815,15.77,15.785,17096.0
2026-09-01,2026-09-01 13:40:00,15.785,16.0,15.785,15.86,96476.0
2026-09-01,2026-09-01 13:45:00,15.86,15.93,15.815,15.825,44590.0
2026-09-01,2026-09-01 13:50:00,15.82,15.85,15.795,15.84,19054.0
2026-09-01,2026-09-01 13:55:00,15.84,15.84,15.76,15.76,8697.0
2026-09-01,2026-09-01 14:00:00,15.7799,15.79,15.75,15.79,29278.0
2026-09-01,2026-09-01 14:05:00,15.7999,15.7999,15.75,15.75,8199.0
2026-09-01,2026-09-01 14:10:00,15.76,15.95,15.76,15.92,21433.0
2026-09-01,2026-09-01 14:15:00,15.93,15.99,15.91,15.93,41143.0
2026-09-01,2026-09-01 14:20:00,15.93,16.0395,15.92,15.995,18260.0
2026-09-01,2026-09-01 14:25:00,15.98,15.98,15.91,15.915,17354.0
2026-09-01,2026-09-01 14:30:00,15.9,15.94,15.9,15.93,10586.0
2026-09-01,2026-09-01 14:35:00,15.93,15.95,15.93,15.94,19823.0
2026-09-01,2026-09-01 14:40:00,15.94,15.99,15.94,15.96,32994.0
2026-09-01,2026-09-01 14:45:00,15.97,15.97,15.91,15.94,12972.0
2026-09-01,2026-09-01 14:50:00,15.92,15.92,15.83,15.885,24085.0
2026-09-01,2026-09-01 14:55:00,15.885,16.0,15.87,15.957,36607.0
2026-09-01,2026-09-01 15:00:00,15.97,15.99,15.95,15.96,30290.0
2026-09-01,2026-09-01 15:05:00,15.96,15.98,15.905,15.91,25671.0
2026-09-01,2026-09-01 15:10:00,15.9,15.93,15.88,15.88,12927.0
2026-09-01,2026-09-01 15:15:00,15.885,15.94,15.885,15.94,16716.0
2026-09-01,2026-09-01 15:20:00,15.93,15.93,15.78,15.82,37421.0
2026-09-01,2026-09-01 15:25:00,15.82,15.83,15.8,15.8,24085.0
2026-09-01,2026-09-01 15:30:00,15.8,15.81,15.77,15.775,28589.0
2026-09-01,2026-09-01 15:35:00,15.775,15.775,15.74,15.75,18957.0
2026-09-01,2026-09-01 15:40:00,15.758,15.765,15.73,15.74,29831.0
2026-09-01,2026-09-01 15:45:00,15.73,15.79,15.73,15.74,33007.0
2026-09-01,2026-09-01 15:50:00,15.74,15.75,15.63,15.69,88910.0
2026-09-01,2026-09-01 15:55:00,15.66,15.7,15.65,15.67,64120.0
2026-09-01,2026-09-01 16:00:00,15.66,15.78,15.61,15.74,486382.0
2026-09-02,2026-09-02 09:35:00,15.97,16.46,15.97,16.46,33172.0
2026-09-02,2026-09-02 09:40:00,16.38,16.66,16.3333,16.605,20250.0
2026-09-02,2026-09-02 09:45:00,16.605,16.64,15.98,16.035,52746.0
2026-09-02,2026-09-02 09:50:00,16.03,16.07,15.93,15.93,14265.0
2026-09-02,2026-09-02 09:55:00,15.935,15.935,15.8,15.81,8465.0
2026-09-02,2026-09-02 10:00:00,15.8,15.8,15.64,15.65,34742.0
2026-09-02,2026-09-02 10:05:00,15.62,15.71,15.56,15.69,18398.0
2026-09-02,2026-09-02 10:10:00,15.74,15.74,15.57,15.62,11776.0
2026-09-02,2026-09-02 10:15:00,15.6,15.73,15.6,15.7,25953.0
2026-09-02,2026-09-02 10:20:00,15.68,15.71,15.6,15.68,12856.0
2026-09-02,2026-09-02 10:25:00,15.67,15.68,15.49,15.68,141145.0
2026-09-02,2026-09-02 10:30:00,15.68,15.69,15.61,15.62,70794.0
2026-09-02,2026-09-02 10:35:00,15.625,15.625,15.4801,15.49,9073.0
2026-09-02,2026-09-02 10:40:00,15.505,15.53,15.36,15.36,13752.0
2026-09-02,2026-09-02 10:45:00,15.375,15.45,15.35,15.43,18940.0
2026-09-02,2026-09-02 10:50:00,15.41,15.41,15.285,15.3,17122.0
2026-09-02,2026-09-02 10:55:00,15.27,15.27,15.22,15.22,13623.0
2026-09-02,2026-09-02 11:00:00,15.25,15.31,15.2,15.29,21693.0
2026-09-02,2026-09-02 11:05:00,15.29,15.36,15.2328,15.36,13676.0
2026-09-02,2026-09-02 11:10:00,15.355,15.4302,15.32,15.4,12376.0
2026-09-02,2026-09-02 11:15:00,15.4,15.4,14.98,15.07,93928.0
2026-09-02,2026-09-02 11:20:00,15.07,15.24,15.03,15.22,79259.0
2026-09-02,2026-09-02 11:25:00,15.215,15.34,15.15,15.31,66451.0
2026-09-02,2026-09-02 11:30:00,15.315,15.37,15.28,15.34,64316.0
2026-09-02,2026-09-02 11:35:00,15.35,15.41,15.32,15.34,81824.0
2026-09-02,2026-09-02 11:40:00,15.345,15.345,15.29,15.29,4443.0
2026-09-02,2026-09-02 11:45:00,15.3,15.5,15.3,15.46,34868.0
2026-09-02,2026-09-02 11:50:00,15.46,15.46,15.37,15.37,38488.0
2026-09-02,2026-09-02 11:55:00,15.385,15.385,15.335,15.365,17721.0
2026-09-02,2026-09-02 12:00:00,15.38,15.44,15.38,15.44,33812.0
2026-09-02,2026-09-02 12:05:00,15.45,15.58,15.42,15.58,168953.0
2026-09-02,2026-09-02 12:10:00,15.56,15.62,15.49,15.62,147022.0
2026-09-02,2026-09-02 12:15:00,15.6,15.655,15.6,15.63,5565.0
2026-09-02,2026-09-02 12:20:00,15.61,15.63,15.59,15.62,6065.0
2026-09-02,2026-09-02 12:25:00,15.62,15.62,15.59,15.6,6007.0
2026-09-02,2026-09-02 12:30:00,15.6,15.64,15.6,15.61,9401.0
2026-09-02,2026-09-02 12:35:00,15.61,15.68,15.6,15.68,10949.0
2026-09-02,2026-09-02 12:40:00,15.68,15.68,15.63,15.63,8799.0
2026-09-02,2026-09-02 12:45:00,15.63,15.7,15.63,15.685,10541.0
2026-09-02,2026-09-02 12:50:00,15.685,15.72,15.67,15.7,34297.0
2026-09-02,2026-09-02 12:55:00,15.71,15.74,15.71,15.735,10451.0
2026-09-02,2026-09-02 13:00:00,15.735,15.8,15.735,15.8,6580.0
2026-09-02,2026-09-02 13:05:00,15.8,15.8,15.77,15.775,12513.0
2026-09-02,2026-09-02 13:10:00,15.77,15.825,15.76,15.795,19273.0
2026-09-02,2026-09-02 13:15:00,15.79,15.8,15.76,15.79,12766.0
2026-09-02,2026-09-02 13:20:00,15.78,15.79,15.77,15.79,8678.0
2026-09-02,2026-09-02 13:25:00,15.798,15.8,15.745,15.745,21709.0
2026-09-02,2026-09-02 13:30:00,15.745,15.7584,15.7319,15.74,12664.0
2026-09-02,2026-09-02 13:35:00,15.75,15.78,15.722,15.722,13026.0
2026-09-02,2026-09-02 13:40:00,15.73,15.77,15.73,15.76,8200.0
2026-09-02,2026-09-02 13:45:00,15.75,15.79,15.74,15.79,9734.0
2026-09-02,2026-09-02 13:50:00,15.8,15.8,15.77,15.78,22058.0
2026-09-02,2026-09-02 13:55:00,15.78,15.79,15.78,15.79,6680.0
2026-09-02,2026-09-02 14:00:00,15.79,15.795,15.7825,15.785,6997.0
2026-09-02,2026-09-02 14:05:00,15.785,15.855,15.785,15.84,13904.0
2026-09-02,2026-09-02 14:10:00,15.83,15.84,15.775,15.8,13007.0
2026-09-02,2026-09-02 14:15:00,15.81,15.82,15.79,15.8,7298.0
2026-09-02,2026-09-02 14:20:00,15.795,15.81,15.79,15.79,13867.0
2026-09-02,2026-09-02 14:25:00,15.8,15.8,15.78,15.8,7929.0
2026-09-02,2026-09-02 14:30:00,15.8,15.81,15.8,15.805,6523.0
2026-09-02,2026-09-02 14:35:00,15.81,15.84,15.81,15.84,9131.0
2026-09-02,2026-09-02 14:40:00,15.84,15.85,15.82,15.84,11442.0
2026-09-02,2026-09-02 14:45:00,15.84,15.87,15.84,15.87,11815.0
2026-09-02,2026-09-02 14:50:00,15.8699,15.91,15.8699,15.91,13822.0
2026-09-02,2026-09-02 14:55:00,15.91,15.92,15.91,15.91,8905.0
2026-09-02,2026-09-02 15:00:00,15.91,15.935,15.91,15.915,22959.0
2026-09-02,2026-09-02 15:05:00,15.915,15.915,15.88,15.88,13323.0
2026-09-02,2026-09-02 15:10:00,15.9,15.93,15.89,15.92,9730.0
2026-09-02,2026-09-02 15:15:00,15.92,15.92,15.85,15.87,53124.0
2026-09-02,2026-09-02 15:20:00,15.87,15.87,15.85,15.86,13086.0
2026-09-02,2026-09-02 15:25:00,15.86,15.91,15.86,15.9,14748.0
2026-09-02,2026-09-02 15:30:00,15.9,15.91,15.89,15.89,10262.0
2026-09-02,2026-09-02 15:35:00,15.891,15.92,15.84,15.85,25282.0
2026-09-02,2026-09-02 15:40:00,15.85,15.89,15.85,15.85,27597.0
2026-09-02,2026-09-02 15:45:00,15.85,15.87,15.841,15.87,23745.0
2026-09-02,2026-09-02 15:50:00,15.87,15.88,15.85,15.87,20767.0
2026-09-02,2026-09-02 15:55:00,15.86,15.88,15.79,15.83,52819.0
2026-09-02,2026-09-02 16:00:00,15.83,15.83,15.68,15.69,565682.0
2026-09-03,2026-09-03 09:35:00,15.89,15.97,15.63,15.786,44443.0
2026-09-03,2026-09-03 09:40:00,15.785,15.89,15.49,15.545,24192.0
2026-09-03,2026-09-03 09:45:00,15.545,15.58,15.48,15.55,8189.0
2026-09-03,2026-09-03 09:50:00,15.55,15.78,15.46,15.74,23528.0
2026-09-03,2026-09-03 09:55:00,15.745,15.83,15.67,15.76,9966.0
2026-09-03,2026-09-03 10:00:00,15.87,15.885,15.75,15.84,19961.0
2026-09-03,2026-09-03 10:05:00,15.78,15.885,15.75,15.88,6396.0
2026-09-03,2026-09-03 10:10:00,15.86,15.91,15.81,15.82,7490.0
2026-09-03,2026-09-03 10:15:00,15.79,15.84,15.75,15.79,13031.0
2026-09-03,2026-09-03 10:20:00,15.795,15.84,15.7,15.74,21863.0
2026-09-03,2026-09-03 10:25:00,15.735,15.75,15.695,15.71,5751.0
2026-09-03,2026-09-03 10:30:00,15.72,15.72,15.69,15.7,6670.0
2026-09-03,2026-09-03 10:35:00,15.69,15.69,15.65,15.6777,4227.0
2026-09-03,2026-09-03 10:40:00,15.68,15.72,15.65,15.67,15754.0
2026-09-03,2026-09-03 10:45:00,15.65,15.7,15.65,15.69,5130.0
2026-09-03,2026-09-03 10:50:00,15.69,15.73,15.6401,15.73,27593.0
2026-09-03,2026-09-03 10:55:00,15.72,15.84,15.72,15.84,12723.0
2026-09-03,2026-09-03 11:00:00,15.83,15.86,15.78,15.81,13736.0
2026-09-03,2026-09-03 11:05:00,15.83,15.92,15.82,15.92,21489.0
2026-09-03,2026-09-03 11:10:00,15.91,15.91,15.845,15.85,12716.0
2026-09-03,2026-09-03 11:15:00,15.845,15.97,15.83,15.96,25371.0
2026-09-03,2026-09-03 11:20:00,15.95,16.015,15.95,16.0,7953.0
2026-09-03,2026-09-03 11:25:00,16.0,16.14,16.0,16.11,23807.0
2026-09-03,2026-09-03 11:30:00,16.11,16.25,16.11,16.25,29167.0
2026-09-03,2026-09-03 11:35:00,16.25,16.29,16.11,16.15,35946.0
2026-09-03,2026-09-03 11:40:00,16.13,16.16,16.11,16.14,7189.0
2026-09-03,2026-09-03 11:45:00,16.145,16.16,16.08,16.08,8196.0
2026-09-03,2026-09-03 11:50:00,16.075,16.075,16.03,16.06,9095.0
2026-09-03,2026-09-03 11:55:00,16.055,16.09,16.05,16.05,8905.0
2026-09-03,2026-09-03 12:00:00,16.055,16.1,16.04,16.09,8159.0
2026-09-03,2026-09-03 12:05:00,16.085,16.125,16.08,16.08,9582.0
2026-09-03,2026-09-03 12:10:00,16.085,16.12,16.085,16.12,3529.0
2026-09-03,2026-09-03 12:15:00,16.1,16.12,16.07,16.075,7741.0
2026-09-03,2026-09-03 12:20:00,16.08,16.09,16.07,16.07,4699.0
2026-09-03,2026-09-03 12:25:00,16.075,16.105,16.07,16.08,6123.0
2026-09-03,2026-09-03 12:30:00,16.1,16.18,16.075,16.18,12024.0
2026-09-03,2026-09-03 12:35:00,16.19,16.24,16.15,16.19,26030.0
2026-09-03,2026-09-03 12:40:00,16.165,16.165,16.13,16.145,4610.0
2026-09-03,2026-09-03 12:45:00,16.145,16.16,16.14,16.14,4422.0
2026-09-03,2026-09-03 12:50:00,16.145,16.17,16.14,16.17,4182.0
2026-09-03,2026-09-03 12:55:00,16.17,16.17,16.13,16.13,6532.0
2026-09-03,2026-09-03 13:00:00,16.13,16.155,16.13,16.14,10106.0
2026-09-03,2026-09-03 13:05:00,16.14,16.14,16.1268,16.135,4258.0
2026-09-03,2026-09-03 13:10:00,16.14,16.14,16.02,16.04,10564.0
2026-09-03,2026-09-03 13:15:00,16.04,16.05,16.015,16.03,10025.0
2026-09-03,2026-09-03 13:20:00,16.035,16.035,15.9,15.97,28568.0
2026-09-03,2026-09-03 13:25:00,15.97,16.05,15.97,16.05,43103.0
2026-09-03,2026-09-03 13:30:00,16.02,16.15,16.02,16.14,76920.0
2026-09-03,2026-09-03 13:35:00,16.14,16.14,16.07,16.09,14661.0
2026-09-03,2026-09-03 13:40:00,16.085,16.12,16.085,16.09,7891.0
2026-09-03,2026-09-03 13:45:00,16.1,16.1,16.06,16.06,5453.0
2026-09-03,2026-09-03 13:50:00,16.06,16.07,16.03,16.05,13394.0
2026-09-03,2026-09-03 13:55:00,16.07,16.1,16.04,16.045,12625.0
2026-09-03,2026-09-03 14:00:00,16.07,16.07,16.01,16.02,25581.0
2026-09-03,2026-09-03 14:05:00,16.03,16.05,16.03,16.035,4003.0
2026-09-03,2026-09-03 14:10:00,16.02,16.04,16.02,16.04,6429.0
2026-09-03,2026-09-03 14:15:00,16.04,16.04,16.02,16.02,12404.0
2026-09-03,2026-09-03 14:20:00,16.02,16.04,15.96,15.965,10930.0
2026-09-03,2026-09-03 14:25:00,15.96,15.96,15.94,15.94,6175.0
2026-09-03,2026-09-03 14:30:00,15.94,15.96,15.94,15.94,4301.0
2026-09-03,2026-09-03 14:35:00,15.93,15.94,15.91,15.93,9335.0
2026-09-03,2026-09-03 14:40:00,15.92,15.93,15.91,15.93,9712.0
2026-09-03,2026-09-03 14:45:00,15.925,15.925,15.895,15.92,11209.0
2026-09-03,2026-09-03 14:50:00,15.912,15.93,15.9,15.9,8243.0
2026-09-03,2026-09-03 14:55:00,15.9,15.91,15.89,15.91,9890.0
2026-09-03,2026-09-03 15:00:00,15.92,15.93,15.9,15.925,8688.0
2026-09-03,2026-09-03 15:05:00,15.92,15.94,15.92,15.92,12826.0
2026-09-03,2026-09-03 15:10:00,15.92,15.93,15.91,15.93,11968.0
2026-09-03,2026-09-03 15:15:00,15.92,15.93,15.87,15.88,26176.0
2026-09-03,2026-09-03 15:20:00,15.875,15.89,15.865,15.865,19284.0
2026-09-03,2026-09-03 15:25:00,15.865,15.89,15.84,15.89,15560.0
2026-09-03,2026-09-03 15:30:00,15.875,16.0,15.875,15.94,35901.0
2026-09-03,2026-09-03 15:35:00,15.935,15.95,15.92,15.93,18157.0
2026-09-03,2026-09-03 15:40:00,15.92,15.93,15.895,15.895,23921.0
2026-09-03,2026-09-03 15:45:00,15.89,15.91,15.88,15.89,28301.0
2026-09-03,2026-09-03 15:50:00,15.89,15.93,15.83,15.895,107508.0
2026-09-03,2026-09-03 15:55:00,15.89,15.91,15.87,15.905,70148.0
2026-09-03,2026-09-03 16:00:00,15.91,15.96,15.85,15.86,920546.0
2026-09-04,2026-09-04 09:35:00,15.52,15.7099,15.44,15.5,31561.0
2026-09-04,2026-09-04 09:40:00,15.605,15.68,15.46,15.56,20520.0
2026-09-04,2026-09-04 09:45:00,15.565,15.565,15.3,15.3,27015.0
2026-09-04,2026-09-04 09:50:00,15.27,15.58,15.21,15.56,20814.0
2026-09-04,2026-09-04 09:55:00,15.54,15.58,15.38,15.415,14495.0
2026-09-04,2026-09-04 10:00:00,15.39,15.4,15.32,15.37,19245.0
2026-09-04,2026-09-04 10:05:00,15.35,15.52,15.34,15.52,23454.0
2026-09-04,2026-09-04 10:10:00,15.57,15.66,15.51,15.6,46645.0
2026-09-04,2026-09-04 10:15:00,15.61,15.7,15.605,15.68,18087.0
2026-09-04,2026-09-04 10:20:00,15.68,15.71,15.5,15.54,34115.0
2026-09-04,2026-09-04 10:25:00,15.56,15.5941,15.54,15.565,18202.0
2026-09-04,2026-09-04 10:30:00,15.565,15.565,15.51,15.53,5395.0
2026-09-04,2026-09-04 10:35:00,15.55,15.58,15.4763,15.5,10351.0
2026-09-04,2026-09-04 10:40:00,15.5269,15.545,15.47,15.49,9022.0
2026-09-04,2026-09-04 10:45:00,15.49,15.49,15.43,15.48,7078.0
2026-09-04,2026-09-04 10:50:00,15.43,15.465,15.41,15.43,7099.0
2026-09-04,2026-09-04 10:55:00,15.44,15.445,15.42,15.425,4509.0
2026-09-04,2026-09-04 11:00:00,15.44,15.5,15.43,15.49,6225.0
2026-09-04,2026-09-04 11:05:00,15.51,15.51,15.45,15.5,8311.0
2026-09-04,2026-09-04 11:10:00,15.52,15.555,15.46,15.515,26030.0
2026-09-04,2026-09-04 11:15:00,15.52,15.53,15.49,15.53,8236.0
2026-09-04,2026-09-04 11:20:00,15.5,15.5,15.46,15.485,3789.0
2026-09-04,2026-09-04 11:25:00,15.4999,15.4999,15.445,15.475,7361.0
2026-09-04,2026-09-04 11:30:00,15.47,15.48,15.41,15.425,14002.0
2026-09-04,2026-09-04 11:35:00,15.42,15.445,15.41,15.435,7652.0
2026-09-04,2026-09-04 11:40:00,15.45,15.47,15.45,15.46,9869.0
2026-09-04,2026-09-04 11:45:00,15.46,15.5,15.45,15.5,7926.0
2026-09-04,2026-09-04 11:50:00,15.48,15.57,15.435,15.48,56548.0
2026-09-04,2026-09-04 11:55:00,15.485,15.64,15.485,15.6,57542.0
2026-09-04,2026-09-04 12:00:00,15.595,15.65,15.595,15.645,29358.0
2026-09-04,2026-09-04 12:05:00,15.645,15.645,15.57,15.58,19897.0
2026-09-04,2026-09-04 12:10:00,15.58,15.58,15.53,15.54,10010.0
2026-09-04,2026-09-04 12:15:00,15.53,15.58,15.53,15.56,11934.0
2026-09-04,2026-09-04 12:20:00,15.58,15.66,15.555,15.59,22586.0
2026-09-04,2026-09-04 12:25:00,15.58,15.62,15.5727,15.62,6457.0
2026-09-04,2026-09-04 12:30:00,15.62,15.63,15.605,15.61,16103.0
2026-09-04,2026-09-04 12:35:00,15.625,15.625,15.59,15.59,7250.0
2026-09-04,2026-09-04 12:40:00,15.605,15.61,15.57,15.61,16674.0
2026-09-04,2026-09-04 12:45:00,15.59,15.63,15.58,15.63,12166.0
2026-09-04,2026-09-04 12:50:00,15.605,15.605,15.5801,15.59,4381.0
2026-09-04,2026-09-04 12:55:00,15.595,15.61,15.59,15.595,6514.0
2026-09-04,2026-09-04 13:00:00,15.61,15.61,15.58,15.58,12866.0
2026-09-04,2026-09-04 13:05:00,15.58,15.59,15.56,15.57,8807.0
2026-09-04,2026-09-04 13:10:00,15.565,15.57,15.56,15.57,4438.0
2026-09-04,2026-09-04 13:15:00,15.57,15.61,15.57,15.595,17455.0
2026-09-04,2026-09-04 13:20:00,15.575,15.62,15.575,15.61,8051.0
2026-09-04,2026-09-04 13:25:00,15.605,15.62,15.59,15.6,7884.0
2026-09-04,2026-09-04 13:30:00,15.61,15.61,15.61,15.61,8366.0
2026-09-04,2026-09-04 13:35:00,15.61,15.62,15.6,15.62,6482.0
2026-09-04,2026-09-04 13:40:00,15.62,15.675,15.62,15.66,10940.0
2026-09-04,2026-09-04 13:45:00,15.66,15.66,15.65,15.65,7951.0
2026-09-04,2026-09-04 13:50:00,15.64,15.65,15.61,15.61,11791.0
2026-09-04,2026-09-04 13:55:00,15.61,15.63,15.61,15.62,9067.0
2026-09-04,2026-09-04 14:00:00,15.62,15.63,15.595,15.62,13190.0
2026-09-04,2026-09-04 14:05:00,15.63,15.77,15.63,15.77,13957.0
2026-09-04,2026-09-04 14:10:00,15.755,15.77,15.71,15.71,11244.0
2026-09-04,2026-09-04 14:15:00,15.71,15.73,15.66,15.66,8543.0
2026-09-04,2026-09-04 14:20:00,15.66,15.8,15.64,15.715,28607.0
2026-09-04,2026-09-04 14:25:00,15.7,15.78,15.7,15.73,53438.0
2026-09-04,2026-09-04 14:30:00,15.73,15.73,15.6938,15.71,8551.0
2026-09-04,2026-09-04 14:35:00,15.71,15.74,15.7,15.72,18698.0
2026-09-04,2026-09-04 14:40:00,15.72,15.72,15.69,15.7,11920.0
2026-09-04,2026-09-04 14:45:00,15.695,15.71,15.665,15.665,8380.0
2026-09-04,2026-09-04 14:50:00,15.665,15.7,15.665,15.695,13918.0
2026-09-04,2026-09-04 14:55:00,15.68,15.695,15.675,15.69,8780.0
2026-09-04,2026-09-04 15:00:00,15.69,15.69,15.68,15.69,3419.0
2026-09-04,2026-09-04 15:05:00,15.69,15.7,15.68,15.69,10033.0
2026-09-04,2026-09-04 15:10:00,15.69,15.7,15.68,15.695,16309.0
2026-09-04,2026-09-04 15:15:00,15.7,15.715,15.665,15.7,28282.0
2026-09-04,2026-09-04 15:20:00,15.7,15.71,15.69,15.71,14014.0
2026-09-04,2026-09-04 15:25:00,15.71,15.73,15.71,15.72,7484.0
2026-09-04,2026-09-04 15:30:00,15.72,15.74,15.72,15.74,9565.0
2026-09-04,2026-09-04 15:35:00,15.73,15.77,15.71,15.74,45841.0
2026-09-04,2026-09-04 15:40:00,15.74,15.745,15.725,15.74,21889.0
2026-09-04,2026-09-04 15:45:00,15.74,15.745,15.64,15.66,48117.0
2026-09-04,2026-09-04 15:50:00,15.66,15.675,15.6,15.66,40148.0
2026-09-04,2026-09-04 15:55:00,15.67,15.805,15.67,15.75,142284.0
2026-09-04,2026-09-04 16:00:00,15.75,15.765,15.65,15.69,439934.0
2026-09-08,2026-09-08 09:35:00,14.91,15.2,14.33,15.135,149688.0
2026-09-08,2026-09-08 09:40:00,15.2,15.35,15.07,15.29,70178.0
2026-09-08,2026-09-08 09:45:00,15.275,15.4,15.25,15.285,79455.0
2026-09-08,2026-09-08 09:50:00,15.31,15.51,15.31,15.425,76794.0
2026-09-08,2026-09-08 09:55:00,15.43,15.8,15.36,15.71,120639.0
2026-09-08,2026-09-08 10:00:00,15.69,15.735,15.56,15.595,21104.0
2026-09-08,2026-09-08 10:05:00,15.55,15.65,15.525,15.525,28653.0
2026-09-08,2026-09-08 10:10:00,15.52,15.69,15.37,15.37,61933.0
2026-09-08,2026-09-08 10:15:00,15.385,15.39,15.2,15.27,160529.0
2026-09-08,2026-09-08 10:20:00,15.27,15.35,15.1636,15.35,49923.0
2026-09-08,2026-09-08 10:25:00,15.34,15.39,15.11,15.14,87300.0
2026-09-08,2026-09-08 10:30:00,15.16,15.25,15.035,15.035,54592.0
2026-09-08,2026-09-08 10:35:00,15.06,15.17,15.06,15.08,25899.0
2026-09-08,2026-09-08 10:40:00,15.125,15.125,15.045,15.065,5959.0
2026-09-08,2026-09-08 10:45:00,15.08,15.165,15.07,15.13,10119.0
2026-09-08,2026-09-08 10:50:00,15.12,15.13,15.06,15.13,6116.0
2026-09-08,2026-09-08 10:55:00,15.12,15.14,15.01,15.02,26277.0
2026-09-08,2026-09-08 11:00:00,15.0575,15.17,15.01,15.17,24124.0
2026-09-08,2026-09-08 11:05:00,15.18,15.22,15.12,15.135,12851.0
2026-09-08,2026-09-08 11:10:00,15.11,15.155,15.08,15.08,4848.0
2026-09-08,2026-09-08 11:15:00,15.095,15.1,15.07,15.095,19744.0
2026-09-08,2026-09-08 11:20:00,15.11,15.13,15.085,15.11,11638.0
2026-09-08,2026-09-08 11:25:00,15.1295,15.13,15.09,15.13,19022.0
2026-09-08,2026-09-08 11:30:00,15.12,15.12,15.040145,15.05,15942.0
2026-09-08,2026-09-08 11:35:00,15.055,15.07,14.995,14.995,17724.0
2026-09-08,2026-09-08 11:40:00,14.995,15.105,14.995,15.08,20216.0
2026-09-08,2026-09-08 11:45:00,15.08,15.1695,15.08,15.12,21052.0
2026-09-08,2026-09-08 11:50:00,15.1,15.16,15.06,15.16,16156.0
2026-09-08,2026-09-08 11:55:00,15.155,15.155,15.125,15.13,14365.0
2026-09-08,2026-09-08 12:00:00,15.14,15.2,15.1,15.155,16346.0
2026-09-08,2026-09-08 12:05:00,15.13,15.16,15.1,15.15,37180.0
2026-09-08,2026-09-08 12:10:00,15.15,15.185,15.065,15.065,14283.0
2026-09-08,2026-09-08 12:15:00,15.065,15.08,15.05,15.05,26260.0
2026-09-08,2026-09-08 12:20:00,15.04,15.05,14.99,15.025,61867.0
2026-09-08,2026-09-08 12:25:00,15.025,15.06,14.995,15.02,34396.0
2026-09-08,2026-09-08 12:30:00,15.025,15.055,15.01,15.0325,53698.0
2026-09-08,2026-09-08 12:35:00,15.035,15.035,14.982,14.982,20633.0
2026-09-08,2026-09-08 12:40:00,14.995,15.0,14.95,14.96,44647.0
2026-09-08,2026-09-08 12:45:00,14.94,14.9532,14.85,14.915,25070.0
2026-09-08,2026-09-08 12:50:00,14.91,14.91,14.9,14.9,6464.0
2026-09-08,2026-09-08 12:55:00,14.9,14.94,14.8913,14.93,7738.0
2026-09-08,2026-09-08 13:00:00,14.93,14.94,14.89,14.93,7212.0
2026-09-08,2026-09-08 13:05:00,14.935,15.0,14.93,14.99,21876.0
2026-09-08,2026-09-08 13:10:00,14.99,15.06,14.99,15.02,21214.0
2026-09-08,2026-09-08 13:15:00,15.02,15.11,15.02,15.11,70199.0
2026-09-08,2026-09-08 13:20:00,15.11,15.12,15.08,15.1,15214.0
2026-09-08,2026-09-08 13:25:00,15.1,15.1,15.0245,15.045,9377.0
2026-09-08,2026-09-08 13:30:00,15.045,15.07,14.995,15.0,15538.0
2026-09-08,2026-09-08 13:35:00,15.01,15.09,14.99,15.015,27070.0
2026-09-08,2026-09-08 13:40:00,15.015,15.015,14.95,14.95,6775.0
2026-09-08,2026-09-08 13:45:00,14.95,14.96,14.88,14.91,28428.0
2026-09-08,2026-09-08 13:50:00,14.88,14.975,14.87,14.96,17818.0
2026-09-08,2026-09-08 13:55:00,14.965,15.0,14.95,14.98,97426.0
2026-09-08,2026-09-08 14:00:00,14.98,14.99,14.95,14.9651,46781.0
2026-09-08,2026-09-08 14:05:00,14.965,14.97,14.935,14.97,5904.0
2026-09-08,2026-09-08 14:10:00,14.955,15.02,14.955,15.02,8087.0
2026-09-08,2026-09-08 14:15:00,15.01,15.02,14.95,14.95,25680.0
2026-09-08,2026-09-08 14:20:00,14.96,14.96,14.915,14.95,41887.0
2026-09-08,2026-09-08 14:25:00,14.95,14.985,14.92,14.98,15301.0
2026-09-08,2026-09-08 14:30:00,14.97,14.98,14.965,14.98,4362.0
2026-09-08,2026-09-08 14:35:00,14.98,14.98,14.97,14.97,5660.0
2026-09-08,2026-09-08 14:40:00,14.96,14.97,14.91,14.91,29785.0
2026-09-08,2026-09-08 14:45:00,14.9,14.93,14.88,14.915,5966.0
2026-09-08,2026-09-08 14:50:00,14.915,14.93,14.87,14.885,41681.0
2026-09-08,2026-09-08 14:55:00,14.9,14.9,14.84,14.88,13836.0
2026-09-08,2026-09-08 15:00:00,14.875,14.875,14.85,14.85,16227.0
2026-09-08,2026-09-08 15:05:00,14.85,15.0599,14.82,14.9,70965.0
2026-09-08,2026-09-08 15:10:00,14.905,14.95,14.87,14.95,47071.0
2026-09-08,2026-09-08 15:15:00,14.935,14.97,14.93,14.95,33153.0
2026-09-08,2026-09-08 15:20:00,14.945,15.035,14.945,15.035,20427.0
2026-09-08,2026-09-08 15:25:00,15.02,15.04,15.01,15.01,22075.0
2026-09-08,2026-09-08 15:30:00,15.01,15.025,14.96,14.97,39744.0
2026-09-08,2026-09-08 15:35:00,14.972,15.045,14.97,15.045,31115.0
2026-09-08,2026-09-08 15:40:00,15.04,15.07,15.0,15.02,52666.0
2026-09-08,2026-09-08 15:45:00,15.0,15.04,14.94,14.96,56561.0
2026-09-08,2026-09-08 15:50:00,14.96,14.96,14.875,14.9,21170.0
2026-09-08,2026-09-08 15:55:00,14.91,14.92,14.755,14.76,66673.0
2026-09-08,2026-09-08 16:00:00,14.7519,14.7519,14.62,14.72,587860.0
2026-09-09,2026-09-09 09:35:00,14.62,14.71,14.415,14.7,23789.0
2026-09-09,2026-09-09 09:40:00,14.75,14.82,14.71,14.78,17550.0
2026-09-09,2026-09-09 09:45:00,14.775,14.9,14.75,14.83,13863.0
2026-09-09,2026-09-09 09:50:00,14.87,15.09,14.87,15.0606,21434.0
2026-09-09,2026-09-09 09:55:00,15.1288,15.2,15.095,15.1859,13891.0
2026-09-09,2026-09-09 10:00:00,15.1666,15.25,15.02,15.02,18800.0
2026-09-09,2026-09-09 10:05:00,15.04,15.07,14.86,14.98,13020.0
2026-09-09,2026-09-09 10:10:00,14.96,15.035,14.9,15.035,11416.0
2026-09-09,2026-09-09 10:15:00,15.035,15.035,14.92,14.965,14978.0
2026-09-09,2026-09-09 10:20:00,14.965,14.965,14.75,14.76,14057.0
2026-09-09,2026-09-09 10:25:00,14.76,14.87,14.76,14.79,68357.0
2026-09-09,2026-09-09 10:30:00,14.785,14.81,14.73,14.75,13254.0
2026-09-09,2026-09-09 10:35:00,14.76,14.845,14.73,14.795,15702.0
2026-09-09,2026-09-09 10:40:00,14.78,14.79,14.7,14.72,28881.0
2026-09-09,2026-09-09 10:45:00,14.72,14.73,14.66,14.675,12322.0
2026-09-09,2026-09-09 10:50:00,14.69,14.695,14.54,14.575,13274.0
2026-09-09,2026-09-09 10:55:00,14.57,14.59,14.56,14.57,14268.0
2026-09-09,2026-09-09 11:00:00,14.58,14.725,14.57,14.725,16492.0
2026-09-09,2026-09-09 11:05:00,14.74,14.86,14.73,14.75,18662.0
2026-09-09,2026-09-09 11:10:00,14.76,14.8,14.73,14.79,13777.0
2026-09-09,2026-09-09 11:15:00,14.8,14.83,14.77,14.82,14225.0
2026-09-09,2026-09-09 11:20:00,14.82,14.82,14.74,14.8,11679.0
2026-09-09,2026-09-09 11:25:00,14.8,14.805,14.73,14.73,9835.0
2026-09-09,2026-09-09 11:30:00,14.75,14.75,14.71,14.72,8050.0
2026-09-09,2026-09-09 11:35:00,14.72,14.78,14.71,14.78,12941.0
2026-09-09,2026-09-09 11:40:00,14.77,14.78,14.74,14.78,11612.0
2026-09-09,2026-09-09 11:45:00,14.76,14.76,14.735,14.75,8151.0
2026-09-09,2026-09-09 11:50:00,14.75,14.7514,14.74,14.75,7108.0
2026-09-09,2026-09-09 11:55:00,14.75,14.75,14.69,14.74,16952.0
2026-09-09,2026-09-09 12:00:00,14.74,14.9,14.73,14.88,27088.0
2026-09-09,2026-09-09 12:05:00,14.88,14.9784,14.88,14.9784,27706.0
2026-09-09,2026-09-09 12:10:00,14.97,15.0448,14.96,15.02,40975.0
2026-09-09,2026-09-09 12:15:00,15.01,15.06,14.965,14.99,27126.0
2026-09-09,2026-09-09 12:20:00,14.975,15.0,14.95,14.98,13500.0
2026-09-09,2026-09-09 12:25:00,14.97,14.97,14.9,14.93,67449.0
2026-09-09,2026-09-09 12:30:00,14.94,14.96,14.87,14.89,24236.0
2026-09-09,2026-09-09 12:35:00,14.91,15.0,14.86,14.98,26912.0
2026-09-09,2026-09-09 12:40:00,14.97,15.01,14.96,14.97,11159.0
2026-09-09,2026-09-09 12:45:00,15.0,15.07,15.0,15.07,10453.0
2026-09-09,2026-09-09 12:50:00,15.075,15.19,15.06,15.18,38676.0
2026-09-09,2026-09-09 12:55:00,15.18,15.27,15.18,15.19,19730.0
2026-09-09,2026-09-09 13:00:00,15.18,15.185,15.17,15.17,7955.0
2026-09-09,2026-09-09 13:05:00,15.175,15.22,15.17,15.18,10724.0
2026-09-09,2026-09-09 13:10:00,15.18,15.23,15.18,15.21,7860.0
2026-09-09,2026-09-09 13:15:00,15.21,15.23,15.19,15.2,16841.0
2026-09-09,2026-09-09 13:20:00,15.2,15.2,15.13,15.13,11742.0
2026-09-09,2026-09-09 13:25:00,15.13,15.3,15.13,15.28,67843.0
2026-09-09,2026-09-09 13:30:00,15.29,15.38,15.13,15.155,183627.0
2026-09-09,2026-09-09 13:35:00,15.155,15.17,15.13,15.15,13617.0
2026-09-09,2026-09-09 13:40:00,15.15,15.16,15.14,15.15,12904.0
2026-09-09,2026-09-09 13:45:00,15.16,15.25,15.16,15.25,39060.0
2026-09-09,2026-09-09 13:50:00,15.25,15.37,15.24,15.27,32151.0
2026-09-09,2026-09-09 13:55:00,15.275,15.275,15.24,15.255,33292.0
2026-09-09,2026-09-09 14:00:00,15.255,15.255,15.25,15.25,7523.0
2026-09-09,2026-09-09 14:05:00,15.25,15.34,15.24,15.335,31280.0
2026-09-09,2026-09-09 14:10:00,15.34,15.345,15.295,15.31,16259.0
2026-09-09,2026-09-09 14:15:00,15.31,15.31,15.26,15.28,19018.0
2026-09-09,2026-09-09 14:20:00,15.28,15.315,15.25,15.28,22893.0
2026-09-09,2026-09-09 14:25:00,15.28,15.29,15.16,15.25,58650.0
2026-09-09,2026-09-09 14:30:00,15.25,15.355,15.24,15.35,87032.0
2026-09-09,2026-09-09 14:35:00,15.36,15.4,15.35,15.38,71196.0
2026-09-09,2026-09-09 14:40:00,15.38,15.4,15.38,15.4,20441.0
2026-09-09,2026-09-09 14:45:00,15.4,15.46,15.35,15.36,38907.0
2026-09-09,2026-09-09 14:50:00,15.36,15.36,15.3,15.3,17387.0
2026-09-09,2026-09-09 14:55:00,15.31,15.31,15.2501,15.26,10203.0
2026-09-09,2026-09-09 15:00:00,15.26,15.34,15.26,15.32,38773.0
2026-09-09,2026-09-09 15:05:00,15.32,15.32,15.275,15.29,12946.0
2026-09-09,2026-09-09 15:10:00,15.28,15.33,15.265,15.3253,15328.0
2026-09-09,2026-09-09 15:15:00,15.33,15.35,15.3,15.335,50399.0
2026-09-09,2026-09-09 15:20:00,15.34,15.35,15.32,15.32,15316.0
2026-09-09,2026-09-09 15:25:00,15.31,15.39,15.25,15.385,61901.0
2026-09-09,2026-09-09 15:30:00,15.385,15.385,15.34,15.34,12557.0
2026-09-09,2026-09-09 15:35:00,15.34,15.35,15.27,15.29,94947.0
2026-09-09,2026-09-09 15:40:00,15.29,15.29,15.15,15.15,58825.0
2026-09-09,2026-09-09 15:45:00,15.15,15.21,15.126,15.21,43155.0
2026-09-09,2026-09-09 15:50:00,15.21,15.21,15.07,15.07,42725.0
2026-09-09,2026-09-09 15:55:00,15.07,15.07,15.0,15.07,121594.0
2026-09-09,2026-09-09 16:00:00,15.06,15.07,15.0,15.0,535635.0
2026-09-10,2026-09-10 09:35:00,13.525,13.84,13.26,13.49,190024.0
2026-09-10,2026-09-10 09:40:00,13.5089,13.58,13.1,13.26,150022.0
2026-09-10,2026-09-10 09:45:00,13.27,13.3,12.92,12.92,79943.0
2026-09-10,2026-09-10 09:50:00,12.92,13.1695,12.8901,13.0,151663.0
2026-09-10,2026-09-10 09:55:00,13.0,13.03,12.5,12.945,461708.0
2026-09-10,2026-09-10 10:00:00,12.96,13.0,12.56,12.66,161784.0
2026-09-10,2026-09-10 10:05:00,12.73,12.86,12.66,12.67,91001.0
2026-09-10,2026-09-10 10:10:00,12.7,12.75,12.61,12.69,71309.0
2026-09-10,2026-09-10 10:15:00,12.68,12.87,12.68,12.74,76852.0
2026-09-10,2026-09-10 10:20:00,12.76,12.87,12.532,12.59,164087.0
2026-09-10,2026-09-10 10:25:00,12.595,12.7,12.51,12.65,168228.0
2026-09-10,2026-09-10 10:30:00,12.67,12.81,12.63,12.65,181458.0
2026-09-10,2026-09-10 10:35:00,12.67,12.7,12.55,12.6,99790.0
2026-09-10,2026-09-10 10:40:00,12.615,12.755,12.61,12.685,101939.0
2026-09-10,2026-09-10 10:45:00,12.685,12.71,12.6,12.61,58916.0
2026-09-10,2026-09-10 10:50:00,12.62,12.62,12.47,12.58,148750.0
2026-09-10,2026-09-10 10:55:00,12.58,12.59,12.435,12.46,57270.0
2026-09-10,2026-09-10 11:00:00,12.46,12.865,12.45,12.84,168224.0
2026-09-10,2026-09-10 11:05:00,12.82,12.82,12.7,12.72,45758.0
2026-09-10,2026-09-10 11:10:00,12.715,12.7781,12.6801,12.72,33428.0
2026-09-10,2026-09-10 11:15:00,12.725,12.92,12.71,12.815,67005.0
2026-09-10,2026-09-10 11:20:00,12.815,12.815,12.66,12.76,40208.0
2026-09-10,2026-09-10 11:25:00,12.76,12.78,12.72,12.78,38878.0
2026-09-10,2026-09-10 11:30:00,12.77,12.82,12.74,12.775,49118.0
2026-09-10,2026-09-10 11:35:00,12.78,12.8487,12.705,12.715,46954.0
2026-09-10,2026-09-10 11:40:00,12.71,12.775,12.7,12.72,25885.0
2026-09-10,2026-09-10 11:45:00,12.715,12.79,12.715,12.78,29428.0
2026-09-10,2026-09-10 11:50:00,12.78,12.84,12.78,12.81,31856.0
2026-09-10,2026-09-10 11:55:00,12.81,12.83,12.75,12.79,71505.0
2026-09-10,2026-09-10 12:00:00,12.81,13.0,12.81,12.895,75803.0
2026-09-10,2026-09-10 12:05:00,12.895,12.895,12.76,12.76,29279.0
2026-09-10,2026-09-10 12:10:00,12.76,12.775,12.71,12.72,18468.0
2026-09-10,2026-09-10 12:15:00,12.72,12.805,12.72,12.755,37773.0
2026-09-10,2026-09-10 12:20:00,12.76,12.765,12.73,12.74,25475.0
2026-09-10,2026-09-10 12:25:00,12.74,12.74,12.55,12.6,46160.0
2026-09-10,2026-09-10 12:30:00,12.58,12.62,12.55,12.605,29598.0
2026-09-10,2026-09-10 12:35:00,12.63,12.635,12.585,12.59,48191.0
2026-09-10,2026-09-10 12:40:00,12.6,12.6,12.5221,12.569,39288.0
2026-09-10,2026-09-10 12:45:00,12.565,12.6,12.565,12.58,31836.0
2026-09-10,2026-09-10 12:50:00,12.58,12.7,12.52,12.665,78281.0
2026-09-10,2026-09-10 12:55:00,12.665,12.68,12.55,12.55,53522.0
2026-09-10,2026-09-10 13:00:00,12.55,12.62,12.545,12.595,32251.0
2026-09-10,2026-09-10 13:05:00,12.59,12.68,12.565,12.67,39338.0
2026-09-10,2026-09-10 13:10:00,12.67,12.725,12.635,12.6978,76572.0
2026-09-10,2026-09-10 13:15:00,12.7055,12.865,12.7,12.855,102176.0
2026-09-10,2026-09-10 13:20:00,12.85,12.9,12.84,12.87,47448.0
2026-09-10,2026-09-10 13:25:00,12.87,12.87,12.8,12.83,73838.0
2026-09-10,2026-09-10 13:30:00,12.8201,12.85,12.815,12.84,36437.0
2026-09-10,2026-09-10 13:35:00,12.84,12.915,12.84,12.89,59349.0
2026-09-10,2026-09-10 13:40:00,12.89,12.9,12.81,12.825,46865.0
2026-09-10,2026-09-10 13:45:00,12.82,12.82,12.755,12.755,31261.0
2026-09-10,2026-09-10 13:50:00,12.755,12.755,12.695,12.725,32152.0
2026-09-10,2026-09-10 13:55:00,12.725,12.74,12.69,12.7,30231.0
2026-09-10,2026-09-10 14:00:00,12.7,12.73,12.7,12.725,14726.0
2026-09-10,2026-09-10 14:05:00,12.72,12.75,12.68,12.68,55513.0
2026-09-10,2026-09-10 14:10:00,12.68,12.77,12.68,12.755,29219.0
2026-09-10,2026-09-10 14:15:00,12.755,12.78,12.73,12.775,40529.0
2026-09-10,2026-09-10 14:20:00,12.78,12.8,12.705,12.77,56165.0
2026-09-10,2026-09-10 14:25:00,12.77,12.81,12.77,12.81,36719.0
2026-09-10,2026-09-10 14:30:00,12.805,12.815,12.69,12.74,48732.0
2026-09-10,2026-09-10 14:35:00,12.745,12.77,12.71,12.75,54503.0
2026-09-10,2026-09-10 14:40:00,12.74,12.895,12.74,12.89,59450.0
2026-09-10,2026-09-10 14:45:00,12.89,12.91,12.855,12.91,21936.0
2026-09-10,2026-09-10 14:50:00,12.9,12.93,12.87,12.925,61788.0
2026-09-10,2026-09-10 14:55:00,12.93,12.94,12.89,12.93,49520.0
2026-09-10,2026-09-10 15:00:00,12.94,12.97,12.93,12.94,42706.0
2026-09-10,2026-09-10 15:05:00,12.94,12.945,12.91,12.918,43874.0
2026-09-10,2026-09-10 15:10:00,12.918,13.155,12.915,13.13,72421.0
2026-09-10,2026-09-10 15:15:00,13.13,13.135,13.02,13.055,63876.0
2026-09-10,2026-09-10 15:20:00,13.055,13.08,12.985,12.995,112877.0
2026-09-10,2026-09-10 15:25:00,13.0,13.07,12.965,13.025,127943.0
2026-09-10,2026-09-10 15:30:00,13.025,13.0481,12.995,13.015,81830.0
2026-09-10,2026-09-10 15:35:00,13.015,13.08,12.995,13.06,120077.0
2026-09-10,2026-09-10 15:40:00,13.06,13.11,13.035,13.05,131041.0
2026-09-10,2026-09-10 15:45:00,13.05,13.1,12.835,12.885,322395.0
2026-09-10,2026-09-10 15:50:00,12.885,12.93,12.84,12.885,160192.0
2026-09-10,2026-09-10 15:55:00,12.89,13.0,12.815,12.82,331181.0
2026-09-10,2026-09-10 16:00:00,12.82,12.87,12.77,12.79,1305701.0
