day,time,open,high,low,close,volume
2026-06-12,2026-06-12 09:35:00,21.51,21.56,20.78,20.9393,67781.0
2026-06-12,2026-06-12 09:40:00,20.845,21.09,20.76,20.955,15955.0
2026-06-12,2026-06-12 09:45:00,21.0199,21.07,20.89,20.99,18692.0
2026-06-12,2026-06-12 09:50:00,21.06,21.255,20.96,21.01,19800.0
2026-06-12,2026-06-12 09:55:00,21.056,21.11,20.935,21.085,18166.0
2026-06-12,2026-06-12 10:00:00,21.115,21.26,21.1,21.25,9426.0
2026-06-12,2026-06-12 10:05:00,21.24,21.39,21.23,21.24,16256.0
2026-06-12,2026-06-12 10:10:00,21.235,21.24,21.15,21.215,14572.0
2026-06-12,2026-06-12 10:15:00,21.21,21.24,21.07,21.11,14127.0
2026-06-12,2026-06-12 10:20:00,21.11,21.185,21.11,21.13,10101.0
2026-06-12,2026-06-12 10:25:00,21.145,21.27,21.145,21.27,43860.0
2026-06-12,2026-06-12 10:30:00,21.31,21.475,21.305,21.4,9791.0
2026-06-12,2026-06-12 10:35:00,21.42,21.515,21.395,21.5,11746.0
2026-06-12,2026-06-12 10:40:00,21.48,21.56,21.455,21.52,15138.0
2026-06-12,2026-06-12 10:45:00,21.53,21.53,21.42,21.425,10305.0
2026-06-12,2026-06-12 10:50:00,21.425,21.47,21.37,21.38,8023.0
2026-06-12,2026-06-12 10:55:00,21.385,21.5,21.325,21.5,14350.0
2026-06-12,2026-06-12 11:00:00,21.53,21.53,21.42,21.525,12113.0
2026-06-12,2026-06-12 11:05:00,21.525,21.61,21.51,21.59,12296.0
2026-06-12,2026-06-12 11:10:00,21.58,21.755,21.575,21.72,11242.0
2026-06-12,2026-06-12 11:15:00,21.74,21.745,21.64,21.71,18520.0
2026-06-12,2026-06-12 11:20:00,21.72,21.73,21.7,21.73,7652.0
2026-06-12,2026-06-12 11:25:00,21.72,21.825,21.7,21.8,11820.0
2026-06-12,2026-06-12 11:30:00,21.79,21.86,21.74,21.76,10103.0
2026-06-12,2026-06-12 11:35:00,21.78,21.8599,21.74,21.8,12283.0
2026-06-12,2026-06-12 11:40:00,21.81,21.84,21.73,21.83,19067.0
2026-06-12,2026-06-12 11:45:00,21.82,21.82,21.745,21.75,10382.0
2026-06-12,2026-06-12 11:50:00,21.74,21.8,21.69,21.75,12100.0
2026-06-12,2026-06-12 11:55:00,21.755,21.8,21.715,21.8,7632.0
2026-06-12,2026-06-12 12:00:00,21.76,21.76,21.64,21.7,8912.0
2026-06-12,2026-06-12 12:05:00,21.7,21.735,21.6,21.64,10787.0
2026-06-12,2026-06-12 12:10:00,21.615,21.7,21.6,21.7,7246.0
2026-06-12,2026-06-12 12:15:00,21.695,21.79,21.65,21.72,22255.0
2026-06-12,2026-06-12 12:20:00,21.74,21.79,21.68,21.695,12256.0
2026-06-12,2026-06-12 12:25:00,21.695,21.72,21.66,21.71,17653.0
2026-06-12,2026-06-12 12:30:00,21.705,21.75,21.705,21.74,12688.0
2026-06-12,2026-06-12 12:35:00,21.74,21.74,21.66,21.73,11800.0
2026-06-12,2026-06-12 12:40:00,21.74,21.775,21.7,21.71,6969.0
2026-06-12,2026-06-12 12:45:00,21.72,21.74,21.69,21.73,11988.0
2026-06-12,2026-06-12 12:50:00,21.715,21.77,21.715,21.74,9269.0
2026-06-12,2026-06-12 12:55:00,21.74,21.76,21.705,21.705,7975.0
2026-06-12,2026-06-12 13:00:00,21.71,21.74,21.69,21.73,9281.0
2026-06-12,2026-06-12 13:05:00,21.73,21.745,21.69,21.72,10099.0
2026-06-12,2026-06-12 13:10:00,21.71,21.79,21.71,21.765,9267.0
2026-06-12,2026-06-12 13:15:00,21.745,21.745,21.685,21.72,6981.0
2026-06-12,2026-06-12 13:20:00,21.74,21.76,21.71,21.73,5698.0
2026-06-12,2026-06-12 13:25:00,21.73,21.785,21.73,21.755,7356.0
2026-06-12,2026-06-12 13:30:00,21.755,21.755,21.68,21.71,11035.0
2026-06-12,2026-06-12 13:35:00,21.7,21.765,21.685,21.71,9809.0
2026-06-12,2026-06-12 13:40:00,21.73,21.74,21.71,21.72,12186.0
2026-06-12,2026-06-12 13:45:00,21.73,21.76,21.72,21.725,10333.0
2026-06-12,2026-06-12 13:50:00,21.725,21.77,21.725,21.735,6985.0
2026-06-12,2026-06-12 13:55:00,21.73,21.75,21.7,21.735,7430.0
2026-06-12,2026-06-12 14:00:00,21.73,21.815,21.7,21.79,9989.0
2026-06-12,2026-06-12 14:05:00,21.8,21.855,21.78,21.855,9963.0
2026-06-12,2026-06-12 14:10:00,21.87,21.895,21.835,21.85,9985.0
2026-06-12,2026-06-12 14:15:00,21.83,21.86,21.82,21.835,6757.0
2026-06-12,2026-06-12 14:20:00,21.84,21.85,21.82,21.85,8266.0
2026-06-12,2026-06-12 14:25:00,21.87,21.87,21.825,21.87,5815.0
2026-06-12,2026-06-12 14:30:00,21.86,21.91,21.86,21.91,7515.0
2026-06-12,2026-06-12 14:35:00,21.91,21.93,21.89,21.89,8065.0
2026-06-12,2026-06-12 14:40:00,21.89,21.89,21.825,21.825,7746.0
2026-06-12,2026-06-12 14:45:00,21.83,21.8699,21.83,21.8699,7075.0
2026-06-12,2026-06-12 14:50:00,21.86,21.875,21.84,21.87,11790.0
2026-06-12,2026-06-12 14:55:00,21.85,21.87,21.8,21.83,10562.0
2026-06-12,2026-06-12 15:00:00,21.825,21.83,21.75,21.76,25617.0
2026-06-12,2026-06-12 15:05:00,21.76,21.81,21.74,21.79,14108.0
2026-06-12,2026-06-12 15:10:00,21.79,21.92,21.7509,21.895,80299.0
2026-06-12,2026-06-12 15:15:00,21.895,21.94,21.875,21.94,10376.0
2026-06-12,2026-06-12 15:20:00,21.94,21.94,21.875,21.92,5704.0
2026-06-12,2026-06-12 15:25:00,21.925,21.94,21.87,21.885,13943.0
2026-06-12,2026-06-12 15:30:00,21.885,21.93,21.885,21.9,25559.0
2026-06-12,2026-06-12 15:35:00,21.9,21.905,21.82,21.82,16186.0
2026-06-12,2026-06-12 15:40:00,21.84,21.87,21.83,21.84,15751.0
2026-06-12,2026-06-12 15:45:00,21.83,21.84,21.81,21.82,16507.0
2026-06-12,2026-06-12 15:50:00,21.82,21.89,21.795,21.86,21520.0
2026-06-12,2026-06-12 15:55:00,21.85,21.85,21.72,21.73,84153.0
2026-06-12,2026-06-12 16:00:00,21.72,21.74,21.6,21.66,513247.0
2026-06-15,2026-06-15 09:35:00,21.95,21.995,21.6001,21.885,37764.0
2026-06-15,2026-06-15 09:40:00,21.88,22.27,21.88,22.265,23282.0
2026-06-15,2026-06-15 09:45:00,22.26,22.26,21.985,22.075,15577.0
2026-06-15,2026-06-15 09:50:00,22.02,22.14,21.92,22.07,16410.0
2026-06-15,2026-06-15 09:55:00,22.08,22.08,21.99,22.05,8538.0
2026-06-15,2026-06-15 10:00:00,22.03,22.22,21.95,22.215,14728.0
2026-06-15,2026-06-15 10:05:00,22.21,22.28,22.13,22.205,13995.0
2026-06-15,2026-06-15 10:10:00,22.18,22.18,22.115,22.115,9481.0
2026-06-15,2026-06-15 10:15:00,22.14,22.14,21.95,21.955,16410.0
2026-06-15,2026-06-15 10:20:00,21.955,21.99,21.87,21.95,13109.0
2026-06-15,2026-06-15 10:25:00,21.95,21.96,21.84,21.84,11486.0
2026-06-15,2026-06-15 10:30:00,21.86,21.87,21.79,21.79,11229.0
2026-06-15,2026-06-15 10:35:00,21.79,21.87,21.75,21.86,22648.0
2026-06-15,2026-06-15 10:40:00,21.84,21.88,21.83,21.865,7143.0
2026-06-15,2026-06-15 10:45:00,21.86,22.02,21.855,21.96,15338.0
2026-06-15,2026-06-15 10:50:00,21.95,22.08,21.95,22.01,8976.0
2026-06-15,2026-06-15 10:55:00,22.025,22.05,22.0,22.025,13813.0
2026-06-15,2026-06-15 11:00:00,22.04,22.06,22.0,22.05,7225.0
2026-06-15,2026-06-15 11:05:00,22.03,22.135,22.03,22.085,15172.0
2026-06-15,2026-06-15 11:10:00,22.09,22.14,22.084,22.12,8934.0
2026-06-15,2026-06-15 11:15:00,22.12,22.17,22.12,22.14,7639.0
2026-06-15,2026-06-15 11:20:00,22.14,22.18,22.14,22.155,7644.0
2026-06-15,2026-06-15 11:25:00,22.14,22.16,22.06,22.06,12392.0
2026-06-15,2026-06-15 11:30:00,22.04,22.08,22.015,22.015,8643.0
2026-06-15,2026-06-15 11:35:00,22.01,22.015,21.8716,21.99,67642.0
2026-06-15,2026-06-15 11:40:00,21.99,22.08,21.965,22.03,28762.0
2026-06-15,2026-06-15 11:45:00,22.025,22.08,22.02,22.08,8252.0
2026-06-15,2026-06-15 11:50:00,22.08,22.11,22.07,22.11,9293.0
2026-06-15,2026-06-15 11:55:00,22.11,22.115,22.09,22.115,9536.0
2026-06-15,2026-06-15 12:00:00,22.11,22.125,22.11,22.12,7558.0
2026-06-15,2026-06-15 12:05:00,22.13,22.16,22.115,22.14,12119.0
2026-06-15,2026-06-15 12:10:00,22.139,22.139,22.05,22.05,9028.0
2026-06-15,2026-06-15 12:15:00,22.045,22.05,22.0,22.0,10187.0
2026-06-15,2026-06-15 12:20:00,22.01,22.02,21.97,22.0,17936.0
2026-06-15,2026-06-15 12:25:00,22.01,22.02,21.98,22.005,7313.0
2026-06-15,2026-06-15 12:30:00,22.02,22.06,22.02,22.06,8960.0
2026-06-15,2026-06-15 12:35:00,22.065,22.065,22.0,22.0,10589.0
2026-06-15,2026-06-15 12:40:00,22.0,22.0,21.9,21.9,11150.0
2026-06-15,2026-06-15 12:45:00,21.9,21.9,21.8,21.805,20175.0
2026-06-15,2026-06-15 12:50:00,21.74,21.74,21.7,21.71,8994.0
2026-06-15,2026-06-15 12:55:00,21.72,21.74,21.68,21.71,14307.0
2026-06-15,2026-06-15 13:00:00,21.71,21.71,21.565,21.575,19905.0
2026-06-15,2026-06-15 13:05:00,21.56,21.635,21.56,21.635,9369.0
2026-06-15,2026-06-15 13:10:00,21.65,21.72,21.65,21.65,11570.0
2026-06-15,2026-06-15 13:15:00,21.64,21.69,21.62,21.67,11349.0
2026-06-15,2026-06-15 13:20:00,21.68,21.68,21.6,21.61,9411.0
2026-06-15,2026-06-15 13:25:00,21.6,21.63,21.6,21.62,10579.0
2026-06-15,2026-06-15 13:30:00,21.62,21.62,21.575,21.605,8700.0
2026-06-15,2026-06-15 13:35:00,21.59,21.62,21.59,21.62,9436.0
2026-06-15,2026-06-15 13:40:00,21.61,21.655,21.58,21.6,25249.0
2026-06-15,2026-06-15 13:45:00,21.61,21.66,21.575,21.6,12820.0
2026-06-15,2026-06-15 13:50:00,21.6,21.61,21.57,21.58,8548.0
2026-06-15,2026-06-15 13:55:00,21.58,21.6,21.57,21.585,8998.0
2026-06-15,2026-06-15 14:00:00,21.58,21.58,21.55,21.55,7695.0
2026-06-15,2026-06-15 14:05:00,21.55,21.57,21.51,21.565,14392.0
2026-06-15,2026-06-15 14:10:00,21.5797,21.58,21.51,21.51,7753.0
2026-06-15,2026-06-15 14:15:00,21.5,21.505,21.445,21.475,14060.0
2026-06-15,2026-06-15 14:20:00,21.48,21.495,21.46,21.47,9504.0
2026-06-15,2026-06-15 14:25:00,21.48,21.6,21.48,21.565,15573.0
2026-06-15,2026-06-15 14:30:00,21.57,21.58,21.53,21.56,9670.0
2026-06-15,2026-06-15 14:35:00,21.55,21.59,21.53,21.56,17905.0
2026-06-15,2026-06-15 14:40:00,21.56,21.59,21.545,21.585,13452.0
2026-06-15,2026-06-15 14:45:00,21.585,21.6,21.57,21.59,11233.0
2026-06-15,2026-06-15 14:50:00,21.6,21.67,21.6,21.64,14659.0
2026-06-15,2026-06-15 14:55:00,21.625,21.67,21.61,21.67,12519.0
2026-06-15,2026-06-15 15:00:00,21.67,21.68,21.645,21.655,20626.0
2026-06-15,2026-06-15 15:05:00,21.65,21.71,21.625,21.69,23295.0
2026-06-15,2026-06-15 15:10:00,21.695,21.71,21.65,21.66,13184.0
2026-06-15,2026-06-15 15:15:00,21.66,21.695,21.645,21.695,12876.0
2026-06-15,2026-06-15 15:20:00,21.7,21.705,21.655,21.655,14519.0
2026-06-15,2026-06-15 15:25:00,21.66,21.6677,21.635,21.65,14480.0
2026-06-15,2026-06-15 15:30:00,21.65,21.7,21.64,21.69,15454.0
2026-06-15,2026-06-15 15:35:00,21.675,21.74,21.675,21.72,24682.0
2026-06-15,2026-06-15 15:40:00,21.715,21.735,21.69,21.73,21542.0
2026-06-15,2026-06-15 15:45:00,21.735,21.735,21.67,21.7,27324.0
2026-06-15,2026-06-15 15:50:00,21.71,21.78,21.7,21.73,40805.0
2026-06-15,2026-06-15 15:55:00,21.73,21.8,21.68,21.685,53521.0
2026-06-15,2026-06-15 16:00:00,21.7,21.76,21.69,21.73,420157.0
2026-06-16,2026-06-16 09:35:00,21.745,21.745,21.21,21.5,30670.0
2026-06-16,2026-06-16 09:40:00,21.46,21.645,21.31,21.37,57909.0
2026-06-16,2026-06-16 09:45:00,21.42,21.57,21.4,21.4714,10083.0
2026-06-16,2026-06-16 09:50:00,21.55,21.77,21.55,21.72,9799.0
2026-06-16,2026-06-16 09:55:00,21.73,21.83,21.65,21.665,13996.0
2026-06-16,2026-06-16 10:00:00,21.665,21.76,21.62,21.62,17075.0
2026-06-16,2026-06-16 10:05:00,21.59,21.59,21.38,21.4,127346.0
2026-06-16,2026-06-16 10:10:00,21.39,21.39,21.25,21.33,13458.0
2026-06-16,2026-06-16 10:15:00,21.31,21.33,21.205,21.3,19924.0
2026-06-16,2026-06-16 10:20:00,21.33,21.37,21.16,21.17,10547.0
2026-06-16,2026-06-16 10:25:00,21.165,21.17,21.05,21.05,13865.0
2026-06-16,2026-06-16 10:30:00,21.0699,21.12,21.03,21.055,14686.0
2026-06-16,2026-06-16 10:35:00,21.06,21.07,21.0,21.02,15176.0
2026-06-16,2026-06-16 10:40:00,21.0,21.05,20.96,21.05,12035.0
2026-06-16,2026-06-16 10:45:00,21.04,21.11,20.94,20.97,59467.0
2026-06-16,2026-06-16 10:50:00,20.95,20.95,20.8,20.84,10529.0
2026-06-16,2026-06-16 10:55:00,20.86,20.86,20.775,20.83,8398.0
2026-06-16,2026-06-16 11:00:00,20.825,20.92,20.805,20.89,17210.0
2026-06-16,2026-06-16 11:05:00,20.888,20.97,20.87,20.97,8724.0
2026-06-16,2026-06-16 11:10:00,20.98,21.03,20.98,21.005,7819.0
2026-06-16,2026-06-16 11:15:00,20.985,21.05,20.97,21.05,6152.0
2026-06-16,2026-06-16 11:20:00,21.055,21.11,21.035,21.105,7025.0
2026-06-16,2026-06-16 11:25:00,21.12,21.155,21.04,21.14,21947.0
2026-06-16,2026-06-16 11:30:00,21.15,21.15,21.05,21.06,14858.0
2026-06-16,2026-06-16 11:35:00,21.06,21.09,21.0195,21.065,9757.0
2026-06-16,2026-06-16 11:40:00,21.08,21.13,21.08,21.12,14980.0
2026-06-16,2026-06-16 11:45:00,21.1,21.1,21.075,21.08,6463.0
2026-06-16,2026-06-16 11:50:00,21.075,21.09,21.03,21.05,5910.0
2026-06-16,2026-06-16 11:55:00,21.04,21.105,21.035,21.09,13151.0
2026-06-16,2026-06-16 12:00:00,21.11,21.12,21.02,21.02,9626.0
2026-06-16,2026-06-16 12:05:00,21.01,21.1,21.0,21.055,11451.0
2026-06-16,2026-06-16 12:10:00,21.015,21.065,21.0,21.04,18129.0
2026-06-16,2026-06-16 12:15:00,21.03,21.04,21.005,21.0101,9592.0
2026-06-16,2026-06-16 12:20:00,21.01,21.04,21.0,21.02,10068.0
2026-06-16,2026-06-16 12:25:00,21.01,21.01,20.99,20.995,11012.0
2026-06-16,2026-06-16 12:30:00,21.0,21.05,20.99,21.03,11390.0
2026-06-16,2026-06-16 12:35:00,21.05,21.07,21.03,21.05,9635.0
2026-06-16,2026-06-16 12:40:00,21.05,21.09,21.04,21.09,8206.0
2026-06-16,2026-06-16 12:45:00,21.09,21.09,21.06,21.07,7550.0
2026-06-16,2026-06-16 12:50:00,21.09,21.11,21.08,21.11,6681.0
2026-06-16,2026-06-16 12:55:00,21.11,21.19,21.09,21.19,12250.0
2026-06-16,2026-06-16 13:00:00,21.19,21.21,21.17,21.17,8611.0
2026-06-16,2026-06-16 13:05:00,21.16,21.18,21.14,21.18,9218.0
2026-06-16,2026-06-16 13:10:00,21.18,21.195,21.165,21.17,3832.0
2026-06-16,2026-06-16 13:15:00,21.18,21.19,21.16,21.18,7414.0
2026-06-16,2026-06-16 13:20:00,21.2,21.2,21.16,21.16,6012.0
2026-06-16,2026-06-16 13:25:00,21.17,21.22,21.16,21.215,7991.0
2026-06-16,2026-06-16 13:30:00,21.23,21.25,21.17,21.18,7814.0
2026-06-16,2026-06-16 13:35:00,21.19,21.2,21.18,21.18,9138.0
2026-06-16,2026-06-16 13:40:00,21.2,21.25,21.07,21.075,54142.0
2026-06-16,2026-06-16 13:45:00,21.09,21.09,21.04,21.07,9638.0
2026-06-16,2026-06-16 13:50:00,21.07,21.1,21.02,21.03,9332.0
2026-06-16,2026-06-16 13:55:00,21.03,21.08,21.03,21.07,5082.0
2026-06-16,2026-06-16 14:00:00,21.07,21.08,21.06,21.08,5771.0
2026-06-16,2026-06-16 14:05:00,21.08,21.09,21.03,21.04,10168.0
2026-06-16,2026-06-16 14:10:00,21.04,21.04,21.01,21.03,8154.0
2026-06-16,2026-06-16 14:15:00,21.03,21.065,21.03,21.04,11870.0
2026-06-16,2026-06-16 14:20:00,21.05,21.065,21.0,21.02,6029.0
2026-06-16,2026-06-16 14:25:00,21.01,21.05,21.01,21.03,12961.0
2026-06-16,2026-06-16 14:30:00,21.03,21.03,21.02,21.02,11078.0
2026-06-16,2026-06-16 14:35:00,21.02,21.1,21.02,21.1,16644.0
2026-06-16,2026-06-16 14:40:00,21.09,21.185,21.09,21.185,13869.0
2026-06-16,2026-06-16 14:45:00,21.185,21.225,21.135,21.225,16348.0
2026-06-16,2026-06-16 14:50:00,21.225,21.29,21.175,21.29,19413.0
2026-06-16,2026-06-16 14:55:00,21.285,21.335,21.27,21.32,9628.0
2026-06-16,2026-06-16 15:00:00,21.33,21.34,21.285,21.285,8520.0
2026-06-16,2026-06-16 15:05:00,21.285,21.285,21.216,21.26,12963.0
2026-06-16,2026-06-16 15:10:00,21.25,21.3,21.24,21.3,8140.0
2026-06-16,2026-06-16 15:15:00,21.31,21.31,21.255,21.265,7584.0
2026-06-16,2026-06-16 15:20:00,21.265,21.28,21.23,21.28,14032.0
2026-06-16,2026-06-16 15:25:00,21.27,21.28,21.2418,21.27,14053.0
2026-06-16,2026-06-16 15:30:00,21.265,21.27,21.25,21.27,10256.0
2026-06-16,2026-06-16 15:35:00,21.27,21.36,21.26,21.34,16622.0
2026-06-16,2026-06-16 15:40:00,21.33,21.335,21.305,21.33,35739.0
2026-06-16,2026-06-16 15:45:00,21.33,21.4,21.325,21.4,19326.0
2026-06-16,2026-06-16 15:50:00,21.4,21.42,21.35,21.35,23956.0
2026-06-16,2026-06-16 15:55:00,21.34,21.34,21.16,21.2,53126.0
2026-06-16,2026-06-16 16:00:00,21.2,21.24,21.15,21.18,458321.0
2026-06-17,2026-06-17 09:35:00,21.14,21.21,20.81,20.81,40696.0
2026-06-17,2026-06-17 09:40:00,20.78,21.06,20.63,21.06,90277.0
2026-06-17,2026-06-17 09:45:00,21.055,21.265,21.03,21.235,17146.0
2026-06-17,2026-06-17 09:50:00,21.25,21.53,21.25,21.48,45546.0
2026-06-17,2026-06-17 09:55:00,21.475,21.59,21.45,21.51,18281.0
2026-06-17,2026-06-17 10:00:00,21.565,21.75,21.54,21.745,13141.0
2026-06-17,2026-06-17 10:05:00,21.71,21.71,21.33,21.375,43379.0
2026-06-17,2026-06-17 10:10:00,21.375,21.375,21.26,21.285,9198.0
2026-06-17,2026-06-17 10:15:00,21.26,21.28,21.185,21.28,10844.0
2026-06-17,2026-06-17 10:20:00,21.29,21.38,21.24,21.275,9306.0
2026-06-17,2026-06-17 10:25:00,21.26,21.35,21.26,21.3,6397.0
2026-06-17,2026-06-17 10:30:00,21.285,21.3,21.21,21.21,12731.0
2026-06-17,2026-06-17 10:35:00,21.215,21.3,21.21,21.3,10291.0
2026-06-17,2026-06-17 10:40:00,21.3,21.3,21.2,21.2,7940.0
2026-06-17,2026-06-17 10:45:00,21.19,21.19,21.095,21.13,31587.0
2026-06-17,2026-06-17 10:50:00,21.1148,21.12,20.99,21.09,57403.0
2026-06-17,2026-06-17 10:55:00,21.08,21.08,21.0247,21.06,5826.0
2026-06-17,2026-06-17 11:00:00,21.05,21.075,21.01,21.06,11691.0
2026-06-17,2026-06-17 11:05:00,21.08,21.11,21.065,21.11,8235.0
2026-06-17,2026-06-17 11:10:00,21.13,21.14,21.11,21.14,3847.0
2026-06-17,2026-06-17 11:15:00,21.13,21.2,21.13,21.195,8286.0
2026-06-17,2026-06-17 11:20:00,21.19,21.23,21.165,21.23,6976.0
2026-06-17,2026-06-17 11:25:00,21.22,21.27,21.22,21.27,5882.0
2026-06-17,2026-06-17 11:30:00,21.27,21.29,21.23,21.255,7569.0
2026-06-17,2026-06-17 11:35:00,21.24,21.27,21.21,21.265,3641.0
2026-06-17,2026-06-17 11:40:00,21.25,21.25,21.215,21.225,5040.0
2026-06-17,2026-06-17 11:45:00,21.225,21.26,21.225,21.24,6151.0
2026-06-17,2026-06-17 11:50:00,21.2309,21.26,21.2309,21.25,7707.0
2026-06-17,2026-06-17 11:55:00,21.255,21.27,21.23,21.24,4695.0
2026-06-17,2026-06-17 12:00:00,21.24,21.27,21.225,21.225,5847.0
2026-06-17,2026-06-17 12:05:00,21.24,21.26,21.235,21.26,4532.0
2026-06-17,2026-06-17 12:10:00,21.26,21.26,21.24,21.24,3817.0
2026-06-17,2026-06-17 12:15:00,21.22,21.268,21.2002,21.25,8002.0
2026-06-17,2026-06-17 12:20:00,21.27,21.28,21.25,21.25,4017.0
2026-06-17,2026-06-17 12:25:00,21.26,21.26,21.2,21.23,18984.0
2026-06-17,2026-06-17 12:30:00,21.23,21.24,21.21,21.24,6434.0
2026-06-17,2026-06-17 12:35:00,21.23,21.23,21.17,21.17,6299.0
2026-06-17,2026-06-17 12:40:00,21.165,21.18,21.165,21.17,14911.0
2026-06-17,2026-06-17 12:45:00,21.18,21.18,21.12,21.125,7685.0
2026-06-17,2026-06-17 12:50:00,21.12,21.14,21.1,21.1,5368.0
2026-06-17,2026-06-17 12:55:00,21.09,21.12,21.07,21.12,5822.0
2026-06-17,2026-06-17 13:00:00,21.12,21.145,21.12,21.12,4193.0
2026-06-17,2026-06-17 13:05:00,21.12,21.1399,21.1,21.135,5492.0
2026-06-17,2026-06-17 13:10:00,21.135,21.1499,21.09,21.115,7181.0
2026-06-17,2026-06-17 13:15:00,21.12,21.15,21.12,21.13,6124.0
2026-06-17,2026-06-17 13:20:00,21.13,21.14,21.1,21.1,4744.0
2026-06-17,2026-06-17 13:25:00,21.1,21.15,21.095,21.13,10536.0
2026-06-17,2026-06-17 13:30:00,21.12,21.13,21.1,21.12,4041.0
2026-06-17,2026-06-17 13:35:00,21.12,21.15,21.12,21.13,5256.0
2026-06-17,2026-06-17 13:40:00,21.12,21.17,21.11,21.13,21721.0
2026-06-17,2026-06-17 13:45:00,21.13,21.13,21.08,21.103,8971.0
2026-06-17,2026-06-17 13:50:00,21.09,21.12,21.06,21.1,10800.0
2026-06-17,2026-06-17 13:55:00,21.08,21.135,21.08,21.135,10644.0
2026-06-17,2026-06-17 14:00:00,21.14,21.14,21.11,21.13,9217.0
2026-06-17,2026-06-17 14:05:00,21.13,21.135,20.94,20.98,33977.0
2026-06-17,2026-06-17 14:10:00,20.97,20.97,20.88,20.97,13723.0
2026-06-17,2026-06-17 14:15:00,20.965,20.97,20.91,20.96,10041.0
2026-06-17,2026-06-17 14:20:00,20.955,21.0,20.95,21.0,7732.0
2026-06-17,2026-06-17 14:25:00,20.995,20.995,20.91,20.96,13448.0
2026-06-17,2026-06-17 14:30:00,20.95,20.96,20.895,20.915,9256.0
2026-06-17,2026-06-17 14:35:00,20.91,20.975,20.835,20.84,30113.0
2026-06-17,2026-06-17 14:40:00,20.85,20.955,20.81,20.91,25887.0
2026-06-17,2026-06-17 14:45:00,20.92,20.95,20.87,20.93,12433.0
2026-06-17,2026-06-17 14:50:00,20.91,20.91,20.87,20.88,15642.0
2026-06-17,2026-06-17 14:55:00,20.875,20.89,20.84,20.85,13135.0
2026-06-17,2026-06-17 15:00:00,20.85,20.85,20.69,20.72,16334.0
2026-06-17,2026-06-17 15:05:00,20.725,20.81,20.635,20.67,66799.0
2026-06-17,2026-06-17 15:10:00,20.68,20.68,20.59,20.59,15794.0
2026-06-17,2026-06-17 15:15:00,20.61,20.69,20.5,20.63,29319.0
2026-06-17,2026-06-17 15:20:00,20.63,20.63,20.52,20.53,11441.0
2026-06-17,2026-06-17 15:25:00,20.53,20.54,20.43,20.47,32271.0
2026-06-17,2026-06-17 15:30:00,20.47,20.52,20.43,20.44,25852.0
2026-06-17,2026-06-17 15:35:00,20.45,20.495,20.41,20.455,116409.0
2026-06-17,2026-06-17 15:40:00,20.45,20.49,20.24,20.24,45535.0
2026-06-17,2026-06-17 15:45:00,20.255,20.29,20.18,20.19,33100.0
2026-06-17,2026-06-17 15:50:00,20.195,20.37,20.195,20.25,145964.0
2026-06-17,2026-06-17 15:55:00,20.225,20.23,20.05,20.095,80558.0
2026-06-17,2026-06-17 16:00:00,20.11,20.2,20.065,20.17,566894.0
2026-06-18,2026-06-18 09:35:00,20.16,20.34,19.54,19.54,164233.0
2026-06-18,2026-06-18 09:40:00,19.615,19.75,19.56,19.645,27687.0
2026-06-18,2026-06-18 09:45:00,19.621496,19.67,19.45,19.655,27614.0
2026-06-18,2026-06-18 09:50:00,19.6775,20.025,19.6775,19.82,27952.0
2026-06-18,2026-06-18 09:55:00,19.89,19.93,19.79,19.83,14353.0
2026-06-18,2026-06-18 10:00:00,19.82,19.82,19.66,19.78,19736.0
2026-06-18,2026-06-18 10:05:00,19.785,19.8,19.68,19.8,28941.0
2026-06-18,2026-06-18 10:10:00,19.79,20.1457,19.76,20.12,37059.0
2026-06-18,2026-06-18 10:15:00,20.1,20.17,20.08,20.115286,29401.0
2026-06-18,2026-06-18 10:20:00,20.14,20.215,20.14,20.2,14268.0
2026-06-18,2026-06-18 10:25:00,20.19,20.3,20.185,20.205,22746.0
2026-06-18,2026-06-18 10:30:00,20.21,20.25,20.135,20.19,12443.0
2026-06-18,2026-06-18 10:35:00,20.195,20.26,20.16,20.22,23145.0
2026-06-18,2026-06-18 10:40:00,20.215,20.34,20.21,20.335,16095.0
2026-06-18,2026-06-18 10:45:00,20.35,20.35,20.26,20.32,17708.0
2026-06-18,2026-06-18 10:50:00,20.33,20.46,20.325,20.38,28018.0
2026-06-18,2026-06-18 10:55:00,20.36,20.36,20.24,20.28,33830.0
2026-06-18,2026-06-18 11:00:00,20.28,20.315,20.23,20.26,13405.0
2026-06-18,2026-06-18 11:05:00,20.27,20.31,20.24,20.2401,21440.0
2026-06-18,2026-06-18 11:10:00,20.265,20.28,20.2,20.21,15739.0
2026-06-18,2026-06-18 11:15:00,20.195,20.25,20.165,20.22,17810.0
2026-06-18,2026-06-18 11:20:00,20.22,20.25,20.2,20.245,12776.0
2026-06-18,2026-06-18 11:25:00,20.26,20.26,20.15,20.155,17061.0
2026-06-18,2026-06-18 11:30:00,20.15,20.18,20.11,20.135,13122.0
2026-06-18,2026-06-18 11:35:00,20.13,20.18,20.105,20.145,12606.0
2026-06-18,2026-06-18 11:40:00,20.15,20.15,20.1,20.14,10020.0
2026-06-18,2026-06-18 11:45:00,20.14,20.14,20.07,20.07,12102.0
2026-06-18,2026-06-18 11:50:00,20.075,20.14,20.07,20.14,10530.0
2026-06-18,2026-06-18 11:55:00,20.14,20.2225,20.14,20.18,13945.0
2026-06-18,2026-06-18 12:00:00,20.2,20.32,20.2,20.235,24098.0
2026-06-18,2026-06-18 12:05:00,20.23,20.275,20.2,20.24,8645.0
2026-06-18,2026-06-18 12:10:00,20.25,20.285,20.2301,20.28,11031.0
2026-06-18,2026-06-18 12:15:00,20.285,20.285,20.2,20.2,9468.0
2026-06-18,2026-06-18 12:20:00,20.21,20.24,20.21,20.23,10280.0
2026-06-18,2026-06-18 12:25:00,20.24,20.26,20.17,20.1814,17647.0
2026-06-18,2026-06-18 12:30:00,20.19,20.22,20.17,20.17,11029.0
2026-06-18,2026-06-18 12:35:00,20.18,20.18,20.13,20.13,4751.0
2026-06-18,2026-06-18 12:40:00,20.14,20.175,20.12,20.17,12621.0
2026-06-18,2026-06-18 12:45:00,20.18,20.195,20.09,20.1,8362.0
2026-06-18,2026-06-18 12:50:00,20.0979,20.11,20.08,20.1099,4789.0
2026-06-18,2026-06-18 12:55:00,20.1,20.12,20.07,20.07,9106.0
2026-06-18,2026-06-18 13:00:00,20.09,20.12,20.09,20.11,7748.0
2026-06-18,2026-06-18 13:05:00,20.11,20.17,20.11,20.165,8415.0
2026-06-18,2026-06-18 13:10:00,20.18,20.23,20.17,20.215,8563.0
2026-06-18,2026-06-18 13:15:00,20.2,20.24,20.14,20.155,27388.0
2026-06-18,2026-06-18 13:20:00,20.17,20.215,20.17,20.19,9887.0
2026-06-18,2026-06-18 13:25:00,20.18,20.19,20.13,20.145,10412.0
2026-06-18,2026-06-18 13:30:00,20.14,20.16,20.12,20.145,9034.0
2026-06-18,2026-06-18 13:35:00,20.145,20.18,20.13,20.13,16278.0
2026-06-18,2026-06-18 13:40:00,20.12,20.12,20.06,20.08,12265.0
2026-06-18,2026-06-18 13:45:00,20.08,20.12,20.08,20.105,7795.0
2026-06-18,2026-06-18 13:50:00,20.105,20.12,20.085,20.085,9880.0
2026-06-18,2026-06-18 13:55:00,20.09,20.09,20.07,20.08,12623.0
2026-06-18,2026-06-18 14:00:00,20.07,20.115,20.065,20.11,9334.0
2026-06-18,2026-06-18 14:05:00,20.105,20.18,20.075,20.18,18071.0
2026-06-18,2026-06-18 14:10:00,20.185,20.21,20.17,20.205,14843.0
2026-06-18,2026-06-18 14:15:00,20.21,20.22,20.17,20.205,7702.0
2026-06-18,2026-06-18 14:20:00,20.22,20.225,20.19,20.19,7304.0
2026-06-18,2026-06-18 14:25:00,20.19,20.21,20.19,20.19,8787.0
2026-06-18,2026-06-18 14:30:00,20.18,20.205,20.16,20.19,10173.0
2026-06-18,2026-06-18 14:35:00,20.18,20.22,20.155,20.155,16838.0
2026-06-18,2026-06-18 14:40:00,20.16,20.16,20.12,20.125,15025.0
2026-06-18,2026-06-18 14:45:00,20.125,20.22,20.125,20.18,22995.0
2026-06-18,2026-06-18 14:50:00,20.19,20.29,20.185,20.265,59278.0
2026-06-18,2026-06-18 14:55:00,20.265,20.29,20.245,20.28,21623.0
2026-06-18,2026-06-18 15:00:00,20.28,20.295,20.25,20.25,26177.0
2026-06-18,2026-06-18 15:05:00,20.24,20.29,20.2,20.2,30381.0
2026-06-18,2026-06-18 15:10:00,20.205,20.215,20.17,20.18,19146.0
2026-06-18,2026-06-18 15:15:00,20.19,20.2,20.15,20.2,13095.0
2026-06-18,2026-06-18 15:20:00,20.2,20.23,20.19,20.2125,18566.0
2026-06-18,2026-06-18 15:25:00,20.2,20.21,20.18,20.18,17629.0
2026-06-18,2026-06-18 15:30:00,20.17,20.18,20.13,20.13,42632.0
2026-06-18,2026-06-18 15:35:00,20.135,20.155,20.11,20.13,16957.0
2026-06-18,2026-06-18 15:40:00,20.13,20.18,20.13,20.18,30211.0
2026-06-18,2026-06-18 15:45:00,20.18,20.19,20.125,20.14,69679.0
2026-06-18,2026-06-18 15:50:00,20.14,20.155,20.11,20.1101,41905.0
2026-06-18,2026-06-18 15:55:00,20.1,20.13,19.965,19.985,98789.0
2026-06-18,2026-06-18 16:00:00,19.985,20.08,19.97,20.06,887948.0
2026-06-22,2026-06-22 09:35:00,19.62,19.83,19.5,19.685,68380.0
2026-06-22,2026-06-22 09:40:00,19.68,20.12,19.675,20.05,16197.0
2026-06-22,2026-06-22 09:45:00,20.05,20.14,20.0189,20.14,8933.0
2026-06-22,2026-06-22 09:50:00,20.19,20.19,20.015,20.065,16484.0
2026-06-22,2026-06-22 09:55:00,20.05,20.195,20.03,20.05,18032.0
2026-06-22,2026-06-22 10:00:00,20.06,20.095,19.955,20.01,26044.0
2026-06-22,2026-06-22 10:05:00,20.06,20.315,19.99,19.99,21110.0
2026-06-22,2026-06-22 10:10:00,20.025,20.15,19.99,20.05,17874.0
2026-06-22,2026-06-22 10:15:00,20.08,20.08,19.89,19.89,15151.0
2026-06-22,2026-06-22 10:20:00,19.83,19.83,19.7,19.79,14386.0
2026-06-22,2026-06-22 10:25:00,19.81,19.84,19.76,19.83,14045.0
2026-06-22,2026-06-22 10:30:00,19.82,19.82,19.64,19.68,14055.0
2026-06-22,2026-06-22 10:35:00,19.655,19.72,19.62,19.65,16010.0
2026-06-22,2026-06-22 10:40:00,19.64,19.7294,19.635,19.69,25180.0
2026-06-22,2026-06-22 10:45:00,19.72,19.77,19.69,19.700623,15117.0
2026-06-22,2026-06-22 10:50:00,19.69,19.75,19.67,19.7011,27749.0
2026-06-22,2026-06-22 10:55:00,19.71,19.72,19.55,19.6,26657.0
2026-06-22,2026-06-22 11:00:00,19.6,19.7,19.59,19.695,16796.0
2026-06-22,2026-06-22 11:05:00,19.68,19.68,19.38,19.38,53088.0
2026-06-22,2026-06-22 11:10:00,19.38,19.38,19.27,19.35,53063.0
2026-06-22,2026-06-22 11:15:00,19.32,19.325,19.13,19.14,36396.0
2026-06-22,2026-06-22 11:20:00,19.13,19.13,18.97,18.98,60062.0
2026-06-22,2026-06-22 11:25:00,18.975,19.02,18.87,18.955,35764.0
2026-06-22,2026-06-22 11:30:00,18.97,19.005,18.93,18.99,30560.0
2026-06-22,2026-06-22 11:35:00,18.97,19.02,18.93,18.97,24915.0
2026-06-22,2026-06-22 11:40:00,18.95,18.998,18.89,18.985,43000.0
2026-06-22,2026-06-22 11:45:00,18.985,18.99,18.93,18.96,28567.0
2026-06-22,2026-06-22 11:50:00,18.98,19.05,18.965,18.965,21672.0
2026-06-22,2026-06-22 11:55:00,18.965,19.0,18.96,18.99,16212.0
2026-06-22,2026-06-22 12:00:00,18.98,18.99,18.925,18.93,16363.0
2026-06-22,2026-06-22 12:05:00,18.93,18.98,18.925,18.925,34431.0
2026-06-22,2026-06-22 12:10:00,18.94,18.99,18.92,18.98,22374.0
2026-06-22,2026-06-22 12:15:00,18.98,19.09,18.95,19.045,54390.0
2026-06-22,2026-06-22 12:20:00,19.05,19.05,18.94,18.94,35741.0
2026-06-22,2026-06-22 12:25:00,18.94,18.94,18.83,18.84,39241.0
2026-06-22,2026-06-22 12:30:00,18.83,18.84,18.78,18.8,38306.0
2026-06-22,2026-06-22 12:35:00,18.81,18.86,18.79,18.86,26694.0
2026-06-22,2026-06-22 12:40:00,18.86,18.885,18.81,18.83,15201.0
2026-06-22,2026-06-22 12:45:00,18.8275,18.86,18.825,18.86,15591.0
2026-06-22,2026-06-22 12:50:00,18.855,18.96,18.85,18.96,27280.0
2026-06-22,2026-06-22 12:55:00,18.96,18.97,18.92,18.97,22775.0
2026-06-22,2026-06-22 13:00:00,18.95,19.0,18.92,18.955,24068.0
2026-06-22,2026-06-22 13:05:00,18.955,18.96,18.91,18.915,13301.0
2026-06-22,2026-06-22 13:10:00,18.91,18.92,18.87,18.89,23998.0
2026-06-22,2026-06-22 13:15:00,18.8701,18.95,18.86,18.87,41102.0
2026-06-22,2026-06-22 13:20:00,18.89,18.925,18.89,18.91,9845.0
2026-06-22,2026-06-22 13:25:00,18.91,18.96,18.89,18.915,19819.0
2026-06-22,2026-06-22 13:30:00,18.91,18.91,18.87,18.885,19335.0
2026-06-22,2026-06-22 13:35:00,18.89,18.93,18.8801,18.925,18361.0
2026-06-22,2026-06-22 13:40:00,18.91,18.91,18.88,18.9,13934.0
2026-06-22,2026-06-22 13:45:00,18.9,18.91,18.868455,18.9,14300.0
2026-06-22,2026-06-22 13:50:00,18.9,18.98,18.9,18.98,18296.0
2026-06-22,2026-06-22 13:55:00,18.97,19.025,18.97,19.01,9583.0
2026-06-22,2026-06-22 14:00:00,19.0,19.13,19.0,19.11,31638.0
2026-06-22,2026-06-22 14:05:00,19.115,19.16,19.07,19.09,27113.0
2026-06-22,2026-06-22 14:10:00,19.08,19.11,19.04,19.1058,21549.0
2026-06-22,2026-06-22 14:15:00,19.0806,19.115,19.06,19.1,29004.0
2026-06-22,2026-06-22 14:20:00,19.1,19.15,19.07,19.145,21892.0
2026-06-22,2026-06-22 14:25:00,19.16,19.2,19.16,19.17,9680.0
2026-06-22,2026-06-22 14:30:00,19.16,19.18,19.11,19.174,20733.0
2026-06-22,2026-06-22 14:35:00,19.17,19.2,19.12,19.145,18795.0
2026-06-22,2026-06-22 14:40:00,19.14,19.14,19.09,19.12,18670.0
2026-06-22,2026-06-22 14:45:00,19.135,19.15,19.12,19.12,10155.0
2026-06-22,2026-06-22 14:50:00,19.12,19.12,19.055,19.07,14339.0
2026-06-22,2026-06-22 14:55:00,19.07,19.0899,19.05,19.08,21043.0
2026-06-22,2026-06-22 15:00:00,19.08,19.09,19.06,19.06,20900.0
2026-06-22,2026-06-22 15:05:00,19.065,19.155,19.04,19.155,32317.0
2026-06-22,2026-06-22 15:10:00,19.155,19.155,19.08,19.095,14981.0
2026-06-22,2026-06-22 15:15:00,19.095,19.1,19.05,19.09,12173.0
2026-06-22,2026-06-22 15:20:00,19.09,19.12,19.08,19.08,19953.0
2026-06-22,2026-06-22 15:25:00,19.08,19.11,19.08,19.085,28026.0
2026-06-22,2026-06-22 15:30:00,19.095,19.095,19.05,19.07,48959.0
2026-06-22,2026-06-22 15:35:00,19.06,19.12,19.0215,19.085,61212.0
2026-06-22,2026-06-22 15:40:00,19.07,19.11,19.01,19.1,57158.0
2026-06-22,2026-06-22 15:45:00,19.1,19.185,19.09,19.185,40281.0
2026-06-22,2026-06-22 15:50:00,19.18,19.26,19.15,19.26,30222.0
2026-06-22,2026-06-22 15:55:00,19.25,19.29,19.2101,19.225,77538.0
2026-06-22,2026-06-22 16:00:00,19.225,19.26,19.185,19.21,547402.0
2026-06-23,2026-06-23 09:35:00,19.73,19.79,19.43,19.54,41499.0
2026-06-23,2026-06-23 09:40:00,19.54,19.665,19.32,19.39,26902.0
2026-06-23,2026-06-23 09:45:00,19.385,19.63,19.385,19.58,31065.0
2026-06-23,2026-06-23 09:50:00,19.5,19.5,19.25,19.31,19755.0
2026-06-23,2026-06-23 09:55:00,19.31,19.32,19.21,19.29,35728.0
2026-06-23,2026-06-23 10:00:00,19.26,19.55,19.26,19.54,9522.0
2026-06-23,2026-06-23 10:05:00,19.44,19.45,19.33,19.38,15828.0
2026-06-23,2026-06-23 10:10:00,19.39,19.49,19.32,19.325,10761.0
2026-06-23,2026-06-23 10:15:00,19.32,19.32,19.06,19.11,27007.0
2026-06-23,2026-06-23 10:20:00,19.1,19.135,19.08,19.11,8678.0
2026-06-23,2026-06-23 10:25:00,19.105,19.12,19.02,19.08,55451.0
2026-06-23,2026-06-23 10:30:00,19.08,19.15,18.98,19.15,27384.0
2026-06-23,2026-06-23 10:35:00,19.155,19.21,19.105,19.159,12592.0
2026-06-23,2026-06-23 10:40:00,19.16,19.2,19.1,19.2,17155.0
2026-06-23,2026-06-23 10:45:00,19.2,19.2,19.12,19.16,9984.0
2026-06-23,2026-06-23 10:50:00,19.13,19.19,19.1,19.145,12634.0
2026-06-23,2026-06-23 10:55:00,19.14,19.19,19.134,19.15,9542.0
2026-06-23,2026-06-23 11:00:00,19.17,19.18,19.085,19.12,10520.0
2026-06-23,2026-06-23 11:05:00,19.115,19.19,19.11,19.16,11240.0
2026-06-23,2026-06-23 11:10:00,19.15,19.175,19.12,19.14,6168.0
2026-06-23,2026-06-23 11:15:00,19.14,19.21,19.0,19.09,53739.0
2026-06-23,2026-06-23 11:20:00,19.08,19.125,19.05,19.09,43623.0
2026-06-23,2026-06-23 11:25:00,19.09,19.12,19.0,19.04,20083.0
2026-06-23,2026-06-23 11:30:00,19.04,19.04,18.99,19.01,19526.0
2026-06-23,2026-06-23 11:35:00,19.02,19.135,19.02,19.105,8484.0
2026-06-23,2026-06-23 11:40:00,19.12,19.12,19.05,19.09,6785.0
2026-06-23,2026-06-23 11:45:00,19.09,19.12,19.07,19.12,8226.0
2026-06-23,2026-06-23 11:50:00,19.125,19.18,19.125,19.15,15786.0
2026-06-23,2026-06-23 11:55:00,19.16,19.18,19.12,19.15,34902.0
2026-06-23,2026-06-23 12:00:00,19.14,19.2,19.125,19.17,7716.0
2026-06-23,2026-06-23 12:05:00,19.175,19.195,19.15,19.155,8948.0
2026-06-23,2026-06-23 12:10:00,19.14,19.22,19.14,19.21,23462.0
2026-06-23,2026-06-23 12:15:00,19.2,19.2,19.12,19.16,15110.0
2026-06-23,2026-06-23 12:20:00,19.18,19.2,19.16,19.17,6302.0
2026-06-23,2026-06-23 12:25:00,19.16,19.21,19.12,19.125,25681.0
2026-06-23,2026-06-23 12:30:00,19.13,19.17,19.12,19.17,30059.0
2026-06-23,2026-06-23 12:35:00,19.175,19.245,19.17,19.245,6800.0
2026-06-23,2026-06-23 12:40:00,19.245,19.2898,19.24,19.28,7811.0
2026-06-23,2026-06-23 12:45:00,19.29,19.31,19.22,19.225,9013.0
2026-06-23,2026-06-23 12:50:00,19.23,19.3,19.23,19.285,32784.0
2026-06-23,2026-06-23 12:55:00,19.3,19.33,19.23,19.23,19678.0
2026-06-23,2026-06-23 13:00:00,19.25,19.335,19.23,19.3,33741.0
2026-06-23,2026-06-23 13:05:00,19.3,19.33,19.29,19.315,7910.0
2026-06-23,2026-06-23 13:10:00,19.31,19.34,19.26,19.3,11344.0
2026-06-23,2026-06-23 13:15:00,19.305,19.32,19.27,19.31,8026.0
2026-06-23,2026-06-23 13:20:00,19.315,19.42,19.315,19.42,10825.0
2026-06-23,2026-06-23 13:25:00,19.41,19.41,19.36,19.38,14929.0
2026-06-23,2026-06-23 13:30:00,19.38,19.39,19.33,19.35,7738.0
2026-06-23,2026-06-23 13:35:00,19.37,19.4,19.34,19.39,6736.0
2026-06-23,2026-06-23 13:40:00,19.4,19.425,19.36,19.36,7302.0
2026-06-23,2026-06-23 13:45:00,19.38,19.39,19.31,19.34,7212.0
2026-06-23,2026-06-23 13:50:00,19.325,19.33,19.28,19.29,11882.0
2026-06-23,2026-06-23 13:55:00,19.29,19.29,19.19,19.21,16833.0
2026-06-23,2026-06-23 14:00:00,19.21,19.23,19.16,19.16,11122.0
2026-06-23,2026-06-23 14:05:00,19.16,19.205,19.16,19.19,10681.0
2026-06-23,2026-06-23 14:10:00,19.19,19.24,19.17,19.24,11010.0
2026-06-23,2026-06-23 14:15:00,19.245,19.26,19.22,19.24,16134.0
2026-06-23,2026-06-23 14:20:00,19.26,19.28,19.23,19.28,9288.0
2026-06-23,2026-06-23 14:25:00,19.28,19.28,19.21,19.235,12364.0
2026-06-23,2026-06-23 14:30:00,19.235,19.24,19.21,19.22,10670.0
2026-06-23,2026-06-23 14:35:00,19.23,19.25,19.215,19.23,9721.0
2026-06-23,2026-06-23 14:40:00,19.24,19.26,19.21,19.225,11431.0
2026-06-23,2026-06-23 14:45:00,19.22,19.23,19.17,19.19,16336.0
2026-06-23,2026-06-23 14:50:00,19.18,19.19,19.15,19.179,18155.0
2026-06-23,2026-06-23 14:55:00,19.18,19.24,19.18,19.22,25546.0
2026-06-23,2026-06-23 15:00:00,19.22,19.29,19.2,19.27,22606.0
2026-06-23,2026-06-23 15:05:00,19.26,19.32,19.26,19.315,22343.0
2026-06-23,2026-06-23 15:10:00,19.315,19.35,19.235,19.265,25596.0
2026-06-23,2026-06-23 15:15:00,19.25,19.275,19.24,19.24,17476.0
2026-06-23,2026-06-23 15:20:00,19.25,19.28,19.23,19.28,18549.0
2026-06-23,2026-06-23 15:25:00,19.29,19.33,19.275,19.3,23609.0
2026-06-23,2026-06-23 15:30:00,19.3,19.32,19.29,19.31,21709.0
2026-06-23,2026-06-23 15:35:00,19.305,19.315,19.25,19.295,28091.0
2026-06-23,2026-06-23 15:40:00,19.3,19.3296,19.285,19.29,25366.0
2026-06-23,2026-06-23 15:45:00,19.29,19.355,19.29,19.355,32571.0
2026-06-23,2026-06-23 15:50:00,19.355,19.36,19.305,19.33,92602.0
2026-06-23,2026-06-23 15:55:00,19.33,19.4,19.315,19.38,100582.0
2026-06-23,2026-06-23 16:00:00,19.38,19.39,19.23,19.26,1188394.0
2026-06-24,2026-06-24 09:35:00,19.26,19.62,19.2,19.49,59169.0
2026-06-24,2026-06-24 09:40:00,19.49,19.948,19.49,19.75,22804.0
2026-06-24,2026-06-24 09:45:00,19.725,19.84,19.43,19.77,19490.0
2026-06-24,2026-06-24 09:50:00,19.775,19.775,19.4602,19.52,13002.0
2026-06-24,2026-06-24 09:55:00,19.52,19.74,19.45,19.73,13433.0
2026-06-24,2026-06-24 10:00:00,19.69,19.7,19.541,19.66,10224.0
2026-06-24,2026-06-24 10:05:00,19.62,19.64,19.51,19.525,34492.0
2026-06-24,2026-06-24 10:10:00,19.525,19.57,19.435,19.445,12956.0
2026-06-24,2026-06-24 10:15:00,19.435,19.505,19.32,19.39,11844.0
2026-06-24,2026-06-24 10:20:00,19.385,19.43,19.36,19.39,9971.0
2026-06-24,2026-06-24 10:25:00,19.38,19.57,19.355,19.56,19429.0
2026-06-24,2026-06-24 10:30:00,19.55,19.58,19.5,19.58,22424.0
2026-06-24,2026-06-24 10:35:00,19.58,19.62,19.555,19.58,12836.0
2026-06-24,2026-06-24 10:40:00,19.58,19.595,19.5,19.5,12779.0
2026-06-24,2026-06-24 10:45:00,19.435,19.51,19.39,19.51,10755.0
2026-06-24,2026-06-24 10:50:00,19.51,19.61,19.5,19.6,14994.0
2026-06-24,2026-06-24 10:55:00,19.58,19.72,19.56,19.72,17302.0
2026-06-24,2026-06-24 11:00:00,19.72,19.87,19.71,19.87,16603.0
2026-06-24,2026-06-24 11:05:00,19.85,19.92,19.8,19.89,18503.0
2026-06-24,2026-06-24 11:10:00,19.89,19.98,19.87,19.94,19511.0
2026-06-24,2026-06-24 11:15:00,19.96,19.98,19.94,19.96,16571.0
2026-06-24,2026-06-24 11:20:00,19.965,20.08,19.965,20.06,20584.0
2026-06-24,2026-06-24 11:25:00,20.05,20.16,20.015,20.11,32606.0
2026-06-24,2026-06-24 11:30:00,20.1,20.1,19.94,19.98,14514.0
2026-06-24,2026-06-24 11:35:00,19.975,20.0044,19.92,19.92,11027.0
2026-06-24,2026-06-24 11:40:00,19.94,19.975,19.93,19.93,14097.0
2026-06-24,2026-06-24 11:45:00,19.925,19.94,19.885,19.905,27446.0
2026-06-24,2026-06-24 11:50:00,19.89,19.91,19.86,19.88,16076.0
2026-06-24,2026-06-24 11:55:00,19.885,19.9,19.86,19.875,12755.0
2026-06-24,2026-06-24 12:00:00,19.89,19.92,19.88,19.905,10440.0
2026-06-24,2026-06-24 12:05:00,19.9,19.95,19.9,19.9,9712.0
2026-06-24,2026-06-24 12:10:00,19.91,19.935,19.9,19.92,9432.0
2026-06-24,2026-06-24 12:15:00,19.92,20.01,19.92,20.005,12206.0
2026-06-24,2026-06-24 12:20:00,20.005,20.04,19.98,20.01,10486.0
2026-06-24,2026-06-24 12:25:00,20.0,20.01,19.96,19.97,11680.0
2026-06-24,2026-06-24 12:30:00,19.98,20.0,19.94,19.94,16669.0
2026-06-24,2026-06-24 12:35:00,19.95,20.03,19.95,19.98,20673.0
2026-06-24,2026-06-24 12:40:00,19.97,19.98,19.9,19.91,12850.0
2026-06-24,2026-06-24 12:45:00,19.91,19.9572,19.91,19.95,10944.0
2026-06-24,2026-06-24 12:50:00,19.96,20.01,19.96,19.99,11501.0
2026-06-24,2026-06-24 12:55:00,19.98,20.02,19.96,19.96,10207.0
2026-06-24,2026-06-24 13:00:00,19.95,19.97,19.94,19.95,7401.0
2026-06-24,2026-06-24 13:05:00,19.96,20.01,19.96,19.98,13972.0
2026-06-24,2026-06-24 13:10:00,19.97,19.98,19.9,19.925,14778.0
2026-06-24,2026-06-24 13:15:00,19.9,19.95,19.9,19.94,11866.0
2026-06-24,2026-06-24 13:20:00,19.94,19.945,19.895,19.895,14403.0
2026-06-24,2026-06-24 13:25:00,19.883,19.883,19.75,19.77,28353.0
2026-06-24,2026-06-24 13:30:00,19.77,19.815,19.745,19.765,14183.0
2026-06-24,2026-06-24 13:35:00,19.765,19.82,19.755,19.8,22878.0
2026-06-24,2026-06-24 13:40:00,19.81,19.83,19.75,19.83,20060.0
2026-06-24,2026-06-24 13:45:00,19.84,19.84,19.77,19.77,14929.0
2026-06-24,2026-06-24 13:50:00,19.79,19.8775,19.77,19.85,100600.0
2026-06-24,2026-06-24 13:55:00,19.85,19.85,19.81,19.82,20767.0
2026-06-24,2026-06-24 14:00:00,19.855,19.865,19.82,19.845,30505.0
2026-06-24,2026-06-24 14:05:00,19.85,19.885,19.85,19.87,16076.0
2026-06-24,2026-06-24 14:10:00,19.87,19.95,19.864,19.92,23663.0
2026-06-24,2026-06-24 14:15:00,19.94,19.965,19.91,19.965,13106.0
2026-06-24,2026-06-24 14:20:00,19.97,20.005,19.93,20.0,17382.0
2026-06-24,2026-06-24 14:25:00,19.99,20.03,19.98,19.98,9987.0
2026-06-24,2026-06-24 14:30:00,20.0,20.025,19.96,19.99,24562.0
2026-06-24,2026-06-24 14:35:00,20.0,20.02,19.96,20.005,23223.0
2026-06-24,2026-06-24 14:40:00,20.01,20.01,19.95,19.97,13846.0
2026-06-24,2026-06-24 14:45:00,19.95,19.96,19.93,19.955,15252.0
2026-06-24,2026-06-24 14:50:00,19.95,19.95,19.85,19.865,21920.0
2026-06-24,2026-06-24 14:55:00,19.86,19.86,19.82,19.835,17559.0
2026-06-24,2026-06-24 15:00:00,19.835,19.87,19.82,19.83,13167.0
2026-06-24,2026-06-24 15:05:00,19.84,19.84,19.76,19.805,24024.0
2026-06-24,2026-06-24 15:10:00,19.81,19.82,19.76,19.77,27899.0
2026-06-24,2026-06-24 15:15:00,19.76,19.76,19.69,19.72,26155.0
2026-06-24,2026-06-24 15:20:00,19.7,19.71,19.64,19.68,28969.0
2026-06-24,2026-06-24 15:25:00,19.69,19.7,19.61,19.64,39763.0
2026-06-24,2026-06-24 15:30:00,19.66,19.665,19.61,19.62,21480.0
2026-06-24,2026-06-24 15:35:00,19.61,19.66,19.6,19.64,28010.0
2026-06-24,2026-06-24 15:40:00,19.63,19.63,19.58,19.58,22194.0
2026-06-24,2026-06-24 15:45:00,19.585,19.61,19.54,19.57,31175.0
2026-06-24,2026-06-24 15:50:00,19.57,19.64,19.56,19.61,202622.0
2026-06-24,2026-06-24 15:55:00,19.6,19.66,19.55,19.635,53579.0
2026-06-24,2026-06-24 16:00:00,19.63,19.63,19.46,19.48,352209.0
2026-06-25,2026-06-25 09:35:00,19.0,19.39,18.65,18.855,49675.0
2026-06-25,2026-06-25 09:40:00,18.96,19.13,18.945,18.98,14983.0
2026-06-25,2026-06-25 09:45:00,19.03,19.13,18.94,19.13,19793.0
2026-06-25,2026-06-25 09:50:00,19.12,19.16,18.93,19.06,27659.0
2026-06-25,2026-06-25 09:55:00,19.04,19.1,18.995409,19.07,15811.0
2026-06-25,2026-06-25 10:00:00,19.11,19.11,19.03,19.07,18150.0
2026-06-25,2026-06-25 10:05:00,19.12,19.37,19.0975,19.285,16201.0
2026-06-25,2026-06-25 10:10:00,19.305,19.39,19.26,19.36,10047.0
2026-06-25,2026-06-25 10:15:00,19.38,19.465,19.33,19.465,22718.0
2026-06-25,2026-06-25 10:20:00,19.51,19.575,19.395,19.575,14606.0
2026-06-25,2026-06-25 10:25:00,19.57,19.61,19.43,19.5,9762.0
2026-06-25,2026-06-25 10:30:00,19.52,19.72,19.5,19.71,46618.0
2026-06-25,2026-06-25 10:35:00,19.71,19.73,19.6,19.64,19974.0
2026-06-25,2026-06-25 10:40:00,19.66,19.67,19.5,19.61,12033.0
2026-06-25,2026-06-25 10:45:00,19.61,19.61,19.485,19.58,46628.0
2026-06-25,2026-06-25 10:50:00,19.61,19.62,19.49,19.5,30351.0
2026-06-25,2026-06-25 10:55:00,19.51,19.57,19.5,19.57,16644.0
2026-06-25,2026-06-25 11:00:00,19.55,19.57,19.49,19.515,11691.0
2026-06-25,2026-06-25 11:05:00,19.5,19.59,19.5,19.575,24164.0
2026-06-25,2026-06-25 11:10:00,19.595,19.61,19.53,19.535,16547.0
2026-06-25,2026-06-25 11:15:00,19.52,19.53,19.45,19.53,56185.0
2026-06-25,2026-06-25 11:20:00,19.515,19.55,19.5,19.505,23841.0
2026-06-25,2026-06-25 11:25:00,19.495,19.59,19.49,19.575,25847.0
2026-06-25,2026-06-25 11:30:00,19.575,19.61,19.56,19.61,14678.0
2026-06-25,2026-06-25 11:35:00,19.62,19.7,19.61,19.69,13655.0
2026-06-25,2026-06-25 11:40:00,19.7,19.78,19.7,19.77,11652.0
2026-06-25,2026-06-25 11:45:00,19.77,19.81,19.73,19.8,16365.0
2026-06-25,2026-06-25 11:50:00,19.8,19.97,19.775,19.945,43133.0
2026-06-25,2026-06-25 11:55:00,19.945,20.025,19.895,19.93,30742.0
2026-06-25,2026-06-25 12:00:00,19.91,19.93,19.899,19.92,11851.0
2026-06-25,2026-06-25 12:05:00,19.92,20.01,19.86,19.965,29424.0
2026-06-25,2026-06-25 12:10:00,19.955,20.0,19.945,19.96,11716.0
2026-06-25,2026-06-25 12:15:00,19.96,19.985,19.88,19.89,21339.0
2026-06-25,2026-06-25 12:20:00,19.895,19.945,19.87,19.93,16670.0
2026-06-25,2026-06-25 12:25:00,19.925,19.935,19.86,19.88,15352.0
2026-06-25,2026-06-25 12:30:00,19.89,19.89,19.81,19.83,37701.0
2026-06-25,2026-06-25 12:35:00,19.81,19.85,19.78,19.85,16745.0
2026-06-25,2026-06-25 12:40:00,19.84,19.85,19.81,19.81,11272.0
2026-06-25,2026-06-25 12:45:00,19.81,19.8195,19.784,19.79,15726.0
2026-06-25,2026-06-25 12:50:00,19.8,19.805,19.72,19.75,42993.0
2026-06-25,2026-06-25 12:55:00,19.735,19.76,19.73,19.74,11223.0
2026-06-25,2026-06-25 13:00:00,19.73,19.76,19.73,19.75,10836.0
2026-06-25,2026-06-25 13:05:00,19.76,19.79,19.75,19.76,13804.0
2026-06-25,2026-06-25 13:10:00,19.76,19.78,19.725,19.725,14774.0
2026-06-25,2026-06-25 13:15:00,19.73,19.765,19.72,19.76,15888.0
2026-06-25,2026-06-25 13:20:00,19.76,19.775,19.72,19.72,12264.0
2026-06-25,2026-06-25 13:25:00,19.725,19.725,19.689,19.7,14915.0
2026-06-25,2026-06-25 13:30:00,19.695,19.705,19.67,19.67,13288.0
2026-06-25,2026-06-25 13:35:00,19.68,19.685,19.61,19.62,18841.0
2026-06-25,2026-06-25 13:40:00,19.63,19.645,19.614,19.63,14440.0
2026-06-25,2026-06-25 13:45:00,19.63,19.63,19.565,19.565,12753.0
2026-06-25,2026-06-25 13:50:00,19.565,19.63,19.55,19.5951,22487.0
2026-06-25,2026-06-25 13:55:00,19.6,19.63,19.58,19.61,17179.0
2026-06-25,2026-06-25 14:00:00,19.61,19.65,19.61,19.65,11125.0
2026-06-25,2026-06-25 14:05:00,19.66,19.675,19.61,19.63,13783.0
2026-06-25,2026-06-25 14:10:00,19.63,19.675,19.62,19.635,12245.0
2026-06-25,2026-06-25 14:15:00,19.635,19.635,19.5627,19.59,19682.0
2026-06-25,2026-06-25 14:20:00,19.59,19.69,19.59,19.655,11217.0
2026-06-25,2026-06-25 14:25:00,19.65,19.74,19.64,19.74,16397.0
2026-06-25,2026-06-25 14:30:00,19.74,19.8,19.74,19.79,13075.0
2026-06-25,2026-06-25 14:35:00,19.79,19.79,19.69,19.72,14468.0
2026-06-25,2026-06-25 14:40:00,19.71,19.75,19.67,19.74,31393.0
2026-06-25,2026-06-25 14:45:00,19.74,19.74,19.665,19.67,14459.0
2026-06-25,2026-06-25 14:50:00,19.68,19.685,19.65,19.66,26190.0
2026-06-25,2026-06-25 14:55:00,19.66,19.66,19.61,19.64,11779.0
2026-06-25,2026-06-25 15:00:00,19.64,19.655,19.62,19.655,15128.0
2026-06-25,2026-06-25 15:05:00,19.655,19.655,19.58,19.58,20423.0
2026-06-25,2026-06-25 15:10:00,19.585,19.6,19.58,19.6,9600.0
2026-06-25,2026-06-25 15:15:00,19.6,19.62,19.595,19.61,18261.0
2026-06-25,2026-06-25 15:20:00,19.61,19.61,19.55,19.575,16555.0
2026-06-25,2026-06-25 15:25:00,19.58,19.585,19.53,19.545,24034.0
2026-06-25,2026-06-25 15:30:00,19.545,19.61,19.54,19.595,22894.0
2026-06-25,2026-06-25 15:35:00,19.595,19.595,19.53,19.54,32507.0
2026-06-25,2026-06-25 15:40:00,19.545,19.55,19.5,19.535,24030.0
2026-06-25,2026-06-25 15:45:00,19.535,19.61,19.535,19.59,30525.0
2026-06-25,2026-06-25 15:50:00,19.585,19.605,19.571,19.59,32141.0
2026-06-25,2026-06-25 15:55:00,19.59,19.63,19.54,19.54,65997.0
2026-06-25,2026-06-25 16:00:00,19.545,19.58,19.49,19.57,461253.0
2026-06-26,2026-06-26 09:35:00,20.0,20.34,19.9,20.325,21895.0
2026-06-26,2026-06-26 09:40:00,20.41,20.59,20.185,20.59,21674.0
2026-06-26,2026-06-26 09:45:00,20.59,20.59,20.39,20.439,10589.0
2026-06-26,2026-06-26 09:50:00,20.48,20.56,20.315,20.43,18133.0
2026-06-26,2026-06-26 09:55:00,20.4,20.4,20.175,20.22,13289.0
2026-06-26,2026-06-26 10:00:00,20.27,20.285,20.17,20.225,15632.0
2026-06-26,2026-06-26 10:05:00,20.24,20.345,20.171,20.27,12400.0
2026-06-26,2026-06-26 10:10:00,20.31,20.455,20.215,20.455,13182.0
2026-06-26,2026-06-26 10:15:00,20.46,20.52,20.385,20.51,18456.0
2026-06-26,2026-06-26 10:20:00,20.5,20.57,20.4408,20.4408,14811.0
2026-06-26,2026-06-26 10:25:00,20.465,20.59,20.46,20.545,22663.0
2026-06-26,2026-06-26 10:30:00,20.53,20.65,20.52,20.615,12629.0
2026-06-26,2026-06-26 10:35:00,20.62,20.62,20.52,20.565,9904.0
2026-06-26,2026-06-26 10:40:00,20.555,20.64,20.55,20.585,20415.0
2026-06-26,2026-06-26 10:45:00,20.55,20.575,20.5,20.5,21933.0
2026-06-26,2026-06-26 10:50:00,20.53,20.59,20.515,20.53,28469.0
2026-06-26,2026-06-26 10:55:00,20.525,20.58,20.505,20.58,9292.0
2026-06-26,2026-06-26 11:00:00,20.55,20.605,20.51,20.58,6466.0
2026-06-26,2026-06-26 11:05:00,20.57,20.66,20.57,20.615,22302.0
2026-06-26,2026-06-26 11:10:00,20.615,20.72,20.615,20.72,15404.0
2026-06-26,2026-06-26 11:15:00,20.725,20.8,20.68,20.69,23910.0
2026-06-26,2026-06-26 11:20:00,20.69,20.775,20.69,20.735,14970.0
2026-06-26,2026-06-26 11:25:00,20.75,20.76,20.72,20.74,10559.0
2026-06-26,2026-06-26 11:30:00,20.745,20.81,20.719,20.795,39586.0
2026-06-26,2026-06-26 11:35:00,20.79,20.935,20.785,20.935,28175.0
2026-06-26,2026-06-26 11:40:00,20.93,20.99,20.91,20.99,18568.0
2026-06-26,2026-06-26 11:45:00,20.98,21.06,20.975,21.01,46800.0
2026-06-26,2026-06-26 11:50:00,21.03,21.06,21.0001,21.04,23192.0
2026-06-26,2026-06-26 11:55:00,21.04,21.055,20.94,20.94,16578.0
2026-06-26,2026-06-26 12:00:00,20.94,20.965,20.875,20.875,16515.0
2026-06-26,2026-06-26 12:05:00,20.875,21.0,20.87,20.995,35801.0
2026-06-26,2026-06-26 12:10:00,20.99,20.99,20.885,20.885,15655.0
2026-06-26,2026-06-26 12:15:00,20.88,20.9,20.86,20.9,8782.0
2026-06-26,2026-06-26 12:20:00,20.9,20.935,20.87,20.885,20717.0
2026-06-26,2026-06-26 12:25:00,20.8999,20.8999,20.815,20.83,9834.0
2026-06-26,2026-06-26 12:30:00,20.81,20.81,20.715,20.72,7727.0
2026-06-26,2026-06-26 12:35:00,20.72,20.77,20.72,20.755,11395.0
2026-06-26,2026-06-26 12:40:00,20.755,20.8,20.725,20.725,17510.0
2026-06-26,2026-06-26 12:45:00,20.725,20.725,20.64,20.64,8506.0
2026-06-26,2026-06-26 12:50:00,20.63,20.72,20.63,20.69,10589.0
2026-06-26,2026-06-26 12:55:00,20.715,20.74,20.705,20.73,9053.0
2026-06-26,2026-06-26 13:00:00,20.725,20.735,20.695,20.695,9009.0
2026-06-26,2026-06-26 13:05:00,20.7,20.735,20.69,20.72,7708.0
2026-06-26,2026-06-26 13:10:00,20.73,20.78,20.705,20.78,13278.0
2026-06-26,2026-06-26 13:15:00,20.78,20.87,20.75,20.845,52964.0
2026-06-26,2026-06-26 13:20:00,20.82,20.82,20.73,20.77,18484.0
2026-06-26,2026-06-26 13:25:00,20.77,20.78,20.74,20.755,12856.0
2026-06-26,2026-06-26 13:30:00,20.74,20.76,20.72,20.72,7954.0
2026-06-26,2026-06-26 13:35:00,20.73,20.765,20.715,20.76,15031.0
2026-06-26,2026-06-26 13:40:00,20.77,20.825,20.75,20.81,28508.0
2026-06-26,2026-06-26 13:45:00,20.82,20.845,20.81,20.84,12291.0
2026-06-26,2026-06-26 13:50:00,20.84,20.9,20.835,20.9,11789.0
2026-06-26,2026-06-26 13:55:00,20.91,20.92,20.89,20.895,20117.0
2026-06-26,2026-06-26 14:00:00,20.895,20.91,20.87,20.91,9380.0
2026-06-26,2026-06-26 14:05:00,20.9,20.96,20.9,20.95,15672.0
2026-06-26,2026-06-26 14:10:00,20.945,20.98,20.93,20.96,16207.0
2026-06-26,2026-06-26 14:15:00,20.95,20.96,20.89,20.91,16912.0
2026-06-26,2026-06-26 14:20:00,20.915,20.92,20.88,20.895,22033.0
2026-06-26,2026-06-26 14:25:00,20.895,20.895,20.855,20.865,6254.0
2026-06-26,2026-06-26 14:30:00,20.87,20.91,20.86,20.89,29433.0
2026-06-26,2026-06-26 14:35:00,20.9,20.97,20.89,20.95,18091.0
2026-06-26,2026-06-26 14:40:00,20.95,20.95,20.9,20.925,10389.0
2026-06-26,2026-06-26 14:45:00,20.93,20.99,20.89,20.99,57715.0
2026-06-26,2026-06-26 14:50:00,20.98,21.0,20.92,20.92,15894.0
2026-06-26,2026-06-26 14:55:00,20.91,20.915,20.825,20.825,25151.0
2026-06-26,2026-06-26 15:00:00,20.83,20.845,20.7,20.715,38926.0
2026-06-26,2026-06-26 15:05:00,20.715,20.73,20.675,20.69,17035.0
2026-06-26,2026-06-26 15:10:00,20.69,20.71,20.65,20.67,21786.0
2026-06-26,2026-06-26 15:15:00,20.66,20.715,20.645,20.665,19835.0
2026-06-26,2026-06-26 15:20:00,20.665,20.81,20.65,20.75,64880.0
2026-06-26,2026-06-26 15:25:00,20.76,20.77,20.69,20.69,33703.0
2026-06-26,2026-06-26 15:30:00,20.68,20.7,20.66,20.66,13773.0
2026-06-26,2026-06-26 15:35:00,20.66,20.785,20.66,20.78,24734.0
2026-06-26,2026-06-26 15:40:00,20.78,20.795,20.72,20.79,35801.0
2026-06-26,2026-06-26 15:45:00,20.795,20.8,20.6501,20.67,96568.0
2026-06-26,2026-06-26 15:50:00,20.67,20.825,20.63,20.73,127608.0
2026-06-26,2026-06-26 15:55:00,20.73,21.07,20.73,20.99,264225.0
2026-06-26,2026-06-26 16:00:00,21.0,21.1,20.97,21.02,2462440.0
2026-06-29,2026-06-29 09:35:00,21.54,21.82,21.54,21.66,55680.0
2026-06-29,2026-06-29 09:40:00,21.645,21.645,21.4,21.5,24609.0
2026-06-29,2026-06-29 09:45:00,21.53,21.81,21.465,21.5,37832.0
2026-06-29,2026-06-29 09:50:00,21.56,21.7176,21.505,21.56,23240.0
2026-06-29,2026-06-29 09:55:00,21.54,21.77,21.52,21.59,17367.0
2026-06-29,2026-06-29 10:00:00,21.58,21.64,21.48,21.58,20107.0
2026-06-29,2026-06-29 10:05:00,21.62,21.62,21.36,21.36,18755.0
2026-06-29,2026-06-29 10:10:00,21.355,21.47,21.3,21.47,8711.0
2026-06-29,2026-06-29 10:15:00,21.47,21.5,21.2,21.27,10355.0
2026-06-29,2026-06-29 10:20:00,21.26,21.31,21.14,21.16,31876.0
2026-06-29,2026-06-29 10:25:00,21.165,21.295,21.16,21.295,10270.0
2026-06-29,2026-06-29 10:30:00,21.285,21.355,21.24,21.315,12790.0
2026-06-29,2026-06-29 10:35:00,21.325,21.35,21.28,21.3,9322.0
2026-06-29,2026-06-29 10:40:00,21.27,21.2845,21.205,21.225,8113.0
2026-06-29,2026-06-29 10:45:00,21.24,21.305,21.22,21.26,14219.0
2026-06-29,2026-06-29 10:50:00,21.28,21.48,21.28,21.44,13154.0
2026-06-29,2026-06-29 10:55:00,21.4981,21.5193,21.44,21.44,9681.0
2026-06-29,2026-06-29 11:00:00,21.415,21.415,21.31,21.33,5904.0
2026-06-29,2026-06-29 11:05:00,21.32,21.35,21.23,21.25,8978.0
2026-06-29,2026-06-29 11:10:00,21.23,21.285,21.115,21.115,8849.0
2026-06-29,2026-06-29 11:15:00,21.12,21.13,21.03,21.05,14047.0
2026-06-29,2026-06-29 11:20:00,21.05,21.06,21.01,21.05,10274.0
2026-06-29,2026-06-29 11:25:00,21.05,21.05,20.95,20.96,14436.0
2026-06-29,2026-06-29 11:30:00,20.955,21.04,20.92,21.04,36655.0
2026-06-29,2026-06-29 11:35:00,21.04,21.05,21.0,21.01,10680.0
2026-06-29,2026-06-29 11:40:00,21.02,21.1043,21.02,21.1,12263.0
2026-06-29,2026-06-29 11:45:00,21.11,21.12,21.08,21.1,6971.0
2026-06-29,2026-06-29 11:50:00,21.095,21.095,21.035,21.04,11829.0
2026-06-29,2026-06-29 11:55:00,21.05,21.055,21.03,21.03,3514.0
2026-06-29,2026-06-29 12:00:00,21.02,21.05,20.995,21.03,11682.0
2026-06-29,2026-06-29 12:05:00,21.035,21.06,21.03,21.05,11121.0
2026-06-29,2026-06-29 12:10:00,21.07,21.07,21.03,21.03,6985.0
2026-06-29,2026-06-29 12:15:00,21.02,21.02,20.94,20.94,30534.0
2026-06-29,2026-06-29 12:20:00,20.945,21.015,20.945,21.005,13996.0
2026-06-29,2026-06-29 12:25:00,21.02,21.025,21.0,21.025,4189.0
2026-06-29,2026-06-29 12:30:00,21.005,21.015,21.0,21.01,4849.0
2026-06-29,2026-06-29 12:35:00,21.02,21.05,21.01,21.05,7303.0
2026-06-29,2026-06-29 12:40:00,21.04,21.05,21.0101,21.035,3665.0
2026-06-29,2026-06-29 12:45:00,21.04,21.08,21.03,21.05,13173.0
2026-06-29,2026-06-29 12:50:00,21.05,21.07,21.04,21.07,3841.0
2026-06-29,2026-06-29 12:55:00,21.08,21.095,21.06,21.07,6889.0
2026-06-29,2026-06-29 13:00:00,21.0722,21.0722,21.05,21.05,4472.0
2026-06-29,2026-06-29 13:05:00,21.05,21.14,21.05,21.14,7165.0
2026-06-29,2026-06-29 13:10:00,21.14,21.17,21.13,21.17,12575.0
2026-06-29,2026-06-29 13:15:00,21.155,21.165,21.1,21.12,9109.0
2026-06-29,2026-06-29 13:20:00,21.14,21.14,21.11,21.115,4184.0
2026-06-29,2026-06-29 13:25:00,21.115,21.12,21.05,21.09,8070.0
2026-06-29,2026-06-29 13:30:00,21.1,21.16,21.1,21.12,9153.0
2026-06-29,2026-06-29 13:35:00,21.11,21.14,21.08,21.115,10261.0
2026-06-29,2026-06-29 13:40:00,21.13,21.18,21.07,21.07,37396.0
2026-06-29,2026-06-29 13:45:00,21.075,21.09,20.96,21.01,43831.0
2026-06-29,2026-06-29 13:50:00,21.0,21.05,20.97,21.03,43167.0
2026-06-29,2026-06-29 13:55:00,21.02,21.06,21.0,21.06,11403.0
2026-06-29,2026-06-29 14:00:00,21.045,21.06,21.01,21.03,8695.0
2026-06-29,2026-06-29 14:05:00,21.02,21.07,21.0,21.04,12950.0
2026-06-29,2026-06-29 14:10:00,21.055,21.095,21.04,21.055,19138.0
2026-06-29,2026-06-29 14:15:00,21.055,21.07,21.04,21.0499,4147.0
2026-06-29,2026-06-29 14:20:00,21.045,21.07,21.01,21.02,53309.0
2026-06-29,2026-06-29 14:25:00,21.01,21.06,21.0,21.05,7932.0
2026-06-29,2026-06-29 14:30:00,21.045,21.07,21.03,21.06,9696.0
2026-06-29,2026-06-29 14:35:00,21.055,21.11,21.055,21.11,6832.0
2026-06-29,2026-06-29 14:40:00,21.1,21.13,21.09,21.11,6778.0
2026-06-29,2026-06-29 14:45:00,21.12,21.15,21.11,21.15,5899.0
2026-06-29,2026-06-29 14:50:00,21.15,21.16,21.11,21.11,11100.0
2026-06-29,2026-06-29 14:55:00,21.11,21.11,21.06,21.08,9518.0
2026-06-29,2026-06-29 15:00:00,21.07,21.1,21.06,21.09,11238.0
2026-06-29,2026-06-29 15:05:00,21.1,21.11,21.02,21.035,19277.0
2026-06-29,2026-06-29 15:10:00,21.04,21.07,21.02,21.05,7803.0
2026-06-29,2026-06-29 15:15:00,21.04,21.09,21.04,21.05,22500.0
2026-06-29,2026-06-29 15:20:00,21.05,21.07,21.015,21.055,29421.0
2026-06-29,2026-06-29 15:25:00,21.06,21.08,21.06,21.06,16091.0
2026-06-29,2026-06-29 15:30:00,21.06,21.07,20.98,21.0,21522.0
2026-06-29,2026-06-29 15:35:00,20.995,21.05,20.97,20.98,37929.0
2026-06-29,2026-06-29 15:40:00,20.99,21.09,20.98,21.09,20563.0
2026-06-29,2026-06-29 15:45:00,21.09,21.09,20.99,21.005,42948.0
2026-06-29,2026-06-29 15:50:00,21.0,21.08,21.0,21.06,32849.0
2026-06-29,2026-06-29 15:55:00,21.04,21.05,20.9,20.91,57732.0
2026-06-29,2026-06-29 16:00:00,20.91,21.075,20.91,20.97,425456.0
2026-06-30,2026-06-30 09:35:00,20.79,21.07,20.708,21.0044,26955.0
2026-06-30,2026-06-30 09:40:00,21.06,21.16,20.6691,20.6691,9965.0
2026-06-30,2026-06-30 09:45:00,20.61,20.82,20.575,20.82,17414.0
2026-06-30,2026-06-30 09:50:00,20.81,20.89,20.7001,20.855,16577.0
2026-06-30,2026-06-30 09:55:00,20.86,21.0,20.86,20.965,5608.0
2026-06-30,2026-06-30 10:00:00,20.92,21.045,20.92,20.95,13687.0
2026-06-30,2026-06-30 10:05:00,20.89,21.0,20.8578,20.97,10436.0
2026-06-30,2026-06-30 10:10:00,21.0,21.09,20.9653,20.99,10157.0
2026-06-30,2026-06-30 10:15:00,20.99,21.06,20.96,21.04,7107.0
2026-06-30,2026-06-30 10:20:00,20.99,21.1,20.99,21.075,8867.0
2026-06-30,2026-06-30 10:25:00,21.09,21.11,21.06,21.06,10193.0
2026-06-30,2026-06-30 10:30:00,21.06,21.13,21.03,21.11,9498.0
2026-06-30,2026-06-30 10:35:00,21.11,21.16,21.075,21.13,14344.0
2026-06-30,2026-06-30 10:40:00,21.09,21.12,21.0204,21.055,10662.0
2026-06-30,2026-06-30 10:45:00,21.04,21.07,20.95,20.97,8144.0
2026-06-30,2026-06-30 10:50:00,20.98,21.0,20.95,20.99,14953.0
2026-06-30,2026-06-30 10:55:00,20.99,21.04,20.89,20.94,13234.0
2026-06-30,2026-06-30 11:00:00,20.895,20.92,20.82,20.855,6167.0
2026-06-30,2026-06-30 11:05:00,20.87,20.99,20.86,20.98,15541.0
2026-06-30,2026-06-30 11:10:00,20.98,21.1,20.98,20.9899,49227.0
2026-06-30,2026-06-30 11:15:00,20.98,21.22,20.98,21.21,45953.0
2026-06-30,2026-06-30 11:20:00,21.2,21.35,21.2,21.29,66131.0
2026-06-30,2026-06-30 11:25:00,21.29,21.67,21.26,21.57,66456.0
2026-06-30,2026-06-30 11:30:00,21.565,21.625,21.53,21.62,16236.0
2026-06-30,2026-06-30 11:35:00,21.62,21.73,21.575,21.59,84418.0
2026-06-30,2026-06-30 11:40:00,21.6,21.63,21.52,21.555,13592.0
2026-06-30,2026-06-30 11:45:00,21.57,21.59,21.495,21.58,39759.0
2026-06-30,2026-06-30 11:50:00,21.58,21.59,21.51,21.51,12474.0
2026-06-30,2026-06-30 11:55:00,21.51,21.53,21.4404,21.45,10571.0
2026-06-30,2026-06-30 12:00:00,21.45,21.46,21.44,21.445,8172.0
2026-06-30,2026-06-30 12:05:00,21.47,21.53,21.46,21.53,8984.0
2026-06-30,2026-06-30 12:10:00,21.53,21.63,21.5,21.5,39116.0
2026-06-30,2026-06-30 12:15:00,21.515,21.52,21.48,21.5,9347.0
2026-06-30,2026-06-30 12:20:00,21.51,21.6,21.5,21.59,13386.0
2026-06-30,2026-06-30 12:25:00,21.58,21.7,21.565,21.65,31394.0
2026-06-30,2026-06-30 12:30:00,21.645,21.68,21.61,21.63,8616.0
2026-06-30,2026-06-30 12:35:00,21.64,21.66,21.59,21.62,18611.0
2026-06-30,2026-06-30 12:40:00,21.62,21.65,21.605,21.64,6135.0
2026-06-30,2026-06-30 12:45:00,21.63,21.63,21.58,21.61,8518.0
2026-06-30,2026-06-30 12:50:00,21.62,21.625,21.52,21.55,83627.0
2026-06-30,2026-06-30 12:55:00,21.55,21.61,21.55,21.6,12066.0
2026-06-30,2026-06-30 13:00:00,21.58,21.715,21.565,21.67,44230.0
2026-06-30,2026-06-30 13:05:00,21.67,21.73,21.65,21.67,17472.0
2026-06-30,2026-06-30 13:10:00,21.68,21.68,21.48,21.51,21892.0
2026-06-30,2026-06-30 13:15:00,21.49,21.5,21.46,21.47,17537.0
2026-06-30,2026-06-30 13:20:00,21.485,21.525,21.47,21.505,11423.0
2026-06-30,2026-06-30 13:25:00,21.52,21.56,21.5,21.5399,14336.0
2026-06-30,2026-06-30 13:30:00,21.53,21.56,21.47,21.49,17024.0
2026-06-30,2026-06-30 13:35:00,21.47,21.55,21.46,21.51,20737.0
2026-06-30,2026-06-30 13:40:00,21.51,21.54,21.49,21.5,9603.0
2026-06-30,2026-06-30 13:45:00,21.5,21.52,21.485,21.49,14033.0
2026-06-30,2026-06-30 13:50:00,21.49,21.5,21.43,21.44,21326.0
2026-06-30,2026-06-30 13:55:00,21.45,21.49,21.44,21.49,14993.0
2026-06-30,2026-06-30 14:00:00,21.49,21.505,21.45,21.46,11711.0
2026-06-30,2026-06-30 14:05:00,21.445,21.48,21.43,21.48,7334.0
2026-06-30,2026-06-30 14:10:00,21.49,21.51,21.46,21.485,13161.0
2026-06-30,2026-06-30 14:15:00,21.48,21.59,21.48,21.57,30396.0
2026-06-30,2026-06-30 14:20:00,21.58,21.61,21.57,21.59,8871.0
2026-06-30,2026-06-30 14:25:00,21.6,21.63,21.57,21.63,11836.0
2026-06-30,2026-06-30 14:30:00,21.64,21.64,21.57,21.58,11047.0
2026-06-30,2026-06-30 14:35:00,21.585,21.605,21.55,21.58,14004.0
2026-06-30,2026-06-30 14:40:00,21.57,21.59,21.53,21.55,15618.0
2026-06-30,2026-06-30 14:45:00,21.53,21.53,21.45,21.45,14484.0
2026-06-30,2026-06-30 14:50:00,21.455,21.515,21.45,21.515,10891.0
2026-06-30,2026-06-30 14:55:00,21.515,21.52,21.475,21.485,12741.0
2026-06-30,2026-06-30 15:00:00,21.48,21.49,21.41,21.46,18424.0
2026-06-30,2026-06-30 15:05:00,21.47,21.54,21.465,21.5,26860.0
2026-06-30,2026-06-30 15:10:00,21.49,21.5,21.48,21.49,13663.0
2026-06-30,2026-06-30 15:15:00,21.49,21.69,21.49,21.67,57543.0
2026-06-30,2026-06-30 15:20:00,21.65,21.67,21.64,21.66,20109.0
2026-06-30,2026-06-30 15:25:00,21.66,21.67,21.61,21.67,27304.0
2026-06-30,2026-06-30 15:30:00,21.67,21.71,21.65,21.69,31987.0
2026-06-30,2026-06-30 15:35:00,21.68,21.71,21.64,21.67,32444.0
2026-06-30,2026-06-30 15:40:00,21.67,21.68,21.55,21.56,32893.0
2026-06-30,2026-06-30 15:45:00,21.57,21.69,21.56,21.66,36833.0
2026-06-30,2026-06-30 15:50:00,21.66,21.695,21.64,21.69,113778.0
2026-06-30,2026-06-30 15:55:00,21.69,21.79,21.625,21.67,97238.0
2026-06-30,2026-06-30 16:00:00,21.675,21.735,21.64,21.69,503642.0
2026-07-01,2026-07-01 09:35:00,22.64,23.22,22.52,22.66,82734.0
2026-07-01,2026-07-01 09:40:00,22.645,22.92,22.645,22.84,13790.0
2026-07-01,2026-07-01 09:45:00,22.79,23.04,22.74,22.79,30443.0
2026-07-01,2026-07-01 09:50:00,22.86,22.895,22.7,22.785,30760.0
2026-07-01,2026-07-01 09:55:00,22.72,22.954,22.7,22.88,12847.0
2026-07-01,2026-07-01 10:00:00,22.85,22.9,22.78,22.805,28517.0
2026-07-01,2026-07-01 10:05:00,22.84,22.95,22.84,22.94,18050.0
2026-07-01,2026-07-01 10:10:00,22.93,23.115,22.9044,22.96,18210.0
2026-07-01,2026-07-01 10:15:00,22.94,23.03,22.9,22.9,13993.0
2026-07-01,2026-07-01 10:20:00,22.89,23.0,22.89,22.95,10129.0
2026-07-01,2026-07-01 10:25:00,22.955,23.12,22.955,23.07,9981.0
2026-07-01,2026-07-01 10:30:00,23.025,23.1,22.98,23.04,21367.0
2026-07-01,2026-07-01 10:35:00,23.035,23.09,22.97,23.0278,13648.0
2026-07-01,2026-07-01 10:40:00,23.05,23.17,23.05,23.135,12400.0
2026-07-01,2026-07-01 10:45:00,23.12,23.155,23.005,23.0202,14857.0
2026-07-01,2026-07-01 10:50:00,23.01,23.05,22.9201,23.035,23295.0
2026-07-01,2026-07-01 10:55:00,23.05,23.16,23.04,23.06,17302.0
2026-07-01,2026-07-01 11:00:00,23.03,23.125,23.02,23.12,11093.0
2026-07-01,2026-07-01 11:05:00,23.125,23.135,23.02,23.03,16151.0
2026-07-01,2026-07-01 11:10:00,23.03,23.095,23.03,23.05,13177.0
2026-07-01,2026-07-01 11:15:00,23.07,23.12,23.05,23.115,10776.0
2026-07-01,2026-07-01 11:20:00,23.09,23.13,23.01,23.07,19710.0
2026-07-01,2026-07-01 11:25:00,23.07,23.09,23.03,23.03,16590.0
2026-07-01,2026-07-01 11:30:00,23.03,23.05,23.01,23.01,15068.0
2026-07-01,2026-07-01 11:35:00,23.01,23.01,22.88,22.89,21741.0
2026-07-01,2026-07-01 11:40:00,22.89,22.97,22.87,22.96,11792.0
2026-07-01,2026-07-01 11:45:00,22.95,23.02,22.95,22.99,9514.0
2026-07-01,2026-07-01 11:50:00,22.99,23.07,22.99,23.05,23950.0
2026-07-01,2026-07-01 11:55:00,23.03,23.0799,23.01,23.07,18072.0
2026-07-01,2026-07-01 12:00:00,23.075,23.135,23.075,23.135,10989.0
2026-07-01,2026-07-01 12:05:00,23.14,23.235,23.095,23.095,20563.0
2026-07-01,2026-07-01 12:10:00,23.08,23.18,23.08,23.12,21364.0
2026-07-01,2026-07-01 12:15:00,23.125,23.16,23.11,23.14,12982.0
2026-07-01,2026-07-01 12:20:00,23.145,23.145,23.06,23.075,8871.0
2026-07-01,2026-07-01 12:25:00,23.09,23.09,23.0,23.03,10869.0
2026-07-01,2026-07-01 12:30:00,23.04,23.06,23.0,23.0,6554.0
2026-07-01,2026-07-01 12:35:00,23.01,23.065,23.0,23.04,13535.0
2026-07-01,2026-07-01 12:40:00,23.035,23.035,22.93,22.935,57179.0
2026-07-01,2026-07-01 12:45:00,22.935,22.94,22.88,22.91,20605.0
2026-07-01,2026-07-01 12:50:00,22.93,22.96,22.93,22.95,7056.0
2026-07-01,2026-07-01 12:55:00,22.97,23.02,22.97,22.995,24420.0
2026-07-01,2026-07-01 13:00:00,22.995,23.0415,22.95,22.95,8469.0
2026-07-01,2026-07-01 13:05:00,22.94,22.95,22.94,22.94,6310.0
2026-07-01,2026-07-01 13:10:00,22.91,22.93,22.9,22.91,4265.0
2026-07-01,2026-07-01 13:15:00,22.93,22.96,22.93,22.96,5089.0
2026-07-01,2026-07-01 13:20:00,22.96,22.97,22.92,22.96,8049.0
2026-07-01,2026-07-01 13:25:00,22.955,22.955,22.9,22.93,3624.0
2026-07-01,2026-07-01 13:30:00,22.94,22.94,22.88,22.885,12330.0
2026-07-01,2026-07-01 13:35:00,22.89,22.9325,22.875,22.875,11609.0
2026-07-01,2026-07-01 13:40:00,22.9,22.9225,22.88,22.88,7235.0
2026-07-01,2026-07-01 13:45:00,22.87,22.89,22.865,22.88,5641.0
2026-07-01,2026-07-01 13:50:00,22.8701,22.8701,22.825,22.84,10305.0
2026-07-01,2026-07-01 13:55:00,22.85,22.92,22.85,22.92,4631.0
2026-07-01,2026-07-01 14:00:00,22.9,22.9,22.875,22.88,7121.0
2026-07-01,2026-07-01 14:05:00,22.88,22.92,22.86,22.92,14604.0
2026-07-01,2026-07-01 14:10:00,22.92,22.94,22.9,22.905,13639.0
2026-07-01,2026-07-01 14:15:00,22.9,22.93,22.88,22.92,5712.0
2026-07-01,2026-07-01 14:20:00,22.91,22.92,22.87,22.9,10961.0
2026-07-01,2026-07-01 14:25:00,22.91,22.925,22.89,22.89,12161.0
2026-07-01,2026-07-01 14:30:00,22.9,22.905,22.89,22.905,4498.0
2026-07-01,2026-07-01 14:35:00,22.9,22.9,22.8,22.8,13855.0
2026-07-01,2026-07-01 14:40:00,22.795,22.825,22.795,22.825,6326.0
2026-07-01,2026-07-01 14:45:00,22.825,22.905,22.815,22.9,9734.0
2026-07-01,2026-07-01 14:50:00,22.89,22.89,22.83,22.87,9769.0
2026-07-01,2026-07-01 14:55:00,22.87,22.87,22.84,22.8573,12710.0
2026-07-01,2026-07-01 15:00:00,22.85,22.85,22.82,22.83,7703.0
2026-07-01,2026-07-01 15:05:00,22.825,22.9,22.78,22.89,25017.0
2026-07-01,2026-07-01 15:10:00,22.89,22.94,22.88,22.89,16718.0
2026-07-01,2026-07-01 15:15:00,22.89,22.91,22.84,22.89,19680.0
2026-07-01,2026-07-01 15:20:00,22.905,22.96,22.9,22.92,11572.0
2026-07-01,2026-07-01 15:25:00,22.915,22.935,22.9,22.9,10995.0
2026-07-01,2026-07-01 15:30:00,22.89,22.92,22.875,22.91,23812.0
2026-07-01,2026-07-01 15:35:00,22.905,22.94,22.88,22.94,18416.0
2026-07-01,2026-07-01 15:40:00,22.94,22.945,22.92,22.93,21273.0
2026-07-01,2026-07-01 15:45:00,22.93,22.96,22.91,22.96,35576.0
2026-07-01,2026-07-01 15:50:00,22.97,23.05,22.95,22.96,83650.0
2026-07-01,2026-07-01 15:55:00,22.97,23.07,22.95,23.04,55092.0
2026-07-01,2026-07-01 16:00:00,23.03,23.03,22.86,22.93,289107.0
2026-07-02,2026-07-02 09:35:00,22.88,23.27,22.75,23.27,41071.0
2026-07-02,2026-07-02 09:40:00,23.3,23.58,23.14,23.5,11964.0
2026-07-02,2026-07-02 09:45:00,23.57,23.59,23.36,23.59,18534.0
2026-07-02,2026-07-02 09:50:00,23.52,23.52,23.39,23.405,8610.0
2026-07-02,2026-07-02 09:55:00,23.375,23.53,23.315,23.36,10129.0
2026-07-02,2026-07-02 10:00:00,23.33,23.38,23.2825,23.2825,5696.0
2026-07-02,2026-07-02 10:05:00,23.26,23.34,23.22,23.26,10244.0
2026-07-02,2026-07-02 10:10:00,23.3,23.32,23.25,23.3,6390.0
2026-07-02,2026-07-02 10:15:00,23.3,23.42,23.23,23.29,9334.0
2026-07-02,2026-07-02 10:20:00,23.28,23.39,23.2403,23.34,10601.0
2026-07-02,2026-07-02 10:25:00,23.305,23.335,23.265,23.27,7342.0
2026-07-02,2026-07-02 10:30:00,23.28,23.28,23.08,23.135,5829.0
2026-07-02,2026-07-02 10:35:00,23.11,23.25,23.11,23.155,4366.0
2026-07-02,2026-07-02 10:40:00,23.1,23.29,23.08,23.24,7494.0
2026-07-02,2026-07-02 10:45:00,23.276,23.2799,23.13,23.18,99385.0
2026-07-02,2026-07-02 10:50:00,23.17,23.46,23.17,23.46,10941.0
2026-07-02,2026-07-02 10:55:00,23.45,23.4604,23.32,23.32,14551.0
2026-07-02,2026-07-02 11:00:00,23.3,23.365,23.3,23.365,5771.0
2026-07-02,2026-07-02 11:05:00,23.34,23.49,23.34,23.405,143892.0
2026-07-02,2026-07-02 11:10:00,23.39,23.4,23.22,23.285,42955.0
2026-07-02,2026-07-02 11:15:00,23.275,23.48,23.275,23.475,21425.0
2026-07-02,2026-07-02 11:20:00,23.46,23.475,23.39,23.395,8761.0
2026-07-02,2026-07-02 11:25:00,23.42,23.505,23.42,23.505,10685.0
2026-07-02,2026-07-02 11:30:00,23.5,23.56,23.45,23.46,44648.0
2026-07-02,2026-07-02 11:35:00,23.48,23.535,23.44,23.46,32906.0
2026-07-02,2026-07-02 11:40:00,23.465,23.48,23.42,23.45,8091.0
2026-07-02,2026-07-02 11:45:00,23.448,23.495,23.41,23.42,7650.0
2026-07-02,2026-07-02 11:50:00,23.45,23.465,23.44,23.45,5198.0
2026-07-02,2026-07-02 11:55:00,23.43,23.43,23.37,23.38,5925.0
2026-07-02,2026-07-02 12:00:00,23.37,23.43,23.33,23.43,8805.0
2026-07-02,2026-07-02 12:05:00,23.44,23.44,23.36,23.43,9278.0
2026-07-02,2026-07-02 12:10:00,23.4399,23.4694,23.4101,23.43,10749.0
2026-07-02,2026-07-02 12:15:00,23.46,23.49,23.42,23.46,8058.0
2026-07-02,2026-07-02 12:20:00,23.45,23.45,23.35,23.39,14896.0
2026-07-02,2026-07-02 12:25:00,23.38,23.4,23.355,23.36,4993.0
2026-07-02,2026-07-02 12:30:00,23.36,23.38,23.335,23.35,6513.0
2026-07-02,2026-07-02 12:35:00,23.35,23.35,23.245,23.245,13565.0
2026-07-02,2026-07-02 12:40:00,23.25,23.25,23.155,23.19,11756.0
2026-07-02,2026-07-02 12:45:00,23.2,23.285,23.18,23.285,12746.0
2026-07-02,2026-07-02 12:50:00,23.27,23.32,23.265,23.32,10463.0
2026-07-02,2026-07-02 12:55:00,23.31,23.32,23.24,23.265,19925.0
2026-07-02,2026-07-02 13:00:00,23.265,23.265,23.19,23.24,12395.0
2026-07-02,2026-07-02 13:05:00,23.265,23.265,23.175,23.2,12738.0
2026-07-02,2026-07-02 13:10:00,23.18,23.24,23.18,23.24,5026.0
2026-07-02,2026-07-02 13:15:00,23.22,23.31,23.21,23.31,12244.0
2026-07-02,2026-07-02 13:20:00,23.3,23.38,23.29,23.31,8708.0
2026-07-02,2026-07-02 13:25:00,23.28,23.345,23.28,23.32,6125.0
2026-07-02,2026-07-02 13:30:00,23.33,23.355,23.32,23.33,6835.0
2026-07-02,2026-07-02 13:35:00,23.34,23.4,23.33,23.36,9714.0
2026-07-02,2026-07-02 13:40:00,23.365,23.365,23.3,23.3,6650.0
2026-07-02,2026-07-02 13:45:00,23.3,23.31,23.27,23.305,10132.0
2026-07-02,2026-07-02 13:50:00,23.295,23.295,23.24,23.25,7773.0
2026-07-02,2026-07-02 13:55:00,23.25,23.3,23.25,23.3,6419.0
2026-07-02,2026-07-02 14:00:00,23.2801,23.35,23.265,23.33,14539.0
2026-07-02,2026-07-02 14:05:00,23.36,23.465,23.36,23.465,11194.0
2026-07-02,2026-07-02 14:10:00,23.45,23.62,23.45,23.57,16186.0
2026-07-02,2026-07-02 14:15:00,23.575,23.67,23.57,23.67,12293.0
2026-07-02,2026-07-02 14:20:00,23.68,23.74,23.6001,23.655,62361.0
2026-07-02,2026-07-02 14:25:00,23.64,23.71,23.64,23.71,9725.0
2026-07-02,2026-07-02 14:30:00,23.705,23.865,23.69,23.865,18618.0
2026-07-02,2026-07-02 14:35:00,23.85,23.86,23.8,23.8228,11416.0
2026-07-02,2026-07-02 14:40:00,23.83,23.865,23.78,23.83,15524.0
2026-07-02,2026-07-02 14:45:00,23.8313,23.875,23.825,23.875,14933.0
2026-07-02,2026-07-02 14:50:00,23.85,23.87,23.8,23.845,16812.0
2026-07-02,2026-07-02 14:55:00,23.845,23.85,23.805,23.82,10238.0
2026-07-02,2026-07-02 15:00:00,23.83,23.865,23.825,23.83,10105.0
2026-07-02,2026-07-02 15:05:00,23.83,23.83,23.77,23.79,16629.0
2026-07-02,2026-07-02 15:10:00,23.79,23.83,23.74,23.82,15891.0
2026-07-02,2026-07-02 15:15:00,23.81,23.845,23.8,23.84,13392.0
2026-07-02,2026-07-02 15:20:00,23.83,23.835,23.775,23.81,17746.0
2026-07-02,2026-07-02 15:25:00,23.81,23.825,23.74,23.76,23302.0
2026-07-02,2026-07-02 15:30:00,23.75,23.805,23.75,23.79,20359.0
2026-07-02,2026-07-02 15:35:00,23.78,23.84,23.76,23.835,31032.0
2026-07-02,2026-07-02 15:40:00,23.82,23.825,23.71,23.795,29278.0
2026-07-02,2026-07-02 15:45:00,23.78,23.825,23.75,23.81,82737.0
2026-07-02,2026-07-02 15:50:00,23.815,23.815,23.74,23.76,46693.0
2026-07-02,2026-07-02 15:55:00,23.77,23.79,23.65,23.74,143401.0
2026-07-02,2026-07-02 16:00:00,23.73,23.84,23.695,23.81,456094.0
2026-07-06,2026-07-06 09:35:00,23.36,24.08,23.2693,24.08,55505.0
2026-07-06,2026-07-06 09:40:00,24.08,24.24,23.79,23.835,48788.0
2026-07-06,2026-07-06 09:45:00,23.79,23.99,23.6801,23.84,40042.0
2026-07-06,2026-07-06 09:50:00,23.88,24.025,23.75,24.025,31975.0
2026-07-06,2026-07-06 09:55:00,24.085,24.125,23.92,23.92,11964.0
2026-07-06,2026-07-06 10:00:00,23.94,24.035,23.86,24.005,12113.0
2026-07-06,2026-07-06 10:05:00,23.98,24.04,23.72,23.72,20854.0
2026-07-06,2026-07-06 10:10:00,23.685,23.71,23.595,23.63,11959.0
2026-07-06,2026-07-06 10:15:00,23.615,23.615,23.46,23.46,11427.0
2026-07-06,2026-07-06 10:20:00,23.445,23.445,23.29,23.32,7922.0
2026-07-06,2026-07-06 10:25:00,23.325,23.44,23.32,23.43,10923.0
2026-07-06,2026-07-06 10:30:00,23.445,23.48,23.41,23.455,10148.0
2026-07-06,2026-07-06 10:35:00,23.45,23.55,23.45,23.46,9180.0
2026-07-06,2026-07-06 10:40:00,23.415,23.495,23.4072,23.46,5063.0
2026-07-06,2026-07-06 10:45:00,23.46,23.48,23.405,23.435,11298.0
2026-07-06,2026-07-06 10:50:00,23.45,23.58,23.41,23.58,9039.0
2026-07-06,2026-07-06 10:55:00,23.61,23.62,23.52,23.6,8141.0
2026-07-06,2026-07-06 11:00:00,23.56,23.705,23.55,23.705,6117.0
2026-07-06,2026-07-06 11:05:00,23.705,23.81,23.62,23.62,14599.0
2026-07-06,2026-07-06 11:10:00,23.65,23.73,23.64,23.7,7396.0
2026-07-06,2026-07-06 11:15:00,23.71,23.78,23.71,23.77,10348.0
2026-07-06,2026-07-06 11:20:00,23.79,23.865,23.79,23.84,10385.0
2026-07-06,2026-07-06 11:25:00,23.84,23.95,23.84,23.92,6330.0
2026-07-06,2026-07-06 11:30:00,23.94,23.99,23.94,23.96,6710.0
2026-07-06,2026-07-06 11:35:00,23.99,24.01,23.93,23.93,7610.0
2026-07-06,2026-07-06 11:40:00,23.925,23.925,23.87,23.89,8531.0
2026-07-06,2026-07-06 11:45:00,23.88,23.93,23.87,23.88,6883.0
2026-07-06,2026-07-06 11:50:00,23.88,23.93,23.88,23.905,3904.0
2026-07-06,2026-07-06 11:55:00,23.92,23.945,23.91,23.91,6849.0
2026-07-06,2026-07-06 12:00:00,23.89,23.95,23.89,23.945,4286.0
2026-07-06,2026-07-06 12:05:00,23.94,23.94,23.88,23.89,4539.0
2026-07-06,2026-07-06 12:10:00,23.88,23.97,23.88,23.92,7065.0
2026-07-06,2026-07-06 12:15:00,23.94,23.94,23.87,23.91,5191.0
2026-07-06,2026-07-06 12:20:00,23.91,23.95,23.89,23.95,6706.0
2026-07-06,2026-07-06 12:25:00,23.96,23.97,23.94,23.96,5321.0
2026-07-06,2026-07-06 12:30:00,23.96,23.975,23.94,23.96,5584.0
2026-07-06,2026-07-06 12:35:00,23.96,24.02,23.93,24.02,3766.0
2026-07-06,2026-07-06 12:40:00,24.03,24.035,23.98,24.0,4023.0
2026-07-06,2026-07-06 12:45:00,24.01,24.02,23.995,23.995,5042.0
2026-07-06,2026-07-06 12:50:00,23.99,24.03,23.98,24.03,5604.0
2026-07-06,2026-07-06 12:55:00,24.04,24.04,24.02,24.02,2472.0
2026-07-06,2026-07-06 13:00:00,24.005,24.03,23.99,24.005,4878.0
2026-07-06,2026-07-06 13:05:00,23.97,24.035,23.97,24.02,6551.0
2026-07-06,2026-07-06 13:10:00,24.0,24.03,24.0,24.025,2877.0
2026-07-06,2026-07-06 13:15:00,24.025,24.04,24.01,24.04,5906.0
2026-07-06,2026-07-06 13:20:00,24.04,24.07,24.03,24.055,5549.0
2026-07-06,2026-07-06 13:25:00,24.02,24.03,23.995,24.005,3837.0
2026-07-06,2026-07-06 13:30:00,24.025,24.025,23.96,23.96,5173.0
2026-07-06,2026-07-06 13:35:00,23.96,23.97,23.91,23.94,8912.0
2026-07-06,2026-07-06 13:40:00,23.93,23.935,23.92,23.93,2606.0
2026-07-06,2026-07-06 13:45:00,23.92,23.93,23.905,23.92,5045.0
2026-07-06,2026-07-06 13:50:00,23.915,23.92,23.88,23.905,6634.0
2026-07-06,2026-07-06 13:55:00,23.905,23.905,23.85,23.865,4692.0
2026-07-06,2026-07-06 14:00:00,23.86,23.87,23.84,23.87,6330.0
2026-07-06,2026-07-06 14:05:00,23.86,23.86,23.815,23.815,4093.0
2026-07-06,2026-07-06 14:10:00,23.81,23.95,23.79,23.95,18264.0
2026-07-06,2026-07-06 14:15:00,23.945,23.98,23.895,23.9,25812.0
2026-07-06,2026-07-06 14:20:00,23.89,23.97,23.89,23.935,12877.0
2026-07-06,2026-07-06 14:25:00,23.935,24.03,23.92,24.03,9398.0
2026-07-06,2026-07-06 14:30:00,24.04,24.05,24.005,24.005,7480.0
2026-07-06,2026-07-06 14:35:00,24.025,24.1,24.0,24.09,21563.0
2026-07-06,2026-07-06 14:40:00,24.09,24.09,24.01,24.03,7792.0
2026-07-06,2026-07-06 14:45:00,24.04,24.04,24.0,24.01,9170.0
2026-07-06,2026-07-06 14:50:00,24.03,24.06,24.03,24.06,8548.0
2026-07-06,2026-07-06 14:55:00,24.06,24.07,24.025,24.04,8444.0
2026-07-06,2026-07-06 15:00:00,24.04,24.05,24.01,24.01,8380.0
2026-07-06,2026-07-06 15:05:00,24.01,24.05,23.985,24.05,14413.0
2026-07-06,2026-07-06 15:10:00,24.05,24.08,24.04,24.08,9296.0
2026-07-06,2026-07-06 15:15:00,24.075,24.19,24.06,24.1894,10547.0
2026-07-06,2026-07-06 15:20:00,24.18,24.22,24.16,24.22,13100.0
2026-07-06,2026-07-06 15:25:00,24.22,24.245,24.215,24.23,14407.0
2026-07-06,2026-07-06 15:30:00,24.21,24.255,24.205,24.225,18844.0
2026-07-06,2026-07-06 15:35:00,24.23,24.265,24.22,24.22,26670.0
2026-07-06,2026-07-06 15:40:00,24.21,24.23,24.16,24.23,22382.0
2026-07-06,2026-07-06 15:45:00,24.23,24.23,24.16,24.16,26450.0
2026-07-06,2026-07-06 15:50:00,24.17,24.4,24.17,24.375,39779.0
2026-07-06,2026-07-06 15:55:00,24.37,24.37,24.16,24.175,116104.0
2026-07-06,2026-07-06 16:00:00,24.19,24.26,24.09,24.15,883472.0
2026-07-07,2026-07-07 09:35:00,24.78,25.02,24.76,24.82,58100.0
2026-07-07,2026-07-07 09:40:00,24.87,25.04,24.86,24.95,50243.0
2026-07-07,2026-07-07 09:45:00,24.93,25.0,24.66,24.81,17508.0
2026-07-07,2026-07-07 09:50:00,24.75,24.88,24.65,24.665,7300.0
2026-07-07,2026-07-07 09:55:00,24.64,24.64,24.445,24.55,13604.0
2026-07-07,2026-07-07 10:00:00,24.49,24.62,24.48,24.55,10195.0
2026-07-07,2026-07-07 10:05:00,24.55,24.58,24.475,24.53,25855.0
2026-07-07,2026-07-07 10:10:00,24.51,24.64,24.505,24.545,10315.0
2026-07-07,2026-07-07 10:15:00,24.56,24.5758,24.4571,24.54,15029.0
2026-07-07,2026-07-07 10:20:00,24.52,24.85,24.5,24.85,20212.0
2026-07-07,2026-07-07 10:25:00,24.88,24.9,24.74,24.74,6673.0
2026-07-07,2026-07-07 10:30:00,24.685,24.7986,24.66,24.71,11224.0
2026-07-07,2026-07-07 10:35:00,24.725,24.775,24.67,24.67,6983.0
2026-07-07,2026-07-07 10:40:00,24.645,24.77,24.61,24.76,12021.0
2026-07-07,2026-07-07 10:45:00,24.72,24.75,24.65,24.72,35598.0
2026-07-07,2026-07-07 10:50:00,24.74,24.81,24.74,24.8,4986.0
2026-07-07,2026-07-07 10:55:00,24.8,24.83,24.735,24.735,6207.0
2026-07-07,2026-07-07 11:00:00,24.77,24.88,24.76,24.765,13523.0
2026-07-07,2026-07-07 11:05:00,24.76,24.79,24.76,24.785,8462.0
2026-07-07,2026-07-07 11:10:00,24.7769,24.91,24.7769,24.91,19575.0
2026-07-07,2026-07-07 11:15:00,24.95,24.95,24.8,24.8,48735.0
2026-07-07,2026-07-07 11:20:00,24.8,24.8,24.76,24.76,7080.0
2026-07-07,2026-07-07 11:25:00,24.75,24.82,24.72,24.8,10909.0
2026-07-07,2026-07-07 11:30:00,24.8,24.86,24.8,24.81,8555.0
2026-07-07,2026-07-07 11:35:00,24.81,24.84,24.795,24.795,5700.0
2026-07-07,2026-07-07 11:40:00,24.8097,24.855,24.77,24.79,8404.0
2026-07-07,2026-07-07 11:45:00,24.75,24.84,24.74,24.83,6651.0
2026-07-07,2026-07-07 11:50:00,24.86,24.89,24.83,24.83,7591.0
2026-07-07,2026-07-07 11:55:00,24.81,24.85,24.78,24.8,7022.0
2026-07-07,2026-07-07 12:00:00,24.8,24.9,24.79,24.9,15290.0
2026-07-07,2026-07-07 12:05:00,24.9,25.04,24.89,24.97,60564.0
2026-07-07,2026-07-07 12:10:00,24.98,24.98,24.925,24.93,17649.0
2026-07-07,2026-07-07 12:15:00,24.91,24.96,24.9,24.925,9289.0
2026-07-07,2026-07-07 12:20:00,24.92,24.92,24.86,24.86,7466.0
2026-07-07,2026-07-07 12:25:00,24.87,24.89,24.83,24.88,9735.0
2026-07-07,2026-07-07 12:30:00,24.9,24.93,24.9,24.91,3934.0
2026-07-07,2026-07-07 12:35:00,24.905,25.05,24.905,25.04,14529.0
2026-07-07,2026-07-07 12:40:00,25.03,25.06,25.02,25.04,4763.0
2026-07-07,2026-07-07 12:45:00,25.05,25.08,25.05,25.065,6832.0
2026-07-07,2026-07-07 12:50:00,25.06,25.075,25.035,25.05,9138.0
2026-07-07,2026-07-07 12:55:00,25.045,25.0799,25.04,25.07,7203.0
2026-07-07,2026-07-07 13:00:00,25.07,25.14,25.05,25.14,12717.0
2026-07-07,2026-07-07 13:05:00,25.132533,25.275,25.13,25.265,18308.0
2026-07-07,2026-07-07 13:10:00,25.2659,25.36,25.21,25.21,48846.0
2026-07-07,2026-07-07 13:15:00,25.2,25.2687,25.2,25.26,7193.0
2026-07-07,2026-07-07 13:20:00,25.26,25.26,25.215,25.22,12190.0
2026-07-07,2026-07-07 13:25:00,25.24,25.26,25.2,25.26,8619.0
2026-07-07,2026-07-07 13:30:00,25.27,25.27,25.235,25.24,6655.0
2026-07-07,2026-07-07 13:35:00,25.24,25.25,25.22,25.23,10688.0
2026-07-07,2026-07-07 13:40:00,25.225,25.235,25.21,25.235,6572.0
2026-07-07,2026-07-07 13:45:00,25.22,25.28,25.22,25.27,5834.0
2026-07-07,2026-07-07 13:50:00,25.29,25.29,25.27,25.2806,9650.0
2026-07-07,2026-07-07 13:55:00,25.2829,25.32,25.28,25.29,5526.0
2026-07-07,2026-07-07 14:00:00,25.29,25.3,25.265,25.28,6308.0
2026-07-07,2026-07-07 14:05:00,25.27,25.27,25.16,25.19,31284.0
2026-07-07,2026-07-07 14:10:00,25.195,25.22,25.09,25.09,18208.0
2026-07-07,2026-07-07 14:15:00,25.09,25.095,25.05,25.095,8552.0
2026-07-07,2026-07-07 14:20:00,25.1,25.11,25.09,25.095,10297.0
2026-07-07,2026-07-07 14:25:00,25.09,25.09,25.065,25.065,6219.0
2026-07-07,2026-07-07 14:30:00,25.065,25.08,25.03,25.05,10481.0
2026-07-07,2026-07-07 14:35:00,25.045,25.045,24.96,24.96,14461.0
2026-07-07,2026-07-07 14:40:00,24.965,24.99,24.94,24.96,7457.0
2026-07-07,2026-07-07 14:45:00,24.96,24.96,24.91,24.91,7933.0
2026-07-07,2026-07-07 14:50:00,24.91,24.93,24.825,24.845,11842.0
2026-07-07,2026-07-07 14:55:00,24.83,24.84,24.78,24.84,5680.0
2026-07-07,2026-07-07 15:00:00,24.83,24.87,24.83,24.85,13864.0
2026-07-07,2026-07-07 15:05:00,24.86,24.86,24.81,24.85,14268.0
2026-07-07,2026-07-07 15:10:00,24.86,24.87,24.785,24.785,10099.0
2026-07-07,2026-07-07 15:15:00,24.77,24.81,24.77,24.79,7392.0
2026-07-07,2026-07-07 15:20:00,24.78,24.78,24.72,24.7266,10585.0
2026-07-07,2026-07-07 15:25:00,24.73,24.74,24.6949,24.71,10205.0
2026-07-07,2026-07-07 15:30:00,24.7,24.7,24.61,24.61,29567.0
2026-07-07,2026-07-07 15:35:00,24.6,24.63,24.565,24.63,21139.0
2026-07-07,2026-07-07 15:40:00,24.62,24.63,24.6,24.6,20994.0
2026-07-07,2026-07-07 15:45:00,24.61,24.67,24.56,24.59,19780.0
2026-07-07,2026-07-07 15:50:00,24.6,24.68,24.6,24.675,10175.0
2026-07-07,2026-07-07 15:55:00,24.67,24.67,24.555,24.555,29460.0
2026-07-07,2026-07-07 16:00:00,24.55,24.55,24.395,24.4,237201.0
2026-07-08,2026-07-08 09:35:00,23.804,24.41,23.7,24.185,31811.0
2026-07-08,2026-07-08 09:40:00,24.185,24.28,24.03,24.27,9987.0
2026-07-08,2026-07-08 09:45:00,24.19,24.28,24.01,24.12,6859.0
2026-07-08,2026-07-08 09:50:00,24.14,24.14,24.025,24.045,5566.0
2026-07-08,2026-07-08 09:55:00,23.94,23.94,23.64,23.65,12302.0
2026-07-08,2026-07-08 10:00:00,23.69,23.855,23.65,23.805,12432.0
2026-07-08,2026-07-08 10:05:00,23.805,23.82,23.735,23.79,17541.0
2026-07-08,2026-07-08 10:10:00,23.8,24.0,23.8,23.955,14785.0
2026-07-08,2026-07-08 10:15:00,23.93,23.95,23.8,23.81,14686.0
2026-07-08,2026-07-08 10:20:00,23.78,23.79,23.69,23.71,6160.0
2026-07-08,2026-07-08 10:25:00,23.72,23.86,23.68,23.685,10589.0
2026-07-08,2026-07-08 10:30:00,23.68,23.74,23.635,23.73,30528.0
2026-07-08,2026-07-08 10:35:00,23.71,23.78,23.66,23.78,6618.0
2026-07-08,2026-07-08 10:40:00,23.75,23.78,23.7,23.7,7861.0
2026-07-08,2026-07-08 10:45:00,23.7,23.77,23.69,23.77,9429.0
2026-07-08,2026-07-08 10:50:00,23.77,23.77,23.7,23.74,6135.0
2026-07-08,2026-07-08 10:55:00,23.75,23.84,23.725,23.8,15680.0
2026-07-08,2026-07-08 11:00:00,23.795,23.795,23.73,23.74,6257.0
2026-07-08,2026-07-08 11:05:00,23.75,23.77,23.73,23.76,9105.0
2026-07-08,2026-07-08 11:10:00,23.79,23.88,23.79,23.87,5934.0
2026-07-08,2026-07-08 11:15:00,23.86,23.89,23.83,23.83,12826.0
2026-07-08,2026-07-08 11:20:00,23.83,23.85,23.81,23.81,5647.0
2026-07-08,2026-07-08 11:25:00,23.8,23.805,23.74,23.74,12256.0
2026-07-08,2026-07-08 11:30:00,23.705,23.78,23.705,23.77,4703.0
2026-07-08,2026-07-08 11:35:00,23.77,23.77,23.695,23.72,6867.0
2026-07-08,2026-07-08 11:40:00,23.72,23.72,23.66,23.69,7847.0
2026-07-08,2026-07-08 11:45:00,23.7,23.72,23.62,23.65,28633.0
2026-07-08,2026-07-08 11:50:00,23.636,23.67,23.6,23.67,12402.0
2026-07-08,2026-07-08 11:55:00,23.66,23.66,23.553,23.65,11115.0
2026-07-08,2026-07-08 12:00:00,23.65,23.71,23.65,23.71,7562.0
2026-07-08,2026-07-08 12:05:00,23.72,23.86,23.72,23.86,10944.0
2026-07-08,2026-07-08 12:10:00,23.88,23.92,23.88,23.9,9700.0
2026-07-08,2026-07-08 12:15:00,23.9,23.985,23.9,23.94,8283.0
2026-07-08,2026-07-08 12:20:00,23.92,23.95,23.92,23.93,6820.0
2026-07-08,2026-07-08 12:25:00,23.92,23.96,23.905,23.9466,7347.0
2026-07-08,2026-07-08 12:30:00,23.96,24.01,23.95,24.01,7194.0
2026-07-08,2026-07-08 12:35:00,24.02,24.07,23.98,23.98,11247.0
2026-07-08,2026-07-08 12:40:00,23.98,24.005,23.88,23.95,13161.0
2026-07-08,2026-07-08 12:45:00,23.95,24.01,23.93,23.965,8379.0
2026-07-08,2026-07-08 12:50:00,23.95,23.97,23.885,23.885,6066.0
2026-07-08,2026-07-08 12:55:00,23.9,23.905,23.86,23.87,9077.0
2026-07-08,2026-07-08 13:00:00,23.87,23.91,23.87,23.91,7068.0
2026-07-08,2026-07-08 13:05:00,23.91,23.915,23.87,23.87,8441.0
2026-07-08,2026-07-08 13:10:00,23.88,23.89,23.79,23.79,15176.0
2026-07-08,2026-07-08 13:15:00,23.74,23.74,23.715,23.74,5733.0
2026-07-08,2026-07-08 13:20:00,23.73,23.79,23.73,23.79,7565.0
2026-07-08,2026-07-08 13:25:00,23.79,23.8,23.785,23.785,12111.0
2026-07-08,2026-07-08 13:30:00,23.79,23.83,23.78,23.83,12650.0
2026-07-08,2026-07-08 13:35:00,23.81,23.815,23.77,23.77,10361.0
2026-07-08,2026-07-08 13:40:00,23.765,23.77,23.73,23.76,4844.0
2026-07-08,2026-07-08 13:45:00,23.76,23.79,23.735,23.78,9848.0
2026-07-08,2026-07-08 13:50:00,23.775,23.79,23.74,23.79,5879.0
2026-07-08,2026-07-08 13:55:00,23.7928,23.8,23.78,23.78,9687.0
2026-07-08,2026-07-08 14:00:00,23.77,23.78,23.765,23.77,9621.0
2026-07-08,2026-07-08 14:05:00,23.76,23.88,23.76,23.87,12237.0
2026-07-08,2026-07-08 14:10:00,23.85,23.865,23.81,23.82,17875.0
2026-07-08,2026-07-08 14:15:00,23.81,23.93,23.795,23.9,15606.0
2026-07-08,2026-07-08 14:20:00,23.89,23.89,23.84,23.875,12325.0
2026-07-08,2026-07-08 14:25:00,23.875,23.875,23.835,23.87,10262.0
2026-07-08,2026-07-08 14:30:00,23.87,23.9,23.86,23.9,24341.0
2026-07-08,2026-07-08 14:35:00,23.89,23.9,23.85,23.87,23889.0
2026-07-08,2026-07-08 14:40:00,23.86,23.915,23.86,23.91,14498.0
2026-07-08,2026-07-08 14:45:00,23.91,23.92,23.87,23.91,11235.0
2026-07-08,2026-07-08 14:50:00,23.92,23.925,23.9,23.92,16037.0
2026-07-08,2026-07-08 14:55:00,23.92,23.92,23.89,23.915,14910.0
2026-07-08,2026-07-08 15:00:00,23.9,23.9,23.88,23.88,7632.0
2026-07-08,2026-07-08 15:05:00,23.88,23.88,23.79,23.79,13259.0
2026-07-08,2026-07-08 15:10:00,23.8,23.815,23.755,23.77,13093.0
2026-07-08,2026-07-08 15:15:00,23.78,23.785,23.75,23.75,10141.0
2026-07-08,2026-07-08 15:20:00,23.75,23.835,23.745,23.81,47225.0
2026-07-08,2026-07-08 15:25:00,23.81,23.83,23.795,23.8094,10726.0
2026-07-08,2026-07-08 15:30:00,23.8,23.83,23.78,23.785,35436.0
2026-07-08,2026-07-08 15:35:00,23.79,23.82,23.79,23.82,22861.0
2026-07-08,2026-07-08 15:40:00,23.815,23.91,23.815,23.89,31182.0
2026-07-08,2026-07-08 15:45:00,23.88,23.92,23.84,23.84,38345.0
2026-07-08,2026-07-08 15:50:00,23.85,23.9,23.82,23.85,33541.0
2026-07-08,2026-07-08 15:55:00,23.84,23.87,23.735,23.78,54893.0
2026-07-08,2026-07-08 16:00:00,23.78,23.835,23.76,23.8,335913.0
2026-07-09,2026-07-09 09:35:00,22.785,23.33,22.55,23.33,58119.0
2026-07-09,2026-07-09 09:40:00,23.345,23.79,23.2596,23.54,10603.0
2026-07-09,2026-07-09 09:45:00,23.685,23.97,23.685,23.85,6259.0
2026-07-09,2026-07-09 09:50:00,23.985,24.1039,23.91,24.095,7780.0
2026-07-09,2026-07-09 09:55:00,24.16,24.235,24.085,24.13,14649.0
2026-07-09,2026-07-09 10:00:00,24.185,24.335,24.13,24.27,25814.0
2026-07-09,2026-07-09 10:05:00,24.18,24.29,24.145,24.2,25400.0
2026-07-09,2026-07-09 10:10:00,24.24,24.325,24.24,24.26,5132.0
2026-07-09,2026-07-09 10:15:00,24.22,24.38,24.18,24.345,8837.0
2026-07-09,2026-07-09 10:20:00,24.345,24.39,24.18,24.235,13326.0
2026-07-09,2026-07-09 10:25:00,24.23,24.29,24.15,24.28,16213.0
2026-07-09,2026-07-09 10:30:00,24.29,24.37,24.24,24.335,8581.0
2026-07-09,2026-07-09 10:35:00,24.335,24.34,24.27,24.32,10411.0
2026-07-09,2026-07-09 10:40:00,24.34,24.57,24.325,24.57,10071.0
2026-07-09,2026-07-09 10:45:00,24.52,24.59,24.49,24.49,14821.0
2026-07-09,2026-07-09 10:50:00,24.525,24.61,24.5,24.52,19605.0
2026-07-09,2026-07-09 10:55:00,24.5072,24.52,24.405,24.455,8222.0
2026-07-09,2026-07-09 11:00:00,24.465,24.51,24.38,24.485,4922.0
2026-07-09,2026-07-09 11:05:00,24.5,24.525,24.415,24.415,14940.0
2026-07-09,2026-07-09 11:10:00,24.41,24.52,24.41,24.42,9903.0
2026-07-09,2026-07-09 11:15:00,24.44,24.45,24.38,24.3999,5166.0
2026-07-09,2026-07-09 11:20:00,24.38,24.445,24.38,24.41,10443.0
2026-07-09,2026-07-09 11:25:00,24.4,24.46,24.39,24.45,6205.0
2026-07-09,2026-07-09 11:30:00,24.46,24.53,24.43,24.43,14906.0
2026-07-09,2026-07-09 11:35:00,24.45,24.45,24.42,24.45,5781.0
2026-07-09,2026-07-09 11:40:00,24.45,24.49,24.44,24.475,7424.0
2026-07-09,2026-07-09 11:45:00,24.49,24.54,24.49,24.52,17891.0
2026-07-09,2026-07-09 11:50:00,24.52,24.55,24.45,24.46,8724.0
2026-07-09,2026-07-09 11:55:00,24.41,24.44,24.36,24.41,12582.0
2026-07-09,2026-07-09 12:00:00,24.405,24.44,24.405,24.43,6182.0
2026-07-09,2026-07-09 12:05:00,24.435,24.46,24.415,24.43,8146.0
2026-07-09,2026-07-09 12:10:00,24.46,24.47,24.42,24.43,7014.0
2026-07-09,2026-07-09 12:15:00,24.435,24.435,24.375,24.4,6137.0
2026-07-09,2026-07-09 12:20:00,24.4,24.41,24.375,24.39,8377.0
2026-07-09,2026-07-09 12:25:00,24.4,24.45,24.39,24.45,7684.0
2026-07-09,2026-07-09 12:30:00,24.445,24.445,24.42,24.44,3808.0
2026-07-09,2026-07-09 12:35:00,24.45,24.46,24.44,24.45,4606.0
2026-07-09,2026-07-09 12:40:00,24.46,24.46,24.4117,24.43,6346.0
2026-07-09,2026-07-09 12:45:00,24.45,24.46,24.44,24.44,4852.0
2026-07-09,2026-07-09 12:50:00,24.45,24.47,24.43,24.45,8699.0
2026-07-09,2026-07-09 12:55:00,24.43,24.435,24.38,24.38,7290.0
2026-07-09,2026-07-09 13:00:00,24.39,24.43,24.39,24.42,4911.0
2026-07-09,2026-07-09 13:05:00,24.43,24.43,24.4,24.405,3953.0
2026-07-09,2026-07-09 13:10:00,24.4,24.425,24.39,24.39,7130.0
2026-07-09,2026-07-09 13:15:00,24.38,24.4,24.36,24.36,6482.0
2026-07-09,2026-07-09 13:20:00,24.36,24.4009,24.36,24.4,6921.0
2026-07-09,2026-07-09 13:25:00,24.405,24.405,24.39,24.4,3437.0
2026-07-09,2026-07-09 13:30:00,24.39,24.475,24.39,24.475,6336.0
2026-07-09,2026-07-09 13:35:00,24.48,24.48,24.425,24.43,6139.0
2026-07-09,2026-07-09 13:40:00,24.43,24.43,24.37,24.37,7759.0
2026-07-09,2026-07-09 13:45:00,24.375,24.42,24.33,24.42,8383.0
2026-07-09,2026-07-09 13:50:00,24.42,24.46,24.41,24.42,4672.0
2026-07-09,2026-07-09 13:55:00,24.42,24.46,24.42,24.45,4840.0
2026-07-09,2026-07-09 14:00:00,24.44,24.47,24.42,24.44,9653.0
2026-07-09,2026-07-09 14:05:00,24.43,24.44,24.4,24.41,9184.0
2026-07-09,2026-07-09 14:10:00,24.43,24.43,24.41,24.43,6424.0
2026-07-09,2026-07-09 14:15:00,24.42,24.47,24.42,24.44,9572.0
2026-07-09,2026-07-09 14:20:00,24.45,24.45,24.4,24.42,16212.0
2026-07-09,2026-07-09 14:25:00,24.42,24.435,24.4,24.415,10000.0
2026-07-09,2026-07-09 14:30:00,24.41,24.45,24.41,24.435,7800.0
2026-07-09,2026-07-09 14:35:00,24.435,24.45,24.41,24.45,10996.0
2026-07-09,2026-07-09 14:40:00,24.46,24.48,24.46,24.46,5701.0
2026-07-09,2026-07-09 14:45:00,24.45,24.46,24.43,24.44,4704.0
2026-07-09,2026-07-09 14:50:00,24.45,24.45,24.425,24.425,4802.0
2026-07-09,2026-07-09 14:55:00,24.425,24.43,24.42,24.43,7469.0
2026-07-09,2026-07-09 15:00:00,24.44,24.46,24.42,24.45,11755.0
2026-07-09,2026-07-09 15:05:00,24.44,24.44,24.405,24.41,14577.0
2026-07-09,2026-07-09 15:10:00,24.41,24.43,24.35,24.36,24109.0
2026-07-09,2026-07-09 15:15:00,24.36,24.39,24.25,24.335,105866.0
2026-07-09,2026-07-09 15:20:00,24.33,24.36,24.33,24.345,28837.0
2026-07-09,2026-07-09 15:25:00,24.345,24.35,24.32,24.335,19189.0
2026-07-09,2026-07-09 15:30:00,24.33,24.355,24.315,24.32,20799.0
2026-07-09,2026-07-09 15:35:00,24.32,24.4,24.305,24.4,45392.0
2026-07-09,2026-07-09 15:40:00,24.4,24.43,24.365,24.42,29428.0
2026-07-09,2026-07-09 15:45:00,24.42,24.5,24.42,24.49,37686.0
2026-07-09,2026-07-09 15:50:00,24.49,24.52,24.44,24.49,29397.0
2026-07-09,2026-07-09 15:55:00,24.49,24.49,24.36,24.37,72597.0
2026-07-09,2026-07-09 16:00:00,24.37,24.88,24.34,24.84,711016.0
2026-07-10,2026-07-10 09:35:00,25.433,25.62,25.2,25.26,56936.0
2026-07-10,2026-07-10 09:40:00,25.2,25.73,25.175,25.7,16996.0
2026-07-10,2026-07-10 09:45:00,25.675,25.9,25.58,25.58,47527.0
2026-07-10,2026-07-10 09:50:00,25.596,25.635,25.395,25.5,13712.0
2026-07-10,2026-07-10 09:55:00,25.46,25.64,25.4,25.49,20386.0
2026-07-10,2026-07-10 10:00:00,25.46,25.55,25.35,25.35,8135.0
2026-07-10,2026-07-10 10:05:00,25.27,25.28,25.115,25.25,17533.0
2026-07-10,2026-07-10 10:10:00,25.25,25.305,25.2,25.255,9601.0
2026-07-10,2026-07-10 10:15:00,25.25,25.28,25.2,25.23,10179.0
2026-07-10,2026-07-10 10:20:00,25.185,25.31,25.16,25.21,7367.0
2026-07-10,2026-07-10 10:25:00,25.165,25.17,25.02,25.07,13975.0
2026-07-10,2026-07-10 10:30:00,25.04,25.105,24.99,25.105,14195.0
2026-07-10,2026-07-10 10:35:00,25.095,25.13,24.77,24.875,40154.0
2026-07-10,2026-07-10 10:40:00,24.875,24.98,24.75,24.98,15856.0
2026-07-10,2026-07-10 10:45:00,24.925,24.99,24.81,24.99,8677.0
2026-07-10,2026-07-10 10:50:00,25.01,25.055,24.94,25.055,8077.0
2026-07-10,2026-07-10 10:55:00,25.06,25.06,24.94,24.98,11560.0
2026-07-10,2026-07-10 11:00:00,24.97,25.01,24.95,24.97,13001.0
2026-07-10,2026-07-10 11:05:00,24.97,24.98,24.925,24.96,8349.0
2026-07-10,2026-07-10 11:10:00,24.945,24.99,24.94,24.95,5142.0
2026-07-10,2026-07-10 11:15:00,24.93,24.99,24.9,24.96,13711.0
2026-07-10,2026-07-10 11:20:00,25.0,25.005,24.925,24.925,8337.0
2026-07-10,2026-07-10 11:25:00,24.925,25.0242,24.925,25.01,8885.0
2026-07-10,2026-07-10 11:30:00,25.02,25.02,24.95,24.96,7925.0
2026-07-10,2026-07-10 11:35:00,24.94,24.99,24.92,24.98,6489.0
2026-07-10,2026-07-10 11:40:00,24.97,25.03,24.96,24.97,6054.0
2026-07-10,2026-07-10 11:45:00,24.98,24.995,24.93,24.98,4158.0
2026-07-10,2026-07-10 11:50:00,24.98,25.04,24.96,25.04,4011.0
2026-07-10,2026-07-10 11:55:00,25.01,25.05,25.0,25.02,4926.0
2026-07-10,2026-07-10 12:00:00,25.05,25.085,25.03,25.075,11636.0
2026-07-10,2026-07-10 12:05:00,25.07,25.08,24.99,25.0,8051.0
2026-07-10,2026-07-10 12:10:00,24.99,25.03,24.96,25.01,7954.0
2026-07-10,2026-07-10 12:15:00,25.03,25.04,24.99,25.04,6833.0
2026-07-10,2026-07-10 12:20:00,25.04,25.04,25.0,25.02,4516.0
2026-07-10,2026-07-10 12:25:00,25.015,25.015,24.95,24.97,9128.0
2026-07-10,2026-07-10 12:30:00,24.975,25.02,24.93,25.02,9590.0
2026-07-10,2026-07-10 12:35:00,25.01,25.07,25.01,25.03,12258.0
2026-07-10,2026-07-10 12:40:00,25.01,25.02,24.99,24.995,5388.0
2026-07-10,2026-07-10 12:45:00,25.01,25.01,24.95,24.985,14977.0
2026-07-10,2026-07-10 12:50:00,24.98,24.985,24.9,24.9,6238.0
2026-07-10,2026-07-10 12:55:00,24.9083,24.94,24.89,24.93,7912.0
2026-07-10,2026-07-10 13:00:00,24.94,24.99,24.94,24.99,4708.0
2026-07-10,2026-07-10 13:05:00,25.0,25.06,25.0,25.04,5840.0
2026-07-10,2026-07-10 13:10:00,25.025,25.04,24.97,24.98,6210.0
2026-07-10,2026-07-10 13:15:00,24.97,25.13,24.95,25.12,38370.0
2026-07-10,2026-07-10 13:20:00,25.115,25.13,25.08,25.1,4537.0
2026-07-10,2026-07-10 13:25:00,25.08,25.12,25.08,25.085,13183.0
2026-07-10,2026-07-10 13:30:00,25.075,25.1118,25.06,25.06,11370.0
2026-07-10,2026-07-10 13:35:00,25.07,25.08,25.045,25.07,5741.0
2026-07-10,2026-07-10 13:40:00,25.06,25.1,24.88,24.89,51155.0
2026-07-10,2026-07-10 13:45:00,24.89,24.89,24.81,24.855,7262.0
2026-07-10,2026-07-10 13:50:00,24.855,24.87,24.82,24.85,7074.0
2026-07-10,2026-07-10 13:55:00,24.86,24.91,24.86,24.9,4619.0
2026-07-10,2026-07-10 14:00:00,24.88,24.91,24.88,24.9,6368.0
2026-07-10,2026-07-10 14:05:00,24.89,24.9,24.87,24.9,4930.0
2026-07-10,2026-07-10 14:10:00,24.91,24.98,24.91,24.98,4395.0
2026-07-10,2026-07-10 14:15:00,25.0,25.1,24.99,25.05,23769.0
2026-07-10,2026-07-10 14:20:00,25.055,25.09,25.03,25.03,7608.0
2026-07-10,2026-07-10 14:25:00,25.03,25.09,25.02,25.09,6946.0
2026-07-10,2026-07-10 14:30:00,25.09,25.15,25.09,25.13,13922.0
2026-07-10,2026-07-10 14:35:00,25.13,25.16,25.13,25.16,5412.0
2026-07-10,2026-07-10 14:40:00,25.155,25.16,25.135,25.16,4721.0
2026-07-10,2026-07-10 14:45:00,25.15,25.15,25.105,25.12,9392.0
2026-07-10,2026-07-10 14:50:00,25.11,25.12,25.07,25.07,5520.0
2026-07-10,2026-07-10 14:55:00,25.08,25.11,25.08,25.09,3798.0
2026-07-10,2026-07-10 15:00:00,25.08,25.085,25.05,25.05,8001.0
2026-07-10,2026-07-10 15:05:00,25.04,25.08,25.03,25.065,7797.0
2026-07-10,2026-07-10 15:10:00,25.07,25.11,25.04,25.11,6746.0
2026-07-10,2026-07-10 15:15:00,25.1,25.13,25.1,25.125,8600.0
2026-07-10,2026-07-10 15:20:00,25.125,25.15,25.095,25.15,11178.0
2026-07-10,2026-07-10 15:25:00,25.16,25.16,25.12,25.15,8551.0
2026-07-10,2026-07-10 15:30:00,25.16,25.19,25.12,25.12,15559.0
2026-07-10,2026-07-10 15:35:00,25.125,25.14,25.12,25.14,7816.0
2026-07-10,2026-07-10 15:40:00,25.11,25.12,25.08,25.09,14878.0
2026-07-10,2026-07-10 15:45:00,25.09,25.09,25.03,25.03,13457.0
2026-07-10,2026-07-10 15:50:00,25.025,25.05,24.995,25.05,22125.0
2026-07-10,2026-07-10 15:55:00,25.05,25.14,25.025,25.13,47694.0
2026-07-10,2026-07-10 16:00:00,25.15,25.16,25.08,25.13,328646.0
2026-07-13,2026-07-13 09:35:00,25.59,25.98,25.35,25.93,42005.0
2026-07-13,2026-07-13 09:40:00,25.97,26.04,25.88,25.92,25409.0
2026-07-13,2026-07-13 09:45:00,25.92,25.95,25.79,25.95,12985.0
2026-07-13,2026-07-13 09:50:00,25.92,25.97,25.785,25.805,20256.0
2026-07-13,2026-07-13 09:55:00,25.78,25.78,25.57,25.64,11421.0
2026-07-13,2026-07-13 10:00:00,25.65,25.76,25.62,25.69,17548.0
2026-07-13,2026-07-13 10:05:00,25.72,25.77,25.52,25.63,17497.0
2026-07-13,2026-07-13 10:10:00,25.63,25.69,25.54,25.66,16164.0
2026-07-13,2026-07-13 10:15:00,25.67,25.725,25.62,25.68,12559.0
2026-07-13,2026-07-13 10:20:00,25.69,25.71,25.39,25.64,19647.0
2026-07-13,2026-07-13 10:25:00,25.67,25.76,25.63,25.68,11810.0
2026-07-13,2026-07-13 10:30:00,25.65,25.84,25.58,25.785,14428.0
2026-07-13,2026-07-13 10:35:00,25.79,26.0,25.735,25.845,32363.0
2026-07-13,2026-07-13 10:40:00,25.835,25.98,25.825,25.93,16700.0
2026-07-13,2026-07-13 10:45:00,25.93,25.96,25.85,25.86,12181.0
2026-07-13,2026-07-13 10:50:00,25.85,26.095,25.845,26.07,17218.0
2026-07-13,2026-07-13 10:55:00,26.1,26.1,25.98,26.07,18314.0
2026-07-13,2026-07-13 11:00:00,26.08,26.13,25.95,26.034,33281.0
2026-07-13,2026-07-13 11:05:00,26.0414,26.11,25.97,25.97,16190.0
2026-07-13,2026-07-13 11:10:00,25.97,26.065,25.96,26.05,15745.0
2026-07-13,2026-07-13 11:15:00,26.06,26.12,26.05,26.09,21739.0
2026-07-13,2026-07-13 11:20:00,26.08,26.21,26.075,26.18,13675.0
2026-07-13,2026-07-13 11:25:00,26.19,26.326,26.17,26.3,20430.0
2026-07-13,2026-07-13 11:30:00,26.29,26.4,26.285,26.395,21829.0
2026-07-13,2026-07-13 11:35:00,26.3933,26.5,26.387,26.48,17886.0
2026-07-13,2026-07-13 11:40:00,26.48,26.56,26.43,26.56,18671.0
2026-07-13,2026-07-13 11:45:00,26.545,26.69,26.47,26.52,29431.0
2026-07-13,2026-07-13 11:50:00,26.52,26.645,26.49,26.645,26010.0
2026-07-13,2026-07-13 11:55:00,26.645,26.735,26.54,26.585,20802.0
2026-07-13,2026-07-13 12:00:00,26.58,26.6,26.51,26.54,18309.0
2026-07-13,2026-07-13 12:05:00,26.54,26.6,26.4937,26.5801,24572.0
2026-07-13,2026-07-13 12:10:00,26.587,26.605,26.53,26.565,23003.0
2026-07-13,2026-07-13 12:15:00,26.5795,27.0,26.5795,26.74,59452.0
2026-07-13,2026-07-13 12:20:00,26.74,26.78,26.6891,26.72,47076.0
2026-07-13,2026-07-13 12:25:00,26.72,26.73,26.68,26.715,30990.0
2026-07-13,2026-07-13 12:30:00,26.72,26.73,26.66,26.675,38229.0
2026-07-13,2026-07-13 12:35:00,26.67,26.7,26.62,26.665,26767.0
2026-07-13,2026-07-13 12:40:00,26.665,26.845,26.615,26.81,33960.0
2026-07-13,2026-07-13 12:45:00,26.79,26.9044,26.79,26.82,21496.0
2026-07-13,2026-07-13 12:50:00,26.825,26.88,26.66,26.72,24519.0
2026-07-13,2026-07-13 12:55:00,26.71,26.72,26.63,26.68,13832.0
2026-07-13,2026-07-13 13:00:00,26.66,26.68,26.61,26.67,29631.0
2026-07-13,2026-07-13 13:05:00,26.69,26.77,26.67,26.75,12083.0
2026-07-13,2026-07-13 13:10:00,26.75,26.78,26.7,26.75,14007.0
2026-07-13,2026-07-13 13:15:00,26.76,26.83,26.68,26.69,10795.0
2026-07-13,2026-07-13 13:20:00,26.71,26.83,26.71,26.81,13152.0
2026-07-13,2026-07-13 13:25:00,26.77,26.82,26.76,26.765,13903.0
2026-07-13,2026-07-13 13:30:00,26.75,26.83,26.73,26.83,8783.0
2026-07-13,2026-07-13 13:35:00,26.83,26.885,26.82,26.865,10756.0
2026-07-13,2026-07-13 13:40:00,26.8696,26.88,26.82,26.85,11703.0
2026-07-13,2026-07-13 13:45:00,26.83,26.85,26.77,26.82,32829.0
2026-07-13,2026-07-13 13:50:00,26.84,26.86,26.81,26.81,8405.0
2026-07-13,2026-07-13 13:55:00,26.8,26.82,26.685,26.73,26482.0
2026-07-13,2026-07-13 14:00:00,26.75,26.82,26.7,26.78,16525.0
2026-07-13,2026-07-13 14:05:00,26.77,26.88,26.76,26.862,10384.0
2026-07-13,2026-07-13 14:10:00,26.88,26.88,26.785,26.81,12411.0
2026-07-13,2026-07-13 14:15:00,26.8,26.8,26.695,26.695,10456.0
2026-07-13,2026-07-13 14:20:00,26.68,26.69,26.535,26.535,20510.0
2026-07-13,2026-07-13 14:25:00,26.55,26.615,26.5345,26.55,17293.0
2026-07-13,2026-07-13 14:30:00,26.555,26.585,26.51,26.52,19162.0
2026-07-13,2026-07-13 14:35:00,26.54,26.56,26.5,26.53,16070.0
2026-07-13,2026-07-13 14:40:00,26.54,26.575,26.5,26.555,12127.0
2026-07-13,2026-07-13 14:45:00,26.54,26.61,26.535,26.585,10251.0
2026-07-13,2026-07-13 14:50:00,26.585,26.59,26.52,26.53,11433.0
2026-07-13,2026-07-13 14:55:00,26.5101,26.56,26.51,26.545,12673.0
2026-07-13,2026-07-13 15:00:00,26.545,26.58,26.52,26.5201,10769.0
2026-07-13,2026-07-13 15:05:00,26.53,26.58,26.46,26.57,17570.0
2026-07-13,2026-07-13 15:10:00,26.6,26.6,26.4851,26.52,7830.0
2026-07-13,2026-07-13 15:15:00,26.52,26.53,26.4527,26.455,11907.0
2026-07-13,2026-07-13 15:20:00,26.455,26.455,26.245,26.26,17599.0
2026-07-13,2026-07-13 15:25:00,26.25,26.3,26.215,26.25,17997.0
2026-07-13,2026-07-13 15:30:00,26.26,26.28,26.23,26.23,14717.0
2026-07-13,2026-07-13 15:35:00,26.22,26.24,26.165,26.18,19832.0
2026-07-13,2026-07-13 15:40:00,26.165,26.22,26.1,26.22,20005.0
2026-07-13,2026-07-13 15:45:00,26.21,26.34,26.205,26.25,27450.0
2026-07-13,2026-07-13 15:50:00,26.25,26.29,26.21,26.28,31396.0
2026-07-13,2026-07-13 15:55:00,26.28,26.48,26.28,26.44,61449.0
2026-07-13,2026-07-13 16:00:00,26.44,26.69,26.44,26.6,364607.0
2026-07-14,2026-07-14 09:35:00,25.0,25.48,24.6656,25.226,51642.0
2026-07-14,2026-07-14 09:40:00,25.225,25.61,25.225,25.61,59556.0
2026-07-14,2026-07-14 09:45:00,25.576673,25.96,25.43,25.94,71789.0
2026-07-14,2026-07-14 09:50:00,25.86,25.95,25.82,25.896,45139.0
2026-07-14,2026-07-14 09:55:00,25.805,25.96,25.8,25.91,25423.0
2026-07-14,2026-07-14 10:00:00,25.905,26.29,25.905,26.285,58674.0
2026-07-14,2026-07-14 10:05:00,26.35,26.37,26.14,26.15,12239.0
2026-07-14,2026-07-14 10:10:00,26.11,26.36,26.105,26.33,23917.0
2026-07-14,2026-07-14 10:15:00,26.3,26.37,26.225,26.2903,14531.0
2026-07-14,2026-07-14 10:20:00,26.37,26.39,26.26,26.29,64007.0
2026-07-14,2026-07-14 10:25:00,26.265,26.54,26.255,26.53,43455.0
2026-07-14,2026-07-14 10:30:00,26.516,26.58,26.4,26.56,20117.0
2026-07-14,2026-07-14 10:35:00,26.55,26.87,26.55,26.76,27909.0
2026-07-14,2026-07-14 10:40:00,26.79,26.87,26.65,26.87,11338.0
2026-07-14,2026-07-14 10:45:00,26.89,26.92,26.67,26.76,15414.0
2026-07-14,2026-07-14 10:50:00,26.75,26.87,26.75,26.78,11068.0
2026-07-14,2026-07-14 10:55:00,26.74,26.81,26.73,26.8,9032.0
2026-07-14,2026-07-14 11:00:00,26.81,26.86,26.77,26.78,14344.0
2026-07-14,2026-07-14 11:05:00,26.78,26.78,26.695,26.7386,8376.0
2026-07-14,2026-07-14 11:10:00,26.72,26.77,26.65,26.65,10231.0
2026-07-14,2026-07-14 11:15:00,26.59,26.6,26.535,26.56,10099.0
2026-07-14,2026-07-14 11:20:00,26.55,26.61,26.54,26.56,14987.0
2026-07-14,2026-07-14 11:25:00,26.55,26.62,26.52,26.55,13724.0
2026-07-14,2026-07-14 11:30:00,26.56,26.605,26.56,26.6,8776.0
2026-07-14,2026-07-14 11:35:00,26.6,26.63,26.58,26.59,6095.0
2026-07-14,2026-07-14 11:40:00,26.6,26.63,26.56,26.62,8752.0
2026-07-14,2026-07-14 11:45:00,26.6,26.63,26.56,26.63,13752.0
2026-07-14,2026-07-14 11:50:00,26.62,26.72,26.6,26.72,10954.0
2026-07-14,2026-07-14 11:55:00,26.72,26.77,26.7,26.75,7787.0
2026-07-14,2026-07-14 12:00:00,26.72,26.72,26.67,26.69,5797.0
2026-07-14,2026-07-14 12:05:00,26.68,26.69,26.61,26.6685,17216.0
2026-07-14,2026-07-14 12:10:00,26.63,26.75,26.63,26.745,9342.0
2026-07-14,2026-07-14 12:15:00,26.75,26.78,26.73,26.78,5471.0
2026-07-14,2026-07-14 12:20:00,26.79,26.86,26.74,26.85,8597.0
2026-07-14,2026-07-14 12:25:00,26.83,26.85,26.81,26.85,6139.0
2026-07-14,2026-07-14 12:30:00,26.8732,26.93,26.86,26.91,6094.0
2026-07-14,2026-07-14 12:35:00,26.92,27.03,26.92,26.97,21904.0
2026-07-14,2026-07-14 12:40:00,27.0,27.0,26.9,26.95,16832.0
2026-07-14,2026-07-14 12:45:00,26.93,27.02,26.93,26.97,16496.0
2026-07-14,2026-07-14 12:50:00,26.98,27.035,26.89,26.93,35531.0
2026-07-14,2026-07-14 12:55:00,26.89,26.9,26.87,26.88,7739.0
2026-07-14,2026-07-14 13:00:00,26.86,26.96,26.84,26.96,8649.0
2026-07-14,2026-07-14 13:05:00,26.97,26.98,26.91,26.93,7198.0
2026-07-14,2026-07-14 13:10:00,26.92,26.92,26.86,26.87,3980.0
2026-07-14,2026-07-14 13:15:00,26.88,26.88,26.765,26.79,7626.0
2026-07-14,2026-07-14 13:20:00,26.77,26.81,26.73,26.735,7316.0
2026-07-14,2026-07-14 13:25:00,26.735,26.735,26.68,26.69,6724.0
2026-07-14,2026-07-14 13:30:00,26.65,26.7,26.58,26.62,9872.0
2026-07-14,2026-07-14 13:35:00,26.66,26.67,26.605,26.605,3614.0
2026-07-14,2026-07-14 13:40:00,26.55,26.55,26.46,26.475,15581.0
2026-07-14,2026-07-14 13:45:00,26.45,26.49,26.43,26.43,16037.0
2026-07-14,2026-07-14 13:50:00,26.41,26.41,26.385,26.39,7172.0
2026-07-14,2026-07-14 13:55:00,26.4,26.41,26.36,26.365,5473.0
2026-07-14,2026-07-14 14:00:00,26.355,26.36,26.315,26.32,9558.0
2026-07-14,2026-07-14 14:05:00,26.3,26.34,26.3,26.34,9354.0
2026-07-14,2026-07-14 14:10:00,26.34,26.39,26.33,26.33,8057.0
2026-07-14,2026-07-14 14:15:00,26.346,26.346,26.27,26.29,7962.0
2026-07-14,2026-07-14 14:20:00,26.28,26.31,26.275,26.275,5553.0
2026-07-14,2026-07-14 14:25:00,26.29,26.38,26.29,26.363738,6828.0
2026-07-14,2026-07-14 14:30:00,26.345,26.375,26.345,26.365,5102.0
2026-07-14,2026-07-14 14:35:00,26.37,26.38,26.35,26.36,6186.0
2026-07-14,2026-07-14 14:40:00,26.37,26.38,26.33,26.345,10344.0
2026-07-14,2026-07-14 14:45:00,26.341,26.341,26.31,26.33,5424.0
2026-07-14,2026-07-14 14:50:00,26.32,26.37,26.315,26.32,8483.0
2026-07-14,2026-07-14 14:55:00,26.31,26.34,26.255,26.275,9904.0
2026-07-14,2026-07-14 15:00:00,26.265,26.29,26.26,26.29,7304.0
2026-07-14,2026-07-14 15:05:00,26.285,26.3,26.23,26.235,10412.0
2026-07-14,2026-07-14 15:10:00,26.23,26.27,26.2,26.25,10939.0
2026-07-14,2026-07-14 15:15:00,26.245,26.3,26.24,26.29,9369.0
2026-07-14,2026-07-14 15:20:00,26.29,26.3,26.22,26.25,12202.0
2026-07-14,2026-07-14 15:25:00,26.251,26.33,26.25,26.315,24926.0
2026-07-14,2026-07-14 15:30:00,26.33,26.34,26.28,26.28,17366.0
2026-07-14,2026-07-14 15:35:00,26.27,26.29,26.2,26.2,25429.0
2026-07-14,2026-07-14 15:40:00,26.2,26.21,26.15,26.15,12987.0
2026-07-14,2026-07-14 15:45:00,26.15,26.23,26.13,26.23,17850.0
2026-07-14,2026-07-14 15:50:00,26.225,26.24,26.1801,26.19,13135.0
2026-07-14,2026-07-14 15:55:00,26.18,26.19,26.11,26.13,33372.0
2026-07-14,2026-07-14 16:00:00,26.14,26.27,26.14,26.19,353405.0
2026-07-15,2026-07-15 09:35:00,26.58,27.0,26.5,26.736,42335.0
2026-07-15,2026-07-15 09:40:00,26.79,26.9,26.56,26.56,21461.0
2026-07-15,2026-07-15 09:45:00,26.545,26.57,26.43,26.44,18294.0
2026-07-15,2026-07-15 09:50:00,26.37,26.42,26.255,26.385,57947.0
2026-07-15,2026-07-15 09:55:00,26.47,26.58,26.41,26.49,18815.0
2026-07-15,2026-07-15 10:00:00,26.5,26.68,26.43,26.46,9699.0
2026-07-15,2026-07-15 10:05:00,26.45,26.62,26.4,26.62,9962.0
2026-07-15,2026-07-15 10:10:00,26.62,26.78,26.62,26.68,15874.0
2026-07-15,2026-07-15 10:15:00,26.68,26.74,26.6,26.621,13372.0
2026-07-15,2026-07-15 10:20:00,26.67,26.72,26.6,26.695,12296.0
2026-07-15,2026-07-15 10:25:00,26.69,26.8,26.55,26.55,27540.0
2026-07-15,2026-07-15 10:30:00,26.587952,26.65,26.47,26.47,16578.0
2026-07-15,2026-07-15 10:35:00,26.445,26.58,26.42,26.44,10702.0
2026-07-15,2026-07-15 10:40:00,26.43,26.54,26.34,26.34,15305.0
2026-07-15,2026-07-15 10:45:00,26.33,26.45,26.33,26.435,11821.0
2026-07-15,2026-07-15 10:50:00,26.39,26.42,26.19,26.19,18567.0
2026-07-15,2026-07-15 10:55:00,26.17,26.23,26.12,26.12,8628.0
2026-07-15,2026-07-15 11:00:00,26.13,26.174939,26.07,26.115,9853.0
2026-07-15,2026-07-15 11:05:00,26.09,26.225,26.09,26.17,12486.0
2026-07-15,2026-07-15 11:10:00,26.15,26.255,26.15,26.22,9914.0
2026-07-15,2026-07-15 11:15:00,26.215,26.27,26.165,26.18,9590.0
2026-07-15,2026-07-15 11:20:00,26.21,26.3,26.16,26.3,16382.0
2026-07-15,2026-07-15 11:25:00,26.273359,26.33,26.27,26.3,10242.0
2026-07-15,2026-07-15 11:30:00,26.28,26.32,26.21,26.215,11975.0
2026-07-15,2026-07-15 11:35:00,26.19,26.27,26.17,26.21,12300.0
2026-07-15,2026-07-15 11:40:00,26.21,26.28,26.185,26.265,17533.0
2026-07-15,2026-07-15 11:45:00,26.32,26.35,26.2751,26.31,11787.0
2026-07-15,2026-07-15 11:50:00,26.2975,26.45,26.2975,26.32,18166.0
2026-07-15,2026-07-15 11:55:00,26.31,26.47,26.3,26.445,11574.0
2026-07-15,2026-07-15 12:00:00,26.445,26.48,26.38,26.41,35345.0
2026-07-15,2026-07-15 12:05:00,26.43,26.48,26.39,26.43,11032.0
2026-07-15,2026-07-15 12:10:00,26.435,26.5,26.4,26.45,12558.0
2026-07-15,2026-07-15 12:15:00,26.44,26.44,26.26,26.26,27107.0
2026-07-15,2026-07-15 12:20:00,26.28,26.3,26.24,26.29,8855.0
2026-07-15,2026-07-15 12:25:00,26.27,26.35,26.25,26.25,12208.0
2026-07-15,2026-07-15 12:30:00,26.24,26.29,26.22,26.22,12168.0
2026-07-15,2026-07-15 12:35:00,26.24,26.33,26.2,26.205,16255.0
2026-07-15,2026-07-15 12:40:00,26.22,26.24,26.18,26.21,13264.0
2026-07-15,2026-07-15 12:45:00,26.21,26.23,26.07,26.11,20663.0
2026-07-15,2026-07-15 12:50:00,26.1,26.16,26.09,26.095,10889.0
2026-07-15,2026-07-15 12:55:00,26.11,26.14,26.08,26.11,7224.0
2026-07-15,2026-07-15 13:00:00,26.08,26.11,26.06,26.11,8440.0
2026-07-15,2026-07-15 13:05:00,26.1,26.14,26.05,26.13,19409.0
2026-07-15,2026-07-15 13:10:00,26.11,26.11,26.05,26.065,4783.0
2026-07-15,2026-07-15 13:15:00,26.07,26.1,26.05,26.09,5770.0
2026-07-15,2026-07-15 13:20:00,26.085,26.115,26.05,26.05,7550.0
2026-07-15,2026-07-15 13:25:00,26.05,26.06,26.02,26.06,9442.0
2026-07-15,2026-07-15 13:30:00,26.03,26.09,26.01,26.08,7233.0
2026-07-15,2026-07-15 13:35:00,26.08,26.12,26.04,26.04,9785.0
2026-07-15,2026-07-15 13:40:00,26.04,26.11,26.04,26.11,7948.0
2026-07-15,2026-07-15 13:45:00,26.12,26.145,25.93,25.93,18510.0
2026-07-15,2026-07-15 13:50:00,25.935,25.94,25.88,25.895,9621.0
2026-07-15,2026-07-15 13:55:00,25.88,25.93,25.85,25.93,14104.0
2026-07-15,2026-07-15 14:00:00,25.9,25.91,25.83,25.865,12176.0
2026-07-15,2026-07-15 14:05:00,25.86,25.8987,25.84,25.87,11448.0
2026-07-15,2026-07-15 14:10:00,25.87,25.92,25.85,25.89,5530.0
2026-07-15,2026-07-15 14:15:00,25.87,25.93,25.87,25.925,6593.0
2026-07-15,2026-07-15 14:20:00,25.935,25.97,25.895,25.96,16809.0
2026-07-15,2026-07-15 14:25:00,25.955,26.0,25.93,25.97,10147.0
2026-07-15,2026-07-15 14:30:00,25.98,26.03,25.95,26.015,20494.0
2026-07-15,2026-07-15 14:35:00,26.02,26.0546,26.0,26.035,15434.0
2026-07-15,2026-07-15 14:40:00,26.035,26.06,25.99,26.0,18233.0
2026-07-15,2026-07-15 14:45:00,26.0,26.0,25.91,25.95,11608.0
2026-07-15,2026-07-15 14:50:00,25.95,26.0,25.93,26.0,10682.0
2026-07-15,2026-07-15 14:55:00,25.97,26.03,25.95,26.03,10354.0
2026-07-15,2026-07-15 15:00:00,26.02,26.125,26.02,26.085,15777.0
2026-07-15,2026-07-15 15:05:00,26.07,26.12,26.07,26.105,11640.0
2026-07-15,2026-07-15 15:10:00,26.09,26.14,26.05,26.14,11177.0
2026-07-15,2026-07-15 15:15:00,26.145,26.16,26.09,26.12,12703.0
2026-07-15,2026-07-15 15:20:00,26.11,26.2,26.1,26.2,17004.0
2026-07-15,2026-07-15 15:25:00,26.17,26.24,26.15,26.24,13029.0
2026-07-15,2026-07-15 15:30:00,26.23,26.25,26.15,26.155,34032.0
2026-07-15,2026-07-15 15:35:00,26.155,26.3,26.14,26.28,23867.0
2026-07-15,2026-07-15 15:40:00,26.27,26.38,26.26,26.36,38003.0
2026-07-15,2026-07-15 15:45:00,26.37,26.4,26.25,26.26,38102.0
2026-07-15,2026-07-15 15:50:00,26.265,26.28,26.2,26.2,35957.0
2026-07-15,2026-07-15 15:55:00,26.23,26.25,26.14,26.21,56031.0
2026-07-15,2026-07-15 16:00:00,26.22,26.3,26.18,26.21,291529.0
2026-07-16,2026-07-16 09:35:00,26.21,26.64,26.21,26.415,14066.0
2026-07-16,2026-07-16 09:40:00,26.32,26.55,26.16,26.225,5576.0
2026-07-16,2026-07-16 09:45:00,26.22,26.27,26.14,26.15,10489.0
2026-07-16,2026-07-16 09:50:00,26.14,26.3796,26.09,26.12,18140.0
2026-07-16,2026-07-16 09:55:00,26.08,26.18,25.915,25.915,11584.0
2026-07-16,2026-07-16 10:00:00,25.895,26.085,25.85,25.95,13367.0
2026-07-16,2026-07-16 10:05:00,25.94,26.2,25.925,26.2,6855.0
2026-07-16,2026-07-16 10:10:00,26.235,26.24,26.12,26.14,9976.0
2026-07-16,2026-07-16 10:15:00,26.135,26.21,26.09,26.14,11943.0
2026-07-16,2026-07-16 10:20:00,26.14,26.2,26.05,26.06,9677.0
2026-07-16,2026-07-16 10:25:00,26.0601,26.19,26.0601,26.19,7070.0
2026-07-16,2026-07-16 10:30:00,26.15,26.28,26.14,26.225,6558.0
2026-07-16,2026-07-16 10:35:00,26.21,26.31,26.21,26.27,9695.0
2026-07-16,2026-07-16 10:40:00,26.27,26.34,26.27,26.33,7728.0
2026-07-16,2026-07-16 10:45:00,26.36,26.44,26.3,26.425,41095.0
2026-07-16,2026-07-16 10:50:00,26.4007,26.47,26.37,26.42,13991.0
2026-07-16,2026-07-16 10:55:00,26.4,26.44,26.39,26.44,7294.0
2026-07-16,2026-07-16 11:00:00,26.42,26.475,26.38,26.42,12659.0
2026-07-16,2026-07-16 11:05:00,26.41,26.415,26.21,26.21,12917.0
2026-07-16,2026-07-16 11:10:00,26.2,26.315,26.2,26.315,10634.0
2026-07-16,2026-07-16 11:15:00,26.32,26.325,26.25,26.28,10529.0
2026-07-16,2026-07-16 11:20:00,26.29,26.29,26.24,26.26,6239.0
2026-07-16,2026-07-16 11:25:00,26.28,26.33,26.255,26.265,8612.0
2026-07-16,2026-07-16 11:30:00,26.28,26.34,26.24,26.24,15528.0
2026-07-16,2026-07-16 11:35:00,26.23,26.23,26.17,26.185,11307.0
2026-07-16,2026-07-16 11:40:00,26.185,26.35,26.17,26.35,8983.0
2026-07-16,2026-07-16 11:45:00,26.35,26.37,26.265,26.29,9664.0
2026-07-16,2026-07-16 11:50:00,26.3,26.315,26.2199,26.27,11965.0
2026-07-16,2026-07-16 11:55:00,26.35,26.3722,26.245,26.245,13709.0
2026-07-16,2026-07-16 12:00:00,26.24,26.32,26.24,26.32,4764.0
2026-07-16,2026-07-16 12:05:00,26.32,26.35,26.31,26.32,11370.0
2026-07-16,2026-07-16 12:10:00,26.3,26.47,26.29,26.46,37661.0
2026-07-16,2026-07-16 12:15:00,26.46,26.495,26.35,26.35,10767.0
2026-07-16,2026-07-16 12:20:00,26.34,26.34,26.3,26.3268,4814.0
2026-07-16,2026-07-16 12:25:00,26.3,26.3699,26.28,26.285,17264.0
2026-07-16,2026-07-16 12:30:00,26.36,26.48,26.35,26.46,10973.0
2026-07-16,2026-07-16 12:35:00,26.46,26.535,26.43,26.4999,39198.0
2026-07-16,2026-07-16 12:40:00,26.46,26.51,26.4,26.466,78797.0
2026-07-16,2026-07-16 12:45:00,26.45,26.505,26.445,26.505,33090.0
2026-07-16,2026-07-16 12:50:00,26.51,26.55,26.445,26.55,18829.0
2026-07-16,2026-07-16 12:55:00,26.54,26.57,26.5,26.56,16032.0
2026-07-16,2026-07-16 13:00:00,26.57,26.63,26.49,26.555,20434.0
2026-07-16,2026-07-16 13:05:00,26.56,26.59,26.525,26.53,21886.0
2026-07-16,2026-07-16 13:10:00,26.535,26.62,26.535,26.57,15480.0
2026-07-16,2026-07-16 13:15:00,26.57,26.57,26.5201,26.53,16852.0
2026-07-16,2026-07-16 13:20:00,26.54,26.56,26.53,26.54,21472.0
2026-07-16,2026-07-16 13:25:00,26.55,26.575,26.52,26.521,16274.0
2026-07-16,2026-07-16 13:30:00,26.52,26.56,26.52,26.56,9549.0
2026-07-16,2026-07-16 13:35:00,26.56,26.581,26.55,26.55,11984.0
2026-07-16,2026-07-16 13:40:00,26.56,26.58,26.54,26.58,13541.0
2026-07-16,2026-07-16 13:45:00,26.595,26.61,26.55,26.575,11380.0
2026-07-16,2026-07-16 13:50:00,26.57,26.59,26.53,26.58,11750.0
2026-07-16,2026-07-16 13:55:00,26.57,26.6399,26.57,26.62,8254.0
2026-07-16,2026-07-16 14:00:00,26.61,26.655,26.605,26.61,25788.0
2026-07-16,2026-07-16 14:05:00,26.6,26.665,26.585,26.63,30766.0
2026-07-16,2026-07-16 14:10:00,26.64,26.645,26.575,26.645,13928.0
2026-07-16,2026-07-16 14:15:00,26.645,26.7408,26.62,26.72,28091.0
2026-07-16,2026-07-16 14:20:00,26.735,26.77,26.68,26.72,30676.0
2026-07-16,2026-07-16 14:25:00,26.71,26.74,26.7,26.71,17498.0
2026-07-16,2026-07-16 14:30:00,26.71,26.76,26.63,26.63,16551.0
2026-07-16,2026-07-16 14:35:00,26.64,26.64,26.58,26.6,18142.0
2026-07-16,2026-07-16 14:40:00,26.59,26.605,26.525,26.525,10749.0
2026-07-16,2026-07-16 14:45:00,26.51,26.51,26.45,26.45,8168.0
2026-07-16,2026-07-16 14:50:00,26.45,26.48,26.4,26.4,11428.0
2026-07-16,2026-07-16 14:55:00,26.41,26.45,26.35,26.35,12306.0
2026-07-16,2026-07-16 15:00:00,26.35,26.395,26.335,26.39,12961.0
2026-07-16,2026-07-16 15:05:00,26.38,26.38,26.29,26.3,17233.0
2026-07-16,2026-07-16 15:10:00,26.31,26.31,26.22,26.23,12714.0
2026-07-16,2026-07-16 15:15:00,26.23,26.24,26.21,26.215,15907.0
2026-07-16,2026-07-16 15:20:00,26.21,26.27,26.21,26.24,11428.0
2026-07-16,2026-07-16 15:25:00,26.24,26.25,26.215,26.25,9997.0
2026-07-16,2026-07-16 15:30:00,26.24,26.28,26.21,26.21,19857.0
2026-07-16,2026-07-16 15:35:00,26.2,26.25,26.2,26.23,24433.0
2026-07-16,2026-07-16 15:40:00,26.23,26.23,26.175,26.2,24080.0
2026-07-16,2026-07-16 15:45:00,26.2,26.235,26.15,26.15,27910.0
2026-07-16,2026-07-16 15:50:00,26.15,26.19,26.13,26.17,28846.0
2026-07-16,2026-07-16 15:55:00,26.17,26.27,26.17,26.21,64534.0
2026-07-16,2026-07-16 16:00:00,26.23,26.24,26.09,26.21,324936.0
2026-07-17,2026-07-17 09:35:00,25.72,26.52,25.5035,26.505,57382.0
2026-07-17,2026-07-17 09:40:00,26.5,26.6,26.36,26.53,85648.0
2026-07-17,2026-07-17 09:45:00,26.54,26.66,26.405,26.46,51141.0
2026-07-17,2026-07-17 09:50:00,26.45,26.65,26.21,26.48,26104.0
2026-07-17,2026-07-17 09:55:00,26.51,26.65,26.4801,26.645,14894.0
2026-07-17,2026-07-17 10:00:00,26.62,26.68,26.21,26.33,78944.0
2026-07-17,2026-07-17 10:05:00,26.33,26.33,25.91,25.95,55497.0
2026-07-17,2026-07-17 10:10:00,26.07,26.135,25.93,26.025,53170.0
2026-07-17,2026-07-17 10:15:00,26.01,26.17,25.83,25.91,55907.0
2026-07-17,2026-07-17 10:20:00,25.92,26.185,25.77,26.12,36429.0
2026-07-17,2026-07-17 10:25:00,26.205,26.27,26.17,26.2,60827.0
2026-07-17,2026-07-17 10:30:00,26.18,26.38,26.17,26.29,39114.0
2026-07-17,2026-07-17 10:35:00,26.31,26.36,26.26,26.27,11898.0
2026-07-17,2026-07-17 10:40:00,26.26,26.3,26.165,26.285,18113.0
2026-07-17,2026-07-17 10:45:00,26.28,26.28,26.15,26.165,8075.0
2026-07-17,2026-07-17 10:50:00,26.16,26.2,26.09,26.13,17554.0
2026-07-17,2026-07-17 10:55:00,26.11,26.25,26.08,26.181,10109.0
2026-07-17,2026-07-17 11:00:00,26.18,26.18,26.08,26.08,14367.0
2026-07-17,2026-07-17 11:05:00,26.085,26.17,26.0,26.15,11970.0
2026-07-17,2026-07-17 11:10:00,26.16,26.18,26.11,26.125,6287.0
2026-07-17,2026-07-17 11:15:00,26.14,26.14,26.065,26.065,13694.0
2026-07-17,2026-07-17 11:20:00,26.05,26.08,26.01,26.025,28940.0
2026-07-17,2026-07-17 11:25:00,25.95,25.95,25.84,25.87,20263.0
2026-07-17,2026-07-17 11:30:00,25.85,25.96,25.83,25.95,10402.0
2026-07-17,2026-07-17 11:35:00,25.93,25.95,25.84,25.86,19996.0
2026-07-17,2026-07-17 11:40:00,25.86,25.86,25.735,25.84,13899.0
2026-07-17,2026-07-17 11:45:00,25.83,25.91,25.81,25.8951,10616.0
2026-07-17,2026-07-17 11:50:00,25.88,25.95,25.79,25.79,37684.0
2026-07-17,2026-07-17 11:55:00,25.795,25.84,25.77,25.8251,9060.0
2026-07-17,2026-07-17 12:00:00,25.8,25.88,25.79,25.8,14556.0
2026-07-17,2026-07-17 12:05:00,25.8,25.875,25.78,25.83,9043.0
2026-07-17,2026-07-17 12:10:00,25.85,25.885,25.76,25.83,11525.0
2026-07-17,2026-07-17 12:15:00,25.82,25.98,25.81,25.965,10389.0
2026-07-17,2026-07-17 12:20:00,25.965,25.97,25.915,25.96,7659.0
2026-07-17,2026-07-17 12:25:00,25.96,25.96,25.805,25.92,19791.0
2026-07-17,2026-07-17 12:30:00,25.9,26.08,25.9,26.04,10743.0
2026-07-17,2026-07-17 12:35:00,26.03,26.09,26.02,26.08,8776.0
2026-07-17,2026-07-17 12:40:00,26.09,26.09,25.955,25.955,11150.0
2026-07-17,2026-07-17 12:45:00,25.99,26.07,25.98,26.01,10012.0
2026-07-17,2026-07-17 12:50:00,25.985,26.1,25.98,26.06,7796.0
2026-07-17,2026-07-17 12:55:00,26.06,26.125,26.06,26.105,8235.0
2026-07-17,2026-07-17 13:00:00,26.125,26.125,26.085,26.1,8216.0
2026-07-17,2026-07-17 13:05:00,26.145,26.2,26.13,26.13,10654.0
2026-07-17,2026-07-17 13:10:00,26.12,26.17,26.11,26.155,11325.0
2026-07-17,2026-07-17 13:15:00,26.16,26.26,26.155,26.25,18177.0
2026-07-17,2026-07-17 13:20:00,26.23,26.285,26.23,26.23,6441.0
2026-07-17,2026-07-17 13:25:00,26.25,26.31,26.23,26.31,7541.0
2026-07-17,2026-07-17 13:30:00,26.33,26.38,26.325,26.37,8308.0
2026-07-17,2026-07-17 13:35:00,26.39,26.505,26.39,26.47,6641.0
2026-07-17,2026-07-17 13:40:00,26.45,26.48,26.43,26.435,10544.0
2026-07-17,2026-07-17 13:45:00,26.43,26.445,26.39,26.395,7606.0
2026-07-17,2026-07-17 13:50:00,26.385,26.4248,26.37,26.39,8894.0
2026-07-17,2026-07-17 13:55:00,26.39,26.4,26.355,26.385,7777.0
2026-07-17,2026-07-17 14:00:00,26.38,26.38,26.33,26.33,7248.0
2026-07-17,2026-07-17 14:05:00,26.335,26.335,26.25,26.29,13334.0
2026-07-17,2026-07-17 14:10:00,26.29,26.3,26.25,26.3,10467.0
2026-07-17,2026-07-17 14:15:00,26.31,26.33,26.27,26.275,14726.0
2026-07-17,2026-07-17 14:20:00,26.26,26.27,26.23,26.24,8728.0
2026-07-17,2026-07-17 14:25:00,26.24,26.24,26.19,26.19,6730.0
2026-07-17,2026-07-17 14:30:00,26.2,26.22,26.17,26.17,9697.0
2026-07-17,2026-07-17 14:35:00,26.18,26.2,26.12,26.15,10717.0
2026-07-17,2026-07-17 14:40:00,26.14,26.14,26.105,26.125,10064.0
2026-07-17,2026-07-17 14:45:00,26.11,26.231,26.09,26.215,29425.0
2026-07-17,2026-07-17 14:50:00,26.19,26.31,26.18,26.3,9797.0
2026-07-17,2026-07-17 14:55:00,26.275,26.31,26.23,26.25,8659.0
2026-07-17,2026-07-17 15:00:00,26.26,26.28,26.25,26.265,6864.0
2026-07-17,2026-07-17 15:05:00,26.26,26.27,26.21,26.22,9476.0
2026-07-17,2026-07-17 15:10:00,26.21,26.26,26.18,26.23,10606.0
2026-07-17,2026-07-17 15:15:00,26.23,26.26,26.19,26.2,16330.0
2026-07-17,2026-07-17 15:20:00,26.19,26.21,26.15,26.18,17367.0
2026-07-17,2026-07-17 15:25:00,26.175,26.2,26.17,26.18,8235.0
2026-07-17,2026-07-17 15:30:00,26.17,26.31,26.165,26.28,29378.0
2026-07-17,2026-07-17 15:35:00,26.28,26.37,26.2775,26.36,31232.0
2026-07-17,2026-07-17 15:40:00,26.335,26.36,26.275,26.32,28093.0
2026-07-17,2026-07-17 15:45:00,26.315,26.38,26.29,26.33,42437.0
2026-07-17,2026-07-17 15:50:00,26.34,26.41,26.32,26.38,34384.0
2026-07-17,2026-07-17 15:55:00,26.41,26.48,26.34,26.48,86573.0
2026-07-17,2026-07-17 16:00:00,26.5,26.56,26.45,26.5,561728.0
2026-07-20,2026-07-20 09:35:00,26.015,26.075,25.805,25.805,18550.0
2026-07-20,2026-07-20 09:40:00,25.76,26.11,25.666,26.08,18036.0
2026-07-20,2026-07-20 09:45:00,26.0258,26.1543,25.94,26.08,18075.0
2026-07-20,2026-07-20 09:50:00,26.04,26.05,25.81,25.89,8249.0
2026-07-20,2026-07-20 09:55:00,25.89,26.08,25.82,26.08,19727.0
2026-07-20,2026-07-20 10:00:00,25.98,26.03,25.87,25.9,7924.0
2026-07-20,2026-07-20 10:05:00,25.87,26.14,25.745,26.095,9987.0
2026-07-20,2026-07-20 10:10:00,26.0951,26.19,25.9801,26.0,8007.0
2026-07-20,2026-07-20 10:15:00,25.99,26.08,25.865,25.88,13224.0
2026-07-20,2026-07-20 10:20:00,25.89,26.01,25.85,25.85,16128.0
2026-07-20,2026-07-20 10:25:00,25.85,25.86,25.7,25.795,16252.0
2026-07-20,2026-07-20 10:30:00,25.775,25.8,25.73,25.8,4890.0
2026-07-20,2026-07-20 10:35:00,25.81,25.98,25.81,25.935,9465.0
2026-07-20,2026-07-20 10:40:00,25.935,26.02,25.935,26.015,8442.0
2026-07-20,2026-07-20 10:45:00,26.015,26.08,25.95,25.995,19142.0
2026-07-20,2026-07-20 10:50:00,25.945,26.05,25.945,26.005,8108.0
2026-07-20,2026-07-20 10:55:00,25.99,26.01,25.95,26.0,4425.0
2026-07-20,2026-07-20 11:00:00,25.98,26.01,25.915,25.94,13005.0
2026-07-20,2026-07-20 11:05:00,25.945,26.105,25.94,26.0248,15980.0
2026-07-20,2026-07-20 11:10:00,26.04,26.05,25.9701,26.01,14207.0
2026-07-20,2026-07-20 11:15:00,26.005,26.07,25.99,26.065,21010.0
2026-07-20,2026-07-20 11:20:00,26.08,26.13,26.03,26.125,12274.0
2026-07-20,2026-07-20 11:25:00,26.15,26.31,26.135,26.285,224917.0
2026-07-20,2026-07-20 11:30:00,26.285,26.34,26.17,26.3,202697.0
2026-07-20,2026-07-20 11:35:00,26.29,26.37,26.26,26.37,27342.0
2026-07-20,2026-07-20 11:40:00,26.42,26.42,26.335,26.4,6711.0
2026-07-20,2026-07-20 11:45:00,26.42,26.46,26.37,26.45,6918.0
2026-07-20,2026-07-20 11:50:00,26.45,26.51,26.4,26.51,5854.0
2026-07-20,2026-07-20 11:55:00,26.5,26.54,26.48,26.54,4717.0
2026-07-20,2026-07-20 12:00:00,26.54,26.59,26.44,26.44,21067.0
2026-07-20,2026-07-20 12:05:00,26.46,26.77,26.46,26.72,13162.0
2026-07-20,2026-07-20 12:10:00,26.73,26.73,26.535,26.59,73634.0
2026-07-20,2026-07-20 12:15:00,26.56,26.58,26.475,26.55,16705.0
2026-07-20,2026-07-20 12:20:00,26.54,26.54,26.46,26.51,40670.0
2026-07-20,2026-07-20 12:25:00,26.54,26.73,26.475,26.66,373326.0
2026-07-20,2026-07-20 12:30:00,26.69,26.69,26.49,26.55,29766.0
2026-07-20,2026-07-20 12:35:00,26.57,26.63,26.57,26.6,14646.0
2026-07-20,2026-07-20 12:40:00,26.6,26.67,26.585,26.615,16179.0
2026-07-20,2026-07-20 12:45:00,26.63,26.65,26.56,26.56,12761.0
2026-07-20,2026-07-20 12:50:00,26.55,26.57,26.485,26.555,28973.0
2026-07-20,2026-07-20 12:55:00,26.555,26.575,26.505,26.575,23907.0
2026-07-20,2026-07-20 13:00:00,26.57,26.575,26.48,26.5,16236.0
2026-07-20,2026-07-20 13:05:00,26.48,26.56,26.48,26.56,10620.0
2026-07-20,2026-07-20 13:10:00,26.58,26.58,26.47,26.545,23852.0
2026-07-20,2026-07-20 13:15:00,26.53,26.6,26.51,26.6,20984.0
2026-07-20,2026-07-20 13:20:00,26.6,26.66,26.58,26.64,8895.0
2026-07-20,2026-07-20 13:25:00,26.6308,26.68,26.63,26.655,7945.0
2026-07-20,2026-07-20 13:30:00,26.65,26.73,26.65,26.72,8987.0
2026-07-20,2026-07-20 13:35:00,26.72,26.78,26.68,26.72,16015.0
2026-07-20,2026-07-20 13:40:00,26.72,26.77,26.695,26.695,12835.0
2026-07-20,2026-07-20 13:45:00,26.7,26.7,26.62,26.65,10545.0
2026-07-20,2026-07-20 13:50:00,26.635,26.7,26.63,26.7,8577.0
2026-07-20,2026-07-20 13:55:00,26.695,26.695,26.605,26.62,9823.0
2026-07-20,2026-07-20 14:00:00,26.625,26.625,26.53,26.56,15070.0
2026-07-20,2026-07-20 14:05:00,26.565,26.63,26.565,26.62,6478.0
2026-07-20,2026-07-20 14:10:00,26.6,26.65,26.6,26.64,5191.0
2026-07-20,2026-07-20 14:15:00,26.63,26.63,26.6,26.61,6161.0
2026-07-20,2026-07-20 14:20:00,26.615,26.675,26.615,26.675,8482.0
2026-07-20,2026-07-20 14:25:00,26.69,26.69,26.56,26.56,19709.0
2026-07-20,2026-07-20 14:30:00,26.55,26.66,26.55,26.63,9730.0
2026-07-20,2026-07-20 14:35:00,26.62,26.625,26.59,26.605,6901.0
2026-07-20,2026-07-20 14:40:00,26.62,26.67,26.62,26.62,7917.0
2026-07-20,2026-07-20 14:45:00,26.61,26.635,26.4701,26.485,66909.0
2026-07-20,2026-07-20 14:50:00,26.48,26.5,26.45,26.49,10538.0
2026-07-20,2026-07-20 14:55:00,26.48,26.51,26.46,26.48,11874.0
2026-07-20,2026-07-20 15:00:00,26.47,26.515,26.46,26.515,20388.0
2026-07-20,2026-07-20 15:05:00,26.5,26.53,26.44,26.47,26477.0
2026-07-20,2026-07-20 15:10:00,26.475,26.48,26.43,26.47,44215.0
2026-07-20,2026-07-20 15:15:00,26.47,26.47,26.395,26.405,41242.0
2026-07-20,2026-07-20 15:20:00,26.41,26.44,26.36,26.36,29698.0
2026-07-20,2026-07-20 15:25:00,26.36,26.41,26.335,26.39,29769.0
2026-07-20,2026-07-20 15:30:00,26.405,26.41,26.355,26.37,24275.0
2026-07-20,2026-07-20 15:35:00,26.3605,26.47,26.34,26.41,567639.0
2026-07-20,2026-07-20 15:40:00,26.41,26.44,26.38,26.41,32337.0
2026-07-20,2026-07-20 15:45:00,26.39,26.405,26.28,26.28,32095.0
2026-07-20,2026-07-20 15:50:00,26.29,26.33,26.26,26.295,25864.0
2026-07-20,2026-07-20 15:55:00,26.28,26.365,26.19,26.365,121979.0
2026-07-20,2026-07-20 16:00:00,26.34,26.345,26.18,26.19,443431.0
2026-07-21,2026-07-21 09:35:00,25.67,26.35,25.55,26.275,33052.0
2026-07-21,2026-07-21 09:40:00,26.45,26.65,26.19,26.26,30035.0
2026-07-21,2026-07-21 09:45:00,26.239059,26.33,26.06,26.21,27542.0
2026-07-21,2026-07-21 09:50:00,26.161,26.23,25.75,26.01,23739.0
2026-07-21,2026-07-21 09:55:00,26.0,26.045,25.74,25.88,17609.0
2026-07-21,2026-07-21 10:00:00,25.88,25.93,25.71,25.82,25224.0
2026-07-21,2026-07-21 10:05:00,25.79,25.88,25.63,25.88,19999.0
2026-07-21,2026-07-21 10:10:00,25.89,25.91,25.785,25.91,12305.0
2026-07-21,2026-07-21 10:15:00,25.9499,25.9499,25.78,25.82,16790.0
2026-07-21,2026-07-21 10:20:00,25.8,25.82,25.65,25.76,18000.0
2026-07-21,2026-07-21 10:25:00,25.76,25.76,25.59,25.675,18768.0
2026-07-21,2026-07-21 10:30:00,25.66,25.815,25.66,25.79,8754.0
2026-07-21,2026-07-21 10:35:00,25.75,25.86,25.75,25.8,14370.0
2026-07-21,2026-07-21 10:40:00,25.81,25.83,25.77,25.79,12907.0
2026-07-21,2026-07-21 10:45:00,25.81,25.81,25.65,25.66,11796.0
2026-07-21,2026-07-21 10:50:00,25.66,25.705,25.62,25.69,10750.0
2026-07-21,2026-07-21 10:55:00,25.69,25.775,25.64,25.65,7811.0
2026-07-21,2026-07-21 11:00:00,25.67,25.69,25.62,25.62,9469.0
2026-07-21,2026-07-21 11:05:00,25.62,25.63,25.44,25.45,27004.0
2026-07-21,2026-07-21 11:10:00,25.44,25.445,25.22,25.26,55078.0
2026-07-21,2026-07-21 11:15:00,25.24,25.265,25.1,25.12,22049.0
2026-07-21,2026-07-21 11:20:00,25.14,25.16,25.02,25.08,36905.0
2026-07-21,2026-07-21 11:25:00,25.065,25.09,24.77,24.865,54516.0
2026-07-21,2026-07-21 11:30:00,24.85,24.89,24.81,24.84,11557.0
2026-07-21,2026-07-21 11:35:00,24.85,24.95,24.85,24.93,31266.0
2026-07-21,2026-07-21 11:40:00,24.935,24.98,24.88,24.96,14603.0
2026-07-21,2026-07-21 11:45:00,24.95,24.95,24.885,24.95,10398.0
2026-07-21,2026-07-21 11:50:00,24.95,24.95,24.84,24.855,16214.0
2026-07-21,2026-07-21 11:55:00,24.855,24.89,24.84,24.84,9306.0
2026-07-21,2026-07-21 12:00:00,24.83,24.91,24.825,24.875,11508.0
2026-07-21,2026-07-21 12:05:00,24.87,24.9,24.82,24.9,19534.0
2026-07-21,2026-07-21 12:10:00,24.9,24.9,24.81,24.85,12593.0
2026-07-21,2026-07-21 12:15:00,24.83,24.87,24.81,24.82,15798.0
2026-07-21,2026-07-21 12:20:00,24.835,24.8518,24.72,24.78,34302.0
2026-07-21,2026-07-21 12:25:00,24.8,24.825,24.68,24.685,13064.0
2026-07-21,2026-07-21 12:30:00,24.67,24.72,24.635,24.69,14730.0
2026-07-21,2026-07-21 12:35:00,24.72,24.77,24.72,24.76,5263.0
2026-07-21,2026-07-21 12:40:00,24.745,24.745,24.67,24.71,12862.0
2026-07-21,2026-07-21 12:45:00,24.715,24.77,24.71,24.74,7693.0
2026-07-21,2026-07-21 12:50:00,24.73,24.73,24.65,24.65,11380.0
2026-07-21,2026-07-21 12:55:00,24.665,24.69,24.65,24.68,6620.0
2026-07-21,2026-07-21 13:00:00,24.67,24.68,24.64,24.64,7618.0
2026-07-21,2026-07-21 13:05:00,24.625,24.67,24.615,24.625,20364.0
2026-07-21,2026-07-21 13:10:00,24.635,24.66,24.58,24.59,15542.0
2026-07-21,2026-07-21 13:15:00,24.57,24.58,24.505,24.52,12018.0
2026-07-21,2026-07-21 13:20:00,24.515,24.605,24.5,24.575,31671.0
2026-07-21,2026-07-21 13:25:00,24.575,24.7,24.57,24.69,55217.0
2026-07-21,2026-07-21 13:30:00,24.67,24.67,24.56,24.565,34495.0
2026-07-21,2026-07-21 13:35:00,24.57,24.67,24.57,24.63,27091.0
2026-07-21,2026-07-21 13:40:00,24.61,24.65,24.58,24.63,13544.0
2026-07-21,2026-07-21 13:45:00,24.63,24.6349,24.54,24.56,28203.0
2026-07-21,2026-07-21 13:50:00,24.55,24.59,24.54,24.59,12677.0
2026-07-21,2026-07-21 13:55:00,24.59,24.67,24.59,24.65,12548.0
2026-07-21,2026-07-21 14:00:00,24.66,24.66,24.595,24.615,21246.0
2026-07-21,2026-07-21 14:05:00,24.6,24.66,24.6,24.65,17352.0
2026-07-21,2026-07-21 14:10:00,24.64,24.69,24.59,24.61,30891.0
2026-07-21,2026-07-21 14:15:00,24.61,24.64,24.52,24.545,53604.0
2026-07-21,2026-07-21 14:20:00,24.55,24.65,24.51,24.515,25580.0
2026-07-21,2026-07-21 14:25:00,24.48,24.685,24.45,24.52,55421.0
2026-07-21,2026-07-21 14:30:00,24.51,24.55,24.475,24.5,24144.0
2026-07-21,2026-07-21 14:35:00,24.49,24.52,24.48,24.49,20596.0
2026-07-21,2026-07-21 14:40:00,24.48,24.49,24.4301,24.4301,16123.0
2026-07-21,2026-07-21 14:45:00,24.435,24.505,24.42,24.49,14812.0
2026-07-21,2026-07-21 14:50:00,24.51,24.51,24.455,24.47,16052.0
2026-07-21,2026-07-21 14:55:00,24.47,24.5,24.43,24.46,12421.0
2026-07-21,2026-07-21 15:00:00,24.45,24.45,24.4,24.44,17597.0
2026-07-21,2026-07-21 15:05:00,24.43,24.53,24.43,24.52,17020.0
2026-07-21,2026-07-21 15:10:00,24.51,24.54,24.46,24.5,45199.0
2026-07-21,2026-07-21 15:15:00,24.51,24.5589,24.46,24.51,52917.0
2026-07-21,2026-07-21 15:20:00,24.5299,24.55,24.48,24.49,27002.0
2026-07-21,2026-07-21 15:25:00,24.48,24.51,24.44,24.49,35898.0
2026-07-21,2026-07-21 15:30:00,24.49,24.53,24.48,24.515,25414.0
2026-07-21,2026-07-21 15:35:00,24.52,24.58,24.5,24.5,36822.0
2026-07-21,2026-07-21 15:40:00,24.51,24.54,24.47,24.48,32574.0
2026-07-21,2026-07-21 15:45:00,24.48,24.55,24.4,24.43,66303.0
2026-07-21,2026-07-21 15:50:00,24.43,24.45,24.35,24.37,46290.0
2026-07-21,2026-07-21 15:55:00,24.37,24.45,24.34,24.43,78171.0
2026-07-21,2026-07-21 16:00:00,24.43,24.51,24.25,24.28,544863.0
2026-07-22,2026-07-22 09:35:00,23.87,23.905,23.02,23.18,68148.0
2026-07-22,2026-07-22 09:40:00,23.14,23.18,22.85,22.92,35767.0
2026-07-22,2026-07-22 09:45:00,22.92,23.06,22.8,23.06,56239.0
2026-07-22,2026-07-22 09:50:00,23.05,23.14,22.865,23.0,37142.0
2026-07-22,2026-07-22 09:55:00,22.99,22.99,22.71,22.82,23513.0
2026-07-22,2026-07-22 10:00:00,22.84,22.9,22.78,22.9,26655.0
2026-07-22,2026-07-22 10:05:00,22.89,23.21,22.89,23.02,25304.0
2026-07-22,2026-07-22 10:10:00,23.04,23.23,23.0,23.04,22036.0
2026-07-22,2026-07-22 10:15:00,23.07,23.09,22.97,22.97,16136.0
2026-07-22,2026-07-22 10:20:00,22.91,22.955,22.88,22.88,20541.0
2026-07-22,2026-07-22 10:25:00,22.88,22.95,22.88,22.9438,16336.0
2026-07-22,2026-07-22 10:30:00,22.965,22.98,22.831,22.85,19706.0
2026-07-22,2026-07-22 10:35:00,22.87,23.03,22.87,22.98,12305.0
2026-07-22,2026-07-22 10:40:00,22.94,22.96,22.79,22.79,18856.0
2026-07-22,2026-07-22 10:45:00,22.79,22.79,22.65,22.75,28702.0
2026-07-22,2026-07-22 10:50:00,22.675,22.785,22.66,22.785,14352.0
2026-07-22,2026-07-22 10:55:00,22.8,22.94,22.77,22.925,13861.0
2026-07-22,2026-07-22 11:00:00,22.9,22.935,22.82,22.835,16261.0
2026-07-22,2026-07-22 11:05:00,22.835,22.835,22.75,22.75,21817.0
2026-07-22,2026-07-22 11:10:00,22.76,22.77,22.65,22.69,42163.0
2026-07-22,2026-07-22 11:15:00,22.69,22.725,22.66,22.695,12778.0
2026-07-22,2026-07-22 11:20:00,22.69,22.71,22.625,22.64,20151.0
2026-07-22,2026-07-22 11:25:00,22.63,22.73,22.625,22.73,15225.0
2026-07-22,2026-07-22 11:30:00,22.73,22.81,22.72,22.73,30463.0
2026-07-22,2026-07-22 11:35:00,22.73,22.77,22.59,22.595,24097.0
2026-07-22,2026-07-22 11:40:00,22.57,22.575,22.435,22.44,30162.0
2026-07-22,2026-07-22 11:45:00,22.435,22.46,22.38,22.44,22015.0
2026-07-22,2026-07-22 11:50:00,22.455,22.5,22.44,22.49,31293.0
2026-07-22,2026-07-22 11:55:00,22.49,22.5,22.39,22.41,15092.0
2026-07-22,2026-07-22 12:00:00,22.4,22.42,22.35,22.42,13123.0
2026-07-22,2026-07-22 12:05:00,22.425,22.43,22.395,22.41,10501.0
2026-07-22,2026-07-22 12:10:00,22.42,22.4378,22.3,22.3,23874.0
2026-07-22,2026-07-22 12:15:00,22.295,22.3,22.245,22.26,13957.0
2026-07-22,2026-07-22 12:20:00,22.25,22.25,22.18,22.18,44750.0
2026-07-22,2026-07-22 12:25:00,22.1875,22.35,22.18,22.335,53536.0
2026-07-22,2026-07-22 12:30:00,22.335,22.34,22.265,22.28,18065.0
2026-07-22,2026-07-22 12:35:00,22.28,22.29,22.23,22.26,17039.0
2026-07-22,2026-07-22 12:40:00,22.25,22.25,22.19,22.2,19502.0
2026-07-22,2026-07-22 12:45:00,22.2,22.2,22.09,22.11,40605.0
2026-07-22,2026-07-22 12:50:00,22.095,22.16,22.095,22.14,18706.0
2026-07-22,2026-07-22 12:55:00,22.15,22.305,22.14,22.305,23626.0
2026-07-22,2026-07-22 13:00:00,22.26,22.355,22.24,22.345,11539.0
2026-07-22,2026-07-22 13:05:00,22.355,22.37,22.26,22.26,8732.0
2026-07-22,2026-07-22 13:10:00,22.26,22.27,22.17,22.205,28050.0
2026-07-22,2026-07-22 13:15:00,22.205,22.25,22.19,22.24,21920.0
2026-07-22,2026-07-22 13:20:00,22.245,22.245,22.18,22.2,10070.0
2026-07-22,2026-07-22 13:25:00,22.185,22.21,22.08,22.1,21730.0
2026-07-22,2026-07-22 13:30:00,22.11,22.225,22.11,22.195,13092.0
2026-07-22,2026-07-22 13:35:00,22.19,22.24,22.19,22.22,10156.0
2026-07-22,2026-07-22 13:40:00,22.22,22.33,22.21,22.31,17778.0
2026-07-22,2026-07-22 13:45:00,22.31,22.31,22.16,22.23,49592.0
2026-07-22,2026-07-22 13:50:00,22.23,22.24,22.175,22.19,16029.0
2026-07-22,2026-07-22 13:55:00,22.185,22.205,22.085,22.085,19873.0
2026-07-22,2026-07-22 14:00:00,22.085,22.1,22.06,22.065,16229.0
2026-07-22,2026-07-22 14:05:00,22.07,22.1399,22.065,22.125,27673.0
2026-07-22,2026-07-22 14:10:00,22.13,22.16,22.1,22.125,16744.0
2026-07-22,2026-07-22 14:15:00,22.13,22.285,22.115,22.22,318985.0
2026-07-22,2026-07-22 14:20:00,22.21,22.23,22.165,22.165,13366.0
2026-07-22,2026-07-22 14:25:00,22.16,22.22,22.15,22.155,25946.0
2026-07-22,2026-07-22 14:30:00,22.16,22.22,22.14,22.22,11998.0
2026-07-22,2026-07-22 14:35:00,22.22,22.24,22.18,22.24,10745.0
2026-07-22,2026-07-22 14:40:00,22.24,22.25,22.2,22.21,20634.0
2026-07-22,2026-07-22 14:45:00,22.21,22.225,22.21,22.225,10529.0
2026-07-22,2026-07-22 14:50:00,22.22,22.255,22.18,22.18,19161.0
2026-07-22,2026-07-22 14:55:00,22.1701,22.19,22.14,22.17,24137.0
2026-07-22,2026-07-22 15:00:00,22.16,22.19,22.14,22.17,22272.0
2026-07-22,2026-07-22 15:05:00,22.16,22.255,22.16,22.255,17662.0
2026-07-22,2026-07-22 15:10:00,22.245,22.275,22.19,22.26,32085.0
2026-07-22,2026-07-22 15:15:00,22.255,22.34,22.25,22.325,27066.0
2026-07-22,2026-07-22 15:20:00,22.35,22.365,22.24,22.27,28460.0
2026-07-22,2026-07-22 15:25:00,22.27,22.28,22.23,22.245,17430.0
2026-07-22,2026-07-22 15:30:00,22.24,22.27,22.195,22.23,56878.0
2026-07-22,2026-07-22 15:35:00,22.25,22.25,22.15,22.22,34966.0
2026-07-22,2026-07-22 15:40:00,22.21,22.22,22.16,22.19,31836.0
2026-07-22,2026-07-22 15:45:00,22.18,22.25,22.17,22.25,32934.0
2026-07-22,2026-07-22 15:50:00,22.235,22.32,22.225,22.31,39519.0
2026-07-22,2026-07-22 15:55:00,22.32,22.48,22.32,22.47,70571.0
2026-07-22,2026-07-22 16:00:00,22.45,22.53,22.4,22.5,361531.0
2026-07-23,2026-07-23 09:35:00,22.94,23.055,22.55,22.7,23137.0
2026-07-23,2026-07-23 09:40:00,22.7,22.7,22.27,22.375,5578.0
2026-07-23,2026-07-23 09:45:00,22.375,22.395,22.17,22.17,13381.0
2026-07-23,2026-07-23 09:50:00,22.215,22.268064,22.075,22.17,56029.0
2026-07-23,2026-07-23 09:55:00,22.15,22.2999,22.12,22.18,40151.0
2026-07-23,2026-07-23 10:00:00,22.2,22.24,22.07,22.09,11224.0
2026-07-23,2026-07-23 10:05:00,22.1,22.25,22.1,22.23,39453.0
2026-07-23,2026-07-23 10:10:00,22.2,22.21,22.02,22.05,19279.0
2026-07-23,2026-07-23 10:15:00,22.05,22.095,22.0101,22.055,19086.0
2026-07-23,2026-07-23 10:20:00,22.055,22.105,22.03,22.055,14614.0
2026-07-23,2026-07-23 10:25:00,22.05,22.08,22.01,22.08,20130.0
2026-07-23,2026-07-23 10:30:00,22.04,22.11,22.04,22.1,10880.0
2026-07-23,2026-07-23 10:35:00,22.08,22.11,21.96,21.98,32615.0
2026-07-23,2026-07-23 10:40:00,21.94,21.94,21.8,21.925,10553.0
2026-07-23,2026-07-23 10:45:00,21.915,21.915,21.77,21.8,9481.0
2026-07-23,2026-07-23 10:50:00,21.81,21.83,21.72,21.72,21136.0
2026-07-23,2026-07-23 10:55:00,21.73,21.75,21.69,21.74,23877.0
2026-07-23,2026-07-23 11:00:00,21.76,21.79,21.69,21.69,9671.0
2026-07-23,2026-07-23 11:05:00,21.705,21.705,21.62,21.685,22425.0
2026-07-23,2026-07-23 11:10:00,21.69,21.71,21.63,21.675,56012.0
2026-07-23,2026-07-23 11:15:00,21.67,21.67,21.58,21.595,16376.0
2026-07-23,2026-07-23 11:20:00,21.565,21.69,21.565,21.59,27560.0
2026-07-23,2026-07-23 11:25:00,21.6,21.63,21.55,21.585,27356.0
2026-07-23,2026-07-23 11:30:00,21.57,21.62,21.55,21.565,17522.0
2026-07-23,2026-07-23 11:35:00,21.58,21.585,21.455,21.515,12919.0
2026-07-23,2026-07-23 11:40:00,21.525,21.54,21.465,21.51,12612.0
2026-07-23,2026-07-23 11:45:00,21.495,21.495,21.39,21.45,18157.0
2026-07-23,2026-07-23 11:50:00,21.44,21.48,21.365,21.41,14831.0
2026-07-23,2026-07-23 11:55:00,21.395,21.49,21.395,21.49,9514.0
2026-07-23,2026-07-23 12:00:00,21.5,21.63,21.495,21.61,21849.0
2026-07-23,2026-07-23 12:05:00,21.6,21.6,21.56,21.59,10449.0
2026-07-23,2026-07-23 12:10:00,21.595,21.61,21.53,21.55,9138.0
2026-07-23,2026-07-23 12:15:00,21.56,21.58,21.5,21.505,10698.0
2026-07-23,2026-07-23 12:20:00,21.505,21.51,21.26,21.27,33033.0
2026-07-23,2026-07-23 12:25:00,21.28,21.28,21.11,21.14,39292.0
2026-07-23,2026-07-23 12:30:00,21.16,21.18,21.07,21.1,38313.0
2026-07-23,2026-07-23 12:35:00,21.11,21.17,21.105,21.16,12117.0
2026-07-23,2026-07-23 12:40:00,21.155,21.185,21.15,21.18,15792.0
2026-07-23,2026-07-23 12:45:00,21.175,21.235,21.14,21.2,16070.0
2026-07-23,2026-07-23 12:50:00,21.19,21.19,21.11,21.12,16121.0
2026-07-23,2026-07-23 12:55:00,21.11,21.12,21.08,21.1,19424.0
2026-07-23,2026-07-23 13:00:00,21.11,21.14,21.07,21.12,14783.0
2026-07-23,2026-07-23 13:05:00,21.11,21.14,21.09,21.12,28146.0
2026-07-23,2026-07-23 13:10:00,21.13,21.135,21.04,21.075,26951.0
2026-07-23,2026-07-23 13:15:00,21.08,21.08,21.01,21.055,12256.0
2026-07-23,2026-07-23 13:20:00,21.06,21.06,20.97,20.99,41501.0
2026-07-23,2026-07-23 13:25:00,20.98,21.0,20.93,20.99,34369.0
2026-07-23,2026-07-23 13:30:00,20.98,20.98,20.95,20.95,11927.0
2026-07-23,2026-07-23 13:35:00,20.95,21.04,20.94,20.99,20798.0
2026-07-23,2026-07-23 13:40:00,20.99,21.03,20.97,21.015,78730.0
2026-07-23,2026-07-23 13:45:00,21.01,21.045,20.96,21.04,13150.0
2026-07-23,2026-07-23 13:50:00,21.03,21.15,21.03,21.08,67874.0
2026-07-23,2026-07-23 13:55:00,21.08,21.085,21.05,21.08,16547.0
2026-07-23,2026-07-23 14:00:00,21.07,21.12,21.05,21.065,15471.0
2026-07-23,2026-07-23 14:05:00,21.055,21.07,21.04,21.055,10622.0
2026-07-23,2026-07-23 14:10:00,21.05,21.055,21.0,21.02,17186.0
2026-07-23,2026-07-23 14:15:00,21.045,21.095,21.035,21.05,23152.0
2026-07-23,2026-07-23 14:20:00,21.05,21.07,21.025,21.035,11352.0
2026-07-23,2026-07-23 14:25:00,21.035,21.055,21.015,21.055,8077.0
2026-07-23,2026-07-23 14:30:00,21.05,21.05,21.04,21.04,4099.0
2026-07-23,2026-07-23 14:35:00,21.03,21.07,21.025,21.025,8553.0
2026-07-23,2026-07-23 14:40:00,21.025,21.04,21.025,21.035,6852.0
2026-07-23,2026-07-23 14:45:00,21.035,21.07,21.035,21.065,10610.0
2026-07-23,2026-07-23 14:50:00,21.07,21.075,20.99,21.01,25747.0
2026-07-23,2026-07-23 14:55:00,21.025,21.03,20.98,21.005,23232.0
2026-07-23,2026-07-23 15:00:00,21.01,21.035,21.01,21.02,9269.0
2026-07-23,2026-07-23 15:05:00,21.025,21.13,21.025,21.05,28920.0
2026-07-23,2026-07-23 15:10:00,21.035,21.0999,20.99,21.07,18077.0
2026-07-23,2026-07-23 15:15:00,21.08,21.26,21.08,21.17,125523.0
2026-07-23,2026-07-23 15:20:00,21.16,21.25,21.155,21.235,27686.0
2026-07-23,2026-07-23 15:25:00,21.235,21.28,21.235,21.27,12285.0
2026-07-23,2026-07-23 15:30:00,21.26,21.29,21.22,21.275,23100.0
2026-07-23,2026-07-23 15:35:00,21.28,21.39,21.27,21.37,24548.0
2026-07-23,2026-07-23 15:40:00,21.375,21.38,21.15,21.15,73021.0
2026-07-23,2026-07-23 15:45:00,21.15,21.2,21.0415,21.11,226883.0
2026-07-23,2026-07-23 15:50:00,21.115,21.22,21.08,21.11,418220.0
2026-07-23,2026-07-23 15:55:00,21.1,21.15,21.04,21.04,135579.0
2026-07-23,2026-07-23 16:00:00,21.07,21.24,21.05,21.22,470068.0
2026-07-24,2026-07-24 09:35:00,21.98,21.98,21.785,21.81,22062.0
2026-07-24,2026-07-24 09:40:00,21.84,21.905,21.72,21.75,8584.0
2026-07-24,2026-07-24 09:45:00,21.6001,21.905,21.6,21.6,12975.0
2026-07-24,2026-07-24 09:50:00,21.56,21.7,21.54,21.61,6023.0
2026-07-24,2026-07-24 09:55:00,21.66,21.66,21.6,21.66,3845.0
2026-07-24,2026-07-24 10:00:00,21.61,21.69,21.59,21.59,7913.0
2026-07-24,2026-07-24 10:05:00,21.56,21.75,21.56,21.67,11486.0
2026-07-24,2026-07-24 10:10:00,21.66,21.67,21.5447,21.63,7950.0
2026-07-24,2026-07-24 10:15:00,21.605,21.605,21.4551,21.51,4657.0
2026-07-24,2026-07-24 10:20:00,21.53,21.55,21.44,21.54,7471.0
2026-07-24,2026-07-24 10:25:00,21.55,21.63,21.55,21.63,8573.0
2026-07-24,2026-07-24 10:30:00,21.61,21.62,21.535,21.535,4397.0
2026-07-24,2026-07-24 10:35:00,21.56,21.62,21.545,21.55,5076.0
2026-07-24,2026-07-24 10:40:00,21.6,21.645,21.54,21.64,8164.0
2026-07-24,2026-07-24 10:45:00,21.62,21.71,21.62,21.67,10478.0
2026-07-24,2026-07-24 10:50:00,21.65,21.77,21.65,21.77,7210.0
2026-07-24,2026-07-24 10:55:00,21.79,21.87,21.79,21.8,11341.0
2026-07-24,2026-07-24 11:00:00,21.82,21.97,21.775,21.905,20544.0
2026-07-24,2026-07-24 11:05:00,21.905,21.99,21.9,21.91,9094.0
2026-07-24,2026-07-24 11:10:00,21.9299,22.005,21.88,21.92,6911.0
2026-07-24,2026-07-24 11:15:00,21.92,22.08,21.92,22.08,10323.0
2026-07-24,2026-07-24 11:20:00,22.08,22.12,22.04,22.065,9000.0
2026-07-24,2026-07-24 11:25:00,22.08,22.22,22.075,22.19,8450.0
2026-07-24,2026-07-24 11:30:00,22.185,22.36,22.185,22.31,8399.0
2026-07-24,2026-07-24 11:35:00,22.32,22.36,22.075,22.075,14925.0
2026-07-24,2026-07-24 11:40:00,22.075,22.21,22.065,22.13,10377.0
2026-07-24,2026-07-24 11:45:00,22.1,22.12,21.89,21.92,12179.0
2026-07-24,2026-07-24 11:50:00,21.92,21.92,21.845,21.845,4604.0
2026-07-24,2026-07-24 11:55:00,21.85,21.89,21.775,21.805,8101.0
2026-07-24,2026-07-24 12:00:00,21.81,21.84,21.81,21.81,5689.0
2026-07-24,2026-07-24 12:05:00,21.83,21.89,21.8,21.83,7280.0
2026-07-24,2026-07-24 12:10:00,21.85,21.9,21.83,21.89,5472.0
2026-07-24,2026-07-24 12:15:00,21.87,21.9,21.8414,21.8414,10658.0
2026-07-24,2026-07-24 12:20:00,21.845,21.88,21.825,21.85,17789.0
2026-07-24,2026-07-24 12:25:00,21.85,21.86,21.815,21.84,6700.0
2026-07-24,2026-07-24 12:30:00,21.85,21.97,21.84,21.9,16147.0
2026-07-24,2026-07-24 12:35:00,21.88,21.89,21.81,21.815,24733.0
2026-07-24,2026-07-24 12:40:00,21.8,21.82,21.785,21.81,9854.0
2026-07-24,2026-07-24 12:45:00,21.79,21.79,21.69,21.695,14793.0
2026-07-24,2026-07-24 12:50:00,21.68,21.73,21.65,21.69,9809.0
2026-07-24,2026-07-24 12:55:00,21.695,21.695,21.58,21.61,11335.0
2026-07-24,2026-07-24 13:00:00,21.59,21.66,21.585,21.64,11316.0
2026-07-24,2026-07-24 13:05:00,21.63,21.67,21.63,21.665,8255.0
2026-07-24,2026-07-24 13:10:00,21.66,21.66,21.62,21.62,7101.0
2026-07-24,2026-07-24 13:15:00,21.62,21.68,21.62,21.68,10318.0
2026-07-24,2026-07-24 13:20:00,21.68,21.72,21.67,21.695,9723.0
2026-07-24,2026-07-24 13:25:00,21.7,21.71,21.65,21.7,7249.0
2026-07-24,2026-07-24 13:30:00,21.72,21.73,21.71,21.72,5980.0
2026-07-24,2026-07-24 13:35:00,21.72,21.82,21.7118,21.82,13921.0
2026-07-24,2026-07-24 13:40:00,21.83,21.87,21.825,21.8505,8459.0
2026-07-24,2026-07-24 13:45:00,21.865,21.885,21.85,21.885,5976.0
2026-07-24,2026-07-24 13:50:00,21.885,21.91,21.83,21.85,9957.0
2026-07-24,2026-07-24 13:55:00,21.86,21.87,21.84,21.84,5499.0
2026-07-24,2026-07-24 14:00:00,21.84,21.89,21.84,21.87,8252.0
2026-07-24,2026-07-24 14:05:00,21.87,21.915,21.8,21.8,13413.0
2026-07-24,2026-07-24 14:10:00,21.82,21.91,21.81,21.9,11782.0
2026-07-24,2026-07-24 14:15:00,21.89,21.89,21.84,21.84,6469.0
2026-07-24,2026-07-24 14:20:00,21.85,21.87,21.83,21.845,9322.0
2026-07-24,2026-07-24 14:25:00,21.85,21.905,21.85,21.88,7325.0
2026-07-24,2026-07-24 14:30:00,21.88,21.9,21.795,21.795,15882.0
2026-07-24,2026-07-24 14:35:00,21.81,21.82,21.79,21.8,18009.0
2026-07-24,2026-07-24 14:40:00,21.79,21.82,21.75,21.76,12560.0
2026-07-24,2026-07-24 14:45:00,21.74,21.77,21.73,21.75,11521.0
2026-07-24,2026-07-24 14:50:00,21.755,21.815,21.755,21.815,22376.0
2026-07-24,2026-07-24 14:55:00,21.81,21.82,21.75,21.77,17054.0
2026-07-24,2026-07-24 15:00:00,21.77,21.845,21.77,21.845,22400.0
2026-07-24,2026-07-24 15:05:00,21.845,21.86,21.83,21.86,14699.0
2026-07-24,2026-07-24 15:10:00,21.87,21.95,21.83,21.935,21243.0
2026-07-24,2026-07-24 15:15:00,21.95,21.96,21.87,21.88,16262.0
2026-07-24,2026-07-24 15:20:00,21.88,21.9,21.86,21.87,21793.0
2026-07-24,2026-07-24 15:25:00,21.865,21.885,21.81,21.825,23308.0
2026-07-24,2026-07-24 15:30:00,21.82,21.85,21.81,21.85,17132.0
2026-07-24,2026-07-24 15:35:00,21.845,21.895,21.84,21.87,21585.0
2026-07-24,2026-07-24 15:40:00,21.87,21.89,21.81,21.81,25195.0
2026-07-24,2026-07-24 15:45:00,21.81,21.84,21.79,21.82,24694.0
2026-07-24,2026-07-24 15:50:00,21.83,21.89,21.82,21.87,29698.0
2026-07-24,2026-07-24 15:55:00,21.89,21.9,21.82,21.83,52809.0
2026-07-24,2026-07-24 16:00:00,21.84,21.865,21.72,21.76,283876.0
2026-07-27,2026-07-27 09:35:00,22.53,22.72,22.42,22.68,27077.0
2026-07-27,2026-07-27 09:40:00,22.545,22.825,22.545,22.82,11052.0
2026-07-27,2026-07-27 09:45:00,22.776369,22.97,22.776369,22.89,85363.0
2026-07-27,2026-07-27 09:50:00,22.88,23.17,22.88,23.17,34890.0
2026-07-27,2026-07-27 09:55:00,23.2,23.395,23.18,23.22,6370.0
2026-07-27,2026-07-27 10:00:00,23.28412,23.3,23.07,23.07,7676.0
2026-07-27,2026-07-27 10:05:00,23.01,23.14,22.98,23.13,6954.0
2026-07-27,2026-07-27 10:10:00,23.145,23.28,23.145,23.15,22395.0
2026-07-27,2026-07-27 10:15:00,23.15,23.27,23.12,23.24,26207.0
2026-07-27,2026-07-27 10:20:00,23.23,23.34,23.17,23.34,9602.0
2026-07-27,2026-07-27 10:25:00,23.26,23.3,23.14,23.19,7621.0
2026-07-27,2026-07-27 10:30:00,23.21,23.3123,23.18,23.18,8319.0
2026-07-27,2026-07-27 10:35:00,23.2,23.33,23.2,23.24,10866.0
2026-07-27,2026-07-27 10:40:00,23.255,23.46,23.21,23.45,11170.0
2026-07-27,2026-07-27 10:45:00,23.42,23.43,23.245,23.255,8132.0
2026-07-27,2026-07-27 10:50:00,23.29,23.345,23.27,23.285,10081.0
2026-07-27,2026-07-27 10:55:00,23.3,23.46,23.3,23.4,12085.0
2026-07-27,2026-07-27 11:00:00,23.38,23.44,23.36,23.435,19299.0
2026-07-27,2026-07-27 11:05:00,23.415,23.56,23.4,23.54,24623.0
2026-07-27,2026-07-27 11:10:00,23.55,23.64,23.53,23.638587,101236.0
2026-07-27,2026-07-27 11:15:00,23.63,23.8099,23.6,23.775,20381.0
2026-07-27,2026-07-27 11:20:00,23.78,23.84,23.74,23.84,76931.0
2026-07-27,2026-07-27 11:25:00,23.82,23.915,23.81,23.82,19055.0
2026-07-27,2026-07-27 11:30:00,23.805,23.835,23.76,23.81,12805.0
2026-07-27,2026-07-27 11:35:00,23.85,23.87,23.78,23.8,52492.0
2026-07-27,2026-07-27 11:40:00,23.78,23.795,23.65,23.66,10252.0
2026-07-27,2026-07-27 11:45:00,23.66,23.67,23.505,23.535,13331.0
2026-07-27,2026-07-27 11:50:00,23.515,23.6,23.47,23.6,13894.0
2026-07-27,2026-07-27 11:55:00,23.63,23.71,23.63,23.69,19977.0
2026-07-27,2026-07-27 12:00:00,23.71,23.77,23.67,23.77,11282.0
2026-07-27,2026-07-27 12:05:00,23.77,23.86,23.705,23.71,57870.0
2026-07-27,2026-07-27 12:10:00,23.74,23.8,23.72,23.785,17252.0
2026-07-27,2026-07-27 12:15:00,23.77,23.8,23.72,23.73,27495.0
2026-07-27,2026-07-27 12:20:00,23.73,23.79,23.71,23.74,14886.0
2026-07-27,2026-07-27 12:25:00,23.74,23.81,23.715,23.8,37030.0
2026-07-27,2026-07-27 12:30:00,23.8,23.94,23.795,23.9175,15872.0
2026-07-27,2026-07-27 12:35:00,23.91,24.03,23.91,24.025,21851.0
2026-07-27,2026-07-27 12:40:00,24.03,24.13,24.03,24.12,9950.0
2026-07-27,2026-07-27 12:45:00,24.13,24.155,24.085,24.09,13785.0
2026-07-27,2026-07-27 12:50:00,24.1,24.13,24.06,24.06,8848.0
2026-07-27,2026-07-27 12:55:00,24.07,24.16,24.045,24.16,13759.0
2026-07-27,2026-07-27 13:00:00,24.1697,24.215,24.15,24.215,24194.0
2026-07-27,2026-07-27 13:05:00,24.215,24.23,24.16,24.16,9907.0
2026-07-27,2026-07-27 13:10:00,24.17,24.2,24.16,24.195,8703.0
2026-07-27,2026-07-27 13:15:00,24.2,24.27,24.185,24.26,15828.0
2026-07-27,2026-07-27 13:20:00,24.26,24.27,24.13,24.1425,25264.0
2026-07-27,2026-07-27 13:25:00,24.16,24.29,24.16,24.22,34806.0
2026-07-27,2026-07-27 13:30:00,24.225,24.28,24.215,24.24,13479.0
2026-07-27,2026-07-27 13:35:00,24.235,24.31,24.23,24.3,12544.0
2026-07-27,2026-07-27 13:40:00,24.305,24.33,24.285,24.305,17851.0
2026-07-27,2026-07-27 13:45:00,24.29,24.31,24.215,24.23,16234.0
2026-07-27,2026-07-27 13:50:00,24.23,24.2557,24.21,24.23,14251.0
2026-07-27,2026-07-27 13:55:00,24.23,24.32,24.2,24.32,10558.0
2026-07-27,2026-07-27 14:00:00,24.31,24.39,24.31,24.3475,17075.0
2026-07-27,2026-07-27 14:05:00,24.36,24.38,24.269,24.29,17815.0
2026-07-27,2026-07-27 14:10:00,24.31,24.32,24.27,24.305,17070.0
2026-07-27,2026-07-27 14:15:00,24.32,24.325,24.3,24.3,6649.0
2026-07-27,2026-07-27 14:20:00,24.29,24.3,24.22,24.25,11256.0
2026-07-27,2026-07-27 14:25:00,24.24,24.25,24.17,24.175,17623.0
2026-07-27,2026-07-27 14:30:00,24.165,24.165,24.1,24.105,12930.0
2026-07-27,2026-07-27 14:35:00,24.095,24.125,24.035,24.055,13510.0
2026-07-27,2026-07-27 14:40:00,24.08,24.16,24.08,24.1489,7042.0
2026-07-27,2026-07-27 14:45:00,24.13,24.23,24.125,24.23,13406.0
2026-07-27,2026-07-27 14:50:00,24.22,24.28,24.21,24.26,6909.0
2026-07-27,2026-07-27 14:55:00,24.275,24.31,24.26,24.29,11581.0
2026-07-27,2026-07-27 15:00:00,24.29,24.3,24.23,24.27,14194.0
2026-07-27,2026-07-27 15:05:00,24.28,24.28,24.19,24.19,10649.0
2026-07-27,2026-07-27 15:10:00,24.17,24.225,24.11,24.115,20498.0
2026-07-27,2026-07-27 15:15:00,24.11,24.115,23.95,23.95,43422.0
2026-07-27,2026-07-27 15:20:00,23.95,24.045,23.92,24.0361,40123.0
2026-07-27,2026-07-27 15:25:00,24.01,24.02,23.88,23.94,72010.0
2026-07-27,2026-07-27 15:30:00,23.95,23.97,23.915,23.92,82057.0
2026-07-27,2026-07-27 15:35:00,23.92,23.99,23.91,23.975,31452.0
2026-07-27,2026-07-27 15:40:00,23.975,23.99,23.85,23.88,36472.0
2026-07-27,2026-07-27 15:45:00,23.89,23.91,23.81,23.82,43869.0
2026-07-27,2026-07-27 15:50:00,23.815,23.865,23.77,23.82,33979.0
2026-07-27,2026-07-27 15:55:00,23.81,23.81,23.59,23.59,68831.0
2026-07-27,2026-07-27 16:00:00,23.58,23.625,23.45,23.51,493464.0
2026-07-28,2026-07-28 09:35:00,23.92,24.43,23.695,24.19,17743.0
2026-07-28,2026-07-28 09:40:00,24.4599,24.53,24.28,24.5,29940.0
2026-07-28,2026-07-28 09:45:00,24.47,24.52,24.11,24.15,16791.0
2026-07-28,2026-07-28 09:50:00,24.1,24.26,24.08,24.16,11407.0
2026-07-28,2026-07-28 09:55:00,24.22,24.29,24.1,24.145,11800.0
2026-07-28,2026-07-28 10:00:00,24.13,24.16,24.065,24.14,8721.0
2026-07-28,2026-07-28 10:05:00,24.12,24.26,24.12,24.1843,26246.0
2026-07-28,2026-07-28 10:10:00,24.175,24.215,24.015,24.015,11114.0
2026-07-28,2026-07-28 10:15:00,24.03,24.16,24.03,24.105,17472.0
2026-07-28,2026-07-28 10:20:00,24.12,24.2,24.0201,24.17,10045.0
2026-07-28,2026-07-28 10:25:00,24.135,24.29,24.1313,24.25,12932.0
2026-07-28,2026-07-28 10:30:00,24.2701,24.325,24.27,24.31,6329.0
2026-07-28,2026-07-28 10:35:00,24.28,24.29,24.23,24.24,4691.0
2026-07-28,2026-07-28 10:40:00,24.31,24.45,24.31,24.41,10822.0
2026-07-28,2026-07-28 10:45:00,24.4,24.55,24.4,24.545,12206.0
2026-07-28,2026-07-28 10:50:00,24.545,24.66,24.53,24.62,91568.0
2026-07-28,2026-07-28 10:55:00,24.62,24.63,24.505,24.54,13416.0
2026-07-28,2026-07-28 11:00:00,24.53,24.565,24.52,24.555,11360.0
2026-07-28,2026-07-28 11:05:00,24.53,24.73,24.53,24.615,26170.0
2026-07-28,2026-07-28 11:10:00,24.63,24.81,24.62,24.8,12500.0
2026-07-28,2026-07-28 11:15:00,24.83,24.87,24.78,24.82,15830.0
2026-07-28,2026-07-28 11:20:00,24.8,24.935,24.785,24.925,17924.0
2026-07-28,2026-07-28 11:25:00,24.94,24.99,24.94,24.955,15062.0
2026-07-28,2026-07-28 11:30:00,24.95,24.955,24.94,24.94,5254.0
2026-07-28,2026-07-28 11:35:00,24.94,24.99,24.79,24.8525,21812.0
2026-07-28,2026-07-28 11:40:00,24.84,24.9,24.76,24.78,19281.0
2026-07-28,2026-07-28 11:45:00,24.795,24.82,24.66,24.725,13825.0
2026-07-28,2026-07-28 11:50:00,24.74,24.78,24.72,24.74,18153.0
2026-07-28,2026-07-28 11:55:00,24.71,24.72,24.63,24.7,21521.0
2026-07-28,2026-07-28 12:00:00,24.67,24.72,24.645,24.72,9069.0
2026-07-28,2026-07-28 12:05:00,24.7,24.78,24.7,24.76,9006.0
2026-07-28,2026-07-28 12:10:00,24.77,24.83,24.765,24.83,7505.0
2026-07-28,2026-07-28 12:15:00,24.83,24.83,24.73,24.77,18105.0
2026-07-28,2026-07-28 12:20:00,24.77,24.78,24.745,24.765,7487.0
2026-07-28,2026-07-28 12:25:00,24.79,24.935,24.79,24.89,29568.0
2026-07-28,2026-07-28 12:30:00,24.88,24.91,24.77,24.81,82062.0
2026-07-28,2026-07-28 12:35:00,24.8,24.87,24.75,24.87,35689.0
2026-07-28,2026-07-28 12:40:00,24.89,25.04,24.88,25.025,34487.0
2026-07-28,2026-07-28 12:45:00,25.025,25.08,25.025,25.03,13349.0
2026-07-28,2026-07-28 12:50:00,25.04,25.1,25.02,25.08,9727.0
2026-07-28,2026-07-28 12:55:00,25.1,25.11,25.065,25.075,14559.0
2026-07-28,2026-07-28 13:00:00,25.08,25.1,25.06,25.1,19303.0
2026-07-28,2026-07-28 13:05:00,25.095,25.095,25.04,25.05,6758.0
2026-07-28,2026-07-28 13:10:00,25.05,25.08,25.03,25.07,11355.0
2026-07-28,2026-07-28 13:15:00,25.05,25.1,25.03,25.07,16211.0
2026-07-28,2026-07-28 13:20:00,25.07,25.1,25.0629,25.08,6572.0
2026-07-28,2026-07-28 13:25:00,25.08,25.145,25.075,25.08,12225.0
2026-07-28,2026-07-28 13:30:00,25.085,25.09,25.07,25.085,6620.0
2026-07-28,2026-07-28 13:35:00,25.085,25.09,24.99,25.03,69250.0
2026-07-28,2026-07-28 13:40:00,25.025,25.09,25.025,25.05,18948.0
2026-07-28,2026-07-28 13:45:00,25.06,25.14,25.06,25.13,13579.0
2026-07-28,2026-07-28 13:50:00,25.14,25.16,25.125,25.13,13241.0
2026-07-28,2026-07-28 13:55:00,25.135,25.135,25.07,25.08,18417.0
2026-07-28,2026-07-28 14:00:00,25.065,25.16,25.065,25.16,13865.0
2026-07-28,2026-07-28 14:05:00,25.16,25.335,25.16,25.24,28072.0
2026-07-28,2026-07-28 14:10:00,25.245,25.25,25.17,25.185,9635.0
2026-07-28,2026-07-28 14:15:00,25.17,25.22,25.15,25.22,14055.0
2026-07-28,2026-07-28 14:20:00,25.195,25.21,25.15,25.15,11770.0
2026-07-28,2026-07-28 14:25:00,25.165,25.2,25.15,25.17,9026.0
2026-07-28,2026-07-28 14:30:00,25.165,25.25,25.16,25.22,13371.0
2026-07-28,2026-07-28 14:35:00,25.23,25.255,25.175,25.255,23890.0
2026-07-28,2026-07-28 14:40:00,25.26,25.26,25.215,25.22,18653.0
2026-07-28,2026-07-28 14:45:00,25.23,25.27,25.205,25.26,10797.0
2026-07-28,2026-07-28 14:50:00,25.265,25.41,25.265,25.4,22664.0
2026-07-28,2026-07-28 14:55:00,25.405,25.48,25.405,25.43,19614.0
2026-07-28,2026-07-28 15:00:00,25.42,25.43,25.335,25.37,22026.0
2026-07-28,2026-07-28 15:05:00,25.37,25.38,25.275,25.275,26900.0
2026-07-28,2026-07-28 15:10:00,25.285,25.31,25.205,25.235,21007.0
2026-07-28,2026-07-28 15:15:00,25.24,25.24,25.09,25.1,17306.0
2026-07-28,2026-07-28 15:20:00,25.09,25.11,24.95,24.95,23205.0
2026-07-28,2026-07-28 15:25:00,24.92,24.92,24.75,24.75,40422.0
2026-07-28,2026-07-28 15:30:00,24.74,24.83,24.665,24.75,79549.0
2026-07-28,2026-07-28 15:35:00,24.75,24.84,24.75,24.75,26255.0
2026-07-28,2026-07-28 15:40:00,24.76,24.835,24.71,24.835,42982.0
2026-07-28,2026-07-28 15:45:00,24.8,24.87,24.79,24.82,38495.0
2026-07-28,2026-07-28 15:50:00,24.825,24.88,24.82,24.83,35011.0
2026-07-28,2026-07-28 15:55:00,24.82,24.91,24.79,24.88,56673.0
2026-07-28,2026-07-28 16:00:00,24.87,25.12,24.825,25.11,409153.0
2026-07-29,2026-07-29 09:35:00,25.03,25.47,25.03,25.31,29358.0
2026-07-29,2026-07-29 09:40:00,25.3,25.375,25.14,25.375,27950.0
2026-07-29,2026-07-29 09:45:00,25.38,25.58,25.3,25.53,15458.0
2026-07-29,2026-07-29 09:50:00,25.55,25.77,25.55,25.66,8196.0
2026-07-29,2026-07-29 09:55:00,25.725,25.95,25.72,25.95,10337.0
2026-07-29,2026-07-29 10:00:00,25.96,26.24,25.93,26.17,36514.0
2026-07-29,2026-07-29 10:05:00,26.15,26.29,25.995,26.045,22344.0
2026-07-29,2026-07-29 10:10:00,26.055,26.1,25.87,25.94,16459.0
2026-07-29,2026-07-29 10:15:00,25.91,25.91,25.69,25.74,17468.0
2026-07-29,2026-07-29 10:20:00,25.77,25.79,25.68,25.68,21317.0
2026-07-29,2026-07-29 10:25:00,25.68,25.73,25.6,25.62,15440.0
2026-07-29,2026-07-29 10:30:00,25.62,25.85,25.55,25.85,40228.0
2026-07-29,2026-07-29 10:35:00,25.83,26.04,25.81,26.04,10928.0
2026-07-29,2026-07-29 10:40:00,26.04,26.18,26.01,26.125,22934.0
2026-07-29,2026-07-29 10:45:00,26.1,26.105,25.975,26.02,13153.0
2026-07-29,2026-07-29 10:50:00,26.035,26.04,25.81,25.92,46173.0
2026-07-29,2026-07-29 10:55:00,25.93,26.04,25.905,25.995,12436.0
2026-07-29,2026-07-29 11:00:00,25.99,26.005,25.96,26.005,13036.0
2026-07-29,2026-07-29 11:05:00,26.0,26.08,26.0,26.025,10950.0
2026-07-29,2026-07-29 11:10:00,26.02,26.045,26.0,26.015,5494.0
2026-07-29,2026-07-29 11:15:00,26.015,26.025,25.97,26.0,16548.0
2026-07-29,2026-07-29 11:20:00,26.01,26.225,26.01,26.13,15191.0
2026-07-29,2026-07-29 11:25:00,26.14,26.155,26.08,26.145,10941.0
2026-07-29,2026-07-29 11:30:00,26.145,26.1699,26.0901,26.115,9973.0
2026-07-29,2026-07-29 11:35:00,26.1,26.175,26.08,26.125,10600.0
2026-07-29,2026-07-29 11:40:00,26.14,26.155,26.02,26.02,11899.0
2026-07-29,2026-07-29 11:45:00,26.025,26.1,25.97,26.08,27317.0
2026-07-29,2026-07-29 11:50:00,26.085,26.185,26.075,26.185,24471.0
2026-07-29,2026-07-29 11:55:00,26.175,26.21,26.1501,26.175,5473.0
2026-07-29,2026-07-29 12:00:00,26.15,26.285,26.15,26.28,11999.0
2026-07-29,2026-07-29 12:05:00,26.3,26.32,26.245,26.28,4807.0
2026-07-29,2026-07-29 12:10:00,26.23,26.3926,26.22,26.37,7150.0
2026-07-29,2026-07-29 12:15:00,26.385,26.415,26.12,26.12,41963.0
2026-07-29,2026-07-29 12:20:00,26.12,26.34,26.09,26.32,17657.0
2026-07-29,2026-07-29 12:25:00,26.32,26.39,26.3,26.37,6146.0
2026-07-29,2026-07-29 12:30:00,26.3635,26.38,26.32,26.35,5422.0
2026-07-29,2026-07-29 12:35:00,26.32,26.41,26.28,26.28,7092.0
2026-07-29,2026-07-29 12:40:00,26.29,26.3,26.15,26.16,9412.0
2026-07-29,2026-07-29 12:45:00,26.14,26.17,26.1,26.17,8948.0
2026-07-29,2026-07-29 12:50:00,26.17,26.215,26.13,26.21,12859.0
2026-07-29,2026-07-29 12:55:00,26.22,26.31,26.22,26.29,9383.0
2026-07-29,2026-07-29 13:00:00,26.28,26.295,26.27,26.28,9017.0
2026-07-29,2026-07-29 13:05:00,26.28,26.397611,26.28,26.37,16917.0
2026-07-29,2026-07-29 13:10:00,26.36,26.36,26.235,26.235,8335.0
2026-07-29,2026-07-29 13:15:00,26.21,26.26,26.205,26.25,6346.0
2026-07-29,2026-07-29 13:20:00,26.23,26.23,26.13,26.205,12403.0
2026-07-29,2026-07-29 13:25:00,26.23,26.255,26.2,26.21,6306.0
2026-07-29,2026-07-29 13:30:00,26.19,26.235,26.18,26.205,7452.0
2026-07-29,2026-07-29 13:35:00,26.22,26.26,26.19,26.22,17364.0
2026-07-29,2026-07-29 13:40:00,26.21,26.21,26.11,26.13,19082.0
2026-07-29,2026-07-29 13:45:00,26.155,26.17,26.12,26.14,39156.0
2026-07-29,2026-07-29 13:50:00,26.16,26.16,26.08,26.12,16514.0
2026-07-29,2026-07-29 13:55:00,26.135,26.15,26.09,26.11,15940.0
2026-07-29,2026-07-29 14:00:00,26.11,26.14,26.09,26.14,18366.0
2026-07-29,2026-07-29 14:05:00,26.16,26.33,26.13,26.22,135453.0
2026-07-29,2026-07-29 14:10:00,26.225,26.235,26.1675,26.2,24572.0
2026-07-29,2026-07-29 14:15:00,26.215,26.26,26.055,26.0575,58557.0
2026-07-29,2026-07-29 14:20:00,26.085,26.2,26.085,26.2,59564.0
2026-07-29,2026-07-29 14:25:00,26.17,26.255,26.11,26.2,71618.0
2026-07-29,2026-07-29 14:30:00,26.2,26.255,26.165,26.255,13195.0
2026-07-29,2026-07-29 14:35:00,26.265,26.28,26.15,26.17,16964.0
2026-07-29,2026-07-29 14:40:00,26.16,26.35,26.16,26.285,20545.0
2026-07-29,2026-07-29 14:45:00,26.29,26.395,26.27,26.355,23183.0
2026-07-29,2026-07-29 14:50:00,26.38,26.45,26.37,26.44,18805.0
2026-07-29,2026-07-29 14:55:00,26.44,26.56,26.44,26.48,42586.0
2026-07-29,2026-07-29 15:00:00,26.49,26.515,26.45,26.48,13537.0
2026-07-29,2026-07-29 15:05:00,26.48,26.48,26.36,26.37,24527.0
2026-07-29,2026-07-29 15:10:00,26.38,26.41,26.3,26.32,29923.0
2026-07-29,2026-07-29 15:15:00,26.33,26.48,26.29,26.46,16978.0
2026-07-29,2026-07-29 15:20:00,26.47,26.5,26.45,26.495,18729.0
2026-07-29,2026-07-29 15:25:00,26.49,26.52,26.45,26.49,30757.0
2026-07-29,2026-07-29 15:30:00,26.5,26.56,26.45,26.525,21500.0
2026-07-29,2026-07-29 15:35:00,26.545,26.61,26.5101,26.61,52917.0
2026-07-29,2026-07-29 15:40:00,26.62,26.64,26.52,26.535,39484.0
2026-07-29,2026-07-29 15:45:00,26.535,26.625,26.52,26.59,36153.0
2026-07-29,2026-07-29 15:50:00,26.6,26.665,26.5508,26.63,49926.0
2026-07-29,2026-07-29 15:55:00,26.65,26.795,26.635,26.785,110837.0
2026-07-29,2026-07-29 16:00:00,26.76,26.85,26.73,26.83,475296.0
2026-07-30,2026-07-30 09:35:00,25.78,26.01,25.525,25.65,26985.0
2026-07-30,2026-07-30 09:40:00,25.3901,25.61,25.02,25.08,11801.0
2026-07-30,2026-07-30 09:45:00,25.07,25.13,24.75,25.05,20125.0
2026-07-30,2026-07-30 09:50:00,25.04,25.185,24.865,25.025,16912.0
2026-07-30,2026-07-30 09:55:00,25.025,25.15,24.98,24.98,8408.0
2026-07-30,2026-07-30 10:00:00,24.98,25.15,24.91,24.91,13881.0
2026-07-30,2026-07-30 10:05:00,24.935,25.01,24.715,24.725,15421.0
2026-07-30,2026-07-30 10:10:00,24.69,24.85,24.61,24.76,26033.0
2026-07-30,2026-07-30 10:15:00,24.73,24.76,24.55,24.58,9405.0
2026-07-30,2026-07-30 10:20:00,24.55,24.59,24.43,24.49,18744.0
2026-07-30,2026-07-30 10:25:00,24.505,24.505,24.3098,24.3098,11975.0
2026-07-30,2026-07-30 10:30:00,24.35,24.45,24.32,24.36,16086.0
2026-07-30,2026-07-30 10:35:00,24.325,24.42,24.28,24.38,19710.0
2026-07-30,2026-07-30 10:40:00,24.38,24.6,24.345,24.43,32174.0
2026-07-30,2026-07-30 10:45:00,24.42,24.4635,24.33,24.37,9412.0
2026-07-30,2026-07-30 10:50:00,24.345,24.42,24.27,24.36,19003.0
2026-07-30,2026-07-30 10:55:00,24.35,24.455,24.345,24.37,9020.0
2026-07-30,2026-07-30 11:00:00,24.35,24.64,24.3088,24.585,25408.0
2026-07-30,2026-07-30 11:05:00,24.58,24.58,24.45,24.465,6944.0
2026-07-30,2026-07-30 11:10:00,24.465,24.63,24.46,24.625,13139.0
2026-07-30,2026-07-30 11:15:00,24.6,24.67,24.545,24.6,18497.0
2026-07-30,2026-07-30 11:20:00,24.6,24.77,24.6,24.76,12661.0
2026-07-30,2026-07-30 11:25:00,24.75,24.905,24.74,24.905,6996.0
2026-07-30,2026-07-30 11:30:00,24.87,25.11,24.83,25.105,19256.0
2026-07-30,2026-07-30 11:35:00,25.14,25.165,25.05,25.09,14786.0
2026-07-30,2026-07-30 11:40:00,25.12,25.175,25.01,25.025,15290.0
2026-07-30,2026-07-30 11:45:00,25.0,25.165,24.99,25.135,9304.0
2026-07-30,2026-07-30 11:50:00,25.11,25.16,25.11,25.14,12824.0
2026-07-30,2026-07-30 11:55:00,25.14,25.245,25.13,25.225,15192.0
2026-07-30,2026-07-30 12:00:00,25.21,25.225,25.13,25.155,18443.0
2026-07-30,2026-07-30 12:05:00,25.16,25.165,25.11,25.165,13903.0
2026-07-30,2026-07-30 12:10:00,25.13,25.13,25.06,25.09,10233.0
2026-07-30,2026-07-30 12:15:00,25.095,25.16,25.05,25.11,10941.0
2026-07-30,2026-07-30 12:20:00,25.11,25.12,25.05,25.06,13188.0
2026-07-30,2026-07-30 12:25:00,25.06,25.11,25.05,25.095,7582.0
2026-07-30,2026-07-30 12:30:00,25.1,25.1,25.035,25.0475,9694.0
2026-07-30,2026-07-30 12:35:00,25.04,25.09,25.04,25.075,11256.0
2026-07-30,2026-07-30 12:40:00,25.06,25.12,25.045,25.06,13091.0
2026-07-30,2026-07-30 12:45:00,25.045,25.11,25.045,25.1,9964.0
2026-07-30,2026-07-30 12:50:00,25.105,25.155,25.08,25.08,13729.0
2026-07-30,2026-07-30 12:55:00,25.08,25.1,25.0,25.0,11645.0
2026-07-30,2026-07-30 13:00:00,25.015,25.03,24.955,24.96,48257.0
2026-07-30,2026-07-30 13:05:00,24.965,25.02,24.95,25.02,8925.0
2026-07-30,2026-07-30 13:10:00,25.05,25.09,25.01,25.09,9924.0
2026-07-30,2026-07-30 13:15:00,25.11,25.11,25.06,25.09,9838.0
2026-07-30,2026-07-30 13:20:00,25.1,25.14,25.075,25.115,11497.0
2026-07-30,2026-07-30 13:25:00,25.1,25.11,25.05,25.06,11638.0
2026-07-30,2026-07-30 13:30:00,25.065,25.09,25.02,25.025,11976.0
2026-07-30,2026-07-30 13:35:00,25.02,25.075,24.98,24.995,15598.0
2026-07-30,2026-07-30 13:40:00,24.995,24.995,24.915,24.93,11819.0
2026-07-30,2026-07-30 13:45:00,24.945,24.9727,24.915,24.95,10001.0
2026-07-30,2026-07-30 13:50:00,24.955,25.0027,24.95,24.98,9099.0
2026-07-30,2026-07-30 13:55:00,24.98,25.0046,24.94,24.975,11828.0
2026-07-30,2026-07-30 14:00:00,24.985,25.02,24.955,24.97,11573.0
2026-07-30,2026-07-30 14:05:00,24.97,25.02,24.96,25.01,10782.0
2026-07-30,2026-07-30 14:10:00,25.015,25.06,24.925,24.95,13555.0
2026-07-30,2026-07-30 14:15:00,24.95,25.03,24.93,24.99,11760.0
2026-07-30,2026-07-30 14:20:00,24.995,24.995,24.905,24.955,15290.0
2026-07-30,2026-07-30 14:25:00,24.965,24.965,24.9,24.915,9813.0
2026-07-30,2026-07-30 14:30:00,24.91,24.9492,24.9,24.93,12578.0
2026-07-30,2026-07-30 14:35:00,24.93,24.96,24.93,24.955,7797.0
2026-07-30,2026-07-30 14:40:00,24.95,24.955,24.92,24.935,16621.0
2026-07-30,2026-07-30 14:45:00,24.935,24.95,24.88,24.895,13425.0
2026-07-30,2026-07-30 14:50:00,24.895,25.0694,24.755,24.76,119077.0
2026-07-30,2026-07-30 14:55:00,24.755,24.83,24.755,24.815,8261.0
2026-07-30,2026-07-30 15:00:00,24.81,24.9,24.8,24.9,13117.0
2026-07-30,2026-07-30 15:05:00,24.8875,24.915,24.815,24.83,10322.0
2026-07-30,2026-07-30 15:10:00,24.81,24.825,24.75,24.78,19206.0
2026-07-30,2026-07-30 15:15:00,24.78,24.82,24.75,24.82,9614.0
2026-07-30,2026-07-30 15:20:00,24.81,24.84,24.74,24.77,14382.0
2026-07-30,2026-07-30 15:25:00,24.77,24.84,24.77,24.83,12301.0
2026-07-30,2026-07-30 15:30:00,24.83,24.84,24.76,24.76,25613.0
2026-07-30,2026-07-30 15:35:00,24.75,24.79,24.73,24.755,21992.0
2026-07-30,2026-07-30 15:40:00,24.73,24.8,24.72,24.8,10510.0
2026-07-30,2026-07-30 15:45:00,24.78,24.9,24.765,24.775,43957.0
2026-07-30,2026-07-30 15:50:00,24.78,24.82,24.735,24.82,23086.0
2026-07-30,2026-07-30 15:55:00,24.82,24.87,24.765,24.845,37247.0
2026-07-30,2026-07-30 16:00:00,24.86,25.12,24.85,25.06,346478.0
2026-07-31,2026-07-31 09:35:00,24.62,24.865,24.57,24.69,48970.0
2026-07-31,2026-07-31 09:40:00,24.87,25.155,24.83,25.155,3766.0
2026-07-31,2026-07-31 09:45:00,25.15,25.4668,25.15,25.305,3052.0
2026-07-31,2026-07-31 09:50:00,25.22,25.28,25.03,25.16,6071.0
2026-07-31,2026-07-31 09:55:00,25.15,25.18,24.98,25.14,177697.0
2026-07-31,2026-07-31 10:00:00,25.21,25.305,25.145,25.15,7690.0
2026-07-31,2026-07-31 10:05:00,25.115,25.21,25.07,25.1817,14681.0
2026-07-31,2026-07-31 10:10:00,25.165,25.48,25.1,25.48,19216.0
2026-07-31,2026-07-31 10:15:00,25.46,25.53,25.37,25.49,21123.0
2026-07-31,2026-07-31 10:20:00,25.485,25.485,25.1893,25.1893,12825.0
2026-07-31,2026-07-31 10:25:00,25.18,25.18,24.93,24.93,12435.0
2026-07-31,2026-07-31 10:30:00,24.89,25.02,24.85,25.01,10988.0
2026-07-31,2026-07-31 10:35:00,25.015,25.085,24.97,24.99,9054.0
2026-07-31,2026-07-31 10:40:00,24.98,25.11,24.98,25.08,5998.0
2026-07-31,2026-07-31 10:45:00,25.12,25.15,25.0,25.11,10822.0
2026-07-31,2026-07-31 10:50:00,25.11,25.115,25.03,25.03,9496.0
2026-07-31,2026-07-31 10:55:00,25.02,25.04,24.91,24.925,12704.0
2026-07-31,2026-07-31 11:00:00,24.93,24.99,24.805,24.805,11847.0
2026-07-31,2026-07-31 11:05:00,24.78,24.92,24.78,24.885,6966.0
2026-07-31,2026-07-31 11:10:00,24.94,24.94,24.77,24.78,6064.0
2026-07-31,2026-07-31 11:15:00,24.77,24.91,24.77,24.88,2964.0
2026-07-31,2026-07-31 11:20:00,24.85,24.88,24.8,24.825,9088.0
2026-07-31,2026-07-31 11:25:00,24.81,24.82,24.77,24.78,11317.0
2026-07-31,2026-07-31 11:30:00,24.79,24.905,24.77,24.81,15773.0
2026-07-31,2026-07-31 11:35:00,24.81,24.88,24.78,24.855,12820.0
2026-07-31,2026-07-31 11:40:00,24.83,24.905,24.745,24.9,33975.0
2026-07-31,2026-07-31 11:45:00,24.91,25.01,24.9,25.01,14018.0
2026-07-31,2026-07-31 11:50:00,25.015,25.025,24.89,24.93,12363.0
2026-07-31,2026-07-31 11:55:00,24.98,25.09,24.96,25.07,15239.0
2026-07-31,2026-07-31 12:00:00,25.06,25.1098,25.04,25.06,14222.0
2026-07-31,2026-07-31 12:05:00,25.096,25.105,25.02,25.08,12540.0
2026-07-31,2026-07-31 12:10:00,25.07,25.09,24.99,24.99,11616.0
2026-07-31,2026-07-31 12:15:00,25.01,25.1351,24.99,25.02,15817.0
2026-07-31,2026-07-31 12:20:00,25.04,25.0996,24.99,25.08,10122.0
2026-07-31,2026-07-31 12:25:00,25.085,25.145,25.06,25.13,7019.0
2026-07-31,2026-07-31 12:30:00,25.12,25.13,25.075,25.09,3400.0
2026-07-31,2026-07-31 12:35:00,25.075,25.13,24.98,24.98,8412.0
2026-07-31,2026-07-31 12:40:00,24.97,25.04,24.93,25.04,17378.0
2026-07-31,2026-07-31 12:45:00,25.041,25.115,25.03,25.07,13921.0
2026-07-31,2026-07-31 12:50:00,25.075,25.126,25.04,25.065,13533.0
2026-07-31,2026-07-31 12:55:00,25.05,25.071,25.0,25.0,10467.0
2026-07-31,2026-07-31 13:00:00,25.0,25.06,24.99,25.06,12157.0
2026-07-31,2026-07-31 13:05:00,25.06,25.15,25.035,25.12,9351.0
2026-07-31,2026-07-31 13:10:00,25.12,25.14,25.1,25.135,5343.0
2026-07-31,2026-07-31 13:15:00,25.14,25.22,25.14,25.19,5273.0
2026-07-31,2026-07-31 13:20:00,25.2,25.2,25.11,25.11,5614.0
2026-07-31,2026-07-31 13:25:00,25.13,25.23,25.13,25.23,8360.0
2026-07-31,2026-07-31 13:30:00,25.245,25.3,25.19,25.27,8078.0
2026-07-31,2026-07-31 13:35:00,25.25,25.25,25.22,25.225,6253.0
2026-07-31,2026-07-31 13:40:00,25.24,25.26,25.175,25.175,7981.0
2026-07-31,2026-07-31 13:45:00,25.19,25.19,24.92,24.92,16697.0
2026-07-31,2026-07-31 13:50:00,24.92,24.94,24.845,24.855,19542.0
2026-07-31,2026-07-31 13:55:00,24.845,24.92,24.845,24.88,18906.0
2026-07-31,2026-07-31 14:00:00,24.87,24.91,24.83,24.83,31724.0
2026-07-31,2026-07-31 14:05:00,24.83,24.84,24.75,24.8,20996.0
2026-07-31,2026-07-31 14:10:00,24.8,24.82,24.71,24.73,15545.0
2026-07-31,2026-07-31 14:15:00,24.75,24.82,24.73,24.81,17801.0
2026-07-31,2026-07-31 14:20:00,24.81,24.875,24.81,24.83,18056.0
2026-07-31,2026-07-31 14:25:00,24.825,24.88,24.82,24.86,15688.0
2026-07-31,2026-07-31 14:30:00,24.865,24.89,24.85,24.85,16219.0
2026-07-31,2026-07-31 14:35:00,24.865,24.87,24.83,24.855,17431.0
2026-07-31,2026-07-31 14:40:00,24.86,24.88,24.84,24.85,12121.0
2026-07-31,2026-07-31 14:45:00,24.84,25.0,24.82,24.96,19670.0
2026-07-31,2026-07-31 14:50:00,24.94,24.97,24.94,24.97,9822.0
2026-07-31,2026-07-31 14:55:00,24.98,25.02,24.97,25.02,17999.0
2026-07-31,2026-07-31 15:00:00,25.02,25.03,24.99,24.995,6659.0
2026-07-31,2026-07-31 15:05:00,24.995,25.06,24.915,24.915,11851.0
2026-07-31,2026-07-31 15:10:00,24.93,24.96,24.89,24.95,16743.0
2026-07-31,2026-07-31 15:15:00,24.95,24.99,24.95,24.97,18365.0
2026-07-31,2026-07-31 15:20:00,24.97,25.01,24.96,24.99,16531.0
2026-07-31,2026-07-31 15:25:00,24.99,25.01,24.95,24.97,22817.0
2026-07-31,2026-07-31 15:30:00,24.94,24.95,24.82,24.865,38052.0
2026-07-31,2026-07-31 15:35:00,24.85,24.875,24.78,24.8,46101.0
2026-07-31,2026-07-31 15:40:00,24.81,24.85,24.765,24.83,40031.0
2026-07-31,2026-07-31 15:45:00,24.82,24.84,24.75,24.76,47578.0
2026-07-31,2026-07-31 15:50:00,24.76,24.8,24.68,24.77,111623.0
2026-07-31,2026-07-31 15:55:00,24.78,24.87,24.75,24.87,87957.0
2026-07-31,2026-07-31 16:00:00,24.88,24.96,24.855,24.92,419535.0
2026-08-03,2026-08-03 09:35:00,25.72,26.12,25.72,26.01,30142.0
2026-08-03,2026-08-03 09:40:00,26.01,26.23,25.9257,26.23,20093.0
2026-08-03,2026-08-03 09:45:00,26.23,26.4,26.02,26.11,29623.0
2026-08-03,2026-08-03 09:50:00,26.17,26.35,26.16,26.261,11964.0
2026-08-03,2026-08-03 09:55:00,26.21,26.28,26.1,26.13,22815.0
2026-08-03,2026-08-03 10:00:00,26.11,26.175,25.86,25.95,14475.0
2026-08-03,2026-08-03 10:05:00,25.92,25.985,25.8,25.985,9050.0
2026-08-03,2026-08-03 10:10:00,25.985,25.985,25.765,25.8037,9300.0
2026-08-03,2026-08-03 10:15:00,25.75,25.765,25.55,25.61,8934.0
2026-08-03,2026-08-03 10:20:00,25.625,25.625,25.505,25.6,10156.0
2026-08-03,2026-08-03 10:25:00,25.6,25.63,25.41,25.435,14273.0
2026-08-03,2026-08-03 10:30:00,25.37,25.635,25.37,25.595,12761.0
2026-08-03,2026-08-03 10:35:00,25.59,25.625,25.34,25.3547,4791.0
2026-08-03,2026-08-03 10:40:00,25.36,25.455,25.27,25.42,9543.0
2026-08-03,2026-08-03 10:45:00,25.39,25.53,25.39,25.51,12453.0
2026-08-03,2026-08-03 10:50:00,25.54,25.6,25.34,25.35,14152.0
2026-08-03,2026-08-03 10:55:00,25.36,25.41,25.34,25.41,5431.0
2026-08-03,2026-08-03 11:00:00,25.4,25.49,25.4,25.46,8030.0
2026-08-03,2026-08-03 11:05:00,25.47,25.5,25.43,25.43,10470.0
2026-08-03,2026-08-03 11:10:00,25.445,25.52,25.43,25.52,7239.0
2026-08-03,2026-08-03 11:15:00,25.56,25.56,25.49,25.54,4116.0
2026-08-03,2026-08-03 11:20:00,25.59,25.65,25.57,25.611,3530.0
2026-08-03,2026-08-03 11:25:00,25.68,25.69,25.62,25.69,6066.0
2026-08-03,2026-08-03 11:30:00,25.715,25.78,25.715,25.76,5079.0
2026-08-03,2026-08-03 11:35:00,25.77,25.825,25.75,25.825,7593.0
2026-08-03,2026-08-03 11:40:00,25.85,25.87,25.835,25.87,6406.0
2026-08-03,2026-08-03 11:45:00,25.84,25.9,25.83,25.85,34094.0
2026-08-03,2026-08-03 11:50:00,25.865,25.865,25.81,25.81,6037.0
2026-08-03,2026-08-03 11:55:00,25.77,25.835,25.755,25.81,4885.0
2026-08-03,2026-08-03 12:00:00,25.8,25.86,25.8,25.86,15797.0
2026-08-03,2026-08-03 12:05:00,25.85,25.855,25.805,25.82,9082.0
2026-08-03,2026-08-03 12:10:00,25.83,25.85,25.815,25.85,5392.0
2026-08-03,2026-08-03 12:15:00,25.85,25.85,25.745,25.79,13601.0
2026-08-03,2026-08-03 12:20:00,25.77,25.77,25.73,25.75,5995.0
2026-08-03,2026-08-03 12:25:00,25.74,25.91,25.74,25.89,10999.0
2026-08-03,2026-08-03 12:30:00,25.885,25.89,25.86,25.86,6473.0
2026-08-03,2026-08-03 12:35:00,25.85,25.855,25.545,25.58,33863.0
2026-08-03,2026-08-03 12:40:00,25.57,25.59,25.51,25.57,35339.0
2026-08-03,2026-08-03 12:45:00,25.575,25.66,25.575,25.655,13580.0
2026-08-03,2026-08-03 12:50:00,25.66,25.71,25.66,25.71,10301.0
2026-08-03,2026-08-03 12:55:00,25.69,25.76,25.67,25.74,7225.0
2026-08-03,2026-08-03 13:00:00,25.74,25.815,25.74,25.815,10893.0
2026-08-03,2026-08-03 13:05:00,25.83,25.83,25.785,25.82,6564.0
2026-08-03,2026-08-03 13:10:00,25.815,25.83,25.8,25.8,5899.0
2026-08-03,2026-08-03 13:15:00,25.82,25.9,25.775,25.89,8497.0
2026-08-03,2026-08-03 13:20:00,25.87,25.87,25.805,25.815,7193.0
2026-08-03,2026-08-03 13:25:00,25.8038,25.86,25.8038,25.845,6298.0
2026-08-03,2026-08-03 13:30:00,25.86,25.86,25.82,25.8201,5976.0
2026-08-03,2026-08-03 13:35:00,25.82,25.83,25.765,25.77,7012.0
2026-08-03,2026-08-03 13:40:00,25.74,25.76,25.73,25.75,11651.0
2026-08-03,2026-08-03 13:45:00,25.76,25.76,25.685,25.7,7706.0
2026-08-03,2026-08-03 13:50:00,25.71,25.72,25.685,25.69,8729.0
2026-08-03,2026-08-03 13:55:00,25.7,25.72,25.686,25.7,8257.0
2026-08-03,2026-08-03 14:00:00,25.69,25.69,25.62,25.625,9670.0
2026-08-03,2026-08-03 14:05:00,25.64,25.77,25.64,25.75,9676.0
2026-08-03,2026-08-03 14:10:00,25.76,25.77,25.75,25.755,5798.0
2026-08-03,2026-08-03 14:15:00,25.73,25.77,25.7,25.76,6163.0
2026-08-03,2026-08-03 14:20:00,25.75,25.77,25.7,25.77,10643.0
2026-08-03,2026-08-03 14:25:00,25.76,25.77,25.73,25.76,13617.0
2026-08-03,2026-08-03 14:30:00,25.76,25.82,25.76,25.79,7678.0
2026-08-03,2026-08-03 14:35:00,25.79,25.81,25.79,25.79,3715.0
2026-08-03,2026-08-03 14:40:00,25.79,25.82,25.78,25.82,8027.0
2026-08-03,2026-08-03 14:45:00,25.83,25.85,25.83,25.84,6639.0
2026-08-03,2026-08-03 14:50:00,25.85,25.85,25.83,25.83,5678.0
2026-08-03,2026-08-03 14:55:00,25.83,25.83,25.8,25.8,9173.0
2026-08-03,2026-08-03 15:00:00,25.79,25.79,25.75,25.75,10234.0
2026-08-03,2026-08-03 15:05:00,25.76,25.8,25.755,25.755,10310.0
2026-08-03,2026-08-03 15:10:00,25.75,25.75,25.71,25.72,10503.0
2026-08-03,2026-08-03 15:15:00,25.73,25.86,25.73,25.845,25422.0
2026-08-03,2026-08-03 15:20:00,25.845,25.98,25.845,25.899,45414.0
2026-08-03,2026-08-03 15:25:00,25.9,25.97,25.89,25.94,25490.0
2026-08-03,2026-08-03 15:30:00,25.93,25.95,25.93,25.93,11060.0
2026-08-03,2026-08-03 15:35:00,25.94,26.0,25.92,25.97,21979.0
2026-08-03,2026-08-03 15:40:00,25.98,25.98,25.93,25.935,12946.0
2026-08-03,2026-08-03 15:45:00,25.94,25.95,25.91,25.95,22727.0
2026-08-03,2026-08-03 15:50:00,25.96,25.99,25.93,25.985,31873.0
2026-08-03,2026-08-03 15:55:00,25.99,25.99,25.84,25.88,52678.0
2026-08-03,2026-08-03 16:00:00,25.87,25.87,25.69,25.69,369193.0
2026-08-04,2026-08-04 09:35:00,25.54,26.11,25.43,26.11,37613.0
2026-08-04,2026-08-04 09:40:00,26.21,26.32,26.15,26.29,4996.0
2026-08-04,2026-08-04 09:45:00,26.35,26.38,26.15,26.23,4200.0
2026-08-04,2026-08-04 09:50:00,26.24,26.24,26.0336,26.105,5825.0
2026-08-04,2026-08-04 09:55:00,26.19,26.22,26.07,26.18,4690.0
2026-08-04,2026-08-04 10:00:00,26.22,26.25,26.1001,26.25,10453.0
2026-08-04,2026-08-04 10:05:00,26.26,26.37,26.26,26.29,10585.0
2026-08-04,2026-08-04 10:10:00,26.311,26.42,26.27,26.42,10263.0
2026-08-04,2026-08-04 10:15:00,26.44,26.44,26.32,26.34,9611.0
2026-08-04,2026-08-04 10:20:00,26.35,26.35,26.17,26.271,39289.0
2026-08-04,2026-08-04 10:25:00,26.26,26.32,26.14,26.17,33676.0
2026-08-04,2026-08-04 10:30:00,26.19,26.245,26.045,26.07,28583.0
2026-08-04,2026-08-04 10:35:00,26.065,26.235,26.06,26.19,30941.0
2026-08-04,2026-08-04 10:40:00,26.18,26.21,26.11,26.145,35028.0
2026-08-04,2026-08-04 10:45:00,26.145,26.33,26.145,26.305,12845.0
2026-08-04,2026-08-04 10:50:00,26.3,26.32,25.94,25.95,13119.0
2026-08-04,2026-08-04 10:55:00,25.95,26.04,25.87,25.93,11740.0
2026-08-04,2026-08-04 11:00:00,25.95,25.98,25.82,25.865,6616.0
2026-08-04,2026-08-04 11:05:00,25.89,25.94,25.81,25.94,15742.0
2026-08-04,2026-08-04 11:10:00,25.95,26.02,25.91,26.02,6790.0
2026-08-04,2026-08-04 11:15:00,26.02,26.11,25.98,26.065,13379.0
2026-08-04,2026-08-04 11:20:00,26.07,26.11,26.05,26.075,9961.0
2026-08-04,2026-08-04 11:25:00,26.05,26.05,25.99,26.01,10068.0
2026-08-04,2026-08-04 11:30:00,26.03,26.049,25.935,25.935,11868.0
2026-08-04,2026-08-04 11:35:00,25.95,25.975,25.93,25.94,4716.0
2026-08-04,2026-08-04 11:40:00,25.94,26.01,25.92,26.005,11127.0
2026-08-04,2026-08-04 11:45:00,26.015,26.03,25.965,25.98,6426.0
2026-08-04,2026-08-04 11:50:00,25.97,26.045,25.97,26.015,10076.0
2026-08-04,2026-08-04 11:55:00,26.02,26.06,25.99,25.99,7771.0
2026-08-04,2026-08-04 12:00:00,26.04,26.09,26.025,26.0653,5358.0
2026-08-04,2026-08-04 12:05:00,26.075,26.12,26.07,26.095,6694.0
2026-08-04,2026-08-04 12:10:00,26.07,26.12,26.065,26.08,3802.0
2026-08-04,2026-08-04 12:15:00,26.05,26.09,26.05,26.07,3825.0
2026-08-04,2026-08-04 12:20:00,26.09,26.105,26.06,26.08,3866.0
2026-08-04,2026-08-04 12:25:00,26.11,26.12,26.01,26.08,7073.0
2026-08-04,2026-08-04 12:30:00,26.135,26.135,26.08,26.11,5613.0
2026-08-04,2026-08-04 12:35:00,26.13,26.14,26.09,26.13,3784.0
2026-08-04,2026-08-04 12:40:00,26.14,26.17,26.125,26.125,7042.0
2026-08-04,2026-08-04 12:45:00,26.11,26.11,26.03,26.06,7447.0
2026-08-04,2026-08-04 12:50:00,26.07,26.09,26.05,26.07,3108.0
2026-08-04,2026-08-04 12:55:00,26.055,26.12,26.04,26.12,13617.0
2026-08-04,2026-08-04 13:00:00,26.145,26.27,26.145,26.25,18309.0
2026-08-04,2026-08-04 13:05:00,26.28,26.32,26.28,26.29,3900.0
2026-08-04,2026-08-04 13:10:00,26.3,26.3,26.27,26.28,5702.0
2026-08-04,2026-08-04 13:15:00,26.29,26.29,26.26,26.27,4670.0
2026-08-04,2026-08-04 13:20:00,26.27,26.27,26.23,26.25,3906.0
2026-08-04,2026-08-04 13:25:00,26.26,26.28,26.242,26.242,5684.0
2026-08-04,2026-08-04 13:30:00,26.255,26.255,26.205,26.22,3674.0
2026-08-04,2026-08-04 13:35:00,26.23,26.26,26.23,26.25,6084.0
2026-08-04,2026-08-04 13:40:00,26.25,26.295,26.25,26.295,5103.0
2026-08-04,2026-08-04 13:45:00,26.31,26.31,26.285,26.31,5229.0
2026-08-04,2026-08-04 13:50:00,26.31,26.345,26.3,26.345,5703.0
2026-08-04,2026-08-04 13:55:00,26.33,26.34,26.3,26.315,10212.0
2026-08-04,2026-08-04 14:00:00,26.32,26.33,26.31,26.33,8362.0
2026-08-04,2026-08-04 14:05:00,26.34,26.41,26.34,26.399,8616.0
2026-08-04,2026-08-04 14:10:00,26.41,26.41,26.34,26.35,6786.0
2026-08-04,2026-08-04 14:15:00,26.37,26.395,26.32,26.34,6596.0
2026-08-04,2026-08-04 14:20:00,26.34,26.345,26.315,26.345,3896.0
2026-08-04,2026-08-04 14:25:00,26.34,26.375,26.32,26.35,10666.0
2026-08-04,2026-08-04 14:30:00,26.36,26.38,26.36,26.38,6459.0
2026-08-04,2026-08-04 14:35:00,26.37,26.37,26.245,26.275,14993.0
2026-08-04,2026-08-04 14:40:00,26.29,26.29,26.255,26.26,10044.0
2026-08-04,2026-08-04 14:45:00,26.26,26.295,26.26,26.275,9493.0
2026-08-04,2026-08-04 14:50:00,26.28,26.33,26.265,26.32,9011.0
2026-08-04,2026-08-04 14:55:00,26.32,26.32,26.27,26.29,9045.0
2026-08-04,2026-08-04 15:00:00,26.29,26.3,26.29,26.3,6422.0
2026-08-04,2026-08-04 15:05:00,26.3,26.315,26.26,26.28,11138.0
2026-08-04,2026-08-04 15:10:00,26.26,26.27,26.22,26.23,8756.0
2026-08-04,2026-08-04 15:15:00,26.24,26.275,26.235,26.26,14801.0
2026-08-04,2026-08-04 15:20:00,26.27,26.3,26.27,26.28,8304.0
2026-08-04,2026-08-04 15:25:00,26.28,26.3,26.265,26.29,11321.0
2026-08-04,2026-08-04 15:30:00,26.3,26.33,26.285,26.33,13647.0
2026-08-04,2026-08-04 15:35:00,26.33,26.375,26.32,26.335,19977.0
2026-08-04,2026-08-04 15:40:00,26.34,26.42,26.32,26.41,18314.0
2026-08-04,2026-08-04 15:45:00,26.4,26.435,26.38,26.42,24889.0
2026-08-04,2026-08-04 15:50:00,26.42,26.455,26.38,26.4,22914.0
2026-08-04,2026-08-04 15:55:00,26.43,26.47,26.35,26.42,47753.0
2026-08-04,2026-08-04 16:00:00,26.42,26.44,26.325,26.41,400719.0
2026-08-05,2026-08-05 09:35:00,26.77,26.78,26.3,26.48,21460.0
2026-08-05,2026-08-05 09:40:00,26.39,26.711,26.39,26.63,12432.0
2026-08-05,2026-08-05 09:45:00,26.63,26.8,26.63,26.7759,9617.0
2026-08-05,2026-08-05 09:50:00,26.8,26.8,26.49,26.52,12421.0
2026-08-05,2026-08-05 09:55:00,26.5,26.52,26.31,26.31,9331.0
2026-08-05,2026-08-05 10:00:00,26.31,26.41,26.24,26.35,11983.0
2026-08-05,2026-08-05 10:05:00,26.33,26.42,26.29,26.31,14542.0
2026-08-05,2026-08-05 10:10:00,26.325,26.38,26.27,26.3,14157.0
2026-08-05,2026-08-05 10:15:00,26.35,26.425,26.33,26.39,27214.0
2026-08-05,2026-08-05 10:20:00,26.41,26.505,26.35,26.37,16784.0
2026-08-05,2026-08-05 10:25:00,26.39,26.485,26.39,26.395,19529.0
2026-08-05,2026-08-05 10:30:00,26.4,26.555,26.4,26.48,18318.0
2026-08-05,2026-08-05 10:35:00,26.45,26.71,26.45,26.66,28180.0
2026-08-05,2026-08-05 10:40:00,26.64,26.65,26.55,26.625,38322.0
2026-08-05,2026-08-05 10:45:00,26.63,26.635,26.36,26.425,17019.0
2026-08-05,2026-08-05 10:50:00,26.45,26.48,26.34,26.37,16567.0
2026-08-05,2026-08-05 10:55:00,26.36,26.515,26.35,26.5,13184.0
2026-08-05,2026-08-05 11:00:00,26.49,26.505,26.33,26.35,8228.0
2026-08-05,2026-08-05 11:05:00,26.355,26.4,26.26,26.33,11869.0
2026-08-05,2026-08-05 11:10:00,26.345,26.35,26.22,26.26,9883.0
2026-08-05,2026-08-05 11:15:00,26.26,26.285,26.21,26.285,10101.0
2026-08-05,2026-08-05 11:20:00,26.27,26.3,26.24,26.29,9691.0
2026-08-05,2026-08-05 11:25:00,26.26,26.39,26.26,26.39,9333.0
2026-08-05,2026-08-05 11:30:00,26.39,26.41,26.28,26.285,23473.0
2026-08-05,2026-08-05 11:35:00,26.285,26.3,26.23,26.25,11431.0
2026-08-05,2026-08-05 11:40:00,26.25,26.29,26.22,26.28,10670.0
2026-08-05,2026-08-05 11:45:00,26.27,26.31,26.26,26.26,11971.0
2026-08-05,2026-08-05 11:50:00,26.265,26.265,26.14,26.14,10120.0
2026-08-05,2026-08-05 11:55:00,26.12,26.12,26.085,26.09,9076.0
2026-08-05,2026-08-05 12:00:00,26.11,26.16,26.095,26.14,15456.0
2026-08-05,2026-08-05 12:05:00,26.14,26.155,26.09,26.155,9139.0
2026-08-05,2026-08-05 12:10:00,26.16,26.17,26.11,26.13,11356.0
2026-08-05,2026-08-05 12:15:00,26.05,26.11,26.025,26.11,12918.0
2026-08-05,2026-08-05 12:20:00,26.12,26.13,26.055,26.13,27634.0
2026-08-05,2026-08-05 12:25:00,26.14,26.211,26.13,26.211,11552.0
2026-08-05,2026-08-05 12:30:00,26.22,26.23,26.13,26.145,12394.0
2026-08-05,2026-08-05 12:35:00,26.15,26.205,26.14,26.181,9747.0
2026-08-05,2026-08-05 12:40:00,26.19,26.19,26.16,26.16,10094.0
2026-08-05,2026-08-05 12:45:00,26.16,26.23,26.16,26.22,13212.0
2026-08-05,2026-08-05 12:50:00,26.21,26.25,26.21,26.24,9121.0
2026-08-05,2026-08-05 12:55:00,26.25,26.27,26.24,26.24,11220.0
2026-08-05,2026-08-05 13:00:00,26.241,26.241,26.2,26.22,10718.0
2026-08-05,2026-08-05 13:05:00,26.22,26.24,26.19,26.2,12078.0
2026-08-05,2026-08-05 13:10:00,26.19,26.245,26.19,26.245,12185.0
2026-08-05,2026-08-05 13:15:00,26.24,26.27,26.235,26.27,10953.0
2026-08-05,2026-08-05 13:20:00,26.275,26.315,26.275,26.29,9447.0
2026-08-05,2026-08-05 13:25:00,26.3,26.315,26.23,26.25,15563.0
2026-08-05,2026-08-05 13:30:00,26.255,26.365,26.25,26.36,73314.0
2026-08-05,2026-08-05 13:35:00,26.36,26.37,26.28,26.33,15330.0
2026-08-05,2026-08-05 13:40:00,26.34,26.47,26.34,26.45,20380.0
2026-08-05,2026-08-05 13:45:00,26.46,26.58,26.46,26.505,28815.0
2026-08-05,2026-08-05 13:50:00,26.495,26.56,26.47,26.556,11830.0
2026-08-05,2026-08-05 13:55:00,26.56,26.7,26.56,26.7,64216.0
2026-08-05,2026-08-05 14:00:00,26.69,26.69,26.545,26.56,45740.0
2026-08-05,2026-08-05 14:05:00,26.56,26.58,26.45,26.521,28531.0
2026-08-05,2026-08-05 14:10:00,26.515,26.55,26.51,26.54,24982.0
2026-08-05,2026-08-05 14:15:00,26.55,26.61,26.49,26.5,25881.0
2026-08-05,2026-08-05 14:20:00,26.49,26.51,26.42,26.44,22303.0
2026-08-05,2026-08-05 14:25:00,26.46,26.47,26.385,26.4,13511.0
2026-08-05,2026-08-05 14:30:00,26.4,26.41,26.35,26.36,20181.0
2026-08-05,2026-08-05 14:35:00,26.365,26.39,26.25,26.25,25512.0
2026-08-05,2026-08-05 14:40:00,26.25,26.275,26.23,26.26,21186.0
2026-08-05,2026-08-05 14:45:00,26.26,26.295,26.24,26.28,16727.0
2026-08-05,2026-08-05 14:50:00,26.285,26.29,26.24,26.25,18898.0
2026-08-05,2026-08-05 14:55:00,26.25,26.26,26.23,26.25,23991.0
2026-08-05,2026-08-05 15:00:00,26.24,26.265,26.22,26.22,15599.0
2026-08-05,2026-08-05 15:05:00,26.22,26.27,26.215,26.27,27988.0
2026-08-05,2026-08-05 15:10:00,26.27,26.35,26.26,26.32,22132.0
2026-08-05,2026-08-05 15:15:00,26.315,26.34,26.31,26.33,25091.0
2026-08-05,2026-08-05 15:20:00,26.33,26.33,26.26,26.27,21705.0
2026-08-05,2026-08-05 15:25:00,26.28,26.3,26.27,26.28,27570.0
2026-08-05,2026-08-05 15:30:00,26.285,26.315,26.24,26.255,33704.0
2026-08-05,2026-08-05 15:35:00,26.255,26.3,26.2,26.225,43536.0
2026-08-05,2026-08-05 15:40:00,26.225,26.265,26.21,26.265,44251.0
2026-08-05,2026-08-05 15:45:00,26.265,26.325,26.23,26.31,60016.0
2026-08-05,2026-08-05 15:50:00,26.31,26.37,26.24,26.25,50275.0
2026-08-05,2026-08-05 15:55:00,26.26,26.39,26.24,26.29,112515.0
2026-08-05,2026-08-05 16:00:00,26.29,26.295,26.15,26.22,474718.0
2026-08-06,2026-08-06 09:35:00,24.84,25.17,24.53,24.68,40805.0
2026-08-06,2026-08-06 09:40:00,24.681,24.845,24.49,24.64,22899.0
2026-08-06,2026-08-06 09:45:00,24.645,25.08,24.645,24.95,29326.0
2026-08-06,2026-08-06 09:50:00,24.99,25.24,24.95,25.18,25737.0
2026-08-06,2026-08-06 09:55:00,25.24,25.325,25.14,25.27,30419.0
2026-08-06,2026-08-06 10:00:00,25.26,25.32,25.0,25.09,21246.0
2026-08-06,2026-08-06 10:05:00,25.085,25.17,24.965,25.0,40533.0
2026-08-06,2026-08-06 10:10:00,24.99,25.01,24.8,24.8,13166.0
2026-08-06,2026-08-06 10:15:00,24.805,24.89,24.8,24.835,21765.0
2026-08-06,2026-08-06 10:20:00,24.835,24.93,24.78,24.93,18550.0
2026-08-06,2026-08-06 10:25:00,24.93,24.93,24.84,24.86,10957.0
2026-08-06,2026-08-06 10:30:00,24.85,24.86,24.725,24.81,20943.0
2026-08-06,2026-08-06 10:35:00,24.83,24.97,24.83,24.88,24763.0
2026-08-06,2026-08-06 10:40:00,24.895,25.07,24.87,25.01,28611.0
2026-08-06,2026-08-06 10:45:00,25.0,25.12,24.995,25.11,23561.0
2026-08-06,2026-08-06 10:50:00,25.09,25.18,25.075,25.115,44730.0
2026-08-06,2026-08-06 10:55:00,25.13,25.13,24.955,25.06,55725.0
2026-08-06,2026-08-06 11:00:00,25.06,25.17,25.06,25.165,25384.0
2026-08-06,2026-08-06 11:05:00,25.16,25.235,25.105,25.14,26600.0
2026-08-06,2026-08-06 11:10:00,25.155,25.39,25.1401,25.39,130133.0
2026-08-06,2026-08-06 11:15:00,25.405,25.41,25.27,25.2775,45919.0
2026-08-06,2026-08-06 11:20:00,25.275,25.39,25.27,25.285,28047.0
2026-08-06,2026-08-06 11:25:00,25.27,25.33,25.21,25.25,35631.0
2026-08-06,2026-08-06 11:30:00,25.25,25.5,25.25,25.5,16200.0
2026-08-06,2026-08-06 11:35:00,25.525,25.68,25.52,25.67,49313.0
2026-08-06,2026-08-06 11:40:00,25.69,25.86,25.665,25.86,17230.0
2026-08-06,2026-08-06 11:45:00,25.86,25.88,25.8,25.86,26606.0
2026-08-06,2026-08-06 11:50:00,25.85,25.93,25.795,25.84,24820.0
2026-08-06,2026-08-06 11:55:00,25.83,25.88,25.83,25.88,7364.0
2026-08-06,2026-08-06 12:00:00,25.88,25.89,25.82,25.885,10258.0
2026-08-06,2026-08-06 12:05:00,25.93,25.97,25.88,25.97,8169.0
2026-08-06,2026-08-06 12:10:00,25.98,26.06,25.905,26.02,18101.0
2026-08-06,2026-08-06 12:15:00,26.005,26.01,25.9775,26.0,7368.0
2026-08-06,2026-08-06 12:20:00,25.995,26.08,25.95,25.95,32281.0
2026-08-06,2026-08-06 12:25:00,25.94,25.98,25.83,25.89,26540.0
2026-08-06,2026-08-06 12:30:00,25.91,25.95,25.85,25.85,7740.0
2026-08-06,2026-08-06 12:35:00,25.87,25.879,25.78,25.78,7244.0
2026-08-06,2026-08-06 12:40:00,25.79,25.81,25.76,25.77,7673.0
2026-08-06,2026-08-06 12:45:00,25.735,25.735,25.685,25.685,4747.0
2026-08-06,2026-08-06 12:50:00,25.67,25.729,25.67,25.689,5895.0
2026-08-06,2026-08-06 12:55:00,25.69,25.69,25.6005,25.65,6516.0
2026-08-06,2026-08-06 13:00:00,25.66,25.68,25.635,25.67,7176.0
2026-08-06,2026-08-06 13:05:00,25.67,25.67,25.58,25.59,4886.0
2026-08-06,2026-08-06 13:10:00,25.62,25.66,25.62,25.63,4470.0
2026-08-06,2026-08-06 13:15:00,25.62,25.625,25.56,25.57,4869.0
2026-08-06,2026-08-06 13:20:00,25.57,25.59,25.55,25.59,3881.0
2026-08-06,2026-08-06 13:25:00,25.62,25.67,25.62,25.635,5410.0
2026-08-06,2026-08-06 13:30:00,25.64,25.64,25.55,25.59,11048.0
2026-08-06,2026-08-06 13:35:00,25.59,25.595,25.525,25.525,5309.0
2026-08-06,2026-08-06 13:40:00,25.54,25.54,25.49,25.53,9512.0
2026-08-06,2026-08-06 13:45:00,25.51,25.55,25.5,25.51,7678.0
2026-08-06,2026-08-06 13:50:00,25.53,25.55,25.5,25.5,9205.0
2026-08-06,2026-08-06 13:55:00,25.5,25.5,25.4,25.4,10673.0
2026-08-06,2026-08-06 14:00:00,25.39,25.4,25.305,25.36,26776.0
2026-08-06,2026-08-06 14:05:00,25.35,25.605,25.35,25.55,58686.0
2026-08-06,2026-08-06 14:10:00,25.55,25.55,25.455,25.49,9238.0
2026-08-06,2026-08-06 14:15:00,25.5,25.575,25.5,25.52,12494.0
2026-08-06,2026-08-06 14:20:00,25.52,25.52,25.36,25.365,13157.0
2026-08-06,2026-08-06 14:25:00,25.39,25.4,25.31,25.31,6518.0
2026-08-06,2026-08-06 14:30:00,25.315,25.375,25.315,25.345,6217.0
2026-08-06,2026-08-06 14:35:00,25.33,25.37,25.275,25.31,21475.0
2026-08-06,2026-08-06 14:40:00,25.3,25.32,25.28,25.299,6072.0
2026-08-06,2026-08-06 14:45:00,25.3,25.31,25.265,25.29,9161.0
2026-08-06,2026-08-06 14:50:00,25.3,25.31,25.285,25.29,7234.0
2026-08-06,2026-08-06 14:55:00,25.29,25.31,25.28,25.28,7572.0
2026-08-06,2026-08-06 15:00:00,25.27,25.31,25.215,25.255,17314.0
2026-08-06,2026-08-06 15:05:00,25.25,25.3,25.24,25.245,10454.0
2026-08-06,2026-08-06 15:10:00,25.23,25.24,25.195,25.24,6597.0
2026-08-06,2026-08-06 15:15:00,25.25,25.32,25.25,25.32,5987.0
2026-08-06,2026-08-06 15:20:00,25.31,25.32,25.26,25.3,10921.0
2026-08-06,2026-08-06 15:25:00,25.36,25.37,25.305,25.37,20928.0
2026-08-06,2026-08-06 15:30:00,25.38,25.405,25.36,25.39,14755.0
2026-08-06,2026-08-06 15:35:00,25.39,25.49,25.38,25.49,20771.0
2026-08-06,2026-08-06 15:40:00,25.5,25.585,25.49,25.57,17488.0
2026-08-06,2026-08-06 15:45:00,25.56,25.64,25.55,25.61,21157.0
2026-08-06,2026-08-06 15:50:00,25.61,25.65,25.57,25.575,34668.0
2026-08-06,2026-08-06 15:55:00,25.59,25.79,25.58,25.75,55562.0
2026-08-06,2026-08-06 16:00:00,25.76,25.85,25.69,25.71,293766.0
2026-08-07,2026-08-07 09:35:00,26.38,26.545,26.245,26.545,17837.0
2026-08-07,2026-08-07 09:40:00,26.545,26.75,26.545,26.75,4098.0
2026-08-07,2026-08-07 09:45:00,26.73,26.75,26.565,26.665,27106.0
2026-08-07,2026-08-07 09:50:00,26.66,26.73,26.655,26.72,5270.0
2026-08-07,2026-08-07 09:55:00,26.7,26.7049,26.55,26.64,8939.0
2026-08-07,2026-08-07 10:00:00,26.67,26.96,26.67,26.895,20383.0
2026-08-07,2026-08-07 10:05:00,26.87,26.9,26.75,26.85,19627.0
2026-08-07,2026-08-07 10:10:00,26.84,26.95,26.84,26.905,15447.0
2026-08-07,2026-08-07 10:15:00,26.895,26.97,26.88,26.945,11238.0
2026-08-07,2026-08-07 10:20:00,26.99,27.0,26.87,26.915,11251.0
2026-08-07,2026-08-07 10:25:00,26.95,27.048,26.93,27.005,12007.0
2026-08-07,2026-08-07 10:30:00,27.03,27.1,26.88,26.955,27921.0
2026-08-07,2026-08-07 10:35:00,26.965,27.13,26.96,27.11,54161.0
2026-08-07,2026-08-07 10:40:00,27.09,27.095,26.94,26.96,18887.0
2026-08-07,2026-08-07 10:45:00,26.95,27.03,26.945,26.99,23174.0
2026-08-07,2026-08-07 10:50:00,26.97,26.975,26.78,26.79,12162.0
2026-08-07,2026-08-07 10:55:00,26.78,26.85,26.73,26.805,14246.0
2026-08-07,2026-08-07 11:00:00,26.785,26.83,26.77,26.83,7936.0
2026-08-07,2026-08-07 11:05:00,26.83,26.84,26.73,26.74,12501.0
2026-08-07,2026-08-07 11:10:00,26.77,26.81,26.67,26.68,17739.0
2026-08-07,2026-08-07 11:15:00,26.68,26.71,26.63,26.67,13220.0
2026-08-07,2026-08-07 11:20:00,26.67,26.71,26.63,26.67,14032.0
2026-08-07,2026-08-07 11:25:00,26.67,26.74,26.55,26.61,20608.0
2026-08-07,2026-08-07 11:30:00,26.615,26.62,26.56,26.62,22688.0
2026-08-07,2026-08-07 11:35:00,26.6,26.67,26.52,26.565,12191.0
2026-08-07,2026-08-07 11:40:00,26.6,26.64,26.59,26.64,9905.0
2026-08-07,2026-08-07 11:45:00,26.65,26.65,26.54,26.54,16110.0
2026-08-07,2026-08-07 11:50:00,26.56,26.56,26.45,26.45,5874.0
2026-08-07,2026-08-07 11:55:00,26.39,26.46,26.38,26.45,28560.0
2026-08-07,2026-08-07 12:00:00,26.44,26.44,26.32,26.32,9214.0
2026-08-07,2026-08-07 12:05:00,26.33,26.4,26.23,26.24,19806.0
2026-08-07,2026-08-07 12:10:00,26.235,26.24,26.175,26.1875,13466.0
2026-08-07,2026-08-07 12:15:00,26.195,26.21,26.15,26.185,11722.0
2026-08-07,2026-08-07 12:20:00,26.195,26.24,26.15,26.23,18601.0
2026-08-07,2026-08-07 12:25:00,26.23,26.2472,26.19,26.235,12531.0
2026-08-07,2026-08-07 12:30:00,26.25,26.29,26.22,26.27,48785.0
2026-08-07,2026-08-07 12:35:00,26.275,26.31,26.25,26.305,19668.0
2026-08-07,2026-08-07 12:40:00,26.305,26.47,26.27,26.42,46553.0
2026-08-07,2026-08-07 12:45:00,26.44,26.54,26.44,26.52,15835.0
2026-08-07,2026-08-07 12:50:00,26.52,26.59,26.52,26.59,9299.0
2026-08-07,2026-08-07 12:55:00,26.59,26.61,26.5428,26.56,18206.0
2026-08-07,2026-08-07 13:00:00,26.55,26.6,26.51,26.6,15483.0
2026-08-07,2026-08-07 13:05:00,26.608,26.608,26.57,26.57,11836.0
2026-08-07,2026-08-07 13:10:00,26.57,26.605,26.55,26.605,28256.0
2026-08-07,2026-08-07 13:15:00,26.605,26.605,26.535,26.6,18279.0
2026-08-07,2026-08-07 13:20:00,26.6,26.63,26.58,26.61,11022.0
2026-08-07,2026-08-07 13:25:00,26.62,26.63,26.57,26.62,13159.0
2026-08-07,2026-08-07 13:30:00,26.63,26.65,26.58,26.65,30120.0
2026-08-07,2026-08-07 13:35:00,26.65,26.68,26.63,26.65,11090.0
2026-08-07,2026-08-07 13:40:00,26.66,26.705,26.66,26.705,10152.0
2026-08-07,2026-08-07 13:45:00,26.71,26.71,26.61,26.64,16386.0
2026-08-07,2026-08-07 13:50:00,26.63,26.66,26.565,26.59,11120.0
2026-08-07,2026-08-07 13:55:00,26.6,26.68,26.59,26.66,10894.0
2026-08-07,2026-08-07 14:00:00,26.66,26.68,26.59,26.62,11757.0
2026-08-07,2026-08-07 14:05:00,26.62,26.71,26.62,26.66,15316.0
2026-08-07,2026-08-07 14:10:00,26.655,26.7,26.61,26.62,11670.0
2026-08-07,2026-08-07 14:15:00,26.61,26.685,26.61,26.675,10645.0
2026-08-07,2026-08-07 14:20:00,26.675,26.69,26.595,26.62,15478.0
2026-08-07,2026-08-07 14:25:00,26.62,26.65,26.6,26.64,9822.0
2026-08-07,2026-08-07 14:30:00,26.65,26.7,26.645,26.7,12815.0
2026-08-07,2026-08-07 14:35:00,26.6948,26.73,26.65,26.66,10823.0
2026-08-07,2026-08-07 14:40:00,26.64,26.675,26.63,26.66,11618.0
2026-08-07,2026-08-07 14:45:00,26.67,26.71,26.615,26.62,13641.0
2026-08-07,2026-08-07 14:50:00,26.63,26.64,26.54,26.54,11118.0
2026-08-07,2026-08-07 14:55:00,26.55,26.56,26.53,26.53,8905.0
2026-08-07,2026-08-07 15:00:00,26.52,26.575,26.52,26.55,15654.0
2026-08-07,2026-08-07 15:05:00,26.57,26.69,26.57,26.69,15488.0
2026-08-07,2026-08-07 15:10:00,26.695,26.695,26.615,26.62,16274.0
2026-08-07,2026-08-07 15:15:00,26.63,26.71,26.63,26.7,19846.0
2026-08-07,2026-08-07 15:20:00,26.705,26.71,26.64,26.69,19607.0
2026-08-07,2026-08-07 15:25:00,26.69,26.8,26.69,26.74,24514.0
2026-08-07,2026-08-07 15:30:00,26.75,26.77,26.56,26.61,35973.0
2026-08-07,2026-08-07 15:35:00,26.605,26.69,26.6,26.63,29688.0
2026-08-07,2026-08-07 15:40:00,26.63,26.7,26.59,26.64,47773.0
2026-08-07,2026-08-07 15:45:00,26.635,26.65,26.54,26.59,41542.0
2026-08-07,2026-08-07 15:50:00,26.58,26.65,26.56,26.56,47100.0
2026-08-07,2026-08-07 15:55:00,26.58,26.715,26.57,26.69,82692.0
2026-08-07,2026-08-07 16:00:00,26.7,26.71,26.51,26.54,427770.0
2026-08-10,2026-08-10 09:35:00,26.14,26.805,26.14,26.775,23969.0
2026-08-10,2026-08-10 09:40:00,26.845,26.845,26.6,26.625,4981.0
2026-08-10,2026-08-10 09:45:00,26.625,27.035,26.625,26.999,17890.0
2026-08-10,2026-08-10 09:50:00,27.06,27.43,27.03,27.39,31813.0
2026-08-10,2026-08-10 09:55:00,27.36,27.74,27.29,27.725,87062.0
2026-08-10,2026-08-10 10:00:00,27.72,27.74,27.55,27.575,42014.0
2026-08-10,2026-08-10 10:05:00,27.62,27.84,27.58,27.72,36488.0
2026-08-10,2026-08-10 10:10:00,27.75,27.75,27.54,27.55,31328.0
2026-08-10,2026-08-10 10:15:00,27.56,27.66,27.4825,27.61,60089.0
2026-08-10,2026-08-10 10:20:00,27.6,27.63,27.37,27.61,31969.0
2026-08-10,2026-08-10 10:25:00,27.61,27.615,27.43,27.53,30968.0
2026-08-10,2026-08-10 10:30:00,27.555,27.58,27.455,27.485,42328.0
2026-08-10,2026-08-10 10:35:00,27.49,27.51,27.37,27.405,30621.0
2026-08-10,2026-08-10 10:40:00,27.4,27.42,27.28,27.36,35156.0
2026-08-10,2026-08-10 10:45:00,27.34,27.55,27.33,27.55,17610.0
2026-08-10,2026-08-10 10:50:00,27.54,27.59,27.51,27.545,11935.0
2026-08-10,2026-08-10 10:55:00,27.55,27.73,27.55,27.73,26525.0
2026-08-10,2026-08-10 11:00:00,27.735,27.735,27.64,27.705,23999.0
2026-08-10,2026-08-10 11:05:00,27.72,27.845,27.66,27.66,14149.0
2026-08-10,2026-08-10 11:10:00,27.675,27.86,27.675,27.84,11210.0
2026-08-10,2026-08-10 11:15:00,27.84,27.93,27.8075,27.93,19784.0
2026-08-10,2026-08-10 11:20:00,27.925,27.94,27.85,27.9,16072.0
2026-08-10,2026-08-10 11:25:00,27.925,27.975,27.79,27.8454,36701.0
2026-08-10,2026-08-10 11:30:00,27.88,27.885,27.755,27.765,40392.0
2026-08-10,2026-08-10 11:35:00,27.77,27.8,27.73,27.785,24677.0
2026-08-10,2026-08-10 11:40:00,27.8,27.855,27.8,27.845,33668.0
2026-08-10,2026-08-10 11:45:00,27.85,27.945,27.83,27.93,17864.0
2026-08-10,2026-08-10 11:50:00,27.93,27.93,27.87,27.87,19782.0
2026-08-10,2026-08-10 11:55:00,27.895,28.0,27.89,27.98,31923.0
2026-08-10,2026-08-10 12:00:00,27.98,28.08,27.95,28.08,46003.0
2026-08-10,2026-08-10 12:05:00,28.08,28.19,28.07,28.19,18085.0
2026-08-10,2026-08-10 12:10:00,28.175,28.2,28.14,28.19,16908.0
2026-08-10,2026-08-10 12:15:00,28.2,28.21,28.13,28.2,13268.0
2026-08-10,2026-08-10 12:20:00,28.22,28.245,28.19,28.24,14981.0
2026-08-10,2026-08-10 12:25:00,28.245,28.25,28.17,28.19,19181.0
2026-08-10,2026-08-10 12:30:00,28.18,28.25,28.18,28.25,17965.0
2026-08-10,2026-08-10 12:35:00,28.245,28.31,28.14,28.31,23589.0
2026-08-10,2026-08-10 12:40:00,28.32,28.35,28.27,28.27,13632.0
2026-08-10,2026-08-10 12:45:00,28.28,28.32,28.24,28.24,17411.0
2026-08-10,2026-08-10 12:50:00,28.22,28.27,28.195,28.195,9711.0
2026-08-10,2026-08-10 12:55:00,28.19,28.25,28.19,28.25,7138.0
2026-08-10,2026-08-10 13:00:00,28.27,28.33,28.18,28.2,20746.0
2026-08-10,2026-08-10 13:05:00,28.21,28.21,28.065,28.065,11463.0
2026-08-10,2026-08-10 13:10:00,28.065,28.065,28.01,28.06,21773.0
2026-08-10,2026-08-10 13:15:00,28.11,28.11,28.08,28.1,12650.0
2026-08-10,2026-08-10 13:20:00,28.11,28.12,28.09,28.11,15897.0
2026-08-10,2026-08-10 13:25:00,28.105,28.125,28.08,28.12,12006.0
2026-08-10,2026-08-10 13:30:00,28.12,28.16,28.12,28.16,9579.0
2026-08-10,2026-08-10 13:35:00,28.17,28.285,28.17,28.2,26031.0
2026-08-10,2026-08-10 13:40:00,28.22,28.265,28.22,28.23,10363.0
2026-08-10,2026-08-10 13:45:00,28.22,28.24,28.2,28.22,9633.0
2026-08-10,2026-08-10 13:50:00,28.21,28.235,28.19,28.22,10880.0
2026-08-10,2026-08-10 13:55:00,28.22,28.2499,28.19,28.215,23549.0
2026-08-10,2026-08-10 14:00:00,28.22,28.23,28.175,28.18,12840.0
2026-08-10,2026-08-10 14:05:00,28.18,28.19,28.13,28.165,14752.0
2026-08-10,2026-08-10 14:10:00,28.165,28.17,28.105,28.125,22034.0
2026-08-10,2026-08-10 14:15:00,28.125,28.23,28.09,28.23,23874.0
2026-08-10,2026-08-10 14:20:00,28.24,28.335,28.23,28.33,23604.0
2026-08-10,2026-08-10 14:25:00,28.32,28.335,28.2,28.2,13492.0
2026-08-10,2026-08-10 14:30:00,28.2,28.29,28.19,28.265,16961.0
2026-08-10,2026-08-10 14:35:00,28.265,28.35,28.265,28.31,22336.0
2026-08-10,2026-08-10 14:40:00,28.3,28.3492,28.3,28.33,11559.0
2026-08-10,2026-08-10 14:45:00,28.33,28.42,28.33,28.38,16196.0
2026-08-10,2026-08-10 14:50:00,28.385,28.39,28.3,28.33,14635.0
2026-08-10,2026-08-10 14:55:00,28.32,28.385,28.32,28.385,10339.0
2026-08-10,2026-08-10 15:00:00,28.385,28.39,28.285,28.38,20004.0
2026-08-10,2026-08-10 15:05:00,28.38,28.49,28.37,28.45,26971.0
2026-08-10,2026-08-10 15:10:00,28.445,28.445,28.3368,28.42,20294.0
2026-08-10,2026-08-10 15:15:00,28.41,28.45,28.41,28.425,19378.0
2026-08-10,2026-08-10 15:20:00,28.43,28.46,28.4,28.46,28326.0
2026-08-10,2026-08-10 15:25:00,28.46,28.49,28.44,28.485,16227.0
2026-08-10,2026-08-10 15:30:00,28.5,28.53,28.485,28.49,34553.0
2026-08-10,2026-08-10 15:35:00,28.495,28.52,28.44,28.51,34232.0
2026-08-10,2026-08-10 15:40:00,28.51,28.525,28.44,28.52,22388.0
2026-08-10,2026-08-10 15:45:00,28.53,28.6,28.515,28.6,36727.0
2026-08-10,2026-08-10 15:50:00,28.595,28.625,28.52,28.59,40394.0
2026-08-10,2026-08-10 15:55:00,28.6,28.68,28.56,28.64,77743.0
2026-08-10,2026-08-10 16:00:00,28.62,28.77,28.59,28.75,442834.0
2026-08-11,2026-08-11 09:35:00,28.75,28.75,28.35,28.485,41883.0
2026-08-11,2026-08-11 09:40:00,28.56,28.56,28.3,28.505,17134.0
2026-08-11,2026-08-11 09:45:00,28.46,28.53,28.36,28.36,13413.0
2026-08-11,2026-08-11 09:50:00,28.33,28.37,28.2,28.37,11981.0
2026-08-11,2026-08-11 09:55:00,28.33,28.86,28.33,28.86,13583.0
2026-08-11,2026-08-11 10:00:00,28.87,29.16,28.87,29.155,73825.0
2026-08-11,2026-08-11 10:05:00,29.14,29.1899,28.85,28.85,41080.0
2026-08-11,2026-08-11 10:10:00,28.85,28.95,28.74,28.845,17994.0
2026-08-11,2026-08-11 10:15:00,28.84,28.97,28.835,28.965,21034.0
2026-08-11,2026-08-11 10:20:00,28.955,29.11,28.9,29.095,22577.0
2026-08-11,2026-08-11 10:25:00,29.09,29.16,28.95,28.95,17577.0
2026-08-11,2026-08-11 10:30:00,28.97,29.215,28.9625,29.215,17432.0
2026-08-11,2026-08-11 10:35:00,29.22,29.3,29.17,29.29,27357.0
2026-08-11,2026-08-11 10:40:00,29.29,29.42,29.29,29.42,13934.0
2026-08-11,2026-08-11 10:45:00,29.45,29.555,29.39,29.44,27992.0
2026-08-11,2026-08-11 10:50:00,29.47,29.47,29.335,29.34,11741.0
2026-08-11,2026-08-11 10:55:00,29.325,29.325,29.25,29.25,6065.0
2026-08-11,2026-08-11 11:00:00,29.2,29.28,29.13,29.28,9815.0
2026-08-11,2026-08-11 11:05:00,29.31,29.31,29.14,29.14,14812.0
2026-08-11,2026-08-11 11:10:00,29.19,29.285,29.15,29.27,10699.0
2026-08-11,2026-08-11 11:15:00,29.275,29.275,29.215,29.24,9263.0
2026-08-11,2026-08-11 11:20:00,29.25,29.285,29.23,29.285,4237.0
2026-08-11,2026-08-11 11:25:00,29.27,29.31,29.265,29.27,8503.0
2026-08-11,2026-08-11 11:30:00,29.25,29.25,29.1268,29.1268,11600.0
2026-08-11,2026-08-11 11:35:00,29.105,29.15,29.055,29.055,7438.0
2026-08-11,2026-08-11 11:40:00,29.04,29.04,28.95,28.95,8133.0
2026-08-11,2026-08-11 11:45:00,28.96,28.97,28.9,28.9,7898.0
2026-08-11,2026-08-11 11:50:00,28.885,28.89,28.775,28.775,8464.0
2026-08-11,2026-08-11 11:55:00,28.765,28.785,28.62,28.65,25451.0
2026-08-11,2026-08-11 12:00:00,28.66,28.7,28.64,28.7,14321.0
2026-08-11,2026-08-11 12:05:00,28.69,28.75,28.66,28.73,29650.0
2026-08-11,2026-08-11 12:10:00,28.76,28.905,28.76,28.89,8876.0
2026-08-11,2026-08-11 12:15:00,28.87,28.87,28.675,28.725,8865.0
2026-08-11,2026-08-11 12:20:00,28.74,28.75,28.655,28.655,7487.0
2026-08-11,2026-08-11 12:25:00,28.68,28.695,28.62,28.65,11661.0
2026-08-11,2026-08-11 12:30:00,28.64,28.67,28.55,28.5575,8015.0
2026-08-11,2026-08-11 12:35:00,28.55,28.56,28.51,28.53,14407.0
2026-08-11,2026-08-11 12:40:00,28.54,28.56,28.53,28.55,7841.0
2026-08-11,2026-08-11 12:45:00,28.55,28.57,28.54,28.55,10492.0
2026-08-11,2026-08-11 12:50:00,28.56,28.6,28.54,28.5942,7170.0
2026-08-11,2026-08-11 12:55:00,28.6,28.615,28.55,28.58,8488.0
2026-08-11,2026-08-11 13:00:00,28.57,28.68,28.56,28.68,7227.0
2026-08-11,2026-08-11 13:05:00,28.68,28.7,28.645,28.67,10720.0
2026-08-11,2026-08-11 13:10:00,28.65,28.7199,28.6301,28.7,8077.0
2026-08-11,2026-08-11 13:15:00,28.7,28.7,28.63,28.63,5738.0
2026-08-11,2026-08-11 13:20:00,28.65,28.65,28.605,28.61,5018.0
2026-08-11,2026-08-11 13:25:00,28.605,28.61,28.55,28.595,8378.0
2026-08-11,2026-08-11 13:30:00,28.6,28.6199,28.595,28.6,3370.0
2026-08-11,2026-08-11 13:35:00,28.6,28.61,28.5801,28.59,6464.0
2026-08-11,2026-08-11 13:40:00,28.59,28.61,28.56,28.61,9002.0
2026-08-11,2026-08-11 13:45:00,28.62,28.64,28.47,28.48,37895.0
2026-08-11,2026-08-11 13:50:00,28.47,28.505,28.45,28.505,8420.0
2026-08-11,2026-08-11 13:55:00,28.51,28.53,28.495,28.5,8975.0
2026-08-11,2026-08-11 14:00:00,28.485,28.49,28.42,28.42,8497.0
2026-08-11,2026-08-11 14:05:00,28.42,28.435,28.39,28.405,11124.0
2026-08-11,2026-08-11 14:10:00,28.405,28.405,28.34,28.34,8597.0
2026-08-11,2026-08-11 14:15:00,28.34,28.37,28.31,28.32,12212.0
2026-08-11,2026-08-11 14:20:00,28.32,28.32,28.23,28.26,7941.0
2026-08-11,2026-08-11 14:25:00,28.26,28.28,28.245,28.27,12088.0
2026-08-11,2026-08-11 14:30:00,28.28,28.28,28.215,28.24,7848.0
2026-08-11,2026-08-11 14:35:00,28.26,28.32,28.25,28.32,16908.0
2026-08-11,2026-08-11 14:40:00,28.32,28.36,28.32,28.34,9470.0
2026-08-11,2026-08-11 14:45:00,28.34,28.35,28.305,28.31,9322.0
2026-08-11,2026-08-11 14:50:00,28.31,28.365,28.3,28.315,12036.0
2026-08-11,2026-08-11 14:55:00,28.315,28.345,28.28,28.32,11326.0
2026-08-11,2026-08-11 15:00:00,28.31,28.37,28.31,28.315,13996.0
2026-08-11,2026-08-11 15:05:00,28.315,28.315,28.15,28.15,15010.0
2026-08-11,2026-08-11 15:10:00,28.16,28.18,28.11,28.125,14167.0
2026-08-11,2026-08-11 15:15:00,28.14,28.14,28.1,28.11,8072.0
2026-08-11,2026-08-11 15:20:00,28.1,28.14,28.075,28.12,14075.0
2026-08-11,2026-08-11 15:25:00,28.125,28.265,28.125,28.2,23925.0
2026-08-11,2026-08-11 15:30:00,28.2,28.29,28.2,28.285,31674.0
2026-08-11,2026-08-11 15:35:00,28.28,28.31,28.225,28.305,24002.0
2026-08-11,2026-08-11 15:40:00,28.32,28.32,28.27,28.3,17708.0
2026-08-11,2026-08-11 15:45:00,28.29,28.31,28.255,28.3,29755.0
2026-08-11,2026-08-11 15:50:00,28.31,28.325,28.21,28.22,74769.0
2026-08-11,2026-08-11 15:55:00,28.2,28.315,28.17,28.315,49281.0
2026-08-11,2026-08-11 16:00:00,28.315,28.315,28.16,28.22,244328.0
2026-08-12,2026-08-12 09:35:00,27.49,28.07,27.28,28.07,23817.0
2026-08-12,2026-08-12 09:40:00,28.16,28.215,28.14,28.215,7333.0
2026-08-12,2026-08-12 09:45:00,28.23,28.23,27.7825,27.7825,7603.0
2026-08-12,2026-08-12 09:50:00,27.75,27.77,27.395,27.525,14835.0
2026-08-12,2026-08-12 09:55:00,27.52,27.5722,27.39,27.52,9129.0
2026-08-12,2026-08-12 10:00:00,27.5,27.515,27.415,27.46,9008.0
2026-08-12,2026-08-12 10:05:00,27.485,27.485,27.24,27.38,28229.0
2026-08-12,2026-08-12 10:10:00,27.42,27.62,27.42,27.585,12447.0
2026-08-12,2026-08-12 10:15:00,27.5395,27.605,27.47,27.58,8027.0
2026-08-12,2026-08-12 10:20:00,27.585,27.63,27.51,27.51,5707.0
2026-08-12,2026-08-12 10:25:00,27.51,27.53,27.46,27.53,6729.0
2026-08-12,2026-08-12 10:30:00,27.52,27.59,27.5,27.545,6805.0
2026-08-12,2026-08-12 10:35:00,27.53,27.68,27.52,27.64,7758.0
2026-08-12,2026-08-12 10:40:00,27.66,27.685,27.59,27.59,4678.0
2026-08-12,2026-08-12 10:45:00,27.59,27.59,27.52,27.525,6077.0
2026-08-12,2026-08-12 10:50:00,27.575,27.585,27.5,27.53,3461.0
2026-08-12,2026-08-12 10:55:00,27.53,27.6,27.53,27.6,4301.0
2026-08-12,2026-08-12 11:00:00,27.59,27.66,27.59,27.59,5880.0
2026-08-12,2026-08-12 11:05:00,27.58,27.61,27.52,27.52,5889.0
2026-08-12,2026-08-12 11:10:00,27.5,27.53,27.49,27.53,3751.0
2026-08-12,2026-08-12 11:15:00,27.53,27.535,27.47,27.47,3147.0
2026-08-12,2026-08-12 11:20:00,27.48,27.5599,27.47,27.55,6837.0
2026-08-12,2026-08-12 11:25:00,27.55,27.58,27.55,27.58,5552.0
2026-08-12,2026-08-12 11:30:00,27.585,27.62,27.575,27.62,4026.0
2026-08-12,2026-08-12 11:35:00,27.62,27.62,27.54,27.58,4801.0
2026-08-12,2026-08-12 11:40:00,27.55,27.61,27.55,27.6,3681.0
2026-08-12,2026-08-12 11:45:00,27.605,27.625,27.595,27.61,3576.0
2026-08-12,2026-08-12 11:50:00,27.6,27.675,27.6,27.655,4502.0
2026-08-12,2026-08-12 11:55:00,27.69,27.7,27.64,27.7,5345.0
2026-08-12,2026-08-12 12:00:00,27.69,27.69,27.61,27.61,4483.0
2026-08-12,2026-08-12 12:05:00,27.59,27.65,27.59,27.64,4016.0
2026-08-12,2026-08-12 12:10:00,27.63,27.7,27.63,27.7,3124.0
2026-08-12,2026-08-12 12:15:00,27.69,27.7599,27.69,27.745,8158.0
2026-08-12,2026-08-12 12:20:00,27.76,27.77,27.73,27.75,5145.0
2026-08-12,2026-08-12 12:25:00,27.7237,27.75,27.7,27.7,6387.0
2026-08-12,2026-08-12 12:30:00,27.7,27.71,27.675,27.7,3782.0
2026-08-12,2026-08-12 12:35:00,27.715,27.76,27.7,27.745,7466.0
2026-08-12,2026-08-12 12:40:00,27.76,27.76,27.72,27.72,3509.0
2026-08-12,2026-08-12 12:45:00,27.74,27.765,27.73,27.76,4651.0
2026-08-12,2026-08-12 12:50:00,27.74,27.745,27.69,27.72,8628.0
2026-08-12,2026-08-12 12:55:00,27.72,27.74,27.69,27.69,4392.0
2026-08-12,2026-08-12 13:00:00,27.67,27.68,27.64,27.66,3503.0
2026-08-12,2026-08-12 13:05:00,27.64,27.64,27.62,27.62,3376.0
2026-08-12,2026-08-12 13:10:00,27.57,27.605,27.565,27.6,3388.0
2026-08-12,2026-08-12 13:15:00,27.59,27.6,27.57,27.57,5577.0
2026-08-12,2026-08-12 13:20:00,27.57,27.58,27.56,27.56,2749.0
2026-08-12,2026-08-12 13:25:00,27.555,27.58,27.55,27.57,4115.0
2026-08-12,2026-08-12 13:30:00,27.55,27.56,27.495,27.495,3899.0
2026-08-12,2026-08-12 13:35:00,27.51,27.585,27.51,27.56,3983.0
2026-08-12,2026-08-12 13:40:00,27.57,27.58,27.57,27.575,2514.0
2026-08-12,2026-08-12 13:45:00,27.5837,27.61,27.52,27.53,5866.0
2026-08-12,2026-08-12 13:50:00,27.53,27.57,27.51,27.53,8401.0
2026-08-12,2026-08-12 13:55:00,27.535,27.595,27.53,27.595,6296.0
2026-08-12,2026-08-12 14:00:00,27.58,27.59,27.57,27.59,6199.0
2026-08-12,2026-08-12 14:05:00,27.595,27.595,27.52,27.535,7003.0
2026-08-12,2026-08-12 14:10:00,27.52,27.57,27.515,27.57,6660.0
2026-08-12,2026-08-12 14:15:00,27.58,27.58,27.49,27.53,7322.0
2026-08-12,2026-08-12 14:20:00,27.53,27.565,27.53,27.56,3716.0
2026-08-12,2026-08-12 14:25:00,27.55,27.56,27.54,27.555,4427.0
2026-08-12,2026-08-12 14:30:00,27.55,27.55,27.5,27.51,5937.0
2026-08-12,2026-08-12 14:35:00,27.52,27.575,27.52,27.555,4945.0
2026-08-12,2026-08-12 14:40:00,27.56,27.57,27.515,27.55,6468.0
2026-08-12,2026-08-12 14:45:00,27.55,27.565,27.525,27.565,3848.0
2026-08-12,2026-08-12 14:50:00,27.56,27.58,27.55,27.58,5150.0
2026-08-12,2026-08-12 14:55:00,27.56,27.739,27.515,27.6551,74801.0
2026-08-12,2026-08-12 15:00:00,27.66,27.69,27.62,27.62,42319.0
2026-08-12,2026-08-12 15:05:00,27.62,27.67,27.6,27.63,11000.0
2026-08-12,2026-08-12 15:10:00,27.64,27.76,27.61,27.755,20752.0
2026-08-12,2026-08-12 15:15:00,27.75,27.75,27.68,27.68,15701.0
2026-08-12,2026-08-12 15:20:00,27.67,27.67,27.6,27.6,17515.0
2026-08-12,2026-08-12 15:25:00,27.59,27.59,27.54,27.555,12356.0
2026-08-12,2026-08-12 15:30:00,27.56,27.625,27.51,27.61,24556.0
2026-08-12,2026-08-12 15:35:00,27.61,27.665,27.58,27.63,22940.0
2026-08-12,2026-08-12 15:40:00,27.63,27.63,27.38,27.46,50302.0
2026-08-12,2026-08-12 15:45:00,27.445,27.5975,27.445,27.5975,19613.0
2026-08-12,2026-08-12 15:50:00,27.595,27.68,27.595,27.675,22833.0
2026-08-12,2026-08-12 15:55:00,27.675,27.74,27.66,27.72,39490.0
2026-08-12,2026-08-12 16:00:00,27.75,27.87,27.64,27.68,581014.0
2026-08-13,2026-08-13 09:35:00,27.73,28.2515,27.73,28.1655,13921.0
2026-08-13,2026-08-13 09:40:00,28.145,28.15,27.77,27.77,7006.0
2026-08-13,2026-08-13 09:45:00,27.83,27.865,27.59,27.68,7038.0
2026-08-13,2026-08-13 09:50:00,27.7,27.79,27.58,27.79,7169.0
2026-08-13,2026-08-13 09:55:00,27.8,27.88,27.69,27.85,12730.0
2026-08-13,2026-08-13 10:00:00,27.84,27.87,27.8,27.8,9485.0
2026-08-13,2026-08-13 10:05:00,27.78,27.9,27.78,27.9,5642.0
2026-08-13,2026-08-13 10:10:00,27.93,28.01,27.905,27.99,10920.0
2026-08-13,2026-08-13 10:15:00,28.0,28.03,27.97,27.99,5344.0
2026-08-13,2026-08-13 10:20:00,27.95,27.9925,27.94,27.975,4312.0
2026-08-13,2026-08-13 10:25:00,28.05,28.06,27.835,27.835,6929.0
2026-08-13,2026-08-13 10:30:00,27.82,27.83,27.68,27.68,8458.0
2026-08-13,2026-08-13 10:35:00,27.72,27.8,27.71,27.8,4620.0
2026-08-13,2026-08-13 10:40:00,27.79,27.82,27.66,27.68,8524.0
2026-08-13,2026-08-13 10:45:00,27.68,27.76,27.68,27.74,5845.0
2026-08-13,2026-08-13 10:50:00,27.78,27.78,27.67,27.7,7512.0
2026-08-13,2026-08-13 10:55:00,27.7,27.81,27.7,27.79,8791.0
2026-08-13,2026-08-13 11:00:00,27.84,27.855,27.82,27.82,3908.0
2026-08-13,2026-08-13 11:05:00,27.83,27.855,27.795,27.815,9681.0
2026-08-13,2026-08-13 11:10:00,27.82,27.83,27.72,27.72,6379.0
2026-08-13,2026-08-13 11:15:00,27.71,27.75,27.69,27.7,7802.0
2026-08-13,2026-08-13 11:20:00,27.67,27.7,27.6,27.7,7471.0
2026-08-13,2026-08-13 11:25:00,27.69,27.69,27.42,27.46,12324.0
2026-08-13,2026-08-13 11:30:00,27.455,27.46,27.42,27.43,6500.0
2026-08-13,2026-08-13 11:35:00,27.445,27.595,27.44,27.595,14340.0
2026-08-13,2026-08-13 11:40:00,27.595,27.595,27.515,27.52,7446.0
2026-08-13,2026-08-13 11:45:00,27.54,27.625,27.525,27.625,7313.0
2026-08-13,2026-08-13 11:50:00,27.63,27.63,27.535,27.54,4908.0
2026-08-13,2026-08-13 11:55:00,27.535,27.58,27.535,27.57,4804.0
2026-08-13,2026-08-13 12:00:00,27.52,27.54,27.4153,27.48,8554.0
2026-08-13,2026-08-13 12:05:00,27.49,27.53,27.48,27.53,5919.0
2026-08-13,2026-08-13 12:10:00,27.51,27.52,27.43,27.47,5257.0
2026-08-13,2026-08-13 12:15:00,27.52,27.53,27.5063,27.53,3924.0
2026-08-13,2026-08-13 12:20:00,27.53,27.56,27.53,27.55,2235.0
2026-08-13,2026-08-13 12:25:00,27.53,27.53,27.45,27.455,4588.0
2026-08-13,2026-08-13 12:30:00,27.45,27.6,27.45,27.55,7277.0
2026-08-13,2026-08-13 12:35:00,27.55,27.55,27.52,27.55,2505.0
2026-08-13,2026-08-13 12:40:00,27.555,27.57,27.54,27.54,4995.0
2026-08-13,2026-08-13 12:45:00,27.57,27.65,27.56,27.65,9686.0
2026-08-13,2026-08-13 12:50:00,27.66,27.66,27.63,27.66,2824.0
2026-08-13,2026-08-13 12:55:00,27.68,27.75,27.675,27.74,4888.0
2026-08-13,2026-08-13 13:00:00,27.73,27.76,27.715,27.76,3237.0
2026-08-13,2026-08-13 13:05:00,27.74,27.74,27.71,27.73,3901.0
2026-08-13,2026-08-13 13:10:00,27.74,27.74,27.69,27.715,3038.0
2026-08-13,2026-08-13 13:15:00,27.74,27.75,27.71,27.75,4665.0
2026-08-13,2026-08-13 13:20:00,27.748,27.748,27.68,27.68,3282.0
2026-08-13,2026-08-13 13:25:00,27.69,27.76,27.69,27.75,5191.0
2026-08-13,2026-08-13 13:30:00,27.685,27.7,27.685,27.7,2989.0
2026-08-13,2026-08-13 13:35:00,27.71,27.735,27.71,27.735,2512.0
2026-08-13,2026-08-13 13:40:00,27.74,27.74,27.605,27.65,13237.0
2026-08-13,2026-08-13 13:45:00,27.67,27.67,27.575,27.63,7973.0
2026-08-13,2026-08-13 13:50:00,27.635,27.68,27.61,27.64,5597.0
2026-08-13,2026-08-13 13:55:00,27.67,27.73,27.67,27.705,3920.0
2026-08-13,2026-08-13 14:00:00,27.705,27.71,27.65,27.65,4191.0
2026-08-13,2026-08-13 14:05:00,27.655,27.71,27.655,27.69,5285.0
2026-08-13,2026-08-13 14:10:00,27.71,27.73,27.7,27.725,5335.0
2026-08-13,2026-08-13 14:15:00,27.71,27.71,27.66,27.67,4226.0
2026-08-13,2026-08-13 14:20:00,27.69,27.72,27.69,27.72,5577.0
2026-08-13,2026-08-13 14:25:00,27.72,27.72,27.68,27.695,4155.0
2026-08-13,2026-08-13 14:30:00,27.71,27.71,27.63,27.63,8812.0
2026-08-13,2026-08-13 14:35:00,27.63,27.95,27.59,27.895,30624.0
2026-08-13,2026-08-13 14:40:00,27.895,28.36,27.86,28.35,11672.0
2026-08-13,2026-08-13 14:45:00,28.3201,28.725,28.3201,28.705,22184.0
2026-08-13,2026-08-13 14:50:00,28.705,28.73,28.49,28.635,34872.0
2026-08-13,2026-08-13 14:55:00,28.64,28.77,28.59,28.65,31512.0
2026-08-13,2026-08-13 15:00:00,28.645,29.055,28.645,28.96,31283.0
2026-08-13,2026-08-13 15:05:00,28.985,29.12,28.8408,29.12,25475.0
2026-08-13,2026-08-13 15:10:00,29.15,29.15,29.01,29.05,28254.0
2026-08-13,2026-08-13 15:15:00,29.08,29.23,28.92,29.015,187255.0
2026-08-13,2026-08-13 15:20:00,28.99,29.02,28.857,28.91,33106.0
2026-08-13,2026-08-13 15:25:00,28.93,29.47,28.93,29.465,107133.0
2026-08-13,2026-08-13 15:30:00,29.47,29.5,29.28,29.32,63084.0
2026-08-13,2026-08-13 15:35:00,29.29,29.64,29.2802,29.61,116083.0
2026-08-13,2026-08-13 15:40:00,29.61,29.685,29.545,29.62,54343.0
2026-08-13,2026-08-13 15:45:00,29.63,29.88,29.63,29.845,74341.0
2026-08-13,2026-08-13 15:50:00,29.85,30.08,29.79,29.9175,313350.0
2026-08-13,2026-08-13 15:55:00,29.95,30.02,29.54,29.55,119785.0
2026-08-13,2026-08-13 16:00:00,29.56,29.96,29.51,29.87,618527.0
2026-08-14,2026-08-14 09:35:00,30.0,30.24,29.67,29.9,44907.0
2026-08-14,2026-08-14 09:40:00,29.87,29.87,29.53,29.53,10590.0
2026-08-14,2026-08-14 09:45:00,29.515,29.67,29.36,29.36,16106.0
2026-08-14,2026-08-14 09:50:00,29.41,29.45,29.115,29.115,12686.0
2026-08-14,2026-08-14 09:55:00,29.09,29.09,28.89,28.995,21831.0
2026-08-14,2026-08-14 10:00:00,28.99,29.3,28.87,29.3,73866.0
2026-08-14,2026-08-14 10:05:00,29.34,29.455,29.215,29.215,27753.0
2026-08-14,2026-08-14 10:10:00,29.18,29.18,29.08,29.1,10840.0
2026-08-14,2026-08-14 10:15:00,29.09,29.12,28.98,29.08,17077.0
2026-08-14,2026-08-14 10:20:00,29.02,29.02,28.74,28.84,69813.0
2026-08-14,2026-08-14 10:25:00,28.85,29.035,28.85,29.0201,19648.0
2026-08-14,2026-08-14 10:30:00,29.035,29.24,29.035,29.1439,39692.0
2026-08-14,2026-08-14 10:35:00,29.15,29.27,29.125,29.125,25095.0
2026-08-14,2026-08-14 10:40:00,29.14,29.23,29.11,29.115,22892.0
2026-08-14,2026-08-14 10:45:00,29.08,29.105,29.0,29.04,10715.0
2026-08-14,2026-08-14 10:50:00,29.04,29.105,29.04,29.04,16734.0
2026-08-14,2026-08-14 10:55:00,29.055,29.06,28.95,29.06,10197.0
2026-08-14,2026-08-14 11:00:00,29.06,29.09,29.03,29.04,25107.0
2026-08-14,2026-08-14 11:05:00,29.05,29.2,29.05,29.17,12069.0
2026-08-14,2026-08-14 11:10:00,29.145,29.18,29.115,29.12,9692.0
2026-08-14,2026-08-14 11:15:00,29.1251,29.17,29.09,29.13,18787.0
2026-08-14,2026-08-14 11:20:00,29.1,29.18,29.1,29.18,11814.0
2026-08-14,2026-08-14 11:25:00,29.2,29.23,29.17,29.23,9107.0
2026-08-14,2026-08-14 11:30:00,29.225,29.31,29.2,29.29,14063.0
2026-08-14,2026-08-14 11:35:00,29.3,29.4,29.3,29.36,12305.0
2026-08-14,2026-08-14 11:40:00,29.37,29.41,29.35,29.405,5452.0
2026-08-14,2026-08-14 11:45:00,29.38,29.4,29.35,29.36,14200.0
2026-08-14,2026-08-14 11:50:00,29.4,29.46,29.395,29.43,12091.0
2026-08-14,2026-08-14 11:55:00,29.42,29.5,29.42,29.48,10660.0
2026-08-14,2026-08-14 12:00:00,29.48,29.54,29.47,29.52,10033.0
2026-08-14,2026-08-14 12:05:00,29.515,29.55,29.475,29.495,8819.0
2026-08-14,2026-08-14 12:10:00,29.48,29.495,29.34,29.34,6324.0
2026-08-14,2026-08-14 12:15:00,29.34,29.37,29.29,29.29,10665.0
2026-08-14,2026-08-14 12:20:00,29.285,29.3,29.19,29.19,5823.0
2026-08-14,2026-08-14 12:25:00,29.2,29.29,29.17,29.28,25943.0
2026-08-14,2026-08-14 12:30:00,29.28,29.33,29.28,29.32,8164.0
2026-08-14,2026-08-14 12:35:00,29.32,29.37,29.31,29.31,9250.0
2026-08-14,2026-08-14 12:40:00,29.3,29.3,29.22,29.22,8022.0
2026-08-14,2026-08-14 12:45:00,29.24,29.24,29.2,29.225,5234.0
2026-08-14,2026-08-14 12:50:00,29.21,29.24,29.2,29.24,7028.0
2026-08-14,2026-08-14 12:55:00,29.23,29.25,29.21,29.22,9241.0
2026-08-14,2026-08-14 13:00:00,29.22,29.27,29.2,29.205,10440.0
2026-08-14,2026-08-14 13:05:00,29.22,29.24,29.18,29.18,16477.0
2026-08-14,2026-08-14 13:10:00,29.2,29.21,29.19,29.21,3730.0
2026-08-14,2026-08-14 13:15:00,29.21,29.22,29.19,29.22,2815.0
2026-08-14,2026-08-14 13:20:00,29.21,29.26,29.2,29.26,9765.0
2026-08-14,2026-08-14 13:25:00,29.26,29.27,29.215,29.26,8630.0
2026-08-14,2026-08-14 13:30:00,29.27,29.32,29.27,29.305,8516.0
2026-08-14,2026-08-14 13:35:00,29.32,29.35,29.24,29.27,11133.0
2026-08-14,2026-08-14 13:40:00,29.25,29.26,29.22,29.23,4496.0
2026-08-14,2026-08-14 13:45:00,29.24,29.31,29.235,29.28,6285.0
2026-08-14,2026-08-14 13:50:00,29.275,29.28,29.215,29.28,12947.0
2026-08-14,2026-08-14 13:55:00,29.295,29.325,29.28,29.31,5862.0
2026-08-14,2026-08-14 14:00:00,29.29,29.375,29.29,29.35,14852.0
2026-08-14,2026-08-14 14:05:00,29.355,29.37,29.305,29.31,7990.0
2026-08-14,2026-08-14 14:10:00,29.3251,29.33,29.26,29.26,6291.0
2026-08-14,2026-08-14 14:15:00,29.26,29.29,29.26,29.285,4417.0
2026-08-14,2026-08-14 14:20:00,29.3,29.321,29.28,29.3,25009.0
2026-08-14,2026-08-14 14:25:00,29.32,29.35,29.3,29.34,18177.0
2026-08-14,2026-08-14 14:30:00,29.33,29.34,29.24,29.26,13180.0
2026-08-14,2026-08-14 14:35:00,29.255,29.255,29.22,29.2351,5275.0
2026-08-14,2026-08-14 14:40:00,29.25,29.265,29.225,29.225,10228.0
2026-08-14,2026-08-14 14:45:00,29.225,29.26,29.2,29.24,9260.0
2026-08-14,2026-08-14 14:50:00,29.24,29.265,29.15,29.165,23484.0
2026-08-14,2026-08-14 14:55:00,29.165,29.18,29.1249,29.15,15339.0
2026-08-14,2026-08-14 15:00:00,29.14,29.16,29.12,29.155,12888.0
2026-08-14,2026-08-14 15:05:00,29.15,29.16,29.13,29.13,10744.0
2026-08-14,2026-08-14 15:10:00,29.14,29.15,29.09,29.11,14919.0
2026-08-14,2026-08-14 15:15:00,29.12,29.17,29.11,29.17,9377.0
2026-08-14,2026-08-14 15:20:00,29.155,29.17,29.075,29.08,12239.0
2026-08-14,2026-08-14 15:25:00,29.07,29.08,28.975,29.02,22374.0
2026-08-14,2026-08-14 15:30:00,29.04,29.1,29.04,29.1,18091.0
2026-08-14,2026-08-14 15:35:00,29.08,29.165,29.08,29.12,28201.0
2026-08-14,2026-08-14 15:40:00,29.12,29.18,29.1,29.1,21647.0
2026-08-14,2026-08-14 15:45:00,29.1,29.14,29.0501,29.14,34548.0
2026-08-14,2026-08-14 15:50:00,29.13,29.2,29.105,29.2,38243.0
2026-08-14,2026-08-14 15:55:00,29.18,29.18,28.965,28.965,58827.0
2026-08-14,2026-08-14 16:00:00,28.95,29.0,28.785,28.93,484113.0
2026-08-17,2026-08-17 09:35:00,28.44,28.475,28.26,28.475,33160.0
2026-08-17,2026-08-17 09:40:00,28.495,28.6603,28.345,28.345,9689.0
2026-08-17,2026-08-17 09:45:00,28.322716,28.322716,27.97,27.97,17182.0
2026-08-17,2026-08-17 09:50:00,27.9899,27.9899,27.84,27.9,6800.0
2026-08-17,2026-08-17 09:55:00,27.89,28.01,27.7645,27.88,11316.0
2026-08-17,2026-08-17 10:00:00,27.85,27.92,27.83,27.87,8338.0
2026-08-17,2026-08-17 10:05:00,27.9225,28.07,27.83,28.02,8636.0
2026-08-17,2026-08-17 10:10:00,28.05,28.14,27.98,28.04,10221.0
2026-08-17,2026-08-17 10:15:00,28.03,28.13,28.01,28.115,9270.0
2026-08-17,2026-08-17 10:20:00,28.11,28.17,27.99,27.99,7093.0
2026-08-17,2026-08-17 10:25:00,28.0,28.12,27.96,28.07,9021.0
2026-08-17,2026-08-17 10:30:00,28.09,28.105,27.94,27.94,10750.0
2026-08-17,2026-08-17 10:35:00,27.975,28.035,27.95,28.03,7260.0
2026-08-17,2026-08-17 10:40:00,28.01,28.06,27.985,28.02,7442.0
2026-08-17,2026-08-17 10:45:00,28.01,28.15,28.005,28.15,9540.0
2026-08-17,2026-08-17 10:50:00,28.14,28.15,27.98,28.02,8944.0
2026-08-17,2026-08-17 10:55:00,28.05,28.07,27.97,27.99,6778.0
2026-08-17,2026-08-17 11:00:00,27.96,27.995,27.95,27.975,10412.0
2026-08-17,2026-08-17 11:05:00,27.98,27.98,27.89,27.89,13014.0
2026-08-17,2026-08-17 11:10:00,27.8973,27.96,27.8973,27.94,5991.0
2026-08-17,2026-08-17 11:15:00,27.925,27.97,27.895,27.94,7178.0
2026-08-17,2026-08-17 11:20:00,27.935,27.98,27.935,27.97,5883.0
2026-08-17,2026-08-17 11:25:00,27.98,28.11,27.98,28.085,8741.0
2026-08-17,2026-08-17 11:30:00,28.095,28.115,28.065,28.065,9169.0
2026-08-17,2026-08-17 11:35:00,28.07,28.115,28.04,28.04,8947.0
2026-08-17,2026-08-17 11:40:00,28.06,28.1025,28.05,28.08,9499.0
2026-08-17,2026-08-17 11:45:00,28.065,28.08,28.03,28.07,7062.0
2026-08-17,2026-08-17 11:50:00,28.09,28.11,28.0,28.015,7894.0
2026-08-17,2026-08-17 11:55:00,28.015,28.13,27.985,28.02,27708.0
2026-08-17,2026-08-17 12:00:00,27.98,28.05,27.94,27.96,7664.0
2026-08-17,2026-08-17 12:05:00,27.96,27.97,27.88,27.885,8558.0
2026-08-17,2026-08-17 12:10:00,27.885,27.9298,27.865,27.875,7703.0
2026-08-17,2026-08-17 12:15:00,27.875,27.89,27.79,27.8537,16156.0
2026-08-17,2026-08-17 12:20:00,27.87,27.895,27.85,27.86,6386.0
2026-08-17,2026-08-17 12:25:00,27.87,27.93,27.86,27.9,7678.0
2026-08-17,2026-08-17 12:30:00,27.92,27.965,27.89,27.96,6739.0
2026-08-17,2026-08-17 12:35:00,27.96,27.97,27.9,27.905,9248.0
2026-08-17,2026-08-17 12:40:00,27.905,28.005,27.905,28.005,10558.0
2026-08-17,2026-08-17 12:45:00,28.02,28.02,27.93,27.93,4843.0
2026-08-17,2026-08-17 12:50:00,27.94,27.99,27.94,27.97,7167.0
2026-08-17,2026-08-17 12:55:00,27.97,27.99,27.95,27.96,5285.0
2026-08-17,2026-08-17 13:00:00,27.95,27.97,27.94,27.97,5349.0
2026-08-17,2026-08-17 13:05:00,27.96,27.99,27.95,27.98,6375.0
2026-08-17,2026-08-17 13:10:00,27.99,27.99,27.94,27.94,4965.0
2026-08-17,2026-08-17 13:15:00,27.96,27.98,27.8801,27.895,5905.0
2026-08-17,2026-08-17 13:20:00,27.89,27.89,27.86,27.885,7614.0
2026-08-17,2026-08-17 13:25:00,27.89,27.89,27.77,27.785,10991.0
2026-08-17,2026-08-17 13:30:00,27.7932,27.82,27.7932,27.81,6587.0
2026-08-17,2026-08-17 13:35:00,27.81,27.85,27.81,27.85,5277.0
2026-08-17,2026-08-17 13:40:00,27.85,27.9,27.85,27.87,7715.0
2026-08-17,2026-08-17 13:45:00,27.87,27.9,27.855,27.88,5396.0
2026-08-17,2026-08-17 13:50:00,27.9,27.905,27.86,27.88,11700.0
2026-08-17,2026-08-17 13:55:00,27.89,27.97,27.89,27.91,8886.0
2026-08-17,2026-08-17 14:00:00,27.92,27.92,27.86,27.875,8510.0
2026-08-17,2026-08-17 14:05:00,27.89,27.98,27.89,27.945,9276.0
2026-08-17,2026-08-17 14:10:00,27.96,27.96,27.9,27.935,17529.0
2026-08-17,2026-08-17 14:15:00,27.95,27.99,27.92,27.92,9343.0
2026-08-17,2026-08-17 14:20:00,27.915,27.98,27.915,27.95,6533.0
2026-08-17,2026-08-17 14:25:00,27.93,27.945,27.85,27.88,18667.0
2026-08-17,2026-08-17 14:30:00,27.89,27.99,27.89,27.935,27786.0
2026-08-17,2026-08-17 14:35:00,27.935,28.005,27.905,28.005,9611.0
2026-08-17,2026-08-17 14:40:00,27.99,27.99,27.921,27.975,10586.0
2026-08-17,2026-08-17 14:45:00,27.975,27.98,27.94,27.98,7182.0
2026-08-17,2026-08-17 14:50:00,27.99,28.045,27.99,28.045,13241.0
2026-08-17,2026-08-17 14:55:00,28.05,28.08,27.99,28.03,51963.0
2026-08-17,2026-08-17 15:00:00,28.03,28.08,28.02,28.07,15606.0
2026-08-17,2026-08-17 15:05:00,28.07,28.1,28.03,28.075,13590.0
2026-08-17,2026-08-17 15:10:00,28.085,28.13,28.085,28.13,15934.0
2026-08-17,2026-08-17 15:15:00,28.125,28.16,28.07,28.16,13769.0
2026-08-17,2026-08-17 15:20:00,28.14,28.155,28.11,28.155,16047.0
2026-08-17,2026-08-17 15:25:00,28.155,28.195,28.06,28.07,38850.0
2026-08-17,2026-08-17 15:30:00,28.07,28.07,27.96,27.98,19744.0
2026-08-17,2026-08-17 15:35:00,27.98,27.98,27.86,27.86,27236.0
2026-08-17,2026-08-17 15:40:00,27.85,27.885,27.84,27.885,21034.0
2026-08-17,2026-08-17 15:45:00,27.89,27.95,27.84,27.941,21455.0
2026-08-17,2026-08-17 15:50:00,27.95,28.01,27.925,28.01,47015.0
2026-08-17,2026-08-17 15:55:00,28.0,28.0,27.83,27.84,71430.0
2026-08-17,2026-08-17 16:00:00,27.87,28.0062,27.846,27.95,351714.0
2026-08-18,2026-08-18 09:35:00,28.2,28.421,27.88,28.17,40937.0
2026-08-18,2026-08-18 09:40:00,28.17,28.73,28.17,28.695,18369.0
2026-08-18,2026-08-18 09:45:00,28.71,28.985,28.71,28.83,19001.0
2026-08-18,2026-08-18 09:50:00,28.9359,28.96,28.76,28.925,20424.0
2026-08-18,2026-08-18 09:55:00,28.92,29.045,28.82,28.97,25266.0
2026-08-18,2026-08-18 10:00:00,28.97,29.01,28.716,28.78,17989.0
2026-08-18,2026-08-18 10:05:00,28.79,29.2099,28.79,29.1,18288.0
2026-08-18,2026-08-18 10:10:00,29.095,29.17,29.035,29.06,15222.0
2026-08-18,2026-08-18 10:15:00,29.06,29.09,29.0,29.055,15494.0
2026-08-18,2026-08-18 10:20:00,29.055,29.15,29.01,29.015,22053.0
2026-08-18,2026-08-18 10:25:00,29.015,29.165,29.01,29.15,12675.0
2026-08-18,2026-08-18 10:30:00,29.115,29.165,28.875,28.895,13581.0
2026-08-18,2026-08-18 10:35:00,28.89,29.12,28.89,29.02,166049.0
2026-08-18,2026-08-18 10:40:00,29.02,29.145,29.0,29.05,17988.0
2026-08-18,2026-08-18 10:45:00,29.05,29.09,29.0,29.09,15624.0
2026-08-18,2026-08-18 10:50:00,29.095,29.25,29.095,29.23,21905.0
2026-08-18,2026-08-18 10:55:00,29.23,29.32,29.2,29.205,27512.0
2026-08-18,2026-08-18 11:00:00,29.205,29.315,29.185,29.305,38264.0
2026-08-18,2026-08-18 11:05:00,29.305,29.43,29.0,29.29,139215.0
2026-08-18,2026-08-18 11:10:00,29.315,29.315,29.205,29.29,19362.0
2026-08-18,2026-08-18 11:15:00,29.305,29.44,29.275,29.395,28062.0
2026-08-18,2026-08-18 11:20:00,29.425,29.45,29.31,29.38,27045.0
2026-08-18,2026-08-18 11:25:00,29.375,29.44,29.36,29.4,14804.0
2026-08-18,2026-08-18 11:30:00,29.41,29.43,29.35,29.35,12403.0
2026-08-18,2026-08-18 11:35:00,29.345,29.38,29.25,29.26,7781.0
2026-08-18,2026-08-18 11:40:00,29.255,29.335,29.255,29.335,12574.0
2026-08-18,2026-08-18 11:45:00,29.31,29.32,29.24,29.295,14337.0
2026-08-18,2026-08-18 11:50:00,29.295,29.3,29.25,29.265,9371.0
2026-08-18,2026-08-18 11:55:00,29.265,29.335,29.26,29.29,7689.0
2026-08-18,2026-08-18 12:00:00,29.295,29.39,29.275,29.33,15719.0
2026-08-18,2026-08-18 12:05:00,29.33,29.365,29.295,29.325,7516.0
2026-08-18,2026-08-18 12:10:00,29.34,29.41,29.32,29.405,11420.0
2026-08-18,2026-08-18 12:15:00,29.41,29.43,29.39,29.41,16288.0
2026-08-18,2026-08-18 12:20:00,29.41,29.41,29.28,29.3,10009.0
2026-08-18,2026-08-18 12:25:00,29.3,29.32,29.28,29.2821,8771.0
2026-08-18,2026-08-18 12:30:00,29.28,29.31,29.15,29.25,29209.0
2026-08-18,2026-08-18 12:35:00,29.23,29.245,29.1,29.13,13645.0
2026-08-18,2026-08-18 12:40:00,29.135,29.2,29.135,29.195,14624.0
2026-08-18,2026-08-18 12:45:00,29.2,29.2,29.16,29.18,11670.0
2026-08-18,2026-08-18 12:50:00,29.19,29.22,29.18,29.2,12279.0
2026-08-18,2026-08-18 12:55:00,29.19,29.19,29.14,29.145,10725.0
2026-08-18,2026-08-18 13:00:00,29.125,29.135,29.04,29.125,45116.0
2026-08-18,2026-08-18 13:05:00,29.1,29.11,29.01,29.01,25234.0
2026-08-18,2026-08-18 13:10:00,29.025,29.1,28.86,29.08,155638.0
2026-08-18,2026-08-18 13:15:00,29.08,29.2,29.0,29.12,57945.0
2026-08-18,2026-08-18 13:20:00,29.11,29.12,29.03,29.12,46105.0
2026-08-18,2026-08-18 13:25:00,29.13,29.34,29.13,29.34,108344.0
2026-08-18,2026-08-18 13:30:00,29.36,29.36,29.22,29.25,26438.0
2026-08-18,2026-08-18 13:35:00,29.26,29.36,29.26,29.33,16158.0
2026-08-18,2026-08-18 13:40:00,29.315,29.35,29.27,29.33,15962.0
2026-08-18,2026-08-18 13:45:00,29.325,29.34,29.27,29.27,10869.0
2026-08-18,2026-08-18 13:50:00,29.285,29.34,29.25,29.26,33616.0
2026-08-18,2026-08-18 13:55:00,29.255,29.2715,29.17,29.18,17101.0
2026-08-18,2026-08-18 14:00:00,29.18,29.255,29.18,29.23,15082.0
2026-08-18,2026-08-18 14:05:00,29.225,29.24,29.19,29.24,9422.0
2026-08-18,2026-08-18 14:10:00,29.23,29.23,29.16,29.21,9074.0
2026-08-18,2026-08-18 14:15:00,29.215,29.45,29.19,29.42,85381.0
2026-08-18,2026-08-18 14:20:00,29.42,29.42,29.25,29.28,29813.0
2026-08-18,2026-08-18 14:25:00,29.275,29.43,29.275,29.37,44798.0
2026-08-18,2026-08-18 14:30:00,29.365,29.4,29.33,29.34,18449.0
2026-08-18,2026-08-18 14:35:00,29.32,29.32,29.24,29.26,13415.0
2026-08-18,2026-08-18 14:40:00,29.27,29.27,29.1305,29.1305,11434.0
2026-08-18,2026-08-18 14:45:00,29.14,29.16,29.03,29.05,19562.0
2026-08-18,2026-08-18 14:50:00,29.04,29.22,29.0,29.22,44779.0
2026-08-18,2026-08-18 14:55:00,29.22,29.35,29.18,29.3,61203.0
2026-08-18,2026-08-18 15:00:00,29.295,29.42,29.27,29.335,67119.0
2026-08-18,2026-08-18 15:05:00,29.34,29.36,29.315,29.315,21060.0
2026-08-18,2026-08-18 15:10:00,29.315,29.4,29.23,29.35,77431.0
2026-08-18,2026-08-18 15:15:00,29.36,29.42,29.2,29.36,378677.0
2026-08-18,2026-08-18 15:20:00,29.37,29.395,29.3,29.34,30815.0
2026-08-18,2026-08-18 15:25:00,29.35,29.4,29.3,29.4,23887.0
2026-08-18,2026-08-18 15:30:00,29.395,29.395,29.24,29.32,24120.0
2026-08-18,2026-08-18 15:35:00,29.34,29.42,29.315,29.315,31668.0
2026-08-18,2026-08-18 15:40:00,29.3,29.31,29.2,29.25,33262.0
2026-08-18,2026-08-18 15:45:00,29.26,29.26,29.12,29.15,36489.0
2026-08-18,2026-08-18 15:50:00,29.15,29.21,29.04,29.06,42803.0
2026-08-18,2026-08-18 15:55:00,29.055,29.22,29.015,29.18,90740.0
2026-08-18,2026-08-18 16:00:00,29.17,29.205,29.03,29.12,522024.0
2026-08-19,2026-08-19 09:35:00,28.73,29.87,28.73,29.685,45352.0
2026-08-19,2026-08-19 09:40:00,29.685,29.87,29.61,29.7493,10765.0
2026-08-19,2026-08-19 09:45:00,29.9,29.99,29.79,29.84,11848.0
2026-08-19,2026-08-19 09:50:00,29.76,29.9,29.595,29.84,26770.0
2026-08-19,2026-08-19 09:55:00,29.85,29.87,29.66,29.77,13509.0
2026-08-19,2026-08-19 10:00:00,29.82,29.8888,29.725,29.815,2997.0
2026-08-19,2026-08-19 10:05:00,29.825,29.94,29.75,29.865,5465.0
2026-08-19,2026-08-19 10:10:00,29.92,30.03,29.84,29.99,38202.0
2026-08-19,2026-08-19 10:15:00,30.01,30.28,30.01,30.1675,81052.0
2026-08-19,2026-08-19 10:20:00,30.17,30.4,30.17,30.31,16377.0
2026-08-19,2026-08-19 10:25:00,30.3,30.3,30.22,30.295,6348.0
2026-08-19,2026-08-19 10:30:00,30.24,30.35,30.24,30.29,5269.0
2026-08-19,2026-08-19 10:35:00,30.32,30.37,30.31,30.36,12894.0
2026-08-19,2026-08-19 10:40:00,30.32,30.46,30.31,30.325,9235.0
2026-08-19,2026-08-19 10:45:00,30.42,30.44,30.38,30.39,5761.0
2026-08-19,2026-08-19 10:50:00,30.39,30.525,30.35,30.505,14479.0
2026-08-19,2026-08-19 10:55:00,30.53,30.645,30.44,30.62,33728.0
2026-08-19,2026-08-19 11:00:00,30.62,30.63,30.55,30.57,8712.0
2026-08-19,2026-08-19 11:05:00,30.6,30.7,30.55,30.56,19348.0
2026-08-19,2026-08-19 11:10:00,30.5337,30.575,30.49,30.555,15414.0
2026-08-19,2026-08-19 11:15:00,30.58,30.615,30.49,30.49,8421.0
2026-08-19,2026-08-19 11:20:00,30.465,30.57,30.45,30.57,9314.0
2026-08-19,2026-08-19 11:25:00,30.58,30.61,30.51,30.5875,6938.0
2026-08-19,2026-08-19 11:30:00,30.58,30.58,30.4571,30.48,10746.0
2026-08-19,2026-08-19 11:35:00,30.515,30.52,30.47,30.47,11131.0
2026-08-19,2026-08-19 11:40:00,30.44,30.44,30.32,30.355,12531.0
2026-08-19,2026-08-19 11:45:00,30.35,30.44,30.35,30.42,10546.0
2026-08-19,2026-08-19 11:50:00,30.41,30.485,30.41,30.485,3345.0
2026-08-19,2026-08-19 11:55:00,30.495,30.62,30.495,30.58,21885.0
2026-08-19,2026-08-19 12:00:00,30.6,30.62,30.55,30.55,12312.0
2026-08-19,2026-08-19 12:05:00,30.55,30.59,30.535,30.54,7634.0
2026-08-19,2026-08-19 12:10:00,30.57,30.58,30.35,30.35,9102.0
2026-08-19,2026-08-19 12:15:00,30.36,30.41,30.335,30.41,5732.0
2026-08-19,2026-08-19 12:20:00,30.41,30.45,30.41,30.45,7875.0
2026-08-19,2026-08-19 12:25:00,30.445,30.475,30.41,30.43,8982.0
2026-08-19,2026-08-19 12:30:00,30.42,30.47,30.2459,30.255,33798.0
2026-08-19,2026-08-19 12:35:00,30.255,30.29,30.2,30.22,10751.0
2026-08-19,2026-08-19 12:40:00,30.22,30.235,30.13,30.14,17839.0
2026-08-19,2026-08-19 12:45:00,30.115,30.23,30.06,30.22,7773.0
2026-08-19,2026-08-19 12:50:00,30.22,30.22,30.18,30.2,6860.0
2026-08-19,2026-08-19 12:55:00,30.18,30.195,30.12,30.15,8525.0
2026-08-19,2026-08-19 13:00:00,30.155,30.19,30.15,30.18,6035.0
2026-08-19,2026-08-19 13:05:00,30.195,30.24,30.125,30.13,8505.0
2026-08-19,2026-08-19 13:10:00,30.135,30.33,30.135,30.33,19445.0
2026-08-19,2026-08-19 13:15:00,30.33,30.33,30.2825,30.3,8530.0
2026-08-19,2026-08-19 13:20:00,30.28,30.28,30.1925,30.1925,7322.0
2026-08-19,2026-08-19 13:25:00,30.22,30.22,30.18,30.185,4922.0
2026-08-19,2026-08-19 13:30:00,30.18,30.25,30.18,30.215,7232.0
2026-08-19,2026-08-19 13:35:00,30.23,30.26,30.21,30.25,6936.0
2026-08-19,2026-08-19 13:40:00,30.26,30.3,30.2001,30.22,15408.0
2026-08-19,2026-08-19 13:45:00,30.22,30.305,30.22,30.305,6076.0
2026-08-19,2026-08-19 13:50:00,30.31,30.3249,30.2,30.27,7738.0
2026-08-19,2026-08-19 13:55:00,30.28,30.45,30.28,30.425,19656.0
2026-08-19,2026-08-19 14:00:00,30.425,30.43,30.3975,30.42,5568.0
2026-08-19,2026-08-19 14:05:00,30.42,30.43,30.39,30.39,4947.0
2026-08-19,2026-08-19 14:10:00,30.38,30.5,30.38,30.47,29499.0
2026-08-19,2026-08-19 14:15:00,30.495,30.52,30.395,30.445,15691.0
2026-08-19,2026-08-19 14:20:00,30.45,30.54,30.45,30.51,6097.0
2026-08-19,2026-08-19 14:25:00,30.49,30.61,30.49,30.52,27030.0
2026-08-19,2026-08-19 14:30:00,30.525,30.63,30.525,30.585,10542.0
2026-08-19,2026-08-19 14:35:00,30.6,30.6,30.53,30.56,19520.0
2026-08-19,2026-08-19 14:40:00,30.59,30.73,30.55,30.69,203616.0
2026-08-19,2026-08-19 14:45:00,30.68,30.69,30.65,30.67,11671.0
2026-08-19,2026-08-19 14:50:00,30.69,30.76,30.66,30.73,30228.0
2026-08-19,2026-08-19 14:55:00,30.72,30.76,30.715,30.725,11831.0
2026-08-19,2026-08-19 15:00:00,30.75,30.77,30.72,30.725,14951.0
2026-08-19,2026-08-19 15:05:00,30.7158,30.79,30.71,30.76,11774.0
2026-08-19,2026-08-19 15:10:00,30.76,30.76,30.71,30.72,15391.0
2026-08-19,2026-08-19 15:15:00,30.71,30.785,30.71,30.765,24682.0
2026-08-19,2026-08-19 15:20:00,30.75,30.79,30.73,30.73,16170.0
2026-08-19,2026-08-19 15:25:00,30.73,30.74,30.505,30.52,37427.0
2026-08-19,2026-08-19 15:30:00,30.52,30.57,30.485,30.53,43689.0
2026-08-19,2026-08-19 15:35:00,30.52,30.6,30.4,30.55,160490.0
2026-08-19,2026-08-19 15:40:00,30.545,30.59,30.43,30.49,210055.0
2026-08-19,2026-08-19 15:45:00,30.49,30.6,30.43,30.58,75069.0
2026-08-19,2026-08-19 15:50:00,30.55,30.555,30.39,30.45,40266.0
2026-08-19,2026-08-19 15:55:00,30.44,30.6,30.35,30.59,126668.0
2026-08-19,2026-08-19 16:00:00,30.595,30.72,30.52,30.65,374459.0
2026-08-20,2026-08-20 09:35:00,30.7,30.91,30.58,30.58,29996.0
2026-08-20,2026-08-20 09:40:00,30.5,30.58,30.3263,30.335,8304.0
2026-08-20,2026-08-20 09:45:00,30.325,30.61903,30.17,30.61903,5161.0
2026-08-20,2026-08-20 09:50:00,30.7,30.89,30.675,30.87,6476.0
2026-08-20,2026-08-20 09:55:00,30.9,30.91,30.65,30.7,9229.0
2026-08-20,2026-08-20 10:00:00,30.65,30.78,30.54,30.63,12544.0
2026-08-20,2026-08-20 10:05:00,30.67,30.715,30.53,30.56,9182.0
2026-08-20,2026-08-20 10:10:00,30.53,30.66,30.43,30.6,31010.0
2026-08-20,2026-08-20 10:15:00,30.595,30.75,30.55,30.73,34147.0
2026-08-20,2026-08-20 10:20:00,30.77,30.9,30.755,30.8848,25390.0
2026-08-20,2026-08-20 10:25:00,30.87,30.88,30.72,30.83,56005.0
2026-08-20,2026-08-20 10:30:00,30.83,30.885,30.8,30.855,9663.0
2026-08-20,2026-08-20 10:35:00,30.855,30.93,30.745,30.76,8155.0
2026-08-20,2026-08-20 10:40:00,30.8,30.82,30.75,30.775,5521.0
2026-08-20,2026-08-20 10:45:00,30.76,30.8,30.68,30.75,218345.0
2026-08-20,2026-08-20 10:50:00,30.75,30.82,30.725,30.81,21301.0
2026-08-20,2026-08-20 10:55:00,30.83,30.94,30.785,30.91,28813.0
2026-08-20,2026-08-20 11:00:00,30.91,30.92,30.8,30.92,8074.0
2026-08-20,2026-08-20 11:05:00,30.91,31.04,30.91,31.025,26468.0
2026-08-20,2026-08-20 11:10:00,31.01,31.1,30.925,31.017,39447.0
2026-08-20,2026-08-20 11:15:00,31.025,31.12,31.01,31.1,49304.0
2026-08-20,2026-08-20 11:20:00,31.1,31.1,30.98,31.02,14081.0
2026-08-20,2026-08-20 11:25:00,31.01,31.095,30.925,31.04,82722.0
2026-08-20,2026-08-20 11:30:00,31.02,31.3,31.0,31.175,185684.0
2026-08-20,2026-08-20 11:35:00,31.175,31.21,31.08,31.18,21516.0
2026-08-20,2026-08-20 11:40:00,31.18,31.24,31.125,31.2,16163.0
2026-08-20,2026-08-20 11:45:00,31.225,31.26,31.15,31.26,18506.0
2026-08-20,2026-08-20 11:50:00,31.24,31.24,31.1,31.11,17463.0
2026-08-20,2026-08-20 11:55:00,31.115,31.19,31.1,31.19,7051.0
2026-08-20,2026-08-20 12:00:00,31.18,31.22,31.18,31.22,9839.0
2026-08-20,2026-08-20 12:05:00,31.21,31.22,31.07,31.11,59007.0
2026-08-20,2026-08-20 12:10:00,31.105,31.19,31.095,31.18,10180.0
2026-08-20,2026-08-20 12:15:00,31.18,31.18,31.08,31.11,25370.0
2026-08-20,2026-08-20 12:20:00,31.11,31.1372,31.085,31.085,7370.0
2026-08-20,2026-08-20 12:25:00,31.065,31.09,31.02,31.03,15032.0
2026-08-20,2026-08-20 12:30:00,31.05,31.08,31.04,31.065,7185.0
2026-08-20,2026-08-20 12:35:00,31.08,31.09,31.02,31.06,8483.0
2026-08-20,2026-08-20 12:40:00,31.04,31.06,30.995,30.995,5413.0
2026-08-20,2026-08-20 12:45:00,30.98,31.05,30.92,31.04,14665.0
2026-08-20,2026-08-20 12:50:00,31.03,31.04,30.965,30.97,14245.0
2026-08-20,2026-08-20 12:55:00,30.95,30.99,30.94,30.97,5572.0
2026-08-20,2026-08-20 13:00:00,30.97,30.99,30.945,30.96,8262.0
2026-08-20,2026-08-20 13:05:00,30.94,30.94,30.885,30.885,15969.0
2026-08-20,2026-08-20 13:10:00,30.89,30.8968,30.8512,30.88,8080.0
2026-08-20,2026-08-20 13:15:00,30.87,30.87,30.78,30.81,9419.0
2026-08-20,2026-08-20 13:20:00,30.8275,30.95,30.8275,30.875,42805.0
2026-08-20,2026-08-20 13:25:00,30.89,30.93,30.88,30.905,86806.0
2026-08-20,2026-08-20 13:30:00,30.901,30.91,30.855,30.885,253572.0
2026-08-20,2026-08-20 13:35:00,30.88,30.88,30.79,30.835,16285.0
2026-08-20,2026-08-20 13:40:00,30.85,30.87,30.82,30.84,5781.0
2026-08-20,2026-08-20 13:45:00,30.82,30.82,30.74,30.78,18923.0
2026-08-20,2026-08-20 13:50:00,30.78,30.95,30.78,30.805,57201.0
2026-08-20,2026-08-20 13:55:00,30.785,30.85,30.675,30.8,112512.0
2026-08-20,2026-08-20 14:00:00,30.804,30.98,30.79,30.97,84319.0
2026-08-20,2026-08-20 14:05:00,30.96,31.02,30.95,31.02,37754.0
2026-08-20,2026-08-20 14:10:00,31.025,31.16,30.995,31.11,192594.0
2026-08-20,2026-08-20 14:15:00,31.11,31.15,31.11,31.11,10084.0
2026-08-20,2026-08-20 14:20:00,31.12,31.12,31.02,31.02,15307.0
2026-08-20,2026-08-20 14:25:00,31.03,31.035,30.99,31.01,27662.0
2026-08-20,2026-08-20 14:30:00,31.01,31.11,30.99,31.1,32187.0
2026-08-20,2026-08-20 14:35:00,31.085,31.085,31.0,31.025,11033.0
2026-08-20,2026-08-20 14:40:00,31.03,31.06,30.94,30.98,114564.0
2026-08-20,2026-08-20 14:45:00,30.965,31.02,30.87,31.01,270985.0
2026-08-20,2026-08-20 14:50:00,31.01,31.085,30.99,31.055,13756.0
2026-08-20,2026-08-20 14:55:00,31.055,31.21,31.055,31.155,33053.0
2026-08-20,2026-08-20 15:00:00,31.16,31.175,31.14,31.17,9986.0
2026-08-20,2026-08-20 15:05:00,31.17,31.2,31.1,31.15,16189.0
2026-08-20,2026-08-20 15:10:00,31.1201,31.15,31.1,31.1,12391.0
2026-08-20,2026-08-20 15:15:00,31.09,31.215,31.08,31.2,65242.0
2026-08-20,2026-08-20 15:20:00,31.205,31.21,30.84,30.88,36073.0
2026-08-20,2026-08-20 15:25:00,30.87,30.92,30.77,30.92,39567.0
2026-08-20,2026-08-20 15:30:00,30.93,31.01,30.91,30.91,609105.0
2026-08-20,2026-08-20 15:35:00,30.93,30.99,30.81,30.845,36565.0
2026-08-20,2026-08-20 15:40:00,30.84,30.84,30.7,30.76,42065.0
2026-08-20,2026-08-20 15:45:00,30.775,30.8,30.72,30.78,40015.0
2026-08-20,2026-08-20 15:50:00,30.78,30.81,30.755,30.8,33181.0
2026-08-20,2026-08-20 15:55:00,30.8,30.804,30.66,30.76,102312.0
2026-08-20,2026-08-20 16:00:00,30.755,30.81,30.63,30.71,429997.0
2026-08-21,2026-08-21 09:35:00,30.54,30.64,30.4124,30.606,41334.0
2026-08-21,2026-08-21 09:40:00,30.6,30.605,30.4,30.415,14080.0
2026-08-21,2026-08-21 09:45:00,30.4,30.4,30.11,30.23,23632.0
2026-08-21,2026-08-21 09:50:00,30.16,30.16,29.9,29.97,18166.0
2026-08-21,2026-08-21 09:55:00,30.02,30.405,29.8912,30.405,12204.0
2026-08-21,2026-08-21 10:00:00,30.45,30.47,30.34,30.35,6218.0
2026-08-21,2026-08-21 10:05:00,30.37,30.53,30.325,30.5,17530.0
2026-08-21,2026-08-21 10:10:00,30.535,30.59,30.5,30.52,8142.0
2026-08-21,2026-08-21 10:15:00,30.5,30.71,30.4963,30.55,25100.0
2026-08-21,2026-08-21 10:20:00,30.55,30.615,30.51,30.6,10433.0
2026-08-21,2026-08-21 10:25:00,30.52,30.64,30.42,30.64,35143.0
2026-08-21,2026-08-21 10:30:00,30.68,30.81,30.68,30.735,31062.0
2026-08-21,2026-08-21 10:35:00,30.73,30.795,30.45,30.605,19080.0
2026-08-21,2026-08-21 10:40:00,30.6,30.885,30.6,30.875,15768.0
2026-08-21,2026-08-21 10:45:00,30.88,30.9,30.7,30.86,25878.0
2026-08-21,2026-08-21 10:50:00,30.86,30.9,30.815,30.815,10980.0
2026-08-21,2026-08-21 10:55:00,30.8,31.0399,30.78,31.0399,22868.0
2026-08-21,2026-08-21 11:00:00,31.0125,31.165,31.0125,31.125,31576.0
2026-08-21,2026-08-21 11:05:00,31.125,31.18,31.03,31.05,22002.0
2026-08-21,2026-08-21 11:10:00,31.06,31.12,31.01,31.08,19178.0
2026-08-21,2026-08-21 11:15:00,31.06,31.11,30.93,31.075,106953.0
2026-08-21,2026-08-21 11:20:00,31.1,31.24,31.1,31.13,23022.0
2026-08-21,2026-08-21 11:25:00,31.155,31.245,31.13,31.245,15919.0
2026-08-21,2026-08-21 11:30:00,31.27,31.345,31.26,31.345,10840.0
2026-08-21,2026-08-21 11:35:00,31.32,31.34,31.22,31.24,13156.0
2026-08-21,2026-08-21 11:40:00,31.255,31.305,31.24,31.295,20327.0
2026-08-21,2026-08-21 11:45:00,31.27,31.3,31.26,31.3,4271.0
2026-08-21,2026-08-21 11:50:00,31.3,31.37,31.295,31.34,16647.0
2026-08-21,2026-08-21 11:55:00,31.305,31.37,31.25,31.3,9803.0
2026-08-21,2026-08-21 12:00:00,31.27,31.345,31.23,31.29,46098.0
2026-08-21,2026-08-21 12:05:00,31.295,31.41,31.25,31.35,37061.0
2026-08-21,2026-08-21 12:10:00,31.37,31.37,31.33,31.335,6905.0
2026-08-21,2026-08-21 12:15:00,31.34,31.405,31.34,31.36,28759.0
2026-08-21,2026-08-21 12:20:00,31.365,31.43,31.26,31.26,13859.0
2026-08-21,2026-08-21 12:25:00,31.24,31.24,31.17,31.17,19489.0
2026-08-21,2026-08-21 12:30:00,31.17,31.17,31.01,31.12,67949.0
2026-08-21,2026-08-21 12:35:00,31.1,31.14,31.07,31.11,13599.0
2026-08-21,2026-08-21 12:40:00,31.12,31.155,31.1001,31.12,10215.0
2026-08-21,2026-08-21 12:45:00,31.109,31.25,31.1,31.185,78369.0
2026-08-21,2026-08-21 12:50:00,31.18,31.25,31.15,31.21,58537.0
2026-08-21,2026-08-21 12:55:00,31.21,31.22,31.1,31.17,278786.0
2026-08-21,2026-08-21 13:00:00,31.17,31.36,31.17,31.335,42731.0
2026-08-21,2026-08-21 13:05:00,31.395,31.395,31.31,31.35,7297.0
2026-08-21,2026-08-21 13:10:00,31.36,31.365,31.26,31.27,10977.0
2026-08-21,2026-08-21 13:15:00,31.24,31.3,31.24,31.27,6457.0
2026-08-21,2026-08-21 13:20:00,31.27,31.29,31.25,31.2875,9400.0
2026-08-21,2026-08-21 13:25:00,31.27,31.29,31.24,31.26,11795.0
2026-08-21,2026-08-21 13:30:00,31.26,31.28,31.185,31.185,8364.0
2026-08-21,2026-08-21 13:35:00,31.185,31.19,31.13,31.15,12850.0
2026-08-21,2026-08-21 13:40:00,31.15,31.3,31.1375,31.21,61027.0
2026-08-21,2026-08-21 13:45:00,31.205,31.205,31.09,31.16,27446.0
2026-08-21,2026-08-21 13:50:00,31.15,31.16,31.1,31.12,8647.0
2026-08-21,2026-08-21 13:55:00,31.13,31.1848,31.08,31.12,77242.0
2026-08-21,2026-08-21 14:00:00,31.12,31.29,31.12,31.14,150070.0
2026-08-21,2026-08-21 14:05:00,31.15,31.24,31.04,31.23,282246.0
2026-08-21,2026-08-21 14:10:00,31.21,31.22,31.12,31.16,22508.0
2026-08-21,2026-08-21 14:15:00,31.15,31.175,31.13,31.14,10963.0
2026-08-21,2026-08-21 14:20:00,31.135,31.25,31.09,31.21,56336.0
2026-08-21,2026-08-21 14:25:00,31.19,31.19,31.08,31.115,5930.0
2026-08-21,2026-08-21 14:30:00,31.12,31.2,31.1,31.2,17285.0
2026-08-21,2026-08-21 14:35:00,31.18,31.21,31.17,31.21,21838.0
2026-08-21,2026-08-21 14:40:00,31.2,31.205,31.155,31.2,7468.0
2026-08-21,2026-08-21 14:45:00,31.185,31.26,31.18,31.22,11806.0
2026-08-21,2026-08-21 14:50:00,31.22,31.24,31.21,31.22,9910.0
2026-08-21,2026-08-21 14:55:00,31.23,31.23,31.19,31.23,12312.0
2026-08-21,2026-08-21 15:00:00,31.23,31.235,31.16,31.17,15175.0
2026-08-21,2026-08-21 15:05:00,31.175,31.225,31.16,31.18,69640.0
2026-08-21,2026-08-21 15:10:00,31.18,31.19,31.11,31.13,24544.0
2026-08-21,2026-08-21 15:15:00,31.15,31.19,31.14,31.185,15638.0
2026-08-21,2026-08-21 15:20:00,31.18,31.18,31.08,31.13,17130.0
2026-08-21,2026-08-21 15:25:00,31.135,31.15,31.015,31.04,35922.0
2026-08-21,2026-08-21 15:30:00,31.06,31.07,31.0,31.03,15997.0
2026-08-21,2026-08-21 15:35:00,31.02,31.02,30.73,30.755,93007.0
2026-08-21,2026-08-21 15:40:00,30.74,31.1,30.74,31.04,78952.0
2026-08-21,2026-08-21 15:45:00,31.045,31.0901,31.02,31.06,43458.0
2026-08-21,2026-08-21 15:50:00,31.06,31.28,31.03,31.23,89457.0
2026-08-21,2026-08-21 15:55:00,31.22,31.22,31.0,31.19,73645.0
2026-08-21,2026-08-21 16:00:00,31.14,31.16,31.01,31.06,494436.0
2026-08-24,2026-08-24 09:35:00,30.7,30.951,30.7,30.915,17965.0
2026-08-24,2026-08-24 09:40:00,30.895,31.025,30.71,30.995,14905.0
2026-08-24,2026-08-24 09:45:00,31.04,31.29,30.96,30.96,6956.0
2026-08-24,2026-08-24 09:50:00,30.76,31.37,30.72,31.25,33319.0
2026-08-24,2026-08-24 09:55:00,31.24,31.48,31.24,31.4017,12801.0
2026-08-24,2026-08-24 10:00:00,31.435,31.67,31.365,31.445,25535.0
2026-08-24,2026-08-24 10:05:00,31.5,31.6921,31.5,31.64,9164.0
2026-08-24,2026-08-24 10:10:00,31.66,31.78,31.3629,31.3629,26250.0
2026-08-24,2026-08-24 10:15:00,31.46,31.52,31.37,31.43,18646.0
2026-08-24,2026-08-24 10:20:00,31.41,31.65,31.365,31.545,78721.0
2026-08-24,2026-08-24 10:25:00,31.5,31.67,31.4601,31.61,34986.0
2026-08-24,2026-08-24 10:30:00,31.575,31.63,31.55,31.6,10674.0
2026-08-24,2026-08-24 10:35:00,31.57,31.65,31.55,31.64,31506.0
2026-08-24,2026-08-24 10:40:00,31.6564,31.84,31.64,31.81,61955.0
2026-08-24,2026-08-24 10:45:00,31.815,31.855,31.75,31.78,9037.0
2026-08-24,2026-08-24 10:50:00,31.77,31.77,31.585,31.585,17707.0
2026-08-24,2026-08-24 10:55:00,31.62,31.66,31.45,31.55,26039.0
2026-08-24,2026-08-24 11:00:00,31.51,31.7,31.47,31.7,13263.0
2026-08-24,2026-08-24 11:05:00,31.7,31.73,31.55,31.55,11339.0
2026-08-24,2026-08-24 11:10:00,31.56,31.665,31.56,31.665,9410.0
2026-08-24,2026-08-24 11:15:00,31.64,31.64,31.5,31.505,14081.0
2026-08-24,2026-08-24 11:20:00,31.505,31.68,31.495,31.68,12443.0
2026-08-24,2026-08-24 11:25:00,31.66,31.66,31.55,31.55,11901.0
2026-08-24,2026-08-24 11:30:00,31.57,31.58,31.48,31.58,19993.0
2026-08-24,2026-08-24 11:35:00,31.56,31.565,31.42,31.48,37523.0
2026-08-24,2026-08-24 11:40:00,31.485,31.53,31.28,31.35,522002.0
2026-08-24,2026-08-24 11:45:00,31.335,31.45,31.18,31.345,80518.0
2026-08-24,2026-08-24 11:50:00,31.345,31.5,31.3437,31.42,42762.0
2026-08-24,2026-08-24 11:55:00,31.425,31.53,31.425,31.49,23325.0
2026-08-24,2026-08-24 12:00:00,31.5,31.54,31.45,31.455,9761.0
2026-08-24,2026-08-24 12:05:00,31.455,31.65,31.455,31.62,11826.0
2026-08-24,2026-08-24 12:10:00,31.62,31.62,31.48,31.51,9493.0
2026-08-24,2026-08-24 12:15:00,31.53,31.57,31.48,31.49,8520.0
2026-08-24,2026-08-24 12:20:00,31.5071,31.52,31.44,31.52,11755.0
2026-08-24,2026-08-24 12:25:00,31.51,31.52,31.42,31.475,17530.0
2026-08-24,2026-08-24 12:30:00,31.46,31.52,31.44,31.49,10010.0
2026-08-24,2026-08-24 12:35:00,31.495,31.6,31.48,31.5175,37146.0
2026-08-24,2026-08-24 12:40:00,31.515,31.52,31.41,31.41,32827.0
2026-08-24,2026-08-24 12:45:00,31.43,31.49,31.4,31.48,9527.0
2026-08-24,2026-08-24 12:50:00,31.49,31.49,31.41,31.41,33193.0
2026-08-24,2026-08-24 12:55:00,31.405,31.44,31.39,31.43,9883.0
2026-08-24,2026-08-24 13:00:00,31.435,31.55,31.39,31.5,38777.0
2026-08-24,2026-08-24 13:05:00,31.48,31.49,31.445,31.445,9461.0
2026-08-24,2026-08-24 13:10:00,31.45,31.515,31.44,31.49,45639.0
2026-08-24,2026-08-24 13:15:00,31.49,31.61,31.49,31.51,50910.0
2026-08-24,2026-08-24 13:20:00,31.525,31.61,31.525,31.6,12440.0
2026-08-24,2026-08-24 13:25:00,31.605,31.73,31.605,31.645,77142.0
2026-08-24,2026-08-24 13:30:00,31.645,31.665,31.585,31.59,6944.0
2026-08-24,2026-08-24 13:35:00,31.58,31.62,31.555,31.58,9560.0
2026-08-24,2026-08-24 13:40:00,31.57,31.57,31.47,31.49,9630.0
2026-08-24,2026-08-24 13:45:00,31.47,31.5,31.46,31.47,8798.0
2026-08-24,2026-08-24 13:50:00,31.45,31.55,31.45,31.52,24260.0
2026-08-24,2026-08-24 13:55:00,31.53,31.55,31.5,31.54,91974.0
2026-08-24,2026-08-24 14:00:00,31.54,31.54,31.445,31.51,1286391.0
2026-08-24,2026-08-24 14:05:00,31.5,31.65,31.495,31.645,28118.0
2026-08-24,2026-08-24 14:10:00,31.645,31.665,31.6,31.615,18851.0
2026-08-24,2026-08-24 14:15:00,31.59,31.72,31.56,31.665,22935.0
2026-08-24,2026-08-24 14:20:00,31.67,31.68,31.61,31.64,15152.0
2026-08-24,2026-08-24 14:25:00,31.615,31.73,31.59,31.73,10757.0
2026-08-24,2026-08-24 14:30:00,31.71,31.84,31.71,31.84,12261.0
2026-08-24,2026-08-24 14:35:00,31.84,31.84,31.67,31.67,11059.0
2026-08-24,2026-08-24 14:40:00,31.68,31.706,31.64,31.66,14316.0
2026-08-24,2026-08-24 14:45:00,31.65,31.68,31.5501,31.68,20401.0
2026-08-24,2026-08-24 14:50:00,31.676,31.731,31.676,31.73,13488.0
2026-08-24,2026-08-24 14:55:00,31.73,31.745,31.68,31.72,10221.0
2026-08-24,2026-08-24 15:00:00,31.7,31.72,31.65,31.71,11467.0
2026-08-24,2026-08-24 15:05:00,31.715,31.74,31.69,31.69,11882.0
2026-08-24,2026-08-24 15:10:00,31.7,31.74,31.67,31.7,17031.0
2026-08-24,2026-08-24 15:15:00,31.71,31.775,31.695,31.75,25077.0
2026-08-24,2026-08-24 15:20:00,31.74,31.79,31.7,31.755,13765.0
2026-08-24,2026-08-24 15:25:00,31.755,31.77,31.69,31.75,41331.0
2026-08-24,2026-08-24 15:30:00,31.755,31.8,31.74,31.765,24186.0
2026-08-24,2026-08-24 15:35:00,31.78,31.9,31.71,31.795,72225.0
2026-08-24,2026-08-24 15:40:00,31.795,31.825,31.77,31.78,41745.0
2026-08-24,2026-08-24 15:45:00,31.78,31.85,31.73,31.73,74221.0
2026-08-24,2026-08-24 15:50:00,31.75,31.85,31.68,31.735,75617.0
2026-08-24,2026-08-24 15:55:00,31.74,31.9,31.71,31.81,96725.0
2026-08-24,2026-08-24 16:00:00,31.82,31.82,31.425,31.44,436682.0
2026-08-25,2026-08-25 09:35:00,30.69,31.14,30.69,30.8,28494.0
2026-08-25,2026-08-25 09:40:00,30.64,31.38,30.63,31.38,25416.0
2026-08-25,2026-08-25 09:45:00,31.44,31.71,31.44,31.66,25984.0
2026-08-25,2026-08-25 09:50:00,31.7,31.85,31.55,31.635,16503.0
2026-08-25,2026-08-25 09:55:00,31.7,31.7,31.27,31.4575,8636.0
2026-08-25,2026-08-25 10:00:00,31.46,31.46,31.1501,31.27,15140.0
2026-08-25,2026-08-25 10:05:00,31.215,31.4,31.18,31.39,21656.0
2026-08-25,2026-08-25 10:10:00,31.41,31.41,31.12,31.17,23119.0
2026-08-25,2026-08-25 10:15:00,31.18,31.59,31.18,31.42,45152.0
2026-08-25,2026-08-25 10:20:00,31.3944,31.42,31.24,31.34,14675.0
2026-08-25,2026-08-25 10:25:00,31.375,31.39,31.27,31.335,30212.0
2026-08-25,2026-08-25 10:30:00,31.31,31.36,31.13,31.13,10956.0
2026-08-25,2026-08-25 10:35:00,31.0871,31.225,31.03,31.205,13772.0
2026-08-25,2026-08-25 10:40:00,31.205,31.31,31.205,31.29,11221.0
2026-08-25,2026-08-25 10:45:00,31.31,31.315,31.19,31.22,7053.0
2026-08-25,2026-08-25 10:50:00,31.245,31.245,30.96,31.195,79476.0
2026-08-25,2026-08-25 10:55:00,31.195,31.22,31.14,31.185,8173.0
2026-08-25,2026-08-25 11:00:00,31.16,31.28,31.16,31.27,5055.0
2026-08-25,2026-08-25 11:05:00,31.27,31.27,31.12,31.12,8490.0
2026-08-25,2026-08-25 11:10:00,31.14,31.23,31.12,31.22,4806.0
2026-08-25,2026-08-25 11:15:00,31.22,31.38,31.22,31.37,20691.0
2026-08-25,2026-08-25 11:20:00,31.36,31.38,31.33,31.34,5589.0
2026-08-25,2026-08-25 11:25:00,31.33,31.38,31.32,31.38,5490.0
2026-08-25,2026-08-25 11:30:00,31.4,31.43,31.345,31.39,8754.0
2026-08-25,2026-08-25 11:35:00,31.39,31.45,31.36,31.41,22119.0
2026-08-25,2026-08-25 11:40:00,31.41,31.52,31.41,31.52,9169.0
2026-08-25,2026-08-25 11:45:00,31.51,31.5174,31.46,31.515,10160.0
2026-08-25,2026-08-25 11:50:00,31.5,31.54,31.375,31.375,4961.0
2026-08-25,2026-08-25 11:55:00,31.38,31.405,31.33,31.35,8195.0
2026-08-25,2026-08-25 12:00:00,31.335,31.34,31.16,31.17,5770.0
2026-08-25,2026-08-25 12:05:00,31.16,31.28,31.16,31.26,9024.0
2026-08-25,2026-08-25 12:10:00,31.24,31.245,30.93,30.93,65869.0
2026-08-25,2026-08-25 12:15:00,30.92,30.95,30.85,30.88,11167.0
2026-08-25,2026-08-25 12:20:00,30.88,30.938,30.86,30.87,8985.0
2026-08-25,2026-08-25 12:25:00,30.84,30.88,30.72,30.8,30100.0
2026-08-25,2026-08-25 12:30:00,30.825,30.825,30.77,30.77,4490.0
2026-08-25,2026-08-25 12:35:00,30.77,30.82,30.74,30.78,7697.0
2026-08-25,2026-08-25 12:40:00,30.77,31.0,30.71,30.905,78884.0
2026-08-25,2026-08-25 12:45:00,30.92,30.95,30.84,30.89,5389.0
2026-08-25,2026-08-25 12:50:00,30.89,30.89,30.82,30.82,10943.0
2026-08-25,2026-08-25 12:55:00,30.815,30.86,30.73,30.74,11171.0
2026-08-25,2026-08-25 13:00:00,30.76,30.82,30.74,30.765,10054.0
2026-08-25,2026-08-25 13:05:00,30.765,30.765,30.715,30.74,6771.0
2026-08-25,2026-08-25 13:10:00,30.74,30.8,30.74,30.775,7110.0
2026-08-25,2026-08-25 13:15:00,30.79,30.79,30.73,30.7301,8288.0
2026-08-25,2026-08-25 13:20:00,30.74,30.78,30.74,30.765,13326.0
2026-08-25,2026-08-25 13:25:00,30.765,30.765,30.69,30.74,36006.0
2026-08-25,2026-08-25 13:30:00,30.745,30.76,30.675,30.745,39266.0
2026-08-25,2026-08-25 13:35:00,30.74,30.76,30.73,30.73,9593.0
2026-08-25,2026-08-25 13:40:00,30.73,30.76,30.68,30.68,24456.0
2026-08-25,2026-08-25 13:45:00,30.68,30.755,30.68,30.69,11746.0
2026-08-25,2026-08-25 13:50:00,30.71,30.745,30.66,30.66,6083.0
2026-08-25,2026-08-25 13:55:00,30.665,30.7,30.62,30.6305,9385.0
2026-08-25,2026-08-25 14:00:00,30.62,30.66,30.6,30.66,6864.0
2026-08-25,2026-08-25 14:05:00,30.65,30.665,30.64,30.64,5647.0
2026-08-25,2026-08-25 14:10:00,30.63,30.65,30.62,30.64,14186.0
2026-08-25,2026-08-25 14:15:00,30.66,30.74,30.66,30.685,7165.0
2026-08-25,2026-08-25 14:20:00,30.68,30.68,30.62,30.68,6686.0
2026-08-25,2026-08-25 14:25:00,30.68,30.71,30.5705,30.605,14393.0
2026-08-25,2026-08-25 14:30:00,30.59,30.61,30.56,30.605,13556.0
2026-08-25,2026-08-25 14:35:00,30.59,30.6,30.56,30.57,8062.0
2026-08-25,2026-08-25 14:40:00,30.57,30.57,30.51,30.56,16313.0
2026-08-25,2026-08-25 14:45:00,30.5501,30.6,30.5501,30.585,7141.0
2026-08-25,2026-08-25 14:50:00,30.61,30.63,30.5723,30.62,11775.0
2026-08-25,2026-08-25 14:55:00,30.63,30.6903,30.63,30.67,7434.0
2026-08-25,2026-08-25 15:00:00,30.67,30.69,30.65,30.665,10660.0
2026-08-25,2026-08-25 15:05:00,30.68,30.72,30.67,30.685,19704.0
2026-08-25,2026-08-25 15:10:00,30.69,30.73,30.67,30.67,12744.0
2026-08-25,2026-08-25 15:15:00,30.67,30.73,30.655,30.72,34067.0
2026-08-25,2026-08-25 15:20:00,30.7196,30.72,30.66,30.71,11726.0
2026-08-25,2026-08-25 15:25:00,30.7,30.71,30.605,30.605,25537.0
2026-08-25,2026-08-25 15:30:00,30.596,30.62,30.505,30.52,44161.0
2026-08-25,2026-08-25 15:35:00,30.52,30.63,30.425,30.63,54566.0
2026-08-25,2026-08-25 15:40:00,30.62,30.6808,30.525,30.54,39594.0
2026-08-25,2026-08-25 15:45:00,30.55,30.57,30.415,30.415,57039.0
2026-08-25,2026-08-25 15:50:00,30.415,30.54,30.38,30.48,64036.0
2026-08-25,2026-08-25 15:55:00,30.46,30.78,30.4,30.78,56003.0
2026-08-25,2026-08-25 16:00:00,30.785,30.87,30.75,30.8,534446.0
2026-08-26,2026-08-26 09:35:00,29.95,30.5,29.72,30.43,68067.0
2026-08-26,2026-08-26 09:40:00,30.43,30.8,30.43,30.57,29386.0
2026-08-26,2026-08-26 09:45:00,30.635,30.715,30.44,30.625,9201.0
2026-08-26,2026-08-26 09:50:00,30.655,30.75,30.6126,30.72,12375.0
2026-08-26,2026-08-26 09:55:00,30.755,30.8,30.57,30.63,14729.0
2026-08-26,2026-08-26 10:00:00,30.635,30.67,30.54,30.6,15130.0
2026-08-26,2026-08-26 10:05:00,30.63,30.75,30.6,30.6,25865.0
2026-08-26,2026-08-26 10:10:00,30.5902,30.69,30.57,30.62,11174.0
2026-08-26,2026-08-26 10:15:00,30.64,30.66,30.47,30.49,29538.0
2026-08-26,2026-08-26 10:20:00,30.4601,30.77,30.4601,30.74,19745.0
2026-08-26,2026-08-26 10:25:00,30.74,30.885,30.67,30.67,8924.0
2026-08-26,2026-08-26 10:30:00,30.68,30.715,30.54,30.61,11024.0
2026-08-26,2026-08-26 10:35:00,30.6,30.66,30.54,30.635,12710.0
2026-08-26,2026-08-26 10:40:00,30.65,30.705,30.59,30.59,9348.0
2026-08-26,2026-08-26 10:45:00,30.595,30.64,30.51,30.56,9255.0
2026-08-26,2026-08-26 10:50:00,30.575,30.59,30.495,30.52,11638.0
2026-08-26,2026-08-26 10:55:00,30.53,30.615,30.48,30.61,7452.0
2026-08-26,2026-08-26 11:00:00,30.61,30.65,30.44,30.44,20534.0
2026-08-26,2026-08-26 11:05:00,30.44,30.525,30.38,30.48,48188.0
2026-08-26,2026-08-26 11:10:00,30.4715,30.54,30.44,30.49,11753.0
2026-08-26,2026-08-26 11:15:00,30.45,30.53,30.43,30.52,16804.0
2026-08-26,2026-08-26 11:20:00,30.53,30.55,30.43,30.46,18235.0
2026-08-26,2026-08-26 11:25:00,30.47,30.5,30.45,30.47,9981.0
2026-08-26,2026-08-26 11:30:00,30.49,30.49,30.42,30.44,23785.0
2026-08-26,2026-08-26 11:35:00,30.435,30.535,30.435,30.51,6693.0
2026-08-26,2026-08-26 11:40:00,30.49,30.495,30.445,30.47,11677.0
2026-08-26,2026-08-26 11:45:00,30.47,30.53,30.45,30.53,8204.0
2026-08-26,2026-08-26 11:50:00,30.54,30.58,30.515,30.515,14601.0
2026-08-26,2026-08-26 11:55:00,30.5,30.515,30.463,30.485,9459.0
2026-08-26,2026-08-26 12:00:00,30.485,30.51,30.48,30.49,6453.0
2026-08-26,2026-08-26 12:05:00,30.47,30.49,30.45,30.47,8499.0
2026-08-26,2026-08-26 12:10:00,30.46,30.48,30.415,30.45,17039.0
2026-08-26,2026-08-26 12:15:00,30.46,30.58,30.46,30.535,7431.0
2026-08-26,2026-08-26 12:20:00,30.53,30.53,30.49,30.49,8462.0
2026-08-26,2026-08-26 12:25:00,30.49,30.51,30.47,30.49,8752.0
2026-08-26,2026-08-26 12:30:00,30.49,30.505,30.465,30.505,11177.0
2026-08-26,2026-08-26 12:35:00,30.52,30.54,30.48,30.54,20196.0
2026-08-26,2026-08-26 12:40:00,30.54,30.55,30.52,30.52,10521.0
2026-08-26,2026-08-26 12:45:00,30.53,30.69,30.51,30.58,54903.0
2026-08-26,2026-08-26 12:50:00,30.56,30.565,30.54,30.55,8279.0
2026-08-26,2026-08-26 12:55:00,30.55,30.58,30.52,30.54,6906.0
2026-08-26,2026-08-26 13:00:00,30.53,30.535,30.49,30.51,10762.0
2026-08-26,2026-08-26 13:05:00,30.52,30.54,30.51,30.5295,6675.0
2026-08-26,2026-08-26 13:10:00,30.53,30.56,30.53,30.54,8429.0
2026-08-26,2026-08-26 13:15:00,30.545,30.55,30.525,30.54,5881.0
2026-08-26,2026-08-26 13:20:00,30.54,30.555,30.53,30.54,7871.0
2026-08-26,2026-08-26 13:25:00,30.54,30.55,30.43,30.43,28005.0
2026-08-26,2026-08-26 13:30:00,30.43,30.5,30.43,30.5,13321.0
2026-08-26,2026-08-26 13:35:00,30.5,30.53,30.48,30.53,6599.0
2026-08-26,2026-08-26 13:40:00,30.57,30.605,30.57,30.58,11358.0
2026-08-26,2026-08-26 13:45:00,30.6,30.655,30.59,30.63,26777.0
2026-08-26,2026-08-26 13:50:00,30.63,30.63,30.57,30.58,16836.0
2026-08-26,2026-08-26 13:55:00,30.57,30.68,30.56,30.68,28227.0
2026-08-26,2026-08-26 14:00:00,30.68,30.68,30.63,30.67,14972.0
2026-08-26,2026-08-26 14:05:00,30.68,30.81,30.67,30.81,10836.0
2026-08-26,2026-08-26 14:10:00,30.79,30.79,30.66,30.66,14120.0
2026-08-26,2026-08-26 14:15:00,30.66,30.78,30.65,30.775,65071.0
2026-08-26,2026-08-26 14:20:00,30.795,30.8,30.735,30.735,17206.0
2026-08-26,2026-08-26 14:25:00,30.735,30.9,30.735,30.87,60525.0
2026-08-26,2026-08-26 14:30:00,30.875,30.875,30.795,30.81,21325.0
2026-08-26,2026-08-26 14:35:00,30.82,30.85,30.81,30.82,7321.0
2026-08-26,2026-08-26 14:40:00,30.8105,30.83,30.76,30.81,27454.0
2026-08-26,2026-08-26 14:45:00,30.77,30.835,30.75,30.835,9666.0
2026-08-26,2026-08-26 14:50:00,30.835,30.84,30.79,30.79,8956.0
2026-08-26,2026-08-26 14:55:00,30.79,30.81,30.75,30.79,11838.0
2026-08-26,2026-08-26 15:00:00,30.79,30.8,30.7,30.715,45483.0
2026-08-26,2026-08-26 15:05:00,30.72,30.77,30.71,30.74,13886.0
2026-08-26,2026-08-26 15:10:00,30.74,30.8,30.74,30.775,11815.0
2026-08-26,2026-08-26 15:15:00,30.78,30.89,30.77,30.86,50445.0
2026-08-26,2026-08-26 15:20:00,30.855,30.86,30.83,30.855,10878.0
2026-08-26,2026-08-26 15:25:00,30.87,30.91,30.87,30.905,18161.0
2026-08-26,2026-08-26 15:30:00,30.89,30.9099,30.85,30.85,10199.0
2026-08-26,2026-08-26 15:35:00,30.84,30.8481,30.78,30.825,20674.0
2026-08-26,2026-08-26 15:40:00,30.825,30.85,30.79,30.81,19144.0
2026-08-26,2026-08-26 15:45:00,30.8,30.8,30.73,30.76,29083.0
2026-08-26,2026-08-26 15:50:00,30.76,30.88,30.76,30.8,90968.0
2026-08-26,2026-08-26 15:55:00,30.81,30.93,30.81,30.895,67637.0
2026-08-26,2026-08-26 16:00:00,30.88,30.89,30.71,30.81,272447.0
2026-08-27,2026-08-27 09:35:00,31.89,32.36,31.69,32.34,71674.0
2026-08-27,2026-08-27 09:40:00,32.3695,32.66,32.16,32.59,34999.0
2026-08-27,2026-08-27 09:45:00,32.58,33.01,32.56,32.995,50532.0
2026-08-27,2026-08-27 09:50:00,33.03,33.65,33.02,33.61,51498.0
2026-08-27,2026-08-27 09:55:00,33.6,33.79,33.4301,33.69,29746.0
2026-08-27,2026-08-27 10:00:00,33.67,33.9,33.54,33.83,38267.0
2026-08-27,2026-08-27 10:05:00,33.87,33.91,33.55,33.61,109140.0
2026-08-27,2026-08-27 10:10:00,33.62,33.9,33.57,33.805,22310.0
2026-08-27,2026-08-27 10:15:00,33.83,34.005,33.83,33.95,101682.0
2026-08-27,2026-08-27 10:20:00,33.96,33.985,33.74,33.74,47432.0
2026-08-27,2026-08-27 10:25:00,33.71,33.74,33.61,33.64,77488.0
2026-08-27,2026-08-27 10:30:00,33.66,33.67,33.23,33.33,43832.0
2026-08-27,2026-08-27 10:35:00,33.3,33.44,33.215,33.275,32776.0
2026-08-27,2026-08-27 10:40:00,33.27,33.36,33.17,33.245,24549.0
2026-08-27,2026-08-27 10:45:00,33.225,33.34,33.185,33.27,63606.0
2026-08-27,2026-08-27 10:50:00,33.27,33.29,33.04,33.1,39760.0
2026-08-27,2026-08-27 10:55:00,33.115,33.34,33.09,33.27,19650.0
2026-08-27,2026-08-27 11:00:00,33.33,33.39,33.31,33.37,21793.0
2026-08-27,2026-08-27 11:05:00,33.37,33.571591,33.36,33.57,32729.0
2026-08-27,2026-08-27 11:10:00,33.56,33.5725,33.385,33.41,37095.0
2026-08-27,2026-08-27 11:15:00,33.385,33.47,33.3601,33.39,22587.0
2026-08-27,2026-08-27 11:20:00,33.39,33.635,33.36,33.615,37923.0
2026-08-27,2026-08-27 11:25:00,33.62,33.685,33.552,33.57,23902.0
2026-08-27,2026-08-27 11:30:00,33.5799,33.61,33.54,33.59,26505.0
2026-08-27,2026-08-27 11:35:00,33.6,33.74,33.57,33.7,25249.0
2026-08-27,2026-08-27 11:40:00,33.7,33.76,33.625,33.64,20950.0
2026-08-27,2026-08-27 11:45:00,33.635,33.7,33.596,33.66,19167.0
2026-08-27,2026-08-27 11:50:00,33.68,33.71,33.6,33.7,19388.0
2026-08-27,2026-08-27 11:55:00,33.69,33.745,33.63,33.745,15322.0
2026-08-27,2026-08-27 12:00:00,33.75,33.79,33.74,33.745,17350.0
2026-08-27,2026-08-27 12:05:00,33.745,33.76,33.67,33.7,19552.0
2026-08-27,2026-08-27 12:10:00,33.68,33.68,33.55,33.595,22652.0
2026-08-27,2026-08-27 12:15:00,33.6,33.67,33.585,33.66,10643.0
2026-08-27,2026-08-27 12:20:00,33.68,33.775,33.655,33.735,18898.0
2026-08-27,2026-08-27 12:25:00,33.73,33.78,33.71,33.74,22192.0
2026-08-27,2026-08-27 12:30:00,33.73,33.76,33.66,33.695,26405.0
2026-08-27,2026-08-27 12:35:00,33.695,33.745,33.695,33.73,15383.0
2026-08-27,2026-08-27 12:40:00,33.73,33.77,33.695,33.755,17108.0
2026-08-27,2026-08-27 12:45:00,33.74,33.78,33.71,33.71,28459.0
2026-08-27,2026-08-27 12:50:00,33.71,33.76,33.69,33.695,20053.0
2026-08-27,2026-08-27 12:55:00,33.71,33.7599,33.69,33.7599,20883.0
2026-08-27,2026-08-27 13:00:00,33.74,33.75,33.65,33.68,20865.0
2026-08-27,2026-08-27 13:05:00,33.7,33.745,33.65,33.69,26194.0
2026-08-27,2026-08-27 13:10:00,33.69,33.69,33.63,33.66,17377.0
2026-08-27,2026-08-27 13:15:00,33.65,33.67,33.59,33.6,19404.0
2026-08-27,2026-08-27 13:20:00,33.61,33.66,33.59,33.61,19835.0
2026-08-27,2026-08-27 13:25:00,33.605,33.66,33.59,33.59,43555.0
2026-08-27,2026-08-27 13:30:00,33.61,33.65,33.58,33.6,13991.0
2026-08-27,2026-08-27 13:35:00,33.605,33.7,33.55,33.655,67016.0
2026-08-27,2026-08-27 13:40:00,33.64,33.7,33.64,33.7,12242.0
2026-08-27,2026-08-27 13:45:00,33.695,33.725,33.65,33.72,25784.0
2026-08-27,2026-08-27 13:50:00,33.72,33.72,33.64,33.655,17904.0
2026-08-27,2026-08-27 13:55:00,33.64,33.71,33.62,33.71,29054.0
2026-08-27,2026-08-27 14:00:00,33.72,33.74,33.67,33.67,18740.0
2026-08-27,2026-08-27 14:05:00,33.66,33.745,33.63,33.635,25281.0
2026-08-27,2026-08-27 14:10:00,33.635,33.66,33.59,33.605,15847.0
2026-08-27,2026-08-27 14:15:00,33.61,33.7,33.61,33.66,23137.0
2026-08-27,2026-08-27 14:20:00,33.67,33.67,33.6,33.61,18832.0
2026-08-27,2026-08-27 14:25:00,33.61,33.74,33.585,33.74,48087.0
2026-08-27,2026-08-27 14:30:00,33.735,33.74,33.68,33.72,18413.0
2026-08-27,2026-08-27 14:35:00,33.71,33.77,33.695,33.74,23909.0
2026-08-27,2026-08-27 14:40:00,33.73,33.84,33.71,33.82,39366.0
2026-08-27,2026-08-27 14:45:00,33.8,33.85,33.78,33.81,31050.0
2026-08-27,2026-08-27 14:50:00,33.81,33.87,33.765,33.765,29400.0
2026-08-27,2026-08-27 14:55:00,33.755,33.82,33.75,33.785,33900.0
2026-08-27,2026-08-27 15:00:00,33.785,33.85,33.765,33.81,50531.0
2026-08-27,2026-08-27 15:05:00,33.815,33.93,33.745,33.905,32057.0
2026-08-27,2026-08-27 15:10:00,33.89,33.94,33.84,33.925,46580.0
2026-08-27,2026-08-27 15:15:00,33.92,33.94,33.89,33.89,40213.0
2026-08-27,2026-08-27 15:20:00,33.89,33.895,33.84,33.885,29285.0
2026-08-27,2026-08-27 15:25:00,33.885,33.96,33.85,33.94,36891.0
2026-08-27,2026-08-27 15:30:00,33.9401,33.98,33.9,33.92,34206.0
2026-08-27,2026-08-27 15:35:00,33.9,33.96,33.83,33.94,68794.0
2026-08-27,2026-08-27 15:40:00,33.93,34.03,33.9,34.03,45466.0
2026-08-27,2026-08-27 15:45:00,34.025,34.04,33.98,34.04,49943.0
2026-08-27,2026-08-27 15:50:00,34.04,34.065,33.98,33.98,89593.0
2026-08-27,2026-08-27 15:55:00,33.97,33.98,33.9,33.94,80529.0
2026-08-27,2026-08-27 16:00:00,33.95,34.09,33.87,34.09,463776.0
2026-08-28,2026-08-28 09:35:00,34.06,34.77,34.06,34.74,49082.0
2026-08-28,2026-08-28 09:40:00,34.71,35.02,34.63,34.77,52581.0
2026-08-28,2026-08-28 09:45:00,34.7675,34.795,34.43,34.76,10300.0
2026-08-28,2026-08-28 09:50:00,34.615,34.78,34.545,34.685,12608.0
2026-08-28,2026-08-28 09:55:00,34.69,34.69,34.45,34.4775,11612.0
2026-08-28,2026-08-28 10:00:00,34.465,34.47,34.23,34.3,32492.0
2026-08-28,2026-08-28 10:05:00,34.29,34.36,34.11,34.15,17197.0
2026-08-28,2026-08-28 10:10:00,34.14,34.205,33.975,33.975,55052.0
2026-08-28,2026-08-28 10:15:00,33.975,34.09,33.9,34.05,26032.0
2026-08-28,2026-08-28 10:20:00,34.09,34.22,34.07,34.17,12825.0
2026-08-28,2026-08-28 10:25:00,34.17,34.185,33.99,34.02,13786.0
2026-08-28,2026-08-28 10:30:00,34.01,34.145,33.945,34.07,14064.0
2026-08-28,2026-08-28 10:35:00,34.07,34.19,34.05,34.19,12304.0
2026-08-28,2026-08-28 10:40:00,34.195,34.265,34.16,34.25,13754.0
2026-08-28,2026-08-28 10:45:00,34.25,34.325,34.23,34.28,22329.0
2026-08-28,2026-08-28 10:50:00,34.26,34.33,34.225,34.325,32775.0
2026-08-28,2026-08-28 10:55:00,34.35,34.45,34.33,34.435,14440.0
2026-08-28,2026-08-28 11:00:00,34.45,34.5,34.34,34.4,14237.0
2026-08-28,2026-08-28 11:05:00,34.42,34.45,34.33,34.4,8573.0
2026-08-28,2026-08-28 11:10:00,34.43,34.44,34.3035,34.3035,10579.0
2026-08-28,2026-08-28 11:15:00,34.27,34.46,34.26,34.39,10889.0
2026-08-28,2026-08-28 11:20:00,34.4,34.49,34.355,34.355,12024.0
2026-08-28,2026-08-28 11:25:00,34.38,34.46,34.365,34.44,7954.0
2026-08-28,2026-08-28 11:30:00,34.455,34.51,34.43,34.5,7369.0
2026-08-28,2026-08-28 11:35:00,34.5,34.6,34.46,34.6,14307.0
2026-08-28,2026-08-28 11:40:00,34.61,34.6199,34.56,34.56,10203.0
2026-08-28,2026-08-28 11:45:00,34.55,34.55,34.4873,34.4873,9086.0
2026-08-28,2026-08-28 11:50:00,34.46,34.53,34.44,34.485,11412.0
2026-08-28,2026-08-28 11:55:00,34.5,34.51,34.41,34.41,12716.0
2026-08-28,2026-08-28 12:00:00,34.43,34.45,34.36,34.36,18842.0
2026-08-28,2026-08-28 12:05:00,34.39,34.41,34.295,34.38,14894.0
2026-08-28,2026-08-28 12:10:00,34.4,34.46,34.37,34.46,13994.0
2026-08-28,2026-08-28 12:15:00,34.45,34.46,34.35,34.37,20361.0
2026-08-28,2026-08-28 12:20:00,34.35,34.37,34.27,34.29,17840.0
2026-08-28,2026-08-28 12:25:00,34.3,34.44,34.27,34.39,56880.0
2026-08-28,2026-08-28 12:30:00,34.38,34.44,34.25,34.265,23015.0
2026-08-28,2026-08-28 12:35:00,34.29,34.45,34.275,34.355,27883.0
2026-08-28,2026-08-28 12:40:00,34.37,34.4,34.31,34.37,14686.0
2026-08-28,2026-08-28 12:45:00,34.34,34.345,34.24,34.2675,13304.0
2026-08-28,2026-08-28 12:50:00,34.29,34.42,34.25,34.395,39684.0
2026-08-28,2026-08-28 12:55:00,34.39,34.39,34.305,34.305,9139.0
2026-08-28,2026-08-28 13:00:00,34.31,34.36,34.305,34.36,7318.0
2026-08-28,2026-08-28 13:05:00,34.36,34.36,34.27,34.28,12194.0
2026-08-28,2026-08-28 13:10:00,34.265,34.28,34.235,34.255,7303.0
2026-08-28,2026-08-28 13:15:00,34.25,34.3,34.25,34.295,6615.0
2026-08-28,2026-08-28 13:20:00,34.295,34.3,34.225,34.3,12821.0
2026-08-28,2026-08-28 13:25:00,34.305,34.33,34.3,34.32,10346.0
2026-08-28,2026-08-28 13:30:00,34.31,34.33,34.29,34.29,6554.0
2026-08-28,2026-08-28 13:35:00,34.29,34.37,34.29,34.36,13487.0
2026-08-28,2026-08-28 13:40:00,34.36,34.36,34.285,34.29,11068.0
2026-08-28,2026-08-28 13:45:00,34.274,34.325,34.26,34.3,11047.0
2026-08-28,2026-08-28 13:50:00,34.2901,34.31,34.23,34.235,8935.0
2026-08-28,2026-08-28 13:55:00,34.22,34.23,34.18,34.215,8657.0
2026-08-28,2026-08-28 14:00:00,34.215,34.22,34.19,34.215,4389.0
2026-08-28,2026-08-28 14:05:00,34.215,34.27,34.195,34.26,14272.0
2026-08-28,2026-08-28 14:10:00,34.27,34.27,34.14,34.17,8969.0
2026-08-28,2026-08-28 14:15:00,34.2,34.23,34.16,34.185,11364.0
2026-08-28,2026-08-28 14:20:00,34.18,34.24,34.18,34.24,8344.0
2026-08-28,2026-08-28 14:25:00,34.235,34.37,34.23,34.33,23638.0
2026-08-28,2026-08-28 14:30:00,34.33,34.37,34.29,34.29,12944.0
2026-08-28,2026-08-28 14:35:00,34.31,34.32,34.26,34.29,22646.0
2026-08-28,2026-08-28 14:40:00,34.32,34.34,34.26,34.275,16247.0
2026-08-28,2026-08-28 14:45:00,34.28,34.31,34.24,34.25,14111.0
2026-08-28,2026-08-28 14:50:00,34.255,34.27,34.22,34.24,55946.0
2026-08-28,2026-08-28 14:55:00,34.25,34.25,34.18,34.21,13450.0
2026-08-28,2026-08-28 15:00:00,34.2,34.35,34.19,34.34,26535.0
2026-08-28,2026-08-28 15:05:00,34.35,34.39,34.22,34.24,28427.0
2026-08-28,2026-08-28 15:10:00,34.27,34.4,34.27,34.39,11492.0
2026-08-28,2026-08-28 15:15:00,34.41,34.51,34.41,34.45,14378.0
2026-08-28,2026-08-28 15:20:00,34.43,34.54,34.4,34.535,12843.0
2026-08-28,2026-08-28 15:25:00,34.52,34.55,34.49,34.49,14382.0
2026-08-28,2026-08-28 15:30:00,34.49,34.57,34.49,34.54,33303.0
2026-08-28,2026-08-28 15:35:00,34.52,34.53,34.44,34.445,23028.0
2026-08-28,2026-08-28 15:40:00,34.46,34.58,34.455,34.565,18210.0
2026-08-28,2026-08-28 15:45:00,34.565,34.565,34.425,34.425,67200.0
2026-08-28,2026-08-28 15:50:00,34.44,34.45,34.31,34.42,55900.0
2026-08-28,2026-08-28 15:55:00,34.44,34.47,34.32,34.345,64155.0
2026-08-28,2026-08-28 16:00:00,34.3105,34.58,34.3105,34.53,348376.0
2026-08-31,2026-08-31 09:35:00,34.03,34.79,33.98,34.62,23369.0
2026-08-31,2026-08-31 09:40:00,34.62,34.79,34.29,34.29,5984.0
2026-08-31,2026-08-31 09:45:00,34.37,34.53,34.06,34.285,24041.0
2026-08-31,2026-08-31 09:50:00,34.29,34.3,34.07,34.265,11692.0
2026-08-31,2026-08-31 09:55:00,34.21,34.221,34.1,34.2,7472.0
2026-08-31,2026-08-31 10:00:00,34.2,34.31,33.96,34.01,34954.0
2026-08-31,2026-08-31 10:05:00,34.01,34.33,33.98,34.28,15552.0
2026-08-31,2026-08-31 10:10:00,34.28,34.445,34.25,34.34,9073.0
2026-08-31,2026-08-31 10:15:00,34.31,34.36,34.24,34.285,12440.0
2026-08-31,2026-08-31 10:20:00,34.29,34.44,34.24,34.41,31686.0
2026-08-31,2026-08-31 10:25:00,34.42,34.44,34.3,34.35,20152.0
2026-08-31,2026-08-31 10:30:00,34.32,34.41,34.28,34.37,26648.0
2026-08-31,2026-08-31 10:35:00,34.39,34.45,34.335,34.36,9562.0
2026-08-31,2026-08-31 10:40:00,34.33,34.37,34.315,34.32,9467.0
2026-08-31,2026-08-31 10:45:00,34.325,34.49,34.325,34.37,9878.0
2026-08-31,2026-08-31 10:50:00,34.37,34.41,34.345,34.36,13902.0
2026-08-31,2026-08-31 10:55:00,34.33,34.39,34.31,34.37,19915.0
2026-08-31,2026-08-31 11:00:00,34.37,34.445,34.365,34.375,33097.0
2026-08-31,2026-08-31 11:05:00,34.37,34.465,34.33,34.33,24829.0
2026-08-31,2026-08-31 11:10:00,34.35,34.35,34.25,34.32,12492.0
2026-08-31,2026-08-31 11:15:00,34.335,34.345,34.26,34.265,9787.0
2026-08-31,2026-08-31 11:20:00,34.24,34.25,34.155,34.21,12731.0
2026-08-31,2026-08-31 11:25:00,34.215,34.25,34.135,34.2,45588.0
2026-08-31,2026-08-31 11:30:00,34.2,34.2,34.15,34.15,11952.0
2026-08-31,2026-08-31 11:35:00,34.145,34.205,34.13,34.15,54888.0
2026-08-31,2026-08-31 11:40:00,34.12,34.205,34.1,34.12,35445.0
2026-08-31,2026-08-31 11:45:00,34.125,34.14,34.06,34.08,13151.0
2026-08-31,2026-08-31 11:50:00,34.05,34.1,33.99,34.1,34071.0
2026-08-31,2026-08-31 11:55:00,34.1,34.12,34.08,34.09,7965.0
2026-08-31,2026-08-31 12:00:00,34.08,34.08,34.02,34.07,11901.0
2026-08-31,2026-08-31 12:05:00,34.06,34.11,34.04,34.11,26588.0
2026-08-31,2026-08-31 12:10:00,34.1,34.355,34.08,34.355,65623.0
2026-08-31,2026-08-31 12:15:00,34.34,34.43,34.24,34.26,44318.0
2026-08-31,2026-08-31 12:20:00,34.29,34.365,34.24,34.36,34772.0
2026-08-31,2026-08-31 12:25:00,34.4,34.41,34.21,34.215,19939.0
2026-08-31,2026-08-31 12:30:00,34.21,34.28,34.19,34.28,17777.0
2026-08-31,2026-08-31 12:35:00,34.27,34.27,34.205,34.26,21005.0
2026-08-31,2026-08-31 12:40:00,34.25,34.255,34.21,34.255,15668.0
2026-08-31,2026-08-31 12:45:00,34.255,34.26,34.2,34.205,12491.0
2026-08-31,2026-08-31 12:50:00,34.2,34.22,34.18,34.185,17990.0
2026-08-31,2026-08-31 12:55:00,34.185,34.21,34.105,34.13,10798.0
2026-08-31,2026-08-31 13:00:00,34.1101,34.15,34.09,34.15,10525.0
2026-08-31,2026-08-31 13:05:00,34.13,34.175,34.12,34.12,10628.0
2026-08-31,2026-08-31 13:10:00,34.12,34.135,34.09,34.09,11171.0
2026-08-31,2026-08-31 13:15:00,34.09,34.12,34.09,34.11,7066.0
2026-08-31,2026-08-31 13:20:00,34.11,34.12,34.03,34.04,16055.0
2026-08-31,2026-08-31 13:25:00,34.05,34.08,34.05,34.05,6919.0
2026-08-31,2026-08-31 13:30:00,34.055,34.055,34.015,34.02,7751.0
2026-08-31,2026-08-31 13:35:00,34.01,34.045,34.01,34.04,7868.0
2026-08-31,2026-08-31 13:40:00,34.045,34.05,33.985,34.025,40717.0
2026-08-31,2026-08-31 13:45:00,34.035,34.06,33.89,33.89,21257.0
2026-08-31,2026-08-31 13:50:00,33.89,33.965,33.85,33.95,26018.0
2026-08-31,2026-08-31 13:55:00,33.955,33.995,33.955,33.97,15717.0
2026-08-31,2026-08-31 14:00:00,33.97,34.03,33.935,34.015,23759.0
2026-08-31,2026-08-31 14:05:00,34.005,34.05,33.955,33.955,13278.0
2026-08-31,2026-08-31 14:10:00,33.95,33.965,33.875,33.935,17354.0
2026-08-31,2026-08-31 14:15:00,33.935,33.985,33.925,33.95,14028.0
2026-08-31,2026-08-31 14:20:00,33.95,33.99,33.95,33.965,12031.0
2026-08-31,2026-08-31 14:25:00,33.96,33.96,33.905,33.905,8007.0
2026-08-31,2026-08-31 14:30:00,33.92,34.01,33.9,34.005,24051.0
2026-08-31,2026-08-31 14:35:00,33.99,34.03,33.9,33.915,20473.0
2026-08-31,2026-08-31 14:40:00,33.9,33.9,33.86,33.9,15296.0
2026-08-31,2026-08-31 14:45:00,33.895,33.9,33.87,33.88,17076.0
2026-08-31,2026-08-31 14:50:00,33.89,33.9,33.85,33.9,16610.0
2026-08-31,2026-08-31 14:55:00,33.9,33.97,33.89,33.95,42392.0
2026-08-31,2026-08-31 15:00:00,33.94,34.01,33.93,33.97,38759.0
2026-08-31,2026-08-31 15:05:00,33.975,33.995,33.93,33.98,12212.0
2026-08-31,2026-08-31 15:10:00,33.98,34.02,33.94,34.02,18176.0
2026-08-31,2026-08-31 15:15:00,34.025,34.06,34.0,34.06,12750.0
2026-08-31,2026-08-31 15:20:00,34.05,34.055,33.97,34.02,18638.0
2026-08-31,2026-08-31 15:25:00,34.02,34.025,33.97,34.01,15629.0
2026-08-31,2026-08-31 15:30:00,34.0,34.04,33.98,34.02,21135.0
2026-08-31,2026-08-31 15:35:00,34.02,34.13,34.02,34.075,25307.0
2026-08-31,2026-08-31 15:40:00,34.08,34.175,34.06,34.15,27319.0
2026-08-31,2026-08-31 15:45:00,34.14,34.165,34.07,34.11,35031.0
2026-08-31,2026-08-31 15:50:00,34.11,34.14,34.09,34.14,30392.0
2026-08-31,2026-08-31 15:55:00,34.16,34.16,34.0,34.05,63915.0
2026-08-31,2026-08-31 16:00:00,34.06,34.125,33.97,34.04,534285.0
2026-09-01,2026-09-01 09:35:00,33.805,33.94,33.265,33.621,29809.0
2026-09-01,2026-09-01 09:40:00,33.56,33.975,33.56,33.706,10577.0
2026-09-01,2026-09-01 09:45:00,33.68,34.05,33.59,33.845,13708.0
2026-09-01,2026-09-01 09:50:00,33.84,34.08,33.75,33.815,11013.0
2026-09-01,2026-09-01 09:55:00,33.77,33.81,33.31,33.34,9466.0
2026-09-01,2026-09-01 10:00:00,33.32,33.56,33.32,33.45,10323.0
2026-09-01,2026-09-01 10:05:00,33.44,33.67,33.4,33.62,20107.0
2026-09-01,2026-09-01 10:10:00,33.62,33.785,33.605,33.67,8855.0
2026-09-01,2026-09-01 10:15:00,33.7,33.7,33.43,33.59,14104.0
2026-09-01,2026-09-01 10:20:00,33.65,33.74,33.57,33.58,7100.0
2026-09-01,2026-09-01 10:25:00,33.59,33.66,33.555,33.64,13885.0
2026-09-01,2026-09-01 10:30:00,33.62,33.701,33.62,33.65,8831.0
2026-09-01,2026-09-01 10:35:00,33.64,33.79,33.64,33.67,25589.0
2026-09-01,2026-09-01 10:40:00,33.64,33.67,33.555,33.58,12487.0
2026-09-01,2026-09-01 10:45:00,33.57,33.575,33.485,33.515,7255.0
2026-09-01,2026-09-01 10:50:00,33.515,33.64,33.515,33.59,10289.0
2026-09-01,2026-09-01 10:55:00,33.575,33.575,33.4,33.405,8892.0
2026-09-01,2026-09-01 11:00:00,33.38,33.445,33.29,33.39,16962.0
2026-09-01,2026-09-01 11:05:00,33.415,33.415,33.225,33.225,8193.0
2026-09-01,2026-09-01 11:10:00,33.22,33.22,32.82,32.84,20252.0
2026-09-01,2026-09-01 11:15:00,32.82,32.91,32.79,32.91,18469.0
2026-09-01,2026-09-01 11:20:00,32.89,32.925,32.85,32.895,9508.0
2026-09-01,2026-09-01 11:25:00,32.92,33.02,32.88,32.99,11874.0
2026-09-01,2026-09-01 11:30:00,32.99,33.1,32.98,33.06,15544.0
2026-09-01,2026-09-01 11:35:00,33.08,33.12,33.06,33.065,11142.0
2026-09-01,2026-09-01 11:40:00,33.03,33.09,32.96,33.06,9825.0
2026-09-01,2026-09-01 11:45:00,33.06,33.14,33.05,33.13,8460.0
2026-09-01,2026-09-01 11:50:00,33.13,33.13,33.09,33.12,8456.0
2026-09-01,2026-09-01 11:55:00,33.09,33.095,32.99,33.03,11092.0
2026-09-01,2026-09-01 12:00:00,33.0,33.1,33.0,33.075,17744.0
2026-09-01,2026-09-01 12:05:00,33.06,33.06,32.885,32.97,10338.0
2026-09-01,2026-09-01 12:10:00,32.92,32.96,32.91,32.94,11803.0
2026-09-01,2026-09-01 12:15:00,32.91,32.92,32.88,32.89,7798.0
2026-09-01,2026-09-01 12:20:00,32.87,32.885,32.72,32.73,8810.0
2026-09-01,2026-09-01 12:25:00,32.73,32.78,32.69,32.72,15648.0
2026-09-01,2026-09-01 12:30:00,32.74,32.75,32.625,32.625,17439.0
2026-09-01,2026-09-01 12:35:00,32.61,32.62,32.54,32.58,15045.0
2026-09-01,2026-09-01 12:40:00,32.58,32.62,32.545,32.545,13037.0
2026-09-01,2026-09-01 12:45:00,32.54,32.555,32.38,32.51,23089.0
2026-09-01,2026-09-01 12:50:00,32.48,32.51,32.45,32.5,11300.0
2026-09-01,2026-09-01 12:55:00,32.52,32.55,32.5,32.51,10988.0
2026-09-01,2026-09-01 13:00:00,32.515,32.64,32.515,32.635,11321.0
2026-09-01,2026-09-01 13:05:00,32.625,32.69,32.62,32.655,9289.0
2026-09-01,2026-09-01 13:10:00,32.6308,32.66,32.57,32.63,9644.0
2026-09-01,2026-09-01 13:15:00,32.63,32.67,32.63,32.635,7572.0
2026-09-01,2026-09-01 13:20:00,32.63,32.68,32.615,32.68,8754.0
2026-09-01,2026-09-01 13:25:00,32.67,32.69,32.62,32.62,17746.0
2026-09-01,2026-09-01 13:30:00,32.63,32.67,32.62,32.62,10683.0
2026-09-01,2026-09-01 13:35:00,32.62,32.73,32.62,32.69,8510.0
2026-09-01,2026-09-01 13:40:00,32.69,32.71,32.63,32.66,8553.0
2026-09-01,2026-09-01 13:45:00,32.67,32.705,32.65,32.69,12522.0
2026-09-01,2026-09-01 13:50:00,32.69,32.72,32.68,32.7,12508.0
2026-09-01,2026-09-01 13:55:00,32.69,32.72,32.69,32.7,8594.0
2026-09-01,2026-09-01 14:00:00,32.705,32.71,32.635,32.65,22459.0
2026-09-01,2026-09-01 14:05:00,32.64,32.67,32.6,32.64,12488.0
2026-09-01,2026-09-01 14:10:00,32.63,32.66,32.57,32.57,11392.0
2026-09-01,2026-09-01 14:15:00,32.58,32.8,32.58,32.77,26388.0
2026-09-01,2026-09-01 14:20:00,32.74,32.75,32.66,32.705,9330.0
2026-09-01,2026-09-01 14:25:00,32.705,32.705,32.635,32.635,14795.0
2026-09-01,2026-09-01 14:30:00,32.63,32.66,32.615,32.63,9626.0
2026-09-01,2026-09-01 14:35:00,32.62,32.64,32.58,32.6,12456.0
2026-09-01,2026-09-01 14:40:00,32.6,32.66,32.59,32.65,14539.0
2026-09-01,2026-09-01 14:45:00,32.66,32.68,32.63,32.65,12861.0
2026-09-01,2026-09-01 14:50:00,32.645,32.72,32.6238,32.71,15034.0
2026-09-01,2026-09-01 14:55:00,32.71,32.78,32.71,32.715,12827.0
2026-09-01,2026-09-01 15:00:00,32.715,32.74,32.69,32.7,12241.0
2026-09-01,2026-09-01 15:05:00,32.7,32.72,32.69,32.69,12420.0
2026-09-01,2026-09-01 15:10:00,32.685,32.685,32.61,32.67,17249.0
2026-09-01,2026-09-01 15:15:00,32.67,32.75,32.669,32.74,33426.0
2026-09-01,2026-09-01 15:20:00,32.74,32.769,32.73,32.769,22629.0
2026-09-01,2026-09-01 15:25:00,32.76,32.775,32.65,32.65,23829.0
2026-09-01,2026-09-01 15:30:00,32.64,32.64,32.6,32.61,21139.0
2026-09-01,2026-09-01 15:35:00,32.61,32.6375,32.565,32.599,37709.0
2026-09-01,2026-09-01 15:40:00,32.6,32.66,32.53,32.6,49700.0
2026-09-01,2026-09-01 15:45:00,32.6,32.685,32.515,32.615,91162.0
2026-09-01,2026-09-01 15:50:00,32.6,32.6,32.47,32.47,81122.0
2026-09-01,2026-09-01 15:55:00,32.48,32.58,32.46,32.56,120069.0
2026-09-01,2026-09-01 16:00:00,32.57,32.81,32.56,32.78,639669.0
2026-09-02,2026-09-02 09:35:00,32.99,33.8281,32.99,33.71,30087.0
2026-09-02,2026-09-02 09:40:00,33.79,33.8,32.98,32.98,8099.0
2026-09-02,2026-09-02 09:45:00,33.095,33.27,32.95,33.16,8921.0
2026-09-02,2026-09-02 09:50:00,33.12,33.245,33.02,33.195,10942.0
2026-09-02,2026-09-02 09:55:00,33.2632,33.42,33.13,33.42,7827.0
2026-09-02,2026-09-02 10:00:00,33.41,33.66,33.41,33.66,14901.0
2026-09-02,2026-09-02 10:05:00,33.645,33.68,33.425,33.43,12745.0
2026-09-02,2026-09-02 10:10:00,33.49,33.625,33.15,33.15,15497.0
2026-09-02,2026-09-02 10:15:00,33.19,33.2999,33.15,33.15,9584.0
2026-09-02,2026-09-02 10:20:00,33.16,33.16,32.93,32.93,13517.0
2026-09-02,2026-09-02 10:25:00,32.9,33.195,32.9,33.17,19463.0
2026-09-02,2026-09-02 10:30:00,33.17,33.26,33.14,33.18,13015.0
2026-09-02,2026-09-02 10:35:00,33.16,33.18,33.05,33.07,8331.0
2026-09-02,2026-09-02 10:40:00,33.11,33.36,33.11,33.36,7655.0
2026-09-02,2026-09-02 10:45:00,33.3,33.37,33.3,33.37,7803.0
2026-09-02,2026-09-02 10:50:00,33.41,33.49,33.41,33.45,5594.0
2026-09-02,2026-09-02 10:55:00,33.41,33.43,33.38,33.43,13419.0
2026-09-02,2026-09-02 11:00:00,33.42,33.43,33.25,33.27,8699.0
2026-09-02,2026-09-02 11:05:00,33.31,33.31,33.24,33.26,7967.0
2026-09-02,2026-09-02 11:10:00,33.245,33.28,33.24,33.28,4286.0
2026-09-02,2026-09-02 11:15:00,33.24,33.24,33.2,33.21,6888.0
2026-09-02,2026-09-02 11:20:00,33.255,33.29,33.24,33.26,7135.0
2026-09-02,2026-09-02 11:25:00,33.32,33.32,33.21,33.21,6466.0
2026-09-02,2026-09-02 11:30:00,33.2,33.21,33.14,33.15,6534.0
2026-09-02,2026-09-02 11:35:00,33.16,33.165,32.955,32.955,15980.0
2026-09-02,2026-09-02 11:40:00,32.95,33.04,32.94,33.03,7570.0
2026-09-02,2026-09-02 11:45:00,33.04,33.09,33.03,33.03,8415.0
2026-09-02,2026-09-02 11:50:00,33.04,33.04,32.97,32.97,5917.0
2026-09-02,2026-09-02 11:55:00,32.97,32.99,32.875,32.875,6647.0
2026-09-02,2026-09-02 12:00:00,32.875,32.955,32.86,32.955,4145.0
2026-09-02,2026-09-02 12:05:00,32.95,32.955,32.91,32.92,6448.0
2026-09-02,2026-09-02 12:10:00,32.92,32.94,32.86,32.94,6096.0
2026-09-02,2026-09-02 12:15:00,32.935,32.935,32.89,32.89,5813.0
2026-09-02,2026-09-02 12:20:00,32.89,32.92,32.84,32.85,8255.0
2026-09-02,2026-09-02 12:25:00,32.86,32.87,32.83,32.835,6369.0
2026-09-02,2026-09-02 12:30:00,32.85,32.87,32.83,32.845,5854.0
2026-09-02,2026-09-02 12:35:00,32.84,32.87,32.83,32.87,4490.0
2026-09-02,2026-09-02 12:40:00,32.87,32.915,32.87,32.91,4917.0
2026-09-02,2026-09-02 12:45:00,32.89,32.92,32.88,32.895,4326.0
2026-09-02,2026-09-02 12:50:00,32.895,32.92,32.885,32.9,7577.0
2026-09-02,2026-09-02 12:55:00,32.94,33.01,32.92,33.01,4233.0
2026-09-02,2026-09-02 13:00:00,33.01,33.0273,32.97,32.985,8681.0
2026-09-02,2026-09-02 13:05:00,32.98,32.98,32.91,32.91,7672.0
2026-09-02,2026-09-02 13:10:00,32.89,32.92,32.88,32.89,9272.0
2026-09-02,2026-09-02 13:15:00,32.89,32.89,32.87,32.88,4179.0
2026-09-02,2026-09-02 13:20:00,32.875,32.89,32.86,32.865,4741.0
2026-09-02,2026-09-02 13:25:00,32.865,32.87,32.84,32.8614,5072.0
2026-09-02,2026-09-02 13:30:00,32.86,32.89,32.86,32.875,2169.0
2026-09-02,2026-09-02 13:35:00,32.88,32.91,32.88,32.89,6695.0
2026-09-02,2026-09-02 13:40:00,32.89,32.96,32.89,32.9,7000.0
2026-09-02,2026-09-02 13:45:00,32.9,32.9,32.85,32.86,8403.0
2026-09-02,2026-09-02 13:50:00,32.87,32.89,32.8681,32.89,4841.0
2026-09-02,2026-09-02 13:55:00,32.8925,32.91,32.86,32.91,4329.0
2026-09-02,2026-09-02 14:00:00,32.89,33.005,32.835,32.95,19573.0
2026-09-02,2026-09-02 14:05:00,32.93,32.98,32.9,32.98,8149.0
2026-09-02,2026-09-02 14:10:00,32.96,32.97,32.93,32.945,6944.0
2026-09-02,2026-09-02 14:15:00,32.94,32.97,32.915,32.97,7707.0
2026-09-02,2026-09-02 14:20:00,32.965,33.01,32.965,33.01,7073.0
2026-09-02,2026-09-02 14:25:00,33.015,33.02,32.99,32.99,5448.0
2026-09-02,2026-09-02 14:30:00,32.99,33.03,32.97,32.975,18303.0
2026-09-02,2026-09-02 14:35:00,32.98,33.01,32.95,32.95,11661.0
2026-09-02,2026-09-02 14:40:00,32.95,32.96,32.93,32.93,8112.0
2026-09-02,2026-09-02 14:45:00,32.92,32.92,32.77,32.775,13886.0
2026-09-02,2026-09-02 14:50:00,32.79,32.83,32.755,32.83,7053.0
2026-09-02,2026-09-02 14:55:00,32.82,32.9999,32.82,32.985,53935.0
2026-09-02,2026-09-02 15:00:00,32.9924,32.9924,32.885,32.9,27152.0
2026-09-02,2026-09-02 15:05:00,32.915,33.03,32.915,33.03,16593.0
2026-09-02,2026-09-02 15:10:00,33.03,33.03,32.975,32.975,18009.0
2026-09-02,2026-09-02 15:15:00,32.96,32.991991,32.96,32.99,13775.0
2026-09-02,2026-09-02 15:20:00,33.0,33.03,32.99,33.01,14485.0
2026-09-02,2026-09-02 15:25:00,33.002,33.03,32.99,32.99,12724.0
2026-09-02,2026-09-02 15:30:00,32.99,32.99,32.97,32.97,13015.0
2026-09-02,2026-09-02 15:35:00,32.98,32.98,32.92,32.949,20689.0
2026-09-02,2026-09-02 15:40:00,32.94,32.99,32.92,32.98,28880.0
2026-09-02,2026-09-02 15:45:00,32.99,33.1,32.99,33.1,22026.0
2026-09-02,2026-09-02 15:50:00,33.109,33.23,33.1,33.21,31782.0
2026-09-02,2026-09-02 15:55:00,33.2,33.2,33.025,33.119,53043.0
2026-09-02,2026-09-02 16:00:00,33.09,33.11,32.895,32.94,375474.0
2026-09-03,2026-09-03 09:35:00,33.98,34.5,33.96,34.5,13771.0
2026-09-03,2026-09-03 09:40:00,34.5,34.54,34.21,34.375,9684.0
2026-09-03,2026-09-03 09:45:00,34.349207,34.42,34.0,34.23,10956.0
2026-09-03,2026-09-03 09:50:00,34.205595,34.56,34.155,34.155,10893.0
2026-09-03,2026-09-03 09:55:00,34.1,34.1,33.65,33.95,33063.0
2026-09-03,2026-09-03 10:00:00,33.945,34.02,33.88,34.02,23366.0
2026-09-03,2026-09-03 10:05:00,33.98,34.34,33.92,34.245,17570.0
2026-09-03,2026-09-03 10:10:00,34.34,34.45,34.295,34.41,13879.0
2026-09-03,2026-09-03 10:15:00,34.41,34.4214,34.2401,34.42,10851.0
2026-09-03,2026-09-03 10:20:00,34.35,34.42,34.19,34.2725,18277.0
2026-09-03,2026-09-03 10:25:00,34.24,34.24,34.07,34.135,16687.0
2026-09-03,2026-09-03 10:30:00,34.115,34.265,34.1,34.18,16026.0
2026-09-03,2026-09-03 10:35:00,34.18,34.1912,33.98,33.995,9540.0
2026-09-03,2026-09-03 10:40:00,33.99,34.0,33.85,33.85,7500.0
2026-09-03,2026-09-03 10:45:00,33.82,33.82,33.59,33.64,11606.0
2026-09-03,2026-09-03 10:50:00,33.635,33.785,33.635,33.75,10755.0
2026-09-03,2026-09-03 10:55:00,33.75,33.75,33.46,33.46,17860.0
2026-09-03,2026-09-03 11:00:00,33.48,33.58,33.43,33.58,15091.0
2026-09-03,2026-09-03 11:05:00,33.56,33.66,33.499476,33.66,27602.0
2026-09-03,2026-09-03 11:10:00,33.7,33.78,33.69,33.745,16431.0
2026-09-03,2026-09-03 11:15:00,33.75,33.95,33.75,33.81,27975.0
2026-09-03,2026-09-03 11:20:00,33.79,33.81,33.67,33.675,25701.0
2026-09-03,2026-09-03 11:25:00,33.68,33.7,33.59,33.65,16865.0
2026-09-03,2026-09-03 11:30:00,33.65,33.735,33.62,33.68,12717.0
2026-09-03,2026-09-03 11:35:00,33.675,33.7,33.63,33.6425,8286.0
2026-09-03,2026-09-03 11:40:00,33.655,33.7,33.61,33.64,13648.0
2026-09-03,2026-09-03 11:45:00,33.635,33.64,33.57,33.62,10112.0
2026-09-03,2026-09-03 11:50:00,33.6,33.65,33.6,33.635,6768.0
2026-09-03,2026-09-03 11:55:00,33.6239,33.65,33.61,33.64,8202.0
2026-09-03,2026-09-03 12:00:00,33.625,33.8,33.59,33.595,61998.0
2026-09-03,2026-09-03 12:05:00,33.595,33.67,33.595,33.64,13004.0
2026-09-03,2026-09-03 12:10:00,33.64,33.72,33.635,33.64,10122.0
2026-09-03,2026-09-03 12:15:00,33.64,33.7,33.64,33.7,8404.0
2026-09-03,2026-09-03 12:20:00,33.705,33.705,33.665,33.685,6065.0
2026-09-03,2026-09-03 12:25:00,33.685,33.7,33.585,33.585,13091.0
2026-09-03,2026-09-03 12:30:00,33.585,33.585,33.38,33.53,51169.0
2026-09-03,2026-09-03 12:35:00,33.54,33.55,33.475,33.50959,13583.0
2026-09-03,2026-09-03 12:40:00,33.51,33.52,33.435,33.435,8916.0
2026-09-03,2026-09-03 12:45:00,33.45,33.485,33.44,33.44,7442.0
2026-09-03,2026-09-03 12:50:00,33.445,33.46,33.42,33.46,8450.0
2026-09-03,2026-09-03 12:55:00,33.44,33.725,33.42,33.725,39711.0
2026-09-03,2026-09-03 13:00:00,33.7,33.7,33.63,33.695,10615.0
2026-09-03,2026-09-03 13:05:00,33.7,33.7,33.62,33.665,11684.0
2026-09-03,2026-09-03 13:10:00,33.65,33.7,33.59,33.59,14857.0
2026-09-03,2026-09-03 13:15:00,33.57,33.64,33.57,33.585,9170.0
2026-09-03,2026-09-03 13:20:00,33.595,33.61,33.5001,33.54,16728.0
2026-09-03,2026-09-03 13:25:00,33.54,33.56,33.48,33.52,10676.0
2026-09-03,2026-09-03 13:30:00,33.5,33.58,33.5,33.58,7286.0
2026-09-03,2026-09-03 13:35:00,33.585,33.7,33.585,33.7,10488.0
2026-09-03,2026-09-03 13:40:00,33.7,33.8,33.69,33.8,16753.0
2026-09-03,2026-09-03 13:45:00,33.78,33.785,33.73,33.785,5450.0
2026-09-03,2026-09-03 13:50:00,33.78,33.82,33.76,33.76,17978.0
2026-09-03,2026-09-03 13:55:00,33.76,33.81,33.75,33.8,6524.0
2026-09-03,2026-09-03 14:00:00,33.79,33.82,33.75,33.755,7627.0
2026-09-03,2026-09-03 14:05:00,33.78,33.82,33.77,33.82,11593.0
2026-09-03,2026-09-03 14:10:00,33.8299,33.87,33.8,33.87,6621.0
2026-09-03,2026-09-03 14:15:00,33.87,33.9,33.865,33.885,14902.0
2026-09-03,2026-09-03 14:20:00,33.9,33.9,33.8541,33.88,8448.0
2026-09-03,2026-09-03 14:25:00,33.88,33.935,33.87,33.935,7941.0
2026-09-03,2026-09-03 14:30:00,33.94,33.945,33.9,33.93,9320.0
2026-09-03,2026-09-03 14:35:00,33.91,33.99,33.91,33.99,7920.0
2026-09-03,2026-09-03 14:40:00,33.98,34.03,33.98,34.01,9179.0
2026-09-03,2026-09-03 14:45:00,33.98,33.98,33.91,33.91,7170.0
2026-09-03,2026-09-03 14:50:00,33.915,33.915,33.825,33.83,10518.0
2026-09-03,2026-09-03 14:55:00,33.82,33.82,33.75,33.7512,14730.0
2026-09-03,2026-09-03 15:00:00,33.755,33.755,33.595,33.595,18925.0
2026-09-03,2026-09-03 15:05:00,33.61,33.635,33.555,33.61,24059.0
2026-09-03,2026-09-03 15:10:00,33.6,33.67,33.57,33.63,16413.0
2026-09-03,2026-09-03 15:15:00,33.635,33.635,33.545,33.55,12839.0
2026-09-03,2026-09-03 15:20:00,33.56,33.63,33.5,33.61,47583.0
2026-09-03,2026-09-03 15:25:00,33.61,33.615,33.455,33.47,35941.0
2026-09-03,2026-09-03 15:30:00,33.4675,33.51,33.425,33.425,46351.0
2026-09-03,2026-09-03 15:35:00,33.415,33.46,33.32,33.34,145315.0
2026-09-03,2026-09-03 15:40:00,33.34,33.34,33.225,33.24,65893.0
2026-09-03,2026-09-03 15:45:00,33.23,33.28,32.96,33.0,149132.0
2026-09-03,2026-09-03 15:50:00,33.0,33.3099,33.0,33.19,141476.0
2026-09-03,2026-09-03 15:55:00,33.215,33.41,33.155,33.379,122763.0
2026-09-03,2026-09-03 16:00:00,33.36,33.4425,33.22,33.25,483936.0
2026-09-04,2026-09-04 09:35:00,32.533,32.865,31.81,31.905,28449.0
2026-09-04,2026-09-04 09:40:00,31.81,32.1881,31.67,31.67,30332.0
2026-09-04,2026-09-04 09:45:00,31.835,31.939,31.6,31.9148,16199.0
2026-09-04,2026-09-04 09:50:00,31.825,31.825,31.34,31.725,26730.0
2026-09-04,2026-09-04 09:55:00,31.725,31.93,31.69,31.69,5868.0
2026-09-04,2026-09-04 10:00:00,31.78,31.89,31.725,31.79,27737.0
2026-09-04,2026-09-04 10:05:00,31.81,32.28,31.72,32.235,8104.0
2026-09-04,2026-09-04 10:10:00,32.265,32.28,31.98,31.99,11210.0
2026-09-04,2026-09-04 10:15:00,32.06,32.11,32.005,32.005,10230.0
2026-09-04,2026-09-04 10:20:00,32.035,32.15,32.02,32.12,11865.0
2026-09-04,2026-09-04 10:25:00,32.09,32.2699,32.09,32.225,10289.0
2026-09-04,2026-09-04 10:30:00,32.27,32.31,32.215,32.3,23333.0
2026-09-04,2026-09-04 10:35:00,32.35,32.37,32.19,32.195,10093.0
2026-09-04,2026-09-04 10:40:00,32.225,32.25,32.115,32.25,34520.0
2026-09-04,2026-09-04 10:45:00,32.25,32.295,32.125,32.18,7368.0
2026-09-04,2026-09-04 10:50:00,32.21,32.2799,32.175,32.275,16986.0
2026-09-04,2026-09-04 10:55:00,32.25,32.27,32.2,32.2,9187.0
2026-09-04,2026-09-04 11:00:00,32.22,32.22,32.09,32.095,21237.0
2026-09-04,2026-09-04 11:05:00,32.09,32.09,31.99,32.0,11674.0
2026-09-04,2026-09-04 11:10:00,32.0,32.05,32.0,32.03,4596.0
2026-09-04,2026-09-04 11:15:00,32.0,32.265,31.995,32.23,38310.0
2026-09-04,2026-09-04 11:20:00,32.25,32.445,32.25,32.445,20507.0
2026-09-04,2026-09-04 11:25:00,32.45,32.57,32.37,32.465,44744.0
2026-09-04,2026-09-04 11:30:00,32.43,32.4524,32.26,32.295,21930.0
2026-09-04,2026-09-04 11:35:00,32.29,32.32,32.16,32.2939,44870.0
2026-09-04,2026-09-04 11:40:00,32.32,32.36,32.29,32.295,20286.0
2026-09-04,2026-09-04 11:45:00,32.295,32.405,32.295,32.405,35138.0
2026-09-04,2026-09-04 11:50:00,32.42,32.505,32.37,32.39,17411.0
2026-09-04,2026-09-04 11:55:00,32.41,32.42,32.355,32.395,9649.0
2026-09-04,2026-09-04 12:00:00,32.395,32.58,32.395,32.56,37129.0
2026-09-04,2026-09-04 12:05:00,32.56,32.56,32.4,32.44,16743.0
2026-09-04,2026-09-04 12:10:00,32.43,32.465,32.42,32.46,10851.0
2026-09-04,2026-09-04 12:15:00,32.46,32.49,32.44,32.49,13338.0
2026-09-04,2026-09-04 12:20:00,32.49,32.68,32.48,32.57,42764.0
2026-09-04,2026-09-04 12:25:00,32.57,32.59,32.53,32.555,7708.0
2026-09-04,2026-09-04 12:30:00,32.56,32.56,32.515,32.525,14123.0
2026-09-04,2026-09-04 12:35:00,32.53,32.53,32.46,32.48,10968.0
2026-09-04,2026-09-04 12:40:00,32.48,32.48,32.43,32.46,13850.0
2026-09-04,2026-09-04 12:45:00,32.445,32.465,32.41,32.42,8140.0
2026-09-04,2026-09-04 12:50:00,32.41,32.43,32.335,32.345,6903.0
2026-09-04,2026-09-04 12:55:00,32.35,32.35,32.245,32.27,43012.0
2026-09-04,2026-09-04 13:00:00,32.27,32.28,32.24,32.24,8452.0
2026-09-04,2026-09-04 13:05:00,32.25,32.295,32.25,32.27,7747.0
2026-09-04,2026-09-04 13:10:00,32.265,32.275,32.255,32.27,8638.0
2026-09-04,2026-09-04 13:15:00,32.26,32.3,32.26,32.27,7289.0
2026-09-04,2026-09-04 13:20:00,32.28,32.3,32.22,32.285,29605.0
2026-09-04,2026-09-04 13:25:00,32.285,32.31,32.185,32.185,11249.0
2026-09-04,2026-09-04 13:30:00,32.185,32.21,32.146,32.146,24938.0
2026-09-04,2026-09-04 13:35:00,32.13,32.19,32.12,32.19,8307.0
2026-09-04,2026-09-04 13:40:00,32.2,32.205,32.14,32.15,23365.0
2026-09-04,2026-09-04 13:45:00,32.166,32.2,32.16,32.185,4330.0
2026-09-04,2026-09-04 13:50:00,32.185,32.185,32.15,32.15,7635.0
2026-09-04,2026-09-04 13:55:00,32.16,32.17,32.14,32.15,9359.0
2026-09-04,2026-09-04 14:00:00,32.145,32.18,32.14,32.18,12170.0
2026-09-04,2026-09-04 14:05:00,32.185,32.26,32.185,32.245,15030.0
2026-09-04,2026-09-04 14:10:00,32.25,32.31,32.25,32.29,25661.0
2026-09-04,2026-09-04 14:15:00,32.29,32.36,32.255,32.31,23334.0
2026-09-04,2026-09-04 14:20:00,32.31,32.31,32.08,32.08,34726.0
2026-09-04,2026-09-04 14:25:00,32.09,32.1,32.05,32.07,18602.0
2026-09-04,2026-09-04 14:30:00,32.07,32.08,32.01,32.02,9251.0
2026-09-04,2026-09-04 14:35:00,32.02,32.035,31.97,31.98,12835.0
2026-09-04,2026-09-04 14:40:00,31.99,32.0,31.97,31.98,8043.0
2026-09-04,2026-09-04 14:45:00,31.98,31.985,31.96,31.98,5718.0
2026-09-04,2026-09-04 14:50:00,31.99,32.025,31.97,32.025,13596.0
2026-09-04,2026-09-04 14:55:00,32.04,32.075,32.015,32.075,15853.0
2026-09-04,2026-09-04 15:00:00,32.075,32.1,32.04,32.1,11432.0
2026-09-04,2026-09-04 15:05:00,32.1,32.105,32.05,32.07,28555.0
2026-09-04,2026-09-04 15:10:00,32.07,32.07,32.03,32.045,10104.0
2026-09-04,2026-09-04 15:15:00,32.035,32.07,32.03,32.07,18999.0
2026-09-04,2026-09-04 15:20:00,32.07,32.095,32.06,32.075,17961.0
2026-09-04,2026-09-04 15:25:00,32.08,32.08,32.005,32.01,13883.0
2026-09-04,2026-09-04 15:30:00,32.02,32.075,31.95,32.03,63260.0
2026-09-04,2026-09-04 15:35:00,32.03,32.035,31.985,32.02,36292.0
2026-09-04,2026-09-04 15:40:00,32.02,32.03,31.9,31.935,36908.0
2026-09-04,2026-09-04 15:45:00,31.935,31.96,31.89,31.92,45798.0
2026-09-04,2026-09-04 15:50:00,31.925,31.975,31.83,31.896,139087.0
2026-09-04,2026-09-04 15:55:00,31.9,32.015,31.845,31.91,87572.0
2026-09-04,2026-09-04 16:00:00,31.92,31.97,31.81,31.96,372411.0
2026-09-08,2026-09-08 09:35:00,31.575,31.575,30.56,30.65,65632.0
2026-09-08,2026-09-08 09:40:00,30.65,30.65,30.25,30.265,96824.0
2026-09-08,2026-09-08 09:45:00,30.34,30.48,30.24,30.28,31628.0
2026-09-08,2026-09-08 09:50:00,30.28,30.69,30.28,30.58,47989.0
2026-09-08,2026-09-08 09:55:00,30.565,30.62,30.02,30.04,113727.0
2026-09-08,2026-09-08 10:00:00,30.055,30.19,30.01,30.11,49699.0
2026-09-08,2026-09-08 10:05:00,30.09,30.15,29.97,29.99,92796.0
2026-09-08,2026-09-08 10:10:00,29.98,30.115,29.98,30.04,149101.0
2026-09-08,2026-09-08 10:15:00,30.02,30.08,29.84,29.875,169021.0
2026-09-08,2026-09-08 10:20:00,29.875,30.0,29.875,29.98,59566.0
2026-09-08,2026-09-08 10:25:00,29.985,30.0,29.84,29.89,41591.0
2026-09-08,2026-09-08 10:30:00,29.885,29.93,29.74,29.82,37904.0
2026-09-08,2026-09-08 10:35:00,29.82,29.92,29.82,29.89,48210.0
2026-09-08,2026-09-08 10:40:00,29.89,29.93,29.84,29.88,56955.0
2026-09-08,2026-09-08 10:45:00,29.875,29.94,29.8,29.815,71739.0
2026-09-08,2026-09-08 10:50:00,29.815,29.83,29.77,29.77,34798.0
2026-09-08,2026-09-08 10:55:00,29.754687,29.77,29.67,29.7,54374.0
2026-09-08,2026-09-08 11:00:00,29.7,29.86,29.695,29.845,50153.0
2026-09-08,2026-09-08 11:05:00,29.845,30.075,29.82,30.07,155697.0
2026-09-08,2026-09-08 11:10:00,30.075,30.28,30.05,30.235,107892.0
2026-09-08,2026-09-08 11:15:00,30.235,30.31,30.2,30.3,34739.0
2026-09-08,2026-09-08 11:20:00,30.3,30.33,30.2,30.22,47536.0
2026-09-08,2026-09-08 11:25:00,30.21,30.21,30.045,30.095,30934.0
2026-09-08,2026-09-08 11:30:00,30.1,30.23,30.095,30.19,49380.0
2026-09-08,2026-09-08 11:35:00,30.195,30.35,30.175,30.19,150976.0
2026-09-08,2026-09-08 11:40:00,30.19,30.285,30.175,30.27,26030.0
2026-09-08,2026-09-08 11:45:00,30.27,30.31,30.23,30.29,29164.0
2026-09-08,2026-09-08 11:50:00,30.29,30.31,30.1227,30.14,35268.0
2026-09-08,2026-09-08 11:55:00,30.14,30.17,30.125,30.15,27337.0
2026-09-08,2026-09-08 12:00:00,30.15,30.15,30.065,30.09,33382.0
2026-09-08,2026-09-08 12:05:00,30.09,30.11,30.05,30.09,31754.0
2026-09-08,2026-09-08 12:10:00,30.1,30.12,29.9251,29.955,43841.0
2026-09-08,2026-09-08 12:15:00,29.95,29.99,29.87,29.95,29129.0
2026-09-08,2026-09-08 12:20:00,29.94,30.11,29.94,30.03,43176.0
2026-09-08,2026-09-08 12:25:00,30.04,30.09,29.95,29.99,34236.0
2026-09-08,2026-09-08 12:30:00,30.0,30.03,29.965,29.97,17630.0
2026-09-08,2026-09-08 12:35:00,29.97,30.02,29.935,29.98,20224.0
2026-09-08,2026-09-08 12:40:00,29.99,30.1,29.98,30.0,39970.0
2026-09-08,2026-09-08 12:45:00,29.99,30.105,29.975,30.1,24770.0
2026-09-08,2026-09-08 12:50:00,30.09,30.11,30.02,30.02,25801.0
2026-09-08,2026-09-08 12:55:00,30.04,30.078,29.985,29.985,24752.0
2026-09-08,2026-09-08 13:00:00,29.985,30.02,29.91,29.92,73226.0
2026-09-08,2026-09-08 13:05:00,29.92,30.04,29.91,30.04,42360.0
2026-09-08,2026-09-08 13:10:00,30.04,30.09,29.985,30.035,37353.0
2026-09-08,2026-09-08 13:15:00,30.04,30.14,30.035,30.12,17853.0
2026-09-08,2026-09-08 13:20:00,30.12,30.15,30.06,30.07,31736.0
2026-09-08,2026-09-08 13:25:00,30.065,30.065,30.005,30.03,41164.0
2026-09-08,2026-09-08 13:30:00,30.03,30.08,30.01,30.08,31089.0
2026-09-08,2026-09-08 13:35:00,30.08,30.1,29.99,30.0,66615.0
2026-09-08,2026-09-08 13:40:00,30.005,30.035,29.92,30.015,117685.0
2026-09-08,2026-09-08 13:45:00,30.015,30.05,29.95,30.05,41883.0
2026-09-08,2026-09-08 13:50:00,30.06,30.14,30.03,30.05,66288.0
2026-09-08,2026-09-08 13:55:00,30.08,30.14,30.06,30.11,91301.0
2026-09-08,2026-09-08 14:00:00,30.12,30.13,30.07,30.12,32075.0
2026-09-08,2026-09-08 14:05:00,30.12,30.25,30.08,30.19,71230.0
2026-09-08,2026-09-08 14:10:00,30.2,30.29,30.2,30.26,68189.0
2026-09-08,2026-09-08 14:15:00,30.22,30.275,30.19,30.275,37633.0
2026-09-08,2026-09-08 14:20:00,30.28,30.28,30.21,30.21,28537.0
2026-09-08,2026-09-08 14:25:00,30.21,30.23,30.15,30.165,50277.0
2026-09-08,2026-09-08 14:30:00,30.16,30.16,30.0,30.04,62508.0
2026-09-08,2026-09-08 14:35:00,30.035,30.045,29.84,29.88,106718.0
2026-09-08,2026-09-08 14:40:00,29.885,29.98,29.86,29.97,35810.0
2026-09-08,2026-09-08 14:45:00,29.98,29.99,29.92,29.96,20389.0
2026-09-08,2026-09-08 14:50:00,29.96,30.04,29.93,29.96,46421.0
2026-09-08,2026-09-08 14:55:00,29.94,29.98,29.91,29.98,23252.0
2026-09-08,2026-09-08 15:00:00,29.98,30.07,29.98,30.0679,27760.0
2026-09-08,2026-09-08 15:05:00,30.05,30.07,29.91,29.97,61156.0
2026-09-08,2026-09-08 15:10:00,29.99,30.045,29.91,29.9977,45229.0
2026-09-08,2026-09-08 15:15:00,29.98,30.35,29.98,30.32,52991.0
2026-09-08,2026-09-08 15:20:00,30.33,30.33,30.17,30.22,168456.0
2026-09-08,2026-09-08 15:25:00,30.19,30.19,29.94,30.1,80811.0
2026-09-08,2026-09-08 15:30:00,30.1,30.2,30.06,30.155,87129.0
2026-09-08,2026-09-08 15:35:00,30.14,30.28,30.04,30.23,96233.0
2026-09-08,2026-09-08 15:40:00,30.23,30.345,30.2015,30.26,149078.0
2026-09-08,2026-09-08 15:45:00,30.25,30.26,30.105,30.25,70092.0
2026-09-08,2026-09-08 15:50:00,30.25,30.3,30.14,30.23,140001.0
2026-09-08,2026-09-08 15:55:00,30.24,30.34,30.05,30.195,297750.0
2026-09-08,2026-09-08 16:00:00,30.2,30.36,30.08,30.31,843128.0
2026-09-09,2026-09-09 09:35:00,26.18,26.2579,24.85,25.255,672355.0
2026-09-09,2026-09-09 09:40:00,25.22,25.54,24.91,24.912,301295.0
2026-09-09,2026-09-09 09:45:00,24.93,25.3999,24.91,25.21,276440.0
2026-09-09,2026-09-09 09:50:00,25.218,25.85,25.21,25.7999,383125.0
2026-09-09,2026-09-09 09:55:00,25.7929,26.05,25.21,25.259,286929.0
2026-09-09,2026-09-09 10:00:00,25.25,25.36,25.08,25.29,114294.0
2026-09-09,2026-09-09 10:05:00,25.27,25.38,25.19,25.34,130300.0
2026-09-09,2026-09-09 10:10:00,25.34,25.4099,24.81,24.88,182419.0
2026-09-09,2026-09-09 10:15:00,24.885,25.1722,24.85,25.015,201878.0
2026-09-09,2026-09-09 10:20:00,25.0,25.275,24.9602,25.22,286086.0
2026-09-09,2026-09-09 10:25:00,25.22,25.36,25.14,25.215,121197.0
2026-09-09,2026-09-09 10:30:00,25.2038,25.61,25.19,25.47,178664.0
2026-09-09,2026-09-09 10:35:00,25.49,25.635,25.34,25.38,138892.0
2026-09-09,2026-09-09 10:40:00,25.38,25.55,25.31,25.31,110156.0
2026-09-09,2026-09-09 10:45:00,25.31,25.33,24.9201,25.01,143067.0
2026-09-09,2026-09-09 10:50:00,25.02,25.185,25.005,25.14,87279.0
2026-09-09,2026-09-09 10:55:00,25.14,25.14,24.9,24.905,111601.0
2026-09-09,2026-09-09 11:00:00,24.905,24.97,24.795,24.838,149822.0
2026-09-09,2026-09-09 11:05:00,24.8362,24.89,24.6801,24.71,135243.0
2026-09-09,2026-09-09 11:10:00,24.715,24.9672,24.715,24.93,112847.0
2026-09-09,2026-09-09 11:15:00,24.93,24.95,24.723,24.73,110373.0
2026-09-09,2026-09-09 11:20:00,24.73,24.755,24.58,24.58,125471.0
2026-09-09,2026-09-09 11:25:00,24.585,24.66,24.43,24.43,118137.0
2026-09-09,2026-09-09 11:30:00,24.43,24.495,24.39,24.4825,147286.0
2026-09-09,2026-09-09 11:35:00,24.495,24.57,24.38,24.53,112062.0
2026-09-09,2026-09-09 11:40:00,24.53,24.73,24.53,24.715,110676.0
2026-09-09,2026-09-09 11:45:00,24.7299,24.93,24.68,24.8892,135107.0
2026-09-09,2026-09-09 11:50:00,24.8918,24.905,24.585,24.6088,97390.0
2026-09-09,2026-09-09 11:55:00,24.6,24.71,24.535,24.605,57214.0
2026-09-09,2026-09-09 12:00:00,24.61,24.695,24.61,24.685,47105.0
2026-09-09,2026-09-09 12:05:00,24.69,24.7,24.635,24.645,80160.0
2026-09-09,2026-09-09 12:10:00,24.645,24.65,24.505,24.51,75274.0
2026-09-09,2026-09-09 12:15:00,24.505,24.6599,24.47,24.57,70909.0
2026-09-09,2026-09-09 12:20:00,24.57,24.66,24.49,24.5,59869.0
2026-09-09,2026-09-09 12:25:00,24.5,24.58,24.435,24.535,76258.0
2026-09-09,2026-09-09 12:30:00,24.53,24.555,24.465,24.49,52780.0
2026-09-09,2026-09-09 12:35:00,24.49,24.5699,24.47,24.55,51866.0
2026-09-09,2026-09-09 12:40:00,24.555,24.585,24.51,24.55,53407.0
2026-09-09,2026-09-09 12:45:00,24.55,24.5799,24.515,24.569,57279.0
2026-09-09,2026-09-09 12:50:00,24.57,24.61,24.485,24.6,78914.0
2026-09-09,2026-09-09 12:55:00,24.59,24.69,24.581,24.585,56562.0
2026-09-09,2026-09-09 13:00:00,24.5801,24.6099,24.5601,24.565,32471.0
2026-09-09,2026-09-09 13:05:00,24.57,24.615,24.49,24.49,53855.0
2026-09-09,2026-09-09 13:10:00,24.49,24.52,24.4,24.405,47701.0
2026-09-09,2026-09-09 13:15:00,24.405,24.5,24.405,24.5,55150.0
2026-09-09,2026-09-09 13:20:00,24.4901,24.55,24.455,24.5185,59118.0
2026-09-09,2026-09-09 13:25:00,24.5099,24.55,24.48,24.495,42810.0
2026-09-09,2026-09-09 13:30:00,24.495,24.565,24.41,24.44,54576.0
2026-09-09,2026-09-09 13:35:00,24.44,24.54,24.44,24.455,38964.0
2026-09-09,2026-09-09 13:40:00,24.455,24.455,24.318,24.37,76591.0
2026-09-09,2026-09-09 13:45:00,24.3799,24.4,24.29,24.31,51807.0
2026-09-09,2026-09-09 13:50:00,24.305,24.5,24.305,24.45,71750.0
2026-09-09,2026-09-09 13:55:00,24.45,24.48,24.37,24.45,53192.0
2026-09-09,2026-09-09 14:00:00,24.45,24.4595,24.3001,24.35,113731.0
2026-09-09,2026-09-09 14:05:00,24.35,24.3774,24.31,24.31,43190.0
2026-09-09,2026-09-09 14:10:00,24.315,24.42,24.305,24.345,43853.0
2026-09-09,2026-09-09 14:15:00,24.349,24.36,24.32,24.335,40672.0
2026-09-09,2026-09-09 14:20:00,24.335,24.42,24.31,24.415,47536.0
2026-09-09,2026-09-09 14:25:00,24.41,24.41,24.2701,24.285,86332.0
2026-09-09,2026-09-09 14:30:00,24.2801,24.3,24.25,24.265,35786.0
2026-09-09,2026-09-09 14:35:00,24.265,24.341,24.24,24.25,68060.0
2026-09-09,2026-09-09 14:40:00,24.25,24.26,24.19,24.191,41556.0
2026-09-09,2026-09-09 14:45:00,24.1901,24.2891,24.19,24.215,94879.0
2026-09-09,2026-09-09 14:50:00,24.215,24.215,24.085,24.1032,107041.0
2026-09-09,2026-09-09 14:55:00,24.109,24.21,24.075,24.12,97139.0
2026-09-09,2026-09-09 15:00:00,24.13,24.1899,24.125,24.16,40416.0
2026-09-09,2026-09-09 15:05:00,24.155,24.185,24.07,24.155,90901.0
2026-09-09,2026-09-09 15:10:00,24.155,24.17,24.1116,24.125,65451.0
2026-09-09,2026-09-09 15:15:00,24.13,24.14,23.96,24.02,165338.0
2026-09-09,2026-09-09 15:20:00,24.0,24.0681,23.9941,24.015,56490.0
2026-09-09,2026-09-09 15:25:00,24.015,24.06,24.0001,24.055,86861.0
2026-09-09,2026-09-09 15:30:00,24.055,24.07,23.9901,24.01,103406.0
2026-09-09,2026-09-09 15:35:00,24.015,24.05,23.9801,24.045,114818.0
2026-09-09,2026-09-09 15:40:00,24.045,24.0599,23.9701,23.975,111027.0
2026-09-09,2026-09-09 15:45:00,23.971,23.975,23.83,23.855,156535.0
2026-09-09,2026-09-09 15:50:00,23.855,23.875,23.67,23.82,275113.0
2026-09-09,2026-09-09 15:55:00,23.82,23.84,23.6401,23.68,257803.0
2026-09-09,2026-09-09 16:00:00,23.67,23.76,23.5901,23.725,906898.0
2026-09-10,2026-09-10 09:35:00,23.48,23.91,23.38,23.7873,97734.0
2026-09-10,2026-09-10 09:40:00,23.745,23.94,23.69,23.815,54075.0
2026-09-10,2026-09-10 09:45:00,23.815,24.0347,23.805,23.9935,75278.0
2026-09-10,2026-09-10 09:50:00,23.98,24.3599,23.96,24.3035,127402.0
2026-09-10,2026-09-10 09:55:00,24.27,24.33,24.16,24.195,43375.0
2026-09-10,2026-09-10 10:00:00,24.22,24.46,24.205,24.37,100374.0
2026-09-10,2026-09-10 10:05:00,24.3646,24.5,24.2601,24.28,93891.0
2026-09-10,2026-09-10 10:10:00,24.29,24.45,24.115,24.14,79103.0
2026-09-10,2026-09-10 10:15:00,24.13,24.2258,24.0,24.1485,55564.0
2026-09-10,2026-09-10 10:20:00,24.135,24.275,24.115,24.2204,44504.0
2026-09-10,2026-09-10 10:25:00,24.24,24.42,24.24,24.42,33411.0
2026-09-10,2026-09-10 10:30:00,24.42,24.425,24.34,24.355,41127.0
2026-09-10,2026-09-10 10:35:00,24.355,24.37,24.205,24.29,33555.0
2026-09-10,2026-09-10 10:40:00,24.29,24.3,24.22,24.3,30964.0
2026-09-10,2026-09-10 10:45:00,24.305,24.32,24.22,24.24,26549.0
2026-09-10,2026-09-10 10:50:00,24.25,24.334,24.245,24.26,25057.0
2026-09-10,2026-09-10 10:55:00,24.2581,24.268,24.17,24.17,33580.0
2026-09-10,2026-09-10 11:00:00,24.17,24.17,24.1,24.109,38361.0
2026-09-10,2026-09-10 11:05:00,24.11,24.14,24.0911,24.13,22214.0
2026-09-10,2026-09-10 11:10:00,24.135,24.195,24.135,24.165,25350.0
2026-09-10,2026-09-10 11:15:00,24.16,24.165,24.13,24.135,17239.0
2026-09-10,2026-09-10 11:20:00,24.135,24.135,23.94,24.05,102286.0
2026-09-10,2026-09-10 11:25:00,24.055,24.055,23.955,24.025,29936.0
2026-09-10,2026-09-10 11:30:00,24.035,24.055,24.025,24.035,18853.0
2026-09-10,2026-09-10 11:35:00,24.035,24.045,24.01,24.01,20610.0
2026-09-10,2026-09-10 11:40:00,24.015,24.08,23.985,24.005,41814.0
2026-09-10,2026-09-10 11:45:00,24.01,24.055,24.01,24.05,18456.0
2026-09-10,2026-09-10 11:50:00,24.055,24.1085,24.055,24.105,24797.0
2026-09-10,2026-09-10 11:55:00,24.105,24.105,24.09,24.095,10080.0
2026-09-10,2026-09-10 12:00:00,24.09,24.13,24.0,24.125,36410.0
2026-09-10,2026-09-10 12:05:00,24.13,24.135,24.065,24.085,32174.0
2026-09-10,2026-09-10 12:10:00,24.09,24.095,24.07,24.075,10976.0
2026-09-10,2026-09-10 12:15:00,24.075,24.195,24.06,24.195,41762.0
2026-09-10,2026-09-10 12:20:00,24.195,24.2,24.19,24.195,10553.0
2026-09-10,2026-09-10 12:25:00,24.195,24.27,24.195,24.2699,24809.0
2026-09-10,2026-09-10 12:30:00,24.265,24.28,24.265,24.275,16975.0
2026-09-10,2026-09-10 12:35:00,24.275,24.28,24.24,24.2499,20837.0
2026-09-10,2026-09-10 12:40:00,24.24,24.245,24.221,24.225,11075.0
2026-09-10,2026-09-10 12:45:00,24.225,24.225,24.11,24.165,37762.0
2026-09-10,2026-09-10 12:50:00,24.165,24.22,24.165,24.215,14012.0
2026-09-10,2026-09-10 12:55:00,24.215,24.219,24.21,24.219,9223.0
2026-09-10,2026-09-10 13:00:00,24.215,24.219,24.19,24.195,14785.0
2026-09-10,2026-09-10 13:05:00,24.195,24.31,24.195,24.26,36611.0
2026-09-10,2026-09-10 13:10:00,24.26,24.48,24.26,24.351,32958.0
2026-09-10,2026-09-10 13:15:00,24.35,24.4155,24.345,24.355,14076.0
2026-09-10,2026-09-10 13:20:00,24.355,24.42,24.34,24.34,29452.0
2026-09-10,2026-09-10 13:25:00,24.335,24.3391,24.325,24.325,9441.0
2026-09-10,2026-09-10 13:30:00,24.325,24.325,24.26,24.265,16783.0
2026-09-10,2026-09-10 13:35:00,24.265,24.265,24.235,24.235,11330.0
2026-09-10,2026-09-10 13:40:00,24.23,24.235,24.175,24.185,30902.0
2026-09-10,2026-09-10 13:45:00,24.185,24.219,24.185,24.2001,19008.0
2026-09-10,2026-09-10 13:50:00,24.2001,24.205,24.165,24.1688,17334.0
2026-09-10,2026-09-10 13:55:00,24.165,24.185,24.16,24.165,15983.0
2026-09-10,2026-09-10 14:00:00,24.165,24.165,24.135,24.135,16540.0
2026-09-10,2026-09-10 14:05:00,24.135,24.135,24.055,24.055,11993.0
2026-09-10,2026-09-10 14:10:00,24.059,24.065,24.0025,24.055,69930.0
2026-09-10,2026-09-10 14:15:00,24.055,24.11,24.04,24.1,30662.0
2026-09-10,2026-09-10 14:20:00,24.1,24.145,24.1,24.145,24922.0
2026-09-10,2026-09-10 14:25:00,24.15,24.16,24.13,24.1301,20662.0
2026-09-10,2026-09-10 14:30:00,24.13,24.13,24.08,24.08,12650.0
2026-09-10,2026-09-10 14:35:00,24.085,24.085,24.07,24.075,11162.0
2026-09-10,2026-09-10 14:40:00,24.08,24.08,24.065,24.065,15650.0
2026-09-10,2026-09-10 14:45:00,24.065,24.07,24.06,24.065,8806.0
2026-09-10,2026-09-10 14:50:00,24.065,24.07,24.015,24.065,55500.0
2026-09-10,2026-09-10 14:55:00,24.065,24.13,24.0625,24.115,19706.0
2026-09-10,2026-09-10 15:00:00,24.115,24.125,24.115,24.125,18228.0
2026-09-10,2026-09-10 15:05:00,24.125,24.16,24.1201,24.1501,27347.0
2026-09-10,2026-09-10 15:10:00,24.155,24.255,24.15,24.255,36317.0
2026-09-10,2026-09-10 15:15:00,24.26,24.42,24.26,24.42,30032.0
2026-09-10,2026-09-10 15:20:00,24.4174,24.4872,24.4174,24.445,83153.0
2026-09-10,2026-09-10 15:25:00,24.445,24.4475,24.4003,24.415,47659.0
2026-09-10,2026-09-10 15:30:00,24.414,24.415,24.3,24.3,49688.0
2026-09-10,2026-09-10 15:35:00,24.3001,24.3001,24.25,24.275,70892.0
2026-09-10,2026-09-10 15:40:00,24.275,24.275,24.25,24.255,36715.0
2026-09-10,2026-09-10 15:45:00,24.255,24.325,24.22,24.32,102813.0
2026-09-10,2026-09-10 15:50:00,24.325,24.405,24.28,24.375,128786.0
2026-09-10,2026-09-10 15:55:00,24.375,24.3795,24.29,24.35,183660.0
2026-09-10,2026-09-10 16:00:00,24.35,24.35,24.26,24.265,529469.0
