day,time,open,high,low,close,volume
2026-06-12,2026-06-12 09:35:00,68.09,68.18,67.26,67.375,37371.0
2026-06-12,2026-06-12 09:40:00,67.25,67.62,67.25,67.62,10472.0
2026-06-12,2026-06-12 09:45:00,67.62,67.62,67.148,67.255,5761.0
2026-06-12,2026-06-12 09:50:00,67.14,67.14,66.82,66.95,5049.0
2026-06-12,2026-06-12 09:55:00,66.95,67.01,66.84,66.96,9561.0
2026-06-12,2026-06-12 10:00:00,66.81,66.935,66.7301,66.935,6108.0
2026-06-12,2026-06-12 10:05:00,67.02,67.25,67.02,67.125,10061.0
2026-06-12,2026-06-12 10:10:00,67.08,67.13,66.825,66.825,12511.0
2026-06-12,2026-06-12 10:15:00,66.93,67.08,66.73,66.82,13434.0
2026-06-12,2026-06-12 10:20:00,66.77,66.89,66.64,66.64,9189.0
2026-06-12,2026-06-12 10:25:00,66.63,66.7077,66.44,66.575,24882.0
2026-06-12,2026-06-12 10:30:00,66.59,66.71,66.51,66.51,12810.0
2026-06-12,2026-06-12 10:35:00,66.535,66.65,66.5,66.64,14940.0
2026-06-12,2026-06-12 10:40:00,66.69,66.765,66.58,66.765,16473.0
2026-06-12,2026-06-12 10:45:00,66.74,66.74,66.51,66.525,11940.0
2026-06-12,2026-06-12 10:50:00,66.54,66.59,66.41,66.47,13042.0
2026-06-12,2026-06-12 10:55:00,66.51,67.21,66.51,67.16,44422.0
2026-06-12,2026-06-12 11:00:00,67.17,67.3,67.07,67.3,14856.0
2026-06-12,2026-06-12 11:05:00,67.21,67.38,67.21,67.2511,17003.0
2026-06-12,2026-06-12 11:10:00,67.2525,67.455,67.235,67.4175,21098.0
2026-06-12,2026-06-12 11:15:00,67.41,67.46,67.31,67.38,23120.0
2026-06-12,2026-06-12 11:20:00,67.38,67.45,67.315,67.38,14023.0
2026-06-12,2026-06-12 11:25:00,67.37,67.545,67.37,67.545,10602.0
2026-06-12,2026-06-12 11:30:00,67.55,67.56,67.42,67.45,12030.0
2026-06-12,2026-06-12 11:35:00,67.43,67.47,67.35,67.35,16274.0
2026-06-12,2026-06-12 11:40:00,67.355,67.44,67.2,67.305,33058.0
2026-06-12,2026-06-12 11:45:00,67.26,67.36,67.23,67.345,7093.0
2026-06-12,2026-06-12 11:50:00,67.37,67.42,67.294347,67.34,16064.0
2026-06-12,2026-06-12 11:55:00,67.33,67.37,67.28,67.34,14248.0
2026-06-12,2026-06-12 12:00:00,67.34,67.34,67.27,67.27,9117.0
2026-06-12,2026-06-12 12:05:00,67.27,67.27,67.096,67.19,16252.0
2026-06-12,2026-06-12 12:10:00,67.16,67.2,67.040377,67.2,19700.0
2026-06-12,2026-06-12 12:15:00,67.16,67.39,67.115,67.26,17838.0
2026-06-12,2026-06-12 12:20:00,67.35,67.35,67.17,67.175,7904.0
2026-06-12,2026-06-12 12:25:00,67.17,67.3,67.14,67.265,13845.0
2026-06-12,2026-06-12 12:30:00,67.23,67.32,67.23,67.26,8624.0
2026-06-12,2026-06-12 12:35:00,67.26,67.33,67.23,67.325,8414.0
2026-06-12,2026-06-12 12:40:00,67.33,67.34,67.27,67.34,9034.0
2026-06-12,2026-06-12 12:45:00,67.37,67.45,67.33,67.38,10747.0
2026-06-12,2026-06-12 12:50:00,67.38,67.46,67.37,67.41,7574.0
2026-06-12,2026-06-12 12:55:00,67.365,67.39,67.325,67.345,7605.0
2026-06-12,2026-06-12 13:00:00,67.345,67.36,67.22,67.315,10139.0
2026-06-12,2026-06-12 13:05:00,67.3,67.33,67.25,67.25,11091.0
2026-06-12,2026-06-12 13:10:00,67.2585,67.33,67.22,67.305,10441.0
2026-06-12,2026-06-12 13:15:00,67.32,67.36,67.2,67.265,17896.0
2026-06-12,2026-06-12 13:20:00,67.29,67.621,67.29,67.5701,27776.0
2026-06-12,2026-06-12 13:25:00,67.635,67.67,67.56,67.565,21640.0
2026-06-12,2026-06-12 13:30:00,67.6,67.735,67.6,67.7,28896.0
2026-06-12,2026-06-12 13:35:00,67.71,67.735,67.66,67.66,11969.0
2026-06-12,2026-06-12 13:40:00,67.67,67.78,67.67,67.75,11934.0
2026-06-12,2026-06-12 13:45:00,67.72,67.755,67.67,67.67,15570.0
2026-06-12,2026-06-12 13:50:00,67.685,67.75,67.685,67.7,9794.0
2026-06-12,2026-06-12 13:55:00,67.7,67.73,67.69,67.72,13646.0
2026-06-12,2026-06-12 14:00:00,67.71,67.74,67.69,67.71,8379.0
2026-06-12,2026-06-12 14:05:00,67.7,67.74,67.64,67.66,14671.0
2026-06-12,2026-06-12 14:10:00,67.65,67.65,67.57,67.61,27335.0
2026-06-12,2026-06-12 14:15:00,67.605,67.66,67.59,67.625,23396.0
2026-06-12,2026-06-12 14:20:00,67.61,67.665,67.61,67.645,18872.0
2026-06-12,2026-06-12 14:25:00,67.66,67.71,67.66,67.71,25236.0
2026-06-12,2026-06-12 14:30:00,67.705,67.75,67.6999,67.75,14382.0
2026-06-12,2026-06-12 14:35:00,67.75,67.87,67.75,67.82,14456.0
2026-06-12,2026-06-12 14:40:00,67.81,67.81,67.72,67.785,12039.0
2026-06-12,2026-06-12 14:45:00,67.805,67.88,67.76,67.81,16429.0
2026-06-12,2026-06-12 14:50:00,67.805,67.86,67.76,67.805,13669.0
2026-06-12,2026-06-12 14:55:00,67.78,67.78,67.72,67.765,11532.0
2026-06-12,2026-06-12 15:00:00,67.78,67.8,67.75,67.75,10694.0
2026-06-12,2026-06-12 15:05:00,67.75,67.84,67.75,67.84,12567.0
2026-06-12,2026-06-12 15:10:00,67.83,67.83,67.74,67.78,12876.0
2026-06-12,2026-06-12 15:15:00,67.79,67.84,67.79,67.81,15154.0
2026-06-12,2026-06-12 15:20:00,67.81,67.84,67.77,67.82,11716.0
2026-06-12,2026-06-12 15:25:00,67.81,67.925,67.8,67.86,27628.0
2026-06-12,2026-06-12 15:30:00,67.864088,67.88,67.8,67.8199,26740.0
2026-06-12,2026-06-12 15:35:00,67.82,67.84,67.79,67.79,26995.0
2026-06-12,2026-06-12 15:40:00,67.79,67.825,67.74,67.76,44712.0
2026-06-12,2026-06-12 15:45:00,67.76,67.81,67.75,67.81,33675.0
2026-06-12,2026-06-12 15:50:00,67.81,67.885,67.785,67.85,40558.0
2026-06-12,2026-06-12 15:55:00,67.86,67.94,67.85,67.93,55226.0
2026-06-12,2026-06-12 16:00:00,67.94,68.0425,67.845,67.88,600939.0
2026-06-15,2026-06-15 09:35:00,68.22,68.435,67.78,67.78,19842.0
2026-06-15,2026-06-15 09:40:00,67.77,68.65,67.77,68.65,14281.0
2026-06-15,2026-06-15 09:45:00,68.59,68.59,68.21,68.49,12403.0
2026-06-15,2026-06-15 09:50:00,68.4,68.4,68.16,68.36,13238.0
2026-06-15,2026-06-15 09:55:00,68.44,68.44,68.2,68.315,16104.0
2026-06-15,2026-06-15 10:00:00,68.32,68.32,68.16,68.19,15040.0
2026-06-15,2026-06-15 10:05:00,68.17,68.33,68.06,68.13,27065.0
2026-06-15,2026-06-15 10:10:00,68.06,68.17,68.055,68.135,13685.0
2026-06-15,2026-06-15 10:15:00,68.12,68.18,68.065,68.09,16336.0
2026-06-15,2026-06-15 10:20:00,68.15,68.21,68.03,68.185,17740.0
2026-06-15,2026-06-15 10:25:00,68.185,68.185,67.94,68.0,24286.0
2026-06-15,2026-06-15 10:30:00,68.01,68.0699,67.97,68.02,21565.0
2026-06-15,2026-06-15 10:35:00,67.98,68.02,67.88,68.0,17755.0
2026-06-15,2026-06-15 10:40:00,68.045,68.065,67.82,67.83,32877.0
2026-06-15,2026-06-15 10:45:00,67.86,67.91,67.77,67.91,12687.0
2026-06-15,2026-06-15 10:50:00,67.93,68.0,67.89,67.92,13008.0
2026-06-15,2026-06-15 10:55:00,67.92,67.96,67.88,67.96,8805.0
2026-06-15,2026-06-15 11:00:00,67.99,68.0,67.93,67.97,16905.0
2026-06-15,2026-06-15 11:05:00,67.97,67.98,67.88,67.96,17633.0
2026-06-15,2026-06-15 11:10:00,67.965,68.01,67.89,67.933,14048.0
2026-06-15,2026-06-15 11:15:00,67.915,68.0,67.85,67.92,12302.0
2026-06-15,2026-06-15 11:20:00,67.935,68.01,67.86,67.86,12273.0
2026-06-15,2026-06-15 11:25:00,67.9,67.95,67.87,67.87,9519.0
2026-06-15,2026-06-15 11:30:00,67.8306,67.93,67.81,67.81,15800.0
2026-06-15,2026-06-15 11:35:00,67.83,67.96,67.79,67.86,15188.0
2026-06-15,2026-06-15 11:40:00,67.89,67.945,67.89,67.905,8888.0
2026-06-15,2026-06-15 11:45:00,67.89,68.06,67.89,68.06,25367.0
2026-06-15,2026-06-15 11:50:00,68.025,68.105,68.0,68.03,12122.0
2026-06-15,2026-06-15 11:55:00,68.055,68.07,67.96,67.98,14615.0
2026-06-15,2026-06-15 12:00:00,67.99,68.02,67.935,67.945,14566.0
2026-06-15,2026-06-15 12:05:00,67.93636,68.01,67.92,68.005,14180.0
2026-06-15,2026-06-15 12:10:00,68.005,68.02,67.92,67.93,8455.0
2026-06-15,2026-06-15 12:15:00,67.915,67.98,67.91,67.95,15283.0
2026-06-15,2026-06-15 12:20:00,67.95,68.08,67.95,67.98,16554.0
2026-06-15,2026-06-15 12:25:00,67.98,68.04,67.97,68.03,12304.0
2026-06-15,2026-06-15 12:30:00,68.03,68.08,67.985,68.03,21511.0
2026-06-15,2026-06-15 12:35:00,68.03,68.05,67.99,68.021,13206.0
2026-06-15,2026-06-15 12:40:00,68.02,68.04,67.98,68.005,9486.0
2026-06-15,2026-06-15 12:45:00,67.96,67.98,67.87,67.885,12118.0
2026-06-15,2026-06-15 12:50:00,67.91,67.92,67.88,67.885,10697.0
2026-06-15,2026-06-15 12:55:00,67.88,67.9,67.83,67.865,10866.0
2026-06-15,2026-06-15 13:00:00,67.87,67.91,67.815,67.83,16645.0
2026-06-15,2026-06-15 13:05:00,67.82,67.82,67.75,67.76,11292.0
2026-06-15,2026-06-15 13:10:00,67.75,67.76,67.655,67.715,13138.0
2026-06-15,2026-06-15 13:15:00,67.715,67.78,67.7075,67.77,9463.0
2026-06-15,2026-06-15 13:20:00,67.75,67.79,67.73,67.73,13673.0
2026-06-15,2026-06-15 13:25:00,67.73,67.82,67.73,67.785,16399.0
2026-06-15,2026-06-15 13:30:00,67.77,67.83,67.72,67.75,11264.0
2026-06-15,2026-06-15 13:35:00,67.69,67.705,67.57,67.61,18700.0
2026-06-15,2026-06-15 13:40:00,67.64,67.92,67.615,67.9,34396.0
2026-06-15,2026-06-15 13:45:00,67.935,67.94,67.77,67.785,21762.0
2026-06-15,2026-06-15 13:50:00,67.79,67.84,67.74,67.75,27062.0
2026-06-15,2026-06-15 13:55:00,67.745,67.795,67.71,67.725,28259.0
2026-06-15,2026-06-15 14:00:00,67.725,67.775,67.725,67.765,25906.0
2026-06-15,2026-06-15 14:05:00,67.77,67.775,67.72,67.73,28673.0
2026-06-15,2026-06-15 14:10:00,67.735,67.785,67.66,67.69,33638.0
2026-06-15,2026-06-15 14:15:00,67.685,67.725,67.66,67.725,25731.0
2026-06-15,2026-06-15 14:20:00,67.74,67.78,67.73,67.75,25070.0
2026-06-15,2026-06-15 14:25:00,67.755,67.815,67.715,67.805,40618.0
2026-06-15,2026-06-15 14:30:00,67.82,67.82,67.74,67.745,22596.0
2026-06-15,2026-06-15 14:35:00,67.755,67.86,67.71,67.74,28821.0
2026-06-15,2026-06-15 14:40:00,67.75,67.83,67.75,67.805,15260.0
2026-06-15,2026-06-15 14:45:00,67.815,67.86,67.78,67.805,17487.0
2026-06-15,2026-06-15 14:50:00,67.805,67.82,67.62,67.62,24252.0
2026-06-15,2026-06-15 14:55:00,67.625,67.665,67.595,67.665,21592.0
2026-06-15,2026-06-15 15:00:00,67.665,67.765,67.66,67.73,38302.0
2026-06-15,2026-06-15 15:05:00,67.735,67.775,67.71,67.775,27424.0
2026-06-15,2026-06-15 15:10:00,67.775,67.805,67.71,67.71,29381.0
2026-06-15,2026-06-15 15:15:00,67.71,67.8,67.71,67.8,20946.0
2026-06-15,2026-06-15 15:20:00,67.82,67.89,67.82,67.82,27481.0
2026-06-15,2026-06-15 15:25:00,67.83,67.9,67.825,67.875,30923.0
2026-06-15,2026-06-15 15:30:00,67.88,67.99,67.88,67.975,35456.0
2026-06-15,2026-06-15 15:35:00,67.975,68.01,67.86,67.86,65075.0
2026-06-15,2026-06-15 15:40:00,67.855,67.865,67.77,67.83,49189.0
2026-06-15,2026-06-15 15:45:00,67.82,67.83,67.705,67.76,47974.0
2026-06-15,2026-06-15 15:50:00,67.76,67.84,67.72,67.775,56747.0
2026-06-15,2026-06-15 15:55:00,67.76,67.83,67.74,67.79,71434.0
2026-06-15,2026-06-15 16:00:00,67.74,67.8,67.56,67.76,778996.0
2026-06-16,2026-06-16 09:35:00,67.92,68.03,67.515,67.94,38074.0
2026-06-16,2026-06-16 09:40:00,67.89,68.4,67.88,68.01,9454.0
2026-06-16,2026-06-16 09:45:00,68.17,68.17,67.94,68.025,7083.0
2026-06-16,2026-06-16 09:50:00,68.025,68.025,67.7,67.715,10149.0
2026-06-16,2026-06-16 09:55:00,67.71,67.8,67.48,67.68,14767.0
2026-06-16,2026-06-16 10:00:00,67.695,67.82,67.555,67.82,25975.0
2026-06-16,2026-06-16 10:05:00,67.835,67.97,67.73,67.76,16287.0
2026-06-16,2026-06-16 10:10:00,67.76,67.77,67.58,67.63,14976.0
2026-06-16,2026-06-16 10:15:00,67.63,67.79,67.6,67.65,15679.0
2026-06-16,2026-06-16 10:20:00,67.57,67.81,67.57,67.76,13443.0
2026-06-16,2026-06-16 10:25:00,67.76,67.9,67.76,67.86,32132.0
2026-06-16,2026-06-16 10:30:00,67.81,67.91,67.705,67.86,27091.0
2026-06-16,2026-06-16 10:35:00,67.86,67.9899,67.7501,67.83,9986.0
2026-06-16,2026-06-16 10:40:00,67.87,68.06,67.86,68.02,21354.0
2026-06-16,2026-06-16 10:45:00,68.02,68.02,67.8,67.8,61660.0
2026-06-16,2026-06-16 10:50:00,67.8,67.98,67.79,67.845,32905.0
2026-06-16,2026-06-16 10:55:00,67.82,67.88,67.75,67.83,28772.0
2026-06-16,2026-06-16 11:00:00,67.83,67.95,67.7801,67.91,22672.0
2026-06-16,2026-06-16 11:05:00,67.91,67.99,67.87,67.94,44194.0
2026-06-16,2026-06-16 11:10:00,67.9,67.95,67.79,67.79,79654.0
2026-06-16,2026-06-16 11:15:00,67.78,67.81,67.63,67.665,98152.0
2026-06-16,2026-06-16 11:20:00,67.665,67.87,67.665,67.87,16833.0
2026-06-16,2026-06-16 11:25:00,67.87,67.92,67.83,67.9,18960.0
2026-06-16,2026-06-16 11:30:00,67.89,68.02,67.89,67.93,12143.0
2026-06-16,2026-06-16 11:35:00,67.94,67.95,67.78,67.825,24433.0
2026-06-16,2026-06-16 11:40:00,67.81,67.87,67.79,67.8,25076.0
2026-06-16,2026-06-16 11:45:00,67.805,67.84,67.79,67.82,18859.0
2026-06-16,2026-06-16 11:50:00,67.815,67.8799,67.8,67.845,22648.0
2026-06-16,2026-06-16 11:55:00,67.86,67.905,67.81,67.81,20984.0
2026-06-16,2026-06-16 12:00:00,67.83,67.86,67.8,67.81,18273.0
2026-06-16,2026-06-16 12:05:00,67.83,67.86,67.77,67.825,17258.0
2026-06-16,2026-06-16 12:10:00,67.82,67.82,67.77,67.8,20758.0
2026-06-16,2026-06-16 12:15:00,67.8,67.83,67.775,67.83,19598.0
2026-06-16,2026-06-16 12:20:00,67.84,67.905,67.84,67.875,17477.0
2026-06-16,2026-06-16 12:25:00,67.885,67.9,67.845,67.855,18206.0
2026-06-16,2026-06-16 12:30:00,67.855,67.89,67.835,67.88,15955.0
2026-06-16,2026-06-16 12:35:00,67.875,67.92,67.875,67.91,15494.0
2026-06-16,2026-06-16 12:40:00,67.91,68.0,67.895,67.99,12800.0
2026-06-16,2026-06-16 12:45:00,68.0,68.01,67.96,68.01,11139.0
2026-06-16,2026-06-16 12:50:00,68.01,68.03,67.96,67.96,12542.0
2026-06-16,2026-06-16 12:55:00,67.96,67.98,67.93,67.98,22358.0
2026-06-16,2026-06-16 13:00:00,67.97,68.01,67.935,67.945,9425.0
2026-06-16,2026-06-16 13:05:00,67.97,67.97,67.82,67.83,15119.0
2026-06-16,2026-06-16 13:10:00,67.83,67.87,67.77,67.87,23379.0
2026-06-16,2026-06-16 13:15:00,67.85,67.87,67.81,67.87,15216.0
2026-06-16,2026-06-16 13:20:00,67.86,67.89,67.73,67.755,14271.0
2026-06-16,2026-06-16 13:25:00,67.7625,67.8,67.7,67.73,17870.0
2026-06-16,2026-06-16 13:30:00,67.74,67.78,67.72,67.73,14132.0
2026-06-16,2026-06-16 13:35:00,67.705,67.74,67.665,67.665,21105.0
2026-06-16,2026-06-16 13:40:00,67.68,67.715,67.62,67.62,19959.0
2026-06-16,2026-06-16 13:45:00,67.59,67.62,67.5725,67.61,13841.0
2026-06-16,2026-06-16 13:50:00,67.625,67.63,67.55,67.6,19755.0
2026-06-16,2026-06-16 13:55:00,67.59,67.59,67.525,67.55,15145.0
2026-06-16,2026-06-16 14:00:00,67.58,67.61,67.535,67.61,13816.0
2026-06-16,2026-06-16 14:05:00,67.615,67.63,67.575,67.585,16068.0
2026-06-16,2026-06-16 14:10:00,67.59,67.66,67.57,67.605,20752.0
2026-06-16,2026-06-16 14:15:00,67.61,67.695,67.5986,67.695,15298.0
2026-06-16,2026-06-16 14:20:00,67.7,67.72,67.68,67.71,18812.0
2026-06-16,2026-06-16 14:25:00,67.72,67.76,67.68,67.68,14819.0
2026-06-16,2026-06-16 14:30:00,67.67,67.71,67.67,67.71,13541.0
2026-06-16,2026-06-16 14:35:00,67.7,67.73,67.67,67.675,20388.0
2026-06-16,2026-06-16 14:40:00,67.68,67.725,67.68,67.71,13373.0
2026-06-16,2026-06-16 14:45:00,67.71,67.73,67.66,67.68,17509.0
2026-06-16,2026-06-16 14:50:00,67.695,67.75,67.69,67.7,15988.0
2026-06-16,2026-06-16 14:55:00,67.7,67.75,67.665,67.75,19074.0
2026-06-16,2026-06-16 15:00:00,67.77,67.82,67.7345,67.7345,18462.0
2026-06-16,2026-06-16 15:05:00,67.73,67.735,67.68,67.71,21061.0
2026-06-16,2026-06-16 15:10:00,67.715,67.72,67.65,67.69,22953.0
2026-06-16,2026-06-16 15:15:00,67.69,67.75,67.67,67.67,25463.0
2026-06-16,2026-06-16 15:20:00,67.68,67.71,67.645,67.685,22726.0
2026-06-16,2026-06-16 15:25:00,67.67,67.695,67.63,67.683236,31076.0
2026-06-16,2026-06-16 15:30:00,67.68,67.72,67.595,67.595,26811.0
2026-06-16,2026-06-16 15:35:00,67.6,67.65,67.52,67.52,30974.0
2026-06-16,2026-06-16 15:40:00,67.515,67.67,67.49,67.66,34165.0
2026-06-16,2026-06-16 15:45:00,67.65,67.68,67.56,67.56,37945.0
2026-06-16,2026-06-16 15:50:00,67.6,67.7,67.59,67.65,38340.0
2026-06-16,2026-06-16 15:55:00,67.66,67.66,67.5,67.505,66290.0
2026-06-16,2026-06-16 16:00:00,67.48,67.56,67.285,67.35,689672.0
2026-06-17,2026-06-17 09:35:00,66.18,66.43,65.817,66.43,45930.0
2026-06-17,2026-06-17 09:40:00,66.71,66.98,66.535,66.975,6592.0
2026-06-17,2026-06-17 09:45:00,66.94,66.94,66.8,66.93,3898.0
2026-06-17,2026-06-17 09:50:00,66.83,67.19,66.765,67.15,28785.0
2026-06-17,2026-06-17 09:55:00,67.22,67.22,66.94,66.995,24756.0
2026-06-17,2026-06-17 10:00:00,66.965,67.12,66.94,66.96,19725.0
2026-06-17,2026-06-17 10:05:00,67.03,67.055,66.88,66.92,32308.0
2026-06-17,2026-06-17 10:10:00,66.92,67.11,66.92,67.08,26346.0
2026-06-17,2026-06-17 10:15:00,67.08,67.1,66.78,66.87,31681.0
2026-06-17,2026-06-17 10:20:00,66.87,66.92,66.74,66.83,28867.0
2026-06-17,2026-06-17 10:25:00,66.83,67.18,66.655,67.04,52287.0
2026-06-17,2026-06-17 10:30:00,67.045,67.05,66.96,67.05,25945.0
2026-06-17,2026-06-17 10:35:00,67.06,67.075,66.96,66.98,28134.0
2026-06-17,2026-06-17 10:40:00,66.99,66.99,66.88,66.895,25391.0
2026-06-17,2026-06-17 10:45:00,66.89,66.89,66.7825,66.85,25325.0
2026-06-17,2026-06-17 10:50:00,66.85,66.85,66.59,66.75,35457.0
2026-06-17,2026-06-17 10:55:00,66.74,66.87,66.72,66.835,25910.0
2026-06-17,2026-06-17 11:00:00,66.835,66.85,66.79,66.84,31088.0
2026-06-17,2026-06-17 11:05:00,66.8475,66.905,66.78,66.89,32490.0
2026-06-17,2026-06-17 11:10:00,66.87,66.87,66.72,66.76,20851.0
2026-06-17,2026-06-17 11:15:00,66.75,66.8,66.66,66.78,43306.0
2026-06-17,2026-06-17 11:20:00,66.79,66.88,66.77,66.77,54245.0
2026-06-17,2026-06-17 11:25:00,66.76,66.94,66.73,66.94,29745.0
2026-06-17,2026-06-17 11:30:00,66.94,67.045,66.935,66.98,37252.0
2026-06-17,2026-06-17 11:35:00,66.975,67.04,66.85,66.875,51697.0
2026-06-17,2026-06-17 11:40:00,66.87,66.87,66.6,66.69,52643.0
2026-06-17,2026-06-17 11:45:00,66.705,66.82,66.66,66.8,31265.0
2026-06-17,2026-06-17 11:50:00,66.82,66.82,66.72,66.77,31038.0
2026-06-17,2026-06-17 11:55:00,66.77,66.81,66.74,66.77,27686.0
2026-06-17,2026-06-17 12:00:00,66.76,66.78,66.58,66.58,33456.0
2026-06-17,2026-06-17 12:05:00,66.54,66.62,66.51,66.605,36293.0
2026-06-17,2026-06-17 12:10:00,66.6,66.63,66.55,66.615,52736.0
2026-06-17,2026-06-17 12:15:00,66.615,66.615,66.53,66.555,36182.0
2026-06-17,2026-06-17 12:20:00,66.555,66.555,66.43,66.43,37898.0
2026-06-17,2026-06-17 12:25:00,66.425,66.485,66.35,66.355,44072.0
2026-06-17,2026-06-17 12:30:00,66.36,66.43,66.34,66.395,28238.0
2026-06-17,2026-06-17 12:35:00,66.395,66.4,66.24,66.265,42653.0
2026-06-17,2026-06-17 12:40:00,66.265,66.33,66.265,66.3,40227.0
2026-06-17,2026-06-17 12:45:00,66.31,66.38,66.29,66.35,38817.0
2026-06-17,2026-06-17 12:50:00,66.34,66.365,66.31,66.355,28479.0
2026-06-17,2026-06-17 12:55:00,66.355,66.41,66.31,66.4,33742.0
2026-06-17,2026-06-17 13:00:00,66.4,66.44,66.38,66.41,20858.0
2026-06-17,2026-06-17 13:05:00,66.41,66.42,66.37,66.41,26699.0
2026-06-17,2026-06-17 13:10:00,66.415,66.43,66.36,66.36,27568.0
2026-06-17,2026-06-17 13:15:00,66.36,66.42,66.35,66.385,30753.0
2026-06-17,2026-06-17 13:20:00,66.385,66.41,66.26,66.27,23539.0
2026-06-17,2026-06-17 13:25:00,66.26,66.34,66.235,66.31,25894.0
2026-06-17,2026-06-17 13:30:00,66.305,66.32,66.26,66.29,26863.0
2026-06-17,2026-06-17 13:35:00,66.2801,66.31,66.2,66.26,39936.0
2026-06-17,2026-06-17 13:40:00,66.26,66.3,66.15,66.18,32765.0
2026-06-17,2026-06-17 13:45:00,66.155,66.16,66.03,66.06,31227.0
2026-06-17,2026-06-17 13:50:00,66.06,66.12,66.055,66.115,21834.0
2026-06-17,2026-06-17 13:55:00,66.115,66.115,66.02,66.02,32636.0
2026-06-17,2026-06-17 14:00:00,66.025,66.15,65.87,66.135,46404.0
2026-06-17,2026-06-17 14:05:00,66.12,66.12,65.49,65.49,69063.0
2026-06-17,2026-06-17 14:10:00,65.475,65.705,65.31,65.67,57728.0
2026-06-17,2026-06-17 14:15:00,65.67,65.67,65.36,65.45,57219.0
2026-06-17,2026-06-17 14:20:00,65.45,65.71,65.45,65.66,46074.0
2026-06-17,2026-06-17 14:25:00,65.66,65.67,65.52,65.6,29427.0
2026-06-17,2026-06-17 14:30:00,65.59,65.63,65.55,65.585,31241.0
2026-06-17,2026-06-17 14:35:00,65.585,66.03,65.54,65.68,104778.0
2026-06-17,2026-06-17 14:40:00,65.69,65.92,65.685,65.855,49291.0
2026-06-17,2026-06-17 14:45:00,65.84,65.87,65.68,65.85,53009.0
2026-06-17,2026-06-17 14:50:00,65.84,65.84,65.69,65.698,43759.0
2026-06-17,2026-06-17 14:55:00,65.7,65.78,65.69,65.73,40193.0
2026-06-17,2026-06-17 15:00:00,65.715,65.715,65.53,65.65,61815.0
2026-06-17,2026-06-17 15:05:00,65.64,65.72,65.58,65.64,49994.0
2026-06-17,2026-06-17 15:10:00,65.63,65.645,65.52,65.52,57254.0
2026-06-17,2026-06-17 15:15:00,65.51,65.62,65.405,65.61,83173.0
2026-06-17,2026-06-17 15:20:00,65.61,65.61,65.385,65.385,46134.0
2026-06-17,2026-06-17 15:25:00,65.375,65.405,65.14,65.15,48836.0
2026-06-17,2026-06-17 15:30:00,65.14,65.24,65.0975,65.14,39092.0
2026-06-17,2026-06-17 15:35:00,65.12,65.14,64.9415,65.11,63899.0
2026-06-17,2026-06-17 15:40:00,65.125,65.21,64.98,65.03,54697.0
2026-06-17,2026-06-17 15:45:00,65.02,65.23,64.99,65.085,65458.0
2026-06-17,2026-06-17 15:50:00,65.095,65.175,65.06,65.11,61772.0
2026-06-17,2026-06-17 15:55:00,65.11,65.22,64.94,64.985,109760.0
2026-06-17,2026-06-17 16:00:00,65.02,65.175,64.96,65.05,745990.0
2026-06-18,2026-06-18 09:35:00,64.965,65.47,64.965,65.47,227072.0
2026-06-18,2026-06-18 09:40:00,65.46,65.9,65.35,65.9,10665.0
2026-06-18,2026-06-18 09:45:00,65.79,65.795,65.51,65.6,15777.0
2026-06-18,2026-06-18 09:50:00,65.69,65.74,65.57,65.65,9576.0
2026-06-18,2026-06-18 09:55:00,65.68,65.75,65.485,65.58,5640.0
2026-06-18,2026-06-18 10:00:00,65.625,65.71,65.57,65.61,14973.0
2026-06-18,2026-06-18 10:05:00,65.66,65.71,65.55,65.6,13782.0
2026-06-18,2026-06-18 10:10:00,65.59,65.755,65.525,65.75,12008.0
2026-06-18,2026-06-18 10:15:00,65.75,65.75,65.62,65.655,11146.0
2026-06-18,2026-06-18 10:20:00,65.62,65.8,65.521,65.5525,19922.0
2026-06-18,2026-06-18 10:25:00,65.54,65.59,65.4444,65.58,11531.0
2026-06-18,2026-06-18 10:30:00,65.58,65.69,65.58,65.67,10933.0
2026-06-18,2026-06-18 10:35:00,65.67,65.88,65.58,65.875,17884.0
2026-06-18,2026-06-18 10:40:00,65.95,65.96,65.8,65.8,9603.0
2026-06-18,2026-06-18 10:45:00,65.765,65.78,65.577,65.68,16233.0
2026-06-18,2026-06-18 10:50:00,65.71,66.14,65.68,66.08,23612.0
2026-06-18,2026-06-18 10:55:00,66.065,66.13,66.02,66.045,18381.0
2026-06-18,2026-06-18 11:00:00,66.06,66.145,66.03,66.115,10348.0
2026-06-18,2026-06-18 11:05:00,66.08,66.11,65.93,65.95,21877.0
2026-06-18,2026-06-18 11:10:00,65.955,65.99,65.89,65.89,19298.0
2026-06-18,2026-06-18 11:15:00,65.89,66.02,65.88,65.995,26672.0
2026-06-18,2026-06-18 11:20:00,65.98,66.01,65.95,65.985,30697.0
2026-06-18,2026-06-18 11:25:00,65.985,66.01,65.9501,65.99,13476.0
2026-06-18,2026-06-18 11:30:00,66.0,66.065,66.0,66.03,25832.0
2026-06-18,2026-06-18 11:35:00,66.02,66.08,66.01,66.06,14478.0
2026-06-18,2026-06-18 11:40:00,66.03,66.05,65.92,65.94,19444.0
2026-06-18,2026-06-18 11:45:00,65.93,65.95,65.85,65.895,16497.0
2026-06-18,2026-06-18 11:50:00,65.91,65.94,65.87,65.925,12158.0
2026-06-18,2026-06-18 11:55:00,65.93,65.93,65.8,65.81,14211.0
2026-06-18,2026-06-18 12:00:00,65.81,65.84,65.79,65.79,18302.0
2026-06-18,2026-06-18 12:05:00,65.79,65.84,65.78,65.82,14509.0
2026-06-18,2026-06-18 12:10:00,65.82,65.895,65.8,65.88,18317.0
2026-06-18,2026-06-18 12:15:00,65.88,65.9,65.8001,65.8001,20086.0
2026-06-18,2026-06-18 12:20:00,65.86,65.875,65.85,65.87,13968.0
2026-06-18,2026-06-18 12:25:00,65.87,65.93,65.86,65.9,15228.0
2026-06-18,2026-06-18 12:30:00,65.94,65.96,65.88,65.88,19152.0
2026-06-18,2026-06-18 12:35:00,65.9,65.92,65.88,65.9,10151.0
2026-06-18,2026-06-18 12:40:00,65.93,65.985,65.93,65.965,21422.0
2026-06-18,2026-06-18 12:45:00,65.95,65.96,65.91,65.95,12790.0
2026-06-18,2026-06-18 12:50:00,65.955,65.99,65.94,65.94,13292.0
2026-06-18,2026-06-18 12:55:00,65.955,65.96,65.91,65.91,12233.0
2026-06-18,2026-06-18 13:00:00,65.91,65.995,65.91,65.99,13007.0
2026-06-18,2026-06-18 13:05:00,66.0,66.05,66.0,66.0132,17181.0
2026-06-18,2026-06-18 13:10:00,66.01,66.045,66.01,66.01,13253.0
2026-06-18,2026-06-18 13:15:00,66.01,66.04,66.01,66.04,6879.0
2026-06-18,2026-06-18 13:20:00,66.04,66.11,66.03,66.035,15178.0
2026-06-18,2026-06-18 13:25:00,66.06,66.09,66.02,66.065,14360.0
2026-06-18,2026-06-18 13:30:00,66.08,66.1599,66.06,66.06,24183.0
2026-06-18,2026-06-18 13:35:00,66.075,66.095,65.985,66.07,17527.0
2026-06-18,2026-06-18 13:40:00,66.08,66.08,66.011,66.011,15704.0
2026-06-18,2026-06-18 13:45:00,66.01,66.03,65.985,66.0,11175.0
2026-06-18,2026-06-18 13:50:00,66.005,66.06,65.99,66.03,17339.0
2026-06-18,2026-06-18 13:55:00,66.03,66.05,65.98,66.0201,14090.0
2026-06-18,2026-06-18 14:00:00,66.03,66.035,65.99,66.035,13327.0
2026-06-18,2026-06-18 14:05:00,66.035,66.04,66.0,66.01,15605.0
2026-06-18,2026-06-18 14:10:00,66.02,66.06,66.0,66.0,14422.0
2026-06-18,2026-06-18 14:15:00,66.015,66.0652,66.015,66.06,20907.0
2026-06-18,2026-06-18 14:20:00,66.06,66.08,66.05,66.08,12520.0
2026-06-18,2026-06-18 14:25:00,66.09,66.1,66.02,66.02,12987.0
2026-06-18,2026-06-18 14:30:00,66.03,66.04,65.94,65.94,23802.0
2026-06-18,2026-06-18 14:35:00,65.95,66.0,65.91,65.981,30402.0
2026-06-18,2026-06-18 14:40:00,65.99,65.99,65.93,65.96,15187.0
2026-06-18,2026-06-18 14:45:00,65.96,66.03,65.96,66.03,15407.0
2026-06-18,2026-06-18 14:50:00,66.02,66.09,66.02,66.05,20829.0
2026-06-18,2026-06-18 14:55:00,66.05,66.07,66.015,66.019708,15742.0
2026-06-18,2026-06-18 15:00:00,66.0,66.0294,65.97,65.97,25499.0
2026-06-18,2026-06-18 15:05:00,65.97,65.97,65.91,65.91,18075.0
2026-06-18,2026-06-18 15:10:00,65.92,65.93,65.85,65.88,28123.0
2026-06-18,2026-06-18 15:15:00,65.885,65.89,65.78,65.78,27760.0
2026-06-18,2026-06-18 15:20:00,65.78,65.84,65.76,65.84,31309.0
2026-06-18,2026-06-18 15:25:00,65.845,65.89,65.8101,65.875,23762.0
2026-06-18,2026-06-18 15:30:00,65.9,65.945,65.84,65.84,33475.0
2026-06-18,2026-06-18 15:35:00,65.81,65.96,65.81,65.94,33661.0
2026-06-18,2026-06-18 15:40:00,65.94,65.96,65.9,65.945,28822.0
2026-06-18,2026-06-18 15:45:00,65.94,65.97,65.83,65.88,48034.0
2026-06-18,2026-06-18 15:50:00,65.87,65.89,65.76,65.845,56016.0
2026-06-18,2026-06-18 15:55:00,65.84,66.05,65.84,66.0492,103982.0
2026-06-18,2026-06-18 16:00:00,66.05,66.23,65.9,65.91,1808365.0
2026-06-22,2026-06-22 09:35:00,65.46,66.105,65.1,65.1,40356.0
2026-06-22,2026-06-22 09:40:00,65.28,65.83,65.205,65.61,10760.0
2026-06-22,2026-06-22 09:45:00,65.455,65.75,65.455,65.75,7658.0
2026-06-22,2026-06-22 09:50:00,65.69,65.84,65.44,65.535,6972.0
2026-06-22,2026-06-22 09:55:00,65.51,65.66,65.46,65.615,18566.0
2026-06-22,2026-06-22 10:00:00,65.615,65.66,65.52,65.61,8557.0
2026-06-22,2026-06-22 10:05:00,65.61,65.65,65.24,65.425,35865.0
2026-06-22,2026-06-22 10:10:00,65.42,65.42,65.075,65.22,52491.0
2026-06-22,2026-06-22 10:15:00,65.23,65.31,65.12,65.29,11669.0
2026-06-22,2026-06-22 10:20:00,65.3,65.36,65.16,65.25,31806.0
2026-06-22,2026-06-22 10:25:00,65.25,65.33,65.19,65.265,25264.0
2026-06-22,2026-06-22 10:30:00,65.265,65.27,65.1,65.1,29566.0
2026-06-22,2026-06-22 10:35:00,65.115,65.21,65.09,65.14,18214.0
2026-06-22,2026-06-22 10:40:00,65.145,65.23,65.145,65.195,14188.0
2026-06-22,2026-06-22 10:45:00,65.185,65.205,65.1,65.1,17097.0
2026-06-22,2026-06-22 10:50:00,65.1,65.195,65.1,65.135,15659.0
2026-06-22,2026-06-22 10:55:00,65.135,65.15,64.99,65.05,25381.0
2026-06-22,2026-06-22 11:00:00,65.05,65.13,65.0204,65.11,15145.0
2026-06-22,2026-06-22 11:05:00,65.12,65.31,65.06,65.235,19706.0
2026-06-22,2026-06-22 11:10:00,65.22,65.27,65.185,65.245,15613.0
2026-06-22,2026-06-22 11:15:00,65.245,65.4,65.15,65.36,33594.0
2026-06-22,2026-06-22 11:20:00,65.34,65.53,65.32,65.5,21564.0
2026-06-22,2026-06-22 11:25:00,65.505,65.57,65.44,65.54,27822.0
2026-06-22,2026-06-22 11:30:00,65.56,65.57,65.43,65.485,27989.0
2026-06-22,2026-06-22 11:35:00,65.48,65.51,65.36,65.5,16507.0
2026-06-22,2026-06-22 11:40:00,65.5,65.78,65.5,65.78,21355.0
2026-06-22,2026-06-22 11:45:00,65.78,65.92,65.725,65.895,39409.0
2026-06-22,2026-06-22 11:50:00,65.895,65.98,65.87,65.87,11550.0
2026-06-22,2026-06-22 11:55:00,65.87,65.87,65.725,65.84,15131.0
2026-06-22,2026-06-22 12:00:00,65.805,65.82,65.635,65.635,20347.0
2026-06-22,2026-06-22 12:05:00,65.635,65.66,65.53,65.555,30021.0
2026-06-22,2026-06-22 12:10:00,65.555,65.68,65.535,65.63,54237.0
2026-06-22,2026-06-22 12:15:00,65.61,65.61,65.52,65.57,21214.0
2026-06-22,2026-06-22 12:20:00,65.56,65.64,65.525,65.64,25675.0
2026-06-22,2026-06-22 12:25:00,65.62,65.67,65.575,65.615,34093.0
2026-06-22,2026-06-22 12:30:00,65.62,65.655,65.59,65.65,14314.0
2026-06-22,2026-06-22 12:35:00,65.64,65.68,65.6301,65.68,14462.0
2026-06-22,2026-06-22 12:40:00,65.68,65.71,65.655,65.675,22048.0
2026-06-22,2026-06-22 12:45:00,65.67,65.67,65.61,65.615,17305.0
2026-06-22,2026-06-22 12:50:00,65.615,65.65,65.58,65.59,22145.0
2026-06-22,2026-06-22 12:55:00,65.59,65.62,65.57,65.605,32136.0
2026-06-22,2026-06-22 13:00:00,65.61,65.69,65.595,65.69,23889.0
2026-06-22,2026-06-22 13:05:00,65.69,65.7,65.63,65.65,16455.0
2026-06-22,2026-06-22 13:10:00,65.64,65.68,65.64,65.65,13217.0
2026-06-22,2026-06-22 13:15:00,65.65,65.66,65.61,65.65,24806.0
2026-06-22,2026-06-22 13:20:00,65.635,65.71,65.615,65.69,19522.0
2026-06-22,2026-06-22 13:25:00,65.7,65.71,65.57,65.59,37036.0
2026-06-22,2026-06-22 13:30:00,65.59,65.63,65.545,65.62,29300.0
2026-06-22,2026-06-22 13:35:00,65.62,65.64,65.55,65.57,20322.0
2026-06-22,2026-06-22 13:40:00,65.57,65.57,65.5,65.54,23892.0
2026-06-22,2026-06-22 13:45:00,65.55,65.57,65.47,65.52,19999.0
2026-06-22,2026-06-22 13:50:00,65.52,65.5492,65.48,65.51,26245.0
2026-06-22,2026-06-22 13:55:00,65.5,65.5195,65.46,65.495,23836.0
2026-06-22,2026-06-22 14:00:00,65.495,65.505,65.47,65.485,22250.0
2026-06-22,2026-06-22 14:05:00,65.485,65.52,65.43,65.45,28527.0
2026-06-22,2026-06-22 14:10:00,65.47,65.49,65.435,65.48,25106.0
2026-06-22,2026-06-22 14:15:00,65.49,65.53,65.4638,65.53,18786.0
2026-06-22,2026-06-22 14:20:00,65.54,65.61,65.54,65.585,30126.0
2026-06-22,2026-06-22 14:25:00,65.61,65.62,65.55,65.555,25424.0
2026-06-22,2026-06-22 14:30:00,65.555,65.565,65.51,65.54,33209.0
2026-06-22,2026-06-22 14:35:00,65.545,65.565,65.46,65.49,27916.0
2026-06-22,2026-06-22 14:40:00,65.49,65.52,65.49,65.51,20469.0
2026-06-22,2026-06-22 14:45:00,65.5,65.54,65.5,65.53,26473.0
2026-06-22,2026-06-22 14:50:00,65.51,65.59,65.51,65.59,29018.0
2026-06-22,2026-06-22 14:55:00,65.58,65.58,65.47,65.49,24857.0
2026-06-22,2026-06-22 15:00:00,65.495,65.51,65.435,65.445,39167.0
2026-06-22,2026-06-22 15:05:00,65.45,65.49,65.44,65.48,36071.0
2026-06-22,2026-06-22 15:10:00,65.48,65.48,65.44,65.45,38035.0
2026-06-22,2026-06-22 15:15:00,65.46,65.48,65.43,65.46,50425.0
2026-06-22,2026-06-22 15:20:00,65.46,65.55,65.46,65.515,38957.0
2026-06-22,2026-06-22 15:25:00,65.525,65.55,65.48,65.49,43230.0
2026-06-22,2026-06-22 15:30:00,65.49,65.55,65.44,65.53,64013.0
2026-06-22,2026-06-22 15:35:00,65.53,65.63,65.51,65.63,49300.0
2026-06-22,2026-06-22 15:40:00,65.62,65.645,65.605,65.62,37090.0
2026-06-22,2026-06-22 15:45:00,65.625,65.645,65.535,65.54,63741.0
2026-06-22,2026-06-22 15:50:00,65.54,65.57,65.5,65.57,64159.0
2026-06-22,2026-06-22 15:55:00,65.57,65.58,65.46,65.54,90354.0
2026-06-22,2026-06-22 16:00:00,65.54,65.6,65.37,65.42,779482.0
2026-06-23,2026-06-23 09:35:00,66.02,66.27,65.63,66.035,28135.0
2026-06-23,2026-06-23 09:40:00,66.05,66.27,66.035,66.055,24437.0
2026-06-23,2026-06-23 09:45:00,66.072361,66.69,66.04,66.505,28790.0
2026-06-23,2026-06-23 09:50:00,66.54,66.54,66.13,66.165,14541.0
2026-06-23,2026-06-23 09:55:00,66.165,66.27,66.15,66.18,19061.0
2026-06-23,2026-06-23 10:00:00,66.17,66.17,66.03,66.07,16346.0
2026-06-23,2026-06-23 10:05:00,66.01,66.04,65.88,66.0175,36038.0
2026-06-23,2026-06-23 10:10:00,66.015,66.11,65.96,66.07,16181.0
2026-06-23,2026-06-23 10:15:00,66.09,66.25,66.05,66.18,23601.0
2026-06-23,2026-06-23 10:20:00,66.18,66.3,66.16,66.2,18043.0
2026-06-23,2026-06-23 10:25:00,66.23,66.39,66.15,66.335,22294.0
2026-06-23,2026-06-23 10:30:00,66.35,66.52,66.315,66.33,23108.0
2026-06-23,2026-06-23 10:35:00,66.325,66.44,66.22,66.345,20267.0
2026-06-23,2026-06-23 10:40:00,66.38,66.48,66.335,66.46,22133.0
2026-06-23,2026-06-23 10:45:00,66.46,66.46,66.34,66.405,15770.0
2026-06-23,2026-06-23 10:50:00,66.425,66.47,66.365201,66.37,12772.0
2026-06-23,2026-06-23 10:55:00,66.36,66.38,66.28,66.365,27187.0
2026-06-23,2026-06-23 11:00:00,66.37,66.42,66.295,66.37,17086.0
2026-06-23,2026-06-23 11:05:00,66.37,66.37,66.09,66.19,28697.0
2026-06-23,2026-06-23 11:10:00,66.175,66.25,66.06,66.09,45347.0
2026-06-23,2026-06-23 11:15:00,66.12,66.16,66.055,66.055,32547.0
2026-06-23,2026-06-23 11:20:00,66.055,66.09,65.97,66.0,14818.0
2026-06-23,2026-06-23 11:25:00,65.985,66.03,65.9291,65.95,14331.0
2026-06-23,2026-06-23 11:30:00,65.95,65.95,65.85,65.85,10690.0
2026-06-23,2026-06-23 11:35:00,65.9,65.96,65.9,65.9125,11338.0
2026-06-23,2026-06-23 11:40:00,65.94,65.98,65.925,65.96,12208.0
2026-06-23,2026-06-23 11:45:00,65.96,65.96,65.91,65.91,11206.0
2026-06-23,2026-06-23 11:50:00,65.8949,65.95,65.88,65.94,12847.0
2026-06-23,2026-06-23 11:55:00,65.92,66.09,65.87,66.08,26229.0
2026-06-23,2026-06-23 12:00:00,66.1,66.19,66.07,66.14,13409.0
2026-06-23,2026-06-23 12:05:00,66.13,66.21,66.13,66.21,14482.0
2026-06-23,2026-06-23 12:10:00,66.2099,66.37,66.195,66.29,22969.0
2026-06-23,2026-06-23 12:15:00,66.31,66.34,66.255,66.315,43409.0
2026-06-23,2026-06-23 12:20:00,66.33,66.33,66.21,66.24,23855.0
2026-06-23,2026-06-23 12:25:00,66.24,66.26,66.15,66.15,30998.0
2026-06-23,2026-06-23 12:30:00,66.17,66.22,66.155,66.22,11888.0
2026-06-23,2026-06-23 12:35:00,66.205,66.29,66.2,66.26,11321.0
2026-06-23,2026-06-23 12:40:00,66.26,66.32,66.2501,66.31,13498.0
2026-06-23,2026-06-23 12:45:00,66.3,66.33,66.26,66.26,16601.0
2026-06-23,2026-06-23 12:50:00,66.28,66.3,66.24,66.255,11467.0
2026-06-23,2026-06-23 12:55:00,66.255,66.28,66.22,66.28,20383.0
2026-06-23,2026-06-23 13:00:00,66.27,66.31,66.26,66.31,12549.0
2026-06-23,2026-06-23 13:05:00,66.31,66.34,66.295,66.325,16830.0
2026-06-23,2026-06-23 13:10:00,66.34,66.36,66.29,66.3,12132.0
2026-06-23,2026-06-23 13:15:00,66.29,66.3,66.215,66.215,13445.0
2026-06-23,2026-06-23 13:20:00,66.23,66.26,66.15,66.15,12012.0
2026-06-23,2026-06-23 13:25:00,66.14,66.165,66.0877,66.14,21270.0
2026-06-23,2026-06-23 13:30:00,66.16,66.17,66.04,66.09,31315.0
2026-06-23,2026-06-23 13:35:00,66.12,66.15,66.075,66.15,17260.0
2026-06-23,2026-06-23 13:40:00,66.15,66.2,66.13,66.17,13466.0
2026-06-23,2026-06-23 13:45:00,66.165,66.17,66.06,66.065,12866.0
2026-06-23,2026-06-23 13:50:00,66.065,66.08,65.975,66.03,25561.0
2026-06-23,2026-06-23 13:55:00,66.02,66.04,65.95,66.04,16880.0
2026-06-23,2026-06-23 14:00:00,66.04,66.04,66.005,66.02,10600.0
2026-06-23,2026-06-23 14:05:00,66.0,66.04,65.98,66.025,32438.0
2026-06-23,2026-06-23 14:10:00,66.025,66.055,66.005,66.02,15126.0
2026-06-23,2026-06-23 14:15:00,66.02,66.05,65.97,65.97,25239.0
2026-06-23,2026-06-23 14:20:00,65.975,66.04,65.975,66.01,18182.0
2026-06-23,2026-06-23 14:25:00,66.0,66.0,65.97,66.0,24712.0
2026-06-23,2026-06-23 14:30:00,66.0,66.02,65.98,66.005,24624.0
2026-06-23,2026-06-23 14:35:00,66.01,66.02,65.99,66.0,25021.0
2026-06-23,2026-06-23 14:40:00,66.01,66.01,65.98,66.01,21030.0
2026-06-23,2026-06-23 14:45:00,66.01,66.015,65.93,65.96,31810.0
2026-06-23,2026-06-23 14:50:00,65.96,66.0,65.955,65.99,25600.0
2026-06-23,2026-06-23 14:55:00,65.99,66.01,65.98,65.98,22809.0
2026-06-23,2026-06-23 15:00:00,65.98,66.01,65.97,66.0,31234.0
2026-06-23,2026-06-23 15:05:00,66.01,66.06,66.0,66.06,19146.0
2026-06-23,2026-06-23 15:10:00,66.07,66.12,66.07,66.09,27173.0
2026-06-23,2026-06-23 15:15:00,66.095,66.17,66.05,66.08,41604.0
2026-06-23,2026-06-23 15:20:00,66.09,66.17,66.06,66.17,30401.0
2026-06-23,2026-06-23 15:25:00,66.18,66.29,66.17,66.275,21482.0
2026-06-23,2026-06-23 15:30:00,66.27,66.3,66.245,66.27,29656.0
2026-06-23,2026-06-23 15:35:00,66.27,66.281,66.14,66.14,37493.0
2026-06-23,2026-06-23 15:40:00,66.14,66.19,66.12,66.135,49997.0
2026-06-23,2026-06-23 15:45:00,66.14,66.16,66.08,66.11,40129.0
2026-06-23,2026-06-23 15:50:00,66.09,66.12,66.03,66.11,51450.0
2026-06-23,2026-06-23 15:55:00,66.1,66.255,66.04,66.25,85520.0
2026-06-23,2026-06-23 16:00:00,66.255,66.37,66.135,66.15,758280.0
2026-06-24,2026-06-24 09:35:00,66.7,67.56,66.4,67.56,29095.0
2026-06-24,2026-06-24 09:40:00,67.66,68.18,67.64,68.01,59666.0
2026-06-24,2026-06-24 09:45:00,68.17,68.35,68.02,68.35,7316.0
2026-06-24,2026-06-24 09:50:00,68.24,68.26,67.91,67.97,18592.0
2026-06-24,2026-06-24 09:55:00,68.05,68.33,68.05,68.26,7539.0
2026-06-24,2026-06-24 10:00:00,68.18,68.37,68.12,68.15,15153.0
2026-06-24,2026-06-24 10:05:00,68.11,68.395,68.09,68.13,17346.0
2026-06-24,2026-06-24 10:10:00,68.14,68.36,68.1,68.3,19387.0
2026-06-24,2026-06-24 10:15:00,68.2906,68.565,68.2906,68.47,21059.0
2026-06-24,2026-06-24 10:20:00,68.46,68.54,68.385,68.525,18280.0
2026-06-24,2026-06-24 10:25:00,68.53,68.7,68.44,68.645,35928.0
2026-06-24,2026-06-24 10:30:00,68.62,68.62,68.47,68.51,22135.0
2026-06-24,2026-06-24 10:35:00,68.49,68.8,68.35,68.56,104995.0
2026-06-24,2026-06-24 10:40:00,68.5,68.52,68.34,68.39,17602.0
2026-06-24,2026-06-24 10:45:00,68.39,68.39,68.09,68.17,11391.0
2026-06-24,2026-06-24 10:50:00,68.16,68.37,68.16,68.36,23056.0
2026-06-24,2026-06-24 10:55:00,68.35,68.465,68.29,68.36,14588.0
2026-06-24,2026-06-24 11:00:00,68.32,68.4451,68.31,68.35,22384.0
2026-06-24,2026-06-24 11:05:00,68.3592,68.4,68.27,68.355,17349.0
2026-06-24,2026-06-24 11:10:00,68.335,68.42,68.215,68.255,18898.0
2026-06-24,2026-06-24 11:15:00,68.25,68.405,68.25,68.405,13091.0
2026-06-24,2026-06-24 11:20:00,68.465,68.88,68.465,68.85,19208.0
2026-06-24,2026-06-24 11:25:00,68.83,68.905,68.775,68.775,21308.0
2026-06-24,2026-06-24 11:30:00,68.79,68.82,68.69,68.79,12287.0
2026-06-24,2026-06-24 11:35:00,68.79,68.81,68.63,68.65,11822.0
2026-06-24,2026-06-24 11:40:00,68.65,68.725,68.63,68.695,9256.0
2026-06-24,2026-06-24 11:45:00,68.7,68.7,68.62,68.63,9717.0
2026-06-24,2026-06-24 11:50:00,68.6263,68.78,68.6263,68.635,17836.0
2026-06-24,2026-06-24 11:55:00,68.65,68.67,68.51,68.51,8123.0
2026-06-24,2026-06-24 12:00:00,68.51,68.62,68.475,68.595,10282.0
2026-06-24,2026-06-24 12:05:00,68.6,68.67,68.53,68.66,16835.0
2026-06-24,2026-06-24 12:10:00,68.645,68.69,68.62,68.65,10054.0
2026-06-24,2026-06-24 12:15:00,68.65,68.67,68.58,68.64,12101.0
2026-06-24,2026-06-24 12:20:00,68.65,68.765,68.65,68.72,12966.0
2026-06-24,2026-06-24 12:25:00,68.7,68.72,68.64,68.69,15486.0
2026-06-24,2026-06-24 12:30:00,68.71,68.73,68.65,68.7,14780.0
2026-06-24,2026-06-24 12:35:00,68.695,68.75,68.65,68.735,16288.0
2026-06-24,2026-06-24 12:40:00,68.725,68.76,68.66,68.66,16300.0
2026-06-24,2026-06-24 12:45:00,68.66,68.69,68.615,68.675,18402.0
2026-06-24,2026-06-24 12:50:00,68.67,68.855,68.64,68.82,27795.0
2026-06-24,2026-06-24 12:55:00,68.83,69.23,68.8227,69.085,87105.0
2026-06-24,2026-06-24 13:00:00,69.035,69.09,68.98,69.05,47046.0
2026-06-24,2026-06-24 13:05:00,69.05,69.13,68.925,68.93,18289.0
2026-06-24,2026-06-24 13:10:00,68.91,69.005,68.89,69.005,24892.0
2026-06-24,2026-06-24 13:15:00,68.99,69.005,68.95,68.97,11698.0
2026-06-24,2026-06-24 13:20:00,68.98,68.985,68.9,68.91,20160.0
2026-06-24,2026-06-24 13:25:00,68.905,68.99,68.79,68.9539,21398.0
2026-06-24,2026-06-24 13:30:00,68.975,69.0,68.8728,68.9,27756.0
2026-06-24,2026-06-24 13:35:00,68.88,69.01,68.865,68.98,23190.0
2026-06-24,2026-06-24 13:40:00,68.96,68.96,68.87,68.905,20893.0
2026-06-24,2026-06-24 13:45:00,68.915,68.935,68.84,68.91,22541.0
2026-06-24,2026-06-24 13:50:00,68.91,68.925,68.87,68.875,14720.0
2026-06-24,2026-06-24 13:55:00,68.87,68.89,68.82,68.885,13113.0
2026-06-24,2026-06-24 14:00:00,68.89,68.9,68.82,68.87,30736.0
2026-06-24,2026-06-24 14:05:00,68.9,69.055,68.875,68.98,35338.0
2026-06-24,2026-06-24 14:10:00,68.995,69.015,68.88,68.895,16700.0
2026-06-24,2026-06-24 14:15:00,68.89,69.03,68.88,68.99,20815.0
2026-06-24,2026-06-24 14:20:00,68.99,69.085,68.9801,69.06,12638.0
2026-06-24,2026-06-24 14:25:00,69.06,69.06,69.01,69.04,16662.0
2026-06-24,2026-06-24 14:30:00,69.035,69.08,69.01,69.01,19796.0
2026-06-24,2026-06-24 14:35:00,68.985,69.07,68.985,69.07,17131.0
2026-06-24,2026-06-24 14:40:00,69.085,69.19,69.085,69.165,13759.0
2026-06-24,2026-06-24 14:45:00,69.17,69.17,69.08,69.11,19771.0
2026-06-24,2026-06-24 14:50:00,69.11,69.11,69.03,69.035,23261.0
2026-06-24,2026-06-24 14:55:00,69.04,69.14,69.0,69.14,29226.0
2026-06-24,2026-06-24 15:00:00,69.12,69.16,69.09,69.13,18707.0
2026-06-24,2026-06-24 15:05:00,69.135,69.25,69.04,69.18,26589.0
2026-06-24,2026-06-24 15:10:00,69.18,69.18,69.09,69.1,20365.0
2026-06-24,2026-06-24 15:15:00,69.11,69.11,69.02,69.06,20331.0
2026-06-24,2026-06-24 15:20:00,69.06,69.11,69.0313,69.07,32762.0
2026-06-24,2026-06-24 15:25:00,69.06,69.06,68.94,69.02,25667.0
2026-06-24,2026-06-24 15:30:00,69.02,69.07,68.91,68.94,26916.0
2026-06-24,2026-06-24 15:35:00,68.92,69.015,68.85,68.85,34741.0
2026-06-24,2026-06-24 15:40:00,68.86,68.93,68.73,68.87,59769.0
2026-06-24,2026-06-24 15:45:00,68.86,68.98,68.83,68.98,26205.0
2026-06-24,2026-06-24 15:50:00,68.99,69.07,68.98,69.06,39669.0
2026-06-24,2026-06-24 15:55:00,69.05,69.055,68.91,68.915,70751.0
2026-06-24,2026-06-24 16:00:00,68.915,69.015,68.75,68.83,739728.0
2026-06-25,2026-06-25 09:35:00,69.39,69.83,69.32,69.82,50069.0
2026-06-25,2026-06-25 09:40:00,69.835,70.07,69.73,69.73,13926.0
2026-06-25,2026-06-25 09:45:00,69.804562,69.86,69.69,69.7,13070.0
2026-06-25,2026-06-25 09:50:00,69.64,69.66,69.46,69.6237,11293.0
2026-06-25,2026-06-25 09:55:00,69.605,70.0,69.595,69.95,27041.0
2026-06-25,2026-06-25 10:00:00,70.04,70.195,70.04,70.17,12333.0
2026-06-25,2026-06-25 10:05:00,70.1,70.92,70.06,70.89,34415.0
2026-06-25,2026-06-25 10:10:00,70.95,71.13,70.84,70.885,37698.0
2026-06-25,2026-06-25 10:15:00,70.9,71.14,70.8301,70.985,29941.0
2026-06-25,2026-06-25 10:20:00,71.0199,71.175,70.91,71.12,66950.0
2026-06-25,2026-06-25 10:25:00,71.16,71.32,71.0325,71.06,25621.0
2026-06-25,2026-06-25 10:30:00,71.025,71.16,70.97,70.98,23246.0
2026-06-25,2026-06-25 10:35:00,70.99,71.03,70.75,70.79,38793.0
2026-06-25,2026-06-25 10:40:00,70.76,70.86,70.58,70.755,48508.0
2026-06-25,2026-06-25 10:45:00,70.72,71.02,70.695,70.87,27589.0
2026-06-25,2026-06-25 10:50:00,70.855,70.965,70.8,70.86,35827.0
2026-06-25,2026-06-25 10:55:00,70.865,70.99,70.84,70.9,46032.0
2026-06-25,2026-06-25 11:00:00,70.855,70.88,70.72,70.72,23574.0
2026-06-25,2026-06-25 11:05:00,70.705,70.74,70.6,70.65,23084.0
2026-06-25,2026-06-25 11:10:00,70.625,70.845,70.59,70.7,53076.0
2026-06-25,2026-06-25 11:15:00,70.68,70.82,70.58,70.67,30250.0
2026-06-25,2026-06-25 11:20:00,70.61,70.61,70.535,70.54,42348.0
2026-06-25,2026-06-25 11:25:00,70.5,70.52,70.395,70.46,23058.0
2026-06-25,2026-06-25 11:30:00,70.47,70.52,70.41,70.425,15513.0
2026-06-25,2026-06-25 11:35:00,70.425,70.56,70.425,70.45,16604.0
2026-06-25,2026-06-25 11:40:00,70.42,70.49,70.36,70.36,12781.0
2026-06-25,2026-06-25 11:45:00,70.36,70.44,70.34,70.38,12265.0
2026-06-25,2026-06-25 11:50:00,70.38,70.42,70.255,70.26,16968.0
2026-06-25,2026-06-25 11:55:00,70.225,70.3,70.2,70.27,20027.0
2026-06-25,2026-06-25 12:00:00,70.265,70.35,70.25,70.295,18137.0
2026-06-25,2026-06-25 12:05:00,70.28,70.29,70.19,70.25,30140.0
2026-06-25,2026-06-25 12:10:00,70.24,70.345,70.1801,70.1801,19709.0
2026-06-25,2026-06-25 12:15:00,70.205,70.28,70.205,70.25,22431.0
2026-06-25,2026-06-25 12:20:00,70.245,70.27,70.19,70.19,11416.0
2026-06-25,2026-06-25 12:25:00,70.19,70.31,70.19,70.2,23424.0
2026-06-25,2026-06-25 12:30:00,70.2,70.205,70.13,70.17,15246.0
2026-06-25,2026-06-25 12:35:00,70.1,70.16,70.015,70.16,19703.0
2026-06-25,2026-06-25 12:40:00,70.125,70.21,70.115,70.17,12181.0
2026-06-25,2026-06-25 12:45:00,70.16,70.18,70.12,70.15,13008.0
2026-06-25,2026-06-25 12:50:00,70.19,70.19,70.095,70.12,13817.0
2026-06-25,2026-06-25 12:55:00,70.14,70.18,70.11,70.11,15295.0
2026-06-25,2026-06-25 13:00:00,70.11,70.17,70.11,70.15,13770.0
2026-06-25,2026-06-25 13:05:00,70.16,70.19,70.115,70.16,29566.0
2026-06-25,2026-06-25 13:10:00,70.155,70.32,70.12,70.26,35235.0
2026-06-25,2026-06-25 13:15:00,70.27,70.3,70.18,70.21,11533.0
2026-06-25,2026-06-25 13:20:00,70.23,70.3,70.18,70.185,16128.0
2026-06-25,2026-06-25 13:25:00,70.22,70.24,70.13,70.175,13645.0
2026-06-25,2026-06-25 13:30:00,70.175,70.23,70.14,70.14,8632.0
2026-06-25,2026-06-25 13:35:00,70.14,70.24,70.095,70.21,17147.0
2026-06-25,2026-06-25 13:40:00,70.22,70.28,70.17,70.17,8927.0
2026-06-25,2026-06-25 13:45:00,70.185,70.24,70.185,70.22,11747.0
2026-06-25,2026-06-25 13:50:00,70.205,70.22,70.06,70.075,9304.0
2026-06-25,2026-06-25 13:55:00,70.06,70.13,70.03,70.085,12332.0
2026-06-25,2026-06-25 14:00:00,70.075,70.14,70.05,70.14,8594.0
2026-06-25,2026-06-25 14:05:00,70.1,70.15,70.0,70.055,60448.0
2026-06-25,2026-06-25 14:10:00,70.055,70.12,70.02,70.025,12799.0
2026-06-25,2026-06-25 14:15:00,70.05,70.11,69.99,69.99,20997.0
2026-06-25,2026-06-25 14:20:00,69.99,70.23,69.99,70.18,29289.0
2026-06-25,2026-06-25 14:25:00,70.175,70.175,70.11,70.145,14875.0
2026-06-25,2026-06-25 14:30:00,70.14,70.2,70.115,70.13,16514.0
2026-06-25,2026-06-25 14:35:00,70.11,70.12,70.04,70.07,9274.0
2026-06-25,2026-06-25 14:40:00,70.06,70.14,70.06,70.095,7278.0
2026-06-25,2026-06-25 14:45:00,70.06,70.06,70.0,70.01,12818.0
2026-06-25,2026-06-25 14:50:00,70.02,70.1,70.0,70.1,26832.0
2026-06-25,2026-06-25 14:55:00,70.1,70.26,70.1,70.23,39929.0
2026-06-25,2026-06-25 15:00:00,70.23,70.25,70.18,70.205,24616.0
2026-06-25,2026-06-25 15:05:00,70.22,70.29,70.15,70.29,33130.0
2026-06-25,2026-06-25 15:10:00,70.29,70.3799,70.26,70.33,20105.0
2026-06-25,2026-06-25 15:15:00,70.33,70.37,70.28,70.305,23936.0
2026-06-25,2026-06-25 15:20:00,70.32,70.42,70.32,70.41,21784.0
2026-06-25,2026-06-25 15:25:00,70.41,70.5,70.41,70.49,19648.0
2026-06-25,2026-06-25 15:30:00,70.49,70.53,70.46,70.509,30581.0
2026-06-25,2026-06-25 15:35:00,70.4858,70.5,70.34,70.43,33670.0
2026-06-25,2026-06-25 15:40:00,70.44,70.44,70.36,70.395,25062.0
2026-06-25,2026-06-25 15:45:00,70.41,70.46,70.36,70.42,33758.0
2026-06-25,2026-06-25 15:50:00,70.43,70.53,70.375,70.525,41252.0
2026-06-25,2026-06-25 15:55:00,70.52,70.545,70.42,70.535,68917.0
2026-06-25,2026-06-25 16:00:00,70.56,70.68,70.5,70.64,572429.0
2026-06-26,2026-06-26 09:35:00,69.475,71.31,69.29,71.31,15855.0
2026-06-26,2026-06-26 09:40:00,71.085,71.31,71.0101,71.27,11240.0
2026-06-26,2026-06-26 09:45:00,71.33,71.33,71.125,71.125,9609.0
2026-06-26,2026-06-26 09:50:00,71.17,71.51,71.0,71.5,56737.0
2026-06-26,2026-06-26 09:55:00,71.43,71.43,71.17,71.26,20413.0
2026-06-26,2026-06-26 10:00:00,71.27,71.32,71.13,71.16,15314.0
2026-06-26,2026-06-26 10:05:00,71.21,71.385,71.14,71.385,32290.0
2026-06-26,2026-06-26 10:10:00,71.395,71.53,71.33,71.485,14222.0
2026-06-26,2026-06-26 10:15:00,71.56,71.835,71.56,71.735,40175.0
2026-06-26,2026-06-26 10:20:00,71.715,71.78,71.465,71.48,17575.0
2026-06-26,2026-06-26 10:25:00,71.45,71.625,71.445,71.62,18920.0
2026-06-26,2026-06-26 10:30:00,71.605,71.63,71.51,71.625,13405.0
2026-06-26,2026-06-26 10:35:00,71.65,71.8,71.62,71.66,17816.0
2026-06-26,2026-06-26 10:40:00,71.6925,71.695,71.6,71.65,10436.0
2026-06-26,2026-06-26 10:45:00,71.675,71.735,71.63,71.71,14293.0
2026-06-26,2026-06-26 10:50:00,71.71,71.815,71.71,71.79,7823.0
2026-06-26,2026-06-26 10:55:00,71.785,71.804679,71.735,71.785,8381.0
2026-06-26,2026-06-26 11:00:00,71.81,71.87,71.75,71.78,16089.0
2026-06-26,2026-06-26 11:05:00,71.78,71.845,71.685,71.71,13833.0
2026-06-26,2026-06-26 11:10:00,71.73,71.76,71.67,71.75,16304.0
2026-06-26,2026-06-26 11:15:00,71.7201,71.91,71.7201,71.79,14967.0
2026-06-26,2026-06-26 11:20:00,71.785,71.87,71.785,71.81,9369.0
2026-06-26,2026-06-26 11:25:00,71.83,71.915,71.83,71.86,26623.0
2026-06-26,2026-06-26 11:30:00,71.88,72.13,71.88,72.1,39607.0
2026-06-26,2026-06-26 11:35:00,72.1124,72.15,72.0,72.0,18039.0
2026-06-26,2026-06-26 11:40:00,72.0,72.1,71.9501,72.07,11618.0
2026-06-26,2026-06-26 11:45:00,72.06,72.1,71.955,71.96,20390.0
2026-06-26,2026-06-26 11:50:00,71.975,71.98,71.9,71.93,13448.0
2026-06-26,2026-06-26 11:55:00,71.935,71.94,71.815,71.895,16837.0
2026-06-26,2026-06-26 12:00:00,71.9,71.93,71.84,71.86,14966.0
2026-06-26,2026-06-26 12:05:00,71.855,71.87,71.73,71.815,44297.0
2026-06-26,2026-06-26 12:10:00,71.8,71.84,71.76,71.77,13230.0
2026-06-26,2026-06-26 12:15:00,71.75,71.79,71.73,71.745,15795.0
2026-06-26,2026-06-26 12:20:00,71.7425,71.77,71.645,71.68,51244.0
2026-06-26,2026-06-26 12:25:00,71.675,71.76,71.575,71.635,120112.0
2026-06-26,2026-06-26 12:30:00,71.635,71.635,71.515,71.515,11607.0
2026-06-26,2026-06-26 12:35:00,71.525,71.58,71.5,71.56,13049.0
2026-06-26,2026-06-26 12:40:00,71.56,71.605,71.49,71.515,21157.0
2026-06-26,2026-06-26 12:45:00,71.515,71.54,71.31,71.32,19510.0
2026-06-26,2026-06-26 12:50:00,71.33,71.38,71.33,71.37,24249.0
2026-06-26,2026-06-26 12:55:00,71.34,71.37,71.335,71.345,8266.0
2026-06-26,2026-06-26 13:00:00,71.36,71.36,71.3,71.3,7173.0
2026-06-26,2026-06-26 13:05:00,71.3,71.3,71.15,71.15,10498.0
2026-06-26,2026-06-26 13:10:00,71.125,71.2,71.06,71.07,17920.0
2026-06-26,2026-06-26 13:15:00,71.1,71.12,71.04,71.11,15694.0
2026-06-26,2026-06-26 13:20:00,71.115,71.12,70.96,70.985,9631.0
2026-06-26,2026-06-26 13:25:00,70.985,70.985,70.88,70.88,8864.0
2026-06-26,2026-06-26 13:30:00,70.88,70.9,70.83,70.87,12259.0
2026-06-26,2026-06-26 13:35:00,70.8775,70.89,70.825,70.88,9015.0
2026-06-26,2026-06-26 13:40:00,70.9,71.1,70.88,70.88,127158.0
2026-06-26,2026-06-26 13:45:00,70.88,70.8953,70.78,70.8699,12897.0
2026-06-26,2026-06-26 13:50:00,70.86,70.88,70.7201,70.775,20062.0
2026-06-26,2026-06-26 13:55:00,70.77,70.84,70.77,70.83,19196.0
2026-06-26,2026-06-26 14:00:00,70.81,70.89,70.78,70.89,15442.0
2026-06-26,2026-06-26 14:05:00,70.8925,70.9,70.84,70.865,18159.0
2026-06-26,2026-06-26 14:10:00,70.86,70.885,70.79,70.805,16008.0
2026-06-26,2026-06-26 14:15:00,70.805,70.84,70.7414,70.76,19137.0
2026-06-26,2026-06-26 14:20:00,70.755,70.79,70.74,70.79,19139.0
2026-06-26,2026-06-26 14:25:00,70.795,70.9,70.795,70.89,14768.0
2026-06-26,2026-06-26 14:30:00,70.89,70.96,70.88,70.94,25983.0
2026-06-26,2026-06-26 14:35:00,70.94,71.01,70.94,70.97,12756.0
2026-06-26,2026-06-26 14:40:00,70.97,70.97,70.89,70.915,10179.0
2026-06-26,2026-06-26 14:45:00,70.93,70.975,70.93,70.975,16179.0
2026-06-26,2026-06-26 14:50:00,70.975,70.975,70.921,70.95,13037.0
2026-06-26,2026-06-26 14:55:00,70.95,70.96,70.86,70.89,27124.0
2026-06-26,2026-06-26 15:00:00,70.91,70.98,70.87,70.87,57738.0
2026-06-26,2026-06-26 15:05:00,70.87,70.905,70.81,70.835,99187.0
2026-06-26,2026-06-26 15:10:00,70.835,70.945,70.835,70.93,20718.0
2026-06-26,2026-06-26 15:15:00,70.91,70.93,70.895,70.91,12577.0
2026-06-26,2026-06-26 15:20:00,70.91,71.09,70.91,71.07,29703.0
2026-06-26,2026-06-26 15:25:00,71.0525,71.1,71.0,71.03,23981.0
2026-06-26,2026-06-26 15:30:00,71.04,71.05,70.99,70.99,18630.0
2026-06-26,2026-06-26 15:35:00,70.98,70.98,70.77,70.8,26724.0
2026-06-26,2026-06-26 15:40:00,70.78,70.9,70.685,70.725,118980.0
2026-06-26,2026-06-26 15:45:00,70.73,70.73,70.65,70.68,21601.0
2026-06-26,2026-06-26 15:50:00,70.7,70.78,70.68,70.76,37064.0
2026-06-26,2026-06-26 15:55:00,70.77,71.28,70.77,71.25,107360.0
2026-06-26,2026-06-26 16:00:00,71.28,71.41,70.98,71.02,1261035.0
2026-06-29,2026-06-29 09:35:00,70.64,71.02,70.64,70.8375,24140.0
2026-06-29,2026-06-29 09:40:00,70.78,70.81,70.5,70.615,39230.0
2026-06-29,2026-06-29 09:45:00,70.615,70.79,70.52,70.54,11363.0
2026-06-29,2026-06-29 09:50:00,70.53,70.705,70.47,70.525,16547.0
2026-06-29,2026-06-29 09:55:00,70.57,70.68,70.395,70.5,12231.0
2026-06-29,2026-06-29 10:00:00,70.485,70.525,70.455,70.455,6135.0
2026-06-29,2026-06-29 10:05:00,70.43,70.545,70.34,70.48,10877.0
2026-06-29,2026-06-29 10:10:00,70.56,70.595,70.39,70.47,9815.0
2026-06-29,2026-06-29 10:15:00,70.53,70.66,70.51,70.57,16069.0
2026-06-29,2026-06-29 10:20:00,70.63,70.73,70.61,70.6175,9870.0
2026-06-29,2026-06-29 10:25:00,70.57,70.6,70.47,70.595,13608.0
2026-06-29,2026-06-29 10:30:00,70.59,70.61,70.49,70.49,16933.0
2026-06-29,2026-06-29 10:35:00,70.5,70.665,70.46,70.655,20220.0
2026-06-29,2026-06-29 10:40:00,70.685,70.755,70.62,70.665,6288.0
2026-06-29,2026-06-29 10:45:00,70.67,71.0,70.67,70.98,15445.0
2026-06-29,2026-06-29 10:50:00,70.98,71.1,70.84,70.84,19231.0
2026-06-29,2026-06-29 10:55:00,70.85,70.93,70.75,70.88,22725.0
2026-06-29,2026-06-29 11:00:00,70.85,70.91,70.71,70.73,16380.0
2026-06-29,2026-06-29 11:05:00,70.74,70.81,70.6,70.75,40729.0
2026-06-29,2026-06-29 11:10:00,70.76,70.76,70.53,70.5325,164590.0
2026-06-29,2026-06-29 11:15:00,70.52,70.62,70.5,70.52,11040.0
2026-06-29,2026-06-29 11:20:00,70.52,70.83,70.52,70.735,36403.0
2026-06-29,2026-06-29 11:25:00,70.71,70.71,70.61,70.655,14344.0
2026-06-29,2026-06-29 11:30:00,70.64,70.68,70.6,70.65,25043.0
2026-06-29,2026-06-29 11:35:00,70.63,70.63,70.4956,70.51,26367.0
2026-06-29,2026-06-29 11:40:00,70.49,70.51,70.42,70.495,11775.0
2026-06-29,2026-06-29 11:45:00,70.51,70.645,70.49,70.645,15554.0
2026-06-29,2026-06-29 11:50:00,70.65,70.65,70.55,70.55,14275.0
2026-06-29,2026-06-29 11:55:00,70.55,70.55,70.49,70.535,23090.0
2026-06-29,2026-06-29 12:00:00,70.525,70.58,70.51,70.54,21055.0
2026-06-29,2026-06-29 12:05:00,70.53,70.58,70.525,70.58,11336.0
2026-06-29,2026-06-29 12:10:00,70.575,70.585,70.43,70.44,48084.0
2026-06-29,2026-06-29 12:15:00,70.47,70.53,70.4401,70.505,14463.0
2026-06-29,2026-06-29 12:20:00,70.48,70.59,70.46,70.58,10013.0
2026-06-29,2026-06-29 12:25:00,70.59,70.61,70.54,70.61,13134.0
2026-06-29,2026-06-29 12:30:00,70.6,70.655,70.595,70.63,8143.0
2026-06-29,2026-06-29 12:35:00,70.62,70.76,70.59,70.61,16095.0
2026-06-29,2026-06-29 12:40:00,70.63,70.68,70.58,70.67,17527.0
2026-06-29,2026-06-29 12:45:00,70.67,70.71,70.59,70.59,13452.0
2026-06-29,2026-06-29 12:50:00,70.59,70.625,70.57,70.625,12451.0
2026-06-29,2026-06-29 12:55:00,70.6,70.72,70.58,70.695,17476.0
2026-06-29,2026-06-29 13:00:00,70.65,70.7,70.62,70.67,148732.0
2026-06-29,2026-06-29 13:05:00,70.64,70.71,70.625,70.67,6777.0
2026-06-29,2026-06-29 13:10:00,70.68,70.775,70.68,70.75,9636.0
2026-06-29,2026-06-29 13:15:00,70.75,70.755,70.69,70.755,8729.0
2026-06-29,2026-06-29 13:20:00,70.74,70.7699,70.73,70.73,7125.0
2026-06-29,2026-06-29 13:25:00,70.75,70.88,70.75,70.845,15442.0
2026-06-29,2026-06-29 13:30:00,70.845,70.95,70.83,70.92,18707.0
2026-06-29,2026-06-29 13:35:00,70.93,70.945,70.88,70.895,15338.0
2026-06-29,2026-06-29 13:40:00,70.9,70.94,70.87,70.875,10403.0
2026-06-29,2026-06-29 13:45:00,70.89,70.93,70.875,70.875,8127.0
2026-06-29,2026-06-29 13:50:00,70.875,70.875,70.77,70.77,9243.0
2026-06-29,2026-06-29 13:55:00,70.78,70.87,70.775,70.845,32841.0
2026-06-29,2026-06-29 14:00:00,70.83,70.86,70.77,70.855,34331.0
2026-06-29,2026-06-29 14:05:00,70.855,70.99,70.855,70.97,12299.0
2026-06-29,2026-06-29 14:10:00,70.95,71.025,70.935,70.935,9998.0
2026-06-29,2026-06-29 14:15:00,70.92,70.92,70.87,70.9,7937.0
2026-06-29,2026-06-29 14:20:00,70.9,70.905,70.87,70.89,7689.0
2026-06-29,2026-06-29 14:25:00,70.9,70.9,70.83,70.85,7451.0
2026-06-29,2026-06-29 14:30:00,70.845,70.86,70.805,70.86,12379.0
2026-06-29,2026-06-29 14:35:00,70.88,70.945,70.88,70.94,9908.0
2026-06-29,2026-06-29 14:40:00,70.93,70.98,70.93,70.93,7249.0
2026-06-29,2026-06-29 14:45:00,70.94,70.94,70.88,70.9,8496.0
2026-06-29,2026-06-29 14:50:00,70.91,70.92,70.715,70.785,29688.0
2026-06-29,2026-06-29 14:55:00,70.785,70.88,70.74,70.77,36226.0
2026-06-29,2026-06-29 15:00:00,70.76,70.9,70.76,70.89,14957.0
2026-06-29,2026-06-29 15:05:00,70.89,71.06,70.86,70.91,93417.0
2026-06-29,2026-06-29 15:10:00,70.91,70.96,70.88,70.895,41170.0
2026-06-29,2026-06-29 15:15:00,70.88,71.02,70.86,70.95,181744.0
2026-06-29,2026-06-29 15:20:00,70.945,71.05,70.935,71.03,19227.0
2026-06-29,2026-06-29 15:25:00,71.03,71.055,71.0101,71.05,31339.0
2026-06-29,2026-06-29 15:30:00,71.044,71.14,71.04,71.12,22354.0
2026-06-29,2026-06-29 15:35:00,71.13,71.25,71.125,71.17,48026.0
2026-06-29,2026-06-29 15:40:00,71.18,71.225,71.1,71.11,24976.0
2026-06-29,2026-06-29 15:45:00,71.09,71.11,71.03,71.05,28153.0
2026-06-29,2026-06-29 15:50:00,71.05,71.14,71.035,71.1,117521.0
2026-06-29,2026-06-29 15:55:00,71.09,71.15,71.01,71.14,80090.0
2026-06-29,2026-06-29 16:00:00,71.15,71.47,71.15,71.39,671966.0
2026-06-30,2026-06-30 09:35:00,71.36,71.39,70.57,70.77,36773.0
2026-06-30,2026-06-30 09:40:00,70.825,70.86,70.53,70.6475,77843.0
2026-06-30,2026-06-30 09:45:00,70.637455,70.86,70.53,70.53,17109.0
2026-06-30,2026-06-30 09:50:00,70.495,70.668744,70.36,70.668744,75136.0
2026-06-30,2026-06-30 09:55:00,70.72,71.28,70.65,71.065,57990.0
2026-06-30,2026-06-30 10:00:00,71.06,71.065,70.955,71.02,12016.0
2026-06-30,2026-06-30 10:05:00,70.99,71.32,70.9357,71.11,22028.0
2026-06-30,2026-06-30 10:10:00,71.16,71.48,71.15,71.15,99635.0
2026-06-30,2026-06-30 10:15:00,71.13,71.225,71.1,71.12,36506.0
2026-06-30,2026-06-30 10:20:00,71.115,71.13,70.93,71.13,67062.0
2026-06-30,2026-06-30 10:25:00,71.12,71.17,71.01,71.01,55147.0
2026-06-30,2026-06-30 10:30:00,70.995,71.07,70.95,71.03,24714.0
2026-06-30,2026-06-30 10:35:00,71.065,71.19,71.06,71.16,42810.0
2026-06-30,2026-06-30 10:40:00,71.155,71.25,71.155,71.185,20656.0
2026-06-30,2026-06-30 10:45:00,71.19,71.28,71.19,71.225,21110.0
2026-06-30,2026-06-30 10:50:00,71.23,71.27,71.15,71.16,15004.0
2026-06-30,2026-06-30 10:55:00,71.15,71.24,71.15,71.205,16177.0
2026-06-30,2026-06-30 11:00:00,71.19,71.21,71.14,71.21,18742.0
2026-06-30,2026-06-30 11:05:00,71.22,71.42,71.22,71.42,15252.0
2026-06-30,2026-06-30 11:10:00,71.41,71.54,71.41,71.505,25264.0
2026-06-30,2026-06-30 11:15:00,71.51,71.66,71.51,71.65,18375.0
2026-06-30,2026-06-30 11:20:00,71.63,71.73,71.57,71.695,74750.0
2026-06-30,2026-06-30 11:25:00,71.695,71.83,71.695,71.8,26003.0
2026-06-30,2026-06-30 11:30:00,71.805,71.84,71.79,71.79,20641.0
2026-06-30,2026-06-30 11:35:00,71.82,71.82,71.71,71.79,20124.0
2026-06-30,2026-06-30 11:40:00,71.795,71.795,71.66,71.66,15836.0
2026-06-30,2026-06-30 11:45:00,71.65,71.785,71.65,71.76,17817.0
2026-06-30,2026-06-30 11:50:00,71.77,71.85,71.77,71.84,15497.0
2026-06-30,2026-06-30 11:55:00,71.84,71.84,71.77,71.77,19835.0
2026-06-30,2026-06-30 12:00:00,71.77,71.77,71.701,71.71,17274.0
2026-06-30,2026-06-30 12:05:00,71.71,71.735,71.68,71.695,16963.0
2026-06-30,2026-06-30 12:10:00,71.7,71.72,71.64,71.665,20766.0
2026-06-30,2026-06-30 12:15:00,71.67,71.75,71.67,71.69,18372.0
2026-06-30,2026-06-30 12:20:00,71.68,71.72,71.635,71.68,23331.0
2026-06-30,2026-06-30 12:25:00,71.66,71.675,71.62,71.625,25819.0
2026-06-30,2026-06-30 12:30:00,71.625,71.66,71.59,71.615,22967.0
2026-06-30,2026-06-30 12:35:00,71.6,71.68,71.6,71.67,23915.0
2026-06-30,2026-06-30 12:40:00,71.67,71.67,71.5,71.535,34302.0
2026-06-30,2026-06-30 12:45:00,71.535,71.6,71.52,71.595,19594.0
2026-06-30,2026-06-30 12:50:00,71.59,71.65,71.555,71.64,21163.0
2026-06-30,2026-06-30 12:55:00,71.64,71.65,71.61,71.625,30169.0
2026-06-30,2026-06-30 13:00:00,71.62,71.68,71.57,71.58,25233.0
2026-06-30,2026-06-30 13:05:00,71.58,71.59,71.55,71.58,15746.0
2026-06-30,2026-06-30 13:10:00,71.57,71.59,71.53,71.53,11534.0
2026-06-30,2026-06-30 13:15:00,71.53,71.535,71.45,71.5,28561.0
2026-06-30,2026-06-30 13:20:00,71.51,71.52,71.465,71.48,20745.0
2026-06-30,2026-06-30 13:25:00,71.46,71.56,71.46,71.545,22455.0
2026-06-30,2026-06-30 13:30:00,71.53,71.61,71.53,71.61,16206.0
2026-06-30,2026-06-30 13:35:00,71.62,71.7,71.62,71.66,30439.0
2026-06-30,2026-06-30 13:40:00,71.675,71.6825,71.51,71.545,30778.0
2026-06-30,2026-06-30 13:45:00,71.545,71.58,71.52,71.56,15721.0
2026-06-30,2026-06-30 13:50:00,71.57,71.64,71.55,71.63,12452.0
2026-06-30,2026-06-30 13:55:00,71.64,71.68,71.64,71.64,10793.0
2026-06-30,2026-06-30 14:00:00,71.64,71.72,71.64,71.72,18482.0
2026-06-30,2026-06-30 14:05:00,71.73,71.765,71.67,71.76,96983.0
2026-06-30,2026-06-30 14:10:00,71.77,71.79,71.63,71.69,43900.0
2026-06-30,2026-06-30 14:15:00,71.7,71.77,71.7,71.765,16527.0
2026-06-30,2026-06-30 14:20:00,71.78,71.78,71.72,71.74,24542.0
2026-06-30,2026-06-30 14:25:00,71.74,71.745,71.545,71.665,32283.0
2026-06-30,2026-06-30 14:30:00,71.66,71.66,71.605,71.615,21455.0
2026-06-30,2026-06-30 14:35:00,71.615,71.63,71.57,71.6,26380.0
2026-06-30,2026-06-30 14:40:00,71.6,71.665,71.59,71.665,33105.0
2026-06-30,2026-06-30 14:45:00,71.67,71.67,71.58,71.61,22606.0
2026-06-30,2026-06-30 14:50:00,71.611,71.7,71.56,71.7,24711.0
2026-06-30,2026-06-30 14:55:00,71.69,71.7299,71.6,71.6,25569.0
2026-06-30,2026-06-30 15:00:00,71.59,71.67,71.59,71.67,15938.0
2026-06-30,2026-06-30 15:05:00,71.65,71.7,71.615,71.65,38699.0
2026-06-30,2026-06-30 15:10:00,71.65,71.66,71.59,71.65,39763.0
2026-06-30,2026-06-30 15:15:00,71.65,71.66,71.64,71.64,24328.0
2026-06-30,2026-06-30 15:20:00,71.64,71.64,71.59,71.61,38869.0
2026-06-30,2026-06-30 15:25:00,71.62,71.71,71.615,71.685,60872.0
2026-06-30,2026-06-30 15:30:00,71.685,71.725,71.66,71.661,48761.0
2026-06-30,2026-06-30 15:35:00,71.665,71.76,71.66,71.74,89707.0
2026-06-30,2026-06-30 15:40:00,71.73,71.825,71.71,71.77,119466.0
2026-06-30,2026-06-30 15:45:00,71.76,71.8,71.7,71.8,71297.0
2026-06-30,2026-06-30 15:50:00,71.81,72.05,71.81,72.045,52787.0
2026-06-30,2026-06-30 15:55:00,72.03,72.06,71.695,71.86,146552.0
2026-06-30,2026-06-30 16:00:00,71.86,71.9,71.605,71.71,930349.0
2026-07-01,2026-07-01 09:35:00,72.31,72.445,72.02,72.42,24899.0
2026-07-01,2026-07-01 09:40:00,72.47,72.98,72.44,72.72,95169.0
2026-07-01,2026-07-01 09:45:00,72.71,72.741,71.98,72.035,61269.0
2026-07-01,2026-07-01 09:50:00,72.05,72.56,71.98,72.56,47584.0
2026-07-01,2026-07-01 09:55:00,72.52,72.9,72.35,72.77,181515.0
2026-07-01,2026-07-01 10:00:00,72.77,72.77,72.52,72.53,32841.0
2026-07-01,2026-07-01 10:05:00,72.59,72.95,72.54,72.8,32656.0
2026-07-01,2026-07-01 10:10:00,72.815,72.91,72.725,72.84,87615.0
2026-07-01,2026-07-01 10:15:00,72.855,72.93,72.79,72.8,31036.0
2026-07-01,2026-07-01 10:20:00,72.81,72.835,72.69,72.825,28659.0
2026-07-01,2026-07-01 10:25:00,72.85,72.94,72.845,72.92,31877.0
2026-07-01,2026-07-01 10:30:00,72.95,73.025,72.9,73.025,30507.0
2026-07-01,2026-07-01 10:35:00,72.99,73.04,72.89,73.04,40631.0
2026-07-01,2026-07-01 10:40:00,73.05,73.14,72.96,72.97,37437.0
2026-07-01,2026-07-01 10:45:00,72.975,73.08,72.95,73.0,31929.0
2026-07-01,2026-07-01 10:50:00,73.005,73.11,72.98,73.055,52222.0
2026-07-01,2026-07-01 10:55:00,73.05,73.135,73.01,73.105,47903.0
2026-07-01,2026-07-01 11:00:00,73.09,73.33,73.09,73.215,534619.0
2026-07-01,2026-07-01 11:05:00,73.25,73.39,73.22,73.3125,27799.0
2026-07-01,2026-07-01 11:10:00,73.335,73.525,73.335,73.465,20898.0
2026-07-01,2026-07-01 11:15:00,73.46,73.46,73.03,73.05,38226.0
2026-07-01,2026-07-01 11:20:00,73.03,73.11,73.0,73.0,16671.0
2026-07-01,2026-07-01 11:25:00,73.03,73.1,73.0001,73.1,11302.0
2026-07-01,2026-07-01 11:30:00,73.095,73.095,72.83,72.83,13994.0
2026-07-01,2026-07-01 11:35:00,72.88,72.88,72.64,72.85,19389.0
2026-07-01,2026-07-01 11:40:00,72.85,73.01,72.77,72.785,13503.0
2026-07-01,2026-07-01 11:45:00,72.78,72.78,72.7,72.77,9969.0
2026-07-01,2026-07-01 11:50:00,72.78,72.8,72.71,72.78,11461.0
2026-07-01,2026-07-01 11:55:00,72.78,72.81,72.69,72.805,14903.0
2026-07-01,2026-07-01 12:00:00,72.835,72.89,72.79,72.83,10578.0
2026-07-01,2026-07-01 12:05:00,72.835,72.9,72.835,72.8525,10955.0
2026-07-01,2026-07-01 12:10:00,72.855,72.92,72.685,72.75,42671.0
2026-07-01,2026-07-01 12:15:00,72.76,72.845,72.64,72.845,19700.0
2026-07-01,2026-07-01 12:20:00,72.82,73.035,72.82,72.88,37705.0
2026-07-01,2026-07-01 12:25:00,72.875,73.015,72.86,73.0,17675.0
2026-07-01,2026-07-01 12:30:00,72.99,73.04,72.99,73.04,9935.0
2026-07-01,2026-07-01 12:35:00,73.07,73.085,73.0301,73.085,14911.0
2026-07-01,2026-07-01 12:40:00,73.07,73.07,73.0,73.01,13838.0
2026-07-01,2026-07-01 12:45:00,73.02,73.04,73.0,73.04,20867.0
2026-07-01,2026-07-01 12:50:00,73.03,73.045,72.865,72.885,36981.0
2026-07-01,2026-07-01 12:55:00,72.89,72.9,72.72,72.73,13079.0
2026-07-01,2026-07-01 13:00:00,72.705,72.76,72.65,72.65,13032.0
2026-07-01,2026-07-01 13:05:00,72.66,72.72,72.63,72.66,16594.0
2026-07-01,2026-07-01 13:10:00,72.66,72.68,72.535,72.57,14427.0
2026-07-01,2026-07-01 13:15:00,72.57,72.8,72.52,72.675,39097.0
2026-07-01,2026-07-01 13:20:00,72.66,72.78,72.66,72.75,25314.0
2026-07-01,2026-07-01 13:25:00,72.775,72.835,72.73,72.83,59755.0
2026-07-01,2026-07-01 13:30:00,72.83,72.83,72.62,72.625,50460.0
2026-07-01,2026-07-01 13:35:00,72.625,72.68,72.55,72.66,33299.0
2026-07-01,2026-07-01 13:40:00,72.675,72.7,72.61,72.61,19883.0
2026-07-01,2026-07-01 13:45:00,72.615,72.62,72.3817,72.45,70244.0
2026-07-01,2026-07-01 13:50:00,72.44,72.62,72.44,72.48,92593.0
2026-07-01,2026-07-01 13:55:00,72.47,72.485,72.415,72.415,22960.0
2026-07-01,2026-07-01 14:00:00,72.41,72.45,72.305,72.415,38751.0
2026-07-01,2026-07-01 14:05:00,72.385,72.44,72.385,72.41,12838.0
2026-07-01,2026-07-01 14:10:00,72.43,72.455,72.385,72.455,33450.0
2026-07-01,2026-07-01 14:15:00,72.44,72.48,72.33,72.46,80162.0
2026-07-01,2026-07-01 14:20:00,72.46,72.5,72.37,72.37,38507.0
2026-07-01,2026-07-01 14:25:00,72.34,72.44,72.205,72.425,36503.0
2026-07-01,2026-07-01 14:30:00,72.425,72.5,72.345,72.35,38440.0
2026-07-01,2026-07-01 14:35:00,72.345,72.355,72.205,72.275,14259.0
2026-07-01,2026-07-01 14:40:00,72.275,72.29,72.2,72.28,15840.0
2026-07-01,2026-07-01 14:45:00,72.28,72.315,72.15,72.15,28797.0
2026-07-01,2026-07-01 14:50:00,72.17,72.19,72.05,72.145,24361.0
2026-07-01,2026-07-01 14:55:00,72.15,72.35,72.07,72.2,30976.0
2026-07-01,2026-07-01 15:00:00,72.2,72.25,72.04,72.065,50485.0
2026-07-01,2026-07-01 15:05:00,72.04,72.09,71.895,71.9,43663.0
2026-07-01,2026-07-01 15:10:00,71.895,71.96,71.83,71.955,52145.0
2026-07-01,2026-07-01 15:15:00,71.955,71.9799,71.85,71.95,28763.0
2026-07-01,2026-07-01 15:20:00,71.965,72.02,71.85,71.86,30689.0
2026-07-01,2026-07-01 15:25:00,71.86,71.94,71.86,71.91,27206.0
2026-07-01,2026-07-01 15:30:00,71.89,71.965,71.845,71.845,31092.0
2026-07-01,2026-07-01 15:35:00,71.84,71.93,71.74,71.83,59712.0
2026-07-01,2026-07-01 15:40:00,71.83,72.0875,71.83,72.0,48041.0
2026-07-01,2026-07-01 15:45:00,72.01,72.04,71.99,72.0,52595.0
2026-07-01,2026-07-01 15:50:00,72.01,72.15,72.01,72.14,60763.0
2026-07-01,2026-07-01 15:55:00,72.14,72.21,71.9,71.95,135437.0
2026-07-01,2026-07-01 16:00:00,71.93,72.075,71.86,71.95,1158209.0
2026-07-02,2026-07-02 09:35:00,72.85,73.465,72.85,73.24,19027.0
2026-07-02,2026-07-02 09:40:00,73.205,73.4499,72.97,73.23,8930.0
2026-07-02,2026-07-02 09:45:00,73.23,73.29,73.055,73.27,7648.0
2026-07-02,2026-07-02 09:50:00,73.28,73.43,72.81,72.84,26500.0
2026-07-02,2026-07-02 09:55:00,72.84,73.03,72.64,72.64,19160.0
2026-07-02,2026-07-02 10:00:00,72.63,72.79,72.63,72.71,7935.0
2026-07-02,2026-07-02 10:05:00,72.71,72.81,72.365,72.365,27041.0
2026-07-02,2026-07-02 10:10:00,72.43,72.61,72.33,72.53,73673.0
2026-07-02,2026-07-02 10:15:00,72.49,72.59,72.44,72.545,32950.0
2026-07-02,2026-07-02 10:20:00,72.51,72.6,72.42,72.52,21792.0
2026-07-02,2026-07-02 10:25:00,72.49,72.57,72.425,72.54,16159.0
2026-07-02,2026-07-02 10:30:00,72.52,72.58,72.45,72.45,18532.0
2026-07-02,2026-07-02 10:35:00,72.51,72.61,72.51,72.605,19061.0
2026-07-02,2026-07-02 10:40:00,72.6,72.675,72.57,72.67,19479.0
2026-07-02,2026-07-02 10:45:00,72.67,72.76,72.6,72.675,14979.0
2026-07-02,2026-07-02 10:50:00,72.675,72.84,72.675,72.82,11533.0
2026-07-02,2026-07-02 10:55:00,72.84,73.055,72.835,72.98,21650.0
2026-07-02,2026-07-02 11:00:00,72.96,73.12,72.96,73.115,11693.0
2026-07-02,2026-07-02 11:05:00,73.08,73.4,72.96,73.4,79704.0
2026-07-02,2026-07-02 11:10:00,73.38,73.38,73.13,73.26,24229.0
2026-07-02,2026-07-02 11:15:00,73.28,73.345,73.265,73.315,12127.0
2026-07-02,2026-07-02 11:20:00,73.31,73.31,73.21,73.295,9271.0
2026-07-02,2026-07-02 11:25:00,73.275,73.41,73.275,73.3,29252.0
2026-07-02,2026-07-02 11:30:00,73.305,73.39,73.27,73.35,14018.0
2026-07-02,2026-07-02 11:35:00,73.355,73.56,73.34,73.545,22164.0
2026-07-02,2026-07-02 11:40:00,73.545,73.59,73.45,73.58,20462.0
2026-07-02,2026-07-02 11:45:00,73.605,73.68,73.52,73.68,39887.0
2026-07-02,2026-07-02 11:50:00,73.67,73.75,73.65,73.73,18220.0
2026-07-02,2026-07-02 11:55:00,73.7,73.73,73.59,73.6526,76581.0
2026-07-02,2026-07-02 12:00:00,73.67,73.785,73.64,73.78,29749.0
2026-07-02,2026-07-02 12:05:00,73.785,73.88,73.74,73.74,65027.0
2026-07-02,2026-07-02 12:10:00,73.76,73.78,73.67,73.72,41969.0
2026-07-02,2026-07-02 12:15:00,73.71,73.81,73.69,73.765,24982.0
2026-07-02,2026-07-02 12:20:00,73.765,73.845,73.75,73.77,10703.0
2026-07-02,2026-07-02 12:25:00,73.775,73.9,73.76,73.88,12928.0
2026-07-02,2026-07-02 12:30:00,73.86,73.86,73.8,73.83,11956.0
2026-07-02,2026-07-02 12:35:00,73.83,73.85,73.8,73.815,11526.0
2026-07-02,2026-07-02 12:40:00,73.815,73.85,73.76,73.83,14841.0
2026-07-02,2026-07-02 12:45:00,73.8,73.835,73.77,73.83,9489.0
2026-07-02,2026-07-02 12:50:00,73.84,73.88,73.78,73.87,17709.0
2026-07-02,2026-07-02 12:55:00,73.85,73.85,73.81,73.83,15144.0
2026-07-02,2026-07-02 13:00:00,73.83,73.85,73.8,73.805,16922.0
2026-07-02,2026-07-02 13:05:00,73.805,73.8179,73.555,73.555,29063.0
2026-07-02,2026-07-02 13:10:00,73.555,73.56,73.28,73.32,111065.0
2026-07-02,2026-07-02 13:15:00,73.325,73.3625,73.22,73.35,43200.0
2026-07-02,2026-07-02 13:20:00,73.35,73.495,73.34,73.49,48923.0
2026-07-02,2026-07-02 13:25:00,73.49,73.62,73.49,73.6,45620.0
2026-07-02,2026-07-02 13:30:00,73.595,73.66,73.595,73.62,17043.0
2026-07-02,2026-07-02 13:35:00,73.61,73.72,73.61,73.695,14127.0
2026-07-02,2026-07-02 13:40:00,73.66,73.675,73.52,73.525,34784.0
2026-07-02,2026-07-02 13:45:00,73.525,73.64,73.525,73.625,12773.0
2026-07-02,2026-07-02 13:50:00,73.65,73.68,73.48,73.48,18167.0
2026-07-02,2026-07-02 13:55:00,73.495,73.555,73.46,73.5,14441.0
2026-07-02,2026-07-02 14:00:00,73.5,73.5,73.41,73.46,24726.0
2026-07-02,2026-07-02 14:05:00,73.46,73.46,73.25,73.25,32482.0
2026-07-02,2026-07-02 14:10:00,73.26,73.38,73.26,73.335,32651.0
2026-07-02,2026-07-02 14:15:00,73.335,73.35,73.225,73.275,20576.0
2026-07-02,2026-07-02 14:20:00,73.275,73.31,73.15,73.15,18186.0
2026-07-02,2026-07-02 14:25:00,73.155,73.23,73.155,73.21,19152.0
2026-07-02,2026-07-02 14:30:00,73.22,73.32,73.2,73.32,22345.0
2026-07-02,2026-07-02 14:35:00,73.33,73.485,73.33,73.45,101110.0
2026-07-02,2026-07-02 14:40:00,73.45,73.56,73.445,73.54,9105.0
2026-07-02,2026-07-02 14:45:00,73.54,73.62,73.52,73.595,15245.0
2026-07-02,2026-07-02 14:50:00,73.595,73.6999,73.59,73.655,28649.0
2026-07-02,2026-07-02 14:55:00,73.655,73.655,73.58,73.59,23384.0
2026-07-02,2026-07-02 15:00:00,73.605,73.62,73.59,73.6,15697.0
2026-07-02,2026-07-02 15:05:00,73.6,73.745,73.53,73.635,50191.0
2026-07-02,2026-07-02 15:10:00,73.65,73.715,73.65,73.7,19239.0
2026-07-02,2026-07-02 15:15:00,73.695,73.79,73.695,73.75,25219.0
2026-07-02,2026-07-02 15:20:00,73.75,73.8354,73.74,73.83,33947.0
2026-07-02,2026-07-02 15:25:00,73.83,73.9,73.83,73.88,22762.0
2026-07-02,2026-07-02 15:30:00,73.89,74.0,73.85,73.98,18463.0
2026-07-02,2026-07-02 15:35:00,73.99,74.125,73.97,74.125,36690.0
2026-07-02,2026-07-02 15:40:00,74.11,74.12,74.05,74.08,43791.0
2026-07-02,2026-07-02 15:45:00,74.08,74.08,73.99,73.99,54313.0
2026-07-02,2026-07-02 15:50:00,74.0,74.215,74.0,74.215,59449.0
2026-07-02,2026-07-02 15:55:00,74.21,74.36,74.05,74.3,117903.0
2026-07-02,2026-07-02 16:00:00,74.31,74.45,74.14,74.2,711561.0
2026-07-06,2026-07-06 09:35:00,74.15,74.15,72.8,72.825,40064.0
2026-07-06,2026-07-06 09:40:00,72.91,72.91,72.1601,72.195,31862.0
2026-07-06,2026-07-06 09:45:00,72.135,72.32,71.98,72.2,83113.0
2026-07-06,2026-07-06 09:50:00,72.06,72.36,71.7,72.345,73930.0
2026-07-06,2026-07-06 09:55:00,72.32,72.6,72.29,72.395,29917.0
2026-07-06,2026-07-06 10:00:00,72.43,72.46,72.065,72.1,23072.0
2026-07-06,2026-07-06 10:05:00,72.15,72.48,72.12,72.235,27863.0
2026-07-06,2026-07-06 10:10:00,72.235,72.235,71.81,71.92,28065.0
2026-07-06,2026-07-06 10:15:00,71.92,72.0,71.79,71.9999,19723.0
2026-07-06,2026-07-06 10:20:00,71.93,71.985,71.84,71.88,25494.0
2026-07-06,2026-07-06 10:25:00,71.88,71.92,71.67,71.72,33759.0
2026-07-06,2026-07-06 10:30:00,71.77,71.91,71.725,71.84,21743.0
2026-07-06,2026-07-06 10:35:00,71.85,71.9,71.81,71.815,16927.0
2026-07-06,2026-07-06 10:40:00,71.82,71.84,71.73,71.73,19450.0
2026-07-06,2026-07-06 10:45:00,71.735,71.845,71.65,71.8,25985.0
2026-07-06,2026-07-06 10:50:00,71.82,71.86,71.75,71.8,17254.0
2026-07-06,2026-07-06 10:55:00,71.85,72.08,71.78,72.03,32123.0
2026-07-06,2026-07-06 11:00:00,72.01,72.1,71.94,72.1,18110.0
2026-07-06,2026-07-06 11:05:00,72.145,72.25,72.0301,72.075,21791.0
2026-07-06,2026-07-06 11:10:00,72.07,72.205,72.07,72.085,11467.0
2026-07-06,2026-07-06 11:15:00,72.11,72.19,72.02,72.035,14508.0
2026-07-06,2026-07-06 11:20:00,72.08,72.13,72.01,72.01,11215.0
2026-07-06,2026-07-06 11:25:00,72.03,72.245,72.03,72.175,13019.0
2026-07-06,2026-07-06 11:30:00,72.19,72.19,72.045,72.08,12914.0
2026-07-06,2026-07-06 11:35:00,72.07,72.11,71.99,72.09,15549.0
2026-07-06,2026-07-06 11:40:00,72.06,72.23,72.06,72.23,13426.0
2026-07-06,2026-07-06 11:45:00,72.26,72.26,72.09,72.095,11724.0
2026-07-06,2026-07-06 11:50:00,72.095,72.19,72.095,72.1,10476.0
2026-07-06,2026-07-06 11:55:00,72.1,72.26,72.1,72.15,14890.0
2026-07-06,2026-07-06 12:00:00,72.15,72.205,72.13,72.2,9656.0
2026-07-06,2026-07-06 12:05:00,72.195,72.305,72.175,72.26,10226.0
2026-07-06,2026-07-06 12:10:00,72.265,72.42,72.265,72.375,13598.0
2026-07-06,2026-07-06 12:15:00,72.375,72.445,72.33,72.43,16094.0
2026-07-06,2026-07-06 12:20:00,72.455,72.455,72.31,72.32,14612.0
2026-07-06,2026-07-06 12:25:00,72.31,72.375,72.29,72.355,19139.0
2026-07-06,2026-07-06 12:30:00,72.355,72.43,72.29,72.29,16203.0
2026-07-06,2026-07-06 12:35:00,72.28,72.285,72.195,72.195,9123.0
2026-07-06,2026-07-06 12:40:00,72.195,72.24,72.12,72.24,18485.0
2026-07-06,2026-07-06 12:45:00,72.23,72.3,72.22,72.275,9036.0
2026-07-06,2026-07-06 12:50:00,72.28,72.33,72.24,72.33,16000.0
2026-07-06,2026-07-06 12:55:00,72.3,72.45,72.3,72.39,12093.0
2026-07-06,2026-07-06 13:00:00,72.4,72.44,72.37,72.42,12511.0
2026-07-06,2026-07-06 13:05:00,72.4,72.515,72.4,72.48,7495.0
2026-07-06,2026-07-06 13:10:00,72.49,72.64,72.49,72.58,15529.0
2026-07-06,2026-07-06 13:15:00,72.58,72.645,72.51,72.62,11735.0
2026-07-06,2026-07-06 13:20:00,72.635,72.69,72.63,72.675,8844.0
2026-07-06,2026-07-06 13:25:00,72.7,72.725,72.61,72.7,11824.0
2026-07-06,2026-07-06 13:30:00,72.69,72.725,72.67,72.7,8364.0
2026-07-06,2026-07-06 13:35:00,72.7143,72.875,72.6781,72.7084,22760.0
2026-07-06,2026-07-06 13:40:00,72.68,72.685,72.575,72.64,11292.0
2026-07-06,2026-07-06 13:45:00,72.59,72.61,72.5,72.595,11258.0
2026-07-06,2026-07-06 13:50:00,72.61,72.67,72.585,72.65,9024.0
2026-07-06,2026-07-06 13:55:00,72.65,72.76,72.615,72.68,13992.0
2026-07-06,2026-07-06 14:00:00,72.68,72.82,72.68,72.785,13667.0
2026-07-06,2026-07-06 14:05:00,72.8,72.8591,72.8,72.84,12035.0
2026-07-06,2026-07-06 14:10:00,72.85,72.85,72.76,72.81,20505.0
2026-07-06,2026-07-06 14:15:00,72.83,72.87,72.77,72.795,14726.0
2026-07-06,2026-07-06 14:20:00,72.8,72.81,72.72,72.73,18214.0
2026-07-06,2026-07-06 14:25:00,72.725,72.83,72.725,72.77,17160.0
2026-07-06,2026-07-06 14:30:00,72.77,72.87,72.74,72.84,17655.0
2026-07-06,2026-07-06 14:35:00,72.83,72.91,72.805,72.91,19430.0
2026-07-06,2026-07-06 14:40:00,72.92,72.94,72.87,72.89,15197.0
2026-07-06,2026-07-06 14:45:00,72.88,72.9,72.86,72.895,10548.0
2026-07-06,2026-07-06 14:50:00,72.895,73.03,72.88,73.02,25384.0
2026-07-06,2026-07-06 14:55:00,73.05,73.05,72.93,72.935,21244.0
2026-07-06,2026-07-06 15:00:00,72.9465,72.98,72.9204,72.95,19226.0
2026-07-06,2026-07-06 15:05:00,72.95,73.05,72.94,72.96,17631.0
2026-07-06,2026-07-06 15:10:00,72.97,73.06,72.965,72.965,25886.0
2026-07-06,2026-07-06 15:15:00,72.98,73.065,72.96,73.01,23063.0
2026-07-06,2026-07-06 15:20:00,73.015,73.03,72.9,72.975,28237.0
2026-07-06,2026-07-06 15:25:00,72.98,73.01,72.9,72.99,24194.0
2026-07-06,2026-07-06 15:30:00,72.99,73.07,72.925,73.07,23659.0
2026-07-06,2026-07-06 15:35:00,73.045,73.07,72.98,72.99,37545.0
2026-07-06,2026-07-06 15:40:00,73.01,73.02,72.91,72.93,30715.0
2026-07-06,2026-07-06 15:45:00,72.94,72.96,72.755,72.755,31581.0
2026-07-06,2026-07-06 15:50:00,72.755,72.805,72.67,72.74,61839.0
2026-07-06,2026-07-06 15:55:00,72.73,72.8,72.615,72.62,76718.0
2026-07-06,2026-07-06 16:00:00,72.65,72.89,72.42,72.61,773971.0
2026-07-07,2026-07-07 09:35:00,73.77,74.11,73.565,74.11,15944.0
2026-07-07,2026-07-07 09:40:00,74.08,74.33,73.82,73.87,13423.0
2026-07-07,2026-07-07 09:45:00,73.815,73.815,73.55,73.66,5634.0
2026-07-07,2026-07-07 09:50:00,73.62,73.63,73.345,73.47,23132.0
2026-07-07,2026-07-07 09:55:00,73.475,73.6099,73.305,73.4,6130.0
2026-07-07,2026-07-07 10:00:00,73.46,73.49,73.14,73.185,13078.0
2026-07-07,2026-07-07 10:05:00,73.185,73.185,72.87,72.97,13463.0
2026-07-07,2026-07-07 10:10:00,72.88,72.98,72.665,72.665,8549.0
2026-07-07,2026-07-07 10:15:00,72.74,72.91,72.65,72.785,24635.0
2026-07-07,2026-07-07 10:20:00,72.765,72.91,72.755,72.905,9147.0
2026-07-07,2026-07-07 10:25:00,72.94,73.11,72.92,73.08,12333.0
2026-07-07,2026-07-07 10:30:00,73.085,73.125,72.88,72.95,20313.0
2026-07-07,2026-07-07 10:35:00,72.995,73.04,72.92,72.99,9621.0
2026-07-07,2026-07-07 10:40:00,72.99,73.25,72.95,73.21,12726.0
2026-07-07,2026-07-07 10:45:00,73.195,73.26,73.095,73.23,32591.0
2026-07-07,2026-07-07 10:50:00,73.18,73.305,73.17,73.22,14799.0
2026-07-07,2026-07-07 10:55:00,73.2,73.24,73.16,73.2,25850.0
2026-07-07,2026-07-07 11:00:00,73.1714,73.18,72.85,72.885,19294.0
2026-07-07,2026-07-07 11:05:00,72.88,72.88,72.515,72.515,17225.0
2026-07-07,2026-07-07 11:10:00,72.49,72.76,72.475,72.63,20892.0
2026-07-07,2026-07-07 11:15:00,72.625,72.685,72.55,72.55,15545.0
2026-07-07,2026-07-07 11:20:00,72.555,72.66,72.55,72.64,15601.0
2026-07-07,2026-07-07 11:25:00,72.62,72.64,72.565,72.565,11301.0
2026-07-07,2026-07-07 11:30:00,72.565,72.71,72.54,72.71,14795.0
2026-07-07,2026-07-07 11:35:00,72.695,72.695,72.56,72.6,15858.0
2026-07-07,2026-07-07 11:40:00,72.585,72.67,72.49,72.67,12238.0
2026-07-07,2026-07-07 11:45:00,72.6599,72.69,72.58,72.58,10252.0
2026-07-07,2026-07-07 11:50:00,72.6,72.6,72.475,72.57,6513.0
2026-07-07,2026-07-07 11:55:00,72.57,72.59,72.3929,72.5,16317.0
2026-07-07,2026-07-07 12:00:00,72.49,72.59,72.445,72.585,9237.0
2026-07-07,2026-07-07 12:05:00,72.61,72.7,72.6,72.63,6621.0
2026-07-07,2026-07-07 12:10:00,72.64,72.75,72.55,72.585,19707.0
2026-07-07,2026-07-07 12:15:00,72.59,72.66,72.57,72.635,12921.0
2026-07-07,2026-07-07 12:20:00,72.635,72.69,72.61,72.65,7786.0
2026-07-07,2026-07-07 12:25:00,72.655,72.68,72.59,72.61,6167.0
2026-07-07,2026-07-07 12:30:00,72.63,72.665,72.58,72.59,9603.0
2026-07-07,2026-07-07 12:35:00,72.585,72.585,72.45,72.5,8767.0
2026-07-07,2026-07-07 12:40:00,72.515,72.58,72.48,72.48,9808.0
2026-07-07,2026-07-07 12:45:00,72.52,72.62,72.51,72.57,10107.0
2026-07-07,2026-07-07 12:50:00,72.56,72.59,72.5,72.525,17725.0
2026-07-07,2026-07-07 12:55:00,72.525,72.535,72.39,72.475,14336.0
2026-07-07,2026-07-07 13:00:00,72.49,72.58,72.465,72.5,11346.0
2026-07-07,2026-07-07 13:05:00,72.48,72.51,72.4501,72.47,10047.0
2026-07-07,2026-07-07 13:10:00,72.475,72.52,72.41,72.47,20439.0
2026-07-07,2026-07-07 13:15:00,72.48,72.6,72.48,72.6,12487.0
2026-07-07,2026-07-07 13:20:00,72.585,72.62,72.48,72.485,16265.0
2026-07-07,2026-07-07 13:25:00,72.495,72.495,72.4404,72.465,14834.0
2026-07-07,2026-07-07 13:30:00,72.48,72.63,72.48,72.59,11075.0
2026-07-07,2026-07-07 13:35:00,72.59,72.59,72.495,72.55,10865.0
2026-07-07,2026-07-07 13:40:00,72.56,72.59,72.51,72.58,14818.0
2026-07-07,2026-07-07 13:45:00,72.59,72.6,72.54,72.57,8209.0
2026-07-07,2026-07-07 13:50:00,72.595,72.63,72.55,72.55,9532.0
2026-07-07,2026-07-07 13:55:00,72.5501,72.575,72.51,72.575,9348.0
2026-07-07,2026-07-07 14:00:00,72.59,72.63,72.555,72.56,9808.0
2026-07-07,2026-07-07 14:05:00,72.54,72.6,72.52,72.585,19062.0
2026-07-07,2026-07-07 14:10:00,72.6,72.62,72.57,72.615,8014.0
2026-07-07,2026-07-07 14:15:00,72.61,72.62,72.58,72.6,13612.0
2026-07-07,2026-07-07 14:20:00,72.62,72.7,72.58,72.635,19532.0
2026-07-07,2026-07-07 14:25:00,72.635,72.67,72.61,72.61,8368.0
2026-07-07,2026-07-07 14:30:00,72.62,72.685,72.615,72.68,8042.0
2026-07-07,2026-07-07 14:35:00,72.68,72.74,72.66,72.74,15752.0
2026-07-07,2026-07-07 14:40:00,72.76,72.81,72.495,72.51,88138.0
2026-07-07,2026-07-07 14:45:00,72.53,72.59,72.495,72.59,11763.0
2026-07-07,2026-07-07 14:50:00,72.5701,72.63,72.48,72.485,5363.0
2026-07-07,2026-07-07 14:55:00,72.51,72.585,72.5,72.57,14096.0
2026-07-07,2026-07-07 15:00:00,72.54,72.69,72.5,72.575,34858.0
2026-07-07,2026-07-07 15:05:00,72.56,72.56,72.24,72.34,94543.0
2026-07-07,2026-07-07 15:10:00,72.33,72.37,72.19,72.205,38010.0
2026-07-07,2026-07-07 15:15:00,72.15,72.27,72.13,72.175,21603.0
2026-07-07,2026-07-07 15:20:00,72.15,72.295,72.13,72.295,41430.0
2026-07-07,2026-07-07 15:25:00,72.295,72.42,72.29,72.395,13279.0
2026-07-07,2026-07-07 15:30:00,72.42,72.46,72.33,72.34,14627.0
2026-07-07,2026-07-07 15:35:00,72.335,72.36,72.2,72.21,59231.0
2026-07-07,2026-07-07 15:40:00,72.24,72.28,72.19,72.28,33603.0
2026-07-07,2026-07-07 15:45:00,72.26,72.31,72.225,72.225,20948.0
2026-07-07,2026-07-07 15:50:00,72.225,72.37,72.17,72.2901,59872.0
2026-07-07,2026-07-07 15:55:00,72.3,72.455,72.12,72.43,90653.0
2026-07-07,2026-07-07 16:00:00,72.425,72.425,71.84,71.89,668141.0
2026-07-08,2026-07-08 09:35:00,71.0,71.265,69.78,69.99,24460.0
2026-07-08,2026-07-08 09:40:00,70.115,70.33,69.8875,70.33,15485.0
2026-07-08,2026-07-08 09:45:00,70.24,70.32,69.89,70.05,11515.0
2026-07-08,2026-07-08 09:50:00,69.89,70.01,69.8,69.88,6902.0
2026-07-08,2026-07-08 09:55:00,69.88,69.95,69.56,69.675,7540.0
2026-07-08,2026-07-08 10:00:00,69.68,69.9,69.6,69.65,14268.0
2026-07-08,2026-07-08 10:05:00,69.58,69.67,69.36,69.36,20930.0
2026-07-08,2026-07-08 10:10:00,69.34,69.58,69.24,69.545,49337.0
2026-07-08,2026-07-08 10:15:00,69.52,69.77,69.47,69.58,44054.0
2026-07-08,2026-07-08 10:20:00,69.6,69.64,69.5375,69.56,23742.0
2026-07-08,2026-07-08 10:25:00,69.57,69.73,69.55,69.73,21698.0
2026-07-08,2026-07-08 10:30:00,69.74,69.76,69.56,69.56,29151.0
2026-07-08,2026-07-08 10:35:00,69.585,69.74,69.46,69.65,32178.0
2026-07-08,2026-07-08 10:40:00,69.645,69.91,69.645,69.89,27232.0
2026-07-08,2026-07-08 10:45:00,69.9,70.02,69.78,69.895,40171.0
2026-07-08,2026-07-08 10:50:00,69.875,70.015,69.875,69.95,22851.0
2026-07-08,2026-07-08 10:55:00,69.94,69.95,69.77,69.78,28509.0
2026-07-08,2026-07-08 11:00:00,69.77,69.77,69.69,69.7,32731.0
2026-07-08,2026-07-08 11:05:00,69.69,69.83,69.63,69.75,44090.0
2026-07-08,2026-07-08 11:10:00,69.75,69.81,69.68,69.745,29561.0
2026-07-08,2026-07-08 11:15:00,69.745,69.92,69.745,69.81,31336.0
2026-07-08,2026-07-08 11:20:00,69.8125,69.8125,69.71,69.8,25558.0
2026-07-08,2026-07-08 11:25:00,69.77,69.82,69.72,69.72,19894.0
2026-07-08,2026-07-08 11:30:00,69.725,69.74,69.6,69.67,25433.0
2026-07-08,2026-07-08 11:35:00,69.68,69.75,69.655,69.73,16685.0
2026-07-08,2026-07-08 11:40:00,69.76,69.765,69.7,69.73,18933.0
2026-07-08,2026-07-08 11:45:00,69.71,69.755,69.66,69.735,21035.0
2026-07-08,2026-07-08 11:50:00,69.735,69.76,69.69,69.74,22725.0
2026-07-08,2026-07-08 11:55:00,69.745,69.79,69.71,69.775,18069.0
2026-07-08,2026-07-08 12:00:00,69.76,69.8,69.72,69.74,24393.0
2026-07-08,2026-07-08 12:05:00,69.74,69.81,69.72,69.81,12394.0
2026-07-08,2026-07-08 12:10:00,69.81,69.96,69.81,69.85,13438.0
2026-07-08,2026-07-08 12:15:00,69.85,69.91,69.805,69.825,12129.0
2026-07-08,2026-07-08 12:20:00,69.815,69.935,69.71,69.755,25069.0
2026-07-08,2026-07-08 12:25:00,69.755,69.8,69.71,69.79,17385.0
2026-07-08,2026-07-08 12:30:00,69.8,69.87,69.8,69.87,13828.0
2026-07-08,2026-07-08 12:35:00,69.875,69.94,69.86,69.89,36790.0
2026-07-08,2026-07-08 12:40:00,69.895,70.02,69.875,70.01,18709.0
2026-07-08,2026-07-08 12:45:00,70.01,70.22,69.99,70.17,25980.0
2026-07-08,2026-07-08 12:50:00,70.19,70.28,70.15,70.275,12150.0
2026-07-08,2026-07-08 12:55:00,70.3,70.3,70.16,70.22,17451.0
2026-07-08,2026-07-08 13:00:00,70.22,70.246,70.19,70.23,11217.0
2026-07-08,2026-07-08 13:05:00,70.235,70.24,70.16,70.205,13564.0
2026-07-08,2026-07-08 13:10:00,70.205,70.25,70.16,70.18,12048.0
2026-07-08,2026-07-08 13:15:00,70.18,70.26,70.17,70.22,15942.0
2026-07-08,2026-07-08 13:20:00,70.225,70.315,70.21,70.275,17909.0
2026-07-08,2026-07-08 13:25:00,70.32,70.33,70.28,70.31,9949.0
2026-07-08,2026-07-08 13:30:00,70.29,70.325,70.26,70.32,17408.0
2026-07-08,2026-07-08 13:35:00,70.32,70.3399,70.25,70.265,19333.0
2026-07-08,2026-07-08 13:40:00,70.27,70.305,70.22,70.22,33001.0
2026-07-08,2026-07-08 13:45:00,70.195,70.245,70.195,70.245,9604.0
2026-07-08,2026-07-08 13:50:00,70.245,70.245,70.17,70.185,12680.0
2026-07-08,2026-07-08 13:55:00,70.2,70.24,70.17,70.215,17986.0
2026-07-08,2026-07-08 14:00:00,70.2,70.225,70.17,70.21,15146.0
2026-07-08,2026-07-08 14:05:00,70.2,70.345,70.19,70.345,22195.0
2026-07-08,2026-07-08 14:10:00,70.345,70.355,70.02,70.06,22408.0
2026-07-08,2026-07-08 14:15:00,70.03,70.18,69.94,70.155,27525.0
2026-07-08,2026-07-08 14:20:00,70.155,70.16,70.1,70.155,21096.0
2026-07-08,2026-07-08 14:25:00,70.155,70.18,70.07,70.16,24522.0
2026-07-08,2026-07-08 14:30:00,70.14,70.18,70.14,70.16,30754.0
2026-07-08,2026-07-08 14:35:00,70.15,70.17,70.1,70.115,25214.0
2026-07-08,2026-07-08 14:40:00,70.1,70.1,69.945,69.975,20167.0
2026-07-08,2026-07-08 14:45:00,69.97,70.02,69.95,70.01,30177.0
2026-07-08,2026-07-08 14:50:00,70.015,70.015,69.94,69.965,17392.0
2026-07-08,2026-07-08 14:55:00,69.96,70.06,69.95,69.98,27611.0
2026-07-08,2026-07-08 15:00:00,69.97,69.975,69.915,69.96,13421.0
2026-07-08,2026-07-08 15:05:00,69.95,70.02,69.94,70.01,23351.0
2026-07-08,2026-07-08 15:10:00,70.015,70.07,69.98,70.03,21154.0
2026-07-08,2026-07-08 15:15:00,70.05,70.085,69.98,70.045,20320.0
2026-07-08,2026-07-08 15:20:00,70.07,70.23,70.07,70.12,20240.0
2026-07-08,2026-07-08 15:25:00,70.11,70.115,70.05,70.07,21441.0
2026-07-08,2026-07-08 15:30:00,70.075,70.075,69.95,69.96,17930.0
2026-07-08,2026-07-08 15:35:00,69.97,69.97,69.86,69.9,25177.0
2026-07-08,2026-07-08 15:40:00,69.91,69.945,69.89,69.92,21512.0
2026-07-08,2026-07-08 15:45:00,69.91,69.95,69.81,69.82,43978.0
2026-07-08,2026-07-08 15:50:00,69.8,70.135,69.79,69.965,107253.0
2026-07-08,2026-07-08 15:55:00,69.95,69.965,69.79,69.89,122483.0
2026-07-08,2026-07-08 16:00:00,69.905,69.905,69.58,69.61,942765.0
2026-07-09,2026-07-09 09:35:00,69.84,70.03,69.525,70.03,23867.0
2026-07-09,2026-07-09 09:40:00,69.94,69.97,69.39,69.59,17081.0
2026-07-09,2026-07-09 09:45:00,69.68,70.105,69.68,70.105,11266.0
2026-07-09,2026-07-09 09:50:00,70.1,70.23,70.03,70.06,7106.0
2026-07-09,2026-07-09 09:55:00,70.1,70.32,70.08,70.252,5570.0
2026-07-09,2026-07-09 10:00:00,70.245,70.49,70.245,70.36,23623.0
2026-07-09,2026-07-09 10:05:00,70.35,70.6,70.33,70.33,7198.0
2026-07-09,2026-07-09 10:10:00,70.3999,70.45,70.35,70.425,4707.0
2026-07-09,2026-07-09 10:15:00,70.425,70.74,70.42,70.65,13003.0
2026-07-09,2026-07-09 10:20:00,70.55,70.78,70.55,70.78,10709.0
2026-07-09,2026-07-09 10:25:00,70.8,70.92,70.8,70.825,8627.0
2026-07-09,2026-07-09 10:30:00,70.805,70.81,70.58,70.58,14453.0
2026-07-09,2026-07-09 10:35:00,70.645,70.83,70.53,70.5493,13486.0
2026-07-09,2026-07-09 10:40:00,70.555,70.73,70.555,70.59,15453.0
2026-07-09,2026-07-09 10:45:00,70.57,70.67,70.55,70.62,8494.0
2026-07-09,2026-07-09 10:50:00,70.63,70.72,70.62,70.63,11323.0
2026-07-09,2026-07-09 10:55:00,70.64,70.7,70.61,70.7,6334.0
2026-07-09,2026-07-09 11:00:00,70.63,70.72,70.57,70.72,12144.0
2026-07-09,2026-07-09 11:05:00,70.705,70.76,70.665,70.75,14134.0
2026-07-09,2026-07-09 11:10:00,70.725,70.85,70.725,70.76,16437.0
2026-07-09,2026-07-09 11:15:00,70.735,70.77,70.68,70.705,11867.0
2026-07-09,2026-07-09 11:20:00,70.72,70.79,70.655,70.655,10495.0
2026-07-09,2026-07-09 11:25:00,70.64,70.72,70.52,70.52,13469.0
2026-07-09,2026-07-09 11:30:00,70.53,70.57,70.45,70.45,15435.0
2026-07-09,2026-07-09 11:35:00,70.44,70.44,70.37,70.4,6704.0
2026-07-09,2026-07-09 11:40:00,70.42,70.46,70.34,70.42,13666.0
2026-07-09,2026-07-09 11:45:00,70.41,70.56,70.385,70.54,10811.0
2026-07-09,2026-07-09 11:50:00,70.54,70.54,70.46,70.48,10695.0
2026-07-09,2026-07-09 11:55:00,70.47,70.52,70.47,70.49,10240.0
2026-07-09,2026-07-09 12:00:00,70.485,70.535,70.42,70.5,17926.0
2026-07-09,2026-07-09 12:05:00,70.54,70.755,70.54,70.75,17654.0
2026-07-09,2026-07-09 12:10:00,70.75,70.78,70.64,70.655,14190.0
2026-07-09,2026-07-09 12:15:00,70.65,70.66,70.59,70.66,12298.0
2026-07-09,2026-07-09 12:20:00,70.669,70.7,70.64,70.645,12095.0
2026-07-09,2026-07-09 12:25:00,70.68,70.68,70.635,70.65,9854.0
2026-07-09,2026-07-09 12:30:00,70.67,70.67,70.595,70.63,10927.0
2026-07-09,2026-07-09 12:35:00,70.65,70.68,70.61,70.65,10165.0
2026-07-09,2026-07-09 12:40:00,70.635,70.64,70.53,70.55,14179.0
2026-07-09,2026-07-09 12:45:00,70.52,70.52,70.38,70.38,16546.0
2026-07-09,2026-07-09 12:50:00,70.385,70.42,70.37,70.4,11059.0
2026-07-09,2026-07-09 12:55:00,70.41,70.42,70.395,70.415,20331.0
2026-07-09,2026-07-09 13:00:00,70.43,70.5,70.42,70.5,16620.0
2026-07-09,2026-07-09 13:05:00,70.51,70.51,70.42,70.42,13872.0
2026-07-09,2026-07-09 13:10:00,70.44,70.495,70.435,70.44,9889.0
2026-07-09,2026-07-09 13:15:00,70.43,70.45,70.43,70.44,10606.0
2026-07-09,2026-07-09 13:20:00,70.44,70.45,70.4,70.43,13749.0
2026-07-09,2026-07-09 13:25:00,70.43,70.455,70.405,70.405,14894.0
2026-07-09,2026-07-09 13:30:00,70.41,70.44,70.41,70.44,10351.0
2026-07-09,2026-07-09 13:35:00,70.43,70.54,70.43,70.53,13255.0
2026-07-09,2026-07-09 13:40:00,70.54,70.57,70.48,70.54,11539.0
2026-07-09,2026-07-09 13:45:00,70.52,70.58,70.495,70.57,12731.0
2026-07-09,2026-07-09 13:50:00,70.575,70.6,70.5,70.59,11300.0
2026-07-09,2026-07-09 13:55:00,70.6,70.65,70.57,70.645,26682.0
2026-07-09,2026-07-09 14:00:00,70.645,70.7,70.62,70.635,13263.0
2026-07-09,2026-07-09 14:05:00,70.63,70.68,70.62,70.645,13940.0
2026-07-09,2026-07-09 14:10:00,70.665,70.72,70.58,70.58,20047.0
2026-07-09,2026-07-09 14:15:00,70.58,70.65,70.57,70.62,18566.0
2026-07-09,2026-07-09 14:20:00,70.62,70.62,70.59,70.59,9298.0
2026-07-09,2026-07-09 14:25:00,70.59,70.63,70.57,70.605,19409.0
2026-07-09,2026-07-09 14:30:00,70.63,70.64,70.6,70.63,19227.0
2026-07-09,2026-07-09 14:35:00,70.64,70.695,70.64,70.67,21729.0
2026-07-09,2026-07-09 14:40:00,70.68,70.68,70.6,70.62,19727.0
2026-07-09,2026-07-09 14:45:00,70.62,70.75,70.62,70.7,20454.0
2026-07-09,2026-07-09 14:50:00,70.7,70.71,70.62,70.635,22497.0
2026-07-09,2026-07-09 14:55:00,70.62,70.62,70.55,70.555,21539.0
2026-07-09,2026-07-09 15:00:00,70.57,70.615,70.44,70.52,31702.0
2026-07-09,2026-07-09 15:05:00,70.545,70.56,70.485,70.53,31816.0
2026-07-09,2026-07-09 15:10:00,70.545,70.57,70.52,70.52,27493.0
2026-07-09,2026-07-09 15:15:00,70.52,70.56,70.49,70.52,39636.0
2026-07-09,2026-07-09 15:20:00,70.535,70.56,70.5,70.5,30027.0
2026-07-09,2026-07-09 15:25:00,70.51,70.535,70.46,70.51,31907.0
2026-07-09,2026-07-09 15:30:00,70.51,70.54,70.47,70.475,33248.0
2026-07-09,2026-07-09 15:35:00,70.48,70.58,70.47,70.5,44904.0
2026-07-09,2026-07-09 15:40:00,70.5,70.53,70.48,70.525,33805.0
2026-07-09,2026-07-09 15:45:00,70.535,70.57,70.52,70.54,57108.0
2026-07-09,2026-07-09 15:50:00,70.53,70.53,70.38,70.47,59723.0
2026-07-09,2026-07-09 15:55:00,70.45,70.63,70.37,70.62,118799.0
2026-07-09,2026-07-09 16:00:00,70.63,71.09,70.63,71.02,796258.0
2026-07-10,2026-07-10 09:35:00,70.8,71.335,70.435,70.435,23994.0
2026-07-10,2026-07-10 09:40:00,70.55,71.01,70.515,71.01,13503.0
2026-07-10,2026-07-10 09:45:00,71.1,71.28,71.1,71.255,2837.0
2026-07-10,2026-07-10 09:50:00,71.27,71.39,70.85,70.88,20043.0
2026-07-10,2026-07-10 09:55:00,70.935,71.16,70.81,71.16,6144.0
2026-07-10,2026-07-10 10:00:00,71.035,71.075,70.985,71.01,4052.0
2026-07-10,2026-07-10 10:05:00,71.01,71.09,70.985,71.055,4299.0
2026-07-10,2026-07-10 10:10:00,71.045,71.08,70.96,70.975,4692.0
2026-07-10,2026-07-10 10:15:00,70.98,70.98,70.81,70.83,6934.0
2026-07-10,2026-07-10 10:20:00,70.8775,71.18,70.8725,71.155,8022.0
2026-07-10,2026-07-10 10:25:00,71.215,71.29,71.15,71.19,11066.0
2026-07-10,2026-07-10 10:30:00,71.19,71.23,71.0501,71.11,8917.0
2026-07-10,2026-07-10 10:35:00,71.14,71.21,70.705,70.98,23315.0
2026-07-10,2026-07-10 10:40:00,71.01,71.23,70.94,71.1801,16635.0
2026-07-10,2026-07-10 10:45:00,71.185,71.24,71.1,71.24,9620.0
2026-07-10,2026-07-10 10:50:00,71.21,71.215156,71.1201,71.17,10278.0
2026-07-10,2026-07-10 10:55:00,71.195,71.26,71.195,71.25,9288.0
2026-07-10,2026-07-10 11:00:00,71.19,71.19,71.05,71.17,7336.0
2026-07-10,2026-07-10 11:05:00,71.17,71.22,71.08,71.08,13797.0
2026-07-10,2026-07-10 11:10:00,71.075,71.09,71.0,71.0,9659.0
2026-07-10,2026-07-10 11:15:00,70.995,71.03,70.88,70.91,8667.0
2026-07-10,2026-07-10 11:20:00,70.92,71.0,70.895,70.945,8542.0
2026-07-10,2026-07-10 11:25:00,70.91,70.93,70.85,70.895,7750.0
2026-07-10,2026-07-10 11:30:00,70.91,70.93,70.87,70.9,7512.0
2026-07-10,2026-07-10 11:35:00,70.89,70.93,70.88,70.895,9627.0
2026-07-10,2026-07-10 11:40:00,70.905,70.905,70.86,70.9,8781.0
2026-07-10,2026-07-10 11:45:00,70.92,71.08,70.905,71.075,6448.0
2026-07-10,2026-07-10 11:50:00,71.05,71.075,71.01,71.01,5109.0
2026-07-10,2026-07-10 11:55:00,71.015,71.02,70.995,71.01,6132.0
2026-07-10,2026-07-10 12:00:00,71.015,71.08,71.0,71.0,5113.0
2026-07-10,2026-07-10 12:05:00,71.02,71.02,70.96,70.96,4531.0
2026-07-10,2026-07-10 12:10:00,70.95,70.96,70.92,70.96,4643.0
2026-07-10,2026-07-10 12:15:00,70.97,71.06,70.96,71.06,5640.0
2026-07-10,2026-07-10 12:20:00,71.055,71.095,71.035,71.0475,6528.0
2026-07-10,2026-07-10 12:25:00,71.055,71.055,70.9609,70.995,5863.0
2026-07-10,2026-07-10 12:30:00,70.98,70.99,70.85,70.865,5715.0
2026-07-10,2026-07-10 12:35:00,70.88,70.895,70.875,70.875,3678.0
2026-07-10,2026-07-10 12:40:00,70.855,70.89,70.83,70.89,4723.0
2026-07-10,2026-07-10 12:45:00,70.935,70.9825,70.92,70.98,6554.0
2026-07-10,2026-07-10 12:50:00,70.985,70.985,70.89,70.925,40105.0
2026-07-10,2026-07-10 12:55:00,70.89,71.08,70.89,71.08,8964.0
2026-07-10,2026-07-10 13:00:00,71.08,71.11,71.05,71.065,5461.0
2026-07-10,2026-07-10 13:05:00,71.08,71.19,71.08,71.1375,13228.0
2026-07-10,2026-07-10 13:10:00,71.16,71.16,71.115,71.115,2767.0
2026-07-10,2026-07-10 13:15:00,71.105,71.17,71.1,71.155,5352.0
2026-07-10,2026-07-10 13:20:00,71.17,71.19,71.155,71.155,7294.0
2026-07-10,2026-07-10 13:25:00,71.14,71.14,71.1,71.1,7615.0
2026-07-10,2026-07-10 13:30:00,71.11,71.11,71.0,71.1,6156.0
2026-07-10,2026-07-10 13:35:00,71.1,71.12,71.08,71.095,5790.0
2026-07-10,2026-07-10 13:40:00,71.105,71.12,71.09,71.09,4829.0
2026-07-10,2026-07-10 13:45:00,71.095,71.11,71.06,71.11,6448.0
2026-07-10,2026-07-10 13:50:00,71.105,71.135,71.09,71.12,6759.0
2026-07-10,2026-07-10 13:55:00,71.11,71.12,71.0901,71.105,3813.0
2026-07-10,2026-07-10 14:00:00,71.105,71.135,71.08,71.12,10441.0
2026-07-10,2026-07-10 14:05:00,71.1,71.1,71.02,71.02,7940.0
2026-07-10,2026-07-10 14:10:00,71.0,71.1,71.0,71.09,8339.0
2026-07-10,2026-07-10 14:15:00,71.115,71.13,71.09,71.13,7461.0
2026-07-10,2026-07-10 14:20:00,71.155,71.16,71.1301,71.1301,3520.0
2026-07-10,2026-07-10 14:25:00,71.15,71.16,71.09,71.09,6595.0
2026-07-10,2026-07-10 14:30:00,71.115,71.15,71.09,71.135,8641.0
2026-07-10,2026-07-10 14:35:00,71.13,71.1425,71.1,71.11,5491.0
2026-07-10,2026-07-10 14:40:00,71.12,71.14,71.005,71.045,28880.0
2026-07-10,2026-07-10 14:45:00,71.045,71.045,70.9075,71.03,15519.0
2026-07-10,2026-07-10 14:50:00,71.0,71.0,70.92,70.925,6767.0
2026-07-10,2026-07-10 14:55:00,70.94,70.98,70.93,70.98,11676.0
2026-07-10,2026-07-10 15:00:00,70.96,70.96,70.93,70.94,8237.0
2026-07-10,2026-07-10 15:05:00,70.92,70.965,70.9,70.9,12595.0
2026-07-10,2026-07-10 15:10:00,70.92,71.0,70.92,70.98,11998.0
2026-07-10,2026-07-10 15:15:00,71.0,71.03,70.98,70.985,9519.0
2026-07-10,2026-07-10 15:20:00,70.985,71.03,70.985,71.02,12726.0
2026-07-10,2026-07-10 15:25:00,71.02,71.04,70.975,70.975,16422.0
2026-07-10,2026-07-10 15:30:00,70.96,70.995,70.95,70.95,14224.0
2026-07-10,2026-07-10 15:35:00,70.95,71.04,70.93,71.03,19482.0
2026-07-10,2026-07-10 15:40:00,71.04,71.06,71.01,71.04,20490.0
2026-07-10,2026-07-10 15:45:00,71.02,71.02,70.915,70.945,21758.0
2026-07-10,2026-07-10 15:50:00,70.945,70.96,70.91,70.91,21306.0
2026-07-10,2026-07-10 15:55:00,70.92,71.04,70.705,70.72,66030.0
2026-07-10,2026-07-10 16:00:00,70.72,70.765,70.61,70.7,493629.0
2026-07-13,2026-07-13 09:35:00,71.09,71.39,70.78,71.36,22587.0
2026-07-13,2026-07-13 09:40:00,71.1001,71.485,71.1001,71.37,15143.0
2026-07-13,2026-07-13 09:45:00,71.42,71.77,71.37,71.605,26495.0
2026-07-13,2026-07-13 09:50:00,71.79,71.79,71.45,71.61,16028.0
2026-07-13,2026-07-13 09:55:00,71.575,71.72,71.48,71.72,17301.0
2026-07-13,2026-07-13 10:00:00,71.735,71.8,71.645,71.645,10289.0
2026-07-13,2026-07-13 10:05:00,71.72,71.85,71.565,71.73,19404.0
2026-07-13,2026-07-13 10:10:00,71.725,71.725,71.565,71.63,17612.0
2026-07-13,2026-07-13 10:15:00,71.64,71.7,71.53,71.615,11581.0
2026-07-13,2026-07-13 10:20:00,71.65,71.65,71.19,71.53,29955.0
2026-07-13,2026-07-13 10:25:00,71.56,71.56,71.315,71.335,10573.0
2026-07-13,2026-07-13 10:30:00,71.3,71.33,71.225,71.275,13141.0
2026-07-13,2026-07-13 10:35:00,71.23,71.32,71.18,71.245,11386.0
2026-07-13,2026-07-13 10:40:00,71.22,71.245,71.1,71.1,10352.0
2026-07-13,2026-07-13 10:45:00,71.115,71.2,71.05,71.11,7624.0
2026-07-13,2026-07-13 10:50:00,71.13,71.22,71.11,71.21,13487.0
2026-07-13,2026-07-13 10:55:00,71.23,71.27,71.175,71.245,11240.0
2026-07-13,2026-07-13 11:00:00,71.255,71.33,71.16,71.23,18969.0
2026-07-13,2026-07-13 11:05:00,71.23,71.285,71.16,71.16,8406.0
2026-07-13,2026-07-13 11:10:00,71.13,71.23,71.125,71.2251,12630.0
2026-07-13,2026-07-13 11:15:00,71.25,71.25,71.16,71.205,15748.0
2026-07-13,2026-07-13 11:20:00,71.21,71.32,71.18,71.31,25790.0
2026-07-13,2026-07-13 11:25:00,71.31,71.31,71.24,71.245,15985.0
2026-07-13,2026-07-13 11:30:00,71.23,71.31,71.205,71.31,8276.0
2026-07-13,2026-07-13 11:35:00,71.375,71.4,71.34,71.365,8157.0
2026-07-13,2026-07-13 11:40:00,71.365,71.445,71.36,71.38,9447.0
2026-07-13,2026-07-13 11:45:00,71.39,71.3951,71.32,71.32,9323.0
2026-07-13,2026-07-13 11:50:00,71.315,71.4,71.3075,71.375,14242.0
2026-07-13,2026-07-13 11:55:00,71.36,71.42,71.36,71.37,9825.0
2026-07-13,2026-07-13 12:00:00,71.39,71.39,71.315,71.33,10439.0
2026-07-13,2026-07-13 12:05:00,71.32,71.46,71.31,71.46,14714.0
2026-07-13,2026-07-13 12:10:00,71.465,71.47,71.36,71.385,13474.0
2026-07-13,2026-07-13 12:15:00,71.39,71.39,71.32,71.32,7239.0
2026-07-13,2026-07-13 12:20:00,71.325,71.395,71.3,71.36,9416.0
2026-07-13,2026-07-13 12:25:00,71.36,71.44,71.355,71.375,7130.0
2026-07-13,2026-07-13 12:30:00,71.37,71.41,71.32,71.33,6335.0
2026-07-13,2026-07-13 12:35:00,71.34,71.365,71.305,71.36,8032.0
2026-07-13,2026-07-13 12:40:00,71.365,71.54,71.36,71.48,14351.0
2026-07-13,2026-07-13 12:45:00,71.465,71.465,71.37,71.37,7511.0
2026-07-13,2026-07-13 12:50:00,71.4,71.4,71.29,71.32,8187.0
2026-07-13,2026-07-13 12:55:00,71.325,71.33,71.23,71.245,9072.0
2026-07-13,2026-07-13 13:00:00,71.24,71.29,71.21,71.23,7155.0
2026-07-13,2026-07-13 13:05:00,71.21,71.26,71.2,71.24,9520.0
2026-07-13,2026-07-13 13:10:00,71.27,71.29,71.165,71.165,8144.0
2026-07-13,2026-07-13 13:15:00,71.15,71.17,71.1,71.1,12200.0
2026-07-13,2026-07-13 13:20:00,71.11,71.15,71.1,71.13,9231.0
2026-07-13,2026-07-13 13:25:00,71.14,71.155,71.05,71.05,10091.0
2026-07-13,2026-07-13 13:30:00,71.045,71.045,70.995,70.995,9323.0
2026-07-13,2026-07-13 13:35:00,70.995,71.0,70.93,70.93,7698.0
2026-07-13,2026-07-13 13:40:00,70.93,70.93,70.895,70.91,9466.0
2026-07-13,2026-07-13 13:45:00,70.91,70.94,70.89,70.9,10098.0
2026-07-13,2026-07-13 13:50:00,70.91,71.015,70.91,71.0,13477.0
2026-07-13,2026-07-13 13:55:00,71.015,71.05,71.0,71.05,8145.0
2026-07-13,2026-07-13 14:00:00,71.04,71.055,71.01,71.05,13395.0
2026-07-13,2026-07-13 14:05:00,71.04,71.085,71.04,71.05,8807.0
2026-07-13,2026-07-13 14:10:00,71.055,71.075,71.04,71.06,10183.0
2026-07-13,2026-07-13 14:15:00,71.06,71.07,70.97,70.99,13167.0
2026-07-13,2026-07-13 14:20:00,70.985,70.985,70.905,70.95,9650.0
2026-07-13,2026-07-13 14:25:00,70.94,70.95,70.88,70.905,10068.0
2026-07-13,2026-07-13 14:30:00,70.91,70.92,70.88,70.895,7566.0
2026-07-13,2026-07-13 14:35:00,70.895,70.91,70.86,70.88,16073.0
2026-07-13,2026-07-13 14:40:00,70.885,70.93,70.855,70.885,12194.0
2026-07-13,2026-07-13 14:45:00,70.86,70.91,70.86,70.895,9034.0
2026-07-13,2026-07-13 14:50:00,70.91,70.935,70.87,70.885,8909.0
2026-07-13,2026-07-13 14:55:00,70.885,70.94,70.88,70.905,12842.0
2026-07-13,2026-07-13 15:00:00,70.905,70.94,70.905,70.91,11114.0
2026-07-13,2026-07-13 15:05:00,70.91,70.97,70.9,70.93,13485.0
2026-07-13,2026-07-13 15:10:00,70.93,70.94,70.89,70.92,15200.0
2026-07-13,2026-07-13 15:15:00,70.92,70.93,70.91,70.92,14439.0
2026-07-13,2026-07-13 15:20:00,70.92,71.03,70.92,70.98,19840.0
2026-07-13,2026-07-13 15:25:00,70.95,71.0,70.7625,70.7625,46448.0
2026-07-13,2026-07-13 15:30:00,70.78,70.82,70.71,70.71,21976.0
2026-07-13,2026-07-13 15:35:00,70.72,70.92,70.71,70.91,34418.0
2026-07-13,2026-07-13 15:40:00,70.92,70.92,70.725,70.77,29274.0
2026-07-13,2026-07-13 15:45:00,70.765,70.84,70.75,70.83,50421.0
2026-07-13,2026-07-13 15:50:00,70.85,70.92,70.79,70.825,62787.0
2026-07-13,2026-07-13 15:55:00,70.825,71.06,70.825,71.01,73858.0
2026-07-13,2026-07-13 16:00:00,71.05,71.41,71.04,71.32,510016.0
2026-07-14,2026-07-14 09:35:00,69.9,70.3875,68.68,68.71,24412.0
2026-07-14,2026-07-14 09:40:00,68.81,69.21,68.59,69.21,23118.0
2026-07-14,2026-07-14 09:45:00,69.25,69.685,69.25,69.58,10880.0
2026-07-14,2026-07-14 09:50:00,69.54,69.54,69.05,69.15,17703.0
2026-07-14,2026-07-14 09:55:00,69.18,69.46,69.15,69.46,19426.0
2026-07-14,2026-07-14 10:00:00,69.45,69.52,69.3056,69.36,14746.0
2026-07-14,2026-07-14 10:05:00,69.355,69.505,69.34,69.505,21478.0
2026-07-14,2026-07-14 10:10:00,69.5,69.5,69.19,69.24,21784.0
2026-07-14,2026-07-14 10:15:00,69.28,69.55,69.135,69.17,14473.0
2026-07-14,2026-07-14 10:20:00,69.17,69.235,69.02,69.23,18492.0
2026-07-14,2026-07-14 10:25:00,69.21,69.355,69.16,69.24,13300.0
2026-07-14,2026-07-14 10:30:00,69.215,69.48,69.17,69.425,28129.0
2026-07-14,2026-07-14 10:35:00,69.425,69.425,69.27,69.34,19651.0
2026-07-14,2026-07-14 10:40:00,69.315,69.33,68.84,68.92,32980.0
2026-07-14,2026-07-14 10:45:00,68.96,69.12,68.87,68.9,13521.0
2026-07-14,2026-07-14 10:50:00,68.9,69.19,68.9,69.16,14582.0
2026-07-14,2026-07-14 10:55:00,69.14,69.14,69.01,69.0825,10192.0
2026-07-14,2026-07-14 11:00:00,69.05,69.07,68.91,68.96,11812.0
2026-07-14,2026-07-14 11:05:00,68.97,69.26,68.91,69.13,26663.0
2026-07-14,2026-07-14 11:10:00,69.105,69.11,69.04,69.04,13295.0
2026-07-14,2026-07-14 11:15:00,69.03,69.03,68.935,68.975,11202.0
2026-07-14,2026-07-14 11:20:00,68.98,68.98,68.63,68.63,11828.0
2026-07-14,2026-07-14 11:25:00,68.6,68.69,68.55,68.68,7997.0
2026-07-14,2026-07-14 11:30:00,68.71,68.91,68.71,68.91,8327.0
2026-07-14,2026-07-14 11:35:00,68.93,69.15,68.93,69.145,24349.0
2026-07-14,2026-07-14 11:40:00,69.145,69.145,69.02,69.08,7171.0
2026-07-14,2026-07-14 11:45:00,69.09,69.09,68.92,68.97,38800.0
2026-07-14,2026-07-14 11:50:00,68.96,69.065,68.945,68.96,7198.0
2026-07-14,2026-07-14 11:55:00,68.95,69.155,68.91,69.145,11032.0
2026-07-14,2026-07-14 12:00:00,69.145,69.145,69.075,69.08,7717.0
2026-07-14,2026-07-14 12:05:00,69.05,69.07,69.0,69.005,6317.0
2026-07-14,2026-07-14 12:10:00,69.015,69.12,69.0,69.085,10897.0
2026-07-14,2026-07-14 12:15:00,69.1,69.235,69.1,69.23,13700.0
2026-07-14,2026-07-14 12:20:00,69.23,69.28,69.19,69.205,9222.0
2026-07-14,2026-07-14 12:25:00,69.205,69.205,69.087941,69.145,6700.0
2026-07-14,2026-07-14 12:30:00,69.15,69.22,69.11,69.22,12709.0
2026-07-14,2026-07-14 12:35:00,69.22,69.287,69.2,69.27,10408.0
2026-07-14,2026-07-14 12:40:00,69.29,69.33,69.26,69.3,8077.0
2026-07-14,2026-07-14 12:45:00,69.307028,69.35,69.27,69.315,14060.0
2026-07-14,2026-07-14 12:50:00,69.315,69.32,69.27,69.2775,6611.0
2026-07-14,2026-07-14 12:55:00,69.29,69.3,69.27,69.3,8575.0
2026-07-14,2026-07-14 13:00:00,69.33,69.35,69.29,69.315,7970.0
2026-07-14,2026-07-14 13:05:00,69.32,69.335,69.29,69.29,11524.0
2026-07-14,2026-07-14 13:10:00,69.34,69.365,69.3,69.34,7060.0
2026-07-14,2026-07-14 13:15:00,69.31,69.395,69.31,69.345,8102.0
2026-07-14,2026-07-14 13:20:00,69.345,69.345,69.235,69.3,11414.0
2026-07-14,2026-07-14 13:25:00,69.3,69.3,69.215,69.245,7686.0
2026-07-14,2026-07-14 13:30:00,69.23,69.3,69.18,69.27,13433.0
2026-07-14,2026-07-14 13:35:00,69.24,69.275,69.21,69.22,10647.0
2026-07-14,2026-07-14 13:40:00,69.221,69.221,69.13,69.14,14216.0
2026-07-14,2026-07-14 13:45:00,69.12,69.28,69.0975,69.225,8387.0
2026-07-14,2026-07-14 13:50:00,69.225,69.2499,69.19,69.195,9884.0
2026-07-14,2026-07-14 13:55:00,69.22,69.23,69.16,69.23,6454.0
2026-07-14,2026-07-14 14:00:00,69.245,69.245,69.2,69.22,8035.0
2026-07-14,2026-07-14 14:05:00,69.22,69.25,69.19,69.2,12105.0
2026-07-14,2026-07-14 14:10:00,69.2009,69.215,69.09,69.1,12272.0
2026-07-14,2026-07-14 14:15:00,69.09,69.23,69.08,69.23,9411.0
2026-07-14,2026-07-14 14:20:00,69.25,69.29,69.2101,69.215,11870.0
2026-07-14,2026-07-14 14:25:00,69.2,69.205,69.02,69.065,16081.0
2026-07-14,2026-07-14 14:30:00,69.04,69.075,69.02,69.03,12392.0
2026-07-14,2026-07-14 14:35:00,69.03,69.03,68.825,68.83,19534.0
2026-07-14,2026-07-14 14:40:00,68.81,68.825,68.73,68.75,22536.0
2026-07-14,2026-07-14 14:45:00,68.76,68.92,68.76,68.885,18804.0
2026-07-14,2026-07-14 14:50:00,68.885,68.885,68.815,68.865,12671.0
2026-07-14,2026-07-14 14:55:00,68.86,68.89,68.84,68.855,13716.0
2026-07-14,2026-07-14 15:00:00,68.87,68.9662,68.85,68.94,16310.0
2026-07-14,2026-07-14 15:05:00,68.945,69.11,68.945,69.095,19409.0
2026-07-14,2026-07-14 15:10:00,69.08,69.16,69.07,69.115,19706.0
2026-07-14,2026-07-14 15:15:00,69.12,69.1548,69.065,69.11,25657.0
2026-07-14,2026-07-14 15:20:00,69.11,69.135,69.08,69.11,26073.0
2026-07-14,2026-07-14 15:25:00,69.1,69.11,68.99,69.0,23145.0
2026-07-14,2026-07-14 15:30:00,69.0,69.0,68.88,68.9,35514.0
2026-07-14,2026-07-14 15:35:00,68.89,68.89,68.69,68.69,28311.0
2026-07-14,2026-07-14 15:40:00,68.68,68.75,68.675,68.695,22287.0
2026-07-14,2026-07-14 15:45:00,68.7,68.78,68.67,68.69,34182.0
2026-07-14,2026-07-14 15:50:00,68.69,68.755,68.66,68.75,38864.0
2026-07-14,2026-07-14 15:55:00,68.74,68.75,68.57,68.57,72295.0
2026-07-14,2026-07-14 16:00:00,68.55,68.55,68.37,68.51,621348.0
2026-07-15,2026-07-15 09:35:00,68.71,69.54,68.6,69.36,31009.0
2026-07-15,2026-07-15 09:40:00,69.35,70.145,69.2,70.105,38858.0
2026-07-15,2026-07-15 09:45:00,70.115,70.27,69.99,70.125,21366.0
2026-07-15,2026-07-15 09:50:00,70.05,70.28,69.86,70.215,38586.0
2026-07-15,2026-07-15 09:55:00,70.225,70.69,70.08,70.635,22550.0
2026-07-15,2026-07-15 10:00:00,70.695,70.86,70.685,70.79,17718.0
2026-07-15,2026-07-15 10:05:00,70.83,71.015,70.79,70.84,34929.0
2026-07-15,2026-07-15 10:10:00,70.795,70.84,70.61,70.7,41565.0
2026-07-15,2026-07-15 10:15:00,70.7,70.8,70.51,70.73,13099.0
2026-07-15,2026-07-15 10:20:00,70.79,70.97,70.79,70.9,17456.0
2026-07-15,2026-07-15 10:25:00,70.92,71.185,70.92,71.17,20670.0
2026-07-15,2026-07-15 10:30:00,71.2,71.225,71.06,71.07,28131.0
2026-07-15,2026-07-15 10:35:00,71.065,71.11,70.89,70.96,29770.0
2026-07-15,2026-07-15 10:40:00,70.98,71.21,70.93,71.17,17106.0
2026-07-15,2026-07-15 10:45:00,71.2,71.26,71.08,71.08,10787.0
2026-07-15,2026-07-15 10:50:00,71.08,71.17,71.0409,71.16,18928.0
2026-07-15,2026-07-15 10:55:00,71.16,71.37,71.16,71.35,14640.0
2026-07-15,2026-07-15 11:00:00,71.3425,71.5,71.28,71.35,39223.0
2026-07-15,2026-07-15 11:05:00,71.405,71.465,71.33,71.445,18524.0
2026-07-15,2026-07-15 11:10:00,71.42,71.595,71.385,71.385,21925.0
2026-07-15,2026-07-15 11:15:00,71.395,71.395,71.195,71.195,33973.0
2026-07-15,2026-07-15 11:20:00,71.21,71.36,71.17,71.29,42488.0
2026-07-15,2026-07-15 11:25:00,71.275,71.41,71.27,71.38,17628.0
2026-07-15,2026-07-15 11:30:00,71.38,71.41,71.26,71.26,10815.0
2026-07-15,2026-07-15 11:35:00,71.275,71.37,71.245,71.315,15556.0
2026-07-15,2026-07-15 11:40:00,71.32,71.34,71.21,71.28,11704.0
2026-07-15,2026-07-15 11:45:00,71.3,71.315,71.12,71.16,14151.0
2026-07-15,2026-07-15 11:50:00,71.165,71.26,71.152,71.16,13398.0
2026-07-15,2026-07-15 11:55:00,71.16,71.26,71.155,71.21,15863.0
2026-07-15,2026-07-15 12:00:00,71.22,71.22,71.055,71.08,11480.0
2026-07-15,2026-07-15 12:05:00,71.065,71.125,71.01,71.115,20024.0
2026-07-15,2026-07-15 12:10:00,71.11,71.19,71.08,71.19,6887.0
2026-07-15,2026-07-15 12:15:00,71.2,71.2,71.07,71.07,7822.0
2026-07-15,2026-07-15 12:20:00,71.04,71.06,71.0,71.0,9220.0
2026-07-15,2026-07-15 12:25:00,71.01,71.025,70.975,70.975,14756.0
2026-07-15,2026-07-15 12:30:00,70.965,70.99,70.92,70.95,8681.0
2026-07-15,2026-07-15 12:35:00,70.95,70.98,70.92,70.965,12576.0
2026-07-15,2026-07-15 12:40:00,70.955,70.98,70.88,70.88,10496.0
2026-07-15,2026-07-15 12:45:00,70.87,70.88,70.79,70.86,13510.0
2026-07-15,2026-07-15 12:50:00,70.865,70.93,70.79,70.79,21901.0
2026-07-15,2026-07-15 12:55:00,70.815,70.845,70.75,70.75,13145.0
2026-07-15,2026-07-15 13:00:00,70.7201,70.84,70.7201,70.84,10744.0
2026-07-15,2026-07-15 13:05:00,70.84,70.855,70.8,70.855,7480.0
2026-07-15,2026-07-15 13:10:00,70.85,70.855,70.8,70.8,10297.0
2026-07-15,2026-07-15 13:15:00,70.83,70.84,70.68,70.72,11388.0
2026-07-15,2026-07-15 13:20:00,70.685,70.71,70.575,70.615,12171.0
2026-07-15,2026-07-15 13:25:00,70.61,70.63,70.55,70.585,9751.0
2026-07-15,2026-07-15 13:30:00,70.58,70.69,70.58,70.69,10996.0
2026-07-15,2026-07-15 13:35:00,70.71,70.77,70.68,70.77,10496.0
2026-07-15,2026-07-15 13:40:00,70.77,70.79,70.73,70.76,8041.0
2026-07-15,2026-07-15 13:45:00,70.775,70.78,70.74,70.75,10862.0
2026-07-15,2026-07-15 13:50:00,70.73,70.7958,70.73,70.73,8660.0
2026-07-15,2026-07-15 13:55:00,70.73,70.73,70.64,70.66,9257.0
2026-07-15,2026-07-15 14:00:00,70.66,70.66,70.53,70.53,9479.0
2026-07-15,2026-07-15 14:05:00,70.53,70.58,70.53,70.55,8326.0
2026-07-15,2026-07-15 14:10:00,70.53,70.53,70.3401,70.36,17561.0
2026-07-15,2026-07-15 14:15:00,70.345,70.365,70.3,70.335,7708.0
2026-07-15,2026-07-15 14:20:00,70.32,70.38,70.26,70.26,14528.0
2026-07-15,2026-07-15 14:25:00,70.27,70.4,70.27,70.39,12318.0
2026-07-15,2026-07-15 14:30:00,70.385,70.385,70.3,70.37,13634.0
2026-07-15,2026-07-15 14:35:00,70.39,70.45,70.375,70.415,8061.0
2026-07-15,2026-07-15 14:40:00,70.415,70.46,70.4,70.435,10668.0
2026-07-15,2026-07-15 14:45:00,70.43,70.44,70.34,70.34,11095.0
2026-07-15,2026-07-15 14:50:00,70.34,70.355,70.255,70.255,14992.0
2026-07-15,2026-07-15 14:55:00,70.25,70.28,70.23,70.23,11478.0
2026-07-15,2026-07-15 15:00:00,70.225,70.3,70.2,70.28,16540.0
2026-07-15,2026-07-15 15:05:00,70.28,70.28,70.13,70.16,14591.0
2026-07-15,2026-07-15 15:10:00,70.175,70.265,70.1675,70.26,12345.0
2026-07-15,2026-07-15 15:15:00,70.26,70.36,70.26,70.355,15257.0
2026-07-15,2026-07-15 15:20:00,70.355,70.38,70.32,70.37,12989.0
2026-07-15,2026-07-15 15:25:00,70.355,70.38,70.325,70.365,11692.0
2026-07-15,2026-07-15 15:30:00,70.35,70.37,70.305,70.32,26181.0
2026-07-15,2026-07-15 15:35:00,70.34,70.36,70.21,70.24,29193.0
2026-07-15,2026-07-15 15:40:00,70.23,70.255,70.187781,70.215,24964.0
2026-07-15,2026-07-15 15:45:00,70.21,70.355,70.21,70.34,34885.0
2026-07-15,2026-07-15 15:50:00,70.34,70.41,70.32,70.41,47126.0
2026-07-15,2026-07-15 15:55:00,70.41,70.4125,70.25,70.355,47601.0
2026-07-15,2026-07-15 16:00:00,70.36,70.68,70.36,70.6,500081.0
2026-07-16,2026-07-16 09:35:00,71.5,72.155,71.3,72.14,31877.0
2026-07-16,2026-07-16 09:40:00,72.085,72.57,72.085,72.57,14451.0
2026-07-16,2026-07-16 09:45:00,72.64,72.81,72.485,72.715,9270.0
2026-07-16,2026-07-16 09:50:00,72.72,73.035,72.66,73.035,17571.0
2026-07-16,2026-07-16 09:55:00,73.035,73.2599,72.87,73.19,32985.0
2026-07-16,2026-07-16 10:00:00,73.11,73.2625,73.01,73.23,18492.0
2026-07-16,2026-07-16 10:05:00,73.17,73.17,72.99,73.1,14754.0
2026-07-16,2026-07-16 10:10:00,73.13,73.21,72.98,72.98,13927.0
2026-07-16,2026-07-16 10:15:00,73.005,73.03,72.93,72.94,11270.0
2026-07-16,2026-07-16 10:20:00,72.91,73.1,72.87,73.1,21263.0
2026-07-16,2026-07-16 10:25:00,73.16,73.25,73.085,73.15,13354.0
2026-07-16,2026-07-16 10:30:00,73.155,73.38,73.14,73.14,26022.0
2026-07-16,2026-07-16 10:35:00,73.12,73.22,72.95,72.95,20500.0
2026-07-16,2026-07-16 10:40:00,72.98,73.06,72.97,73.04,16249.0
2026-07-16,2026-07-16 10:45:00,73.07,73.19,73.05,73.18,16278.0
2026-07-16,2026-07-16 10:50:00,73.2,73.24,73.13,73.22,13848.0
2026-07-16,2026-07-16 10:55:00,73.24,73.36,73.21,73.21,11481.0
2026-07-16,2026-07-16 11:00:00,73.22,73.29,73.135,73.15,25068.0
2026-07-16,2026-07-16 11:05:00,73.2,73.23,72.96,73.015,19873.0
2026-07-16,2026-07-16 11:10:00,73.05,73.15,73.015,73.05,23035.0
2026-07-16,2026-07-16 11:15:00,73.04,73.13,73.027401,73.1,17267.0
2026-07-16,2026-07-16 11:20:00,73.096,73.125,72.99,73.03,13896.0
2026-07-16,2026-07-16 11:25:00,73.06,73.06,72.94,73.005,10523.0
2026-07-16,2026-07-16 11:30:00,73.02,73.02,72.885,72.95,7161.0
2026-07-16,2026-07-16 11:35:00,72.96,73.06,72.93,73.04,11495.0
2026-07-16,2026-07-16 11:40:00,73.05,73.05,72.99,72.99,9165.0
2026-07-16,2026-07-16 11:45:00,72.99,73.07,72.99,73.0,20939.0
2026-07-16,2026-07-16 11:50:00,73.0,73.03,72.865,72.87,9383.0
2026-07-16,2026-07-16 11:55:00,72.86,72.915,72.7925,72.7925,7053.0
2026-07-16,2026-07-16 12:00:00,72.795,72.82,72.75,72.78,8976.0
2026-07-16,2026-07-16 12:05:00,72.77,72.79,72.72,72.725,14964.0
2026-07-16,2026-07-16 12:10:00,72.71,72.75,72.68,72.75,17483.0
2026-07-16,2026-07-16 12:15:00,72.73,72.735,72.55,72.56,8970.0
2026-07-16,2026-07-16 12:20:00,72.58,72.65,72.57,72.57,13035.0
2026-07-16,2026-07-16 12:25:00,72.54,72.56,72.49,72.49,7136.0
2026-07-16,2026-07-16 12:30:00,72.505,72.52,72.46,72.48,8784.0
2026-07-16,2026-07-16 12:35:00,72.49,72.64,72.49,72.64,7529.0
2026-07-16,2026-07-16 12:40:00,72.67,72.75,72.67,72.73,15127.0
2026-07-16,2026-07-16 12:45:00,72.71,72.73,72.68,72.68,9331.0
2026-07-16,2026-07-16 12:50:00,72.7,72.76,72.68,72.74,7147.0
2026-07-16,2026-07-16 12:55:00,72.75,72.78,72.71,72.72,7120.0
2026-07-16,2026-07-16 13:00:00,72.735,72.8,72.72,72.8,19675.0
2026-07-16,2026-07-16 13:05:00,72.8,72.86,72.8,72.86,12724.0
2026-07-16,2026-07-16 13:10:00,72.865,72.93,72.855,72.855,13911.0
2026-07-16,2026-07-16 13:15:00,72.8301,72.8301,72.69,72.76,15784.0
2026-07-16,2026-07-16 13:20:00,72.78,72.84,72.765,72.79,13803.0
2026-07-16,2026-07-16 13:25:00,72.805,72.81,72.76,72.76,12418.0
2026-07-16,2026-07-16 13:30:00,72.77,72.845,72.75,72.82,27003.0
2026-07-16,2026-07-16 13:35:00,72.81,72.815,72.655,72.655,10542.0
2026-07-16,2026-07-16 13:40:00,72.655,72.69,72.64,72.665,11275.0
2026-07-16,2026-07-16 13:45:00,72.655,72.73,72.64,72.7,15765.0
2026-07-16,2026-07-16 13:50:00,72.72,72.8,72.72,72.755,8891.0
2026-07-16,2026-07-16 13:55:00,72.73,72.79,72.69,72.75,27750.0
2026-07-16,2026-07-16 14:00:00,72.75,72.8,72.73,72.765,10175.0
2026-07-16,2026-07-16 14:05:00,72.75,72.83,72.74,72.82,11376.0
2026-07-16,2026-07-16 14:10:00,72.825,72.825,72.765,72.81,14766.0
2026-07-16,2026-07-16 14:15:00,72.81,73.0,72.805,72.98,19223.0
2026-07-16,2026-07-16 14:20:00,72.99,73.14,72.975,73.115,33720.0
2026-07-16,2026-07-16 14:25:00,73.12,73.19,73.04,73.06,30144.0
2026-07-16,2026-07-16 14:30:00,73.055,73.09,72.96,72.96,12264.0
2026-07-16,2026-07-16 14:35:00,72.975,73.035,72.95,73.035,11648.0
2026-07-16,2026-07-16 14:40:00,73.035,73.035,72.975,73.01,9918.0
2026-07-16,2026-07-16 14:45:00,73.01,73.015,72.925,72.925,10655.0
2026-07-16,2026-07-16 14:50:00,72.91,72.94,72.9,72.9,11503.0
2026-07-16,2026-07-16 14:55:00,72.895,72.92,72.81,72.85,25662.0
2026-07-16,2026-07-16 15:00:00,72.845,72.9,72.83,72.85,13766.0
2026-07-16,2026-07-16 15:05:00,72.845,72.85,72.75,72.78,15259.0
2026-07-16,2026-07-16 15:10:00,72.78,72.84,72.78,72.81,11814.0
2026-07-16,2026-07-16 15:15:00,72.81,72.83,72.78,72.82,16170.0
2026-07-16,2026-07-16 15:20:00,72.82,72.85,72.73,72.75,16655.0
2026-07-16,2026-07-16 15:25:00,72.74,72.785,72.71,72.73,25574.0
2026-07-16,2026-07-16 15:30:00,72.73,72.73,72.62,72.64,31672.0
2026-07-16,2026-07-16 15:35:00,72.67,72.71,72.61,72.66,37716.0
2026-07-16,2026-07-16 15:40:00,72.66,72.75,72.66,72.735,26733.0
2026-07-16,2026-07-16 15:45:00,72.73,72.885,72.71,72.85,58673.0
2026-07-16,2026-07-16 15:50:00,72.85,72.97,72.82,72.94,55357.0
2026-07-16,2026-07-16 15:55:00,72.92,73.01,72.865,72.97,76479.0
2026-07-16,2026-07-16 16:00:00,72.97,73.13,72.96,73.1,446699.0
2026-07-17,2026-07-17 09:35:00,73.1,73.27,72.43,72.43,66097.0
2026-07-17,2026-07-17 09:40:00,72.53,73.755,72.53,73.74,12574.0
2026-07-17,2026-07-17 09:45:00,73.67,73.78,73.49,73.58,13998.0
2026-07-17,2026-07-17 09:50:00,73.615,73.93,73.615,73.9,17908.0
2026-07-17,2026-07-17 09:55:00,73.93,73.945,73.56,73.59,12073.0
2026-07-17,2026-07-17 10:00:00,73.525,73.525,73.04,73.11,10754.0
2026-07-17,2026-07-17 10:05:00,73.11,73.18,72.95,72.985,19656.0
2026-07-17,2026-07-17 10:10:00,72.95,73.125,72.86,73.065,28545.0
2026-07-17,2026-07-17 10:15:00,73.075,73.09,72.76,72.8,18037.0
2026-07-17,2026-07-17 10:20:00,72.81,72.9,72.63,72.64,12035.0
2026-07-17,2026-07-17 10:25:00,72.69,72.95,72.67,72.755,9046.0
2026-07-17,2026-07-17 10:30:00,72.79,72.85,72.77,72.8,8398.0
2026-07-17,2026-07-17 10:35:00,72.805,72.83,72.515,72.56,13166.0
2026-07-17,2026-07-17 10:40:00,72.55,72.7,72.53,72.535,14669.0
2026-07-17,2026-07-17 10:45:00,72.57,72.61,72.5654,72.59,7012.0
2026-07-17,2026-07-17 10:50:00,72.59,72.7225,72.52,72.52,11903.0
2026-07-17,2026-07-17 10:55:00,72.56,72.69,72.555,72.69,3842.0
2026-07-17,2026-07-17 11:00:00,72.71,72.785,72.61,72.61,24729.0
2026-07-17,2026-07-17 11:05:00,72.615,72.62,72.45,72.6,17478.0
2026-07-17,2026-07-17 11:10:00,72.625,72.65,72.46,72.54,14049.0
2026-07-17,2026-07-17 11:15:00,72.54,72.55,72.45,72.48,13664.0
2026-07-17,2026-07-17 11:20:00,72.47,72.485,72.415,72.48,7256.0
2026-07-17,2026-07-17 11:25:00,72.46,72.46,72.34,72.34,8646.0
2026-07-17,2026-07-17 11:30:00,72.335,72.42,72.335,72.42,7749.0
2026-07-17,2026-07-17 11:35:00,72.43,72.43,72.235,72.245,10087.0
2026-07-17,2026-07-17 11:40:00,72.27,72.27,72.105,72.16,14847.0
2026-07-17,2026-07-17 11:45:00,72.17,72.17,72.07,72.085,7230.0
2026-07-17,2026-07-17 11:50:00,72.095,72.095,71.99,72.05,9965.0
2026-07-17,2026-07-17 11:55:00,72.07,72.08,72.02,72.03,6614.0
2026-07-17,2026-07-17 12:00:00,72.025,72.12,72.02,72.12,5732.0
2026-07-17,2026-07-17 12:05:00,72.12,72.13,71.91,71.945,11161.0
2026-07-17,2026-07-17 12:10:00,71.95,71.97,71.87,71.93,8924.0
2026-07-17,2026-07-17 12:15:00,71.945,71.97,71.9,71.935,4381.0
2026-07-17,2026-07-17 12:20:00,71.91,71.935,71.89,71.905,8835.0
2026-07-17,2026-07-17 12:25:00,71.915,71.97,71.88,71.89,8696.0
2026-07-17,2026-07-17 12:30:00,71.895,71.905,71.83,71.83,5481.0
2026-07-17,2026-07-17 12:35:00,71.855,71.91,71.81,71.82,11912.0
2026-07-17,2026-07-17 12:40:00,71.825,71.85,71.79,71.815,8224.0
2026-07-17,2026-07-17 12:45:00,71.815,71.9099,71.74,71.885,27546.0
2026-07-17,2026-07-17 12:50:00,71.92,71.965,71.9,71.965,6215.0
2026-07-17,2026-07-17 12:55:00,71.97,72.03,71.97,71.99,10253.0
2026-07-17,2026-07-17 13:00:00,71.98,71.99,71.94,71.955,9561.0
2026-07-17,2026-07-17 13:05:00,71.93,71.95,71.9,71.945,5746.0
2026-07-17,2026-07-17 13:10:00,71.945,71.945,71.89,71.905,6348.0
2026-07-17,2026-07-17 13:15:00,71.92,71.99,71.897,71.9,10230.0
2026-07-17,2026-07-17 13:20:00,71.9,71.91,71.85,71.85,8257.0
2026-07-17,2026-07-17 13:25:00,71.85,72.05,71.85,72.05,11392.0
2026-07-17,2026-07-17 13:30:00,72.05,72.05,71.865,71.865,9731.0
2026-07-17,2026-07-17 13:35:00,71.85,71.85,71.715,71.77,5107.0
2026-07-17,2026-07-17 13:40:00,71.77,71.82,71.77,71.77,8706.0
2026-07-17,2026-07-17 13:45:00,71.755,71.76,71.73,71.755,5432.0
2026-07-17,2026-07-17 13:50:00,71.755,71.76,71.72,71.725,5883.0
2026-07-17,2026-07-17 13:55:00,71.71,71.71,71.575,71.65,15005.0
2026-07-17,2026-07-17 14:00:00,71.66,71.66,71.595,71.62,6503.0
2026-07-17,2026-07-17 14:05:00,71.64,71.73,71.62,71.73,15966.0
2026-07-17,2026-07-17 14:10:00,71.73,71.765,71.65,71.76,13644.0
2026-07-17,2026-07-17 14:15:00,71.78,71.795,71.75,71.765,4933.0
2026-07-17,2026-07-17 14:20:00,71.78,71.865,71.78,71.865,10811.0
2026-07-17,2026-07-17 14:25:00,71.865,71.9,71.85,71.87,11465.0
2026-07-17,2026-07-17 14:30:00,71.86,71.88,71.84,71.84,18345.0
2026-07-17,2026-07-17 14:35:00,71.84,71.89,71.7809,71.89,12083.0
2026-07-17,2026-07-17 14:40:00,71.91,72.0,71.89,71.99,11028.0
2026-07-17,2026-07-17 14:45:00,71.98,71.995,71.93,71.94,7983.0
2026-07-17,2026-07-17 14:50:00,71.925,71.94,71.87,71.895,15159.0
2026-07-17,2026-07-17 14:55:00,71.895,71.895,71.79,71.89,19494.0
2026-07-17,2026-07-17 15:00:00,71.88,72.01,71.88,71.965,10559.0
2026-07-17,2026-07-17 15:05:00,71.96,71.97,71.9,71.91,12979.0
2026-07-17,2026-07-17 15:10:00,71.935,71.94,71.9,71.92,8027.0
2026-07-17,2026-07-17 15:15:00,71.9,71.93,71.85,71.85,14804.0
2026-07-17,2026-07-17 15:20:00,71.845,71.905,71.8125,71.825,12415.0
2026-07-17,2026-07-17 15:25:00,71.81,71.935,71.8,71.92,12019.0
2026-07-17,2026-07-17 15:30:00,71.92,71.94,71.84,71.84,11289.0
2026-07-17,2026-07-17 15:35:00,71.845,71.875,71.78,71.79,17145.0
2026-07-17,2026-07-17 15:40:00,71.8,71.83,71.74,71.79,17604.0
2026-07-17,2026-07-17 15:45:00,71.795,71.895,71.795,71.875,18879.0
2026-07-17,2026-07-17 15:50:00,71.87,71.9,71.72,71.73,46056.0
2026-07-17,2026-07-17 15:55:00,71.7,71.723,71.45,71.605,56232.0
2026-07-17,2026-07-17 16:00:00,71.59,71.83,71.55,71.71,616509.0
2026-07-20,2026-07-20 09:35:00,71.39,71.5302,70.97,71.26,23420.0
2026-07-20,2026-07-20 09:40:00,71.23,71.385,71.2,71.2936,15711.0
2026-07-20,2026-07-20 09:45:00,71.22,71.54,71.22,71.4,17023.0
2026-07-20,2026-07-20 09:50:00,71.295,71.295,71.17,71.245,8947.0
2026-07-20,2026-07-20 09:55:00,71.33,71.435,71.18,71.19,7409.0
2026-07-20,2026-07-20 10:00:00,71.3,71.34,71.29,71.29,4483.0
2026-07-20,2026-07-20 10:05:00,71.26,71.295,71.0,71.0,12350.0
2026-07-20,2026-07-20 10:10:00,70.96,71.06,70.86,70.97,6249.0
2026-07-20,2026-07-20 10:15:00,70.97,71.14,70.9,71.05,15228.0
2026-07-20,2026-07-20 10:20:00,71.04,71.04,70.9,71.015,7989.0
2026-07-20,2026-07-20 10:25:00,70.97,71.15,70.96,71.04,21811.0
2026-07-20,2026-07-20 10:30:00,71.035,71.06,70.88,70.95,5618.0
2026-07-20,2026-07-20 10:35:00,70.88,71.005,70.8,70.875,9806.0
2026-07-20,2026-07-20 10:40:00,70.86,70.91,70.78,70.9,4589.0
2026-07-20,2026-07-20 10:45:00,70.8825,70.91,70.77,70.835,8559.0
2026-07-20,2026-07-20 10:50:00,70.83,70.955,70.83,70.955,7203.0
2026-07-20,2026-07-20 10:55:00,70.965,70.965,70.865,70.93,9410.0
2026-07-20,2026-07-20 11:00:00,70.9,70.96,70.86,70.92,7582.0
2026-07-20,2026-07-20 11:05:00,70.95,71.02,70.92,70.97,11788.0
2026-07-20,2026-07-20 11:10:00,71.01,71.255,71.01,71.22,19194.0
2026-07-20,2026-07-20 11:15:00,71.23,71.28,71.135,71.28,36067.0
2026-07-20,2026-07-20 11:20:00,71.29,71.29,71.1,71.2,11261.0
2026-07-20,2026-07-20 11:25:00,71.19,71.385,71.17,71.345,26860.0
2026-07-20,2026-07-20 11:30:00,71.4,71.48,71.33,71.335,66227.0
2026-07-20,2026-07-20 11:35:00,71.34,71.34,71.15,71.15,7693.0
2026-07-20,2026-07-20 11:40:00,71.17,71.245,71.115,71.245,10986.0
2026-07-20,2026-07-20 11:45:00,71.25,71.42,71.23,71.4,43620.0
2026-07-20,2026-07-20 11:50:00,71.44,71.545,71.39,71.545,58516.0
2026-07-20,2026-07-20 11:55:00,71.545,71.6,71.5,71.535,16735.0
2026-07-20,2026-07-20 12:00:00,71.555,71.57,71.325,71.34,9951.0
2026-07-20,2026-07-20 12:05:00,71.32,71.33,71.26,71.31,7563.0
2026-07-20,2026-07-20 12:10:00,71.31,71.39,71.21,71.33,9489.0
2026-07-20,2026-07-20 12:15:00,71.355,71.38,71.26,71.26,7466.0
2026-07-20,2026-07-20 12:20:00,71.26,71.32,71.235,71.315,8947.0
2026-07-20,2026-07-20 12:25:00,71.315,71.35,71.305,71.32,7128.0
2026-07-20,2026-07-20 12:30:00,71.33,71.48,71.29,71.47,18319.0
2026-07-20,2026-07-20 12:35:00,71.47,71.515,71.46,71.46,13332.0
2026-07-20,2026-07-20 12:40:00,71.455,71.47,71.44,71.47,6308.0
2026-07-20,2026-07-20 12:45:00,71.485,71.485,71.37,71.435,30051.0
2026-07-20,2026-07-20 12:50:00,71.42,71.54,71.39,71.54,27025.0
2026-07-20,2026-07-20 12:55:00,71.52,71.52,71.45,71.4768,7845.0
2026-07-20,2026-07-20 13:00:00,71.46,71.6,71.46,71.6,36286.0
2026-07-20,2026-07-20 13:05:00,71.6,71.68,71.5791,71.68,6654.0
2026-07-20,2026-07-20 13:10:00,71.69,71.72,71.62,71.67,14955.0
2026-07-20,2026-07-20 13:15:00,71.66,71.77,71.65,71.72,12764.0
2026-07-20,2026-07-20 13:20:00,71.735,71.79,71.68,71.745,12884.0
2026-07-20,2026-07-20 13:25:00,71.765,71.805,71.72,71.73,15336.0
2026-07-20,2026-07-20 13:30:00,71.72,71.73,71.695,71.695,8397.0
2026-07-20,2026-07-20 13:35:00,71.71,71.71,71.575,71.575,46347.0
2026-07-20,2026-07-20 13:40:00,71.585,71.64,71.58,71.59,8027.0
2026-07-20,2026-07-20 13:45:00,71.59,71.715,71.57,71.705,12494.0
2026-07-20,2026-07-20 13:50:00,71.69,71.709,71.61,71.629,11175.0
2026-07-20,2026-07-20 13:55:00,71.62,71.71,71.62,71.69,12806.0
2026-07-20,2026-07-20 14:00:00,71.67,71.79,71.67,71.735,21394.0
2026-07-20,2026-07-20 14:05:00,71.735,71.735,71.67,71.7,23107.0
2026-07-20,2026-07-20 14:10:00,71.7,71.7,71.64,71.65,5853.0
2026-07-20,2026-07-20 14:15:00,71.63,71.67,71.62,71.65,10109.0
2026-07-20,2026-07-20 14:20:00,71.67,71.675,71.64,71.67,4498.0
2026-07-20,2026-07-20 14:25:00,71.68,71.709,71.61,71.61,11030.0
2026-07-20,2026-07-20 14:30:00,71.63,71.64,71.585,71.6,10129.0
2026-07-20,2026-07-20 14:35:00,71.61,71.68,71.61,71.66,28826.0
2026-07-20,2026-07-20 14:40:00,71.66,71.71,71.62,71.685,29580.0
2026-07-20,2026-07-20 14:45:00,71.685,71.78,71.67,71.76,17797.0
2026-07-20,2026-07-20 14:50:00,71.74,71.77,71.65,71.765,44127.0
2026-07-20,2026-07-20 14:55:00,71.755,71.83,71.72,71.815,18037.0
2026-07-20,2026-07-20 15:00:00,71.8,71.83,71.75,71.81,35220.0
2026-07-20,2026-07-20 15:05:00,71.795,71.795,71.63,71.75,36671.0
2026-07-20,2026-07-20 15:10:00,71.76,71.79,71.695,71.78,36066.0
2026-07-20,2026-07-20 15:15:00,71.785,71.785,71.705,71.74,17560.0
2026-07-20,2026-07-20 15:20:00,71.73,71.76,71.56,71.65,17934.0
2026-07-20,2026-07-20 15:25:00,71.64,71.7,71.625,71.7,16791.0
2026-07-20,2026-07-20 15:30:00,71.73,71.735,71.59,71.59,20897.0
2026-07-20,2026-07-20 15:35:00,71.605,71.63,71.54,71.585,27699.0
2026-07-20,2026-07-20 15:40:00,71.595,71.63,71.51,71.56,27670.0
2026-07-20,2026-07-20 15:45:00,71.56,71.57,71.45,71.57,23663.0
2026-07-20,2026-07-20 15:50:00,71.56,71.68,71.56,71.625,83347.0
2026-07-20,2026-07-20 15:55:00,71.625,71.64,71.42,71.6,121788.0
2026-07-20,2026-07-20 16:00:00,71.62,71.7,71.56,71.59,637300.0
2026-07-21,2026-07-21 09:35:00,70.61,71.01,70.48,70.84,22152.0
2026-07-21,2026-07-21 09:40:00,71.04,71.04,70.455,70.49,8142.0
2026-07-21,2026-07-21 09:45:00,70.435,70.435,70.29,70.295,4508.0
2026-07-21,2026-07-21 09:50:00,70.31,70.95,70.2,70.78,10092.0
2026-07-21,2026-07-21 09:55:00,70.715,71.13,70.715,71.13,4624.0
2026-07-21,2026-07-21 10:00:00,71.17,71.365,71.165,71.295,8161.0
2026-07-21,2026-07-21 10:05:00,71.23,71.365,70.98,71.355,13592.0
2026-07-21,2026-07-21 10:10:00,71.3,71.42,71.3,71.38,13481.0
2026-07-21,2026-07-21 10:15:00,71.33,71.41,71.2,71.23,10878.0
2026-07-21,2026-07-21 10:20:00,71.24,71.53,71.2,71.3625,32438.0
2026-07-21,2026-07-21 10:25:00,71.32,71.56,71.26,71.555,37871.0
2026-07-21,2026-07-21 10:30:00,71.61,71.61,71.36,71.39,8527.0
2026-07-21,2026-07-21 10:35:00,71.4,71.455,71.38,71.44,29211.0
2026-07-21,2026-07-21 10:40:00,71.44,71.46,71.095,71.095,35593.0
2026-07-21,2026-07-21 10:45:00,71.12,71.29,71.11,71.26,39210.0
2026-07-21,2026-07-21 10:50:00,71.31,71.32,71.18,71.32,18075.0
2026-07-21,2026-07-21 10:55:00,71.32,71.355,71.23,71.24,58824.0
2026-07-21,2026-07-21 11:00:00,71.25,71.25,71.14,71.22,23996.0
2026-07-21,2026-07-21 11:05:00,71.23,71.31,71.04,71.075,124842.0
2026-07-21,2026-07-21 11:10:00,71.14,71.345,71.14,71.27,8997.0
2026-07-21,2026-07-21 11:15:00,71.31,71.31,71.265,71.265,5603.0
2026-07-21,2026-07-21 11:20:00,71.25,71.37,71.24,71.37,8439.0
2026-07-21,2026-07-21 11:25:00,71.36,71.46,71.3,71.31,14990.0
2026-07-21,2026-07-21 11:30:00,71.31,71.39,71.28,71.375,5654.0
2026-07-21,2026-07-21 11:35:00,71.35,71.36,71.19,71.2,12115.0
2026-07-21,2026-07-21 11:40:00,71.2,71.2,71.11,71.14,6698.0
2026-07-21,2026-07-21 11:45:00,71.165,71.2,71.145,71.16,7258.0
2026-07-21,2026-07-21 11:50:00,71.14,71.14,71.075,71.09933,5233.0
2026-07-21,2026-07-21 11:55:00,71.115,71.115,71.03,71.03,3829.0
2026-07-21,2026-07-21 12:00:00,71.055,71.07,71.05,71.06,3912.0
2026-07-21,2026-07-21 12:05:00,71.05,71.06,71.02,71.059897,4327.0
2026-07-21,2026-07-21 12:10:00,71.05,71.11,71.03,71.11,5984.0
2026-07-21,2026-07-21 12:15:00,71.115,71.15,71.11,71.14,6811.0
2026-07-21,2026-07-21 12:20:00,71.17,71.22,71.14,71.22,4535.0
2026-07-21,2026-07-21 12:25:00,71.2,71.35,71.2,71.235,19905.0
2026-07-21,2026-07-21 12:30:00,71.24,71.3,71.24,71.3,4248.0
2026-07-21,2026-07-21 12:35:00,71.305,71.305,71.275,71.29,5735.0
2026-07-21,2026-07-21 12:40:00,71.27,71.29,71.21,71.21,5507.0
2026-07-21,2026-07-21 12:45:00,71.2,71.2,71.155,71.155,3898.0
2026-07-21,2026-07-21 12:50:00,71.15,71.17,71.13,71.135,4399.0
2026-07-21,2026-07-21 12:55:00,71.145,71.22,71.145,71.19,5870.0
2026-07-21,2026-07-21 13:00:00,71.2,71.2,71.07,71.07,9789.0
2026-07-21,2026-07-21 13:05:00,71.09,71.115,71.08,71.115,27709.0
2026-07-21,2026-07-21 13:10:00,71.13,71.15,71.05,71.06,6086.0
2026-07-21,2026-07-21 13:15:00,71.04,71.04,71.02,71.025,5274.0
2026-07-21,2026-07-21 13:20:00,71.01,71.04,71.0,71.02,4750.0
2026-07-21,2026-07-21 13:25:00,70.9801,71.08,70.9801,71.08,8973.0
2026-07-21,2026-07-21 13:30:00,71.1,71.115,71.03,71.03,3488.0
2026-07-21,2026-07-21 13:35:00,71.03,71.03,70.925,70.94,7144.0
2026-07-21,2026-07-21 13:40:00,70.9391,70.955,70.84,70.855,12686.0
2026-07-21,2026-07-21 13:45:00,70.855,70.915,70.82,70.915,7661.0
2026-07-21,2026-07-21 13:50:00,70.91,70.92,70.885,70.885,6981.0
2026-07-21,2026-07-21 13:55:00,70.86,70.89,70.82,70.85,9857.0
2026-07-21,2026-07-21 14:00:00,70.83,70.85,70.8,70.8,7499.0
2026-07-21,2026-07-21 14:05:00,70.8,70.84,70.78,70.81,9852.0
2026-07-21,2026-07-21 14:10:00,70.78,70.85,70.76,70.84,6928.0
2026-07-21,2026-07-21 14:15:00,70.825,71.15,70.82,71.14,71264.0
2026-07-21,2026-07-21 14:20:00,71.13,71.17,71.057766,71.06,29495.0
2026-07-21,2026-07-21 14:25:00,71.07,71.105,71.07,71.105,3746.0
2026-07-21,2026-07-21 14:30:00,71.1,71.1,71.06,71.06,7685.0
2026-07-21,2026-07-21 14:35:00,71.06,71.075,70.965,70.965,21882.0
2026-07-21,2026-07-21 14:40:00,70.97,71.065,70.95,70.96,9471.0
2026-07-21,2026-07-21 14:45:00,70.95,71.015,70.95,71.01,6630.0
2026-07-21,2026-07-21 14:50:00,71.02,71.08,70.93,71.06,56713.0
2026-07-21,2026-07-21 14:55:00,71.05,71.07,70.9,70.99,49362.0
2026-07-21,2026-07-21 15:00:00,70.99,70.99,70.92,70.93,10133.0
2026-07-21,2026-07-21 15:05:00,70.94,70.985,70.91,70.96,9899.0
2026-07-21,2026-07-21 15:10:00,70.97,70.97,70.87,70.87,13673.0
2026-07-21,2026-07-21 15:15:00,70.87,70.98,70.86,70.9,18837.0
2026-07-21,2026-07-21 15:20:00,70.89,70.89,70.805,70.84,32589.0
2026-07-21,2026-07-21 15:25:00,70.87,70.88,70.78,70.8,12586.0
2026-07-21,2026-07-21 15:30:00,70.81,70.86,70.79,70.79,21576.0
2026-07-21,2026-07-21 15:35:00,70.78,70.805,70.75,70.79,19555.0
2026-07-21,2026-07-21 15:40:00,70.78,70.85,70.74,70.74,22943.0
2026-07-21,2026-07-21 15:45:00,70.75,70.805,70.73,70.78,31699.0
2026-07-21,2026-07-21 15:50:00,70.78,70.8,70.755,70.8,40680.0
2026-07-21,2026-07-21 15:55:00,70.78,70.81,70.6,70.78,72524.0
2026-07-21,2026-07-21 16:00:00,70.8,71.08,70.8,71.01,506510.0
2026-07-22,2026-07-22 09:35:00,71.94,71.94,71.2,71.21,14069.0
2026-07-22,2026-07-22 09:40:00,71.035,71.035,70.655,70.895,8899.0
2026-07-22,2026-07-22 09:45:00,70.95,71.18,70.87,71.07,11753.0
2026-07-22,2026-07-22 09:50:00,70.96,70.96,70.805,70.845,9801.0
2026-07-22,2026-07-22 09:55:00,70.83,70.86,70.685,70.7,10401.0
2026-07-22,2026-07-22 10:00:00,70.72,70.785,70.71,70.73,13289.0
2026-07-22,2026-07-22 10:05:00,70.68,70.85,70.65,70.815,12896.0
2026-07-22,2026-07-22 10:10:00,70.83,70.96,70.7802,70.855,9069.0
2026-07-22,2026-07-22 10:15:00,70.81,70.895,70.65,70.69,12210.0
2026-07-22,2026-07-22 10:20:00,70.689,70.815,70.63,70.68,12387.0
2026-07-22,2026-07-22 10:25:00,70.685,70.685,70.525,70.545,13212.0
2026-07-22,2026-07-22 10:30:00,70.53,70.53,70.39,70.42,8318.0
2026-07-22,2026-07-22 10:35:00,70.42,70.44,70.28,70.29,9443.0
2026-07-22,2026-07-22 10:40:00,70.28,70.31,70.23,70.27,10969.0
2026-07-22,2026-07-22 10:45:00,70.25,70.31,70.18,70.255,11869.0
2026-07-22,2026-07-22 10:50:00,70.27,70.27,70.155,70.18,9340.0
2026-07-22,2026-07-22 10:55:00,70.2,70.27,70.175,70.26,7995.0
2026-07-22,2026-07-22 11:00:00,70.25,70.265,70.215,70.25,8820.0
2026-07-22,2026-07-22 11:05:00,70.23,70.47,70.16,70.46,88473.0
2026-07-22,2026-07-22 11:10:00,70.455,70.52,70.36,70.4,23399.0
2026-07-22,2026-07-22 11:15:00,70.38,70.42,70.35,70.37,12076.0
2026-07-22,2026-07-22 11:20:00,70.365,70.43,70.35,70.42,21032.0
2026-07-22,2026-07-22 11:25:00,70.43,70.49,70.43,70.445,7606.0
2026-07-22,2026-07-22 11:30:00,70.445,70.6,70.44,70.575,11070.0
2026-07-22,2026-07-22 11:35:00,70.5701,70.58,70.51,70.53,6794.0
2026-07-22,2026-07-22 11:40:00,70.51,70.58,70.485,70.5301,11923.0
2026-07-22,2026-07-22 11:45:00,70.56,70.61,70.55,70.59,8922.0
2026-07-22,2026-07-22 11:50:00,70.63,70.63,70.53,70.545,11044.0
2026-07-22,2026-07-22 11:55:00,70.51,70.515,70.44,70.445,14223.0
2026-07-22,2026-07-22 12:00:00,70.46,70.51,70.46,70.51,8718.0
2026-07-22,2026-07-22 12:05:00,70.5,70.51,70.43,70.455,14440.0
2026-07-22,2026-07-22 12:10:00,70.455,70.455,70.39,70.39,5774.0
2026-07-22,2026-07-22 12:15:00,70.39,70.39,70.295,70.35,15811.0
2026-07-22,2026-07-22 12:20:00,70.37,70.39,70.33,70.37,32203.0
2026-07-22,2026-07-22 12:25:00,70.36,70.42,70.35,70.3848,13248.0
2026-07-22,2026-07-22 12:30:00,70.38,70.42,70.36,70.39,14909.0
2026-07-22,2026-07-22 12:35:00,70.39,70.4,70.37,70.37,4879.0
2026-07-22,2026-07-22 12:40:00,70.375,70.42,70.355,70.42,8670.0
2026-07-22,2026-07-22 12:45:00,70.42,70.425,70.36,70.36,7266.0
2026-07-22,2026-07-22 12:50:00,70.36,70.36,70.36,70.36,2944.0
2026-07-22,2026-07-22 12:55:00,70.365,70.38,70.29,70.32,9183.0
2026-07-22,2026-07-22 13:00:00,70.32,70.3447,70.29,70.325,6206.0
2026-07-22,2026-07-22 13:05:00,70.325,70.325,70.25,70.26,8248.0
2026-07-22,2026-07-22 13:10:00,70.28,70.36,70.27,70.34,4231.0
2026-07-22,2026-07-22 13:15:00,70.34,70.4,70.33,70.4,5388.0
2026-07-22,2026-07-22 13:20:00,70.39,70.39,70.33,70.35,5393.0
2026-07-22,2026-07-22 13:25:00,70.35,70.35,70.3,70.33,6934.0
2026-07-22,2026-07-22 13:30:00,70.33,70.39,70.33,70.34,5794.0
2026-07-22,2026-07-22 13:35:00,70.34,70.34,70.3,70.315,6220.0
2026-07-22,2026-07-22 13:40:00,70.339,70.45,70.339,70.45,7763.0
2026-07-22,2026-07-22 13:45:00,70.43,70.45,70.39,70.435,5645.0
2026-07-22,2026-07-22 13:50:00,70.42,70.43,70.37,70.4,4513.0
2026-07-22,2026-07-22 13:55:00,70.4,70.64,70.39,70.61,23169.0
2026-07-22,2026-07-22 14:00:00,70.6,70.64,70.58,70.6,15226.0
2026-07-22,2026-07-22 14:05:00,70.595,70.6199,70.56,70.56,10415.0
2026-07-22,2026-07-22 14:10:00,70.5608,70.61,70.55,70.61,5938.0
2026-07-22,2026-07-22 14:15:00,70.61,70.65,70.53,70.57,13077.0
2026-07-22,2026-07-22 14:20:00,70.56,70.6699,70.56,70.665,10218.0
2026-07-22,2026-07-22 14:25:00,70.665,70.68,70.635,70.655,13483.0
2026-07-22,2026-07-22 14:30:00,70.71,70.77,70.68,70.715,10900.0
2026-07-22,2026-07-22 14:35:00,70.73,70.765,70.72,70.765,9044.0
2026-07-22,2026-07-22 14:40:00,70.765,70.82,70.765,70.805,15988.0
2026-07-22,2026-07-22 14:45:00,70.79,70.805,70.74,70.7732,10228.0
2026-07-22,2026-07-22 14:50:00,70.77,70.79,70.715,70.73,10100.0
2026-07-22,2026-07-22 14:55:00,70.73,70.73,70.69,70.71,10670.0
2026-07-22,2026-07-22 15:00:00,70.6907,70.7,70.67,70.67,8612.0
2026-07-22,2026-07-22 15:05:00,70.675,70.675,70.51,70.54,20961.0
2026-07-22,2026-07-22 15:10:00,70.55,70.58,70.52,70.54,15143.0
2026-07-22,2026-07-22 15:15:00,70.545,70.565,70.53,70.56,12957.0
2026-07-22,2026-07-22 15:20:00,70.57,70.575,70.49,70.52,19584.0
2026-07-22,2026-07-22 15:25:00,70.51,70.52,70.41,70.41,20741.0
2026-07-22,2026-07-22 15:30:00,70.41,70.47,70.375,70.47,19748.0
2026-07-22,2026-07-22 15:35:00,70.455,70.49,70.4,70.46,36216.0
2026-07-22,2026-07-22 15:40:00,70.45,70.495,70.425,70.46,31163.0
2026-07-22,2026-07-22 15:45:00,70.47,70.52,70.45,70.51,36282.0
2026-07-22,2026-07-22 15:50:00,70.52,70.62,70.51,70.565,52940.0
2026-07-22,2026-07-22 15:55:00,70.57,70.57,70.465,70.495,65651.0
2026-07-22,2026-07-22 16:00:00,70.48,70.64,70.48,70.5,434404.0
2026-07-23,2026-07-23 09:35:00,70.11,70.49,69.82,70.2,12985.0
2026-07-23,2026-07-23 09:40:00,70.15,70.27,70.035,70.035,15017.0
2026-07-23,2026-07-23 09:45:00,69.93,69.995,69.79,69.93,7981.0
2026-07-23,2026-07-23 09:50:00,69.85,70.01,69.77,69.97,14292.0
2026-07-23,2026-07-23 09:55:00,69.88,70.14,69.84,70.08,13271.0
2026-07-23,2026-07-23 10:00:00,70.11,70.19,69.98,70.19,13356.0
2026-07-23,2026-07-23 10:05:00,70.225,70.26,69.985,70.04,19601.0
2026-07-23,2026-07-23 10:10:00,70.02,70.09,69.93,70.015,15279.0
2026-07-23,2026-07-23 10:15:00,69.99,70.35,69.99,70.35,12712.0
2026-07-23,2026-07-23 10:20:00,70.35,70.51,70.35,70.38,22535.0
2026-07-23,2026-07-23 10:25:00,70.365,70.375,70.225,70.225,9587.0
2026-07-23,2026-07-23 10:30:00,70.24,70.26,70.15,70.245,28715.0
2026-07-23,2026-07-23 10:35:00,70.25,70.28,70.165,70.165,9369.0
2026-07-23,2026-07-23 10:40:00,70.165,70.35,70.14,70.35,10071.0
2026-07-23,2026-07-23 10:45:00,70.36,70.615,70.3441,70.61,10769.0
2026-07-23,2026-07-23 10:50:00,70.625,70.69,70.57,70.61,15822.0
2026-07-23,2026-07-23 10:55:00,70.64,70.72,70.48,70.69,24708.0
2026-07-23,2026-07-23 11:00:00,70.72,70.735,70.66,70.67,6987.0
2026-07-23,2026-07-23 11:05:00,70.65,70.65,70.43,70.465,18180.0
2026-07-23,2026-07-23 11:10:00,70.5,70.54,70.44,70.5051,15764.0
2026-07-23,2026-07-23 11:15:00,70.49,70.535,70.415,70.46,8879.0
2026-07-23,2026-07-23 11:20:00,70.43,70.525,70.39,70.42,12668.0
2026-07-23,2026-07-23 11:25:00,70.42,70.42,70.345,70.36,15206.0
2026-07-23,2026-07-23 11:30:00,70.35,70.47,70.35,70.415,10036.0
2026-07-23,2026-07-23 11:35:00,70.4,70.435,70.335,70.42,21364.0
2026-07-23,2026-07-23 11:40:00,70.41,70.445,70.38,70.415,9717.0
2026-07-23,2026-07-23 11:45:00,70.43,70.43,70.24,70.255,10669.0
2026-07-23,2026-07-23 11:50:00,70.24,70.275,70.195,70.24,8189.0
2026-07-23,2026-07-23 11:55:00,70.23,70.23,70.11,70.15,8375.0
2026-07-23,2026-07-23 12:00:00,70.15,70.19,70.08,70.17,29873.0
2026-07-23,2026-07-23 12:05:00,70.14,70.16,70.105,70.11,9588.0
2026-07-23,2026-07-23 12:10:00,70.115,70.245,70.115,70.245,11642.0
2026-07-23,2026-07-23 12:15:00,70.27,70.3,70.245,70.3,9700.0
2026-07-23,2026-07-23 12:20:00,70.3,70.31,70.25,70.3,16502.0
2026-07-23,2026-07-23 12:25:00,70.29,70.35,70.29,70.35,7095.0
2026-07-23,2026-07-23 12:30:00,70.34,70.34,70.24,70.25,21735.0
2026-07-23,2026-07-23 12:35:00,70.26,70.32,70.24,70.27,10393.0
2026-07-23,2026-07-23 12:40:00,70.28,70.29,70.205,70.23,8214.0
2026-07-23,2026-07-23 12:45:00,70.225,70.24,70.15,70.165,17696.0
2026-07-23,2026-07-23 12:50:00,70.165,70.19,70.09,70.1,13381.0
2026-07-23,2026-07-23 12:55:00,70.12,70.18,70.1,70.17,6655.0
2026-07-23,2026-07-23 13:00:00,70.16,70.185,70.11,70.15,10773.0
2026-07-23,2026-07-23 13:05:00,70.14,70.17,70.11,70.11,7708.0
2026-07-23,2026-07-23 13:10:00,70.125,70.15,70.09,70.11,6751.0
2026-07-23,2026-07-23 13:15:00,70.1002,70.125,69.96,69.97,5010.0
2026-07-23,2026-07-23 13:20:00,69.98,70.03,69.9519,69.99,6510.0
2026-07-23,2026-07-23 13:25:00,69.97,70.0225,69.965,69.98,8410.0
2026-07-23,2026-07-23 13:30:00,69.98,69.99,69.88,69.9,9531.0
2026-07-23,2026-07-23 13:35:00,69.89,69.93,69.86,69.88,13868.0
2026-07-23,2026-07-23 13:40:00,69.835,69.93,69.825,69.93,7118.0
2026-07-23,2026-07-23 13:45:00,69.925,69.94,69.91,69.93,5564.0
2026-07-23,2026-07-23 13:50:00,69.92,69.93,69.84,69.91,8496.0
2026-07-23,2026-07-23 13:55:00,69.895,69.915,69.86,69.87,8479.0
2026-07-23,2026-07-23 14:00:00,69.87,69.89,69.6,69.64,29118.0
2026-07-23,2026-07-23 14:05:00,69.65,69.73,69.61,69.67,8035.0
2026-07-23,2026-07-23 14:10:00,69.705,69.81,69.705,69.78,6356.0
2026-07-23,2026-07-23 14:15:00,69.79,69.83,69.79,69.8,10048.0
2026-07-23,2026-07-23 14:20:00,69.8,69.87,69.8,69.85,9690.0
2026-07-23,2026-07-23 14:25:00,69.855,69.87,69.825,69.835,6473.0
2026-07-23,2026-07-23 14:30:00,69.835,69.88,69.82,69.88,9127.0
2026-07-23,2026-07-23 14:35:00,69.875,70.05,69.875,70.04,10761.0
2026-07-23,2026-07-23 14:40:00,70.03,70.03,69.9,69.97,39616.0
2026-07-23,2026-07-23 14:45:00,69.95,69.98,69.9,69.91,11188.0
2026-07-23,2026-07-23 14:50:00,69.93,69.98,69.915,69.96,11327.0
2026-07-23,2026-07-23 14:55:00,69.94,70.02,69.92,70.0,23958.0
2026-07-23,2026-07-23 15:00:00,70.0,70.04,69.99,70.02,11206.0
2026-07-23,2026-07-23 15:05:00,70.01,70.07,70.01,70.07,11196.0
2026-07-23,2026-07-23 15:10:00,70.07,70.19,70.05,70.185,14632.0
2026-07-23,2026-07-23 15:15:00,70.17,70.17,70.07,70.1,13856.0
2026-07-23,2026-07-23 15:20:00,70.09,70.195,70.09,70.175,26047.0
2026-07-23,2026-07-23 15:25:00,70.18,70.22,70.15,70.205,14295.0
2026-07-23,2026-07-23 15:30:00,70.21,70.21,70.16,70.16,17422.0
2026-07-23,2026-07-23 15:35:00,70.155,70.205,70.15,70.17,26803.0
2026-07-23,2026-07-23 15:40:00,70.175,70.18,70.01,70.01,30495.0
2026-07-23,2026-07-23 15:45:00,70.02,70.31,70.01,70.31,43171.0
2026-07-23,2026-07-23 15:50:00,70.29,70.3,70.1,70.11,25482.0
2026-07-23,2026-07-23 15:55:00,70.1,70.29,69.955,70.225,82048.0
2026-07-23,2026-07-23 16:00:00,70.21,70.325,70.17,70.23,672195.0
2026-07-24,2026-07-24 09:35:00,70.61,70.74,70.3,70.3,11335.0
2026-07-24,2026-07-24 09:40:00,70.2,70.54,70.2,70.54,5474.0
2026-07-24,2026-07-24 09:45:00,70.54,70.79,70.37,70.37,12512.0
2026-07-24,2026-07-24 09:50:00,70.41,70.865,70.38,70.64,8927.0
2026-07-24,2026-07-24 09:55:00,70.7,70.83,70.64,70.7,6633.0
2026-07-24,2026-07-24 10:00:00,70.755,70.755,70.61,70.64,7953.0
2026-07-24,2026-07-24 10:05:00,70.61,70.685,70.47,70.47,21661.0
2026-07-24,2026-07-24 10:10:00,70.535,70.56,70.34,70.5,56049.0
2026-07-24,2026-07-24 10:15:00,70.46,70.61,70.43,70.58,7755.0
2026-07-24,2026-07-24 10:20:00,70.68,70.68,70.49,70.59,26294.0
2026-07-24,2026-07-24 10:25:00,70.65,70.78,70.61,70.76,8246.0
2026-07-24,2026-07-24 10:30:00,70.76,70.76,70.57,70.605,7875.0
2026-07-24,2026-07-24 10:35:00,70.58,70.7,70.58,70.62,12889.0
2026-07-24,2026-07-24 10:40:00,70.625,70.625,70.425,70.45,9558.0
2026-07-24,2026-07-24 10:45:00,70.465,70.58,70.46,70.46,17359.0
2026-07-24,2026-07-24 10:50:00,70.47,70.475,70.41,70.41,5234.0
2026-07-24,2026-07-24 10:55:00,70.38,70.42,70.27,70.295,12426.0
2026-07-24,2026-07-24 11:00:00,70.285,70.31,70.245,70.27,10798.0
2026-07-24,2026-07-24 11:05:00,70.27,70.45,70.265,70.43,16752.0
2026-07-24,2026-07-24 11:10:00,70.49,70.545,70.46,70.46,7454.0
2026-07-24,2026-07-24 11:15:00,70.52,70.66,70.51,70.65,16029.0
2026-07-24,2026-07-24 11:20:00,70.67,70.83,70.66,70.72,21280.0
2026-07-24,2026-07-24 11:25:00,70.78,70.9,70.78,70.88,5822.0
2026-07-24,2026-07-24 11:30:00,70.89,70.89,70.83,70.865,7506.0
2026-07-24,2026-07-24 11:35:00,70.85,70.85,70.745,70.75,8531.0
2026-07-24,2026-07-24 11:40:00,70.75,70.79,70.68,70.71,8585.0
2026-07-24,2026-07-24 11:45:00,70.69,70.71,70.64,70.64,6832.0
2026-07-24,2026-07-24 11:50:00,70.66,70.68,70.61,70.61,8841.0
2026-07-24,2026-07-24 11:55:00,70.61,70.6301,70.5,70.58,7829.0
2026-07-24,2026-07-24 12:00:00,70.58,70.58,70.45,70.465,5631.0
2026-07-24,2026-07-24 12:05:00,70.475,70.49,70.425,70.44,5713.0
2026-07-24,2026-07-24 12:10:00,70.44,70.44,70.375,70.375,5355.0
2026-07-24,2026-07-24 12:15:00,70.4,70.5,70.39,70.48,9027.0
2026-07-24,2026-07-24 12:20:00,70.48,70.51,70.48,70.51,6102.0
2026-07-24,2026-07-24 12:25:00,70.51,70.53,70.505,70.51,2808.0
2026-07-24,2026-07-24 12:30:00,70.525,70.61,70.52,70.61,6529.0
2026-07-24,2026-07-24 12:35:00,70.63,70.63,70.53,70.53,4378.0
2026-07-24,2026-07-24 12:40:00,70.545,70.545,70.51,70.53,4294.0
2026-07-24,2026-07-24 12:45:00,70.49,70.51,70.44,70.44,11990.0
2026-07-24,2026-07-24 12:50:00,70.47,70.4751,70.33,70.33,4789.0
2026-07-24,2026-07-24 12:55:00,70.398479,70.41,70.29,70.29,8389.0
2026-07-24,2026-07-24 13:00:00,70.355,70.435,70.355,70.42,4737.0
2026-07-24,2026-07-24 13:05:00,70.415,70.44,70.415,70.42,5455.0
2026-07-24,2026-07-24 13:10:00,70.41,70.41,70.3,70.325,7063.0
2026-07-24,2026-07-24 13:15:00,70.315,70.395,70.315,70.395,6977.0
2026-07-24,2026-07-24 13:20:00,70.41,70.46,70.41,70.43,4760.0
2026-07-24,2026-07-24 13:25:00,70.445,70.45,70.36,70.38,5769.0
2026-07-24,2026-07-24 13:30:00,70.39,70.41,70.375,70.38,10245.0
2026-07-24,2026-07-24 13:35:00,70.39,70.4849,70.36,70.47,10644.0
2026-07-24,2026-07-24 13:40:00,70.48,70.49,70.44,70.47,7028.0
2026-07-24,2026-07-24 13:45:00,70.46,70.47,70.44,70.44,6530.0
2026-07-24,2026-07-24 13:50:00,70.45,70.48,70.39,70.39,5017.0
2026-07-24,2026-07-24 13:55:00,70.3799,70.43,70.355,70.41,7478.0
2026-07-24,2026-07-24 14:00:00,70.43,70.48,70.43,70.455,8519.0
2026-07-24,2026-07-24 14:05:00,70.425,70.425,70.345,70.39,10119.0
2026-07-24,2026-07-24 14:10:00,70.37,70.485,70.37,70.475,7414.0
2026-07-24,2026-07-24 14:15:00,70.475,70.545,70.46,70.54,7366.0
2026-07-24,2026-07-24 14:20:00,70.54,70.64,70.53,70.63,13492.0
2026-07-24,2026-07-24 14:25:00,70.63,70.74,70.62,70.74,14345.0
2026-07-24,2026-07-24 14:30:00,70.74,70.75,70.64,70.64,6959.0
2026-07-24,2026-07-24 14:35:00,70.64,70.65,70.54,70.555,11683.0
2026-07-24,2026-07-24 14:40:00,70.58,70.67,70.58,70.63,8474.0
2026-07-24,2026-07-24 14:45:00,70.655,70.68,70.63,70.66,4970.0
2026-07-24,2026-07-24 14:50:00,70.6625,70.67,70.62,70.65,11788.0
2026-07-24,2026-07-24 14:55:00,70.63,70.66,70.61,70.64,5420.0
2026-07-24,2026-07-24 15:00:00,70.64,70.65,70.54,70.54,14749.0
2026-07-24,2026-07-24 15:05:00,70.54,70.59,70.53,70.59,9345.0
2026-07-24,2026-07-24 15:10:00,70.6,70.605,70.555,70.57,10007.0
2026-07-24,2026-07-24 15:15:00,70.56,70.615,70.53,70.57,14578.0
2026-07-24,2026-07-24 15:20:00,70.58,70.62,70.54,70.58,11518.0
2026-07-24,2026-07-24 15:25:00,70.56,70.65,70.55,70.56,20713.0
2026-07-24,2026-07-24 15:30:00,70.57,70.61,70.535,70.56,19776.0
2026-07-24,2026-07-24 15:35:00,70.54,70.61,70.54,70.58,24050.0
2026-07-24,2026-07-24 15:40:00,70.57,70.64,70.57,70.61,25925.0
2026-07-24,2026-07-24 15:45:00,70.61,70.73,70.61,70.69,29723.0
2026-07-24,2026-07-24 15:50:00,70.69,70.69,70.56,70.57,26505.0
2026-07-24,2026-07-24 15:55:00,70.56,70.66,70.51,70.59,62090.0
2026-07-24,2026-07-24 16:00:00,70.58,70.58,70.27,70.31,492000.0
2026-07-27,2026-07-27 09:35:00,70.82,71.14,70.53,71.11,18429.0
2026-07-27,2026-07-27 09:40:00,70.93,71.115,70.74,71.0,31306.0
2026-07-27,2026-07-27 09:45:00,71.07,71.19,70.99,71.1375,12515.0
2026-07-27,2026-07-27 09:50:00,71.155,71.26,71.04,71.165,12857.0
2026-07-27,2026-07-27 09:55:00,71.175,71.205,70.925,71.005,14413.0
2026-07-27,2026-07-27 10:00:00,70.94,71.08,70.845,70.845,14198.0
2026-07-27,2026-07-27 10:05:00,70.8,70.99,70.79,70.91,16220.0
2026-07-27,2026-07-27 10:10:00,70.89,71.02,70.765,70.786005,22652.0
2026-07-27,2026-07-27 10:15:00,70.78,71.04,70.78,70.96,22999.0
2026-07-27,2026-07-27 10:20:00,71.02,71.35,71.02,71.23,14320.0
2026-07-27,2026-07-27 10:25:00,71.21,71.35,71.18,71.35,7531.0
2026-07-27,2026-07-27 10:30:00,71.31,71.34,71.25,71.25,8663.0
2026-07-27,2026-07-27 10:35:00,71.23,71.38,71.23,71.32,14609.0
2026-07-27,2026-07-27 10:40:00,71.33,71.58,71.33,71.56,12599.0
2026-07-27,2026-07-27 10:45:00,71.54,71.63,71.5,71.535,15381.0
2026-07-27,2026-07-27 10:50:00,71.52,71.52,71.24,71.27,15396.0
2026-07-27,2026-07-27 10:55:00,71.23,71.26,71.065,71.105,11509.0
2026-07-27,2026-07-27 11:00:00,71.095,71.24,71.025,71.23,18114.0
2026-07-27,2026-07-27 11:05:00,71.25,71.33,71.23,71.28,9896.0
2026-07-27,2026-07-27 11:10:00,71.28,71.31,71.22,71.275,12838.0
2026-07-27,2026-07-27 11:15:00,71.29,71.4,71.255,71.38,13577.0
2026-07-27,2026-07-27 11:20:00,71.38,71.4,71.26,71.315,12424.0
2026-07-27,2026-07-27 11:25:00,71.33,71.37,71.28,71.32,9710.0
2026-07-27,2026-07-27 11:30:00,71.281,71.41,71.281,71.35,11287.0
2026-07-27,2026-07-27 11:35:00,71.35,71.42,71.27,71.42,10574.0
2026-07-27,2026-07-27 11:40:00,71.415,71.51,71.243,71.38,37632.0
2026-07-27,2026-07-27 11:45:00,71.39,71.39,71.205,71.23,22241.0
2026-07-27,2026-07-27 11:50:00,71.215,71.22,71.12,71.18,12030.0
2026-07-27,2026-07-27 11:55:00,71.17,71.21,71.1475,71.21,11620.0
2026-07-27,2026-07-27 12:00:00,71.22,71.22,71.07,71.075,11693.0
2026-07-27,2026-07-27 12:05:00,71.06,71.17,71.05,71.13,13376.0
2026-07-27,2026-07-27 12:10:00,71.15,71.23,71.15,71.18,12254.0
2026-07-27,2026-07-27 12:15:00,71.19,71.215,71.09,71.11,13383.0
2026-07-27,2026-07-27 12:20:00,71.08,71.1,71.03,71.095,12061.0
2026-07-27,2026-07-27 12:25:00,71.1,71.14,71.035,71.035,12309.0
2026-07-27,2026-07-27 12:30:00,71.035,71.215,71.035,71.1625,23905.0
2026-07-27,2026-07-27 12:35:00,71.15,71.26,71.15,71.26,14568.0
2026-07-27,2026-07-27 12:40:00,71.28,71.285,71.065,71.07,8629.0
2026-07-27,2026-07-27 12:45:00,71.07,71.11,71.03,71.04,11936.0
2026-07-27,2026-07-27 12:50:00,71.06,71.11,71.01,71.01,11732.0
2026-07-27,2026-07-27 12:55:00,71.01,71.1,71.01,71.1,11140.0
2026-07-27,2026-07-27 13:00:00,71.1,71.11,71.03,71.075,11769.0
2026-07-27,2026-07-27 13:05:00,71.09,71.1,71.03,71.03,12083.0
2026-07-27,2026-07-27 13:10:00,71.04,71.08,70.99,71.02,11065.0
2026-07-27,2026-07-27 13:15:00,71.04,71.07,70.945,70.945,21785.0
2026-07-27,2026-07-27 13:20:00,70.96,70.98,70.84,70.93,24262.0
2026-07-27,2026-07-27 13:25:00,70.94,70.94,70.7701,70.79,20157.0
2026-07-27,2026-07-27 13:30:00,70.8,70.88,70.77,70.805,21311.0
2026-07-27,2026-07-27 13:35:00,70.84,70.84,70.76,70.8,18472.0
2026-07-27,2026-07-27 13:40:00,70.78,70.8,70.71,70.725,20709.0
2026-07-27,2026-07-27 13:45:00,70.71,70.73,70.66,70.67,18656.0
2026-07-27,2026-07-27 13:50:00,70.64,70.67,70.62,70.64,15317.0
2026-07-27,2026-07-27 13:55:00,70.65,70.69,70.63,70.66,26396.0
2026-07-27,2026-07-27 14:00:00,70.64,70.71,70.6,70.68,22526.0
2026-07-27,2026-07-27 14:05:00,70.7,70.72,70.65,70.65,19830.0
2026-07-27,2026-07-27 14:10:00,70.66,70.73,70.64,70.685,19079.0
2026-07-27,2026-07-27 14:15:00,70.68,70.68,70.605,70.62,16965.0
2026-07-27,2026-07-27 14:20:00,70.62,70.7,70.61,70.68,19846.0
2026-07-27,2026-07-27 14:25:00,70.71,70.74,70.64,70.74,15666.0
2026-07-27,2026-07-27 14:30:00,70.71,70.735,70.68,70.725,16885.0
2026-07-27,2026-07-27 14:35:00,70.72,70.735,70.67,70.685,18779.0
2026-07-27,2026-07-27 14:40:00,70.66,70.685,70.64,70.68,16300.0
2026-07-27,2026-07-27 14:45:00,70.69,70.73,70.66,70.68,23552.0
2026-07-27,2026-07-27 14:50:00,70.67,70.69,70.65,70.68,15945.0
2026-07-27,2026-07-27 14:55:00,70.69,70.705,70.65,70.675,15181.0
2026-07-27,2026-07-27 15:00:00,70.67,70.68,70.59,70.64,30582.0
2026-07-27,2026-07-27 15:05:00,70.64,70.725,70.6,70.62,28276.0
2026-07-27,2026-07-27 15:10:00,70.61,70.63,70.55,70.55,24743.0
2026-07-27,2026-07-27 15:15:00,70.6,70.625,70.54,70.6,23645.0
2026-07-27,2026-07-27 15:20:00,70.6,70.65,70.57,70.61,22260.0
2026-07-27,2026-07-27 15:25:00,70.61,70.64,70.59,70.6,26713.0
2026-07-27,2026-07-27 15:30:00,70.605,70.64,70.58,70.61,34612.0
2026-07-27,2026-07-27 15:35:00,70.605,70.64,70.565,70.565,43090.0
2026-07-27,2026-07-27 15:40:00,70.565,70.71,70.56,70.68,53517.0
2026-07-27,2026-07-27 15:45:00,70.71,70.72,70.65,70.7,60243.0
2026-07-27,2026-07-27 15:50:00,70.695,70.71,70.62,70.685,71019.0
2026-07-27,2026-07-27 15:55:00,70.68,70.68,70.46,70.47,131794.0
2026-07-27,2026-07-27 16:00:00,70.49,70.49,70.26,70.29,545049.0
2026-07-28,2026-07-28 09:35:00,71.38,71.94,71.065,71.815,42079.0
2026-07-28,2026-07-28 09:40:00,71.99,72.4,71.89,72.4,12849.0
2026-07-28,2026-07-28 09:45:00,72.32,72.545,72.26,72.31,12662.0
2026-07-28,2026-07-28 09:50:00,72.28,72.44,72.17,72.41,13446.0
2026-07-28,2026-07-28 09:55:00,72.375,72.64,72.375,72.535,32147.0
2026-07-28,2026-07-28 10:00:00,72.51,72.61,72.29,72.35,18453.0
2026-07-28,2026-07-28 10:05:00,72.38,72.385,72.16,72.29,22348.0
2026-07-28,2026-07-28 10:10:00,72.295,72.49,72.195,72.43,24182.0
2026-07-28,2026-07-28 10:15:00,72.4,72.41,72.28,72.375,14318.0
2026-07-28,2026-07-28 10:20:00,72.405,72.46,72.225,72.32,37462.0
2026-07-28,2026-07-28 10:25:00,72.3,72.44,72.21,72.44,25630.0
2026-07-28,2026-07-28 10:30:00,72.47,72.475,72.35,72.395,11321.0
2026-07-28,2026-07-28 10:35:00,72.4,72.41,72.19,72.19,25562.0
2026-07-28,2026-07-28 10:40:00,72.17,72.21,72.105,72.145,13044.0
2026-07-28,2026-07-28 10:45:00,72.075,72.08,71.99,72.005,9977.0
2026-07-28,2026-07-28 10:50:00,72.01,72.05,71.895,71.92,18848.0
2026-07-28,2026-07-28 10:55:00,71.9,71.915,71.81,71.87,9241.0
2026-07-28,2026-07-28 11:00:00,71.875,71.91,71.75,71.75,16138.0
2026-07-28,2026-07-28 11:05:00,71.745,71.78,71.72,71.77,10284.0
2026-07-28,2026-07-28 11:10:00,71.71,71.76,71.645,71.715,12488.0
2026-07-28,2026-07-28 11:15:00,71.76,71.88,71.74,71.85,12611.0
2026-07-28,2026-07-28 11:20:00,71.88,72.07,71.88,72.01,13397.0
2026-07-28,2026-07-28 11:25:00,72.06,72.09,71.93,72.09,18002.0
2026-07-28,2026-07-28 11:30:00,72.1,72.16,72.06,72.06,11393.0
2026-07-28,2026-07-28 11:35:00,72.065,72.125,71.935,71.97,15009.0
2026-07-28,2026-07-28 11:40:00,71.98,72.12,71.94,72.08,18590.0
2026-07-28,2026-07-28 11:45:00,72.07,72.17,72.05,72.05,9545.0
2026-07-28,2026-07-28 11:50:00,72.045,72.075,71.97,72.01,10752.0
2026-07-28,2026-07-28 11:55:00,72.025,72.14,72.0,72.14,12409.0
2026-07-28,2026-07-28 12:00:00,72.14,72.14,71.965,71.995,12996.0
2026-07-28,2026-07-28 12:05:00,71.96,71.96,71.825,71.83,8269.0
2026-07-28,2026-07-28 12:10:00,71.83,71.885,71.8,71.835,22903.0
2026-07-28,2026-07-28 12:15:00,71.84,71.84,71.755,71.755,6175.0
2026-07-28,2026-07-28 12:20:00,71.755,71.82,71.755,71.78,7922.0
2026-07-28,2026-07-28 12:25:00,71.8,71.865,71.8,71.85,6114.0
2026-07-28,2026-07-28 12:30:00,71.87,71.88,71.81,71.81,4386.0
2026-07-28,2026-07-28 12:35:00,71.79,71.86,71.79,71.84,7787.0
2026-07-28,2026-07-28 12:40:00,71.845,71.905,71.83,71.845,10239.0
2026-07-28,2026-07-28 12:45:00,71.84,71.86,71.815,71.83,6009.0
2026-07-28,2026-07-28 12:50:00,71.8,71.81,71.76,71.795,7793.0
2026-07-28,2026-07-28 12:55:00,71.78,71.8,71.76,71.78,8080.0
2026-07-28,2026-07-28 13:00:00,71.77,71.8,71.765,71.785,8574.0
2026-07-28,2026-07-28 13:05:00,71.77,71.77,71.49,71.53,20252.0
2026-07-28,2026-07-28 13:10:00,71.57,71.64,71.55,71.63,14070.0
2026-07-28,2026-07-28 13:15:00,71.59,71.59,71.48,71.48,7349.0
2026-07-28,2026-07-28 13:20:00,71.48,71.54,71.48,71.52,12651.0
2026-07-28,2026-07-28 13:25:00,71.51,71.545,71.485,71.485,7026.0
2026-07-28,2026-07-28 13:30:00,71.485,71.485,71.4,71.45,8905.0
2026-07-28,2026-07-28 13:35:00,71.46,71.58,71.46,71.575,11893.0
2026-07-28,2026-07-28 13:40:00,71.54,71.58,71.515,71.515,5959.0
2026-07-28,2026-07-28 13:45:00,71.52,71.615,71.52,71.57,8355.0
2026-07-28,2026-07-28 13:50:00,71.59,71.61,71.575,71.61,6053.0
2026-07-28,2026-07-28 13:55:00,71.63,71.64,71.57,71.595,10684.0
2026-07-28,2026-07-28 14:00:00,71.5718,71.63,71.5718,71.605,8518.0
2026-07-28,2026-07-28 14:05:00,71.605,71.63,71.56,71.56,10355.0
2026-07-28,2026-07-28 14:10:00,71.54,71.54,71.48,71.495,13850.0
2026-07-28,2026-07-28 14:15:00,71.5,71.53,71.425,71.43,16549.0
2026-07-28,2026-07-28 14:20:00,71.45,71.45,71.36,71.44,16861.0
2026-07-28,2026-07-28 14:25:00,71.44,71.46,71.41,71.415,8923.0
2026-07-28,2026-07-28 14:30:00,71.42,71.45,71.4,71.44,10316.0
2026-07-28,2026-07-28 14:35:00,71.48,71.775,71.46,71.775,31600.0
2026-07-28,2026-07-28 14:40:00,71.77,71.77,71.65,71.65,12946.0
2026-07-28,2026-07-28 14:45:00,71.65,71.65,71.545,71.565,12077.0
2026-07-28,2026-07-28 14:50:00,71.555,71.62,71.555,71.61,14483.0
2026-07-28,2026-07-28 14:55:00,71.6,71.72,71.585,71.7,16961.0
2026-07-28,2026-07-28 15:00:00,71.68,71.8,71.68,71.8,18329.0
2026-07-28,2026-07-28 15:05:00,71.81,71.87,71.75,71.82,17257.0
2026-07-28,2026-07-28 15:10:00,71.87,71.88,71.8,71.8,20529.0
2026-07-28,2026-07-28 15:15:00,71.83,71.87,71.81,71.86,16375.0
2026-07-28,2026-07-28 15:20:00,71.91,71.99,71.91,71.97,14803.0
2026-07-28,2026-07-28 15:25:00,71.98,71.98,71.94,71.95,12676.0
2026-07-28,2026-07-28 15:30:00,71.955,71.98,71.92,71.92,16163.0
2026-07-28,2026-07-28 15:35:00,71.92,71.96,71.92,71.96,27806.0
2026-07-28,2026-07-28 15:40:00,71.969,72.045,71.93,71.95,31236.0
2026-07-28,2026-07-28 15:45:00,71.97,72.01,71.94,71.945,29500.0
2026-07-28,2026-07-28 15:50:00,71.96,72.075,71.96,72.06,33225.0
2026-07-28,2026-07-28 15:55:00,72.06,72.17,71.96,72.09,83390.0
2026-07-28,2026-07-28 16:00:00,72.06,72.2,72.05,72.06,493676.0
2026-07-29,2026-07-29 09:35:00,71.5,71.89,71.5,71.63,27360.0
2026-07-29,2026-07-29 09:40:00,71.64,72.25,71.43,72.2,23421.0
2026-07-29,2026-07-29 09:45:00,72.16,72.27,71.98,72.18,14558.0
2026-07-29,2026-07-29 09:50:00,72.27,72.675,72.27,72.675,12437.0
2026-07-29,2026-07-29 09:55:00,72.7,72.865,72.7,72.865,4655.0
2026-07-29,2026-07-29 10:00:00,72.92,72.98,72.82,72.85,16244.0
2026-07-29,2026-07-29 10:05:00,72.91,73.02,72.74,72.77,22530.0
2026-07-29,2026-07-29 10:10:00,72.77,72.82,72.64,72.705,45914.0
2026-07-29,2026-07-29 10:15:00,72.72,72.76,72.425,72.51,13523.0
2026-07-29,2026-07-29 10:20:00,72.47,72.775,72.47,72.755,21911.0
2026-07-29,2026-07-29 10:25:00,72.7,72.88,72.65,72.7701,12431.0
2026-07-29,2026-07-29 10:30:00,72.835,72.835,72.74,72.74,5991.0
2026-07-29,2026-07-29 10:35:00,72.71,72.71,72.5201,72.565,8722.0
2026-07-29,2026-07-29 10:40:00,72.59,72.77,72.57,72.77,7159.0
2026-07-29,2026-07-29 10:45:00,72.77,72.88,72.73,72.88,10093.0
2026-07-29,2026-07-29 10:50:00,72.885,72.885,72.695,72.725,10932.0
2026-07-29,2026-07-29 10:55:00,72.7,73.01,72.7,72.845,17869.0
2026-07-29,2026-07-29 11:00:00,72.81,72.87,72.715,72.715,6827.0
2026-07-29,2026-07-29 11:05:00,72.75,72.85,72.7,72.73,12710.0
2026-07-29,2026-07-29 11:10:00,72.73,72.76,72.69,72.7,10176.0
2026-07-29,2026-07-29 11:15:00,72.745,72.825,72.745,72.8,11801.0
2026-07-29,2026-07-29 11:20:00,72.76,72.82,72.7201,72.82,6147.0
2026-07-29,2026-07-29 11:25:00,72.84,72.85,72.73,72.74,8085.0
2026-07-29,2026-07-29 11:30:00,72.72,72.7899,72.72,72.7899,6759.0
2026-07-29,2026-07-29 11:35:00,72.79,72.865,72.78,72.7801,12101.0
2026-07-29,2026-07-29 11:40:00,72.78,72.78,72.68,72.71,11083.0
2026-07-29,2026-07-29 11:45:00,72.74,72.825,72.74,72.82,9203.0
2026-07-29,2026-07-29 11:50:00,72.81,72.845,72.785,72.845,5416.0
2026-07-29,2026-07-29 11:55:00,72.815,72.84,72.75,72.84,22222.0
2026-07-29,2026-07-29 12:00:00,72.84,72.885,72.84,72.86,7625.0
2026-07-29,2026-07-29 12:05:00,72.84,72.91,72.81,72.905,13058.0
2026-07-29,2026-07-29 12:10:00,72.895,72.98,72.89,72.965,13931.0
2026-07-29,2026-07-29 12:15:00,72.96,72.98,72.93,72.93,5092.0
2026-07-29,2026-07-29 12:20:00,72.92,72.92,72.8,72.815,9117.0
2026-07-29,2026-07-29 12:25:00,72.79,72.93,72.79,72.865,15234.0
2026-07-29,2026-07-29 12:30:00,72.83,72.83,72.64,72.675,6515.0
2026-07-29,2026-07-29 12:35:00,72.665,72.75,72.6201,72.71,6449.0
2026-07-29,2026-07-29 12:40:00,72.75,72.75,72.655,72.66,6707.0
2026-07-29,2026-07-29 12:45:00,72.66,72.675,72.63,72.65,8051.0
2026-07-29,2026-07-29 12:50:00,72.65,72.65,72.53,72.545,8587.0
2026-07-29,2026-07-29 12:55:00,72.52,72.585,72.52,72.56,6669.0
2026-07-29,2026-07-29 13:00:00,72.555,72.575,72.535,72.55,8056.0
2026-07-29,2026-07-29 13:05:00,72.56,72.62,72.56,72.605,7393.0
2026-07-29,2026-07-29 13:10:00,72.63,72.63,72.53,72.53,4147.0
2026-07-29,2026-07-29 13:15:00,72.52,72.54,72.46,72.47,10770.0
2026-07-29,2026-07-29 13:20:00,72.4501,72.52,72.445,72.51,8929.0
2026-07-29,2026-07-29 13:25:00,72.51,72.555,72.48,72.48,10595.0
2026-07-29,2026-07-29 13:30:00,72.49,72.545,72.49,72.545,9774.0
2026-07-29,2026-07-29 13:35:00,72.545,72.55,72.495,72.51,9593.0
2026-07-29,2026-07-29 13:40:00,72.51,72.51,72.43,72.49,9294.0
2026-07-29,2026-07-29 13:45:00,72.5,72.57,72.49,72.54,11020.0
2026-07-29,2026-07-29 13:50:00,72.56,72.67,72.545,72.67,17155.0
2026-07-29,2026-07-29 13:55:00,72.665,72.675,72.645,72.67,7667.0
2026-07-29,2026-07-29 14:00:00,72.65,72.655,72.59,72.62,9147.0
2026-07-29,2026-07-29 14:05:00,72.64,73.01,72.63,72.725,37495.0
2026-07-29,2026-07-29 14:10:00,72.79,72.85,72.455,72.51,16480.0
2026-07-29,2026-07-29 14:15:00,72.44,72.55,72.38,72.5,11634.0
2026-07-29,2026-07-29 14:20:00,72.54,72.595,72.48,72.48,10860.0
2026-07-29,2026-07-29 14:25:00,72.46,72.4858,72.42,72.455,12903.0
2026-07-29,2026-07-29 14:30:00,72.5,72.62,72.49,72.62,7489.0
2026-07-29,2026-07-29 14:35:00,72.59,72.635,72.49,72.61,14617.0
2026-07-29,2026-07-29 14:40:00,72.59,72.69,72.585,72.665,26990.0
2026-07-29,2026-07-29 14:45:00,72.64,72.83,72.625,72.76,45564.0
2026-07-29,2026-07-29 14:50:00,72.7301,72.86,72.7301,72.86,13412.0
2026-07-29,2026-07-29 14:55:00,72.86,72.89,72.79,72.825,19759.0
2026-07-29,2026-07-29 15:00:00,72.81,72.81,72.715,72.74,17816.0
2026-07-29,2026-07-29 15:05:00,72.76,72.83,72.645,72.645,19296.0
2026-07-29,2026-07-29 15:10:00,72.66,72.66,72.445,72.47,17991.0
2026-07-29,2026-07-29 15:15:00,72.475,72.57,72.43,72.53,16427.0
2026-07-29,2026-07-29 15:20:00,72.54,72.67,72.54,72.645,17932.0
2026-07-29,2026-07-29 15:25:00,72.645,72.655,72.48,72.48,21501.0
2026-07-29,2026-07-29 15:30:00,72.5,72.54,72.4401,72.46,16295.0
2026-07-29,2026-07-29 15:35:00,72.465,72.63,72.45,72.56,28547.0
2026-07-29,2026-07-29 15:40:00,72.57,72.72,72.56,72.66,23433.0
2026-07-29,2026-07-29 15:45:00,72.66,72.81,72.65,72.795,31249.0
2026-07-29,2026-07-29 15:50:00,72.82,73.01,72.78,73.01,35481.0
2026-07-29,2026-07-29 15:55:00,72.97,73.09,72.97,73.03,65238.0
2026-07-29,2026-07-29 16:00:00,73.02,73.09,72.965,73.06,513255.0
2026-07-30,2026-07-30 09:35:00,73.06,73.1,72.39,72.46,23416.0
2026-07-30,2026-07-30 09:40:00,72.33,72.62,72.27,72.37,10321.0
2026-07-30,2026-07-30 09:45:00,72.425,72.48,72.21,72.25,9858.0
2026-07-30,2026-07-30 09:50:00,72.29,72.34,72.1101,72.34,10144.0
2026-07-30,2026-07-30 09:55:00,72.365,72.365,72.14,72.14,14908.0
2026-07-30,2026-07-30 10:00:00,72.12,72.19,72.0,72.05,6746.0
2026-07-30,2026-07-30 10:05:00,72.06,72.125,71.95,72.0501,8934.0
2026-07-30,2026-07-30 10:10:00,72.155,72.36,72.155,72.33,9390.0
2026-07-30,2026-07-30 10:15:00,72.33,72.38,72.04,72.14,14346.0
2026-07-30,2026-07-30 10:20:00,72.02,72.115,71.9601,72.01,13182.0
2026-07-30,2026-07-30 10:25:00,72.005,72.025,71.82,71.82,13327.0
2026-07-30,2026-07-30 10:30:00,71.86,71.95,71.81,71.94,5273.0
2026-07-30,2026-07-30 10:35:00,71.92,71.94,71.8,71.88,12312.0
2026-07-30,2026-07-30 10:40:00,71.99,72.12,71.99,72.05,6588.0
2026-07-30,2026-07-30 10:45:00,72.0,72.01,71.91,72.0,6067.0
2026-07-30,2026-07-30 10:50:00,71.97,72.045,71.87,71.92,10228.0
2026-07-30,2026-07-30 10:55:00,71.9,72.02,71.86,71.89,4575.0
2026-07-30,2026-07-30 11:00:00,71.88,71.92,71.83,71.89,4915.0
2026-07-30,2026-07-30 11:05:00,71.87,71.87,71.78,71.865,8461.0
2026-07-30,2026-07-30 11:10:00,71.8,71.999,71.8,71.999,9739.0
2026-07-30,2026-07-30 11:15:00,72.0,72.015,71.88,71.88,7317.0
2026-07-30,2026-07-30 11:20:00,71.83,71.92,71.795,71.9,5537.0
2026-07-30,2026-07-30 11:25:00,71.9,71.93,71.8501,71.91,5844.0
2026-07-30,2026-07-30 11:30:00,71.87,71.93,71.87,71.925,3414.0
2026-07-30,2026-07-30 11:35:00,71.92,72.01,71.92,72.01,10025.0
2026-07-30,2026-07-30 11:40:00,72.005,72.005,71.95,71.975,4685.0
2026-07-30,2026-07-30 11:45:00,72.0,72.25,72.0,72.1408,6874.0
2026-07-30,2026-07-30 11:50:00,72.19,72.24,72.19,72.19,4123.0
2026-07-30,2026-07-30 11:55:00,72.17,72.22,72.105,72.105,15386.0
2026-07-30,2026-07-30 12:00:00,72.11,72.415,72.11,72.31,15482.0
2026-07-30,2026-07-30 12:05:00,72.245,72.245,71.925,71.96,12453.0
2026-07-30,2026-07-30 12:10:00,71.935,71.97,71.89,71.89,6504.0
2026-07-30,2026-07-30 12:15:00,71.9,71.94,71.8854,71.8854,7038.0
2026-07-30,2026-07-30 12:20:00,71.91,71.97,71.91,71.97,5098.0
2026-07-30,2026-07-30 12:25:00,71.98,71.99,71.91,71.97,5407.0
2026-07-30,2026-07-30 12:30:00,72.01,72.05,71.99,72.02,18209.0
2026-07-30,2026-07-30 12:35:00,72.04,72.105,72.025,72.09,4673.0
2026-07-30,2026-07-30 12:40:00,72.1,72.135,72.02,72.06,8725.0
2026-07-30,2026-07-30 12:45:00,72.075,72.145,72.065,72.135,7300.0
2026-07-30,2026-07-30 12:50:00,72.15,72.29,72.135,72.23,6414.0
2026-07-30,2026-07-30 12:55:00,72.235,72.305,72.22,72.305,6469.0
2026-07-30,2026-07-30 13:00:00,72.3012,72.305,72.2,72.22,9026.0
2026-07-30,2026-07-30 13:05:00,72.21,72.3884,72.19,72.315,23367.0
2026-07-30,2026-07-30 13:10:00,72.31,72.31,72.24,72.31,5649.0
2026-07-30,2026-07-30 13:15:00,72.34,72.34,72.265,72.265,4505.0
2026-07-30,2026-07-30 13:20:00,72.235,72.24,72.21,72.24,3720.0
2026-07-30,2026-07-30 13:25:00,72.225,72.28,72.225,72.27,3815.0
2026-07-30,2026-07-30 13:30:00,72.24,72.3,72.235,72.27,3058.0
2026-07-30,2026-07-30 13:35:00,72.265,72.265,72.2101,72.245,8541.0
2026-07-30,2026-07-30 13:40:00,72.21,72.21,72.025,72.05,15164.0
2026-07-30,2026-07-30 13:45:00,72.03,72.14,72.02,72.08,9182.0
2026-07-30,2026-07-30 13:50:00,72.145,72.195,72.145,72.15,7028.0
2026-07-30,2026-07-30 13:55:00,72.15,72.18,72.11,72.1301,10661.0
2026-07-30,2026-07-30 14:00:00,72.1899,72.215,72.15,72.15,7710.0
2026-07-30,2026-07-30 14:05:00,72.17,72.21,72.16,72.2,9547.0
2026-07-30,2026-07-30 14:10:00,72.2199,72.22,72.185,72.219,9296.0
2026-07-30,2026-07-30 14:15:00,72.205,72.28,72.205,72.28,8537.0
2026-07-30,2026-07-30 14:20:00,72.29,72.37,72.28,72.36,9372.0
2026-07-30,2026-07-30 14:25:00,72.365,72.365,72.34,72.35,4382.0
2026-07-30,2026-07-30 14:30:00,72.3301,72.36,72.33,72.36,10645.0
2026-07-30,2026-07-30 14:35:00,72.35,72.385,72.345,72.385,7459.0
2026-07-30,2026-07-30 14:40:00,72.36,72.4,72.33,72.36,11400.0
2026-07-30,2026-07-30 14:45:00,72.36,72.38,72.31,72.31,12842.0
2026-07-30,2026-07-30 14:50:00,72.32,72.33,72.27,72.27,12427.0
2026-07-30,2026-07-30 14:55:00,72.27,72.33,72.19,72.27,41136.0
2026-07-30,2026-07-30 15:00:00,72.26,72.305,72.255,72.255,9330.0
2026-07-30,2026-07-30 15:05:00,72.27,72.34,72.26,72.32,13636.0
2026-07-30,2026-07-30 15:10:00,72.32,72.34,72.285,72.285,8842.0
2026-07-30,2026-07-30 15:15:00,72.285,72.315,72.26,72.28,18472.0
2026-07-30,2026-07-30 15:20:00,72.26,72.29,72.24,72.26,11067.0
2026-07-30,2026-07-30 15:25:00,72.28,72.33,72.26,72.275,14199.0
2026-07-30,2026-07-30 15:30:00,72.275,72.295,72.19,72.19,20789.0
2026-07-30,2026-07-30 15:35:00,72.195,72.2,72.04,72.15,29984.0
2026-07-30,2026-07-30 15:40:00,72.17,72.18,72.12,72.12,21511.0
2026-07-30,2026-07-30 15:45:00,72.12,72.23,72.12,72.23,29357.0
2026-07-30,2026-07-30 15:50:00,72.2,72.32,72.19,72.32,33083.0
2026-07-30,2026-07-30 15:55:00,72.3,72.44,72.3,72.44,58712.0
2026-07-30,2026-07-30 16:00:00,72.51,72.7,72.42,72.65,429583.0
2026-07-31,2026-07-31 09:35:00,71.95,72.01,71.48,71.505,28403.0
2026-07-31,2026-07-31 09:40:00,71.31,71.775,71.15,71.775,7872.0
2026-07-31,2026-07-31 09:45:00,71.65,71.865,71.56,71.835,11249.0
2026-07-31,2026-07-31 09:50:00,71.76,71.9,71.64,71.83,6984.0
2026-07-31,2026-07-31 09:55:00,71.8,71.83,71.71,71.8,4078.0
2026-07-31,2026-07-31 10:00:00,71.86,71.86,71.29,71.3401,50140.0
2026-07-31,2026-07-31 10:05:00,71.46,71.51,71.32,71.455,26462.0
2026-07-31,2026-07-31 10:10:00,71.39,71.51,71.33,71.435,17386.0
2026-07-31,2026-07-31 10:15:00,71.435,71.44,71.33,71.41,9908.0
2026-07-31,2026-07-31 10:20:00,71.37,71.52,71.31,71.33,29979.0
2026-07-31,2026-07-31 10:25:00,71.3,71.63,71.28,71.63,9717.0
2026-07-31,2026-07-31 10:30:00,71.645,71.72,71.51,71.525,13504.0
2026-07-31,2026-07-31 10:35:00,71.48,71.53,71.34,71.34,11181.0
2026-07-31,2026-07-31 10:40:00,71.34,71.4,71.29,71.34,6860.0
2026-07-31,2026-07-31 10:45:00,71.34,71.45,71.335,71.45,5476.0
2026-07-31,2026-07-31 10:50:00,71.42,71.48,71.37,71.37,11425.0
2026-07-31,2026-07-31 10:55:00,71.385,71.43,71.35,71.39,7214.0
2026-07-31,2026-07-31 11:00:00,71.43,71.43,71.28,71.41,9619.0
2026-07-31,2026-07-31 11:05:00,71.41,71.41,71.325,71.36,5222.0
2026-07-31,2026-07-31 11:10:00,71.365,71.37,71.3,71.37,8939.0
2026-07-31,2026-07-31 11:15:00,71.37,71.435,71.35,71.41,10178.0
2026-07-31,2026-07-31 11:20:00,71.45,71.455,71.34,71.34,20950.0
2026-07-31,2026-07-31 11:25:00,71.38,71.385,71.37,71.37,2342.0
2026-07-31,2026-07-31 11:30:00,71.38,71.46,71.28,71.28,23855.0
2026-07-31,2026-07-31 11:35:00,71.285,71.395,71.28,71.395,5667.0
2026-07-31,2026-07-31 11:40:00,71.38,71.47,71.37,71.47,20620.0
2026-07-31,2026-07-31 11:45:00,71.475,71.52,71.395,71.52,20714.0
2026-07-31,2026-07-31 11:50:00,71.52,71.535,71.5,71.515,6476.0
2026-07-31,2026-07-31 11:55:00,71.52,71.725,71.51,71.64,33284.0
2026-07-31,2026-07-31 12:00:00,71.61,71.7301,71.59,71.67,30934.0
2026-07-31,2026-07-31 12:05:00,71.68,71.68,71.55,71.5518,7644.0
2026-07-31,2026-07-31 12:10:00,71.57,71.63,71.57,71.62,11737.0
2026-07-31,2026-07-31 12:15:00,71.62,71.655,71.55,71.55,8134.0
2026-07-31,2026-07-31 12:20:00,71.535,71.585,71.535,71.585,5099.0
2026-07-31,2026-07-31 12:25:00,71.61,71.785,71.6075,71.775,27474.0
2026-07-31,2026-07-31 12:30:00,71.76,71.76,71.64,71.67,10088.0
2026-07-31,2026-07-31 12:35:00,71.68,71.7725,71.645,71.77,32766.0
2026-07-31,2026-07-31 12:40:00,71.805,71.83,71.71,71.735,49583.0
2026-07-31,2026-07-31 12:45:00,71.765,71.89,71.765,71.885,17616.0
2026-07-31,2026-07-31 12:50:00,71.92,71.95,71.8808,71.95,6477.0
2026-07-31,2026-07-31 12:55:00,71.94,71.95,71.84,71.875,17820.0
2026-07-31,2026-07-31 13:00:00,71.875,71.945,71.845,71.89,33235.0
2026-07-31,2026-07-31 13:05:00,71.88,71.9399,71.87,71.925,44868.0
2026-07-31,2026-07-31 13:10:00,71.95,71.97,71.89,71.915,10788.0
2026-07-31,2026-07-31 13:15:00,71.89,71.9,71.85,71.85,9261.0
2026-07-31,2026-07-31 13:20:00,71.865,71.88,71.8001,71.825,8486.0
2026-07-31,2026-07-31 13:25:00,71.825,71.86,71.8101,71.85,16468.0
2026-07-31,2026-07-31 13:30:00,71.83,71.995,71.83,71.995,7769.0
2026-07-31,2026-07-31 13:35:00,71.96,71.99,71.96,71.99,5087.0
2026-07-31,2026-07-31 13:40:00,71.99,71.99,71.78,71.885,18094.0
2026-07-31,2026-07-31 13:45:00,71.885,71.92,71.86,71.875,24746.0
2026-07-31,2026-07-31 13:50:00,71.9,71.9,71.85,71.87,8375.0
2026-07-31,2026-07-31 13:55:00,71.87,71.91,71.87,71.9,5664.0
2026-07-31,2026-07-31 14:00:00,71.91,72.08,71.91,72.05,112474.0
2026-07-31,2026-07-31 14:05:00,72.07,72.18,72.06,72.095,7486.0
2026-07-31,2026-07-31 14:10:00,72.11,72.22,72.09,72.18,10390.0
2026-07-31,2026-07-31 14:15:00,72.18,72.25,72.18,72.185,5064.0
2026-07-31,2026-07-31 14:20:00,72.18,72.25,72.18,72.25,7512.0
2026-07-31,2026-07-31 14:25:00,72.26,72.35,72.1,72.35,502626.0
2026-07-31,2026-07-31 14:30:00,72.33,72.375,72.29,72.29,8173.0
2026-07-31,2026-07-31 14:35:00,72.27,72.31,72.21,72.285,10949.0
2026-07-31,2026-07-31 14:40:00,72.28,72.35,72.26,72.315,9001.0
2026-07-31,2026-07-31 14:45:00,72.33,72.415,72.33,72.385,5560.0
2026-07-31,2026-07-31 14:50:00,72.38,72.38,72.225,72.26,21369.0
2026-07-31,2026-07-31 14:55:00,72.27,72.27,72.23,72.23,12644.0
2026-07-31,2026-07-31 15:00:00,72.235,72.32,72.23,72.25,15609.0
2026-07-31,2026-07-31 15:05:00,72.25,72.32,72.215,72.32,10223.0
2026-07-31,2026-07-31 15:10:00,72.33,72.34,72.285,72.315,8235.0
2026-07-31,2026-07-31 15:15:00,72.32,72.39,72.25,72.25,26744.0
2026-07-31,2026-07-31 15:20:00,72.245,72.26,72.22,72.23,11020.0
2026-07-31,2026-07-31 15:25:00,72.23,72.31,72.2114,72.31,15740.0
2026-07-31,2026-07-31 15:30:00,72.29,72.31,72.19,72.2,11920.0
2026-07-31,2026-07-31 15:35:00,72.205,72.2725,72.19,72.225,30819.0
2026-07-31,2026-07-31 15:40:00,72.2,72.21,72.08,72.17,34087.0
2026-07-31,2026-07-31 15:45:00,72.15,72.2,72.08,72.175,35633.0
2026-07-31,2026-07-31 15:50:00,72.19,72.35,72.17,72.34,60454.0
2026-07-31,2026-07-31 15:55:00,72.35,72.51,72.3,72.3,84971.0
2026-07-31,2026-07-31 16:00:00,72.28,72.44,72.26,72.32,522012.0
2026-08-03,2026-08-03 09:35:00,73.38,74.545,73.38,74.53,23024.0
2026-08-03,2026-08-03 09:40:00,74.53,74.63,74.27,74.49,30700.0
2026-08-03,2026-08-03 09:45:00,74.52,74.59,74.31,74.33,8788.0
2026-08-03,2026-08-03 09:50:00,74.3,74.69,74.2801,74.622,14754.0
2026-08-03,2026-08-03 09:55:00,74.7,74.845,74.65,74.69,12748.0
2026-08-03,2026-08-03 10:00:00,74.73,74.7414,74.58,74.635,16271.0
2026-08-03,2026-08-03 10:05:00,74.64,74.75,74.49,74.675,13224.0
2026-08-03,2026-08-03 10:10:00,74.65,74.67,74.42,74.44,14187.0
2026-08-03,2026-08-03 10:15:00,74.4201,74.615,74.2501,74.615,18631.0
2026-08-03,2026-08-03 10:20:00,74.56,74.74,74.4525,74.485,16227.0
2026-08-03,2026-08-03 10:25:00,74.488668,74.6,74.455,74.575,15705.0
2026-08-03,2026-08-03 10:30:00,74.56,74.58,74.385,74.385,13459.0
2026-08-03,2026-08-03 10:35:00,74.4,74.46,74.26,74.325,18698.0
2026-08-03,2026-08-03 10:40:00,74.31,74.31,74.12,74.12,13210.0
2026-08-03,2026-08-03 10:45:00,74.15,74.29,74.135,74.28,7451.0
2026-08-03,2026-08-03 10:50:00,74.28,74.295,74.04,74.04,12215.0
2026-08-03,2026-08-03 10:55:00,74.08,74.08,73.73,73.755,7526.0
2026-08-03,2026-08-03 11:00:00,73.76,73.92,73.76,73.845,5560.0
2026-08-03,2026-08-03 11:05:00,73.91,73.91,73.77,73.795,7676.0
2026-08-03,2026-08-03 11:10:00,73.795,73.805,73.64,73.71,12881.0
2026-08-03,2026-08-03 11:15:00,73.74,73.84,73.74,73.81,11441.0
2026-08-03,2026-08-03 11:20:00,73.84,73.87,73.54,73.58,20175.0
2026-08-03,2026-08-03 11:25:00,73.57,73.57,73.47,73.55,11456.0
2026-08-03,2026-08-03 11:30:00,73.545,73.59,73.53,73.57,8999.0
2026-08-03,2026-08-03 11:35:00,73.59,73.625,73.56,73.6,9180.0
2026-08-03,2026-08-03 11:40:00,73.61,73.67,73.56,73.64,10677.0
2026-08-03,2026-08-03 11:45:00,73.64,73.67,73.605,73.66,10605.0
2026-08-03,2026-08-03 11:50:00,73.67,73.71,73.665,73.7,8185.0
2026-08-03,2026-08-03 11:55:00,73.69,73.72,73.625,73.65,7445.0
2026-08-03,2026-08-03 12:00:00,73.63,73.66,73.59,73.6,9055.0
2026-08-03,2026-08-03 12:05:00,73.605,73.64,73.6,73.62,7566.0
2026-08-03,2026-08-03 12:10:00,73.62,73.65,73.58,73.61,5690.0
2026-08-03,2026-08-03 12:15:00,73.62,73.645,73.6,73.63,8399.0
2026-08-03,2026-08-03 12:20:00,73.625,73.66,73.62,73.645,7085.0
2026-08-03,2026-08-03 12:25:00,73.64,73.68,73.625,73.675,6633.0
2026-08-03,2026-08-03 12:30:00,73.65,73.755,73.6301,73.755,8191.0
2026-08-03,2026-08-03 12:35:00,73.78,73.78,73.655,73.655,9304.0
2026-08-03,2026-08-03 12:40:00,73.655,73.715,73.64,73.715,8463.0
2026-08-03,2026-08-03 12:45:00,73.72,73.76,73.708547,73.74,9478.0
2026-08-03,2026-08-03 12:50:00,73.74,73.7699,73.74,73.76,5128.0
2026-08-03,2026-08-03 12:55:00,73.75,73.8,73.75,73.8,6525.0
2026-08-03,2026-08-03 13:00:00,73.81,73.87,73.8,73.87,15080.0
2026-08-03,2026-08-03 13:05:00,73.91,73.91,73.78,73.855,10420.0
2026-08-03,2026-08-03 13:10:00,73.855,73.855,73.745,73.81,10903.0
2026-08-03,2026-08-03 13:15:00,73.78,73.785,73.75,73.775,4521.0
2026-08-03,2026-08-03 13:20:00,73.77,73.78,73.74,73.76,7369.0
2026-08-03,2026-08-03 13:25:00,73.765,73.97,73.76,73.89,25295.0
2026-08-03,2026-08-03 13:30:00,73.87,73.89,73.86,73.89,4305.0
2026-08-03,2026-08-03 13:35:00,73.87,73.92,73.855,73.92,12115.0
2026-08-03,2026-08-03 13:40:00,73.91,73.91,73.86,73.895,7952.0
2026-08-03,2026-08-03 13:45:00,73.92,73.93,73.89,73.89,9097.0
2026-08-03,2026-08-03 13:50:00,73.91,73.94,73.88,73.88,8313.0
2026-08-03,2026-08-03 13:55:00,73.885,73.9,73.88,73.9,6408.0
2026-08-03,2026-08-03 14:00:00,73.895,73.895,73.835,73.845,11193.0
2026-08-03,2026-08-03 14:05:00,73.83,73.88,73.82,73.83,25645.0
2026-08-03,2026-08-03 14:10:00,73.83,73.92,73.8101,73.915,11077.0
2026-08-03,2026-08-03 14:15:00,73.9,73.93,73.88,73.91,19102.0
2026-08-03,2026-08-03 14:20:00,73.89,74.035,73.89,74.03,12884.0
2026-08-03,2026-08-03 14:25:00,74.03,74.08,74.01,74.065,7727.0
2026-08-03,2026-08-03 14:30:00,74.05,74.05,74.0,74.045,10581.0
2026-08-03,2026-08-03 14:35:00,74.045,74.045,73.97,73.985,10397.0
2026-08-03,2026-08-03 14:40:00,73.985,74.08,73.985,74.05,15108.0
2026-08-03,2026-08-03 14:45:00,74.05,74.06,74.04,74.06,7261.0
2026-08-03,2026-08-03 14:50:00,74.06,74.07,73.98,73.98,13985.0
2026-08-03,2026-08-03 14:55:00,74.0,74.08,73.995,74.075,17350.0
2026-08-03,2026-08-03 15:00:00,74.07,74.07,74.025,74.04,9832.0
2026-08-03,2026-08-03 15:05:00,74.04,74.06,74.025,74.055,16518.0
2026-08-03,2026-08-03 15:10:00,74.06,74.14,74.025,74.14,27115.0
2026-08-03,2026-08-03 15:15:00,74.155,74.17,74.085,74.085,18289.0
2026-08-03,2026-08-03 15:20:00,74.09,74.09,74.02,74.02,14292.0
2026-08-03,2026-08-03 15:25:00,74.03,74.07,74.02,74.07,21614.0
2026-08-03,2026-08-03 15:30:00,74.08,74.08,74.04,74.07,20617.0
2026-08-03,2026-08-03 15:35:00,74.08,74.19,74.08,74.14,26550.0
2026-08-03,2026-08-03 15:40:00,74.14,74.15,74.03,74.085,21152.0
2026-08-03,2026-08-03 15:45:00,74.1,74.12,74.07,74.085,33028.0
2026-08-03,2026-08-03 15:50:00,74.085,74.19,74.085,74.17,30173.0
2026-08-03,2026-08-03 15:55:00,74.16,74.19,74.0,74.15,92084.0
2026-08-03,2026-08-03 16:00:00,74.145,74.28,74.145,74.23,1005960.0
2026-08-04,2026-08-04 09:35:00,73.91,74.0,73.27,73.39,13750.0
2026-08-04,2026-08-04 09:40:00,73.5,73.71,73.5,73.69,6235.0
2026-08-04,2026-08-04 09:45:00,73.7,73.7,73.55,73.555,9271.0
2026-08-04,2026-08-04 09:50:00,73.57,73.62,73.39,73.565,18417.0
2026-08-04,2026-08-04 09:55:00,73.61,73.715,73.295,73.57,24902.0
2026-08-04,2026-08-04 10:00:00,73.66,73.865,73.63,73.765,31345.0
2026-08-04,2026-08-04 10:05:00,73.8025,73.9999,73.76,73.815,22758.0
2026-08-04,2026-08-04 10:10:00,73.835,74.32,73.835,74.04,65686.0
2026-08-04,2026-08-04 10:15:00,74.12,74.12,73.78,73.78,12517.0
2026-08-04,2026-08-04 10:20:00,73.78,73.99,73.77,73.955,13940.0
2026-08-04,2026-08-04 10:25:00,73.955,74.01,73.62,73.66,18563.0
2026-08-04,2026-08-04 10:30:00,73.635,73.66,73.54,73.555,13287.0
2026-08-04,2026-08-04 10:35:00,73.53,73.755,73.515,73.755,11657.0
2026-08-04,2026-08-04 10:40:00,73.7825,73.8,73.73,73.735,8704.0
2026-08-04,2026-08-04 10:45:00,73.71,73.84,73.71,73.77,8953.0
2026-08-04,2026-08-04 10:50:00,73.79,73.79,73.75,73.78,5875.0
2026-08-04,2026-08-04 10:55:00,73.79,73.8951,73.79,73.805,13947.0
2026-08-04,2026-08-04 11:00:00,73.8,74.01,73.8,73.98,6414.0
2026-08-04,2026-08-04 11:05:00,73.98,74.0,73.915,73.915,9766.0
2026-08-04,2026-08-04 11:10:00,73.91,73.95,73.86,73.87,13003.0
2026-08-04,2026-08-04 11:15:00,73.88,73.905,73.79,73.905,18349.0
2026-08-04,2026-08-04 11:20:00,73.905,74.08,73.905,74.07,9752.0
2026-08-04,2026-08-04 11:25:00,74.1,74.135,74.05,74.095,7783.0
2026-08-04,2026-08-04 11:30:00,74.105,74.15,74.095,74.1,6796.0
2026-08-04,2026-08-04 11:35:00,74.13,74.19,74.13,74.13,7770.0
2026-08-04,2026-08-04 11:40:00,74.135,74.135,74.04,74.1,8293.0
2026-08-04,2026-08-04 11:45:00,74.14,74.22,74.14,74.19,6663.0
2026-08-04,2026-08-04 11:50:00,74.23,74.245,74.2099,74.235,5553.0
2026-08-04,2026-08-04 11:55:00,74.22,74.265,74.17,74.24,12263.0
2026-08-04,2026-08-04 12:00:00,74.255,74.44,74.255,74.385,7964.0
2026-08-04,2026-08-04 12:05:00,74.39,74.485,74.39,74.47,6377.0
2026-08-04,2026-08-04 12:10:00,74.455,74.745,74.405,74.745,23651.0
2026-08-04,2026-08-04 12:15:00,74.745,74.765,74.455,74.455,54280.0
2026-08-04,2026-08-04 12:20:00,74.45,74.54,74.45,74.51,7524.0
2026-08-04,2026-08-04 12:25:00,74.53,74.63,74.495,74.63,6364.0
2026-08-04,2026-08-04 12:30:00,74.605,74.605,74.52,74.555,4679.0
2026-08-04,2026-08-04 12:35:00,74.555,74.635,74.53,74.61,5697.0
2026-08-04,2026-08-04 12:40:00,74.63,74.63,74.58,74.585,5497.0
2026-08-04,2026-08-04 12:45:00,74.57,74.57,74.5,74.55,6717.0
2026-08-04,2026-08-04 12:50:00,74.51,74.65,74.4825,74.65,14964.0
2026-08-04,2026-08-04 12:55:00,74.65,74.695,74.63,74.68,8111.0
2026-08-04,2026-08-04 13:00:00,74.69,74.69,74.61,74.61,7668.0
2026-08-04,2026-08-04 13:05:00,74.63,74.68,74.63,74.68,5890.0
2026-08-04,2026-08-04 13:10:00,74.6975,74.6975,74.58,74.64,24464.0
2026-08-04,2026-08-04 13:15:00,74.635,74.665,74.6,74.665,7976.0
2026-08-04,2026-08-04 13:20:00,74.66,74.71,74.66,74.69,5596.0
2026-08-04,2026-08-04 13:25:00,74.67,74.67,74.54,74.54,6965.0
2026-08-04,2026-08-04 13:30:00,74.545,74.575,74.46,74.46,9127.0
2026-08-04,2026-08-04 13:35:00,74.45,74.49,74.385,74.475,6591.0
2026-08-04,2026-08-04 13:40:00,74.455,74.5,74.395,74.395,5251.0
2026-08-04,2026-08-04 13:45:00,74.43,74.45,74.43,74.435,3686.0
2026-08-04,2026-08-04 13:50:00,74.435,74.47,74.375,74.43,10378.0
2026-08-04,2026-08-04 13:55:00,74.36,74.385,74.295,74.385,4114.0
2026-08-04,2026-08-04 14:00:00,74.38,74.4,74.325101,74.35,6957.0
2026-08-04,2026-08-04 14:05:00,74.33,74.3742,74.31,74.31,17047.0
2026-08-04,2026-08-04 14:10:00,74.32,74.39,74.32,74.39,6780.0
2026-08-04,2026-08-04 14:15:00,74.4,74.455,74.3823,74.455,6401.0
2026-08-04,2026-08-04 14:20:00,74.47,74.4999,74.41,74.41,7971.0
2026-08-04,2026-08-04 14:25:00,74.4099,74.44,74.39,74.405,9604.0
2026-08-04,2026-08-04 14:30:00,74.405,74.42,74.36,74.4,11396.0
2026-08-04,2026-08-04 14:35:00,74.4,74.42,74.37,74.42,6611.0
2026-08-04,2026-08-04 14:40:00,74.42,74.51,74.41,74.47,7683.0
2026-08-04,2026-08-04 14:45:00,74.455,74.455,74.42,74.43,6968.0
2026-08-04,2026-08-04 14:50:00,74.44,74.45,74.385,74.43,6312.0
2026-08-04,2026-08-04 14:55:00,74.4101,74.44,74.37,74.385,6732.0
2026-08-04,2026-08-04 15:00:00,74.35,74.38,74.3,74.32,7971.0
2026-08-04,2026-08-04 15:05:00,74.345,74.435,74.345,74.435,11514.0
2026-08-04,2026-08-04 15:10:00,74.42,74.4747,74.41,74.42,12538.0
2026-08-04,2026-08-04 15:15:00,74.43,74.45,74.392,74.45,7523.0
2026-08-04,2026-08-04 15:20:00,74.43,74.54,74.425,74.54,9732.0
2026-08-04,2026-08-04 15:25:00,74.55,74.605,74.515,74.53,14621.0
2026-08-04,2026-08-04 15:30:00,74.52,74.545,74.5,74.53,12015.0
2026-08-04,2026-08-04 15:35:00,74.535,74.6199,74.5,74.59,17898.0
2026-08-04,2026-08-04 15:40:00,74.585,74.71,74.58,74.705,15071.0
2026-08-04,2026-08-04 15:45:00,74.69,74.74,74.65,74.72,20909.0
2026-08-04,2026-08-04 15:50:00,74.725,74.78,74.69,74.75,23601.0
2026-08-04,2026-08-04 15:55:00,74.77,74.8,74.63,74.68,62795.0
2026-08-04,2026-08-04 16:00:00,74.65,74.79,74.62,74.69,939117.0
2026-08-05,2026-08-05 09:35:00,74.745,74.89,74.3,74.38,16526.0
2026-08-05,2026-08-05 09:40:00,74.4,74.75,74.4,74.5,9469.0
2026-08-05,2026-08-05 09:45:00,74.42,74.475,74.185,74.185,3362.0
2026-08-05,2026-08-05 09:50:00,74.39,74.41,74.18,74.195,4457.0
2026-08-05,2026-08-05 09:55:00,74.18,74.205,73.97,74.205,26897.0
2026-08-05,2026-08-05 10:00:00,74.25,74.25,74.105,74.135,14201.0
2026-08-05,2026-08-05 10:05:00,74.11,74.665,73.91,74.575,43992.0
2026-08-05,2026-08-05 10:10:00,74.56,74.63,74.43,74.46,7758.0
2026-08-05,2026-08-05 10:15:00,74.48,74.84,74.48,74.84,7652.0
2026-08-05,2026-08-05 10:20:00,74.84,74.845,74.77,74.78,5349.0
2026-08-05,2026-08-05 10:25:00,74.82,75.0,74.82,75.0,12522.0
2026-08-05,2026-08-05 10:30:00,75.02,75.02,74.83,74.83,32884.0
2026-08-05,2026-08-05 10:35:00,74.8101,74.87,74.78,74.8,21979.0
2026-08-05,2026-08-05 10:40:00,74.825,74.8439,74.68,74.78,6373.0
2026-08-05,2026-08-05 10:45:00,74.73,74.76,74.68,74.69,4548.0
2026-08-05,2026-08-05 10:50:00,74.7,74.74,74.44,74.52,56282.0
2026-08-05,2026-08-05 10:55:00,74.53,74.56,74.47,74.52,5148.0
2026-08-05,2026-08-05 11:00:00,74.52,74.56,74.52,74.53,9532.0
2026-08-05,2026-08-05 11:05:00,74.535,74.58,74.435,74.495,31540.0
2026-08-05,2026-08-05 11:10:00,74.495,74.495,74.4,74.44,8626.0
2026-08-05,2026-08-05 11:15:00,74.44,74.46,74.42,74.42,4343.0
2026-08-05,2026-08-05 11:20:00,74.4,74.41,74.2,74.2,8528.0
2026-08-05,2026-08-05 11:25:00,74.225,74.225,74.045,74.06,3527.0
2026-08-05,2026-08-05 11:30:00,74.055,74.13,74.04,74.13,8122.0
2026-08-05,2026-08-05 11:35:00,74.14,74.19,74.11,74.15,4432.0
2026-08-05,2026-08-05 11:40:00,74.13,74.15,73.82,73.915,12928.0
2026-08-05,2026-08-05 11:45:00,74.025,74.22,74.025,74.22,11241.0
2026-08-05,2026-08-05 11:50:00,74.19,74.195,74.095,74.1,20929.0
2026-08-05,2026-08-05 11:55:00,74.1,74.195,74.06,74.155,14898.0
2026-08-05,2026-08-05 12:00:00,74.17,74.17,74.115,74.115,4214.0
2026-08-05,2026-08-05 12:05:00,74.15,74.29,74.12,74.285,9912.0
2026-08-05,2026-08-05 12:10:00,74.275,74.28,74.22,74.26,5437.0
2026-08-05,2026-08-05 12:15:00,74.29,74.37,74.28,74.28,8028.0
2026-08-05,2026-08-05 12:20:00,74.27,74.32,74.2201,74.285,22181.0
2026-08-05,2026-08-05 12:25:00,74.295,74.355,74.29,74.32,8041.0
2026-08-05,2026-08-05 12:30:00,74.3,74.42,74.3,74.42,4950.0
2026-08-05,2026-08-05 12:35:00,74.395,74.395,74.325,74.325,5511.0
2026-08-05,2026-08-05 12:40:00,74.305,74.35,74.305,74.31,5448.0
2026-08-05,2026-08-05 12:45:00,74.305,74.345,74.24,74.31,8119.0
2026-08-05,2026-08-05 12:50:00,74.32,74.38,74.315,74.38,5559.0
2026-08-05,2026-08-05 12:55:00,74.38,74.46,74.38,74.405,4540.0
2026-08-05,2026-08-05 13:00:00,74.405,74.42,74.37,74.39,5147.0
2026-08-05,2026-08-05 13:05:00,74.4,74.43,74.3,74.335,12792.0
2026-08-05,2026-08-05 13:10:00,74.32,74.44,74.32,74.38,14529.0
2026-08-05,2026-08-05 13:15:00,74.38,74.4,74.33,74.34,8287.0
2026-08-05,2026-08-05 13:20:00,74.34,74.34,74.265,74.265,8887.0
2026-08-05,2026-08-05 13:25:00,74.23,74.26,74.19,74.235,6016.0
2026-08-05,2026-08-05 13:30:00,74.23,74.28,74.23,74.26,6098.0
2026-08-05,2026-08-05 13:35:00,74.265,74.31,74.21,74.24,8389.0
2026-08-05,2026-08-05 13:40:00,74.255,74.27,74.24,74.27,8489.0
2026-08-05,2026-08-05 13:45:00,74.28,74.3,74.2412,74.27,5539.0
2026-08-05,2026-08-05 13:50:00,74.26,74.29,74.2301,74.2701,4469.0
2026-08-05,2026-08-05 13:55:00,74.285,74.38,74.275,74.28,7253.0
2026-08-05,2026-08-05 14:00:00,74.3,74.31,74.255,74.305,7443.0
2026-08-05,2026-08-05 14:05:00,74.28,74.28,74.26,74.28,9037.0
2026-08-05,2026-08-05 14:10:00,74.3,74.33,74.285,74.3,6074.0
2026-08-05,2026-08-05 14:15:00,74.305,74.33,74.3,74.305,5692.0
2026-08-05,2026-08-05 14:20:00,74.29,74.36,74.29,74.3075,6671.0
2026-08-05,2026-08-05 14:25:00,74.33,74.44,74.33,74.42,6399.0
2026-08-05,2026-08-05 14:30:00,74.415,74.45,74.365,74.39,9241.0
2026-08-05,2026-08-05 14:35:00,74.43,74.44,74.36,74.36,11897.0
2026-08-05,2026-08-05 14:40:00,74.37,74.42,74.35,74.37,9286.0
2026-08-05,2026-08-05 14:45:00,74.39,74.42,74.38,74.39,8287.0
2026-08-05,2026-08-05 14:50:00,74.41,74.5494,74.41,74.5494,9146.0
2026-08-05,2026-08-05 14:55:00,74.53,74.54,74.45,74.49,9539.0
2026-08-05,2026-08-05 15:00:00,74.49,74.49,74.44,74.44,7724.0
2026-08-05,2026-08-05 15:05:00,74.44,74.505,74.43,74.505,8827.0
2026-08-05,2026-08-05 15:10:00,74.5075,74.53,74.44,74.45,11083.0
2026-08-05,2026-08-05 15:15:00,74.45,74.48,74.435,74.48,9259.0
2026-08-05,2026-08-05 15:20:00,74.49,74.495,74.45,74.47,9800.0
2026-08-05,2026-08-05 15:25:00,74.49,74.53,74.43,74.47,12526.0
2026-08-05,2026-08-05 15:30:00,74.48,74.49,74.455,74.48,10054.0
2026-08-05,2026-08-05 15:35:00,74.49,74.51,74.43,74.51,13750.0
2026-08-05,2026-08-05 15:40:00,74.52,74.63,74.51,74.63,16921.0
2026-08-05,2026-08-05 15:45:00,74.65,74.85,74.56,74.85,29892.0
2026-08-05,2026-08-05 15:50:00,74.85,74.93,74.8,74.815,38101.0
2026-08-05,2026-08-05 15:55:00,74.8,74.83,74.68,74.715,43160.0
2026-08-05,2026-08-05 16:00:00,74.67,74.88,74.59,74.84,556124.0
2026-08-06,2026-08-06 09:35:00,75.0,75.13,74.88,74.88,22252.0
2026-08-06,2026-08-06 09:40:00,74.74,74.74,74.23,74.23,9055.0
2026-08-06,2026-08-06 09:45:00,74.1875,74.2,73.97,74.01,8662.0
2026-08-06,2026-08-06 09:50:00,74.035,74.13,73.91,73.92,8121.0
2026-08-06,2026-08-06 09:55:00,73.93,74.28,73.86,74.28,12738.0
2026-08-06,2026-08-06 10:00:00,74.26,74.32,74.22,74.23,8681.0
2026-08-06,2026-08-06 10:05:00,74.3,74.5,74.22,74.5,9039.0
2026-08-06,2026-08-06 10:10:00,74.45,74.46,74.09,74.11,16479.0
2026-08-06,2026-08-06 10:15:00,74.085,74.12,73.87,74.005,25102.0
2026-08-06,2026-08-06 10:20:00,74.07,74.15,73.87,73.91,20845.0
2026-08-06,2026-08-06 10:25:00,73.94,74.095,73.91,73.99,19085.0
2026-08-06,2026-08-06 10:30:00,73.995,74.05,73.96,74.02,4677.0
2026-08-06,2026-08-06 10:35:00,74.02,74.04,73.87,73.875,5998.0
2026-08-06,2026-08-06 10:40:00,73.865,74.075,73.84,74.075,28698.0
2026-08-06,2026-08-06 10:45:00,74.075,74.155,74.0,74.14,26966.0
2026-08-06,2026-08-06 10:50:00,74.14,74.31,74.09,74.135,11879.0
2026-08-06,2026-08-06 10:55:00,74.1,74.11,73.99,74.015,7253.0
2026-08-06,2026-08-06 11:00:00,74.04,74.07,73.9425,74.0351,19300.0
2026-08-06,2026-08-06 11:05:00,73.99,74.245,73.99,74.19,16770.0
2026-08-06,2026-08-06 11:10:00,74.23,74.31,74.205,74.265,11008.0
2026-08-06,2026-08-06 11:15:00,74.23,74.245,74.125,74.2,23519.0
2026-08-06,2026-08-06 11:20:00,74.18,74.2,74.125,74.16,6623.0
2026-08-06,2026-08-06 11:25:00,74.16,74.18,74.11,74.18,10173.0
2026-08-06,2026-08-06 11:30:00,74.18,74.24,74.105,74.155,16506.0
2026-08-06,2026-08-06 11:35:00,74.155,74.25,74.14,74.25,8477.0
2026-08-06,2026-08-06 11:40:00,74.26,74.26,74.185,74.22,9025.0
2026-08-06,2026-08-06 11:45:00,74.22,74.25,74.19,74.205,13455.0
2026-08-06,2026-08-06 11:50:00,74.23,74.24,74.13,74.165,17776.0
2026-08-06,2026-08-06 11:55:00,74.16,74.23,74.155,74.16,31167.0
2026-08-06,2026-08-06 12:00:00,74.135,74.14,74.07,74.1,14964.0
2026-08-06,2026-08-06 12:05:00,74.11,74.19,74.1,74.115,12670.0
2026-08-06,2026-08-06 12:10:00,74.115,74.19,74.11,74.115,18185.0
2026-08-06,2026-08-06 12:15:00,74.115,74.21,74.1,74.21,11303.0
2026-08-06,2026-08-06 12:20:00,74.21,74.235,74.15,74.15,10625.0
2026-08-06,2026-08-06 12:25:00,74.18,74.275,74.18,74.21,19878.0
2026-08-06,2026-08-06 12:30:00,74.185,74.2,74.145,74.19,16884.0
2026-08-06,2026-08-06 12:35:00,74.19,74.23,74.13,74.13,11817.0
2026-08-06,2026-08-06 12:40:00,74.14,74.15,74.06,74.06,9155.0
2026-08-06,2026-08-06 12:45:00,74.04,74.04,73.96,74.03,14190.0
2026-08-06,2026-08-06 12:50:00,74.05,74.115,74.05,74.1,8750.0
2026-08-06,2026-08-06 12:55:00,74.09,74.09,73.965,73.965,6465.0
2026-08-06,2026-08-06 13:00:00,73.93,74.025,73.9,74.0,24758.0
2026-08-06,2026-08-06 13:05:00,73.995,74.0,73.9,73.93,5149.0
2026-08-06,2026-08-06 13:10:00,73.97,73.975,73.9,73.9,5767.0
2026-08-06,2026-08-06 13:15:00,73.9,73.94,73.9,73.925,3227.0
2026-08-06,2026-08-06 13:20:00,73.94,73.97,73.92,73.93,5814.0
2026-08-06,2026-08-06 13:25:00,73.9,73.93,73.845,73.865,5936.0
2026-08-06,2026-08-06 13:30:00,73.865,73.865,73.82,73.85,4727.0
2026-08-06,2026-08-06 13:35:00,73.86,73.97,73.86,73.97,8808.0
2026-08-06,2026-08-06 13:40:00,73.99,74.04,73.99,74.04,49140.0
2026-08-06,2026-08-06 13:45:00,74.03,74.165,74.0,74.15,88369.0
2026-08-06,2026-08-06 13:50:00,74.15,74.155,73.985,74.0,81683.0
2026-08-06,2026-08-06 13:55:00,74.0,74.015,73.97,73.97,42959.0
2026-08-06,2026-08-06 14:00:00,73.97,73.98,73.938293,73.95,7824.0
2026-08-06,2026-08-06 14:05:00,73.96,74.0,73.935,73.985,21807.0
2026-08-06,2026-08-06 14:10:00,73.985,74.0,73.96,73.99,12226.0
2026-08-06,2026-08-06 14:15:00,73.98,73.995,73.93,73.995,8988.0
2026-08-06,2026-08-06 14:20:00,74.0,74.0,73.88,73.905,33375.0
2026-08-06,2026-08-06 14:25:00,73.91,73.93,73.86,73.86,6691.0
2026-08-06,2026-08-06 14:30:00,73.85,73.895,73.83,73.84,7600.0
2026-08-06,2026-08-06 14:35:00,73.84,73.86,73.82,73.86,9312.0
2026-08-06,2026-08-06 14:40:00,73.865,73.89,73.765,73.8,37304.0
2026-08-06,2026-08-06 14:45:00,73.8,73.8,73.715,73.725,12847.0
2026-08-06,2026-08-06 14:50:00,73.73,73.73,73.67,73.71,11386.0
2026-08-06,2026-08-06 14:55:00,73.71,73.81,73.68,73.8,16601.0
2026-08-06,2026-08-06 15:00:00,73.8,73.8,73.76,73.78,9282.0
2026-08-06,2026-08-06 15:05:00,73.78,73.805,73.77,73.78,9906.0
2026-08-06,2026-08-06 15:10:00,73.75,73.79,73.6501,73.67,15107.0
2026-08-06,2026-08-06 15:15:00,73.67,73.67,73.54,73.595,44270.0
2026-08-06,2026-08-06 15:20:00,73.61,73.685,73.56,73.58,20409.0
2026-08-06,2026-08-06 15:25:00,73.585,73.66,73.5118,73.645,17646.0
2026-08-06,2026-08-06 15:30:00,73.63,73.63,73.56,73.62,14344.0
2026-08-06,2026-08-06 15:35:00,73.61,73.61,73.405,73.405,27797.0
2026-08-06,2026-08-06 15:40:00,73.42,73.455,73.4,73.41,16350.0
2026-08-06,2026-08-06 15:45:00,73.405,73.41,73.31,73.31,16351.0
2026-08-06,2026-08-06 15:50:00,73.32,73.35,73.23,73.295,25603.0
2026-08-06,2026-08-06 15:55:00,73.28,73.5,73.245,73.435,61120.0
2026-08-06,2026-08-06 16:00:00,73.42,73.48,73.285,73.32,465058.0
2026-08-07,2026-08-07 09:35:00,73.05,73.16,72.65,72.68,17937.0
2026-08-07,2026-08-07 09:40:00,72.69,73.35,72.6685,73.31,27016.0
2026-08-07,2026-08-07 09:45:00,73.33,73.35,73.11,73.23,33791.0
2026-08-07,2026-08-07 09:50:00,73.14,73.3,73.08,73.14,32270.0
2026-08-07,2026-08-07 09:55:00,73.22,73.37,73.2,73.245,8657.0
2026-08-07,2026-08-07 10:00:00,73.2,73.74,73.17,73.72,19779.0
2026-08-07,2026-08-07 10:05:00,73.76,73.91,73.68,73.885,9317.0
2026-08-07,2026-08-07 10:10:00,73.925,73.96,73.795,73.9,29606.0
2026-08-07,2026-08-07 10:15:00,73.885,74.09,73.885,74.05,27395.0
2026-08-07,2026-08-07 10:20:00,74.08,74.1,73.96,74.01,9632.0
2026-08-07,2026-08-07 10:25:00,73.995,74.22,73.995,74.22,14006.0
2026-08-07,2026-08-07 10:30:00,74.19,74.225,74.09,74.15,14337.0
2026-08-07,2026-08-07 10:35:00,74.17,74.32,74.17,74.266,15199.0
2026-08-07,2026-08-07 10:40:00,74.32,74.5,74.32,74.44,9506.0
2026-08-07,2026-08-07 10:45:00,74.44,74.58,74.44,74.485,10176.0
2026-08-07,2026-08-07 10:50:00,74.51,74.51,74.31,74.33,8408.0
2026-08-07,2026-08-07 10:55:00,74.37,74.45,74.37,74.415,10941.0
2026-08-07,2026-08-07 11:00:00,74.4101,74.45,74.38,74.395,34444.0
2026-08-07,2026-08-07 11:05:00,74.42,74.44,74.24,74.24,10033.0
2026-08-07,2026-08-07 11:10:00,74.2,74.2,74.165,74.175,6645.0
2026-08-07,2026-08-07 11:15:00,74.18,74.18,74.07,74.11,10435.0
2026-08-07,2026-08-07 11:20:00,74.1,74.1,73.89,73.92,25586.0
2026-08-07,2026-08-07 11:25:00,73.96,74.03,73.95,74.03,5705.0
2026-08-07,2026-08-07 11:30:00,74.01,74.04,73.99,74.04,3862.0
2026-08-07,2026-08-07 11:35:00,74.01,74.03,73.895,73.895,4824.0
2026-08-07,2026-08-07 11:40:00,73.9,73.97,73.9,73.95,8140.0
2026-08-07,2026-08-07 11:45:00,73.9,73.91,73.77,73.78,4057.0
2026-08-07,2026-08-07 11:50:00,73.785,73.82,73.76,73.775,5733.0
2026-08-07,2026-08-07 11:55:00,73.8,73.83,73.8,73.8,4666.0
2026-08-07,2026-08-07 12:00:00,73.81,73.82,73.7515,73.765,4197.0
2026-08-07,2026-08-07 12:05:00,73.75,73.86,73.75,73.86,5890.0
2026-08-07,2026-08-07 12:10:00,73.88,73.88,73.84,73.87,5363.0
2026-08-07,2026-08-07 12:15:00,73.87,73.965,73.87,73.95,5084.0
2026-08-07,2026-08-07 12:20:00,73.955,74.0108,73.92,73.965,12428.0
2026-08-07,2026-08-07 12:25:00,73.95,74.0,73.95,74.0,3166.0
2026-08-07,2026-08-07 12:30:00,74.0,74.0,73.95,73.97,5417.0
2026-08-07,2026-08-07 12:35:00,73.98,74.02,73.925,73.925,22806.0
2026-08-07,2026-08-07 12:40:00,73.92,74.13,73.92,74.1,48718.0
2026-08-07,2026-08-07 12:45:00,74.125,74.25,74.125,74.24,5739.0
2026-08-07,2026-08-07 12:50:00,74.23,74.25,74.155,74.155,8316.0
2026-08-07,2026-08-07 12:55:00,74.16,74.17,74.05,74.085,7704.0
2026-08-07,2026-08-07 13:00:00,74.05,74.105,74.05,74.1,4841.0
2026-08-07,2026-08-07 13:05:00,74.11,74.15,74.1,74.12,12579.0
2026-08-07,2026-08-07 13:10:00,74.11,74.19,74.1,74.15,8995.0
2026-08-07,2026-08-07 13:15:00,74.17,74.2,74.15,74.18,5971.0
2026-08-07,2026-08-07 13:20:00,74.18,74.185,74.13,74.135,7179.0
2026-08-07,2026-08-07 13:25:00,74.15,74.18,74.1,74.1,28436.0
2026-08-07,2026-08-07 13:30:00,74.105,74.19,74.105,74.16,30288.0
2026-08-07,2026-08-07 13:35:00,74.15,74.17,74.14,74.14,13206.0
2026-08-07,2026-08-07 13:40:00,74.14,74.17,74.115,74.15,9954.0
2026-08-07,2026-08-07 13:45:00,74.17,74.25,74.16,74.23,17771.0
2026-08-07,2026-08-07 13:50:00,74.23,74.23,74.175,74.175,3271.0
2026-08-07,2026-08-07 13:55:00,74.19,74.23,74.175,74.19,5587.0
2026-08-07,2026-08-07 14:00:00,74.22,74.24,74.21,74.23,6074.0
2026-08-07,2026-08-07 14:05:00,74.23,74.23,74.195,74.21,5218.0
2026-08-07,2026-08-07 14:10:00,74.15,74.179,74.14,74.155,6363.0
2026-08-07,2026-08-07 14:15:00,74.16,74.16,74.115,74.135,6733.0
2026-08-07,2026-08-07 14:20:00,74.135,74.18,74.135,74.155,5529.0
2026-08-07,2026-08-07 14:25:00,74.15,74.19,74.11,74.125,8320.0
2026-08-07,2026-08-07 14:30:00,74.1488,74.17,74.115,74.17,9063.0
2026-08-07,2026-08-07 14:35:00,74.175,74.175,74.085,74.13,8369.0
2026-08-07,2026-08-07 14:40:00,74.135,74.135,74.07,74.08,7079.0
2026-08-07,2026-08-07 14:45:00,74.08,74.13,74.06,74.06,9769.0
2026-08-07,2026-08-07 14:50:00,74.06,74.08,74.045,74.075,8075.0
2026-08-07,2026-08-07 14:55:00,74.07,74.1,74.07,74.09,9833.0
2026-08-07,2026-08-07 15:00:00,74.08,74.15,74.08,74.125,8866.0
2026-08-07,2026-08-07 15:05:00,74.14,74.15,74.05,74.07,11563.0
2026-08-07,2026-08-07 15:10:00,74.08,74.1,74.065,74.075,6718.0
2026-08-07,2026-08-07 15:15:00,74.08,74.14,74.06,74.1225,28202.0
2026-08-07,2026-08-07 15:20:00,74.125,74.14,74.1,74.12,19193.0
2026-08-07,2026-08-07 15:25:00,74.13,74.275,74.12,74.275,51828.0
2026-08-07,2026-08-07 15:30:00,74.27,74.305,74.27,74.27,14199.0
2026-08-07,2026-08-07 15:35:00,74.27,74.34,74.24,74.275,20434.0
2026-08-07,2026-08-07 15:40:00,74.28,74.35,74.26,74.34,15711.0
2026-08-07,2026-08-07 15:45:00,74.34,74.405,74.31,74.405,23498.0
2026-08-07,2026-08-07 15:50:00,74.4,74.45,74.355,74.43,27750.0
2026-08-07,2026-08-07 15:55:00,74.42,74.43,74.21,74.225,65958.0
2026-08-07,2026-08-07 16:00:00,74.21,74.31,74.165,74.23,432151.0
2026-08-10,2026-08-10 09:35:00,74.23,74.9,74.2,74.805,38449.0
2026-08-10,2026-08-10 09:40:00,74.6866,76.45,74.6866,76.2545,46407.0
2026-08-10,2026-08-10 09:45:00,76.28,76.6,76.06,76.26,92327.0
2026-08-10,2026-08-10 09:50:00,76.26,76.32,75.54,75.615,49800.0
2026-08-10,2026-08-10 09:55:00,75.56,75.56,74.98,75.47,32957.0
2026-08-10,2026-08-10 10:00:00,75.52,75.55,75.33,75.445,11954.0
2026-08-10,2026-08-10 10:05:00,75.445,75.53,75.27,75.53,19132.0
2026-08-10,2026-08-10 10:10:00,75.49,75.55,75.29,75.5,15938.0
2026-08-10,2026-08-10 10:15:00,75.34,75.405,75.26,75.26,14120.0
2026-08-10,2026-08-10 10:20:00,75.35,75.56,75.27,75.45,20849.0
2026-08-10,2026-08-10 10:25:00,75.535,75.535,75.345,75.4105,20557.0
2026-08-10,2026-08-10 10:30:00,75.44,75.44,75.32,75.36,15851.0
2026-08-10,2026-08-10 10:35:00,75.31,75.44,75.225,75.44,26014.0
2026-08-10,2026-08-10 10:40:00,75.435,75.47,75.33,75.46,17071.0
2026-08-10,2026-08-10 10:45:00,75.465,75.63,75.465,75.58,13427.0
2026-08-10,2026-08-10 10:50:00,75.66,75.91,75.59,75.74,26868.0
2026-08-10,2026-08-10 10:55:00,75.74,75.84,75.63,75.805,22903.0
2026-08-10,2026-08-10 11:00:00,75.82,75.87,75.75,75.76,46992.0
2026-08-10,2026-08-10 11:05:00,75.75,75.79,75.67,75.72,23334.0
2026-08-10,2026-08-10 11:10:00,75.72,75.83,75.68,75.74,17323.0
2026-08-10,2026-08-10 11:15:00,75.68,75.875,75.64,75.875,9728.0
2026-08-10,2026-08-10 11:20:00,75.885,75.885,75.76,75.765,10373.0
2026-08-10,2026-08-10 11:25:00,75.77,75.86,75.77,75.825,11855.0
2026-08-10,2026-08-10 11:30:00,75.8,75.825,75.72,75.73,14900.0
2026-08-10,2026-08-10 11:35:00,75.705,75.78,75.67,75.67,13196.0
2026-08-10,2026-08-10 11:40:00,75.67,75.7,75.63,75.645,10062.0
2026-08-10,2026-08-10 11:45:00,75.63,75.635,75.55,75.59,10731.0
2026-08-10,2026-08-10 11:50:00,75.59,75.6399,75.55,75.55,11700.0
2026-08-10,2026-08-10 11:55:00,75.565,75.59,75.495,75.495,10183.0
2026-08-10,2026-08-10 12:00:00,75.495,75.56,75.455,75.56,12685.0
2026-08-10,2026-08-10 12:05:00,75.56,75.56,75.45,75.45,13798.0
2026-08-10,2026-08-10 12:10:00,75.47,75.54,75.44,75.535,17485.0
2026-08-10,2026-08-10 12:15:00,75.552,75.645,75.55,75.61,9810.0
2026-08-10,2026-08-10 12:20:00,75.58,75.62,75.49,75.49,19047.0
2026-08-10,2026-08-10 12:25:00,75.49,75.49,75.35,75.47,18241.0
2026-08-10,2026-08-10 12:30:00,75.485,75.54,75.43,75.505,17121.0
2026-08-10,2026-08-10 12:35:00,75.505,75.505,75.31,75.445,27764.0
2026-08-10,2026-08-10 12:40:00,75.445,75.555,75.445,75.515,40451.0
2026-08-10,2026-08-10 12:45:00,75.51,75.62,75.48,75.59,29092.0
2026-08-10,2026-08-10 12:50:00,75.555,75.58,75.42,75.47,16071.0
2026-08-10,2026-08-10 12:55:00,75.46,75.695,75.46,75.64,7742.0
2026-08-10,2026-08-10 13:00:00,75.66,75.75,75.65,75.68,26344.0
2026-08-10,2026-08-10 13:05:00,75.68,75.68,75.6,75.635,10843.0
2026-08-10,2026-08-10 13:10:00,75.635,75.88,75.6,75.815,16594.0
2026-08-10,2026-08-10 13:15:00,75.82,75.83,75.75,75.775,9245.0
2026-08-10,2026-08-10 13:20:00,75.775,75.84,75.76,75.785,15304.0
2026-08-10,2026-08-10 13:25:00,75.76,75.815,75.76,75.79,8385.0
2026-08-10,2026-08-10 13:30:00,75.79,75.9,75.79,75.875,10137.0
2026-08-10,2026-08-10 13:35:00,75.9,76.0,75.89,75.98,13863.0
2026-08-10,2026-08-10 13:40:00,75.975,76.01,75.95,75.96,6503.0
2026-08-10,2026-08-10 13:45:00,75.97,76.05,75.94,76.03,20630.0
2026-08-10,2026-08-10 13:50:00,76.0,76.0,75.8985,75.965,20091.0
2026-08-10,2026-08-10 13:55:00,75.965,75.965,75.91,75.91,9567.0
2026-08-10,2026-08-10 14:00:00,75.91,75.93,75.87,75.9,8485.0
2026-08-10,2026-08-10 14:05:00,75.9,75.97,75.9,75.95,15740.0
2026-08-10,2026-08-10 14:10:00,75.92,76.0,75.9,75.9699,15235.0
2026-08-10,2026-08-10 14:15:00,75.95,76.01,75.91,76.0,17206.0
2026-08-10,2026-08-10 14:20:00,75.99,76.02,75.95,75.98,32988.0
2026-08-10,2026-08-10 14:25:00,75.96,76.18,75.96,76.175,61898.0
2026-08-10,2026-08-10 14:30:00,76.16,76.175,76.13,76.135,8630.0
2026-08-10,2026-08-10 14:35:00,76.12,76.1999,76.08,76.15,13231.0
2026-08-10,2026-08-10 14:40:00,76.1421,76.335,76.1421,76.335,11315.0
2026-08-10,2026-08-10 14:45:00,76.335,76.41,76.335,76.36,11635.0
2026-08-10,2026-08-10 14:50:00,76.38,76.42,76.26,76.27,19077.0
2026-08-10,2026-08-10 14:55:00,76.16,76.16,76.04,76.105,25026.0
2026-08-10,2026-08-10 15:00:00,76.12,76.14,76.1,76.14,12205.0
2026-08-10,2026-08-10 15:05:00,76.13,76.13,76.07,76.07,11158.0
2026-08-10,2026-08-10 15:10:00,76.07,76.11,76.06,76.09,22631.0
2026-08-10,2026-08-10 15:15:00,76.09,76.16,76.03,76.125,29468.0
2026-08-10,2026-08-10 15:20:00,76.16,76.16,76.11,76.15,16332.0
2026-08-10,2026-08-10 15:25:00,76.15,76.15,76.08,76.09,20312.0
2026-08-10,2026-08-10 15:30:00,76.1,76.11,76.01,76.02,12772.0
2026-08-10,2026-08-10 15:35:00,76.02,76.04,75.93,76.04,32622.0
2026-08-10,2026-08-10 15:40:00,76.04,76.055,76.0,76.055,30021.0
2026-08-10,2026-08-10 15:45:00,76.065,76.125,76.065,76.12,43157.0
2026-08-10,2026-08-10 15:50:00,76.11,76.155,76.095,76.095,53348.0
2026-08-10,2026-08-10 15:55:00,76.1,76.21,75.995,76.125,147941.0
2026-08-10,2026-08-10 16:00:00,76.1,76.35,75.965,76.32,600141.0
2026-08-11,2026-08-11 09:35:00,76.32,76.76,76.2,76.56,29428.0
2026-08-11,2026-08-11 09:40:00,76.56,76.75,76.35,76.6,3836.0
2026-08-11,2026-08-11 09:45:00,76.575,76.93,76.47,76.855,23703.0
2026-08-11,2026-08-11 09:50:00,76.93,77.08,76.685,76.86,13037.0
2026-08-11,2026-08-11 09:55:00,76.84,77.16,76.84,77.16,4734.0
2026-08-11,2026-08-11 10:00:00,77.165,77.165,76.99,77.01,6150.0
2026-08-11,2026-08-11 10:05:00,77.02,77.113,76.995,77.11,11090.0
2026-08-11,2026-08-11 10:10:00,77.11,77.14,76.72,76.735,8203.0
2026-08-11,2026-08-11 10:15:00,76.78,76.91,76.6,76.91,12724.0
2026-08-11,2026-08-11 10:20:00,76.93,76.97,76.885,76.92,11640.0
2026-08-11,2026-08-11 10:25:00,76.95,77.0599,76.8,76.835,20399.0
2026-08-11,2026-08-11 10:30:00,76.86,76.96,76.815,76.815,15196.0
2026-08-11,2026-08-11 10:35:00,76.815,76.91,76.81,76.88,8162.0
2026-08-11,2026-08-11 10:40:00,76.88,77.11,76.88,77.1,6896.0
2026-08-11,2026-08-11 10:45:00,77.06,77.21,77.06,77.11,15911.0
2026-08-11,2026-08-11 10:50:00,77.11,77.11,77.02,77.07,10993.0
2026-08-11,2026-08-11 10:55:00,77.07,77.17,77.03,77.11,13675.0
2026-08-11,2026-08-11 11:00:00,77.1,77.1,76.98,77.07,12415.0
2026-08-11,2026-08-11 11:05:00,77.065,77.14,76.985,77.015,13378.0
2026-08-11,2026-08-11 11:10:00,77.05,77.095,77.025,77.08,7633.0
2026-08-11,2026-08-11 11:15:00,77.065,77.07,76.93,77.07,28743.0
2026-08-11,2026-08-11 11:20:00,77.04,77.04,76.885,76.89,11463.0
2026-08-11,2026-08-11 11:25:00,76.91,76.99,76.905,76.97,8706.0
2026-08-11,2026-08-11 11:30:00,76.96,76.96,76.865,76.875,13148.0
2026-08-11,2026-08-11 11:35:00,76.86,76.87,76.6951,76.6951,11076.0
2026-08-11,2026-08-11 11:40:00,76.6586,76.7699,76.6,76.63,9941.0
2026-08-11,2026-08-11 11:45:00,76.63,76.675,76.5401,76.67,5402.0
2026-08-11,2026-08-11 11:50:00,76.665,76.71,76.615,76.63,6592.0
2026-08-11,2026-08-11 11:55:00,76.6,76.64,76.58,76.6,4462.0
2026-08-11,2026-08-11 12:00:00,76.62,76.66,76.59,76.66,10330.0
2026-08-11,2026-08-11 12:05:00,76.665,76.9,76.6606,76.89,10377.0
2026-08-11,2026-08-11 12:10:00,76.89,76.935,76.87,76.89,10348.0
2026-08-11,2026-08-11 12:15:00,76.9,76.915,76.86,76.87,5156.0
2026-08-11,2026-08-11 12:20:00,76.86,76.99,76.85,76.95,6421.0
2026-08-11,2026-08-11 12:25:00,76.95,76.96,76.9,76.91,10272.0
2026-08-11,2026-08-11 12:30:00,76.92,76.92,76.891,76.91,6100.0
2026-08-11,2026-08-11 12:35:00,76.92,76.92,76.87,76.87,7719.0
2026-08-11,2026-08-11 12:40:00,76.88,76.88,76.78,76.78,6874.0
2026-08-11,2026-08-11 12:45:00,76.78,76.81,76.75,76.75,8708.0
2026-08-11,2026-08-11 12:50:00,76.76,76.76,76.71,76.71,5802.0
2026-08-11,2026-08-11 12:55:00,76.7,76.7,76.65,76.65,4118.0
2026-08-11,2026-08-11 13:00:00,76.64,76.66,76.605,76.63,8186.0
2026-08-11,2026-08-11 13:05:00,76.66,76.745,76.66,76.72,8391.0
2026-08-11,2026-08-11 13:10:00,76.72,76.72,76.67,76.7,5634.0
2026-08-11,2026-08-11 13:15:00,76.685,76.7,76.66,76.66,4575.0
2026-08-11,2026-08-11 13:20:00,76.67,76.675,76.64,76.67,7066.0
2026-08-11,2026-08-11 13:25:00,76.69,76.74,76.67,76.67,5664.0
2026-08-11,2026-08-11 13:30:00,76.672,76.75,76.64,76.695,17267.0
2026-08-11,2026-08-11 13:35:00,76.7,76.7,76.6699,76.67,5700.0
2026-08-11,2026-08-11 13:40:00,76.675,76.675,76.6205,76.66,6313.0
2026-08-11,2026-08-11 13:45:00,76.64,76.7,76.615,76.68,5382.0
2026-08-11,2026-08-11 13:50:00,76.69,76.73,76.69,76.71,6933.0
2026-08-11,2026-08-11 13:55:00,76.7,76.735,76.69,76.715,4324.0
2026-08-11,2026-08-11 14:00:00,76.72,76.875,76.705,76.85,37662.0
2026-08-11,2026-08-11 14:05:00,76.8351,76.8351,76.73,76.73,14547.0
2026-08-11,2026-08-11 14:10:00,76.73,76.8,76.73,76.8,5385.0
2026-08-11,2026-08-11 14:15:00,76.83,76.85,76.81,76.835,8473.0
2026-08-11,2026-08-11 14:20:00,76.83,76.89,76.83,76.89,7568.0
2026-08-11,2026-08-11 14:25:00,76.865,76.925,76.86,76.925,7418.0
2026-08-11,2026-08-11 14:30:00,76.94,76.96,76.8,76.82,24270.0
2026-08-11,2026-08-11 14:35:00,76.85,77.0,76.85,76.95,10976.0
2026-08-11,2026-08-11 14:40:00,76.97,77.05,76.965,76.99,18537.0
2026-08-11,2026-08-11 14:45:00,76.99,77.005,76.9601,77.005,9477.0
2026-08-11,2026-08-11 14:50:00,77.01,77.055,76.99,77.02,33593.0
2026-08-11,2026-08-11 14:55:00,77.005,77.06,76.99,77.03,24113.0
2026-08-11,2026-08-11 15:00:00,77.03,77.195,77.02,77.19,32281.0
2026-08-11,2026-08-11 15:05:00,77.2,77.23,77.01,77.1,26501.0
2026-08-11,2026-08-11 15:10:00,77.105,77.24,77.1,77.145,44616.0
2026-08-11,2026-08-11 15:15:00,77.145,77.185,77.13,77.18,7842.0
2026-08-11,2026-08-11 15:20:00,77.19,77.29,77.19,77.289,16192.0
2026-08-11,2026-08-11 15:25:00,77.29,77.38,77.275,77.335,15251.0
2026-08-11,2026-08-11 15:30:00,77.32,77.37,77.3,77.3,29133.0
2026-08-11,2026-08-11 15:35:00,77.3,77.36,77.28,77.36,30669.0
2026-08-11,2026-08-11 15:40:00,77.345,77.42,77.29,77.35,29103.0
2026-08-11,2026-08-11 15:45:00,77.355,77.37,77.245,77.245,24507.0
2026-08-11,2026-08-11 15:50:00,77.23,77.25,77.1,77.1,37936.0
2026-08-11,2026-08-11 15:55:00,77.09,77.09,76.935,76.935,57620.0
2026-08-11,2026-08-11 16:00:00,76.92,76.94,76.705,76.82,497522.0
2026-08-12,2026-08-12 09:35:00,76.34,76.56,75.695,76.0,19896.0
2026-08-12,2026-08-12 09:40:00,76.02,76.25,76.0,76.135,6215.0
2026-08-12,2026-08-12 09:45:00,76.12,76.21,75.73,75.73,9210.0
2026-08-12,2026-08-12 09:50:00,75.86,75.95,75.4,75.55,23314.0
2026-08-12,2026-08-12 09:55:00,75.4777,75.715,75.4777,75.55,10862.0
2026-08-12,2026-08-12 10:00:00,75.555,75.62,75.52,75.56,7971.0
2026-08-12,2026-08-12 10:05:00,75.62,75.63,75.41,75.58,30217.0
2026-08-12,2026-08-12 10:10:00,75.645,75.645,75.43,75.46,9989.0
2026-08-12,2026-08-12 10:15:00,75.48,75.54,75.37,75.465,13840.0
2026-08-12,2026-08-12 10:20:00,75.53,75.75,75.5,75.655,18806.0
2026-08-12,2026-08-12 10:25:00,75.7,75.855,75.64,75.83,12404.0
2026-08-12,2026-08-12 10:30:00,75.8,75.86,75.64,75.755,49364.0
2026-08-12,2026-08-12 10:35:00,75.755,75.8351,75.495,75.59,276937.0
2026-08-12,2026-08-12 10:40:00,75.59,75.6,75.5,75.565,33157.0
2026-08-12,2026-08-12 10:45:00,75.59,75.68,75.55,75.635,66241.0
2026-08-12,2026-08-12 10:50:00,75.635,75.68,75.51,75.58,25598.0
2026-08-12,2026-08-12 10:55:00,75.58,75.63,75.51,75.535,46694.0
2026-08-12,2026-08-12 11:00:00,75.535,75.62,75.535,75.595,24467.0
2026-08-12,2026-08-12 11:05:00,75.595,75.73,75.595,75.68,95840.0
2026-08-12,2026-08-12 11:10:00,75.635,75.77,75.55,75.77,193969.0
2026-08-12,2026-08-12 11:15:00,75.77,75.86,75.75,75.86,11861.0
2026-08-12,2026-08-12 11:20:00,75.87,76.03,75.87,75.905,21266.0
2026-08-12,2026-08-12 11:25:00,75.9,76.025,75.9,75.965,6036.0
2026-08-12,2026-08-12 11:30:00,75.99,76.045,75.95,76.01,7399.0
2026-08-12,2026-08-12 11:35:00,76.03,76.125,75.99,76.07,13388.0
2026-08-12,2026-08-12 11:40:00,76.07,76.07,75.94,75.98,14876.0
2026-08-12,2026-08-12 11:45:00,75.95,76.01,75.91,75.96,9966.0
2026-08-12,2026-08-12 11:50:00,75.985,76.08,75.985,76.07,12372.0
2026-08-12,2026-08-12 11:55:00,76.05,76.13,76.01,76.13,26482.0
2026-08-12,2026-08-12 12:00:00,76.12,76.2,76.12,76.16,7249.0
2026-08-12,2026-08-12 12:05:00,76.18,76.33,76.15,76.3,48256.0
2026-08-12,2026-08-12 12:10:00,76.305,76.35,76.29,76.29,9236.0
2026-08-12,2026-08-12 12:15:00,76.32,76.34,76.29,76.32,8174.0
2026-08-12,2026-08-12 12:20:00,76.34,76.37,76.27,76.27,11508.0
2026-08-12,2026-08-12 12:25:00,76.29,76.3,76.25,76.275,5567.0
2026-08-12,2026-08-12 12:30:00,76.275,76.29,76.21,76.24,10448.0
2026-08-12,2026-08-12 12:35:00,76.23,76.335,76.23,76.335,9237.0
2026-08-12,2026-08-12 12:40:00,76.34,76.41,76.34,76.395,8483.0
2026-08-12,2026-08-12 12:45:00,76.4063,76.46,76.395,76.43,7390.0
2026-08-12,2026-08-12 12:50:00,76.43,76.5,76.43,76.49,7401.0
2026-08-12,2026-08-12 12:55:00,76.48,76.53,76.48,76.51,7803.0
2026-08-12,2026-08-12 13:00:00,76.54,76.54,76.52,76.53,8728.0
2026-08-12,2026-08-12 13:05:00,76.52,76.5625,76.48,76.51,8846.0
2026-08-12,2026-08-12 13:10:00,76.48,76.675,76.48,76.67,12468.0
2026-08-12,2026-08-12 13:15:00,76.685,76.7,76.59,76.62,12517.0
2026-08-12,2026-08-12 13:20:00,76.615,76.62,76.45,76.46,27505.0
2026-08-12,2026-08-12 13:25:00,76.46,76.47,76.38,76.39,16470.0
2026-08-12,2026-08-12 13:30:00,76.39,76.44,76.39,76.39,18091.0
2026-08-12,2026-08-12 13:35:00,76.39,76.51,76.385,76.5,34078.0
2026-08-12,2026-08-12 13:40:00,76.51,76.6,76.49,76.595,17491.0
2026-08-12,2026-08-12 13:45:00,76.59,76.61,76.57,76.58,15151.0
2026-08-12,2026-08-12 13:50:00,76.58,76.61,76.54,76.54,15853.0
2026-08-12,2026-08-12 13:55:00,76.53,76.61,76.52,76.605,18682.0
2026-08-12,2026-08-12 14:00:00,76.6,76.62,76.565,76.6,20520.0
2026-08-12,2026-08-12 14:05:00,76.6,76.75,76.6,76.75,19896.0
2026-08-12,2026-08-12 14:10:00,76.71,76.75,76.71,76.74,15853.0
2026-08-12,2026-08-12 14:15:00,76.74,76.81,76.705,76.77,25345.0
2026-08-12,2026-08-12 14:20:00,76.76,76.85,76.735,76.825,15357.0
2026-08-12,2026-08-12 14:25:00,76.82,76.83,76.75,76.8,21628.0
2026-08-12,2026-08-12 14:30:00,76.8,76.8599,76.79,76.79,15252.0
2026-08-12,2026-08-12 14:35:00,76.79,76.9098,76.765,76.89,47263.0
2026-08-12,2026-08-12 14:40:00,76.9,76.965,76.9,76.93,14835.0
2026-08-12,2026-08-12 14:45:00,76.93,76.96,76.93,76.96,13716.0
2026-08-12,2026-08-12 14:50:00,76.96,76.985,76.91,76.96,20343.0
2026-08-12,2026-08-12 14:55:00,76.97,77.0,76.93,76.93,15086.0
2026-08-12,2026-08-12 15:00:00,76.93,76.95,76.91,76.94,21956.0
2026-08-12,2026-08-12 15:05:00,76.94,77.0,76.94,76.94,27122.0
2026-08-12,2026-08-12 15:10:00,76.92,76.95,76.91,76.945,20339.0
2026-08-12,2026-08-12 15:15:00,76.95,76.96,76.925,76.94,22938.0
2026-08-12,2026-08-12 15:20:00,76.94,76.985,76.915,76.965,23002.0
2026-08-12,2026-08-12 15:25:00,76.965,77.125,76.96,77.07,25457.0
2026-08-12,2026-08-12 15:30:00,77.07,77.07,77.01,77.06,19851.0
2026-08-12,2026-08-12 15:35:00,77.07,77.11,77.05,77.11,30470.0
2026-08-12,2026-08-12 15:40:00,77.12,77.19,77.095,77.13,26526.0
2026-08-12,2026-08-12 15:45:00,77.13,77.13,77.065,77.1,32020.0
2026-08-12,2026-08-12 15:50:00,77.105,77.105,76.9,76.92,62692.0
2026-08-12,2026-08-12 15:55:00,76.92,76.925,76.765,76.795,80010.0
2026-08-12,2026-08-12 16:00:00,76.79,76.83,76.63,76.73,700723.0
2026-08-13,2026-08-13 09:35:00,77.26,77.32,77.055,77.29,13639.0
2026-08-13,2026-08-13 09:40:00,77.27,77.37,76.955,77.33,11007.0
2026-08-13,2026-08-13 09:45:00,77.235,77.235,76.8,77.05,6398.0
2026-08-13,2026-08-13 09:50:00,77.035,77.06,76.59,76.89,27332.0
2026-08-13,2026-08-13 09:55:00,76.92,77.18359,76.8,77.15,10022.0
2026-08-13,2026-08-13 10:00:00,77.09,77.395,77.05,77.3275,9791.0
2026-08-13,2026-08-13 10:05:00,77.37,77.63,77.33,77.34,28780.0
2026-08-13,2026-08-13 10:10:00,77.355,77.64,77.355,77.61,8493.0
2026-08-13,2026-08-13 10:15:00,77.615,77.615,77.42,77.485,9219.0
2026-08-13,2026-08-13 10:20:00,77.52,77.58,77.35,77.58,25385.0
2026-08-13,2026-08-13 10:25:00,77.55,77.61,77.43,77.535,7004.0
2026-08-13,2026-08-13 10:30:00,77.5,77.55,77.3501,77.3501,9465.0
2026-08-13,2026-08-13 10:35:00,77.42,77.49,77.235,77.235,12741.0
2026-08-13,2026-08-13 10:40:00,77.235,77.32,77.14,77.145,19409.0
2026-08-13,2026-08-13 10:45:00,77.1,77.21,77.1,77.15,6145.0
2026-08-13,2026-08-13 10:50:00,77.11,77.13,76.96,76.975,13479.0
2026-08-13,2026-08-13 10:55:00,76.975,77.05,76.95,77.01,6924.0
2026-08-13,2026-08-13 11:00:00,77.06,77.2,77.05,77.2,35216.0
2026-08-13,2026-08-13 11:05:00,77.24,77.28,77.14,77.15,16210.0
2026-08-13,2026-08-13 11:10:00,77.17,77.185,76.97,76.99,10748.0
2026-08-13,2026-08-13 11:15:00,76.96,76.96,76.89,76.935,8728.0
2026-08-13,2026-08-13 11:20:00,76.935,76.95,76.86,76.95,21909.0
2026-08-13,2026-08-13 11:25:00,76.93,77.0,76.9101,76.95,7198.0
2026-08-13,2026-08-13 11:30:00,76.92,76.97,76.63,76.68,47262.0
2026-08-13,2026-08-13 11:35:00,76.72,76.79,76.65,76.76,12741.0
2026-08-13,2026-08-13 11:40:00,76.79,76.96,76.775,76.89,9491.0
2026-08-13,2026-08-13 11:45:00,76.94,77.0,76.915,76.945,6153.0
2026-08-13,2026-08-13 11:50:00,76.95,76.97,76.92,76.94,4922.0
2026-08-13,2026-08-13 11:55:00,76.94,77.01,76.91,76.935,9567.0
2026-08-13,2026-08-13 12:00:00,76.91,76.94,76.865,76.895,5710.0
2026-08-13,2026-08-13 12:05:00,76.88,76.9299,76.815,76.815,11598.0
2026-08-13,2026-08-13 12:10:00,76.845,76.8526,76.76,76.76,4838.0
2026-08-13,2026-08-13 12:15:00,76.74,76.74,76.68,76.68,4472.0
2026-08-13,2026-08-13 12:20:00,76.685,76.72,76.66,76.66,3247.0
2026-08-13,2026-08-13 12:25:00,76.6651,76.69,76.6035,76.63,6842.0
2026-08-13,2026-08-13 12:30:00,76.63,76.66,76.56,76.66,8083.0
2026-08-13,2026-08-13 12:35:00,76.645,76.67,76.64,76.67,6027.0
2026-08-13,2026-08-13 12:40:00,76.665,76.7,76.65,76.66,7328.0
2026-08-13,2026-08-13 12:45:00,76.675,76.6775,76.59,76.64,7600.0
2026-08-13,2026-08-13 12:50:00,76.59,76.64,76.59,76.59,5639.0
2026-08-13,2026-08-13 12:55:00,76.575,76.65,76.5501,76.64,8939.0
2026-08-13,2026-08-13 13:00:00,76.64,76.66,76.5601,76.61,8207.0
2026-08-13,2026-08-13 13:05:00,76.615,76.63,76.545,76.545,4424.0
2026-08-13,2026-08-13 13:10:00,76.54,76.62,76.535,76.57,8320.0
2026-08-13,2026-08-13 13:15:00,76.58,76.605,76.545,76.56,5613.0
2026-08-13,2026-08-13 13:20:00,76.57,76.57,76.53,76.545,3191.0
2026-08-13,2026-08-13 13:25:00,76.53,76.59,76.52,76.59,7567.0
2026-08-13,2026-08-13 13:30:00,76.56,76.56,76.515,76.53,4328.0
2026-08-13,2026-08-13 13:35:00,76.525,76.55,76.525,76.525,2620.0
2026-08-13,2026-08-13 13:40:00,76.55,76.57,76.42,76.5201,31786.0
2026-08-13,2026-08-13 13:45:00,76.515,76.55,76.5,76.5,6245.0
2026-08-13,2026-08-13 13:50:00,76.51,76.6,76.505,76.6,7548.0
2026-08-13,2026-08-13 13:55:00,76.62,76.67,76.605,76.63,4412.0
2026-08-13,2026-08-13 14:00:00,76.625,76.63,76.59,76.63,4823.0
2026-08-13,2026-08-13 14:05:00,76.62,76.67,76.62,76.67,22838.0
2026-08-13,2026-08-13 14:10:00,76.68,76.68,76.62,76.63,4787.0
2026-08-13,2026-08-13 14:15:00,76.625,76.65,76.59,76.65,7614.0
2026-08-13,2026-08-13 14:20:00,76.64,76.64,76.495,76.52,17271.0
2026-08-13,2026-08-13 14:25:00,76.5,76.55,76.47,76.47,3318.0
2026-08-13,2026-08-13 14:30:00,76.48,76.5,76.435,76.445,6698.0
2026-08-13,2026-08-13 14:35:00,76.445,76.47,76.375,76.375,8723.0
2026-08-13,2026-08-13 14:40:00,76.38,76.48,76.38,76.48,8319.0
2026-08-13,2026-08-13 14:45:00,76.5,76.53,76.49,76.53,4835.0
2026-08-13,2026-08-13 14:50:00,76.505,76.62,76.505,76.62,8881.0
2026-08-13,2026-08-13 14:55:00,76.62,76.69,76.6,76.645,14341.0
2026-08-13,2026-08-13 15:00:00,76.66,76.708,76.655,76.655,6788.0
2026-08-13,2026-08-13 15:05:00,76.67,76.68,76.54,76.56,7841.0
2026-08-13,2026-08-13 15:10:00,76.555,76.625,76.545,76.625,11598.0
2026-08-13,2026-08-13 15:15:00,76.625,76.65,76.58,76.59,8184.0
2026-08-13,2026-08-13 15:20:00,76.6,76.6,76.54,76.55,6897.0
2026-08-13,2026-08-13 15:25:00,76.57,76.57,76.415,76.42,19984.0
2026-08-13,2026-08-13 15:30:00,76.44,76.5,76.44,76.465,15327.0
2026-08-13,2026-08-13 15:35:00,76.48,76.69,76.48,76.63,18990.0
2026-08-13,2026-08-13 15:40:00,76.6,76.61,76.55,76.565,13572.0
2026-08-13,2026-08-13 15:45:00,76.55,76.56,76.505,76.56,24526.0
2026-08-13,2026-08-13 15:50:00,76.56,76.68,76.56,76.67,30453.0
2026-08-13,2026-08-13 15:55:00,76.67,76.76,76.65,76.68,66845.0
2026-08-13,2026-08-13 16:00:00,76.7,76.75,76.59,76.6,411133.0
2026-08-14,2026-08-14 09:35:00,76.87,76.87,76.5125,76.68,12644.0
2026-08-14,2026-08-14 09:40:00,76.74,76.74,76.23,76.23,4607.0
2026-08-14,2026-08-14 09:45:00,76.23,76.34,76.23,76.295,3451.0
2026-08-14,2026-08-14 09:50:00,76.245,76.37,76.2282,76.3,7812.0
2026-08-14,2026-08-14 09:55:00,76.33,76.49,76.26,76.42,5646.0
2026-08-14,2026-08-14 10:00:00,76.36,76.48,76.345,76.48,2995.0
2026-08-14,2026-08-14 10:05:00,76.552,76.56,76.34,76.355,8703.0
2026-08-14,2026-08-14 10:10:00,76.33,76.44,76.29,76.425,7169.0
2026-08-14,2026-08-14 10:15:00,76.44,76.52,76.44,76.52,13340.0
2026-08-14,2026-08-14 10:20:00,76.56,76.8,76.55,76.73,14914.0
2026-08-14,2026-08-14 10:25:00,76.76,76.76,76.675,76.76,4089.0
2026-08-14,2026-08-14 10:30:00,76.77,76.785,76.65,76.785,7330.0
2026-08-14,2026-08-14 10:35:00,76.765,76.785,76.65,76.65,6372.0
2026-08-14,2026-08-14 10:40:00,76.605,76.62,76.4801,76.56,7964.0
2026-08-14,2026-08-14 10:45:00,76.56,76.575,76.285,76.29,4519.0
2026-08-14,2026-08-14 10:50:00,76.36,76.395,76.33,76.34,5067.0
2026-08-14,2026-08-14 10:55:00,76.33,76.36,76.29,76.35,5598.0
2026-08-14,2026-08-14 11:00:00,76.33,76.4289,76.3201,76.4289,8430.0
2026-08-14,2026-08-14 11:05:00,76.42,76.54,76.42,76.49,5901.0
2026-08-14,2026-08-14 11:10:00,76.5,76.56,76.5,76.5234,6592.0
2026-08-14,2026-08-14 11:15:00,76.51,76.555,76.4982,76.4982,5075.0
2026-08-14,2026-08-14 11:20:00,76.4867,76.505,76.43,76.47,4473.0
2026-08-14,2026-08-14 11:25:00,76.49,76.54,76.49,76.54,3718.0
2026-08-14,2026-08-14 11:30:00,76.55,76.59,76.53,76.59,5423.0
2026-08-14,2026-08-14 11:35:00,76.565,76.73,76.565,76.7,7258.0
2026-08-14,2026-08-14 11:40:00,76.685,76.71,76.67,76.69,2939.0
2026-08-14,2026-08-14 11:45:00,76.735,76.75,76.71,76.73,4708.0
2026-08-14,2026-08-14 11:50:00,76.74,76.77,76.7274,76.77,3123.0
2026-08-14,2026-08-14 11:55:00,76.715,76.72,76.695,76.72,3298.0
2026-08-14,2026-08-14 12:00:00,76.73,76.76,76.71,76.71,3815.0
2026-08-14,2026-08-14 12:05:00,76.73,76.755,76.72,76.755,4326.0
2026-08-14,2026-08-14 12:10:00,76.765,76.82,76.76,76.76,4306.0
2026-08-14,2026-08-14 12:15:00,76.73,76.73,76.66,76.71,4380.0
2026-08-14,2026-08-14 12:20:00,76.71,76.71,76.675,76.68,5197.0
2026-08-14,2026-08-14 12:25:00,76.695,76.695,76.6201,76.6201,3254.0
2026-08-14,2026-08-14 12:30:00,76.64,76.66,76.64,76.64,3363.0
2026-08-14,2026-08-14 12:35:00,76.63,76.66,76.62,76.64,6160.0
2026-08-14,2026-08-14 12:40:00,76.64,76.66,76.63,76.63,2767.0
2026-08-14,2026-08-14 12:45:00,76.63,76.63,76.55,76.55,3673.0
2026-08-14,2026-08-14 12:50:00,76.52,76.55,76.505,76.53,6061.0
2026-08-14,2026-08-14 12:55:00,76.4983,76.5399,76.49,76.51,2797.0
2026-08-14,2026-08-14 13:00:00,76.505,76.505,76.46,76.465,4910.0
2026-08-14,2026-08-14 13:05:00,76.46,76.48,76.46,76.47,4651.0
2026-08-14,2026-08-14 13:10:00,76.47,76.51,76.45,76.46,10437.0
2026-08-14,2026-08-14 13:15:00,76.47,76.485,76.45,76.465,3600.0
2026-08-14,2026-08-14 13:20:00,76.5,76.5,76.475,76.48,2641.0
2026-08-14,2026-08-14 13:25:00,76.48,76.53,76.48,76.53,6439.0
2026-08-14,2026-08-14 13:30:00,76.53,76.55,76.505,76.505,4693.0
2026-08-14,2026-08-14 13:35:00,76.52,76.54,76.415,76.44,8169.0
2026-08-14,2026-08-14 13:40:00,76.44,76.45,76.4,76.4,3635.0
2026-08-14,2026-08-14 13:45:00,76.39,76.42,76.355,76.42,17087.0
2026-08-14,2026-08-14 13:50:00,76.42,76.42,76.33,76.33,9700.0
2026-08-14,2026-08-14 13:55:00,76.31,76.33,76.31,76.33,3038.0
2026-08-14,2026-08-14 14:00:00,76.34,76.37,76.32,76.32,3970.0
2026-08-14,2026-08-14 14:05:00,76.32,76.34,76.3,76.305,5780.0
2026-08-14,2026-08-14 14:10:00,76.295,76.31,76.29,76.295,7061.0
2026-08-14,2026-08-14 14:15:00,76.295,76.37,76.295,76.35,6186.0
2026-08-14,2026-08-14 14:20:00,76.37,76.4,76.36,76.4,5927.0
2026-08-14,2026-08-14 14:25:00,76.41,76.44,76.41,76.425,4578.0
2026-08-14,2026-08-14 14:30:00,76.42,76.42,76.37,76.37,5740.0
2026-08-14,2026-08-14 14:35:00,76.355,76.36,76.33,76.36,9087.0
2026-08-14,2026-08-14 14:40:00,76.37,76.41,76.37,76.4,6188.0
2026-08-14,2026-08-14 14:45:00,76.39939,76.4,76.38,76.4,5365.0
2026-08-14,2026-08-14 14:50:00,76.405,76.47,76.331,76.331,11101.0
2026-08-14,2026-08-14 14:55:00,76.34,76.3925,76.34,76.375,7073.0
2026-08-14,2026-08-14 15:00:00,76.365,76.44,76.36,76.43,7740.0
2026-08-14,2026-08-14 15:05:00,76.45,76.45,76.38,76.41,8924.0
2026-08-14,2026-08-14 15:10:00,76.42,76.42,76.355,76.37,5964.0
2026-08-14,2026-08-14 15:15:00,76.361,76.44,76.361,76.43,11536.0
2026-08-14,2026-08-14 15:20:00,76.43,76.43,76.35,76.36,9772.0
2026-08-14,2026-08-14 15:25:00,76.36,76.38,76.351,76.36,4472.0
2026-08-14,2026-08-14 15:30:00,76.37,76.41,76.37,76.37,13936.0
2026-08-14,2026-08-14 15:35:00,76.37,76.405,76.32,76.4,16011.0
2026-08-14,2026-08-14 15:40:00,76.405,76.405,76.295,76.3,12475.0
2026-08-14,2026-08-14 15:45:00,76.3,76.335,76.28,76.315,22218.0
2026-08-14,2026-08-14 15:50:00,76.305,76.305,76.16,76.2,23518.0
2026-08-14,2026-08-14 15:55:00,76.23,76.25,76.17,76.18,49366.0
2026-08-14,2026-08-14 16:00:00,76.2,76.25,76.08,76.17,289100.0
2026-08-17,2026-08-17 09:35:00,75.57,75.72,75.42,75.7,14372.0
2026-08-17,2026-08-17 09:40:00,75.86,75.86,75.54,75.735,7508.0
2026-08-17,2026-08-17 09:45:00,75.795,75.87,75.41,75.64,6184.0
2026-08-17,2026-08-17 09:50:00,75.525,75.72,75.48,75.63,8567.0
2026-08-17,2026-08-17 09:55:00,75.55,75.71,75.52,75.64,4199.0
2026-08-17,2026-08-17 10:00:00,75.575,75.69,75.54,75.635,9458.0
2026-08-17,2026-08-17 10:05:00,75.67,75.75,75.54,75.705,7882.0
2026-08-17,2026-08-17 10:10:00,75.715,75.86,75.715,75.815,7763.0
2026-08-17,2026-08-17 10:15:00,75.84,76.04,75.75,75.99,24801.0
2026-08-17,2026-08-17 10:20:00,76.07,76.14,75.96,76.03,12821.0
2026-08-17,2026-08-17 10:25:00,76.03,76.11,76.01,76.04,3819.0
2026-08-17,2026-08-17 10:30:00,76.09,76.12,75.88,75.95,39174.0
2026-08-17,2026-08-17 10:35:00,75.88,76.0351,75.88,75.985,14364.0
2026-08-17,2026-08-17 10:40:00,76.015,76.015,75.81,75.85,10548.0
2026-08-17,2026-08-17 10:45:00,75.84,75.86,75.83,75.845,5693.0
2026-08-17,2026-08-17 10:50:00,75.835,75.89,75.83,75.835,3559.0
2026-08-17,2026-08-17 10:55:00,75.88,75.96,75.83,75.83,4703.0
2026-08-17,2026-08-17 11:00:00,75.86,75.875,75.69,75.69,9376.0
2026-08-17,2026-08-17 11:05:00,75.69,75.79,75.64,75.7,9866.0
2026-08-17,2026-08-17 11:10:00,75.685,75.71,75.615,75.66,5694.0
2026-08-17,2026-08-17 11:15:00,75.64,75.66,75.57,75.6,4706.0
2026-08-17,2026-08-17 11:20:00,75.59,75.66,75.5501,75.56,10157.0
2026-08-17,2026-08-17 11:25:00,75.57,75.57,75.495,75.495,4011.0
2026-08-17,2026-08-17 11:30:00,75.5,75.63,75.5,75.61,6375.0
2026-08-17,2026-08-17 11:35:00,75.604,75.62,75.47,75.47,4818.0
2026-08-17,2026-08-17 11:40:00,75.495,75.555,75.47,75.555,7298.0
2026-08-17,2026-08-17 11:45:00,75.555,75.555,75.49,75.49,3968.0
2026-08-17,2026-08-17 11:50:00,75.49,75.49,75.37,75.37,3340.0
2026-08-17,2026-08-17 11:55:00,75.38,75.47,75.38,75.41,5616.0
2026-08-17,2026-08-17 12:00:00,75.39,75.415,75.38,75.38,3761.0
2026-08-17,2026-08-17 12:05:00,75.37,75.435,75.36,75.435,4348.0
2026-08-17,2026-08-17 12:10:00,75.455,75.47,75.445,75.47,3014.0
2026-08-17,2026-08-17 12:15:00,75.5,75.61,75.5,75.61,5087.0
2026-08-17,2026-08-17 12:20:00,75.65,75.66,75.645,75.645,5280.0
2026-08-17,2026-08-17 12:25:00,75.63,75.6301,75.57,75.59,6527.0
2026-08-17,2026-08-17 12:30:00,75.57,75.63,75.57,75.625,3587.0
2026-08-17,2026-08-17 12:35:00,75.63,75.66,75.59,75.66,8594.0
2026-08-17,2026-08-17 12:40:00,75.655,75.655,75.6,75.65,4645.0
2026-08-17,2026-08-17 12:45:00,75.64,75.64,75.6049,75.63,3767.0
2026-08-17,2026-08-17 12:50:00,75.63,75.65,75.6,75.61,4948.0
2026-08-17,2026-08-17 12:55:00,75.625,75.63,75.56,75.57,4391.0
2026-08-17,2026-08-17 13:00:00,75.555,75.555,75.53,75.54,3158.0
2026-08-17,2026-08-17 13:05:00,75.57,75.6025,75.565,75.591384,4631.0
2026-08-17,2026-08-17 13:10:00,75.58,75.58,75.49,75.505,6336.0
2026-08-17,2026-08-17 13:15:00,75.5,75.53,75.49,75.53,3171.0
2026-08-17,2026-08-17 13:20:00,75.51,75.51,75.49,75.5,5349.0
2026-08-17,2026-08-17 13:25:00,75.52,75.54,75.51,75.51,4054.0
2026-08-17,2026-08-17 13:30:00,75.485,75.5,75.47,75.5,5518.0
2026-08-17,2026-08-17 13:35:00,75.5,75.521,75.45,75.45,5796.0
2026-08-17,2026-08-17 13:40:00,75.43,75.4337,75.39,75.4,4188.0
2026-08-17,2026-08-17 13:45:00,75.4,75.41,75.345,75.4,6898.0
2026-08-17,2026-08-17 13:50:00,75.39,75.39,75.31,75.31,3600.0
2026-08-17,2026-08-17 13:55:00,75.305,75.36,75.305,75.35,4259.0
2026-08-17,2026-08-17 14:00:00,75.37,75.375,75.34,75.36,7969.0
2026-08-17,2026-08-17 14:05:00,75.38,75.415,75.36,75.36,12569.0
2026-08-17,2026-08-17 14:10:00,75.37,75.45,75.37,75.41,23887.0
2026-08-17,2026-08-17 14:15:00,75.405,75.47,75.405,75.41,5429.0
2026-08-17,2026-08-17 14:20:00,75.43,75.45,75.42,75.43,6541.0
2026-08-17,2026-08-17 14:25:00,75.43,75.475,75.43,75.435,6836.0
2026-08-17,2026-08-17 14:30:00,75.435,75.435,75.335,75.335,6586.0
2026-08-17,2026-08-17 14:35:00,75.34,75.34,75.28,75.3,5668.0
2026-08-17,2026-08-17 14:40:00,75.3,75.325,75.29,75.29,5093.0
2026-08-17,2026-08-17 14:45:00,75.285,75.3,75.27,75.27,6135.0
2026-08-17,2026-08-17 14:50:00,75.27,75.2999,75.22,75.22,9168.0
2026-08-17,2026-08-17 14:55:00,75.24,75.24,75.18,75.18,8480.0
2026-08-17,2026-08-17 15:00:00,75.19,75.2,75.1101,75.14,9698.0
2026-08-17,2026-08-17 15:05:00,75.125,75.205,75.11,75.205,10163.0
2026-08-17,2026-08-17 15:10:00,75.205,75.205,75.155,75.195,7926.0
2026-08-17,2026-08-17 15:15:00,75.195,75.24,75.195,75.23,19193.0
2026-08-17,2026-08-17 15:20:00,75.23,75.23,75.11,75.18,57185.0
2026-08-17,2026-08-17 15:25:00,75.2099,75.27,75.17,75.17,11565.0
2026-08-17,2026-08-17 15:30:00,75.17,75.17,75.12,75.145,7370.0
2026-08-17,2026-08-17 15:35:00,75.15,75.15,75.02,75.05,43653.0
2026-08-17,2026-08-17 15:40:00,75.045,75.1,75.01,75.035,14246.0
2026-08-17,2026-08-17 15:45:00,75.03,75.16,75.03,75.13,17023.0
2026-08-17,2026-08-17 15:50:00,75.13,75.16,75.08,75.08,59024.0
2026-08-17,2026-08-17 15:55:00,75.11,75.22,75.04,75.07,44096.0
2026-08-17,2026-08-17 16:00:00,75.08,75.3,75.04,75.1,440196.0
2026-08-18,2026-08-18 09:35:00,76.09,76.315,75.655,76.215,33899.0
2026-08-18,2026-08-18 09:40:00,76.02,76.02,75.64,75.84,23923.0
2026-08-18,2026-08-18 09:45:00,75.88,75.94,75.645,75.92,20483.0
2026-08-18,2026-08-18 09:50:00,75.92,76.11,75.92,76.03,64820.0
2026-08-18,2026-08-18 09:55:00,76.03,76.42,75.99,76.42,16308.0
2026-08-18,2026-08-18 10:00:00,76.42,76.465,76.27,76.27,9374.0
2026-08-18,2026-08-18 10:05:00,76.27,76.35,76.14,76.15,18914.0
2026-08-18,2026-08-18 10:10:00,76.2,76.45,76.15,76.25,128683.0
2026-08-18,2026-08-18 10:15:00,76.25,76.35,76.22,76.31,34154.0
2026-08-18,2026-08-18 10:20:00,76.36,76.455,76.245,76.34,71512.0
2026-08-18,2026-08-18 10:25:00,76.33,76.35,76.24,76.315,5060.0
2026-08-18,2026-08-18 10:30:00,76.37,76.37,76.03,76.03,5421.0
2026-08-18,2026-08-18 10:35:00,76.07,76.16,76.045,76.14,7408.0
2026-08-18,2026-08-18 10:40:00,76.16,76.32,76.13,76.295,7302.0
2026-08-18,2026-08-18 10:45:00,76.33,76.44,76.33,76.44,8096.0
2026-08-18,2026-08-18 10:50:00,76.45,76.6,76.45,76.53,13184.0
2026-08-18,2026-08-18 10:55:00,76.54,76.59,76.46,76.47,8680.0
2026-08-18,2026-08-18 11:00:00,76.49,76.615,76.49,76.615,7797.0
2026-08-18,2026-08-18 11:05:00,76.61,76.6625,76.54,76.62,11530.0
2026-08-18,2026-08-18 11:10:00,76.63,76.65,76.61,76.62,9133.0
2026-08-18,2026-08-18 11:15:00,76.64,76.67,76.6,76.63,8981.0
2026-08-18,2026-08-18 11:20:00,76.63,76.69,76.575,76.62,8548.0
2026-08-18,2026-08-18 11:25:00,76.66,76.66,76.55,76.56,6761.0
2026-08-18,2026-08-18 11:30:00,76.55,76.57,76.305,76.35,38603.0
2026-08-18,2026-08-18 11:35:00,76.32,76.37,76.32,76.37,6407.0
2026-08-18,2026-08-18 11:40:00,76.39,76.58,76.38,76.58,8136.0
2026-08-18,2026-08-18 11:45:00,76.585,76.585,76.53,76.535,8649.0
2026-08-18,2026-08-18 11:50:00,76.52,76.57,76.49,76.51,27162.0
2026-08-18,2026-08-18 11:55:00,76.51,76.59,76.5,76.58,19163.0
2026-08-18,2026-08-18 12:00:00,76.57,76.57,76.42,76.44,10284.0
2026-08-18,2026-08-18 12:05:00,76.43,76.43,76.34,76.39,4837.0
2026-08-18,2026-08-18 12:10:00,76.37,76.37,76.32,76.33,6745.0
2026-08-18,2026-08-18 12:15:00,76.335,76.35,76.26,76.335,4880.0
2026-08-18,2026-08-18 12:20:00,76.34,76.3504,76.3,76.3504,4540.0
2026-08-18,2026-08-18 12:25:00,76.37,76.4,76.34,76.37,5738.0
2026-08-18,2026-08-18 12:30:00,76.35,76.36,76.32,76.34,3595.0
2026-08-18,2026-08-18 12:35:00,76.32,76.35,76.3,76.32,7221.0
2026-08-18,2026-08-18 12:40:00,76.35,76.41,76.32,76.32,7986.0
2026-08-18,2026-08-18 12:45:00,76.33,76.33,76.27,76.27,5547.0
2026-08-18,2026-08-18 12:50:00,76.28,76.28,76.22,76.22,4810.0
2026-08-18,2026-08-18 12:55:00,76.2,76.23,76.15,76.23,4516.0
2026-08-18,2026-08-18 13:00:00,76.21,76.22,76.2,76.21,3515.0
2026-08-18,2026-08-18 13:05:00,76.2,76.2,76.14,76.17,6109.0
2026-08-18,2026-08-18 13:10:00,76.195,76.25,76.195,76.23,4616.0
2026-08-18,2026-08-18 13:15:00,76.24,76.24,76.08,76.08,7335.0
2026-08-18,2026-08-18 13:20:00,76.095,76.23,76.095,76.23,10556.0
2026-08-18,2026-08-18 13:25:00,76.23,76.285,76.22,76.26,5336.0
2026-08-18,2026-08-18 13:30:00,76.26,76.26,76.19,76.2,7464.0
2026-08-18,2026-08-18 13:35:00,76.18,76.24,76.17,76.24,6854.0
2026-08-18,2026-08-18 13:40:00,76.26,76.33,76.24,76.33,7133.0
2026-08-18,2026-08-18 13:45:00,76.33,76.33,76.28,76.3,7608.0
2026-08-18,2026-08-18 13:50:00,76.3,76.375,76.3,76.34,8681.0
2026-08-18,2026-08-18 13:55:00,76.37,76.39,76.36,76.375,7184.0
2026-08-18,2026-08-18 14:00:00,76.38,76.455,76.38,76.45,8411.0
2026-08-18,2026-08-18 14:05:00,76.45,76.475,76.365,76.46,26785.0
2026-08-18,2026-08-18 14:10:00,76.47,76.52,76.46,76.52,12635.0
2026-08-18,2026-08-18 14:15:00,76.53,76.57,76.5,76.52,41361.0
2026-08-18,2026-08-18 14:20:00,76.52,76.55,76.44,76.47,17967.0
2026-08-18,2026-08-18 14:25:00,76.43,76.51,76.43,76.5,16321.0
2026-08-18,2026-08-18 14:30:00,76.505,76.52,76.47,76.49,9056.0
2026-08-18,2026-08-18 14:35:00,76.505,76.55,76.49,76.55,11994.0
2026-08-18,2026-08-18 14:40:00,76.55,76.615,76.51,76.57,12228.0
2026-08-18,2026-08-18 14:45:00,76.56,76.62,76.54,76.58,14062.0
2026-08-18,2026-08-18 14:50:00,76.57,76.57,76.465,76.5,12310.0
2026-08-18,2026-08-18 14:55:00,76.505,76.52,76.47,76.52,11348.0
2026-08-18,2026-08-18 15:00:00,76.515,76.5299,76.49,76.49,10457.0
2026-08-18,2026-08-18 15:05:00,76.49,76.51,76.46,76.48,17330.0
2026-08-18,2026-08-18 15:10:00,76.48,76.48,76.37,76.395,12585.0
2026-08-18,2026-08-18 15:15:00,76.42,76.47,76.4,76.42,12657.0
2026-08-18,2026-08-18 15:20:00,76.41,76.43,76.38,76.425,14574.0
2026-08-18,2026-08-18 15:25:00,76.41,76.45,76.35,76.36,20711.0
2026-08-18,2026-08-18 15:30:00,76.35,76.35,76.27,76.3,18254.0
2026-08-18,2026-08-18 15:35:00,76.3,76.385,76.185,76.215,26342.0
2026-08-18,2026-08-18 15:40:00,76.215,76.245,76.13,76.15,23910.0
2026-08-18,2026-08-18 15:45:00,76.17,76.2,76.01,76.011,29874.0
2026-08-18,2026-08-18 15:50:00,76.015,76.015,75.91,76.01,31178.0
2026-08-18,2026-08-18 15:55:00,76.02,76.07,75.95,76.05,66683.0
2026-08-18,2026-08-18 16:00:00,76.03,76.04,75.73,75.76,582033.0
2026-08-19,2026-08-19 09:35:00,76.4,77.09,75.84,77.04,20393.0
2026-08-19,2026-08-19 09:40:00,77.28,77.375,76.99,77.15,10829.0
2026-08-19,2026-08-19 09:45:00,77.165,77.39,77.165,77.165,18867.0
2026-08-19,2026-08-19 09:50:00,77.335,77.5,77.32,77.41,18381.0
2026-08-19,2026-08-19 09:55:00,77.51,77.83,77.48,77.78,17454.0
2026-08-19,2026-08-19 10:00:00,77.88,77.9,77.5801,77.64,7299.0
2026-08-19,2026-08-19 10:05:00,77.665,77.69,77.515,77.655,16014.0
2026-08-19,2026-08-19 10:10:00,77.59,77.79,77.575,77.79,11201.0
2026-08-19,2026-08-19 10:15:00,77.79,77.85,77.79,77.83,8631.0
2026-08-19,2026-08-19 10:20:00,77.82,78.04,77.79,78.03,15921.0
2026-08-19,2026-08-19 10:25:00,77.98,78.105,77.91,77.96,31752.0
2026-08-19,2026-08-19 10:30:00,77.9475,77.98,77.43,77.43,39626.0
2026-08-19,2026-08-19 10:35:00,77.44,77.72,77.345,77.72,30807.0
2026-08-19,2026-08-19 10:40:00,77.69,77.69,77.53,77.53,7856.0
2026-08-19,2026-08-19 10:45:00,77.425,77.45,77.27,77.3651,40455.0
2026-08-19,2026-08-19 10:50:00,77.365,77.46,77.33,77.36,17337.0
2026-08-19,2026-08-19 10:55:00,77.355,77.41,77.24,77.26,9838.0
2026-08-19,2026-08-19 11:00:00,77.29,77.34,77.28,77.32,8058.0
2026-08-19,2026-08-19 11:05:00,77.31,77.4,77.25,77.29,6924.0
2026-08-19,2026-08-19 11:10:00,77.26,77.275,77.15,77.15,9206.0
2026-08-19,2026-08-19 11:15:00,77.145,77.145,77.075,77.12,4582.0
2026-08-19,2026-08-19 11:20:00,77.125,77.14,77.06,77.11,6504.0
2026-08-19,2026-08-19 11:25:00,77.1,77.12,77.06,77.12,6027.0
2026-08-19,2026-08-19 11:30:00,77.12,77.13,77.05,77.05,4773.0
2026-08-19,2026-08-19 11:35:00,77.07,77.18,77.07,77.1,7760.0
2026-08-19,2026-08-19 11:40:00,77.2,77.2,77.1,77.13,9839.0
2026-08-19,2026-08-19 11:45:00,77.07,77.14,77.07,77.11,2277.0
2026-08-19,2026-08-19 11:50:00,77.08,77.1,77.05,77.08,5360.0
2026-08-19,2026-08-19 11:55:00,77.09,77.165,77.09,77.165,9774.0
2026-08-19,2026-08-19 12:00:00,77.16,77.165,77.07,77.07,7831.0
2026-08-19,2026-08-19 12:05:00,77.07,77.0701,77.01,77.035,13432.0
2026-08-19,2026-08-19 12:10:00,77.05,77.09,76.905,76.905,6374.0
2026-08-19,2026-08-19 12:15:00,76.93,76.93,76.89,76.91,2965.0
2026-08-19,2026-08-19 12:20:00,76.925,77.045,76.915,77.03,16306.0
2026-08-19,2026-08-19 12:25:00,77.0,77.0,76.89,76.91,3315.0
2026-08-19,2026-08-19 12:30:00,76.92,76.96,76.84,76.84,6292.0
2026-08-19,2026-08-19 12:35:00,76.8,76.82,76.725,76.82,3865.0
2026-08-19,2026-08-19 12:40:00,76.805,76.805,76.75,76.78,1844.0
2026-08-19,2026-08-19 12:45:00,76.78,76.78,76.735,76.76,7406.0
2026-08-19,2026-08-19 12:50:00,76.78,76.8699,76.76,76.85,3797.0
2026-08-19,2026-08-19 12:55:00,76.84,76.85,76.82,76.83,3242.0
2026-08-19,2026-08-19 13:00:00,76.86,76.86,76.85,76.85,2138.0
2026-08-19,2026-08-19 13:05:00,76.85,76.91,76.825,76.84,22902.0
2026-08-19,2026-08-19 13:10:00,76.82,76.82,76.75,76.77,4894.0
2026-08-19,2026-08-19 13:15:00,76.78,76.81,76.765,76.765,6637.0
2026-08-19,2026-08-19 13:20:00,76.79,76.79,76.72,76.73,4990.0
2026-08-19,2026-08-19 13:25:00,76.74,76.76,76.74,76.76,4577.0
2026-08-19,2026-08-19 13:30:00,76.75,76.79,76.75,76.79,3871.0
2026-08-19,2026-08-19 13:35:00,76.8,76.9,76.795,76.9,4974.0
2026-08-19,2026-08-19 13:40:00,76.89,76.92,76.8,76.81,7761.0
2026-08-19,2026-08-19 13:45:00,76.815,76.855,76.8001,76.836,5406.0
2026-08-19,2026-08-19 13:50:00,76.81,76.85,76.81,76.85,2351.0
2026-08-19,2026-08-19 13:55:00,76.85,76.885,76.84,76.866,8091.0
2026-08-19,2026-08-19 14:00:00,76.86,76.86,76.805,76.835,8844.0
2026-08-19,2026-08-19 14:05:00,76.855,76.93,76.855,76.905,4215.0
2026-08-19,2026-08-19 14:10:00,76.87,76.87,76.78,76.78,6489.0
2026-08-19,2026-08-19 14:15:00,76.79,76.91,76.79,76.91,7704.0
2026-08-19,2026-08-19 14:20:00,76.9,76.96,76.89,76.93,4130.0
2026-08-19,2026-08-19 14:25:00,76.925,76.95,76.925,76.95,4487.0
2026-08-19,2026-08-19 14:30:00,76.96,76.99,76.96,76.97,8801.0
2026-08-19,2026-08-19 14:35:00,76.97,76.97,76.93,76.93,7855.0
2026-08-19,2026-08-19 14:40:00,76.93,77.04,76.93,77.04,10239.0
2026-08-19,2026-08-19 14:45:00,77.04,77.04,76.865,76.87,9867.0
2026-08-19,2026-08-19 14:50:00,76.87,76.9,76.86,76.89,7280.0
2026-08-19,2026-08-19 14:55:00,76.88,76.9,76.81,76.9,10349.0
2026-08-19,2026-08-19 15:00:00,76.92,77.055,76.92,77.045,19797.0
2026-08-19,2026-08-19 15:05:00,77.045,77.05,76.99,76.99,23973.0
2026-08-19,2026-08-19 15:10:00,76.99,77.0,76.945,76.96,10238.0
2026-08-19,2026-08-19 15:15:00,76.95,76.95,76.84,76.88,13677.0
2026-08-19,2026-08-19 15:20:00,76.87,76.88,76.8109,76.88,12402.0
2026-08-19,2026-08-19 15:25:00,76.88,76.89,76.78,76.84,13764.0
2026-08-19,2026-08-19 15:30:00,76.835,76.86,76.79,76.815,12243.0
2026-08-19,2026-08-19 15:35:00,76.875,76.88,76.755,76.81,15165.0
2026-08-19,2026-08-19 15:40:00,76.82,76.82,76.73,76.735,14118.0
2026-08-19,2026-08-19 15:45:00,76.74,76.77,76.74,76.74,20659.0
2026-08-19,2026-08-19 15:50:00,76.74,76.8,76.74,76.79,13832.0
2026-08-19,2026-08-19 15:55:00,76.81,76.81,76.62,76.62,31467.0
2026-08-19,2026-08-19 16:00:00,76.64,76.76,76.595,76.73,421822.0
2026-08-20,2026-08-20 09:35:00,76.47,76.685,76.13,76.535,16040.0
2026-08-20,2026-08-20 09:40:00,76.585,76.585,76.28,76.31,7473.0
2026-08-20,2026-08-20 09:45:00,76.2,76.49,76.2,76.48,8575.0
2026-08-20,2026-08-20 09:50:00,76.61,77.09,76.61,77.09,6873.0
2026-08-20,2026-08-20 09:55:00,76.97,77.0,76.81,76.81,26451.0
2026-08-20,2026-08-20 10:00:00,76.82,76.93,76.75,76.895,7156.0
2026-08-20,2026-08-20 10:05:00,76.83,77.09,76.7,76.99,7967.0
2026-08-20,2026-08-20 10:10:00,77.005,77.065,76.9,76.9,38963.0
2026-08-20,2026-08-20 10:15:00,76.865,76.865,76.705,76.71,6121.0
2026-08-20,2026-08-20 10:20:00,76.69,76.7246,76.64,76.7,7120.0
2026-08-20,2026-08-20 10:25:00,76.73,76.73,76.54,76.615,7049.0
2026-08-20,2026-08-20 10:30:00,76.59,76.65,76.47,76.47,5934.0
2026-08-20,2026-08-20 10:35:00,76.465,76.525,76.38,76.41,6956.0
2026-08-20,2026-08-20 10:40:00,76.41,76.475,76.35,76.475,10551.0
2026-08-20,2026-08-20 10:45:00,76.47,76.49,76.42,76.43,5622.0
2026-08-20,2026-08-20 10:50:00,76.41,76.53,76.3835,76.53,8298.0
2026-08-20,2026-08-20 10:55:00,76.535,76.57,76.49,76.5442,6418.0
2026-08-20,2026-08-20 11:00:00,76.54,76.63,76.54,76.63,6581.0
2026-08-20,2026-08-20 11:05:00,76.64,76.75,76.61,76.66,9109.0
2026-08-20,2026-08-20 11:10:00,76.73,76.795,76.6471,76.715,12481.0
2026-08-20,2026-08-20 11:15:00,76.73,76.75,76.705,76.75,8419.0
2026-08-20,2026-08-20 11:20:00,76.75,76.81,76.72,76.78,8213.0
2026-08-20,2026-08-20 11:25:00,76.74,76.75,76.73,76.74,4653.0
2026-08-20,2026-08-20 11:30:00,76.74,76.81,76.7,76.79,6516.0
2026-08-20,2026-08-20 11:35:00,76.795,76.7999,76.66,76.68,10481.0
2026-08-20,2026-08-20 11:40:00,76.66,76.7,76.63,76.7,5456.0
2026-08-20,2026-08-20 11:45:00,76.655,76.705,76.65,76.69,4717.0
2026-08-20,2026-08-20 11:50:00,76.68,76.745,76.68,76.74,6170.0
2026-08-20,2026-08-20 11:55:00,76.735,76.7375,76.69,76.715,6508.0
2026-08-20,2026-08-20 12:00:00,76.69,76.7,76.655,76.69,4947.0
2026-08-20,2026-08-20 12:05:00,76.7,76.809,76.65,76.809,7961.0
2026-08-20,2026-08-20 12:10:00,76.81,76.91,76.81,76.885,2532.0
2026-08-20,2026-08-20 12:15:00,76.91,76.948,76.885,76.93,7639.0
2026-08-20,2026-08-20 12:20:00,76.93,76.95,76.885,76.95,6207.0
2026-08-20,2026-08-20 12:25:00,76.99,76.99,76.89,76.93,9517.0
2026-08-20,2026-08-20 12:30:00,76.93,77.02,76.91,77.02,14865.0
2026-08-20,2026-08-20 12:35:00,76.96,76.98,76.89,76.91,8015.0
2026-08-20,2026-08-20 12:40:00,76.895,76.9,76.87,76.885,4483.0
2026-08-20,2026-08-20 12:45:00,76.88,76.96,76.88,76.9,8738.0
2026-08-20,2026-08-20 12:50:00,76.905,76.91,76.85,76.85,6334.0
2026-08-20,2026-08-20 12:55:00,76.82,76.9,76.815,76.845,6575.0
2026-08-20,2026-08-20 13:00:00,76.81,76.8328,76.74,76.75,6302.0
2026-08-20,2026-08-20 13:05:00,76.75,76.75,76.67,76.695,6494.0
2026-08-20,2026-08-20 13:10:00,76.73,76.735,76.71,76.71,5848.0
2026-08-20,2026-08-20 13:15:00,76.69,76.69,76.63,76.63,5152.0
2026-08-20,2026-08-20 13:20:00,76.63,76.64,76.52,76.52,6986.0
2026-08-20,2026-08-20 13:25:00,76.495,76.525,76.48,76.525,6018.0
2026-08-20,2026-08-20 13:30:00,76.525,76.525,76.49,76.515,4886.0
2026-08-20,2026-08-20 13:35:00,76.529,76.54,76.51,76.51,5473.0
2026-08-20,2026-08-20 13:40:00,76.53,76.55,76.415,76.415,7248.0
2026-08-20,2026-08-20 13:45:00,76.4,76.4,76.31,76.31,3611.0
2026-08-20,2026-08-20 13:50:00,76.31,76.34,76.26,76.275,8648.0
2026-08-20,2026-08-20 13:55:00,76.29,76.32,76.275,76.29,6487.0
2026-08-20,2026-08-20 14:00:00,76.28,76.31,76.26,76.26,5546.0
2026-08-20,2026-08-20 14:05:00,76.26,76.28,76.1805,76.28,12105.0
2026-08-20,2026-08-20 14:10:00,76.3,76.3,76.245,76.3,12205.0
2026-08-20,2026-08-20 14:15:00,76.315,76.315,76.26,76.289,6653.0
2026-08-20,2026-08-20 14:20:00,76.29,76.29,76.23,76.26,7425.0
2026-08-20,2026-08-20 14:25:00,76.26,76.26,76.22,76.235,10246.0
2026-08-20,2026-08-20 14:30:00,76.225,76.29,76.22,76.28,8166.0
2026-08-20,2026-08-20 14:35:00,76.28,76.34,76.22,76.245,10059.0
2026-08-20,2026-08-20 14:40:00,76.245,76.255,76.2025,76.23,7535.0
2026-08-20,2026-08-20 14:45:00,76.25,76.27,76.23,76.245,7545.0
2026-08-20,2026-08-20 14:50:00,76.24,76.31,76.21,76.265,8138.0
2026-08-20,2026-08-20 14:55:00,76.265,76.28,76.23,76.28,8616.0
2026-08-20,2026-08-20 15:00:00,76.28,76.295,76.21,76.21,8954.0
2026-08-20,2026-08-20 15:05:00,76.21,76.275,76.21,76.265,8701.0
2026-08-20,2026-08-20 15:10:00,76.27,76.28,76.22,76.225,10874.0
2026-08-20,2026-08-20 15:15:00,76.225,76.27,76.225,76.25,9294.0
2026-08-20,2026-08-20 15:20:00,76.28,76.305,76.245,76.255,9294.0
2026-08-20,2026-08-20 15:25:00,76.26,76.31,76.21,76.26,13598.0
2026-08-20,2026-08-20 15:30:00,76.269,76.29,76.23,76.275,9716.0
2026-08-20,2026-08-20 15:35:00,76.25,76.26,76.18,76.24,19661.0
2026-08-20,2026-08-20 15:40:00,76.23,76.255,76.135,76.175,18151.0
2026-08-20,2026-08-20 15:45:00,76.15,76.17,76.11,76.155,18368.0
2026-08-20,2026-08-20 15:50:00,76.155,76.24,76.145,76.225,20000.0
2026-08-20,2026-08-20 15:55:00,76.24,76.36,76.21,76.27,42569.0
2026-08-20,2026-08-20 16:00:00,76.26,76.305,76.11,76.16,332017.0
2026-08-21,2026-08-21 09:35:00,76.18,76.21,75.61,75.93,79346.0
2026-08-21,2026-08-21 09:40:00,75.935,76.06,75.83,75.905,4094.0
2026-08-21,2026-08-21 09:45:00,76.11,76.11,76.09,76.09,2108.0
2026-08-21,2026-08-21 09:50:00,76.02,76.02,75.63,75.815,10549.0
2026-08-21,2026-08-21 09:55:00,75.725,76.0,75.725,75.957464,4265.0
2026-08-21,2026-08-21 10:00:00,76.03,76.0658,75.985,76.0658,2767.0
2026-08-21,2026-08-21 10:05:00,75.995,75.995,75.945,75.945,4732.0
2026-08-21,2026-08-21 10:10:00,75.905,76.04,75.87,75.9801,8955.0
2026-08-21,2026-08-21 10:15:00,76.07,76.16,75.99,76.04,8282.0
2026-08-21,2026-08-21 10:20:00,76.06,76.08,75.98,76.065,6066.0
2026-08-21,2026-08-21 10:25:00,76.075,76.19,76.01,76.18,19927.0
2026-08-21,2026-08-21 10:30:00,76.19,76.2,75.99,76.06,5609.0
2026-08-21,2026-08-21 10:35:00,76.01,76.08,76.0,76.07,4976.0
2026-08-21,2026-08-21 10:40:00,76.0374,76.1099,75.99,75.99,10053.0
2026-08-21,2026-08-21 10:45:00,76.08,76.16,76.072505,76.1101,2931.0
2026-08-21,2026-08-21 10:50:00,76.11,76.285,76.1,76.285,3341.0
2026-08-21,2026-08-21 10:55:00,76.28,76.39,76.25,76.37,3479.0
2026-08-21,2026-08-21 11:00:00,76.39,76.45,76.39,76.44,4404.0
2026-08-21,2026-08-21 11:05:00,76.43,76.58,76.4,76.565,4651.0
2026-08-21,2026-08-21 11:10:00,76.53,76.595,76.17,76.17,13795.0
2026-08-21,2026-08-21 11:15:00,76.16,76.25,76.145,76.145,3925.0
2026-08-21,2026-08-21 11:20:00,76.09,76.107481,76.0469,76.05,2832.0
2026-08-21,2026-08-21 11:25:00,76.13,76.15,76.105,76.105,2750.0
2026-08-21,2026-08-21 11:30:00,76.13,76.21,76.13,76.15,5536.0
2026-08-21,2026-08-21 11:35:00,76.1618,76.18,76.08,76.1,3938.0
2026-08-21,2026-08-21 11:40:00,76.13,76.135,76.1,76.13,2699.0
2026-08-21,2026-08-21 11:45:00,76.105,76.14,76.105,76.13,4594.0
2026-08-21,2026-08-21 11:50:00,76.16,76.16,76.06,76.06,3633.0
2026-08-21,2026-08-21 11:55:00,76.04,76.05,76.04,76.05,2478.0
2026-08-21,2026-08-21 12:00:00,76.09,76.09,76.09,76.09,1761.0
2026-08-21,2026-08-21 12:05:00,76.09,76.145,76.09,76.145,3934.0
2026-08-21,2026-08-21 12:10:00,76.12,76.1751,76.1,76.1751,3652.0
2026-08-21,2026-08-21 12:15:00,76.205,76.25,76.205,76.22,3745.0
2026-08-21,2026-08-21 12:20:00,76.26,76.275,76.135,76.135,4543.0
2026-08-21,2026-08-21 12:25:00,76.135,76.15,76.07,76.07,5523.0
2026-08-21,2026-08-21 12:30:00,76.16,76.16,76.16,76.16,1510.0
2026-08-21,2026-08-21 12:35:00,76.19,76.2199,76.15,76.2199,3132.0
2026-08-21,2026-08-21 12:40:00,76.22,76.23,76.17,76.19,3294.0
2026-08-21,2026-08-21 12:45:00,76.21,76.22,76.204841,76.21,2624.0
2026-08-21,2026-08-21 12:50:00,76.2101,76.24,76.2101,76.24,1550.0
2026-08-21,2026-08-21 12:55:00,76.23,76.23,76.16,76.19,7731.0
2026-08-21,2026-08-21 13:00:00,76.205,76.28,76.205,76.275,9587.0
2026-08-21,2026-08-21 13:05:00,76.25,76.25,76.2,76.2,4131.0
2026-08-21,2026-08-21 13:10:00,76.19,76.205,76.165,76.205,3075.0
2026-08-21,2026-08-21 13:15:00,76.19,76.2,76.19,76.2,1259.0
2026-08-21,2026-08-21 13:20:00,76.21,76.22,76.105,76.105,4074.0
2026-08-21,2026-08-21 13:25:00,76.0999,76.18,76.09,76.175,4806.0
2026-08-21,2026-08-21 13:30:00,76.18,76.22,76.095,76.095,4999.0
2026-08-21,2026-08-21 13:35:00,76.11,76.13,76.1001,76.115,3419.0
2026-08-21,2026-08-21 13:40:00,76.1,76.1,76.0,76.025,4228.0
2026-08-21,2026-08-21 13:45:00,76.01,76.01,75.955,75.98,3460.0
2026-08-21,2026-08-21 13:50:00,75.99,76.01,75.99,76.01,2654.0
2026-08-21,2026-08-21 13:55:00,76.0,76.01,75.96,75.995,3451.0
2026-08-21,2026-08-21 14:00:00,75.98,76.035,75.98,76.035,3436.0
2026-08-21,2026-08-21 14:05:00,76.04,76.05,75.98,75.99,4580.0
2026-08-21,2026-08-21 14:10:00,75.97,75.98,75.925,75.95,4988.0
2026-08-21,2026-08-21 14:15:00,75.9192,75.95,75.88,75.935,6940.0
2026-08-21,2026-08-21 14:20:00,75.945,75.945,75.9,75.945,4008.0
2026-08-21,2026-08-21 14:25:00,75.94,75.945,75.87,75.87,5922.0
2026-08-21,2026-08-21 14:30:00,75.87,75.88,75.87,75.87,5239.0
2026-08-21,2026-08-21 14:35:00,75.85,75.87,75.82,75.86,5593.0
2026-08-21,2026-08-21 14:40:00,75.85,75.8699,75.8001,75.8001,3750.0
2026-08-21,2026-08-21 14:45:00,75.83,75.87,75.83,75.845,4956.0
2026-08-21,2026-08-21 14:50:00,75.835,75.845,75.82,75.83,5443.0
2026-08-21,2026-08-21 14:55:00,75.86,75.86,75.84,75.86,3406.0
2026-08-21,2026-08-21 15:00:00,75.86,75.9,75.83,75.9,6260.0
2026-08-21,2026-08-21 15:05:00,75.925,75.925,75.84,75.85,6528.0
2026-08-21,2026-08-21 15:10:00,75.86,75.89,75.83,75.84,8703.0
2026-08-21,2026-08-21 15:15:00,75.845,75.93,75.845,75.93,7108.0
2026-08-21,2026-08-21 15:20:00,75.935,75.935,75.845,75.9,8693.0
2026-08-21,2026-08-21 15:25:00,75.87,75.97,75.87,75.97,8084.0
2026-08-21,2026-08-21 15:30:00,75.95,75.95,75.88,75.88,8079.0
2026-08-21,2026-08-21 15:35:00,75.885,75.885,75.83,75.84,10296.0
2026-08-21,2026-08-21 15:40:00,75.84,76.02,75.84,76.02,13395.0
2026-08-21,2026-08-21 15:45:00,76.02,76.16,76.0,76.14,18840.0
2026-08-21,2026-08-21 15:50:00,76.14,76.15,76.07,76.14,16911.0
2026-08-21,2026-08-21 15:55:00,76.15,76.42,76.15,76.42,33525.0
2026-08-21,2026-08-21 16:00:00,76.38,76.385,76.18,76.22,307412.0
2026-08-24,2026-08-24 09:35:00,76.14,76.565,75.96,75.96,14160.0
2026-08-24,2026-08-24 09:40:00,76.235,76.235,75.62,76.075,9543.0
2026-08-24,2026-08-24 09:45:00,76.2,76.225,75.97,76.185,9837.0
2026-08-24,2026-08-24 09:50:00,76.19,76.41,76.1,76.19,8140.0
2026-08-24,2026-08-24 09:55:00,76.28,76.51,76.28,76.36,5768.0
2026-08-24,2026-08-24 10:00:00,76.34,76.57,76.335,76.4151,4297.0
2026-08-24,2026-08-24 10:05:00,76.415,76.52,76.34,76.44,11645.0
2026-08-24,2026-08-24 10:10:00,76.465,76.5399,76.306,76.355,9540.0
2026-08-24,2026-08-24 10:15:00,76.43,76.43,76.24,76.24,7310.0
2026-08-24,2026-08-24 10:20:00,76.265,76.44,76.265,76.44,6311.0
2026-08-24,2026-08-24 10:25:00,76.51,76.58,76.4101,76.44,6873.0
2026-08-24,2026-08-24 10:30:00,76.48,76.48,76.37,76.39,11624.0
2026-08-24,2026-08-24 10:35:00,76.35,76.35,76.17,76.17,4249.0
2026-08-24,2026-08-24 10:40:00,76.185,76.31,76.185,76.21,6722.0
2026-08-24,2026-08-24 10:45:00,76.24,76.24,76.06,76.075,5913.0
2026-08-24,2026-08-24 10:50:00,76.1,76.11,75.96,75.96,7473.0
2026-08-24,2026-08-24 10:55:00,75.96,75.96,75.84,75.86,4652.0
2026-08-24,2026-08-24 11:00:00,75.88,75.95,75.88,75.93,8503.0
2026-08-24,2026-08-24 11:05:00,75.93,75.93,75.84,75.865,9252.0
2026-08-24,2026-08-24 11:10:00,75.85,76.0,75.85,75.96,6219.0
2026-08-24,2026-08-24 11:15:00,75.97,76.08,75.97,75.99,8362.0
2026-08-24,2026-08-24 11:20:00,75.995,76.1,75.9401,76.075,10067.0
2026-08-24,2026-08-24 11:25:00,76.045,76.045,75.91,75.91,3723.0
2026-08-24,2026-08-24 11:30:00,75.91,75.96,75.87,75.935,6194.0
2026-08-24,2026-08-24 11:35:00,75.94,75.98,75.91,75.92,5599.0
2026-08-24,2026-08-24 11:40:00,75.87,75.91,75.83,75.9,6768.0
2026-08-24,2026-08-24 11:45:00,75.825,75.92,75.775,75.91,6789.0
2026-08-24,2026-08-24 11:50:00,75.88,75.88,75.8401,75.87,5071.0
2026-08-24,2026-08-24 11:55:00,75.89,75.94,75.845,75.845,4556.0
2026-08-24,2026-08-24 12:00:00,75.83,75.92,75.83,75.91,6024.0
2026-08-24,2026-08-24 12:05:00,75.91,76.16,75.9,76.09,10323.0
2026-08-24,2026-08-24 12:10:00,76.08,76.11,76.0353,76.11,3396.0
2026-08-24,2026-08-24 12:15:00,76.09,76.11,76.01,76.02,9038.0
2026-08-24,2026-08-24 12:20:00,76.0,76.1,76.0,76.1,8031.0
2026-08-24,2026-08-24 12:25:00,76.1,76.155,76.1,76.15,5817.0
2026-08-24,2026-08-24 12:30:00,76.15,76.18,76.13,76.15,16079.0
2026-08-24,2026-08-24 12:35:00,76.145,76.19,76.1,76.11,16916.0
2026-08-24,2026-08-24 12:40:00,76.125,76.16,76.01,76.01,15531.0
2026-08-24,2026-08-24 12:45:00,76.01,76.01,75.96,75.975,3656.0
2026-08-24,2026-08-24 12:50:00,75.95,75.98,75.93,75.93,5136.0
2026-08-24,2026-08-24 12:55:00,75.875,75.9,75.82,75.82,2949.0
2026-08-24,2026-08-24 13:00:00,75.86,75.9,75.84,75.89,5486.0
2026-08-24,2026-08-24 13:05:00,75.9,75.94,75.879,75.88,3511.0
2026-08-24,2026-08-24 13:10:00,75.895,75.95,75.8941,75.93,4544.0
2026-08-24,2026-08-24 13:15:00,75.92,76.02,75.92,76.02,5060.0
2026-08-24,2026-08-24 13:20:00,76.01,76.07,75.9952,76.07,5002.0
2026-08-24,2026-08-24 13:25:00,76.06,76.06,76.05,76.05,3046.0
2026-08-24,2026-08-24 13:30:00,75.99,75.99,75.95,75.985,4052.0
2026-08-24,2026-08-24 13:35:00,75.98,75.98,75.94,75.965,12915.0
2026-08-24,2026-08-24 13:40:00,75.98,76.0,75.96,76.0,5252.0
2026-08-24,2026-08-24 13:45:00,76.015,76.015,75.94,75.94,5755.0
2026-08-24,2026-08-24 13:50:00,75.945,75.9699,75.9,75.91,7967.0
2026-08-24,2026-08-24 13:55:00,75.89,75.95,75.89,75.945,4057.0
2026-08-24,2026-08-24 14:00:00,75.95,75.98,75.94,75.97,5961.0
2026-08-24,2026-08-24 14:05:00,75.99,75.99,75.8201,75.835,11831.0
2026-08-24,2026-08-24 14:10:00,75.85,75.865,75.83,75.86,5752.0
2026-08-24,2026-08-24 14:15:00,75.86,75.87,75.835,75.86,5290.0
2026-08-24,2026-08-24 14:20:00,75.83,75.87,75.83,75.87,4783.0
2026-08-24,2026-08-24 14:25:00,75.86,75.86,75.83,75.85,3212.0
2026-08-24,2026-08-24 14:30:00,75.85,75.91,75.85,75.8801,8823.0
2026-08-24,2026-08-24 14:35:00,75.91,75.93,75.88,75.9281,15132.0
2026-08-24,2026-08-24 14:40:00,75.915,75.96,75.91,75.96,5130.0
2026-08-24,2026-08-24 14:45:00,75.95,76.005,75.95,76.005,10025.0
2026-08-24,2026-08-24 14:50:00,76.02,76.059,76.0,76.055,8479.0
2026-08-24,2026-08-24 14:55:00,76.06,76.08,76.02,76.02,6867.0
2026-08-24,2026-08-24 15:00:00,76.01,76.07,75.995,76.05,10867.0
2026-08-24,2026-08-24 15:05:00,76.0551,76.13,76.0551,76.1,14792.0
2026-08-24,2026-08-24 15:10:00,76.105,76.15,76.105,76.115,15267.0
2026-08-24,2026-08-24 15:15:00,76.1,76.1,76.04,76.04,13646.0
2026-08-24,2026-08-24 15:20:00,76.06,76.14,76.05,76.12,11092.0
2026-08-24,2026-08-24 15:25:00,76.1,76.115,76.079,76.079,7670.0
2026-08-24,2026-08-24 15:30:00,76.07,76.125,76.07,76.105,13086.0
2026-08-24,2026-08-24 15:35:00,76.09,76.14,76.08,76.14,15840.0
2026-08-24,2026-08-24 15:40:00,76.15,76.2249,76.15,76.2,16849.0
2026-08-24,2026-08-24 15:45:00,76.21,76.22,76.15,76.165,17184.0
2026-08-24,2026-08-24 15:50:00,76.155,76.17,76.135,76.15,17583.0
2026-08-24,2026-08-24 15:55:00,76.13,76.14,75.86,75.885,50814.0
2026-08-24,2026-08-24 16:00:00,75.84,75.89,75.75,75.8,436464.0
2026-08-25,2026-08-25 09:35:00,75.42,75.71,74.7,74.72,23147.0
2026-08-25,2026-08-25 09:40:00,74.755,75.11,74.5,74.94,30634.0
2026-08-25,2026-08-25 09:45:00,75.075746,75.075746,74.6,74.645,8014.0
2026-08-25,2026-08-25 09:50:00,74.73,74.74,74.5001,74.5001,3705.0
2026-08-25,2026-08-25 09:55:00,74.545,74.545,74.3975,74.48,6284.0
2026-08-25,2026-08-25 10:00:00,74.58,74.64,74.58,74.61,3029.0
2026-08-25,2026-08-25 10:05:00,74.54,74.56,74.4134,74.495,5759.0
2026-08-25,2026-08-25 10:10:00,74.5,74.55,74.43,74.51,10583.0
2026-08-25,2026-08-25 10:15:00,74.56,74.6,74.345,74.44,18122.0
2026-08-25,2026-08-25 10:20:00,74.465,74.48,74.37,74.46,10220.0
2026-08-25,2026-08-25 10:25:00,74.4375,74.47,74.17,74.36,11092.0
2026-08-25,2026-08-25 10:30:00,74.39,74.4,74.225,74.245,8565.0
2026-08-25,2026-08-25 10:35:00,74.235,74.235,73.925,73.935,19735.0
2026-08-25,2026-08-25 10:40:00,73.925,73.96,73.87,73.96,9391.0
2026-08-25,2026-08-25 10:45:00,73.99,74.03,73.85,73.85,5511.0
2026-08-25,2026-08-25 10:50:00,73.835,74.0199,73.755,73.905,17142.0
2026-08-25,2026-08-25 10:55:00,73.905,73.9099,73.76,73.7961,7944.0
2026-08-25,2026-08-25 11:00:00,73.79,73.91,73.715,73.835,19910.0
2026-08-25,2026-08-25 11:05:00,73.85,73.93,73.81,73.89,10340.0
2026-08-25,2026-08-25 11:10:00,73.91,73.94,73.83,73.9,12387.0
2026-08-25,2026-08-25 11:15:00,73.91,73.94,73.76,73.76,11380.0
2026-08-25,2026-08-25 11:20:00,73.7519,73.81,73.73,73.81,13991.0
2026-08-25,2026-08-25 11:25:00,73.795,73.85,73.78,73.81,7577.0
2026-08-25,2026-08-25 11:30:00,73.76,73.76,73.7,73.74,9116.0
2026-08-25,2026-08-25 11:35:00,73.76,73.79,73.74,73.74,6655.0
2026-08-25,2026-08-25 11:40:00,73.76,73.79,73.6775,73.725,14638.0
2026-08-25,2026-08-25 11:45:00,73.7,73.84,73.64,73.84,11401.0
2026-08-25,2026-08-25 11:50:00,73.815,73.87,73.775,73.87,12048.0
2026-08-25,2026-08-25 11:55:00,73.85,73.88,73.79,73.795,9206.0
2026-08-25,2026-08-25 12:00:00,73.84,73.9,73.83,73.885,9421.0
2026-08-25,2026-08-25 12:05:00,73.9,73.96,73.78,73.815,21128.0
2026-08-25,2026-08-25 12:10:00,73.83,73.865,73.81,73.81,7463.0
2026-08-25,2026-08-25 12:15:00,73.81,73.88,73.8,73.86,6333.0
2026-08-25,2026-08-25 12:20:00,73.86,73.86,73.76,73.82,8189.0
2026-08-25,2026-08-25 12:25:00,73.8,73.83,73.755,73.83,8600.0
2026-08-25,2026-08-25 12:30:00,73.8338,73.8338,73.74,73.79,10750.0
2026-08-25,2026-08-25 12:35:00,73.775,73.87,73.77,73.86,10359.0
2026-08-25,2026-08-25 12:40:00,73.88,73.93,73.81,73.81,6214.0
2026-08-25,2026-08-25 12:45:00,73.82,73.89,73.82,73.88,5291.0
2026-08-25,2026-08-25 12:50:00,73.88,73.9,73.79,73.8,8618.0
2026-08-25,2026-08-25 12:55:00,73.8001,73.87,73.79,73.87,7194.0
2026-08-25,2026-08-25 13:00:00,73.895,73.97,73.8801,73.96,8288.0
2026-08-25,2026-08-25 13:05:00,73.97,73.97,73.76,73.8,8011.0
2026-08-25,2026-08-25 13:10:00,73.79,73.79,73.745,73.77,6067.0
2026-08-25,2026-08-25 13:15:00,73.8,73.8,73.79,73.79,3780.0
2026-08-25,2026-08-25 13:20:00,73.795,73.795,73.73,73.755,9019.0
2026-08-25,2026-08-25 13:25:00,73.77,73.78,73.71,73.71,4843.0
2026-08-25,2026-08-25 13:30:00,73.71,73.755,73.71,73.73,6566.0
2026-08-25,2026-08-25 13:35:00,73.725,73.78,73.725,73.76,7507.0
2026-08-25,2026-08-25 13:40:00,73.74,73.7599,73.68,73.72,9260.0
2026-08-25,2026-08-25 13:45:00,73.73,73.76,73.68,73.7,10727.0
2026-08-25,2026-08-25 13:50:00,73.7,73.74,73.69,73.725,9052.0
2026-08-25,2026-08-25 13:55:00,73.73,73.885,73.73,73.86,11959.0
2026-08-25,2026-08-25 14:00:00,73.86,73.89,73.82,73.89,11208.0
2026-08-25,2026-08-25 14:05:00,73.89,73.94,73.86,73.89,9854.0
2026-08-25,2026-08-25 14:10:00,73.9,73.9,73.78,73.8,13456.0
2026-08-25,2026-08-25 14:15:00,73.8,73.82,73.745,73.7479,11378.0
2026-08-25,2026-08-25 14:20:00,73.74,73.94,73.7,73.93,18444.0
2026-08-25,2026-08-25 14:25:00,73.915,73.915,73.79,73.79,8772.0
2026-08-25,2026-08-25 14:30:00,73.77,73.77,73.685,73.69,5368.0
2026-08-25,2026-08-25 14:35:00,73.68,73.68,73.615,73.66,9577.0
2026-08-25,2026-08-25 14:40:00,73.67,73.67,73.525,73.525,7393.0
2026-08-25,2026-08-25 14:45:00,73.53,73.565,73.485,73.55,10684.0
2026-08-25,2026-08-25 14:50:00,73.545,73.545,73.43,73.44,24038.0
2026-08-25,2026-08-25 14:55:00,73.42,73.44,73.295,73.32,15146.0
2026-08-25,2026-08-25 15:00:00,73.31,73.36,73.27,73.36,15399.0
2026-08-25,2026-08-25 15:05:00,73.38,73.42,73.28,73.42,15306.0
2026-08-25,2026-08-25 15:10:00,73.4,73.43,73.3901,73.3901,8263.0
2026-08-25,2026-08-25 15:15:00,73.3968,73.4101,73.29,73.375,19639.0
2026-08-25,2026-08-25 15:20:00,73.375,73.48,73.375,73.46,10868.0
2026-08-25,2026-08-25 15:25:00,73.49,73.5,73.45,73.46,9325.0
2026-08-25,2026-08-25 15:30:00,73.45,73.47,73.42,73.425,13059.0
2026-08-25,2026-08-25 15:35:00,73.43,73.465,73.37,73.395,23367.0
2026-08-25,2026-08-25 15:40:00,73.41,73.4599,73.34,73.34,18193.0
2026-08-25,2026-08-25 15:45:00,73.36,73.4799,73.325,73.325,23949.0
2026-08-25,2026-08-25 15:50:00,73.32,73.32,73.1301,73.15,22647.0
2026-08-25,2026-08-25 15:55:00,73.12,73.14,73.01,73.09,61452.0
2026-08-25,2026-08-25 16:00:00,73.07,73.11,72.9214,73.04,378917.0
2026-08-26,2026-08-26 09:35:00,72.62,72.755,72.2201,72.35,17409.0
2026-08-26,2026-08-26 09:40:00,72.4,72.56,72.25,72.44,20781.0
2026-08-26,2026-08-26 09:45:00,72.44,72.44,72.26,72.355,3669.0
2026-08-26,2026-08-26 09:50:00,72.48,72.78,72.47,72.68,10807.0
2026-08-26,2026-08-26 09:55:00,72.7,72.77,72.49,72.55,12093.0
2026-08-26,2026-08-26 10:00:00,72.49,72.51,72.41,72.42,11982.0
2026-08-26,2026-08-26 10:05:00,72.42,72.54,72.42,72.54,12287.0
2026-08-26,2026-08-26 10:10:00,72.44,72.615,72.44,72.47,12434.0
2026-08-26,2026-08-26 10:15:00,72.5,72.58,72.41,72.5,18405.0
2026-08-26,2026-08-26 10:20:00,72.51,72.62,72.5,72.6,17834.0
2026-08-26,2026-08-26 10:25:00,72.55,72.64,72.54,72.605,9777.0
2026-08-26,2026-08-26 10:30:00,72.59,72.71,72.57,72.625,15042.0
2026-08-26,2026-08-26 10:35:00,72.6,72.65,72.53,72.615,18734.0
2026-08-26,2026-08-26 10:40:00,72.615,72.66,72.535,72.54,11652.0
2026-08-26,2026-08-26 10:45:00,72.52,72.61,72.51,72.61,13068.0
2026-08-26,2026-08-26 10:50:00,72.59,72.59,72.49,72.56,12382.0
2026-08-26,2026-08-26 10:55:00,72.52,72.57,72.43,72.55,14526.0
2026-08-26,2026-08-26 11:00:00,72.53,72.63,72.5,72.61,11938.0
2026-08-26,2026-08-26 11:05:00,72.6,72.625,72.52,72.59,11399.0
2026-08-26,2026-08-26 11:10:00,72.57,72.57,72.51,72.52,9093.0
2026-08-26,2026-08-26 11:15:00,72.52,72.52,72.4,72.44,15446.0
2026-08-26,2026-08-26 11:20:00,72.44,72.47,72.43,72.47,11017.0
2026-08-26,2026-08-26 11:25:00,72.46,72.55,72.46,72.51,7386.0
2026-08-26,2026-08-26 11:30:00,72.49,72.56,72.49,72.55,10104.0
2026-08-26,2026-08-26 11:35:00,72.55,72.615,72.52,72.535,8747.0
2026-08-26,2026-08-26 11:40:00,72.52,72.56,72.45,72.545,15700.0
2026-08-26,2026-08-26 11:45:00,72.55,72.58,72.52,72.58,8798.0
2026-08-26,2026-08-26 11:50:00,72.59,72.61,72.56,72.59,9239.0
2026-08-26,2026-08-26 11:55:00,72.59,72.64,72.54,72.57,10861.0
2026-08-26,2026-08-26 12:00:00,72.59,72.59,72.545,72.55,13058.0
2026-08-26,2026-08-26 12:05:00,72.58,72.58,72.55,72.57,6995.0
2026-08-26,2026-08-26 12:10:00,72.58,72.62,72.52,72.605,12126.0
2026-08-26,2026-08-26 12:15:00,72.62,72.66,72.59,72.61,8283.0
2026-08-26,2026-08-26 12:20:00,72.61,72.67,72.6,72.6,8057.0
2026-08-26,2026-08-26 12:25:00,72.59,72.62,72.51,72.56,9068.0
2026-08-26,2026-08-26 12:30:00,72.535,72.57,72.52,72.57,7316.0
2026-08-26,2026-08-26 12:35:00,72.58,72.62,72.55,72.62,7807.0
2026-08-26,2026-08-26 12:40:00,72.61,72.63,72.59,72.59,7873.0
2026-08-26,2026-08-26 12:45:00,72.59,72.59,72.54,72.56,11831.0
2026-08-26,2026-08-26 12:50:00,72.56,72.595,72.56,72.595,8721.0
2026-08-26,2026-08-26 12:55:00,72.615,72.62,72.58,72.6,5788.0
2026-08-26,2026-08-26 13:00:00,72.59,72.65,72.59,72.65,14524.0
2026-08-26,2026-08-26 13:05:00,72.64,72.655,72.61,72.63,7627.0
2026-08-26,2026-08-26 13:10:00,72.62,72.69,72.56,72.56,11687.0
2026-08-26,2026-08-26 13:15:00,72.58,72.6001,72.54,72.555,7055.0
2026-08-26,2026-08-26 13:20:00,72.54,72.6,72.53,72.58,11434.0
2026-08-26,2026-08-26 13:25:00,72.57,72.57,72.53,72.53,6781.0
2026-08-26,2026-08-26 13:30:00,72.52,72.54,72.5,72.52,7089.0
2026-08-26,2026-08-26 13:35:00,72.51,72.54,72.43,72.43,14003.0
2026-08-26,2026-08-26 13:40:00,72.44,72.485,72.37,72.48,15197.0
2026-08-26,2026-08-26 13:45:00,72.465,72.51,72.45,72.48,11302.0
2026-08-26,2026-08-26 13:50:00,72.485,72.52,72.46,72.48,9089.0
2026-08-26,2026-08-26 13:55:00,72.48,72.56,72.48,72.555,8956.0
2026-08-26,2026-08-26 14:00:00,72.56,72.56,72.51,72.53,9129.0
2026-08-26,2026-08-26 14:05:00,72.53,72.56,72.49,72.49,12164.0
2026-08-26,2026-08-26 14:10:00,72.505,72.525,72.495,72.495,9033.0
2026-08-26,2026-08-26 14:15:00,72.5,72.62,72.495,72.61,11380.0
2026-08-26,2026-08-26 14:20:00,72.615,72.71,72.61,72.71,9717.0
2026-08-26,2026-08-26 14:25:00,72.7,72.72,72.66,72.66,10090.0
2026-08-26,2026-08-26 14:30:00,72.665,72.757,72.665,72.745,9002.0
2026-08-26,2026-08-26 14:35:00,72.745,72.76,72.7214,72.755,8316.0
2026-08-26,2026-08-26 14:40:00,72.755,72.755,72.725,72.745,8694.0
2026-08-26,2026-08-26 14:45:00,72.745,72.77,72.725,72.75,11937.0
2026-08-26,2026-08-26 14:50:00,72.75,72.8,72.73,72.8,18298.0
2026-08-26,2026-08-26 14:55:00,72.7914,72.82,72.78,72.81,9555.0
2026-08-26,2026-08-26 15:00:00,72.81,72.88,72.78,72.88,18736.0
2026-08-26,2026-08-26 15:05:00,72.845,72.9,72.83,72.83,11587.0
2026-08-26,2026-08-26 15:10:00,72.83,72.9,72.81,72.82,15378.0
2026-08-26,2026-08-26 15:15:00,72.82,72.89,72.82,72.86,20020.0
2026-08-26,2026-08-26 15:20:00,72.865,72.865,72.81,72.81,16736.0
2026-08-26,2026-08-26 15:25:00,72.8,72.85,72.795,72.835,14713.0
2026-08-26,2026-08-26 15:30:00,72.835,72.835,72.7601,72.82,28051.0
2026-08-26,2026-08-26 15:35:00,72.81,72.85,72.76,72.835,23702.0
2026-08-26,2026-08-26 15:40:00,72.835,72.85,72.765,72.79,22837.0
2026-08-26,2026-08-26 15:45:00,72.78,72.81,72.73,72.77,29222.0
2026-08-26,2026-08-26 15:50:00,72.77,72.82,72.74,72.81,32038.0
2026-08-26,2026-08-26 15:55:00,72.83,72.93,72.72,72.82,79791.0
2026-08-26,2026-08-26 16:00:00,72.79,72.79,72.63,72.68,469330.0
2026-08-27,2026-08-27 09:35:00,71.9,71.93,71.01,71.7,38796.0
2026-08-27,2026-08-27 09:40:00,71.7,72.08,71.58,72.08,7739.0
2026-08-27,2026-08-27 09:45:00,71.95,71.95,71.46,71.46,11715.0
2026-08-27,2026-08-27 09:50:00,71.51,71.74,71.48,71.74,16708.0
2026-08-27,2026-08-27 09:55:00,71.655,71.656,71.45,71.45,13379.0
2026-08-27,2026-08-27 10:00:00,71.45,71.59,71.45,71.53,10092.0
2026-08-27,2026-08-27 10:05:00,71.49,71.51,71.36,71.51,9719.0
2026-08-27,2026-08-27 10:10:00,71.515,71.72,71.44,71.64,10860.0
2026-08-27,2026-08-27 10:15:00,71.625,71.6583,71.34,71.34,8670.0
2026-08-27,2026-08-27 10:20:00,71.39,71.5973,71.33,71.5973,10728.0
2026-08-27,2026-08-27 10:25:00,71.52,71.57,71.4872,71.57,6547.0
2026-08-27,2026-08-27 10:30:00,71.575,71.615,71.53,71.615,9429.0
2026-08-27,2026-08-27 10:35:00,71.62,71.67,71.53,71.67,20479.0
2026-08-27,2026-08-27 10:40:00,71.71,71.73,71.57,71.7,34192.0
2026-08-27,2026-08-27 10:45:00,71.66,71.68,71.61,71.645,12507.0
2026-08-27,2026-08-27 10:50:00,71.62,71.69,71.535,71.55,16055.0
2026-08-27,2026-08-27 10:55:00,71.565,71.68,71.565,71.62,11813.0
2026-08-27,2026-08-27 11:00:00,71.61,71.65,71.57,71.61,7114.0
2026-08-27,2026-08-27 11:05:00,71.61,71.7,71.61,71.69,14169.0
2026-08-27,2026-08-27 11:10:00,71.695,71.75,71.6,71.63,10432.0
2026-08-27,2026-08-27 11:15:00,71.59,71.635,71.58,71.593105,6398.0
2026-08-27,2026-08-27 11:20:00,71.595,71.73,71.595,71.73,9813.0
2026-08-27,2026-08-27 11:25:00,71.725,71.73,71.595,71.625,14163.0
2026-08-27,2026-08-27 11:30:00,71.625,71.645,71.5501,71.58,7658.0
2026-08-27,2026-08-27 11:35:00,71.58,71.58,71.54,71.5525,5211.0
2026-08-27,2026-08-27 11:40:00,71.54,71.650696,71.54,71.585,8863.0
2026-08-27,2026-08-27 11:45:00,71.6,71.645,71.59,71.59,4930.0
2026-08-27,2026-08-27 11:50:00,71.59,71.65,71.57,71.63,5199.0
2026-08-27,2026-08-27 11:55:00,71.64,71.66,71.62,71.62,3653.0
2026-08-27,2026-08-27 12:00:00,71.615,71.615,71.555,71.57,5414.0
2026-08-27,2026-08-27 12:05:00,71.56,71.605,71.555,71.56,15303.0
2026-08-27,2026-08-27 12:10:00,71.52,71.525,71.44,71.46,9199.0
2026-08-27,2026-08-27 12:15:00,71.46,71.48,71.39,71.39,5385.0
2026-08-27,2026-08-27 12:20:00,71.37,71.39,71.355,71.365,6874.0
2026-08-27,2026-08-27 12:25:00,71.32,71.32,71.22,71.27,6130.0
2026-08-27,2026-08-27 12:30:00,71.265,71.27,71.21,71.21,6006.0
2026-08-27,2026-08-27 12:35:00,71.225,71.2251,71.1,71.12,32660.0
2026-08-27,2026-08-27 12:40:00,71.1,71.13,71.065,71.07,16979.0
2026-08-27,2026-08-27 12:45:00,71.05,71.07,70.94,70.94,21794.0
2026-08-27,2026-08-27 12:50:00,70.94,71.01,70.94,70.97,6963.0
2026-08-27,2026-08-27 12:55:00,70.96,70.995,70.91,70.935,9749.0
2026-08-27,2026-08-27 13:00:00,70.92,70.92,70.85,70.87,11711.0
2026-08-27,2026-08-27 13:05:00,70.87,70.99,70.85,70.92,16247.0
2026-08-27,2026-08-27 13:10:00,70.915,71.01,70.89,71.01,27245.0
2026-08-27,2026-08-27 13:15:00,71.01,71.02,70.93,70.945,13166.0
2026-08-27,2026-08-27 13:20:00,70.945,70.99,70.92,70.96,8213.0
2026-08-27,2026-08-27 13:25:00,70.955,70.975,70.86,70.86,6567.0
2026-08-27,2026-08-27 13:30:00,70.91,71.055,70.91,71.055,24804.0
2026-08-27,2026-08-27 13:35:00,71.06,71.1,71.055,71.07,5397.0
2026-08-27,2026-08-27 13:40:00,71.105,71.105,70.97,71.01,9549.0
2026-08-27,2026-08-27 13:45:00,71.05,71.06,70.9301,70.9301,9150.0
2026-08-27,2026-08-27 13:50:00,70.94,71.0,70.93,70.97,22769.0
2026-08-27,2026-08-27 13:55:00,70.95,70.99,70.9,70.9751,14054.0
2026-08-27,2026-08-27 14:00:00,70.9863,71.045,70.96,71.02,14003.0
2026-08-27,2026-08-27 14:05:00,70.98,70.99,70.93,70.935,5095.0
2026-08-27,2026-08-27 14:10:00,70.92,71.0,70.89,71.0,9084.0
2026-08-27,2026-08-27 14:15:00,70.995,71.0,70.9101,70.9101,7735.0
2026-08-27,2026-08-27 14:20:00,70.935,71.0,70.91,70.94,6744.0
2026-08-27,2026-08-27 14:25:00,70.94,70.94,70.89,70.925,9856.0
2026-08-27,2026-08-27 14:30:00,70.91,70.91,70.72,70.79,34867.0
2026-08-27,2026-08-27 14:35:00,70.77,70.79,70.73,70.755,11087.0
2026-08-27,2026-08-27 14:40:00,70.755,70.77,70.7,70.77,8902.0
2026-08-27,2026-08-27 14:45:00,70.77,70.78,70.72,70.755,9931.0
2026-08-27,2026-08-27 14:50:00,70.76,70.84,70.75,70.84,6264.0
2026-08-27,2026-08-27 14:55:00,70.8,70.83,70.8,70.8001,6308.0
2026-08-27,2026-08-27 15:00:00,70.84,70.86,70.81,70.84,10120.0
2026-08-27,2026-08-27 15:05:00,70.81,70.82,70.727,70.78,9221.0
2026-08-27,2026-08-27 15:10:00,70.78,70.81,70.72,70.75,10904.0
2026-08-27,2026-08-27 15:15:00,70.74,70.83,70.72,70.8,13059.0
2026-08-27,2026-08-27 15:20:00,70.8,70.85,70.795,70.82,12395.0
2026-08-27,2026-08-27 15:25:00,70.82,70.905,70.82,70.88,17424.0
2026-08-27,2026-08-27 15:30:00,70.88,70.88,70.78,70.84,27075.0
2026-08-27,2026-08-27 15:35:00,70.82,70.92,70.82,70.86,26038.0
2026-08-27,2026-08-27 15:40:00,70.87,71.02,70.87,71.01,20473.0
2026-08-27,2026-08-27 15:45:00,70.99,71.05,70.95,70.995,25619.0
2026-08-27,2026-08-27 15:50:00,70.98,70.98,70.89,70.9,24078.0
2026-08-27,2026-08-27 15:55:00,70.93,70.98,70.805,70.96,54431.0
2026-08-27,2026-08-27 16:00:00,70.96,71.0,70.85,70.96,454225.0
2026-08-28,2026-08-28 09:35:00,71.18,71.49,71.18,71.325,13403.0
2026-08-28,2026-08-28 09:40:00,71.23,71.23,70.85,70.96,5022.0
2026-08-28,2026-08-28 09:45:00,70.925,70.97,70.86,70.905,4840.0
2026-08-28,2026-08-28 09:50:00,70.98,71.05,70.95,71.035,7799.0
2026-08-28,2026-08-28 09:55:00,71.04,71.115,70.84,71.115,22129.0
2026-08-28,2026-08-28 10:00:00,71.11,71.15,70.9875,70.9875,6161.0
2026-08-28,2026-08-28 10:05:00,70.95,71.01,70.89,70.91,5708.0
2026-08-28,2026-08-28 10:10:00,70.91,70.931,70.79,70.845,9841.0
2026-08-28,2026-08-28 10:15:00,70.82,70.89,70.78,70.79,6215.0
2026-08-28,2026-08-28 10:20:00,70.82,70.86,70.805,70.86,6742.0
2026-08-28,2026-08-28 10:25:00,70.85,70.9,70.75,70.81,7683.0
2026-08-28,2026-08-28 10:30:00,70.8,70.8,70.685,70.685,2925.0
2026-08-28,2026-08-28 10:35:00,70.7,70.74,70.664,70.71,7053.0
2026-08-28,2026-08-28 10:40:00,70.72,71.0,70.72,70.97,12781.0
2026-08-28,2026-08-28 10:45:00,70.985,71.02,70.88,70.975,10832.0
2026-08-28,2026-08-28 10:50:00,71.03,71.03,70.955,71.01,12794.0
2026-08-28,2026-08-28 10:55:00,71.01,71.11,71.0,71.11,3169.0
2026-08-28,2026-08-28 11:00:00,71.11,71.13,71.055231,71.085,6037.0
2026-08-28,2026-08-28 11:05:00,71.09,71.09,71.02,71.025,7727.0
2026-08-28,2026-08-28 11:10:00,71.025,71.05,71.005,71.04,4572.0
2026-08-28,2026-08-28 11:15:00,71.025,71.07,71.025,71.06,4778.0
2026-08-28,2026-08-28 11:20:00,71.04,71.12,71.02,71.105,7612.0
2026-08-28,2026-08-28 11:25:00,71.12,71.25,71.12,71.25,8069.0
2026-08-28,2026-08-28 11:30:00,71.265,71.305,71.24,71.3,16018.0
2026-08-28,2026-08-28 11:35:00,71.315,71.32,71.25,71.265,8959.0
2026-08-28,2026-08-28 11:40:00,71.27,71.27,71.13,71.13,4993.0
2026-08-28,2026-08-28 11:45:00,71.14,71.2,71.1,71.155,6416.0
2026-08-28,2026-08-28 11:50:00,71.15,71.21,71.15,71.2,4308.0
2026-08-28,2026-08-28 11:55:00,71.19,71.21,71.17,71.19,5571.0
2026-08-28,2026-08-28 12:00:00,71.195,71.195,71.1532,71.17,4878.0
2026-08-28,2026-08-28 12:05:00,71.17,71.29,71.17,71.27,5477.0
2026-08-28,2026-08-28 12:10:00,71.26,71.26,71.21,71.22,8706.0
2026-08-28,2026-08-28 12:15:00,71.2,71.24,71.15,71.16,4832.0
2026-08-28,2026-08-28 12:20:00,71.15,71.18,71.12,71.12,5518.0
2026-08-28,2026-08-28 12:25:00,71.1,71.16,71.08,71.08,6208.0
2026-08-28,2026-08-28 12:30:00,71.03,71.08,71.02,71.04,3574.0
2026-08-28,2026-08-28 12:35:00,71.04,71.08,71.04,71.07,2903.0
2026-08-28,2026-08-28 12:40:00,71.08,71.12,71.08,71.08,7801.0
2026-08-28,2026-08-28 12:45:00,71.0849,71.135,71.075,71.11,4878.0
2026-08-28,2026-08-28 12:50:00,71.1,71.1,71.085,71.085,1987.0
2026-08-28,2026-08-28 12:55:00,71.09,71.11,71.035,71.05,5135.0
2026-08-28,2026-08-28 13:00:00,71.055,71.0817,71.04,71.07,5951.0
2026-08-28,2026-08-28 13:05:00,71.09,71.095,71.055,71.055,2903.0
2026-08-28,2026-08-28 13:10:00,71.08,71.15,71.08,71.15,5616.0
2026-08-28,2026-08-28 13:15:00,71.16,71.1731,71.14,71.1651,4453.0
2026-08-28,2026-08-28 13:20:00,71.17,71.205,71.15,71.205,6787.0
2026-08-28,2026-08-28 13:25:00,71.18,71.205,71.17,71.2,5150.0
2026-08-28,2026-08-28 13:30:00,71.17,71.195,71.14,71.14,5143.0
2026-08-28,2026-08-28 13:35:00,71.14,71.225,71.14,71.225,7911.0
2026-08-28,2026-08-28 13:40:00,71.26,71.32,71.24,71.32,12271.0
2026-08-28,2026-08-28 13:45:00,71.33,71.33,71.24,71.26,11154.0
2026-08-28,2026-08-28 13:50:00,71.27,71.29,71.19,71.21,7655.0
2026-08-28,2026-08-28 13:55:00,71.21,71.245,71.21,71.2449,5075.0
2026-08-28,2026-08-28 14:00:00,71.21,71.249,71.2008,71.24,5620.0
2026-08-28,2026-08-28 14:05:00,71.25,71.275,71.25,71.27,5399.0
2026-08-28,2026-08-28 14:10:00,71.275,71.29,71.275,71.29,3375.0
2026-08-28,2026-08-28 14:15:00,71.28,71.315,71.28,71.28,6672.0
2026-08-28,2026-08-28 14:20:00,71.275,71.41,71.275,71.38,12797.0
2026-08-28,2026-08-28 14:25:00,71.38,71.38,71.32,71.32,9570.0
2026-08-28,2026-08-28 14:30:00,71.345,71.35,71.3,71.325,9250.0
2026-08-28,2026-08-28 14:35:00,71.325,71.355,71.31,71.31,5955.0
2026-08-28,2026-08-28 14:40:00,71.295,71.3,71.265,71.3,8312.0
2026-08-28,2026-08-28 14:45:00,71.305,71.305,71.2721,71.305,4612.0
2026-08-28,2026-08-28 14:50:00,71.31,71.345,71.29,71.345,8355.0
2026-08-28,2026-08-28 14:55:00,71.34,71.36,71.3,71.305,8731.0
2026-08-28,2026-08-28 15:00:00,71.31,71.36,71.3,71.345,8941.0
2026-08-28,2026-08-28 15:05:00,71.33,71.36,71.33,71.35,5141.0
2026-08-28,2026-08-28 15:10:00,71.36,71.415,71.36,71.375,13250.0
2026-08-28,2026-08-28 15:15:00,71.39,71.44,71.375,71.44,8536.0
2026-08-28,2026-08-28 15:20:00,71.42,71.46,71.39,71.445,9030.0
2026-08-28,2026-08-28 15:25:00,71.445,71.5,71.44,71.445,11551.0
2026-08-28,2026-08-28 15:30:00,71.45,71.48,71.44,71.47,11325.0
2026-08-28,2026-08-28 15:35:00,71.48,71.48,71.37,71.38,16396.0
2026-08-28,2026-08-28 15:40:00,71.38,71.395,71.35,71.39,13518.0
2026-08-28,2026-08-28 15:45:00,71.4,71.49,71.4,71.44,17338.0
2026-08-28,2026-08-28 15:50:00,71.44,71.445,71.31,71.32,17268.0
2026-08-28,2026-08-28 15:55:00,71.33,71.415,71.19,71.215,67167.0
2026-08-28,2026-08-28 16:00:00,71.26,71.26,71.14,71.17,332091.0
2026-08-31,2026-08-31 09:35:00,70.49,70.755,69.82,69.82,15281.0
2026-08-31,2026-08-31 09:40:00,69.8,70.18,69.755,70.18,8962.0
2026-08-31,2026-08-31 09:45:00,70.05,70.05,69.725,69.725,5913.0
2026-08-31,2026-08-31 09:50:00,69.6901,69.88,69.6374,69.755,11654.0
2026-08-31,2026-08-31 09:55:00,69.755,69.8,69.66,69.74,4429.0
2026-08-31,2026-08-31 10:00:00,69.775,69.95,69.775,69.8775,10314.0
2026-08-31,2026-08-31 10:05:00,69.78,70.15,69.78,70.1,9818.0
2026-08-31,2026-08-31 10:10:00,70.085,70.24,70.07,70.22,6283.0
2026-08-31,2026-08-31 10:15:00,70.225,70.225,70.085,70.0875,12398.0
2026-08-31,2026-08-31 10:20:00,70.13,70.27,69.99,69.99,14336.0
2026-08-31,2026-08-31 10:25:00,70.01,70.01,69.8501,69.89,7339.0
2026-08-31,2026-08-31 10:30:00,69.915,69.94,69.84,69.9,7105.0
2026-08-31,2026-08-31 10:35:00,69.895,70.0221,69.84,69.84,6344.0
2026-08-31,2026-08-31 10:40:00,69.84,70.055,69.84,70.055,8438.0
2026-08-31,2026-08-31 10:45:00,70.08,70.107,69.995,69.995,5804.0
2026-08-31,2026-08-31 10:50:00,69.975,70.07,69.97,70.07,5561.0
2026-08-31,2026-08-31 10:55:00,70.06,70.22,70.045,70.21,8936.0
2026-08-31,2026-08-31 11:00:00,70.195,70.3,70.175,70.27,6468.0
2026-08-31,2026-08-31 11:05:00,70.28,70.37,70.24,70.24,11742.0
2026-08-31,2026-08-31 11:10:00,70.26,70.26,70.14,70.145,7268.0
2026-08-31,2026-08-31 11:15:00,70.145,70.16,70.0501,70.16,19829.0
2026-08-31,2026-08-31 11:20:00,70.165,70.195,70.165,70.19,6270.0
2026-08-31,2026-08-31 11:25:00,70.17,70.25,70.14,70.25,13530.0
2026-08-31,2026-08-31 11:30:00,70.24,70.24,70.18,70.215,9628.0
2026-08-31,2026-08-31 11:35:00,70.21,70.26,70.11,70.135,19789.0
2026-08-31,2026-08-31 11:40:00,70.14,70.155,70.11,70.13,11991.0
2026-08-31,2026-08-31 11:45:00,70.135,70.14,70.06,70.06,6523.0
2026-08-31,2026-08-31 11:50:00,70.06,70.1,70.055,70.06,11307.0
2026-08-31,2026-08-31 11:55:00,70.065,70.13,70.06,70.08,9343.0
2026-08-31,2026-08-31 12:00:00,70.07,70.1,70.07,70.07,5643.0
2026-08-31,2026-08-31 12:05:00,70.09,70.19,70.07,70.19,9706.0
2026-08-31,2026-08-31 12:10:00,70.18,70.2,70.075,70.08,9348.0
2026-08-31,2026-08-31 12:15:00,70.0401,70.14,70.02,70.14,6903.0
2026-08-31,2026-08-31 12:20:00,70.15,70.15,70.09,70.105,5880.0
2026-08-31,2026-08-31 12:25:00,70.08,70.095,70.05,70.08,9275.0
2026-08-31,2026-08-31 12:30:00,70.07,70.1,70.03,70.1,7584.0
2026-08-31,2026-08-31 12:35:00,70.105,70.145,70.105,70.115,6899.0
2026-08-31,2026-08-31 12:40:00,70.1101,70.12,70.075,70.075,6194.0
2026-08-31,2026-08-31 12:45:00,70.05,70.06,70.04,70.04,6098.0
2026-08-31,2026-08-31 12:50:00,70.035,70.08,70.035,70.065,8160.0
2026-08-31,2026-08-31 12:55:00,70.065,70.08,70.0,70.0,8287.0
2026-08-31,2026-08-31 13:00:00,70.01,70.03,70.0,70.0,6772.0
2026-08-31,2026-08-31 13:05:00,69.995,70.04,69.995,70.04,8148.0
2026-08-31,2026-08-31 13:10:00,70.05,70.05,69.95,69.97,12521.0
2026-08-31,2026-08-31 13:15:00,69.97,70.0,69.93,69.9499,11923.0
2026-08-31,2026-08-31 13:20:00,69.95,69.95,69.915,69.95,5961.0
2026-08-31,2026-08-31 13:25:00,69.941,69.941,69.9,69.925,7750.0
2026-08-31,2026-08-31 13:30:00,69.92,69.99,69.915,69.98,12716.0
2026-08-31,2026-08-31 13:35:00,69.97,69.97,69.89,69.91,7985.0
2026-08-31,2026-08-31 13:40:00,69.915,70.0,69.9,69.985,13669.0
2026-08-31,2026-08-31 13:45:00,69.99,69.99,69.95,69.965,4182.0
2026-08-31,2026-08-31 13:50:00,69.965,69.965,69.9,69.9,6718.0
2026-08-31,2026-08-31 13:55:00,69.905,69.94,69.89,69.935,10608.0
2026-08-31,2026-08-31 14:00:00,69.94,69.9532,69.87,69.93,23643.0
2026-08-31,2026-08-31 14:05:00,69.935,69.97,69.855,69.855,12675.0
2026-08-31,2026-08-31 14:10:00,69.855,69.88,69.855,69.86,7863.0
2026-08-31,2026-08-31 14:15:00,69.86,69.9,69.841,69.895,12584.0
2026-08-31,2026-08-31 14:20:00,69.895,69.895,69.8306,69.84,7106.0
2026-08-31,2026-08-31 14:25:00,69.85,69.91,69.84,69.865,18538.0
2026-08-31,2026-08-31 14:30:00,69.87,69.925,69.795,69.92,31302.0
2026-08-31,2026-08-31 14:35:00,69.92,70.02,69.8801,70.02,15405.0
2026-08-31,2026-08-31 14:40:00,70.025,70.025,69.98,69.99,15432.0
2026-08-31,2026-08-31 14:45:00,69.98,69.985,69.88,69.88,12745.0
2026-08-31,2026-08-31 14:50:00,69.88,69.88,69.81,69.825,14948.0
2026-08-31,2026-08-31 14:55:00,69.81,69.84,69.7653,69.775,16162.0
2026-08-31,2026-08-31 15:00:00,69.77,69.835,69.76,69.835,16347.0
2026-08-31,2026-08-31 15:05:00,69.84,69.86,69.79,69.805,9286.0
2026-08-31,2026-08-31 15:10:00,69.81,69.91,69.8,69.91,16002.0
2026-08-31,2026-08-31 15:15:00,69.905,70.015,69.88,70.015,12501.0
2026-08-31,2026-08-31 15:20:00,70.01,70.11,70.0,70.05,23118.0
2026-08-31,2026-08-31 15:25:00,70.045,70.07,69.9703,70.04,27992.0
2026-08-31,2026-08-31 15:30:00,70.03,70.135,70.0128,70.105,24969.0
2026-08-31,2026-08-31 15:35:00,70.12,70.205,70.09,70.18,41608.0
2026-08-31,2026-08-31 15:40:00,70.18,70.2299,70.1,70.1,45951.0
2026-08-31,2026-08-31 15:45:00,70.1,70.23,70.09,70.19,30685.0
2026-08-31,2026-08-31 15:50:00,70.18,70.265,70.17,70.25,48661.0
2026-08-31,2026-08-31 15:55:00,70.25,70.32,70.16,70.265,92890.0
2026-08-31,2026-08-31 16:00:00,70.24,70.243,69.93,70.09,817499.0
2026-09-01,2026-09-01 09:35:00,70.255,70.8,70.255,70.48,25221.0
2026-09-01,2026-09-01 09:40:00,70.67,70.67,70.28,70.35,5283.0
2026-09-01,2026-09-01 09:45:00,70.348449,70.39,70.1391,70.33,9666.0
2026-09-01,2026-09-01 09:50:00,70.13,70.2,69.89,69.925,14517.0
2026-09-01,2026-09-01 09:55:00,69.92,69.975,69.32,69.39,10573.0
2026-09-01,2026-09-01 10:00:00,69.395,69.73,69.395,69.7,9031.0
2026-09-01,2026-09-01 10:05:00,69.69,69.805,69.68,69.725,7640.0
2026-09-01,2026-09-01 10:10:00,69.725,69.82,69.63,69.63,8813.0
2026-09-01,2026-09-01 10:15:00,69.57,69.6,69.415,69.58,8340.0
2026-09-01,2026-09-01 10:20:00,69.585,69.65,69.44,69.6265,9087.0
2026-09-01,2026-09-01 10:25:00,69.52,69.73,69.52,69.73,13533.0
2026-09-01,2026-09-01 10:30:00,69.745,69.89,69.745,69.855,5369.0
2026-09-01,2026-09-01 10:35:00,69.855,69.855,69.75,69.75,8191.0
2026-09-01,2026-09-01 10:40:00,69.795,69.83,69.76,69.765,6509.0
2026-09-01,2026-09-01 10:45:00,69.79,69.79,69.58,69.61,8690.0
2026-09-01,2026-09-01 10:50:00,69.64,69.72,69.57,69.59,15891.0
2026-09-01,2026-09-01 10:55:00,69.58,69.62,69.48,69.525,6966.0
2026-09-01,2026-09-01 11:00:00,69.53,69.72,69.53,69.58,7263.0
2026-09-01,2026-09-01 11:05:00,69.57,69.57,69.455,69.48,6134.0
2026-09-01,2026-09-01 11:10:00,69.54,69.65,69.535,69.58,11929.0
2026-09-01,2026-09-01 11:15:00,69.61,69.66,69.61,69.64,6565.0
2026-09-01,2026-09-01 11:20:00,69.63,69.75,69.61,69.74,9801.0
2026-09-01,2026-09-01 11:25:00,69.74,69.785,69.69,69.785,8287.0
2026-09-01,2026-09-01 11:30:00,69.76,69.76,69.635,69.675,5765.0
2026-09-01,2026-09-01 11:35:00,69.675,69.7,69.64,69.68,5290.0
2026-09-01,2026-09-01 11:40:00,69.71,69.78,69.71,69.735,12689.0
2026-09-01,2026-09-01 11:45:00,69.735,69.8,69.73,69.8,6196.0
2026-09-01,2026-09-01 11:50:00,69.79,69.79,69.76,69.78,5538.0
2026-09-01,2026-09-01 11:55:00,69.785,69.785,69.7001,69.7001,7417.0
2026-09-01,2026-09-01 12:00:00,69.75,69.75,69.665,69.67,6725.0
2026-09-01,2026-09-01 12:05:00,69.69,69.77,69.66,69.77,9063.0
2026-09-01,2026-09-01 12:10:00,69.755,69.81,69.755,69.795,4875.0
2026-09-01,2026-09-01 12:15:00,69.81,69.84,69.795,69.8,8405.0
2026-09-01,2026-09-01 12:20:00,69.78,69.79,69.76,69.785,4283.0
2026-09-01,2026-09-01 12:25:00,69.76,69.765,69.66,69.68,8660.0
2026-09-01,2026-09-01 12:30:00,69.67,69.74,69.65,69.735,9930.0
2026-09-01,2026-09-01 12:35:00,69.745,69.79,69.7,69.7,13230.0
2026-09-01,2026-09-01 12:40:00,69.7,69.73,69.69,69.73,7246.0
2026-09-01,2026-09-01 12:45:00,69.73,69.78,69.73,69.78,8374.0
2026-09-01,2026-09-01 12:50:00,69.8,69.8,69.75,69.79,11752.0
2026-09-01,2026-09-01 12:55:00,69.785,69.785,69.7236,69.74,6271.0
2026-09-01,2026-09-01 13:00:00,69.74,69.74,69.67,69.68,8605.0
2026-09-01,2026-09-01 13:05:00,69.67,69.675,69.63,69.63,6528.0
2026-09-01,2026-09-01 13:10:00,69.65,69.66,69.59,69.615,12723.0
2026-09-01,2026-09-01 13:15:00,69.62,69.64,69.6,69.62,5936.0
2026-09-01,2026-09-01 13:20:00,69.62,69.6399,69.58,69.6,8544.0
2026-09-01,2026-09-01 13:25:00,69.61,69.61,69.58,69.58,4901.0
2026-09-01,2026-09-01 13:30:00,69.595,69.61,69.53,69.6,13394.0
2026-09-01,2026-09-01 13:35:00,69.64,69.67,69.63,69.665,7859.0
2026-09-01,2026-09-01 13:40:00,69.66,69.67,69.515,69.54,9015.0
2026-09-01,2026-09-01 13:45:00,69.559,69.629,69.555,69.62,8028.0
2026-09-01,2026-09-01 13:50:00,69.65,69.65,69.61,69.62,6027.0
2026-09-01,2026-09-01 13:55:00,69.64,69.67,69.61,69.63,6794.0
2026-09-01,2026-09-01 14:00:00,69.635,69.71,69.6,69.71,12556.0
2026-09-01,2026-09-01 14:05:00,69.74,69.74,69.646999,69.665,6843.0
2026-09-01,2026-09-01 14:10:00,69.68,69.73,69.68,69.705,7605.0
2026-09-01,2026-09-01 14:15:00,69.6901,69.745,69.645,69.695,20747.0
2026-09-01,2026-09-01 14:20:00,69.7085,69.76,69.7,69.705,12557.0
2026-09-01,2026-09-01 14:25:00,69.75,69.76,69.75,69.75,6129.0
2026-09-01,2026-09-01 14:30:00,69.74,69.745,69.71,69.71,6916.0
2026-09-01,2026-09-01 14:35:00,69.71,69.715,69.64,69.65,8429.0
2026-09-01,2026-09-01 14:40:00,69.68,69.68,69.61,69.61,9389.0
2026-09-01,2026-09-01 14:45:00,69.62,69.66,69.6,69.6,9038.0
2026-09-01,2026-09-01 14:50:00,69.61,69.62,69.475,69.54,25690.0
2026-09-01,2026-09-01 14:55:00,69.525,69.54,69.47,69.47,10478.0
2026-09-01,2026-09-01 15:00:00,69.47,69.53,69.47,69.51,10858.0
2026-09-01,2026-09-01 15:05:00,69.51,69.5201,69.48,69.51,9466.0
2026-09-01,2026-09-01 15:10:00,69.49,69.49,69.43,69.435,9750.0
2026-09-01,2026-09-01 15:15:00,69.435,69.45,69.38,69.39,10341.0
2026-09-01,2026-09-01 15:20:00,69.39,69.3951,69.35,69.38,12278.0
2026-09-01,2026-09-01 15:25:00,69.37,69.38,69.275,69.275,11094.0
2026-09-01,2026-09-01 15:30:00,69.28,69.3,69.27,69.3,10763.0
2026-09-01,2026-09-01 15:35:00,69.33,69.33,69.18,69.26,21564.0
2026-09-01,2026-09-01 15:40:00,69.27,69.29,69.16,69.2,18174.0
2026-09-01,2026-09-01 15:45:00,69.2,69.21,69.075,69.075,18495.0
2026-09-01,2026-09-01 15:50:00,69.08,69.16,69.08,69.09,17555.0
2026-09-01,2026-09-01 15:55:00,69.08,69.26,69.08,69.26,59685.0
2026-09-01,2026-09-01 16:00:00,69.26,69.3,69.15,69.28,516355.0
2026-09-02,2026-09-02 09:35:00,69.305,69.72,69.28,69.72,17538.0
2026-09-02,2026-09-02 09:40:00,69.73,70.045,69.73,70.045,10967.0
2026-09-02,2026-09-02 09:45:00,70.115,70.19,70.07,70.11,6221.0
2026-09-02,2026-09-02 09:50:00,70.2,70.435,70.2,70.435,11840.0
2026-09-02,2026-09-02 09:55:00,70.41,70.86,70.41,70.86,20154.0
2026-09-02,2026-09-02 10:00:00,70.87,70.94,70.65,70.65,8484.0
2026-09-02,2026-09-02 10:05:00,70.75,71.07,70.75,71.0565,7067.0
2026-09-02,2026-09-02 10:10:00,71.015,71.015,70.63,70.64,11306.0
2026-09-02,2026-09-02 10:15:00,70.53,70.76,70.37,70.41,8321.0
2026-09-02,2026-09-02 10:20:00,70.42,70.585,70.3685,70.485,12200.0
2026-09-02,2026-09-02 10:25:00,70.48,70.56,70.48,70.56,9005.0
2026-09-02,2026-09-02 10:30:00,70.555,70.555,70.39,70.395,18600.0
2026-09-02,2026-09-02 10:35:00,70.395,70.405,70.24,70.305,9978.0
2026-09-02,2026-09-02 10:40:00,70.32,70.48,70.32,70.4475,9915.0
2026-09-02,2026-09-02 10:45:00,70.45,70.465,70.38,70.465,9320.0
2026-09-02,2026-09-02 10:50:00,70.455,70.535,70.4,70.53,13464.0
2026-09-02,2026-09-02 10:55:00,70.52,70.555,70.48,70.51,13667.0
2026-09-02,2026-09-02 11:00:00,70.515,70.65,70.49,70.565,13364.0
2026-09-02,2026-09-02 11:05:00,70.55,70.5799,70.47,70.52,10479.0
2026-09-02,2026-09-02 11:10:00,70.52,70.52,70.38,70.4,8677.0
2026-09-02,2026-09-02 11:15:00,70.42,70.475,70.4,70.445,8211.0
2026-09-02,2026-09-02 11:20:00,70.455,70.57,70.41,70.545,13339.0
2026-09-02,2026-09-02 11:25:00,70.5401,70.7,70.5401,70.665,8553.0
2026-09-02,2026-09-02 11:30:00,70.68,70.78,70.665,70.755,6575.0
2026-09-02,2026-09-02 11:35:00,70.72,70.725,70.67,70.67,6502.0
2026-09-02,2026-09-02 11:40:00,70.65,70.7075,70.65,70.68,9135.0
2026-09-02,2026-09-02 11:45:00,70.66,70.725,70.59,70.59,7577.0
2026-09-02,2026-09-02 11:50:00,70.585,70.635,70.53,70.635,8105.0
2026-09-02,2026-09-02 11:55:00,70.635,70.66,70.62,70.62,7654.0
2026-09-02,2026-09-02 12:00:00,70.64,70.69,70.64,70.685,7224.0
2026-09-02,2026-09-02 12:05:00,70.67,70.68,70.62,70.665,9685.0
2026-09-02,2026-09-02 12:10:00,70.67,70.795,70.655,70.705,24056.0
2026-09-02,2026-09-02 12:15:00,70.7,70.74,70.685,70.73,14248.0
2026-09-02,2026-09-02 12:20:00,70.74,70.75,70.73,70.75,6486.0
2026-09-02,2026-09-02 12:25:00,70.76,70.8,70.715,70.715,9882.0
2026-09-02,2026-09-02 12:30:00,70.715,70.76,70.69,70.725,9997.0
2026-09-02,2026-09-02 12:35:00,70.74,70.74,70.67,70.67,12933.0
2026-09-02,2026-09-02 12:40:00,70.66,70.705,70.66,70.68,6169.0
2026-09-02,2026-09-02 12:45:00,70.69,70.7,70.675,70.7,5722.0
2026-09-02,2026-09-02 12:50:00,70.68,70.765,70.65,70.71,14114.0
2026-09-02,2026-09-02 12:55:00,70.71,70.71,70.635,70.66,11435.0
2026-09-02,2026-09-02 13:00:00,70.64,70.64,70.555,70.63,13114.0
2026-09-02,2026-09-02 13:05:00,70.625,70.625,70.57,70.61,15128.0
2026-09-02,2026-09-02 13:10:00,70.63,70.66,70.575,70.615,10091.0
2026-09-02,2026-09-02 13:15:00,70.58,70.59,70.47,70.47,12218.0
2026-09-02,2026-09-02 13:20:00,70.48,70.535,70.45,70.485,13700.0
2026-09-02,2026-09-02 13:25:00,70.49,70.56,70.46,70.515,11873.0
2026-09-02,2026-09-02 13:30:00,70.53,70.5725,70.49,70.49,12149.0
2026-09-02,2026-09-02 13:35:00,70.4838,70.495,70.4338,70.44,10144.0
2026-09-02,2026-09-02 13:40:00,70.44,70.46,70.43,70.445,9211.0
2026-09-02,2026-09-02 13:45:00,70.43,70.46,70.42,70.445,10454.0
2026-09-02,2026-09-02 13:50:00,70.445,70.475,70.41,70.445,15932.0
2026-09-02,2026-09-02 13:55:00,70.435,70.5,70.435,70.45,13553.0
2026-09-02,2026-09-02 14:00:00,70.465,70.51,70.465,70.495,10912.0
2026-09-02,2026-09-02 14:05:00,70.51,70.51,70.405,70.405,10980.0
2026-09-02,2026-09-02 14:10:00,70.405,70.41,70.37,70.37,8865.0
2026-09-02,2026-09-02 14:15:00,70.38,70.385,70.3,70.3,10046.0
2026-09-02,2026-09-02 14:20:00,70.3,70.355,70.27,70.2852,16711.0
2026-09-02,2026-09-02 14:25:00,70.27,70.29,70.2,70.22,12796.0
2026-09-02,2026-09-02 14:30:00,70.2,70.2,70.15,70.185,14356.0
2026-09-02,2026-09-02 14:35:00,70.19,70.22,70.1639,70.18,34314.0
2026-09-02,2026-09-02 14:40:00,70.19,70.23,70.18,70.18,12632.0
2026-09-02,2026-09-02 14:45:00,70.18,70.185,70.145,70.145,7582.0
2026-09-02,2026-09-02 14:50:00,70.16,70.165,70.11,70.11,8807.0
2026-09-02,2026-09-02 14:55:00,70.12,70.1299,70.09,70.115,12274.0
2026-09-02,2026-09-02 15:00:00,70.11,70.14,69.9939,70.0,13622.0
2026-09-02,2026-09-02 15:05:00,70.0,70.03,69.99,70.02,13286.0
2026-09-02,2026-09-02 15:10:00,70.02,70.03,69.94,69.97,24117.0
2026-09-02,2026-09-02 15:15:00,69.9538,69.97,69.905,69.96,13782.0
2026-09-02,2026-09-02 15:20:00,69.97,69.97,69.855,69.86,14492.0
2026-09-02,2026-09-02 15:25:00,69.85,69.85,69.79,69.82,16694.0
2026-09-02,2026-09-02 15:30:00,69.81,69.85,69.765,69.85,20603.0
2026-09-02,2026-09-02 15:35:00,69.85,69.86,69.77,69.77,19132.0
2026-09-02,2026-09-02 15:40:00,69.77,69.82,69.74,69.77,19426.0
2026-09-02,2026-09-02 15:45:00,69.78,69.86,69.78,69.85,25530.0
2026-09-02,2026-09-02 15:50:00,69.84,69.895,69.77,69.86,31121.0
2026-09-02,2026-09-02 15:55:00,69.86,69.88,69.735,69.85,56144.0
2026-09-02,2026-09-02 16:00:00,69.86,69.93,69.67,69.73,535445.0
2026-09-03,2026-09-03 09:35:00,69.78,70.36,69.35,70.36,24943.0
2026-09-03,2026-09-03 09:40:00,70.05,70.36,69.65,69.72,18794.0
2026-09-03,2026-09-03 09:45:00,69.68,69.9,69.5,69.9,59369.0
2026-09-03,2026-09-03 09:50:00,69.79,70.005,69.72,69.83,63616.0
2026-09-03,2026-09-03 09:55:00,69.83,69.87,69.5,69.79,155610.0
2026-09-03,2026-09-03 10:00:00,69.83,70.07,69.83,69.95,7358.0
2026-09-03,2026-09-03 10:05:00,70.0,70.03,69.86,69.86,8641.0
2026-09-03,2026-09-03 10:10:00,69.9,69.95,69.78,69.81,18160.0
2026-09-03,2026-09-03 10:15:00,69.81,69.81,69.68,69.68,42421.0
2026-09-03,2026-09-03 10:20:00,69.645,69.68,69.52,69.62,56879.0
2026-09-03,2026-09-03 10:25:00,69.66,69.77,69.53,69.54,300016.0
2026-09-03,2026-09-03 10:30:00,69.57,69.62,69.481,69.605,11598.0
2026-09-03,2026-09-03 10:35:00,69.6,69.64,69.28,69.28,33941.0
2026-09-03,2026-09-03 10:40:00,69.27,69.35,69.27,69.305,7711.0
2026-09-03,2026-09-03 10:45:00,69.29,69.29,69.09,69.17,5994.0
2026-09-03,2026-09-03 10:50:00,69.18,69.69,69.18,69.56,18357.0
2026-09-03,2026-09-03 10:55:00,69.575,69.575,69.3313,69.3775,5572.0
2026-09-03,2026-09-03 11:00:00,69.31,69.62,69.31,69.565,44741.0
2026-09-03,2026-09-03 11:05:00,69.5,69.52,69.3801,69.44,12306.0
2026-09-03,2026-09-03 11:10:00,69.5,69.575,69.47,69.52,77797.0
2026-09-03,2026-09-03 11:15:00,69.585,69.66,69.5701,69.66,7864.0
2026-09-03,2026-09-03 11:20:00,69.61,69.67,69.6,69.67,6208.0
2026-09-03,2026-09-03 11:25:00,69.665,69.665,69.59,69.66,5840.0
2026-09-03,2026-09-03 11:30:00,69.67,69.68,69.555,69.63,5080.0
2026-09-03,2026-09-03 11:35:00,69.6801,69.725,69.67,69.67,6366.0
2026-09-03,2026-09-03 11:40:00,69.69,69.69,69.61,69.625,4126.0
2026-09-03,2026-09-03 11:45:00,69.6,69.78,69.6,69.78,14408.0
2026-09-03,2026-09-03 11:50:00,69.81,69.86,69.81,69.82,3189.0
2026-09-03,2026-09-03 11:55:00,69.81,69.96,69.81,69.96,12133.0
2026-09-03,2026-09-03 12:00:00,69.99,70.39,69.96,70.35,56877.0
2026-09-03,2026-09-03 12:05:00,70.37,70.48,70.37,70.48,10310.0
2026-09-03,2026-09-03 12:10:00,70.45,70.45,70.22,70.22,7907.0
2026-09-03,2026-09-03 12:15:00,70.1799,70.18,70.075,70.18,4460.0
2026-09-03,2026-09-03 12:20:00,70.1866,70.1875,70.1866,70.1875,3656.0
2026-09-03,2026-09-03 12:25:00,70.19,70.2,70.14,70.2,5048.0
2026-09-03,2026-09-03 12:30:00,70.2,70.2,70.11,70.11,3223.0
2026-09-03,2026-09-03 12:35:00,70.16,70.22,70.14,70.166795,4763.0
2026-09-03,2026-09-03 12:40:00,70.14,70.17,70.13,70.17,2892.0
2026-09-03,2026-09-03 12:45:00,70.18,70.18,70.11,70.11,3159.0
2026-09-03,2026-09-03 12:50:00,70.115,70.18,70.09,70.18,6102.0
2026-09-03,2026-09-03 12:55:00,70.13,70.13,70.13,70.13,2462.0
2026-09-03,2026-09-03 13:00:00,70.11,70.145,70.07,70.1,4338.0
2026-09-03,2026-09-03 13:05:00,70.1,70.13,70.08,70.0975,4761.0
2026-09-03,2026-09-03 13:10:00,70.095,70.1,70.02,70.055,8033.0
2026-09-03,2026-09-03 13:15:00,70.065,70.065,70.0,70.02,3469.0
2026-09-03,2026-09-03 13:20:00,70.04,70.05,70.02,70.04,5352.0
2026-09-03,2026-09-03 13:25:00,70.07,70.08,70.04,70.06,5810.0
2026-09-03,2026-09-03 13:30:00,70.11,70.12,70.0711,70.12,3230.0
2026-09-03,2026-09-03 13:35:00,70.11,70.12,70.08,70.11,4880.0
2026-09-03,2026-09-03 13:40:00,70.11,70.16,70.11,70.12,3509.0
2026-09-03,2026-09-03 13:45:00,70.13,70.135,70.0736,70.0736,8569.0
2026-09-03,2026-09-03 13:50:00,70.05,70.07,70.04,70.06,6720.0
2026-09-03,2026-09-03 13:55:00,70.08,70.12,70.06,70.1,9288.0
2026-09-03,2026-09-03 14:00:00,70.11,70.14,70.06,70.135,7982.0
2026-09-03,2026-09-03 14:05:00,70.15,70.17,70.145,70.15,6664.0
2026-09-03,2026-09-03 14:10:00,70.145,70.145,70.0993,70.0993,6399.0
2026-09-03,2026-09-03 14:15:00,70.09,70.165,70.09,70.14,9466.0
2026-09-03,2026-09-03 14:20:00,70.12,70.19,70.11,70.19,10275.0
2026-09-03,2026-09-03 14:25:00,70.19,70.36,70.13,70.36,27127.0
2026-09-03,2026-09-03 14:30:00,70.35,70.38,70.25,70.31,27494.0
2026-09-03,2026-09-03 14:35:00,70.27,70.37,70.23,70.34,10375.0
2026-09-03,2026-09-03 14:40:00,70.32,70.43,70.31,70.43,8744.0
2026-09-03,2026-09-03 14:45:00,70.415,70.485,70.415,70.43,10123.0
2026-09-03,2026-09-03 14:50:00,70.5,70.56,70.5,70.52,13124.0
2026-09-03,2026-09-03 14:55:00,70.5,70.6,70.45,70.45,27940.0
2026-09-03,2026-09-03 15:00:00,70.47,70.54,70.45,70.54,11276.0
2026-09-03,2026-09-03 15:05:00,70.53,70.58,70.49,70.57,8171.0
2026-09-03,2026-09-03 15:10:00,70.56,70.62,70.55,70.59,15933.0
2026-09-03,2026-09-03 15:15:00,70.615,70.67,70.61,70.61,13829.0
2026-09-03,2026-09-03 15:20:00,70.59,70.68,70.55,70.55,28549.0
2026-09-03,2026-09-03 15:25:00,70.58,70.58,70.455,70.455,14982.0
2026-09-03,2026-09-03 15:30:00,70.435,70.475,70.42,70.44,17234.0
2026-09-03,2026-09-03 15:35:00,70.45,70.47,70.41,70.47,19525.0
2026-09-03,2026-09-03 15:40:00,70.48,70.59,70.48,70.53,17891.0
2026-09-03,2026-09-03 15:45:00,70.54,70.55,70.45,70.47,23292.0
2026-09-03,2026-09-03 15:50:00,70.47,70.5,70.411,70.49,32049.0
2026-09-03,2026-09-03 15:55:00,70.5,70.6,70.45,70.55,41929.0
2026-09-03,2026-09-03 16:00:00,70.54,70.66,70.51,70.64,420299.0
2026-09-04,2026-09-04 09:35:00,70.325,70.325,69.54,69.56,20973.0
2026-09-04,2026-09-04 09:40:00,69.79,69.8975,69.57,69.62,10361.0
2026-09-04,2026-09-04 09:45:00,69.57,69.825,69.51,69.685,6794.0
2026-09-04,2026-09-04 09:50:00,69.59,69.8,69.525,69.76,20441.0
2026-09-04,2026-09-04 09:55:00,69.72,69.905,69.5901,69.73,33351.0
2026-09-04,2026-09-04 10:00:00,69.67,69.79,69.52,69.59,21693.0
2026-09-04,2026-09-04 10:05:00,69.52,69.74,69.51,69.635,23221.0
2026-09-04,2026-09-04 10:10:00,69.675,69.76,69.59,69.59,9524.0
2026-09-04,2026-09-04 10:15:00,69.52,69.73,69.52,69.71,26735.0
2026-09-04,2026-09-04 10:20:00,69.73,69.88,69.73,69.855,25891.0
2026-09-04,2026-09-04 10:25:00,69.89,70.06,69.87,70.05,13861.0
2026-09-04,2026-09-04 10:30:00,70.05,70.13,70.01,70.085,56646.0
2026-09-04,2026-09-04 10:35:00,70.085,70.14,69.96,70.04,23013.0
2026-09-04,2026-09-04 10:40:00,70.04,70.04,69.9,69.905,13325.0
2026-09-04,2026-09-04 10:45:00,69.915,69.99,69.86,69.89,11066.0
2026-09-04,2026-09-04 10:50:00,69.895,69.895,69.75,69.8,26836.0
2026-09-04,2026-09-04 10:55:00,69.75,69.96,69.75,69.95,7277.0
2026-09-04,2026-09-04 11:00:00,69.96,69.97,69.8938,69.9,7309.0
2026-09-04,2026-09-04 11:05:00,69.92,70.05,69.92,70.035,8389.0
2026-09-04,2026-09-04 11:10:00,70.06,70.1,70.05,70.07,9008.0
2026-09-04,2026-09-04 11:15:00,70.08,70.26,70.08,70.245,12928.0
2026-09-04,2026-09-04 11:20:00,70.225,70.225,70.135,70.19,13035.0
2026-09-04,2026-09-04 11:25:00,70.21,70.25,70.2,70.24,10192.0
2026-09-04,2026-09-04 11:30:00,70.28,70.33,70.22,70.24,15702.0
2026-09-04,2026-09-04 11:35:00,70.24,70.24,70.15,70.16,11994.0
2026-09-04,2026-09-04 11:40:00,70.17,70.2575,70.17,70.255,12859.0
2026-09-04,2026-09-04 11:45:00,70.28,70.3653,70.28,70.36,9698.0
2026-09-04,2026-09-04 11:50:00,70.365,70.375,70.29,70.29,17496.0
2026-09-04,2026-09-04 11:55:00,70.29,70.375,70.26,70.375,14085.0
2026-09-04,2026-09-04 12:00:00,70.355,70.45,70.33,70.33,43682.0
2026-09-04,2026-09-04 12:05:00,70.36,70.39,70.35,70.35,6472.0
2026-09-04,2026-09-04 12:10:00,70.365,70.38,70.31,70.36,9982.0
2026-09-04,2026-09-04 12:15:00,70.345,70.48,70.34,70.48,12771.0
2026-09-04,2026-09-04 12:20:00,70.46,70.46,70.36,70.38,15045.0
2026-09-04,2026-09-04 12:25:00,70.38,70.38,70.31,70.325,6379.0
2026-09-04,2026-09-04 12:30:00,70.33,70.34,70.18,70.18,41033.0
2026-09-04,2026-09-04 12:35:00,70.18,70.195,70.025,70.17,60998.0
2026-09-04,2026-09-04 12:40:00,70.17,70.24,70.0,70.11,80694.0
2026-09-04,2026-09-04 12:45:00,70.09,70.22,69.915,69.99,246650.0
2026-09-04,2026-09-04 12:50:00,69.98,70.02,69.79,69.8,7738.0
2026-09-04,2026-09-04 12:55:00,69.825,69.825,69.79,69.815,4899.0
2026-09-04,2026-09-04 13:00:00,69.795,69.9,69.73,69.9,14523.0
2026-09-04,2026-09-04 13:05:00,69.92,69.92,69.775,69.79,8930.0
2026-09-04,2026-09-04 13:10:00,69.775,69.88,69.71,69.88,36010.0
2026-09-04,2026-09-04 13:15:00,69.89,69.935,69.86,69.9,7916.0
2026-09-04,2026-09-04 13:20:00,69.93,70.03,69.93,70.005,28130.0
2026-09-04,2026-09-04 13:25:00,69.965,69.965,69.965,69.965,4687.0
2026-09-04,2026-09-04 13:30:00,69.94,70.0,69.94,69.965,3459.0
2026-09-04,2026-09-04 13:35:00,69.965,69.99,69.93,69.95,13826.0
2026-09-04,2026-09-04 13:40:00,69.94,69.96,69.89,69.945,11251.0
2026-09-04,2026-09-04 13:45:00,69.96,69.96,69.83,69.83,8867.0
2026-09-04,2026-09-04 13:50:00,69.865,69.865,69.81,69.81,4948.0
2026-09-04,2026-09-04 13:55:00,69.79,69.79,69.7201,69.74,8032.0
2026-09-04,2026-09-04 14:00:00,69.74,69.74,69.59,69.68,18300.0
2026-09-04,2026-09-04 14:05:00,69.69,69.745,69.6823,69.73,7196.0
2026-09-04,2026-09-04 14:10:00,69.705,69.78,69.705,69.78,8764.0
2026-09-04,2026-09-04 14:15:00,69.76,69.81,69.75,69.81,7090.0
2026-09-04,2026-09-04 14:20:00,69.82,69.865,69.8,69.8,4246.0
2026-09-04,2026-09-04 14:25:00,69.79,69.79,69.75,69.75,3666.0
2026-09-04,2026-09-04 14:30:00,69.76,69.78,69.71,69.71,6225.0
2026-09-04,2026-09-04 14:35:00,69.7,69.745,69.7,69.7,6719.0
2026-09-04,2026-09-04 14:40:00,69.7,69.77,69.7,69.77,15584.0
2026-09-04,2026-09-04 14:45:00,69.79,69.85,69.79,69.8,6118.0
2026-09-04,2026-09-04 14:50:00,69.8,69.81,69.76,69.76,7205.0
2026-09-04,2026-09-04 14:55:00,69.755,69.815,69.71,69.78,11314.0
2026-09-04,2026-09-04 15:00:00,69.805,69.85,69.77,69.85,7297.0
2026-09-04,2026-09-04 15:05:00,69.83,69.83,69.8,69.81,4733.0
2026-09-04,2026-09-04 15:10:00,69.81,69.815,69.79,69.8,7203.0
2026-09-04,2026-09-04 15:15:00,69.8,69.805,69.77,69.77,7297.0
2026-09-04,2026-09-04 15:20:00,69.77,69.92,69.72,69.89,36645.0
2026-09-04,2026-09-04 15:25:00,69.895,69.9,69.8,69.81,10678.0
2026-09-04,2026-09-04 15:30:00,69.82,69.84,69.77,69.83,20492.0
2026-09-04,2026-09-04 15:35:00,69.835,69.835,69.61,69.63,45107.0
2026-09-04,2026-09-04 15:40:00,69.61,69.62,69.535,69.57,15601.0
2026-09-04,2026-09-04 15:45:00,69.58,69.59,69.53,69.565,17251.0
2026-09-04,2026-09-04 15:50:00,69.56,69.6,69.535,69.575,24719.0
2026-09-04,2026-09-04 15:55:00,69.58,69.74,69.56,69.56,37126.0
2026-09-04,2026-09-04 16:00:00,69.6,69.7,69.525,69.59,406574.0
2026-09-08,2026-09-08 09:35:00,68.55,68.82,68.33,68.65,28884.0
2026-09-08,2026-09-08 09:40:00,68.55,68.6,68.36,68.405,58304.0
2026-09-08,2026-09-08 09:45:00,68.41,68.6,68.146,68.6,69876.0
2026-09-08,2026-09-08 09:50:00,68.685,68.99,68.6,68.85,101830.0
2026-09-08,2026-09-08 09:55:00,68.845,68.89,68.72,68.78,23292.0
2026-09-08,2026-09-08 10:00:00,68.79,68.87,68.72,68.83,18679.0
2026-09-08,2026-09-08 10:05:00,68.8338,68.98,68.73,68.81,13637.0
2026-09-08,2026-09-08 10:10:00,68.8,68.85,68.52,68.525,28404.0
2026-09-08,2026-09-08 10:15:00,68.535,68.67,68.53,68.595,12365.0
2026-09-08,2026-09-08 10:20:00,68.57,68.63,68.34,68.34,28412.0
2026-09-08,2026-09-08 10:25:00,68.325,68.325,67.915,68.11,20503.0
2026-09-08,2026-09-08 10:30:00,68.15,68.21,68.01,68.01,6610.0
2026-09-08,2026-09-08 10:35:00,67.9585,68.06,67.95,68.035,5700.0
2026-09-08,2026-09-08 10:40:00,68.0,68.045,67.855,67.855,5137.0
2026-09-08,2026-09-08 10:45:00,67.8,67.84,67.68,67.68,6366.0
2026-09-08,2026-09-08 10:50:00,67.68,67.8,67.63,67.66,5936.0
2026-09-08,2026-09-08 10:55:00,67.71,67.72,67.6,67.64,4866.0
2026-09-08,2026-09-08 11:00:00,67.6,67.7589,67.59,67.7589,7964.0
2026-09-08,2026-09-08 11:05:00,67.695,67.8419,67.695,67.8419,6146.0
2026-09-08,2026-09-08 11:10:00,67.86,68.01,67.84,68.01,6047.0
2026-09-08,2026-09-08 11:15:00,68.015,68.105,67.88,67.915,45328.0
2026-09-08,2026-09-08 11:20:00,67.94,68.0,67.85,67.8883,17889.0
2026-09-08,2026-09-08 11:25:00,67.86,67.87,67.72,67.72,7593.0
2026-09-08,2026-09-08 11:30:00,67.65,67.67,67.6,67.655,5417.0
2026-09-08,2026-09-08 11:35:00,67.59,67.73,67.59,67.7,30859.0
2026-09-08,2026-09-08 11:40:00,67.69,67.79,67.69,67.735,93424.0
2026-09-08,2026-09-08 11:45:00,67.745,67.855,67.74,67.78,11853.0
2026-09-08,2026-09-08 11:50:00,67.815,67.895,67.77,67.895,9047.0
2026-09-08,2026-09-08 11:55:00,67.9,67.99,67.9,67.98,8254.0
2026-09-08,2026-09-08 12:00:00,67.98,67.98,67.75,67.78,13287.0
2026-09-08,2026-09-08 12:05:00,67.79,67.79,67.72,67.77,7318.0
2026-09-08,2026-09-08 12:10:00,67.795,67.86,67.77,67.835,8746.0
2026-09-08,2026-09-08 12:15:00,67.835,67.9,67.835,67.9,5044.0
2026-09-08,2026-09-08 12:20:00,67.92,68.055,67.88,68.055,10309.0
2026-09-08,2026-09-08 12:25:00,68.045,68.17,68.03,68.14,7541.0
2026-09-08,2026-09-08 12:30:00,68.11,68.12,68.1,68.11,11420.0
2026-09-08,2026-09-08 12:35:00,68.13,68.17,68.11,68.17,6912.0
2026-09-08,2026-09-08 12:40:00,68.17,68.17,68.05,68.06,27387.0
2026-09-08,2026-09-08 12:45:00,68.05,68.23,68.05,68.23,14657.0
2026-09-08,2026-09-08 12:50:00,68.24,68.28,68.23,68.28,8258.0
2026-09-08,2026-09-08 12:55:00,68.3,68.365,68.3,68.34,13915.0
2026-09-08,2026-09-08 13:00:00,68.36,68.405,68.2922,68.39,26243.0
2026-09-08,2026-09-08 13:05:00,68.39,68.5,68.37,68.5,25484.0
2026-09-08,2026-09-08 13:10:00,68.49,68.52,68.3132,68.33,22550.0
2026-09-08,2026-09-08 13:15:00,68.34,68.375,68.25,68.25,24734.0
2026-09-08,2026-09-08 13:20:00,68.245,68.265,68.24,68.255,19953.0
2026-09-08,2026-09-08 13:25:00,68.255,68.3,68.23,68.25,11218.0
2026-09-08,2026-09-08 13:30:00,68.25,68.31,68.24,68.29,11740.0
2026-09-08,2026-09-08 13:35:00,68.31,68.31,68.145,68.16,25637.0
2026-09-08,2026-09-08 13:40:00,68.175,68.175,68.145,68.145,4820.0
2026-09-08,2026-09-08 13:45:00,68.14,68.17,68.14,68.145,9559.0
2026-09-08,2026-09-08 13:50:00,68.17,68.265,68.17,68.24,8997.0
2026-09-08,2026-09-08 13:55:00,68.255,68.3,68.25,68.26,12895.0
2026-09-08,2026-09-08 14:00:00,68.25,68.25,68.23,68.235,8067.0
2026-09-08,2026-09-08 14:05:00,68.235,68.28,68.2161,68.26,9468.0
2026-09-08,2026-09-08 14:10:00,68.2538,68.3,68.2538,68.29,6961.0
2026-09-08,2026-09-08 14:15:00,68.285,68.3,68.285,68.3,14935.0
2026-09-08,2026-09-08 14:20:00,68.305,68.305,68.18,68.195,45361.0
2026-09-08,2026-09-08 14:25:00,68.195,68.195,68.07,68.07,8221.0
2026-09-08,2026-09-08 14:30:00,68.08,68.08,68.04,68.06,30966.0
2026-09-08,2026-09-08 14:35:00,68.07,68.07,67.95,67.98,35879.0
2026-09-08,2026-09-08 14:40:00,67.9601,67.98,67.92,67.94,15103.0
2026-09-08,2026-09-08 14:45:00,67.94,68.0,67.94,67.99,14783.0
2026-09-08,2026-09-08 14:50:00,67.97,67.99,67.825,67.845,44180.0
2026-09-08,2026-09-08 14:55:00,67.85,68.01,67.85,68.0,13805.0
2026-09-08,2026-09-08 15:00:00,67.98,67.99,67.92,67.935,27041.0
2026-09-08,2026-09-08 15:05:00,67.935,67.98,67.89,67.91,31695.0
2026-09-08,2026-09-08 15:10:00,67.895,67.96,67.875,67.945,12307.0
2026-09-08,2026-09-08 15:15:00,67.94,68.09,67.94,68.03,11804.0
2026-09-08,2026-09-08 15:20:00,68.02,68.14,68.0,68.125,36380.0
2026-09-08,2026-09-08 15:25:00,68.12,68.16,68.065,68.16,14115.0
2026-09-08,2026-09-08 15:30:00,68.15,68.21,68.135,68.19,15566.0
2026-09-08,2026-09-08 15:35:00,68.1806,68.1806,68.11,68.16,18788.0
2026-09-08,2026-09-08 15:40:00,68.16,68.22,68.145,68.21,22269.0
2026-09-08,2026-09-08 15:45:00,68.21,68.25,68.17,68.17,26315.0
2026-09-08,2026-09-08 15:50:00,68.16,68.21,68.09,68.15,34380.0
2026-09-08,2026-09-08 15:55:00,68.15,68.15,67.9,67.92,80422.0
2026-09-08,2026-09-08 16:00:00,67.94,67.95,67.6,67.69,1257350.0
2026-09-09,2026-09-09 09:35:00,67.07,67.51,66.72,67.1,28429.0
2026-09-09,2026-09-09 09:40:00,67.1,67.47,66.995,67.11,94637.0
2026-09-09,2026-09-09 09:45:00,67.24,67.6,67.02,67.6,38448.0
2026-09-09,2026-09-09 09:50:00,67.595,67.92,67.49,67.58,16268.0
2026-09-09,2026-09-09 09:55:00,67.55,67.9,67.55,67.595,15863.0
2026-09-09,2026-09-09 10:00:00,67.68,67.68,67.445,67.45,45689.0
2026-09-09,2026-09-09 10:05:00,67.45,67.47,67.17,67.26,20830.0
2026-09-09,2026-09-09 10:10:00,67.26,67.43,67.26,67.405,132014.0
2026-09-09,2026-09-09 10:15:00,67.41,67.58,67.34,67.455,31152.0
2026-09-09,2026-09-09 10:20:00,67.43,67.55,67.335,67.44,24434.0
2026-09-09,2026-09-09 10:25:00,67.435,67.45,67.17,67.21,23999.0
2026-09-09,2026-09-09 10:30:00,67.22,67.34,67.21,67.25,19960.0
2026-09-09,2026-09-09 10:35:00,67.245,67.25,67.12,67.12,51122.0
2026-09-09,2026-09-09 10:40:00,67.15,67.24,67.02,67.09,65971.0
2026-09-09,2026-09-09 10:45:00,67.1,67.17,67.095,67.16,25496.0
2026-09-09,2026-09-09 10:50:00,67.14,67.21,67.035,67.17,37099.0
2026-09-09,2026-09-09 10:55:00,67.19,67.26,67.18,67.23,39862.0
2026-09-09,2026-09-09 11:00:00,67.23,67.29,67.17,67.2,14451.0
2026-09-09,2026-09-09 11:05:00,67.2,67.29,67.15,67.2,47447.0
2026-09-09,2026-09-09 11:10:00,67.2,67.38,67.19,67.335,36183.0
2026-09-09,2026-09-09 11:15:00,67.325,67.335,67.25,67.285,27921.0
2026-09-09,2026-09-09 11:20:00,67.275,67.34,67.19,67.19,28316.0
2026-09-09,2026-09-09 11:25:00,67.19,67.31,67.1,67.31,46727.0
2026-09-09,2026-09-09 11:30:00,67.29,67.405,67.28,67.38,26836.0
2026-09-09,2026-09-09 11:35:00,67.36,67.365,67.26,67.32,14694.0
2026-09-09,2026-09-09 11:40:00,67.32,67.51,67.31,67.47,105917.0
2026-09-09,2026-09-09 11:45:00,67.495,67.505,67.415,67.42,11530.0
2026-09-09,2026-09-09 11:50:00,67.42,67.42,67.33,67.36,10664.0
2026-09-09,2026-09-09 11:55:00,67.36,67.38,67.2801,67.35,18852.0
2026-09-09,2026-09-09 12:00:00,67.37,67.42,67.29,67.31,31044.0
2026-09-09,2026-09-09 12:05:00,67.3,67.31,67.25,67.31,17805.0
2026-09-09,2026-09-09 12:10:00,67.315,67.34,67.19,67.29,46975.0
2026-09-09,2026-09-09 12:15:00,67.27,67.3,67.19,67.19,17544.0
2026-09-09,2026-09-09 12:20:00,67.18,67.22,67.135,67.17,18985.0
2026-09-09,2026-09-09 12:25:00,67.19,67.23,67.15,67.19,33930.0
2026-09-09,2026-09-09 12:30:00,67.19,67.305,67.19,67.25,15780.0
2026-09-09,2026-09-09 12:35:00,67.27,67.29,67.225,67.225,13320.0
2026-09-09,2026-09-09 12:40:00,67.23,67.25,67.21,67.23,18044.0
2026-09-09,2026-09-09 12:45:00,67.24,67.25,67.13,67.13,21452.0
2026-09-09,2026-09-09 12:50:00,67.13,67.185,67.06,67.125,18860.0
2026-09-09,2026-09-09 12:55:00,67.125,67.15,67.125,67.125,7965.0
2026-09-09,2026-09-09 13:00:00,67.11,67.18,66.815,66.93,98452.0
2026-09-09,2026-09-09 13:05:00,66.93,67.005,66.9,66.965,14997.0
2026-09-09,2026-09-09 13:10:00,66.965,67.0,66.9,66.91,13462.0
2026-09-09,2026-09-09 13:15:00,66.93,67.0,66.92,66.93,10877.0
2026-09-09,2026-09-09 13:20:00,66.925,66.98,66.925,66.98,14648.0
2026-09-09,2026-09-09 13:25:00,66.98,67.0,66.8,66.815,26531.0
2026-09-09,2026-09-09 13:30:00,66.82,66.93,66.785,66.93,19343.0
2026-09-09,2026-09-09 13:35:00,66.99,67.12,66.9,66.9,22355.0
2026-09-09,2026-09-09 13:40:00,66.85,66.94,66.845,66.87,18062.0
2026-09-09,2026-09-09 13:45:00,66.86,66.86,66.66,66.85,34027.0
2026-09-09,2026-09-09 13:50:00,66.87,66.89,66.77,66.88,17112.0
2026-09-09,2026-09-09 13:55:00,66.8898,66.91,66.6901,66.91,26861.0
2026-09-09,2026-09-09 14:00:00,66.905,66.94,66.865,66.91,17934.0
2026-09-09,2026-09-09 14:05:00,66.92,67.06,66.915,67.06,19136.0
2026-09-09,2026-09-09 14:10:00,67.06,67.06,66.96,66.96,17804.0
2026-09-09,2026-09-09 14:15:00,66.875,66.91,66.84,66.89,13744.0
2026-09-09,2026-09-09 14:20:00,66.875,66.95,66.83,66.93,20387.0
2026-09-09,2026-09-09 14:25:00,66.93,66.97,66.89,66.94,18869.0
2026-09-09,2026-09-09 14:30:00,66.91,67.065,66.88,67.035,27556.0
2026-09-09,2026-09-09 14:35:00,67.05,67.08,66.06,66.16,176011.0
2026-09-09,2026-09-09 14:40:00,66.21,66.305,66.05,66.245,55397.0
2026-09-09,2026-09-09 14:45:00,66.245,66.245,66.0,66.06,77186.0
2026-09-09,2026-09-09 14:50:00,66.0873,66.15,65.91,65.91,62072.0
2026-09-09,2026-09-09 14:55:00,65.91,65.91,65.09,65.22,163177.0
2026-09-09,2026-09-09 15:00:00,65.22,65.27,64.97,64.99,114433.0
2026-09-09,2026-09-09 15:05:00,65.01,65.0385,64.42,64.63,137628.0
2026-09-09,2026-09-09 15:10:00,64.645,64.76,63.82,64.215,258933.0
2026-09-09,2026-09-09 15:15:00,64.21,65.0,64.0001,64.76,204223.0
2026-09-09,2026-09-09 15:20:00,64.755,64.91,63.95,64.14,298515.0
2026-09-09,2026-09-09 15:25:00,64.19,64.2,63.41,64.065,271248.0
2026-09-09,2026-09-09 15:30:00,64.0725,64.14,63.7,63.765,175131.0
2026-09-09,2026-09-09 15:35:00,63.765,64.17,62.78,62.87,408023.0
2026-09-09,2026-09-09 15:40:00,62.89,63.47,62.77,63.16,392396.0
2026-09-09,2026-09-09 15:45:00,63.16,63.38,62.24,62.7,497236.0
2026-09-09,2026-09-09 15:50:00,62.7,63.23,62.33,63.14,563121.0
2026-09-09,2026-09-09 15:55:00,63.09,63.74,62.9975,63.2,610600.0
2026-09-09,2026-09-09 16:00:00,63.19,63.62,63.1,63.48,1549075.0
2026-09-10,2026-09-10 09:35:00,51.875,53.38,51.01,53.17,1057997.0
2026-09-10,2026-09-10 09:40:00,53.15,53.2,52.1801,52.52,781880.0
2026-09-10,2026-09-10 09:45:00,52.52,53.23,52.0801,53.17,617298.0
2026-09-10,2026-09-10 09:50:00,53.17,54.1,53.17,53.345,493553.0
2026-09-10,2026-09-10 09:55:00,53.3001,53.76,53.1,53.375,349427.0
2026-09-10,2026-09-10 10:00:00,53.38,54.0789,53.33,54.065,414143.0
2026-09-10,2026-09-10 10:05:00,54.065,54.25,53.6,53.805,414321.0
2026-09-10,2026-09-10 10:10:00,53.805,54.42,53.78,54.0999,281070.0
2026-09-10,2026-09-10 10:15:00,54.1,54.765,53.99,54.7399,428679.0
2026-09-10,2026-09-10 10:20:00,54.7,54.71,54.285,54.6,286356.0
2026-09-10,2026-09-10 10:25:00,54.595,54.75,54.3501,54.62,371005.0
2026-09-10,2026-09-10 10:30:00,54.62,54.67,54.35,54.36,240194.0
2026-09-10,2026-09-10 10:35:00,54.35,54.7,54.21,54.33,334458.0
2026-09-10,2026-09-10 10:40:00,54.34,54.525,54.14,54.42,141079.0
2026-09-10,2026-09-10 10:45:00,54.42,55.03,54.39,54.97,372284.0
2026-09-10,2026-09-10 10:50:00,54.9787,55.19,54.8101,55.09,302092.0
2026-09-10,2026-09-10 10:55:00,55.11,55.27,54.62,55.01,310057.0
2026-09-10,2026-09-10 11:00:00,55.0,55.1134,54.82,54.945,218070.0
2026-09-10,2026-09-10 11:05:00,54.92,54.925,54.36,54.49,153083.0
2026-09-10,2026-09-10 11:10:00,54.52,54.8192,54.43,54.63,281532.0
2026-09-10,2026-09-10 11:15:00,54.62,54.79,54.5,54.75,310451.0
2026-09-10,2026-09-10 11:20:00,54.745,54.98,54.66,54.98,203738.0
2026-09-10,2026-09-10 11:25:00,54.97,54.9949,54.68,54.875,165543.0
2026-09-10,2026-09-10 11:30:00,54.86,54.92,54.755,54.87,89017.0
2026-09-10,2026-09-10 11:35:00,54.87483,54.8778,54.73,54.79,77449.0
2026-09-10,2026-09-10 11:40:00,54.77,54.83,54.5601,54.605,131428.0
2026-09-10,2026-09-10 11:45:00,54.59,54.73,54.5601,54.665,75577.0
2026-09-10,2026-09-10 11:50:00,54.68,54.72,54.645,54.68,84716.0
2026-09-10,2026-09-10 11:55:00,54.67,54.77,54.65,54.72,88735.0
2026-09-10,2026-09-10 12:00:00,54.71,54.76,54.6,54.67,113194.0
2026-09-10,2026-09-10 12:05:00,54.66,54.77,54.66,54.675,67134.0
2026-09-10,2026-09-10 12:10:00,54.67,54.83,54.635,54.78,133877.0
2026-09-10,2026-09-10 12:15:00,54.78,54.88,54.71,54.85,93623.0
2026-09-10,2026-09-10 12:20:00,54.83,54.84,54.74,54.815,120811.0
2026-09-10,2026-09-10 12:25:00,54.82,54.97,54.765,54.97,234897.0
2026-09-10,2026-09-10 12:30:00,54.96,54.96,54.625,54.68,136560.0
2026-09-10,2026-09-10 12:35:00,54.675,54.755,54.53,54.6,87954.0
2026-09-10,2026-09-10 12:40:00,54.6,54.68,54.47,54.595,84726.0
2026-09-10,2026-09-10 12:45:00,54.595,54.605,54.48,54.558,58253.0
2026-09-10,2026-09-10 12:50:00,54.54,54.57,54.2001,54.24,109959.0
2026-09-10,2026-09-10 12:55:00,54.22,54.2213,54.1149,54.155,81690.0
2026-09-10,2026-09-10 13:00:00,54.155,54.21,54.115,54.115,43441.0
2026-09-10,2026-09-10 13:05:00,54.1118,54.115,53.71,53.855,127723.0
2026-09-10,2026-09-10 13:10:00,53.84,53.95,53.69,53.73,91109.0
2026-09-10,2026-09-10 13:15:00,53.73,53.86,53.72,53.82,101609.0
2026-09-10,2026-09-10 13:20:00,53.81,53.88,53.585,53.73,111772.0
2026-09-10,2026-09-10 13:25:00,53.72,53.87,53.7038,53.855,90563.0
2026-09-10,2026-09-10 13:30:00,53.855,53.98,53.8,53.88,118237.0
2026-09-10,2026-09-10 13:35:00,53.88,54.35,53.87,54.305,129896.0
2026-09-10,2026-09-10 13:40:00,54.29,54.33,54.1,54.1675,116548.0
2026-09-10,2026-09-10 13:45:00,54.165,54.31,54.1452,54.225,82221.0
2026-09-10,2026-09-10 13:50:00,54.215,54.34,54.201,54.32,94092.0
2026-09-10,2026-09-10 13:55:00,54.32,54.46,54.302,54.44,100498.0
2026-09-10,2026-09-10 14:00:00,54.43,54.43,54.27,54.27,71035.0
2026-09-10,2026-09-10 14:05:00,54.26,54.5555,54.2309,54.525,152494.0
2026-09-10,2026-09-10 14:10:00,54.5288,54.705,54.5,54.54,116797.0
2026-09-10,2026-09-10 14:15:00,54.54,54.6793,54.49,54.65,82023.0
2026-09-10,2026-09-10 14:20:00,54.66,54.76,54.52,54.63,99080.0
2026-09-10,2026-09-10 14:25:00,54.62,54.68,54.55,54.65,105979.0
2026-09-10,2026-09-10 14:30:00,54.64,54.94,54.53,54.925,178967.0
2026-09-10,2026-09-10 14:35:00,54.925,55.01,54.85,54.905,105697.0
2026-09-10,2026-09-10 14:40:00,54.905,54.98,54.735,54.95,143790.0
2026-09-10,2026-09-10 14:45:00,54.94,55.1,54.91,55.095,112367.0
2026-09-10,2026-09-10 14:50:00,55.075,55.18,54.83,55.16,180478.0
2026-09-10,2026-09-10 14:55:00,55.15,55.31,55.09,55.28,98544.0
2026-09-10,2026-09-10 15:00:00,55.275,55.35,55.1515,55.17,131901.0
2026-09-10,2026-09-10 15:05:00,55.16,55.38,55.14,55.36,145643.0
2026-09-10,2026-09-10 15:10:00,55.35,55.405,55.065,55.145,200197.0
2026-09-10,2026-09-10 15:15:00,55.13,55.29,55.115,55.2,164811.0
2026-09-10,2026-09-10 15:20:00,55.15,55.215,54.895,54.9,155225.0
2026-09-10,2026-09-10 15:25:00,54.89,54.97,54.83,54.97,159313.0
2026-09-10,2026-09-10 15:30:00,54.97,55.29,54.95,55.29,147462.0
2026-09-10,2026-09-10 15:35:00,55.3,55.31,55.03,55.14,145291.0
2026-09-10,2026-09-10 15:40:00,55.13,55.43,55.12,55.28,145666.0
2026-09-10,2026-09-10 15:45:00,55.27,55.28,54.88,54.9238,348211.0
2026-09-10,2026-09-10 15:50:00,54.93,55.07,54.9,54.91,545977.0
2026-09-10,2026-09-10 15:55:00,54.91,55.06,54.25,54.46,486832.0
2026-09-10,2026-09-10 16:00:00,54.5,54.75,53.96,54.17,2425902.0
