day,time,open,high,low,close,volume
2026-06-12,2026-06-12 09:35:00,115.58,116.07,115.49,115.95,31627.0
2026-06-12,2026-06-12 09:40:00,116.1199,116.1199,114.755,114.76,16938.0
2026-06-12,2026-06-12 09:45:00,114.93,114.98,114.341,114.43,13408.0
2026-06-12,2026-06-12 09:50:00,114.3,114.54,114.16,114.18,14752.0
2026-06-12,2026-06-12 09:55:00,114.19,114.25,113.57,113.8225,24763.0
2026-06-12,2026-06-12 10:00:00,113.82,113.87,113.09,113.275,13964.0
2026-06-12,2026-06-12 10:05:00,113.285,114.015,113.14,113.82,19548.0
2026-06-12,2026-06-12 10:10:00,113.75,113.89,113.43,113.68,17114.0
2026-06-12,2026-06-12 10:15:00,113.8,113.97,113.6,113.68,14339.0
2026-06-12,2026-06-12 10:20:00,113.75,114.05,113.72,113.72,13173.0
2026-06-12,2026-06-12 10:25:00,113.76,114.145,113.6,114.105,24174.0
2026-06-12,2026-06-12 10:30:00,114.105,114.6,114.02,114.16,20257.0
2026-06-12,2026-06-12 10:35:00,114.22,114.335,114.11,114.185,8781.0
2026-06-12,2026-06-12 10:40:00,114.16,114.36,114.06,114.17,15120.0
2026-06-12,2026-06-12 10:45:00,114.2,114.435,114.08,114.17,9121.0
2026-06-12,2026-06-12 10:50:00,114.165,114.26,114.08,114.14,7059.0
2026-06-12,2026-06-12 10:55:00,114.12,115.07,114.07,114.94,21960.0
2026-06-12,2026-06-12 11:00:00,115.08,115.26,115.06,115.14,8484.0
2026-06-12,2026-06-12 11:05:00,115.03,115.53,115.03,115.1,12264.0
2026-06-12,2026-06-12 11:10:00,115.08,115.215,114.94,114.98,17132.0
2026-06-12,2026-06-12 11:15:00,115.06,115.06,114.68,114.68,8469.0
2026-06-12,2026-06-12 11:20:00,114.705,114.705,114.51,114.61,7611.0
2026-06-12,2026-06-12 11:25:00,114.63,114.715,114.45,114.52,10479.0
2026-06-12,2026-06-12 11:30:00,114.52,114.53,114.23,114.25,5773.0
2026-06-12,2026-06-12 11:35:00,114.245,114.245,113.97,114.05,10187.0
2026-06-12,2026-06-12 11:40:00,114.045,114.21,114.045,114.085,7160.0
2026-06-12,2026-06-12 11:45:00,114.08,114.24,113.9,114.24,11393.0
2026-06-12,2026-06-12 11:50:00,114.135,114.25,113.9,114.0,10865.0
2026-06-12,2026-06-12 11:55:00,114.0,114.12,113.94,114.05,4803.0
2026-06-12,2026-06-12 12:00:00,114.05,114.085,113.9034,113.96,8238.0
2026-06-12,2026-06-12 12:05:00,113.92,114.01,113.7,113.86,16644.0
2026-06-12,2026-06-12 12:10:00,113.81,113.81,113.51,113.515,11096.0
2026-06-12,2026-06-12 12:15:00,113.44,114.02,113.395,113.905,13733.0
2026-06-12,2026-06-12 12:20:00,113.905,114.22,113.905,113.98,22160.0
2026-06-12,2026-06-12 12:25:00,113.99,114.16,113.75,114.16,12396.0
2026-06-12,2026-06-12 12:30:00,114.085,114.25,114.05,114.16,5237.0
2026-06-12,2026-06-12 12:35:00,114.18,114.195,114.07,114.12,5063.0
2026-06-12,2026-06-12 12:40:00,114.09,114.165,114.03,114.165,6649.0
2026-06-12,2026-06-12 12:45:00,114.25,114.47,114.11,114.18,13441.0
2026-06-12,2026-06-12 12:50:00,114.18,114.325,114.18,114.325,4445.0
2026-06-12,2026-06-12 12:55:00,114.325,114.325,114.21,114.21,5415.0
2026-06-12,2026-06-12 13:00:00,114.1585,114.215,114.06,114.215,8479.0
2026-06-12,2026-06-12 13:05:00,114.235,114.38,114.235,114.36,10467.0
2026-06-12,2026-06-12 13:10:00,114.36,114.51,114.275,114.415,12324.0
2026-06-12,2026-06-12 13:15:00,114.415,114.67,114.25,114.66,22006.0
2026-06-12,2026-06-12 13:20:00,114.68,114.7,114.35,114.375,8312.0
2026-06-12,2026-06-12 13:25:00,114.375,114.5,114.3625,114.455,10013.0
2026-06-12,2026-06-12 13:30:00,114.445,114.445,114.1,114.26,10214.0
2026-06-12,2026-06-12 13:35:00,114.265,114.29,114.17,114.17,6347.0
2026-06-12,2026-06-12 13:40:00,114.145,114.27,114.1,114.155,11639.0
2026-06-12,2026-06-12 13:45:00,114.08,114.3,114.08,114.24,16404.0
2026-06-12,2026-06-12 13:50:00,114.24,114.26,114.22,114.24,7247.0
2026-06-12,2026-06-12 13:55:00,114.24,114.29,114.14,114.14,8760.0
2026-06-12,2026-06-12 14:00:00,114.17,114.17,114.03,114.07,6643.0
2026-06-12,2026-06-12 14:05:00,114.08,114.08,113.97,113.995,8952.0
2026-06-12,2026-06-12 14:10:00,114.04,114.3,114.04,114.195,13960.0
2026-06-12,2026-06-12 14:15:00,114.14,114.29,114.13,114.13,10167.0
2026-06-12,2026-06-12 14:20:00,114.13,114.26,114.08,114.135,12925.0
2026-06-12,2026-06-12 14:25:00,114.135,114.245,114.135,114.15,11540.0
2026-06-12,2026-06-12 14:30:00,114.15,114.18,114.05,114.175,14295.0
2026-06-12,2026-06-12 14:35:00,114.185,114.33,114.16,114.19,10222.0
2026-06-12,2026-06-12 14:40:00,114.25,114.25,114.16,114.16,10319.0
2026-06-12,2026-06-12 14:45:00,114.13,114.28,114.13,114.24,12958.0
2026-06-12,2026-06-12 14:50:00,114.21,114.24,114.11,114.21,11936.0
2026-06-12,2026-06-12 14:55:00,114.23,114.34,114.22,114.33,12728.0
2026-06-12,2026-06-12 15:00:00,114.33,114.49,114.3,114.31,16625.0
2026-06-12,2026-06-12 15:05:00,114.335,114.375,114.255,114.345,13021.0
2026-06-12,2026-06-12 15:10:00,114.345,114.5,114.31,114.46,18838.0
2026-06-12,2026-06-12 15:15:00,114.465,114.525,114.41,114.465,11716.0
2026-06-12,2026-06-12 15:20:00,114.465,114.61,114.42,114.575,17787.0
2026-06-12,2026-06-12 15:25:00,114.53,114.575,114.46,114.53,19139.0
2026-06-12,2026-06-12 15:30:00,114.53,114.73,114.53,114.59,24741.0
2026-06-12,2026-06-12 15:35:00,114.61,114.65,114.48,114.52,22845.0
2026-06-12,2026-06-12 15:40:00,114.52,114.56,114.385,114.53,28198.0
2026-06-12,2026-06-12 15:45:00,114.53,114.53,114.28,114.465,29190.0
2026-06-12,2026-06-12 15:50:00,114.465,114.53,114.45,114.47,25858.0
2026-06-12,2026-06-12 15:55:00,114.49,114.62,114.22,114.38,99411.0
2026-06-12,2026-06-12 16:00:00,114.32,114.35,113.77,114.0,610124.0
2026-06-15,2026-06-15 09:35:00,115.37,117.41,115.37,116.1,99679.0
2026-06-15,2026-06-15 09:40:00,116.095,116.47,114.75,115.05,41683.0
2026-06-15,2026-06-15 09:45:00,115.05,115.175,113.7525,113.86,44295.0
2026-06-15,2026-06-15 09:50:00,113.89,113.89,112.7,112.83,69082.0
2026-06-15,2026-06-15 09:55:00,112.83,113.65,112.74,113.565,28037.0
2026-06-15,2026-06-15 10:00:00,113.532,113.895,113.13,113.785,46915.0
2026-06-15,2026-06-15 10:05:00,113.52,114.35,113.34,113.525,36480.0
2026-06-15,2026-06-15 10:10:00,113.4,113.41,113.0,113.015,30558.0
2026-06-15,2026-06-15 10:15:00,112.99,113.165,112.7,112.8,42535.0
2026-06-15,2026-06-15 10:20:00,112.78,112.93,112.5422,112.8823,26562.0
2026-06-15,2026-06-15 10:25:00,112.81,113.4,112.65,113.24,20475.0
2026-06-15,2026-06-15 10:30:00,113.24,113.81,113.24,113.81,17038.0
2026-06-15,2026-06-15 10:35:00,113.59,113.77,113.44,113.745,7661.0
2026-06-15,2026-06-15 10:40:00,113.67,113.7,113.54,113.7,10354.0
2026-06-15,2026-06-15 10:45:00,113.65,113.68,113.45,113.56,11568.0
2026-06-15,2026-06-15 10:50:00,113.61,113.74,113.5275,113.64,11067.0
2026-06-15,2026-06-15 10:55:00,113.76,113.94,113.55,113.94,14287.0
2026-06-15,2026-06-15 11:00:00,113.91,114.0899,113.8,113.915,11180.0
2026-06-15,2026-06-15 11:05:00,113.9799,114.1,113.905,114.035,9117.0
2026-06-15,2026-06-15 11:10:00,114.035,114.11,113.92,114.06,21802.0
2026-06-15,2026-06-15 11:15:00,114.04,114.15,114.0,114.13,8659.0
2026-06-15,2026-06-15 11:20:00,114.11,114.11,113.89,113.975,15135.0
2026-06-15,2026-06-15 11:25:00,114.02,114.21,113.975,114.15,14813.0
2026-06-15,2026-06-15 11:30:00,114.1,114.22,114.07,114.165,8839.0
2026-06-15,2026-06-15 11:35:00,114.185,114.28,114.14,114.1825,15313.0
2026-06-15,2026-06-15 11:40:00,114.195,114.195,114.04,114.06,7322.0
2026-06-15,2026-06-15 11:45:00,114.03,114.125,113.98,114.08,10026.0
2026-06-15,2026-06-15 11:50:00,114.11,114.315,113.69,114.255,36851.0
2026-06-15,2026-06-15 11:55:00,114.255,114.255,114.02,114.045,11904.0
2026-06-15,2026-06-15 12:00:00,114.08,114.16,113.82,113.98,20300.0
2026-06-15,2026-06-15 12:05:00,113.85,113.935,113.79,113.88,14408.0
2026-06-15,2026-06-15 12:10:00,113.78,114.0,113.735,113.795,11123.0
2026-06-15,2026-06-15 12:15:00,113.795,113.87,113.795,113.86,4217.0
2026-06-15,2026-06-15 12:20:00,113.805,113.89,113.805,113.87,10276.0
2026-06-15,2026-06-15 12:25:00,113.865,113.9,113.83,113.83,7410.0
2026-06-15,2026-06-15 12:30:00,113.83,113.83,113.56,113.645,11322.0
2026-06-15,2026-06-15 12:35:00,113.65,113.95,113.65,113.89,18341.0
2026-06-15,2026-06-15 12:40:00,113.885,113.92,113.77,113.77,6859.0
2026-06-15,2026-06-15 12:45:00,113.77,114.01,113.77,114.01,15597.0
2026-06-15,2026-06-15 12:50:00,114.01,114.035,113.81,113.835,6085.0
2026-06-15,2026-06-15 12:55:00,113.83,113.95,113.82,113.88,8433.0
2026-06-15,2026-06-15 13:00:00,113.865,113.98,113.73,113.79,25258.0
2026-06-15,2026-06-15 13:05:00,113.77,113.86,113.72,113.81,7288.0
2026-06-15,2026-06-15 13:10:00,113.89,113.96,113.72,113.78,9450.0
2026-06-15,2026-06-15 13:15:00,113.8,113.895,113.8,113.87,6007.0
2026-06-15,2026-06-15 13:20:00,113.835,113.855,113.74,113.81,7978.0
2026-06-15,2026-06-15 13:25:00,113.805,113.885,113.76,113.78,12330.0
2026-06-15,2026-06-15 13:30:00,113.81,113.9,113.79,113.825,7365.0
2026-06-15,2026-06-15 13:35:00,113.82,113.89,113.74,113.7875,14517.0
2026-06-15,2026-06-15 13:40:00,113.77,113.85,113.6,113.73,18689.0
2026-06-15,2026-06-15 13:45:00,113.74,113.855,113.66,113.74,7609.0
2026-06-15,2026-06-15 13:50:00,113.725,113.74,113.65,113.66,6339.0
2026-06-15,2026-06-15 13:55:00,113.68,113.69,113.58,113.58,9456.0
2026-06-15,2026-06-15 14:00:00,113.6,113.63,113.575,113.63,6862.0
2026-06-15,2026-06-15 14:05:00,113.62,113.65,113.11,113.19,19473.0
2026-06-15,2026-06-15 14:10:00,113.21,113.27,112.96,112.995,9672.0
2026-06-15,2026-06-15 14:15:00,112.95,112.985,112.84,112.945,14645.0
2026-06-15,2026-06-15 14:20:00,112.98,113.05,112.8425,112.88,15389.0
2026-06-15,2026-06-15 14:25:00,112.82,112.88,112.765,112.835,9641.0
2026-06-15,2026-06-15 14:30:00,112.8325,112.87,112.81,112.835,8906.0
2026-06-15,2026-06-15 14:35:00,112.835,112.835,112.695,112.72,8688.0
2026-06-15,2026-06-15 14:40:00,112.715,112.83,112.69,112.83,15547.0
2026-06-15,2026-06-15 14:45:00,112.78,112.81,112.43,112.54,31749.0
2026-06-15,2026-06-15 14:50:00,112.51,112.53,112.37,112.43,11587.0
2026-06-15,2026-06-15 14:55:00,112.4225,112.4225,112.21,112.22,12913.0
2026-06-15,2026-06-15 15:00:00,112.22,112.3425,112.1487,112.185,23249.0
2026-06-15,2026-06-15 15:05:00,112.23,112.35,112.11,112.345,13040.0
2026-06-15,2026-06-15 15:10:00,112.325,112.4,112.26,112.265,7535.0
2026-06-15,2026-06-15 15:15:00,112.3,112.345,112.28,112.29,9042.0
2026-06-15,2026-06-15 15:20:00,112.285,112.44,112.28,112.28,12298.0
2026-06-15,2026-06-15 15:25:00,112.25,112.28,112.1,112.145,12457.0
2026-06-15,2026-06-15 15:30:00,112.14,112.3,112.14,112.295,15336.0
2026-06-15,2026-06-15 15:35:00,112.24,112.51,112.24,112.295,21542.0
2026-06-15,2026-06-15 15:40:00,112.3,112.445,112.24,112.29,25074.0
2026-06-15,2026-06-15 15:45:00,112.26,112.3,112.07,112.22,28308.0
2026-06-15,2026-06-15 15:50:00,112.18,112.23,112.025,112.095,35348.0
2026-06-15,2026-06-15 15:55:00,112.07,112.66,111.965,112.62,93575.0
2026-06-15,2026-06-15 16:00:00,112.63,112.95,112.63,112.88,602591.0
2026-06-16,2026-06-16 09:35:00,114.32,114.88,113.22,113.815,32938.0
2026-06-16,2026-06-16 09:40:00,113.815,113.815,112.33,113.0,12250.0
2026-06-16,2026-06-16 09:45:00,113.0,113.05,111.53,111.55,25635.0
2026-06-16,2026-06-16 09:50:00,111.67,111.84,110.9,111.36,30902.0
2026-06-16,2026-06-16 09:55:00,111.3,111.3564,110.87,111.265,7707.0
2026-06-16,2026-06-16 10:00:00,111.16,111.39,110.95,111.29,16297.0
2026-06-16,2026-06-16 10:05:00,111.29,111.65,111.13,111.56,14854.0
2026-06-16,2026-06-16 10:10:00,111.54,111.73,111.34,111.65,9748.0
2026-06-16,2026-06-16 10:15:00,111.665,112.08,111.37,111.37,25469.0
2026-06-16,2026-06-16 10:20:00,111.47,111.995,111.47,111.77,14322.0
2026-06-16,2026-06-16 10:25:00,111.71,111.99,111.66,111.77,12058.0
2026-06-16,2026-06-16 10:30:00,111.765,112.17,111.49,112.0,16998.0
2026-06-16,2026-06-16 10:35:00,112.0,112.51,111.99,112.28,15035.0
2026-06-16,2026-06-16 10:40:00,112.28,112.345,111.93,112.16,12862.0
2026-06-16,2026-06-16 10:45:00,112.265,112.41,111.66,111.695,15869.0
2026-06-16,2026-06-16 10:50:00,111.63,111.64,111.5,111.52,4934.0
2026-06-16,2026-06-16 10:55:00,111.59,111.59,111.28,111.4,9828.0
2026-06-16,2026-06-16 11:00:00,111.485,112.19,111.485,112.095,15721.0
2026-06-16,2026-06-16 11:05:00,112.085,112.085,111.59,111.59,7546.0
2026-06-16,2026-06-16 11:10:00,111.68,111.705,111.53,111.655,6063.0
2026-06-16,2026-06-16 11:15:00,111.7362,111.91,111.55,111.9,10826.0
2026-06-16,2026-06-16 11:20:00,111.89,112.2,111.815,112.18,11811.0
2026-06-16,2026-06-16 11:25:00,112.11,112.45,112.09,112.43,11408.0
2026-06-16,2026-06-16 11:30:00,112.415,112.415,111.98,112.035,9151.0
2026-06-16,2026-06-16 11:35:00,112.035,112.1525,111.89,112.135,9752.0
2026-06-16,2026-06-16 11:40:00,112.135,112.135,111.88,111.88,4147.0
2026-06-16,2026-06-16 11:45:00,111.995,112.06,111.86,112.03,5453.0
2026-06-16,2026-06-16 11:50:00,112.025,112.025,111.75,111.985,34207.0
2026-06-16,2026-06-16 11:55:00,111.97,112.13,111.85,111.85,10259.0
2026-06-16,2026-06-16 12:00:00,111.88,111.92,111.62,111.91,11335.0
2026-06-16,2026-06-16 12:05:00,111.94,111.94,111.6301,111.7,14278.0
2026-06-16,2026-06-16 12:10:00,111.65,111.85,111.62,111.64,5834.0
2026-06-16,2026-06-16 12:15:00,111.715,111.8,111.575,111.7,13506.0
2026-06-16,2026-06-16 12:20:00,111.71,111.83,111.62,111.675,6374.0
2026-06-16,2026-06-16 12:25:00,111.675,111.675,111.51,111.55,7632.0
2026-06-16,2026-06-16 12:30:00,111.5,111.5,111.365,111.425,8404.0
2026-06-16,2026-06-16 12:35:00,111.45,111.54,111.25,111.33,14948.0
2026-06-16,2026-06-16 12:40:00,111.345,111.48,111.345,111.41,9993.0
2026-06-16,2026-06-16 12:45:00,111.35,111.4799,111.32,111.39,7187.0
2026-06-16,2026-06-16 12:50:00,111.39,111.52,111.35,111.42,8633.0
2026-06-16,2026-06-16 12:55:00,111.45,111.48,111.3,111.34,10609.0
2026-06-16,2026-06-16 13:00:00,111.28,111.47,111.28,111.405,8790.0
2026-06-16,2026-06-16 13:05:00,111.405,111.53,111.36,111.48,7166.0
2026-06-16,2026-06-16 13:10:00,111.48,111.48,111.32,111.32,9268.0
2026-06-16,2026-06-16 13:15:00,111.32,111.44,111.32,111.32,7220.0
2026-06-16,2026-06-16 13:20:00,111.33,111.37,111.32,111.35,4505.0
2026-06-16,2026-06-16 13:25:00,111.345,111.45,111.28,111.42,10382.0
2026-06-16,2026-06-16 13:30:00,111.415,111.415,111.25,111.36,13749.0
2026-06-16,2026-06-16 13:35:00,111.29,111.43,111.28,111.43,6020.0
2026-06-16,2026-06-16 13:40:00,111.38,111.64,111.28,111.64,17972.0
2026-06-16,2026-06-16 13:45:00,111.58,111.68,111.53,111.645,6616.0
2026-06-16,2026-06-16 13:50:00,111.71,111.71,111.51,111.51,5591.0
2026-06-16,2026-06-16 13:55:00,111.515,111.68,111.45,111.68,3957.0
2026-06-16,2026-06-16 14:00:00,111.65,111.76,111.55,111.55,9040.0
2026-06-16,2026-06-16 14:05:00,111.61,111.64,111.38,111.38,6047.0
2026-06-16,2026-06-16 14:10:00,111.31,111.44,111.18,111.27,9538.0
2026-06-16,2026-06-16 14:15:00,111.22,111.32,111.08,111.08,12476.0
2026-06-16,2026-06-16 14:20:00,111.21,111.21,110.88,111.16,18970.0
2026-06-16,2026-06-16 14:25:00,111.14,111.17,110.94,111.14,15528.0
2026-06-16,2026-06-16 14:30:00,111.15,111.29,111.12,111.275,11605.0
2026-06-16,2026-06-16 14:35:00,111.255,111.255,111.01,111.01,11391.0
2026-06-16,2026-06-16 14:40:00,111.065,111.2,111.065,111.14,14197.0
2026-06-16,2026-06-16 14:45:00,111.145,111.28,111.145,111.21,10591.0
2026-06-16,2026-06-16 14:50:00,111.23,111.4,111.23,111.34,10931.0
2026-06-16,2026-06-16 14:55:00,111.24,111.4,111.07,111.165,24258.0
2026-06-16,2026-06-16 15:00:00,111.15,111.2,110.94,110.99,27077.0
2026-06-16,2026-06-16 15:05:00,110.94,111.075,110.91,110.91,13347.0
2026-06-16,2026-06-16 15:10:00,110.92,111.07,110.67,111.01,40953.0
2026-06-16,2026-06-16 15:15:00,111.03,111.25,111.025,111.21,9016.0
2026-06-16,2026-06-16 15:20:00,111.17,111.28,111.08,111.09,21664.0
2026-06-16,2026-06-16 15:25:00,111.17,111.574,111.12,111.45,19090.0
2026-06-16,2026-06-16 15:30:00,111.38,111.42,111.1,111.12,21621.0
2026-06-16,2026-06-16 15:35:00,111.1,111.21,110.96,111.13,18299.0
2026-06-16,2026-06-16 15:40:00,111.1125,111.22,110.97,110.97,19496.0
2026-06-16,2026-06-16 15:45:00,110.97,111.105,110.96,111.04,23313.0
2026-06-16,2026-06-16 15:50:00,111.08,111.22,110.87,110.975,39474.0
2026-06-16,2026-06-16 15:55:00,111.01,111.12,110.86,111.0375,64725.0
2026-06-16,2026-06-16 16:00:00,110.97,111.04,110.68,110.74,585230.0
2026-06-17,2026-06-17 09:35:00,110.29,110.29,108.11,108.61,44648.0
2026-06-17,2026-06-17 09:40:00,108.575,109.505,108.575,109.26,29884.0
2026-06-17,2026-06-17 09:45:00,109.05,109.31,108.62,108.93,30468.0
2026-06-17,2026-06-17 09:50:00,108.98,109.825,108.76,109.46,15897.0
2026-06-17,2026-06-17 09:55:00,109.565,109.87,109.43,109.78,6303.0
2026-06-17,2026-06-17 10:00:00,109.78,109.78,109.35,109.545,22160.0
2026-06-17,2026-06-17 10:05:00,109.4,109.585,109.245,109.57,20034.0
2026-06-17,2026-06-17 10:10:00,109.51,109.51,108.69,108.85,12437.0
2026-06-17,2026-06-17 10:15:00,108.8,108.91,108.22,108.29,14411.0
2026-06-17,2026-06-17 10:20:00,108.42,108.6,108.22,108.31,9646.0
2026-06-17,2026-06-17 10:25:00,108.22,108.585,108.11,108.5,16702.0
2026-06-17,2026-06-17 10:30:00,108.475,108.83,108.44,108.81,12732.0
2026-06-17,2026-06-17 10:35:00,108.81,109.09,108.43,108.45,20934.0
2026-06-17,2026-06-17 10:40:00,108.57,108.57,108.2,108.2,13518.0
2026-06-17,2026-06-17 10:45:00,108.13,108.14,107.92,107.95,18260.0
2026-06-17,2026-06-17 10:50:00,108.035,108.035,107.56,107.58,14870.0
2026-06-17,2026-06-17 10:55:00,107.66,108.09,107.62,107.935,12455.0
2026-06-17,2026-06-17 11:00:00,107.94,107.98,107.79,107.95,11006.0
2026-06-17,2026-06-17 11:05:00,107.95,108.21,107.89,108.205,12197.0
2026-06-17,2026-06-17 11:10:00,108.155,108.22,108.07,108.07,16213.0
2026-06-17,2026-06-17 11:15:00,108.15,108.15,107.9,108.06,13244.0
2026-06-17,2026-06-17 11:20:00,108.0,108.31,107.99,108.24,14119.0
2026-06-17,2026-06-17 11:25:00,108.21,108.57,108.16,108.495,11479.0
2026-06-17,2026-06-17 11:30:00,108.61,108.64,108.45,108.61,11070.0
2026-06-17,2026-06-17 11:35:00,108.67,108.99,108.635,108.8543,13219.0
2026-06-17,2026-06-17 11:40:00,108.85,108.91,108.7,108.825,15993.0
2026-06-17,2026-06-17 11:45:00,108.77,108.92,108.65,108.84,19130.0
2026-06-17,2026-06-17 11:50:00,108.84,109.315,108.75,109.305,39077.0
2026-06-17,2026-06-17 11:55:00,109.27,109.4882,109.14,109.19,9610.0
2026-06-17,2026-06-17 12:00:00,109.19,109.19,109.14,109.15,5117.0
2026-06-17,2026-06-17 12:05:00,109.13,109.345,109.13,109.3,9773.0
2026-06-17,2026-06-17 12:10:00,109.21,109.47,109.21,109.32,13802.0
2026-06-17,2026-06-17 12:15:00,109.32,109.3597,109.19,109.315,9676.0
2026-06-17,2026-06-17 12:20:00,109.32,109.38,109.06,109.08,17172.0
2026-06-17,2026-06-17 12:25:00,109.03,109.15,108.9425,109.085,17945.0
2026-06-17,2026-06-17 12:30:00,109.02,109.14,108.85,108.85,27699.0
2026-06-17,2026-06-17 12:35:00,108.83,108.88,108.66,108.7,14408.0
2026-06-17,2026-06-17 12:40:00,108.63,108.84,108.63,108.650026,9335.0
2026-06-17,2026-06-17 12:45:00,108.63,108.7,108.57,108.61,6677.0
2026-06-17,2026-06-17 12:50:00,108.52,108.565,108.36,108.49,7778.0
2026-06-17,2026-06-17 12:55:00,108.505,108.66,108.46,108.66,9609.0
2026-06-17,2026-06-17 13:00:00,108.755,108.755,108.69,108.7,6311.0
2026-06-17,2026-06-17 13:05:00,108.75,108.78,108.68,108.72,6867.0
2026-06-17,2026-06-17 13:10:00,108.76,108.76,108.66,108.735,8017.0
2026-06-17,2026-06-17 13:15:00,108.7,108.91,108.69,108.815,16015.0
2026-06-17,2026-06-17 13:20:00,108.8897,108.8897,108.66,108.72,5508.0
2026-06-17,2026-06-17 13:25:00,108.73,108.85,108.73,108.81,8089.0
2026-06-17,2026-06-17 13:30:00,108.76,108.785,108.64,108.68,7666.0
2026-06-17,2026-06-17 13:35:00,108.675,108.86,108.64,108.79,9186.0
2026-06-17,2026-06-17 13:40:00,108.825,108.825,108.68,108.77,6690.0
2026-06-17,2026-06-17 13:45:00,108.73,108.77,108.695,108.705,7604.0
2026-06-17,2026-06-17 13:50:00,108.68,108.71,108.59,108.69,8403.0
2026-06-17,2026-06-17 13:55:00,108.63,108.73,108.6,108.685,19972.0
2026-06-17,2026-06-17 14:00:00,108.69,108.69,108.52,108.55,15709.0
2026-06-17,2026-06-17 14:05:00,108.53,108.54,107.57,107.57,51856.0
2026-06-17,2026-06-17 14:10:00,107.54,108.03,107.5,108.03,24837.0
2026-06-17,2026-06-17 14:15:00,107.95,108.535,107.92,108.145,43359.0
2026-06-17,2026-06-17 14:20:00,108.205,108.3675,108.165,108.29,14570.0
2026-06-17,2026-06-17 14:25:00,108.31,108.31,108.03,108.11,13089.0
2026-06-17,2026-06-17 14:30:00,108.04,108.04,107.78,107.78,14164.0
2026-06-17,2026-06-17 14:35:00,107.755,107.95,107.525,107.525,25696.0
2026-06-17,2026-06-17 14:40:00,107.63,108.09,107.54,107.965,25874.0
2026-06-17,2026-06-17 14:45:00,107.991902,108.06,107.81,108.035,11817.0
2026-06-17,2026-06-17 14:50:00,107.965,107.965,107.655,107.755,15164.0
2026-06-17,2026-06-17 14:55:00,107.74,107.785,105.22,107.625,89261.0
2026-06-17,2026-06-17 15:00:00,107.63,107.63,107.225,107.32,13803.0
2026-06-17,2026-06-17 15:05:00,107.38,107.57,107.32,107.33,16956.0
2026-06-17,2026-06-17 15:10:00,107.315,107.58,107.3,107.3,13926.0
2026-06-17,2026-06-17 15:15:00,107.335,107.365,107.12,107.365,12168.0
2026-06-17,2026-06-17 15:20:00,107.3,107.3,106.94,106.94,16910.0
2026-06-17,2026-06-17 15:25:00,106.93,106.95,106.48,106.54,24753.0
2026-06-17,2026-06-17 15:30:00,106.61,106.76,106.59,106.62,13374.0
2026-06-17,2026-06-17 15:35:00,106.625,106.64,106.4,106.48,35740.0
2026-06-17,2026-06-17 15:40:00,106.475,106.55,106.31,106.4,28092.0
2026-06-17,2026-06-17 15:45:00,106.4,106.46,106.23,106.29,21384.0
2026-06-17,2026-06-17 15:50:00,106.29,106.36,106.16,106.3,30840.0
2026-06-17,2026-06-17 15:55:00,106.26,106.28,105.895,105.895,80774.0
2026-06-17,2026-06-17 16:00:00,105.81,106.6025,105.81,106.41,818669.0
2026-06-18,2026-06-18 09:35:00,108.34,109.3,107.45,109.3,343566.0
2026-06-18,2026-06-18 09:40:00,109.54,110.845,109.14,110.065,53663.0
2026-06-18,2026-06-18 09:45:00,110.1,110.115,109.415,109.62,20134.0
2026-06-18,2026-06-18 09:50:00,109.84,110.8,109.63,110.63,55026.0
2026-06-18,2026-06-18 09:55:00,110.715,111.3,110.59,111.27,39625.0
2026-06-18,2026-06-18 10:00:00,111.13,111.94,111.13,111.85,25972.0
2026-06-18,2026-06-18 10:05:00,111.85,111.91,110.97,111.14,58868.0
2026-06-18,2026-06-18 10:10:00,111.04,111.1666,110.77,111.065,33253.0
2026-06-18,2026-06-18 10:15:00,110.95,111.56,110.8,110.84,45236.0
2026-06-18,2026-06-18 10:20:00,110.855,110.91,110.52,110.55,26355.0
2026-06-18,2026-06-18 10:25:00,110.52,110.52,109.6,109.615,25134.0
2026-06-18,2026-06-18 10:30:00,109.68,110.13,109.5,110.13,46527.0
2026-06-18,2026-06-18 10:35:00,110.36,110.785,110.32,110.62,13950.0
2026-06-18,2026-06-18 10:40:00,110.51,110.76,110.42,110.465,17804.0
2026-06-18,2026-06-18 10:45:00,110.33,110.58,110.33,110.46,12361.0
2026-06-18,2026-06-18 10:50:00,110.445,110.445,110.19,110.25,6801.0
2026-06-18,2026-06-18 10:55:00,110.29,110.79,110.29,110.69,25176.0
2026-06-18,2026-06-18 11:00:00,110.71,110.98,110.71,110.92,9550.0
2026-06-18,2026-06-18 11:05:00,110.92,111.02,110.655,110.655,15779.0
2026-06-18,2026-06-18 11:10:00,110.645,110.82,110.5,110.75,19458.0
2026-06-18,2026-06-18 11:15:00,110.75,111.24,110.72,111.06,28135.0
2026-06-18,2026-06-18 11:20:00,111.08,111.08,110.795,110.795,9479.0
2026-06-18,2026-06-18 11:25:00,110.785,111.075,110.785,111.055,12903.0
2026-06-18,2026-06-18 11:30:00,111.01,111.04,110.86,111.03,13204.0
2026-06-18,2026-06-18 11:35:00,110.91,111.0,110.83,110.945,15919.0
2026-06-18,2026-06-18 11:40:00,110.985,110.99,110.78,110.83,17127.0
2026-06-18,2026-06-18 11:45:00,110.77,110.925,110.73,110.925,12677.0
2026-06-18,2026-06-18 11:50:00,110.97,111.08,110.94,111.04,10619.0
2026-06-18,2026-06-18 11:55:00,111.04,111.09,110.83,110.86,10582.0
2026-06-18,2026-06-18 12:00:00,110.89,111.09,110.83,111.065,14604.0
2026-06-18,2026-06-18 12:05:00,111.075,111.11,110.89,110.95,11815.0
2026-06-18,2026-06-18 12:10:00,110.965,111.14,110.89,111.115,11302.0
2026-06-18,2026-06-18 12:15:00,111.09,111.15,111.04,111.08,7660.0
2026-06-18,2026-06-18 12:20:00,111.045,111.19,110.93,111.1577,15798.0
2026-06-18,2026-06-18 12:25:00,111.08,111.22,111.06,111.1,11388.0
2026-06-18,2026-06-18 12:30:00,111.1,111.115,111.04,111.08,6454.0
2026-06-18,2026-06-18 12:35:00,111.08,111.36,111.08,111.28,20169.0
2026-06-18,2026-06-18 12:40:00,111.295,111.295,111.09,111.22,8425.0
2026-06-18,2026-06-18 12:45:00,111.17,111.26,111.1,111.1,9262.0
2026-06-18,2026-06-18 12:50:00,111.095,111.16,110.895,110.955,9246.0
2026-06-18,2026-06-18 12:55:00,110.92,110.935,110.75,110.81,7691.0
2026-06-18,2026-06-18 13:00:00,110.82,110.86,110.72,110.815,5211.0
2026-06-18,2026-06-18 13:05:00,110.805,111.22,110.805,111.175,12624.0
2026-06-18,2026-06-18 13:10:00,111.1,111.3,111.065,111.14,11324.0
2026-06-18,2026-06-18 13:15:00,111.155,111.22,111.1,111.22,11425.0
2026-06-18,2026-06-18 13:20:00,111.19,111.315,111.19,111.25,7650.0
2026-06-18,2026-06-18 13:25:00,111.255,111.2991,111.17,111.17,10393.0
2026-06-18,2026-06-18 13:30:00,111.175,111.31,111.15,111.24,8346.0
2026-06-18,2026-06-18 13:35:00,111.21,111.35,111.18,111.285,20604.0
2026-06-18,2026-06-18 13:40:00,111.285,111.33,111.115,111.115,13917.0
2026-06-18,2026-06-18 13:45:00,111.115,111.19,111.1,111.145,9197.0
2026-06-18,2026-06-18 13:50:00,111.145,111.18,111.08,111.13,7552.0
2026-06-18,2026-06-18 13:55:00,111.13,111.31,111.04,111.31,15043.0
2026-06-18,2026-06-18 14:00:00,111.275,111.32,111.19,111.26,9957.0
2026-06-18,2026-06-18 14:05:00,111.255,111.53,111.22,111.35,32792.0
2026-06-18,2026-06-18 14:10:00,111.375,111.375,111.16,111.16,14790.0
2026-06-18,2026-06-18 14:15:00,111.18,111.44,111.18,111.43,13778.0
2026-06-18,2026-06-18 14:20:00,111.395,111.48,111.33,111.33,10198.0
2026-06-18,2026-06-18 14:25:00,111.36,111.52,111.355,111.509,12573.0
2026-06-18,2026-06-18 14:30:00,111.455,111.51,111.4,111.4,10949.0
2026-06-18,2026-06-18 14:35:00,111.35,111.4,111.31,111.34,16336.0
2026-06-18,2026-06-18 14:40:00,111.32,111.42,111.3,111.4,13559.0
2026-06-18,2026-06-18 14:45:00,111.36,111.57,111.355,111.535,14167.0
2026-06-18,2026-06-18 14:50:00,111.535,111.665,111.435,111.435,20783.0
2026-06-18,2026-06-18 14:55:00,111.425,111.59,111.42,111.545,114325.0
2026-06-18,2026-06-18 15:00:00,111.545,111.63,111.475,111.6086,29306.0
2026-06-18,2026-06-18 15:05:00,111.61,111.665,111.37,111.405,25799.0
2026-06-18,2026-06-18 15:10:00,111.44,111.48,111.33,111.43,24058.0
2026-06-18,2026-06-18 15:15:00,111.43,111.46,111.28,111.28,21391.0
2026-06-18,2026-06-18 15:20:00,111.24,111.49,111.23,111.49,20838.0
2026-06-18,2026-06-18 15:25:00,111.47,111.61,111.22,111.225,31224.0
2026-06-18,2026-06-18 15:30:00,111.225,111.33,111.195,111.195,19428.0
2026-06-18,2026-06-18 15:35:00,111.195,111.31,111.12,111.235,26645.0
2026-06-18,2026-06-18 15:40:00,111.28,111.41,111.25,111.37,41718.0
2026-06-18,2026-06-18 15:45:00,111.41,111.775,111.245,111.705,49132.0
2026-06-18,2026-06-18 15:50:00,111.69,112.3,111.69,112.245,69813.0
2026-06-18,2026-06-18 15:55:00,112.22,112.22,111.3,111.71,201596.0
2026-06-18,2026-06-18 16:00:00,111.67,111.955,111.6,111.65,1876758.0
2026-06-22,2026-06-22 09:35:00,112.68,116.185,111.8,115.295,75170.0
2026-06-22,2026-06-22 09:40:00,115.3,116.19,113.8,116.19,36706.0
2026-06-22,2026-06-22 09:45:00,116.225,116.93,115.79,116.83,39595.0
2026-06-22,2026-06-22 09:50:00,116.695,116.695,115.785,116.17,51148.0
2026-06-22,2026-06-22 09:55:00,116.06,116.08,115.08,115.23,21237.0
2026-06-22,2026-06-22 10:00:00,115.1,115.92,115.01,115.91,19198.0
2026-06-22,2026-06-22 10:05:00,116.0,116.0,115.36,115.495,20736.0
2026-06-22,2026-06-22 10:10:00,115.485,115.81,115.34,115.45,24042.0
2026-06-22,2026-06-22 10:15:00,115.45,115.75,115.34,115.615,19296.0
2026-06-22,2026-06-22 10:20:00,115.615,116.08,115.59,116.005,27866.0
2026-06-22,2026-06-22 10:25:00,115.9925,116.25,115.93,116.205,23414.0
2026-06-22,2026-06-22 10:30:00,116.25,116.35,116.1,116.22,32093.0
2026-06-22,2026-06-22 10:35:00,116.215,116.29,115.28,115.41,43223.0
2026-06-22,2026-06-22 10:40:00,115.37,115.94,115.32,115.87,20305.0
2026-06-22,2026-06-22 10:45:00,115.875,115.95,115.65,115.69,16308.0
2026-06-22,2026-06-22 10:50:00,115.705,116.0299,115.705,115.895,12238.0
2026-06-22,2026-06-22 10:55:00,115.94,116.24,115.65,116.21,18963.0
2026-06-22,2026-06-22 11:00:00,116.14,116.43,116.07,116.36,28919.0
2026-06-22,2026-06-22 11:05:00,116.375,116.82,116.37,116.8,41561.0
2026-06-22,2026-06-22 11:10:00,116.785,116.8099,116.435,116.57,28731.0
2026-06-22,2026-06-22 11:15:00,116.515,116.975,116.47,116.835,18393.0
2026-06-22,2026-06-22 11:20:00,116.865,117.0499,116.84,116.915,31866.0
2026-06-22,2026-06-22 11:25:00,116.99,117.02,116.54,116.99,120092.0
2026-06-22,2026-06-22 11:30:00,116.935,117.07,116.62,116.79,26794.0
2026-06-22,2026-06-22 11:35:00,116.725,116.86,116.635,116.81,19354.0
2026-06-22,2026-06-22 11:40:00,116.74,116.755,116.55,116.755,21386.0
2026-06-22,2026-06-22 11:45:00,116.76,116.77,116.58,116.655,19781.0
2026-06-22,2026-06-22 11:50:00,116.655,116.77,116.61,116.62,13906.0
2026-06-22,2026-06-22 11:55:00,116.615,117.23,116.52,117.2149,43753.0
2026-06-22,2026-06-22 12:00:00,117.18,117.48,117.14,117.34,45187.0
2026-06-22,2026-06-22 12:05:00,117.34,117.43,116.95,117.195,25533.0
2026-06-22,2026-06-22 12:10:00,117.2411,117.31,117.08,117.18,22142.0
2026-06-22,2026-06-22 12:15:00,117.18,117.18,116.905,116.97,14789.0
2026-06-22,2026-06-22 12:20:00,116.9178,116.935,116.41,116.41,14395.0
2026-06-22,2026-06-22 12:25:00,116.46,116.5539,116.155,116.23,54591.0
2026-06-22,2026-06-22 12:30:00,116.3,116.39,115.87,115.87,22862.0
2026-06-22,2026-06-22 12:35:00,115.89,115.97,115.63,115.69,28505.0
2026-06-22,2026-06-22 12:40:00,115.62,115.905,115.6,115.905,13214.0
2026-06-22,2026-06-22 12:45:00,115.82,115.905,115.1327,115.1327,33229.0
2026-06-22,2026-06-22 12:50:00,115.2414,115.38,115.09,115.14,18549.0
2026-06-22,2026-06-22 12:55:00,115.095,115.25,114.79,114.91,41273.0
2026-06-22,2026-06-22 13:00:00,114.97,115.245,114.97,115.04,22412.0
2026-06-22,2026-06-22 13:05:00,115.04,115.37,115.04,115.27,14031.0
2026-06-22,2026-06-22 13:10:00,115.07,115.26,114.97,115.055,25721.0
2026-06-22,2026-06-22 13:15:00,115.035,115.23,115.035,115.04,15331.0
2026-06-22,2026-06-22 13:20:00,115.09,115.125,114.96,114.995,15643.0
2026-06-22,2026-06-22 13:25:00,115.02,115.225,115.0,115.22,13719.0
2026-06-22,2026-06-22 13:30:00,115.21,115.34,115.18,115.22,13472.0
2026-06-22,2026-06-22 13:35:00,115.295,115.36,115.215,115.34,15674.0
2026-06-22,2026-06-22 13:40:00,115.28,115.38,115.26,115.315,8396.0
2026-06-22,2026-06-22 13:45:00,115.315,115.37,115.05,115.05,25576.0
2026-06-22,2026-06-22 13:50:00,115.045,115.12,114.98,115.1,12781.0
2026-06-22,2026-06-22 13:55:00,115.1,115.21,115.03,115.19,18583.0
2026-06-22,2026-06-22 14:00:00,115.1501,115.25,115.13,115.21,13819.0
2026-06-22,2026-06-22 14:05:00,115.235,115.31,114.915,115.0,14438.0
2026-06-22,2026-06-22 14:10:00,114.91,115.035,114.9,115.035,7743.0
2026-06-22,2026-06-22 14:15:00,115.035,115.13,115.035,115.1,11780.0
2026-06-22,2026-06-22 14:20:00,115.09,115.16,115.03,115.06,13924.0
2026-06-22,2026-06-22 14:25:00,115.065,115.16,115.045,115.12,12815.0
2026-06-22,2026-06-22 14:30:00,115.14,115.25,115.08,115.245,17108.0
2026-06-22,2026-06-22 14:35:00,115.245,115.29,115.17,115.195,10783.0
2026-06-22,2026-06-22 14:40:00,115.19,115.25,115.145,115.17,11927.0
2026-06-22,2026-06-22 14:45:00,115.17,115.34,115.15,115.29,19277.0
2026-06-22,2026-06-22 14:50:00,115.29,115.48,115.28,115.395,16750.0
2026-06-22,2026-06-22 14:55:00,115.385,115.4072,115.05,115.06,19669.0
2026-06-22,2026-06-22 15:00:00,115.04,115.1,114.85,115.06,26108.0
2026-06-22,2026-06-22 15:05:00,115.1,115.18,115.05,115.175,23276.0
2026-06-22,2026-06-22 15:10:00,115.155,115.155,114.98,115.11,22859.0
2026-06-22,2026-06-22 15:15:00,115.15,115.17,114.99,115.06,18070.0
2026-06-22,2026-06-22 15:20:00,115.04,115.15,114.97,115.075,22309.0
2026-06-22,2026-06-22 15:25:00,115.085,115.085,114.9,114.945,17252.0
2026-06-22,2026-06-22 15:30:00,114.9899,114.99,114.85,114.92,28470.0
2026-06-22,2026-06-22 15:35:00,114.97,115.02,114.53,114.57,30984.0
2026-06-22,2026-06-22 15:40:00,114.52,114.62,114.4126,114.515,33844.0
2026-06-22,2026-06-22 15:45:00,114.485,114.56,114.4,114.495,30314.0
2026-06-22,2026-06-22 15:50:00,114.495,114.72,114.2,114.2,52658.0
2026-06-22,2026-06-22 15:55:00,114.26,114.55,113.85,113.88,103265.0
2026-06-22,2026-06-22 16:00:00,113.86,114.19,113.81,113.93,1342590.0
2026-06-23,2026-06-23 09:35:00,113.795,114.51,112.76,113.5,40715.0
2026-06-23,2026-06-23 09:40:00,113.54,113.78,113.2,113.6,15973.0
2026-06-23,2026-06-23 09:45:00,113.61,114.66,113.6,114.425,30812.0
2026-06-23,2026-06-23 09:50:00,114.1,114.56,113.855,114.07,23973.0
2026-06-23,2026-06-23 09:55:00,114.08,114.67,114.06,114.465,20300.0
2026-06-23,2026-06-23 10:00:00,114.47,114.61,114.25,114.485,12612.0
2026-06-23,2026-06-23 10:05:00,114.43,114.5038,113.91,114.08,19747.0
2026-06-23,2026-06-23 10:10:00,114.07,114.38,114.07,114.17,17239.0
2026-06-23,2026-06-23 10:15:00,114.17,114.4,114.06,114.37,18773.0
2026-06-23,2026-06-23 10:20:00,114.3,114.6,114.3,114.57,14774.0
2026-06-23,2026-06-23 10:25:00,114.62,114.715,114.4401,114.48,13396.0
2026-06-23,2026-06-23 10:30:00,114.51,114.52,113.79,113.87,13623.0
2026-06-23,2026-06-23 10:35:00,113.825,114.33,113.74,114.03,16388.0
2026-06-23,2026-06-23 10:40:00,114.03,114.24,113.86,114.145,9503.0
2026-06-23,2026-06-23 10:45:00,114.18,114.33,114.1,114.27,11186.0
2026-06-23,2026-06-23 10:50:00,114.23,114.47,114.17,114.385,11189.0
2026-06-23,2026-06-23 10:55:00,114.39,114.39,114.21,114.345,10375.0
2026-06-23,2026-06-23 11:00:00,114.3999,114.42,114.26,114.355,8327.0
2026-06-23,2026-06-23 11:05:00,114.355,114.42,114.32,114.34,8951.0
2026-06-23,2026-06-23 11:10:00,114.34,114.45,114.29,114.33,14066.0
2026-06-23,2026-06-23 11:15:00,114.345,114.41,114.28,114.38,7118.0
2026-06-23,2026-06-23 11:20:00,114.38,114.38,114.25,114.29,8271.0
2026-06-23,2026-06-23 11:25:00,114.31,114.34,114.195,114.295,9007.0
2026-06-23,2026-06-23 11:30:00,114.26,114.37,114.24,114.27,12047.0
2026-06-23,2026-06-23 11:35:00,114.34,114.68,114.34,114.58,13086.0
2026-06-23,2026-06-23 11:40:00,114.62,114.65,114.59,114.625,11673.0
2026-06-23,2026-06-23 11:45:00,114.58,114.79,114.58,114.79,284352.0
2026-06-23,2026-06-23 11:50:00,114.85,114.915,114.8,114.865,14049.0
2026-06-23,2026-06-23 11:55:00,114.87,115.0,114.865,114.96,6784.0
2026-06-23,2026-06-23 12:00:00,114.99,115.0,114.91,114.96,15600.0
2026-06-23,2026-06-23 12:05:00,114.975,115.38,114.975,115.26,22591.0
2026-06-23,2026-06-23 12:10:00,115.26,115.43,115.235,115.33,10171.0
2026-06-23,2026-06-23 12:15:00,115.37,115.37,115.1,115.145,16428.0
2026-06-23,2026-06-23 12:20:00,115.145,115.3899,115.145,115.26,10289.0
2026-06-23,2026-06-23 12:25:00,115.17,115.1725,115.0,115.0,15224.0
2026-06-23,2026-06-23 12:30:00,115.035,115.14,114.98,114.98,8114.0
2026-06-23,2026-06-23 12:35:00,115.03,115.1899,114.91,114.99,8674.0
2026-06-23,2026-06-23 12:40:00,114.985,114.985,114.79,114.835,12253.0
2026-06-23,2026-06-23 12:45:00,114.81,114.98,114.79,114.895,10664.0
2026-06-23,2026-06-23 12:50:00,114.94,114.96,114.775,114.93,11791.0
2026-06-23,2026-06-23 12:55:00,114.955,114.955,114.79,114.82,9596.0
2026-06-23,2026-06-23 13:00:00,114.9,114.92,114.69,114.71,10647.0
2026-06-23,2026-06-23 13:05:00,114.715,114.715,114.4853,114.705,16358.0
2026-06-23,2026-06-23 13:10:00,114.76,114.76,114.58,114.59,8759.0
2026-06-23,2026-06-23 13:15:00,114.61,114.77,114.54,114.625,18620.0
2026-06-23,2026-06-23 13:20:00,114.67,114.735,114.62,114.7,11519.0
2026-06-23,2026-06-23 13:25:00,114.7,115.01,114.7,114.98,19266.0
2026-06-23,2026-06-23 13:30:00,114.995,114.995,114.68,114.8425,14752.0
2026-06-23,2026-06-23 13:35:00,114.845,114.845,114.51,114.59,8781.0
2026-06-23,2026-06-23 13:40:00,114.56,114.65,114.49,114.61,15865.0
2026-06-23,2026-06-23 13:45:00,114.61,114.75,114.58,114.74,10766.0
2026-06-23,2026-06-23 13:50:00,114.75,114.78,114.67,114.7,10076.0
2026-06-23,2026-06-23 13:55:00,114.7,114.84,114.65,114.72,16144.0
2026-06-23,2026-06-23 14:00:00,114.72,114.72,114.62,114.67,7175.0
2026-06-23,2026-06-23 14:05:00,114.67,114.75,114.62,114.66,14548.0
2026-06-23,2026-06-23 14:10:00,114.705,114.705,114.58,114.58,9756.0
2026-06-23,2026-06-23 14:15:00,114.61,114.675,114.525,114.6,13713.0
2026-06-23,2026-06-23 14:20:00,114.63,114.7,114.58,114.6,7588.0
2026-06-23,2026-06-23 14:25:00,114.595,114.6282,114.43,114.43,10412.0
2026-06-23,2026-06-23 14:30:00,114.485,114.485,114.26,114.335,12167.0
2026-06-23,2026-06-23 14:35:00,114.335,114.455,114.22,114.34,13141.0
2026-06-23,2026-06-23 14:40:00,114.345,114.5499,114.28,114.47,23266.0
2026-06-23,2026-06-23 14:45:00,114.475,114.56,114.18,114.225,23566.0
2026-06-23,2026-06-23 14:50:00,114.14,114.145,113.965,113.995,11977.0
2026-06-23,2026-06-23 14:55:00,114.08,114.125,114.01,114.025,10818.0
2026-06-23,2026-06-23 15:00:00,114.08,114.1,114.04,114.08,7654.0
2026-06-23,2026-06-23 15:05:00,114.04,114.165,113.98,114.165,16472.0
2026-06-23,2026-06-23 15:10:00,114.19,114.3,114.17,114.22,13085.0
2026-06-23,2026-06-23 15:15:00,114.265,114.36,114.18,114.22,10185.0
2026-06-23,2026-06-23 15:20:00,114.24,114.33,114.11,114.17,19084.0
2026-06-23,2026-06-23 15:25:00,114.175,114.26,114.09,114.1725,18961.0
2026-06-23,2026-06-23 15:30:00,114.13,114.19,114.04,114.16,18928.0
2026-06-23,2026-06-23 15:35:00,114.16,114.1825,113.8,113.91,30740.0
2026-06-23,2026-06-23 15:40:00,113.86,113.99,113.8,113.96,25561.0
2026-06-23,2026-06-23 15:45:00,113.98,114.15,113.98,114.14,31192.0
2026-06-23,2026-06-23 15:50:00,114.13,114.42,114.065,114.2,68657.0
2026-06-23,2026-06-23 15:55:00,114.16,114.26,113.965,114.195,123368.0
2026-06-23,2026-06-23 16:00:00,114.15,114.18,113.32,113.41,1148878.0
2026-06-24,2026-06-24 09:35:00,115.24,116.495,114.0,116.13,32862.0
2026-06-24,2026-06-24 09:40:00,116.5,117.02,116.32,116.68,14341.0
2026-06-24,2026-06-24 09:45:00,116.566501,117.085,116.45,116.945,16553.0
2026-06-24,2026-06-24 09:50:00,116.945,117.0375,116.42,116.42,7925.0
2026-06-24,2026-06-24 09:55:00,116.5,117.87,116.5,117.58,20069.0
2026-06-24,2026-06-24 10:00:00,117.5,117.9,117.47,117.55,16932.0
2026-06-24,2026-06-24 10:05:00,117.48,118.31,117.41,117.825,38513.0
2026-06-24,2026-06-24 10:10:00,117.82,118.36,117.3,118.36,40827.0
2026-06-24,2026-06-24 10:15:00,118.385,118.49,118.11,118.385,18000.0
2026-06-24,2026-06-24 10:20:00,118.395,118.47,118.09,118.185,33320.0
2026-06-24,2026-06-24 10:25:00,118.1,118.375,117.9523,118.36,24398.0
2026-06-24,2026-06-24 10:30:00,118.31,118.34,117.81,118.14,30804.0
2026-06-24,2026-06-24 10:35:00,118.145,118.38,118.0601,118.16,16511.0
2026-06-24,2026-06-24 10:40:00,118.07,118.11,117.87,117.87,21380.0
2026-06-24,2026-06-24 10:45:00,117.85,118.1,117.75,118.095,20772.0
2026-06-24,2026-06-24 10:50:00,118.095,118.125,117.935,118.0,10752.0
2026-06-24,2026-06-24 10:55:00,118.0,118.32,118.0,118.32,16310.0
2026-06-24,2026-06-24 11:00:00,118.29,118.34,118.115,118.115,12192.0
2026-06-24,2026-06-24 11:05:00,118.175,118.3899,118.085,118.195,11322.0
2026-06-24,2026-06-24 11:10:00,118.195,118.56,118.055,118.055,25857.0
2026-06-24,2026-06-24 11:15:00,118.08,118.25,118.02,118.175,7162.0
2026-06-24,2026-06-24 11:20:00,118.29,118.5499,118.285,118.465,10837.0
2026-06-24,2026-06-24 11:25:00,118.465,118.55,118.34,118.54,17091.0
2026-06-24,2026-06-24 11:30:00,118.5,118.9,118.43,118.9,25550.0
2026-06-24,2026-06-24 11:35:00,118.91,118.9175,118.45,118.45,11324.0
2026-06-24,2026-06-24 11:40:00,118.49,118.96,118.355,118.355,27012.0
2026-06-24,2026-06-24 11:45:00,118.4075,118.54,118.4075,118.51,11765.0
2026-06-24,2026-06-24 11:50:00,118.54,118.72,118.39,118.64,17985.0
2026-06-24,2026-06-24 11:55:00,118.63,118.705,118.49,118.665,17625.0
2026-06-24,2026-06-24 12:00:00,118.63,118.635,118.44,118.51,15939.0
2026-06-24,2026-06-24 12:05:00,118.5,118.56,118.395,118.425,8489.0
2026-06-24,2026-06-24 12:10:00,118.425,118.425,118.28,118.41,10418.0
2026-06-24,2026-06-24 12:15:00,118.35,118.54,118.29,118.335,13169.0
2026-06-24,2026-06-24 12:20:00,118.35,118.39,118.29,118.32,10857.0
2026-06-24,2026-06-24 12:25:00,118.315,118.39,117.92,118.07,23343.0
2026-06-24,2026-06-24 12:30:00,118.0,118.1,117.93,118.1,26402.0
2026-06-24,2026-06-24 12:35:00,118.085,118.16,117.75,117.875,36002.0
2026-06-24,2026-06-24 12:40:00,117.875,118.05,117.875,118.05,8121.0
2026-06-24,2026-06-24 12:45:00,118.02,118.22,117.99,118.155,16081.0
2026-06-24,2026-06-24 12:50:00,118.15,118.32,118.07,118.28,21329.0
2026-06-24,2026-06-24 12:55:00,118.28,118.39,118.17,118.17,27554.0
2026-06-24,2026-06-24 13:00:00,118.18,118.18,117.875,117.98,19810.0
2026-06-24,2026-06-24 13:05:00,117.99,118.27,117.985,118.17,10834.0
2026-06-24,2026-06-24 13:10:00,118.12,118.14,117.95,118.05,14467.0
2026-06-24,2026-06-24 13:15:00,118.14,118.14,118.0,118.05,6906.0
2026-06-24,2026-06-24 13:20:00,118.045,118.05,117.87,118.0,13870.0
2026-06-24,2026-06-24 13:25:00,118.0,118.14,117.91,118.14,18776.0
2026-06-24,2026-06-24 13:30:00,118.145,118.37,118.09,118.275,30119.0
2026-06-24,2026-06-24 13:35:00,118.275,118.3,118.075,118.175,19592.0
2026-06-24,2026-06-24 13:40:00,118.1425,118.28,118.07,118.18,15519.0
2026-06-24,2026-06-24 13:45:00,118.23,118.27,118.06,118.13,24163.0
2026-06-24,2026-06-24 13:50:00,118.135,118.17,117.925,117.975,22564.0
2026-06-24,2026-06-24 13:55:00,117.97,118.2,117.97,118.115,11177.0
2026-06-24,2026-06-24 14:00:00,118.115,118.51,118.115,118.22,32392.0
2026-06-24,2026-06-24 14:05:00,118.22,118.41,118.135,118.18,12579.0
2026-06-24,2026-06-24 14:10:00,118.165,118.36,118.12,118.12,11507.0
2026-06-24,2026-06-24 14:15:00,118.14,118.3,118.14,118.24,15949.0
2026-06-24,2026-06-24 14:20:00,118.19,118.35,118.19,118.31,11400.0
2026-06-24,2026-06-24 14:25:00,118.29,118.43,118.29,118.39,16601.0
2026-06-24,2026-06-24 14:30:00,118.42,118.9,118.42,118.79,32484.0
2026-06-24,2026-06-24 14:35:00,118.82,118.83,118.745,118.8,12518.0
2026-06-24,2026-06-24 14:40:00,118.78,118.87,118.67,118.82,22112.0
2026-06-24,2026-06-24 14:45:00,118.85,118.86,118.66,118.735,17004.0
2026-06-24,2026-06-24 14:50:00,118.745,118.76,118.56,118.66,13690.0
2026-06-24,2026-06-24 14:55:00,118.625,118.6786,118.545,118.6,14705.0
2026-06-24,2026-06-24 15:00:00,118.64,118.73,118.435,118.55,43236.0
2026-06-24,2026-06-24 15:05:00,118.555,118.77,118.49,118.51,24563.0
2026-06-24,2026-06-24 15:10:00,118.555,118.56,118.32,118.555,33745.0
2026-06-24,2026-06-24 15:15:00,118.555,118.555,118.38,118.5,20501.0
2026-06-24,2026-06-24 15:20:00,118.48,118.62,118.48,118.54,17875.0
2026-06-24,2026-06-24 15:25:00,118.53,118.8,118.5,118.755,33024.0
2026-06-24,2026-06-24 15:30:00,118.79,118.8,118.59,118.735,29848.0
2026-06-24,2026-06-24 15:35:00,118.735,118.75,118.55,118.645,26074.0
2026-06-24,2026-06-24 15:40:00,118.66,118.72,118.36,118.51,30148.0
2026-06-24,2026-06-24 15:45:00,118.49,118.5,118.18,118.265,33538.0
2026-06-24,2026-06-24 15:50:00,118.265,118.77,118.26,118.73,34773.0
2026-06-24,2026-06-24 15:55:00,118.69,118.87,118.39,118.835,77957.0
2026-06-24,2026-06-24 16:00:00,118.87,119.39,118.86,119.35,827377.0
2026-06-25,2026-06-25 09:35:00,115.5,117.11,114.05,116.765,627684.0
2026-06-25,2026-06-25 09:40:00,116.775,117.82,116.76,117.75,205114.0
2026-06-25,2026-06-25 09:45:00,117.75,119.74,117.65,118.52,255387.0
2026-06-25,2026-06-25 09:50:00,118.26,118.3261,117.765,118.2,62757.0
2026-06-25,2026-06-25 09:55:00,118.185,118.45,117.84,118.085,55900.0
2026-06-25,2026-06-25 10:00:00,118.1,118.35,117.5,118.265,46869.0
2026-06-25,2026-06-25 10:05:00,118.265,119.05,118.17,118.97,59885.0
2026-06-25,2026-06-25 10:10:00,118.98,119.4,118.83,119.13,140985.0
2026-06-25,2026-06-25 10:15:00,119.2,119.41,119.11,119.305,84129.0
2026-06-25,2026-06-25 10:20:00,119.27,119.65,118.9,119.41,63866.0
2026-06-25,2026-06-25 10:25:00,119.41,120.575,119.37,120.33,64941.0
2026-06-25,2026-06-25 10:30:00,120.325,120.389,119.59,119.815,236748.0
2026-06-25,2026-06-25 10:35:00,119.815,119.9,119.0,119.49,303434.0
2026-06-25,2026-06-25 10:40:00,119.49,119.77,119.395,119.6,51848.0
2026-06-25,2026-06-25 10:45:00,119.57,119.6,118.65,118.74,45273.0
2026-06-25,2026-06-25 10:50:00,118.74,119.73,118.74,119.4325,100147.0
2026-06-25,2026-06-25 10:55:00,119.48,119.86,119.36,119.47,49612.0
2026-06-25,2026-06-25 11:00:00,119.47,119.5499,119.08,119.08,35374.0
2026-06-25,2026-06-25 11:05:00,119.155,119.155,118.58,118.73,39740.0
2026-06-25,2026-06-25 11:10:00,118.73,118.92,118.59,118.83,31631.0
2026-06-25,2026-06-25 11:15:00,118.75,118.89,118.55,118.595,25486.0
2026-06-25,2026-06-25 11:20:00,118.595,118.74,118.04,118.04,62341.0
2026-06-25,2026-06-25 11:25:00,118.03,118.49,118.03,118.47,45028.0
2026-06-25,2026-06-25 11:30:00,118.47,118.47,118.17,118.27,33251.0
2026-06-25,2026-06-25 11:35:00,118.265,118.44,117.64,117.64,40795.0
2026-06-25,2026-06-25 11:40:00,117.6,118.1,117.58,117.72,56268.0
2026-06-25,2026-06-25 11:45:00,117.7425,117.78,117.49,117.75,32959.0
2026-06-25,2026-06-25 11:50:00,117.76,117.76,117.37,117.475,30482.0
2026-06-25,2026-06-25 11:55:00,117.37,117.54,117.32,117.51,27928.0
2026-06-25,2026-06-25 12:00:00,117.52,117.76,117.475,117.54,31532.0
2026-06-25,2026-06-25 12:05:00,117.695,117.73,117.42,117.47,23833.0
2026-06-25,2026-06-25 12:10:00,117.42,117.45,116.955,117.09,62413.0
2026-06-25,2026-06-25 12:15:00,117.19,117.385,117.05,117.28,52869.0
2026-06-25,2026-06-25 12:20:00,117.28,117.43,116.96,117.19,79255.0
2026-06-25,2026-06-25 12:25:00,117.215,117.475,117.21,117.21,25045.0
2026-06-25,2026-06-25 12:30:00,117.215,117.44,117.215,117.32,24065.0
2026-06-25,2026-06-25 12:35:00,117.28,117.45,117.18,117.395,28255.0
2026-06-25,2026-06-25 12:40:00,117.45,117.47,117.32,117.335,25847.0
2026-06-25,2026-06-25 12:45:00,117.31,117.31,117.09,117.09,20948.0
2026-06-25,2026-06-25 12:50:00,117.145,117.26,117.13,117.18,34129.0
2026-06-25,2026-06-25 12:55:00,117.18,117.31,117.13,117.14,26997.0
2026-06-25,2026-06-25 13:00:00,117.13,117.28,117.13,117.25,20299.0
2026-06-25,2026-06-25 13:05:00,117.29,117.34,117.1,117.1,24811.0
2026-06-25,2026-06-25 13:10:00,117.1,117.24,117.05,117.205,25904.0
2026-06-25,2026-06-25 13:15:00,117.205,117.29,117.1,117.1,16367.0
2026-06-25,2026-06-25 13:20:00,117.15,117.28,117.13,117.23,26537.0
2026-06-25,2026-06-25 13:25:00,117.2525,117.45,117.24,117.435,24495.0
2026-06-25,2026-06-25 13:30:00,117.39,117.54,117.39,117.515,20251.0
2026-06-25,2026-06-25 13:35:00,117.515,117.53,117.33,117.37,24069.0
2026-06-25,2026-06-25 13:40:00,117.36,117.42,117.27,117.27,22334.0
2026-06-25,2026-06-25 13:45:00,117.27,117.32,117.05,117.05,18753.0
2026-06-25,2026-06-25 13:50:00,117.1,117.1,116.98,117.015,20236.0
2026-06-25,2026-06-25 13:55:00,117.015,117.11,116.92,117.045,46312.0
2026-06-25,2026-06-25 14:00:00,117.045,117.045,116.8,116.935,31461.0
2026-06-25,2026-06-25 14:05:00,116.97,116.97,116.4,116.48,34792.0
2026-06-25,2026-06-25 14:10:00,116.54,116.8,116.48,116.655,53962.0
2026-06-25,2026-06-25 14:15:00,116.62,116.78,116.47,116.62,56442.0
2026-06-25,2026-06-25 14:20:00,116.62,116.925,116.61,116.88,37336.0
2026-06-25,2026-06-25 14:25:00,116.84,116.845,116.61,116.66,33735.0
2026-06-25,2026-06-25 14:30:00,116.71,116.84,116.27,116.38,107366.0
2026-06-25,2026-06-25 14:35:00,116.375,116.49,116.16,116.255,61364.0
2026-06-25,2026-06-25 14:40:00,116.25,116.44,115.97,116.38,82203.0
2026-06-25,2026-06-25 14:45:00,116.44,116.465,116.22,116.29,47277.0
2026-06-25,2026-06-25 14:50:00,116.29,116.4,116.09,116.4,35429.0
2026-06-25,2026-06-25 14:55:00,116.39,116.67,116.39,116.53,38207.0
2026-06-25,2026-06-25 15:00:00,116.51,116.64,116.4,116.54,33327.0
2026-06-25,2026-06-25 15:05:00,116.502,116.87,116.5,116.84,44079.0
2026-06-25,2026-06-25 15:10:00,116.84,116.96,116.78,116.945,59968.0
2026-06-25,2026-06-25 15:15:00,116.945,117.02,116.81,116.97,50192.0
2026-06-25,2026-06-25 15:20:00,116.97,117.11,116.86,116.91,55341.0
2026-06-25,2026-06-25 15:25:00,116.925,117.32,116.925,117.295,41868.0
2026-06-25,2026-06-25 15:30:00,117.28,117.84,117.27,117.68,61989.0
2026-06-25,2026-06-25 15:35:00,117.68,117.79,117.46,117.6,45606.0
2026-06-25,2026-06-25 15:40:00,117.6,118.05,117.52,117.915,81832.0
2026-06-25,2026-06-25 15:45:00,117.925,117.98,117.77,117.91,53463.0
2026-06-25,2026-06-25 15:50:00,117.855,117.95,117.78,117.89,76320.0
2026-06-25,2026-06-25 15:55:00,117.91,118.38,117.76,118.38,170045.0
2026-06-25,2026-06-25 16:00:00,118.38,118.7,118.055,118.21,1366938.0
2026-06-26,2026-06-26 09:35:00,120.23,120.99,119.795,120.725,57425.0
2026-06-26,2026-06-26 09:40:00,120.6,120.99,120.4,120.515,17930.0
2026-06-26,2026-06-26 09:45:00,120.19,120.69,119.975,120.31,18457.0
2026-06-26,2026-06-26 09:50:00,120.307,121.24,120.17,120.945,25161.0
2026-06-26,2026-06-26 09:55:00,120.78,121.41,120.76,121.34,24493.0
2026-06-26,2026-06-26 10:00:00,121.5,122.84,121.5,122.635,45192.0
2026-06-26,2026-06-26 10:05:00,122.655,123.5,122.61,123.49,48001.0
2026-06-26,2026-06-26 10:10:00,123.51,123.85,123.17,123.85,46172.0
2026-06-26,2026-06-26 10:15:00,123.83,124.37,123.69,124.32,43691.0
2026-06-26,2026-06-26 10:20:00,124.355,124.67,123.995,123.995,40249.0
2026-06-26,2026-06-26 10:25:00,124.125,124.2,123.43,123.85,28402.0
2026-06-26,2026-06-26 10:30:00,123.815,123.84,123.01,123.035,52326.0
2026-06-26,2026-06-26 10:35:00,123.05,123.33,122.81,122.885,23767.0
2026-06-26,2026-06-26 10:40:00,122.8264,123.27,122.8264,123.27,108982.0
2026-06-26,2026-06-26 10:45:00,123.18,123.67,123.16,123.625,31618.0
2026-06-26,2026-06-26 10:50:00,123.57,123.71,123.39,123.56,25727.0
2026-06-26,2026-06-26 10:55:00,123.59,123.81,123.4,123.47,20841.0
2026-06-26,2026-06-26 11:00:00,123.46,123.64,123.38,123.58,12431.0
2026-06-26,2026-06-26 11:05:00,123.57,123.62,123.3702,123.3913,24831.0
2026-06-26,2026-06-26 11:10:00,123.49,123.6,123.34,123.505,25944.0
2026-06-26,2026-06-26 11:15:00,123.53,123.68,123.45,123.6,20230.0
2026-06-26,2026-06-26 11:20:00,123.595,123.7,123.49,123.68,27181.0
2026-06-26,2026-06-26 11:25:00,123.69,123.72,123.29,123.37,27884.0
2026-06-26,2026-06-26 11:30:00,123.32,123.54,123.23,123.315,43333.0
2026-06-26,2026-06-26 11:35:00,123.32,123.79,123.32,123.625,83921.0
2026-06-26,2026-06-26 11:40:00,123.54,123.545,123.3,123.345,14724.0
2026-06-26,2026-06-26 11:45:00,123.345,123.57,123.345,123.53,23565.0
2026-06-26,2026-06-26 11:50:00,123.57,123.66,123.43,123.44,19152.0
2026-06-26,2026-06-26 11:55:00,123.42,123.68,123.35,123.5035,33320.0
2026-06-26,2026-06-26 12:00:00,123.545,123.66,123.39,123.39,19647.0
2026-06-26,2026-06-26 12:05:00,123.42,123.42,123.28,123.335,11927.0
2026-06-26,2026-06-26 12:10:00,123.27,123.325,123.13,123.155,15124.0
2026-06-26,2026-06-26 12:15:00,123.155,123.3,123.1377,123.19,18092.0
2026-06-26,2026-06-26 12:20:00,123.23,123.85,123.23,123.735,68749.0
2026-06-26,2026-06-26 12:25:00,123.74,123.79,123.5475,123.635,19865.0
2026-06-26,2026-06-26 12:30:00,123.63,123.63,123.345,123.345,17603.0
2026-06-26,2026-06-26 12:35:00,123.38,123.67,123.345,123.55,12937.0
2026-06-26,2026-06-26 12:40:00,123.5,123.5,123.325,123.415,13410.0
2026-06-26,2026-06-26 12:45:00,123.44,123.64,123.345,123.61,18457.0
2026-06-26,2026-06-26 12:50:00,123.55,123.6,123.43,123.53,15192.0
2026-06-26,2026-06-26 12:55:00,123.47,123.725,123.435,123.59,32175.0
2026-06-26,2026-06-26 13:00:00,123.56,123.585,123.42,123.42,16923.0
2026-06-26,2026-06-26 13:05:00,123.47,123.55,123.4036,123.47,24509.0
2026-06-26,2026-06-26 13:10:00,123.49,123.56,123.435,123.46,13715.0
2026-06-26,2026-06-26 13:15:00,123.49,123.54,123.3,123.525,19387.0
2026-06-26,2026-06-26 13:20:00,123.535,123.63,123.39,123.41,35385.0
2026-06-26,2026-06-26 13:25:00,123.39,123.435,123.3,123.31,10156.0
2026-06-26,2026-06-26 13:30:00,123.265,123.315,123.17,123.285,14459.0
2026-06-26,2026-06-26 13:35:00,123.34,123.42,123.16,123.22,21019.0
2026-06-26,2026-06-26 13:40:00,123.2,123.35,123.195,123.21,15660.0
2026-06-26,2026-06-26 13:45:00,123.21,123.4,123.16,123.4,22715.0
2026-06-26,2026-06-26 13:50:00,123.39,123.56,123.21,123.555,28907.0
2026-06-26,2026-06-26 13:55:00,123.56,123.9399,123.53,123.79,21888.0
2026-06-26,2026-06-26 14:00:00,123.79,124.01,123.79,123.88,24729.0
2026-06-26,2026-06-26 14:05:00,123.93,124.24,123.88,124.15,19956.0
2026-06-26,2026-06-26 14:10:00,124.15,124.175,123.91,123.97,15518.0
2026-06-26,2026-06-26 14:15:00,123.99,124.06,123.89,123.93,19475.0
2026-06-26,2026-06-26 14:20:00,123.98,124.125,123.87,124.12,17708.0
2026-06-26,2026-06-26 14:25:00,124.135,124.135,123.9801,124.09,13763.0
2026-06-26,2026-06-26 14:30:00,124.05,124.15,123.96,124.03,20533.0
2026-06-26,2026-06-26 14:35:00,124.08,124.39,124.01,124.34,27916.0
2026-06-26,2026-06-26 14:40:00,124.34,124.475,124.29,124.46,13831.0
2026-06-26,2026-06-26 14:45:00,124.42,124.605,124.36,124.5,16344.0
2026-06-26,2026-06-26 14:50:00,124.535,124.555,124.41,124.45,17943.0
2026-06-26,2026-06-26 14:55:00,124.53,124.59,124.34,124.35,28269.0
2026-06-26,2026-06-26 15:00:00,124.345,124.4,124.13,124.215,21617.0
2026-06-26,2026-06-26 15:05:00,124.26,124.4,124.21,124.245,20700.0
2026-06-26,2026-06-26 15:10:00,124.24,124.37,124.16,124.335,21224.0
2026-06-26,2026-06-26 15:15:00,124.37,124.45,124.3,124.3872,26104.0
2026-06-26,2026-06-26 15:20:00,124.44,124.49,124.33,124.485,24659.0
2026-06-26,2026-06-26 15:25:00,124.46,124.46,124.27,124.43,22401.0
2026-06-26,2026-06-26 15:30:00,124.43,124.555,124.34,124.39,31026.0
2026-06-26,2026-06-26 15:35:00,124.41,124.44,123.81,123.825,35512.0
2026-06-26,2026-06-26 15:40:00,123.825,123.84,123.47,123.645,35414.0
2026-06-26,2026-06-26 15:45:00,123.675,123.86,123.61,123.765,37921.0
2026-06-26,2026-06-26 15:50:00,123.82,123.88,123.66,123.82,54992.0
2026-06-26,2026-06-26 15:55:00,123.82,124.56,123.76,124.405,161826.0
2026-06-26,2026-06-26 16:00:00,124.42,124.43,123.85,123.87,1180762.0
2026-06-29,2026-06-29 09:35:00,123.33,123.495,122.515,123.495,31678.0
2026-06-29,2026-06-29 09:40:00,123.505,124.125,123.01,124.08,44391.0
2026-06-29,2026-06-29 09:45:00,123.75,125.19,123.75,125.08,28408.0
2026-06-29,2026-06-29 09:50:00,124.91,125.1099,124.35,124.64,21889.0
2026-06-29,2026-06-29 09:55:00,124.525,124.86,123.94,123.94,17967.0
2026-06-29,2026-06-29 10:00:00,123.94,124.67,123.845,124.155,28290.0
2026-06-29,2026-06-29 10:05:00,124.02,124.51,123.94,124.485,30553.0
2026-06-29,2026-06-29 10:10:00,124.445,124.64,124.12,124.34,20513.0
2026-06-29,2026-06-29 10:15:00,124.28,124.73,124.16,124.6,24456.0
2026-06-29,2026-06-29 10:20:00,124.75,125.08,124.63,124.735,31510.0
2026-06-29,2026-06-29 10:25:00,124.66,124.66,123.66,123.71,50336.0
2026-06-29,2026-06-29 10:30:00,123.71,123.905,123.36,123.41,17338.0
2026-06-29,2026-06-29 10:35:00,123.43,123.8,123.08,123.48,61050.0
2026-06-29,2026-06-29 10:40:00,123.39,123.56,123.17,123.33,22600.0
2026-06-29,2026-06-29 10:45:00,123.29,123.3,122.88,123.04,24766.0
2026-06-29,2026-06-29 10:50:00,122.95,123.09,122.34,122.49,81288.0
2026-06-29,2026-06-29 10:55:00,122.55,122.59,122.06,122.09,35962.0
2026-06-29,2026-06-29 11:00:00,122.04,122.24,121.99,122.215,22537.0
2026-06-29,2026-06-29 11:05:00,122.23,122.48,121.92,122.37,36489.0
2026-06-29,2026-06-29 11:10:00,122.38,122.43,121.92,122.06,84754.0
2026-06-29,2026-06-29 11:15:00,121.94,122.097618,121.71,122.04,36910.0
2026-06-29,2026-06-29 11:20:00,121.9714,122.0299,121.69,121.76,46851.0
2026-06-29,2026-06-29 11:25:00,121.735,121.83,121.48,121.79,53943.0
2026-06-29,2026-06-29 11:30:00,121.79,122.1,121.725,121.93,23070.0
2026-06-29,2026-06-29 11:35:00,122.0,122.39,121.955,122.305,14402.0
2026-06-29,2026-06-29 11:40:00,122.38,122.39,121.97,122.03,20591.0
2026-06-29,2026-06-29 11:45:00,122.04,122.08,121.84,121.99,15152.0
2026-06-29,2026-06-29 11:50:00,122.08,122.38,122.08,122.13,21207.0
2026-06-29,2026-06-29 11:55:00,122.06,122.0675,121.87,121.93,10076.0
2026-06-29,2026-06-29 12:00:00,121.92,122.02,121.79,121.97,11802.0
2026-06-29,2026-06-29 12:05:00,121.9243,122.075,121.9243,121.99,11664.0
2026-06-29,2026-06-29 12:10:00,121.99,122.1,121.89,121.985,21636.0
2026-06-29,2026-06-29 12:15:00,121.97,121.97,121.86,121.865,11732.0
2026-06-29,2026-06-29 12:20:00,121.865,122.13,121.77,122.02,14832.0
2026-06-29,2026-06-29 12:25:00,122.02,122.325,122.02,122.29,14848.0
2026-06-29,2026-06-29 12:30:00,122.33,122.38,122.09,122.155,21627.0
2026-06-29,2026-06-29 12:35:00,122.32,122.32,122.09,122.22,17549.0
2026-06-29,2026-06-29 12:40:00,122.23,122.32,122.22,122.225,11091.0
2026-06-29,2026-06-29 12:45:00,122.225,122.23,122.05,122.07,12290.0
2026-06-29,2026-06-29 12:50:00,122.085,122.16,122.02,122.095,20193.0
2026-06-29,2026-06-29 12:55:00,122.16,122.2,122.09,122.17,13597.0
2026-06-29,2026-06-29 13:00:00,122.14,122.25,121.91,122.0,16954.0
2026-06-29,2026-06-29 13:05:00,122.03,122.03,121.785,121.82,13377.0
2026-06-29,2026-06-29 13:10:00,121.96,122.095,121.82,121.875,28346.0
2026-06-29,2026-06-29 13:15:00,121.875,122.14,121.81,122.045,22245.0
2026-06-29,2026-06-29 13:20:00,122.045,122.3,122.045,122.3,16855.0
2026-06-29,2026-06-29 13:25:00,122.22,122.47,122.16,122.28,62696.0
2026-06-29,2026-06-29 13:30:00,122.33,122.46,122.29,122.34,29347.0
2026-06-29,2026-06-29 13:35:00,122.3425,122.55,122.33,122.52,37874.0
2026-06-29,2026-06-29 13:40:00,122.59,122.59,122.33,122.495,24077.0
2026-06-29,2026-06-29 13:45:00,122.495,122.88,122.39,122.5,36686.0
2026-06-29,2026-06-29 13:50:00,122.5,122.62,122.07,122.5,45545.0
2026-06-29,2026-06-29 13:55:00,122.5,122.66,122.42,122.51,16694.0
2026-06-29,2026-06-29 14:00:00,122.505,122.845,122.46,122.845,25467.0
2026-06-29,2026-06-29 14:05:00,122.77,123.315,122.77,123.085,30787.0
2026-06-29,2026-06-29 14:10:00,123.085,123.19,122.77,122.86,31353.0
2026-06-29,2026-06-29 14:15:00,122.86,123.11,122.61,122.715,49532.0
2026-06-29,2026-06-29 14:20:00,122.62,123.0,122.48,122.97,31521.0
2026-06-29,2026-06-29 14:25:00,122.97,123.1,122.79,122.79,26925.0
2026-06-29,2026-06-29 14:30:00,122.83,123.2,122.73,123.2,38758.0
2026-06-29,2026-06-29 14:35:00,123.14,123.23,123.01,123.09,20548.0
2026-06-29,2026-06-29 14:40:00,123.11,123.11,122.96,123.035,21865.0
2026-06-29,2026-06-29 14:45:00,123.035,123.23,122.96,123.175,23627.0
2026-06-29,2026-06-29 14:50:00,123.22,123.23,123.08,123.145,19342.0
2026-06-29,2026-06-29 14:55:00,123.145,123.24,123.09,123.1,21733.0
2026-06-29,2026-06-29 15:00:00,123.075,123.175,123.05,123.1,18596.0
2026-06-29,2026-06-29 15:05:00,123.1,123.14,122.93,123.07,29806.0
2026-06-29,2026-06-29 15:10:00,123.095,123.13,122.94,122.95,20885.0
2026-06-29,2026-06-29 15:15:00,122.98,123.09,122.88,122.905,31775.0
2026-06-29,2026-06-29 15:20:00,122.87,123.0,122.82,122.88,29924.0
2026-06-29,2026-06-29 15:25:00,122.895,122.95,122.8,122.855,29510.0
2026-06-29,2026-06-29 15:30:00,122.855,122.86,122.71,122.71,34248.0
2026-06-29,2026-06-29 15:35:00,122.73,122.76,122.465,122.565,57849.0
2026-06-29,2026-06-29 15:40:00,122.56,122.7,122.315,122.315,51035.0
2026-06-29,2026-06-29 15:45:00,122.315,122.41,122.1,122.18,58313.0
2026-06-29,2026-06-29 15:50:00,122.15,122.63,122.15,122.63,54893.0
2026-06-29,2026-06-29 15:55:00,122.62,123.12,122.21,122.55,1386227.0
2026-06-29,2026-06-29 16:00:00,122.555,122.76,122.0,122.62,1983279.0
2026-06-30,2026-06-30 09:35:00,122.66,122.875,121.0201,121.09,48790.0
2026-06-30,2026-06-30 09:40:00,121.19,121.362,119.93,120.67,36103.0
2026-06-30,2026-06-30 09:45:00,120.37,120.68,119.8,120.085,29070.0
2026-06-30,2026-06-30 09:50:00,119.8,120.18,119.1,119.16,28290.0
2026-06-30,2026-06-30 09:55:00,119.16,119.76,119.05,119.31,45403.0
2026-06-30,2026-06-30 10:00:00,119.31,120.47,119.31,119.77,31801.0
2026-06-30,2026-06-30 10:05:00,119.77,120.07,119.58,119.58,15080.0
2026-06-30,2026-06-30 10:10:00,119.68,119.68,119.01,119.45,21662.0
2026-06-30,2026-06-30 10:15:00,119.45,119.45,118.75,118.995,19652.0
2026-06-30,2026-06-30 10:20:00,119.07,119.7,118.88,119.19,32481.0
2026-06-30,2026-06-30 10:25:00,119.335,120.23,119.2,119.945,37763.0
2026-06-30,2026-06-30 10:30:00,119.945,120.74,119.8501,120.73,32439.0
2026-06-30,2026-06-30 10:35:00,120.675,120.8,120.26,120.4525,32545.0
2026-06-30,2026-06-30 10:40:00,120.45,120.64,120.105,120.24,15632.0
2026-06-30,2026-06-30 10:45:00,120.38,120.91,120.285,120.85,23691.0
2026-06-30,2026-06-30 10:50:00,120.78,121.16,120.77,121.0475,15924.0
2026-06-30,2026-06-30 10:55:00,121.08,121.12,120.84,120.97,22901.0
2026-06-30,2026-06-30 11:00:00,120.97,120.97,120.61,120.71,12414.0
2026-06-30,2026-06-30 11:05:00,120.61,120.955,120.53,120.95,21734.0
2026-06-30,2026-06-30 11:10:00,120.88,120.95,120.5,120.67,41169.0
2026-06-30,2026-06-30 11:15:00,120.67,120.97,120.55,120.88,15047.0
2026-06-30,2026-06-30 11:20:00,120.89,120.98,120.785,120.85,17145.0
2026-06-30,2026-06-30 11:25:00,120.74,121.34,120.74,121.265,19911.0
2026-06-30,2026-06-30 11:30:00,121.265,121.72,121.265,121.57,15239.0
2026-06-30,2026-06-30 11:35:00,121.72,121.79,121.28,121.375,21500.0
2026-06-30,2026-06-30 11:40:00,121.47,121.65,121.365,121.57,13402.0
2026-06-30,2026-06-30 11:45:00,121.565,121.66,121.535,121.575,8360.0
2026-06-30,2026-06-30 11:50:00,121.58,121.83,121.58,121.685,20718.0
2026-06-30,2026-06-30 11:55:00,121.63,121.695,121.54,121.54,8188.0
2026-06-30,2026-06-30 12:00:00,121.53,121.64,121.5,121.595,11457.0
2026-06-30,2026-06-30 12:05:00,121.595,121.595,121.46,121.5,11074.0
2026-06-30,2026-06-30 12:10:00,121.45,121.63,121.3,121.56,34165.0
2026-06-30,2026-06-30 12:15:00,121.54,121.88,121.46,121.86,23853.0
2026-06-30,2026-06-30 12:20:00,121.86,121.92,121.71,121.825,7889.0
2026-06-30,2026-06-30 12:25:00,121.825,121.875,121.71,121.71,15411.0
2026-06-30,2026-06-30 12:30:00,121.75,121.835,121.69,121.76,14635.0
2026-06-30,2026-06-30 12:35:00,121.795,121.95,121.75,121.84,15663.0
2026-06-30,2026-06-30 12:40:00,121.77,121.825,121.54,121.585,16235.0
2026-06-30,2026-06-30 12:45:00,121.56,121.83,121.356,121.71,39252.0
2026-06-30,2026-06-30 12:50:00,121.66,121.74,121.56,121.74,27236.0
2026-06-30,2026-06-30 12:55:00,121.675,121.68,121.46,121.505,10902.0
2026-06-30,2026-06-30 13:00:00,121.46,121.67,121.45,121.67,11982.0
2026-06-30,2026-06-30 13:05:00,121.65,121.84,121.59,121.815,9628.0
2026-06-30,2026-06-30 13:10:00,121.84,121.95,121.645,121.93,35341.0
2026-06-30,2026-06-30 13:15:00,121.855,121.855,121.555,121.73,28492.0
2026-06-30,2026-06-30 13:20:00,121.73,121.9,121.73,121.9,11236.0
2026-06-30,2026-06-30 13:25:00,121.88,122.0,121.81,121.97,29301.0
2026-06-30,2026-06-30 13:30:00,121.96,122.03,121.88,122.015,11601.0
2026-06-30,2026-06-30 13:35:00,122.05,122.08,121.93,121.97,10035.0
2026-06-30,2026-06-30 13:40:00,121.97,122.07,121.97,122.015,10887.0
2026-06-30,2026-06-30 13:45:00,122.015,122.07,122.0,122.035,8500.0
2026-06-30,2026-06-30 13:50:00,122.035,122.09,121.77,121.8,20972.0
2026-06-30,2026-06-30 13:55:00,121.82,122.03,121.64,121.99,29377.0
2026-06-30,2026-06-30 14:00:00,122.07,122.07,121.61,121.68,27588.0
2026-06-30,2026-06-30 14:05:00,121.74,121.74,121.35,121.38,34418.0
2026-06-30,2026-06-30 14:10:00,121.425,121.425,120.89,121.08,23582.0
2026-06-30,2026-06-30 14:15:00,121.0539,121.385,121.05,121.29,16204.0
2026-06-30,2026-06-30 14:20:00,121.345,121.46,121.27,121.46,18521.0
2026-06-30,2026-06-30 14:25:00,121.38,121.43,121.29,121.3,17730.0
2026-06-30,2026-06-30 14:30:00,121.335,121.38,121.18,121.2,13099.0
2026-06-30,2026-06-30 14:35:00,121.2,121.27,121.03,121.27,19476.0
2026-06-30,2026-06-30 14:40:00,121.31,121.31,120.95,121.14,30843.0
2026-06-30,2026-06-30 14:45:00,121.185,121.43,121.185,121.38,16474.0
2026-06-30,2026-06-30 14:50:00,121.385,121.43,121.26,121.42,16146.0
2026-06-30,2026-06-30 14:55:00,121.38,121.51,121.37,121.49,10912.0
2026-06-30,2026-06-30 15:00:00,121.44,121.5,121.35,121.495,13759.0
2026-06-30,2026-06-30 15:05:00,121.495,121.525,121.295,121.315,15013.0
2026-06-30,2026-06-30 15:10:00,121.32,121.4,121.21,121.4,26758.0
2026-06-30,2026-06-30 15:15:00,121.35,121.63,121.225,121.63,34437.0
2026-06-30,2026-06-30 15:20:00,121.64,121.88,121.635,121.85,18652.0
2026-06-30,2026-06-30 15:25:00,121.84,121.96,121.78,121.915,18235.0
2026-06-30,2026-06-30 15:30:00,121.87,121.99,121.71,121.85,1240255.0
2026-06-30,2026-06-30 15:35:00,121.785,121.91,121.475,121.49,33749.0
2026-06-30,2026-06-30 15:40:00,121.52,121.7,121.51,121.645,832218.0
2026-06-30,2026-06-30 15:45:00,121.655,121.775,121.345,121.3475,33114.0
2026-06-30,2026-06-30 15:50:00,121.29,121.335,120.9801,121.18,47266.0
2026-06-30,2026-06-30 15:55:00,121.15,121.15,120.75,120.815,90153.0
2026-06-30,2026-06-30 16:00:00,120.87,121.175,120.82,120.95,873082.0
2026-07-01,2026-07-01 09:35:00,120.49,123.0,120.49,122.305,42410.0
2026-07-01,2026-07-01 09:40:00,122.13,122.46,121.62,122.46,18076.0
2026-07-01,2026-07-01 09:45:00,122.241781,122.46,121.86,122.22,20272.0
2026-07-01,2026-07-01 09:50:00,121.98,121.98,120.96,121.61,15234.0
2026-07-01,2026-07-01 09:55:00,121.55,122.755,121.38,122.755,21973.0
2026-07-01,2026-07-01 10:00:00,122.75,123.32,122.54,123.32,18432.0
2026-07-01,2026-07-01 10:05:00,123.16,123.52,123.09,123.285,25531.0
2026-07-01,2026-07-01 10:10:00,123.285,123.51,123.12,123.4,18989.0
2026-07-01,2026-07-01 10:15:00,123.42,123.87,123.34,123.72,24724.0
2026-07-01,2026-07-01 10:20:00,123.73,123.8,123.28,123.618,25913.0
2026-07-01,2026-07-01 10:25:00,123.545,124.3,123.545,124.03,33424.0
2026-07-01,2026-07-01 10:30:00,124.0,124.0,123.14,123.65,25155.0
2026-07-01,2026-07-01 10:35:00,123.75,123.77,123.36,123.5,18812.0
2026-07-01,2026-07-01 10:40:00,123.495,123.69,123.22,123.355,29973.0
2026-07-01,2026-07-01 10:45:00,123.36,123.645,122.92,123.16,127378.0
2026-07-01,2026-07-01 10:50:00,123.1425,123.42,123.02,123.085,15006.0
2026-07-01,2026-07-01 10:55:00,123.07,123.14,122.26,122.34,35033.0
2026-07-01,2026-07-01 11:00:00,122.41,122.875,122.41,122.875,74827.0
2026-07-01,2026-07-01 11:05:00,122.87,122.97,122.7101,122.82,19508.0
2026-07-01,2026-07-01 11:10:00,122.84,123.01,122.61,122.69,19691.0
2026-07-01,2026-07-01 11:15:00,122.69,122.7,121.84,121.88,23605.0
2026-07-01,2026-07-01 11:20:00,121.88,121.88,121.63,121.83,37401.0
2026-07-01,2026-07-01 11:25:00,121.89,122.03,121.72,121.8625,29590.0
2026-07-01,2026-07-01 11:30:00,121.865,122.19,121.8525,121.96,23205.0
2026-07-01,2026-07-01 11:35:00,121.96,121.96,121.345,121.56,43168.0
2026-07-01,2026-07-01 11:40:00,121.565,121.78,121.45,121.54,23042.0
2026-07-01,2026-07-01 11:45:00,121.49,121.67,121.49,121.52,7252.0
2026-07-01,2026-07-01 11:50:00,121.5,121.5,121.28,121.365,14643.0
2026-07-01,2026-07-01 11:55:00,121.36,121.855,121.33,121.79,11838.0
2026-07-01,2026-07-01 12:00:00,121.805,122.2,121.805,122.2,9475.0
2026-07-01,2026-07-01 12:05:00,122.19,122.33,121.99,122.04,19863.0
2026-07-01,2026-07-01 12:10:00,121.99,122.08,121.97,122.025,9143.0
2026-07-01,2026-07-01 12:15:00,122.08,122.09,121.94,122.07,10977.0
2026-07-01,2026-07-01 12:20:00,122.075,122.14,121.87,121.99,11013.0
2026-07-01,2026-07-01 12:25:00,122.07,122.08,121.74,121.74,8700.0
2026-07-01,2026-07-01 12:30:00,121.72,121.865,121.645,121.82,11567.0
2026-07-01,2026-07-01 12:35:00,121.81,121.9,121.77,121.79,14351.0
2026-07-01,2026-07-01 12:40:00,121.815,121.815,121.35,121.65,21624.0
2026-07-01,2026-07-01 12:45:00,121.59,121.59,121.35,121.4,10375.0
2026-07-01,2026-07-01 12:50:00,121.44,121.58,121.38,121.44,19731.0
2026-07-01,2026-07-01 12:55:00,121.44,121.47,121.37,121.37,6623.0
2026-07-01,2026-07-01 13:00:00,121.36,121.36,121.045,121.09,12683.0
2026-07-01,2026-07-01 13:05:00,121.066,121.27,120.96,121.245,14519.0
2026-07-01,2026-07-01 13:10:00,121.235,121.34,121.2,121.24,7462.0
2026-07-01,2026-07-01 13:15:00,121.235,121.345,121.15,121.34,12258.0
2026-07-01,2026-07-01 13:20:00,121.35,121.95,121.35,121.74,39183.0
2026-07-01,2026-07-01 13:25:00,121.805,121.935,121.69,121.935,12375.0
2026-07-01,2026-07-01 13:30:00,121.95,122.05,121.82,121.88,12701.0
2026-07-01,2026-07-01 13:35:00,121.895,121.92,121.775,121.775,12347.0
2026-07-01,2026-07-01 13:40:00,121.84,121.86,121.7,121.805,9728.0
2026-07-01,2026-07-01 13:45:00,121.805,121.97,121.7405,121.94,13798.0
2026-07-01,2026-07-01 13:50:00,121.94,122.1,121.82,121.83,28390.0
2026-07-01,2026-07-01 13:55:00,121.82,121.83,121.16,121.725,48676.0
2026-07-01,2026-07-01 14:00:00,121.69,121.91,121.69,121.86,17538.0
2026-07-01,2026-07-01 14:05:00,121.87,122.25,121.78,122.2,45082.0
2026-07-01,2026-07-01 14:10:00,122.195,122.315,121.81,121.905,41185.0
2026-07-01,2026-07-01 14:15:00,121.915,121.94,121.665,121.845,30564.0
2026-07-01,2026-07-01 14:20:00,121.85,121.97,121.81,121.915,15897.0
2026-07-01,2026-07-01 14:25:00,121.87,122.01,121.86,121.915,13963.0
2026-07-01,2026-07-01 14:30:00,121.915,122.0,121.43,121.46,19366.0
2026-07-01,2026-07-01 14:35:00,121.48,121.59,121.48,121.555,12316.0
2026-07-01,2026-07-01 14:40:00,121.56,121.72,121.45,121.5,31098.0
2026-07-01,2026-07-01 14:45:00,121.71,121.895,121.65,121.72,11856.0
2026-07-01,2026-07-01 14:50:00,121.72,121.73,121.57,121.695,18837.0
2026-07-01,2026-07-01 14:55:00,121.685,121.73,121.58,121.58,13990.0
2026-07-01,2026-07-01 15:00:00,121.65,121.66,121.37,121.51,21379.0
2026-07-01,2026-07-01 15:05:00,121.54,121.72,121.45,121.625,23648.0
2026-07-01,2026-07-01 15:10:00,121.62,121.91,121.57,121.85,15946.0
2026-07-01,2026-07-01 15:15:00,121.85,121.87,121.63,121.72,36764.0
2026-07-01,2026-07-01 15:20:00,121.76,121.9,121.61,121.665,17476.0
2026-07-01,2026-07-01 15:25:00,121.665,121.71,121.44,121.51,16926.0
2026-07-01,2026-07-01 15:30:00,121.51,121.55,121.22,121.235,30267.0
2026-07-01,2026-07-01 15:35:00,121.24,121.24,120.67,120.7,68762.0
2026-07-01,2026-07-01 15:40:00,120.85,121.055,120.67,121.055,30460.0
2026-07-01,2026-07-01 15:45:00,121.055,121.13,120.84,120.9,36679.0
2026-07-01,2026-07-01 15:50:00,121.0,121.17,120.95,121.06,48138.0
2026-07-01,2026-07-01 15:55:00,121.04,121.155,120.62,120.9,193738.0
2026-07-01,2026-07-01 16:00:00,120.9,121.33,120.89,121.15,1600492.0
2026-07-02,2026-07-02 09:35:00,123.35,125.49,123.35,124.96,58622.0
2026-07-02,2026-07-02 09:40:00,125.17,125.355,124.645,124.74,33696.0
2026-07-02,2026-07-02 09:45:00,124.74,124.9,124.03,124.1,24143.0
2026-07-02,2026-07-02 09:50:00,123.92,123.93,123.01,123.09,11325.0
2026-07-02,2026-07-02 09:55:00,123.28,123.6,122.72,123.205,21270.0
2026-07-02,2026-07-02 10:00:00,123.325,124.27,123.28,124.135,15486.0
2026-07-02,2026-07-02 10:05:00,124.145,124.175,123.11,123.23,16438.0
2026-07-02,2026-07-02 10:10:00,123.25,123.59,123.05,123.14,15425.0
2026-07-02,2026-07-02 10:15:00,123.05,123.05,122.62,122.85,11340.0
2026-07-02,2026-07-02 10:20:00,122.51,122.92,122.46,122.89,9140.0
2026-07-02,2026-07-02 10:25:00,122.82,123.04,122.66,122.95,11300.0
2026-07-02,2026-07-02 10:30:00,122.88,123.03,122.61,122.725,11269.0
2026-07-02,2026-07-02 10:35:00,122.86,123.395,122.56,123.22,33902.0
2026-07-02,2026-07-02 10:40:00,123.27,123.44,123.17,123.36,10999.0
2026-07-02,2026-07-02 10:45:00,123.26,123.56,123.26,123.54,19970.0
2026-07-02,2026-07-02 10:50:00,123.595,124.285,123.595,124.21,24294.0
2026-07-02,2026-07-02 10:55:00,124.225,124.43,124.16,124.295,12549.0
2026-07-02,2026-07-02 11:00:00,124.19,124.45,124.12,124.39,10517.0
2026-07-02,2026-07-02 11:05:00,124.32,124.4725,124.24,124.4725,13341.0
2026-07-02,2026-07-02 11:10:00,124.47,124.47,123.78,124.09,28232.0
2026-07-02,2026-07-02 11:15:00,124.1175,124.29,123.94,124.235,13170.0
2026-07-02,2026-07-02 11:20:00,124.235,124.47,124.175,124.365,12060.0
2026-07-02,2026-07-02 11:25:00,124.375,124.4,124.18,124.37,14710.0
2026-07-02,2026-07-02 11:30:00,124.37,124.46,124.04,124.24,12266.0
2026-07-02,2026-07-02 11:35:00,124.245,124.45,124.22,124.36,23473.0
2026-07-02,2026-07-02 11:40:00,124.365,124.44,124.24,124.34,12033.0
2026-07-02,2026-07-02 11:45:00,124.335,124.5,124.22,124.5,9892.0
2026-07-02,2026-07-02 11:50:00,124.5,124.8,124.5,124.69,16867.0
2026-07-02,2026-07-02 11:55:00,124.69,124.835,124.645,124.8,21260.0
2026-07-02,2026-07-02 12:00:00,124.82,124.885,124.66,124.85,20127.0
2026-07-02,2026-07-02 12:05:00,124.85,125.22,124.78,125.22,16890.0
2026-07-02,2026-07-02 12:10:00,125.215,125.285,125.14,125.22,14094.0
2026-07-02,2026-07-02 12:15:00,125.31,125.32,124.965,124.965,17774.0
2026-07-02,2026-07-02 12:20:00,125.005,125.065,124.87,124.98,9314.0
2026-07-02,2026-07-02 12:25:00,124.99,124.99,124.82,124.8348,9579.0
2026-07-02,2026-07-02 12:30:00,124.87,124.87,124.58,124.65,14583.0
2026-07-02,2026-07-02 12:35:00,124.59,124.595,124.16,124.205,17584.0
2026-07-02,2026-07-02 12:40:00,124.25,124.34,123.94,124.04,14262.0
2026-07-02,2026-07-02 12:45:00,124.04,124.04,123.45,123.45,20251.0
2026-07-02,2026-07-02 12:50:00,123.345,123.7,123.28,123.7,19020.0
2026-07-02,2026-07-02 12:55:00,123.69,123.7899,123.43,123.475,13870.0
2026-07-02,2026-07-02 13:00:00,123.59,123.73,123.115,123.38,33049.0
2026-07-02,2026-07-02 13:05:00,123.38,123.495,123.14,123.23,25276.0
2026-07-02,2026-07-02 13:10:00,123.215,123.305,123.08,123.15,14049.0
2026-07-02,2026-07-02 13:15:00,123.16,123.535,123.095,123.52,26094.0
2026-07-02,2026-07-02 13:20:00,123.51,123.74,123.5,123.53,21288.0
2026-07-02,2026-07-02 13:25:00,123.47,123.51,123.38,123.44,16388.0
2026-07-02,2026-07-02 13:30:00,123.49,123.67,123.43,123.465,17268.0
2026-07-02,2026-07-02 13:35:00,123.465,123.595,123.385,123.54,14922.0
2026-07-02,2026-07-02 13:40:00,123.52,123.575,123.42,123.47,15996.0
2026-07-02,2026-07-02 13:45:00,123.47,123.47,123.24,123.265,9436.0
2026-07-02,2026-07-02 13:50:00,123.27,123.295,122.985,123.005,10140.0
2026-07-02,2026-07-02 13:55:00,123.015,123.21,123.015,123.015,13572.0
2026-07-02,2026-07-02 14:00:00,123.085,123.14,122.96,123.02,13210.0
2026-07-02,2026-07-02 14:05:00,123.02,123.36,122.98,123.3,22133.0
2026-07-02,2026-07-02 14:10:00,123.32,123.55,123.31,123.55,11419.0
2026-07-02,2026-07-02 14:15:00,123.665,123.79,123.65,123.77,9379.0
2026-07-02,2026-07-02 14:20:00,123.77,123.815,123.55,123.675,63538.0
2026-07-02,2026-07-02 14:25:00,123.695,123.8,123.65,123.78,13695.0
2026-07-02,2026-07-02 14:30:00,123.82,123.85,123.7,123.75,15627.0
2026-07-02,2026-07-02 14:35:00,123.79,123.83,123.52,123.52,23752.0
2026-07-02,2026-07-02 14:40:00,123.54,123.77,123.54,123.73,12284.0
2026-07-02,2026-07-02 14:45:00,123.76,123.77,123.57,123.75,12740.0
2026-07-02,2026-07-02 14:50:00,123.72,123.76,123.6,123.695,11003.0
2026-07-02,2026-07-02 14:55:00,123.7,123.87,123.66,123.8,20395.0
2026-07-02,2026-07-02 15:00:00,123.79,123.805,123.68,123.745,10770.0
2026-07-02,2026-07-02 15:05:00,123.72,123.81,123.7,123.795,22130.0
2026-07-02,2026-07-02 15:10:00,123.805,123.81,123.7,123.71,17699.0
2026-07-02,2026-07-02 15:15:00,123.73,123.85,123.65,123.77,17611.0
2026-07-02,2026-07-02 15:20:00,123.77,123.77,123.62,123.69,821433.0
2026-07-02,2026-07-02 15:25:00,123.71,123.945,123.69,123.92,23375.0
2026-07-02,2026-07-02 15:30:00,123.91,124.23,123.91,124.135,29369.0
2026-07-02,2026-07-02 15:35:00,124.17,124.17,123.69,123.76,59204.0
2026-07-02,2026-07-02 15:40:00,123.735,123.845,123.55,123.57,43379.0
2026-07-02,2026-07-02 15:45:00,123.57,123.72,123.48,123.52,59012.0
2026-07-02,2026-07-02 15:50:00,123.535,123.94,123.38,123.93,48047.0
2026-07-02,2026-07-02 15:55:00,123.89,124.45,123.82,124.32,90482.0
2026-07-02,2026-07-02 16:00:00,124.32,124.49,124.0,124.05,581729.0
2026-07-06,2026-07-06 09:35:00,126.45,126.62,124.27,124.625,102783.0
2026-07-06,2026-07-06 09:40:00,124.57,125.0799,123.76,124.195,57435.0
2026-07-06,2026-07-06 09:45:00,124.195,125.415,123.59,125.2,50074.0
2026-07-06,2026-07-06 09:50:00,125.13,125.87,124.945,125.315,27651.0
2026-07-06,2026-07-06 09:55:00,125.305,125.64,125.26,125.475,25757.0
2026-07-06,2026-07-06 10:00:00,125.475,125.475,124.19,124.19,54849.0
2026-07-06,2026-07-06 10:05:00,124.38,124.77,124.05,124.365,31192.0
2026-07-06,2026-07-06 10:10:00,124.22,124.365,123.555,124.25,27401.0
2026-07-06,2026-07-06 10:15:00,124.145,124.36,123.845,124.27,19222.0
2026-07-06,2026-07-06 10:20:00,124.265,124.27,123.55,123.64,28684.0
2026-07-06,2026-07-06 10:25:00,123.64,124.07,123.37,123.37,15580.0
2026-07-06,2026-07-06 10:30:00,123.48,123.68,123.19,123.55,31078.0
2026-07-06,2026-07-06 10:35:00,123.55,123.55,122.81,122.81,27246.0
2026-07-06,2026-07-06 10:40:00,122.87,122.99,122.655,122.665,24575.0
2026-07-06,2026-07-06 10:45:00,122.6675,122.715,122.57,122.69,9393.0
2026-07-06,2026-07-06 10:50:00,122.66,122.83,122.6,122.83,15431.0
2026-07-06,2026-07-06 10:55:00,122.7475,123.44,122.7475,123.33,16592.0
2026-07-06,2026-07-06 11:00:00,123.23,123.36,123.2,123.315,14327.0
2026-07-06,2026-07-06 11:05:00,123.315,123.6,122.77,122.815,29420.0
2026-07-06,2026-07-06 11:10:00,122.81,122.96,121.93,122.125,16259.0
2026-07-06,2026-07-06 11:15:00,122.125,122.64,122.125,122.53,14358.0
2026-07-06,2026-07-06 11:20:00,122.58,122.67,122.21,122.21,17957.0
2026-07-06,2026-07-06 11:25:00,122.25,122.25,121.83,122.185,18442.0
2026-07-06,2026-07-06 11:30:00,122.19,122.19,121.59,122.01,30213.0
2026-07-06,2026-07-06 11:35:00,122.035,122.04,121.62,121.76,21580.0
2026-07-06,2026-07-06 11:40:00,121.85,122.01,121.405,121.48,41027.0
2026-07-06,2026-07-06 11:45:00,121.49,121.6,120.87,121.055,32799.0
2026-07-06,2026-07-06 11:50:00,121.055,121.28,121.055,121.27,18085.0
2026-07-06,2026-07-06 11:55:00,121.175,121.33,121.15,121.305,15567.0
2026-07-06,2026-07-06 12:00:00,121.38,121.51,121.19,121.38,16509.0
2026-07-06,2026-07-06 12:05:00,121.31,121.45,121.22,121.45,14113.0
2026-07-06,2026-07-06 12:10:00,121.42,121.563,121.3,121.375,38027.0
2026-07-06,2026-07-06 12:15:00,121.46,121.83,121.405,121.81,12176.0
2026-07-06,2026-07-06 12:20:00,121.845,121.905,121.61,121.625,15095.0
2026-07-06,2026-07-06 12:25:00,121.575,121.67,121.31,121.4,11487.0
2026-07-06,2026-07-06 12:30:00,121.31,121.42,121.23,121.405,14761.0
2026-07-06,2026-07-06 12:35:00,121.405,121.48,121.35,121.4,11328.0
2026-07-06,2026-07-06 12:40:00,121.4,121.46,121.31,121.4599,10173.0
2026-07-06,2026-07-06 12:45:00,121.38,121.63,121.305,121.63,19584.0
2026-07-06,2026-07-06 12:50:00,121.585,121.585,121.375,121.45,35110.0
2026-07-06,2026-07-06 12:55:00,121.45,121.765,121.45,121.66,26798.0
2026-07-06,2026-07-06 13:00:00,121.67,121.725,121.57,121.665,17075.0
2026-07-06,2026-07-06 13:05:00,121.73,121.8999,121.62,121.7575,13238.0
2026-07-06,2026-07-06 13:10:00,121.7525,121.84,121.695,121.84,11460.0
2026-07-06,2026-07-06 13:15:00,121.795,121.795,121.62,121.67,12570.0
2026-07-06,2026-07-06 13:20:00,121.755,121.84,121.68,121.755,9208.0
2026-07-06,2026-07-06 13:25:00,121.755,121.94,121.705,121.835,14903.0
2026-07-06,2026-07-06 13:30:00,121.85,121.85,121.725,121.81,8206.0
2026-07-06,2026-07-06 13:35:00,121.81,121.81,121.0625,121.0625,12314.0
2026-07-06,2026-07-06 13:40:00,121.02,121.14,121.02,121.07,6772.0
2026-07-06,2026-07-06 13:45:00,121.14,121.145,121.0,121.085,12962.0
2026-07-06,2026-07-06 13:50:00,121.0,121.14,120.87,121.13,9548.0
2026-07-06,2026-07-06 13:55:00,121.1075,121.2,120.99,121.025,8286.0
2026-07-06,2026-07-06 14:00:00,120.93,121.3,120.9,121.3,14266.0
2026-07-06,2026-07-06 14:05:00,121.36,121.61,121.25,121.605,14038.0
2026-07-06,2026-07-06 14:10:00,121.61,121.61,121.22,121.22,15169.0
2026-07-06,2026-07-06 14:15:00,121.2,121.4,121.18,121.29,9523.0
2026-07-06,2026-07-06 14:20:00,121.325,121.42,121.17,121.24,10202.0
2026-07-06,2026-07-06 14:25:00,121.17,121.3299,121.125,121.27,10727.0
2026-07-06,2026-07-06 14:30:00,121.265,121.45,121.12,121.42,17231.0
2026-07-06,2026-07-06 14:35:00,121.42,121.79,121.4,121.43,19961.0
2026-07-06,2026-07-06 14:40:00,121.43,121.62,121.43,121.52,7675.0
2026-07-06,2026-07-06 14:45:00,121.52,121.72,121.415538,121.415538,14133.0
2026-07-06,2026-07-06 14:50:00,121.35,121.52,121.35,121.48,7055.0
2026-07-06,2026-07-06 14:55:00,121.455,121.815,121.455,121.74,18766.0
2026-07-06,2026-07-06 15:00:00,121.67,121.745,121.6,121.61,11173.0
2026-07-06,2026-07-06 15:05:00,121.635,121.69,121.495,121.58,16318.0
2026-07-06,2026-07-06 15:10:00,121.66,121.66,121.13,121.13,41426.0
2026-07-06,2026-07-06 15:15:00,121.23,121.2376,121.02,121.18,18503.0
2026-07-06,2026-07-06 15:20:00,121.18,122.03,121.18,121.33,86962.0
2026-07-06,2026-07-06 15:25:00,121.32,122.11,121.17,121.5,54560.0
2026-07-06,2026-07-06 15:30:00,121.525,121.63,121.39,121.455,22782.0
2026-07-06,2026-07-06 15:35:00,121.45,121.7,121.36,121.7,24292.0
2026-07-06,2026-07-06 15:40:00,121.83,121.89,121.59,121.795,42325.0
2026-07-06,2026-07-06 15:45:00,121.74,121.77,121.24,121.3025,33135.0
2026-07-06,2026-07-06 15:50:00,121.25,121.51,121.22,121.395,46730.0
2026-07-06,2026-07-06 15:55:00,121.31,121.61,121.03,121.5,131099.0
2026-07-06,2026-07-06 16:00:00,121.41,121.68,121.31,121.46,1454630.0
2026-07-07,2026-07-07 09:35:00,123.52,123.52,122.1,123.24,86806.0
2026-07-07,2026-07-07 09:40:00,123.21,124.225,123.21,123.365,46885.0
2026-07-07,2026-07-07 09:45:00,123.39,123.39,122.44,122.45,27208.0
2026-07-07,2026-07-07 09:50:00,122.39,122.6646,121.37,121.37,28208.0
2026-07-07,2026-07-07 09:55:00,121.36,122.015,121.23,121.82,17063.0
2026-07-07,2026-07-07 10:00:00,121.98,122.06,121.56,121.9,24573.0
2026-07-07,2026-07-07 10:05:00,122.07,122.07,121.23,121.44,45168.0
2026-07-07,2026-07-07 10:10:00,121.56,121.59,121.165,121.28,17887.0
2026-07-07,2026-07-07 10:15:00,121.26,121.57,121.1,121.2,77995.0
2026-07-07,2026-07-07 10:20:00,121.15,121.32,120.8,120.885,36974.0
2026-07-07,2026-07-07 10:25:00,120.885,121.27,120.75,121.125,48907.0
2026-07-07,2026-07-07 10:30:00,121.025,121.19,120.99,121.105,11119.0
2026-07-07,2026-07-07 10:35:00,121.105,121.12,120.83,120.83,21658.0
2026-07-07,2026-07-07 10:40:00,120.805,121.49,120.805,121.29,26045.0
2026-07-07,2026-07-07 10:45:00,121.27,121.75,121.26,121.41,48145.0
2026-07-07,2026-07-07 10:50:00,121.43,122.03,121.4,121.745,77399.0
2026-07-07,2026-07-07 10:55:00,121.74,121.74,121.42,121.67,15678.0
2026-07-07,2026-07-07 11:00:00,121.6,121.61,121.37,121.485,10903.0
2026-07-07,2026-07-07 11:05:00,121.485,121.55,121.33,121.385275,13676.0
2026-07-07,2026-07-07 11:10:00,121.34,121.68,121.335,121.45,16927.0
2026-07-07,2026-07-07 11:15:00,121.51,121.8,121.45,121.68,13585.0
2026-07-07,2026-07-07 11:20:00,121.78,121.92,121.66,121.66,24174.0
2026-07-07,2026-07-07 11:25:00,121.655,121.79,121.56,121.63,14315.0
2026-07-07,2026-07-07 11:30:00,121.58,121.77,121.4,121.67,37952.0
2026-07-07,2026-07-07 11:35:00,121.705,121.735,121.46,121.55,21219.0
2026-07-07,2026-07-07 11:40:00,121.52,121.6,121.41,121.515,54678.0
2026-07-07,2026-07-07 11:45:00,121.51,121.88,121.505,121.53,41900.0
2026-07-07,2026-07-07 11:50:00,121.47,121.68,121.47,121.58,12750.0
2026-07-07,2026-07-07 11:55:00,121.585,121.7399,121.5,121.56,17868.0
2026-07-07,2026-07-07 12:00:00,121.57,121.6,121.02,121.31,28195.0
2026-07-07,2026-07-07 12:05:00,121.24,121.39,121.05,121.24,12530.0
2026-07-07,2026-07-07 12:10:00,121.3,121.42,121.21,121.27,8608.0
2026-07-07,2026-07-07 12:15:00,121.23,121.5,121.23,121.39,17437.0
2026-07-07,2026-07-07 12:20:00,121.35,121.47,121.32,121.4,10875.0
2026-07-07,2026-07-07 12:25:00,121.34,121.5,121.16,121.38,132347.0
2026-07-07,2026-07-07 12:30:00,121.4,122.05,121.4,121.89,223728.0
2026-07-07,2026-07-07 12:35:00,121.85,122.54,121.85,122.28,14965.0
2026-07-07,2026-07-07 12:40:00,122.28,122.755,122.28,122.67,80385.0
2026-07-07,2026-07-07 12:45:00,122.69,123.1,122.69,122.86,54152.0
2026-07-07,2026-07-07 12:50:00,122.93,123.04,122.4,122.5,24896.0
2026-07-07,2026-07-07 12:55:00,122.41,122.42,122.06,122.19,14159.0
2026-07-07,2026-07-07 13:00:00,122.14,122.42,122.1,122.42,24795.0
2026-07-07,2026-07-07 13:05:00,122.3,122.53,122.15,122.45,19878.0
2026-07-07,2026-07-07 13:10:00,122.455,122.57,122.15,122.15,16031.0
2026-07-07,2026-07-07 13:15:00,122.16,122.775,122.13,122.7,21183.0
2026-07-07,2026-07-07 13:20:00,122.89,122.89,122.37,122.37,10124.0
2026-07-07,2026-07-07 13:25:00,122.36,122.59,122.19,122.35,24960.0
2026-07-07,2026-07-07 13:30:00,122.34,122.75,122.325,122.67,8567.0
2026-07-07,2026-07-07 13:35:00,122.75,123.27,122.63,123.15,31194.0
2026-07-07,2026-07-07 13:40:00,123.125,123.595,123.1,123.58,15238.0
2026-07-07,2026-07-07 13:45:00,123.56,123.84,123.55,123.655,17125.0
2026-07-07,2026-07-07 13:50:00,123.63,123.84,123.53,123.795,8757.0
2026-07-07,2026-07-07 13:55:00,123.83,123.83,123.55,123.68,13512.0
2026-07-07,2026-07-07 14:00:00,123.8,123.8,123.5,123.705,9700.0
2026-07-07,2026-07-07 14:05:00,123.8,123.82,123.58,123.765,15413.0
2026-07-07,2026-07-07 14:10:00,123.68,123.82,123.63,123.73,18313.0
2026-07-07,2026-07-07 14:15:00,123.79,123.79,122.97,123.1,28062.0
2026-07-07,2026-07-07 14:20:00,123.135,123.28,122.83,122.83,35582.0
2026-07-07,2026-07-07 14:25:00,122.72,123.01,122.715,122.91,10483.0
2026-07-07,2026-07-07 14:30:00,122.915,122.99,122.83,122.94,27038.0
2026-07-07,2026-07-07 14:35:00,122.94,122.9509,122.69,122.76,17065.0
2026-07-07,2026-07-07 14:40:00,122.69,123.16,122.69,123.08,32672.0
2026-07-07,2026-07-07 14:45:00,123.02,123.14,122.99,123.11,10224.0
2026-07-07,2026-07-07 14:50:00,123.06,123.2,122.77,122.93,48854.0
2026-07-07,2026-07-07 14:55:00,122.91,122.9916,122.83,122.94,15234.0
2026-07-07,2026-07-07 15:00:00,123.01,123.06,122.71,122.81,28061.0
2026-07-07,2026-07-07 15:05:00,122.765,122.96,122.765,122.915,32878.0
2026-07-07,2026-07-07 15:10:00,122.91,122.97,122.52,122.54,40124.0
2026-07-07,2026-07-07 15:15:00,122.47,122.545,122.3,122.39,11817.0
2026-07-07,2026-07-07 15:20:00,122.38,122.435,122.3,122.4,11195.0
2026-07-07,2026-07-07 15:25:00,122.48,122.55,122.41,122.54,15260.0
2026-07-07,2026-07-07 15:30:00,122.48,122.58,122.37,122.37,31220.0
2026-07-07,2026-07-07 15:35:00,122.36,122.41,122.29,122.38,17831.0
2026-07-07,2026-07-07 15:40:00,122.39,122.515,122.3,122.48,27903.0
2026-07-07,2026-07-07 15:45:00,122.48,122.52,122.355,122.36,23058.0
2026-07-07,2026-07-07 15:50:00,122.395,122.525,122.35,122.5,29152.0
2026-07-07,2026-07-07 15:55:00,122.5,122.57,122.16,122.37,107356.0
2026-07-07,2026-07-07 16:00:00,122.51,122.72,122.33,122.65,727282.0
2026-07-08,2026-07-08 09:35:00,124.535,124.98,122.175,122.3,103183.0
2026-07-08,2026-07-08 09:40:00,122.59,123.12,122.17,122.69,102223.0
2026-07-08,2026-07-08 09:45:00,122.57,124.025,122.32,123.73,90705.0
2026-07-08,2026-07-08 09:50:00,123.64,123.9,123.05,123.8,20720.0
2026-07-08,2026-07-08 09:55:00,123.9,124.49,123.79,124.07,30536.0
2026-07-08,2026-07-08 10:00:00,124.08,124.44,123.94,124.04,32137.0
2026-07-08,2026-07-08 10:05:00,124.04,124.05,123.19,123.655,27207.0
2026-07-08,2026-07-08 10:10:00,123.73,123.835,122.9,122.9,50496.0
2026-07-08,2026-07-08 10:15:00,123.09,123.65,122.83,123.1,79917.0
2026-07-08,2026-07-08 10:20:00,123.1,123.53,123.01,123.43,39833.0
2026-07-08,2026-07-08 10:25:00,123.49,123.605,123.16,123.4,18344.0
2026-07-08,2026-07-08 10:30:00,123.4,123.68,123.11,123.68,31995.0
2026-07-08,2026-07-08 10:35:00,123.62,123.67,123.25,123.5,17707.0
2026-07-08,2026-07-08 10:40:00,123.6099,123.64,123.33,123.4,23521.0
2026-07-08,2026-07-08 10:45:00,123.28,123.64,123.19,123.56,18351.0
2026-07-08,2026-07-08 10:50:00,123.42,123.66,123.38,123.65,15800.0
2026-07-08,2026-07-08 10:55:00,123.565,123.81,123.38,123.45,24851.0
2026-07-08,2026-07-08 11:00:00,123.52,123.65,123.47,123.65,15826.0
2026-07-08,2026-07-08 11:05:00,123.71,124.24,123.71,123.955,30463.0
2026-07-08,2026-07-08 11:10:00,123.99,124.0699,123.84,123.95,16031.0
2026-07-08,2026-07-08 11:15:00,124.005,124.07,123.85,123.85,16413.0
2026-07-08,2026-07-08 11:20:00,123.955,124.18,123.76,123.875,25096.0
2026-07-08,2026-07-08 11:25:00,123.75,123.81,123.44,123.51,28691.0
2026-07-08,2026-07-08 11:30:00,123.51,123.59,123.32,123.45,19162.0
2026-07-08,2026-07-08 11:35:00,123.47,123.55,123.19,123.55,15767.0
2026-07-08,2026-07-08 11:40:00,123.47,123.55,123.34,123.4,9584.0
2026-07-08,2026-07-08 11:45:00,123.4,123.66,123.33,123.64,11552.0
2026-07-08,2026-07-08 11:50:00,123.65,123.65,123.34,123.35,15892.0
2026-07-08,2026-07-08 11:55:00,123.33,123.495,123.285,123.44,14827.0
2026-07-08,2026-07-08 12:00:00,123.41,123.465,123.24,123.31,15115.0
2026-07-08,2026-07-08 12:05:00,123.32,123.58,123.25,123.515,11460.0
2026-07-08,2026-07-08 12:10:00,123.51,123.815,123.39,123.72,19938.0
2026-07-08,2026-07-08 12:15:00,123.775,124.02,123.39,123.39,25457.0
2026-07-08,2026-07-08 12:20:00,123.33,123.71,123.275,123.66,9676.0
2026-07-08,2026-07-08 12:25:00,123.66,123.685,123.57,123.66,7344.0
2026-07-08,2026-07-08 12:30:00,123.66,123.66,123.5,123.5,11710.0
2026-07-08,2026-07-08 12:35:00,123.51,123.6,123.44,123.465,10945.0
2026-07-08,2026-07-08 12:40:00,123.56,123.56,123.4,123.515,11435.0
2026-07-08,2026-07-08 12:45:00,123.6,123.955,123.6,123.73,12676.0
2026-07-08,2026-07-08 12:50:00,123.73,123.96,123.65,123.8,13083.0
2026-07-08,2026-07-08 12:55:00,123.91,123.985,123.7,123.89,17520.0
2026-07-08,2026-07-08 13:00:00,123.98,124.17,123.92,124.12,10427.0
2026-07-08,2026-07-08 13:05:00,124.06,124.1,123.65,123.65,24752.0
2026-07-08,2026-07-08 13:10:00,123.75,123.75,123.43,123.53,15254.0
2026-07-08,2026-07-08 13:15:00,123.58,123.66,123.45,123.64,16548.0
2026-07-08,2026-07-08 13:20:00,123.64,123.7,123.365,123.425,17213.0
2026-07-08,2026-07-08 13:25:00,123.38,123.525,123.36,123.5,11260.0
2026-07-08,2026-07-08 13:30:00,123.5,123.54,123.275,123.425,16745.0
2026-07-08,2026-07-08 13:35:00,123.4275,123.5,123.2,123.255,21677.0
2026-07-08,2026-07-08 13:40:00,123.255,123.42,123.17,123.375,14748.0
2026-07-08,2026-07-08 13:45:00,123.3,123.45,123.2,123.45,21639.0
2026-07-08,2026-07-08 13:50:00,123.45,123.53,123.07,123.07,27827.0
2026-07-08,2026-07-08 13:55:00,123.07,123.19,123.02,123.14,22518.0
2026-07-08,2026-07-08 14:00:00,123.14,123.29,123.09,123.28,18852.0
2026-07-08,2026-07-08 14:05:00,123.225,123.41,123.19,123.37,10849.0
2026-07-08,2026-07-08 14:10:00,123.315,123.38,123.2,123.235,18843.0
2026-07-08,2026-07-08 14:15:00,123.2,123.54,123.19,123.41,32546.0
2026-07-08,2026-07-08 14:20:00,123.435,123.435,123.16,123.25,24391.0
2026-07-08,2026-07-08 14:25:00,123.215,123.42,123.215,123.375,13324.0
2026-07-08,2026-07-08 14:30:00,123.37,123.87,123.29,123.86,37358.0
2026-07-08,2026-07-08 14:35:00,123.88,123.88,123.65,123.74,17067.0
2026-07-08,2026-07-08 14:40:00,123.735,124.0,123.64,124.0,19501.0
2026-07-08,2026-07-08 14:45:00,124.01,124.14,123.91,123.98,40149.0
2026-07-08,2026-07-08 14:50:00,124.03,124.08,123.93,124.03,36422.0
2026-07-08,2026-07-08 14:55:00,124.09,124.12,123.92,124.04,12719.0
2026-07-08,2026-07-08 15:00:00,124.06,124.11,123.98,124.04,19040.0
2026-07-08,2026-07-08 15:05:00,124.04,124.28,124.04,124.21,16063.0
2026-07-08,2026-07-08 15:10:00,124.22,124.34,124.09,124.14,40411.0
2026-07-08,2026-07-08 15:15:00,124.13,124.31,124.03,124.31,35961.0
2026-07-08,2026-07-08 15:20:00,124.25,124.36,123.58,123.65,58511.0
2026-07-08,2026-07-08 15:25:00,123.65,123.68,123.46,123.505,23619.0
2026-07-08,2026-07-08 15:30:00,123.48,123.71,123.37,123.405,36665.0
2026-07-08,2026-07-08 15:35:00,123.405,123.51,123.23,123.3425,54334.0
2026-07-08,2026-07-08 15:40:00,123.41,123.56,123.29,123.29,31527.0
2026-07-08,2026-07-08 15:45:00,123.29,123.67,123.24,123.62,36725.0
2026-07-08,2026-07-08 15:50:00,123.53,123.56,123.25,123.35,60824.0
2026-07-08,2026-07-08 15:55:00,123.24,123.69,123.24,123.55,118083.0
2026-07-08,2026-07-08 16:00:00,123.56,123.885,123.52,123.61,904412.0
2026-07-09,2026-07-09 09:35:00,123.28,124.39,123.0,123.78,30399.0
2026-07-09,2026-07-09 09:40:00,123.82,123.83,121.8,122.0,8411.0
2026-07-09,2026-07-09 09:45:00,122.095,122.39,121.82,122.38,10685.0
2026-07-09,2026-07-09 09:50:00,122.37,122.87,121.94,122.755,8419.0
2026-07-09,2026-07-09 09:55:00,122.76,123.73,122.76,123.475,5099.0
2026-07-09,2026-07-09 10:00:00,123.53,123.53,123.02,123.44,5872.0
2026-07-09,2026-07-09 10:05:00,123.04,123.37,122.83,123.1,8568.0
2026-07-09,2026-07-09 10:10:00,122.88,123.17,122.83,122.83,8132.0
2026-07-09,2026-07-09 10:15:00,122.79,123.23,122.7,123.12,8575.0
2026-07-09,2026-07-09 10:20:00,123.05,123.2,122.64,122.64,15360.0
2026-07-09,2026-07-09 10:25:00,122.57,122.585,122.23,122.26,8387.0
2026-07-09,2026-07-09 10:30:00,122.47,122.82,122.28,122.73,8710.0
2026-07-09,2026-07-09 10:35:00,122.61,122.69,122.32,122.42,7486.0
2026-07-09,2026-07-09 10:40:00,122.425,122.74,122.41,122.71,9705.0
2026-07-09,2026-07-09 10:45:00,122.71,122.77,122.62,122.65,6639.0
2026-07-09,2026-07-09 10:50:00,122.725,122.73,122.32,122.32,7644.0
2026-07-09,2026-07-09 10:55:00,122.27,122.43,122.27,122.27,4352.0
2026-07-09,2026-07-09 11:00:00,122.375,122.705,122.375,122.705,8234.0
2026-07-09,2026-07-09 11:05:00,122.65,122.9,122.605,122.78,5086.0
2026-07-09,2026-07-09 11:10:00,122.77,122.77,122.445,122.53,7558.0
2026-07-09,2026-07-09 11:15:00,122.66,122.78,122.27,122.31,8391.0
2026-07-09,2026-07-09 11:20:00,122.3,122.72,122.29,122.72,12696.0
2026-07-09,2026-07-09 11:25:00,122.685,122.79,122.64,122.7,6367.0
2026-07-09,2026-07-09 11:30:00,122.725,122.89,122.65,122.69,20324.0
2026-07-09,2026-07-09 11:35:00,122.67,122.74,122.5,122.5,6268.0
2026-07-09,2026-07-09 11:40:00,122.49,122.6,122.37,122.6,6176.0
2026-07-09,2026-07-09 11:45:00,122.53,122.64,122.31,122.31,11950.0
2026-07-09,2026-07-09 11:50:00,122.44,122.69,122.44,122.62,9678.0
2026-07-09,2026-07-09 11:55:00,122.685,122.685,122.385,122.435,6193.0
2026-07-09,2026-07-09 12:00:00,122.385,122.44,122.3,122.32,4619.0
2026-07-09,2026-07-09 12:05:00,122.31,122.37,122.2,122.235,7252.0
2026-07-09,2026-07-09 12:10:00,122.2,122.2999,121.85,121.85,4920.0
2026-07-09,2026-07-09 12:15:00,121.85,121.965,121.53,121.64,21331.0
2026-07-09,2026-07-09 12:20:00,121.655,121.99,121.58,121.88,18401.0
2026-07-09,2026-07-09 12:25:00,121.985,122.16,121.71,122.065,42519.0
2026-07-09,2026-07-09 12:30:00,122.165,122.165,121.78,121.99,10782.0
2026-07-09,2026-07-09 12:35:00,122.035,122.2299,121.77,121.83,9240.0
2026-07-09,2026-07-09 12:40:00,121.86,121.9475,121.81,121.895,9663.0
2026-07-09,2026-07-09 12:45:00,121.96,122.17,121.895,122.11,14583.0
2026-07-09,2026-07-09 12:50:00,122.21,122.21,121.87,121.915,10695.0
2026-07-09,2026-07-09 12:55:00,121.915,122.03,121.78,121.83,13929.0
2026-07-09,2026-07-09 13:00:00,121.83,121.83,121.62,121.76,9068.0
2026-07-09,2026-07-09 13:05:00,121.81,121.9,121.73,121.77,7345.0
2026-07-09,2026-07-09 13:10:00,121.76,121.87,121.745,121.76,5754.0
2026-07-09,2026-07-09 13:15:00,121.91,121.91,121.53,121.53,6875.0
2026-07-09,2026-07-09 13:20:00,121.6,121.76,121.53,121.7,6441.0
2026-07-09,2026-07-09 13:25:00,121.7,121.86,121.66,121.68,7162.0
2026-07-09,2026-07-09 13:30:00,121.66,121.88,121.66,121.88,6562.0
2026-07-09,2026-07-09 13:35:00,121.9,122.06,121.9,122.06,6487.0
2026-07-09,2026-07-09 13:40:00,122.05,122.29,122.05,122.275,7295.0
2026-07-09,2026-07-09 13:45:00,122.33,122.39,122.26,122.385,5295.0
2026-07-09,2026-07-09 13:50:00,122.36,122.43,122.27,122.27,8204.0
2026-07-09,2026-07-09 13:55:00,122.335,122.37,122.19,122.2,9998.0
2026-07-09,2026-07-09 14:00:00,122.19,122.2,122.11,122.135,3994.0
2026-07-09,2026-07-09 14:05:00,122.12,122.17,122.04,122.1,8509.0
2026-07-09,2026-07-09 14:10:00,122.04,122.08,121.87,121.87,6359.0
2026-07-09,2026-07-09 14:15:00,121.815,121.98,121.81,121.84,4253.0
2026-07-09,2026-07-09 14:20:00,121.85,121.94,121.62,121.94,10187.0
2026-07-09,2026-07-09 14:25:00,121.84,121.84,121.7,121.77,4065.0
2026-07-09,2026-07-09 14:30:00,121.7,121.86,121.685,121.8225,21083.0
2026-07-09,2026-07-09 14:35:00,121.775,121.89,121.68,121.7,9192.0
2026-07-09,2026-07-09 14:40:00,121.7,121.77,121.3,121.38,17493.0
2026-07-09,2026-07-09 14:45:00,121.33,121.35,121.04,121.26,18729.0
2026-07-09,2026-07-09 14:50:00,121.3,121.41,121.25,121.29,8254.0
2026-07-09,2026-07-09 14:55:00,121.34,121.41,121.23,121.31,7884.0
2026-07-09,2026-07-09 15:00:00,121.235,121.3799,121.22,121.24,4786.0
2026-07-09,2026-07-09 15:05:00,121.3,121.46,121.3,121.35,13680.0
2026-07-09,2026-07-09 15:10:00,121.42,121.42,121.25,121.28,9175.0
2026-07-09,2026-07-09 15:15:00,121.25,121.34,121.23,121.315,7251.0
2026-07-09,2026-07-09 15:20:00,121.36,121.5,121.32,121.355,12129.0
2026-07-09,2026-07-09 15:25:00,121.39,121.8225,121.29,121.79,23190.0
2026-07-09,2026-07-09 15:30:00,121.805,121.86,121.59,121.59,17667.0
2026-07-09,2026-07-09 15:35:00,121.625,121.7282,121.52,121.665,17871.0
2026-07-09,2026-07-09 15:40:00,121.61,121.869,121.6,121.81,20660.0
2026-07-09,2026-07-09 15:45:00,121.815,122.02,121.7,121.79,27925.0
2026-07-09,2026-07-09 15:50:00,121.75,121.87,121.68,121.71,27122.0
2026-07-09,2026-07-09 15:55:00,121.67,121.709,121.25,121.28,73110.0
2026-07-09,2026-07-09 16:00:00,121.24,121.29,120.77,120.92,461261.0
2026-07-10,2026-07-10 09:35:00,122.68,124.4,122.65,122.99,44544.0
2026-07-10,2026-07-10 09:40:00,122.935,123.69,122.68,123.29,11121.0
2026-07-10,2026-07-10 09:45:00,123.4,123.98,123.22,123.65,6543.0
2026-07-10,2026-07-10 09:50:00,123.77,123.8999,123.29,123.31,12913.0
2026-07-10,2026-07-10 09:55:00,123.3,123.3,122.6,122.69,9226.0
2026-07-10,2026-07-10 10:00:00,122.8,123.43,122.8,123.43,5000.0
2026-07-10,2026-07-10 10:05:00,122.96,123.96,122.95,123.43,17483.0
2026-07-10,2026-07-10 10:10:00,123.505,123.505,123.0,123.05,9372.0
2026-07-10,2026-07-10 10:15:00,123.08,123.08,122.66,122.72,7285.0
2026-07-10,2026-07-10 10:20:00,122.72,123.45,122.72,123.1,8921.0
2026-07-10,2026-07-10 10:25:00,123.29,123.44,123.14,123.3409,7182.0
2026-07-10,2026-07-10 10:30:00,123.435,124.24,123.435,124.225,12765.0
2026-07-10,2026-07-10 10:35:00,124.0871,124.37,123.21,123.99,18601.0
2026-07-10,2026-07-10 10:40:00,124.0025,124.24,123.82,124.22,8697.0
2026-07-10,2026-07-10 10:45:00,124.45,124.54,124.18,124.345,9289.0
2026-07-10,2026-07-10 10:50:00,124.31,124.31,123.98,124.145,15724.0
2026-07-10,2026-07-10 10:55:00,124.145,124.46,124.02,124.37,9329.0
2026-07-10,2026-07-10 11:00:00,124.34,124.55,124.32,124.41,9275.0
2026-07-10,2026-07-10 11:05:00,124.48,124.56,124.22,124.355,14344.0
2026-07-10,2026-07-10 11:10:00,124.36,125.2499,124.34,124.91,48272.0
2026-07-10,2026-07-10 11:15:00,124.85,124.89,124.33,124.38,24795.0
2026-07-10,2026-07-10 11:20:00,124.435,124.575,124.3006,124.48,11547.0
2026-07-10,2026-07-10 11:25:00,124.465,124.49,124.3,124.33,9439.0
2026-07-10,2026-07-10 11:30:00,124.405,124.42,124.19,124.375,12458.0
2026-07-10,2026-07-10 11:35:00,124.335,124.42,124.22,124.27,9016.0
2026-07-10,2026-07-10 11:40:00,124.22,124.68,124.22,124.57,10865.0
2026-07-10,2026-07-10 11:45:00,124.7,124.81,124.665,124.755,9044.0
2026-07-10,2026-07-10 11:50:00,124.755,125.37,124.64,125.34,44335.0
2026-07-10,2026-07-10 11:55:00,125.42,125.7,125.42,125.59,20624.0
2026-07-10,2026-07-10 12:00:00,125.66,125.66,125.43,125.49,18090.0
2026-07-10,2026-07-10 12:05:00,125.42,125.49,125.35,125.4,12009.0
2026-07-10,2026-07-10 12:10:00,125.41,125.41,125.09,125.165,27281.0
2026-07-10,2026-07-10 12:15:00,125.165,125.3,124.57,124.57,20352.0
2026-07-10,2026-07-10 12:20:00,124.65,124.79,124.55,124.55,10305.0
2026-07-10,2026-07-10 12:25:00,124.54,124.94,124.5,124.705,29387.0
2026-07-10,2026-07-10 12:30:00,124.65,124.94,124.32,124.32,23228.0
2026-07-10,2026-07-10 12:35:00,124.42,124.475,124.33,124.38,13332.0
2026-07-10,2026-07-10 12:40:00,124.3,124.31,124.02,124.24,10143.0
2026-07-10,2026-07-10 12:45:00,124.37,124.64,124.37,124.59,5162.0
2026-07-10,2026-07-10 12:50:00,124.64,124.64,124.41,124.41,9061.0
2026-07-10,2026-07-10 12:55:00,124.44,124.87,124.44,124.84,12551.0
2026-07-10,2026-07-10 13:00:00,124.88,125.005,124.87,124.93,9831.0
2026-07-10,2026-07-10 13:05:00,124.925,125.06,124.91,125.06,12112.0
2026-07-10,2026-07-10 13:10:00,125.06,125.06,124.9,124.95,9946.0
2026-07-10,2026-07-10 13:15:00,124.9,125.125,124.79,125.11,12715.0
2026-07-10,2026-07-10 13:20:00,125.105,125.19,124.98,125.01,6056.0
2026-07-10,2026-07-10 13:25:00,125.05,125.05,124.83,124.85,11375.0
2026-07-10,2026-07-10 13:30:00,124.85,124.85,124.64,124.66,9220.0
2026-07-10,2026-07-10 13:35:00,124.66,124.88,124.66,124.875,11233.0
2026-07-10,2026-07-10 13:40:00,124.91,125.07,124.87,124.87,11386.0
2026-07-10,2026-07-10 13:45:00,124.87,125.085,124.85,125.025,10329.0
2026-07-10,2026-07-10 13:50:00,125.0,125.19,124.99,125.08,8014.0
2026-07-10,2026-07-10 13:55:00,125.06,125.06,124.97,125.02,9014.0
2026-07-10,2026-07-10 14:00:00,125.07,125.13,125.02,125.03,12570.0
2026-07-10,2026-07-10 14:05:00,125.12,125.12,124.99,124.99,17769.0
2026-07-10,2026-07-10 14:10:00,124.99,124.99,124.75,124.8401,10589.0
2026-07-10,2026-07-10 14:15:00,124.91,124.95,124.81,124.81,7494.0
2026-07-10,2026-07-10 14:20:00,124.81,124.87,124.61,124.7,27343.0
2026-07-10,2026-07-10 14:25:00,124.65,124.78,124.58,124.58,10495.0
2026-07-10,2026-07-10 14:30:00,124.53,124.69,124.41,124.55,18681.0
2026-07-10,2026-07-10 14:35:00,124.555,124.555,124.34,124.41,22454.0
2026-07-10,2026-07-10 14:40:00,124.41,124.5,124.39,124.41,9621.0
2026-07-10,2026-07-10 14:45:00,124.42,124.67,124.22,124.6,89403.0
2026-07-10,2026-07-10 14:50:00,124.65,124.9,124.65,124.9,10670.0
2026-07-10,2026-07-10 14:55:00,124.82,124.83,124.68,124.74,12488.0
2026-07-10,2026-07-10 15:00:00,124.74,124.74,124.55,124.7,13072.0
2026-07-10,2026-07-10 15:05:00,124.71,124.8,124.655,124.8,9900.0
2026-07-10,2026-07-10 15:10:00,124.795,124.98,124.795,124.86,15940.0
2026-07-10,2026-07-10 15:15:00,124.85,124.855,124.62,124.81,13166.0
2026-07-10,2026-07-10 15:20:00,124.77,124.825781,124.65,124.65,15435.0
2026-07-10,2026-07-10 15:25:00,124.65,124.66,124.45,124.525,12949.0
2026-07-10,2026-07-10 15:30:00,124.58,124.68,124.38,124.39,19126.0
2026-07-10,2026-07-10 15:35:00,124.39,124.65,124.39,124.58,30260.0
2026-07-10,2026-07-10 15:40:00,124.56,124.64,124.25,124.28,20480.0
2026-07-10,2026-07-10 15:45:00,124.26,124.5,124.25,124.42,24818.0
2026-07-10,2026-07-10 15:50:00,124.42,124.55,124.34,124.55,29524.0
2026-07-10,2026-07-10 15:55:00,124.56,124.79,124.54,124.79,51455.0
2026-07-10,2026-07-10 16:00:00,124.795,125.025,124.605,124.91,449323.0
2026-07-13,2026-07-13 09:35:00,125.36,126.85,125.36,125.78,38969.0
2026-07-13,2026-07-13 09:40:00,125.785,127.0,125.785,126.045,24240.0
2026-07-13,2026-07-13 09:45:00,126.045,126.535,125.82,126.455,19444.0
2026-07-13,2026-07-13 09:50:00,126.32,126.84,126.26,126.61,11332.0
2026-07-13,2026-07-13 09:55:00,126.72,127.35,126.37,127.235,19191.0
2026-07-13,2026-07-13 10:00:00,127.26,127.54,127.2,127.36,13636.0
2026-07-13,2026-07-13 10:05:00,127.4,128.38,127.38,128.19,30783.0
2026-07-13,2026-07-13 10:10:00,128.19,128.45,128.19,128.21,14906.0
2026-07-13,2026-07-13 10:15:00,128.21,128.36,128.035,128.36,15978.0
2026-07-13,2026-07-13 10:20:00,128.295,128.295,127.27,127.805,30197.0
2026-07-13,2026-07-13 10:25:00,127.79,128.31,127.72,128.235,21791.0
2026-07-13,2026-07-13 10:30:00,128.235,128.3,127.71,127.71,9424.0
2026-07-13,2026-07-13 10:35:00,127.755,127.81,127.55,127.6,17736.0
2026-07-13,2026-07-13 10:40:00,127.47,127.535,126.82,126.885,16520.0
2026-07-13,2026-07-13 10:45:00,126.79,126.79,126.44,126.44,12668.0
2026-07-13,2026-07-13 10:50:00,126.43,126.45,126.21,126.31,10381.0
2026-07-13,2026-07-13 10:55:00,126.3,126.48,126.22,126.42,16430.0
2026-07-13,2026-07-13 11:00:00,126.42,126.49,126.29,126.35,15047.0
2026-07-13,2026-07-13 11:05:00,126.28,126.35,126.17,126.315,17459.0
2026-07-13,2026-07-13 11:10:00,126.28,126.45,125.925,126.2,34846.0
2026-07-13,2026-07-13 11:15:00,126.17,126.595,126.09,126.565,14230.0
2026-07-13,2026-07-13 11:20:00,126.56,126.835,126.56,126.69,7432.0
2026-07-13,2026-07-13 11:25:00,126.68,126.81,126.48,126.54,21586.0
2026-07-13,2026-07-13 11:30:00,126.69,126.97,126.55,126.875,20810.0
2026-07-13,2026-07-13 11:35:00,126.875,127.22,126.8,127.14,22701.0
2026-07-13,2026-07-13 11:40:00,127.14,127.21,126.96,127.14,16190.0
2026-07-13,2026-07-13 11:45:00,127.14,127.28,127.135,127.28,8283.0
2026-07-13,2026-07-13 11:50:00,127.21,127.34,127.17,127.17,6513.0
2026-07-13,2026-07-13 11:55:00,127.17,127.19,127.09,127.13,9606.0
2026-07-13,2026-07-13 12:00:00,127.13,127.31,126.98,127.31,23955.0
2026-07-13,2026-07-13 12:05:00,127.245,127.4725,127.15,127.4725,7328.0
2026-07-13,2026-07-13 12:10:00,127.43,127.59,127.36,127.585,15601.0
2026-07-13,2026-07-13 12:15:00,127.5875,127.605,127.35,127.43,11194.0
2026-07-13,2026-07-13 12:20:00,127.43,127.61,127.21,127.23,27065.0
2026-07-13,2026-07-13 12:25:00,127.23,127.32,127.15,127.225,12793.0
2026-07-13,2026-07-13 12:30:00,127.16,127.24,126.975,127.06,33072.0
2026-07-13,2026-07-13 12:35:00,127.06,127.19,126.95,127.14,8470.0
2026-07-13,2026-07-13 12:40:00,127.13,127.57,127.13,127.43,20984.0
2026-07-13,2026-07-13 12:45:00,127.39,127.55,127.07,127.185,19302.0
2026-07-13,2026-07-13 12:50:00,127.185,127.4675,127.185,127.22,16361.0
2026-07-13,2026-07-13 12:55:00,127.28,127.3,127.085,127.205,10055.0
2026-07-13,2026-07-13 13:00:00,127.1,127.32,127.1,127.32,6440.0
2026-07-13,2026-07-13 13:05:00,127.32,127.54,127.19,127.535,12816.0
2026-07-13,2026-07-13 13:10:00,127.48,127.54,127.31,127.37,21070.0
2026-07-13,2026-07-13 13:15:00,127.365,127.57,127.36,127.525,14397.0
2026-07-13,2026-07-13 13:20:00,127.51,127.54,127.475,127.485,5094.0
2026-07-13,2026-07-13 13:25:00,127.425,127.54,127.31,127.33,15017.0
2026-07-13,2026-07-13 13:30:00,127.34,127.34,127.11,127.33,11470.0
2026-07-13,2026-07-13 13:35:00,127.3075,127.34,127.18,127.255,7156.0
2026-07-13,2026-07-13 13:40:00,127.25,127.43,127.155,127.43,22608.0
2026-07-13,2026-07-13 13:45:00,127.45,127.59,127.415,127.55,30290.0
2026-07-13,2026-07-13 13:50:00,127.535,127.535,127.37,127.41,10766.0
2026-07-13,2026-07-13 13:55:00,127.45,127.53,127.32,127.42,15729.0
2026-07-13,2026-07-13 14:00:00,127.4,127.575,127.3901,127.575,11441.0
2026-07-13,2026-07-13 14:05:00,127.575,127.7099,127.37,127.465,11834.0
2026-07-13,2026-07-13 14:10:00,127.515,127.515,127.31,127.435,11194.0
2026-07-13,2026-07-13 14:15:00,127.42,127.53,127.21,127.485,22130.0
2026-07-13,2026-07-13 14:20:00,127.43,127.65,127.28,127.505,19602.0
2026-07-13,2026-07-13 14:25:00,127.49,127.58,127.43,127.48,11108.0
2026-07-13,2026-07-13 14:30:00,127.51,127.6,127.395,127.465,13298.0
2026-07-13,2026-07-13 14:35:00,127.41,127.555,127.4,127.545,9032.0
2026-07-13,2026-07-13 14:40:00,127.55,127.91,127.55,127.89,15393.0
2026-07-13,2026-07-13 14:45:00,127.89,127.985,127.84,127.84,14385.0
2026-07-13,2026-07-13 14:50:00,127.865,127.865,127.45,127.525,14316.0
2026-07-13,2026-07-13 14:55:00,127.525,127.67,127.52,127.625,9169.0
2026-07-13,2026-07-13 15:00:00,127.62,127.66,127.56,127.605,8002.0
2026-07-13,2026-07-13 15:05:00,127.605,127.66,127.43,127.59,17491.0
2026-07-13,2026-07-13 15:10:00,127.6599,127.6599,127.555,127.595,7953.0
2026-07-13,2026-07-13 15:15:00,127.595,127.65,127.47,127.515,13968.0
2026-07-13,2026-07-13 15:20:00,127.515,127.515,127.21,127.29,15547.0
2026-07-13,2026-07-13 15:25:00,127.29,127.41,127.27,127.305,18700.0
2026-07-13,2026-07-13 15:30:00,127.305,127.305,127.055,127.135,17406.0
2026-07-13,2026-07-13 15:35:00,127.1,127.15,126.785,126.785,23446.0
2026-07-13,2026-07-13 15:40:00,126.785,126.85,126.62,126.62,27674.0
2026-07-13,2026-07-13 15:45:00,126.68,126.76,126.62,126.72,26269.0
2026-07-13,2026-07-13 15:50:00,126.72,126.85,126.63,126.8,34215.0
2026-07-13,2026-07-13 15:55:00,126.66,127.19,126.51,126.625,131999.0
2026-07-13,2026-07-13 16:00:00,126.625,126.68,126.19,126.38,965657.0
2026-07-14,2026-07-14 09:35:00,127.15,127.5,126.41,127.2,40413.0
2026-07-14,2026-07-14 09:40:00,127.08,127.4,126.41,126.41,45053.0
2026-07-14,2026-07-14 09:45:00,126.56,126.87,126.47,126.72,6752.0
2026-07-14,2026-07-14 09:50:00,126.41,126.424,125.23,125.64,15387.0
2026-07-14,2026-07-14 09:55:00,125.67,125.91,125.24,125.91,8542.0
2026-07-14,2026-07-14 10:00:00,125.835,126.015,125.5,125.7,13503.0
2026-07-14,2026-07-14 10:05:00,125.59,125.68,124.75,124.77,18978.0
2026-07-14,2026-07-14 10:10:00,124.78,125.64,124.755,125.4375,20247.0
2026-07-14,2026-07-14 10:15:00,125.28,125.355,125.115,125.35,8192.0
2026-07-14,2026-07-14 10:20:00,125.2,125.42,125.115,125.32,8842.0
2026-07-14,2026-07-14 10:25:00,125.1701,125.68,125.12,125.59,21236.0
2026-07-14,2026-07-14 10:30:00,125.59,125.72,125.39,125.405,33102.0
2026-07-14,2026-07-14 10:35:00,125.405,125.405,124.96,125.37,26165.0
2026-07-14,2026-07-14 10:40:00,125.29,125.29,124.97,125.13,11424.0
2026-07-14,2026-07-14 10:45:00,125.225,125.39,125.11,125.11,8935.0
2026-07-14,2026-07-14 10:50:00,125.05,125.29,124.95,125.1,11450.0
2026-07-14,2026-07-14 10:55:00,125.155,126.14,125.15,125.89,21826.0
2026-07-14,2026-07-14 11:00:00,125.85,125.85,125.52,125.59,9066.0
2026-07-14,2026-07-14 11:05:00,125.51,125.95,125.36,125.74,10155.0
2026-07-14,2026-07-14 11:10:00,125.745,125.85,125.61,125.72,7789.0
2026-07-14,2026-07-14 11:15:00,125.715,125.72,125.585,125.585,11959.0
2026-07-14,2026-07-14 11:20:00,125.585,125.59,125.17,125.17,10530.0
2026-07-14,2026-07-14 11:25:00,125.02,125.09,124.78,125.02,19544.0
2026-07-14,2026-07-14 11:30:00,124.965,125.04,124.73,124.73,24425.0
2026-07-14,2026-07-14 11:35:00,124.63,124.87,124.585,124.79,9422.0
2026-07-14,2026-07-14 11:40:00,124.77,124.79,124.63,124.63,8607.0
2026-07-14,2026-07-14 11:45:00,124.695,124.81,124.6,124.79,14295.0
2026-07-14,2026-07-14 11:50:00,124.87,124.985,124.79,124.8,11205.0
2026-07-14,2026-07-14 11:55:00,124.76,125.05,124.76,125.05,6620.0
2026-07-14,2026-07-14 12:00:00,124.91,124.9199,124.73,124.73,9294.0
2026-07-14,2026-07-14 12:05:00,124.73,124.895,124.64,124.86,8965.0
2026-07-14,2026-07-14 12:10:00,124.845,124.96,124.795,124.855,8509.0
2026-07-14,2026-07-14 12:15:00,124.93,124.93,124.81,124.9,4607.0
2026-07-14,2026-07-14 12:20:00,124.9,125.0,124.77,124.77,13815.0
2026-07-14,2026-07-14 12:25:00,124.76,124.84,124.68,124.805,9419.0
2026-07-14,2026-07-14 12:30:00,124.775,124.95,124.72,124.815,11061.0
2026-07-14,2026-07-14 12:35:00,124.81,124.88,124.72,124.835,5460.0
2026-07-14,2026-07-14 12:40:00,124.835,124.935,124.52,124.63,52242.0
2026-07-14,2026-07-14 12:45:00,124.61,124.72,124.56,124.67,7354.0
2026-07-14,2026-07-14 12:50:00,124.625,124.72,124.56,124.71,9480.0
2026-07-14,2026-07-14 12:55:00,124.75,124.78,124.7,124.735,6142.0
2026-07-14,2026-07-14 13:00:00,124.79,124.795,124.65,124.735,11042.0
2026-07-14,2026-07-14 13:05:00,124.735,124.78,124.52,124.565,12737.0
2026-07-14,2026-07-14 13:10:00,124.565,124.72,124.555,124.72,3702.0
2026-07-14,2026-07-14 13:15:00,124.67,124.74,124.475,124.52,12536.0
2026-07-14,2026-07-14 13:20:00,124.48,124.505,124.42,124.48,4893.0
2026-07-14,2026-07-14 13:25:00,124.48,124.58,124.435,124.555,5884.0
2026-07-14,2026-07-14 13:30:00,124.6,124.61,124.41,124.415,8553.0
2026-07-14,2026-07-14 13:35:00,124.43,124.47,124.36,124.38,9511.0
2026-07-14,2026-07-14 13:40:00,124.385,124.51,124.35,124.35,10954.0
2026-07-14,2026-07-14 13:45:00,124.39,124.395,124.14,124.28,9279.0
2026-07-14,2026-07-14 13:50:00,124.285,124.3195,124.17,124.24,8903.0
2026-07-14,2026-07-14 13:55:00,124.19,124.28,124.18,124.235,4817.0
2026-07-14,2026-07-14 14:00:00,124.2,124.2325,124.15,124.19,9611.0
2026-07-14,2026-07-14 14:05:00,124.21,124.38,124.18,124.355,20248.0
2026-07-14,2026-07-14 14:10:00,124.34,124.34,124.24,124.26,7821.0
2026-07-14,2026-07-14 14:15:00,124.24,124.32,124.24,124.285,4440.0
2026-07-14,2026-07-14 14:20:00,124.275,124.3799,124.19,124.34,12936.0
2026-07-14,2026-07-14 14:25:00,124.33,124.4,124.28,124.28,9474.0
2026-07-14,2026-07-14 14:30:00,124.25,124.45,124.22,124.22,14724.0
2026-07-14,2026-07-14 14:35:00,124.18,124.23,124.0,124.09,15248.0
2026-07-14,2026-07-14 14:40:00,124.085,124.085,123.81,123.845,14432.0
2026-07-14,2026-07-14 14:45:00,123.81,123.87,123.695,123.825,7950.0
2026-07-14,2026-07-14 14:50:00,123.92,124.09,123.89,123.985,17052.0
2026-07-14,2026-07-14 14:55:00,124.0,124.0,123.85,123.915,7316.0
2026-07-14,2026-07-14 15:00:00,123.895,124.01,123.87,123.915,6963.0
2026-07-14,2026-07-14 15:05:00,123.9125,124.06,123.79,124.015,16615.0
2026-07-14,2026-07-14 15:10:00,124.025,124.17,124.0,124.06,11110.0
2026-07-14,2026-07-14 15:15:00,124.095,124.095,124.03,124.06,9654.0
2026-07-14,2026-07-14 15:20:00,124.06,124.1,124.04,124.08,8155.0
2026-07-14,2026-07-14 15:25:00,124.08,124.41,124.08,124.38,14342.0
2026-07-14,2026-07-14 15:30:00,124.34,124.49,124.26,124.45,22822.0
2026-07-14,2026-07-14 15:35:00,124.42,124.53,124.29,124.405,27248.0
2026-07-14,2026-07-14 15:40:00,124.405,124.58,124.3,124.4,18703.0
2026-07-14,2026-07-14 15:45:00,124.385,124.5,124.24,124.41,25945.0
2026-07-14,2026-07-14 15:50:00,124.4,124.505,124.35,124.48,30119.0
2026-07-14,2026-07-14 15:55:00,124.43,124.68,124.28,124.345,66996.0
2026-07-14,2026-07-14 16:00:00,124.4,124.72,124.29,124.56,482900.0
2026-07-15,2026-07-15 09:35:00,124.9,125.84,124.33,125.65,54823.0
2026-07-15,2026-07-15 09:40:00,125.59,125.66,125.47,125.505,4292.0
2026-07-15,2026-07-15 09:45:00,125.3,125.54,124.34,124.34,11630.0
2026-07-15,2026-07-15 09:50:00,124.73,125.01,124.51,125.005,8051.0
2026-07-15,2026-07-15 09:55:00,125.005,125.6,124.65,125.425,24953.0
2026-07-15,2026-07-15 10:00:00,125.43,125.74,125.38,125.38,67669.0
2026-07-15,2026-07-15 10:05:00,125.44,125.68,125.04,125.155,31103.0
2026-07-15,2026-07-15 10:10:00,125.07,125.26,124.875,124.905,21413.0
2026-07-15,2026-07-15 10:15:00,125.06,125.3,124.84,124.935,14758.0
2026-07-15,2026-07-15 10:20:00,124.955,125.35,124.955,125.32,24317.0
2026-07-15,2026-07-15 10:25:00,125.31,125.875,125.305,125.575,242462.0
2026-07-15,2026-07-15 10:30:00,125.575,126.34,125.51,126.31,33233.0
2026-07-15,2026-07-15 10:35:00,126.23,126.44,126.13,126.3,20061.0
2026-07-15,2026-07-15 10:40:00,126.255,126.53,126.24,126.5,16027.0
2026-07-15,2026-07-15 10:45:00,126.505,126.59,126.35,126.435,14828.0
2026-07-15,2026-07-15 10:50:00,126.33,126.37,125.78,125.82,14035.0
2026-07-15,2026-07-15 10:55:00,125.91,126.17,125.91,126.09,10387.0
2026-07-15,2026-07-15 11:00:00,126.105,126.53,126.105,126.5,10979.0
2026-07-15,2026-07-15 11:05:00,126.465,126.465,126.31,126.41,12428.0
2026-07-15,2026-07-15 11:10:00,126.405,126.66,126.405,126.61,12321.0
2026-07-15,2026-07-15 11:15:00,126.53,126.62,126.38,126.62,7157.0
2026-07-15,2026-07-15 11:20:00,126.55,127.1,126.5,127.1,39897.0
2026-07-15,2026-07-15 11:25:00,127.1,127.18,126.75,127.155,16693.0
2026-07-15,2026-07-15 11:30:00,127.18,127.2,126.99,127.0,14336.0
2026-07-15,2026-07-15 11:35:00,127.04,127.18,126.84,127.14,22906.0
2026-07-15,2026-07-15 11:40:00,127.14,127.43,127.12,127.36,15542.0
2026-07-15,2026-07-15 11:45:00,127.395,127.59,127.395,127.59,9670.0
2026-07-15,2026-07-15 11:50:00,127.585,127.68,127.39,127.39,15887.0
2026-07-15,2026-07-15 11:55:00,127.38,127.465,127.29,127.42,17757.0
2026-07-15,2026-07-15 12:00:00,127.42,127.53,127.36,127.52,16486.0
2026-07-15,2026-07-15 12:05:00,127.585,127.585,127.26,127.33,13829.0
2026-07-15,2026-07-15 12:10:00,127.33,127.4,127.25,127.34,6353.0
2026-07-15,2026-07-15 12:15:00,127.39,127.5,127.2,127.2,11771.0
2026-07-15,2026-07-15 12:20:00,127.18,127.32,127.03,127.06,15030.0
2026-07-15,2026-07-15 12:25:00,127.06,127.16,126.98,127.08,10553.0
2026-07-15,2026-07-15 12:30:00,127.15,127.24,127.14,127.24,5697.0
2026-07-15,2026-07-15 12:35:00,127.16,127.25,127.085,127.165,5096.0
2026-07-15,2026-07-15 12:40:00,127.165,127.32,127.1,127.1,12478.0
2026-07-15,2026-07-15 12:45:00,127.02,127.085,126.98,127.065,8948.0
2026-07-15,2026-07-15 12:50:00,127.0625,127.24,126.89,126.955,23179.0
2026-07-15,2026-07-15 12:55:00,126.905,127.0,126.87,126.945,24378.0
2026-07-15,2026-07-15 13:00:00,126.945,127.09,126.945,127.065,8400.0
2026-07-15,2026-07-15 13:05:00,127.065,127.065,126.99,126.99,6013.0
2026-07-15,2026-07-15 13:10:00,127.0399,127.1,126.98,127.045,6468.0
2026-07-15,2026-07-15 13:15:00,127.045,127.045,126.92,127.005,7620.0
2026-07-15,2026-07-15 13:20:00,126.98,127.1,126.96,127.08,8818.0
2026-07-15,2026-07-15 13:25:00,127.07,127.185,127.02,127.185,9282.0
2026-07-15,2026-07-15 13:30:00,127.2399,127.32,127.16,127.32,7568.0
2026-07-15,2026-07-15 13:35:00,127.3499,127.57,127.345,127.375,15144.0
2026-07-15,2026-07-15 13:40:00,127.405,127.54,127.37,127.505,8890.0
2026-07-15,2026-07-15 13:45:00,127.51,127.57,127.43,127.43,5883.0
2026-07-15,2026-07-15 13:50:00,127.44,127.8,127.44,127.78,23311.0
2026-07-15,2026-07-15 13:55:00,127.76,127.83,127.52,127.83,20062.0
2026-07-15,2026-07-15 14:00:00,127.825,128.1,127.815,127.96,9289.0
2026-07-15,2026-07-15 14:05:00,127.99,128.11,127.81,127.88,25845.0
2026-07-15,2026-07-15 14:10:00,127.85,127.85,127.67,127.82,21117.0
2026-07-15,2026-07-15 14:15:00,127.77,127.8,127.67,127.79,6893.0
2026-07-15,2026-07-15 14:20:00,127.79,127.84,127.745,127.81,11695.0
2026-07-15,2026-07-15 14:25:00,127.84,127.98,127.74,127.81,28825.0
2026-07-15,2026-07-15 14:30:00,127.81,127.88,127.78,127.82,11181.0
2026-07-15,2026-07-15 14:35:00,127.88,127.88,127.56,127.62,30038.0
2026-07-15,2026-07-15 14:40:00,127.62,127.98,127.58,127.915,14908.0
2026-07-15,2026-07-15 14:45:00,127.85,128.12,127.83,128.05,27308.0
2026-07-15,2026-07-15 14:50:00,128.07,128.25,128.0,128.095,39178.0
2026-07-15,2026-07-15 14:55:00,128.095,128.33,128.095,128.29,21133.0
2026-07-15,2026-07-15 15:00:00,128.295,128.32,128.15,128.32,17761.0
2026-07-15,2026-07-15 15:05:00,128.255,128.51,128.255,128.27,23930.0
2026-07-15,2026-07-15 15:10:00,128.265,128.365,128.18,128.355,15297.0
2026-07-15,2026-07-15 15:15:00,128.36,128.36,128.05,128.05,14750.0
2026-07-15,2026-07-15 15:20:00,128.065,128.185,128.02,128.13,15268.0
2026-07-15,2026-07-15 15:25:00,128.11,128.135,127.79,127.96,92746.0
2026-07-15,2026-07-15 15:30:00,127.96,127.99,127.57,127.625,72321.0
2026-07-15,2026-07-15 15:35:00,127.55,127.55,126.39,126.45,46672.0
2026-07-15,2026-07-15 15:40:00,126.45,126.5799,126.37,126.51,29175.0
2026-07-15,2026-07-15 15:45:00,126.51,126.84,126.51,126.805,25974.0
2026-07-15,2026-07-15 15:50:00,126.74,127.145,126.66,127.145,44946.0
2026-07-15,2026-07-15 15:55:00,127.11,127.11,126.39,126.75,54854.0
2026-07-15,2026-07-15 16:00:00,126.76,127.11,126.68,127.03,786835.0
2026-07-16,2026-07-16 09:35:00,127.14,128.29,126.0,126.5,50685.0
2026-07-16,2026-07-16 09:40:00,126.8,127.135,126.52,126.54,8323.0
2026-07-16,2026-07-16 09:45:00,126.64,127.65,126.51,127.39,13430.0
2026-07-16,2026-07-16 09:50:00,127.4,127.8,126.89,127.58,44342.0
2026-07-16,2026-07-16 09:55:00,127.415,128.075,126.795,126.795,22996.0
2026-07-16,2026-07-16 10:00:00,126.87,127.64,126.84,127.62,17059.0
2026-07-16,2026-07-16 10:05:00,127.4475,128.1,127.435,127.77,51840.0
2026-07-16,2026-07-16 10:10:00,127.725,128.195,127.7,128.19,26857.0
2026-07-16,2026-07-16 10:15:00,128.05,128.22,127.38,128.205,62443.0
2026-07-16,2026-07-16 10:20:00,128.12,128.5,128.0,128.5,42965.0
2026-07-16,2026-07-16 10:25:00,128.435,128.435,128.1,128.415,25038.0
2026-07-16,2026-07-16 10:30:00,128.33,128.71,128.24,128.24,21904.0
2026-07-16,2026-07-16 10:35:00,128.25,128.53,127.87,128.435,40802.0
2026-07-16,2026-07-16 10:40:00,128.435,128.53,127.62,127.71,43123.0
2026-07-16,2026-07-16 10:45:00,127.71,128.09,127.6921,128.09,20356.0
2026-07-16,2026-07-16 10:50:00,128.055,128.33,127.935,128.275,66202.0
2026-07-16,2026-07-16 10:55:00,128.28,128.47,128.0176,128.47,12525.0
2026-07-16,2026-07-16 11:00:00,128.49,128.8299,128.48,128.685,34259.0
2026-07-16,2026-07-16 11:05:00,128.68,128.98,128.53,128.915,27629.0
2026-07-16,2026-07-16 11:10:00,128.98,129.17,128.81,129.17,25929.0
2026-07-16,2026-07-16 11:15:00,129.18,129.67,129.1725,129.575,30435.0
2026-07-16,2026-07-16 11:20:00,129.575,129.64,129.21,129.58,26467.0
2026-07-16,2026-07-16 11:25:00,129.57,129.66,128.94,128.94,42547.0
2026-07-16,2026-07-16 11:30:00,129.19,129.46,128.99,129.385,39190.0
2026-07-16,2026-07-16 11:35:00,129.4,129.7,129.28,129.35,25067.0
2026-07-16,2026-07-16 11:40:00,129.325,129.525,128.41,128.7,114381.0
2026-07-16,2026-07-16 11:45:00,128.68,129.03,128.68,128.85,31761.0
2026-07-16,2026-07-16 11:50:00,128.84,129.25,128.71,129.105,50475.0
2026-07-16,2026-07-16 11:55:00,129.1,129.4,128.72,129.19,52665.0
2026-07-16,2026-07-16 12:00:00,129.195,129.54,129.02,129.2,52327.0
2026-07-16,2026-07-16 12:05:00,129.19,129.35,128.845,129.2,38417.0
2026-07-16,2026-07-16 12:10:00,129.26,129.49,129.01,129.305,209262.0
2026-07-16,2026-07-16 12:15:00,129.29,129.42,128.43,128.595,66748.0
2026-07-16,2026-07-16 12:20:00,128.58,129.07,128.47,128.975,53677.0
2026-07-16,2026-07-16 12:25:00,129.08,129.28,128.89,128.94,43038.0
2026-07-16,2026-07-16 12:30:00,128.945,129.87,128.65,129.4,99479.0
2026-07-16,2026-07-16 12:35:00,129.405,129.49,129.09,129.14,37213.0
2026-07-16,2026-07-16 12:40:00,129.14,129.41,129.11,129.35,52662.0
2026-07-16,2026-07-16 12:45:00,129.44,129.47,128.97,129.135,35283.0
2026-07-16,2026-07-16 12:50:00,129.12,129.24,129.06,129.07,23100.0
2026-07-16,2026-07-16 12:55:00,129.07,129.36,129.03,129.34,17666.0
2026-07-16,2026-07-16 13:00:00,129.33,130.83,129.33,130.34,234043.0
2026-07-16,2026-07-16 13:05:00,130.33,130.67,130.32,130.465,22624.0
2026-07-16,2026-07-16 13:10:00,130.465,130.465,129.915,130.28,48886.0
2026-07-16,2026-07-16 13:15:00,130.25,130.42,130.095,130.19,27287.0
2026-07-16,2026-07-16 13:20:00,130.19,130.4,130.19,130.335,22115.0
2026-07-16,2026-07-16 13:25:00,130.32,130.425,130.235,130.32,23856.0
2026-07-16,2026-07-16 13:30:00,130.35,130.53,130.35,130.45,18153.0
2026-07-16,2026-07-16 13:35:00,130.44,130.48,130.31,130.36,29606.0
2026-07-16,2026-07-16 13:40:00,130.35,130.55,130.31,130.475,25418.0
2026-07-16,2026-07-16 13:45:00,130.475,130.55,130.33,130.475,17992.0
2026-07-16,2026-07-16 13:50:00,130.455,130.77,130.455,130.66,21468.0
2026-07-16,2026-07-16 13:55:00,130.655,130.7,130.4,130.44,28679.0
2026-07-16,2026-07-16 14:00:00,130.44,130.44,129.5,129.5,52459.0
2026-07-16,2026-07-16 14:05:00,129.46,129.8682,129.38,129.45,35557.0
2026-07-16,2026-07-16 14:10:00,129.5,129.72,129.42,129.64,48527.0
2026-07-16,2026-07-16 14:15:00,129.665,129.745,129.255,129.44,37271.0
2026-07-16,2026-07-16 14:20:00,129.445,129.46,129.055,129.21,38134.0
2026-07-16,2026-07-16 14:25:00,129.155,129.33,129.085,129.215,28864.0
2026-07-16,2026-07-16 14:30:00,129.185,129.55,129.12,129.505,30561.0
2026-07-16,2026-07-16 14:35:00,129.455,129.455,129.26,129.35,24537.0
2026-07-16,2026-07-16 14:40:00,129.33,129.385,129.105,129.22,23392.0
2026-07-16,2026-07-16 14:45:00,129.14,129.33,129.08,129.2,38290.0
2026-07-16,2026-07-16 14:50:00,129.2,129.22,128.73,128.89,30964.0
2026-07-16,2026-07-16 14:55:00,128.92,129.04,128.795,128.925,31839.0
2026-07-16,2026-07-16 15:00:00,128.925,129.05,128.85,128.96,28879.0
2026-07-16,2026-07-16 15:05:00,128.97,129.09,128.81,128.81,33746.0
2026-07-16,2026-07-16 15:10:00,128.795,129.02,128.51,128.99,44532.0
2026-07-16,2026-07-16 15:15:00,128.98,129.19,128.83,129.05,37118.0
2026-07-16,2026-07-16 15:20:00,129.04,129.04,128.705,128.94,26874.0
2026-07-16,2026-07-16 15:25:00,128.935,129.26,128.8,128.9,49710.0
2026-07-16,2026-07-16 15:30:00,128.9,128.9,128.565,128.6,39900.0
2026-07-16,2026-07-16 15:35:00,128.605,128.65,128.04,128.31,68799.0
2026-07-16,2026-07-16 15:40:00,128.26,128.755,128.25,128.74,51161.0
2026-07-16,2026-07-16 15:45:00,128.73,128.73,128.215,128.41,59289.0
2026-07-16,2026-07-16 15:50:00,128.4,128.46,128.12,128.275,77975.0
2026-07-16,2026-07-16 15:55:00,128.25,128.87,127.78,128.39,197629.0
2026-07-16,2026-07-16 16:00:00,128.43,128.65,128.25,128.45,1614171.0
2026-07-17,2026-07-17 09:35:00,128.99,130.85,128.99,130.79,58704.0
2026-07-17,2026-07-17 09:40:00,130.8,132.6,130.5325,132.59,97562.0
2026-07-17,2026-07-17 09:45:00,132.56,133.26,132.35,132.35,29735.0
2026-07-17,2026-07-17 09:50:00,132.25,132.81,131.99,132.42,30257.0
2026-07-17,2026-07-17 09:55:00,132.49,132.84,132.3175,132.3175,18767.0
2026-07-17,2026-07-17 10:00:00,132.24,132.5,132.01,132.12,16782.0
2026-07-17,2026-07-17 10:05:00,132.19,132.21,131.16,131.6968,27351.0
2026-07-17,2026-07-17 10:10:00,131.5675,131.79,130.435,130.885,27698.0
2026-07-17,2026-07-17 10:15:00,130.93,130.99,130.52,130.89,30267.0
2026-07-17,2026-07-17 10:20:00,130.845,131.08,130.51,130.625,11281.0
2026-07-17,2026-07-17 10:25:00,130.625,130.89,130.5,130.765,17160.0
2026-07-17,2026-07-17 10:30:00,130.76,130.98,130.66,130.94,10595.0
2026-07-17,2026-07-17 10:35:00,130.945,131.13,130.8601,130.935,28161.0
2026-07-17,2026-07-17 10:40:00,130.935,131.11,130.75,130.775,22668.0
2026-07-17,2026-07-17 10:45:00,130.77,130.88,130.68,130.73,15234.0
2026-07-17,2026-07-17 10:50:00,130.66,130.735,130.36,130.5,14371.0
2026-07-17,2026-07-17 10:55:00,130.465,130.54,130.3,130.475,12292.0
2026-07-17,2026-07-17 11:00:00,130.49,130.73,130.49,130.61,14008.0
2026-07-17,2026-07-17 11:05:00,130.6,130.89,130.6,130.89,14882.0
2026-07-17,2026-07-17 11:10:00,130.91,130.91,130.63,130.64,18189.0
2026-07-17,2026-07-17 11:15:00,130.65,130.74,130.37,130.54,10740.0
2026-07-17,2026-07-17 11:20:00,130.555,130.755,130.55,130.755,11798.0
2026-07-17,2026-07-17 11:25:00,130.75,130.86,130.54,130.54,18802.0
2026-07-17,2026-07-17 11:30:00,130.53,130.82,130.53,130.71,10020.0
2026-07-17,2026-07-17 11:35:00,130.705,130.705,130.31,130.31,10018.0
2026-07-17,2026-07-17 11:40:00,130.26,130.27,129.84,129.92,16502.0
2026-07-17,2026-07-17 11:45:00,129.945,129.98,129.855,129.96,8079.0
2026-07-17,2026-07-17 11:50:00,129.96,130.0399,129.71,129.725,11919.0
2026-07-17,2026-07-17 11:55:00,129.71,129.775,129.525,129.525,8248.0
2026-07-17,2026-07-17 12:00:00,129.47,129.47,129.34,129.38,7419.0
2026-07-17,2026-07-17 12:05:00,129.51,129.51,129.15,129.21,7490.0
2026-07-17,2026-07-17 12:10:00,129.27,129.44,129.27,129.38,6774.0
2026-07-17,2026-07-17 12:15:00,129.38,129.405,129.27,129.3,8059.0
2026-07-17,2026-07-17 12:20:00,129.35,129.35,129.08,129.13,10218.0
2026-07-17,2026-07-17 12:25:00,129.12,129.31,129.06,129.06,10526.0
2026-07-17,2026-07-17 12:30:00,129.06,129.27,129.04,129.2025,13485.0
2026-07-17,2026-07-17 12:35:00,129.225,129.25,129.06,129.06,6816.0
2026-07-17,2026-07-17 12:40:00,129.075,129.24,128.7,128.71,20346.0
2026-07-17,2026-07-17 12:45:00,128.73,128.8,128.535,128.74,27887.0
2026-07-17,2026-07-17 12:50:00,128.71,128.8,128.43,128.8,18435.0
2026-07-17,2026-07-17 12:55:00,128.735,128.74,128.51,128.55,10278.0
2026-07-17,2026-07-17 13:00:00,128.55,128.58,128.46,128.545,9026.0
2026-07-17,2026-07-17 13:05:00,128.545,128.59,128.46,128.49,8476.0
2026-07-17,2026-07-17 13:10:00,128.545,128.685,128.4704,128.67,10238.0
2026-07-17,2026-07-17 13:15:00,128.66,128.73,128.66,128.705,8979.0
2026-07-17,2026-07-17 13:20:00,128.63,128.69,128.43,128.43,9647.0
2026-07-17,2026-07-17 13:25:00,128.44,128.505,128.25,128.29,15476.0
2026-07-17,2026-07-17 13:30:00,128.36,128.41,128.27,128.32,6613.0
2026-07-17,2026-07-17 13:35:00,128.335,128.34,128.16,128.195,13807.0
2026-07-17,2026-07-17 13:40:00,128.2,128.21,128.09,128.16,9640.0
2026-07-17,2026-07-17 13:45:00,128.165,128.25,128.09,128.115,9620.0
2026-07-17,2026-07-17 13:50:00,128.115,128.16,127.52,127.52,67751.0
2026-07-17,2026-07-17 13:55:00,127.53,127.78,127.53,127.67,10248.0
2026-07-17,2026-07-17 14:00:00,127.66,127.71,127.24,127.32,25088.0
2026-07-17,2026-07-17 14:05:00,127.26,127.26,126.75,126.96,38896.0
2026-07-17,2026-07-17 14:10:00,126.95,127.15,126.95,127.075,10753.0
2026-07-17,2026-07-17 14:15:00,127.01,127.0362,126.75,126.75,13330.0
2026-07-17,2026-07-17 14:20:00,126.76,126.85,126.72,126.795,16296.0
2026-07-17,2026-07-17 14:25:00,126.8,126.92,126.59,126.61,28462.0
2026-07-17,2026-07-17 14:30:00,126.67,126.69,126.31,126.45,48185.0
2026-07-17,2026-07-17 14:35:00,126.37,126.46,126.275,126.34,17141.0
2026-07-17,2026-07-17 14:40:00,126.34,126.63,126.34,126.53,39685.0
2026-07-17,2026-07-17 14:45:00,126.56,126.71,126.54,126.61,18677.0
2026-07-17,2026-07-17 14:50:00,126.6425,126.68,126.53,126.58,14336.0
2026-07-17,2026-07-17 14:55:00,126.52,126.52,126.05,126.335,29229.0
2026-07-17,2026-07-17 15:00:00,126.38,126.49,126.3,126.3,12967.0
2026-07-17,2026-07-17 15:05:00,126.27,126.44,126.13,126.39,17149.0
2026-07-17,2026-07-17 15:10:00,126.425,126.51,126.24,126.24,21176.0
2026-07-17,2026-07-17 15:15:00,126.21,126.4,126.21,126.355,13518.0
2026-07-17,2026-07-17 15:20:00,126.34,126.655,126.34,126.595,23615.0
2026-07-17,2026-07-17 15:25:00,126.6,126.67,126.52,126.58,19600.0
2026-07-17,2026-07-17 15:30:00,126.54,126.7,126.49,126.49,25975.0
2026-07-17,2026-07-17 15:35:00,126.49,126.59,126.42,126.49,29896.0
2026-07-17,2026-07-17 15:40:00,126.44,126.49,126.26,126.32,24197.0
2026-07-17,2026-07-17 15:45:00,126.29,126.47,126.22,126.44,33168.0
2026-07-17,2026-07-17 15:50:00,126.445,126.6,126.29,126.58,45013.0
2026-07-17,2026-07-17 15:55:00,126.53,126.53,125.66,126.025,126290.0
2026-07-17,2026-07-17 16:00:00,125.87,126.025,125.58,125.94,692540.0
2026-07-20,2026-07-20 09:35:00,126.98,127.33,123.5,123.82,31440.0
2026-07-20,2026-07-20 09:40:00,124.305,124.74,123.88,124.0,21090.0
2026-07-20,2026-07-20 09:45:00,124.235,124.81,124.0,124.76,11660.0
2026-07-20,2026-07-20 09:50:00,124.7,125.26,124.695,124.8087,23999.0
2026-07-20,2026-07-20 09:55:00,124.77,125.25,124.77,125.01,27717.0
2026-07-20,2026-07-20 10:00:00,124.88,125.06,124.77,124.9701,8248.0
2026-07-20,2026-07-20 10:05:00,125.06,125.2625,124.78,125.17,34702.0
2026-07-20,2026-07-20 10:10:00,125.1,125.26,124.97,125.0,28512.0
2026-07-20,2026-07-20 10:15:00,125.0,125.64,124.95,125.46,48153.0
2026-07-20,2026-07-20 10:20:00,125.46,126.24,125.44,126.135,70830.0
2026-07-20,2026-07-20 10:25:00,126.135,126.2,125.82,125.88,54947.0
2026-07-20,2026-07-20 10:30:00,125.81,126.11,125.81,125.945,28500.0
2026-07-20,2026-07-20 10:35:00,126.08,126.14,125.64,125.69,29296.0
2026-07-20,2026-07-20 10:40:00,125.755,125.88,125.65,125.78,39651.0
2026-07-20,2026-07-20 10:45:00,125.77,125.81,125.56,125.66,52236.0
2026-07-20,2026-07-20 10:50:00,125.645,125.73,125.53,125.54,12783.0
2026-07-20,2026-07-20 10:55:00,125.52,125.62,125.32,125.56,22931.0
2026-07-20,2026-07-20 11:00:00,125.54,125.72,125.4,125.6,15008.0
2026-07-20,2026-07-20 11:05:00,125.66,125.94,125.6,125.875,17362.0
2026-07-20,2026-07-20 11:10:00,125.88,126.25,125.85,126.19,20487.0
2026-07-20,2026-07-20 11:15:00,126.19,126.19,125.98,126.1,14783.0
2026-07-20,2026-07-20 11:20:00,126.1,126.34,126.07,126.14,15164.0
2026-07-20,2026-07-20 11:25:00,126.195,126.2,125.935,125.9551,14497.0
2026-07-20,2026-07-20 11:30:00,125.95,126.12,125.85,126.01,34441.0
2026-07-20,2026-07-20 11:35:00,125.99,126.075,125.93,126.0,8254.0
2026-07-20,2026-07-20 11:40:00,126.0,126.0,125.87,125.955,7847.0
2026-07-20,2026-07-20 11:45:00,125.955,126.12,125.955,126.04,37239.0
2026-07-20,2026-07-20 11:50:00,125.99,126.44,125.99,126.355,9015.0
2026-07-20,2026-07-20 11:55:00,126.36,126.44,126.09,126.14,11715.0
2026-07-20,2026-07-20 12:00:00,126.21,126.25,126.13,126.1775,13708.0
2026-07-20,2026-07-20 12:05:00,126.175,126.38,126.175,126.315,18386.0
2026-07-20,2026-07-20 12:10:00,126.4,126.49,126.275,126.3,8340.0
2026-07-20,2026-07-20 12:15:00,126.23,126.33,126.195,126.3,9706.0
2026-07-20,2026-07-20 12:20:00,126.3,126.52,126.2,126.52,11909.0
2026-07-20,2026-07-20 12:25:00,126.49,126.56,126.44,126.51,8921.0
2026-07-20,2026-07-20 12:30:00,126.5,126.55,126.48,126.55,7269.0
2026-07-20,2026-07-20 12:35:00,126.55,126.59,126.33,126.39,14704.0
2026-07-20,2026-07-20 12:40:00,126.47,126.47,126.02,126.09,15095.0
2026-07-20,2026-07-20 12:45:00,126.1,126.165,125.94,126.165,33474.0
2026-07-20,2026-07-20 12:50:00,126.12,126.29,126.115,126.21,10913.0
2026-07-20,2026-07-20 12:55:00,126.3,126.34,126.17,126.19,12671.0
2026-07-20,2026-07-20 13:00:00,126.19,126.24,126.16,126.16,6996.0
2026-07-20,2026-07-20 13:05:00,126.165,126.5015,126.16,126.5015,11477.0
2026-07-20,2026-07-20 13:10:00,126.39,126.46,126.39,126.43,12708.0
2026-07-20,2026-07-20 13:15:00,126.47,126.625,126.42,126.48,12309.0
2026-07-20,2026-07-20 13:20:00,126.44,126.56,126.365,126.56,7090.0
2026-07-20,2026-07-20 13:25:00,126.495,126.58,126.24,126.24,11889.0
2026-07-20,2026-07-20 13:30:00,126.24,126.53,126.24,126.5,14273.0
2026-07-20,2026-07-20 13:35:00,126.5,126.68,126.47,126.68,21366.0
2026-07-20,2026-07-20 13:40:00,126.65,126.8,126.65,126.735,8122.0
2026-07-20,2026-07-20 13:45:00,126.69,126.89,126.69,126.8,16833.0
2026-07-20,2026-07-20 13:50:00,126.82,126.86,126.76,126.84,11767.0
2026-07-20,2026-07-20 13:55:00,126.825,126.86,126.72,126.79,12911.0
2026-07-20,2026-07-20 14:00:00,126.79,126.88,126.79,126.855,9879.0
2026-07-20,2026-07-20 14:05:00,126.89,127.055,126.835,126.895,49613.0
2026-07-20,2026-07-20 14:10:00,126.94,127.08,126.87,126.875,27577.0
2026-07-20,2026-07-20 14:15:00,126.91,126.97,126.88,126.93,12108.0
2026-07-20,2026-07-20 14:20:00,126.92,126.92,126.74,126.76,11250.0
2026-07-20,2026-07-20 14:25:00,126.78,126.85,126.62,126.6624,12337.0
2026-07-20,2026-07-20 14:30:00,126.65,126.73,126.64,126.64,11575.0
2026-07-20,2026-07-20 14:35:00,126.62,126.635,126.41,126.435,15193.0
2026-07-20,2026-07-20 14:40:00,126.44,126.58,126.435,126.46,37108.0
2026-07-20,2026-07-20 14:45:00,126.5,126.51,126.25,126.26,20428.0
2026-07-20,2026-07-20 14:50:00,126.25,126.61,126.165,126.58,35120.0
2026-07-20,2026-07-20 14:55:00,126.6,126.61,126.38,126.44,35488.0
2026-07-20,2026-07-20 15:00:00,126.555,126.59,126.5,126.54,12948.0
2026-07-20,2026-07-20 15:05:00,126.54,126.54,126.335,126.41,21369.0
2026-07-20,2026-07-20 15:10:00,126.41,126.5,126.315,126.365,24354.0
2026-07-20,2026-07-20 15:15:00,126.37,126.39,126.085,126.085,14362.0
2026-07-20,2026-07-20 15:20:00,126.09,126.35,126.07,126.145,32207.0
2026-07-20,2026-07-20 15:25:00,126.145,126.23,126.0,126.13,23127.0
2026-07-20,2026-07-20 15:30:00,126.16,126.16,126.05,126.15,16664.0
2026-07-20,2026-07-20 15:35:00,126.19,126.32,126.13,126.21,18012.0
2026-07-20,2026-07-20 15:40:00,126.24,126.38,126.16,126.38,15761.0
2026-07-20,2026-07-20 15:45:00,126.4,126.4,126.2,126.3,26826.0
2026-07-20,2026-07-20 15:50:00,126.315,126.45,126.28,126.45,44278.0
2026-07-20,2026-07-20 15:55:00,126.4,126.51,126.1775,126.45,102131.0
2026-07-20,2026-07-20 16:00:00,126.47,127.0,126.3,126.38,876228.0
2026-07-21,2026-07-21 09:35:00,126.0,126.71,125.33,126.48,36972.0
2026-07-21,2026-07-21 09:40:00,126.78,127.615,126.78,127.255,14815.0
2026-07-21,2026-07-21 09:45:00,126.92,127.09,126.255,126.29,24557.0
2026-07-21,2026-07-21 09:50:00,126.24,126.585,125.73,126.31,21212.0
2026-07-21,2026-07-21 09:55:00,126.03,126.25,125.62,126.25,6789.0
2026-07-21,2026-07-21 10:00:00,126.13,126.43,126.1,126.43,6631.0
2026-07-21,2026-07-21 10:05:00,126.52,126.52,125.715,125.74,11954.0
2026-07-21,2026-07-21 10:10:00,125.74,125.9,125.61,125.9,5458.0
2026-07-21,2026-07-21 10:15:00,125.895,126.17,125.895,126.0921,8203.0
2026-07-21,2026-07-21 10:20:00,126.08,126.42,125.99,126.08,13963.0
2026-07-21,2026-07-21 10:25:00,126.025,126.19,125.7,125.7,16290.0
2026-07-21,2026-07-21 10:30:00,125.76,125.77,125.585,125.585,8350.0
2026-07-21,2026-07-21 10:35:00,125.61,125.76,125.52,125.59,6904.0
2026-07-21,2026-07-21 10:40:00,125.65,125.75,125.41,125.43,8765.0
2026-07-21,2026-07-21 10:45:00,125.46,125.46,125.2,125.392883,10616.0
2026-07-21,2026-07-21 10:50:00,125.42,125.58,125.31,125.35,6972.0
2026-07-21,2026-07-21 10:55:00,125.35,125.395,125.21,125.21,17285.0
2026-07-21,2026-07-21 11:00:00,125.22,125.52,125.22,125.52,10595.0
2026-07-21,2026-07-21 11:05:00,125.605,125.7,125.5101,125.65,7096.0
2026-07-21,2026-07-21 11:10:00,125.65,126.22,125.65,126.22,18030.0
2026-07-21,2026-07-21 11:15:00,126.225,126.225,126.0,126.18,12039.0
2026-07-21,2026-07-21 11:20:00,126.19,126.56,126.19,126.56,7451.0
2026-07-21,2026-07-21 11:25:00,126.55,126.79,126.55,126.605,7690.0
2026-07-21,2026-07-21 11:30:00,126.53,126.79,126.38,126.47,48985.0
2026-07-21,2026-07-21 11:35:00,126.52,126.765,126.45,126.55,10691.0
2026-07-21,2026-07-21 11:40:00,126.595,126.595,126.34,126.38,8685.0
2026-07-21,2026-07-21 11:45:00,126.49,126.68,126.36,126.45,6622.0
2026-07-21,2026-07-21 11:50:00,126.45,126.5,126.24,126.24,16306.0
2026-07-21,2026-07-21 11:55:00,126.28,126.3999,125.88,125.99,11578.0
2026-07-21,2026-07-21 12:00:00,126.07,126.25,126.07,126.205,9311.0
2026-07-21,2026-07-21 12:05:00,126.28,126.49,126.28,126.475,5305.0
2026-07-21,2026-07-21 12:10:00,126.455,126.515,126.36,126.455,9838.0
2026-07-21,2026-07-21 12:15:00,126.455,126.55,126.38,126.515,7197.0
2026-07-21,2026-07-21 12:20:00,126.49,126.53,126.36,126.475,6095.0
2026-07-21,2026-07-21 12:25:00,126.42,126.7,126.22,126.45,67262.0
2026-07-21,2026-07-21 12:30:00,126.46,126.52,126.37,126.52,6805.0
2026-07-21,2026-07-21 12:35:00,126.5,126.73,126.42,126.48,41671.0
2026-07-21,2026-07-21 12:40:00,126.45,126.56,126.34,126.36,72354.0
2026-07-21,2026-07-21 12:45:00,126.35,126.45,126.26,126.26,27507.0
2026-07-21,2026-07-21 12:50:00,126.31,126.31,126.14,126.14,4584.0
2026-07-21,2026-07-21 12:55:00,126.165,126.33,126.165,126.22,4211.0
2026-07-21,2026-07-21 13:00:00,126.15,126.18,125.95,126.03,12141.0
2026-07-21,2026-07-21 13:05:00,126.07,126.18,126.01,126.05,3726.0
2026-07-21,2026-07-21 13:10:00,125.99,125.99,125.79,125.86,5297.0
2026-07-21,2026-07-21 13:15:00,125.79,125.83,125.73,125.78,5208.0
2026-07-21,2026-07-21 13:20:00,125.74,125.7675,125.67,125.7,5490.0
2026-07-21,2026-07-21 13:25:00,125.64,125.735,125.59,125.595,6318.0
2026-07-21,2026-07-21 13:30:00,125.69,125.82,125.69,125.82,6227.0
2026-07-21,2026-07-21 13:35:00,125.74,125.8885,125.68,125.71,7990.0
2026-07-21,2026-07-21 13:40:00,125.715,125.83,125.705,125.785,3700.0
2026-07-21,2026-07-21 13:45:00,125.785,125.785,125.56,125.7,7414.0
2026-07-21,2026-07-21 13:50:00,125.83,125.83,125.785,125.79,3113.0
2026-07-21,2026-07-21 13:55:00,125.8,125.8,125.67,125.68,6229.0
2026-07-21,2026-07-21 14:00:00,125.66,125.66,125.57,125.57,4343.0
2026-07-21,2026-07-21 14:05:00,125.6292,125.6292,125.42,125.455,6987.0
2026-07-21,2026-07-21 14:10:00,125.44,125.71,125.43,125.665,7705.0
2026-07-21,2026-07-21 14:15:00,125.69,125.76,125.62,125.62,9293.0
2026-07-21,2026-07-21 14:20:00,125.6,125.7099,125.6,125.675,15833.0
2026-07-21,2026-07-21 14:25:00,125.705,125.705,125.55,125.55,14189.0
2026-07-21,2026-07-21 14:30:00,125.565,125.6,125.385,125.6,20704.0
2026-07-21,2026-07-21 14:35:00,125.555,125.75,125.52,125.67,18359.0
2026-07-21,2026-07-21 14:40:00,125.68,125.68,125.54,125.61,18234.0
2026-07-21,2026-07-21 14:45:00,125.565,125.62,125.46,125.575,15159.0
2026-07-21,2026-07-21 14:50:00,125.63,125.765,125.575,125.765,25014.0
2026-07-21,2026-07-21 14:55:00,125.76,125.77,125.57,125.64,21304.0
2026-07-21,2026-07-21 15:00:00,125.635,125.64,125.41,125.42,38849.0
2026-07-21,2026-07-21 15:05:00,125.47,125.6,125.31,125.56,28978.0
2026-07-21,2026-07-21 15:10:00,125.56,125.63,125.45,125.45,20887.0
2026-07-21,2026-07-21 15:15:00,125.45,125.6,125.44,125.6,29355.0
2026-07-21,2026-07-21 15:20:00,125.635,125.695,125.55,125.55,20078.0
2026-07-21,2026-07-21 15:25:00,125.59,125.8,125.56,125.715,31611.0
2026-07-21,2026-07-21 15:30:00,125.725,125.88,125.63,125.66,22214.0
2026-07-21,2026-07-21 15:35:00,125.63,125.78,125.56,125.62,38477.0
2026-07-21,2026-07-21 15:40:00,125.59,125.695,125.53,125.63,34934.0
2026-07-21,2026-07-21 15:45:00,125.62,125.78,125.55,125.78,31536.0
2026-07-21,2026-07-21 15:50:00,125.74,125.98,125.62,125.7,101217.0
2026-07-21,2026-07-21 15:55:00,125.73,125.93,125.62,125.77,81618.0
2026-07-21,2026-07-21 16:00:00,125.77,125.83,125.51,125.74,531096.0
2026-07-22,2026-07-22 09:35:00,125.53,126.73,125.53,125.61,26211.0
2026-07-22,2026-07-22 09:40:00,125.52,125.94,125.49,125.66,8812.0
2026-07-22,2026-07-22 09:45:00,125.58,126.08,125.51,125.695,7713.0
2026-07-22,2026-07-22 09:50:00,125.61,125.66,125.38,125.5575,11417.0
2026-07-22,2026-07-22 09:55:00,125.43,125.7,125.34,125.34,10029.0
2026-07-22,2026-07-22 10:00:00,125.34,126.22,125.34,125.46,12526.0
2026-07-22,2026-07-22 10:05:00,125.44,125.5,124.895,125.21,25076.0
2026-07-22,2026-07-22 10:10:00,125.215,125.22,124.515,124.85,22475.0
2026-07-22,2026-07-22 10:15:00,124.855,125.33,124.855,125.185,21695.0
2026-07-22,2026-07-22 10:20:00,125.185,125.185,124.575,124.59,25272.0
2026-07-22,2026-07-22 10:25:00,124.58,124.61,123.66,123.66,44811.0
2026-07-22,2026-07-22 10:30:00,123.725,123.725,123.09,123.3175,56147.0
2026-07-22,2026-07-22 10:35:00,123.3125,123.46,123.01,123.46,44329.0
2026-07-22,2026-07-22 10:40:00,123.295,123.45,122.65,123.415,55827.0
2026-07-22,2026-07-22 10:45:00,123.42,123.52,123.25,123.52,24284.0
2026-07-22,2026-07-22 10:50:00,123.515,123.68,123.42,123.65,28900.0
2026-07-22,2026-07-22 10:55:00,123.62,123.99,123.6,123.88,13755.0
2026-07-22,2026-07-22 11:00:00,123.94,124.1,123.63,124.08,11972.0
2026-07-22,2026-07-22 11:05:00,123.92,124.05,123.67,124.05,12077.0
2026-07-22,2026-07-22 11:10:00,124.085,124.25,123.665,123.7501,25068.0
2026-07-22,2026-07-22 11:15:00,123.75,124.055,123.75,124.016,10924.0
2026-07-22,2026-07-22 11:20:00,123.94,124.15,123.88,124.0,13582.0
2026-07-22,2026-07-22 11:25:00,124.05,124.38,124.05,124.36,7198.0
2026-07-22,2026-07-22 11:30:00,124.305,124.43,124.23,124.395,13608.0
2026-07-22,2026-07-22 11:35:00,124.43,124.54,124.37,124.4,13188.0
2026-07-22,2026-07-22 11:40:00,124.36,124.55,124.36,124.495,7641.0
2026-07-22,2026-07-22 11:45:00,124.495,124.625,124.39,124.615,9480.0
2026-07-22,2026-07-22 11:50:00,124.59,124.77,124.56,124.655,4679.0
2026-07-22,2026-07-22 11:55:00,124.67,124.67,124.41,124.48,10172.0
2026-07-22,2026-07-22 12:00:00,124.48,124.64,124.38,124.48,26247.0
2026-07-22,2026-07-22 12:05:00,124.38,124.51,124.2,124.41,12652.0
2026-07-22,2026-07-22 12:10:00,124.32,124.425,124.185,124.185,9200.0
2026-07-22,2026-07-22 12:15:00,124.19,124.295,124.14,124.15,9137.0
2026-07-22,2026-07-22 12:20:00,124.22,124.26,124.18,124.235,9204.0
2026-07-22,2026-07-22 12:25:00,124.235,124.235,123.97,123.98,10360.0
2026-07-22,2026-07-22 12:30:00,123.99,124.185,123.96,124.09,11447.0
2026-07-22,2026-07-22 12:35:00,124.035,124.0375,123.97,124.005,6728.0
2026-07-22,2026-07-22 12:40:00,124.005,124.05,123.92,123.93,19005.0
2026-07-22,2026-07-22 12:45:00,123.98,124.035,123.91,123.93,9269.0
2026-07-22,2026-07-22 12:50:00,123.96,124.055,123.88,123.96,8473.0
2026-07-22,2026-07-22 12:55:00,123.93,123.97,123.81,123.93,18729.0
2026-07-22,2026-07-22 13:00:00,123.93,124.0,123.91,123.99,8575.0
2026-07-22,2026-07-22 13:05:00,123.97,123.99,123.85,123.89,13894.0
2026-07-22,2026-07-22 13:10:00,123.88,124.06,123.88,123.91,13940.0
2026-07-22,2026-07-22 13:15:00,123.95,124.2299,123.94,123.97,17070.0
2026-07-22,2026-07-22 13:20:00,123.97,124.015,123.73,123.74,8941.0
2026-07-22,2026-07-22 13:25:00,123.7,123.7,123.35,123.41,15828.0
2026-07-22,2026-07-22 13:30:00,123.41,123.41,123.33,123.36,16927.0
2026-07-22,2026-07-22 13:35:00,123.41,123.41,123.15,123.15,26711.0
2026-07-22,2026-07-22 13:40:00,123.15,123.328,122.89,122.91,17222.0
2026-07-22,2026-07-22 13:45:00,122.93,122.97,122.54,122.79,26363.0
2026-07-22,2026-07-22 13:50:00,122.73,122.85,122.6,122.645,22686.0
2026-07-22,2026-07-22 13:55:00,122.59,122.8,122.24,122.6,43137.0
2026-07-22,2026-07-22 14:00:00,122.51,122.595,122.22,122.56,38201.0
2026-07-22,2026-07-22 14:05:00,122.57,122.63,122.45,122.55,12616.0
2026-07-22,2026-07-22 14:10:00,122.48,122.52,122.31,122.49,11267.0
2026-07-22,2026-07-22 14:15:00,122.53,122.53,122.182,122.21,12289.0
2026-07-22,2026-07-22 14:20:00,122.24,122.3,122.13,122.28,13185.0
2026-07-22,2026-07-22 14:25:00,122.3195,122.435,122.245,122.25,11804.0
2026-07-22,2026-07-22 14:30:00,122.2,122.475,122.2,122.475,10699.0
2026-07-22,2026-07-22 14:35:00,122.48,122.56,122.4,122.505,14968.0
2026-07-22,2026-07-22 14:40:00,122.55,122.56,122.335,122.5,12610.0
2026-07-22,2026-07-22 14:45:00,122.46,122.57,122.33,122.34,24357.0
2026-07-22,2026-07-22 14:50:00,122.3,122.3,121.71,121.98,40127.0
2026-07-22,2026-07-22 14:55:00,121.985,122.17,121.91,122.105,39606.0
2026-07-22,2026-07-22 15:00:00,122.01,122.47,121.92,122.425,36730.0
2026-07-22,2026-07-22 15:05:00,122.38,122.46,122.24,122.335,42327.0
2026-07-22,2026-07-22 15:10:00,122.335,122.4,122.16,122.3725,34733.0
2026-07-22,2026-07-22 15:15:00,122.375,122.42,122.11,122.12,37253.0
2026-07-22,2026-07-22 15:20:00,122.14,122.36,122.14,122.245,30015.0
2026-07-22,2026-07-22 15:25:00,122.21,122.76,122.19,122.605,40733.0
2026-07-22,2026-07-22 15:30:00,122.55,122.55,122.38,122.475,46072.0
2026-07-22,2026-07-22 15:35:00,122.48,122.78,122.46,122.7,44628.0
2026-07-22,2026-07-22 15:40:00,122.7,122.81,122.56,122.58,43190.0
2026-07-22,2026-07-22 15:45:00,122.58,122.59,122.06,122.09,73959.0
2026-07-22,2026-07-22 15:50:00,122.07,122.38,121.96,122.34,65795.0
2026-07-22,2026-07-22 15:55:00,122.39,122.4,122.0,122.06,139831.0
2026-07-22,2026-07-22 16:00:00,122.06,122.185,121.865,122.15,770636.0
2026-07-23,2026-07-23 09:35:00,120.01,120.665,119.55,119.96,43508.0
2026-07-23,2026-07-23 09:40:00,119.875,119.93,118.2,118.97,67017.0
2026-07-23,2026-07-23 09:45:00,119.035347,119.11,118.22,118.55,77775.0
2026-07-23,2026-07-23 09:50:00,118.46,118.9999,118.09,118.44,97199.0
2026-07-23,2026-07-23 09:55:00,118.34,118.62,117.64,118.58,32902.0
2026-07-23,2026-07-23 10:00:00,118.72,119.13,117.78,118.04,52687.0
2026-07-23,2026-07-23 10:05:00,117.97,118.3099,117.3,117.99,32281.0
2026-07-23,2026-07-23 10:10:00,117.95,118.725,117.8525,118.725,26401.0
2026-07-23,2026-07-23 10:15:00,118.68,119.04,118.54,118.89,16716.0
2026-07-23,2026-07-23 10:20:00,118.82,118.97,118.74,118.76,24191.0
2026-07-23,2026-07-23 10:25:00,118.69,118.775,117.97,118.1,81438.0
2026-07-23,2026-07-23 10:30:00,118.07,118.3,117.83,118.295,24086.0
2026-07-23,2026-07-23 10:35:00,118.43,118.65,118.34,118.61,14875.0
2026-07-23,2026-07-23 10:40:00,118.59,118.59,118.125,118.48,21040.0
2026-07-23,2026-07-23 10:45:00,118.48,118.83,118.48,118.795,12339.0
2026-07-23,2026-07-23 10:50:00,118.925,119.22,118.76,119.0,21933.0
2026-07-23,2026-07-23 10:55:00,118.92,119.185,118.91,119.185,15167.0
2026-07-23,2026-07-23 11:00:00,119.14,119.15,118.62,118.73,15930.0
2026-07-23,2026-07-23 11:05:00,118.67,118.81,118.48,118.705,13397.0
2026-07-23,2026-07-23 11:10:00,118.77,118.88,118.65,118.73,14118.0
2026-07-23,2026-07-23 11:15:00,118.675,118.765,118.455,118.65,22028.0
2026-07-23,2026-07-23 11:20:00,118.65,118.81,118.33,118.445,19066.0
2026-07-23,2026-07-23 11:25:00,118.42,118.605,118.32,118.6,17277.0
2026-07-23,2026-07-23 11:30:00,118.55,118.55,118.38,118.41,11798.0
2026-07-23,2026-07-23 11:35:00,118.4,118.4,117.94,118.32,14763.0
2026-07-23,2026-07-23 11:40:00,118.28,118.32,118.065,118.26,70370.0
2026-07-23,2026-07-23 11:45:00,118.26,118.39,118.13,118.18,18564.0
2026-07-23,2026-07-23 11:50:00,118.18,118.215,118.01,118.12,12375.0
2026-07-23,2026-07-23 11:55:00,118.08,118.32,118.08,118.2,26958.0
2026-07-23,2026-07-23 12:00:00,118.151681,118.2,117.95,117.95,32573.0
2026-07-23,2026-07-23 12:05:00,118.015,118.015,117.38,117.64,42530.0
2026-07-23,2026-07-23 12:10:00,117.6,117.94,117.58,117.78,11660.0
2026-07-23,2026-07-23 12:15:00,117.78,118.38,117.78,118.055,80752.0
2026-07-23,2026-07-23 12:20:00,118.06,118.17,117.99,118.095,14132.0
2026-07-23,2026-07-23 12:25:00,118.1,118.29,118.01,118.13,17235.0
2026-07-23,2026-07-23 12:30:00,118.125,118.195,117.75,117.77,17972.0
2026-07-23,2026-07-23 12:35:00,117.67,117.9,117.67,117.745,9959.0
2026-07-23,2026-07-23 12:40:00,117.76,117.76,117.5,117.71,27285.0
2026-07-23,2026-07-23 12:45:00,117.71,117.83,117.7004,117.75,17087.0
2026-07-23,2026-07-23 12:50:00,117.75,118.12,117.725,117.98,38433.0
2026-07-23,2026-07-23 12:55:00,117.94,118.345,117.94,118.3,16025.0
2026-07-23,2026-07-23 13:00:00,118.3,118.42,118.28,118.38,10340.0
2026-07-23,2026-07-23 13:05:00,118.38,118.49,118.25,118.25,11467.0
2026-07-23,2026-07-23 13:10:00,118.29,118.45,118.28,118.42,10714.0
2026-07-23,2026-07-23 13:15:00,118.38,118.41,118.135,118.135,9731.0
2026-07-23,2026-07-23 13:20:00,118.13,118.15,117.64,117.77,21495.0
2026-07-23,2026-07-23 13:25:00,117.725,117.73,117.62,117.62,16224.0
2026-07-23,2026-07-23 13:30:00,117.62,117.68,117.27,117.27,22136.0
2026-07-23,2026-07-23 13:35:00,117.3,117.49,116.95,117.37,55782.0
2026-07-23,2026-07-23 13:40:00,117.41,117.84,117.35,117.8075,39337.0
2026-07-23,2026-07-23 13:45:00,117.795,117.87,117.74,117.835,24467.0
2026-07-23,2026-07-23 13:50:00,117.835,118.02,117.835,117.89,29777.0
2026-07-23,2026-07-23 13:55:00,117.84,118.05,117.83,117.94,21232.0
2026-07-23,2026-07-23 14:00:00,117.95,118.06,117.67,117.765,36447.0
2026-07-23,2026-07-23 14:05:00,117.765,117.9,117.74,117.89,26370.0
2026-07-23,2026-07-23 14:10:00,117.9,117.97,117.79,117.855,21006.0
2026-07-23,2026-07-23 14:15:00,117.84,118.04,117.67,117.7,31289.0
2026-07-23,2026-07-23 14:20:00,117.7,118.13,117.7,118.11,32436.0
2026-07-23,2026-07-23 14:25:00,118.06,118.12,117.83,117.96,23348.0
2026-07-23,2026-07-23 14:30:00,117.97,117.975,117.82,117.905,23616.0
2026-07-23,2026-07-23 14:35:00,117.93,117.95,117.65,117.78,46281.0
2026-07-23,2026-07-23 14:40:00,117.785,117.83,117.67,117.69,21387.0
2026-07-23,2026-07-23 14:45:00,117.725,117.97,117.65,117.97,31065.0
2026-07-23,2026-07-23 14:50:00,118.0,118.05,117.94,117.97,34583.0
2026-07-23,2026-07-23 14:55:00,117.97,118.02,117.72,117.85,37845.0
2026-07-23,2026-07-23 15:00:00,117.855,117.99,117.74,117.96,42868.0
2026-07-23,2026-07-23 15:05:00,117.92,118.09,117.88,118.04,35991.0
2026-07-23,2026-07-23 15:10:00,118.04,118.12,117.96,117.96,33221.0
2026-07-23,2026-07-23 15:15:00,117.975,118.02,117.88,118.01,44819.0
2026-07-23,2026-07-23 15:20:00,118.035,118.42,117.93,118.39,56811.0
2026-07-23,2026-07-23 15:25:00,118.425,118.49,118.21,118.225,43992.0
2026-07-23,2026-07-23 15:30:00,118.23,118.305,118.09,118.25,45147.0
2026-07-23,2026-07-23 15:35:00,118.235,118.39,118.2,118.31,57443.0
2026-07-23,2026-07-23 15:40:00,118.305,118.305,118.11,118.21,73290.0
2026-07-23,2026-07-23 15:45:00,118.22,118.28,117.96,118.15,75039.0
2026-07-23,2026-07-23 15:50:00,118.11,118.155,117.26,117.29,89417.0
2026-07-23,2026-07-23 15:55:00,117.27,117.29,116.81,117.07,180901.0
2026-07-23,2026-07-23 16:00:00,117.08,117.79,117.07,117.65,876083.0
2026-07-24,2026-07-24 09:35:00,118.27,118.4776,117.8,117.93,28915.0
2026-07-24,2026-07-24 09:40:00,117.78,119.185,117.78,118.95,13727.0
2026-07-24,2026-07-24 09:45:00,119.32,119.5,119.06,119.32,31638.0
2026-07-24,2026-07-24 09:50:00,119.3,120.1,119.23,119.7,15177.0
2026-07-24,2026-07-24 09:55:00,119.65,119.8699,119.5,119.8699,22920.0
2026-07-24,2026-07-24 10:00:00,119.8,119.81,119.39,119.39,9328.0
2026-07-24,2026-07-24 10:05:00,119.41,119.95,119.26,119.905,24251.0
2026-07-24,2026-07-24 10:10:00,119.905,120.25,119.8,120.14,15861.0
2026-07-24,2026-07-24 10:15:00,120.21,120.21,119.87,120.06,13510.0
2026-07-24,2026-07-24 10:20:00,119.97,120.09,119.285,119.285,22574.0
2026-07-24,2026-07-24 10:25:00,119.44,119.81,119.37,119.81,7168.0
2026-07-24,2026-07-24 10:30:00,119.76,119.76,119.57,119.71,6905.0
2026-07-24,2026-07-24 10:35:00,119.61,119.84,119.61,119.82,6901.0
2026-07-24,2026-07-24 10:40:00,119.82,119.9,119.69,119.785,8456.0
2026-07-24,2026-07-24 10:45:00,119.85,119.85,119.57,119.575,9887.0
2026-07-24,2026-07-24 10:50:00,119.66,119.7,119.575,119.65,5691.0
2026-07-24,2026-07-24 10:55:00,119.565,119.86,119.565,119.86,8990.0
2026-07-24,2026-07-24 11:00:00,119.7701,119.95,119.66,119.66,9437.0
2026-07-24,2026-07-24 11:05:00,119.66,119.77,119.575,119.725,5589.0
2026-07-24,2026-07-24 11:10:00,119.7501,119.8175,119.62,119.63,6166.0
2026-07-24,2026-07-24 11:15:00,119.605,119.92,119.605,119.775,7244.0
2026-07-24,2026-07-24 11:20:00,119.87,120.35,119.8,120.3,12467.0
2026-07-24,2026-07-24 11:25:00,120.305,120.58,120.23,120.58,7748.0
2026-07-24,2026-07-24 11:30:00,120.56,121.0,120.54,120.85,15172.0
2026-07-24,2026-07-24 11:35:00,120.83,120.83,120.51,120.72,8118.0
2026-07-24,2026-07-24 11:40:00,120.62,120.96,120.61,120.79,8741.0
2026-07-24,2026-07-24 11:45:00,120.78,120.81,120.72,120.75,6729.0
2026-07-24,2026-07-24 11:50:00,120.79,120.79,120.46,120.54,8369.0
2026-07-24,2026-07-24 11:55:00,120.56,120.66,120.495,120.59,7472.0
2026-07-24,2026-07-24 12:00:00,120.62,120.64,120.55,120.57,6591.0
2026-07-24,2026-07-24 12:05:00,120.57,120.59,120.36,120.415,10100.0
2026-07-24,2026-07-24 12:10:00,120.425,120.47,120.37,120.4,5477.0
2026-07-24,2026-07-24 12:15:00,120.38,120.42,120.185,120.225,7674.0
2026-07-24,2026-07-24 12:20:00,120.22,120.31,120.15,120.23,8398.0
2026-07-24,2026-07-24 12:25:00,120.28,120.37,120.26,120.35,6935.0
2026-07-24,2026-07-24 12:30:00,120.31,120.61,120.28,120.57,9318.0
2026-07-24,2026-07-24 12:35:00,120.61,120.66,120.51,120.52,11469.0
2026-07-24,2026-07-24 12:40:00,120.56,120.56,120.39,120.39,8274.0
2026-07-24,2026-07-24 12:45:00,120.34,120.43,120.28,120.37,8747.0
2026-07-24,2026-07-24 12:50:00,120.39,120.475,120.27,120.27,10445.0
2026-07-24,2026-07-24 12:55:00,120.33,120.49,120.2404,120.49,6891.0
2026-07-24,2026-07-24 13:00:00,120.44,120.49,120.34,120.43,7767.0
2026-07-24,2026-07-24 13:05:00,120.44,120.52,120.41,120.49,8117.0
2026-07-24,2026-07-24 13:10:00,120.44,120.44,120.18,120.205,5836.0
2026-07-24,2026-07-24 13:15:00,120.22,120.27,120.2,120.27,5738.0
2026-07-24,2026-07-24 13:20:00,120.235,120.465,120.235,120.465,4454.0
2026-07-24,2026-07-24 13:25:00,120.4,120.4,120.2401,120.295,5415.0
2026-07-24,2026-07-24 13:30:00,120.24,120.28,120.14,120.18,6607.0
2026-07-24,2026-07-24 13:35:00,120.18,120.24,119.93,119.97,44510.0
2026-07-24,2026-07-24 13:40:00,120.045,120.115,119.99,120.11,9846.0
2026-07-24,2026-07-24 13:45:00,120.11,120.2,120.04,120.05,4353.0
2026-07-24,2026-07-24 13:50:00,120.04,120.24,119.98,120.005,15465.0
2026-07-24,2026-07-24 13:55:00,120.045,120.12,119.95,120.04,4516.0
2026-07-24,2026-07-24 14:00:00,120.11,120.22,120.04,120.04,7225.0
2026-07-24,2026-07-24 14:05:00,120.02,120.07,119.92,119.92,6213.0
2026-07-24,2026-07-24 14:10:00,119.94,120.01,119.935,119.935,7676.0
2026-07-24,2026-07-24 14:15:00,119.91,119.91,119.835,119.86,7141.0
2026-07-24,2026-07-24 14:20:00,119.85,119.885,119.83,119.88,4770.0
2026-07-24,2026-07-24 14:25:00,119.88,119.88,119.71,119.785,50717.0
2026-07-24,2026-07-24 14:30:00,119.86,120.08,119.84,120.01,15490.0
2026-07-24,2026-07-24 14:35:00,120.07,120.12,120.005,120.02,8002.0
2026-07-24,2026-07-24 14:40:00,120.0,120.235,119.99,120.23,11550.0
2026-07-24,2026-07-24 14:45:00,120.225,120.37,120.225,120.365,7311.0
2026-07-24,2026-07-24 14:50:00,120.37,120.4,120.25,120.29,9829.0
2026-07-24,2026-07-24 14:55:00,120.32,120.33,120.2,120.2,12086.0
2026-07-24,2026-07-24 15:00:00,120.255,120.43,120.2,120.42,11583.0
2026-07-24,2026-07-24 15:05:00,120.41,120.5,120.33,120.37,22632.0
2026-07-24,2026-07-24 15:10:00,120.34,120.41,120.15,120.15,16177.0
2026-07-24,2026-07-24 15:15:00,120.18,120.51,120.18,120.51,12184.0
2026-07-24,2026-07-24 15:20:00,120.51,120.57,120.46,120.535,13448.0
2026-07-24,2026-07-24 15:25:00,120.58,120.67,120.46,120.56,16145.0
2026-07-24,2026-07-24 15:30:00,120.54,120.68,120.5,120.635,23897.0
2026-07-24,2026-07-24 15:35:00,120.635,120.93,120.635,120.93,19059.0
2026-07-24,2026-07-24 15:40:00,120.89,121.035,120.86,120.965,28309.0
2026-07-24,2026-07-24 15:45:00,120.97,121.15,120.97,121.055,34839.0
2026-07-24,2026-07-24 15:50:00,121.055,121.15,120.93,120.95,37372.0
2026-07-24,2026-07-24 15:55:00,120.93,120.99,120.305,120.43,162243.0
2026-07-24,2026-07-24 16:00:00,120.44,120.48,120.05,120.45,848885.0
2026-07-27,2026-07-27 09:35:00,121.89,124.5,121.89,124.1,50903.0
2026-07-27,2026-07-27 09:40:00,123.98,124.93,123.98,124.445,44082.0
2026-07-27,2026-07-27 09:45:00,124.34,124.94,124.18,124.695,29758.0
2026-07-27,2026-07-27 09:50:00,124.7,125.94,124.67,125.64,50003.0
2026-07-27,2026-07-27 09:55:00,125.4875,125.84,125.26,125.84,26016.0
2026-07-27,2026-07-27 10:00:00,125.66,125.83,125.34,125.46,28218.0
2026-07-27,2026-07-27 10:05:00,125.38,125.78,125.215,125.215,77198.0
2026-07-27,2026-07-27 10:10:00,125.195,125.36,124.9,125.15,25501.0
2026-07-27,2026-07-27 10:15:00,125.23,125.45,124.82,124.83,32390.0
2026-07-27,2026-07-27 10:20:00,124.8,125.03,124.57,124.76,17527.0
2026-07-27,2026-07-27 10:25:00,124.74,124.81,124.54,124.7,12440.0
2026-07-27,2026-07-27 10:30:00,124.64,124.72,124.43,124.43,14372.0
2026-07-27,2026-07-27 10:35:00,124.43,124.71,124.3,124.68,52312.0
2026-07-27,2026-07-27 10:40:00,124.625,124.675,124.35,124.61,25212.0
2026-07-27,2026-07-27 10:45:00,124.56,124.785,124.46,124.785,12941.0
2026-07-27,2026-07-27 10:50:00,124.69,124.73,124.16,124.3475,16219.0
2026-07-27,2026-07-27 10:55:00,124.31,124.31,123.92,123.95,24677.0
2026-07-27,2026-07-27 11:00:00,123.95,124.3,123.95,124.17,25341.0
2026-07-27,2026-07-27 11:05:00,124.175,124.44,124.175,124.33,24060.0
2026-07-27,2026-07-27 11:10:00,124.24,124.475,124.06,124.3,27063.0
2026-07-27,2026-07-27 11:15:00,124.23,124.86,124.23,124.86,15731.0
2026-07-27,2026-07-27 11:20:00,124.83,125.125,124.78,124.88,32668.0
2026-07-27,2026-07-27 11:25:00,124.87,125.0,124.72,124.9,15011.0
2026-07-27,2026-07-27 11:30:00,124.86,124.88,124.68,124.76,25776.0
2026-07-27,2026-07-27 11:35:00,124.84,124.97,124.73,124.74,8096.0
2026-07-27,2026-07-27 11:40:00,124.73,124.86,124.59,124.83,11594.0
2026-07-27,2026-07-27 11:45:00,124.84,124.925,124.6275,124.64,12018.0
2026-07-27,2026-07-27 11:50:00,124.645,124.71,124.55,124.66,8435.0
2026-07-27,2026-07-27 11:55:00,124.63,124.67,124.5,124.57,21290.0
2026-07-27,2026-07-27 12:00:00,124.59,124.63,124.48,124.53,9301.0
2026-07-27,2026-07-27 12:05:00,124.49,124.63,124.34,124.34,14115.0
2026-07-27,2026-07-27 12:10:00,124.33,124.48,124.29,124.45,13251.0
2026-07-27,2026-07-27 12:15:00,124.425,124.47,124.22,124.405,9879.0
2026-07-27,2026-07-27 12:20:00,124.4,124.48,124.3,124.435,10101.0
2026-07-27,2026-07-27 12:25:00,124.43,124.585,124.355,124.395,12871.0
2026-07-27,2026-07-27 12:30:00,124.405,124.79,124.405,124.55,15444.0
2026-07-27,2026-07-27 12:35:00,124.56,124.72,124.29,124.68,15391.0
2026-07-27,2026-07-27 12:40:00,124.76,124.92,124.64,124.74,35329.0
2026-07-27,2026-07-27 12:45:00,124.755,124.87,124.72,124.77,12872.0
2026-07-27,2026-07-27 12:50:00,124.72,124.94,124.71,124.71,13197.0
2026-07-27,2026-07-27 12:55:00,124.725,124.78,124.62,124.625,9444.0
2026-07-27,2026-07-27 13:00:00,124.61,124.89,124.58,124.785,20802.0
2026-07-27,2026-07-27 13:05:00,124.7875,124.88,124.71,124.88,9198.0
2026-07-27,2026-07-27 13:10:00,124.88,124.94,124.84,124.88,14093.0
2026-07-27,2026-07-27 13:15:00,124.885,124.89,124.47,124.47,26985.0
2026-07-27,2026-07-27 13:20:00,124.49,124.49,124.045,124.15,20158.0
2026-07-27,2026-07-27 13:25:00,124.11,124.32,124.1,124.32,13538.0
2026-07-27,2026-07-27 13:30:00,124.32,124.385,124.24,124.27,13406.0
2026-07-27,2026-07-27 13:35:00,124.27,124.42,124.09,124.315,26269.0
2026-07-27,2026-07-27 13:40:00,124.31,124.455,124.27,124.395,18662.0
2026-07-27,2026-07-27 13:45:00,124.4,124.41,124.27,124.4,15587.0
2026-07-27,2026-07-27 13:50:00,124.4,124.42,124.23,124.315,15799.0
2026-07-27,2026-07-27 13:55:00,124.32,124.53,124.245,124.42,14314.0
2026-07-27,2026-07-27 14:00:00,124.45,124.69,124.25,124.61,28505.0
2026-07-27,2026-07-27 14:05:00,124.58,124.67,124.05,124.09,24947.0
2026-07-27,2026-07-27 14:10:00,124.13,124.56,124.11,124.42,22555.0
2026-07-27,2026-07-27 14:15:00,124.4315,124.57,124.35,124.45,26634.0
2026-07-27,2026-07-27 14:20:00,124.49,124.52,124.36,124.46,27301.0
2026-07-27,2026-07-27 14:25:00,124.475,124.51,124.05,124.095,55400.0
2026-07-27,2026-07-27 14:30:00,124.09,124.31,124.01,124.31,40298.0
2026-07-27,2026-07-27 14:35:00,124.305,124.39,124.245,124.33,23081.0
2026-07-27,2026-07-27 14:40:00,124.33,124.45,124.31,124.385,23583.0
2026-07-27,2026-07-27 14:45:00,124.385,124.61,124.36,124.495,29002.0
2026-07-27,2026-07-27 14:50:00,124.46,124.56,124.44,124.44,21520.0
2026-07-27,2026-07-27 14:55:00,124.44,124.52,124.41,124.47,30472.0
2026-07-27,2026-07-27 15:00:00,124.46,124.55,124.3,124.3,19417.0
2026-07-27,2026-07-27 15:05:00,124.35,124.419,124.055,124.055,33848.0
2026-07-27,2026-07-27 15:10:00,124.05,124.23,124.05,124.16,25595.0
2026-07-27,2026-07-27 15:15:00,124.16,124.17,123.97,124.13,26351.0
2026-07-27,2026-07-27 15:20:00,124.095,124.28,124.095,124.24,26311.0
2026-07-27,2026-07-27 15:25:00,124.24,124.37,124.21,124.335,31023.0
2026-07-27,2026-07-27 15:30:00,124.335,124.46,124.3,124.46,35321.0
2026-07-27,2026-07-27 15:35:00,124.465,124.92,124.44,124.62,68332.0
2026-07-27,2026-07-27 15:40:00,124.62,124.9,124.6,124.889,37152.0
2026-07-27,2026-07-27 15:45:00,124.89,125.1,124.74,125.01,92654.0
2026-07-27,2026-07-27 15:50:00,124.96,125.11,124.91,125.02,55488.0
2026-07-27,2026-07-27 15:55:00,125.08,125.485,125.04,125.38,100192.0
2026-07-27,2026-07-27 16:00:00,125.375,125.62,125.045,125.54,532261.0
2026-07-28,2026-07-28 09:35:00,127.19,128.26,126.71,128.075,26422.0
2026-07-28,2026-07-28 09:40:00,128.17,128.27,127.03,127.07,24756.0
2026-07-28,2026-07-28 09:45:00,127.12,127.28,126.54,126.6801,21020.0
2026-07-28,2026-07-28 09:50:00,126.86,127.715,126.86,127.715,15026.0
2026-07-28,2026-07-28 09:55:00,127.64,127.96,127.35,127.365,13006.0
2026-07-28,2026-07-28 10:00:00,127.44,127.55,127.27,127.345,9444.0
2026-07-28,2026-07-28 10:05:00,127.385,127.865,127.36,127.81,10401.0
2026-07-28,2026-07-28 10:10:00,127.785,127.8,127.245,127.425,56232.0
2026-07-28,2026-07-28 10:15:00,127.42,127.46,126.9,127.24,23484.0
2026-07-28,2026-07-28 10:20:00,127.385,128.19,127.385,128.14,11693.0
2026-07-28,2026-07-28 10:25:00,128.14,128.6,128.0,128.438145,40423.0
2026-07-28,2026-07-28 10:30:00,128.455,128.96,128.38,128.8,16449.0
2026-07-28,2026-07-28 10:35:00,128.725,128.745,128.54,128.64,14236.0
2026-07-28,2026-07-28 10:40:00,128.61,128.75,128.6,128.64,9623.0
2026-07-28,2026-07-28 10:45:00,128.66,128.8299,128.54,128.8,11603.0
2026-07-28,2026-07-28 10:50:00,128.85,128.85,128.33,128.385,10804.0
2026-07-28,2026-07-28 10:55:00,128.38,128.43,128.23,128.4,6867.0
2026-07-28,2026-07-28 11:00:00,128.38,128.4,127.67,127.77,9596.0
2026-07-28,2026-07-28 11:05:00,127.76,127.865,127.525,127.76,17439.0
2026-07-28,2026-07-28 11:10:00,127.62,127.665,127.52,127.52,5853.0
2026-07-28,2026-07-28 11:15:00,127.555,127.84,127.555,127.77,20016.0
2026-07-28,2026-07-28 11:20:00,127.76,127.85,127.61,127.61,9645.0
2026-07-28,2026-07-28 11:25:00,127.61,127.7699,127.55,127.63,8411.0
2026-07-28,2026-07-28 11:30:00,127.6425,127.915,127.51,127.8606,15782.0
2026-07-28,2026-07-28 11:35:00,128.0,128.14,127.96,128.095,7508.0
2026-07-28,2026-07-28 11:40:00,128.095,128.26,128.09,128.19,9710.0
2026-07-28,2026-07-28 11:45:00,128.185,128.26,127.7,127.78,29889.0
2026-07-28,2026-07-28 11:50:00,127.78,127.78,127.4,127.4,8733.0
2026-07-28,2026-07-28 11:55:00,127.465,127.575,127.39,127.39,7366.0
2026-07-28,2026-07-28 12:00:00,127.39,127.51,127.35,127.455,10578.0
2026-07-28,2026-07-28 12:05:00,127.4,127.51,127.4,127.47,7620.0
2026-07-28,2026-07-28 12:10:00,127.37,127.72,127.32,127.7,6642.0
2026-07-28,2026-07-28 12:15:00,127.64,127.72,127.62,127.72,8203.0
2026-07-28,2026-07-28 12:20:00,127.675,127.68,127.58,127.62,6089.0
2026-07-28,2026-07-28 12:25:00,127.62,127.62,127.495,127.595,8359.0
2026-07-28,2026-07-28 12:30:00,127.66,127.72,127.55,127.56,7393.0
2026-07-28,2026-07-28 12:35:00,127.56,127.7,127.49,127.49,8269.0
2026-07-28,2026-07-28 12:40:00,127.49,127.52,127.07,127.3,54598.0
2026-07-28,2026-07-28 12:45:00,127.285,127.5406,127.2,127.2,21177.0
2026-07-28,2026-07-28 12:50:00,127.2,127.2899,127.17,127.2899,6994.0
2026-07-28,2026-07-28 12:55:00,127.21,127.38,127.11,127.155,33673.0
2026-07-28,2026-07-28 13:00:00,127.195,127.205,127.11,127.15,10488.0
2026-07-28,2026-07-28 13:05:00,127.19,127.19,127.09,127.16,7886.0
2026-07-28,2026-07-28 13:10:00,127.16,127.26,127.16,127.21,7751.0
2026-07-28,2026-07-28 13:15:00,127.205,127.205,126.945,126.95,18015.0
2026-07-28,2026-07-28 13:20:00,126.99,127.13,126.99,127.08,19259.0
2026-07-28,2026-07-28 13:25:00,127.08,127.16,126.89,126.95,11848.0
2026-07-28,2026-07-28 13:30:00,126.99,127.06,126.87,127.015,8868.0
2026-07-28,2026-07-28 13:35:00,127.02,127.06,126.92,127.01,8762.0
2026-07-28,2026-07-28 13:40:00,127.02,127.26,126.93,127.24,11948.0
2026-07-28,2026-07-28 13:45:00,127.2,127.59,127.2,127.4,21654.0
2026-07-28,2026-07-28 13:50:00,127.48,127.635,127.425,127.57,10687.0
2026-07-28,2026-07-28 13:55:00,127.6188,127.6188,127.23,127.23,19158.0
2026-07-28,2026-07-28 14:00:00,127.25,127.25,126.94,126.94,9537.0
2026-07-28,2026-07-28 14:05:00,126.94,127.23,126.83,127.02,21867.0
2026-07-28,2026-07-28 14:10:00,126.97,126.985,126.88,126.955,7141.0
2026-07-28,2026-07-28 14:15:00,126.955,127.215,126.955,127.1471,12181.0
2026-07-28,2026-07-28 14:20:00,127.1,127.27,127.04,127.18,12366.0
2026-07-28,2026-07-28 14:25:00,127.11,127.11,126.78,126.94,9822.0
2026-07-28,2026-07-28 14:30:00,126.98,127.19,126.98,127.155,16220.0
2026-07-28,2026-07-28 14:35:00,127.155,127.24,127.1,127.11,14818.0
2026-07-28,2026-07-28 14:40:00,127.105,127.21,127.105,127.195,7968.0
2026-07-28,2026-07-28 14:45:00,127.195,127.24,127.14,127.185,9253.0
2026-07-28,2026-07-28 14:50:00,127.2,127.24,127.16,127.22,13414.0
2026-07-28,2026-07-28 14:55:00,127.18,127.51,127.16,127.36,19349.0
2026-07-28,2026-07-28 15:00:00,127.38,127.44,127.29,127.32,8082.0
2026-07-28,2026-07-28 15:05:00,127.31,127.36,126.94,126.975,35316.0
2026-07-28,2026-07-28 15:10:00,126.975,126.975,126.415,126.5199,13746.0
2026-07-28,2026-07-28 15:15:00,126.475,126.6,126.37,126.53,16803.0
2026-07-28,2026-07-28 15:20:00,126.55,126.78,126.55,126.66,14302.0
2026-07-28,2026-07-28 15:25:00,126.71,126.71,126.5,126.54,14242.0
2026-07-28,2026-07-28 15:30:00,126.54,126.59,126.47,126.52,15884.0
2026-07-28,2026-07-28 15:35:00,126.52,127.19,126.52,127.1775,26323.0
2026-07-28,2026-07-28 15:40:00,127.2,127.25,127.005,127.045,29654.0
2026-07-28,2026-07-28 15:45:00,127.09,127.42,127.09,127.26,29626.0
2026-07-28,2026-07-28 15:50:00,127.205,127.275,127.02,127.2,25009.0
2026-07-28,2026-07-28 15:55:00,127.25,127.38,127.02,127.28,83868.0
2026-07-28,2026-07-28 16:00:00,127.21,127.215,126.71,126.76,798447.0
2026-07-29,2026-07-29 09:35:00,126.37,127.045,125.88,126.485,15938.0
2026-07-29,2026-07-29 09:40:00,126.97,127.25,126.795,127.25,3520.0
2026-07-29,2026-07-29 09:45:00,127.095,127.295,126.78,127.295,3588.0
2026-07-29,2026-07-29 09:50:00,127.83,128.02,127.62,127.77,19666.0
2026-07-29,2026-07-29 09:55:00,127.73,128.24,127.73,128.17,4460.0
2026-07-29,2026-07-29 10:00:00,128.33,128.83,128.32,128.625,5802.0
2026-07-29,2026-07-29 10:05:00,128.42,128.49,128.04,128.49,10184.0
2026-07-29,2026-07-29 10:10:00,128.41,128.41,128.07,128.08,3123.0
2026-07-29,2026-07-29 10:15:00,128.18,128.43,127.975,128.145,13404.0
2026-07-29,2026-07-29 10:20:00,127.99,128.198164,127.65,128.198164,16709.0
2026-07-29,2026-07-29 10:25:00,128.2,128.205,127.81,127.97,8041.0
2026-07-29,2026-07-29 10:30:00,127.96,128.065,127.49,127.49,7759.0
2026-07-29,2026-07-29 10:35:00,127.37,127.49,127.29,127.4,7577.0
2026-07-29,2026-07-29 10:40:00,127.47,127.98,127.4,127.98,8246.0
2026-07-29,2026-07-29 10:45:00,128.055,128.065,128.03,128.065,6684.0
2026-07-29,2026-07-29 10:50:00,128.07,128.12,127.94,128.075,13235.0
2026-07-29,2026-07-29 10:55:00,128.075,128.43,128.075,128.27,11062.0
2026-07-29,2026-07-29 11:00:00,128.345,128.345,127.98,127.98,6343.0
2026-07-29,2026-07-29 11:05:00,128.08,128.09,127.92,128.0499,7122.0
2026-07-29,2026-07-29 11:10:00,127.89,127.98,127.81,127.915,5853.0
2026-07-29,2026-07-29 11:15:00,128.0,128.165,127.98,128.025,6069.0
2026-07-29,2026-07-29 11:20:00,128.03,128.15,127.95,128.045,3651.0
2026-07-29,2026-07-29 11:25:00,128.045,128.13,127.96,128.075,8428.0
2026-07-29,2026-07-29 11:30:00,128.02,128.05,127.93,128.05,8765.0
2026-07-29,2026-07-29 11:35:00,128.08,128.215,128.05,128.15,7858.0
2026-07-29,2026-07-29 11:40:00,128.23,128.2899,128.02,128.15,9670.0
2026-07-29,2026-07-29 11:45:00,128.17,128.305,128.09,128.27,4430.0
2026-07-29,2026-07-29 11:50:00,128.265,128.47,128.16,128.47,5328.0
2026-07-29,2026-07-29 11:55:00,128.42,128.53,128.235,128.31,12367.0
2026-07-29,2026-07-29 12:00:00,128.38,128.38,128.095,128.21,8069.0
2026-07-29,2026-07-29 12:05:00,128.17,128.34,128.13,128.34,15587.0
2026-07-29,2026-07-29 12:10:00,128.34,128.65,128.28,128.605,18125.0
2026-07-29,2026-07-29 12:15:00,128.605,128.65,128.425,128.475,9063.0
2026-07-29,2026-07-29 12:20:00,128.5,128.5,127.61,127.72,42525.0
2026-07-29,2026-07-29 12:25:00,127.72,128.49,127.72,128.49,90224.0
2026-07-29,2026-07-29 12:30:00,128.5,128.64,128.275,128.64,12763.0
2026-07-29,2026-07-29 12:35:00,128.63,128.8,128.6,128.765,8578.0
2026-07-29,2026-07-29 12:40:00,128.74,128.92,128.66,128.7,31032.0
2026-07-29,2026-07-29 12:45:00,128.715,128.77,128.53,128.58,6966.0
2026-07-29,2026-07-29 12:50:00,128.6,128.66,128.57,128.62,6370.0
2026-07-29,2026-07-29 12:55:00,128.56,128.8,128.56,128.68,8158.0
2026-07-29,2026-07-29 13:00:00,128.675,128.9,128.59,128.73,7682.0
2026-07-29,2026-07-29 13:05:00,128.745,128.93,128.745,128.93,11244.0
2026-07-29,2026-07-29 13:10:00,128.93,129.09,128.785,128.785,22883.0
2026-07-29,2026-07-29 13:15:00,128.9293,128.93,128.6801,128.93,3101.0
2026-07-29,2026-07-29 13:20:00,128.93,129.045,128.81,129.045,10342.0
2026-07-29,2026-07-29 13:25:00,129.15,129.375,129.135,129.345,9624.0
2026-07-29,2026-07-29 13:30:00,129.345,129.36,129.235,129.235,2742.0
2026-07-29,2026-07-29 13:35:00,129.235,129.235,129.075,129.075,6451.0
2026-07-29,2026-07-29 13:40:00,129.145,129.145,129.01,129.07,6045.0
2026-07-29,2026-07-29 13:45:00,129.07,129.17,129.01,129.17,13210.0
2026-07-29,2026-07-29 13:50:00,129.17,129.45,129.17,129.39,9831.0
2026-07-29,2026-07-29 13:55:00,129.4,129.645,129.4,129.41,12294.0
2026-07-29,2026-07-29 14:00:00,129.385,129.46,129.18,129.43,9444.0
2026-07-29,2026-07-29 14:05:00,129.75,130.74,129.75,130.02,76542.0
2026-07-29,2026-07-29 14:10:00,130.08,130.09,129.6,129.66,11191.0
2026-07-29,2026-07-29 14:15:00,129.535,129.68,129.4,129.4,20750.0
2026-07-29,2026-07-29 14:20:00,129.45,129.66,129.35,129.37,7414.0
2026-07-29,2026-07-29 14:25:00,129.26,129.63,129.25,129.46,5833.0
2026-07-29,2026-07-29 14:30:00,129.51,129.645,129.45,129.61,9074.0
2026-07-29,2026-07-29 14:35:00,129.6,129.62,129.38,129.595,9155.0
2026-07-29,2026-07-29 14:40:00,129.595,129.8,129.5,129.665,12432.0
2026-07-29,2026-07-29 14:45:00,129.665,129.91,129.59,129.91,7415.0
2026-07-29,2026-07-29 14:50:00,129.9,130.205,129.84,130.125,16097.0
2026-07-29,2026-07-29 14:55:00,130.04,130.19,129.96,130.19,8752.0
2026-07-29,2026-07-29 15:00:00,130.081,130.14,129.99,130.05,11146.0
2026-07-29,2026-07-29 15:05:00,129.96,130.08,129.7,129.7,13516.0
2026-07-29,2026-07-29 15:10:00,129.59,129.7,129.39,129.58,9782.0
2026-07-29,2026-07-29 15:15:00,129.575,129.66,129.47,129.59,16504.0
2026-07-29,2026-07-29 15:20:00,129.54,129.62,129.281,129.291,15216.0
2026-07-29,2026-07-29 15:25:00,129.33,129.33,128.71,128.71,21156.0
2026-07-29,2026-07-29 15:30:00,128.75,128.94,128.67,128.67,19253.0
2026-07-29,2026-07-29 15:35:00,128.605,128.72,128.42,128.63,24378.0
2026-07-29,2026-07-29 15:40:00,128.6,128.73,128.392,128.5,13851.0
2026-07-29,2026-07-29 15:45:00,128.6,128.75,128.565,128.745,15428.0
2026-07-29,2026-07-29 15:50:00,128.745,129.18,128.745,129.095,24942.0
2026-07-29,2026-07-29 15:55:00,129.0,129.305,128.955,129.07,75744.0
2026-07-29,2026-07-29 16:00:00,129.03,129.13,128.83,128.95,409766.0
2026-07-30,2026-07-30 09:35:00,127.76,128.075,126.9659,128.075,13473.0
2026-07-30,2026-07-30 09:40:00,127.68,128.22,127.62,127.78,8881.0
2026-07-30,2026-07-30 09:45:00,127.82,127.95,127.54,127.95,9606.0
2026-07-30,2026-07-30 09:50:00,127.98,128.06,127.58,127.885,11526.0
2026-07-30,2026-07-30 09:55:00,127.83,128.085,127.77,127.77,6758.0
2026-07-30,2026-07-30 10:00:00,127.86,128.05,127.82,127.95,6132.0
2026-07-30,2026-07-30 10:05:00,127.8,128.03,127.53,128.03,11244.0
2026-07-30,2026-07-30 10:10:00,128.15,128.28,127.91,127.915,9589.0
2026-07-30,2026-07-30 10:15:00,127.94,127.94,127.51,127.66,7928.0
2026-07-30,2026-07-30 10:20:00,127.555,128.1,127.53,127.845,16920.0
2026-07-30,2026-07-30 10:25:00,127.845,128.08,127.65,127.65,8051.0
2026-07-30,2026-07-30 10:30:00,127.54,127.6564,127.405,127.57,10376.0
2026-07-30,2026-07-30 10:35:00,127.57,127.58,127.19,127.19,10095.0
2026-07-30,2026-07-30 10:40:00,127.205,127.62,127.195,127.52,13301.0
2026-07-30,2026-07-30 10:45:00,127.41,127.69,127.34,127.69,3604.0
2026-07-30,2026-07-30 10:50:00,127.61,127.65,127.35,127.35,8927.0
2026-07-30,2026-07-30 10:55:00,127.27,127.435,127.26,127.415,6149.0
2026-07-30,2026-07-30 11:00:00,127.5,127.59,127.14,127.2,9547.0
2026-07-30,2026-07-30 11:05:00,127.21,127.335,127.12,127.195,7874.0
2026-07-30,2026-07-30 11:10:00,127.2999,127.2999,126.9105,127.22,7759.0
2026-07-30,2026-07-30 11:15:00,127.4,127.61,127.235,127.235,12414.0
2026-07-30,2026-07-30 11:20:00,127.22,127.595,127.19,127.595,6005.0
2026-07-30,2026-07-30 11:25:00,127.615,127.64,127.2901,127.49,10278.0
2026-07-30,2026-07-30 11:30:00,127.49,127.6,127.4219,127.5,5066.0
2026-07-30,2026-07-30 11:35:00,127.44,127.65,127.3734,127.65,6483.0
2026-07-30,2026-07-30 11:40:00,127.65,127.75,127.6,127.655,8765.0
2026-07-30,2026-07-30 11:45:00,127.665,127.79,127.665,127.79,4549.0
2026-07-30,2026-07-30 11:50:00,127.701943,127.95,127.701943,127.95,6042.0
2026-07-30,2026-07-30 11:55:00,127.95,128.15,127.95,128.11,6813.0
2026-07-30,2026-07-30 12:00:00,128.2,128.51,128.12,128.46,7302.0
2026-07-30,2026-07-30 12:05:00,128.39,128.42,128.27,128.35,7032.0
2026-07-30,2026-07-30 12:10:00,128.48,128.48,128.125,128.24,5583.0
2026-07-30,2026-07-30 12:15:00,128.2,128.38,128.19,128.371,6672.0
2026-07-30,2026-07-30 12:20:00,128.405,128.57,128.37,128.55,7971.0
2026-07-30,2026-07-30 12:25:00,128.62,128.62,128.3,128.335,6512.0
2026-07-30,2026-07-30 12:30:00,128.28,128.44,128.27,128.41,6052.0
2026-07-30,2026-07-30 12:35:00,128.38,128.51,128.37,128.51,3491.0
2026-07-30,2026-07-30 12:40:00,128.51,128.52,128.34,128.52,12981.0
2026-07-30,2026-07-30 12:45:00,128.64,128.68,128.56,128.59,8138.0
2026-07-30,2026-07-30 12:50:00,128.63,128.815,128.63,128.75,3924.0
2026-07-30,2026-07-30 12:55:00,128.76,129.0,128.76,128.92,6343.0
2026-07-30,2026-07-30 13:00:00,128.93,128.95,128.76,128.84,16734.0
2026-07-30,2026-07-30 13:05:00,128.89,128.89,128.5438,128.63,10452.0
2026-07-30,2026-07-30 13:10:00,128.63,128.635,128.5925,128.5925,1751.0
2026-07-30,2026-07-30 13:15:00,128.635,128.635,128.235,128.45,12765.0
2026-07-30,2026-07-30 13:20:00,128.41,128.49,128.4,128.42,3812.0
2026-07-30,2026-07-30 13:25:00,128.46,128.61,128.46,128.61,5233.0
2026-07-30,2026-07-30 13:30:00,128.56,128.56,128.34,128.38,4887.0
2026-07-30,2026-07-30 13:35:00,128.3405,128.4199,128.28,128.305,5868.0
2026-07-30,2026-07-30 13:40:00,128.28,128.43,128.28,128.43,5266.0
2026-07-30,2026-07-30 13:45:00,128.39,128.45,128.39,128.45,3596.0
2026-07-30,2026-07-30 13:50:00,128.445,128.49,128.41,128.49,4367.0
2026-07-30,2026-07-30 13:55:00,128.47,128.6,128.47,128.53,7017.0
2026-07-30,2026-07-30 14:00:00,128.49,128.58,128.4528,128.58,8321.0
2026-07-30,2026-07-30 14:05:00,128.525,128.57,128.48,128.57,4513.0
2026-07-30,2026-07-30 14:10:00,128.5699,128.725,128.525,128.715,8566.0
2026-07-30,2026-07-30 14:15:00,128.71,128.75,128.67,128.75,5949.0
2026-07-30,2026-07-30 14:20:00,128.75,128.75,128.67,128.75,15442.0
2026-07-30,2026-07-30 14:25:00,128.75,128.81,128.74,128.79,10155.0
2026-07-30,2026-07-30 14:30:00,128.82,128.91,128.82,128.91,14076.0
2026-07-30,2026-07-30 14:35:00,128.9,128.9,128.725,128.77,6106.0
2026-07-30,2026-07-30 14:40:00,128.755,128.79,128.58,128.61,9642.0
2026-07-30,2026-07-30 14:45:00,128.56,128.69,128.42,128.425,19380.0
2026-07-30,2026-07-30 14:50:00,128.425,128.44,128.13,128.375,20360.0
2026-07-30,2026-07-30 14:55:00,128.38,128.46,128.32,128.33,8222.0
2026-07-30,2026-07-30 15:00:00,128.36,128.43,128.3301,128.35,9644.0
2026-07-30,2026-07-30 15:05:00,128.33,128.35,128.18,128.35,14548.0
2026-07-30,2026-07-30 15:10:00,128.34,128.4,128.33,128.35,8902.0
2026-07-30,2026-07-30 15:15:00,128.315,128.46,128.315,128.36,14010.0
2026-07-30,2026-07-30 15:20:00,128.36,128.36,128.2,128.26,10754.0
2026-07-30,2026-07-30 15:25:00,128.265,128.355,128.09,128.09,13621.0
2026-07-30,2026-07-30 15:30:00,128.085,128.15,128.07,128.1,14436.0
2026-07-30,2026-07-30 15:35:00,128.1,128.3,128.07,128.255,24711.0
2026-07-30,2026-07-30 15:40:00,128.255,128.3,128.155,128.25,18541.0
2026-07-30,2026-07-30 15:45:00,128.2,128.36,128.2,128.31,15643.0
2026-07-30,2026-07-30 15:50:00,128.33,128.57,128.33,128.57,17147.0
2026-07-30,2026-07-30 15:55:00,128.52,128.68,128.45,128.46,53561.0
2026-07-30,2026-07-30 16:00:00,128.52,128.725,128.47,128.57,346060.0
2026-07-31,2026-07-31 09:35:00,128.11,128.375,126.56,127.65,17541.0
2026-07-31,2026-07-31 09:40:00,127.635,128.5,127.425,127.875,9525.0
2026-07-31,2026-07-31 09:45:00,127.43,128.25,127.42,127.81,11790.0
2026-07-31,2026-07-31 09:50:00,127.9,127.9,127.52,127.9,5759.0
2026-07-31,2026-07-31 09:55:00,127.715,127.87,127.32,127.87,10557.0
2026-07-31,2026-07-31 10:00:00,127.92,128.02,127.74,127.97,4847.0
2026-07-31,2026-07-31 10:05:00,127.895,127.895,127.58,127.76,4180.0
2026-07-31,2026-07-31 10:10:00,127.81,128.005,127.67,127.8,7652.0
2026-07-31,2026-07-31 10:15:00,127.885,127.885,127.4725,127.745,6691.0
2026-07-31,2026-07-31 10:20:00,127.745,128.01,127.42,127.69,36221.0
2026-07-31,2026-07-31 10:25:00,127.79,128.33,127.79,128.33,6764.0
2026-07-31,2026-07-31 10:30:00,128.22,128.44,127.985,128.08,11211.0
2026-07-31,2026-07-31 10:35:00,128.04,128.04,127.71,127.83,7606.0
2026-07-31,2026-07-31 10:40:00,127.855,128.05,127.655,127.7,7058.0
2026-07-31,2026-07-31 10:45:00,127.7,127.88,127.695,127.87,7453.0
2026-07-31,2026-07-31 10:50:00,127.8,128.02,127.61,127.715,11062.0
2026-07-31,2026-07-31 10:55:00,127.57,127.75,127.47,127.75,7883.0
2026-07-31,2026-07-31 11:00:00,127.69,127.77,127.49,127.52,8063.0
2026-07-31,2026-07-31 11:05:00,127.53,127.53,127.36,127.425,8148.0
2026-07-31,2026-07-31 11:10:00,127.52,127.59,127.365,127.365,4609.0
2026-07-31,2026-07-31 11:15:00,127.41,127.47,127.32,127.39,14658.0
2026-07-31,2026-07-31 11:20:00,127.33,127.38,127.21,127.3,7853.0
2026-07-31,2026-07-31 11:25:00,127.36,127.51,127.28,127.51,7443.0
2026-07-31,2026-07-31 11:30:00,127.52,127.73,127.52,127.58,7480.0
2026-07-31,2026-07-31 11:35:00,127.58,127.72,127.5,127.63,9882.0
2026-07-31,2026-07-31 11:40:00,127.63,127.76,127.62,127.7,7532.0
2026-07-31,2026-07-31 11:45:00,127.68,127.68,127.55,127.6,4873.0
2026-07-31,2026-07-31 11:50:00,127.62,127.8,127.58,127.8,6169.0
2026-07-31,2026-07-31 11:55:00,127.68,128.115,127.68,127.83,17286.0
2026-07-31,2026-07-31 12:00:00,127.845,128.445,127.84,128.325,31890.0
2026-07-31,2026-07-31 12:05:00,128.2775,128.2775,128.13,128.24,4524.0
2026-07-31,2026-07-31 12:10:00,128.21,128.21,128.09,128.155,3387.0
2026-07-31,2026-07-31 12:15:00,128.155,128.25,128.1,128.165,8066.0
2026-07-31,2026-07-31 12:20:00,128.08,128.33,128.03,128.26,7578.0
2026-07-31,2026-07-31 12:25:00,128.275,128.34,128.16,128.245,3615.0
2026-07-31,2026-07-31 12:30:00,128.265,128.265,128.2,128.235,2844.0
2026-07-31,2026-07-31 12:35:00,128.235,128.38,127.8,127.84,15057.0
2026-07-31,2026-07-31 12:40:00,127.94,127.98,127.87,127.87,4317.0
2026-07-31,2026-07-31 12:45:00,127.85,128.25,127.85,128.13,20435.0
2026-07-31,2026-07-31 12:50:00,128.16,128.28,128.05,128.145,26794.0
2026-07-31,2026-07-31 12:55:00,128.15,128.16,127.85,127.85,30862.0
2026-07-31,2026-07-31 13:00:00,127.855,128.05,127.75,128.05,11179.0
2026-07-31,2026-07-31 13:05:00,127.96,128.13,127.96,128.13,6075.0
2026-07-31,2026-07-31 13:10:00,128.13,128.21,128.13,128.16,8518.0
2026-07-31,2026-07-31 13:15:00,128.21,128.25,128.085,128.14,9200.0
2026-07-31,2026-07-31 13:20:00,128.08,128.12,128.02,128.05,9046.0
2026-07-31,2026-07-31 13:25:00,128.01,128.01,127.82,127.95,10106.0
2026-07-31,2026-07-31 13:30:00,127.93,128.0,127.88,127.88,5711.0
2026-07-31,2026-07-31 13:35:00,127.9,128.14,127.89,127.96,19560.0
2026-07-31,2026-07-31 13:40:00,128.0,128.09,127.87,128.09,9276.0
2026-07-31,2026-07-31 13:45:00,128.07,128.07,127.87,127.93,9490.0
2026-07-31,2026-07-31 13:50:00,127.95,128.0,127.83,127.83,9610.0
2026-07-31,2026-07-31 13:55:00,127.8,127.83,127.71,127.76,10695.0
2026-07-31,2026-07-31 14:00:00,127.71,127.85,127.62,127.82,9325.0
2026-07-31,2026-07-31 14:05:00,127.835,127.835,127.68,127.68,5856.0
2026-07-31,2026-07-31 14:10:00,127.55,127.69,127.535,127.64,4634.0
2026-07-31,2026-07-31 14:15:00,127.7,128.3,127.66,128.28,54410.0
2026-07-31,2026-07-31 14:20:00,128.295,128.425,128.26,128.405,23864.0
2026-07-31,2026-07-31 14:25:00,128.405,128.46,128.14,128.23,8260.0
2026-07-31,2026-07-31 14:30:00,128.19,128.32,128.17,128.2699,4855.0
2026-07-31,2026-07-31 14:35:00,128.11,128.21,127.975,128.12,6048.0
2026-07-31,2026-07-31 14:40:00,128.12,128.12,128.07,128.1,3717.0
2026-07-31,2026-07-31 14:45:00,128.14,128.27,128.085,128.215,11930.0
2026-07-31,2026-07-31 14:50:00,128.24,128.24,128.1,128.18,8025.0
2026-07-31,2026-07-31 14:55:00,128.18,128.23,128.015,128.015,6349.0
2026-07-31,2026-07-31 15:00:00,128.02,128.245,128.02,128.24,6456.0
2026-07-31,2026-07-31 15:05:00,128.27,128.33,128.21,128.24,9473.0
2026-07-31,2026-07-31 15:10:00,128.2475,128.41,128.245,128.37,8352.0
2026-07-31,2026-07-31 15:15:00,128.385,128.46,128.21,128.21,10636.0
2026-07-31,2026-07-31 15:20:00,128.16,128.16,128.01,128.02,8831.0
2026-07-31,2026-07-31 15:25:00,128.03,128.035,127.72,127.725,12318.0
2026-07-31,2026-07-31 15:30:00,127.82,128.02,127.82,127.935,15992.0
2026-07-31,2026-07-31 15:35:00,127.95,128.12,127.9214,128.02,19192.0
2026-07-31,2026-07-31 15:40:00,128.02,128.19,127.88,127.99,36867.0
2026-07-31,2026-07-31 15:45:00,128.03,128.03,127.85,127.89,14609.0
2026-07-31,2026-07-31 15:50:00,127.84,127.98,127.695,127.95,48432.0
2026-07-31,2026-07-31 15:55:00,127.93,128.03,127.68,127.73,53364.0
2026-07-31,2026-07-31 16:00:00,127.64,127.655,127.085,127.21,552781.0
2026-08-03,2026-08-03 09:35:00,129.49,131.69,129.48,131.44,35193.0
2026-08-03,2026-08-03 09:40:00,131.545,131.56,130.63,131.065,16408.0
2026-08-03,2026-08-03 09:45:00,131.06,131.595,130.76,130.92,27736.0
2026-08-03,2026-08-03 09:50:00,130.63,131.525,130.62,130.97,18189.0
2026-08-03,2026-08-03 09:55:00,130.97,131.415,130.91,131.2975,17639.0
2026-08-03,2026-08-03 10:00:00,131.24,131.28,130.705,130.88,20148.0
2026-08-03,2026-08-03 10:05:00,130.87,131.0,130.51,130.73,29274.0
2026-08-03,2026-08-03 10:10:00,130.71,130.75,130.44,130.49,21347.0
2026-08-03,2026-08-03 10:15:00,130.5,130.85,130.39,130.8,18188.0
2026-08-03,2026-08-03 10:20:00,130.89,131.125,130.75,131.0,24627.0
2026-08-03,2026-08-03 10:25:00,131.13,131.25,130.94,131.06,19732.0
2026-08-03,2026-08-03 10:30:00,130.99,131.11,130.76,130.82,15094.0
2026-08-03,2026-08-03 10:35:00,130.75,131.005,130.72,130.84,11567.0
2026-08-03,2026-08-03 10:40:00,130.81,130.835,130.58,130.67,12818.0
2026-08-03,2026-08-03 10:45:00,130.69,130.755,130.56,130.61,15516.0
2026-08-03,2026-08-03 10:50:00,130.61,130.62,130.02,130.11,14246.0
2026-08-03,2026-08-03 10:55:00,130.16,130.2599,129.86,130.01,17319.0
2026-08-03,2026-08-03 11:00:00,130.03,130.29,129.77,129.77,15196.0
2026-08-03,2026-08-03 11:05:00,129.76,129.815,129.45139,129.7,12722.0
2026-08-03,2026-08-03 11:10:00,129.6,129.61,129.21,129.43,12556.0
2026-08-03,2026-08-03 11:15:00,129.48,129.54,129.2025,129.27,13872.0
2026-08-03,2026-08-03 11:20:00,129.39,129.61,129.39,129.485,10510.0
2026-08-03,2026-08-03 11:25:00,129.53,129.63,129.3,129.52,8979.0
2026-08-03,2026-08-03 11:30:00,129.49,129.58,128.8,128.88,28717.0
2026-08-03,2026-08-03 11:35:00,128.9025,129.07,128.83,129.0,9484.0
2026-08-03,2026-08-03 11:40:00,128.96,129.175,128.93,129.1,13036.0
2026-08-03,2026-08-03 11:45:00,129.1975,129.32,129.14,129.31,35564.0
2026-08-03,2026-08-03 11:50:00,129.34,129.385,129.205,129.255,10009.0
2026-08-03,2026-08-03 11:55:00,129.3,129.505,129.22,129.32,13423.0
2026-08-03,2026-08-03 12:00:00,129.3,129.44,129.222,129.26,17290.0
2026-08-03,2026-08-03 12:05:00,129.325,129.325,129.2,129.31,8550.0
2026-08-03,2026-08-03 12:10:00,129.31,129.38,129.24,129.3,13149.0
2026-08-03,2026-08-03 12:15:00,129.25,129.26,129.09,129.13,8226.0
2026-08-03,2026-08-03 12:20:00,129.15,129.25,129.14,129.145,5131.0
2026-08-03,2026-08-03 12:25:00,129.15,129.28,129.15,129.28,5718.0
2026-08-03,2026-08-03 12:30:00,129.35,129.405,129.27,129.38,9042.0
2026-08-03,2026-08-03 12:35:00,129.35,129.43,129.29,129.39,9311.0
2026-08-03,2026-08-03 12:40:00,129.35,129.39,129.27,129.35,13418.0
2026-08-03,2026-08-03 12:45:00,129.4,129.48,129.395,129.44,7212.0
2026-08-03,2026-08-03 12:50:00,129.465,129.5095,129.45,129.5095,4633.0
2026-08-03,2026-08-03 12:55:00,129.47,129.64,129.47,129.51,9092.0
2026-08-03,2026-08-03 13:00:00,129.51,129.52,129.41,129.43,5578.0
2026-08-03,2026-08-03 13:05:00,129.395,129.395,129.2,129.235,7316.0
2026-08-03,2026-08-03 13:10:00,129.2,129.36,129.15,129.295,9206.0
2026-08-03,2026-08-03 13:15:00,129.305,129.43,129.305,129.43,4271.0
2026-08-03,2026-08-03 13:20:00,129.44,129.53,129.36,129.41,21939.0
2026-08-03,2026-08-03 13:25:00,129.45,129.49,129.45,129.47,5375.0
2026-08-03,2026-08-03 13:30:00,129.41,129.6,129.39,129.6,8207.0
2026-08-03,2026-08-03 13:35:00,129.63,129.665,129.42,129.435,9456.0
2026-08-03,2026-08-03 13:40:00,129.48,129.505,129.4475,129.46,7054.0
2026-08-03,2026-08-03 13:45:00,129.485,129.56,129.46,129.53,8977.0
2026-08-03,2026-08-03 13:50:00,129.525,129.55,129.49,129.55,7238.0
2026-08-03,2026-08-03 13:55:00,129.54,129.57,129.45,129.515,6902.0
2026-08-03,2026-08-03 14:00:00,129.59,129.67,129.54,129.57,13056.0
2026-08-03,2026-08-03 14:05:00,129.595,129.6,129.47,129.56,10285.0
2026-08-03,2026-08-03 14:10:00,129.56,129.64,129.51,129.61,9377.0
2026-08-03,2026-08-03 14:15:00,129.64,129.64,129.46,129.49,10096.0
2026-08-03,2026-08-03 14:20:00,129.53,129.68,129.505,129.68,10902.0
2026-08-03,2026-08-03 14:25:00,129.655,129.806,129.655,129.806,9237.0
2026-08-03,2026-08-03 14:30:00,129.79,129.79,129.69,129.69,10509.0
2026-08-03,2026-08-03 14:35:00,129.7,129.73,129.64,129.69,10580.0
2026-08-03,2026-08-03 14:40:00,129.7,129.805,129.7,129.785,9612.0
2026-08-03,2026-08-03 14:45:00,129.78,129.785,129.63,129.68,6825.0
2026-08-03,2026-08-03 14:50:00,129.69,129.73,129.63,129.71,11165.0
2026-08-03,2026-08-03 14:55:00,129.67,129.72,129.57,129.64,10527.0
2026-08-03,2026-08-03 15:00:00,129.615,129.68,129.6,129.63,12617.0
2026-08-03,2026-08-03 15:05:00,129.66,129.77,129.44,129.48,20865.0
2026-08-03,2026-08-03 15:10:00,129.485,129.56,129.44,129.55,13649.0
2026-08-03,2026-08-03 15:15:00,129.58,129.59,129.38,129.59,13447.0
2026-08-03,2026-08-03 15:20:00,129.55,129.74,129.55,129.6825,42748.0
2026-08-03,2026-08-03 15:25:00,129.685,129.805,129.57,129.615,28061.0
2026-08-03,2026-08-03 15:30:00,129.615,129.64,129.49,129.53,23021.0
2026-08-03,2026-08-03 15:35:00,129.54,129.83,129.54,129.79,15779.0
2026-08-03,2026-08-03 15:40:00,129.84,129.9,129.71,129.765,24858.0
2026-08-03,2026-08-03 15:45:00,129.76,129.845,129.65,129.71,24047.0
2026-08-03,2026-08-03 15:50:00,129.759,129.859,129.585,129.76,58665.0
2026-08-03,2026-08-03 15:55:00,129.76,129.76,129.055,129.055,61157.0
2026-08-03,2026-08-03 16:00:00,129.055,129.89,129.055,129.35,941557.0
2026-08-04,2026-08-04 09:35:00,128.24,128.32,127.0095,128.28,44913.0
2026-08-04,2026-08-04 09:40:00,127.99,128.52,127.8,128.335,33643.0
2026-08-04,2026-08-04 09:45:00,128.335,128.335,127.72,128.1475,29505.0
2026-08-04,2026-08-04 09:50:00,128.07,128.07,127.31,127.48,21219.0
2026-08-04,2026-08-04 09:55:00,127.655,127.655,127.08,127.39,22657.0
2026-08-04,2026-08-04 10:00:00,127.51,127.515,127.09,127.51,20566.0
2026-08-04,2026-08-04 10:05:00,127.475,127.54,126.71,126.73,24310.0
2026-08-04,2026-08-04 10:10:00,126.69,127.71,126.62,127.49,39014.0
2026-08-04,2026-08-04 10:15:00,127.5,127.61,127.36,127.6,16313.0
2026-08-04,2026-08-04 10:20:00,127.49,128.47,127.49,128.47,95706.0
2026-08-04,2026-08-04 10:25:00,128.42,129.34,128.42,128.85,38139.0
2026-08-04,2026-08-04 10:30:00,128.935,129.1,128.76,129.1,118342.0
2026-08-04,2026-08-04 10:35:00,128.93,129.42,128.75,129.3,14931.0
2026-08-04,2026-08-04 10:40:00,129.42,130.07,129.33,129.91,119396.0
2026-08-04,2026-08-04 10:45:00,129.98,130.37,129.46,130.37,29422.0
2026-08-04,2026-08-04 10:50:00,130.355,130.355,129.7,130.23,26149.0
2026-08-04,2026-08-04 10:55:00,130.13,130.285,130.0,130.1,14525.0
2026-08-04,2026-08-04 11:00:00,130.155,130.21,129.97,130.095,15638.0
2026-08-04,2026-08-04 11:05:00,130.095,130.275,129.9,129.9,12884.0
2026-08-04,2026-08-04 11:10:00,129.87,129.925,129.57,129.81,19727.0
2026-08-04,2026-08-04 11:15:00,129.84,130.07,129.81,129.93,11877.0
2026-08-04,2026-08-04 11:20:00,130.01,130.28,129.93,130.11,21128.0
2026-08-04,2026-08-04 11:25:00,130.11,130.25,129.98,130.0,12735.0
2026-08-04,2026-08-04 11:30:00,130.095,130.24,130.03,130.095,10995.0
2026-08-04,2026-08-04 11:35:00,130.09,130.25,130.05,130.05,13998.0
2026-08-04,2026-08-04 11:40:00,130.0,130.325,130.0,130.24,12529.0
2026-08-04,2026-08-04 11:45:00,130.285,130.59,130.285,130.58,13608.0
2026-08-04,2026-08-04 11:50:00,130.64,130.69,130.52,130.645,14365.0
2026-08-04,2026-08-04 11:55:00,130.64,130.68,130.29,130.53,11076.0
2026-08-04,2026-08-04 12:00:00,130.59,130.69,130.52,130.55,7619.0
2026-08-04,2026-08-04 12:05:00,130.59,130.815,130.54,130.815,7858.0
2026-08-04,2026-08-04 12:10:00,130.78,130.78,130.63,130.725,7274.0
2026-08-04,2026-08-04 12:15:00,130.7175,130.74,130.33,130.38,13911.0
2026-08-04,2026-08-04 12:20:00,130.405,130.46,130.31,130.365,11402.0
2026-08-04,2026-08-04 12:25:00,130.37,130.43,130.33,130.36,6736.0
2026-08-04,2026-08-04 12:30:00,130.3,130.39,130.23,130.33,13538.0
2026-08-04,2026-08-04 12:35:00,130.33,130.38,130.07,130.07,21485.0
2026-08-04,2026-08-04 12:40:00,130.13,130.49,130.065,130.42,28102.0
2026-08-04,2026-08-04 12:45:00,130.49,130.73,130.44,130.59,18994.0
2026-08-04,2026-08-04 12:50:00,130.595,130.595,130.405,130.405,18812.0
2026-08-04,2026-08-04 12:55:00,130.48,130.625,130.35,130.625,13661.0
2026-08-04,2026-08-04 13:00:00,130.615,130.86,130.6,130.857,14020.0
2026-08-04,2026-08-04 13:05:00,130.81,131.01,130.76,131.01,16578.0
2026-08-04,2026-08-04 13:10:00,131.01,131.01,130.84,130.92,12279.0
2026-08-04,2026-08-04 13:15:00,130.92,131.11,130.87,131.1,13594.0
2026-08-04,2026-08-04 13:20:00,131.11,131.1665,130.97,131.1,13133.0
2026-08-04,2026-08-04 13:25:00,131.09,131.15,130.94,131.075,20573.0
2026-08-04,2026-08-04 13:30:00,131.075,131.17,131.05,131.11,13949.0
2026-08-04,2026-08-04 13:35:00,131.11,131.33,131.03,131.33,17829.0
2026-08-04,2026-08-04 13:40:00,131.35,131.39,131.1725,131.205,17703.0
2026-08-04,2026-08-04 13:45:00,131.2,131.35,131.16,131.2975,10251.0
2026-08-04,2026-08-04 13:50:00,131.26,131.26,131.13,131.17,6633.0
2026-08-04,2026-08-04 13:55:00,131.17,131.18,130.67,130.965,40018.0
2026-08-04,2026-08-04 14:00:00,131.0,131.13,130.96,131.015,12875.0
2026-08-04,2026-08-04 14:05:00,130.93,131.2,130.92,130.945,15075.0
2026-08-04,2026-08-04 14:10:00,130.945,131.09,130.83,131.09,11946.0
2026-08-04,2026-08-04 14:15:00,131.09,131.175,130.64,130.88,23857.0
2026-08-04,2026-08-04 14:20:00,130.87,130.94,130.76,130.865,10701.0
2026-08-04,2026-08-04 14:25:00,130.865,130.895,130.76,130.81,9541.0
2026-08-04,2026-08-04 14:30:00,130.87,130.94,130.8,130.865,21040.0
2026-08-04,2026-08-04 14:35:00,130.84,130.865,130.67,130.67,9308.0
2026-08-04,2026-08-04 14:40:00,130.74,130.85,130.74,130.8,12210.0
2026-08-04,2026-08-04 14:45:00,130.795,130.93,130.76,130.81,16942.0
2026-08-04,2026-08-04 14:50:00,130.79,130.84,130.59,130.65,14722.0
2026-08-04,2026-08-04 14:55:00,130.675,130.76,130.61,130.655,9692.0
2026-08-04,2026-08-04 15:00:00,130.61,130.73,130.61,130.7,12162.0
2026-08-04,2026-08-04 15:05:00,130.72,130.865,130.67,130.81,19814.0
2026-08-04,2026-08-04 15:10:00,130.84,130.84,130.67,130.71,13436.0
2026-08-04,2026-08-04 15:15:00,130.71,130.81,130.57,130.75,21269.0
2026-08-04,2026-08-04 15:20:00,130.82,130.9,130.75,130.9,27985.0
2026-08-04,2026-08-04 15:25:00,130.9,131.0,130.82,130.9,28264.0
2026-08-04,2026-08-04 15:30:00,130.9,131.1,130.865,131.08,25324.0
2026-08-04,2026-08-04 15:35:00,131.075,131.25,130.99,131.13,30171.0
2026-08-04,2026-08-04 15:40:00,131.13,131.33,131.09,131.33,30647.0
2026-08-04,2026-08-04 15:45:00,131.345,131.57,131.31,131.57,36524.0
2026-08-04,2026-08-04 15:50:00,131.57,131.57,131.39,131.51,37608.0
2026-08-04,2026-08-04 15:55:00,131.51,131.51,131.01,131.07,74692.0
2026-08-04,2026-08-04 16:00:00,131.01,131.04,130.53,130.71,839828.0
2026-08-05,2026-08-05 09:35:00,132.1,132.1,130.23,130.62,35103.0
2026-08-05,2026-08-05 09:40:00,130.625,130.77,129.88,130.105,10261.0
2026-08-05,2026-08-05 09:45:00,130.22,130.56,129.25,129.655,20541.0
2026-08-05,2026-08-05 09:50:00,129.645,130.24,129.39,129.39,26099.0
2026-08-05,2026-08-05 09:55:00,129.28,129.725,129.275,129.58,11141.0
2026-08-05,2026-08-05 10:00:00,129.715,129.72,129.575,129.71,5104.0
2026-08-05,2026-08-05 10:05:00,129.59,129.745,129.05,129.08,12890.0
2026-08-05,2026-08-05 10:10:00,129.16,129.435,129.115,129.2,8668.0
2026-08-05,2026-08-05 10:15:00,129.255,129.51,129.17,129.51,10856.0
2026-08-05,2026-08-05 10:20:00,129.565,129.65,129.485,129.575,5710.0
2026-08-05,2026-08-05 10:25:00,129.6,129.665,129.395,129.5,14578.0
2026-08-05,2026-08-05 10:30:00,129.525,129.59,129.39,129.58,8171.0
2026-08-05,2026-08-05 10:35:00,129.75,129.8,129.575,129.575,7050.0
2026-08-05,2026-08-05 10:40:00,129.39,129.6,129.29,129.55,18166.0
2026-08-05,2026-08-05 10:45:00,129.62,129.62,129.24,129.24,5648.0
2026-08-05,2026-08-05 10:50:00,129.195,129.195,128.77,128.95,6152.0
2026-08-05,2026-08-05 10:55:00,128.93,129.03,128.87,129.0,7733.0
2026-08-05,2026-08-05 11:00:00,128.89,129.18,128.885,129.18,5986.0
2026-08-05,2026-08-05 11:05:00,129.2,129.49,129.2,129.26,20529.0
2026-08-05,2026-08-05 11:10:00,129.32,129.32,129.11,129.11,5436.0
2026-08-05,2026-08-05 11:15:00,129.14,129.14,129.03,129.04,7240.0
2026-08-05,2026-08-05 11:20:00,128.95,129.19,128.95,129.16,10750.0
2026-08-05,2026-08-05 11:25:00,129.16,129.23,129.125,129.23,5020.0
2026-08-05,2026-08-05 11:30:00,129.22,129.26,129.1299,129.21,9926.0
2026-08-05,2026-08-05 11:35:00,129.29,129.34,129.23,129.26,7247.0
2026-08-05,2026-08-05 11:40:00,129.24,129.24,129.1,129.155,5030.0
2026-08-05,2026-08-05 11:45:00,129.155,129.31,129.13,129.305,5985.0
2026-08-05,2026-08-05 11:50:00,129.33,129.38,129.07,129.07,12062.0
2026-08-05,2026-08-05 11:55:00,129.07,129.16,128.97,129.12,5730.0
2026-08-05,2026-08-05 12:00:00,129.12,129.2,129.04,129.15,8482.0
2026-08-05,2026-08-05 12:05:00,129.18,129.18,128.4659,128.52,31750.0
2026-08-05,2026-08-05 12:10:00,128.57,128.62,128.38,128.52,15078.0
2026-08-05,2026-08-05 12:15:00,128.53,128.91,128.53,128.91,18249.0
2026-08-05,2026-08-05 12:20:00,128.755,128.8,128.59,128.64,6429.0
2026-08-05,2026-08-05 12:25:00,128.6275,128.6275,128.45,128.53,7975.0
2026-08-05,2026-08-05 12:30:00,128.45,128.74,128.45,128.58,29805.0
2026-08-05,2026-08-05 12:35:00,128.6,128.77,128.6,128.66,10032.0
2026-08-05,2026-08-05 12:40:00,128.69,128.72,128.59,128.59,6445.0
2026-08-05,2026-08-05 12:45:00,128.67,128.67,128.47,128.625,7721.0
2026-08-05,2026-08-05 12:50:00,128.68,128.68,128.485,128.58,5283.0
2026-08-05,2026-08-05 12:55:00,128.58,128.73,128.58,128.67,10570.0
2026-08-05,2026-08-05 13:00:00,128.67,128.67,128.67,128.67,2357.0
2026-08-05,2026-08-05 13:05:00,128.665,128.74,128.63,128.655,6829.0
2026-08-05,2026-08-05 13:10:00,128.66,128.83,128.66,128.74,23484.0
2026-08-05,2026-08-05 13:15:00,128.79,129.12,128.79,128.93,45547.0
2026-08-05,2026-08-05 13:20:00,128.96,129.02,128.9,128.92,5850.0
2026-08-05,2026-08-05 13:25:00,128.91,128.91,128.72,128.72,4989.0
2026-08-05,2026-08-05 13:30:00,128.76,128.8799,128.69,128.695,4720.0
2026-08-05,2026-08-05 13:35:00,128.705,128.8,128.705,128.765,7342.0
2026-08-05,2026-08-05 13:40:00,128.74,128.74,128.635,128.69,7185.0
2026-08-05,2026-08-05 13:45:00,128.72,128.79,128.71,128.77,9117.0
2026-08-05,2026-08-05 13:50:00,128.73,128.74,128.55,128.5775,4917.0
2026-08-05,2026-08-05 13:55:00,128.565,128.7054,128.55,128.65,15090.0
2026-08-05,2026-08-05 14:00:00,128.685,128.8,128.64,128.72,12861.0
2026-08-05,2026-08-05 14:05:00,128.67,128.8,128.67,128.71,6691.0
2026-08-05,2026-08-05 14:10:00,128.755,128.755,128.71,128.74,4894.0
2026-08-05,2026-08-05 14:15:00,128.7999,128.7999,128.67,128.67,4905.0
2026-08-05,2026-08-05 14:20:00,128.64,128.685,128.58,128.605,8862.0
2026-08-05,2026-08-05 14:25:00,128.605,128.83,128.57,128.63,45546.0
2026-08-05,2026-08-05 14:30:00,128.56,128.65,128.56,128.635,5970.0
2026-08-05,2026-08-05 14:35:00,128.635,128.685,128.59,128.62,8695.0
2026-08-05,2026-08-05 14:40:00,128.54,128.56,128.455,128.55,16093.0
2026-08-05,2026-08-05 14:45:00,128.55,128.72,128.51,128.67,13670.0
2026-08-05,2026-08-05 14:50:00,128.62,128.6399,128.49,128.54,5597.0
2026-08-05,2026-08-05 14:55:00,128.54,128.57,128.49,128.53,6833.0
2026-08-05,2026-08-05 15:00:00,128.56,128.57,128.25,128.255,8156.0
2026-08-05,2026-08-05 15:05:00,128.25,128.49,128.24,128.48,14566.0
2026-08-05,2026-08-05 15:10:00,128.485,128.485,128.37,128.43,9373.0
2026-08-05,2026-08-05 15:15:00,128.39,128.46,128.39,128.46,9001.0
2026-08-05,2026-08-05 15:20:00,128.47,128.49,128.44,128.45,10453.0
2026-08-05,2026-08-05 15:25:00,128.47,128.49,128.3,128.31,18057.0
2026-08-05,2026-08-05 15:30:00,128.31,128.42,128.305,128.365,16021.0
2026-08-05,2026-08-05 15:35:00,128.37,128.57,128.37,128.47,18534.0
2026-08-05,2026-08-05 15:40:00,128.485,128.58,128.48,128.545,23988.0
2026-08-05,2026-08-05 15:45:00,128.52,128.78,128.51,128.765,25268.0
2026-08-05,2026-08-05 15:50:00,128.765,128.95,128.71,128.86,33058.0
2026-08-05,2026-08-05 15:55:00,128.81,128.88,128.575,128.61,56901.0
2026-08-05,2026-08-05 16:00:00,128.55,128.845,128.41,128.76,442372.0
2026-08-06,2026-08-06 09:35:00,129.9,129.91,128.96,128.96,16302.0
2026-08-06,2026-08-06 09:40:00,129.295,129.295,128.425,128.99,11810.0
2026-08-06,2026-08-06 09:45:00,128.96,128.96,128.44,128.53,5291.0
2026-08-06,2026-08-06 09:50:00,128.53,128.79,128.32,128.555,12560.0
2026-08-06,2026-08-06 09:55:00,128.73,128.95,128.605,128.77,5427.0
2026-08-06,2026-08-06 10:00:00,128.96,129.125,128.82,128.935,11305.0
2026-08-06,2026-08-06 10:05:00,129.04,129.52,128.95,129.49,12898.0
2026-08-06,2026-08-06 10:10:00,129.33,129.53,128.98,128.98,10790.0
2026-08-06,2026-08-06 10:15:00,129.0,129.35,129.0,129.35,10831.0
2026-08-06,2026-08-06 10:20:00,129.31,129.5,129.185,129.47,11852.0
2026-08-06,2026-08-06 10:25:00,129.53,129.76,129.47,129.535,9940.0
2026-08-06,2026-08-06 10:30:00,129.48,129.57,129.32,129.47,8462.0
2026-08-06,2026-08-06 10:35:00,129.49,129.57,129.13,129.145,7030.0
2026-08-06,2026-08-06 10:40:00,129.21,129.53,129.21,129.53,8724.0
2026-08-06,2026-08-06 10:45:00,129.58,129.58,129.24,129.464,4639.0
2026-08-06,2026-08-06 10:50:00,129.47,129.67,129.205,129.315,9966.0
2026-08-06,2026-08-06 10:55:00,129.31,129.3651,129.31,129.32,5086.0
2026-08-06,2026-08-06 11:00:00,129.325,129.33,129.16,129.2517,5586.0
2026-08-06,2026-08-06 11:05:00,129.25,129.575,129.25,129.51,8600.0
2026-08-06,2026-08-06 11:10:00,129.5899,129.5899,129.3,129.36,6454.0
2026-08-06,2026-08-06 11:15:00,129.355,129.36,129.28,129.345,3844.0
2026-08-06,2026-08-06 11:20:00,129.34,129.35,129.23,129.325,7044.0
2026-08-06,2026-08-06 11:25:00,129.28,129.28,129.13,129.24,10848.0
2026-08-06,2026-08-06 11:30:00,129.16,129.195,129.105,129.12,3811.0
2026-08-06,2026-08-06 11:35:00,129.175,129.175,128.97,129.08,6606.0
2026-08-06,2026-08-06 11:40:00,129.03,129.23,129.03,129.22,7163.0
2026-08-06,2026-08-06 11:45:00,129.165,129.37,129.12,129.37,5919.0
2026-08-06,2026-08-06 11:50:00,129.41,129.68,129.41,129.68,9268.0
2026-08-06,2026-08-06 11:55:00,129.55,129.57,129.46,129.555,7587.0
2026-08-06,2026-08-06 12:00:00,129.64,129.64,129.46,129.61,6659.0
2026-08-06,2026-08-06 12:05:00,129.59,129.8,129.59,129.8,5671.0
2026-08-06,2026-08-06 12:10:00,129.87,129.94,129.65,129.695,9940.0
2026-08-06,2026-08-06 12:15:00,129.695,129.695,129.56,129.59,3840.0
2026-08-06,2026-08-06 12:20:00,129.74,129.74,129.45,129.575,10698.0
2026-08-06,2026-08-06 12:25:00,129.525,129.585,129.45,129.45,8356.0
2026-08-06,2026-08-06 12:30:00,129.51,129.53,129.43,129.53,7896.0
2026-08-06,2026-08-06 12:35:00,129.575,129.63,129.55,129.575,8682.0
2026-08-06,2026-08-06 12:40:00,129.55,129.605,129.505,129.525,8587.0
2026-08-06,2026-08-06 12:45:00,129.525,129.525,129.34,129.38,5403.0
2026-08-06,2026-08-06 12:50:00,129.38,129.52,129.38,129.49,7285.0
2026-08-06,2026-08-06 12:55:00,129.55,129.56,129.43,129.48,6082.0
2026-08-06,2026-08-06 13:00:00,129.485,129.55,129.435,129.535,6874.0
2026-08-06,2026-08-06 13:05:00,129.535,129.54,129.25,129.34,7964.0
2026-08-06,2026-08-06 13:10:00,129.34,129.39,129.19,129.235,10206.0
2026-08-06,2026-08-06 13:15:00,129.22,129.235,129.0,129.15,13960.0
2026-08-06,2026-08-06 13:20:00,129.15,129.18,129.1,129.1,7266.0
2026-08-06,2026-08-06 13:25:00,129.1225,129.13,128.91,129.05,9691.0
2026-08-06,2026-08-06 13:30:00,129.05,129.09,128.95,128.99,7192.0
2026-08-06,2026-08-06 13:35:00,129.01,129.16,129.01,129.15,8178.0
2026-08-06,2026-08-06 13:40:00,129.145,129.145,129.06,129.12,8894.0
2026-08-06,2026-08-06 13:45:00,129.1199,129.375,129.07,129.26,14909.0
2026-08-06,2026-08-06 13:50:00,129.2,129.2499,129.08,129.13,5233.0
2026-08-06,2026-08-06 13:55:00,129.12,129.13,128.9,128.9,7332.0
2026-08-06,2026-08-06 14:00:00,128.94,129.11,128.91,129.055,6591.0
2026-08-06,2026-08-06 14:05:00,129.055,129.16,128.95,129.16,8326.0
2026-08-06,2026-08-06 14:10:00,129.17,129.33,129.17,129.21,9229.0
2026-08-06,2026-08-06 14:15:00,129.23,129.32,129.23,129.3,5072.0
2026-08-06,2026-08-06 14:20:00,129.27,129.305,129.17,129.22,7875.0
2026-08-06,2026-08-06 14:25:00,129.21,129.215,129.185,129.195,4873.0
2026-08-06,2026-08-06 14:30:00,129.16,129.17,129.09,129.09,7243.0
2026-08-06,2026-08-06 14:35:00,129.13,129.165,129.105,129.16,7297.0
2026-08-06,2026-08-06 14:40:00,129.13,129.3,129.07,129.11,11747.0
2026-08-06,2026-08-06 14:45:00,129.14,129.14,129.005,129.05,5810.0
2026-08-06,2026-08-06 14:50:00,129.07,129.14,129.01,129.14,8621.0
2026-08-06,2026-08-06 14:55:00,129.17,129.36,129.17,129.305,9087.0
2026-08-06,2026-08-06 15:00:00,129.31,129.375,129.27,129.34,10071.0
2026-08-06,2026-08-06 15:05:00,129.36,129.4,129.28,129.32,8655.0
2026-08-06,2026-08-06 15:10:00,129.305,129.31,129.16,129.29,8077.0
2026-08-06,2026-08-06 15:15:00,129.3,129.3,129.27,129.28,5410.0
2026-08-06,2026-08-06 15:20:00,129.28,129.37,129.27,129.27,11045.0
2026-08-06,2026-08-06 15:25:00,129.25,129.25,129.05,129.2,10476.0
2026-08-06,2026-08-06 15:30:00,129.175,129.23,129.08,129.11,17478.0
2026-08-06,2026-08-06 15:35:00,129.12,129.12,128.99,129.11,21176.0
2026-08-06,2026-08-06 15:40:00,129.12,129.16,129.05,129.05,17704.0
2026-08-06,2026-08-06 15:45:00,129.05,129.15,129.01,129.01,19754.0
2026-08-06,2026-08-06 15:50:00,129.0238,129.051,128.84,128.88,23792.0
2026-08-06,2026-08-06 15:55:00,128.84,129.215,128.63,129.215,66615.0
2026-08-06,2026-08-06 16:00:00,129.26,129.71,129.251,129.68,496341.0
2026-08-07,2026-08-07 09:35:00,127.96,129.34,127.96,128.71,74553.0
2026-08-07,2026-08-07 09:40:00,128.4639,129.775,128.25,129.74,13957.0
2026-08-07,2026-08-07 09:45:00,129.52,129.81,129.0656,129.275,11790.0
2026-08-07,2026-08-07 09:50:00,129.275,129.68,129.1793,129.275,10895.0
2026-08-07,2026-08-07 09:55:00,129.2301,129.435,129.126,129.435,8693.0
2026-08-07,2026-08-07 10:00:00,129.31,130.0,129.3,129.86,20507.0
2026-08-07,2026-08-07 10:05:00,129.71,129.785,129.425,129.71,10821.0
2026-08-07,2026-08-07 10:10:00,129.72,129.72,129.36,129.56,10411.0
2026-08-07,2026-08-07 10:15:00,129.56,129.89,129.56,129.89,12717.0
2026-08-07,2026-08-07 10:20:00,129.77,129.865,129.54,129.65,9779.0
2026-08-07,2026-08-07 10:25:00,129.57,129.7,129.52,129.62,7104.0
2026-08-07,2026-08-07 10:30:00,129.625,129.63,129.36,129.63,8423.0
2026-08-07,2026-08-07 10:35:00,129.63,129.88,129.63,129.765,6396.0
2026-08-07,2026-08-07 10:40:00,129.75,129.885,129.52,129.885,6233.0
2026-08-07,2026-08-07 10:45:00,129.61,129.81,129.6,129.81,4698.0
2026-08-07,2026-08-07 10:50:00,129.78,129.855,129.3,129.56,11033.0
2026-08-07,2026-08-07 10:55:00,129.57,129.58,129.43,129.53,6894.0
2026-08-07,2026-08-07 11:00:00,129.525,129.72,129.47,129.67,5214.0
2026-08-07,2026-08-07 11:05:00,129.81,129.81,129.65,129.76,8272.0
2026-08-07,2026-08-07 11:10:00,129.76,129.82,129.7,129.77,4093.0
2026-08-07,2026-08-07 11:15:00,129.73,130.0,129.73,130.0,9155.0
2026-08-07,2026-08-07 11:20:00,130.15,130.16,129.99,129.99,8359.0
2026-08-07,2026-08-07 11:25:00,129.995,130.09,129.995,130.09,4422.0
2026-08-07,2026-08-07 11:30:00,130.11,130.165,130.01,130.125,4130.0
2026-08-07,2026-08-07 11:35:00,130.13,130.2,130.0575,130.0575,7205.0
2026-08-07,2026-08-07 11:40:00,130.07,130.33,130.06,130.325,7085.0
2026-08-07,2026-08-07 11:45:00,130.32,130.39,130.27,130.33,6920.0
2026-08-07,2026-08-07 11:50:00,130.26,130.38,130.2301,130.245,7667.0
2026-08-07,2026-08-07 11:55:00,130.29,130.43,130.245,130.43,5823.0
2026-08-07,2026-08-07 12:00:00,130.38,130.38,130.3,130.31,4111.0
2026-08-07,2026-08-07 12:05:00,130.31,130.385,130.28,130.345,7407.0
2026-08-07,2026-08-07 12:10:00,130.345,130.39,130.21,130.24,6535.0
2026-08-07,2026-08-07 12:15:00,130.28,130.4,130.28,130.355,4549.0
2026-08-07,2026-08-07 12:20:00,130.355,130.36,130.23,130.28,7890.0
2026-08-07,2026-08-07 12:25:00,130.28,130.43,130.27,130.43,7595.0
2026-08-07,2026-08-07 12:30:00,130.49,130.57,130.38,130.505,11744.0
2026-08-07,2026-08-07 12:35:00,130.505,130.505,130.34,130.495,6022.0
2026-08-07,2026-08-07 12:40:00,130.42,130.71,130.41,130.67,6119.0
2026-08-07,2026-08-07 12:45:00,130.73,130.845,130.73,130.83,4531.0
2026-08-07,2026-08-07 12:50:00,130.85,130.9,130.81,130.82,10087.0
2026-08-07,2026-08-07 12:55:00,130.87,131.24,130.82,131.21,10775.0
2026-08-07,2026-08-07 13:00:00,131.24,131.27,131.1925,131.23,5794.0
2026-08-07,2026-08-07 13:05:00,131.14,131.375,131.14,131.21,8366.0
2026-08-07,2026-08-07 13:10:00,131.2875,131.2975,131.045,131.045,7755.0
2026-08-07,2026-08-07 13:15:00,131.075,131.31,131.075,131.31,5263.0
2026-08-07,2026-08-07 13:20:00,131.32,131.32,131.195,131.26,7921.0
2026-08-07,2026-08-07 13:25:00,131.35,131.35,131.23,131.29,6117.0
2026-08-07,2026-08-07 13:30:00,131.29,131.295,131.09,131.11,9146.0
2026-08-07,2026-08-07 13:35:00,131.11,131.15,130.97,131.0,9121.0
2026-08-07,2026-08-07 13:40:00,131.02,131.38,131.02,131.3725,8925.0
2026-08-07,2026-08-07 13:45:00,131.41,131.75,131.395,131.75,11540.0
2026-08-07,2026-08-07 13:50:00,131.7,131.705,131.445,131.445,7663.0
2026-08-07,2026-08-07 13:55:00,131.5,131.625,131.48,131.625,4845.0
2026-08-07,2026-08-07 14:00:00,131.55,131.73,131.55,131.72,4421.0
2026-08-07,2026-08-07 14:05:00,131.67,131.685,131.4,131.48,15962.0
2026-08-07,2026-08-07 14:10:00,131.48,131.48,131.32,131.335,14379.0
2026-08-07,2026-08-07 14:15:00,131.38,131.5,131.3,131.445,10584.0
2026-08-07,2026-08-07 14:20:00,131.445,131.47,131.38,131.465,8107.0
2026-08-07,2026-08-07 14:25:00,131.51,131.55,131.42,131.52,8065.0
2026-08-07,2026-08-07 14:30:00,131.53,131.56,131.44,131.44,10962.0
2026-08-07,2026-08-07 14:35:00,131.43,131.43,131.29,131.315,8704.0
2026-08-07,2026-08-07 14:40:00,131.29,131.305,131.17,131.18,13810.0
2026-08-07,2026-08-07 14:45:00,131.165,131.23,131.08,131.08,13917.0
2026-08-07,2026-08-07 14:50:00,131.08,131.16,130.96,130.97,9947.0
2026-08-07,2026-08-07 14:55:00,130.965,131.05,130.95,131.03,14001.0
2026-08-07,2026-08-07 15:00:00,131.03,131.07,130.97,131.0435,11181.0
2026-08-07,2026-08-07 15:05:00,130.98,131.03,130.89,130.95,13528.0
2026-08-07,2026-08-07 15:10:00,130.975,131.04,130.95,131.0,21979.0
2026-08-07,2026-08-07 15:15:00,131.015,131.035,130.88,131.0,13143.0
2026-08-07,2026-08-07 15:20:00,131.0,131.0,130.87,130.87,8511.0
2026-08-07,2026-08-07 15:25:00,130.87,131.01,130.87,130.925,13827.0
2026-08-07,2026-08-07 15:30:00,130.93,130.97,130.87,130.88,13630.0
2026-08-07,2026-08-07 15:35:00,130.88,130.88,130.73,130.815,41187.0
2026-08-07,2026-08-07 15:40:00,130.78,130.91,130.7605,130.8,33198.0
2026-08-07,2026-08-07 15:45:00,130.82,131.125,130.82,131.12,29634.0
2026-08-07,2026-08-07 15:50:00,131.12,131.19,130.96,130.98,56492.0
2026-08-07,2026-08-07 15:55:00,131.0,131.28,130.98,131.05,88134.0
2026-08-07,2026-08-07 16:00:00,131.01,131.035,130.815,130.9,467943.0
2026-08-10,2026-08-10 09:35:00,129.14,129.565,128.54,129.14,26497.0
2026-08-10,2026-08-10 09:40:00,129.14,129.265,128.53,129.05,28249.0
2026-08-10,2026-08-10 09:45:00,129.05,129.34,128.59,129.165,19169.0
2026-08-10,2026-08-10 09:50:00,129.165,129.35,128.25,128.425,15005.0
2026-08-10,2026-08-10 09:55:00,128.56,129.24,128.56,129.115,45421.0
2026-08-10,2026-08-10 10:00:00,129.09,129.13,128.56,128.78,30144.0
2026-08-10,2026-08-10 10:05:00,128.77,129.24,128.77,129.035,15926.0
2026-08-10,2026-08-10 10:10:00,129.02,129.085,128.63,128.66,44772.0
2026-08-10,2026-08-10 10:15:00,128.67,129.182,128.36,128.82,136858.0
2026-08-10,2026-08-10 10:20:00,128.805,129.34,128.79,129.34,78977.0
2026-08-10,2026-08-10 10:25:00,129.3,129.84,129.19,129.6625,41295.0
2026-08-10,2026-08-10 10:30:00,129.6275,129.83,129.25,129.66,18251.0
2026-08-10,2026-08-10 10:35:00,129.8,130.4,129.6,130.4,35436.0
2026-08-10,2026-08-10 10:40:00,130.215,130.99,130.21,130.52,40406.0
2026-08-10,2026-08-10 10:45:00,130.2,131.07,130.2,131.07,40601.0
2026-08-10,2026-08-10 10:50:00,131.07,131.69,130.73,130.77,39405.0
2026-08-10,2026-08-10 10:55:00,130.715,130.815,130.27,130.43,50532.0
2026-08-10,2026-08-10 11:00:00,130.43,130.85,130.33,130.75,11973.0
2026-08-10,2026-08-10 11:05:00,130.75,130.8,130.505,130.56,8869.0
2026-08-10,2026-08-10 11:10:00,130.65,130.74,130.4,130.54,15557.0
2026-08-10,2026-08-10 11:15:00,130.575,130.83,130.3,130.725,18233.0
2026-08-10,2026-08-10 11:20:00,130.8,130.8,130.33,130.43,17169.0
2026-08-10,2026-08-10 11:25:00,130.51,130.69,130.43,130.55,11661.0
2026-08-10,2026-08-10 11:30:00,130.56,130.67,130.16,130.16,16710.0
2026-08-10,2026-08-10 11:35:00,130.25,130.34,130.08,130.17,20246.0
2026-08-10,2026-08-10 11:40:00,130.12,130.225,130.105,130.165,11521.0
2026-08-10,2026-08-10 11:45:00,130.165,130.345,130.03,130.265,7074.0
2026-08-10,2026-08-10 11:50:00,130.265,130.355,130.2,130.355,4728.0
2026-08-10,2026-08-10 11:55:00,130.28,130.4,130.24,130.32,7846.0
2026-08-10,2026-08-10 12:00:00,130.26,130.51,130.25,130.445,7571.0
2026-08-10,2026-08-10 12:05:00,130.445,130.445,130.16,130.33,11274.0
2026-08-10,2026-08-10 12:10:00,130.35,130.44,130.3,130.44,4125.0
2026-08-10,2026-08-10 12:15:00,130.48,130.66,130.41,130.525,14523.0
2026-08-10,2026-08-10 12:20:00,130.48,130.76,130.48,130.75,15256.0
2026-08-10,2026-08-10 12:25:00,130.81,130.86,130.55,130.57,15998.0
2026-08-10,2026-08-10 12:30:00,130.65,130.71,130.38,130.665,14066.0
2026-08-10,2026-08-10 12:35:00,130.71,130.71,130.15,130.53,22430.0
2026-08-10,2026-08-10 12:40:00,130.52,130.72,130.44,130.535,9823.0
2026-08-10,2026-08-10 12:45:00,130.535,130.7,130.23,130.345,12085.0
2026-08-10,2026-08-10 12:50:00,130.29,130.295,130.11,130.16,8875.0
2026-08-10,2026-08-10 12:55:00,130.12,130.42,130.11,130.42,8930.0
2026-08-10,2026-08-10 13:00:00,130.46,130.46,130.3,130.38,8131.0
2026-08-10,2026-08-10 13:05:00,130.38,130.39,130.235,130.24,9597.0
2026-08-10,2026-08-10 13:10:00,130.16,130.24,130.11,130.15,6829.0
2026-08-10,2026-08-10 13:15:00,130.15,130.36,130.15,130.31,8764.0
2026-08-10,2026-08-10 13:20:00,130.31,130.319,130.18,130.25,7091.0
2026-08-10,2026-08-10 13:25:00,130.16,130.2656,130.03,130.08,10019.0
2026-08-10,2026-08-10 13:30:00,130.11,130.16,130.02,130.16,10564.0
2026-08-10,2026-08-10 13:35:00,130.22,130.259,130.02,130.02,11384.0
2026-08-10,2026-08-10 13:40:00,130.02,130.09,129.98,130.075,9484.0
2026-08-10,2026-08-10 13:45:00,130.1097,130.275,130.03,130.275,8641.0
2026-08-10,2026-08-10 13:50:00,130.215,130.34,130.185,130.185,12359.0
2026-08-10,2026-08-10 13:55:00,130.19,130.26,130.15,130.18,8403.0
2026-08-10,2026-08-10 14:00:00,130.15,130.24,130.1,130.1575,10532.0
2026-08-10,2026-08-10 14:05:00,130.165,130.17,129.97,129.97,12889.0
2026-08-10,2026-08-10 14:10:00,129.97,130.16,129.97,130.035,8770.0
2026-08-10,2026-08-10 14:15:00,130.08,130.185,130.0759,130.12,9076.0
2026-08-10,2026-08-10 14:20:00,130.09,130.12,129.96,129.98,13836.0
2026-08-10,2026-08-10 14:25:00,130.0225,130.14,129.98,130.085,7909.0
2026-08-10,2026-08-10 14:30:00,130.01,130.13,129.94,130.105,13836.0
2026-08-10,2026-08-10 14:35:00,130.06,130.07,129.97,129.99,15335.0
2026-08-10,2026-08-10 14:40:00,129.96,129.98,129.88,129.885,8691.0
2026-08-10,2026-08-10 14:45:00,129.86,129.97,129.84,129.89,10141.0
2026-08-10,2026-08-10 14:50:00,129.88,129.93,129.86,129.93,9539.0
2026-08-10,2026-08-10 14:55:00,129.95,129.97,129.83,129.94,10589.0
2026-08-10,2026-08-10 15:00:00,129.885,129.97,129.88,129.91,11239.0
2026-08-10,2026-08-10 15:05:00,129.91,129.96,129.87,129.95,10238.0
2026-08-10,2026-08-10 15:10:00,129.93,130.04,129.93,130.01,9561.0
2026-08-10,2026-08-10 15:15:00,130.05,130.14,129.98,130.115,17340.0
2026-08-10,2026-08-10 15:20:00,130.14,130.31,130.11,130.31,10752.0
2026-08-10,2026-08-10 15:25:00,130.325,130.55,130.31,130.485,16454.0
2026-08-10,2026-08-10 15:30:00,130.46,130.64,130.39,130.5,34615.0
2026-08-10,2026-08-10 15:35:00,130.47,130.53,130.35,130.375,26999.0
2026-08-10,2026-08-10 15:40:00,130.32,130.4,130.22,130.37,24428.0
2026-08-10,2026-08-10 15:45:00,130.39,130.43,130.22,130.33,35929.0
2026-08-10,2026-08-10 15:50:00,130.35,130.46,130.21,130.21,30739.0
2026-08-10,2026-08-10 15:55:00,130.24,130.41,129.57,129.61,88093.0
2026-08-10,2026-08-10 16:00:00,129.57,129.57,129.24,129.37,629552.0
2026-08-11,2026-08-11 09:35:00,128.59,129.36,128.59,128.75,16989.0
2026-08-11,2026-08-11 09:40:00,128.75,129.45,128.48,129.32,7708.0
2026-08-11,2026-08-11 09:45:00,129.1966,129.41,129.06,129.23,9144.0
2026-08-11,2026-08-11 09:50:00,129.375,129.64,129.27,129.345,9580.0
2026-08-11,2026-08-11 09:55:00,129.18,129.42,129.1,129.24,26298.0
2026-08-11,2026-08-11 10:00:00,129.21,129.44,129.21,129.42,15649.0
2026-08-11,2026-08-11 10:05:00,129.395,129.47,128.795,128.93,13978.0
2026-08-11,2026-08-11 10:10:00,128.885,128.92,128.405,128.5,12132.0
2026-08-11,2026-08-11 10:15:00,128.48,128.54,128.0,128.54,10190.0
2026-08-11,2026-08-11 10:20:00,128.47,128.88,128.28,128.88,9775.0
2026-08-11,2026-08-11 10:25:00,128.88,128.96,128.575,128.76,14608.0
2026-08-11,2026-08-11 10:30:00,128.79,129.14,128.7,129.075,11505.0
2026-08-11,2026-08-11 10:35:00,129.04,129.13,128.61,128.72,14514.0
2026-08-11,2026-08-11 10:40:00,128.6875,128.8225,128.56,128.815,17151.0
2026-08-11,2026-08-11 10:45:00,128.73,128.89,128.63,128.8,9240.0
2026-08-11,2026-08-11 10:50:00,128.73,128.985,128.73,128.95,13291.0
2026-08-11,2026-08-11 10:55:00,128.865,128.9,128.53,128.9,11601.0
2026-08-11,2026-08-11 11:00:00,128.88,128.94,128.5,128.65,12235.0
2026-08-11,2026-08-11 11:05:00,128.7,128.79,128.56,128.6,6303.0
2026-08-11,2026-08-11 11:10:00,128.6,128.78,128.495,128.61,7899.0
2026-08-11,2026-08-11 11:15:00,128.68,128.81,128.61,128.61,9163.0
2026-08-11,2026-08-11 11:20:00,128.55,128.55,128.0,128.14,9750.0
2026-08-11,2026-08-11 11:25:00,128.01,128.24,128.0,128.0125,8386.0
2026-08-11,2026-08-11 11:30:00,128.01,128.04,127.73,127.73,7125.0
2026-08-11,2026-08-11 11:35:00,127.795,127.795,127.56,127.6,7770.0
2026-08-11,2026-08-11 11:40:00,127.61,127.65,127.48,127.64,8076.0
2026-08-11,2026-08-11 11:45:00,127.645,127.74,127.645,127.67,5666.0
2026-08-11,2026-08-11 11:50:00,127.64,127.76,127.53,127.56,8353.0
2026-08-11,2026-08-11 11:55:00,127.5,127.62,127.41,127.41,8499.0
2026-08-11,2026-08-11 12:00:00,127.37,127.39,127.29,127.355,4443.0
2026-08-11,2026-08-11 12:05:00,127.365,127.68,127.31,127.455,10796.0
2026-08-11,2026-08-11 12:10:00,127.54,127.59,127.44,127.44,7376.0
2026-08-11,2026-08-11 12:15:00,127.49,127.6,127.435,127.6,6608.0
2026-08-11,2026-08-11 12:20:00,127.49,127.6,127.49,127.54,6355.0
2026-08-11,2026-08-11 12:25:00,127.6,127.74,127.39,127.39,13760.0
2026-08-11,2026-08-11 12:30:00,127.4,127.49,127.3229,127.38,7424.0
2026-08-11,2026-08-11 12:35:00,127.3,127.38,127.16,127.16,5709.0
2026-08-11,2026-08-11 12:40:00,127.17,127.355,127.09,127.12,6127.0
2026-08-11,2026-08-11 12:45:00,127.21,127.32,127.21,127.29,7589.0
2026-08-11,2026-08-11 12:50:00,127.24,127.5,127.24,127.5,10836.0
2026-08-11,2026-08-11 12:55:00,127.57,127.57,127.4,127.57,13393.0
2026-08-11,2026-08-11 13:00:00,127.5,127.62,127.48,127.56,15384.0
2026-08-11,2026-08-11 13:05:00,127.56,127.61,127.45,127.49,17949.0
2026-08-11,2026-08-11 13:10:00,127.485,127.53,127.485,127.495,9363.0
2026-08-11,2026-08-11 13:15:00,127.5,127.53,127.44,127.48,11446.0
2026-08-11,2026-08-11 13:20:00,127.48,127.51,127.31,127.325,17665.0
2026-08-11,2026-08-11 13:25:00,127.39,128.3,127.39,128.3,31522.0
2026-08-11,2026-08-11 13:30:00,128.175,128.52,128.17,128.34,10091.0
2026-08-11,2026-08-11 13:35:00,128.375,128.47,128.075,128.16,15053.0
2026-08-11,2026-08-11 13:40:00,128.1,128.1,127.64,127.7125,20425.0
2026-08-11,2026-08-11 13:45:00,127.64,127.67,127.54,127.54,6099.0
2026-08-11,2026-08-11 13:50:00,127.605,127.67,127.5,127.5,5947.0
2026-08-11,2026-08-11 13:55:00,127.5,127.555,127.35,127.445,7816.0
2026-08-11,2026-08-11 14:00:00,127.475,127.475,127.36,127.425,5708.0
2026-08-11,2026-08-11 14:05:00,127.4,127.4,127.25,127.3,9776.0
2026-08-11,2026-08-11 14:10:00,127.31,127.43,127.27,127.3,9709.0
2026-08-11,2026-08-11 14:15:00,127.38,127.475,127.35,127.47,5903.0
2026-08-11,2026-08-11 14:20:00,127.475,127.57,127.42,127.55,10212.0
2026-08-11,2026-08-11 14:25:00,127.52,127.62,127.49,127.565,6455.0
2026-08-11,2026-08-11 14:30:00,127.63,127.77,127.58,127.61,15529.0
2026-08-11,2026-08-11 14:35:00,127.58,127.78,127.58,127.78,5635.0
2026-08-11,2026-08-11 14:40:00,127.92,128.12,127.905,128.105,7138.0
2026-08-11,2026-08-11 14:45:00,128.08,128.08,127.84,128.04,11117.0
2026-08-11,2026-08-11 14:50:00,128.03,128.0375,127.75,127.75,10179.0
2026-08-11,2026-08-11 14:55:00,127.83,127.83,127.66,127.67,9792.0
2026-08-11,2026-08-11 15:00:00,127.66,127.78,127.62,127.7,14328.0
2026-08-11,2026-08-11 15:05:00,127.685,127.77,127.62,127.67,11323.0
2026-08-11,2026-08-11 15:10:00,127.725,127.88,127.71,127.71,18556.0
2026-08-11,2026-08-11 15:15:00,127.71,128.01,127.7,127.99,10994.0
2026-08-11,2026-08-11 15:20:00,127.975,128.68,127.975,128.51,70758.0
2026-08-11,2026-08-11 15:25:00,128.46,128.555,128.38,128.435,21709.0
2026-08-11,2026-08-11 15:30:00,128.41,128.6,128.35,128.58,23921.0
2026-08-11,2026-08-11 15:35:00,128.58,128.78,128.58,128.68,23588.0
2026-08-11,2026-08-11 15:40:00,128.69,128.81,128.69,128.81,16339.0
2026-08-11,2026-08-11 15:45:00,128.775,128.925,128.64,128.65,19182.0
2026-08-11,2026-08-11 15:50:00,128.65,128.74,128.49,128.56,43248.0
2026-08-11,2026-08-11 15:55:00,128.54,128.54,127.97,128.005,100712.0
2026-08-11,2026-08-11 16:00:00,128.03,128.1,127.715,128.06,586630.0
2026-08-12,2026-08-12 09:35:00,127.96,128.63,127.55,128.63,15103.0
2026-08-12,2026-08-12 09:40:00,128.67,129.1799,128.0687,128.85,3988.0
2026-08-12,2026-08-12 09:45:00,128.19,128.19,127.335,127.34,4593.0
2026-08-12,2026-08-12 09:50:00,127.5,128.2254,127.29,128.03,9129.0
2026-08-12,2026-08-12 09:55:00,128.0,128.43,127.88,128.38,15209.0
2026-08-12,2026-08-12 10:00:00,128.47,128.705,128.46,128.54,7703.0
2026-08-12,2026-08-12 10:05:00,128.54,129.39,128.41,129.34,22788.0
2026-08-12,2026-08-12 10:10:00,129.34,129.34,129.07,129.3,4564.0
2026-08-12,2026-08-12 10:15:00,129.32,129.42,129.18,129.35,8767.0
2026-08-12,2026-08-12 10:20:00,129.245,129.72,129.245,129.41,14118.0
2026-08-12,2026-08-12 10:25:00,129.445,129.705,129.32,129.655,9052.0
2026-08-12,2026-08-12 10:30:00,129.655,129.655,129.11,129.225,8266.0
2026-08-12,2026-08-12 10:35:00,129.26,129.26,128.24,128.28,31115.0
2026-08-12,2026-08-12 10:40:00,128.19,128.32,127.975,127.975,6357.0
2026-08-12,2026-08-12 10:45:00,127.98,128.0,127.18,127.45,86259.0
2026-08-12,2026-08-12 10:50:00,127.46,127.955,127.46,127.955,23227.0
2026-08-12,2026-08-12 10:55:00,127.97,127.99,127.77,127.79,11247.0
2026-08-12,2026-08-12 11:00:00,127.78,127.8525,127.495,127.5225,13322.0
2026-08-12,2026-08-12 11:05:00,127.585,127.795,127.52,127.775,8338.0
2026-08-12,2026-08-12 11:10:00,127.83,128.055,127.76,128.01,10195.0
2026-08-12,2026-08-12 11:15:00,128.02,128.17,127.87,127.9,12397.0
2026-08-12,2026-08-12 11:20:00,127.94,127.97,127.72,127.815,12114.0
2026-08-12,2026-08-12 11:25:00,127.8451,127.92,127.81,127.92,4988.0
2026-08-12,2026-08-12 11:30:00,127.84,127.895,127.72,127.89,7750.0
2026-08-12,2026-08-12 11:35:00,127.91,127.93,127.82,127.82,6797.0
2026-08-12,2026-08-12 11:40:00,128.0099,128.05,127.85,127.98,3609.0
2026-08-12,2026-08-12 11:45:00,127.9421,128.03,127.86,127.93,9558.0
2026-08-12,2026-08-12 11:50:00,127.96,128.15,127.87,128.15,6068.0
2026-08-12,2026-08-12 11:55:00,128.05,128.23,128.04,128.1725,11458.0
2026-08-12,2026-08-12 12:00:00,128.18,128.28,128.02,128.13,17043.0
2026-08-12,2026-08-12 12:05:00,128.08,128.18,128.03,128.04,6635.0
2026-08-12,2026-08-12 12:10:00,128.02,128.205,128.02,128.205,4221.0
2026-08-12,2026-08-12 12:15:00,128.255,128.73,128.16,128.73,109474.0
2026-08-12,2026-08-12 12:20:00,128.72,129.055,128.63,128.79,47869.0
2026-08-12,2026-08-12 12:25:00,128.79,128.86,128.53,128.62,26751.0
2026-08-12,2026-08-12 12:30:00,128.55,128.63,128.37,128.51,15298.0
2026-08-12,2026-08-12 12:35:00,128.61,128.85,128.61,128.8,6623.0
2026-08-12,2026-08-12 12:40:00,128.77,128.88,128.71,128.77,8378.0
2026-08-12,2026-08-12 12:45:00,128.88,128.97,128.74,128.97,10286.0
2026-08-12,2026-08-12 12:50:00,128.88,129.02,128.81,128.87,8808.0
2026-08-12,2026-08-12 12:55:00,128.87,128.96,128.735,128.735,9412.0
2026-08-12,2026-08-12 13:00:00,128.735,128.735,128.56,128.7,8738.0
2026-08-12,2026-08-12 13:05:00,128.69,128.69,128.53,128.69,7145.0
2026-08-12,2026-08-12 13:10:00,128.71,128.91,128.71,128.91,7041.0
2026-08-12,2026-08-12 13:15:00,128.92,129.0,128.75,128.88,20066.0
2026-08-12,2026-08-12 13:20:00,128.76,128.82,128.69,128.82,8750.0
2026-08-12,2026-08-12 13:25:00,128.82,128.94,128.73,128.94,6709.0
2026-08-12,2026-08-12 13:30:00,128.92,128.92,128.78,128.815,12487.0
2026-08-12,2026-08-12 13:35:00,128.845,129.025,128.72,128.84,13771.0
2026-08-12,2026-08-12 13:40:00,128.81,128.858,128.69,128.76,10031.0
2026-08-12,2026-08-12 13:45:00,128.75,128.77,128.62,128.62,9598.0
2026-08-12,2026-08-12 13:50:00,128.62,128.728,128.59,128.7,10572.0
2026-08-12,2026-08-12 13:55:00,128.69,128.74,128.57,128.61,9466.0
2026-08-12,2026-08-12 14:00:00,128.62,128.72,128.58,128.72,17240.0
2026-08-12,2026-08-12 14:05:00,128.66,128.76,128.65,128.67,8368.0
2026-08-12,2026-08-12 14:10:00,128.66,128.755,128.63,128.65,13939.0
2026-08-12,2026-08-12 14:15:00,128.62,128.75,128.62,128.74,5683.0
2026-08-12,2026-08-12 14:20:00,128.715,128.729,128.66,128.685,7555.0
2026-08-12,2026-08-12 14:25:00,128.64,128.725,128.61,128.69,12783.0
2026-08-12,2026-08-12 14:30:00,128.685,128.69,128.48,128.53,15617.0
2026-08-12,2026-08-12 14:35:00,128.58,128.685,128.58,128.685,3979.0
2026-08-12,2026-08-12 14:40:00,128.75,128.805,128.7,128.74,13915.0
2026-08-12,2026-08-12 14:45:00,128.67,128.695,128.64,128.695,7779.0
2026-08-12,2026-08-12 14:50:00,128.74,128.84,128.71,128.77,11808.0
2026-08-12,2026-08-12 14:55:00,128.8,128.84,128.76,128.83,8661.0
2026-08-12,2026-08-12 15:00:00,128.835,128.86,128.695,128.735,14862.0
2026-08-12,2026-08-12 15:05:00,128.69,128.81,128.68,128.77,9627.0
2026-08-12,2026-08-12 15:10:00,128.75,128.79,128.68,128.715,16682.0
2026-08-12,2026-08-12 15:15:00,128.7,129.01,128.67,129.01,16792.0
2026-08-12,2026-08-12 15:20:00,128.98,129.02,128.85,128.94,30849.0
2026-08-12,2026-08-12 15:25:00,128.91,128.97,128.75,128.92,19513.0
2026-08-12,2026-08-12 15:30:00,128.88,128.9,128.83,128.89,16830.0
2026-08-12,2026-08-12 15:35:00,128.89,129.115,128.835,129.115,33030.0
2026-08-12,2026-08-12 15:40:00,129.17,129.17,128.86,128.86,29620.0
2026-08-12,2026-08-12 15:45:00,128.85,129.025,128.8,128.93,22969.0
2026-08-12,2026-08-12 15:50:00,128.93,129.0,128.87,128.91,32289.0
2026-08-12,2026-08-12 15:55:00,128.91,128.91,128.51,128.58,74700.0
2026-08-12,2026-08-12 16:00:00,128.54,128.765,128.51,128.61,500447.0
2026-08-13,2026-08-13 09:35:00,129.9,130.25,129.625,129.625,10900.0
2026-08-13,2026-08-13 09:40:00,129.32,130.2047,129.32,130.2047,5199.0
2026-08-13,2026-08-13 09:45:00,129.94,129.94,129.1,129.23,4293.0
2026-08-13,2026-08-13 09:50:00,129.47,130.01,129.47,129.905,8449.0
2026-08-13,2026-08-13 09:55:00,130.07,131.16,129.91,131.1,18048.0
2026-08-13,2026-08-13 10:00:00,130.99,131.4699,130.9101,131.4699,15673.0
2026-08-13,2026-08-13 10:05:00,131.49,131.86,131.19,131.19,24392.0
2026-08-13,2026-08-13 10:10:00,131.2,131.545,131.18,131.485,20508.0
2026-08-13,2026-08-13 10:15:00,131.49,131.49,131.0601,131.0601,10076.0
2026-08-13,2026-08-13 10:20:00,131.22,131.5,131.01,131.47,14790.0
2026-08-13,2026-08-13 10:25:00,131.34,131.4125,131.245,131.32,9009.0
2026-08-13,2026-08-13 10:30:00,131.32,131.41,131.195,131.31,11270.0
2026-08-13,2026-08-13 10:35:00,131.31,131.31,130.63,130.885,21460.0
2026-08-13,2026-08-13 10:40:00,130.885,130.885,130.64,130.645291,7591.0
2026-08-13,2026-08-13 10:45:00,130.61,130.68,130.61,130.64,6735.0
2026-08-13,2026-08-13 10:50:00,130.53,130.55,130.29,130.31,5208.0
2026-08-13,2026-08-13 10:55:00,130.23,130.245,129.39,129.39,10997.0
2026-08-13,2026-08-13 11:00:00,129.565,129.84,129.39,129.745,6231.0
2026-08-13,2026-08-13 11:05:00,129.63,129.92,129.63,129.765,16168.0
2026-08-13,2026-08-13 11:10:00,129.78,129.82,129.51,129.51,7474.0
2026-08-13,2026-08-13 11:15:00,129.5,129.63,129.35,129.36,7370.0
2026-08-13,2026-08-13 11:20:00,129.36,129.44,129.235,129.235,7565.0
2026-08-13,2026-08-13 11:25:00,129.215,129.27,129.0,129.0,11157.0
2026-08-13,2026-08-13 11:30:00,128.98,129.0795,128.67,128.75,12780.0
2026-08-13,2026-08-13 11:35:00,128.75,128.9,128.71,128.84,13176.0
2026-08-13,2026-08-13 11:40:00,128.815,128.97,128.815,128.92,11626.0
2026-08-13,2026-08-13 11:45:00,128.97,128.97,128.68,128.83,8394.0
2026-08-13,2026-08-13 11:50:00,128.78,128.85,128.745,128.83,5944.0
2026-08-13,2026-08-13 11:55:00,128.8201,128.94,128.8,128.8,7962.0
2026-08-13,2026-08-13 12:00:00,128.845,129.05,128.845,128.98,6914.0
2026-08-13,2026-08-13 12:05:00,129.005,129.22,129.005,129.16,11363.0
2026-08-13,2026-08-13 12:10:00,129.17,129.285,129.13,129.21,9119.0
2026-08-13,2026-08-13 12:15:00,129.18,129.3251,129.18,129.3251,6231.0
2026-08-13,2026-08-13 12:20:00,129.32,129.325,129.22,129.285,3796.0
2026-08-13,2026-08-13 12:25:00,129.29,129.46,129.21,129.21,12964.0
2026-08-13,2026-08-13 12:30:00,129.21,129.29,129.07,129.28,11369.0
2026-08-13,2026-08-13 12:35:00,129.23,129.43,129.23,129.33,8351.0
2026-08-13,2026-08-13 12:40:00,129.35,129.45,129.21,129.45,24888.0
2026-08-13,2026-08-13 12:45:00,129.43,129.51,129.19,129.38,42940.0
2026-08-13,2026-08-13 12:50:00,129.38,129.58,129.33,129.58,10783.0
2026-08-13,2026-08-13 12:55:00,129.57,129.77,129.57,129.685,8159.0
2026-08-13,2026-08-13 13:00:00,129.65,129.72,129.65,129.7,6991.0
2026-08-13,2026-08-13 13:05:00,129.69,129.865,129.69,129.74,9850.0
2026-08-13,2026-08-13 13:10:00,129.69,129.74,129.58,129.67,8465.0
2026-08-13,2026-08-13 13:15:00,129.68,129.68,129.52,129.6,8040.0
2026-08-13,2026-08-13 13:20:00,129.5864,129.715,129.5301,129.645,9131.0
2026-08-13,2026-08-13 13:25:00,129.645,129.72,129.59,129.645,7857.0
2026-08-13,2026-08-13 13:30:00,129.63,129.77,129.61,129.75,19351.0
2026-08-13,2026-08-13 13:35:00,129.72,129.79,129.64,129.77,9676.0
2026-08-13,2026-08-13 13:40:00,129.72,129.75,129.64,129.73,8675.0
2026-08-13,2026-08-13 13:45:00,129.745,129.78,129.61,129.61,13421.0
2026-08-13,2026-08-13 13:50:00,129.61,129.61,129.51,129.59,11784.0
2026-08-13,2026-08-13 13:55:00,129.57,129.77,129.57,129.77,7122.0
2026-08-13,2026-08-13 14:00:00,129.73,129.85,129.68,129.835,8326.0
2026-08-13,2026-08-13 14:05:00,129.78,130.02,129.78,129.965,10633.0
2026-08-13,2026-08-13 14:10:00,129.99,130.13,129.99,130.055,8970.0
2026-08-13,2026-08-13 14:15:00,130.01,130.13,130.01,130.025,9414.0
2026-08-13,2026-08-13 14:20:00,130.0399,130.0399,129.81,129.885,10548.0
2026-08-13,2026-08-13 14:25:00,129.83,129.935,129.83,129.91,7765.0
2026-08-13,2026-08-13 14:30:00,129.995,130.04,129.96,129.96,7276.0
2026-08-13,2026-08-13 14:35:00,129.95,129.975,129.73,129.775,11921.0
2026-08-13,2026-08-13 14:40:00,129.76,129.89,129.73,129.89,9342.0
2026-08-13,2026-08-13 14:45:00,129.87,129.935,129.85,129.895,10719.0
2026-08-13,2026-08-13 14:50:00,129.84,129.92,129.78,129.92,10900.0
2026-08-13,2026-08-13 14:55:00,129.895,129.97,129.705,129.75,18785.0
2026-08-13,2026-08-13 15:00:00,129.755,129.755,129.63,129.64,14076.0
2026-08-13,2026-08-13 15:05:00,129.64,129.64,129.47,129.48,10378.0
2026-08-13,2026-08-13 15:10:00,129.48,129.49,129.27,129.455,13198.0
2026-08-13,2026-08-13 15:15:00,129.445,129.445,129.3,129.3,19016.0
2026-08-13,2026-08-13 15:20:00,129.31,129.4,129.28,129.305,12569.0
2026-08-13,2026-08-13 15:25:00,129.305,129.36,129.21,129.36,20039.0
2026-08-13,2026-08-13 15:30:00,129.365,129.49,129.28,129.28,17345.0
2026-08-13,2026-08-13 15:35:00,129.25,129.37,129.075,129.18,28464.0
2026-08-13,2026-08-13 15:40:00,129.175,129.23,129.08,129.19,26769.0
2026-08-13,2026-08-13 15:45:00,129.21,129.59,129.21,129.59,26113.0
2026-08-13,2026-08-13 15:50:00,129.59,129.59,129.26,129.33,29519.0
2026-08-13,2026-08-13 15:55:00,129.32,129.42,129.01,129.365,47728.0
2026-08-13,2026-08-13 16:00:00,129.31,129.78,129.3,129.53,589600.0
2026-08-14,2026-08-14 09:35:00,129.99,131.21,129.66,130.4,51231.0
2026-08-14,2026-08-14 09:40:00,130.53,130.87,129.61,130.02,8500.0
2026-08-14,2026-08-14 09:45:00,129.94,129.95,129.66,129.76,5536.0
2026-08-14,2026-08-14 09:50:00,129.79,130.15,129.79,130.15,8441.0
2026-08-14,2026-08-14 09:55:00,130.25,130.71,130.16,130.24,7648.0
2026-08-14,2026-08-14 10:00:00,130.14,130.47,130.07,130.39,8133.0
2026-08-14,2026-08-14 10:05:00,130.29,130.42,129.62,129.71,9519.0
2026-08-14,2026-08-14 10:10:00,129.86,129.87,129.4,129.67,8394.0
2026-08-14,2026-08-14 10:15:00,129.635,130.01,129.56,129.88,8760.0
2026-08-14,2026-08-14 10:20:00,130.15,130.42,130.15,130.225,9621.0
2026-08-14,2026-08-14 10:25:00,130.09,130.3186,130.0,130.195,18149.0
2026-08-14,2026-08-14 10:30:00,130.17,130.36,130.12,130.36,9128.0
2026-08-14,2026-08-14 10:35:00,130.41,130.41,130.19,130.21,10956.0
2026-08-14,2026-08-14 10:40:00,130.58,130.835,130.52,130.835,5680.0
2026-08-14,2026-08-14 10:45:00,130.7,130.72,130.345,130.68,12533.0
2026-08-14,2026-08-14 10:50:00,130.71,130.805,130.52,130.52,12585.0
2026-08-14,2026-08-14 10:55:00,130.53,130.58,130.29,130.36,6940.0
2026-08-14,2026-08-14 11:00:00,130.17,130.2,130.04,130.16,14985.0
2026-08-14,2026-08-14 11:05:00,130.16,130.29,130.16,130.21,7698.0
2026-08-14,2026-08-14 11:10:00,130.31,130.32,130.25,130.26,6327.0
2026-08-14,2026-08-14 11:15:00,130.3,130.36,130.3,130.36,5041.0
2026-08-14,2026-08-14 11:20:00,130.29,130.29,130.01,130.15,5137.0
2026-08-14,2026-08-14 11:25:00,130.19,130.27,130.135,130.215,7859.0
2026-08-14,2026-08-14 11:30:00,130.27,130.36,130.27,130.36,4989.0
2026-08-14,2026-08-14 11:35:00,130.4,130.54,130.39,130.485,9678.0
2026-08-14,2026-08-14 11:40:00,130.485,130.7964,130.44,130.73,33127.0
2026-08-14,2026-08-14 11:45:00,130.71,130.72,130.6,130.61,7130.0
2026-08-14,2026-08-14 11:50:00,130.65,130.65,130.59,130.59,3846.0
2026-08-14,2026-08-14 11:55:00,130.615,130.615,130.425,130.48,6720.0
2026-08-14,2026-08-14 12:00:00,130.47,130.52,130.37,130.52,7721.0
2026-08-14,2026-08-14 12:05:00,130.55,130.57,130.52,130.52,3136.0
2026-08-14,2026-08-14 12:10:00,130.53,130.56,130.32,130.32,8061.0
2026-08-14,2026-08-14 12:15:00,130.295,130.295,130.11,130.18,12342.0
2026-08-14,2026-08-14 12:20:00,130.175,130.22,130.06,130.06,5769.0
2026-08-14,2026-08-14 12:25:00,130.01,130.12,130.01,130.12,6362.0
2026-08-14,2026-08-14 12:30:00,130.13,130.13,129.97,129.99,6219.0
2026-08-14,2026-08-14 12:35:00,130.1,130.27,130.1,130.27,3853.0
2026-08-14,2026-08-14 12:40:00,130.26,130.28,130.22,130.22,3274.0
2026-08-14,2026-08-14 12:45:00,130.23,130.28,130.2103,130.27,3811.0
2026-08-14,2026-08-14 12:50:00,130.2,130.2,130.065,130.18,6266.0
2026-08-14,2026-08-14 12:55:00,130.15,130.19,130.1,130.16,2488.0
2026-08-14,2026-08-14 13:00:00,130.27,130.28,130.125,130.125,4403.0
2026-08-14,2026-08-14 13:05:00,130.12,130.17,130.07,130.1,9555.0
2026-08-14,2026-08-14 13:10:00,130.13,130.16,130.13,130.16,3649.0
2026-08-14,2026-08-14 13:15:00,130.18,130.405,130.155,130.35,6055.0
2026-08-14,2026-08-14 13:20:00,130.38,130.52,130.34,130.49,21202.0
2026-08-14,2026-08-14 13:25:00,130.51,130.57,130.47,130.52,4791.0
2026-08-14,2026-08-14 13:30:00,130.515,130.52,130.4,130.4,3373.0
2026-08-14,2026-08-14 13:35:00,130.405,130.45,130.37,130.45,3580.0
2026-08-14,2026-08-14 13:40:00,130.405,130.405,130.24,130.25,5480.0
2026-08-14,2026-08-14 13:45:00,130.3355,130.3947,130.3355,130.355,1818.0
2026-08-14,2026-08-14 13:50:00,130.33,130.38,130.14,130.25,9697.0
2026-08-14,2026-08-14 13:55:00,130.22,130.35,130.22,130.31,11289.0
2026-08-14,2026-08-14 14:00:00,130.31,130.4,130.28,130.35,13406.0
2026-08-14,2026-08-14 14:05:00,130.35,130.54,130.32,130.44,15885.0
2026-08-14,2026-08-14 14:10:00,130.44,130.48,130.4,130.41,10976.0
2026-08-14,2026-08-14 14:15:00,130.435,130.53,130.41,130.51,10572.0
2026-08-14,2026-08-14 14:20:00,130.47,130.485,130.38,130.38,5515.0
2026-08-14,2026-08-14 14:25:00,130.39,130.43,130.29,130.315,18368.0
2026-08-14,2026-08-14 14:30:00,130.29,130.39,130.28,130.385,25679.0
2026-08-14,2026-08-14 14:35:00,130.385,130.42,130.06,130.06,19656.0
2026-08-14,2026-08-14 14:40:00,130.16,130.21,130.16,130.18,6047.0
2026-08-14,2026-08-14 14:45:00,130.23,130.23,130.13,130.2,4728.0
2026-08-14,2026-08-14 14:50:00,130.12,130.12,129.84,129.84,8120.0
2026-08-14,2026-08-14 14:55:00,129.88,129.89,129.8375,129.87,4382.0
2026-08-14,2026-08-14 15:00:00,129.81,129.81,129.64,129.64,12155.0
2026-08-14,2026-08-14 15:05:00,129.635,129.78,129.59,129.625,32220.0
2026-08-14,2026-08-14 15:10:00,129.62,130.0,129.59,129.94,15465.0
2026-08-14,2026-08-14 15:15:00,129.955,129.985,129.815,129.95,7097.0
2026-08-14,2026-08-14 15:20:00,129.94,129.965,129.74,129.74,7390.0
2026-08-14,2026-08-14 15:25:00,129.79,129.79,129.72,129.79,8638.0
2026-08-14,2026-08-14 15:30:00,129.83,129.99,129.78,129.78,9181.0
2026-08-14,2026-08-14 15:35:00,129.7,129.95,129.7,129.93,12349.0
2026-08-14,2026-08-14 15:40:00,129.92,130.29,129.92,130.23,69437.0
2026-08-14,2026-08-14 15:45:00,130.19,130.19,130.05,130.19,13009.0
2026-08-14,2026-08-14 15:50:00,130.18,130.19,129.785,129.93,30499.0
2026-08-14,2026-08-14 15:55:00,129.89,129.945,129.55,129.55,40564.0
2026-08-14,2026-08-14 16:00:00,129.56,130.01,129.29,129.39,734074.0
2026-08-17,2026-08-17 09:35:00,130.71,130.71,128.925,128.925,34418.0
2026-08-17,2026-08-17 09:40:00,128.93,129.53,128.05,128.9,15441.0
2026-08-17,2026-08-17 09:45:00,128.74,128.93,128.3005,128.79,23332.0
2026-08-17,2026-08-17 09:50:00,128.79,129.6101,128.64,129.17,17102.0
2026-08-17,2026-08-17 09:55:00,129.02,129.595,129.0,129.595,19330.0
2026-08-17,2026-08-17 10:00:00,129.595,129.97,129.58,129.75,7311.0
2026-08-17,2026-08-17 10:05:00,129.76,130.24,129.75,130.24,11900.0
2026-08-17,2026-08-17 10:10:00,130.33,130.87,130.33,130.85,7427.0
2026-08-17,2026-08-17 10:15:00,130.9,130.95,130.04,130.235,23817.0
2026-08-17,2026-08-17 10:20:00,130.16,130.32,129.89,129.9,8052.0
2026-08-17,2026-08-17 10:25:00,129.935,130.005,129.61,129.68,27090.0
2026-08-17,2026-08-17 10:30:00,129.8,129.8,129.545,129.56,8299.0
2026-08-17,2026-08-17 10:35:00,129.51,129.68,129.3775,129.38,13489.0
2026-08-17,2026-08-17 10:40:00,129.44,129.472807,129.27,129.37,7308.0
2026-08-17,2026-08-17 10:45:00,129.45,129.86,129.45,129.8,23435.0
2026-08-17,2026-08-17 10:50:00,129.94,130.27,129.94,130.03,17030.0
2026-08-17,2026-08-17 10:55:00,130.05,130.18,129.76,129.905,10151.0
2026-08-17,2026-08-17 11:00:00,129.8,130.03,129.79,129.825,18392.0
2026-08-17,2026-08-17 11:05:00,129.98,130.07,129.58,129.69,9113.0
2026-08-17,2026-08-17 11:10:00,129.76,129.76,129.05,129.06,22767.0
2026-08-17,2026-08-17 11:15:00,129.18,129.33,128.7,128.71,17726.0
2026-08-17,2026-08-17 11:20:00,128.805,128.9,128.59,128.66,15576.0
2026-08-17,2026-08-17 11:25:00,128.84,128.84,128.49,128.49,31784.0
2026-08-17,2026-08-17 11:30:00,128.5,128.82,128.5,128.71,13148.0
2026-08-17,2026-08-17 11:35:00,128.77,128.84,128.635,128.635,8363.0
2026-08-17,2026-08-17 11:40:00,128.645,128.97,128.645,128.94,12683.0
2026-08-17,2026-08-17 11:45:00,128.935,128.94,128.75,128.88,7637.0
2026-08-17,2026-08-17 11:50:00,128.81,128.82,128.485,128.49,7733.0
2026-08-17,2026-08-17 11:55:00,128.49,128.735,128.49,128.71,11965.0
2026-08-17,2026-08-17 12:00:00,128.71,128.85,128.52,128.61,10290.0
2026-08-17,2026-08-17 12:05:00,128.605,128.8,128.605,128.795,9783.0
2026-08-17,2026-08-17 12:10:00,128.795,128.86,128.73,128.735,6797.0
2026-08-17,2026-08-17 12:15:00,128.735,128.77,128.305,128.65,39250.0
2026-08-17,2026-08-17 12:20:00,128.65,128.925,128.64,128.905,15285.0
2026-08-17,2026-08-17 12:25:00,128.875,129.14,128.875,128.91,16623.0
2026-08-17,2026-08-17 12:30:00,128.91,129.05,128.885,128.985,10074.0
2026-08-17,2026-08-17 12:35:00,129.07,129.285,129.065,129.23,9660.0
2026-08-17,2026-08-17 12:40:00,129.21,129.21,128.95,129.18,28558.0
2026-08-17,2026-08-17 12:45:00,129.14,129.34,129.08,129.29,11810.0
2026-08-17,2026-08-17 12:50:00,129.275,129.4,129.18,129.4,8613.0
2026-08-17,2026-08-17 12:55:00,129.39,129.54,129.34,129.35,7309.0
2026-08-17,2026-08-17 13:00:00,129.425,129.5,129.39,129.495,22438.0
2026-08-17,2026-08-17 13:05:00,129.5,129.52,129.43,129.47,15303.0
2026-08-17,2026-08-17 13:10:00,129.47,129.57,129.44,129.4725,31789.0
2026-08-17,2026-08-17 13:15:00,129.47,129.75,129.4,129.65,16069.0
2026-08-17,2026-08-17 13:20:00,129.65,129.73,129.4,129.62,51619.0
2026-08-17,2026-08-17 13:25:00,129.67,129.72,129.4,129.45,10487.0
2026-08-17,2026-08-17 13:30:00,129.41,129.54,129.35,129.52,21122.0
2026-08-17,2026-08-17 13:35:00,129.53,129.535,129.3,129.3,13498.0
2026-08-17,2026-08-17 13:40:00,129.325,129.4,128.91,129.08,15763.0
2026-08-17,2026-08-17 13:45:00,129.08,129.32,128.85,128.85,16232.0
2026-08-17,2026-08-17 13:50:00,128.85,128.945,128.78,128.835,4535.0
2026-08-17,2026-08-17 13:55:00,128.83,128.86,128.75,128.81,5071.0
2026-08-17,2026-08-17 14:00:00,128.83,128.88,128.76,128.81,5902.0
2026-08-17,2026-08-17 14:05:00,128.815,128.98,128.815,128.91,4662.0
2026-08-17,2026-08-17 14:10:00,128.99,129.03,128.64,128.64,10362.0
2026-08-17,2026-08-17 14:15:00,128.64,128.7575,128.6,128.7575,8525.0
2026-08-17,2026-08-17 14:20:00,128.78,128.79,128.61,128.63,6031.0
2026-08-17,2026-08-17 14:25:00,128.71,128.99,128.71,128.89,11676.0
2026-08-17,2026-08-17 14:30:00,128.845,128.86,128.71,128.74,12033.0
2026-08-17,2026-08-17 14:35:00,128.78,128.78,128.66,128.68,7306.0
2026-08-17,2026-08-17 14:40:00,128.725,128.78,128.66,128.78,10300.0
2026-08-17,2026-08-17 14:45:00,128.765,129.065,128.765,129.0,13297.0
2026-08-17,2026-08-17 14:50:00,128.98,129.275,128.89,128.995,19188.0
2026-08-17,2026-08-17 14:55:00,129.0,129.08,128.81,128.93,8494.0
2026-08-17,2026-08-17 15:00:00,128.925,129.17,128.925,129.12,11361.0
2026-08-17,2026-08-17 15:05:00,129.11,129.11,128.765,128.91,10265.0
2026-08-17,2026-08-17 15:10:00,128.815,129.08,128.815,128.98,12811.0
2026-08-17,2026-08-17 15:15:00,128.93,128.95,128.63,128.78,14687.0
2026-08-17,2026-08-17 15:20:00,128.845,128.98,128.7,128.705,13080.0
2026-08-17,2026-08-17 15:25:00,128.7,128.81,128.66,128.73,13218.0
2026-08-17,2026-08-17 15:30:00,128.7,128.79,128.65,128.79,11138.0
2026-08-17,2026-08-17 15:35:00,128.76,128.76,128.57,128.65,18274.0
2026-08-17,2026-08-17 15:40:00,128.65,128.79,128.485,128.61,21339.0
2026-08-17,2026-08-17 15:45:00,128.57,128.65,128.51,128.54,23656.0
2026-08-17,2026-08-17 15:50:00,128.55,128.78,128.52,128.76,34403.0
2026-08-17,2026-08-17 15:55:00,128.83,129.305,128.8,129.295,62869.0
2026-08-17,2026-08-17 16:00:00,129.26,129.8,129.26,129.54,611507.0
2026-08-18,2026-08-18 09:35:00,131.84,132.275,130.0,130.0,83180.0
2026-08-18,2026-08-18 09:40:00,130.0,130.46,129.65,129.8,49096.0
2026-08-18,2026-08-18 09:45:00,129.982721,129.99,129.0,129.7,21000.0
2026-08-18,2026-08-18 09:50:00,129.75,130.44,129.6,130.19,9524.0
2026-08-18,2026-08-18 09:55:00,130.205,130.59,130.17,130.4,11893.0
2026-08-18,2026-08-18 10:00:00,130.32,130.64,130.22,130.395,14341.0
2026-08-18,2026-08-18 10:05:00,130.31,130.41,130.15,130.37,7108.0
2026-08-18,2026-08-18 10:10:00,130.225,131.34,130.22,131.145,35138.0
2026-08-18,2026-08-18 10:15:00,131.145,131.4,130.79,131.4,19341.0
2026-08-18,2026-08-18 10:20:00,131.32,131.85,131.32,131.76,7829.0
2026-08-18,2026-08-18 10:25:00,131.9125,131.9125,131.54,131.79,5306.0
2026-08-18,2026-08-18 10:30:00,131.95,132.06,131.74,131.995,8123.0
2026-08-18,2026-08-18 10:35:00,132.16,132.59,132.16,132.29,20982.0
2026-08-18,2026-08-18 10:40:00,132.41,132.64,132.35,132.64,5438.0
2026-08-18,2026-08-18 10:45:00,132.71,132.7799,132.5375,132.7799,12368.0
2026-08-18,2026-08-18 10:50:00,132.7,133.22,132.7,132.87,24346.0
2026-08-18,2026-08-18 10:55:00,132.945,133.28,132.935,133.235,9370.0
2026-08-18,2026-08-18 11:00:00,133.18,133.45,133.17,133.45,10960.0
2026-08-18,2026-08-18 11:05:00,133.36,133.394,133.15,133.25,9564.0
2026-08-18,2026-08-18 11:10:00,133.36,133.425,133.01,133.1,11419.0
2026-08-18,2026-08-18 11:15:00,133.04,133.3275,132.945,132.945,23579.0
2026-08-18,2026-08-18 11:20:00,133.07,133.15,132.99,133.06,8747.0
2026-08-18,2026-08-18 11:25:00,133.04,133.04,132.66,132.69,11754.0
2026-08-18,2026-08-18 11:30:00,132.59,132.95,132.46,132.95,12549.0
2026-08-18,2026-08-18 11:35:00,132.93,132.93,132.65,132.8,13782.0
2026-08-18,2026-08-18 11:40:00,132.82,132.935,132.71,132.93,7597.0
2026-08-18,2026-08-18 11:45:00,132.93,132.9825,132.62,132.62,8832.0
2026-08-18,2026-08-18 11:50:00,132.655,132.67,132.3,132.38,8164.0
2026-08-18,2026-08-18 11:55:00,132.49,132.545,132.3,132.375,6929.0
2026-08-18,2026-08-18 12:00:00,132.395,132.395,132.16,132.23,7001.0
2026-08-18,2026-08-18 12:05:00,132.28,132.28,132.03,132.165,7904.0
2026-08-18,2026-08-18 12:10:00,132.12,132.28,132.12,132.18,11321.0
2026-08-18,2026-08-18 12:15:00,132.168,132.39,131.9,131.9,11975.0
2026-08-18,2026-08-18 12:20:00,132.05,132.05,131.76,131.88,6548.0
2026-08-18,2026-08-18 12:25:00,131.83,131.89,131.75,131.86,9038.0
2026-08-18,2026-08-18 12:30:00,131.82,131.89,131.73,131.765,7577.0
2026-08-18,2026-08-18 12:35:00,131.71,132.01,131.611,131.85,15698.0
2026-08-18,2026-08-18 12:40:00,131.78,131.92,131.77,131.8,5450.0
2026-08-18,2026-08-18 12:45:00,131.87,131.875,131.74,131.79,6379.0
2026-08-18,2026-08-18 12:50:00,131.77,131.815,131.71,131.71,6672.0
2026-08-18,2026-08-18 12:55:00,131.71,131.79,131.64,131.725,10663.0
2026-08-18,2026-08-18 13:00:00,131.74,131.885,131.715,131.885,10671.0
2026-08-18,2026-08-18 13:05:00,131.87,132.0,131.83,131.96,10655.0
2026-08-18,2026-08-18 13:10:00,131.94,131.97,131.86,131.885,12017.0
2026-08-18,2026-08-18 13:15:00,131.88,132.04,131.85,132.015,14209.0
2026-08-18,2026-08-18 13:20:00,131.93,131.93,131.53,131.67,15000.0
2026-08-18,2026-08-18 13:25:00,131.57,131.57,131.39,131.39,11412.0
2026-08-18,2026-08-18 13:30:00,131.41,131.4175,131.255,131.3,11327.0
2026-08-18,2026-08-18 13:35:00,131.285,131.575,131.265,131.48,13856.0
2026-08-18,2026-08-18 13:40:00,131.5,131.66,131.4825,131.505,10685.0
2026-08-18,2026-08-18 13:45:00,131.46,131.46,131.37,131.37,11413.0
2026-08-18,2026-08-18 13:50:00,131.34,131.36,131.195,131.36,8420.0
2026-08-18,2026-08-18 13:55:00,131.25,131.36,131.02,131.02,14576.0
2026-08-18,2026-08-18 14:00:00,131.085,131.3,131.04,131.3,14470.0
2026-08-18,2026-08-18 14:05:00,131.26,131.26,130.76,130.83,13899.0
2026-08-18,2026-08-18 14:10:00,130.76,130.8,130.505,130.68,15509.0
2026-08-18,2026-08-18 14:15:00,130.76,130.78,130.7,130.76,10844.0
2026-08-18,2026-08-18 14:20:00,130.78,130.785,130.605,130.62,12885.0
2026-08-18,2026-08-18 14:25:00,130.58,130.71,130.58,130.62,8878.0
2026-08-18,2026-08-18 14:30:00,130.685,130.8299,130.65,130.685,12508.0
2026-08-18,2026-08-18 14:35:00,130.73,130.995,130.71,130.945,13378.0
2026-08-18,2026-08-18 14:40:00,130.94,130.945,130.85,130.85,17679.0
2026-08-18,2026-08-18 14:45:00,130.85,130.96,130.82,130.95,12191.0
2026-08-18,2026-08-18 14:50:00,130.95,130.95,130.8,130.835,15305.0
2026-08-18,2026-08-18 14:55:00,130.8,131.01,130.57,130.91,20627.0
2026-08-18,2026-08-18 15:00:00,130.95,131.155,130.93,131.1,19588.0
2026-08-18,2026-08-18 15:05:00,131.115,131.256,131.0505,131.13,30133.0
2026-08-18,2026-08-18 15:10:00,131.2,131.26,131.095,131.095,18750.0
2026-08-18,2026-08-18 15:15:00,131.13,131.21,131.06,131.16,14286.0
2026-08-18,2026-08-18 15:20:00,131.05,131.1,130.99,131.1,22696.0
2026-08-18,2026-08-18 15:25:00,131.09,131.17,131.02,131.02,17437.0
2026-08-18,2026-08-18 15:30:00,131.015,131.11,130.96,130.98,18028.0
2026-08-18,2026-08-18 15:35:00,130.98,131.29,130.92,131.11,26738.0
2026-08-18,2026-08-18 15:40:00,131.025,131.12,130.85,130.94,19279.0
2026-08-18,2026-08-18 15:45:00,130.945,130.945,130.69,130.715,22251.0
2026-08-18,2026-08-18 15:50:00,130.65,130.87,130.61,130.775,33515.0
2026-08-18,2026-08-18 15:55:00,130.78,130.895,130.69,130.79,79786.0
2026-08-18,2026-08-18 16:00:00,130.72,130.72,130.34,130.48,870175.0
2026-08-19,2026-08-19 09:35:00,132.61,133.72,132.23,133.5,34275.0
2026-08-19,2026-08-19 09:40:00,133.49,133.64,132.84,133.1,8461.0
2026-08-19,2026-08-19 09:45:00,133.295,134.09,133.0,134.02,18836.0
2026-08-19,2026-08-19 09:50:00,133.84,134.68,133.62,134.37,28028.0
2026-08-19,2026-08-19 09:55:00,134.21,134.34,133.8,134.34,17259.0
2026-08-19,2026-08-19 10:00:00,134.335,134.88,134.1,134.87,16929.0
2026-08-19,2026-08-19 10:05:00,134.8,134.855,134.03,134.395,17850.0
2026-08-19,2026-08-19 10:10:00,134.27,134.28,133.9201,134.0301,14905.0
2026-08-19,2026-08-19 10:15:00,134.27,134.38,134.02,134.05,15421.0
2026-08-19,2026-08-19 10:20:00,134.16,134.549,134.09,134.549,24505.0
2026-08-19,2026-08-19 10:25:00,134.44,134.745,134.32,134.655,11819.0
2026-08-19,2026-08-19 10:30:00,134.71,134.805,134.32,134.385,14893.0
2026-08-19,2026-08-19 10:35:00,134.3,134.54,134.16,134.47,17407.0
2026-08-19,2026-08-19 10:40:00,134.47,134.52,134.358,134.415,11340.0
2026-08-19,2026-08-19 10:45:00,134.395,134.66,134.39,134.4,14116.0
2026-08-19,2026-08-19 10:50:00,134.4,134.49,134.21,134.21,9906.0
2026-08-19,2026-08-19 10:55:00,134.23,134.55,134.23,134.3,14296.0
2026-08-19,2026-08-19 11:00:00,134.18,134.185,133.95,134.02,10501.0
2026-08-19,2026-08-19 11:05:00,134.15,134.3,134.08,134.12,10123.0
2026-08-19,2026-08-19 11:10:00,134.05,134.305,133.98,134.155,33640.0
2026-08-19,2026-08-19 11:15:00,134.27,134.36,134.215,134.275,11902.0
2026-08-19,2026-08-19 11:20:00,134.255,134.2575,133.845,134.0,22997.0
2026-08-19,2026-08-19 11:25:00,134.015,134.27,133.99,134.07,16572.0
2026-08-19,2026-08-19 11:30:00,134.14,134.14,133.84,134.035,14064.0
2026-08-19,2026-08-19 11:35:00,134.08,134.18,133.72,133.72,13966.0
2026-08-19,2026-08-19 11:40:00,133.72,133.8,133.325,133.335,10320.0
2026-08-19,2026-08-19 11:45:00,133.38,133.39,133.13,133.13,9613.0
2026-08-19,2026-08-19 11:50:00,133.18,133.22,133.065,133.14,10830.0
2026-08-19,2026-08-19 11:55:00,133.1931,133.1931,133.04,133.05,8541.0
2026-08-19,2026-08-19 12:00:00,133.055,133.06,132.79,133.06,12115.0
2026-08-19,2026-08-19 12:05:00,133.085,133.14,132.91,132.945,10592.0
2026-08-19,2026-08-19 12:10:00,132.965,132.99,132.56,132.705,10372.0
2026-08-19,2026-08-19 12:15:00,132.74,132.87,132.645,132.825,12929.0
2026-08-19,2026-08-19 12:20:00,132.83,133.12,132.795,133.08,15006.0
2026-08-19,2026-08-19 12:25:00,133.075,133.075,132.78,132.78,9400.0
2026-08-19,2026-08-19 12:30:00,132.725,132.87,132.71,132.72,21413.0
2026-08-19,2026-08-19 12:35:00,132.72,132.72,132.305,132.54,14416.0
2026-08-19,2026-08-19 12:40:00,132.54,132.54,132.2217,132.2217,15687.0
2026-08-19,2026-08-19 12:45:00,132.3,132.37,132.1959,132.32,14960.0
2026-08-19,2026-08-19 12:50:00,132.32,132.475,132.32,132.41,11471.0
2026-08-19,2026-08-19 12:55:00,132.44,132.44,132.295,132.3,12954.0
2026-08-19,2026-08-19 13:00:00,132.305,132.57,132.305,132.46,12645.0
2026-08-19,2026-08-19 13:05:00,132.42,132.55,132.35,132.42,16379.0
2026-08-19,2026-08-19 13:10:00,132.42,132.64,132.35,132.43,27168.0
2026-08-19,2026-08-19 13:15:00,132.43,132.665,132.36,132.54,14545.0
2026-08-19,2026-08-19 13:20:00,132.47,132.49,132.315,132.315,6779.0
2026-08-19,2026-08-19 13:25:00,132.3,132.44,132.135,132.415,8650.0
2026-08-19,2026-08-19 13:30:00,132.43,132.475,132.345,132.345,8998.0
2026-08-19,2026-08-19 13:35:00,132.34,132.6,132.24,132.51,14729.0
2026-08-19,2026-08-19 13:40:00,132.45,132.45,132.28,132.28,6929.0
2026-08-19,2026-08-19 13:45:00,132.28,132.28,132.11,132.28,10483.0
2026-08-19,2026-08-19 13:50:00,132.29,132.3,132.2,132.2899,5038.0
2026-08-19,2026-08-19 13:55:00,132.24,132.34,132.22,132.25,10408.0
2026-08-19,2026-08-19 14:00:00,132.245,132.35,132.24,132.26,10454.0
2026-08-19,2026-08-19 14:05:00,132.27,132.5,132.16,132.5,14134.0
2026-08-19,2026-08-19 14:10:00,132.5,132.5,132.3,132.44,9883.0
2026-08-19,2026-08-19 14:15:00,132.49,132.64,132.44,132.61,15779.0
2026-08-19,2026-08-19 14:20:00,132.6,132.63,132.42,132.42,9561.0
2026-08-19,2026-08-19 14:25:00,132.39,132.47,132.34,132.41,8400.0
2026-08-19,2026-08-19 14:30:00,132.45,132.54,132.41,132.46,6582.0
2026-08-19,2026-08-19 14:35:00,132.47,132.58,132.37,132.58,13137.0
2026-08-19,2026-08-19 14:40:00,132.64,132.64,132.43,132.51,8833.0
2026-08-19,2026-08-19 14:45:00,132.48,132.56,132.48,132.5464,5812.0
2026-08-19,2026-08-19 14:50:00,132.46,132.52,132.425,132.43,10663.0
2026-08-19,2026-08-19 14:55:00,132.43,132.43,132.17,132.255,11109.0
2026-08-19,2026-08-19 15:00:00,132.225,132.28,131.88,131.955,11469.0
2026-08-19,2026-08-19 15:05:00,131.96,132.09,131.89,131.995,10388.0
2026-08-19,2026-08-19 15:10:00,132.0,132.0,131.8,131.8,11253.0
2026-08-19,2026-08-19 15:15:00,131.71,131.845,131.71,131.72,9566.0
2026-08-19,2026-08-19 15:20:00,131.76,132.005,131.66,131.9825,14784.0
2026-08-19,2026-08-19 15:25:00,131.98,132.09,131.93,132.07,18817.0
2026-08-19,2026-08-19 15:30:00,132.045,132.0889,131.96,132.015,19136.0
2026-08-19,2026-08-19 15:35:00,132.01,132.1,131.97,132.08,18989.0
2026-08-19,2026-08-19 15:40:00,132.085,132.145,131.94,132.1,26482.0
2026-08-19,2026-08-19 15:45:00,132.1,132.2,131.94,132.005,40616.0
2026-08-19,2026-08-19 15:50:00,132.015,132.23,131.94,131.975,33391.0
2026-08-19,2026-08-19 15:55:00,131.95,131.975,131.475,131.87,73636.0
2026-08-19,2026-08-19 16:00:00,131.83,131.88,131.61,131.84,587844.0
2026-08-20,2026-08-20 09:35:00,128.19,129.16,126.43,129.16,42721.0
2026-08-20,2026-08-20 09:40:00,129.35,129.81,128.62,128.625,17867.0
2026-08-20,2026-08-20 09:45:00,128.62,128.93,127.88,128.69,14921.0
2026-08-20,2026-08-20 09:50:00,128.42,129.745,128.42,129.67,14915.0
2026-08-20,2026-08-20 09:55:00,129.69,130.8538,129.69,130.65,14337.0
2026-08-20,2026-08-20 10:00:00,130.62,130.75,130.21,130.47,25007.0
2026-08-20,2026-08-20 10:05:00,130.33,130.33,129.53,129.98,21024.0
2026-08-20,2026-08-20 10:10:00,129.77,130.06,129.71,129.92,9373.0
2026-08-20,2026-08-20 10:15:00,129.99,130.04,129.43,129.44,8331.0
2026-08-20,2026-08-20 10:20:00,129.58,129.65,129.4,129.56,12359.0
2026-08-20,2026-08-20 10:25:00,129.59,130.41,129.59,130.39,25027.0
2026-08-20,2026-08-20 10:30:00,130.28,130.36,129.925,130.26,12609.0
2026-08-20,2026-08-20 10:35:00,130.27,130.55,129.99,130.438118,12091.0
2026-08-20,2026-08-20 10:40:00,130.395,130.395,129.9975,130.17,6849.0
2026-08-20,2026-08-20 10:45:00,130.05,130.13,129.8,130.09,8106.0
2026-08-20,2026-08-20 10:50:00,130.075,130.3,130.07,130.15,10166.0
2026-08-20,2026-08-20 10:55:00,130.26,130.3,129.915,130.03,9901.0
2026-08-20,2026-08-20 11:00:00,130.0,130.11,129.85,130.11,8882.0
2026-08-20,2026-08-20 11:05:00,130.11,130.4199,130.005,130.33,11647.0
2026-08-20,2026-08-20 11:10:00,130.33,130.35,130.04,130.1,11566.0
2026-08-20,2026-08-20 11:15:00,130.18,130.67,130.165,130.63,10220.0
2026-08-20,2026-08-20 11:20:00,130.74,131.35,130.61,130.61,35938.0
2026-08-20,2026-08-20 11:25:00,130.62,130.62,130.375,130.5,8730.0
2026-08-20,2026-08-20 11:30:00,130.5,130.5,130.37,130.435,6961.0
2026-08-20,2026-08-20 11:35:00,130.44,130.51,130.3,130.305,13904.0
2026-08-20,2026-08-20 11:40:00,130.305,130.305,130.17,130.24,7286.0
2026-08-20,2026-08-20 11:45:00,130.32,130.4,130.15,130.15,6747.0
2026-08-20,2026-08-20 11:50:00,130.165,130.26,129.84,129.89,14278.0
2026-08-20,2026-08-20 11:55:00,129.81,129.995,129.71,129.86,16288.0
2026-08-20,2026-08-20 12:00:00,129.915,129.93,129.735,129.735,10222.0
2026-08-20,2026-08-20 12:05:00,129.73,129.84,129.695,129.84,7084.0
2026-08-20,2026-08-20 12:10:00,129.83,129.99,129.695,129.99,17403.0
2026-08-20,2026-08-20 12:15:00,129.95,130.06,129.87,129.9,5944.0
2026-08-20,2026-08-20 12:20:00,129.89,130.16,129.89,130.16,7481.0
2026-08-20,2026-08-20 12:25:00,130.175,130.19,130.08,130.12,8873.0
2026-08-20,2026-08-20 12:30:00,130.14,130.14,130.03,130.05,8438.0
2026-08-20,2026-08-20 12:35:00,130.04,130.08,129.97,130.08,4640.0
2026-08-20,2026-08-20 12:40:00,129.96,130.0,129.86,129.955,5332.0
2026-08-20,2026-08-20 12:45:00,130.04,130.07,129.99,130.04,6637.0
2026-08-20,2026-08-20 12:50:00,130.09,130.225,130.02,130.05,8243.0
2026-08-20,2026-08-20 12:55:00,130.065,130.23,130.065,130.205,7511.0
2026-08-20,2026-08-20 13:00:00,130.18,130.18,130.01,130.01,7600.0
2026-08-20,2026-08-20 13:05:00,129.92,129.975,129.615,129.72,11336.0
2026-08-20,2026-08-20 13:10:00,129.7,129.89,129.7,129.75,6786.0
2026-08-20,2026-08-20 13:15:00,129.85,129.86,129.72,129.86,5547.0
2026-08-20,2026-08-20 13:20:00,129.88,129.93,129.725,129.725,8442.0
2026-08-20,2026-08-20 13:25:00,129.7,129.7,129.42,129.5,26276.0
2026-08-20,2026-08-20 13:30:00,129.515,129.57,129.465,129.57,9780.0
2026-08-20,2026-08-20 13:35:00,129.55,129.55,129.33,129.3669,21270.0
2026-08-20,2026-08-20 13:40:00,129.345,129.345,128.785,128.83,20916.0
2026-08-20,2026-08-20 13:45:00,128.85,128.9,128.1,128.22,27712.0
2026-08-20,2026-08-20 13:50:00,128.2,128.32,127.9,128.165,17366.0
2026-08-20,2026-08-20 13:55:00,128.07,128.12,127.905,128.12,11955.0
2026-08-20,2026-08-20 14:00:00,128.13,128.35,128.01,128.35,36066.0
2026-08-20,2026-08-20 14:05:00,128.36,128.4931,128.24,128.4931,11267.0
2026-08-20,2026-08-20 14:10:00,128.45,128.52,128.38,128.52,20301.0
2026-08-20,2026-08-20 14:15:00,128.5986,128.5986,128.39,128.5,14712.0
2026-08-20,2026-08-20 14:20:00,128.44,128.605,128.41,128.48,22181.0
2026-08-20,2026-08-20 14:25:00,128.495,128.52,128.35,128.38,12586.0
2026-08-20,2026-08-20 14:30:00,128.33,128.33,128.19,128.19,16408.0
2026-08-20,2026-08-20 14:35:00,128.21,128.29,128.125,128.29,9345.0
2026-08-20,2026-08-20 14:40:00,128.26,128.265,127.975,128.0,14454.0
2026-08-20,2026-08-20 14:45:00,128.04,128.05,127.88,127.985,18915.0
2026-08-20,2026-08-20 14:50:00,127.985,128.03,127.75,127.905,37931.0
2026-08-20,2026-08-20 14:55:00,127.885,127.9299,127.78,127.83,21458.0
2026-08-20,2026-08-20 15:00:00,127.835,127.91,127.73,127.845,22583.0
2026-08-20,2026-08-20 15:05:00,127.845,128.08,127.81,128.08,120745.0
2026-08-20,2026-08-20 15:10:00,128.04,128.055,127.89,127.97,14280.0
2026-08-20,2026-08-20 15:15:00,128.005,128.22,127.9,128.02,24010.0
2026-08-20,2026-08-20 15:20:00,128.065,128.24,127.98,128.24,15124.0
2026-08-20,2026-08-20 15:25:00,128.27,128.42,128.18,128.33,21359.0
2026-08-20,2026-08-20 15:30:00,128.325,128.325,127.75,127.78,22173.0
2026-08-20,2026-08-20 15:35:00,127.82,128.27,127.75,127.95,83103.0
2026-08-20,2026-08-20 15:40:00,127.96,128.34,127.96,128.29,50771.0
2026-08-20,2026-08-20 15:45:00,128.295,128.51,128.18,128.33,54718.0
2026-08-20,2026-08-20 15:50:00,128.29,128.63,128.28,128.48,42239.0
2026-08-20,2026-08-20 15:55:00,128.45,128.45,128.05,128.165,96551.0
2026-08-20,2026-08-20 16:00:00,128.14,128.5697,128.14,128.45,597978.0
2026-08-21,2026-08-21 09:35:00,129.995,130.24,129.87,129.87,80261.0
2026-08-21,2026-08-21 09:40:00,130.0,130.26,129.53,130.23,24770.0
2026-08-21,2026-08-21 09:45:00,130.13,130.13,129.5,130.07,14943.0
2026-08-21,2026-08-21 09:50:00,130.005,130.24,129.8,130.07,12288.0
2026-08-21,2026-08-21 09:55:00,129.995,130.235,129.42,129.42,18650.0
2026-08-21,2026-08-21 10:00:00,129.445,129.65,129.34,129.61,25608.0
2026-08-21,2026-08-21 10:05:00,129.57,129.76,129.29,129.76,11772.0
2026-08-21,2026-08-21 10:10:00,129.775,129.96,129.41,129.485,14074.0
2026-08-21,2026-08-21 10:15:00,129.552,129.84,129.55,129.66,4056.0
2026-08-21,2026-08-21 10:20:00,129.43,129.96,129.43,129.8,7729.0
2026-08-21,2026-08-21 10:25:00,130.0299,130.0299,129.77,129.8,9538.0
2026-08-21,2026-08-21 10:30:00,129.79,129.835,129.71,129.725,4731.0
2026-08-21,2026-08-21 10:35:00,129.8,129.8,129.59,129.59,5181.0
2026-08-21,2026-08-21 10:40:00,129.49,129.69,129.49,129.69,4316.0
2026-08-21,2026-08-21 10:45:00,129.74,130.0,129.74,129.85,8128.0
2026-08-21,2026-08-21 10:50:00,129.88,130.355,129.81,130.24,13910.0
2026-08-21,2026-08-21 10:55:00,130.26,130.34,130.22,130.34,7604.0
2026-08-21,2026-08-21 11:00:00,130.305,130.6,130.305,130.6,22738.0
2026-08-21,2026-08-21 11:05:00,130.64,130.76,130.48,130.61,44076.0
2026-08-21,2026-08-21 11:10:00,130.585,130.97,130.585,130.88,14079.0
2026-08-21,2026-08-21 11:15:00,130.88,130.88,130.32,130.32,10703.0
2026-08-21,2026-08-21 11:20:00,130.38,130.38,130.23,130.235,5614.0
2026-08-21,2026-08-21 11:25:00,130.24,130.45,130.24,130.35,11531.0
2026-08-21,2026-08-21 11:30:00,130.32,130.33,130.0001,130.145,10439.0
2026-08-21,2026-08-21 11:35:00,130.13,130.15,129.94,130.08,9152.0
2026-08-21,2026-08-21 11:40:00,130.075,130.075,129.85,129.98,5818.0
2026-08-21,2026-08-21 11:45:00,129.98,130.04,129.72,129.82,11311.0
2026-08-21,2026-08-21 11:50:00,129.92,130.05,129.91,129.91,7484.0
2026-08-21,2026-08-21 11:55:00,129.905,130.13,129.88,129.96,9306.0
2026-08-21,2026-08-21 12:00:00,130.035,130.08,129.95,130.015,4103.0
2026-08-21,2026-08-21 12:05:00,130.015,130.3,129.95,130.15,13792.0
2026-08-21,2026-08-21 12:10:00,130.19,130.475,130.19,130.47,10484.0
2026-08-21,2026-08-21 12:15:00,130.5,130.51,130.42,130.49,5984.0
2026-08-21,2026-08-21 12:20:00,130.53,130.71,130.51,130.665,14159.0
2026-08-21,2026-08-21 12:25:00,130.665,130.67,130.56,130.67,10044.0
2026-08-21,2026-08-21 12:30:00,130.74,130.79,130.64,130.79,5201.0
2026-08-21,2026-08-21 12:35:00,130.79,130.87,130.77,130.77,17084.0
2026-08-21,2026-08-21 12:40:00,130.78,130.87,130.55,130.64,12000.0
2026-08-21,2026-08-21 12:45:00,130.615,130.71,130.615,130.67,6999.0
2026-08-21,2026-08-21 12:50:00,130.67,130.69,130.6,130.6,7087.0
2026-08-21,2026-08-21 12:55:00,130.635,130.77,130.5707,130.77,9071.0
2026-08-21,2026-08-21 13:00:00,130.79,130.89,130.73,130.85,7365.0
2026-08-21,2026-08-21 13:05:00,130.91,131.0,130.83,130.95,9711.0
2026-08-21,2026-08-21 13:10:00,130.895,131.045,130.895,130.98,6730.0
2026-08-21,2026-08-21 13:15:00,130.985,130.985,130.89,130.915,5139.0
2026-08-21,2026-08-21 13:20:00,130.88,130.905,130.83,130.83,5018.0
2026-08-21,2026-08-21 13:25:00,130.86,131.05,130.86,130.975,17124.0
2026-08-21,2026-08-21 13:30:00,131.04,131.135,130.88,130.98,31620.0
2026-08-21,2026-08-21 13:35:00,131.0,131.0,130.43,130.52,23710.0
2026-08-21,2026-08-21 13:40:00,130.51,130.515,130.43,130.5,7092.0
2026-08-21,2026-08-21 13:45:00,130.41,130.46,130.07,130.19,24300.0
2026-08-21,2026-08-21 13:50:00,130.24,130.56,130.16,130.47,20413.0
2026-08-21,2026-08-21 13:55:00,130.49,130.545,130.485,130.52,4880.0
2026-08-21,2026-08-21 14:00:00,130.505,130.74,130.505,130.7,9635.0
2026-08-21,2026-08-21 14:05:00,130.66,130.67,130.535,130.67,13519.0
2026-08-21,2026-08-21 14:10:00,130.69,130.69,130.57,130.59,9638.0
2026-08-21,2026-08-21 14:15:00,130.54,130.54,130.29,130.38,28851.0
2026-08-21,2026-08-21 14:20:00,130.4,130.41,130.08,130.21,41698.0
2026-08-21,2026-08-21 14:25:00,130.2,130.24,130.045,130.08,39490.0
2026-08-21,2026-08-21 14:30:00,130.11,130.41,130.11,130.37,10581.0
2026-08-21,2026-08-21 14:35:00,130.4,130.46,130.235,130.37,9318.0
2026-08-21,2026-08-21 14:40:00,130.41,130.42,130.315,130.39,6054.0
2026-08-21,2026-08-21 14:45:00,130.39,130.48,130.365,130.39,7531.0
2026-08-21,2026-08-21 14:50:00,130.405,130.58,130.395,130.475,7826.0
2026-08-21,2026-08-21 14:55:00,130.53,130.63,130.52,130.52,10207.0
2026-08-21,2026-08-21 15:00:00,130.485,130.485,130.33,130.415,8405.0
2026-08-21,2026-08-21 15:05:00,130.42,130.48,130.415,130.46,10059.0
2026-08-21,2026-08-21 15:10:00,130.465,130.525,130.41,130.5225,14626.0
2026-08-21,2026-08-21 15:15:00,130.6,130.69,130.57,130.67,12247.0
2026-08-21,2026-08-21 15:20:00,130.6575,130.68,130.42,130.505,16103.0
2026-08-21,2026-08-21 15:25:00,130.48,130.62,130.35,130.57,19510.0
2026-08-21,2026-08-21 15:30:00,130.53,130.75,130.48,130.75,14284.0
2026-08-21,2026-08-21 15:35:00,130.76,130.97,130.76,130.97,22858.0
2026-08-21,2026-08-21 15:40:00,130.94,131.07,130.915,131.055,26383.0
2026-08-21,2026-08-21 15:45:00,131.07,131.13,130.98,131.025,34131.0
2026-08-21,2026-08-21 15:50:00,131.025,131.07,130.86,131.055,36196.0
2026-08-21,2026-08-21 15:55:00,131.045,131.14,130.92,130.95,59935.0
2026-08-21,2026-08-21 16:00:00,130.87,131.64,130.74,131.48,625405.0
2026-08-24,2026-08-24 09:35:00,131.57,133.4644,131.57,133.07,33965.0
2026-08-24,2026-08-24 09:40:00,132.97,133.46,132.51,132.57,18041.0
2026-08-24,2026-08-24 09:45:00,132.649,133.28,132.225,133.28,11216.0
2026-08-24,2026-08-24 09:50:00,133.3,133.6,132.97,133.55,18092.0
2026-08-24,2026-08-24 09:55:00,133.52,134.51,133.2901,134.42,95280.0
2026-08-24,2026-08-24 10:00:00,134.35,134.67,134.1701,134.49,31761.0
2026-08-24,2026-08-24 10:05:00,134.49,134.56,134.23,134.34,18205.0
2026-08-24,2026-08-24 10:10:00,134.285,134.285,133.93,134.11,10806.0
2026-08-24,2026-08-24 10:15:00,134.065,134.08,133.43,133.88,18872.0
2026-08-24,2026-08-24 10:20:00,133.91,134.02,133.755,133.92,9640.0
2026-08-24,2026-08-24 10:25:00,133.92,134.22,133.92,134.15,9721.0
2026-08-24,2026-08-24 10:30:00,134.15,134.31,134.02,134.27,10879.0
2026-08-24,2026-08-24 10:35:00,134.25,134.4425,134.25,134.3375,9455.0
2026-08-24,2026-08-24 10:40:00,134.36,134.49,134.305,134.305,9315.0
2026-08-24,2026-08-24 10:45:00,134.43,134.8,134.26,134.755,14888.0
2026-08-24,2026-08-24 10:50:00,134.75,134.75,134.475,134.5131,13198.0
2026-08-24,2026-08-24 10:55:00,134.45,134.79,134.33,134.76,12609.0
2026-08-24,2026-08-24 11:00:00,134.755,135.01,134.755,134.91,38211.0
2026-08-24,2026-08-24 11:05:00,134.845,134.845,134.6475,134.825,9611.0
2026-08-24,2026-08-24 11:10:00,134.82,134.82,134.62,134.63,8036.0
2026-08-24,2026-08-24 11:15:00,134.62,134.65,134.275,134.29,11917.0
2026-08-24,2026-08-24 11:20:00,134.25,134.33,134.24,134.3,6792.0
2026-08-24,2026-08-24 11:25:00,134.32,134.37,134.275,134.37,6856.0
2026-08-24,2026-08-24 11:30:00,134.315,134.555,134.25,134.55,9457.0
2026-08-24,2026-08-24 11:35:00,134.56,134.76,134.47,134.53,16060.0
2026-08-24,2026-08-24 11:40:00,134.535,134.535,134.3,134.485,8944.0
2026-08-24,2026-08-24 11:45:00,134.49,134.5,134.375,134.42,6295.0
2026-08-24,2026-08-24 11:50:00,134.4125,134.615,134.36,134.6,9188.0
2026-08-24,2026-08-24 11:55:00,134.58,134.75,134.58,134.745,14123.0
2026-08-24,2026-08-24 12:00:00,134.76,134.84,134.6,134.6675,11138.0
2026-08-24,2026-08-24 12:05:00,134.78,135.04,134.59,134.8967,54202.0
2026-08-24,2026-08-24 12:10:00,134.845,134.91,134.5807,134.8421,32728.0
2026-08-24,2026-08-24 12:15:00,134.86,135.41,134.83,135.225,54708.0
2026-08-24,2026-08-24 12:20:00,135.3,135.3,135.01,135.145,23028.0
2026-08-24,2026-08-24 12:25:00,135.13,135.13,134.87,134.87,10384.0
2026-08-24,2026-08-24 12:30:00,134.84,135.155,134.8,135.14,11181.0
2026-08-24,2026-08-24 12:35:00,135.15,135.365,135.15,135.33,11616.0
2026-08-24,2026-08-24 12:40:00,135.33,135.49,135.33,135.45,12687.0
2026-08-24,2026-08-24 12:45:00,135.34,135.36,135.135,135.135,26282.0
2026-08-24,2026-08-24 12:50:00,135.18,135.27,135.06,135.09,18586.0
2026-08-24,2026-08-24 12:55:00,135.095,135.595,135.07,135.43,21700.0
2026-08-24,2026-08-24 13:00:00,135.47,135.595,135.26,135.28,28223.0
2026-08-24,2026-08-24 13:05:00,135.28,135.33,135.09,135.15,19398.0
2026-08-24,2026-08-24 13:10:00,135.11,135.14,134.87,134.95,24669.0
2026-08-24,2026-08-24 13:15:00,134.95,135.03,134.89,134.9,15058.0
2026-08-24,2026-08-24 13:20:00,134.94,135.05,134.93,134.975,13675.0
2026-08-24,2026-08-24 13:25:00,134.965,135.24,134.965,135.06,12267.0
2026-08-24,2026-08-24 13:30:00,135.055,135.11,134.825,134.825,14509.0
2026-08-24,2026-08-24 13:35:00,134.89,134.93,134.77,134.81,16458.0
2026-08-24,2026-08-24 13:40:00,134.8,134.925,134.8,134.895,11436.0
2026-08-24,2026-08-24 13:45:00,134.895,134.895,134.775,134.795,10592.0
2026-08-24,2026-08-24 13:50:00,134.79,134.88,134.62,134.88,14380.0
2026-08-24,2026-08-24 13:55:00,134.89,134.93,134.64,134.78,22518.0
2026-08-24,2026-08-24 14:00:00,134.7,134.83,134.7,134.82,8291.0
2026-08-24,2026-08-24 14:05:00,134.82,134.96,134.78,134.86,16908.0
2026-08-24,2026-08-24 14:10:00,134.865,135.16,134.855,135.16,21480.0
2026-08-24,2026-08-24 14:15:00,135.1299,135.24,135.09,135.24,10268.0
2026-08-24,2026-08-24 14:20:00,135.205,135.24,135.125,135.15,18774.0
2026-08-24,2026-08-24 14:25:00,135.155,135.22,135.03,135.045,20863.0
2026-08-24,2026-08-24 14:30:00,135.04,135.18,135.04,135.18,9032.0
2026-08-24,2026-08-24 14:35:00,135.13,135.28,135.13,135.2,19147.0
2026-08-24,2026-08-24 14:40:00,135.22,135.22,135.0,135.02,13662.0
2026-08-24,2026-08-24 14:45:00,134.985,135.11,134.985,135.1,9488.0
2026-08-24,2026-08-24 14:50:00,135.18,135.28,135.175,135.215,13719.0
2026-08-24,2026-08-24 14:55:00,135.25,135.25,135.18,135.21,11185.0
2026-08-24,2026-08-24 15:00:00,135.21,135.28,135.1979,135.26,17020.0
2026-08-24,2026-08-24 15:05:00,135.23,135.255,135.14,135.23,14739.0
2026-08-24,2026-08-24 15:10:00,135.28,135.29,135.13,135.13,14547.0
2026-08-24,2026-08-24 15:15:00,135.12,135.24,135.11,135.2,14563.0
2026-08-24,2026-08-24 15:20:00,135.19,135.32,135.15,135.22,19208.0
2026-08-24,2026-08-24 15:25:00,135.22,135.37,135.15,135.36,25020.0
2026-08-24,2026-08-24 15:30:00,135.29,135.3,135.14,135.27,26009.0
2026-08-24,2026-08-24 15:35:00,135.24,135.74,135.23,135.72,37178.0
2026-08-24,2026-08-24 15:40:00,135.715,136.2,135.62,136.04,56783.0
2026-08-24,2026-08-24 15:45:00,136.02,136.27,135.97,136.19,47743.0
2026-08-24,2026-08-24 15:50:00,136.23,136.38,136.16,136.235,54012.0
2026-08-24,2026-08-24 15:55:00,136.05,136.585,136.05,136.51,116262.0
2026-08-24,2026-08-24 16:00:00,136.5,137.07,136.3,136.75,757661.0
2026-08-25,2026-08-25 09:35:00,136.0,136.165,133.45,133.505,63241.0
2026-08-25,2026-08-25 09:40:00,133.49,133.7,132.73,133.5375,31337.0
2026-08-25,2026-08-25 09:45:00,133.55,133.55,132.7763,132.88,15024.0
2026-08-25,2026-08-25 09:50:00,133.1,133.52,132.77,132.8,12042.0
2026-08-25,2026-08-25 09:55:00,132.72,132.99,132.615,132.812151,11940.0
2026-08-25,2026-08-25 10:00:00,132.97,132.97,132.28,132.59,14365.0
2026-08-25,2026-08-25 10:05:00,132.61,132.72,132.37,132.64,11848.0
2026-08-25,2026-08-25 10:10:00,132.63,133.07,132.54,132.955,19310.0
2026-08-25,2026-08-25 10:15:00,132.955,133.355,132.855,133.17,83064.0
2026-08-25,2026-08-25 10:20:00,133.2,133.65,132.98,133.53,39701.0
2026-08-25,2026-08-25 10:25:00,133.7,133.79,133.575,133.75,10090.0
2026-08-25,2026-08-25 10:30:00,133.75,133.76,133.37,133.49,17486.0
2026-08-25,2026-08-25 10:35:00,133.54,133.7,133.2,133.2,15946.0
2026-08-25,2026-08-25 10:40:00,133.16,133.22,132.89,132.995,50143.0
2026-08-25,2026-08-25 10:45:00,132.98,133.05,132.65,132.665,60815.0
2026-08-25,2026-08-25 10:50:00,132.67,133.08,132.665,133.08,19949.0
2026-08-25,2026-08-25 10:55:00,133.015,133.1,132.84,133.07,26617.0
2026-08-25,2026-08-25 11:00:00,133.08,133.16,132.9,133.16,12506.0
2026-08-25,2026-08-25 11:05:00,133.165,133.165,132.79,133.14,27174.0
2026-08-25,2026-08-25 11:10:00,133.14,133.35,133.045,133.29,8439.0
2026-08-25,2026-08-25 11:15:00,133.225,133.41,133.225,133.38,10733.0
2026-08-25,2026-08-25 11:20:00,133.28,133.415,133.09,133.195,36273.0
2026-08-25,2026-08-25 11:25:00,133.175,133.37,133.14,133.16,9465.0
2026-08-25,2026-08-25 11:30:00,133.19,133.19,132.9,132.92,7951.0
2026-08-25,2026-08-25 11:35:00,132.99,133.2,132.69,132.77,94062.0
2026-08-25,2026-08-25 11:40:00,132.73,133.23,132.73,133.23,10210.0
2026-08-25,2026-08-25 11:45:00,133.13,133.24,132.94,133.065,5601.0
2026-08-25,2026-08-25 11:50:00,133.14,133.17,132.8,132.93,9206.0
2026-08-25,2026-08-25 11:55:00,132.92,133.13,132.84,133.13,10403.0
2026-08-25,2026-08-25 12:00:00,133.13,133.17,132.94,133.17,9689.0
2026-08-25,2026-08-25 12:05:00,133.105,133.23,133.0975,133.16,8931.0
2026-08-25,2026-08-25 12:10:00,133.16,133.22,132.98,133.22,12973.0
2026-08-25,2026-08-25 12:15:00,133.29,133.34,132.935,133.05,11631.0
2026-08-25,2026-08-25 12:20:00,132.995,133.19,132.92,133.1,10855.0
2026-08-25,2026-08-25 12:25:00,133.06,133.1757,132.97,133.005,18694.0
2026-08-25,2026-08-25 12:30:00,133.02,133.14,133.0,133.14,8609.0
2026-08-25,2026-08-25 12:35:00,133.13,133.26,133.075,133.235,7836.0
2026-08-25,2026-08-25 12:40:00,133.22,133.22,133.055,133.095,7594.0
2026-08-25,2026-08-25 12:45:00,133.09,133.09,133.02,133.07,4545.0
2026-08-25,2026-08-25 12:50:00,133.07,133.245,133.07,133.24,10520.0
2026-08-25,2026-08-25 12:55:00,133.22,133.22,133.07,133.12,8456.0
2026-08-25,2026-08-25 13:00:00,133.06,133.06,132.94,132.97,22335.0
2026-08-25,2026-08-25 13:05:00,132.98,132.985,132.45,132.735,94361.0
2026-08-25,2026-08-25 13:10:00,132.735,133.0,132.69,133.0,23042.0
2026-08-25,2026-08-25 13:15:00,132.995,133.159,132.855,133.159,7001.0
2026-08-25,2026-08-25 13:20:00,133.11,133.11,132.945,133.02,4406.0
2026-08-25,2026-08-25 13:25:00,133.12,133.12,133.025,133.06,5404.0
2026-08-25,2026-08-25 13:30:00,133.025,133.1,132.895,132.9,60881.0
2026-08-25,2026-08-25 13:35:00,132.925,133.0,132.5,132.84,74658.0
2026-08-25,2026-08-25 13:40:00,132.86,133.075,132.7681,133.075,8485.0
2026-08-25,2026-08-25 13:45:00,133.02,133.24,133.02,133.15,5794.0
2026-08-25,2026-08-25 13:50:00,133.13,133.135,132.695,132.89,46093.0
2026-08-25,2026-08-25 13:55:00,132.85,133.03,132.8,132.8725,19848.0
2026-08-25,2026-08-25 14:00:00,132.96,133.07,132.74,132.9275,18294.0
2026-08-25,2026-08-25 14:05:00,133.04,133.08,132.97,133.07,10547.0
2026-08-25,2026-08-25 14:10:00,132.99,133.16,132.99,133.135,7506.0
2026-08-25,2026-08-25 14:15:00,133.165,133.28,133.16,133.25,7410.0
2026-08-25,2026-08-25 14:20:00,133.27,133.34,133.255,133.33,11253.0
2026-08-25,2026-08-25 14:25:00,133.33,133.54,133.305,133.54,15427.0
2026-08-25,2026-08-25 14:30:00,133.525,133.575,133.52,133.575,7196.0
2026-08-25,2026-08-25 14:35:00,133.585,133.645,133.41,133.595,15330.0
2026-08-25,2026-08-25 14:40:00,133.615,133.625,133.425,133.43,6755.0
2026-08-25,2026-08-25 14:45:00,133.44,133.515,133.4,133.41,10214.0
2026-08-25,2026-08-25 14:50:00,133.41,133.5,133.32,133.47,14991.0
2026-08-25,2026-08-25 14:55:00,133.43,133.61,133.43,133.605,13618.0
2026-08-25,2026-08-25 15:00:00,133.64,133.78,133.59,133.715,16026.0
2026-08-25,2026-08-25 15:05:00,133.69,133.73,133.605,133.605,12826.0
2026-08-25,2026-08-25 15:10:00,133.605,133.76,133.56,133.635,16879.0
2026-08-25,2026-08-25 15:15:00,133.67,133.84,133.67,133.825,10546.0
2026-08-25,2026-08-25 15:20:00,133.83,133.915,133.69,133.715,16294.0
2026-08-25,2026-08-25 15:25:00,133.68,133.75,133.505,133.52,20965.0
2026-08-25,2026-08-25 15:30:00,133.46,133.59,133.32,133.345,16782.0
2026-08-25,2026-08-25 15:35:00,133.3,133.37,133.12,133.18,20606.0
2026-08-25,2026-08-25 15:40:00,133.2,133.2799,132.9,133.16,37772.0
2026-08-25,2026-08-25 15:45:00,133.13,133.86,133.13,133.83,61415.0
2026-08-25,2026-08-25 15:50:00,133.85,133.9,133.56,133.655,50010.0
2026-08-25,2026-08-25 15:55:00,133.64,133.96,133.58,133.96,75079.0
2026-08-25,2026-08-25 16:00:00,133.95,134.5,133.95,134.48,677608.0
2026-08-26,2026-08-26 09:35:00,133.93,133.93,132.5,132.705,52452.0
2026-08-26,2026-08-26 09:40:00,132.705,133.12,131.605,132.925,49271.0
2026-08-26,2026-08-26 09:45:00,132.915,132.915,132.38,132.685,26415.0
2026-08-26,2026-08-26 09:50:00,132.85,133.16,132.495,132.97,22494.0
2026-08-26,2026-08-26 09:55:00,132.94,132.94,131.91,132.41,20787.0
2026-08-26,2026-08-26 10:00:00,132.31,133.26,132.31,133.26,27001.0
2026-08-26,2026-08-26 10:05:00,133.17,133.25,132.66,133.22,19825.0
2026-08-26,2026-08-26 10:10:00,133.02,133.1899,132.79,132.96,18760.0
2026-08-26,2026-08-26 10:15:00,132.96,133.05,132.65,133.04,23201.0
2026-08-26,2026-08-26 10:20:00,133.07,133.38,132.97,132.97,14236.0
2026-08-26,2026-08-26 10:25:00,132.95,132.95,132.76,132.95,17247.0
2026-08-26,2026-08-26 10:30:00,132.94,132.99,132.45,132.46,24727.0
2026-08-26,2026-08-26 10:35:00,132.46,132.8,132.38,132.505,16225.0
2026-08-26,2026-08-26 10:40:00,132.4254,132.88,132.4254,132.73,13349.0
2026-08-26,2026-08-26 10:45:00,132.73,132.73,132.585,132.595,8403.0
2026-08-26,2026-08-26 10:50:00,132.65,132.72,132.41,132.41,16181.0
2026-08-26,2026-08-26 10:55:00,132.42,133.0,132.395,132.975,38708.0
2026-08-26,2026-08-26 11:00:00,132.92,132.955,132.61,132.83,17117.0
2026-08-26,2026-08-26 11:05:00,132.835,133.03,132.8,132.835,18685.0
2026-08-26,2026-08-26 11:10:00,132.88,133.22,132.8175,133.21,24568.0
2026-08-26,2026-08-26 11:15:00,133.21,133.24,132.66,132.7,32729.0
2026-08-26,2026-08-26 11:20:00,132.78,132.85,132.38,132.48,30125.0
2026-08-26,2026-08-26 11:25:00,132.52,132.61,132.4,132.52,23722.0
2026-08-26,2026-08-26 11:30:00,132.54,132.63,132.49,132.59,16844.0
2026-08-26,2026-08-26 11:35:00,132.54,132.65,132.35,132.4,145862.0
2026-08-26,2026-08-26 11:40:00,132.4,132.61,132.255,132.495,19553.0
2026-08-26,2026-08-26 11:45:00,132.495,132.58,132.33,132.58,20814.0
2026-08-26,2026-08-26 11:50:00,132.65,132.65,132.44,132.48,12445.0
2026-08-26,2026-08-26 11:55:00,132.535,132.83,132.47,132.75,28032.0
2026-08-26,2026-08-26 12:00:00,132.78,132.98,132.76,132.95,13572.0
2026-08-26,2026-08-26 12:05:00,132.87,133.13,132.82,132.9,27638.0
2026-08-26,2026-08-26 12:10:00,132.9,133.01,132.7,132.7,21744.0
2026-08-26,2026-08-26 12:15:00,132.775,132.89,132.56,132.625,14345.0
2026-08-26,2026-08-26 12:20:00,132.6275,132.79,132.61,132.685,15539.0
2026-08-26,2026-08-26 12:25:00,132.68,132.68,132.54,132.64,17765.0
2026-08-26,2026-08-26 12:30:00,132.64,132.69,132.56,132.69,11966.0
2026-08-26,2026-08-26 12:35:00,132.67,132.87,132.67,132.845,18356.0
2026-08-26,2026-08-26 12:40:00,132.85,132.91,132.72,132.87,15987.0
2026-08-26,2026-08-26 12:45:00,132.88,132.91,132.67,132.67,21724.0
2026-08-26,2026-08-26 12:50:00,132.65,132.79,132.65,132.71,13327.0
2026-08-26,2026-08-26 12:55:00,132.78,132.85,132.73,132.79,12933.0
2026-08-26,2026-08-26 13:00:00,132.79,132.79,132.52,132.5568,23374.0
2026-08-26,2026-08-26 13:05:00,132.6,132.75,132.52,132.57,24477.0
2026-08-26,2026-08-26 13:10:00,132.565,132.565,132.33,132.51,24575.0
2026-08-26,2026-08-26 13:15:00,132.47,132.49,132.26,132.275,18041.0
2026-08-26,2026-08-26 13:20:00,132.26,132.28,132.02,132.12,32793.0
2026-08-26,2026-08-26 13:25:00,132.12,132.26,132.07,132.195,40521.0
2026-08-26,2026-08-26 13:30:00,132.195,132.3,132.195,132.255,13799.0
2026-08-26,2026-08-26 13:35:00,132.25,132.48,132.25,132.42,26266.0
2026-08-26,2026-08-26 13:40:00,132.46,132.695,132.415,132.63,24089.0
2026-08-26,2026-08-26 13:45:00,132.63,132.93,132.39,132.86,47262.0
2026-08-26,2026-08-26 13:50:00,132.8,132.835,132.485,132.525,16948.0
2026-08-26,2026-08-26 13:55:00,132.525,132.58,132.42,132.45,17423.0
2026-08-26,2026-08-26 14:00:00,132.445,132.56,132.205,132.22,21788.0
2026-08-26,2026-08-26 14:05:00,132.195,132.195,131.905,132.05,24307.0
2026-08-26,2026-08-26 14:10:00,132.14,132.41,132.14,132.41,14592.0
2026-08-26,2026-08-26 14:15:00,132.4,132.41,132.24,132.3,14765.0
2026-08-26,2026-08-26 14:20:00,132.24,132.55,132.24,132.465,15418.0
2026-08-26,2026-08-26 14:25:00,132.46,132.61,132.44,132.48,23699.0
2026-08-26,2026-08-26 14:30:00,132.44,132.49,132.21,132.4,23383.0
2026-08-26,2026-08-26 14:35:00,132.43,132.665,132.4,132.595,26227.0
2026-08-26,2026-08-26 14:40:00,132.595,132.74,132.595,132.675,18665.0
2026-08-26,2026-08-26 14:45:00,132.65,132.7,132.53,132.63,63432.0
2026-08-26,2026-08-26 14:50:00,132.63,132.805,132.57,132.805,26635.0
2026-08-26,2026-08-26 14:55:00,132.85,132.98,132.779241,132.779241,27060.0
2026-08-26,2026-08-26 15:00:00,132.835,132.835,132.15,132.27,29859.0
2026-08-26,2026-08-26 15:05:00,132.285,132.53,132.23,132.48,25160.0
2026-08-26,2026-08-26 15:10:00,132.47,132.54,132.31,132.47,25118.0
2026-08-26,2026-08-26 15:15:00,132.46,132.46,132.18,132.31,34067.0
2026-08-26,2026-08-26 15:20:00,132.325,132.45,132.27,132.34,29625.0
2026-08-26,2026-08-26 15:25:00,132.3725,132.45,132.32,132.4,38115.0
2026-08-26,2026-08-26 15:30:00,132.37,132.615,132.25,132.5,44636.0
2026-08-26,2026-08-26 15:35:00,132.49,132.61,132.25,132.37,54530.0
2026-08-26,2026-08-26 15:40:00,132.385,132.45,131.995,131.995,42914.0
2026-08-26,2026-08-26 15:45:00,131.995,132.18,131.9,131.91,56635.0
2026-08-26,2026-08-26 15:50:00,131.925,132.22,131.77,131.89,85614.0
2026-08-26,2026-08-26 15:55:00,131.88,132.01,131.51,131.76,139077.0
2026-08-26,2026-08-26 16:00:00,131.73,132.37,131.58,132.18,1076135.0
2026-08-27,2026-08-27 09:35:00,120.0,129.1699,118.11,127.595,482762.0
2026-08-27,2026-08-27 09:40:00,127.46,129.49,126.76,127.6601,227316.0
2026-08-27,2026-08-27 09:45:00,127.66,129.205,127.01,128.2601,123152.0
2026-08-27,2026-08-27 09:50:00,128.26,129.5295,128.0,128.61,59017.0
2026-08-27,2026-08-27 09:55:00,128.4,129.66,128.29,129.485,63796.0
2026-08-27,2026-08-27 10:00:00,129.36,131.38,129.245,130.88,103643.0
2026-08-27,2026-08-27 10:05:00,130.71,132.28,130.66,132.11,98931.0
2026-08-27,2026-08-27 10:10:00,131.93,132.2597,129.67,129.78,68688.0
2026-08-27,2026-08-27 10:15:00,129.78,130.55,129.48,130.32,54041.0
2026-08-27,2026-08-27 10:20:00,130.325,130.365,129.27,130.02,50782.0
2026-08-27,2026-08-27 10:25:00,129.995,130.355,129.93,130.355,40137.0
2026-08-27,2026-08-27 10:30:00,130.265,130.715,129.49,129.56,52310.0
2026-08-27,2026-08-27 10:35:00,129.645,130.17,129.53,129.83,29798.0
2026-08-27,2026-08-27 10:40:00,129.845,130.53,129.6705,130.27,41846.0
2026-08-27,2026-08-27 10:45:00,130.295,130.525,130.02,130.15,65012.0
2026-08-27,2026-08-27 10:50:00,130.15,130.595,129.97,130.135,29777.0
2026-08-27,2026-08-27 10:55:00,130.135,130.135,129.52,129.55,36039.0
2026-08-27,2026-08-27 11:00:00,129.64,129.83,128.8,128.815,69625.0
2026-08-27,2026-08-27 11:05:00,128.82,129.735,128.7101,128.95,54525.0
2026-08-27,2026-08-27 11:10:00,129.09,129.1,127.37,127.585,51617.0
2026-08-27,2026-08-27 11:15:00,127.585,127.74,127.0,127.56,62050.0
2026-08-27,2026-08-27 11:20:00,127.555,128.495,127.21,128.27,36434.0
2026-08-27,2026-08-27 11:25:00,128.29,129.045,128.29,128.95,31686.0
2026-08-27,2026-08-27 11:30:00,128.94,128.99,127.9001,128.265,46677.0
2026-08-27,2026-08-27 11:35:00,128.275,128.49,127.68,128.08,59665.0
2026-08-27,2026-08-27 11:40:00,128.08,129.0,127.86,129.0,23220.0
2026-08-27,2026-08-27 11:45:00,128.98,129.1,128.78,128.915,17036.0
2026-08-27,2026-08-27 11:50:00,128.96,129.02,128.35,128.82,117251.0
2026-08-27,2026-08-27 11:55:00,128.6401,129.03,128.5001,129.025,46001.0
2026-08-27,2026-08-27 12:00:00,128.98,129.08,128.38,128.39,19520.0
2026-08-27,2026-08-27 12:05:00,128.485,128.485,127.521,128.14,28101.0
2026-08-27,2026-08-27 12:10:00,128.14,128.415,127.7,127.88,19795.0
2026-08-27,2026-08-27 12:15:00,127.74,127.9,127.275,127.57,38157.0
2026-08-27,2026-08-27 12:20:00,127.525,127.685,127.12,127.12,49094.0
2026-08-27,2026-08-27 12:25:00,127.11,127.51,127.04,127.11,32252.0
2026-08-27,2026-08-27 12:30:00,127.1,127.31,127.01,127.215,33999.0
2026-08-27,2026-08-27 12:35:00,127.18,127.215,126.52,126.73,36121.0
2026-08-27,2026-08-27 12:40:00,126.725,126.89,126.53,126.805,28839.0
2026-08-27,2026-08-27 12:45:00,126.71,127.15,126.65,126.85,35300.0
2026-08-27,2026-08-27 12:50:00,126.83,127.1939,126.755,127.05,42111.0
2026-08-27,2026-08-27 12:55:00,127.05,127.29,126.89,127.02,41287.0
2026-08-27,2026-08-27 13:00:00,127.03,127.8,127.03,127.56,72555.0
2026-08-27,2026-08-27 13:05:00,127.56,128.09,127.51,128.04,72581.0
2026-08-27,2026-08-27 13:10:00,128.0,128.55,127.905,128.37,27489.0
2026-08-27,2026-08-27 13:15:00,128.45,128.825,128.45,128.66,24719.0
2026-08-27,2026-08-27 13:20:00,128.67,128.79,128.21,128.475,53315.0
2026-08-27,2026-08-27 13:25:00,128.465,128.52,127.72,127.97,28345.0
2026-08-27,2026-08-27 13:30:00,127.92,128.08,127.36,127.6,25392.0
2026-08-27,2026-08-27 13:35:00,127.605,127.81,127.1,127.1,22116.0
2026-08-27,2026-08-27 13:40:00,127.09,127.09,126.45,126.45,29596.0
2026-08-27,2026-08-27 13:45:00,126.45,126.845,126.35,126.845,34109.0
2026-08-27,2026-08-27 13:50:00,126.71,126.93,126.58,126.69,40766.0
2026-08-27,2026-08-27 13:55:00,126.765,126.865,126.55,126.63,31466.0
2026-08-27,2026-08-27 14:00:00,126.63,126.83,126.52,126.755,34576.0
2026-08-27,2026-08-27 14:05:00,126.78,127.35,126.74,127.045,51308.0
2026-08-27,2026-08-27 14:10:00,127.02,127.43,126.86,127.4125,20735.0
2026-08-27,2026-08-27 14:15:00,127.41,127.75,127.34,127.75,12793.0
2026-08-27,2026-08-27 14:20:00,127.745,127.745,127.55,127.61,19077.0
2026-08-27,2026-08-27 14:25:00,127.63,127.68,126.91,127.08,43070.0
2026-08-27,2026-08-27 14:30:00,127.1025,127.63,127.0401,127.5,22340.0
2026-08-27,2026-08-27 14:35:00,127.44,127.6,127.27,127.36,18268.0
2026-08-27,2026-08-27 14:40:00,127.42,127.46,126.83,126.83,25025.0
2026-08-27,2026-08-27 14:45:00,126.9,127.106,126.69,126.93,14033.0
2026-08-27,2026-08-27 14:50:00,126.94,127.14,126.64,126.68,22088.0
2026-08-27,2026-08-27 14:55:00,126.68,127.32,126.68,127.32,21255.0
2026-08-27,2026-08-27 15:00:00,127.16,127.315,127.13,127.25,19468.0
2026-08-27,2026-08-27 15:05:00,127.31,127.48,127.18,127.405,30073.0
2026-08-27,2026-08-27 15:10:00,127.4,127.55,127.17,127.28,24269.0
2026-08-27,2026-08-27 15:15:00,127.285,127.29,127.01,127.085,40360.0
2026-08-27,2026-08-27 15:20:00,127.03,127.07,126.755,127.049,32757.0
2026-08-27,2026-08-27 15:25:00,126.99,127.355,126.905,127.11,26746.0
2026-08-27,2026-08-27 15:30:00,127.16,127.27,126.66,126.87,36195.0
2026-08-27,2026-08-27 15:35:00,126.875,127.02,126.59,126.59,60412.0
2026-08-27,2026-08-27 15:40:00,126.66,127.245,126.66,126.69,63998.0
2026-08-27,2026-08-27 15:45:00,126.685,127.74,126.63,127.69,73257.0
2026-08-27,2026-08-27 15:50:00,127.64,128.325,127.375,127.725,99019.0
2026-08-27,2026-08-27 15:55:00,127.91,128.5975,127.43,127.87,141245.0
2026-08-27,2026-08-27 16:00:00,127.79,127.87,126.66,127.0,1073244.0
2026-08-28,2026-08-28 09:35:00,127.45,127.48,124.515,126.08,67980.0
2026-08-28,2026-08-28 09:40:00,126.1,126.37,125.085,125.415,28976.0
2026-08-28,2026-08-28 09:45:00,125.21,125.75,124.24,124.735,19451.0
2026-08-28,2026-08-28 09:50:00,124.73,125.03,124.285,124.45,35666.0
2026-08-28,2026-08-28 09:55:00,124.445,124.69,123.8,124.625,66062.0
2026-08-28,2026-08-28 10:00:00,124.83,125.58,124.635,125.57,23881.0
2026-08-28,2026-08-28 10:05:00,125.6,127.61,125.6,127.43,27517.0
2026-08-28,2026-08-28 10:10:00,127.6714,128.1267,126.84,126.965,32357.0
2026-08-28,2026-08-28 10:15:00,126.97,127.545,126.89,127.4,23877.0
2026-08-28,2026-08-28 10:20:00,127.4,128.205,127.4,128.14,18010.0
2026-08-28,2026-08-28 10:25:00,128.06,128.165,127.61,127.88,13842.0
2026-08-28,2026-08-28 10:30:00,127.94,127.94,126.75,127.125,21537.0
2026-08-28,2026-08-28 10:35:00,127.125,127.615,127.03,127.3,15632.0
2026-08-28,2026-08-28 10:40:00,127.27,127.93,127.27,127.65,24661.0
2026-08-28,2026-08-28 10:45:00,127.68,127.81,127.34,127.765,21334.0
2026-08-28,2026-08-28 10:50:00,127.765,127.91,127.37,127.515,15603.0
2026-08-28,2026-08-28 10:55:00,127.51,127.51,126.98,127.31,18416.0
2026-08-28,2026-08-28 11:00:00,127.25,127.69,127.16,127.685,20880.0
2026-08-28,2026-08-28 11:05:00,127.685,127.74,127.38,127.655,14464.0
2026-08-28,2026-08-28 11:10:00,127.655,127.6969,127.21,127.47,11585.0
2026-08-28,2026-08-28 11:15:00,127.56,127.575,127.16,127.36,9543.0
2026-08-28,2026-08-28 11:20:00,127.36,127.66,127.3,127.435,17312.0
2026-08-28,2026-08-28 11:25:00,127.605,127.76,127.46,127.57,19719.0
2026-08-28,2026-08-28 11:30:00,127.565,127.68,127.4,127.49,8919.0
2026-08-28,2026-08-28 11:35:00,127.49,127.49,127.29,127.37,8157.0
2026-08-28,2026-08-28 11:40:00,127.33,127.66,127.22,127.605,17882.0
2026-08-28,2026-08-28 11:45:00,127.635,127.635,127.4,127.51,11470.0
2026-08-28,2026-08-28 11:50:00,127.585,127.66,127.38,127.565,15426.0
2026-08-28,2026-08-28 11:55:00,127.52,128.005,127.51,127.98,29041.0
2026-08-28,2026-08-28 12:00:00,127.87,127.96,127.69,127.895,32627.0
2026-08-28,2026-08-28 12:05:00,127.915,128.12,127.67,127.91,24631.0
2026-08-28,2026-08-28 12:10:00,127.67,127.95,127.58,127.7,16962.0
2026-08-28,2026-08-28 12:15:00,127.72,128.06,127.69,127.85,18587.0
2026-08-28,2026-08-28 12:20:00,127.935,128.185,127.9,128.185,17212.0
2026-08-28,2026-08-28 12:25:00,128.185,128.2,127.97,128.07,15138.0
2026-08-28,2026-08-28 12:30:00,127.97,128.24,127.97,128.11,12039.0
2026-08-28,2026-08-28 12:35:00,128.06,128.11,127.76,127.77,14094.0
2026-08-28,2026-08-28 12:40:00,127.8,127.96,127.71,127.88,14384.0
2026-08-28,2026-08-28 12:45:00,127.86,128.05,127.77,127.93,13927.0
2026-08-28,2026-08-28 12:50:00,127.955,128.05,127.86,127.92,9888.0
2026-08-28,2026-08-28 12:55:00,127.99,128.325,127.98,128.16,14911.0
2026-08-28,2026-08-28 13:00:00,128.1,128.155,127.87,127.945,7246.0
2026-08-28,2026-08-28 13:05:00,127.88,128.28,127.8,128.27,19814.0
2026-08-28,2026-08-28 13:10:00,128.255,128.62,128.255,128.475,23508.0
2026-08-28,2026-08-28 13:15:00,128.41,128.58,128.37,128.46,15466.0
2026-08-28,2026-08-28 13:20:00,128.35,128.635,128.31,128.59,14118.0
2026-08-28,2026-08-28 13:25:00,128.54,128.77,128.44,128.57,18045.0
2026-08-28,2026-08-28 13:30:00,128.433,128.705,128.4,128.4,14972.0
2026-08-28,2026-08-28 13:35:00,128.39,128.76,128.37,128.73,18858.0
2026-08-28,2026-08-28 13:40:00,128.735,128.89,128.735,128.89,15912.0
2026-08-28,2026-08-28 13:45:00,128.82,128.92,128.36,128.53,25241.0
2026-08-28,2026-08-28 13:50:00,128.525,128.75,128.525,128.59,24840.0
2026-08-28,2026-08-28 13:55:00,128.63,128.9,128.63,128.78,21211.0
2026-08-28,2026-08-28 14:00:00,128.76,128.9926,128.76,128.92,18088.0
2026-08-28,2026-08-28 14:05:00,128.905,129.02,128.69,128.78,15574.0
2026-08-28,2026-08-28 14:10:00,128.775,129.02,128.74,129.02,35159.0
2026-08-28,2026-08-28 14:15:00,129.02,129.16,128.95,129.16,18257.0
2026-08-28,2026-08-28 14:20:00,129.2,129.27,129.1,129.195,16016.0
2026-08-28,2026-08-28 14:25:00,129.16,129.23,129.095,129.15,17885.0
2026-08-28,2026-08-28 14:30:00,129.135,129.28,129.0945,129.165,17186.0
2026-08-28,2026-08-28 14:35:00,129.29,129.32,129.12,129.175,20671.0
2026-08-28,2026-08-28 14:40:00,129.155,129.38,129.12,129.2,21812.0
2026-08-28,2026-08-28 14:45:00,129.2,129.3,129.03,129.08,18462.0
2026-08-28,2026-08-28 14:50:00,129.075,129.14,128.865,129.02,17967.0
2026-08-28,2026-08-28 14:55:00,129.025,129.14,128.97,129.13,21831.0
2026-08-28,2026-08-28 15:00:00,129.105,129.265,129.02,129.23,18042.0
2026-08-28,2026-08-28 15:05:00,129.18,129.495,129.18,129.41,30172.0
2026-08-28,2026-08-28 15:10:00,129.415,129.55,129.35,129.505,20304.0
2026-08-28,2026-08-28 15:15:00,129.4875,129.505,129.1,129.27,22721.0
2026-08-28,2026-08-28 15:20:00,129.265,129.39,129.0701,129.18,28608.0
2026-08-28,2026-08-28 15:25:00,129.18,129.4,129.18,129.29,26402.0
2026-08-28,2026-08-28 15:30:00,129.285,129.285,128.955,129.165,47906.0
2026-08-28,2026-08-28 15:35:00,129.15,129.18,128.56,128.63,45994.0
2026-08-28,2026-08-28 15:40:00,128.65,128.88,128.24,128.3,40026.0
2026-08-28,2026-08-28 15:45:00,128.3,128.37,127.82,127.82,43927.0
2026-08-28,2026-08-28 15:50:00,127.81,127.96,127.48,127.565,56840.0
2026-08-28,2026-08-28 15:55:00,127.57,128.38,127.53,128.325,105522.0
2026-08-28,2026-08-28 16:00:00,128.38,128.58,128.11,128.26,592772.0
2026-08-31,2026-08-31 09:35:00,128.26,131.48,127.0,129.0,38851.0
2026-08-31,2026-08-31 09:40:00,128.97,129.79,128.84,129.13,10352.0
2026-08-31,2026-08-31 09:45:00,128.61,129.22,127.645,128.28,16810.0
2026-08-31,2026-08-31 09:50:00,128.305,128.64,127.47,127.8,13333.0
2026-08-31,2026-08-31 09:55:00,127.805,127.96,126.05,126.055,22038.0
2026-08-31,2026-08-31 10:00:00,125.98,126.545,125.91,126.545,28688.0
2026-08-31,2026-08-31 10:05:00,126.68,126.87,126.19,126.545,17895.0
2026-08-31,2026-08-31 10:10:00,126.75,126.85,126.02,126.11,20044.0
2026-08-31,2026-08-31 10:15:00,126.195,126.515,126.0,126.25,26595.0
2026-08-31,2026-08-31 10:20:00,126.29,126.3,125.82,125.865,14205.0
2026-08-31,2026-08-31 10:25:00,125.775,125.9,125.02,125.02,10817.0
2026-08-31,2026-08-31 10:30:00,125.02,125.26,124.8,124.8,12253.0
2026-08-31,2026-08-31 10:35:00,124.905,125.0,124.58,124.895,14937.0
2026-08-31,2026-08-31 10:40:00,124.83,125.625,124.7001,125.625,15141.0
2026-08-31,2026-08-31 10:45:00,125.7,125.715,125.48,125.61,8403.0
2026-08-31,2026-08-31 10:50:00,125.63,125.93,125.42,125.87,10036.0
2026-08-31,2026-08-31 10:55:00,125.82,126.09,125.82,125.995,6541.0
2026-08-31,2026-08-31 11:00:00,125.93,126.0999,125.91,126.03,9226.0
2026-08-31,2026-08-31 11:05:00,126.03,126.14,126.03,126.13,9751.0
2026-08-31,2026-08-31 11:10:00,126.07,126.33,125.73,125.73,53500.0
2026-08-31,2026-08-31 11:15:00,125.725,125.77,125.41,125.67,15787.0
2026-08-31,2026-08-31 11:20:00,125.69,125.85,125.63,125.715,10319.0
2026-08-31,2026-08-31 11:25:00,125.8,125.88,125.57,125.65,7538.0
2026-08-31,2026-08-31 11:30:00,125.65,125.77,125.58,125.705,11337.0
2026-08-31,2026-08-31 11:35:00,125.645,125.73,125.11,125.28,35767.0
2026-08-31,2026-08-31 11:40:00,125.28,125.4699,125.115,125.4699,13898.0
2026-08-31,2026-08-31 11:45:00,125.32,125.4993,125.22,125.415,26557.0
2026-08-31,2026-08-31 11:50:00,125.425,125.57,125.42,125.495,11172.0
2026-08-31,2026-08-31 11:55:00,125.51,125.66,125.41,125.495,11281.0
2026-08-31,2026-08-31 12:00:00,125.53,125.7,125.35,125.7,14267.0
2026-08-31,2026-08-31 12:05:00,125.67,125.9,125.39,125.495,33246.0
2026-08-31,2026-08-31 12:10:00,125.5,125.68,125.391,125.68,11477.0
2026-08-31,2026-08-31 12:15:00,125.66,125.73,125.28,125.405,39426.0
2026-08-31,2026-08-31 12:20:00,125.37,125.61,125.25,125.395,26442.0
2026-08-31,2026-08-31 12:25:00,125.51,125.64,124.93,125.07,38011.0
2026-08-31,2026-08-31 12:30:00,125.07,125.44,125.07,125.44,15178.0
2026-08-31,2026-08-31 12:35:00,125.43,125.475,125.35,125.35,8014.0
2026-08-31,2026-08-31 12:40:00,125.35,125.5906,125.2801,125.35,16609.0
2026-08-31,2026-08-31 12:45:00,125.37,125.5,125.36,125.42,6463.0
2026-08-31,2026-08-31 12:50:00,125.38,125.49,125.33,125.39,6731.0
2026-08-31,2026-08-31 12:55:00,125.39,125.715,125.38,125.66,12247.0
2026-08-31,2026-08-31 13:00:00,125.63,125.71,125.51,125.535,8376.0
2026-08-31,2026-08-31 13:05:00,125.515,125.8,125.47,125.535,15508.0
2026-08-31,2026-08-31 13:10:00,125.535,125.56,125.286,125.345,9100.0
2026-08-31,2026-08-31 13:15:00,125.41,125.41,125.2101,125.27,11306.0
2026-08-31,2026-08-31 13:20:00,125.275,125.38,125.19,125.26,12763.0
2026-08-31,2026-08-31 13:25:00,125.28,125.79,125.28,125.79,11365.0
2026-08-31,2026-08-31 13:30:00,125.72,125.72,125.58,125.665,6489.0
2026-08-31,2026-08-31 13:35:00,125.67,125.79,125.66,125.69,10643.0
2026-08-31,2026-08-31 13:40:00,125.69,125.81,125.46,125.545,26039.0
2026-08-31,2026-08-31 13:45:00,125.6,125.945,125.6,125.785,18528.0
2026-08-31,2026-08-31 13:50:00,125.79,125.82,125.34,125.34,24724.0
2026-08-31,2026-08-31 13:55:00,125.345,125.38,125.06,125.1203,12722.0
2026-08-31,2026-08-31 14:00:00,125.1,125.22,124.98,125.12,19151.0
2026-08-31,2026-08-31 14:05:00,124.99,125.19,124.99,125.06,10639.0
2026-08-31,2026-08-31 14:10:00,125.055,125.42,125.055,125.36,9574.0
2026-08-31,2026-08-31 14:15:00,125.355,125.47,125.355,125.41,9783.0
2026-08-31,2026-08-31 14:20:00,125.38,125.38,124.95,124.95,26771.0
2026-08-31,2026-08-31 14:25:00,124.96,125.01,124.68,124.68,20936.0
2026-08-31,2026-08-31 14:30:00,124.68,124.82,124.5,124.61,29880.0
2026-08-31,2026-08-31 14:35:00,124.685,124.965,124.61,124.885,18578.0
2026-08-31,2026-08-31 14:40:00,124.885,125.0,124.85,124.915,20885.0
2026-08-31,2026-08-31 14:45:00,124.915,125.085,124.85,124.86,16374.0
2026-08-31,2026-08-31 14:50:00,124.86,124.92,124.77,124.86,21265.0
2026-08-31,2026-08-31 14:55:00,124.87,124.9,124.75,124.8,16478.0
2026-08-31,2026-08-31 15:00:00,124.75,124.82,124.61,124.71,55470.0
2026-08-31,2026-08-31 15:05:00,124.7,125.05,124.69,124.89,27907.0
2026-08-31,2026-08-31 15:10:00,124.85,125.0441,124.79,124.79,27765.0
2026-08-31,2026-08-31 15:15:00,124.75,124.84,124.6,124.82,31605.0
2026-08-31,2026-08-31 15:20:00,124.835,125.04,124.62,125.01,35110.0
2026-08-31,2026-08-31 15:25:00,125.0,125.07,124.725,124.77,27078.0
2026-08-31,2026-08-31 15:30:00,124.81,125.04,124.6,124.945,42638.0
2026-08-31,2026-08-31 15:35:00,124.945,125.63,124.92,125.6,39814.0
2026-08-31,2026-08-31 15:40:00,125.58,125.86,125.44,125.75,42385.0
2026-08-31,2026-08-31 15:45:00,125.75,126.23,125.72,126.05,69255.0
2026-08-31,2026-08-31 15:50:00,126.055,126.32,125.84,126.29,76426.0
2026-08-31,2026-08-31 15:55:00,126.32,126.535,126.06,126.06,140825.0
2026-08-31,2026-08-31 16:00:00,126.16,126.92,126.16,126.59,1209070.0
2026-09-01,2026-09-01 09:35:00,127.45,129.61,126.475,128.79,33770.0
2026-09-01,2026-09-01 09:40:00,128.4,129.625,128.33,129.61,17182.0
2026-09-01,2026-09-01 09:45:00,129.5,130.07,129.5,129.94,26759.0
2026-09-01,2026-09-01 09:50:00,129.94,130.34,129.9001,130.28,12701.0
2026-09-01,2026-09-01 09:55:00,130.29,130.84,130.29,130.57,17949.0
2026-09-01,2026-09-01 10:00:00,130.7,130.78,130.2201,130.555,14820.0
2026-09-01,2026-09-01 10:05:00,130.575,130.575,129.795,129.795,22113.0
2026-09-01,2026-09-01 10:10:00,129.93,129.93,129.55,129.8,15540.0
2026-09-01,2026-09-01 10:15:00,129.745,130.75,129.745,130.75,24554.0
2026-09-01,2026-09-01 10:20:00,130.85,130.92,130.45,130.87,29267.0
2026-09-01,2026-09-01 10:25:00,130.95,131.16,130.88,131.01,20979.0
2026-09-01,2026-09-01 10:30:00,131.2,131.34,131.0,131.235,16739.0
2026-09-01,2026-09-01 10:35:00,131.2003,131.44,131.19,131.335,16767.0
2026-09-01,2026-09-01 10:40:00,131.34,131.64,131.18,131.39,24664.0
2026-09-01,2026-09-01 10:45:00,131.28,131.3601,130.97,131.18,14506.0
2026-09-01,2026-09-01 10:50:00,131.35,131.695,131.125,131.15,13517.0
2026-09-01,2026-09-01 10:55:00,131.0301,131.19,130.525,130.7,24155.0
2026-09-01,2026-09-01 11:00:00,130.74,131.28,130.635,130.96,43847.0
2026-09-01,2026-09-01 11:05:00,130.95,130.95,130.72,130.88,9922.0
2026-09-01,2026-09-01 11:10:00,130.95,131.07,130.85,130.95,13172.0
2026-09-01,2026-09-01 11:15:00,130.88,130.9525,130.78,130.855,9808.0
2026-09-01,2026-09-01 11:20:00,130.7984,131.31,130.765,131.31,18337.0
2026-09-01,2026-09-01 11:25:00,131.265,131.39,131.19,131.3,8246.0
2026-09-01,2026-09-01 11:30:00,131.21,131.41,131.19,131.41,10359.0
2026-09-01,2026-09-01 11:35:00,131.36,131.51,131.23,131.37,29116.0
2026-09-01,2026-09-01 11:40:00,131.395,131.5,131.36,131.45,8633.0
2026-09-01,2026-09-01 11:45:00,131.56,131.6,131.52,131.575,6148.0
2026-09-01,2026-09-01 11:50:00,131.64,131.68,131.41,131.41,8233.0
2026-09-01,2026-09-01 11:55:00,131.31,131.37,131.25,131.27,11530.0
2026-09-01,2026-09-01 12:00:00,131.28,131.42,131.28,131.32,7813.0
2026-09-01,2026-09-01 12:05:00,131.35,131.48,131.14,131.32,13326.0
2026-09-01,2026-09-01 12:10:00,131.24,131.335,131.22,131.25,7583.0
2026-09-01,2026-09-01 12:15:00,131.25,131.45,131.25,131.32,13250.0
2026-09-01,2026-09-01 12:20:00,131.28,131.32,131.17,131.21,9473.0
2026-09-01,2026-09-01 12:25:00,131.24,131.27,130.81,130.81,9475.0
2026-09-01,2026-09-01 12:30:00,130.8,130.92,130.715,130.83,10564.0
2026-09-01,2026-09-01 12:35:00,130.75,130.76,130.61,130.76,12759.0
2026-09-01,2026-09-01 12:40:00,130.85,131.13,130.78,131.04,7091.0
2026-09-01,2026-09-01 12:45:00,131.02,131.02,130.8801,130.93,4783.0
2026-09-01,2026-09-01 12:50:00,130.975,131.2525,130.9303,130.9303,10274.0
2026-09-01,2026-09-01 12:55:00,130.98,131.13,130.9,131.12,8186.0
2026-09-01,2026-09-01 13:00:00,131.105,131.105,130.96,130.992,13583.0
2026-09-01,2026-09-01 13:05:00,130.98,130.98,130.85,130.88,10872.0
2026-09-01,2026-09-01 13:10:00,130.82,130.89,130.595,130.82,11681.0
2026-09-01,2026-09-01 13:15:00,130.85,131.02,130.745,131.02,13979.0
2026-09-01,2026-09-01 13:20:00,131.1,131.105,130.89,130.89,7862.0
2026-09-01,2026-09-01 13:25:00,130.945,131.0325,130.855,130.86,7463.0
2026-09-01,2026-09-01 13:30:00,130.93,130.975,130.83,130.96,11269.0
2026-09-01,2026-09-01 13:35:00,130.93,130.95,130.78,130.9,11966.0
2026-09-01,2026-09-01 13:40:00,130.83,130.87,130.69,130.69,8131.0
2026-09-01,2026-09-01 13:45:00,130.62,130.86,130.62,130.8,7943.0
2026-09-01,2026-09-01 13:50:00,130.75,130.75,130.24,130.41,8718.0
2026-09-01,2026-09-01 13:55:00,130.35,130.35,130.19,130.19,10815.0
2026-09-01,2026-09-01 14:00:00,130.245,130.3,130.1,130.1,18830.0
2026-09-01,2026-09-01 14:05:00,130.14,130.625,130.11,130.52,12348.0
2026-09-01,2026-09-01 14:10:00,130.525,130.525,130.3,130.375,6933.0
2026-09-01,2026-09-01 14:15:00,130.3,130.89,130.25,130.8,49733.0
2026-09-01,2026-09-01 14:20:00,130.84,131.095,130.83,130.94,12446.0
2026-09-01,2026-09-01 14:25:00,130.92,131.3,130.81,131.3,16206.0
2026-09-01,2026-09-01 14:30:00,131.295,131.295,131.09,131.14,10314.0
2026-09-01,2026-09-01 14:35:00,131.2,131.22,130.95,131.19,11036.0
2026-09-01,2026-09-01 14:40:00,131.13,131.15,131.03,131.03,11276.0
2026-09-01,2026-09-01 14:45:00,131.0,131.04,130.9,131.04,20849.0
2026-09-01,2026-09-01 14:50:00,131.08,131.11,130.95,131.07,11664.0
2026-09-01,2026-09-01 14:55:00,131.02,131.02,130.82,130.845,14565.0
2026-09-01,2026-09-01 15:00:00,130.765,130.78,130.63,130.705,11926.0
2026-09-01,2026-09-01 15:05:00,130.695,131.0,130.695,130.88,12859.0
2026-09-01,2026-09-01 15:10:00,130.885,130.92,130.78,130.8,9388.0
2026-09-01,2026-09-01 15:15:00,130.8,130.905,130.76,130.82,9484.0
2026-09-01,2026-09-01 15:20:00,130.91,131.0,130.86,130.985,11084.0
2026-09-01,2026-09-01 15:25:00,130.96,130.96,130.855,130.855,12341.0
2026-09-01,2026-09-01 15:30:00,130.87,130.89,130.68,130.74,25499.0
2026-09-01,2026-09-01 15:35:00,130.775,131.07,130.775,130.9,33392.0
2026-09-01,2026-09-01 15:40:00,131.0,131.455,131.0,131.455,27415.0
2026-09-01,2026-09-01 15:45:00,131.49,131.49,131.19,131.28,25775.0
2026-09-01,2026-09-01 15:50:00,131.27,131.51,131.23,131.47,31051.0
2026-09-01,2026-09-01 15:55:00,131.5,132.19,131.5,132.175,94331.0
2026-09-01,2026-09-01 16:00:00,132.15,132.16,131.42,131.71,803363.0
2026-09-02,2026-09-02 09:35:00,131.83,134.685,130.4069,134.685,34251.0
2026-09-02,2026-09-02 09:40:00,134.76,134.99,134.02,134.235,16312.0
2026-09-02,2026-09-02 09:45:00,134.04,134.285,133.305,133.33,23444.0
2026-09-02,2026-09-02 09:50:00,133.35,133.73,132.9,132.9,11195.0
2026-09-02,2026-09-02 09:55:00,132.9,133.25,132.89,133.1725,6694.0
2026-09-02,2026-09-02 10:00:00,133.07,133.58,132.92,133.26,8023.0
2026-09-02,2026-09-02 10:05:00,133.31,133.5,133.11,133.17,9696.0
2026-09-02,2026-09-02 10:10:00,133.1975,133.3,132.45,132.605,10965.0
2026-09-02,2026-09-02 10:15:00,132.655,132.9399,132.65,132.84,10185.0
2026-09-02,2026-09-02 10:20:00,132.7,132.83,132.68,132.745,7067.0
2026-09-02,2026-09-02 10:25:00,132.65,132.95,132.52,132.52,10216.0
2026-09-02,2026-09-02 10:30:00,132.7,132.98,132.7,132.97,5602.0
2026-09-02,2026-09-02 10:35:00,132.98,133.12,132.59,132.78,10189.0
2026-09-02,2026-09-02 10:40:00,132.725,132.79,132.66,132.79,3653.0
2026-09-02,2026-09-02 10:45:00,132.715,132.805,132.64,132.68,9597.0
2026-09-02,2026-09-02 10:50:00,132.75,132.905,132.75,132.835,4845.0
2026-09-02,2026-09-02 10:55:00,132.82,132.84,132.41,132.485,13532.0
2026-09-02,2026-09-02 11:00:00,132.53,132.53,132.29,132.32,6044.0
2026-09-02,2026-09-02 11:05:00,132.44,132.44,132.31,132.335,3289.0
2026-09-02,2026-09-02 11:10:00,132.31,132.37,132.22,132.37,5336.0
2026-09-02,2026-09-02 11:15:00,132.3275,132.5954,132.315,132.5,9379.0
2026-09-02,2026-09-02 11:20:00,132.58,132.58,132.45,132.51,4113.0
2026-09-02,2026-09-02 11:25:00,132.43,132.54,132.41,132.54,3555.0
2026-09-02,2026-09-02 11:30:00,132.575,132.58,132.21,132.35,8324.0
2026-09-02,2026-09-02 11:35:00,132.44,132.46,132.345,132.3779,4131.0
2026-09-02,2026-09-02 11:40:00,132.32,132.33,131.97,131.995,9200.0
2026-09-02,2026-09-02 11:45:00,131.995,132.04,131.89,131.89,3579.0
2026-09-02,2026-09-02 11:50:00,131.7301,131.805,131.705,131.805,5533.0
2026-09-02,2026-09-02 11:55:00,131.755,131.78,131.72,131.78,4068.0
2026-09-02,2026-09-02 12:00:00,131.76,131.78,131.62,131.62,6140.0
2026-09-02,2026-09-02 12:05:00,131.735,131.92,131.72,131.89,3901.0
2026-09-02,2026-09-02 12:10:00,131.855,132.02,131.855,132.01,5957.0
2026-09-02,2026-09-02 12:15:00,132.035,132.09,131.985,132.07,4343.0
2026-09-02,2026-09-02 12:20:00,132.0,132.19,131.93,132.19,12004.0
2026-09-02,2026-09-02 12:25:00,132.115,132.205,132.08,132.16,3778.0
2026-09-02,2026-09-02 12:30:00,132.15,132.225,132.15,132.16,3358.0
2026-09-02,2026-09-02 12:35:00,132.24,132.29,132.1,132.1,4584.0
2026-09-02,2026-09-02 12:40:00,132.05,132.05,131.9,132.02,5613.0
2026-09-02,2026-09-02 12:45:00,132.025,132.025,131.99,132.025,2847.0
2026-09-02,2026-09-02 12:50:00,132.105,132.34,132.05,132.34,8270.0
2026-09-02,2026-09-02 12:55:00,132.32,132.41,132.22,132.24,8199.0
2026-09-02,2026-09-02 13:00:00,132.205,132.34,132.14,132.315,6081.0
2026-09-02,2026-09-02 13:05:00,132.42,132.5575,132.38,132.52,5326.0
2026-09-02,2026-09-02 13:10:00,132.535,132.85,132.44,132.85,13261.0
2026-09-02,2026-09-02 13:15:00,132.85,132.91,132.825,132.835,4272.0
2026-09-02,2026-09-02 13:20:00,132.835,132.89,132.75,132.89,7531.0
2026-09-02,2026-09-02 13:25:00,132.95,132.95,132.705,132.77,8382.0
2026-09-02,2026-09-02 13:30:00,132.83,132.88,132.77,132.88,4481.0
2026-09-02,2026-09-02 13:35:00,132.91,132.92,132.7,132.77,18103.0
2026-09-02,2026-09-02 13:40:00,132.775,133.05,132.775,132.85,18761.0
2026-09-02,2026-09-02 13:45:00,132.78,132.85,132.78,132.815,4585.0
2026-09-02,2026-09-02 13:50:00,132.87,132.89,132.735,132.74,5992.0
2026-09-02,2026-09-02 13:55:00,132.82,132.96,132.82,132.94,6450.0
2026-09-02,2026-09-02 14:00:00,132.95,133.22,132.93,133.175,8944.0
2026-09-02,2026-09-02 14:05:00,133.265,133.265,132.895,133.14,14595.0
2026-09-02,2026-09-02 14:10:00,133.110287,133.16,133.02,133.1,6494.0
2026-09-02,2026-09-02 14:15:00,133.11,133.18,133.09,133.135,3685.0
2026-09-02,2026-09-02 14:20:00,133.14,133.36,133.1,133.275,6613.0
2026-09-02,2026-09-02 14:25:00,133.28,133.28,133.1,133.18,14035.0
2026-09-02,2026-09-02 14:30:00,133.085,133.1,132.9935,133.045,7368.0
2026-09-02,2026-09-02 14:35:00,133.045,133.22,133.04,133.21,8990.0
2026-09-02,2026-09-02 14:40:00,133.24,133.265,133.16,133.16,7720.0
2026-09-02,2026-09-02 14:45:00,133.18,133.25,133.165,133.175,8830.0
2026-09-02,2026-09-02 14:50:00,133.1988,133.1988,133.03,133.06,8803.0
2026-09-02,2026-09-02 14:55:00,133.07,133.075,132.9701,133.07,5833.0
2026-09-02,2026-09-02 15:00:00,133.07,133.07,132.85,132.9,9839.0
2026-09-02,2026-09-02 15:05:00,132.895,132.94,132.645,132.645,13212.0
2026-09-02,2026-09-02 15:10:00,132.58,132.62,132.455,132.51,7125.0
2026-09-02,2026-09-02 15:15:00,132.69,132.7701,132.635,132.635,6105.0
2026-09-02,2026-09-02 15:20:00,132.61,132.61,132.42,132.49,9336.0
2026-09-02,2026-09-02 15:25:00,132.465,132.47,132.345,132.36,9406.0
2026-09-02,2026-09-02 15:30:00,132.36,132.36,132.145,132.2,9205.0
2026-09-02,2026-09-02 15:35:00,132.19,132.35,132.105,132.14,17651.0
2026-09-02,2026-09-02 15:40:00,132.14,132.21,132.04,132.04,15586.0
2026-09-02,2026-09-02 15:45:00,131.99,132.03,131.87,132.02,15493.0
2026-09-02,2026-09-02 15:50:00,132.01,132.31,131.96,132.02,26457.0
2026-09-02,2026-09-02 15:55:00,131.91,131.98,131.52,131.52,40762.0
2026-09-02,2026-09-02 16:00:00,131.53,131.99,131.37,131.91,451053.0
2026-09-03,2026-09-03 09:35:00,132.19,133.6326,132.19,133.43,16495.0
2026-09-03,2026-09-03 09:40:00,133.43,133.43,131.66,131.66,25370.0
2026-09-03,2026-09-03 09:45:00,131.35,132.26,131.25,132.12,10363.0
2026-09-03,2026-09-03 09:50:00,132.56,132.81,132.125,132.31,7897.0
2026-09-03,2026-09-03 09:55:00,132.56,132.57,131.91,131.91,8237.0
2026-09-03,2026-09-03 10:00:00,131.61,131.7,131.42,131.61,7064.0
2026-09-03,2026-09-03 10:05:00,131.6,131.825,131.57,131.7101,5893.0
2026-09-03,2026-09-03 10:10:00,131.825,131.96,131.64,131.64,9803.0
2026-09-03,2026-09-03 10:15:00,131.68,132.0299,131.65,132.0299,7288.0
2026-09-03,2026-09-03 10:20:00,132.0251,132.0251,131.7,131.8,9191.0
2026-09-03,2026-09-03 10:25:00,131.75,131.75,131.39,131.49,9952.0
2026-09-03,2026-09-03 10:30:00,131.51,131.65,131.37,131.405,5584.0
2026-09-03,2026-09-03 10:35:00,131.4,131.55,131.4,131.46,5237.0
2026-09-03,2026-09-03 10:40:00,131.475,131.475,131.12,131.12,7816.0
2026-09-03,2026-09-03 10:45:00,131.17,131.2,130.86,130.91,11897.0
2026-09-03,2026-09-03 10:50:00,131.05,131.36,131.05,131.36,9200.0
2026-09-03,2026-09-03 10:55:00,131.405,131.46,130.92,130.92,9626.0
2026-09-03,2026-09-03 11:00:00,130.94,130.94,130.495,130.61,13603.0
2026-09-03,2026-09-03 11:05:00,130.56,130.895,130.56,130.74,8814.0
2026-09-03,2026-09-03 11:10:00,130.96,131.0,130.73,130.92,4609.0
2026-09-03,2026-09-03 11:15:00,130.76,130.93,130.76,130.845,7453.0
2026-09-03,2026-09-03 11:20:00,130.84,131.0089,130.81,130.97,14827.0
2026-09-03,2026-09-03 11:25:00,130.93,130.9699,130.81,130.85,8325.0
2026-09-03,2026-09-03 11:30:00,130.87,130.94,130.69,130.94,7484.0
2026-09-03,2026-09-03 11:35:00,130.965,131.450007,130.965,131.450007,6664.0
2026-09-03,2026-09-03 11:40:00,131.455,131.775,131.39,131.5,16921.0
2026-09-03,2026-09-03 11:45:00,131.65,131.65,131.415,131.415,4959.0
2026-09-03,2026-09-03 11:50:00,131.35,131.3567,131.125,131.2,7038.0
2026-09-03,2026-09-03 11:55:00,131.2,131.33,131.11,131.18,6023.0
2026-09-03,2026-09-03 12:00:00,131.16,131.58,131.09,131.46,16869.0
2026-09-03,2026-09-03 12:05:00,131.4,131.473,131.17,131.2,11379.0
2026-09-03,2026-09-03 12:10:00,131.21,131.21,131.11,131.14,5105.0
2026-09-03,2026-09-03 12:15:00,131.1,131.1,130.975,130.975,5276.0
2026-09-03,2026-09-03 12:20:00,130.98,130.98,130.845,130.92,6091.0
2026-09-03,2026-09-03 12:25:00,130.905,131.165,130.905,131.165,11453.0
2026-09-03,2026-09-03 12:30:00,131.29,131.29,131.09,131.145,9043.0
2026-09-03,2026-09-03 12:35:00,131.2,131.26,131.135,131.24,4195.0
2026-09-03,2026-09-03 12:40:00,131.23,131.35,131.23,131.31,4479.0
2026-09-03,2026-09-03 12:45:00,131.2782,131.63,131.2701,131.46,5986.0
2026-09-03,2026-09-03 12:50:00,131.46,131.46,131.215,131.23,7843.0
2026-09-03,2026-09-03 12:55:00,131.25,131.25,131.1,131.11,6975.0
2026-09-03,2026-09-03 13:00:00,130.84,130.855,130.69,130.69,5877.0
2026-09-03,2026-09-03 13:05:00,130.695,130.695,130.545,130.635,12084.0
2026-09-03,2026-09-03 13:10:00,130.595,130.695,130.585,130.605,7771.0
2026-09-03,2026-09-03 13:15:00,130.6051,130.74,130.55,130.675,4940.0
2026-09-03,2026-09-03 13:20:00,130.64,130.68,130.59,130.68,6782.0
2026-09-03,2026-09-03 13:25:00,130.67,130.8,130.53,130.76,10942.0
2026-09-03,2026-09-03 13:30:00,130.74,130.835,130.65,130.72,11282.0
2026-09-03,2026-09-03 13:35:00,130.755,131.15,130.75,131.01,11582.0
2026-09-03,2026-09-03 13:40:00,131.0,131.09,130.94,131.045,5679.0
2026-09-03,2026-09-03 13:45:00,131.035,131.035,130.94,130.955,10373.0
2026-09-03,2026-09-03 13:50:00,130.945,130.97,130.7601,130.865,8013.0
2026-09-03,2026-09-03 13:55:00,130.865,131.06,130.865,131.03,7999.0
2026-09-03,2026-09-03 14:00:00,131.03,131.07,130.895,130.91,8263.0
2026-09-03,2026-09-03 14:05:00,131.03,131.065,130.41,130.42,17577.0
2026-09-03,2026-09-03 14:10:00,130.425,130.505,130.37,130.47,18927.0
2026-09-03,2026-09-03 14:15:00,130.51,130.7319,130.475,130.6,13979.0
2026-09-03,2026-09-03 14:20:00,130.66,130.75,130.62,130.71,10790.0
2026-09-03,2026-09-03 14:25:00,130.72,130.72,130.43,130.54,20605.0
2026-09-03,2026-09-03 14:30:00,130.54,130.56,130.505,130.505,7669.0
2026-09-03,2026-09-03 14:35:00,130.5101,130.54,130.38,130.38,12084.0
2026-09-03,2026-09-03 14:40:00,130.37,130.44,130.28,130.31,13519.0
2026-09-03,2026-09-03 14:45:00,130.33,130.44,130.255,130.345,14808.0
2026-09-03,2026-09-03 14:50:00,130.3875,130.3875,129.895,129.975,18043.0
2026-09-03,2026-09-03 14:55:00,129.98,130.03,129.945,129.985,8050.0
2026-09-03,2026-09-03 15:00:00,130.03,130.18,130.02,130.145,11030.0
2026-09-03,2026-09-03 15:05:00,130.19,130.29,130.14,130.225,10691.0
2026-09-03,2026-09-03 15:10:00,130.225,130.32,130.105,130.2,15933.0
2026-09-03,2026-09-03 15:15:00,130.205,130.245,130.14,130.14,9162.0
2026-09-03,2026-09-03 15:20:00,130.125,130.185,130.04,130.185,9635.0
2026-09-03,2026-09-03 15:25:00,130.23,130.255,130.15,130.17,9571.0
2026-09-03,2026-09-03 15:30:00,130.22,130.3,130.195,130.245,16330.0
2026-09-03,2026-09-03 15:35:00,130.235,130.28,130.06,130.25,21429.0
2026-09-03,2026-09-03 15:40:00,130.25,130.25,130.1,130.13,14153.0
2026-09-03,2026-09-03 15:45:00,130.13,130.4,130.13,130.38,16092.0
2026-09-03,2026-09-03 15:50:00,130.36,130.44,130.25,130.315,20474.0
2026-09-03,2026-09-03 15:55:00,130.4,131.69,130.36,131.67,81421.0
2026-09-03,2026-09-03 16:00:00,131.57,131.64,130.72,131.04,746305.0
2026-09-04,2026-09-04 09:35:00,130.9,131.7,130.875,131.53,28696.0
2026-09-04,2026-09-04 09:40:00,131.53,131.96,131.15,131.96,11058.0
2026-09-04,2026-09-04 09:45:00,132.135,132.42,132.13,132.13,8979.0
2026-09-04,2026-09-04 09:50:00,132.215,133.0,132.215,132.715,14384.0
2026-09-04,2026-09-04 09:55:00,132.87,133.06,132.475,132.68,7178.0
2026-09-04,2026-09-04 10:00:00,132.675,132.68,131.81,131.81,7119.0
2026-09-04,2026-09-04 10:05:00,131.94,131.945,131.43,131.43,8754.0
2026-09-04,2026-09-04 10:10:00,131.61,131.92,131.4717,131.77,9050.0
2026-09-04,2026-09-04 10:15:00,131.81,131.86,131.37,131.45,17525.0
2026-09-04,2026-09-04 10:20:00,131.48,131.9551,131.48,131.73,21954.0
2026-09-04,2026-09-04 10:25:00,131.73,132.135,131.73,132.095,24195.0
2026-09-04,2026-09-04 10:30:00,132.03,132.03,131.67,131.765,6809.0
2026-09-04,2026-09-04 10:35:00,131.76,131.81,131.52,131.52,9479.0
2026-09-04,2026-09-04 10:40:00,131.41,131.63,131.41,131.555,8774.0
2026-09-04,2026-09-04 10:45:00,131.5,131.73,131.49,131.59,9394.0
2026-09-04,2026-09-04 10:50:00,131.595,131.775,131.5568,131.68,7936.0
2026-09-04,2026-09-04 10:55:00,131.57,131.82,131.54,131.76,6574.0
2026-09-04,2026-09-04 11:00:00,131.61,131.71,131.51,131.56,3696.0
2026-09-04,2026-09-04 11:05:00,131.415,131.47,131.38,131.38,4500.0
2026-09-04,2026-09-04 11:10:00,131.455,131.49,131.33,131.465,9350.0
2026-09-04,2026-09-04 11:15:00,131.4,131.56,131.39,131.5325,4628.0
2026-09-04,2026-09-04 11:20:00,131.47,131.48,131.2,131.26,8223.0
2026-09-04,2026-09-04 11:25:00,131.27,131.36,131.26,131.29,7191.0
2026-09-04,2026-09-04 11:30:00,131.27,131.27,131.14,131.17,6160.0
2026-09-04,2026-09-04 11:35:00,131.225,131.225,131.15,131.16,5127.0
2026-09-04,2026-09-04 11:40:00,131.195,131.31,130.955,131.04,17191.0
2026-09-04,2026-09-04 11:45:00,131.05,131.33,131.05,131.33,4378.0
2026-09-04,2026-09-04 11:50:00,131.32,131.32,131.21,131.23,3914.0
2026-09-04,2026-09-04 11:55:00,131.225,131.25,131.18,131.19,125437.0
2026-09-04,2026-09-04 12:00:00,131.2,131.35,131.2,131.35,4695.0
2026-09-04,2026-09-04 12:05:00,131.41,131.4966,131.365,131.465,6849.0
2026-09-04,2026-09-04 12:10:00,131.3999,131.46,131.33,131.34,5637.0
2026-09-04,2026-09-04 12:15:00,131.33,131.46,131.165,131.38,11583.0
2026-09-04,2026-09-04 12:20:00,131.34,131.34,131.175,131.26,4473.0
2026-09-04,2026-09-04 12:25:00,131.22,131.235,131.14,131.14,4432.0
2026-09-04,2026-09-04 12:30:00,131.1,131.165,130.89,130.89,9749.0
2026-09-04,2026-09-04 12:35:00,131.08,131.14,131.05,131.14,4164.0
2026-09-04,2026-09-04 12:40:00,131.17,131.29,131.17,131.265,6355.0
2026-09-04,2026-09-04 12:45:00,131.265,131.48,131.23,131.36,9118.0
2026-09-04,2026-09-04 12:50:00,131.43,131.5,131.38,131.465,3433.0
2026-09-04,2026-09-04 12:55:00,131.41,131.53,131.36,131.4551,5013.0
2026-09-04,2026-09-04 13:00:00,131.51,131.63,131.47,131.575,7046.0
2026-09-04,2026-09-04 13:05:00,131.565,131.6,131.46,131.46,6122.0
2026-09-04,2026-09-04 13:10:00,131.535,131.62,131.46,131.53,3229.0
2026-09-04,2026-09-04 13:15:00,131.57,131.57,131.39,131.53,7082.0
2026-09-04,2026-09-04 13:20:00,131.52,131.57,131.5,131.5,3369.0
2026-09-04,2026-09-04 13:25:00,131.485,131.58,131.44,131.485,3391.0
2026-09-04,2026-09-04 13:30:00,131.44,131.57,131.43,131.51,10741.0
2026-09-04,2026-09-04 13:35:00,131.58,131.6,131.4,131.495,10036.0
2026-09-04,2026-09-04 13:40:00,131.51,131.52,131.45,131.45,4009.0
2026-09-04,2026-09-04 13:45:00,131.47,131.47,131.46,131.46,2389.0
2026-09-04,2026-09-04 13:50:00,131.49,131.51,131.4,131.41,6536.0
2026-09-04,2026-09-04 13:55:00,131.4,131.48,131.32,131.465,7960.0
2026-09-04,2026-09-04 14:00:00,131.435,131.435,131.36,131.41,4559.0
2026-09-04,2026-09-04 14:05:00,131.4,131.4699,131.3101,131.4699,4286.0
2026-09-04,2026-09-04 14:10:00,131.375,131.45,131.35,131.385,5369.0
2026-09-04,2026-09-04 14:15:00,131.34,131.385,131.225,131.26,7515.0
2026-09-04,2026-09-04 14:20:00,131.26,131.345,131.225,131.225,13536.0
2026-09-04,2026-09-04 14:25:00,131.235,131.39,131.235,131.38,6279.0
2026-09-04,2026-09-04 14:30:00,131.36,131.37,131.3,131.3,6233.0
2026-09-04,2026-09-04 14:35:00,131.32,131.36,131.305,131.345,6165.0
2026-09-04,2026-09-04 14:40:00,131.36,131.41,131.32,131.405,6998.0
2026-09-04,2026-09-04 14:45:00,131.41,131.58,131.41,131.58,10252.0
2026-09-04,2026-09-04 14:50:00,131.52,131.6094,131.52,131.565,6499.0
2026-09-04,2026-09-04 14:55:00,131.565,131.6,131.49,131.55,6034.0
2026-09-04,2026-09-04 15:00:00,131.55,131.62,131.52,131.52,6240.0
2026-09-04,2026-09-04 15:05:00,131.51,131.53,131.39,131.485,7798.0
2026-09-04,2026-09-04 15:10:00,131.44,131.53,131.39,131.425,10099.0
2026-09-04,2026-09-04 15:15:00,131.4,131.4,131.27,131.27,7385.0
2026-09-04,2026-09-04 15:20:00,131.3,131.425,131.27,131.37,7548.0
2026-09-04,2026-09-04 15:25:00,131.35,131.44,131.34,131.44,12199.0
2026-09-04,2026-09-04 15:30:00,131.46,131.56,131.42,131.43,16414.0
2026-09-04,2026-09-04 15:35:00,131.42,131.58,131.4,131.56,16052.0
2026-09-04,2026-09-04 15:40:00,131.57,131.57,131.39,131.43,14089.0
2026-09-04,2026-09-04 15:45:00,131.45,131.53,131.42,131.485,18504.0
2026-09-04,2026-09-04 15:50:00,131.485,131.545,131.26,131.3,30572.0
2026-09-04,2026-09-04 15:55:00,131.36,131.45,131.27,131.39,41208.0
2026-09-04,2026-09-04 16:00:00,131.34,131.43,131.195,131.42,362644.0
2026-09-08,2026-09-08 09:35:00,129.88,130.89,127.03,127.25,75411.0
2026-09-08,2026-09-08 09:40:00,127.21,127.59,125.79,126.18,46369.0
2026-09-08,2026-09-08 09:45:00,126.415,127.18,126.1,127.11,44697.0
2026-09-08,2026-09-08 09:50:00,127.11,127.97,126.91,127.07,48303.0
2026-09-08,2026-09-08 09:55:00,127.04,127.42,126.9,126.98,38216.0
2026-09-08,2026-09-08 10:00:00,127.05,127.06,126.55,126.55,21832.0
2026-09-08,2026-09-08 10:05:00,126.66,126.66,126.03,126.21,27505.0
2026-09-08,2026-09-08 10:10:00,126.26,126.52,126.16,126.38,26400.0
2026-09-08,2026-09-08 10:15:00,126.35,126.42,125.56,125.715,33327.0
2026-09-08,2026-09-08 10:20:00,125.57,126.055,125.35,125.405,36743.0
2026-09-08,2026-09-08 10:25:00,125.45,125.9238,125.3,125.8,42121.0
2026-09-08,2026-09-08 10:30:00,125.7282,125.87,125.43,125.51,18601.0
2026-09-08,2026-09-08 10:35:00,125.53,125.71,125.36,125.57,28532.0
2026-09-08,2026-09-08 10:40:00,125.57,126.025,125.44,125.45,33490.0
2026-09-08,2026-09-08 10:45:00,125.42,125.51,125.27,125.39,27302.0
2026-09-08,2026-09-08 10:50:00,125.425,125.6225,125.15,125.15,26006.0
2026-09-08,2026-09-08 10:55:00,125.1,125.25,124.73,124.785,39352.0
2026-09-08,2026-09-08 11:00:00,124.73,125.04,124.52,124.825,31847.0
2026-09-08,2026-09-08 11:05:00,124.75,125.0,124.47,124.785,28637.0
2026-09-08,2026-09-08 11:10:00,124.8025,125.015,124.62,124.66,21158.0
2026-09-08,2026-09-08 11:15:00,124.58,124.7337,124.445,124.56,18940.0
2026-09-08,2026-09-08 11:20:00,124.59,124.81,124.49,124.605,33277.0
2026-09-08,2026-09-08 11:25:00,124.605,124.76,124.39,124.62,21454.0
2026-09-08,2026-09-08 11:30:00,124.62,124.99,124.56,124.75,24642.0
2026-09-08,2026-09-08 11:35:00,124.615,124.99,124.59,124.66,21037.0
2026-09-08,2026-09-08 11:40:00,124.66,124.87,124.61,124.76,15840.0
2026-09-08,2026-09-08 11:45:00,124.805,125.025,124.63,124.7025,30200.0
2026-09-08,2026-09-08 11:50:00,124.65,124.66,124.5,124.57,17117.0
2026-09-08,2026-09-08 11:55:00,124.53,124.76,124.5,124.61,18926.0
2026-09-08,2026-09-08 12:00:00,124.61,124.665,124.345,124.42,46119.0
2026-09-08,2026-09-08 12:05:00,124.46,124.69,124.38,124.54,47408.0
2026-09-08,2026-09-08 12:10:00,124.49,124.66,124.265,124.405,20129.0
2026-09-08,2026-09-08 12:15:00,124.34,124.93,124.28,124.89,24917.0
2026-09-08,2026-09-08 12:20:00,124.89,124.94,124.67,124.72,15221.0
2026-09-08,2026-09-08 12:25:00,124.78,124.875,124.58,124.58,19036.0
2026-09-08,2026-09-08 12:30:00,124.62,124.865,124.58,124.75,24971.0
2026-09-08,2026-09-08 12:35:00,124.825,124.9,124.77,124.845,15283.0
2026-09-08,2026-09-08 12:40:00,124.845,124.88,124.61,124.72,22770.0
2026-09-08,2026-09-08 12:45:00,124.74,124.74,124.5601,124.63,20386.0
2026-09-08,2026-09-08 12:50:00,124.61,124.615,124.39,124.47,16098.0
2026-09-08,2026-09-08 12:55:00,124.43,124.49,124.3,124.45,17385.0
2026-09-08,2026-09-08 13:00:00,124.43,124.44,124.26,124.36,15186.0
2026-09-08,2026-09-08 13:05:00,124.36,124.55,124.26,124.46,16467.0
2026-09-08,2026-09-08 13:10:00,124.46,124.53,124.42,124.5,13610.0
2026-09-08,2026-09-08 13:15:00,124.5,124.51,124.34,124.38,12550.0
2026-09-08,2026-09-08 13:20:00,124.37,124.43,124.17,124.4,31002.0
2026-09-08,2026-09-08 13:25:00,124.36,124.505,124.33,124.33,20731.0
2026-09-08,2026-09-08 13:30:00,124.33,124.33,124.16,124.3,19215.0
2026-09-08,2026-09-08 13:35:00,124.26,124.35,124.14,124.32,19666.0
2026-09-08,2026-09-08 13:40:00,124.25,124.33,124.21,124.23,18797.0
2026-09-08,2026-09-08 13:45:00,124.26,124.31,124.2,124.2,18497.0
2026-09-08,2026-09-08 13:50:00,124.22,124.3217,124.01,124.23,22806.0
2026-09-08,2026-09-08 13:55:00,124.23,124.36,124.195,124.24,18971.0
2026-09-08,2026-09-08 14:00:00,124.2,124.285,124.19,124.25,14252.0
2026-09-08,2026-09-08 14:05:00,124.24,124.41,124.2,124.38,17635.0
2026-09-08,2026-09-08 14:10:00,124.3875,124.53,124.31,124.52,21789.0
2026-09-08,2026-09-08 14:15:00,124.47,124.47,124.25,124.435,18576.0
2026-09-08,2026-09-08 14:20:00,124.48,124.585,124.39,124.585,16295.0
2026-09-08,2026-09-08 14:25:00,124.52,124.62,124.46,124.62,14060.0
2026-09-08,2026-09-08 14:30:00,124.58,124.72,124.57,124.6925,15846.0
2026-09-08,2026-09-08 14:35:00,124.7,124.8452,124.57,124.705,18020.0
2026-09-08,2026-09-08 14:40:00,124.6775,124.72,124.5,124.695,15271.0
2026-09-08,2026-09-08 14:45:00,124.685,124.73,124.49,124.49,20003.0
2026-09-08,2026-09-08 14:50:00,124.525,124.65,124.22,124.37,23565.0
2026-09-08,2026-09-08 14:55:00,124.365,124.535,124.29,124.44,18475.0
2026-09-08,2026-09-08 15:00:00,124.47,124.51,124.31,124.38,16799.0
2026-09-08,2026-09-08 15:05:00,124.39,124.705,124.39,124.6,21162.0
2026-09-08,2026-09-08 15:10:00,124.64,124.7775,124.5968,124.71,15127.0
2026-09-08,2026-09-08 15:15:00,124.705,124.7716,124.48,124.52,19966.0
2026-09-08,2026-09-08 15:20:00,124.57,124.67,124.53,124.565,26395.0
2026-09-08,2026-09-08 15:25:00,124.565,124.675,124.42,124.495,28886.0
2026-09-08,2026-09-08 15:30:00,124.5,124.68,124.43,124.52,30618.0
2026-09-08,2026-09-08 15:35:00,124.54,124.73,124.34,124.34,50598.0
2026-09-08,2026-09-08 15:40:00,124.335,124.37,124.05,124.11,38730.0
2026-09-08,2026-09-08 15:45:00,124.07,124.22,124.0,124.165,40735.0
2026-09-08,2026-09-08 15:50:00,124.18,124.24,123.79,123.8,55238.0
2026-09-08,2026-09-08 15:55:00,123.84,124.055,123.61,124.055,112922.0
2026-09-08,2026-09-08 16:00:00,123.99,124.13,123.85,124.04,673740.0
2026-09-09,2026-09-09 09:35:00,123.07,123.09,120.13,120.24,81236.0
2026-09-09,2026-09-09 09:40:00,120.145,120.73,119.92,120.73,36532.0
2026-09-09,2026-09-09 09:45:00,120.75,120.905,120.34,120.46,28641.0
2026-09-09,2026-09-09 09:50:00,120.58,121.07,120.58,120.85,21008.0
2026-09-09,2026-09-09 09:55:00,120.9025,120.92,120.095,120.2,30925.0
2026-09-09,2026-09-09 10:00:00,120.318,120.6,120.06,120.5,25453.0
2026-09-09,2026-09-09 10:05:00,120.49,120.8,120.175,120.705,39216.0
2026-09-09,2026-09-09 10:10:00,120.705,120.84,120.445,120.72,26826.0
2026-09-09,2026-09-09 10:15:00,120.78,121.1,120.61,120.955,40202.0
2026-09-09,2026-09-09 10:20:00,120.955,121.1,120.74,121.1,20600.0
2026-09-09,2026-09-09 10:25:00,121.115,121.2,120.8,120.835,37115.0
2026-09-09,2026-09-09 10:30:00,120.78,121.13,120.67,121.065,34894.0
2026-09-09,2026-09-09 10:35:00,121.03,121.29,120.77,120.83,39096.0
2026-09-09,2026-09-09 10:40:00,120.81,120.91,120.72,120.815,27345.0
2026-09-09,2026-09-09 10:45:00,120.805,120.98,120.49,120.865,55053.0
2026-09-09,2026-09-09 10:50:00,120.84,120.935,120.66,120.695,15424.0
2026-09-09,2026-09-09 10:55:00,120.695,120.85,120.54,120.85,26411.0
2026-09-09,2026-09-09 11:00:00,120.81,121.05,120.77,121.05,19331.0
2026-09-09,2026-09-09 11:05:00,121.05,121.14,120.62,120.675,25034.0
2026-09-09,2026-09-09 11:10:00,120.685,121.035,120.675,120.835,24296.0
2026-09-09,2026-09-09 11:15:00,120.83,120.86,120.64,120.66,28853.0
2026-09-09,2026-09-09 11:20:00,120.66,120.7,120.335,120.51,19869.0
2026-09-09,2026-09-09 11:25:00,120.455,120.455,120.18,120.215,17968.0
2026-09-09,2026-09-09 11:30:00,120.22,120.47,120.14,120.405,19576.0
2026-09-09,2026-09-09 11:35:00,120.46,120.655,120.37,120.64,19424.0
2026-09-09,2026-09-09 11:40:00,120.66,120.74,120.58,120.74,17113.0
2026-09-09,2026-09-09 11:45:00,120.8,120.8,120.41,120.445,14948.0
2026-09-09,2026-09-09 11:50:00,120.445,120.48,120.24,120.33,18690.0
2026-09-09,2026-09-09 11:55:00,120.31,120.4,120.24,120.25,15941.0
2026-09-09,2026-09-09 12:00:00,120.25,120.54,119.86,120.325,69749.0
2026-09-09,2026-09-09 12:05:00,120.325,120.36,120.14,120.335,23034.0
2026-09-09,2026-09-09 12:10:00,120.335,120.46,120.29,120.44,20136.0
2026-09-09,2026-09-09 12:15:00,120.4,120.67,120.3,120.63,19524.0
2026-09-09,2026-09-09 12:20:00,120.62,120.64,120.39,120.4,29877.0
2026-09-09,2026-09-09 12:25:00,120.405,120.405,120.2301,120.38,19524.0
2026-09-09,2026-09-09 12:30:00,120.41,120.5,120.34,120.41,15811.0
2026-09-09,2026-09-09 12:35:00,120.415,120.605,120.415,120.57,13245.0
2026-09-09,2026-09-09 12:40:00,120.53,120.5499,120.36,120.51,11380.0
2026-09-09,2026-09-09 12:45:00,120.48,120.59,120.46,120.51,15174.0
2026-09-09,2026-09-09 12:50:00,120.505,120.65,120.48,120.58,13170.0
2026-09-09,2026-09-09 12:55:00,120.61,120.65,120.51,120.6,12665.0
2026-09-09,2026-09-09 13:00:00,120.6,120.73,120.59,120.67,14742.0
2026-09-09,2026-09-09 13:05:00,120.67,120.84,120.58,120.81,21550.0
2026-09-09,2026-09-09 13:10:00,120.81,120.965,120.76,120.78,20396.0
2026-09-09,2026-09-09 13:15:00,120.805,120.82,120.71,120.75,13504.0
2026-09-09,2026-09-09 13:20:00,120.735,120.77,120.625,120.69,20398.0
2026-09-09,2026-09-09 13:25:00,120.695,120.75,120.61,120.625,18202.0
2026-09-09,2026-09-09 13:30:00,120.65,120.78,120.65,120.765,12278.0
2026-09-09,2026-09-09 13:35:00,120.77,120.93,120.65,120.85,19384.0
2026-09-09,2026-09-09 13:40:00,120.84,121.04,120.79,121.04,16444.0
2026-09-09,2026-09-09 13:45:00,121.02,121.095,120.98,121.01,19004.0
2026-09-09,2026-09-09 13:50:00,121.005,121.03,120.83,120.835,14109.0
2026-09-09,2026-09-09 13:55:00,120.835,121.01,120.83,120.97,17554.0
2026-09-09,2026-09-09 14:00:00,120.985,121.2,120.92,120.97,20173.0
2026-09-09,2026-09-09 14:05:00,121.03,121.21,120.98,121.21,18327.0
2026-09-09,2026-09-09 14:10:00,121.165,121.165,120.88,120.955,16812.0
2026-09-09,2026-09-09 14:15:00,120.93,120.96,120.7,120.795,32149.0
2026-09-09,2026-09-09 14:20:00,120.81,120.95,120.7997,120.905,14354.0
2026-09-09,2026-09-09 14:25:00,120.905,120.905,120.65,120.75,19978.0
2026-09-09,2026-09-09 14:30:00,120.74,120.815,120.6744,120.815,16010.0
2026-09-09,2026-09-09 14:35:00,120.815,120.815,120.73,120.77,19458.0
2026-09-09,2026-09-09 14:40:00,120.805,120.805,120.34,120.365,30557.0
2026-09-09,2026-09-09 14:45:00,120.365,120.45,120.17,120.38,30713.0
2026-09-09,2026-09-09 14:50:00,120.33,120.37,120.14,120.14,26349.0
2026-09-09,2026-09-09 14:55:00,120.14,120.21,120.02,120.03,30344.0
2026-09-09,2026-09-09 15:00:00,120.04,120.15,119.93,120.15,40331.0
2026-09-09,2026-09-09 15:05:00,120.11,120.14,119.799,119.83,44014.0
2026-09-09,2026-09-09 15:10:00,119.83,119.92,119.61,119.625,44506.0
2026-09-09,2026-09-09 15:15:00,119.65,119.66,119.48,119.575,46080.0
2026-09-09,2026-09-09 15:20:00,119.575,119.655,119.37,119.41,28731.0
2026-09-09,2026-09-09 15:25:00,119.42,119.615,119.215,119.56,58147.0
2026-09-09,2026-09-09 15:30:00,119.575,119.575,119.16,119.2,44463.0
2026-09-09,2026-09-09 15:35:00,119.2,119.38,119.05,119.12,67898.0
2026-09-09,2026-09-09 15:40:00,119.125,119.13,118.885,118.985,62091.0
2026-09-09,2026-09-09 15:45:00,118.985,119.13,118.96,119.0,76305.0
2026-09-09,2026-09-09 15:50:00,119.01,119.04,118.86,118.865,77186.0
2026-09-09,2026-09-09 15:55:00,118.85,119.07,118.63,118.63,172198.0
2026-09-09,2026-09-09 16:00:00,118.63,118.775,118.085,118.39,1201795.0
2026-09-10,2026-09-10 09:35:00,118.32,119.0,117.8,118.625,43353.0
2026-09-10,2026-09-10 09:40:00,118.62,119.345,118.5297,118.85,26127.0
2026-09-10,2026-09-10 09:45:00,118.88,120.24,118.78,120.1289,27278.0
2026-09-10,2026-09-10 09:50:00,120.2,120.355,119.3,119.3,25732.0
2026-09-10,2026-09-10 09:55:00,119.29,119.33,118.74,118.74,25721.0
2026-09-10,2026-09-10 10:00:00,118.73,119.15,118.7,118.95,17922.0
2026-09-10,2026-09-10 10:05:00,119.04,119.18,118.695,118.72,15941.0
2026-09-10,2026-09-10 10:10:00,118.76,119.07,118.76,118.81,14063.0
2026-09-10,2026-09-10 10:15:00,118.77,119.24,118.77,119.03,16795.0
2026-09-10,2026-09-10 10:20:00,119.03,119.57,119.019,119.57,17475.0
2026-09-10,2026-09-10 10:25:00,119.5,119.95,119.5,119.95,23397.0
2026-09-10,2026-09-10 10:30:00,119.82,119.96,119.72,119.72,18414.0
2026-09-10,2026-09-10 10:35:00,119.725,119.835,119.56,119.59,17113.0
2026-09-10,2026-09-10 10:40:00,119.58,119.735,119.435,119.47,15458.0
2026-09-10,2026-09-10 10:45:00,119.47,119.61,119.225,119.58,18585.0
2026-09-10,2026-09-10 10:50:00,119.58,119.775,119.55,119.775,22684.0
2026-09-10,2026-09-10 10:55:00,119.78,119.89,119.435,119.435,23724.0
2026-09-10,2026-09-10 11:00:00,119.41,119.47,118.84,118.96,44380.0
2026-09-10,2026-09-10 11:05:00,118.995,119.04,118.665,118.97,49808.0
2026-09-10,2026-09-10 11:10:00,119.03,119.07,118.89,118.965,22267.0
2026-09-10,2026-09-10 11:15:00,118.965,119.175,118.785,119.105,22809.0
2026-09-10,2026-09-10 11:20:00,119.105,119.38,119.055,119.35,18407.0
2026-09-10,2026-09-10 11:25:00,119.34,119.53,119.26,119.52,15484.0
2026-09-10,2026-09-10 11:30:00,119.475,119.59,119.42,119.55,14550.0
2026-09-10,2026-09-10 11:35:00,119.571963,119.61,119.4,119.46,13738.0
2026-09-10,2026-09-10 11:40:00,119.51,119.62,119.28,119.3,12575.0
2026-09-10,2026-09-10 11:45:00,119.305,119.405,119.285,119.34,9451.0
2026-09-10,2026-09-10 11:50:00,119.41,119.55,119.41,119.54,7382.0
2026-09-10,2026-09-10 11:55:00,119.56,119.56,119.275,119.295,14076.0
2026-09-10,2026-09-10 12:00:00,119.29,119.33,119.21,119.23,14326.0
2026-09-10,2026-09-10 12:05:00,119.26,119.3,118.995,119.1,11151.0
2026-09-10,2026-09-10 12:10:00,119.115,119.2,119.04,119.07,9902.0
2026-09-10,2026-09-10 12:15:00,119.125,119.29,119.05,119.28,18716.0
2026-09-10,2026-09-10 12:20:00,119.23,119.3,119.06,119.125,12237.0
2026-09-10,2026-09-10 12:25:00,119.165,119.42,119.06,119.38,15281.0
2026-09-10,2026-09-10 12:30:00,119.37,119.71,119.36,119.56,15614.0
2026-09-10,2026-09-10 12:35:00,119.535,119.61,119.41,119.5301,16299.0
2026-09-10,2026-09-10 12:40:00,119.53,119.53,119.385,119.4,18552.0
2026-09-10,2026-09-10 12:45:00,119.37,119.375,119.22,119.2919,12005.0
2026-09-10,2026-09-10 12:50:00,119.38,119.47,119.38,119.42,8114.0
2026-09-10,2026-09-10 12:55:00,119.45,119.49,119.1,119.22,21327.0
2026-09-10,2026-09-10 13:00:00,119.22,119.485,119.15,119.48,12869.0
2026-09-10,2026-09-10 13:05:00,119.55,119.72,119.24,119.41,17638.0
2026-09-10,2026-09-10 13:10:00,119.43,119.47,119.29,119.35,13036.0
2026-09-10,2026-09-10 13:15:00,119.33,119.39,119.29,119.35,10286.0
2026-09-10,2026-09-10 13:20:00,119.42,119.51,119.42,119.45,8982.0
2026-09-10,2026-09-10 13:25:00,119.54,119.54,119.37,119.39,8728.0
2026-09-10,2026-09-10 13:30:00,119.3201,119.365,119.25,119.365,8216.0
2026-09-10,2026-09-10 13:35:00,119.37,119.37,119.11,119.135,13034.0
2026-09-10,2026-09-10 13:40:00,119.105,119.105,119.01,119.01,7980.0
2026-09-10,2026-09-10 13:45:00,119.02,119.02,118.78,118.9787,16854.0
2026-09-10,2026-09-10 13:50:00,118.97,118.97,118.87,118.89,10858.0
2026-09-10,2026-09-10 13:55:00,118.89,118.94,118.83,118.94,10314.0
2026-09-10,2026-09-10 14:00:00,118.975,118.975,118.86,118.975,8711.0
2026-09-10,2026-09-10 14:05:00,118.96,118.99,118.85,118.87,16587.0
2026-09-10,2026-09-10 14:10:00,118.9,118.93,118.64,118.64,17249.0
2026-09-10,2026-09-10 14:15:00,118.665,118.865,118.575,118.79,15291.0
2026-09-10,2026-09-10 14:20:00,118.775,118.93,118.775,118.85,11755.0
2026-09-10,2026-09-10 14:25:00,118.835,118.97,118.82,118.935,14016.0
2026-09-10,2026-09-10 14:30:00,118.99,119.03,118.87,118.96,15345.0
2026-09-10,2026-09-10 14:35:00,118.96,119.03,118.89,118.93,13563.0
2026-09-10,2026-09-10 14:40:00,118.96,119.11,118.96,119.08,9896.0
2026-09-10,2026-09-10 14:45:00,119.045,119.045,118.885,118.895,15035.0
2026-09-10,2026-09-10 14:50:00,118.875,118.89,118.705,118.85,24527.0
2026-09-10,2026-09-10 14:55:00,118.8,118.955,118.655,118.73,23438.0
2026-09-10,2026-09-10 15:00:00,118.725,118.73,118.62,118.67,16787.0
2026-09-10,2026-09-10 15:05:00,118.665,118.8,118.66,118.7,26786.0
2026-09-10,2026-09-10 15:10:00,118.7,118.7,118.52,118.575,19798.0
2026-09-10,2026-09-10 15:15:00,118.6,118.65,118.49,118.52,19233.0
2026-09-10,2026-09-10 15:20:00,118.59,118.59,118.34,118.375,17649.0
2026-09-10,2026-09-10 15:25:00,118.345,118.345,118.19,118.345,21449.0
2026-09-10,2026-09-10 15:30:00,118.33,118.34,118.205,118.28,18134.0
2026-09-10,2026-09-10 15:35:00,118.27132,118.5,118.215,118.42,32709.0
2026-09-10,2026-09-10 15:40:00,118.39,118.47,118.28,118.28,29016.0
2026-09-10,2026-09-10 15:45:00,118.27,118.425,118.24,118.4,31224.0
2026-09-10,2026-09-10 15:50:00,118.37,118.5,118.31,118.485,44011.0
2026-09-10,2026-09-10 15:55:00,118.48,118.68,118.125,118.625,104104.0
2026-09-10,2026-09-10 16:00:00,118.585,118.94,118.585,118.66,880916.0
