day,time,open,high,low,close,volume
2026-06-12,2026-06-12 09:35:00,10.550411213,10.629588783,10.520719624,10.580102801,65385.0
2026-06-12,2026-06-12 09:40:00,10.580102801,10.5850514,10.495976633,10.495976633,18191.0
2026-06-12,2026-06-12 09:45:00,10.495976633,10.495976633,10.352467287,10.382158876,46797.0
2026-06-12,2026-06-12 09:50:00,10.382158876,10.392056073,10.302981306,10.362364484,18686.0
2026-06-12,2026-06-12 09:55:00,10.362364484,10.382158876,10.332672895,10.362364484,20602.0
2026-06-12,2026-06-12 10:00:00,10.362364484,10.392056073,10.342570091,10.347518689,82978.0
2026-06-12,2026-06-12 10:05:00,10.371370932,10.426696259,10.352467287,10.401953269,48656.0
2026-06-12,2026-06-12 10:10:00,10.397004671,10.441542054,10.382158876,10.421747661,39555.0
2026-06-12,2026-06-12 10:15:00,10.421747661,10.421747661,10.37226168,10.387107474,37802.0
2026-06-12,2026-06-12 10:20:00,10.382158876,10.411850465,10.37226168,10.382158876,42035.0
2026-06-12,2026-06-12 10:25:00,10.387107474,10.397004671,10.352467287,10.37226168,37133.0
2026-06-12,2026-06-12 10:30:00,10.377210278,10.411850465,10.352467287,10.382158876,45652.0
2026-06-12,2026-06-12 10:35:00,10.381466073,10.387107474,10.362364484,10.377210278,29389.0
2026-06-12,2026-06-12 10:40:00,10.377210278,10.406901867,10.357415886,10.406901867,49962.0
2026-06-12,2026-06-12 10:45:00,10.406901867,10.426696259,10.401953269,10.406901867,23882.0
2026-06-12,2026-06-12 10:50:00,10.406901867,10.461336446,10.406901867,10.446490652,46959.0
2026-06-12,2026-06-12 10:55:00,10.441542054,10.550411213,10.436593456,10.550411213,67106.0
2026-06-12,2026-06-12 11:00:00,10.550411213,10.569314858,10.511713175,10.555359811,49463.0
2026-06-12,2026-06-12 11:05:00,10.550411213,10.5850514,10.525668222,10.540514016,68966.0
2026-06-12,2026-06-12 11:10:00,10.535565418,10.570205605,10.53061682,10.550411213,31302.0
2026-06-12,2026-06-12 11:15:00,10.555359811,10.580102801,10.550411213,10.555359811,28959.0
2026-06-12,2026-06-12 11:20:00,10.560308409,10.560308409,10.53061682,10.545462615,20648.0
2026-06-12,2026-06-12 11:25:00,10.545462615,10.568721026,10.525668222,10.525668222,44386.0
2026-06-12,2026-06-12 11:30:00,10.525668222,10.525668222,10.510822428,10.520719624,21330.0
2026-06-12,2026-06-12 11:35:00,10.515771026,10.525668222,10.481130839,10.481130839,27476.0
2026-06-12,2026-06-12 11:40:00,10.481130839,10.500925231,10.456387848,10.481229811,50646.0
2026-06-12,2026-06-12 11:45:00,10.486079437,10.520620652,10.471233643,10.505873829,31615.0
2026-06-12,2026-06-12 11:50:00,10.505873829,10.520620652,10.461336446,10.476182241,31725.0
2026-06-12,2026-06-12 11:55:00,10.476182241,10.540514016,10.468759344,10.491028035,114403.0
2026-06-12,2026-06-12 12:00:00,10.486079437,10.491028035,10.471233643,10.486079437,24571.0
2026-06-12,2026-06-12 12:05:00,10.481130839,10.495976633,10.45143925,10.466285044,27832.0
2026-06-12,2026-06-12 12:10:00,10.461435418,10.471233643,10.45143925,10.466285044,27684.0
2026-06-12,2026-06-12 12:15:00,10.466285044,10.535565418,10.461336446,10.505873829,50428.0
2026-06-12,2026-06-12 12:20:00,10.510822428,10.545462615,10.510822428,10.510822428,18752.0
2026-06-12,2026-06-12 12:25:00,10.505873829,10.540514016,10.500925231,10.525668222,32532.0
2026-06-12,2026-06-12 12:30:00,10.525668222,10.53061682,10.520719624,10.525668222,15548.0
2026-06-12,2026-06-12 12:35:00,10.53061682,10.535565418,10.520719624,10.525668222,20860.0
2026-06-12,2026-06-12 12:40:00,10.525668222,10.53061682,10.510822428,10.510822428,20400.0
2026-06-12,2026-06-12 12:45:00,10.520719624,10.535565418,10.520719624,10.525668222,27206.0
2026-06-12,2026-06-12 12:50:00,10.525668222,10.555359811,10.525668222,10.555359811,21298.0
2026-06-12,2026-06-12 12:55:00,10.550411213,10.555359811,10.53061682,10.535565418,36624.0
2026-06-12,2026-06-12 13:00:00,10.535565418,10.545462615,10.525668222,10.545462615,19732.0
2026-06-12,2026-06-12 13:05:00,10.545462615,10.550411213,10.53061682,10.535565418,31640.0
2026-06-12,2026-06-12 13:10:00,10.53061682,10.560308409,10.53061682,10.555359811,25002.0
2026-06-12,2026-06-12 13:15:00,10.560308409,10.580102801,10.545462615,10.555359811,87668.0
2026-06-12,2026-06-12 13:20:00,10.555359811,10.575154203,10.555359811,10.575154203,20347.0
2026-06-12,2026-06-12 13:25:00,10.577826446,10.580102801,10.565257007,10.565257007,25930.0
2026-06-12,2026-06-12 13:30:00,10.565257007,10.5850514,10.555359811,10.565257007,43597.0
2026-06-12,2026-06-12 13:35:00,10.565257007,10.570205605,10.555359811,10.565257007,19915.0
2026-06-12,2026-06-12 13:40:00,10.561298129,10.575154203,10.54120682,10.560308409,57196.0
2026-06-12,2026-06-12 13:45:00,10.560308409,10.570205605,10.560308409,10.565257007,22659.0
2026-06-12,2026-06-12 13:50:00,10.563574484,10.580102801,10.555359811,10.555359811,23244.0
2026-06-12,2026-06-12 13:55:00,10.550411213,10.555359811,10.535565418,10.545462615,21599.0
2026-06-12,2026-06-12 14:00:00,10.545462615,10.560308409,10.535565418,10.555359811,31146.0
2026-06-12,2026-06-12 14:05:00,10.555359811,10.60979439,10.555359811,10.594948596,52220.0
2026-06-12,2026-06-12 14:10:00,10.594948596,10.60979439,10.575154203,10.575154203,34451.0
2026-06-12,2026-06-12 14:15:00,10.570205605,10.594948596,10.570205605,10.594948596,27603.0
2026-06-12,2026-06-12 14:20:00,10.594948596,10.619691586,10.589999998,10.619691586,42984.0
2026-06-12,2026-06-12 14:25:00,10.614742988,10.619691586,10.580102801,10.5850514,43647.0
2026-06-12,2026-06-12 14:30:00,10.5850514,10.60979439,10.579113082,10.5850514,45591.0
2026-06-12,2026-06-12 14:35:00,10.5850514,10.60979439,10.580102801,10.5850514,76798.0
2026-06-12,2026-06-12 14:40:00,10.5850514,10.604845792,10.575154203,10.5850514,64355.0
2026-06-12,2026-06-12 14:45:00,10.5850514,10.604845792,10.580102801,10.5850514,35864.0
2026-06-12,2026-06-12 14:50:00,10.580399717,10.604845792,10.575154203,10.604845792,38964.0
2026-06-12,2026-06-12 14:55:00,10.604845792,10.604845792,10.5850514,10.594948596,32291.0
2026-06-12,2026-06-12 15:00:00,10.594948596,10.599897194,10.580102801,10.580102801,28616.0
2026-06-12,2026-06-12 15:05:00,10.580102801,10.5850514,10.565257007,10.5850514,47091.0
2026-06-12,2026-06-12 15:10:00,10.5850514,10.5850514,10.560308409,10.565257007,31174.0
2026-06-12,2026-06-12 15:15:00,10.565257007,10.624640185,10.560308409,10.614742988,66169.0
2026-06-12,2026-06-12 15:20:00,10.614742988,10.629588783,10.594948596,10.624640185,44424.0
2026-06-12,2026-06-12 15:25:00,10.624640185,10.649383175,10.624640185,10.644434577,57339.0
2026-06-12,2026-06-12 15:30:00,10.644434577,10.679074764,10.644434577,10.679074764,72931.0
2026-06-12,2026-06-12 15:35:00,10.674126166,10.696493829,10.669177568,10.684023362,74700.0
2026-06-12,2026-06-12 15:40:00,10.681054203,10.681054203,10.649383175,10.66422897,68351.0
2026-06-12,2026-06-12 15:45:00,10.66422897,10.669177568,10.644434577,10.66422897,66887.0
2026-06-12,2026-06-12 15:50:00,10.66422897,10.66422897,10.644434577,10.644434577,75552.0
2026-06-12,2026-06-12 15:55:00,10.649383175,10.669177568,10.619691586,10.624640185,104638.0
2026-06-12,2026-06-12 16:00:00,10.624640185,10.654331773,10.565257007,10.589999998,1467695.0
2026-06-15,2026-06-15 09:35:00,10.8,11.0,10.75,10.97,84300.0
2026-06-15,2026-06-15 09:40:00,10.98,11.1,10.965,11.045,65249.0
2026-06-15,2026-06-15 09:45:00,11.048628,11.048628,10.94,10.945,22798.0
2026-06-15,2026-06-15 09:50:00,10.925,10.99,10.925,10.97,18251.0
2026-06-15,2026-06-15 09:55:00,10.965,10.97,10.93,10.93,36757.0
2026-06-15,2026-06-15 10:00:00,10.93,10.99,10.93,10.99,34128.0
2026-06-15,2026-06-15 10:05:00,10.985,10.99,10.935,10.98,35666.0
2026-06-15,2026-06-15 10:10:00,10.985,10.985,10.925,10.935,38427.0
2026-06-15,2026-06-15 10:15:00,10.935,10.94,10.915,10.94,16506.0
2026-06-15,2026-06-15 10:20:00,10.95,10.99,10.915,10.98,57579.0
2026-06-15,2026-06-15 10:25:00,10.985,11.03,10.98,11.005,58257.0
2026-06-15,2026-06-15 10:30:00,11.005,11.02,10.995,10.995,40756.0
2026-06-15,2026-06-15 10:35:00,10.995,11.015,10.98,11.005,31189.0
2026-06-15,2026-06-15 10:40:00,11.01,11.035,10.985,10.995,41898.0
2026-06-15,2026-06-15 10:45:00,10.995,11.02,10.985,11.015,62050.0
2026-06-15,2026-06-15 10:50:00,11.015,11.02,10.965,10.985,107943.0
2026-06-15,2026-06-15 10:55:00,10.99,11.005,10.975,10.975,22311.0
2026-06-15,2026-06-15 11:00:00,10.975,10.98,10.95,10.955,57216.0
2026-06-15,2026-06-15 11:05:00,10.96,10.98,10.94,10.975,43941.0
2026-06-15,2026-06-15 11:10:00,10.975,10.975,10.95,10.96,31555.0
2026-06-15,2026-06-15 11:15:00,10.96,10.99,10.955,10.975,33477.0
2026-06-15,2026-06-15 11:20:00,10.97,10.995,10.965,10.98,25781.0
2026-06-15,2026-06-15 11:25:00,10.97,10.98,10.96,10.965,11025.0
2026-06-15,2026-06-15 11:30:00,10.965,10.98,10.955,10.9603,28074.0
2026-06-15,2026-06-15 11:35:00,10.965,10.97,10.945,10.955,38141.0
2026-06-15,2026-06-15 11:40:00,10.955,10.98,10.955,10.975,23212.0
2026-06-15,2026-06-15 11:45:00,10.975,10.98,10.97,10.975,13476.0
2026-06-15,2026-06-15 11:50:00,10.975,10.975,10.9605,10.975,29836.0
2026-06-15,2026-06-15 11:55:00,10.97,10.975,10.955,10.955,18236.0
2026-06-15,2026-06-15 12:00:00,10.955,10.9695,10.945,10.955,19339.0
2026-06-15,2026-06-15 12:05:00,10.96,10.9875,10.955,10.985,19104.0
2026-06-15,2026-06-15 12:10:00,10.985,10.99,10.97,10.975,8764.0
2026-06-15,2026-06-15 12:15:00,10.975,10.985,10.97,10.975,25154.0
2026-06-15,2026-06-15 12:20:00,10.975,11.02,10.9723,11.02,27045.0
2026-06-15,2026-06-15 12:25:00,11.015,11.02,10.99,10.995,23826.0
2026-06-15,2026-06-15 12:30:00,11.0,11.0,10.975,10.9799,22629.0
2026-06-15,2026-06-15 12:35:00,10.975,11.0,10.97,10.995,36259.0
2026-06-15,2026-06-15 12:40:00,10.995,11.04,10.975,11.035,130342.0
2026-06-15,2026-06-15 12:45:00,11.04,11.07,11.035,11.07,108429.0
2026-06-15,2026-06-15 12:50:00,11.07,11.09,11.07,11.075,30593.0
2026-06-15,2026-06-15 12:55:00,11.07,11.075,11.04,11.055,47360.0
2026-06-15,2026-06-15 13:00:00,11.055,11.065,11.05,11.05,29139.0
2026-06-15,2026-06-15 13:05:00,11.055,11.07,11.01,11.035,94790.0
2026-06-15,2026-06-15 13:10:00,11.04,11.065,11.04,11.06,43178.0
2026-06-15,2026-06-15 13:15:00,11.055,11.065,11.04,11.04,45612.0
2026-06-15,2026-06-15 13:20:00,11.04,11.095,11.035,11.09,56112.0
2026-06-15,2026-06-15 13:25:00,11.085,11.1,11.08,11.085,41902.0
2026-06-15,2026-06-15 13:30:00,11.08,11.08,11.0601,11.0601,31311.0
2026-06-15,2026-06-15 13:35:00,11.065,11.07,11.0549,11.055,60384.0
2026-06-15,2026-06-15 13:40:00,11.06,11.085,11.06,11.085,31642.0
2026-06-15,2026-06-15 13:45:00,11.085,11.09,11.06,11.065,29518.0
2026-06-15,2026-06-15 13:50:00,11.0675,11.07,11.035,11.04,52489.0
2026-06-15,2026-06-15 13:55:00,11.035,11.04,11.03,11.04,13782.0
2026-06-15,2026-06-15 14:00:00,11.04,11.04,11.025,11.035,29058.0
2026-06-15,2026-06-15 14:05:00,11.035,11.035,11.0025,11.005,45229.0
2026-06-15,2026-06-15 14:10:00,11.005,11.04,11.005,11.035,44083.0
2026-06-15,2026-06-15 14:15:00,11.035,11.045,11.03,11.045,32091.0
2026-06-15,2026-06-15 14:20:00,11.045,11.05,11.035,11.04,23010.0
2026-06-15,2026-06-15 14:25:00,11.04,11.05,11.035,11.045,22884.0
2026-06-15,2026-06-15 14:30:00,11.045,11.045,11.02,11.02,64253.0
2026-06-15,2026-06-15 14:35:00,11.02,11.03,11.015,11.03,60805.0
2026-06-15,2026-06-15 14:40:00,11.025,11.03,11.02,11.025,28485.0
2026-06-15,2026-06-15 14:45:00,11.025,11.03,11.015,11.025,94506.0
2026-06-15,2026-06-15 14:50:00,11.025,11.03,11.0,11.005,97912.0
2026-06-15,2026-06-15 14:55:00,11.005,11.005,10.99,10.995,46106.0
2026-06-15,2026-06-15 15:00:00,10.99,11.01,10.985,11.005,101004.0
2026-06-15,2026-06-15 15:05:00,11.005,11.01,10.95,10.955,165455.0
2026-06-15,2026-06-15 15:10:00,10.955,10.965,10.945,10.96,50653.0
2026-06-15,2026-06-15 15:15:00,10.96,10.97,10.95,10.95,43106.0
2026-06-15,2026-06-15 15:20:00,10.955,11.0,10.955,10.965,79441.0
2026-06-15,2026-06-15 15:25:00,10.965,10.97,10.96,10.965,42829.0
2026-06-15,2026-06-15 15:30:00,10.965,11.0,10.965,10.995,82658.0
2026-06-15,2026-06-15 15:35:00,10.995,11.0,10.975,10.975,84752.0
2026-06-15,2026-06-15 15:40:00,10.975,11.005,10.965,10.995,113656.0
2026-06-15,2026-06-15 15:45:00,10.995,11.0,10.97,10.975,82649.0
2026-06-15,2026-06-15 15:50:00,10.975,11.02,10.97,11.015,100826.0
2026-06-15,2026-06-15 15:55:00,11.015,11.02,10.98,10.98,310427.0
2026-06-15,2026-06-15 16:00:00,10.985,10.995,10.935,10.97,2620894.0
2026-06-16,2026-06-16 09:35:00,11.01,11.1,10.92,11.069,78556.0
2026-06-16,2026-06-16 09:40:00,11.085,11.175,11.085,11.175,20279.0
2026-06-16,2026-06-16 09:45:00,11.18,11.2,11.155,11.165,27439.0
2026-06-16,2026-06-16 09:50:00,11.16,11.165,11.09,11.099,20186.0
2026-06-16,2026-06-16 09:55:00,11.09,11.11,11.074,11.074,34187.0
2026-06-16,2026-06-16 10:00:00,11.075,11.08,11.05,11.069,29755.0
2026-06-16,2026-06-16 10:05:00,11.08,11.09,11.005,11.025,112264.0
2026-06-16,2026-06-16 10:10:00,11.03,11.05,10.99,11.0,34981.0
2026-06-16,2026-06-16 10:15:00,10.995,11.025,10.99,11.015,86251.0
2026-06-16,2026-06-16 10:20:00,11.015,11.05,10.965,11.035,220210.0
2026-06-16,2026-06-16 10:25:00,11.035,11.08,11.015,11.015,57822.0
2026-06-16,2026-06-16 10:30:00,11.02,11.07,11.02,11.04,37817.0
2026-06-16,2026-06-16 10:35:00,11.035,11.06,11.03,11.045,33591.0
2026-06-16,2026-06-16 10:40:00,11.0487,11.07,11.045,11.065,25441.0
2026-06-16,2026-06-16 10:45:00,11.06,11.065,11.01,11.035,54156.0
2026-06-16,2026-06-16 10:50:00,11.035,11.05,11.021,11.05,27101.0
2026-06-16,2026-06-16 10:55:00,11.045,11.08,11.04,11.05,36108.0
2026-06-16,2026-06-16 11:00:00,11.055,11.065,11.04,11.065,53873.0
2026-06-16,2026-06-16 11:05:00,11.065,11.07,11.03,11.04,54821.0
2026-06-16,2026-06-16 11:10:00,11.045,11.07,11.035,11.065,30222.0
2026-06-16,2026-06-16 11:15:00,11.065,11.07,11.055,11.065,21440.0
2026-06-16,2026-06-16 11:20:00,11.06,11.065,11.05,11.055,34187.0
2026-06-16,2026-06-16 11:25:00,11.055,11.08,11.045,11.08,34431.0
2026-06-16,2026-06-16 11:30:00,11.075,11.08,11.06,11.065,22340.0
2026-06-16,2026-06-16 11:35:00,11.065,11.16,11.055,11.155,576810.0
2026-06-16,2026-06-16 11:40:00,11.16,11.18,11.15,11.17,106998.0
2026-06-16,2026-06-16 11:45:00,11.165,11.175,11.145,11.16,108830.0
2026-06-16,2026-06-16 11:50:00,11.155,11.155,11.11,11.125,71752.0
2026-06-16,2026-06-16 11:55:00,11.125,11.17,11.105,11.165,192755.0
2026-06-16,2026-06-16 12:00:00,11.165,11.165,11.14,11.145,25212.0
2026-06-16,2026-06-16 12:05:00,11.145,11.16,11.14,11.155,27842.0
2026-06-16,2026-06-16 12:10:00,11.15,11.16,11.14,11.145,19961.0
2026-06-16,2026-06-16 12:15:00,11.14,11.16,11.135,11.16,20890.0
2026-06-16,2026-06-16 12:20:00,11.155,11.16,11.13,11.135,36304.0
2026-06-16,2026-06-16 12:25:00,11.135,11.145,11.13,11.135,22461.0
2026-06-16,2026-06-16 12:30:00,11.135,11.145,11.13,11.135,23682.0
2026-06-16,2026-06-16 12:35:00,11.135,11.145,11.115,11.115,28482.0
2026-06-16,2026-06-16 12:40:00,11.115,11.13,11.115,11.125,20629.0
2026-06-16,2026-06-16 12:45:00,11.125,11.135,11.11,11.115,55610.0
2026-06-16,2026-06-16 12:50:00,11.11,11.11,11.07,11.07,31863.0
2026-06-16,2026-06-16 12:55:00,11.075,11.08,11.06,11.075,21170.0
2026-06-16,2026-06-16 13:00:00,11.075,11.12,11.065,11.105,136155.0
2026-06-16,2026-06-16 13:05:00,11.105,11.14,11.1,11.13,83807.0
2026-06-16,2026-06-16 13:10:00,11.125,11.14,11.125,11.13,31137.0
2026-06-16,2026-06-16 13:15:00,11.135,11.135,11.115,11.115,31452.0
2026-06-16,2026-06-16 13:20:00,11.11,11.12,11.1,11.101,30326.0
2026-06-16,2026-06-16 13:25:00,11.105,11.11,11.09,11.105,130251.0
2026-06-16,2026-06-16 13:30:00,11.105,11.1175,11.095,11.105,26028.0
2026-06-16,2026-06-16 13:35:00,11.105,11.105,11.09,11.095,39315.0
2026-06-16,2026-06-16 13:40:00,11.095,11.1,11.085,11.1,31612.0
2026-06-16,2026-06-16 13:45:00,11.095,11.11,11.08,11.095,64345.0
2026-06-16,2026-06-16 13:50:00,11.09,11.095,11.075,11.075,48799.0
2026-06-16,2026-06-16 13:55:00,11.075,11.105,11.07,11.1,103826.0
2026-06-16,2026-06-16 14:00:00,11.105,11.12,11.1,11.105,175621.0
2026-06-16,2026-06-16 14:05:00,11.105,11.115,11.095,11.095,56360.0
2026-06-16,2026-06-16 14:10:00,11.1,11.125,11.1,11.125,47984.0
2026-06-16,2026-06-16 14:15:00,11.125,11.125,11.11,11.111,23655.0
2026-06-16,2026-06-16 14:20:00,11.115,11.115,11.1,11.115,34600.0
2026-06-16,2026-06-16 14:25:00,11.115,11.1199,11.105,11.105,33174.0
2026-06-16,2026-06-16 14:30:00,11.105,11.105,11.095,11.105,24789.0
2026-06-16,2026-06-16 14:35:00,11.105,11.115,11.095,11.115,37916.0
2026-06-16,2026-06-16 14:40:00,11.115,11.12,11.11,11.11,15154.0
2026-06-16,2026-06-16 14:45:00,11.115,11.135,11.105,11.13,90733.0
2026-06-16,2026-06-16 14:50:00,11.125,11.145,11.125,11.145,30385.0
2026-06-16,2026-06-16 14:55:00,11.14,11.1465,11.115,11.125,41363.0
2026-06-16,2026-06-16 15:00:00,11.125,11.15,11.125,11.15,64112.0
2026-06-16,2026-06-16 15:05:00,11.15,11.155,11.14,11.155,54217.0
2026-06-16,2026-06-16 15:10:00,11.155,11.16,11.14,11.155,40997.0
2026-06-16,2026-06-16 15:15:00,11.16,11.17,11.145,11.145,113243.0
2026-06-16,2026-06-16 15:20:00,11.145,11.16,11.145,11.16,56488.0
2026-06-16,2026-06-16 15:25:00,11.16,11.175,11.15,11.155,49814.0
2026-06-16,2026-06-16 15:30:00,11.16,11.18,11.16,11.175,66333.0
2026-06-16,2026-06-16 15:35:00,11.175,11.18,11.155,11.155,60854.0
2026-06-16,2026-06-16 15:40:00,11.15,11.16,11.14,11.155,76732.0
2026-06-16,2026-06-16 15:45:00,11.155,11.18,11.15,11.16,68834.0
2026-06-16,2026-06-16 15:50:00,11.16,11.18,11.15,11.165,102375.0
2026-06-16,2026-06-16 15:55:00,11.16,11.175,11.13,11.165,197989.0
2026-06-16,2026-06-16 16:00:00,11.165,11.17,11.065,11.07,3078843.0
2026-06-17,2026-06-17 09:35:00,11.15,11.15,10.97,11.13,132800.0
2026-06-17,2026-06-17 09:40:00,11.135,11.145,11.08,11.119,52471.0
2026-06-17,2026-06-17 09:45:00,11.12,11.13,11.085,11.12,39828.0
2026-06-17,2026-06-17 09:50:00,11.12,11.23,11.119,11.225,142705.0
2026-06-17,2026-06-17 09:55:00,11.22,11.26,11.209,11.209,87074.0
2026-06-17,2026-06-17 10:00:00,11.19,11.205,11.13,11.13,27822.0
2026-06-17,2026-06-17 10:05:00,11.135,11.165,11.1,11.165,215024.0
2026-06-17,2026-06-17 10:10:00,11.165,11.165,11.09,11.095,55466.0
2026-06-17,2026-06-17 10:15:00,11.09,11.1,11.015,11.02,55667.0
2026-06-17,2026-06-17 10:20:00,11.01,11.025,10.9801,10.99,58799.0
2026-06-17,2026-06-17 10:25:00,10.985,10.99,10.91,10.925,135297.0
2026-06-17,2026-06-17 10:30:00,10.925,10.97,10.925,10.95,94993.0
2026-06-17,2026-06-17 10:35:00,10.96,10.975,10.945,10.975,35870.0
2026-06-17,2026-06-17 10:40:00,10.975,11.005,10.955,11.005,41168.0
2026-06-17,2026-06-17 10:45:00,11.005,11.015,10.975,10.985,1350042.0
2026-06-17,2026-06-17 10:50:00,10.985,10.995,10.945,10.97,69703.0
2026-06-17,2026-06-17 10:55:00,10.96,10.96,10.935,10.935,43544.0
2026-06-17,2026-06-17 11:00:00,10.93,10.97,10.885,10.97,141355.0
2026-06-17,2026-06-17 11:05:00,10.97,11.005,10.965,11.0,53913.0
2026-06-17,2026-06-17 11:10:00,11.005,11.015,10.995,11.005,33171.0
2026-06-17,2026-06-17 11:15:00,11.005,11.05,10.995,11.045,48625.0
2026-06-17,2026-06-17 11:20:00,11.045,11.056,11.025,11.05,22310.0
2026-06-17,2026-06-17 11:25:00,11.05,11.1,11.04,11.1,43828.0
2026-06-17,2026-06-17 11:30:00,11.095,11.105,11.0801,11.0801,30068.0
2026-06-17,2026-06-17 11:35:00,11.085,11.145,11.085,11.145,19320.0
2026-06-17,2026-06-17 11:40:00,11.145,11.16,11.135,11.155,19405.0
2026-06-17,2026-06-17 11:45:00,11.158,11.175,11.15,11.175,22589.0
2026-06-17,2026-06-17 11:50:00,11.175,11.185,11.165,11.175,25955.0
2026-06-17,2026-06-17 11:55:00,11.17,11.18,11.17,11.18,10335.0
2026-06-17,2026-06-17 12:00:00,11.18,11.19,11.17,11.175,30167.0
2026-06-17,2026-06-17 12:05:00,11.175,11.18,11.165,11.1697,23964.0
2026-06-17,2026-06-17 12:10:00,11.17,11.175,11.155,11.17,30921.0
2026-06-17,2026-06-17 12:15:00,11.165,11.175,11.16,11.165,29187.0
2026-06-17,2026-06-17 12:20:00,11.165,11.165,11.135,11.135,56124.0
2026-06-17,2026-06-17 12:25:00,11.13,11.135,11.12,11.125,16911.0
2026-06-17,2026-06-17 12:30:00,11.13,11.135,11.115,11.115,19508.0
2026-06-17,2026-06-17 12:35:00,11.115,11.13,11.115,11.125,7899.0
2026-06-17,2026-06-17 12:40:00,11.125,11.125,11.11,11.115,18962.0
2026-06-17,2026-06-17 12:45:00,11.11,11.115,11.11,11.115,7784.0
2026-06-17,2026-06-17 12:50:00,11.115,11.125,11.085,11.085,42446.0
2026-06-17,2026-06-17 12:55:00,11.085,11.09,11.08,11.085,13293.0
2026-06-17,2026-06-17 13:00:00,11.08,11.1,11.07,11.085,45463.0
2026-06-17,2026-06-17 13:05:00,11.085,11.1,11.08,11.085,62036.0
2026-06-17,2026-06-17 13:10:00,11.0899,11.09,11.055,11.065,33753.0
2026-06-17,2026-06-17 13:15:00,11.06,11.07,11.045,11.06,31646.0
2026-06-17,2026-06-17 13:20:00,11.06,11.065,11.045,11.055,47188.0
2026-06-17,2026-06-17 13:25:00,11.05,11.055,11.04,11.045,16208.0
2026-06-17,2026-06-17 13:30:00,11.045,11.055,11.035,11.04,35823.0
2026-06-17,2026-06-17 13:35:00,11.045,11.06,11.0411,11.045,41612.0
2026-06-17,2026-06-17 13:40:00,11.045,11.07,11.04,11.07,115132.0
2026-06-17,2026-06-17 13:45:00,11.07,11.075,11.04,11.055,56320.0
2026-06-17,2026-06-17 13:50:00,11.055,11.055,11.04,11.04,45425.0
2026-06-17,2026-06-17 13:55:00,11.04,11.055,11.035,11.045,47127.0
2026-06-17,2026-06-17 14:00:00,11.045,11.045,11.025,11.035,25117.0
2026-06-17,2026-06-17 14:05:00,11.035,11.04,10.935,10.935,130389.0
2026-06-17,2026-06-17 14:10:00,10.935,10.945,10.89,10.935,152362.0
2026-06-17,2026-06-17 14:15:00,10.93,10.99,10.915,10.99,749628.0
2026-06-17,2026-06-17 14:20:00,10.99,11.045,10.97,11.03,1018577.0
2026-06-17,2026-06-17 14:25:00,11.02,11.02,10.985,10.985,34290.0
2026-06-17,2026-06-17 14:30:00,10.985,10.99,10.95,10.955,49390.0
2026-06-17,2026-06-17 14:35:00,10.95,11.025,10.945,10.975,159811.0
2026-06-17,2026-06-17 14:40:00,10.975,11.09,10.975,11.07,144645.0
2026-06-17,2026-06-17 14:45:00,11.075,11.085,11.05,11.065,121754.0
2026-06-17,2026-06-17 14:50:00,11.065,11.065,10.985,11.005,81451.0
2026-06-17,2026-06-17 14:55:00,11.005,11.035,11.0,11.005,50552.0
2026-06-17,2026-06-17 15:00:00,11.0,11.0,10.925,10.935,62021.0
2026-06-17,2026-06-17 15:05:00,10.935,10.955,10.9,10.905,65543.0
2026-06-17,2026-06-17 15:10:00,10.905,10.91,10.83,10.83,68078.0
2026-06-17,2026-06-17 15:15:00,10.835,10.8377,10.79,10.835,89537.0
2026-06-17,2026-06-17 15:20:00,10.835,10.836,10.785,10.785,79704.0
2026-06-17,2026-06-17 15:25:00,10.79,10.795,10.72,10.725,79185.0
2026-06-17,2026-06-17 15:30:00,10.725,10.75,10.715,10.735,86761.0
2026-06-17,2026-06-17 15:35:00,10.735,10.735,10.67,10.675,75530.0
2026-06-17,2026-06-17 15:40:00,10.675,10.72,10.65,10.665,106378.0
2026-06-17,2026-06-17 15:45:00,10.665,10.695,10.645,10.655,105704.0
2026-06-17,2026-06-17 15:50:00,10.65,10.675,10.62,10.66,128330.0
2026-06-17,2026-06-17 15:55:00,10.65,10.67,10.625,10.635,195829.0
2026-06-17,2026-06-17 16:00:00,10.635,10.67,10.63,10.65,1387417.0
2026-06-18,2026-06-18 09:35:00,10.72,10.87,10.69,10.73,199515.0
2026-06-18,2026-06-18 09:40:00,10.745,10.8,10.73,10.73,31896.0
2026-06-18,2026-06-18 09:45:00,10.725,10.79,10.7181,10.79,24837.0
2026-06-18,2026-06-18 09:50:00,10.8,10.84,10.78,10.795,27012.0
2026-06-18,2026-06-18 09:55:00,10.795,10.9,10.78,10.88,24140.0
2026-06-18,2026-06-18 10:00:00,10.87,10.88,10.8223,10.85,59235.0
2026-06-18,2026-06-18 10:05:00,10.85,10.87,10.79,10.84,36262.0
2026-06-18,2026-06-18 10:10:00,10.84,10.88,10.835,10.86,32031.0
2026-06-18,2026-06-18 10:15:00,10.86,10.865,10.82,10.86,40195.0
2026-06-18,2026-06-18 10:20:00,10.86,10.865,10.825,10.8299,28085.0
2026-06-18,2026-06-18 10:25:00,10.84,10.89,10.83,10.83,61695.0
2026-06-18,2026-06-18 10:30:00,10.825,10.87,10.825,10.87,30539.0
2026-06-18,2026-06-18 10:35:00,10.865,10.875,10.845,10.855,67270.0
2026-06-18,2026-06-18 10:40:00,10.855,10.88,10.845,10.855,38780.0
2026-06-18,2026-06-18 10:45:00,10.855,10.86,10.8299,10.85,31056.0
2026-06-18,2026-06-18 10:50:00,10.85,10.855,10.835,10.855,19771.0
2026-06-18,2026-06-18 10:55:00,10.8503,10.905,10.8503,10.875,33274.0
2026-06-18,2026-06-18 11:00:00,10.88,10.93,10.88,10.9201,10191.0
2026-06-18,2026-06-18 11:05:00,10.925,10.93,10.89,10.895,29492.0
2026-06-18,2026-06-18 11:10:00,10.895,10.915,10.885,10.885,26418.0
2026-06-18,2026-06-18 11:15:00,10.88,10.895,10.86,10.865,42187.0
2026-06-18,2026-06-18 11:20:00,10.855,10.875,10.855,10.865,29839.0
2026-06-18,2026-06-18 11:25:00,10.87,10.885,10.865,10.875,16056.0
2026-06-18,2026-06-18 11:30:00,10.87,10.87,10.8501,10.855,18436.0
2026-06-18,2026-06-18 11:35:00,10.855,10.88,10.855,10.875,31343.0
2026-06-18,2026-06-18 11:40:00,10.87,10.9,10.86,10.88,89523.0
2026-06-18,2026-06-18 11:45:00,10.885,10.91,10.87,10.905,143273.0
2026-06-18,2026-06-18 11:50:00,10.905,10.94,10.905,10.905,43573.0
2026-06-18,2026-06-18 11:55:00,10.905,10.905,10.885,10.885,21555.0
2026-06-18,2026-06-18 12:00:00,10.885,10.9,10.88,10.89,23749.0
2026-06-18,2026-06-18 12:05:00,10.89,10.9,10.875,10.9,33884.0
2026-06-18,2026-06-18 12:10:00,10.895,10.915,10.89,10.8901,29700.0
2026-06-18,2026-06-18 12:15:00,10.89,10.9,10.885,10.895,14747.0
2026-06-18,2026-06-18 12:20:00,10.895,10.9,10.865,10.875,38325.0
2026-06-18,2026-06-18 12:25:00,10.875,10.88,10.79,10.795,53929.0
2026-06-18,2026-06-18 12:30:00,10.8,10.825,10.795,10.815,42977.0
2026-06-18,2026-06-18 12:35:00,10.82,10.85,10.82,10.835,25148.0
2026-06-18,2026-06-18 12:40:00,10.835,10.845,10.83,10.845,19542.0
2026-06-18,2026-06-18 12:45:00,10.845,10.845,10.835,10.835,10467.0
2026-06-18,2026-06-18 12:50:00,10.83,10.835,10.82,10.825,14608.0
2026-06-18,2026-06-18 12:55:00,10.825,10.825,10.81,10.8199,21956.0
2026-06-18,2026-06-18 13:00:00,10.82,10.835,10.815,10.825,25631.0
2026-06-18,2026-06-18 13:05:00,10.825,10.835,10.815,10.815,35304.0
2026-06-18,2026-06-18 13:10:00,10.815,10.82,10.805,10.805,12700.0
2026-06-18,2026-06-18 13:15:00,10.805,10.805,10.785,10.8,18465.0
2026-06-18,2026-06-18 13:20:00,10.805,10.9,10.805,10.9,159057.0
2026-06-18,2026-06-18 13:25:00,10.9,10.906,10.895,10.9,21742.0
2026-06-18,2026-06-18 13:30:00,10.905,10.9092,10.9,10.905,18121.0
2026-06-18,2026-06-18 13:35:00,10.9,10.905,10.9,10.905,9937.0
2026-06-18,2026-06-18 13:40:00,10.9,10.9,10.875,10.875,21556.0
2026-06-18,2026-06-18 13:45:00,10.88,10.89,10.875,10.88,22398.0
2026-06-18,2026-06-18 13:50:00,10.8802,10.885,10.86,10.865,21135.0
2026-06-18,2026-06-18 13:55:00,10.86,10.875,10.845,10.865,26766.0
2026-06-18,2026-06-18 14:00:00,10.865,10.88,10.865,10.875,25499.0
2026-06-18,2026-06-18 14:05:00,10.875,10.875,10.84,10.845,19350.0
2026-06-18,2026-06-18 14:10:00,10.845,10.8477,10.84,10.845,10883.0
2026-06-18,2026-06-18 14:15:00,10.845,10.865,10.8401,10.855,44095.0
2026-06-18,2026-06-18 14:20:00,10.855,10.855,10.845,10.855,28290.0
2026-06-18,2026-06-18 14:25:00,10.855,10.855,10.845,10.845,17024.0
2026-06-18,2026-06-18 14:30:00,10.845,10.85,10.83,10.835,24147.0
2026-06-18,2026-06-18 14:35:00,10.835,10.87,10.83,10.86,45949.0
2026-06-18,2026-06-18 14:40:00,10.855,10.88,10.855,10.865,75303.0
2026-06-18,2026-06-18 14:45:00,10.865,10.865,10.84,10.855,33739.0
2026-06-18,2026-06-18 14:50:00,10.855,10.86,10.835,10.835,51184.0
2026-06-18,2026-06-18 14:55:00,10.835,10.845,10.815,10.825,37342.0
2026-06-18,2026-06-18 15:00:00,10.8299,10.8299,10.8,10.805,27753.0
2026-06-18,2026-06-18 15:05:00,10.8,10.805,10.765,10.77,63246.0
2026-06-18,2026-06-18 15:10:00,10.775,10.785,10.765,10.775,38834.0
2026-06-18,2026-06-18 15:15:00,10.775,10.7772,10.76,10.775,32455.0
2026-06-18,2026-06-18 15:20:00,10.775,10.79,10.77,10.79,46572.0
2026-06-18,2026-06-18 15:25:00,10.79,10.795,10.78,10.7882,36699.0
2026-06-18,2026-06-18 15:30:00,10.785,10.785,10.76,10.76,50297.0
2026-06-18,2026-06-18 15:35:00,10.7602,10.765,10.72,10.735,101586.0
2026-06-18,2026-06-18 15:40:00,10.735,10.75,10.73,10.735,79059.0
2026-06-18,2026-06-18 15:45:00,10.735,10.775,10.72,10.765,168943.0
2026-06-18,2026-06-18 15:50:00,10.765,10.78,10.72,10.725,104385.0
2026-06-18,2026-06-18 15:55:00,10.73,10.77,10.725,10.75,186999.0
2026-06-18,2026-06-18 16:00:00,10.755,10.765,10.71,10.71,3058633.0
2026-06-22,2026-06-22 09:35:00,10.54,10.63,10.52,10.61,106512.0
2026-06-22,2026-06-22 09:40:00,10.62,10.62,10.515,10.515,31356.0
2026-06-22,2026-06-22 09:45:00,10.51,10.545,10.48,10.52,44906.0
2026-06-22,2026-06-22 09:50:00,10.52,10.55,10.48,10.5,41691.0
2026-06-22,2026-06-22 09:55:00,10.5,10.52,10.46,10.47,33210.0
2026-06-22,2026-06-22 10:00:00,10.47,10.48,10.43,10.48,47182.0
2026-06-22,2026-06-22 10:05:00,10.475,10.475,10.36,10.365,72443.0
2026-06-22,2026-06-22 10:10:00,10.37,10.41,10.35,10.395,56829.0
2026-06-22,2026-06-22 10:15:00,10.395,10.435,10.385,10.395,48323.0
2026-06-22,2026-06-22 10:20:00,10.395,10.41,10.365,10.3799,33370.0
2026-06-22,2026-06-22 10:25:00,10.38,10.385,10.34,10.345,45792.0
2026-06-22,2026-06-22 10:30:00,10.3499,10.355,10.2,10.235,118689.0
2026-06-22,2026-06-22 10:35:00,10.235,10.25,10.185,10.235,183267.0
2026-06-22,2026-06-22 10:40:00,10.235,10.27,10.23,10.26,50347.0
2026-06-22,2026-06-22 10:45:00,10.26,10.26,10.21,10.22,60060.0
2026-06-22,2026-06-22 10:50:00,10.225,10.265,10.22,10.265,56995.0
2026-06-22,2026-06-22 10:55:00,10.265,10.265,10.245,10.255,43234.0
2026-06-22,2026-06-22 11:00:00,10.255,10.325,10.245,10.3201,148463.0
2026-06-22,2026-06-22 11:05:00,10.33,10.355,10.325,10.335,53139.0
2026-06-22,2026-06-22 11:10:00,10.335,10.34,10.3,10.325,40687.0
2026-06-22,2026-06-22 11:15:00,10.325,10.37,10.315,10.355,103219.0
2026-06-22,2026-06-22 11:20:00,10.35,10.415,10.35,10.415,44710.0
2026-06-22,2026-06-22 11:25:00,10.42,10.425,10.395,10.415,83912.0
2026-06-22,2026-06-22 11:30:00,10.415,10.425,10.4,10.41,38141.0
2026-06-22,2026-06-22 11:35:00,10.41,10.425,10.385,10.395,36002.0
2026-06-22,2026-06-22 11:40:00,10.395,10.408,10.39,10.39,27067.0
2026-06-22,2026-06-22 11:45:00,10.39,10.405,10.375,10.375,76815.0
2026-06-22,2026-06-22 11:50:00,10.375,10.39,10.335,10.34,75303.0
2026-06-22,2026-06-22 11:55:00,10.33,10.35,10.32,10.335,60224.0
2026-06-22,2026-06-22 12:00:00,10.335,10.345,10.305,10.325,50008.0
2026-06-22,2026-06-22 12:05:00,10.33,10.335,10.3,10.305,42965.0
2026-06-22,2026-06-22 12:10:00,10.305,10.31,10.295,10.3,38123.0
2026-06-22,2026-06-22 12:15:00,10.3,10.35,10.295,10.32,212025.0
2026-06-22,2026-06-22 12:20:00,10.32,10.365,10.31,10.365,63732.0
2026-06-22,2026-06-22 12:25:00,10.36,10.365,10.33,10.345,80658.0
2026-06-22,2026-06-22 12:30:00,10.345,10.3499,10.29,10.29,76211.0
2026-06-22,2026-06-22 12:35:00,10.29,10.31,10.28,10.305,31167.0
2026-06-22,2026-06-22 12:40:00,10.305,10.305,10.285,10.3,31692.0
2026-06-22,2026-06-22 12:45:00,10.3,10.325,10.3,10.31,33163.0
2026-06-22,2026-06-22 12:50:00,10.315,10.325,10.29,10.295,73756.0
2026-06-22,2026-06-22 12:55:00,10.295,10.325,10.285,10.305,34660.0
2026-06-22,2026-06-22 13:00:00,10.305,10.315,10.3001,10.305,21684.0
2026-06-22,2026-06-22 13:05:00,10.31,10.325,10.305,10.32,18604.0
2026-06-22,2026-06-22 13:10:00,10.315,10.325,10.31,10.315,21194.0
2026-06-22,2026-06-22 13:15:00,10.31,10.31,10.3,10.305,15442.0
2026-06-22,2026-06-22 13:20:00,10.305,10.317,10.305,10.305,18589.0
2026-06-22,2026-06-22 13:25:00,10.305,10.31,10.3,10.3,28583.0
2026-06-22,2026-06-22 13:30:00,10.305,10.31,10.295,10.305,34849.0
2026-06-22,2026-06-22 13:35:00,10.305,10.315,10.29,10.29,20399.0
2026-06-22,2026-06-22 13:40:00,10.295,10.295,10.28,10.295,20566.0
2026-06-22,2026-06-22 13:45:00,10.295,10.305,10.29,10.29,21172.0
2026-06-22,2026-06-22 13:50:00,10.295,10.295,10.25,10.25,41084.0
2026-06-22,2026-06-22 13:55:00,10.25,10.25,10.23,10.23,33166.0
2026-06-22,2026-06-22 14:00:00,10.23,10.23,10.225,10.225,17494.0
2026-06-22,2026-06-22 14:05:00,10.225,10.23,10.205,10.225,72375.0
2026-06-22,2026-06-22 14:10:00,10.225,10.225,10.2,10.21,22243.0
2026-06-22,2026-06-22 14:15:00,10.22,10.23,10.21,10.225,15150.0
2026-06-22,2026-06-22 14:20:00,10.225,10.23,10.215,10.225,17436.0
2026-06-22,2026-06-22 14:25:00,10.225,10.235,10.21,10.215,23051.0
2026-06-22,2026-06-22 14:30:00,10.21,10.215,10.195,10.205,28165.0
2026-06-22,2026-06-22 14:35:00,10.205,10.21,10.1939,10.195,25450.0
2026-06-22,2026-06-22 14:40:00,10.195,10.2,10.165,10.175,37901.0
2026-06-22,2026-06-22 14:45:00,10.17,10.17,10.155,10.155,23023.0
2026-06-22,2026-06-22 14:50:00,10.155,10.165,10.15,10.15,27323.0
2026-06-22,2026-06-22 14:55:00,10.155,10.155,10.095,10.095,62467.0
2026-06-22,2026-06-22 15:00:00,10.095,10.095,10.075,10.075,46690.0
2026-06-22,2026-06-22 15:05:00,10.075,10.115,10.075,10.105,80202.0
2026-06-22,2026-06-22 15:10:00,10.105,10.12,10.095,10.115,56568.0
2026-06-22,2026-06-22 15:15:00,10.115,10.115,10.095,10.105,51594.0
2026-06-22,2026-06-22 15:20:00,10.105,10.155,10.1,10.155,56101.0
2026-06-22,2026-06-22 15:25:00,10.15,10.17,10.11,10.165,103901.0
2026-06-22,2026-06-22 15:30:00,10.165,10.17,10.155,10.155,42592.0
2026-06-22,2026-06-22 15:35:00,10.155,10.19,10.15,10.185,55844.0
2026-06-22,2026-06-22 15:40:00,10.185,10.195,10.18,10.185,35681.0
2026-06-22,2026-06-22 15:45:00,10.185,10.195,10.16,10.165,59194.0
2026-06-22,2026-06-22 15:50:00,10.17,10.195,10.155,10.185,89623.0
2026-06-22,2026-06-22 15:55:00,10.18,10.2,10.16,10.185,94318.0
2026-06-22,2026-06-22 16:00:00,10.185,10.2,10.11,10.12,1543111.0
2026-06-23,2026-06-23 09:35:00,10.06,10.14,10.045,10.135,56279.0
2026-06-23,2026-06-23 09:40:00,10.1119,10.195,10.1,10.11,15610.0
2026-06-23,2026-06-23 09:45:00,10.115,10.2172,10.115,10.18,22306.0
2026-06-23,2026-06-23 09:50:00,10.17,10.18,10.07,10.075,86127.0
2026-06-23,2026-06-23 09:55:00,10.075,10.1,10.07,10.095,40619.0
2026-06-23,2026-06-23 10:00:00,10.095,10.095,10.01,10.025,57621.0
2026-06-23,2026-06-23 10:05:00,10.025,10.025,9.935,10.025,381787.0
2026-06-23,2026-06-23 10:10:00,10.03,10.075,10.015,10.06,64956.0
2026-06-23,2026-06-23 10:15:00,10.06,10.165,10.0,10.16,863248.0
2026-06-23,2026-06-23 10:20:00,10.165,10.21,10.125,10.205,173114.0
2026-06-23,2026-06-23 10:25:00,10.205,10.205,10.15,10.185,177303.0
2026-06-23,2026-06-23 10:30:00,10.19,10.25,10.19,10.235,64891.0
2026-06-23,2026-06-23 10:35:00,10.235,10.265,10.23,10.245,69002.0
2026-06-23,2026-06-23 10:40:00,10.24,10.265,10.235,10.26,39231.0
2026-06-23,2026-06-23 10:45:00,10.265,10.265,10.23,10.245,24274.0
2026-06-23,2026-06-23 10:50:00,10.245,10.27,10.235,10.265,50231.0
2026-06-23,2026-06-23 10:55:00,10.26,10.3,10.255,10.285,42436.0
2026-06-23,2026-06-23 11:00:00,10.285,10.29,10.265,10.265,29642.0
2026-06-23,2026-06-23 11:05:00,10.265,10.27,10.25,10.255,28826.0
2026-06-23,2026-06-23 11:10:00,10.255,10.275,10.2425,10.265,36315.0
2026-06-23,2026-06-23 11:15:00,10.265,10.275,10.25,10.26,37126.0
2026-06-23,2026-06-23 11:20:00,10.265,10.275,10.255,10.275,33113.0
2026-06-23,2026-06-23 11:25:00,10.275,10.3389,10.265,10.315,549014.0
2026-06-23,2026-06-23 11:30:00,10.31,10.34,10.3,10.315,29679.0
2026-06-23,2026-06-23 11:35:00,10.32,10.355,10.32,10.355,44988.0
2026-06-23,2026-06-23 11:40:00,10.355,10.355,10.335,10.355,22796.0
2026-06-23,2026-06-23 11:45:00,10.35,10.365,10.34,10.365,31424.0
2026-06-23,2026-06-23 11:50:00,10.36,10.365,10.35,10.365,19034.0
2026-06-23,2026-06-23 11:55:00,10.36,10.365,10.345,10.345,24380.0
2026-06-23,2026-06-23 12:00:00,10.345,10.375,10.345,10.355,36532.0
2026-06-23,2026-06-23 12:05:00,10.355,10.365,10.35,10.355,29984.0
2026-06-23,2026-06-23 12:10:00,10.355,10.3799,10.355,10.37,25371.0
2026-06-23,2026-06-23 12:15:00,10.375,10.39,10.36,10.375,33845.0
2026-06-23,2026-06-23 12:20:00,10.375,10.375,10.355,10.355,17851.0
2026-06-23,2026-06-23 12:25:00,10.3501,10.365,10.33,10.335,27716.0
2026-06-23,2026-06-23 12:30:00,10.335,10.35,10.3207,10.3226,28217.0
2026-06-23,2026-06-23 12:35:00,10.32,10.335,10.31,10.335,29354.0
2026-06-23,2026-06-23 12:40:00,10.335,10.395,10.33,10.395,178068.0
2026-06-23,2026-06-23 12:45:00,10.395,10.395,10.36,10.365,83908.0
2026-06-23,2026-06-23 12:50:00,10.37,10.375,10.345,10.35,28597.0
2026-06-23,2026-06-23 12:55:00,10.345,10.35,10.33,10.34,21817.0
2026-06-23,2026-06-23 13:00:00,10.34,10.345,10.33,10.3301,20579.0
2026-06-23,2026-06-23 13:05:00,10.33,10.345,10.33,10.34,55427.0
2026-06-23,2026-06-23 13:10:00,10.34,10.355,10.33,10.345,30363.0
2026-06-23,2026-06-23 13:15:00,10.345,10.345,10.324,10.325,30437.0
2026-06-23,2026-06-23 13:20:00,10.33,10.33,10.315,10.325,22430.0
2026-06-23,2026-06-23 13:25:00,10.325,10.34,10.32,10.34,36804.0
2026-06-23,2026-06-23 13:30:00,10.335,10.335,10.3001,10.3001,33642.0
2026-06-23,2026-06-23 13:35:00,10.3,10.31,10.3,10.31,15391.0
2026-06-23,2026-06-23 13:40:00,10.31,10.315,10.3,10.315,20049.0
2026-06-23,2026-06-23 13:45:00,10.315,10.315,10.29,10.295,26367.0
2026-06-23,2026-06-23 13:50:00,10.29,10.29,10.275,10.275,14871.0
2026-06-23,2026-06-23 13:55:00,10.27,10.27,10.245,10.255,45397.0
2026-06-23,2026-06-23 14:00:00,10.255,10.26,10.24,10.26,17762.0
2026-06-23,2026-06-23 14:05:00,10.26,10.265,10.23,10.235,39420.0
2026-06-23,2026-06-23 14:10:00,10.235,10.26,10.23,10.25,18711.0
2026-06-23,2026-06-23 14:15:00,10.255,10.27,10.245,10.26,29551.0
2026-06-23,2026-06-23 14:20:00,10.2525,10.265,10.2525,10.265,27705.0
2026-06-23,2026-06-23 14:25:00,10.265,10.265,10.24,10.255,24897.0
2026-06-23,2026-06-23 14:30:00,10.255,10.255,10.25,10.255,10896.0
2026-06-23,2026-06-23 14:35:00,10.255,10.265,10.24,10.255,39689.0
2026-06-23,2026-06-23 14:40:00,10.255,10.27,10.245,10.265,46191.0
2026-06-23,2026-06-23 14:45:00,10.265,10.27,10.25,10.26,36280.0
2026-06-23,2026-06-23 14:50:00,10.255,10.265,10.25,10.265,19345.0
2026-06-23,2026-06-23 14:55:00,10.265,10.265,10.23,10.245,43710.0
2026-06-23,2026-06-23 15:00:00,10.245,10.255,10.24,10.255,17922.0
2026-06-23,2026-06-23 15:05:00,10.25,10.275,10.24,10.275,40819.0
2026-06-23,2026-06-23 15:10:00,10.28,10.2899,10.27,10.27,44539.0
2026-06-23,2026-06-23 15:15:00,10.275,10.2794,10.26,10.275,53434.0
2026-06-23,2026-06-23 15:20:00,10.275,10.285,10.265,10.275,50609.0
2026-06-23,2026-06-23 15:25:00,10.275,10.28,10.25,10.255,71825.0
2026-06-23,2026-06-23 15:30:00,10.255,10.26,10.25,10.255,23978.0
2026-06-23,2026-06-23 15:35:00,10.255,10.26,10.235,10.235,62962.0
2026-06-23,2026-06-23 15:40:00,10.235,10.245,10.22,10.235,41143.0
2026-06-23,2026-06-23 15:45:00,10.235,10.235,10.195,10.225,117776.0
2026-06-23,2026-06-23 15:50:00,10.225,10.23,10.215,10.225,66798.0
2026-06-23,2026-06-23 15:55:00,10.23,10.235,10.2,10.22,92673.0
2026-06-23,2026-06-23 16:00:00,10.225,10.24,10.195,10.23,1149698.0
2026-06-24,2026-06-24 09:35:00,10.35,10.46,10.35,10.45,95562.0
2026-06-24,2026-06-24 09:40:00,10.44,10.54,10.44,10.519,30816.0
2026-06-24,2026-06-24 09:45:00,10.51,10.51,10.435,10.494,29725.0
2026-06-24,2026-06-24 09:50:00,10.49,10.56,10.49,10.54,93304.0
2026-06-24,2026-06-24 09:55:00,10.55,10.65,10.55,10.644,167075.0
2026-06-24,2026-06-24 10:00:00,10.645,10.65,10.6,10.605,113383.0
2026-06-24,2026-06-24 10:05:00,10.6,10.635,10.55,10.605,59420.0
2026-06-24,2026-06-24 10:10:00,10.605,10.68,10.595,10.68,123052.0
2026-06-24,2026-06-24 10:15:00,10.675,10.71,10.625,10.64,72260.0
2026-06-24,2026-06-24 10:20:00,10.64,10.645,10.575,10.615,93385.0
2026-06-24,2026-06-24 10:25:00,10.615,10.705,10.615,10.685,60310.0
2026-06-24,2026-06-24 10:30:00,10.68,10.6983,10.665,10.685,62172.0
2026-06-24,2026-06-24 10:35:00,10.68,10.73,10.655,10.68,133957.0
2026-06-24,2026-06-24 10:40:00,10.675,10.6778,10.635,10.645,49992.0
2026-06-24,2026-06-24 10:45:00,10.645,10.67,10.635,10.67,37685.0
2026-06-24,2026-06-24 10:50:00,10.665,10.68,10.6517,10.665,36680.0
2026-06-24,2026-06-24 10:55:00,10.67,10.685,10.635,10.635,77788.0
2026-06-24,2026-06-24 11:00:00,10.63,10.65,10.625,10.645,43108.0
2026-06-24,2026-06-24 11:05:00,10.645,10.675,10.635,10.665,33826.0
2026-06-24,2026-06-24 11:10:00,10.665,10.69,10.64,10.64,74253.0
2026-06-24,2026-06-24 11:15:00,10.635,10.655,10.635,10.65,24494.0
2026-06-24,2026-06-24 11:20:00,10.645,10.71,10.641,10.705,88955.0
2026-06-24,2026-06-24 11:25:00,10.705,10.715,10.7,10.71,24263.0
2026-06-24,2026-06-24 11:30:00,10.71,10.71,10.68,10.695,34856.0
2026-06-24,2026-06-24 11:35:00,10.695,10.7,10.68,10.685,26279.0
2026-06-24,2026-06-24 11:40:00,10.685,10.685,10.655,10.655,35334.0
2026-06-24,2026-06-24 11:45:00,10.655,10.66,10.635,10.645,31452.0
2026-06-24,2026-06-24 11:50:00,10.645,10.6489,10.62,10.62,23330.0
2026-06-24,2026-06-24 11:55:00,10.625,10.625,10.585,10.585,57287.0
2026-06-24,2026-06-24 12:00:00,10.585,10.585,10.58,10.585,33320.0
2026-06-24,2026-06-24 12:05:00,10.585,10.595,10.555,10.555,30972.0
2026-06-24,2026-06-24 12:10:00,10.555,10.585,10.555,10.585,24423.0
2026-06-24,2026-06-24 12:15:00,10.585,10.605,10.585,10.595,33153.0
2026-06-24,2026-06-24 12:20:00,10.59,10.63,10.585,10.63,43616.0
2026-06-24,2026-06-24 12:25:00,10.625,10.63,10.615,10.62,30343.0
2026-06-24,2026-06-24 12:30:00,10.62,10.63,10.61,10.615,20633.0
2026-06-24,2026-06-24 12:35:00,10.615,10.635,10.615,10.62,29130.0
2026-06-24,2026-06-24 12:40:00,10.615,10.63,10.6,10.6,24230.0
2026-06-24,2026-06-24 12:45:00,10.6,10.625,10.595,10.625,38444.0
2026-06-24,2026-06-24 12:50:00,10.625,10.64,10.615,10.6308,26727.0
2026-06-24,2026-06-24 12:55:00,10.635,10.64,10.62,10.63,17145.0
2026-06-24,2026-06-24 13:00:00,10.625,10.625,10.61,10.61,14401.0
2026-06-24,2026-06-24 13:05:00,10.61,10.62,10.61,10.615,31711.0
2026-06-24,2026-06-24 13:10:00,10.615,10.615,10.6,10.6,17716.0
2026-06-24,2026-06-24 13:15:00,10.6,10.6,10.56,10.565,37293.0
2026-06-24,2026-06-24 13:20:00,10.56,10.565,10.505,10.515,111166.0
2026-06-24,2026-06-24 13:25:00,10.515,10.515,10.495,10.5,20835.0
2026-06-24,2026-06-24 13:30:00,10.505,10.51,10.455,10.48,95796.0
2026-06-24,2026-06-24 13:35:00,10.48,10.49,10.47,10.485,43315.0
2026-06-24,2026-06-24 13:40:00,10.485,10.495,10.47,10.485,29928.0
2026-06-24,2026-06-24 13:45:00,10.485,10.49,10.47,10.47,23392.0
2026-06-24,2026-06-24 13:50:00,10.475,10.48,10.465,10.475,48369.0
2026-06-24,2026-06-24 13:55:00,10.48,10.5272,10.475,10.51,50954.0
2026-06-24,2026-06-24 14:00:00,10.515,10.535,10.515,10.525,22950.0
2026-06-24,2026-06-24 14:05:00,10.525,10.59,10.525,10.585,96046.0
2026-06-24,2026-06-24 14:10:00,10.585,10.6,10.575,10.595,41794.0
2026-06-24,2026-06-24 14:15:00,10.595,10.62,10.595,10.605,27818.0
2026-06-24,2026-06-24 14:20:00,10.605,10.625,10.605,10.61,34466.0
2026-06-24,2026-06-24 14:25:00,10.615,10.66,10.615,10.65,46339.0
2026-06-24,2026-06-24 14:30:00,10.655,10.67,10.65,10.67,28740.0
2026-06-24,2026-06-24 14:35:00,10.67,10.68,10.655,10.66,30365.0
2026-06-24,2026-06-24 14:40:00,10.655,10.675,10.64,10.675,50279.0
2026-06-24,2026-06-24 14:45:00,10.675,10.69,10.665,10.675,43956.0
2026-06-24,2026-06-24 14:50:00,10.675,10.695,10.675,10.685,70549.0
2026-06-24,2026-06-24 14:55:00,10.685,10.685,10.64,10.65,332613.0
2026-06-24,2026-06-24 15:00:00,10.65,10.72,10.64,10.715,208708.0
2026-06-24,2026-06-24 15:05:00,10.715,10.745,10.715,10.73,53077.0
2026-06-24,2026-06-24 15:10:00,10.735,10.7375,10.71,10.725,54626.0
2026-06-24,2026-06-24 15:15:00,10.725,10.73,10.715,10.73,41509.0
2026-06-24,2026-06-24 15:20:00,10.73,10.745,10.72,10.73,76976.0
2026-06-24,2026-06-24 15:25:00,10.735,10.735,10.71,10.73,59724.0
2026-06-24,2026-06-24 15:30:00,10.7364,10.745,10.715,10.725,63247.0
2026-06-24,2026-06-24 15:35:00,10.73,10.73,10.705,10.715,105578.0
2026-06-24,2026-06-24 15:40:00,10.7149,10.715,10.685,10.7,110371.0
2026-06-24,2026-06-24 15:45:00,10.705,10.705,10.685,10.695,92677.0
2026-06-24,2026-06-24 15:50:00,10.69,10.715,10.69,10.705,102720.0
2026-06-24,2026-06-24 15:55:00,10.705,10.73,10.695,10.715,185678.0
2026-06-24,2026-06-24 16:00:00,10.715,10.78,10.71,10.77,1205472.0
2026-06-25,2026-06-25 09:35:00,10.75,10.93,10.75,10.79,86078.0
2026-06-25,2026-06-25 09:40:00,10.79,10.86,10.73,10.765,91346.0
2026-06-25,2026-06-25 09:45:00,10.77,10.86,10.77,10.82,18679.0
2026-06-25,2026-06-25 09:50:00,10.835,10.85,10.8,10.835,28558.0
2026-06-25,2026-06-25 09:55:00,10.84,10.9,10.82,10.89,8993.0
2026-06-25,2026-06-25 10:00:00,10.88,10.9,10.87,10.89,14605.0
2026-06-25,2026-06-25 10:05:00,10.885,10.97,10.87,10.97,106401.0
2026-06-25,2026-06-25 10:10:00,10.98,11.02,10.95,10.975,33528.0
2026-06-25,2026-06-25 10:15:00,10.98,10.99,10.91,10.925,28548.0
2026-06-25,2026-06-25 10:20:00,10.93,10.9501,10.91,10.94,42868.0
2026-06-25,2026-06-25 10:25:00,10.95,10.955,10.91,10.9214,113322.0
2026-06-25,2026-06-25 10:30:00,10.92,10.935,10.9,10.93,23430.0
2026-06-25,2026-06-25 10:35:00,10.925,10.95,10.91,10.935,25357.0
2026-06-25,2026-06-25 10:40:00,10.935,10.935,10.91,10.92,19880.0
2026-06-25,2026-06-25 10:45:00,10.92,10.925,10.85,10.865,20057.0
2026-06-25,2026-06-25 10:50:00,10.87,10.875,10.865,10.875,11870.0
2026-06-25,2026-06-25 10:55:00,10.88,10.905,10.875,10.905,18301.0
2026-06-25,2026-06-25 11:00:00,10.9,10.9,10.865,10.87,30019.0
2026-06-25,2026-06-25 11:05:00,10.865,10.875,10.855,10.865,14425.0
2026-06-25,2026-06-25 11:10:00,10.87,10.89,10.845,10.865,36163.0
2026-06-25,2026-06-25 11:15:00,10.865,10.875,10.84,10.86,21139.0
2026-06-25,2026-06-25 11:20:00,10.855,10.98,10.84,10.945,354803.0
2026-06-25,2026-06-25 11:25:00,10.945,10.985,10.94,10.985,69624.0
2026-06-25,2026-06-25 11:30:00,10.985,11.029,10.985,11.005,52588.0
2026-06-25,2026-06-25 11:35:00,11.01,11.03,10.99,10.995,41535.0
2026-06-25,2026-06-25 11:40:00,10.995,11.0,10.955,10.965,59670.0
2026-06-25,2026-06-25 11:45:00,10.97,10.98,10.955,10.955,30003.0
2026-06-25,2026-06-25 11:50:00,10.955,10.97,10.95,10.95,23597.0
2026-06-25,2026-06-25 11:55:00,10.95,10.955,10.93,10.945,19312.0
2026-06-25,2026-06-25 12:00:00,10.945,10.955,10.92,10.935,48784.0
2026-06-25,2026-06-25 12:05:00,10.94,10.976,10.93,10.975,27566.0
2026-06-25,2026-06-25 12:10:00,10.97,10.985,10.965,10.985,20316.0
2026-06-25,2026-06-25 12:15:00,10.985,11.0,10.97,10.975,43407.0
2026-06-25,2026-06-25 12:20:00,10.98,10.98,10.93,10.935,65705.0
2026-06-25,2026-06-25 12:25:00,10.935,10.94,10.905,10.905,49122.0
2026-06-25,2026-06-25 12:30:00,10.905,10.905,10.89,10.895,14882.0
2026-06-25,2026-06-25 12:35:00,10.89,10.9,10.885,10.9,58283.0
2026-06-25,2026-06-25 12:40:00,10.895,10.9,10.89,10.89,14906.0
2026-06-25,2026-06-25 12:45:00,10.89,10.89,10.875,10.88,42692.0
2026-06-25,2026-06-25 12:50:00,10.88,10.9,10.88,10.9,20422.0
2026-06-25,2026-06-25 12:55:00,10.895,10.91,10.895,10.905,16327.0
2026-06-25,2026-06-25 13:00:00,10.905,10.91,10.885,10.91,18315.0
2026-06-25,2026-06-25 13:05:00,10.91,10.925,10.905,10.905,40949.0
2026-06-25,2026-06-25 13:10:00,10.905,10.91,10.9,10.905,10051.0
2026-06-25,2026-06-25 13:15:00,10.905,10.93,10.905,10.93,20349.0
2026-06-25,2026-06-25 13:20:00,10.93,10.95,10.93,10.94,22718.0
2026-06-25,2026-06-25 13:25:00,10.9323,10.94,10.92,10.925,23928.0
2026-06-25,2026-06-25 13:30:00,10.925,10.95,10.92,10.945,18208.0
2026-06-25,2026-06-25 13:35:00,10.945,10.95,10.94,10.945,8066.0
2026-06-25,2026-06-25 13:40:00,10.945,10.96,10.945,10.955,25475.0
2026-06-25,2026-06-25 13:45:00,10.955,10.96,10.945,10.95,18546.0
2026-06-25,2026-06-25 13:50:00,10.945,10.95,10.935,10.94,19060.0
2026-06-25,2026-06-25 13:55:00,10.935,10.99,10.925,10.985,71851.0
2026-06-25,2026-06-25 14:00:00,10.985,10.985,10.965,10.975,19425.0
2026-06-25,2026-06-25 14:05:00,10.975,10.979,10.915,10.915,31994.0
2026-06-25,2026-06-25 14:10:00,10.915,10.92,10.905,10.905,21863.0
2026-06-25,2026-06-25 14:15:00,10.91,10.925,10.9,10.905,39870.0
2026-06-25,2026-06-25 14:20:00,10.895,10.925,10.895,10.925,26167.0
2026-06-25,2026-06-25 14:25:00,10.925,10.925,10.88,10.895,33528.0
2026-06-25,2026-06-25 14:30:00,10.895,10.935,10.895,10.935,52770.0
2026-06-25,2026-06-25 14:35:00,10.935,10.935,10.885,10.89,54583.0
2026-06-25,2026-06-25 14:40:00,10.885,10.9,10.88,10.895,41524.0
2026-06-25,2026-06-25 14:45:00,10.895,10.9,10.88,10.885,46343.0
2026-06-25,2026-06-25 14:50:00,10.885,10.925,10.875,10.915,73324.0
2026-06-25,2026-06-25 14:55:00,10.915,10.93,10.91,10.925,21116.0
2026-06-25,2026-06-25 15:00:00,10.925,10.925,10.885,10.885,61580.0
2026-06-25,2026-06-25 15:05:00,10.885,10.9075,10.88,10.9075,83468.0
2026-06-25,2026-06-25 15:10:00,10.905,10.915,10.895,10.915,36986.0
2026-06-25,2026-06-25 15:15:00,10.915,10.915,10.9,10.915,39040.0
2026-06-25,2026-06-25 15:20:00,10.915,10.92,10.91,10.915,26672.0
2026-06-25,2026-06-25 15:25:00,10.92,10.94,10.915,10.935,75924.0
2026-06-25,2026-06-25 15:30:00,10.935,10.94,10.915,10.92,61248.0
2026-06-25,2026-06-25 15:35:00,10.915,10.93,10.9,10.9175,66440.0
2026-06-25,2026-06-25 15:40:00,10.915,10.925,10.905,10.905,63668.0
2026-06-25,2026-06-25 15:45:00,10.905,10.91,10.9,10.905,37186.0
2026-06-25,2026-06-25 15:50:00,10.905,10.94,10.895,10.91,122159.0
2026-06-25,2026-06-25 15:55:00,10.915,10.93,10.9,10.92,125036.0
2026-06-25,2026-06-25 16:00:00,10.915,10.92,10.9,10.91,1106425.0
2026-06-26,2026-06-26 09:35:00,10.81,10.95,10.76,10.94,32338.0
2026-06-26,2026-06-26 09:40:00,10.9266,10.96,10.86,10.96,8603.0
2026-06-26,2026-06-26 09:45:00,10.965,11.0,10.9,10.95,16554.0
2026-06-26,2026-06-26 09:50:00,10.95,10.96,10.9,10.95,25057.0
2026-06-26,2026-06-26 09:55:00,10.93,10.946,10.87,10.88,27599.0
2026-06-26,2026-06-26 10:00:00,10.9,10.92,10.88,10.91,39041.0
2026-06-26,2026-06-26 10:05:00,10.92,10.97,10.9,10.965,37927.0
2026-06-26,2026-06-26 10:10:00,10.965,10.965,10.91,10.95,63777.0
2026-06-26,2026-06-26 10:15:00,10.95,10.96,10.93,10.935,34295.0
2026-06-26,2026-06-26 10:20:00,10.93,10.935,10.91,10.915,19409.0
2026-06-26,2026-06-26 10:25:00,10.915,10.935,10.87,10.92,31279.0
2026-06-26,2026-06-26 10:30:00,10.935,10.94,10.88,10.93,69985.0
2026-06-26,2026-06-26 10:35:00,10.945,10.97,10.905,10.92,37431.0
2026-06-26,2026-06-26 10:40:00,10.93,10.935,10.905,10.915,13856.0
2026-06-26,2026-06-26 10:45:00,10.915,10.93,10.91,10.925,17395.0
2026-06-26,2026-06-26 10:50:00,10.925,10.94,10.91,10.925,24588.0
2026-06-26,2026-06-26 10:55:00,10.925,10.935,10.915,10.925,19349.0
2026-06-26,2026-06-26 11:00:00,10.93,10.96,10.915,10.9394,51597.0
2026-06-26,2026-06-26 11:05:00,10.94,10.955,10.915,10.915,17543.0
2026-06-26,2026-06-26 11:10:00,10.915,10.935,10.905,10.925,13391.0
2026-06-26,2026-06-26 11:15:00,10.925,10.95,10.925,10.935,9978.0
2026-06-26,2026-06-26 11:20:00,10.935,10.95,10.935,10.945,9048.0
2026-06-26,2026-06-26 11:25:00,10.945,10.965,10.945,10.945,19512.0
2026-06-26,2026-06-26 11:30:00,10.945,10.96,10.9336,10.945,24011.0
2026-06-26,2026-06-26 11:35:00,10.95,10.95,10.935,10.935,13771.0
2026-06-26,2026-06-26 11:40:00,10.935,10.95,10.935,10.95,14126.0
2026-06-26,2026-06-26 11:45:00,10.95,10.96,10.945,10.945,13861.0
2026-06-26,2026-06-26 11:50:00,10.945,10.96,10.935,10.935,43617.0
2026-06-26,2026-06-26 11:55:00,10.935,10.945,10.915,10.93,24289.0
2026-06-26,2026-06-26 12:00:00,10.93,10.935,10.915,10.92,17689.0
2026-06-26,2026-06-26 12:05:00,10.925,10.945,10.925,10.94,10502.0
2026-06-26,2026-06-26 12:10:00,10.9499,10.9499,10.925,10.925,10554.0
2026-06-26,2026-06-26 12:15:00,10.925,10.9385,10.925,10.935,5923.0
2026-06-26,2026-06-26 12:20:00,10.935,10.955,10.935,10.945,15182.0
2026-06-26,2026-06-26 12:25:00,10.945,10.95,10.91,10.945,50409.0
2026-06-26,2026-06-26 12:30:00,10.945,10.955,10.905,10.915,26293.0
2026-06-26,2026-06-26 12:35:00,10.915,10.945,10.915,10.945,26080.0
2026-06-26,2026-06-26 12:40:00,10.945,10.945,10.935,10.94,11376.0
2026-06-26,2026-06-26 12:45:00,10.94,10.95,10.93,10.935,16582.0
2026-06-26,2026-06-26 12:50:00,10.94,10.95,10.94,10.95,6970.0
2026-06-26,2026-06-26 12:55:00,10.945,10.9673,10.945,10.955,59134.0
2026-06-26,2026-06-26 13:00:00,10.955,10.955,10.945,10.945,12952.0
2026-06-26,2026-06-26 13:05:00,10.945,10.965,10.94,10.955,19973.0
2026-06-26,2026-06-26 13:10:00,10.955,10.965,10.955,10.965,34965.0
2026-06-26,2026-06-26 13:15:00,10.96,10.965,10.94,10.955,14672.0
2026-06-26,2026-06-26 13:20:00,10.955,10.955,10.94,10.94,8104.0
2026-06-26,2026-06-26 13:25:00,10.94,10.945,10.92,10.925,19363.0
2026-06-26,2026-06-26 13:30:00,10.925,10.93,10.915,10.925,23813.0
2026-06-26,2026-06-26 13:35:00,10.925,10.93,10.92,10.925,8900.0
2026-06-26,2026-06-26 13:40:00,10.9224,10.925,10.91,10.915,24374.0
2026-06-26,2026-06-26 13:45:00,10.91,10.935,10.9,10.935,62428.0
2026-06-26,2026-06-26 13:50:00,10.93,10.935,10.9205,10.925,13369.0
2026-06-26,2026-06-26 13:55:00,10.925,10.935,10.915,10.925,45099.0
2026-06-26,2026-06-26 14:00:00,10.925,10.95,10.9227,10.945,26559.0
2026-06-26,2026-06-26 14:05:00,10.9415,10.9699,10.9415,10.965,23446.0
2026-06-26,2026-06-26 14:10:00,10.965,10.99,10.96,10.985,18350.0
2026-06-26,2026-06-26 14:15:00,10.985,10.985,10.965,10.97,19776.0
2026-06-26,2026-06-26 14:20:00,10.965,10.965,10.95,10.955,10263.0
2026-06-26,2026-06-26 14:25:00,10.955,10.955,10.95,10.955,7696.0
2026-06-26,2026-06-26 14:30:00,10.955,10.955,10.945,10.945,12523.0
2026-06-26,2026-06-26 14:35:00,10.95,10.965,10.95,10.955,31005.0
2026-06-26,2026-06-26 14:40:00,10.955,10.955,10.94,10.945,15576.0
2026-06-26,2026-06-26 14:45:00,10.945,10.955,10.9433,10.945,31392.0
2026-06-26,2026-06-26 14:50:00,10.945,10.945,10.925,10.9399,18442.0
2026-06-26,2026-06-26 14:55:00,10.935,10.965,10.935,10.955,29498.0
2026-06-26,2026-06-26 15:00:00,10.955,10.955,10.945,10.945,16857.0
2026-06-26,2026-06-26 15:05:00,10.945,10.96,10.94,10.945,79051.0
2026-06-26,2026-06-26 15:10:00,10.945,10.965,10.945,10.965,28713.0
2026-06-26,2026-06-26 15:15:00,10.965,10.985,10.96,10.985,39513.0
2026-06-26,2026-06-26 15:20:00,10.99,10.99,10.97,10.985,34436.0
2026-06-26,2026-06-26 15:25:00,10.985,11.0,10.975,10.995,23475.0
2026-06-26,2026-06-26 15:30:00,11.0,11.0,10.995,11.0,16963.0
2026-06-26,2026-06-26 15:35:00,11.0,11.0,10.955,10.96,73016.0
2026-06-26,2026-06-26 15:40:00,10.965,10.9767,10.96,10.975,43798.0
2026-06-26,2026-06-26 15:45:00,10.98,10.995,10.955,10.99,78899.0
2026-06-26,2026-06-26 15:50:00,10.985,10.995,10.97,10.9865,57342.0
2026-06-26,2026-06-26 15:55:00,10.99,11.05,10.975,10.985,249323.0
2026-06-26,2026-06-26 16:00:00,10.985,11.025,10.96,11.01,2425953.0
2026-06-29,2026-06-29 09:35:00,10.79,10.96,10.7306,10.76,90301.0
2026-06-29,2026-06-29 09:40:00,10.74,10.74,10.64,10.645,34662.0
2026-06-29,2026-06-29 09:45:00,10.64,10.709,10.64,10.67,19433.0
2026-06-29,2026-06-29 09:50:00,10.7,10.73,10.65,10.7,57509.0
2026-06-29,2026-06-29 09:55:00,10.69,10.72,10.65,10.67,59462.0
2026-06-29,2026-06-29 10:00:00,10.66,10.67,10.575,10.575,116663.0
2026-06-29,2026-06-29 10:05:00,10.575,10.63,10.54,10.575,154404.0
2026-06-29,2026-06-29 10:10:00,10.575,10.58,10.5,10.545,39131.0
2026-06-29,2026-06-29 10:15:00,10.55,10.565,10.52,10.55,42933.0
2026-06-29,2026-06-29 10:20:00,10.565,10.595,10.54,10.545,36992.0
2026-06-29,2026-06-29 10:25:00,10.545,10.565,10.53,10.56,29964.0
2026-06-29,2026-06-29 10:30:00,10.56,10.575,10.545,10.565,35403.0
2026-06-29,2026-06-29 10:35:00,10.565,10.6099,10.535,10.535,36366.0
2026-06-29,2026-06-29 10:40:00,10.535,10.54,10.48,10.505,27073.0
2026-06-29,2026-06-29 10:45:00,10.505,10.515,10.49,10.5,15891.0
2026-06-29,2026-06-29 10:50:00,10.5,10.52,10.49,10.505,21573.0
2026-06-29,2026-06-29 10:55:00,10.505,10.52,10.475,10.52,79345.0
2026-06-29,2026-06-29 11:00:00,10.51,10.515,10.49,10.495,26222.0
2026-06-29,2026-06-29 11:05:00,10.4989,10.4989,10.465,10.465,27404.0
2026-06-29,2026-06-29 11:10:00,10.465,10.5,10.43,10.435,47427.0
2026-06-29,2026-06-29 11:15:00,10.43,10.51,10.43,10.5,41556.0
2026-06-29,2026-06-29 11:20:00,10.5099,10.545,10.5,10.52,47530.0
2026-06-29,2026-06-29 11:25:00,10.52,10.52,10.43,10.46,79666.0
2026-06-29,2026-06-29 11:30:00,10.465,10.47,10.45,10.465,36007.0
2026-06-29,2026-06-29 11:35:00,10.465,10.48,10.45,10.45,26387.0
2026-06-29,2026-06-29 11:40:00,10.45,10.48,10.44,10.48,36751.0
2026-06-29,2026-06-29 11:45:00,10.47,10.5,10.45,10.49,86065.0
2026-06-29,2026-06-29 11:50:00,10.5,10.52,10.49,10.5,17562.0
2026-06-29,2026-06-29 11:55:00,10.5,10.5,10.47,10.49,18461.0
2026-06-29,2026-06-29 12:00:00,10.485,10.495,10.48,10.485,22351.0
2026-06-29,2026-06-29 12:05:00,10.49,10.525,10.485,10.525,22697.0
2026-06-29,2026-06-29 12:10:00,10.53,10.56,10.52,10.54,24833.0
2026-06-29,2026-06-29 12:15:00,10.54,10.545,10.525,10.53,16673.0
2026-06-29,2026-06-29 12:20:00,10.535,10.535,10.51,10.52,25772.0
2026-06-29,2026-06-29 12:25:00,10.52,10.52,10.48,10.5,25479.0
2026-06-29,2026-06-29 12:30:00,10.495,10.505,10.46,10.47,24793.0
2026-06-29,2026-06-29 12:35:00,10.475,10.475,10.45,10.465,19762.0
2026-06-29,2026-06-29 12:40:00,10.465,10.465,10.43,10.455,117166.0
2026-06-29,2026-06-29 12:45:00,10.455,10.46,10.445,10.46,19925.0
2026-06-29,2026-06-29 12:50:00,10.455,10.465,10.45,10.46,20970.0
2026-06-29,2026-06-29 12:55:00,10.46,10.465,10.455,10.455,22098.0
2026-06-29,2026-06-29 13:00:00,10.46,10.46,10.43,10.44,58008.0
2026-06-29,2026-06-29 13:05:00,10.445,10.46,10.44,10.46,27859.0
2026-06-29,2026-06-29 13:10:00,10.47,10.49,10.465,10.475,13423.0
2026-06-29,2026-06-29 13:15:00,10.475,10.49,10.465,10.49,15799.0
2026-06-29,2026-06-29 13:20:00,10.485,10.5,10.48,10.48,10638.0
2026-06-29,2026-06-29 13:25:00,10.485,10.49,10.475,10.475,10741.0
2026-06-29,2026-06-29 13:30:00,10.475,10.495,10.475,10.4814,46686.0
2026-06-29,2026-06-29 13:35:00,10.4801,10.49,10.48,10.49,14096.0
2026-06-29,2026-06-29 13:40:00,10.49,10.495,10.47,10.47,23768.0
2026-06-29,2026-06-29 13:45:00,10.48,10.485,10.47,10.48,16259.0
2026-06-29,2026-06-29 13:50:00,10.48,10.48,10.475,10.4793,4741.0
2026-06-29,2026-06-29 13:55:00,10.4711,10.485,10.46,10.485,38617.0
2026-06-29,2026-06-29 14:00:00,10.485,10.49,10.48,10.49,8898.0
2026-06-29,2026-06-29 14:05:00,10.49,10.525,10.4807,10.525,30035.0
2026-06-29,2026-06-29 14:10:00,10.525,10.545,10.52,10.52,49170.0
2026-06-29,2026-06-29 14:15:00,10.525,10.525,10.51,10.515,26170.0
2026-06-29,2026-06-29 14:20:00,10.51,10.515,10.5,10.5,21512.0
2026-06-29,2026-06-29 14:25:00,10.5,10.505,10.49,10.495,19104.0
2026-06-29,2026-06-29 14:30:00,10.495,10.51,10.485,10.505,40423.0
2026-06-29,2026-06-29 14:35:00,10.505,10.51,10.5,10.505,15398.0
2026-06-29,2026-06-29 14:40:00,10.505,10.515,10.5,10.515,34832.0
2026-06-29,2026-06-29 14:45:00,10.51,10.515,10.505,10.515,23001.0
2026-06-29,2026-06-29 14:50:00,10.515,10.53,10.515,10.525,29036.0
2026-06-29,2026-06-29 14:55:00,10.525,10.54,10.52,10.53,33360.0
2026-06-29,2026-06-29 15:00:00,10.535,10.55,10.53,10.545,28039.0
2026-06-29,2026-06-29 15:05:00,10.54,10.56,10.525,10.555,50990.0
2026-06-29,2026-06-29 15:10:00,10.5593,10.575,10.53,10.55,61261.0
2026-06-29,2026-06-29 15:15:00,10.555,10.575,10.55,10.57,26865.0
2026-06-29,2026-06-29 15:20:00,10.575,10.595,10.57,10.595,33311.0
2026-06-29,2026-06-29 15:25:00,10.5964,10.625,10.595,10.615,38643.0
2026-06-29,2026-06-29 15:30:00,10.615,10.63,10.61,10.63,37012.0
2026-06-29,2026-06-29 15:35:00,10.625,10.64,10.585,10.585,60274.0
2026-06-29,2026-06-29 15:40:00,10.585,10.595,10.58,10.59,36488.0
2026-06-29,2026-06-29 15:45:00,10.595,10.6,10.58,10.585,59204.0
2026-06-29,2026-06-29 15:50:00,10.585,10.615,10.58,10.615,64718.0
2026-06-29,2026-06-29 15:55:00,10.615,10.63,10.61,10.625,84073.0
2026-06-29,2026-06-29 16:00:00,10.63,10.669,10.62,10.65,989533.0
2026-06-30,2026-06-30 09:35:00,10.63,10.675,10.57,10.57,29228.0
2026-06-30,2026-06-30 09:40:00,10.59,10.615,10.56,10.615,23463.0
2026-06-30,2026-06-30 09:45:00,10.615,10.63,10.6,10.6016,4589.0
2026-06-30,2026-06-30 09:50:00,10.615,10.64,10.58,10.61,37666.0
2026-06-30,2026-06-30 09:55:00,10.61,10.73,10.61,10.71,67350.0
2026-06-30,2026-06-30 10:00:00,10.71,10.71,10.65,10.655,48548.0
2026-06-30,2026-06-30 10:05:00,10.65,10.65,10.6,10.615,51679.0
2026-06-30,2026-06-30 10:10:00,10.61,10.625,10.57,10.58,31724.0
2026-06-30,2026-06-30 10:15:00,10.58,10.62,10.58,10.6,22441.0
2026-06-30,2026-06-30 10:20:00,10.6,10.6101,10.52,10.52,41143.0
2026-06-30,2026-06-30 10:25:00,10.52,10.55,10.515,10.525,21448.0
2026-06-30,2026-06-30 10:30:00,10.52,10.52,10.48,10.5,30709.0
2026-06-30,2026-06-30 10:35:00,10.5,10.55,10.5,10.515,31390.0
2026-06-30,2026-06-30 10:40:00,10.515,10.56,10.515,10.555,49452.0
2026-06-30,2026-06-30 10:45:00,10.555,10.5775,10.55,10.555,25297.0
2026-06-30,2026-06-30 10:50:00,10.55,10.55,10.515,10.515,65328.0
2026-06-30,2026-06-30 10:55:00,10.515,10.545,10.51,10.53,47178.0
2026-06-30,2026-06-30 11:00:00,10.525,10.53,10.485,10.495,87312.0
2026-06-30,2026-06-30 11:05:00,10.5,10.5801,10.49,10.565,57262.0
2026-06-30,2026-06-30 11:10:00,10.565,10.59,10.565,10.585,23315.0
2026-06-30,2026-06-30 11:15:00,10.585,10.61,10.58,10.58,19577.0
2026-06-30,2026-06-30 11:20:00,10.585,10.585,10.575,10.575,19015.0
2026-06-30,2026-06-30 11:25:00,10.575,10.605,10.575,10.605,13072.0
2026-06-30,2026-06-30 11:30:00,10.605,10.61,10.59,10.595,11369.0
2026-06-30,2026-06-30 11:35:00,10.6,10.605,10.59,10.595,29978.0
2026-06-30,2026-06-30 11:40:00,10.595,10.605,10.59,10.595,25544.0
2026-06-30,2026-06-30 11:45:00,10.59,10.61,10.59,10.605,16113.0
2026-06-30,2026-06-30 11:50:00,10.61,10.63,10.61,10.62,11172.0
2026-06-30,2026-06-30 11:55:00,10.615,10.645,10.61,10.635,40797.0
2026-06-30,2026-06-30 12:00:00,10.64,10.655,10.64,10.645,36733.0
2026-06-30,2026-06-30 12:05:00,10.64,10.655,10.625,10.625,53940.0
2026-06-30,2026-06-30 12:10:00,10.62,10.63,10.565,10.59,27708.0
2026-06-30,2026-06-30 12:15:00,10.59,10.61,10.59,10.605,13230.0
2026-06-30,2026-06-30 12:20:00,10.605,10.63,10.605,10.625,12771.0
2026-06-30,2026-06-30 12:25:00,10.625,10.63,10.615,10.625,18586.0
2026-06-30,2026-06-30 12:30:00,10.63,10.65,10.63,10.65,15587.0
2026-06-30,2026-06-30 12:35:00,10.645,10.665,10.645,10.665,29653.0
2026-06-30,2026-06-30 12:40:00,10.67,10.675,10.66,10.665,14548.0
2026-06-30,2026-06-30 12:45:00,10.665,10.68,10.6611,10.68,19104.0
2026-06-30,2026-06-30 12:50:00,10.68,10.685,10.67,10.675,16182.0
2026-06-30,2026-06-30 12:55:00,10.67,10.67,10.615,10.615,40733.0
2026-06-30,2026-06-30 13:00:00,10.61,10.63,10.61,10.615,26822.0
2026-06-30,2026-06-30 13:05:00,10.61,10.615,10.58,10.58,37586.0
2026-06-30,2026-06-30 13:10:00,10.58,10.59,10.575,10.58,29989.0
2026-06-30,2026-06-30 13:15:00,10.58,10.595,10.575,10.595,22074.0
2026-06-30,2026-06-30 13:20:00,10.595,10.61,10.595,10.61,15006.0
2026-06-30,2026-06-30 13:25:00,10.615,10.63,10.615,10.625,15966.0
2026-06-30,2026-06-30 13:30:00,10.625,10.665,10.625,10.665,23031.0
2026-06-30,2026-06-30 13:35:00,10.665,10.67,10.66,10.66,7544.0
2026-06-30,2026-06-30 13:40:00,10.665,10.67,10.66,10.665,15394.0
2026-06-30,2026-06-30 13:45:00,10.668,10.675,10.665,10.665,12091.0
2026-06-30,2026-06-30 13:50:00,10.665,10.67,10.66,10.665,6019.0
2026-06-30,2026-06-30 13:55:00,10.665,10.67,10.66,10.66,22165.0
2026-06-30,2026-06-30 14:00:00,10.6629,10.67,10.635,10.64,52955.0
2026-06-30,2026-06-30 14:05:00,10.635,10.635,10.61,10.615,13188.0
2026-06-30,2026-06-30 14:10:00,10.615,10.62,10.605,10.605,15082.0
2026-06-30,2026-06-30 14:15:00,10.605,10.62,10.605,10.615,15054.0
2026-06-30,2026-06-30 14:20:00,10.615,10.63,10.615,10.63,15404.0
2026-06-30,2026-06-30 14:25:00,10.62,10.64,10.62,10.625,12576.0
2026-06-30,2026-06-30 14:30:00,10.62,10.625,10.6,10.61,23796.0
2026-06-30,2026-06-30 14:35:00,10.605,10.61,10.595,10.61,14122.0
2026-06-30,2026-06-30 14:40:00,10.61,10.65,10.605,10.645,57051.0
2026-06-30,2026-06-30 14:45:00,10.645,10.655,10.645,10.65,10411.0
2026-06-30,2026-06-30 14:50:00,10.65,10.665,10.645,10.665,20559.0
2026-06-30,2026-06-30 14:55:00,10.67,10.67,10.66,10.66,7531.0
2026-06-30,2026-06-30 15:00:00,10.67,10.67,10.64,10.645,26442.0
2026-06-30,2026-06-30 15:05:00,10.645,10.655,10.64,10.645,95459.0
2026-06-30,2026-06-30 15:10:00,10.645,10.645,10.625,10.635,143064.0
2026-06-30,2026-06-30 15:15:00,10.64,10.66,10.64,10.655,27697.0
2026-06-30,2026-06-30 15:20:00,10.655,10.6799,10.655,10.66,33669.0
2026-06-30,2026-06-30 15:25:00,10.655,10.66,10.64,10.645,24892.0
2026-06-30,2026-06-30 15:30:00,10.64,10.65,10.62,10.64,46251.0
2026-06-30,2026-06-30 15:35:00,10.64,10.64,10.61,10.615,43381.0
2026-06-30,2026-06-30 15:40:00,10.615,10.6175,10.59,10.595,47685.0
2026-06-30,2026-06-30 15:45:00,10.595,10.615,10.585,10.615,52041.0
2026-06-30,2026-06-30 15:50:00,10.62,10.635,10.615,10.625,50562.0
2026-06-30,2026-06-30 15:55:00,10.625,10.635,10.58,10.58,84615.0
2026-06-30,2026-06-30 16:00:00,10.58,10.59,10.56,10.57,1175293.0
2026-07-01,2026-07-01 09:35:00,10.69,10.71,10.6,10.65,55825.0
2026-07-01,2026-07-01 09:40:00,10.65,10.72,10.59,10.59,26703.0
2026-07-01,2026-07-01 09:45:00,10.6,10.62,10.55,10.58,17982.0
2026-07-01,2026-07-01 09:50:00,10.58,10.625,10.57,10.61,19340.0
2026-07-01,2026-07-01 09:55:00,10.6,10.64,10.6,10.635,9015.0
2026-07-01,2026-07-01 10:00:00,10.635,10.67,10.61,10.625,49358.0
2026-07-01,2026-07-01 10:05:00,10.64,10.71,10.64,10.695,31524.0
2026-07-01,2026-07-01 10:10:00,10.695,10.735,10.69,10.725,44409.0
2026-07-01,2026-07-01 10:15:00,10.725,10.775,10.715,10.735,46051.0
2026-07-01,2026-07-01 10:20:00,10.73,10.78,10.725,10.78,29442.0
2026-07-01,2026-07-01 10:25:00,10.785,10.81,10.785,10.79,19660.0
2026-07-01,2026-07-01 10:30:00,10.78,10.78,10.74,10.77,57904.0
2026-07-01,2026-07-01 10:35:00,10.77,10.8,10.755,10.79,28336.0
2026-07-01,2026-07-01 10:40:00,10.785,10.83,10.785,10.825,57117.0
2026-07-01,2026-07-01 10:45:00,10.82,10.84,10.81,10.825,16643.0
2026-07-01,2026-07-01 10:50:00,10.83,10.8501,10.82,10.825,33808.0
2026-07-01,2026-07-01 10:55:00,10.82,10.825,10.81,10.81,17360.0
2026-07-01,2026-07-01 11:00:00,10.815,10.845,10.815,10.845,20765.0
2026-07-01,2026-07-01 11:05:00,10.845,10.85,10.81,10.82,79314.0
2026-07-01,2026-07-01 11:10:00,10.8197,10.835,10.79,10.805,30146.0
2026-07-01,2026-07-01 11:15:00,10.81,10.81,10.77,10.77,18098.0
2026-07-01,2026-07-01 11:20:00,10.78,10.78,10.75,10.75,18044.0
2026-07-01,2026-07-01 11:25:00,10.75,10.78,10.75,10.78,24583.0
2026-07-01,2026-07-01 11:30:00,10.77,10.775,10.75,10.7707,13672.0
2026-07-01,2026-07-01 11:35:00,10.77,10.77,10.725,10.735,33414.0
2026-07-01,2026-07-01 11:40:00,10.735,10.75,10.71,10.71,24200.0
2026-07-01,2026-07-01 11:45:00,10.715,10.725,10.7,10.7,31687.0
2026-07-01,2026-07-01 11:50:00,10.7,10.75,10.7,10.73,63911.0
2026-07-01,2026-07-01 11:55:00,10.735,10.75,10.715,10.715,21390.0
2026-07-01,2026-07-01 12:00:00,10.715,10.725,10.71,10.72,12838.0
2026-07-01,2026-07-01 12:05:00,10.72,10.735,10.715,10.72,11794.0
2026-07-01,2026-07-01 12:10:00,10.715,10.72,10.71,10.71,9331.0
2026-07-01,2026-07-01 12:15:00,10.71,10.71,10.68,10.7,20585.0
2026-07-01,2026-07-01 12:20:00,10.7,10.71,10.68,10.68,16827.0
2026-07-01,2026-07-01 12:25:00,10.685,10.7,10.67,10.695,23901.0
2026-07-01,2026-07-01 12:30:00,10.695,10.725,10.69,10.695,56944.0
2026-07-01,2026-07-01 12:35:00,10.69,10.695,10.675,10.685,16217.0
2026-07-01,2026-07-01 12:40:00,10.685,10.69,10.68,10.69,19929.0
2026-07-01,2026-07-01 12:45:00,10.685,10.74,10.67,10.74,39118.0
2026-07-01,2026-07-01 12:50:00,10.735,10.745,10.69,10.69,97830.0
2026-07-01,2026-07-01 12:55:00,10.69,10.71,10.68,10.685,23764.0
2026-07-01,2026-07-01 13:00:00,10.69,10.69,10.64,10.64,22645.0
2026-07-01,2026-07-01 13:05:00,10.64,10.66,10.64,10.65,12226.0
2026-07-01,2026-07-01 13:10:00,10.645,10.65,10.625,10.64,14450.0
2026-07-01,2026-07-01 13:15:00,10.645,10.655,10.64,10.65,15284.0
2026-07-01,2026-07-01 13:20:00,10.655,10.67,10.655,10.66,13747.0
2026-07-01,2026-07-01 13:25:00,10.65,10.655,10.64,10.65,14023.0
2026-07-01,2026-07-01 13:30:00,10.645,10.65,10.64,10.65,7680.0
2026-07-01,2026-07-01 13:35:00,10.645,10.66,10.64,10.64,24237.0
2026-07-01,2026-07-01 13:40:00,10.645,10.65,10.64,10.64,13006.0
2026-07-01,2026-07-01 13:45:00,10.64,10.65,10.63,10.63,9794.0
2026-07-01,2026-07-01 13:50:00,10.63,10.63,10.615,10.62,14142.0
2026-07-01,2026-07-01 13:55:00,10.62,10.62,10.605,10.615,22530.0
2026-07-01,2026-07-01 14:00:00,10.6177,10.635,10.61,10.625,20246.0
2026-07-01,2026-07-01 14:05:00,10.62,10.63,10.615,10.625,19864.0
2026-07-01,2026-07-01 14:10:00,10.62,10.63,10.6136,10.615,21092.0
2026-07-01,2026-07-01 14:15:00,10.61,10.61,10.6,10.605,8935.0
2026-07-01,2026-07-01 14:20:00,10.605,10.605,10.6,10.605,6215.0
2026-07-01,2026-07-01 14:25:00,10.605,10.63,10.6,10.625,19500.0
2026-07-01,2026-07-01 14:30:00,10.625,10.655,10.62,10.655,22395.0
2026-07-01,2026-07-01 14:35:00,10.655,10.67,10.645,10.655,26618.0
2026-07-01,2026-07-01 14:40:00,10.655,10.68,10.645,10.68,23907.0
2026-07-01,2026-07-01 14:45:00,10.675,10.68,10.66,10.67,11387.0
2026-07-01,2026-07-01 14:50:00,10.66,10.67,10.635,10.635,16165.0
2026-07-01,2026-07-01 14:55:00,10.635,10.65,10.625,10.645,34072.0
2026-07-01,2026-07-01 15:00:00,10.645,10.65,10.64,10.645,10365.0
2026-07-01,2026-07-01 15:05:00,10.645,10.65,10.635,10.64,18049.0
2026-07-01,2026-07-01 15:10:00,10.645,10.645,10.62,10.64,26415.0
2026-07-01,2026-07-01 15:15:00,10.645,10.645,10.62,10.625,20495.0
2026-07-01,2026-07-01 15:20:00,10.63,10.65,10.63,10.635,24979.0
2026-07-01,2026-07-01 15:25:00,10.64,10.65,10.64,10.645,12840.0
2026-07-01,2026-07-01 15:30:00,10.645,10.645,10.63,10.64,22601.0
2026-07-01,2026-07-01 15:35:00,10.635,10.66,10.625,10.655,53570.0
2026-07-01,2026-07-01 15:40:00,10.655,10.655,10.63,10.63,48844.0
2026-07-01,2026-07-01 15:45:00,10.635,10.635,10.62,10.62,49252.0
2026-07-01,2026-07-01 15:50:00,10.62,10.625,10.58,10.585,71805.0
2026-07-01,2026-07-01 15:55:00,10.585,10.59,10.57,10.585,96821.0
2026-07-01,2026-07-01 16:00:00,10.58,10.61,10.55,10.61,1165504.0
2026-07-02,2026-07-02 09:35:00,10.77,10.92,10.77,10.875,48949.0
2026-07-02,2026-07-02 09:40:00,10.875,10.9,10.825,10.89,44499.0
2026-07-02,2026-07-02 09:45:00,10.88,10.9,10.855,10.865,45754.0
2026-07-02,2026-07-02 09:50:00,10.86,10.885,10.82,10.82,36627.0
2026-07-02,2026-07-02 09:55:00,10.815,10.835,10.75,10.76,34084.0
2026-07-02,2026-07-02 10:00:00,10.76,10.765,10.72,10.735,38714.0
2026-07-02,2026-07-02 10:05:00,10.73,10.745,10.69,10.705,38230.0
2026-07-02,2026-07-02 10:10:00,10.71,10.745,10.695,10.7299,39307.0
2026-07-02,2026-07-02 10:15:00,10.725,10.79,10.725,10.78,25856.0
2026-07-02,2026-07-02 10:20:00,10.78,10.78,10.745,10.755,21351.0
2026-07-02,2026-07-02 10:25:00,10.755,10.755,10.72,10.72,25766.0
2026-07-02,2026-07-02 10:30:00,10.72,10.735,10.695,10.695,21959.0
2026-07-02,2026-07-02 10:35:00,10.695,10.765,10.695,10.7401,28458.0
2026-07-02,2026-07-02 10:40:00,10.745,10.765,10.7301,10.75,30041.0
2026-07-02,2026-07-02 10:45:00,10.755,10.76,10.7101,10.715,21432.0
2026-07-02,2026-07-02 10:50:00,10.72,10.745,10.71,10.735,23034.0
2026-07-02,2026-07-02 10:55:00,10.74,10.76,10.74,10.755,12414.0
2026-07-02,2026-07-02 11:00:00,10.76,10.785,10.755,10.77,12250.0
2026-07-02,2026-07-02 11:05:00,10.77,10.795,10.76,10.775,54443.0
2026-07-02,2026-07-02 11:10:00,10.77,10.77,10.66,10.705,49187.0
2026-07-02,2026-07-02 11:15:00,10.7,10.745,10.7,10.745,45926.0
2026-07-02,2026-07-02 11:20:00,10.75,10.785,10.71,10.76,43798.0
2026-07-02,2026-07-02 11:25:00,10.755,10.79,10.755,10.78,29986.0
2026-07-02,2026-07-02 11:30:00,10.785,10.83,10.775,10.825,49608.0
2026-07-02,2026-07-02 11:35:00,10.83,10.855,10.825,10.825,25155.0
2026-07-02,2026-07-02 11:40:00,10.825,10.835,10.815,10.825,17662.0
2026-07-02,2026-07-02 11:45:00,10.825,10.83,10.81,10.82,9703.0
2026-07-02,2026-07-02 11:50:00,10.82,10.83,10.815,10.83,20243.0
2026-07-02,2026-07-02 11:55:00,10.825,10.83,10.81,10.83,20069.0
2026-07-02,2026-07-02 12:00:00,10.83,10.83,10.8,10.805,20766.0
2026-07-02,2026-07-02 12:05:00,10.805,10.83,10.805,10.82,192902.0
2026-07-02,2026-07-02 12:10:00,10.815,10.835,10.815,10.82,21113.0
2026-07-02,2026-07-02 12:15:00,10.825,10.83,10.815,10.815,14520.0
2026-07-02,2026-07-02 12:20:00,10.815,10.825,10.8,10.805,16566.0
2026-07-02,2026-07-02 12:25:00,10.805,10.815,10.78,10.81,29271.0
2026-07-02,2026-07-02 12:30:00,10.805,10.84,10.8,10.835,45336.0
2026-07-02,2026-07-02 12:35:00,10.835,10.85,10.825,10.845,43259.0
2026-07-02,2026-07-02 12:40:00,10.84,10.86,10.835,10.855,37530.0
2026-07-02,2026-07-02 12:45:00,10.855,10.865,10.85,10.865,11393.0
2026-07-02,2026-07-02 12:50:00,10.865,10.895,10.865,10.885,25476.0
2026-07-02,2026-07-02 12:55:00,10.88,10.88,10.865,10.865,14666.0
2026-07-02,2026-07-02 13:00:00,10.865,10.865,10.845,10.855,31773.0
2026-07-02,2026-07-02 13:05:00,10.86,10.87,10.84,10.845,57195.0
2026-07-02,2026-07-02 13:10:00,10.845,10.855,10.835,10.845,48423.0
2026-07-02,2026-07-02 13:15:00,10.845,10.855,10.84,10.845,19376.0
2026-07-02,2026-07-02 13:20:00,10.845,10.86,10.845,10.855,24720.0
2026-07-02,2026-07-02 13:25:00,10.85,10.855,10.845,10.85,13887.0
2026-07-02,2026-07-02 13:30:00,10.8499,10.86,10.8499,10.85,28873.0
2026-07-02,2026-07-02 13:35:00,10.845,10.87,10.845,10.865,27824.0
2026-07-02,2026-07-02 13:40:00,10.86,10.86,10.835,10.85,17963.0
2026-07-02,2026-07-02 13:45:00,10.85,10.855,10.82,10.845,49219.0
2026-07-02,2026-07-02 13:50:00,10.845,10.865,10.84,10.845,13865.0
2026-07-02,2026-07-02 13:55:00,10.845,10.85,10.84,10.845,10026.0
2026-07-02,2026-07-02 14:00:00,10.845,10.845,10.835,10.835,15007.0
2026-07-02,2026-07-02 14:05:00,10.835,10.835,10.81,10.82,30825.0
2026-07-02,2026-07-02 14:10:00,10.82,10.825,10.805,10.8191,34181.0
2026-07-02,2026-07-02 14:15:00,10.82,10.84,10.82,10.84,62572.0
2026-07-02,2026-07-02 14:20:00,10.835,10.85,10.825,10.84,36484.0
2026-07-02,2026-07-02 14:25:00,10.84,10.855,10.84,10.845,12656.0
2026-07-02,2026-07-02 14:30:00,10.85,10.85,10.84,10.845,27135.0
2026-07-02,2026-07-02 14:35:00,10.845,10.86,10.84,10.85,22254.0
2026-07-02,2026-07-02 14:40:00,10.85,10.865,10.85,10.865,25163.0
2026-07-02,2026-07-02 14:45:00,10.865,10.87,10.8601,10.8601,9624.0
2026-07-02,2026-07-02 14:50:00,10.87,10.87,10.85,10.865,26827.0
2026-07-02,2026-07-02 14:55:00,10.865,10.865,10.84,10.86,26597.0
2026-07-02,2026-07-02 15:00:00,10.87,10.875,10.85,10.87,56921.0
2026-07-02,2026-07-02 15:05:00,10.865,10.865,10.83,10.835,38251.0
2026-07-02,2026-07-02 15:10:00,10.835,10.855,10.825,10.845,46956.0
2026-07-02,2026-07-02 15:15:00,10.84,10.86,10.84,10.845,22796.0
2026-07-02,2026-07-02 15:20:00,10.845,10.85,10.825,10.8413,33958.0
2026-07-02,2026-07-02 15:25:00,10.85,10.85,10.825,10.83,63493.0
2026-07-02,2026-07-02 15:30:00,10.83,10.87,10.8,10.855,138539.0
2026-07-02,2026-07-02 15:35:00,10.855,10.89,10.855,10.885,49372.0
2026-07-02,2026-07-02 15:40:00,10.89,10.9,10.865,10.875,92254.0
2026-07-02,2026-07-02 15:45:00,10.875,10.88,10.865,10.865,35736.0
2026-07-02,2026-07-02 15:50:00,10.865,10.865,10.795,10.815,97612.0
2026-07-02,2026-07-02 15:55:00,10.815,10.86,10.805,10.855,109542.0
2026-07-02,2026-07-02 16:00:00,10.86,10.895,10.84,10.85,959860.0
2026-07-06,2026-07-06 09:35:00,10.9,10.915,10.67,10.67,55348.0
2026-07-06,2026-07-06 09:40:00,10.61,10.66,10.58,10.59,7895.0
2026-07-06,2026-07-06 09:45:00,10.58,10.62,10.565,10.62,21271.0
2026-07-06,2026-07-06 09:50:00,10.635,10.685,10.61,10.68,29815.0
2026-07-06,2026-07-06 09:55:00,10.68,10.68,10.595,10.595,32051.0
2026-07-06,2026-07-06 10:00:00,10.59,10.59,10.5301,10.545,18386.0
2026-07-06,2026-07-06 10:05:00,10.545,10.58,10.515,10.53,44895.0
2026-07-06,2026-07-06 10:10:00,10.51,10.51,10.42,10.425,47627.0
2026-07-06,2026-07-06 10:15:00,10.42,10.42,10.37,10.405,31703.0
2026-07-06,2026-07-06 10:20:00,10.39,10.395,10.315,10.3301,29803.0
2026-07-06,2026-07-06 10:25:00,10.34,10.365,10.33,10.355,43960.0
2026-07-06,2026-07-06 10:30:00,10.355,10.415,10.355,10.395,44153.0
2026-07-06,2026-07-06 10:35:00,10.4,10.4,10.345,10.345,27594.0
2026-07-06,2026-07-06 10:40:00,10.34,10.35,10.3149,10.34,16199.0
2026-07-06,2026-07-06 10:45:00,10.34,10.36,10.3099,10.3148,19546.0
2026-07-06,2026-07-06 10:50:00,10.32,10.33,10.305,10.315,49084.0
2026-07-06,2026-07-06 10:55:00,10.32,10.355,10.32,10.345,17264.0
2026-07-06,2026-07-06 11:00:00,10.34,10.36,10.33,10.36,13079.0
2026-07-06,2026-07-06 11:05:00,10.36,10.395,10.36,10.3601,18061.0
2026-07-06,2026-07-06 11:10:00,10.365,10.37,10.335,10.335,11251.0
2026-07-06,2026-07-06 11:15:00,10.34,10.4,10.34,10.38,22033.0
2026-07-06,2026-07-06 11:20:00,10.395,10.42,10.385,10.385,18886.0
2026-07-06,2026-07-06 11:25:00,10.39,10.48,10.38,10.48,33941.0
2026-07-06,2026-07-06 11:30:00,10.475,10.48,10.415,10.48,25776.0
2026-07-06,2026-07-06 11:35:00,10.48,10.505,10.472,10.505,17207.0
2026-07-06,2026-07-06 11:40:00,10.51,10.53,10.495,10.525,15988.0
2026-07-06,2026-07-06 11:45:00,10.53,10.555,10.53,10.53,25927.0
2026-07-06,2026-07-06 11:50:00,10.53,10.55,10.53,10.54,17661.0
2026-07-06,2026-07-06 11:55:00,10.54,10.6,10.53,10.595,42250.0
2026-07-06,2026-07-06 12:00:00,10.595,10.665,10.595,10.615,92199.0
2026-07-06,2026-07-06 12:05:00,10.61,10.62,10.585,10.585,31646.0
2026-07-06,2026-07-06 12:10:00,10.59,10.6,10.585,10.595,22540.0
2026-07-06,2026-07-06 12:15:00,10.59,10.6,10.55,10.58,49402.0
2026-07-06,2026-07-06 12:20:00,10.575,10.6,10.57,10.58,26341.0
2026-07-06,2026-07-06 12:25:00,10.585,10.59,10.56,10.56,29707.0
2026-07-06,2026-07-06 12:30:00,10.56,10.57,10.55,10.55,22480.0
2026-07-06,2026-07-06 12:35:00,10.555,10.57,10.535,10.57,34290.0
2026-07-06,2026-07-06 12:40:00,10.565,10.58,10.55,10.555,31271.0
2026-07-06,2026-07-06 12:45:00,10.56,10.57,10.55,10.55,25067.0
2026-07-06,2026-07-06 12:50:00,10.55,10.58,10.54,10.575,23868.0
2026-07-06,2026-07-06 12:55:00,10.57,10.59,10.57,10.59,20566.0
2026-07-06,2026-07-06 13:00:00,10.58,10.59,10.57,10.575,20385.0
2026-07-06,2026-07-06 13:05:00,10.57,10.59,10.56,10.56,27167.0
2026-07-06,2026-07-06 13:10:00,10.57,10.58,10.55,10.55,25241.0
2026-07-06,2026-07-06 13:15:00,10.55,10.56,10.54,10.555,19168.0
2026-07-06,2026-07-06 13:20:00,10.555,10.58,10.54,10.565,46532.0
2026-07-06,2026-07-06 13:25:00,10.565,10.57,10.53,10.53,33539.0
2026-07-06,2026-07-06 13:30:00,10.53,10.54,10.51,10.515,24616.0
2026-07-06,2026-07-06 13:35:00,10.51,10.53,10.5,10.509,29605.0
2026-07-06,2026-07-06 13:40:00,10.5,10.51,10.48,10.48,26094.0
2026-07-06,2026-07-06 13:45:00,10.48,10.505,10.48,10.505,29757.0
2026-07-06,2026-07-06 13:50:00,10.5,10.51,10.5,10.505,8927.0
2026-07-06,2026-07-06 13:55:00,10.505,10.52,10.5,10.52,16286.0
2026-07-06,2026-07-06 14:00:00,10.51,10.58,10.51,10.575,37583.0
2026-07-06,2026-07-06 14:05:00,10.575,10.61,10.575,10.585,53467.0
2026-07-06,2026-07-06 14:10:00,10.585,10.6,10.58,10.595,15478.0
2026-07-06,2026-07-06 14:15:00,10.595,10.6,10.58,10.595,26862.0
2026-07-06,2026-07-06 14:20:00,10.595,10.625,10.59,10.595,54665.0
2026-07-06,2026-07-06 14:25:00,10.595,10.61,10.59,10.595,23034.0
2026-07-06,2026-07-06 14:30:00,10.595,10.61,10.59,10.61,24268.0
2026-07-06,2026-07-06 14:35:00,10.605,10.61,10.59,10.61,29136.0
2026-07-06,2026-07-06 14:40:00,10.61,10.61,10.595,10.6011,24115.0
2026-07-06,2026-07-06 14:45:00,10.605,10.62,10.6,10.605,32341.0
2026-07-06,2026-07-06 14:50:00,10.605,10.63,10.605,10.63,24706.0
2026-07-06,2026-07-06 14:55:00,10.625,10.64,10.62,10.64,20704.0
2026-07-06,2026-07-06 15:00:00,10.635,10.65,10.63,10.64,32207.0
2026-07-06,2026-07-06 15:05:00,10.635,10.66,10.625,10.65,65762.0
2026-07-06,2026-07-06 15:10:00,10.645,10.7,10.645,10.67,78453.0
2026-07-06,2026-07-06 15:15:00,10.665,10.67,10.65,10.655,43277.0
2026-07-06,2026-07-06 15:20:00,10.655,10.66,10.64,10.6413,37519.0
2026-07-06,2026-07-06 15:25:00,10.645,10.65,10.59,10.59,31616.0
2026-07-06,2026-07-06 15:30:00,10.59,10.63,10.59,10.615,54296.0
2026-07-06,2026-07-06 15:35:00,10.615,10.64,10.61,10.635,60696.0
2026-07-06,2026-07-06 15:40:00,10.635,10.65,10.63,10.645,38097.0
2026-07-06,2026-07-06 15:45:00,10.65,10.65,10.62,10.645,128758.0
2026-07-06,2026-07-06 15:50:00,10.65,10.67,10.64,10.665,57532.0
2026-07-06,2026-07-06 15:55:00,10.67,10.69,10.66,10.68,112933.0
2026-07-06,2026-07-06 16:00:00,10.685,10.7,10.6,10.61,1463472.0
2026-07-07,2026-07-07 09:35:00,10.74,10.82,10.715,10.795,48445.0
2026-07-07,2026-07-07 09:40:00,10.795,10.84,10.75,10.77,44265.0
2026-07-07,2026-07-07 09:45:00,10.77,10.785,10.7505,10.76,51707.0
2026-07-07,2026-07-07 09:50:00,10.76,10.78,10.69,10.7,30534.0
2026-07-07,2026-07-07 09:55:00,10.7,10.7,10.67,10.685,23148.0
2026-07-07,2026-07-07 10:00:00,10.68,10.69,10.655,10.685,23079.0
2026-07-07,2026-07-07 10:05:00,10.68,10.685,10.61,10.64,50674.0
2026-07-07,2026-07-07 10:10:00,10.635,10.66,10.605,10.605,56332.0
2026-07-07,2026-07-07 10:15:00,10.6099,10.64,10.55,10.55,50203.0
2026-07-07,2026-07-07 10:20:00,10.555,10.61,10.545,10.595,49834.0
2026-07-07,2026-07-07 10:25:00,10.595,10.66,10.585,10.66,36966.0
2026-07-07,2026-07-07 10:30:00,10.65,10.65,10.575,10.595,28348.0
2026-07-07,2026-07-07 10:35:00,10.595,10.595,10.56,10.575,29861.0
2026-07-07,2026-07-07 10:40:00,10.575,10.6299,10.57,10.62,29868.0
2026-07-07,2026-07-07 10:45:00,10.625,10.695,10.615,10.675,19121.0
2026-07-07,2026-07-07 10:50:00,10.675,10.69,10.661,10.69,23068.0
2026-07-07,2026-07-07 10:55:00,10.69,10.76,10.69,10.735,56776.0
2026-07-07,2026-07-07 11:00:00,10.73,10.74,10.71,10.715,29397.0
2026-07-07,2026-07-07 11:05:00,10.72,10.72,10.685,10.69,24410.0
2026-07-07,2026-07-07 11:10:00,10.69,10.705,10.68,10.685,54922.0
2026-07-07,2026-07-07 11:15:00,10.69,10.69,10.655,10.655,37027.0
2026-07-07,2026-07-07 11:20:00,10.655,10.685,10.65,10.6706,22349.0
2026-07-07,2026-07-07 11:25:00,10.67,10.67,10.645,10.655,34142.0
2026-07-07,2026-07-07 11:30:00,10.655,10.66,10.64,10.655,31351.0
2026-07-07,2026-07-07 11:35:00,10.655,10.66,10.625,10.63,22980.0
2026-07-07,2026-07-07 11:40:00,10.63,10.65,10.625,10.645,19473.0
2026-07-07,2026-07-07 11:45:00,10.645,10.68,10.645,10.645,34198.0
2026-07-07,2026-07-07 11:50:00,10.645,10.66,10.64,10.655,18503.0
2026-07-07,2026-07-07 11:55:00,10.655,10.67,10.645,10.65,28883.0
2026-07-07,2026-07-07 12:00:00,10.64,10.655,10.63,10.655,14967.0
2026-07-07,2026-07-07 12:05:00,10.655,10.655,10.635,10.64,16835.0
2026-07-07,2026-07-07 12:10:00,10.635,10.645,10.625,10.635,21486.0
2026-07-07,2026-07-07 12:15:00,10.635,10.635,10.615,10.625,17983.0
2026-07-07,2026-07-07 12:20:00,10.625,10.66,10.625,10.655,29693.0
2026-07-07,2026-07-07 12:25:00,10.655,10.665,10.645,10.655,29660.0
2026-07-07,2026-07-07 12:30:00,10.65,10.655,10.64,10.645,16163.0
2026-07-07,2026-07-07 12:35:00,10.645,10.65,10.63,10.645,20752.0
2026-07-07,2026-07-07 12:40:00,10.645,10.655,10.635,10.645,64801.0
2026-07-07,2026-07-07 12:45:00,10.645,10.645,10.63,10.635,14141.0
2026-07-07,2026-07-07 12:50:00,10.635,10.635,10.62,10.6222,11367.0
2026-07-07,2026-07-07 12:55:00,10.625,10.625,10.605,10.61,23260.0
2026-07-07,2026-07-07 13:00:00,10.62,10.635,10.615,10.625,19013.0
2026-07-07,2026-07-07 13:05:00,10.62,10.64,10.62,10.635,16656.0
2026-07-07,2026-07-07 13:10:00,10.635,10.64,10.62,10.63,13236.0
2026-07-07,2026-07-07 13:15:00,10.625,10.635,10.625,10.625,20461.0
2026-07-07,2026-07-07 13:20:00,10.62,10.62,10.59,10.595,29330.0
2026-07-07,2026-07-07 13:25:00,10.595,10.615,10.595,10.615,31200.0
2026-07-07,2026-07-07 13:30:00,10.615,10.6295,10.61,10.6295,18624.0
2026-07-07,2026-07-07 13:35:00,10.625,10.66,10.62,10.635,97273.0
2026-07-07,2026-07-07 13:40:00,10.64,10.66,10.64,10.655,18146.0
2026-07-07,2026-07-07 13:45:00,10.655,10.67,10.645,10.655,30749.0
2026-07-07,2026-07-07 13:50:00,10.655,10.68,10.655,10.665,18871.0
2026-07-07,2026-07-07 13:55:00,10.665,10.665,10.65,10.655,20278.0
2026-07-07,2026-07-07 14:00:00,10.65,10.655,10.64,10.645,29105.0
2026-07-07,2026-07-07 14:05:00,10.645,10.645,10.61,10.62,40310.0
2026-07-07,2026-07-07 14:10:00,10.61,10.62,10.61,10.615,15040.0
2026-07-07,2026-07-07 14:15:00,10.615,10.635,10.61,10.615,60818.0
2026-07-07,2026-07-07 14:20:00,10.61,10.645,10.61,10.635,24002.0
2026-07-07,2026-07-07 14:25:00,10.63,10.655,10.62,10.635,34952.0
2026-07-07,2026-07-07 14:30:00,10.635,10.65,10.635,10.645,19599.0
2026-07-07,2026-07-07 14:35:00,10.645,10.65,10.625,10.63,30349.0
2026-07-07,2026-07-07 14:40:00,10.63,10.65,10.625,10.635,27296.0
2026-07-07,2026-07-07 14:45:00,10.635,10.64,10.62,10.62,18557.0
2026-07-07,2026-07-07 14:50:00,10.62,10.625,10.595,10.595,16786.0
2026-07-07,2026-07-07 14:55:00,10.6,10.605,10.585,10.59,30648.0
2026-07-07,2026-07-07 15:00:00,10.595,10.61,10.59,10.6,39142.0
2026-07-07,2026-07-07 15:05:00,10.6,10.6,10.575,10.5813,26852.0
2026-07-07,2026-07-07 15:10:00,10.585,10.585,10.555,10.565,32446.0
2026-07-07,2026-07-07 15:15:00,10.56,10.56,10.525,10.53,28893.0
2026-07-07,2026-07-07 15:20:00,10.525,10.555,10.515,10.555,36792.0
2026-07-07,2026-07-07 15:25:00,10.555,10.56,10.54,10.545,36691.0
2026-07-07,2026-07-07 15:30:00,10.545,10.56,10.53,10.535,51796.0
2026-07-07,2026-07-07 15:35:00,10.54,10.545,10.53,10.54,40968.0
2026-07-07,2026-07-07 15:40:00,10.54,10.545,10.51,10.515,49510.0
2026-07-07,2026-07-07 15:45:00,10.515,10.53,10.505,10.52,53266.0
2026-07-07,2026-07-07 15:50:00,10.52,10.545,10.515,10.545,76461.0
2026-07-07,2026-07-07 15:55:00,10.545,10.545,10.52,10.535,96135.0
2026-07-07,2026-07-07 16:00:00,10.53,10.535,10.48,10.51,655232.0
2026-07-08,2026-07-08 09:35:00,10.3,10.34,10.04,10.045,72211.0
2026-07-08,2026-07-08 09:40:00,10.0205,10.05,9.98,10.05,65197.0
2026-07-08,2026-07-08 09:45:00,10.04,10.05,10.009,10.0469,21623.0
2026-07-08,2026-07-08 09:50:00,10.02,10.075,10.0,10.05,66035.0
2026-07-08,2026-07-08 09:55:00,10.05,10.055,10.02,10.0493,102493.0
2026-07-08,2026-07-08 10:00:00,10.05,10.065,10.01,10.01,78964.0
2026-07-08,2026-07-08 10:05:00,10.02,10.05,10.01,10.02,34051.0
2026-07-08,2026-07-08 10:10:00,10.02,10.045,9.995,10.005,158556.0
2026-07-08,2026-07-08 10:15:00,10.005,10.0585,9.97,10.0,70060.0
2026-07-08,2026-07-08 10:20:00,9.995,9.995,9.92,9.945,56957.0
2026-07-08,2026-07-08 10:25:00,9.945,9.945,9.87,9.895,70525.0
2026-07-08,2026-07-08 10:30:00,9.895,9.955,9.895,9.92,37507.0
2026-07-08,2026-07-08 10:35:00,9.92,10.02,9.9098,9.955,167526.0
2026-07-08,2026-07-08 10:40:00,9.95,9.985,9.915,9.955,479027.0
2026-07-08,2026-07-08 10:45:00,9.95,9.985,9.945,9.965,37718.0
2026-07-08,2026-07-08 10:50:00,9.96,9.97,9.915,9.915,137185.0
2026-07-08,2026-07-08 10:55:00,9.915,9.915,9.88,9.885,36518.0
2026-07-08,2026-07-08 11:00:00,9.88,9.915,9.86,9.91,55559.0
2026-07-08,2026-07-08 11:05:00,9.905,9.925,9.9,9.92,20969.0
2026-07-08,2026-07-08 11:10:00,9.915,9.925,9.885,9.885,69765.0
2026-07-08,2026-07-08 11:15:00,9.88,9.945,9.88,9.925,30039.0
2026-07-08,2026-07-08 11:20:00,9.925,9.955,9.92,9.945,41408.0
2026-07-08,2026-07-08 11:25:00,9.945,9.955,9.935,9.94,23695.0
2026-07-08,2026-07-08 11:30:00,9.94,9.95,9.925,9.95,27626.0
2026-07-08,2026-07-08 11:35:00,9.945,9.945,9.915,9.9311,14459.0
2026-07-08,2026-07-08 11:40:00,9.935,9.94,9.925,9.925,8714.0
2026-07-08,2026-07-08 11:45:00,9.92,9.96,9.915,9.9401,40407.0
2026-07-08,2026-07-08 11:50:00,9.945,9.96,9.935,9.935,12930.0
2026-07-08,2026-07-08 11:55:00,9.93,9.93,9.915,9.915,11532.0
2026-07-08,2026-07-08 12:00:00,9.915,9.935,9.915,9.915,17592.0
2026-07-08,2026-07-08 12:05:00,9.92,9.925,9.9,9.91,11399.0
2026-07-08,2026-07-08 12:10:00,9.91,9.935,9.91,9.935,23744.0
2026-07-08,2026-07-08 12:15:00,9.94,9.94,9.91,9.91,15094.0
2026-07-08,2026-07-08 12:20:00,9.92,9.9299,9.91,9.915,16437.0
2026-07-08,2026-07-08 12:25:00,9.91,9.9269,9.91,9.915,10645.0
2026-07-08,2026-07-08 12:30:00,9.9197,9.9197,9.895,9.905,31826.0
2026-07-08,2026-07-08 12:35:00,9.905,9.92,9.895,9.895,40437.0
2026-07-08,2026-07-08 12:40:00,9.9,9.935,9.895,9.935,23626.0
2026-07-08,2026-07-08 12:45:00,9.94,9.99,9.94,9.99,70500.0
2026-07-08,2026-07-08 12:50:00,9.99,10.0,9.98,9.995,21939.0
2026-07-08,2026-07-08 12:55:00,9.995,10.04,9.995,10.035,24753.0
2026-07-08,2026-07-08 13:00:00,10.035,10.075,10.025,10.07,27367.0
2026-07-08,2026-07-08 13:05:00,10.075,10.1,10.06,10.085,36398.0
2026-07-08,2026-07-08 13:10:00,10.08,10.09,10.055,10.06,36239.0
2026-07-08,2026-07-08 13:15:00,10.065,10.065,10.055,10.065,12088.0
2026-07-08,2026-07-08 13:20:00,10.06,10.105,10.06,10.105,30708.0
2026-07-08,2026-07-08 13:25:00,10.1,10.105,10.08,10.09,9857.0
2026-07-08,2026-07-08 13:30:00,10.085,10.095,10.08,10.095,13505.0
2026-07-08,2026-07-08 13:35:00,10.095,10.115,10.07,10.075,21287.0
2026-07-08,2026-07-08 13:40:00,10.075,10.085,10.06,10.075,18437.0
2026-07-08,2026-07-08 13:45:00,10.075,10.11,10.075,10.11,18984.0
2026-07-08,2026-07-08 13:50:00,10.1,10.12,10.085,10.11,47982.0
2026-07-08,2026-07-08 13:55:00,10.105,10.105,10.085,10.09,13097.0
2026-07-08,2026-07-08 14:00:00,10.085,10.105,10.075,10.085,20022.0
2026-07-08,2026-07-08 14:05:00,10.085,10.135,10.085,10.125,34495.0
2026-07-08,2026-07-08 14:10:00,10.125,10.145,10.12,10.12,59988.0
2026-07-08,2026-07-08 14:15:00,10.12,10.135,10.11,10.115,17389.0
2026-07-08,2026-07-08 14:20:00,10.115,10.12,10.095,10.115,63778.0
2026-07-08,2026-07-08 14:25:00,10.12,10.13,10.09,10.095,46401.0
2026-07-08,2026-07-08 14:30:00,10.1,10.14,10.1,10.14,36523.0
2026-07-08,2026-07-08 14:35:00,10.135,10.135,10.115,10.125,62703.0
2026-07-08,2026-07-08 14:40:00,10.125,10.13,10.1,10.115,18655.0
2026-07-08,2026-07-08 14:45:00,10.115,10.125,10.11,10.115,28492.0
2026-07-08,2026-07-08 14:50:00,10.115,10.115,10.085,10.085,16760.0
2026-07-08,2026-07-08 14:55:00,10.085,10.09,10.08,10.08,12561.0
2026-07-08,2026-07-08 15:00:00,10.085,10.085,10.065,10.075,25525.0
2026-07-08,2026-07-08 15:05:00,10.075,10.09,10.06,10.085,58195.0
2026-07-08,2026-07-08 15:10:00,10.085,10.14,10.085,10.1308,65986.0
2026-07-08,2026-07-08 15:15:00,10.13,10.14,10.1,10.105,20802.0
2026-07-08,2026-07-08 15:20:00,10.11,10.17,10.11,10.155,69800.0
2026-07-08,2026-07-08 15:25:00,10.155,10.195,10.155,10.189,158258.0
2026-07-08,2026-07-08 15:30:00,10.19,10.205,10.175,10.205,97916.0
2026-07-08,2026-07-08 15:35:00,10.205,10.22,10.185,10.22,100258.0
2026-07-08,2026-07-08 15:40:00,10.215,10.22,10.2,10.205,82833.0
2026-07-08,2026-07-08 15:45:00,10.2,10.205,10.16,10.1601,99458.0
2026-07-08,2026-07-08 15:50:00,10.16,10.17,10.135,10.155,114751.0
2026-07-08,2026-07-08 15:55:00,10.155,10.175,10.145,10.165,117060.0
2026-07-08,2026-07-08 16:00:00,10.165,10.17,10.12,10.13,865738.0
2026-07-09,2026-07-09 09:35:00,10.07,10.195,10.07,10.155,53369.0
2026-07-09,2026-07-09 09:40:00,10.155,10.155,10.0,10.03,19695.0
2026-07-09,2026-07-09 09:45:00,10.02,10.08,10.02,10.07,24965.0
2026-07-09,2026-07-09 09:50:00,10.06,10.115,10.06,10.09,15495.0
2026-07-09,2026-07-09 09:55:00,10.08,10.12,10.04,10.04,20019.0
2026-07-09,2026-07-09 10:00:00,10.04,10.08,9.985,10.08,115975.0
2026-07-09,2026-07-09 10:05:00,10.08,10.115,10.055,10.055,29686.0
2026-07-09,2026-07-09 10:10:00,10.06,10.06,10.045,10.05,28251.0
2026-07-09,2026-07-09 10:15:00,10.05,10.075,10.04,10.07,63234.0
2026-07-09,2026-07-09 10:20:00,10.0615,10.07,10.025,10.055,35760.0
2026-07-09,2026-07-09 10:25:00,10.05,10.085,10.04,10.04,16064.0
2026-07-09,2026-07-09 10:30:00,10.045,10.145,10.04,10.115,57601.0
2026-07-09,2026-07-09 10:35:00,10.145,10.255,10.14,10.18,90910.0
2026-07-09,2026-07-09 10:40:00,10.18,10.24,10.18,10.185,36458.0
2026-07-09,2026-07-09 10:45:00,10.2,10.205,10.165,10.165,11948.0
2026-07-09,2026-07-09 10:50:00,10.165,10.175,10.145,10.145,13509.0
2026-07-09,2026-07-09 10:55:00,10.135,10.15,10.125,10.15,10135.0
2026-07-09,2026-07-09 11:00:00,10.16,10.19,10.15,10.19,16126.0
2026-07-09,2026-07-09 11:05:00,10.195,10.215,10.19,10.215,16830.0
2026-07-09,2026-07-09 11:10:00,10.215,10.225,10.21,10.215,28668.0
2026-07-09,2026-07-09 11:15:00,10.211,10.211,10.195,10.2,10627.0
2026-07-09,2026-07-09 11:20:00,10.195,10.215,10.195,10.205,13052.0
2026-07-09,2026-07-09 11:25:00,10.205,10.205,10.2,10.2,8815.0
2026-07-09,2026-07-09 11:30:00,10.2,10.21,10.195,10.201,11811.0
2026-07-09,2026-07-09 11:35:00,10.2,10.2,10.18,10.195,14309.0
2026-07-09,2026-07-09 11:40:00,10.19,10.195,10.183706,10.195,7579.0
2026-07-09,2026-07-09 11:45:00,10.2,10.22,10.194,10.22,17096.0
2026-07-09,2026-07-09 11:50:00,10.22,10.23,10.22,10.225,10444.0
2026-07-09,2026-07-09 11:55:00,10.2285,10.23,10.201,10.205,12653.0
2026-07-09,2026-07-09 12:00:00,10.21,10.22,10.205,10.205,16740.0
2026-07-09,2026-07-09 12:05:00,10.21,10.235,10.21,10.23,22178.0
2026-07-09,2026-07-09 12:10:00,10.23,10.235,10.19,10.19,73280.0
2026-07-09,2026-07-09 12:15:00,10.185,10.22,10.181,10.215,19968.0
2026-07-09,2026-07-09 12:20:00,10.215,10.22,10.205,10.205,23243.0
2026-07-09,2026-07-09 12:25:00,10.205,10.23,10.205,10.22,11981.0
2026-07-09,2026-07-09 12:30:00,10.22,10.23,10.215,10.22,7141.0
2026-07-09,2026-07-09 12:35:00,10.215,10.225,10.215,10.22,14612.0
2026-07-09,2026-07-09 12:40:00,10.215,10.225,10.21,10.225,14457.0
2026-07-09,2026-07-09 12:45:00,10.22,10.225,10.205,10.21,10742.0
2026-07-09,2026-07-09 12:50:00,10.21,10.215,10.21,10.214174,8431.0
2026-07-09,2026-07-09 12:55:00,10.215,10.22,10.21,10.21,7764.0
2026-07-09,2026-07-09 13:00:00,10.215,10.225,10.215,10.225,10760.0
2026-07-09,2026-07-09 13:05:00,10.225,10.23,10.22,10.225,8335.0
2026-07-09,2026-07-09 13:10:00,10.2207,10.25,10.2207,10.24,17626.0
2026-07-09,2026-07-09 13:15:00,10.24,10.24,10.225,10.24,19382.0
2026-07-09,2026-07-09 13:20:00,10.24,10.255,10.21,10.22,81275.0
2026-07-09,2026-07-09 13:25:00,10.215,10.225,10.19,10.19,11636.0
2026-07-09,2026-07-09 13:30:00,10.19,10.21,10.19,10.21,20379.0
2026-07-09,2026-07-09 13:35:00,10.205,10.22,10.2,10.22,10044.0
2026-07-09,2026-07-09 13:40:00,10.22,10.24,10.22,10.235,66281.0
2026-07-09,2026-07-09 13:45:00,10.23,10.235,10.215,10.235,37228.0
2026-07-09,2026-07-09 13:50:00,10.24,10.245,10.24,10.245,7473.0
2026-07-09,2026-07-09 13:55:00,10.25,10.25,10.24,10.245,6945.0
2026-07-09,2026-07-09 14:00:00,10.245,10.245,10.235,10.235,8818.0
2026-07-09,2026-07-09 14:05:00,10.235,10.245,10.225,10.2291,41782.0
2026-07-09,2026-07-09 14:10:00,10.22,10.225,10.21,10.21,95443.0
2026-07-09,2026-07-09 14:15:00,10.21,10.23,10.21,10.215,35207.0
2026-07-09,2026-07-09 14:20:00,10.215,10.215,10.185,10.185,13888.0
2026-07-09,2026-07-09 14:25:00,10.185,10.19,10.15,10.15,34422.0
2026-07-09,2026-07-09 14:30:00,10.15,10.15,10.125,10.145,9615.0
2026-07-09,2026-07-09 14:35:00,10.14,10.15,10.13,10.135,33416.0
2026-07-09,2026-07-09 14:40:00,10.135,10.135,10.105,10.105,21386.0
2026-07-09,2026-07-09 14:45:00,10.105,10.11,10.1,10.1009,12355.0
2026-07-09,2026-07-09 14:50:00,10.105,10.105,10.09,10.09,38301.0
2026-07-09,2026-07-09 14:55:00,10.095,10.105,10.075,10.075,19781.0
2026-07-09,2026-07-09 15:00:00,10.075,10.115,10.07,10.095,57274.0
2026-07-09,2026-07-09 15:05:00,10.095,10.095,10.085,10.09,34941.0
2026-07-09,2026-07-09 15:10:00,10.09,10.095,10.085,10.095,25848.0
2026-07-09,2026-07-09 15:15:00,10.095,10.1,10.09,10.095,20009.0
2026-07-09,2026-07-09 15:20:00,10.1,10.135,10.095,10.135,29740.0
2026-07-09,2026-07-09 15:25:00,10.13,10.13,10.1,10.1,19411.0
2026-07-09,2026-07-09 15:30:00,10.105,10.105,10.094,10.105,32976.0
2026-07-09,2026-07-09 15:35:00,10.105,10.135,10.105,10.13,40905.0
2026-07-09,2026-07-09 15:40:00,10.135,10.14,10.125,10.135,23768.0
2026-07-09,2026-07-09 15:45:00,10.135,10.145,10.13,10.135,25613.0
2026-07-09,2026-07-09 15:50:00,10.13,10.145,10.125,10.135,61357.0
2026-07-09,2026-07-09 15:55:00,10.135,10.15,10.125,10.135,88974.0
2026-07-09,2026-07-09 16:00:00,10.135,10.165,10.125,10.15,1044243.0
2026-07-10,2026-07-10 09:35:00,10.28,10.295,10.2,10.21,196543.0
2026-07-10,2026-07-10 09:40:00,10.21,10.24,10.19,10.23,238560.0
2026-07-10,2026-07-10 09:45:00,10.25,10.275,10.23,10.275,147556.0
2026-07-10,2026-07-10 09:50:00,10.27,10.315,10.25,10.25,54176.0
2026-07-10,2026-07-10 09:55:00,10.26,10.3,10.245,10.28,39972.0
2026-07-10,2026-07-10 10:00:00,10.27,10.32,10.255,10.28,52433.0
2026-07-10,2026-07-10 10:05:00,10.285,10.375,10.28,10.375,36359.0
2026-07-10,2026-07-10 10:10:00,10.37,10.39,10.36,10.365,14311.0
2026-07-10,2026-07-10 10:15:00,10.365,10.385,10.3412,10.345,22613.0
2026-07-10,2026-07-10 10:20:00,10.345,10.39,10.33,10.385,16226.0
2026-07-10,2026-07-10 10:25:00,10.39,10.39,10.335,10.345,25929.0
2026-07-10,2026-07-10 10:30:00,10.345,10.37,10.345,10.365,6724.0
2026-07-10,2026-07-10 10:35:00,10.365,10.38,10.265,10.33,91318.0
2026-07-10,2026-07-10 10:40:00,10.34,10.42,10.34,10.415,26019.0
2026-07-10,2026-07-10 10:45:00,10.41,10.42,10.395,10.41,12307.0
2026-07-10,2026-07-10 10:50:00,10.41,10.41,10.38,10.4,12889.0
2026-07-10,2026-07-10 10:55:00,10.395,10.405,10.38,10.39,23120.0
2026-07-10,2026-07-10 11:00:00,10.385,10.395,10.38,10.385,11303.0
2026-07-10,2026-07-10 11:05:00,10.39,10.395,10.355,10.355,11791.0
2026-07-10,2026-07-10 11:10:00,10.355,10.365,10.35,10.355,14070.0
2026-07-10,2026-07-10 11:15:00,10.35,10.35,10.325,10.325,8525.0
2026-07-10,2026-07-10 11:20:00,10.33,10.38,10.33,10.38,13921.0
2026-07-10,2026-07-10 11:25:00,10.38,10.395,10.375,10.385,8972.0
2026-07-10,2026-07-10 11:30:00,10.385,10.395,10.385,10.385,9446.0
2026-07-10,2026-07-10 11:35:00,10.385,10.39,10.37,10.37,5219.0
2026-07-10,2026-07-10 11:40:00,10.36,10.37,10.355,10.37,5861.0
2026-07-10,2026-07-10 11:45:00,10.37,10.39,10.37,10.39,18969.0
2026-07-10,2026-07-10 11:50:00,10.385,10.395,10.38,10.38,10017.0
2026-07-10,2026-07-10 11:55:00,10.38,10.385,10.36,10.365,12910.0
2026-07-10,2026-07-10 12:00:00,10.365,10.37,10.355,10.355,5048.0
2026-07-10,2026-07-10 12:05:00,10.355,10.36,10.3412,10.345,11297.0
2026-07-10,2026-07-10 12:10:00,10.345,10.35,10.345,10.35,3769.0
2026-07-10,2026-07-10 12:15:00,10.345,10.365,10.345,10.36,10061.0
2026-07-10,2026-07-10 12:20:00,10.355,10.355,10.34,10.35,7307.0
2026-07-10,2026-07-10 12:25:00,10.345,10.35,10.335,10.335,9900.0
2026-07-10,2026-07-10 12:30:00,10.34,10.345,10.33,10.335,6493.0
2026-07-10,2026-07-10 12:35:00,10.335,10.34,10.333582,10.34,6574.0
2026-07-10,2026-07-10 12:40:00,10.335,10.34,10.32,10.33,6313.0
2026-07-10,2026-07-10 12:45:00,10.325,10.35,10.325,10.35,6121.0
2026-07-10,2026-07-10 12:50:00,10.35,10.365,10.3427,10.365,19360.0
2026-07-10,2026-07-10 12:55:00,10.365,10.38,10.365,10.375,3086.0
2026-07-10,2026-07-10 13:00:00,10.38,10.4,10.38,10.395,5395.0
2026-07-10,2026-07-10 13:05:00,10.395,10.415,10.395,10.415,6883.0
2026-07-10,2026-07-10 13:10:00,10.415,10.4195,10.395,10.395,12395.0
2026-07-10,2026-07-10 13:15:00,10.395,10.42,10.395,10.4161,19281.0
2026-07-10,2026-07-10 13:20:00,10.415,10.42,10.395,10.395,18589.0
2026-07-10,2026-07-10 13:25:00,10.39,10.395,10.385,10.395,13854.0
2026-07-10,2026-07-10 13:30:00,10.39,10.409,10.385,10.405,13635.0
2026-07-10,2026-07-10 13:35:00,10.4,10.4,10.38,10.38,15688.0
2026-07-10,2026-07-10 13:40:00,10.385,10.39,10.385,10.385,10010.0
2026-07-10,2026-07-10 13:45:00,10.39,10.41,10.39,10.405,7540.0
2026-07-10,2026-07-10 13:50:00,10.41,10.415,10.385,10.395,13329.0
2026-07-10,2026-07-10 13:55:00,10.395,10.4,10.385,10.395,11887.0
2026-07-10,2026-07-10 14:00:00,10.3914,10.395,10.38,10.38,10240.0
2026-07-10,2026-07-10 14:05:00,10.38,10.385,10.345,10.345,14775.0
2026-07-10,2026-07-10 14:10:00,10.345,10.365,10.345,10.3541,20504.0
2026-07-10,2026-07-10 14:15:00,10.355,10.355,10.34,10.345,9232.0
2026-07-10,2026-07-10 14:20:00,10.34,10.365,10.34,10.365,20108.0
2026-07-10,2026-07-10 14:25:00,10.365,10.37,10.36,10.365,16709.0
2026-07-10,2026-07-10 14:30:00,10.3601,10.37,10.3601,10.365,5601.0
2026-07-10,2026-07-10 14:35:00,10.365,10.3667,10.36,10.365,5736.0
2026-07-10,2026-07-10 14:40:00,10.365,10.37,10.355,10.355,31587.0
2026-07-10,2026-07-10 14:45:00,10.355,10.36,10.345,10.345,21969.0
2026-07-10,2026-07-10 14:50:00,10.34,10.36,10.34,10.355,15101.0
2026-07-10,2026-07-10 14:55:00,10.355,10.355,10.34,10.34,29578.0
2026-07-10,2026-07-10 15:00:00,10.345,10.345,10.335,10.335,15742.0
2026-07-10,2026-07-10 15:05:00,10.335,10.335,10.32,10.325,10282.0
2026-07-10,2026-07-10 15:10:00,10.325,10.355,10.325,10.355,18241.0
2026-07-10,2026-07-10 15:15:00,10.355,10.365,10.355,10.355,10817.0
2026-07-10,2026-07-10 15:20:00,10.355,10.36,10.35,10.36,9050.0
2026-07-10,2026-07-10 15:25:00,10.355,10.355,10.34,10.34,27433.0
2026-07-10,2026-07-10 15:30:00,10.345,10.35,10.335,10.345,27502.0
2026-07-10,2026-07-10 15:35:00,10.345,10.36,10.345,10.36,26184.0
2026-07-10,2026-07-10 15:40:00,10.355,10.36,10.355,10.355,14546.0
2026-07-10,2026-07-10 15:45:00,10.355,10.36,10.355,10.355,16153.0
2026-07-10,2026-07-10 15:50:00,10.355,10.355,10.315,10.315,54121.0
2026-07-10,2026-07-10 15:55:00,10.315,10.325,10.29,10.295,61413.0
2026-07-10,2026-07-10 16:00:00,10.295,10.295,10.25,10.28,778995.0
2026-07-13,2026-07-13 09:35:00,10.42,10.506,10.36,10.48,83145.0
2026-07-13,2026-07-13 09:40:00,10.49,10.54,10.45,10.461,14338.0
2026-07-13,2026-07-13 09:45:00,10.455,10.465,10.435,10.451,24903.0
2026-07-13,2026-07-13 09:50:00,10.44,10.46,10.39,10.4,33997.0
2026-07-13,2026-07-13 09:55:00,10.395,10.41,10.34,10.41,70813.0
2026-07-13,2026-07-13 10:00:00,10.4,10.401,10.34,10.34,35871.0
2026-07-13,2026-07-13 10:05:00,10.34,10.37,10.33,10.365,40404.0
2026-07-13,2026-07-13 10:10:00,10.37,10.37,10.345,10.35,19404.0
2026-07-13,2026-07-13 10:15:00,10.35,10.355,10.325,10.345,25538.0
2026-07-13,2026-07-13 10:20:00,10.34,10.43,10.28,10.43,162021.0
2026-07-13,2026-07-13 10:25:00,10.43,10.445,10.415,10.445,22357.0
2026-07-13,2026-07-13 10:30:00,10.44,10.45,10.4,10.405,16525.0
2026-07-13,2026-07-13 10:35:00,10.4,10.405,10.355,10.395,16011.0
2026-07-13,2026-07-13 10:40:00,10.4,10.405,10.38,10.385,14751.0
2026-07-13,2026-07-13 10:45:00,10.38,10.395,10.37,10.37,11881.0
2026-07-13,2026-07-13 10:50:00,10.365,10.395,10.36,10.395,30479.0
2026-07-13,2026-07-13 10:55:00,10.4,10.42,10.38,10.415,37933.0
2026-07-13,2026-07-13 11:00:00,10.42,10.4289,10.4,10.425,19363.0
2026-07-13,2026-07-13 11:05:00,10.425,10.455,10.41,10.415,14685.0
2026-07-13,2026-07-13 11:10:00,10.41,10.5,10.4,10.5,25767.0
2026-07-13,2026-07-13 11:15:00,10.5,10.5,10.42,10.425,28570.0
2026-07-13,2026-07-13 11:20:00,10.425,10.455,10.425,10.445,30882.0
2026-07-13,2026-07-13 11:25:00,10.445,10.46,10.415,10.415,82289.0
2026-07-13,2026-07-13 11:30:00,10.42,10.435,10.41,10.435,55903.0
2026-07-13,2026-07-13 11:35:00,10.435,10.435,10.415,10.415,20932.0
2026-07-13,2026-07-13 11:40:00,10.415,10.44,10.415,10.435,19028.0
2026-07-13,2026-07-13 11:45:00,10.43,10.47,10.425,10.47,24060.0
2026-07-13,2026-07-13 11:50:00,10.47,10.47,10.445,10.45,17054.0
2026-07-13,2026-07-13 11:55:00,10.45,10.465,10.44,10.445,23365.0
2026-07-13,2026-07-13 12:00:00,10.445,10.445,10.4101,10.415,29116.0
2026-07-13,2026-07-13 12:05:00,10.415,10.45,10.415,10.435,27891.0
2026-07-13,2026-07-13 12:10:00,10.435,10.435,10.39,10.4,26224.0
2026-07-13,2026-07-13 12:15:00,10.395,10.41,10.38,10.405,30703.0
2026-07-13,2026-07-13 12:20:00,10.41,10.42,10.395,10.395,27271.0
2026-07-13,2026-07-13 12:25:00,10.39,10.395,10.371,10.395,40488.0
2026-07-13,2026-07-13 12:30:00,10.39,10.39,10.34,10.34,16120.0
2026-07-13,2026-07-13 12:35:00,10.34,10.345,10.32,10.33,33129.0
2026-07-13,2026-07-13 12:40:00,10.335,10.365,10.325,10.365,22610.0
2026-07-13,2026-07-13 12:45:00,10.36,10.36,10.325,10.325,24715.0
2026-07-13,2026-07-13 12:50:00,10.325,10.335,10.295,10.325,45250.0
2026-07-13,2026-07-13 12:55:00,10.325,10.33,10.31,10.315,22486.0
2026-07-13,2026-07-13 13:00:00,10.315,10.34,10.315,10.335,25342.0
2026-07-13,2026-07-13 13:05:00,10.335,10.36,10.335,10.355,44078.0
2026-07-13,2026-07-13 13:10:00,10.355,10.36,10.33,10.33,15477.0
2026-07-13,2026-07-13 13:15:00,10.33,10.345,10.33,10.335,18681.0
2026-07-13,2026-07-13 13:20:00,10.34,10.4,10.32,10.375,71916.0
2026-07-13,2026-07-13 13:25:00,10.38,10.395,10.38,10.38,26976.0
2026-07-13,2026-07-13 13:30:00,10.375,10.38,10.365,10.365,17673.0
2026-07-13,2026-07-13 13:35:00,10.365,10.38,10.3601,10.38,19857.0
2026-07-13,2026-07-13 13:40:00,10.375,10.385,10.3705,10.385,19286.0
2026-07-13,2026-07-13 13:45:00,10.385,10.4,10.385,10.395,36467.0
2026-07-13,2026-07-13 13:50:00,10.395,10.425,10.3901,10.415,49105.0
2026-07-13,2026-07-13 13:55:00,10.415,10.42,10.405,10.405,17888.0
2026-07-13,2026-07-13 14:00:00,10.405,10.405,10.385,10.385,32340.0
2026-07-13,2026-07-13 14:05:00,10.385,10.395,10.3797,10.39,91816.0
2026-07-13,2026-07-13 14:10:00,10.3823,10.39,10.375,10.38,55816.0
2026-07-13,2026-07-13 14:15:00,10.375,10.38,10.365,10.375,35033.0
2026-07-13,2026-07-13 14:20:00,10.375,10.435,10.36,10.435,114008.0
2026-07-13,2026-07-13 14:25:00,10.435,10.455,10.42,10.435,55132.0
2026-07-13,2026-07-13 14:30:00,10.435,10.435,10.405,10.415,44545.0
2026-07-13,2026-07-13 14:35:00,10.415,10.435,10.415,10.42,37077.0
2026-07-13,2026-07-13 14:40:00,10.42,10.43,10.3977,10.405,36059.0
2026-07-13,2026-07-13 14:45:00,10.4,10.405,10.38,10.385,28837.0
2026-07-13,2026-07-13 14:50:00,10.38,10.385,10.355,10.355,28212.0
2026-07-13,2026-07-13 14:55:00,10.355,10.355,10.335,10.335,49704.0
2026-07-13,2026-07-13 15:00:00,10.335,10.355,10.335,10.34,33421.0
2026-07-13,2026-07-13 15:05:00,10.345,10.345,10.325,10.335,57198.0
2026-07-13,2026-07-13 15:10:00,10.335,10.34,10.33,10.335,25607.0
2026-07-13,2026-07-13 15:15:00,10.335,10.35,10.3323,10.345,39389.0
2026-07-13,2026-07-13 15:20:00,10.345,10.36,10.3401,10.355,39905.0
2026-07-13,2026-07-13 15:25:00,10.355,10.38,10.35,10.375,42778.0
2026-07-13,2026-07-13 15:30:00,10.3717,10.39,10.3717,10.385,53069.0
2026-07-13,2026-07-13 15:35:00,10.38,10.385,10.36,10.36,61466.0
2026-07-13,2026-07-13 15:40:00,10.36,10.37,10.34,10.3503,79803.0
2026-07-13,2026-07-13 15:45:00,10.355,10.36,10.35,10.35,43987.0
2026-07-13,2026-07-13 15:50:00,10.355,10.355,10.32,10.34,116978.0
2026-07-13,2026-07-13 15:55:00,10.345,10.38,10.345,10.37,92353.0
2026-07-13,2026-07-13 16:00:00,10.37,10.4,10.37,10.38,1242853.0
2026-07-14,2026-07-14 09:35:00,10.29,10.37,10.19,10.195,69260.0
2026-07-14,2026-07-14 09:40:00,10.205,10.2099,10.13,10.185,16696.0
2026-07-14,2026-07-14 09:45:00,10.185,10.21,10.14,10.19,46662.0
2026-07-14,2026-07-14 09:50:00,10.19,10.19,10.06,10.09,42430.0
2026-07-14,2026-07-14 09:55:00,10.09,10.11,10.06,10.11,45917.0
2026-07-14,2026-07-14 10:00:00,10.115,10.12,10.06,10.11,48002.0
2026-07-14,2026-07-14 10:05:00,10.105,10.125,10.07,10.1,36260.0
2026-07-14,2026-07-14 10:10:00,10.085,10.12,10.07,10.12,56422.0
2026-07-14,2026-07-14 10:15:00,10.12,10.13,10.095,10.13,31200.0
2026-07-14,2026-07-14 10:20:00,10.13,10.13,10.085,10.11,30866.0
2026-07-14,2026-07-14 10:25:00,10.11,10.14,10.09,10.125,19147.0
2026-07-14,2026-07-14 10:30:00,10.125,10.125,10.08,10.095,17071.0
2026-07-14,2026-07-14 10:35:00,10.095,10.12,10.065,10.085,42339.0
2026-07-14,2026-07-14 10:40:00,10.085,10.085,10.04,10.055,22044.0
2026-07-14,2026-07-14 10:45:00,10.055,10.08,10.05,10.065,18156.0
2026-07-14,2026-07-14 10:50:00,10.065,10.205,10.06,10.195,288470.0
2026-07-14,2026-07-14 10:55:00,10.195,10.225,10.185,10.225,19818.0
2026-07-14,2026-07-14 11:00:00,10.225,10.225,10.2,10.205,18132.0
2026-07-14,2026-07-14 11:05:00,10.21,10.245,10.185,10.215,48533.0
2026-07-14,2026-07-14 11:10:00,10.21,10.23,10.205,10.22,16138.0
2026-07-14,2026-07-14 11:15:00,10.22,10.235,10.215,10.215,21595.0
2026-07-14,2026-07-14 11:20:00,10.215,10.215,10.17,10.175,21065.0
2026-07-14,2026-07-14 11:25:00,10.175,10.24,10.17,10.24,31230.0
2026-07-14,2026-07-14 11:30:00,10.24,10.245,10.235,10.235,19236.0
2026-07-14,2026-07-14 11:35:00,10.235,10.26,10.235,10.26,19658.0
2026-07-14,2026-07-14 11:40:00,10.26,10.27,10.235,10.24,24321.0
2026-07-14,2026-07-14 11:45:00,10.24,10.25,10.23,10.25,13669.0
2026-07-14,2026-07-14 11:50:00,10.25,10.27,10.245,10.265,12679.0
2026-07-14,2026-07-14 11:55:00,10.265,10.275,10.255,10.275,13296.0
2026-07-14,2026-07-14 12:00:00,10.275,10.275,10.255,10.275,16734.0
2026-07-14,2026-07-14 12:05:00,10.275,10.275,10.25,10.255,12318.0
2026-07-14,2026-07-14 12:10:00,10.255,10.26,10.25,10.255,9761.0
2026-07-14,2026-07-14 12:15:00,10.255,10.29,10.255,10.285,17856.0
2026-07-14,2026-07-14 12:20:00,10.285,10.31,10.285,10.305,14943.0
2026-07-14,2026-07-14 12:25:00,10.309,10.315,10.295,10.295,17965.0
2026-07-14,2026-07-14 12:30:00,10.295,10.3,10.29,10.29,9350.0
2026-07-14,2026-07-14 12:35:00,10.29,10.32,10.29,10.315,19816.0
2026-07-14,2026-07-14 12:40:00,10.32,10.335,10.32,10.325,16625.0
2026-07-14,2026-07-14 12:45:00,10.32,10.325,10.315,10.315,7959.0
2026-07-14,2026-07-14 12:50:00,10.315,10.325,10.3,10.305,17977.0
2026-07-14,2026-07-14 12:55:00,10.305,10.31,10.3,10.31,14633.0
2026-07-14,2026-07-14 13:00:00,10.32,10.32,10.31,10.315,15960.0
2026-07-14,2026-07-14 13:05:00,10.315,10.33,10.31,10.32,30115.0
2026-07-14,2026-07-14 13:10:00,10.32,10.335,10.32,10.335,15786.0
2026-07-14,2026-07-14 13:15:00,10.335,10.34,10.335,10.335,8839.0
2026-07-14,2026-07-14 13:20:00,10.335,10.335,10.3211,10.325,13084.0
2026-07-14,2026-07-14 13:25:00,10.325,10.33,10.315,10.325,14083.0
2026-07-14,2026-07-14 13:30:00,10.325,10.335,10.32,10.335,13316.0
2026-07-14,2026-07-14 13:35:00,10.335,10.345,10.32,10.32,20416.0
2026-07-14,2026-07-14 13:40:00,10.315,10.34,10.31,10.3323,13657.0
2026-07-14,2026-07-14 13:45:00,10.335,10.34,10.32,10.325,56737.0
2026-07-14,2026-07-14 13:50:00,10.325,10.325,10.285,10.285,70713.0
2026-07-14,2026-07-14 13:55:00,10.29,10.32,10.2873,10.315,68845.0
2026-07-14,2026-07-14 14:00:00,10.315,10.33,10.29,10.29,42629.0
2026-07-14,2026-07-14 14:05:00,10.29,10.3,10.28,10.295,19825.0
2026-07-14,2026-07-14 14:10:00,10.29,10.295,10.27,10.27,16539.0
2026-07-14,2026-07-14 14:15:00,10.275,10.29,10.27,10.285,93570.0
2026-07-14,2026-07-14 14:20:00,10.285,10.305,10.285,10.3,41777.0
2026-07-14,2026-07-14 14:25:00,10.295,10.32,10.295,10.315,8881.0
2026-07-14,2026-07-14 14:30:00,10.315,10.33,10.315,10.325,15052.0
2026-07-14,2026-07-14 14:35:00,10.325,10.325,10.305,10.305,22163.0
2026-07-14,2026-07-14 14:40:00,10.305,10.31,10.28,10.285,23626.0
2026-07-14,2026-07-14 14:45:00,10.285,10.285,10.255,10.275,35169.0
2026-07-14,2026-07-14 14:50:00,10.275,10.31,10.275,10.31,38530.0
2026-07-14,2026-07-14 14:55:00,10.305,10.315,10.29,10.3,29007.0
2026-07-14,2026-07-14 15:00:00,10.295,10.31,10.295,10.295,41948.0
2026-07-14,2026-07-14 15:05:00,10.295,10.33,10.295,10.33,24507.0
2026-07-14,2026-07-14 15:10:00,10.33,10.35,10.33,10.345,48488.0
2026-07-14,2026-07-14 15:15:00,10.345,10.345,10.28,10.32,98619.0
2026-07-14,2026-07-14 15:20:00,10.315,10.35,10.31,10.345,58627.0
2026-07-14,2026-07-14 15:25:00,10.35,10.355,10.335,10.34,42373.0
2026-07-14,2026-07-14 15:30:00,10.34,10.35,10.34,10.345,35480.0
2026-07-14,2026-07-14 15:35:00,10.345,10.345,10.305,10.305,49317.0
2026-07-14,2026-07-14 15:40:00,10.305,10.32,10.3,10.315,43192.0
2026-07-14,2026-07-14 15:45:00,10.315,10.335,10.315,10.33,72287.0
2026-07-14,2026-07-14 15:50:00,10.325,10.37,10.325,10.365,123074.0
2026-07-14,2026-07-14 15:55:00,10.365,10.37,10.335,10.335,149106.0
2026-07-14,2026-07-14 16:00:00,10.335,10.37,10.305,10.33,1090063.0
2026-07-15,2026-07-15 09:35:00,10.48,10.57,10.395,10.55,78972.0
2026-07-15,2026-07-15 09:40:00,10.53,10.59,10.53,10.58,4576.0
2026-07-15,2026-07-15 09:45:00,10.575,10.6194,10.54,10.56,12129.0
2026-07-15,2026-07-15 09:50:00,10.56,10.61,10.52,10.595,24924.0
2026-07-15,2026-07-15 09:55:00,10.61,10.67,10.605,10.63,49814.0
2026-07-15,2026-07-15 10:00:00,10.62,10.665,10.62,10.63,149506.0
2026-07-15,2026-07-15 10:05:00,10.64,10.725,10.6301,10.685,139207.0
2026-07-15,2026-07-15 10:10:00,10.68,10.695,10.655,10.665,18247.0
2026-07-15,2026-07-15 10:15:00,10.665,10.6999,10.665,10.6999,21989.0
2026-07-15,2026-07-15 10:20:00,10.7,10.74,10.695,10.725,14255.0
2026-07-15,2026-07-15 10:25:00,10.725,10.74,10.69,10.73,37818.0
2026-07-15,2026-07-15 10:30:00,10.725,10.74,10.705,10.72,63445.0
2026-07-15,2026-07-15 10:35:00,10.725,10.77,10.715,10.745,39582.0
2026-07-15,2026-07-15 10:40:00,10.745,10.775,10.735,10.775,95349.0
2026-07-15,2026-07-15 10:45:00,10.775,10.79,10.75,10.755,79248.0
2026-07-15,2026-07-15 10:50:00,10.75,10.75,10.715,10.73,17580.0
2026-07-15,2026-07-15 10:55:00,10.735,10.775,10.735,10.775,18328.0
2026-07-15,2026-07-15 11:00:00,10.775,10.81,10.775,10.795,42770.0
2026-07-15,2026-07-15 11:05:00,10.8,10.81,10.78,10.795,89429.0
2026-07-15,2026-07-15 11:10:00,10.795,10.815,10.775,10.785,15264.0
2026-07-15,2026-07-15 11:15:00,10.79,10.79,10.735,10.735,22153.0
2026-07-15,2026-07-15 11:20:00,10.735,10.79,10.735,10.765,21927.0
2026-07-15,2026-07-15 11:25:00,10.765,10.775,10.75,10.755,34859.0
2026-07-15,2026-07-15 11:30:00,10.755,10.785,10.75,10.78,181551.0
2026-07-15,2026-07-15 11:35:00,10.785,10.79,10.765,10.785,93307.0
2026-07-15,2026-07-15 11:40:00,10.785,10.795,10.76,10.765,33815.0
2026-07-15,2026-07-15 11:45:00,10.765,10.775,10.735,10.745,50991.0
2026-07-15,2026-07-15 11:50:00,10.745,10.745,10.72,10.725,16274.0
2026-07-15,2026-07-15 11:55:00,10.725,10.75,10.725,10.74,37173.0
2026-07-15,2026-07-15 12:00:00,10.73,10.73,10.67,10.675,21406.0
2026-07-15,2026-07-15 12:05:00,10.675,10.675,10.52,10.535,303949.0
2026-07-15,2026-07-15 12:10:00,10.535,10.57,10.52,10.56,146024.0
2026-07-15,2026-07-15 12:15:00,10.565,10.575,10.55,10.555,24013.0
2026-07-15,2026-07-15 12:20:00,10.55,10.57,10.535,10.54,44343.0
2026-07-15,2026-07-15 12:25:00,10.535,10.545,10.53,10.54,43596.0
2026-07-15,2026-07-15 12:30:00,10.535,10.551,10.52,10.525,49402.0
2026-07-15,2026-07-15 12:35:00,10.525,10.53,10.515,10.53,25340.0
2026-07-15,2026-07-15 12:40:00,10.525,10.55,10.525,10.54,31311.0
2026-07-15,2026-07-15 12:45:00,10.535,10.535,10.51,10.515,19825.0
2026-07-15,2026-07-15 12:50:00,10.515,10.535,10.48,10.5,449098.0
2026-07-15,2026-07-15 12:55:00,10.505,10.505,10.475,10.475,20144.0
2026-07-15,2026-07-15 13:00:00,10.47,10.485,10.465,10.475,16621.0
2026-07-15,2026-07-15 13:05:00,10.475,10.485,10.47,10.475,14343.0
2026-07-15,2026-07-15 13:10:00,10.475,10.48,10.45,10.455,18400.0
2026-07-15,2026-07-15 13:15:00,10.455,10.505,10.445,10.5,165164.0
2026-07-15,2026-07-15 13:20:00,10.505,10.505,10.475,10.475,44642.0
2026-07-15,2026-07-15 13:25:00,10.475,10.485,10.47,10.475,26979.0
2026-07-15,2026-07-15 13:30:00,10.475,10.52,10.475,10.52,52294.0
2026-07-15,2026-07-15 13:35:00,10.525,10.535,10.515,10.515,19449.0
2026-07-15,2026-07-15 13:40:00,10.515,10.515,10.505,10.515,24045.0
2026-07-15,2026-07-15 13:45:00,10.515,10.515,10.495,10.515,73425.0
2026-07-15,2026-07-15 13:50:00,10.51,10.52,10.505,10.515,20830.0
2026-07-15,2026-07-15 13:55:00,10.515,10.515,10.49,10.495,51223.0
2026-07-15,2026-07-15 14:00:00,10.495,10.4951,10.475,10.495,41661.0
2026-07-15,2026-07-15 14:05:00,10.495,10.495,10.48,10.495,25267.0
2026-07-15,2026-07-15 14:10:00,10.495,10.495,10.4715,10.475,21830.0
2026-07-15,2026-07-15 14:15:00,10.475,10.485,10.475,10.485,16854.0
2026-07-15,2026-07-15 14:20:00,10.48,10.49,10.47,10.4799,36221.0
2026-07-15,2026-07-15 14:25:00,10.475,10.475,10.46,10.46,18693.0
2026-07-15,2026-07-15 14:30:00,10.455,10.47,10.455,10.465,44104.0
2026-07-15,2026-07-15 14:35:00,10.465,10.485,10.465,10.485,12619.0
2026-07-15,2026-07-15 14:40:00,10.485,10.5,10.485,10.495,34536.0
2026-07-15,2026-07-15 14:45:00,10.49,10.5,10.47,10.47,22779.0
2026-07-15,2026-07-15 14:50:00,10.465,10.465,10.45,10.45,12611.0
2026-07-15,2026-07-15 14:55:00,10.45,10.459,10.45,10.45,14996.0
2026-07-15,2026-07-15 15:00:00,10.455,10.465,10.45,10.46,55044.0
2026-07-15,2026-07-15 15:05:00,10.46,10.46,10.425,10.435,30972.0
2026-07-15,2026-07-15 15:10:00,10.43,10.495,10.43,10.495,76577.0
2026-07-15,2026-07-15 15:15:00,10.495,10.52,10.495,10.505,28388.0
2026-07-15,2026-07-15 15:20:00,10.505,10.515,10.505,10.515,12378.0
2026-07-15,2026-07-15 15:25:00,10.515,10.53,10.515,10.525,19604.0
2026-07-15,2026-07-15 15:30:00,10.525,10.53,10.5144,10.515,24071.0
2026-07-15,2026-07-15 15:35:00,10.515,10.525,10.505,10.51,29907.0
2026-07-15,2026-07-15 15:40:00,10.505,10.51,10.5,10.505,23680.0
2026-07-15,2026-07-15 15:45:00,10.505,10.505,10.49,10.505,60188.0
2026-07-15,2026-07-15 15:50:00,10.5,10.505,10.485,10.505,64246.0
2026-07-15,2026-07-15 15:55:00,10.5,10.515,10.485,10.515,58772.0
2026-07-15,2026-07-15 16:00:00,10.515,10.515,10.49,10.5,844074.0
2026-07-16,2026-07-16 09:35:00,10.64,10.76,10.595,10.76,50008.0
2026-07-16,2026-07-16 09:40:00,10.77,10.81,10.77,10.77,19665.0
2026-07-16,2026-07-16 09:45:00,10.79,10.85,10.77,10.84,22779.0
2026-07-16,2026-07-16 09:50:00,10.84,10.87,10.811,10.85,40220.0
2026-07-16,2026-07-16 09:55:00,10.842,10.98,10.842,10.98,53517.0
2026-07-16,2026-07-16 10:00:00,10.986,11.0,10.9699,10.97,43743.0
2026-07-16,2026-07-16 10:05:00,10.965,11.0,10.92,10.945,76461.0
2026-07-16,2026-07-16 10:10:00,10.95,10.96,10.905,10.935,25341.0
2026-07-16,2026-07-16 10:15:00,10.935,10.945,10.89,10.9,32626.0
2026-07-16,2026-07-16 10:20:00,10.905,10.93,10.885,10.93,23046.0
2026-07-16,2026-07-16 10:25:00,10.94,11.015,10.94,10.995,65163.0
2026-07-16,2026-07-16 10:30:00,11.0,11.045,11.0,11.005,54531.0
2026-07-16,2026-07-16 10:35:00,11.005,11.025,11.0,11.02,21776.0
2026-07-16,2026-07-16 10:40:00,11.015,11.03,10.965,10.97,28857.0
2026-07-16,2026-07-16 10:45:00,10.9701,11.005,10.9701,11.0,15516.0
2026-07-16,2026-07-16 10:50:00,11.0,11.035,11.0,11.03,84596.0
2026-07-16,2026-07-16 10:55:00,11.035,11.035,10.98,11.0,368178.0
2026-07-16,2026-07-16 11:00:00,11.005,11.02,10.995,11.015,29416.0
2026-07-16,2026-07-16 11:05:00,11.015,11.03,11.0,11.015,28695.0
2026-07-16,2026-07-16 11:10:00,11.02,11.04,11.0,11.025,28468.0
2026-07-16,2026-07-16 11:15:00,11.025,11.055,11.025,11.055,22431.0
2026-07-16,2026-07-16 11:20:00,11.05,11.055,11.02,11.03,17357.0
2026-07-16,2026-07-16 11:25:00,11.025,11.035,10.995,11.01,30819.0
2026-07-16,2026-07-16 11:30:00,11.005,11.015,10.995,11.01,20112.0
2026-07-16,2026-07-16 11:35:00,11.005,11.02,11.0,11.02,18346.0
2026-07-16,2026-07-16 11:40:00,11.015,11.03,11.01,11.0166,18653.0
2026-07-16,2026-07-16 11:45:00,11.02,11.02,11.0,11.005,28920.0
2026-07-16,2026-07-16 11:50:00,11.01,11.01,10.96,10.97,50486.0
2026-07-16,2026-07-16 11:55:00,10.965,10.965,10.955,10.955,21433.0
2026-07-16,2026-07-16 12:00:00,10.955,10.96,10.93,10.95,19785.0
2026-07-16,2026-07-16 12:05:00,10.945,10.95,10.92,10.925,18458.0
2026-07-16,2026-07-16 12:10:00,10.925,10.95,10.925,10.95,27293.0
2026-07-16,2026-07-16 12:15:00,10.945,10.945,10.93,10.945,15515.0
2026-07-16,2026-07-16 12:20:00,10.945,10.97,10.945,10.9599,38963.0
2026-07-16,2026-07-16 12:25:00,10.95,10.98,10.945,10.97,46227.0
2026-07-16,2026-07-16 12:30:00,10.965,10.975,10.96,10.965,10866.0
2026-07-16,2026-07-16 12:35:00,10.965,10.99,10.9616,10.99,22237.0
2026-07-16,2026-07-16 12:40:00,10.99,11.0,10.985,10.995,14153.0
2026-07-16,2026-07-16 12:45:00,10.995,11.015,10.99,11.015,19715.0
2026-07-16,2026-07-16 12:50:00,11.015,11.02,11.005,11.01,23256.0
2026-07-16,2026-07-16 12:55:00,11.005,11.005,10.993545,11.0,21632.0
2026-07-16,2026-07-16 13:00:00,11.005,11.035,11.0,11.035,39260.0
2026-07-16,2026-07-16 13:05:00,11.035,11.045,11.03,11.035251,25450.0
2026-07-16,2026-07-16 13:10:00,11.035,11.045,11.035,11.035,14372.0
2026-07-16,2026-07-16 13:15:00,11.035,11.04,11.01,11.01,22744.0
2026-07-16,2026-07-16 13:20:00,11.015,11.03,11.01,11.015,16583.0
2026-07-16,2026-07-16 13:25:00,11.015,11.025,11.0114,11.025,10173.0
2026-07-16,2026-07-16 13:30:00,11.02,11.03,11.0,11.005,15464.0
2026-07-16,2026-07-16 13:35:00,11.005,11.015,11.0,11.015,23121.0
2026-07-16,2026-07-16 13:40:00,11.015,11.015,11.01,11.015,11922.0
2026-07-16,2026-07-16 13:45:00,11.0111,11.02,11.005,11.015,27698.0
2026-07-16,2026-07-16 13:50:00,11.015,11.035,11.0144,11.025,47420.0
2026-07-16,2026-07-16 13:55:00,11.025,11.025,11.015,11.025,18996.0
2026-07-16,2026-07-16 14:00:00,11.025,11.05,11.025,11.03,42460.0
2026-07-16,2026-07-16 14:05:00,11.025,11.035,11.025,11.035,15111.0
2026-07-16,2026-07-16 14:10:00,11.035,11.04,11.03,11.035,8892.0
2026-07-16,2026-07-16 14:15:00,11.035,11.08,11.035,11.055,32708.0
2026-07-16,2026-07-16 14:20:00,11.055,11.06,11.04,11.0414,13931.0
2026-07-16,2026-07-16 14:25:00,11.045,11.045,11.035,11.035,19778.0
2026-07-16,2026-07-16 14:30:00,11.035,11.059,11.025,11.025,32751.0
2026-07-16,2026-07-16 14:35:00,11.025,11.03,11.02,11.025,13715.0
2026-07-16,2026-07-16 14:40:00,11.025,11.03,11.005,11.015,21082.0
2026-07-16,2026-07-16 14:45:00,11.015,11.015,11.0001,11.005,16300.0
2026-07-16,2026-07-16 14:50:00,11.005,11.03,11.0048,11.025,24418.0
2026-07-16,2026-07-16 14:55:00,11.02,11.03,11.015,11.02,24321.0
2026-07-16,2026-07-16 15:00:00,11.025,11.03,11.01,11.025,24141.0
2026-07-16,2026-07-16 15:05:00,11.03,11.04,11.025,11.025,20255.0
2026-07-16,2026-07-16 15:10:00,11.025,11.035,11.01,11.015,52728.0
2026-07-16,2026-07-16 15:15:00,11.015,11.02,11.0013,11.015,26167.0
2026-07-16,2026-07-16 15:20:00,11.02,11.04,11.015,11.035,32461.0
2026-07-16,2026-07-16 15:25:00,11.035,11.08,11.03,11.075,57130.0
2026-07-16,2026-07-16 15:30:00,11.075,11.075,11.04,11.04,55626.0
2026-07-16,2026-07-16 15:35:00,11.04,11.045,11.03,11.035,40751.0
2026-07-16,2026-07-16 15:40:00,11.035,11.095,11.03,11.095,56649.0
2026-07-16,2026-07-16 15:45:00,11.095,11.12,11.09,11.095,69423.0
2026-07-16,2026-07-16 15:50:00,11.095,11.105,11.08,11.085,79848.0
2026-07-16,2026-07-16 15:55:00,11.085,11.12,11.08,11.115,95610.0
2026-07-16,2026-07-16 16:00:00,11.12,11.14,11.095,11.13,970636.0
2026-07-17,2026-07-17 09:35:00,11.26,11.33,11.1903,11.215,48286.0
2026-07-17,2026-07-17 09:40:00,11.204,11.27,11.15,11.18,45399.0
2026-07-17,2026-07-17 09:45:00,11.17,11.26,11.16,11.2,28561.0
2026-07-17,2026-07-17 09:50:00,11.195,11.235,11.18,11.225,41863.0
2026-07-17,2026-07-17 09:55:00,11.23,11.235,11.16,11.16,20668.0
2026-07-17,2026-07-17 10:00:00,11.15,11.15,11.06,11.06,24843.0
2026-07-17,2026-07-17 10:05:00,11.06,11.075,10.99,11.03,33926.0
2026-07-17,2026-07-17 10:10:00,11.02,11.02,10.955,10.97,35800.0
2026-07-17,2026-07-17 10:15:00,10.965,10.985,10.935,10.985,20894.0
2026-07-17,2026-07-17 10:20:00,10.985,11.04,10.985,10.985,29788.0
2026-07-17,2026-07-17 10:25:00,10.98,10.98,10.935,10.96,17786.0
2026-07-17,2026-07-17 10:30:00,10.97,10.985,10.965,10.98,13840.0
2026-07-17,2026-07-17 10:35:00,10.985,10.985,10.945,10.945,30527.0
2026-07-17,2026-07-17 10:40:00,10.945,10.975,10.94,10.955,31459.0
2026-07-17,2026-07-17 10:45:00,10.96,10.975,10.95,10.955,33264.0
2026-07-17,2026-07-17 10:50:00,10.955,10.96,10.915,10.925,39788.0
2026-07-17,2026-07-17 10:55:00,10.925,10.965,10.915,10.965,98713.0
2026-07-17,2026-07-17 11:00:00,10.965,11.005,10.95,10.99,39429.0
2026-07-17,2026-07-17 11:05:00,10.99,10.995,10.96,10.99,98304.0
2026-07-17,2026-07-17 11:10:00,10.995,10.995,10.96,10.965,58805.0
2026-07-17,2026-07-17 11:15:00,10.965,10.97,10.94,10.945,36797.0
2026-07-17,2026-07-17 11:20:00,10.94,10.945,10.91,10.925,56156.0
2026-07-17,2026-07-17 11:25:00,10.92,10.925,10.9,10.905,27681.0
2026-07-17,2026-07-17 11:30:00,10.905,10.915,10.9,10.915,26993.0
2026-07-17,2026-07-17 11:35:00,10.92,10.92,10.88,10.895,39518.0
2026-07-17,2026-07-17 11:40:00,10.895,10.905,10.885,10.9,24804.0
2026-07-17,2026-07-17 11:45:00,10.9,10.905,10.885,10.885,60881.0
2026-07-17,2026-07-17 11:50:00,10.885,10.885,10.85,10.865,37152.0
2026-07-17,2026-07-17 11:55:00,10.865,10.865,10.855,10.86,8581.0
2026-07-17,2026-07-17 12:00:00,10.865,10.905,10.86,10.885,118404.0
2026-07-17,2026-07-17 12:05:00,10.885,10.89,10.845,10.88,79886.0
2026-07-17,2026-07-17 12:10:00,10.885,10.885,10.865,10.875,34736.0
2026-07-17,2026-07-17 12:15:00,10.875,10.89,10.86,10.87,43101.0
2026-07-17,2026-07-17 12:20:00,10.865,10.865,10.845,10.855,17785.0
2026-07-17,2026-07-17 12:25:00,10.855,10.87,10.855,10.865,27568.0
2026-07-17,2026-07-17 12:30:00,10.865,10.865,10.84,10.84,28255.0
2026-07-17,2026-07-17 12:35:00,10.84,10.845,10.83,10.83,14154.0
2026-07-17,2026-07-17 12:40:00,10.83,10.83,10.81,10.815,14811.0
2026-07-17,2026-07-17 12:45:00,10.815,10.815,10.8,10.805,30113.0
2026-07-17,2026-07-17 12:50:00,10.8,10.815,10.79,10.815,15196.0
2026-07-17,2026-07-17 12:55:00,10.81,10.825,10.805,10.82,40315.0
2026-07-17,2026-07-17 13:00:00,10.815,10.815,10.795,10.805,22397.0
2026-07-17,2026-07-17 13:05:00,10.805,10.82,10.8,10.81,28891.0
2026-07-17,2026-07-17 13:10:00,10.815,10.845,10.81,10.845,19328.0
2026-07-17,2026-07-17 13:15:00,10.845,10.86,10.835,10.835,33279.0
2026-07-17,2026-07-17 13:20:00,10.83,10.8301,10.76,10.765,91925.0
2026-07-17,2026-07-17 13:25:00,10.765,10.8,10.765,10.8,63243.0
2026-07-17,2026-07-17 13:30:00,10.795,10.799,10.785,10.785,21797.0
2026-07-17,2026-07-17 13:35:00,10.785,10.785,10.76,10.765,25964.0
2026-07-17,2026-07-17 13:40:00,10.765,10.775,10.725,10.7422,126771.0
2026-07-17,2026-07-17 13:45:00,10.745,10.745,10.73,10.73,34316.0
2026-07-17,2026-07-17 13:50:00,10.735,10.735,10.725,10.725,30552.0
2026-07-17,2026-07-17 13:55:00,10.725,10.725,10.6975,10.725,41097.0
2026-07-17,2026-07-17 14:00:00,10.725,10.725,10.7,10.705,30151.0
2026-07-17,2026-07-17 14:05:00,10.705,10.74,10.69,10.735,74976.0
2026-07-17,2026-07-17 14:10:00,10.735,10.74,10.71,10.715,36670.0
2026-07-17,2026-07-17 14:15:00,10.715,10.74,10.715,10.735,39423.0
2026-07-17,2026-07-17 14:20:00,10.735,10.75,10.73,10.75,18651.0
2026-07-17,2026-07-17 14:25:00,10.755,10.77,10.745,10.755,31232.0
2026-07-17,2026-07-17 14:30:00,10.755,10.755,10.735,10.74,27881.0
2026-07-17,2026-07-17 14:35:00,10.735,10.75,10.71,10.71,51400.0
2026-07-17,2026-07-17 14:40:00,10.715,10.725,10.71,10.72,13294.0
2026-07-17,2026-07-17 14:45:00,10.725,10.725,10.7,10.715,26072.0
2026-07-17,2026-07-17 14:50:00,10.715,10.72,10.715,10.715,9155.0
2026-07-17,2026-07-17 14:55:00,10.715,10.725,10.71,10.725,28469.0
2026-07-17,2026-07-17 15:00:00,10.725,10.76,10.715,10.745,43188.0
2026-07-17,2026-07-17 15:05:00,10.735,10.755,10.665,10.755,107844.0
2026-07-17,2026-07-17 15:10:00,10.755,10.755,10.72,10.725,59553.0
2026-07-17,2026-07-17 15:15:00,10.725,10.76,10.72,10.75,26218.0
2026-07-17,2026-07-17 15:20:00,10.745,10.77,10.745,10.765,26115.0
2026-07-17,2026-07-17 15:25:00,10.765,10.775,10.75,10.755,88298.0
2026-07-17,2026-07-17 15:30:00,10.755,10.79,10.75,10.79,40892.0
2026-07-17,2026-07-17 15:35:00,10.79,10.795,10.765,10.77,49268.0
2026-07-17,2026-07-17 15:40:00,10.78,10.81,10.78,10.795,55748.0
2026-07-17,2026-07-17 15:45:00,10.8,10.84,10.8,10.835,74392.0
2026-07-17,2026-07-17 15:50:00,10.835,10.84,10.82,10.82,94405.0
2026-07-17,2026-07-17 15:55:00,10.82,10.83,10.78,10.795,73190.0
2026-07-17,2026-07-17 16:00:00,10.795,10.835,10.795,10.82,692614.0
2026-07-20,2026-07-20 09:35:00,10.82,10.89,10.695,10.72,170822.0
2026-07-20,2026-07-20 09:40:00,10.73,10.82,10.705,10.79,64233.0
2026-07-20,2026-07-20 09:45:00,10.79,10.82,10.71,10.71,40247.0
2026-07-20,2026-07-20 09:50:00,10.715,10.72,10.63,10.67,35183.0
2026-07-20,2026-07-20 09:55:00,10.67,10.685,10.565,10.575,48487.0
2026-07-20,2026-07-20 10:00:00,10.57,10.65,10.55,10.63,54430.0
2026-07-20,2026-07-20 10:05:00,10.63,10.68,10.615,10.645,86659.0
2026-07-20,2026-07-20 10:10:00,10.64,10.665,10.64,10.645,25013.0
2026-07-20,2026-07-20 10:15:00,10.645,10.7,10.64,10.675,37725.0
2026-07-20,2026-07-20 10:20:00,10.68,10.685,10.635,10.675,42043.0
2026-07-20,2026-07-20 10:25:00,10.67,10.715,10.67,10.715,35136.0
2026-07-20,2026-07-20 10:30:00,10.71,10.725,10.66,10.705,37304.0
2026-07-20,2026-07-20 10:35:00,10.705,10.715,10.675,10.685,32926.0
2026-07-20,2026-07-20 10:40:00,10.685,10.735,10.675,10.715,38437.0
2026-07-20,2026-07-20 10:45:00,10.715,10.735,10.705,10.705,26350.0
2026-07-20,2026-07-20 10:50:00,10.7,10.72,10.7,10.715,31865.0
2026-07-20,2026-07-20 10:55:00,10.715,10.715,10.69,10.695,32231.0
2026-07-20,2026-07-20 11:00:00,10.695,10.695,10.65,10.685,43380.0
2026-07-20,2026-07-20 11:05:00,10.69,10.735,10.69,10.735,39456.0
2026-07-20,2026-07-20 11:10:00,10.735,10.79,10.725,10.775,43513.0
2026-07-20,2026-07-20 11:15:00,10.78,10.85,10.77,10.84,62898.0
2026-07-20,2026-07-20 11:20:00,10.835,10.865,10.805,10.865,59952.0
2026-07-20,2026-07-20 11:25:00,10.865,10.876,10.855,10.865,55780.0
2026-07-20,2026-07-20 11:30:00,10.865,10.865,10.825,10.845,43602.0
2026-07-20,2026-07-20 11:35:00,10.85,10.865,10.835,10.855,43771.0
2026-07-20,2026-07-20 11:40:00,10.85,10.87,10.835,10.87,32817.0
2026-07-20,2026-07-20 11:45:00,10.87,10.89,10.855,10.885,41098.0
2026-07-20,2026-07-20 11:50:00,10.885,10.89,10.86,10.865,36363.0
2026-07-20,2026-07-20 11:55:00,10.87,10.875,10.83,10.83,46639.0
2026-07-20,2026-07-20 12:00:00,10.84,10.84,10.775,10.775,38310.0
2026-07-20,2026-07-20 12:05:00,10.77,10.795,10.77,10.795,40615.0
2026-07-20,2026-07-20 12:10:00,10.795,10.795,10.775,10.785,31542.0
2026-07-20,2026-07-20 12:15:00,10.785,10.8,10.78,10.785,52738.0
2026-07-20,2026-07-20 12:20:00,10.79,10.825,10.78,10.825,54392.0
2026-07-20,2026-07-20 12:25:00,10.825,10.84,10.825,10.84,24353.0
2026-07-20,2026-07-20 12:30:00,10.835,10.845,10.815,10.825,42983.0
2026-07-20,2026-07-20 12:35:00,10.825,10.85,10.815,10.85,50845.0
2026-07-20,2026-07-20 12:40:00,10.85,10.875,10.845,10.845,64527.0
2026-07-20,2026-07-20 12:45:00,10.845,10.85,10.82,10.835,73501.0
2026-07-20,2026-07-20 12:50:00,10.83,10.845,10.815,10.835,60342.0
2026-07-20,2026-07-20 12:55:00,10.84,10.845,10.815,10.835,56284.0
2026-07-20,2026-07-20 13:00:00,10.83,10.835,10.81,10.815,89732.0
2026-07-20,2026-07-20 13:05:00,10.815,10.835,10.815,10.835,53278.0
2026-07-20,2026-07-20 13:10:00,10.84,10.855,10.84,10.85,26664.0
2026-07-20,2026-07-20 13:15:00,10.845,10.87,10.84,10.85,95979.0
2026-07-20,2026-07-20 13:20:00,10.845,10.85,10.83,10.835,40623.0
2026-07-20,2026-07-20 13:25:00,10.835,10.86,10.835,10.86,57235.0
2026-07-20,2026-07-20 13:30:00,10.85,10.855,10.835,10.835,33850.0
2026-07-20,2026-07-20 13:35:00,10.835,10.86,10.835,10.855,45228.0
2026-07-20,2026-07-20 13:40:00,10.855,10.855,10.84,10.845,26537.0
2026-07-20,2026-07-20 13:45:00,10.84,10.875,10.84,10.865,40665.0
2026-07-20,2026-07-20 13:50:00,10.865,10.89,10.865,10.865,43105.0
2026-07-20,2026-07-20 13:55:00,10.87,10.89,10.865,10.875,57663.0
2026-07-20,2026-07-20 14:00:00,10.87,10.88,10.865,10.875,46596.0
2026-07-20,2026-07-20 14:05:00,10.88,10.895,10.87,10.89,55892.0
2026-07-20,2026-07-20 14:10:00,10.885,10.9,10.88,10.88,34834.0
2026-07-20,2026-07-20 14:15:00,10.88,10.915,10.88,10.905,60867.0
2026-07-20,2026-07-20 14:20:00,10.905,10.915,10.9,10.915,37719.0
2026-07-20,2026-07-20 14:25:00,10.915,10.935,10.9,10.925,79028.0
2026-07-20,2026-07-20 14:30:00,10.92,10.94,10.915,10.935,48222.0
2026-07-20,2026-07-20 14:35:00,10.93,10.94,10.92,10.925,52523.0
2026-07-20,2026-07-20 14:40:00,10.925,10.95,10.92,10.925,81334.0
2026-07-20,2026-07-20 14:45:00,10.925,10.955,10.925,10.935,57257.0
2026-07-20,2026-07-20 14:50:00,10.935,10.935,10.88,10.885,68534.0
2026-07-20,2026-07-20 14:55:00,10.88,10.91,10.87,10.91,52573.0
2026-07-20,2026-07-20 15:00:00,10.905,10.91,10.84,10.84,130011.0
2026-07-20,2026-07-20 15:05:00,10.84,10.88,10.805,10.875,115396.0
2026-07-20,2026-07-20 15:10:00,10.875,10.9,10.865,10.895,45268.0
2026-07-20,2026-07-20 15:15:00,10.895,10.9,10.88,10.885,59607.0
2026-07-20,2026-07-20 15:20:00,10.885,10.89,10.86,10.875,87423.0
2026-07-20,2026-07-20 15:25:00,10.875,10.89,10.87,10.88,117651.0
2026-07-20,2026-07-20 15:30:00,10.88,10.89,10.865,10.885,69410.0
2026-07-20,2026-07-20 15:35:00,10.89,10.9,10.87,10.875,90148.0
2026-07-20,2026-07-20 15:40:00,10.875,10.88,10.845,10.845,65675.0
2026-07-20,2026-07-20 15:45:00,10.84,10.875,10.84,10.875,68014.0
2026-07-20,2026-07-20 15:50:00,10.88,10.915,10.87,10.905,105678.0
2026-07-20,2026-07-20 15:55:00,10.9,10.92,10.9,10.91,203727.0
2026-07-20,2026-07-20 16:00:00,10.92,10.925,10.84,10.84,1132277.0
2026-07-21,2026-07-21 09:35:00,10.78,10.93,10.69,10.93,42645.0
2026-07-21,2026-07-21 09:40:00,10.88,10.89,10.77,10.77,12052.0
2026-07-21,2026-07-21 09:45:00,10.77,10.82,10.694,10.694,7754.0
2026-07-21,2026-07-21 09:50:00,10.7,10.795,10.68,10.77,20525.0
2026-07-21,2026-07-21 09:55:00,10.765,10.8,10.72,10.8,30339.0
2026-07-21,2026-07-21 10:00:00,10.795,10.82,10.76,10.76,7609.0
2026-07-21,2026-07-21 10:05:00,10.77,10.81,10.735,10.805,31308.0
2026-07-21,2026-07-21 10:10:00,10.81,10.825,10.795,10.81,21248.0
2026-07-21,2026-07-21 10:15:00,10.805,10.84,10.805,10.825,39725.0
2026-07-21,2026-07-21 10:20:00,10.82,10.855,10.815,10.85,23597.0
2026-07-21,2026-07-21 10:25:00,10.855,10.86,10.83,10.855,19090.0
2026-07-21,2026-07-21 10:30:00,10.855,10.88,10.845,10.845,28411.0
2026-07-21,2026-07-21 10:35:00,10.845,10.85,10.83,10.835,16722.0
2026-07-21,2026-07-21 10:40:00,10.835,10.835,10.795,10.825,52833.0
2026-07-21,2026-07-21 10:45:00,10.825,10.845,10.815,10.825,23749.0
2026-07-21,2026-07-21 10:50:00,10.825,10.835,10.815,10.825,23553.0
2026-07-21,2026-07-21 10:55:00,10.825,10.85,10.815,10.83,25072.0
2026-07-21,2026-07-21 11:00:00,10.825,10.845,10.825,10.84,8140.0
2026-07-21,2026-07-21 11:05:00,10.845,10.85,10.82,10.825,37057.0
2026-07-21,2026-07-21 11:10:00,10.825,10.855,10.82,10.835,39663.0
2026-07-21,2026-07-21 11:15:00,10.84,10.855,10.84,10.845,9235.0
2026-07-21,2026-07-21 11:20:00,10.85,10.875,10.8436,10.875,11870.0
2026-07-21,2026-07-21 11:25:00,10.87,10.905,10.865,10.895,54541.0
2026-07-21,2026-07-21 11:30:00,10.895,10.925,10.895,10.92,15699.0
2026-07-21,2026-07-21 11:35:00,10.92,10.935,10.9,10.915,28210.0
2026-07-21,2026-07-21 11:40:00,10.915,10.915,10.905,10.915,10542.0
2026-07-21,2026-07-21 11:45:00,10.915,10.92,10.905,10.91,10800.0
2026-07-21,2026-07-21 11:50:00,10.915,10.915,10.89,10.895,16964.0
2026-07-21,2026-07-21 11:55:00,10.895,10.895,10.87,10.875,18479.0
2026-07-21,2026-07-21 12:00:00,10.88,10.895,10.88,10.89,42455.0
2026-07-21,2026-07-21 12:05:00,10.895,10.915,10.885,10.915,24704.0
2026-07-21,2026-07-21 12:10:00,10.91,10.945,10.91,10.935,31833.0
2026-07-21,2026-07-21 12:15:00,10.935,10.94,10.92,10.94,12547.0
2026-07-21,2026-07-21 12:20:00,10.94,10.945,10.925,10.93,16651.0
2026-07-21,2026-07-21 12:25:00,10.925,10.94,10.925,10.93,8388.0
2026-07-21,2026-07-21 12:30:00,10.925,10.955,10.925,10.955,26216.0
2026-07-21,2026-07-21 12:35:00,10.955,10.955,10.945,10.955,17438.0
2026-07-21,2026-07-21 12:40:00,10.955,10.96,10.95,10.95,6924.0
2026-07-21,2026-07-21 12:45:00,10.945,10.945,10.92,10.925,11742.0
2026-07-21,2026-07-21 12:50:00,10.925,10.935,10.915,10.915,32238.0
2026-07-21,2026-07-21 12:55:00,10.915,10.92,10.91,10.915,12740.0
2026-07-21,2026-07-21 13:00:00,10.91,10.915,10.91,10.91,5457.0
2026-07-21,2026-07-21 13:05:00,10.91,10.91,10.875,10.88,32723.0
2026-07-21,2026-07-21 13:10:00,10.8799,10.89,10.875,10.89,10219.0
2026-07-21,2026-07-21 13:15:00,10.885,10.89,10.88,10.885,5710.0
2026-07-21,2026-07-21 13:20:00,10.885,10.89,10.855,10.855,34361.0
2026-07-21,2026-07-21 13:25:00,10.85,10.87,10.845,10.865,46583.0
2026-07-21,2026-07-21 13:30:00,10.87,10.885,10.865,10.875,22034.0
2026-07-21,2026-07-21 13:35:00,10.875,10.885,10.855,10.865,26969.0
2026-07-21,2026-07-21 13:40:00,10.86,10.875,10.855,10.865,34428.0
2026-07-21,2026-07-21 13:45:00,10.865,10.885,10.86,10.885,13068.0
2026-07-21,2026-07-21 13:50:00,10.885,10.9,10.875,10.895,15104.0
2026-07-21,2026-07-21 13:55:00,10.895,10.9,10.89,10.895,17078.0
2026-07-21,2026-07-21 14:00:00,10.895,10.905,10.87,10.885,43429.0
2026-07-21,2026-07-21 14:05:00,10.885,10.89,10.865,10.885,32739.0
2026-07-21,2026-07-21 14:10:00,10.885,10.89,10.88,10.89,17631.0
2026-07-21,2026-07-21 14:15:00,10.885,10.9,10.88,10.9,36448.0
2026-07-21,2026-07-21 14:20:00,10.89,10.89,10.875,10.875,20371.0
2026-07-21,2026-07-21 14:25:00,10.875,10.88,10.87,10.875,7714.0
2026-07-21,2026-07-21 14:30:00,10.875,10.88,10.87,10.875,15864.0
2026-07-21,2026-07-21 14:35:00,10.875,10.88,10.861,10.875,46217.0
2026-07-21,2026-07-21 14:40:00,10.875,10.886,10.875,10.885,14260.0
2026-07-21,2026-07-21 14:45:00,10.885,10.9,10.88,10.895,16058.0
2026-07-21,2026-07-21 14:50:00,10.895,10.9,10.865,10.875,44938.0
2026-07-21,2026-07-21 14:55:00,10.875,10.88,10.855,10.865,58699.0
2026-07-21,2026-07-21 15:00:00,10.87,10.88,10.865,10.875,58084.0
2026-07-21,2026-07-21 15:05:00,10.875,10.885,10.86,10.885,48542.0
2026-07-21,2026-07-21 15:10:00,10.89,10.895,10.87,10.895,30625.0
2026-07-21,2026-07-21 15:15:00,10.89,10.895,10.88,10.895,20505.0
2026-07-21,2026-07-21 15:20:00,10.895,10.9,10.885,10.885,14971.0
2026-07-21,2026-07-21 15:25:00,10.88,10.91,10.865,10.885,70378.0
2026-07-21,2026-07-21 15:30:00,10.885,10.885,10.84,10.84,33652.0
2026-07-21,2026-07-21 15:35:00,10.84,10.86,10.84,10.855,36461.0
2026-07-21,2026-07-21 15:40:00,10.86,10.86,10.845,10.855,41146.0
2026-07-21,2026-07-21 15:45:00,10.85,10.85,10.8,10.8,37758.0
2026-07-21,2026-07-21 15:50:00,10.8,10.865,10.8,10.85,189336.0
2026-07-21,2026-07-21 15:55:00,10.855,10.9,10.855,10.875,168311.0
2026-07-21,2026-07-21 16:00:00,10.875,10.9,10.865,10.9,1318208.0
2026-07-22,2026-07-22 09:35:00,11.0,11.06,10.96,10.971,45279.0
2026-07-22,2026-07-22 09:40:00,10.99,11.06,10.97,11.06,19856.0
2026-07-22,2026-07-22 09:45:00,11.08,11.1,11.04,11.081,20692.0
2026-07-22,2026-07-22 09:50:00,11.08,11.11,11.065,11.105,20100.0
2026-07-22,2026-07-22 09:55:00,11.11,11.165,11.11,11.12,11857.0
2026-07-22,2026-07-22 10:00:00,11.11,11.14,11.1,11.111,24853.0
2026-07-22,2026-07-22 10:05:00,11.09,11.21,11.09,11.21,20397.0
2026-07-22,2026-07-22 10:10:00,11.21,11.22,11.18,11.22,45428.0
2026-07-22,2026-07-22 10:15:00,11.225,11.27,11.2,11.245,45410.0
2026-07-22,2026-07-22 10:20:00,11.25,11.295,11.24,11.29,30239.0
2026-07-22,2026-07-22 10:25:00,11.3,11.31,11.23,11.235,20582.0
2026-07-22,2026-07-22 10:30:00,11.235,11.235,11.18,11.1898,24544.0
2026-07-22,2026-07-22 10:35:00,11.185,11.185,11.115,11.135,25201.0
2026-07-22,2026-07-22 10:40:00,11.135,11.135,11.115,11.125,16988.0
2026-07-22,2026-07-22 10:45:00,11.125,11.125,11.085,11.095,56855.0
2026-07-22,2026-07-22 10:50:00,11.09,11.165,11.07,11.145,118358.0
2026-07-22,2026-07-22 10:55:00,11.15,11.16,11.135,11.155,14301.0
2026-07-22,2026-07-22 11:00:00,11.155,11.16,11.14,11.155,11122.0
2026-07-22,2026-07-22 11:05:00,11.155,11.16,11.135,11.16,31149.0
2026-07-22,2026-07-22 11:10:00,11.155,11.155,11.125,11.135,17878.0
2026-07-22,2026-07-22 11:15:00,11.13,11.13,11.115,11.115,11467.0
2026-07-22,2026-07-22 11:20:00,11.115,11.125,11.095,11.125,68978.0
2026-07-22,2026-07-22 11:25:00,11.125,11.15,11.125,11.145,15913.0
2026-07-22,2026-07-22 11:30:00,11.145,11.155,11.135,11.15,20049.0
2026-07-22,2026-07-22 11:35:00,11.15,11.165,11.115,11.115,21773.0
2026-07-22,2026-07-22 11:40:00,11.11,11.14,11.1,11.135,48064.0
2026-07-22,2026-07-22 11:45:00,11.135,11.14,11.115,11.125,19127.0
2026-07-22,2026-07-22 11:50:00,11.125,11.13,11.125,11.125,5833.0
2026-07-22,2026-07-22 11:55:00,11.13,11.145,11.13,11.145,26581.0
2026-07-22,2026-07-22 12:00:00,11.14,11.145,11.13,11.13,14630.0
2026-07-22,2026-07-22 12:05:00,11.14,11.155,11.14,11.155,10461.0
2026-07-22,2026-07-22 12:10:00,11.155,11.16,11.14,11.14,13733.0
2026-07-22,2026-07-22 12:15:00,11.14,11.15,11.125,11.15,22725.0
2026-07-22,2026-07-22 12:20:00,11.15,11.15,11.135,11.145,13355.0
2026-07-22,2026-07-22 12:25:00,11.14,11.16,11.14,11.145,23211.0
2026-07-22,2026-07-22 12:30:00,11.15,11.175,11.15,11.17,20513.0
2026-07-22,2026-07-22 12:35:00,11.17,11.1799,11.165,11.165,11525.0
2026-07-22,2026-07-22 12:40:00,11.165,11.175,11.165,11.175,21404.0
2026-07-22,2026-07-22 12:45:00,11.175,11.2,11.175,11.19,16238.0
2026-07-22,2026-07-22 12:50:00,11.185,11.19,11.165,11.175,20174.0
2026-07-22,2026-07-22 12:55:00,11.175,11.175,11.155,11.155,16388.0
2026-07-22,2026-07-22 13:00:00,11.155,11.16,11.155,11.155,8612.0
2026-07-22,2026-07-22 13:05:00,11.15,11.175,11.15,11.165,9026.0
2026-07-22,2026-07-22 13:10:00,11.17,11.18,11.16,11.17,12601.0
2026-07-22,2026-07-22 13:15:00,11.17,11.18,11.17,11.175,7989.0
2026-07-22,2026-07-22 13:20:00,11.175,11.175,11.145,11.145,29102.0
2026-07-22,2026-07-22 13:25:00,11.145,11.15,11.135,11.135,15721.0
2026-07-22,2026-07-22 13:30:00,11.135,11.15,11.13,11.13,9192.0
2026-07-22,2026-07-22 13:35:00,11.14,11.145,11.135,11.145,9927.0
2026-07-22,2026-07-22 13:40:00,11.1477,11.15,11.14,11.145,8843.0
2026-07-22,2026-07-22 13:45:00,11.145,11.145,11.115,11.125,25748.0
2026-07-22,2026-07-22 13:50:00,11.125,11.13,11.12,11.125,7501.0
2026-07-22,2026-07-22 13:55:00,11.125,11.135,11.12,11.135,22843.0
2026-07-22,2026-07-22 14:00:00,11.135,11.14,11.13,11.135,8053.0
2026-07-22,2026-07-22 14:05:00,11.1395,11.145,11.13,11.135,21907.0
2026-07-22,2026-07-22 14:10:00,11.135,11.14,11.125,11.125,12951.0
2026-07-22,2026-07-22 14:15:00,11.1209,11.135,11.11,11.125,32641.0
2026-07-22,2026-07-22 14:20:00,11.125,11.15,11.125,11.135,26878.0
2026-07-22,2026-07-22 14:25:00,11.14,11.15,11.14,11.145,11907.0
2026-07-22,2026-07-22 14:30:00,11.15,11.15,11.13,11.135,12658.0
2026-07-22,2026-07-22 14:35:00,11.135,11.14,11.12,11.125,20751.0
2026-07-22,2026-07-22 14:40:00,11.125,11.13,11.115,11.125,27092.0
2026-07-22,2026-07-22 14:45:00,11.125,11.1387,11.105,11.135,40823.0
2026-07-22,2026-07-22 14:50:00,11.14,11.15,11.125,11.13,36400.0
2026-07-22,2026-07-22 14:55:00,11.125,11.13,11.11,11.11,21384.0
2026-07-22,2026-07-22 15:00:00,11.105,11.11,11.095,11.105,52899.0
2026-07-22,2026-07-22 15:05:00,11.105,11.105,11.045,11.055,79352.0
2026-07-22,2026-07-22 15:10:00,11.055,11.07,11.0501,11.055,27758.0
2026-07-22,2026-07-22 15:15:00,11.06,11.09,11.055,11.075,38524.0
2026-07-22,2026-07-22 15:20:00,11.075,11.1,11.075,11.085,27996.0
2026-07-22,2026-07-22 15:25:00,11.08,11.085,11.04,11.045,37323.0
2026-07-22,2026-07-22 15:30:00,11.045,11.045,11.02,11.025,27549.0
2026-07-22,2026-07-22 15:35:00,11.025,11.06,11.02,11.045,95500.0
2026-07-22,2026-07-22 15:40:00,11.045,11.0488,11.005,11.015,53474.0
2026-07-22,2026-07-22 15:45:00,11.015,11.03,11.005,11.01,76726.0
2026-07-22,2026-07-22 15:50:00,11.005,11.035,11.005,11.02,157751.0
2026-07-22,2026-07-22 15:55:00,11.02,11.03,10.99,11.03,119700.0
2026-07-22,2026-07-22 16:00:00,11.03,11.12,11.03,11.11,1269046.0
2026-07-23,2026-07-23 09:35:00,11.07,11.18,10.94,11.14,55581.0
2026-07-23,2026-07-23 09:40:00,11.12,11.165,11.0601,11.12,13966.0
2026-07-23,2026-07-23 09:45:00,11.12,11.17,11.12,11.17,3772.0
2026-07-23,2026-07-23 09:50:00,11.14,11.175,11.125,11.125,23185.0
2026-07-23,2026-07-23 09:55:00,11.13,11.13,11.075,11.1,8088.0
2026-07-23,2026-07-23 10:00:00,11.0991,11.115,11.0722,11.09,25435.0
2026-07-23,2026-07-23 10:05:00,11.085,11.12,11.085,11.105,40030.0
2026-07-23,2026-07-23 10:10:00,11.1,11.13,11.09,11.09,32240.0
2026-07-23,2026-07-23 10:15:00,11.085,11.175,11.08,11.16,24432.0
2026-07-23,2026-07-23 10:20:00,11.16,11.22,11.155,11.175,38624.0
2026-07-23,2026-07-23 10:25:00,11.175,11.175,11.13,11.14,19363.0
2026-07-23,2026-07-23 10:30:00,11.135,11.14,11.11,11.11,15053.0
2026-07-23,2026-07-23 10:35:00,11.105,11.105,11.065,11.095,27900.0
2026-07-23,2026-07-23 10:40:00,11.095,11.15,11.085,11.135,41245.0
2026-07-23,2026-07-23 10:45:00,11.135,11.169,11.125,11.14,39826.0
2026-07-23,2026-07-23 10:50:00,11.14,11.17,11.125,11.145,43199.0
2026-07-23,2026-07-23 10:55:00,11.145,11.17,11.13,11.16,16751.0
2026-07-23,2026-07-23 11:00:00,11.155,11.16,11.13,11.13,14215.0
2026-07-23,2026-07-23 11:05:00,11.125,11.14,11.09,11.12,44913.0
2026-07-23,2026-07-23 11:10:00,11.119,11.14,11.105,11.14,39778.0
2026-07-23,2026-07-23 11:15:00,11.135,11.135,11.11,11.12,14280.0
2026-07-23,2026-07-23 11:20:00,11.115,11.145,11.01,11.01,207681.0
2026-07-23,2026-07-23 11:25:00,11.015,11.025,10.98,10.985,43947.0
2026-07-23,2026-07-23 11:30:00,10.98,10.985,10.96,10.965,60016.0
2026-07-23,2026-07-23 11:35:00,10.969,11.01,10.92,10.945,150199.0
2026-07-23,2026-07-23 11:40:00,10.945,10.945,10.905,10.928,159450.0
2026-07-23,2026-07-23 11:45:00,10.925,10.945,10.925,10.925,71318.0
2026-07-23,2026-07-23 11:50:00,10.925,10.945,10.895,10.91,103804.0
2026-07-23,2026-07-23 11:55:00,10.905,10.92,10.88,10.895,119289.0
2026-07-23,2026-07-23 12:00:00,10.9,10.92,10.89,10.895,60758.0
2026-07-23,2026-07-23 12:05:00,10.895,10.92,10.895,10.905,91692.0
2026-07-23,2026-07-23 12:10:00,10.905,10.94,10.905,10.915,134298.0
2026-07-23,2026-07-23 12:15:00,10.91,10.94,10.905,10.93,198830.0
2026-07-23,2026-07-23 12:20:00,10.925,10.94,10.8825,10.9,102874.0
2026-07-23,2026-07-23 12:25:00,10.91,10.97,10.91,10.97,34944.0
2026-07-23,2026-07-23 12:30:00,10.975,11.0,10.975,10.995,47408.0
2026-07-23,2026-07-23 12:35:00,10.995,11.01,10.995,11.0,29385.0
2026-07-23,2026-07-23 12:40:00,11.0,11.06,10.98,11.035,185176.0
2026-07-23,2026-07-23 12:45:00,11.035,11.035,11.0,11.02,22433.0
2026-07-23,2026-07-23 12:50:00,11.015,11.025,10.995,11.0,61283.0
2026-07-23,2026-07-23 12:55:00,11.0,11.02,11.0,11.02,25921.0
2026-07-23,2026-07-23 13:00:00,11.01,11.02,11.01,11.01,15014.0
2026-07-23,2026-07-23 13:05:00,11.01,11.03,11.01,11.029,51309.0
2026-07-23,2026-07-23 13:10:00,11.029,11.035,11.015,11.015,37503.0
2026-07-23,2026-07-23 13:15:00,11.015,11.015,10.98,10.985,38015.0
2026-07-23,2026-07-23 13:20:00,10.985,11.02,10.985,10.99,80193.0
2026-07-23,2026-07-23 13:25:00,10.985,11.01,10.985,11.005,34386.0
2026-07-23,2026-07-23 13:30:00,11.005,11.0097,10.995,10.995,18816.0
2026-07-23,2026-07-23 13:35:00,10.995,11.01,10.98,10.9977,46418.0
2026-07-23,2026-07-23 13:40:00,10.995,11.01,10.98,11.005,39048.0
2026-07-23,2026-07-23 13:45:00,11.01,11.03,11.005,11.03,51451.0
2026-07-23,2026-07-23 13:50:00,11.03,11.03,11.015,11.025,26850.0
2026-07-23,2026-07-23 13:55:00,11.025,11.045,11.02,11.035,31488.0
2026-07-23,2026-07-23 14:00:00,11.035,11.04,11.02,11.025,18563.0
2026-07-23,2026-07-23 14:05:00,11.025,11.035,11.015,11.02,78120.0
2026-07-23,2026-07-23 14:10:00,11.015,11.025,11.01,11.015,45161.0
2026-07-23,2026-07-23 14:15:00,11.015,11.015,11.0,11.015,32854.0
2026-07-23,2026-07-23 14:20:00,11.015,11.03,11.0,11.025,35666.0
2026-07-23,2026-07-23 14:25:00,11.025,11.03,11.015,11.015,31757.0
2026-07-23,2026-07-23 14:30:00,11.015,11.02,11.01,11.015,16310.0
2026-07-23,2026-07-23 14:35:00,11.015,11.03,11.01,11.03,41203.0
2026-07-23,2026-07-23 14:40:00,11.025,11.03,11.01,11.015,26756.0
2026-07-23,2026-07-23 14:45:00,11.015,11.025,11.01,11.015,41909.0
2026-07-23,2026-07-23 14:50:00,11.015,11.04,11.015,11.035,21689.0
2026-07-23,2026-07-23 14:55:00,11.035,11.045,11.02,11.025,48344.0
2026-07-23,2026-07-23 15:00:00,11.025,11.025,10.98,10.995,88939.0
2026-07-23,2026-07-23 15:05:00,10.995,11.015,10.995,11.015,31584.0
2026-07-23,2026-07-23 15:10:00,11.02,11.025,11.0,11.025,88024.0
2026-07-23,2026-07-23 15:15:00,11.025,11.025,11.0,11.005,20568.0
2026-07-23,2026-07-23 15:20:00,11.005,11.01,11.0,11.005,20846.0
2026-07-23,2026-07-23 15:25:00,11.005,11.02,11.0,11.005,54964.0
2026-07-23,2026-07-23 15:30:00,11.01,11.01,10.97,10.975,33161.0
2026-07-23,2026-07-23 15:35:00,10.975,11.005,10.975,11.005,85031.0
2026-07-23,2026-07-23 15:40:00,11.0,11.005,10.98,10.985,29552.0
2026-07-23,2026-07-23 15:45:00,10.985,10.99,10.97,10.985,75057.0
2026-07-23,2026-07-23 15:50:00,10.98,10.985,10.9225,10.935,134442.0
2026-07-23,2026-07-23 15:55:00,10.94,10.975,10.94,10.975,102505.0
2026-07-23,2026-07-23 16:00:00,10.98,11.02,10.975,10.99,942186.0
2026-07-24,2026-07-24 09:35:00,11.03,11.05,10.5,10.58,152837.0
2026-07-24,2026-07-24 09:40:00,10.59,10.69,10.59,10.635,176659.0
2026-07-24,2026-07-24 09:45:00,10.64,10.755,10.64,10.705,35309.0
2026-07-24,2026-07-24 09:50:00,10.705,10.8,10.69,10.765,30787.0
2026-07-24,2026-07-24 09:55:00,10.8,10.84,10.745,10.745,94143.0
2026-07-24,2026-07-24 10:00:00,10.75,10.79,10.735,10.76,20208.0
2026-07-24,2026-07-24 10:05:00,10.76,10.765,10.705,10.765,38776.0
2026-07-24,2026-07-24 10:10:00,10.77,10.79,10.74,10.765,37006.0
2026-07-24,2026-07-24 10:15:00,10.765,10.785,10.76,10.775,23339.0
2026-07-24,2026-07-24 10:20:00,10.78,10.785,10.735,10.745,48896.0
2026-07-24,2026-07-24 10:25:00,10.74,10.795,10.71,10.795,72924.0
2026-07-24,2026-07-24 10:30:00,10.79,10.79,10.725,10.735,24621.0
2026-07-24,2026-07-24 10:35:00,10.735,10.78,10.735,10.765,36867.0
2026-07-24,2026-07-24 10:40:00,10.765,10.775,10.75,10.775,35236.0
2026-07-24,2026-07-24 10:45:00,10.77,10.79,10.77,10.775,18053.0
2026-07-24,2026-07-24 10:50:00,10.775,10.83,10.775,10.825,228372.0
2026-07-24,2026-07-24 10:55:00,10.825,10.845,10.805,10.825,144779.0
2026-07-24,2026-07-24 11:00:00,10.825,10.835,10.81,10.825,105066.0
2026-07-24,2026-07-24 11:05:00,10.825,10.85,10.795,10.845,65393.0
2026-07-24,2026-07-24 11:10:00,10.845,10.885,10.84,10.885,33052.0
2026-07-24,2026-07-24 11:15:00,10.885,10.95,10.885,10.935,34924.0
2026-07-24,2026-07-24 11:20:00,10.935,11.005,10.935,10.975,29039.0
2026-07-24,2026-07-24 11:25:00,10.98,11.02,10.98,11.01,33595.0
2026-07-24,2026-07-24 11:30:00,11.01,11.02,10.995,11.0,19577.0
2026-07-24,2026-07-24 11:35:00,11.0,11.015,10.955,10.955,49467.0
2026-07-24,2026-07-24 11:40:00,10.955,10.955,10.935,10.945,47179.0
2026-07-24,2026-07-24 11:45:00,10.945,10.945,10.91,10.915,25858.0
2026-07-24,2026-07-24 11:50:00,10.91,10.92,10.89,10.915,41692.0
2026-07-24,2026-07-24 11:55:00,10.92,10.93,10.875,10.875,55566.0
2026-07-24,2026-07-24 12:00:00,10.875,10.875,10.855,10.855,22364.0
2026-07-24,2026-07-24 12:05:00,10.855,10.87,10.845,10.8692,21174.0
2026-07-24,2026-07-24 12:10:00,10.87,10.91,10.87,10.91,24893.0
2026-07-24,2026-07-24 12:15:00,10.905,10.92,10.905,10.92,19918.0
2026-07-24,2026-07-24 12:20:00,10.915,10.935,10.91,10.915,30068.0
2026-07-24,2026-07-24 12:25:00,10.91,10.92,10.9,10.915,33313.0
2026-07-24,2026-07-24 12:30:00,10.92,10.94,10.915,10.935,29355.0
2026-07-24,2026-07-24 12:35:00,10.935,10.94,10.925,10.935,25348.0
2026-07-24,2026-07-24 12:40:00,10.935,10.94,10.93,10.935,9463.0
2026-07-24,2026-07-24 12:45:00,10.93,10.93,10.885,10.9,37135.0
2026-07-24,2026-07-24 12:50:00,10.9,10.915,10.895,10.895,28503.0
2026-07-24,2026-07-24 12:55:00,10.9,10.905,10.89,10.895,47985.0
2026-07-24,2026-07-24 13:00:00,10.895,10.905,10.89,10.895,33648.0
2026-07-24,2026-07-24 13:05:00,10.895,10.91,10.895,10.91,23570.0
2026-07-24,2026-07-24 13:10:00,10.9,10.91,10.885,10.885,31482.0
2026-07-24,2026-07-24 13:15:00,10.885,10.92,10.885,10.915,30858.0
2026-07-24,2026-07-24 13:20:00,10.915,10.995,10.915,10.9701,53679.0
2026-07-24,2026-07-24 13:25:00,10.975,11.035,10.975,11.0,70339.0
2026-07-24,2026-07-24 13:30:00,11.005,11.0464,10.97,11.045,41237.0
2026-07-24,2026-07-24 13:35:00,11.05,11.115,11.05,11.065,40741.0
2026-07-24,2026-07-24 13:40:00,11.06,11.11,11.055,11.096311,64654.0
2026-07-24,2026-07-24 13:45:00,11.095,11.1,11.065,11.07,32730.0
2026-07-24,2026-07-24 13:50:00,11.065,11.085,11.0316,11.0316,73281.0
2026-07-24,2026-07-24 13:55:00,11.035,11.06,10.99,10.99,75748.0
2026-07-24,2026-07-24 14:00:00,10.995,11.01,10.985,10.985,98715.0
2026-07-24,2026-07-24 14:05:00,10.98,11.01,10.965,11.01,105926.0
2026-07-24,2026-07-24 14:10:00,11.005,11.02,11.005,11.015,35762.0
2026-07-24,2026-07-24 14:15:00,11.02,11.025,10.975,11.015,60998.0
2026-07-24,2026-07-24 14:20:00,11.015,11.055,11.015,11.035,40558.0
2026-07-24,2026-07-24 14:25:00,11.03,11.055,11.025,11.05,42219.0
2026-07-24,2026-07-24 14:30:00,11.045,11.045,11.02,11.025,23188.0
2026-07-24,2026-07-24 14:35:00,11.025,11.04,10.98,10.985,65280.0
2026-07-24,2026-07-24 14:40:00,10.98,11.005,10.96,11.005,60784.0
2026-07-24,2026-07-24 14:45:00,11.01,11.015,11.0,11.015,36748.0
2026-07-24,2026-07-24 14:50:00,11.02,11.049,11.02,11.04,39757.0
2026-07-24,2026-07-24 14:55:00,11.05,11.06,11.035,11.04,40064.0
2026-07-24,2026-07-24 15:00:00,11.04,11.05,11.03,11.05,54219.0
2026-07-24,2026-07-24 15:05:00,11.05,11.085,11.05,11.075,58864.0
2026-07-24,2026-07-24 15:10:00,11.075,11.08,11.05,11.055,53707.0
2026-07-24,2026-07-24 15:15:00,11.055,11.06,11.035,11.05,50066.0
2026-07-24,2026-07-24 15:20:00,11.05,11.06,11.02,11.03,53689.0
2026-07-24,2026-07-24 15:25:00,11.03,11.06,11.015,11.045,74303.0
2026-07-24,2026-07-24 15:30:00,11.045,11.045,11.025,11.045,71553.0
2026-07-24,2026-07-24 15:35:00,11.045,11.07,11.045,11.045,56931.0
2026-07-24,2026-07-24 15:40:00,11.045,11.06,11.035,11.04,92157.0
2026-07-24,2026-07-24 15:45:00,11.035,11.06,11.03,11.035,84180.0
2026-07-24,2026-07-24 15:50:00,11.035,11.04,10.995,11.03,162880.0
2026-07-24,2026-07-24 15:55:00,11.025,11.045,11.01,11.035,186946.0
2026-07-24,2026-07-24 16:00:00,11.035,11.065,11.0,11.02,1510795.0
2026-07-27,2026-07-27 09:35:00,11.18,11.19,11.105,11.155,113438.0
2026-07-27,2026-07-27 09:40:00,11.17,11.19,11.095,11.19,53645.0
2026-07-27,2026-07-27 09:45:00,11.19,11.235,11.11,11.115,45538.0
2026-07-27,2026-07-27 09:50:00,11.115,11.16,11.06,11.06,85219.0
2026-07-27,2026-07-27 09:55:00,11.07,11.1,11.04,11.045,112217.0
2026-07-27,2026-07-27 10:00:00,11.045,11.055,11.005,11.02,96439.0
2026-07-27,2026-07-27 10:05:00,11.01,11.125,11.005,11.065,127643.0
2026-07-27,2026-07-27 10:10:00,11.065,11.08,11.031,11.055,93127.0
2026-07-27,2026-07-27 10:15:00,11.055,11.095,11.05,11.08,74064.0
2026-07-27,2026-07-27 10:20:00,11.09,11.12,11.09,11.105,97530.0
2026-07-27,2026-07-27 10:25:00,11.1,11.13,11.095,11.13,71407.0
2026-07-27,2026-07-27 10:30:00,11.13,11.165,11.125,11.125,88903.0
2026-07-27,2026-07-27 10:35:00,11.125,11.195,11.125,11.165,145574.0
2026-07-27,2026-07-27 10:40:00,11.17,11.235,11.17,11.22,55852.0
2026-07-27,2026-07-27 10:45:00,11.225,11.24,11.225,11.24,19161.0
2026-07-27,2026-07-27 10:50:00,11.24,11.25,11.215,11.22,27350.0
2026-07-27,2026-07-27 10:55:00,11.215,11.215,11.165,11.165,32224.0
2026-07-27,2026-07-27 11:00:00,11.165,11.21,11.16,11.21,57134.0
2026-07-27,2026-07-27 11:05:00,11.21,11.255,11.2,11.25,38033.0
2026-07-27,2026-07-27 11:10:00,11.24,11.25,11.22,11.245,45404.0
2026-07-27,2026-07-27 11:15:00,11.245,11.255,11.23,11.2332,30388.0
2026-07-27,2026-07-27 11:20:00,11.235,11.255,11.22,11.225,21631.0
2026-07-27,2026-07-27 11:25:00,11.23,11.23,11.21,11.225,24647.0
2026-07-27,2026-07-27 11:30:00,11.2201,11.23,11.21,11.21,24078.0
2026-07-27,2026-07-27 11:35:00,11.22,11.225,11.2,11.2,20343.0
2026-07-27,2026-07-27 11:40:00,11.19,11.2,11.175,11.195,27385.0
2026-07-27,2026-07-27 11:45:00,11.2,11.205,11.151,11.155,17611.0
2026-07-27,2026-07-27 11:50:00,11.155,11.165,11.145,11.145,30196.0
2026-07-27,2026-07-27 11:55:00,11.15,11.155,11.135,11.145,30100.0
2026-07-27,2026-07-27 12:00:00,11.14,11.15,11.13,11.14,42505.0
2026-07-27,2026-07-27 12:05:00,11.14,11.14,11.13,11.13,9802.0
2026-07-27,2026-07-27 12:10:00,11.13,11.155,11.13,11.15,26739.0
2026-07-27,2026-07-27 12:15:00,11.15,11.155,11.12,11.12,17572.0
2026-07-27,2026-07-27 12:20:00,11.12,11.14,11.105,11.135,36090.0
2026-07-27,2026-07-27 12:25:00,11.135,11.14,11.115,11.115,22848.0
2026-07-27,2026-07-27 12:30:00,11.115,11.17,11.115,11.165,52419.0
2026-07-27,2026-07-27 12:35:00,11.16,11.18,11.155,11.18,19476.0
2026-07-27,2026-07-27 12:40:00,11.1799,11.185,11.15,11.15,18973.0
2026-07-27,2026-07-27 12:45:00,11.155,11.16,11.14,11.145,13669.0
2026-07-27,2026-07-27 12:50:00,11.145,11.155,11.145,11.15,24086.0
2026-07-27,2026-07-27 12:55:00,11.145,11.16,11.145,11.15,25614.0
2026-07-27,2026-07-27 13:00:00,11.15,11.155,11.14,11.14,15601.0
2026-07-27,2026-07-27 13:05:00,11.135,11.135,11.1223,11.135,18436.0
2026-07-27,2026-07-27 13:10:00,11.135,11.14,11.12,11.125,13924.0
2026-07-27,2026-07-27 13:15:00,11.125,11.145,11.125,11.145,22017.0
2026-07-27,2026-07-27 13:20:00,11.15,11.15,11.135,11.135,14064.0
2026-07-27,2026-07-27 13:25:00,11.135,11.1488,11.1301,11.1488,22787.0
2026-07-27,2026-07-27 13:30:00,11.15,11.16,11.125,11.125,29213.0
2026-07-27,2026-07-27 13:35:00,11.13,11.16,11.13,11.145,34764.0
2026-07-27,2026-07-27 13:40:00,11.145,11.1493,11.13,11.1493,24937.0
2026-07-27,2026-07-27 13:45:00,11.145,11.145,11.14,11.145,8764.0
2026-07-27,2026-07-27 13:50:00,11.145,11.15,11.12,11.13,38124.0
2026-07-27,2026-07-27 13:55:00,11.13,11.15,11.125,11.125,44212.0
2026-07-27,2026-07-27 14:00:00,11.13,11.165,11.13,11.165,15062.0
2026-07-27,2026-07-27 14:05:00,11.165,11.165,11.14,11.145,38549.0
2026-07-27,2026-07-27 14:10:00,11.145,11.17,11.145,11.165,16831.0
2026-07-27,2026-07-27 14:15:00,11.165,11.18,11.165,11.175,26238.0
2026-07-27,2026-07-27 14:20:00,11.175,11.175,11.16,11.1687,15422.0
2026-07-27,2026-07-27 14:25:00,11.16,11.175,11.155,11.155,28357.0
2026-07-27,2026-07-27 14:30:00,11.16,11.17,11.155,11.17,24313.0
2026-07-27,2026-07-27 14:35:00,11.165,11.185,11.165,11.185,27847.0
2026-07-27,2026-07-27 14:40:00,11.19,11.2,11.185,11.195,32809.0
2026-07-27,2026-07-27 14:45:00,11.19,11.2099,11.175,11.185,51356.0
2026-07-27,2026-07-27 14:50:00,11.185,11.195,11.18,11.18,29103.0
2026-07-27,2026-07-27 14:55:00,11.18,11.185,11.165,11.185,67002.0
2026-07-27,2026-07-27 15:00:00,11.185,11.185,11.155,11.165,32312.0
2026-07-27,2026-07-27 15:05:00,11.17,11.175,11.165,11.165,32283.0
2026-07-27,2026-07-27 15:10:00,11.165,11.18,11.16,11.17,32378.0
2026-07-27,2026-07-27 15:15:00,11.165,11.17,11.155,11.155,29897.0
2026-07-27,2026-07-27 15:20:00,11.155,11.195,11.155,11.195,46097.0
2026-07-27,2026-07-27 15:25:00,11.195,11.215,11.191,11.191,31988.0
2026-07-27,2026-07-27 15:30:00,11.195,11.195,11.175,11.185,61050.0
2026-07-27,2026-07-27 15:35:00,11.185,11.195,11.165,11.175,43018.0
2026-07-27,2026-07-27 15:40:00,11.175,11.205,11.165,11.205,63538.0
2026-07-27,2026-07-27 15:45:00,11.205,11.22,11.2,11.205,44444.0
2026-07-27,2026-07-27 15:50:00,11.205,11.26,11.205,11.245,150657.0
2026-07-27,2026-07-27 15:55:00,11.24,11.24,11.21,11.215,161178.0
2026-07-27,2026-07-27 16:00:00,11.215,11.215,11.15,11.15,1342029.0
2026-07-28,2026-07-28 09:35:00,11.34,11.67,11.32,11.635,102629.0
2026-07-28,2026-07-28 09:40:00,11.64,11.65,11.515,11.52,35972.0
2026-07-28,2026-07-28 09:45:00,11.52,11.54,11.48,11.49,45190.0
2026-07-28,2026-07-28 09:50:00,11.5,11.52,11.48,11.5,48593.0
2026-07-28,2026-07-28 09:55:00,11.49,11.53,11.485,11.525,39405.0
2026-07-28,2026-07-28 10:00:00,11.53,11.535,11.505,11.53,28726.0
2026-07-28,2026-07-28 10:05:00,11.525,11.595,11.52,11.595,42609.0
2026-07-28,2026-07-28 10:10:00,11.59,11.605,11.575,11.595,39587.0
2026-07-28,2026-07-28 10:15:00,11.6,11.645,11.595,11.645,28499.0
2026-07-28,2026-07-28 10:20:00,11.645,11.675,11.615,11.675,41903.0
2026-07-28,2026-07-28 10:25:00,11.68,11.75,11.67,11.71,90991.0
2026-07-28,2026-07-28 10:30:00,11.72,11.73,11.67,11.695,41376.0
2026-07-28,2026-07-28 10:35:00,11.695,11.755,11.695,11.75,212530.0
2026-07-28,2026-07-28 10:40:00,11.745,11.82,11.735,11.765,139054.0
2026-07-28,2026-07-28 10:45:00,11.765,11.8,11.735,11.75,108277.0
2026-07-28,2026-07-28 10:50:00,11.745,11.78,11.7449,11.765,43311.0
2026-07-28,2026-07-28 10:55:00,11.76,11.765,11.715,11.7214,50936.0
2026-07-28,2026-07-28 11:00:00,11.725,11.73,11.665,11.675,40562.0
2026-07-28,2026-07-28 11:05:00,11.67,11.67,11.64,11.64,34121.0
2026-07-28,2026-07-28 11:10:00,11.65,11.655,11.63,11.645,21954.0
2026-07-28,2026-07-28 11:15:00,11.65,11.705,11.65,11.705,25789.0
2026-07-28,2026-07-28 11:20:00,11.705,11.715,11.68,11.685,52918.0
2026-07-28,2026-07-28 11:25:00,11.685,11.73,11.685,11.71,195981.0
2026-07-28,2026-07-28 11:30:00,11.7,11.725,11.695,11.71,30984.0
2026-07-28,2026-07-28 11:35:00,11.705,11.72,11.7,11.715,69695.0
2026-07-28,2026-07-28 11:40:00,11.72,11.74,11.72,11.735,12741.0
2026-07-28,2026-07-28 11:45:00,11.735,11.74,11.7,11.705,21767.0
2026-07-28,2026-07-28 11:50:00,11.7,11.7,11.685,11.685,40093.0
2026-07-28,2026-07-28 11:55:00,11.685,11.695,11.655,11.66,45620.0
2026-07-28,2026-07-28 12:00:00,11.66,11.665,11.65,11.655,12768.0
2026-07-28,2026-07-28 12:05:00,11.66,11.67,11.655,11.665,30112.0
2026-07-28,2026-07-28 12:10:00,11.665,11.6791,11.66,11.675,16218.0
2026-07-28,2026-07-28 12:15:00,11.675,11.675,11.65,11.665,26054.0
2026-07-28,2026-07-28 12:20:00,11.665,11.665,11.645,11.655,18305.0
2026-07-28,2026-07-28 12:25:00,11.655,11.67,11.6525,11.665,25016.0
2026-07-28,2026-07-28 12:30:00,11.67,11.68,11.655,11.665,18533.0
2026-07-28,2026-07-28 12:35:00,11.66,11.665,11.65,11.655,24855.0
2026-07-28,2026-07-28 12:40:00,11.655,11.655,11.645,11.645,34149.0
2026-07-28,2026-07-28 12:45:00,11.645,11.665,11.635,11.655,87186.0
2026-07-28,2026-07-28 12:50:00,11.655,11.655,11.61,11.615,31076.0
2026-07-28,2026-07-28 12:55:00,11.615,11.625,11.61,11.615,24495.0
2026-07-28,2026-07-28 13:00:00,11.61,11.64,11.61,11.635,13837.0
2026-07-28,2026-07-28 13:05:00,11.635,11.645,11.63,11.635,37018.0
2026-07-28,2026-07-28 13:10:00,11.635,11.65,11.63,11.645,36661.0
2026-07-28,2026-07-28 13:15:00,11.64,11.645,11.62,11.625,15268.0
2026-07-28,2026-07-28 13:20:00,11.625,11.635,11.62,11.62,21981.0
2026-07-28,2026-07-28 13:25:00,11.62,11.635,11.615,11.625,17560.0
2026-07-28,2026-07-28 13:30:00,11.625,11.63,11.615,11.625,22894.0
2026-07-28,2026-07-28 13:35:00,11.625,11.625,11.6,11.605,29351.0
2026-07-28,2026-07-28 13:40:00,11.605,11.61,11.6,11.605,30073.0
2026-07-28,2026-07-28 13:45:00,11.605,11.61,11.585,11.585,15969.0
2026-07-28,2026-07-28 13:50:00,11.585,11.6,11.58,11.59,25907.0
2026-07-28,2026-07-28 13:55:00,11.5901,11.6,11.59,11.595,23054.0
2026-07-28,2026-07-28 14:00:00,11.6,11.605,11.59,11.605,16621.0
2026-07-28,2026-07-28 14:05:00,11.61,11.62,11.585,11.585,62174.0
2026-07-28,2026-07-28 14:10:00,11.58,11.6099,11.575,11.6,56193.0
2026-07-28,2026-07-28 14:15:00,11.6,11.6499,11.6,11.625,42251.0
2026-07-28,2026-07-28 14:20:00,11.625,11.635,11.615,11.625,63686.0
2026-07-28,2026-07-28 14:25:00,11.615,11.615,11.58,11.581,44606.0
2026-07-28,2026-07-28 14:30:00,11.58,11.605,11.57,11.605,50237.0
2026-07-28,2026-07-28 14:35:00,11.605,11.61,11.58,11.58,88359.0
2026-07-28,2026-07-28 14:40:00,11.585,11.585,11.57,11.585,31543.0
2026-07-28,2026-07-28 14:45:00,11.585,11.59,11.56,11.58,50938.0
2026-07-28,2026-07-28 14:50:00,11.575,11.58,11.54,11.545,71537.0
2026-07-28,2026-07-28 14:55:00,11.545,11.5588,11.535,11.555,77752.0
2026-07-28,2026-07-28 15:00:00,11.555,11.565,11.545,11.545,44437.0
2026-07-28,2026-07-28 15:05:00,11.55,11.62,11.55,11.61,114509.0
2026-07-28,2026-07-28 15:10:00,11.615,11.62,11.6,11.615,85163.0
2026-07-28,2026-07-28 15:15:00,11.615,11.62,11.601,11.62,75081.0
2026-07-28,2026-07-28 15:20:00,11.615,11.63,11.61,11.61,50898.0
2026-07-28,2026-07-28 15:25:00,11.615,11.62,11.6,11.6,76374.0
2026-07-28,2026-07-28 15:30:00,11.6,11.615,11.6,11.61,92656.0
2026-07-28,2026-07-28 15:35:00,11.61,11.62,11.6,11.615,57576.0
2026-07-28,2026-07-28 15:40:00,11.62,11.6583,11.6025,11.65,852847.0
2026-07-28,2026-07-28 15:45:00,11.64,11.675,11.64,11.66,104588.0
2026-07-28,2026-07-28 15:50:00,11.66,11.725,11.66,11.715,272503.0
2026-07-28,2026-07-28 15:55:00,11.72,11.725,11.7,11.705,220382.0
2026-07-28,2026-07-28 16:00:00,11.705,11.725,11.625,11.65,2816176.0
2026-07-29,2026-07-29 09:35:00,11.38,11.495,11.34,11.36,77147.0
2026-07-29,2026-07-29 09:40:00,11.28,11.37,11.27,11.36,35994.0
2026-07-29,2026-07-29 09:45:00,11.36,11.39,11.32,11.335,34964.0
2026-07-29,2026-07-29 09:50:00,11.34,11.36,11.285,11.32,45521.0
2026-07-29,2026-07-29 09:55:00,11.31,11.36,11.3,11.34,34269.0
2026-07-29,2026-07-29 10:00:00,11.34,11.385,11.34,11.385,29306.0
2026-07-29,2026-07-29 10:05:00,11.385,11.385,11.3,11.305,45638.0
2026-07-29,2026-07-29 10:10:00,11.3,11.3,11.265,11.285,19751.0
2026-07-29,2026-07-29 10:15:00,11.285,11.305,11.26,11.275,32864.0
2026-07-29,2026-07-29 10:20:00,11.27,11.29,11.24,11.27,97031.0
2026-07-29,2026-07-29 10:25:00,11.275,11.315,11.25,11.3,94193.0
2026-07-29,2026-07-29 10:30:00,11.295,11.31,11.225,11.245,41710.0
2026-07-29,2026-07-29 10:35:00,11.24,11.27,11.22,11.245,48692.0
2026-07-29,2026-07-29 10:40:00,11.25,11.25,11.22,11.225,41966.0
2026-07-29,2026-07-29 10:45:00,11.22,11.28,11.22,11.26,46054.0
2026-07-29,2026-07-29 10:50:00,11.26,11.28,11.26,11.275,26600.0
2026-07-29,2026-07-29 10:55:00,11.275,11.31,11.275,11.285,31672.0
2026-07-29,2026-07-29 11:00:00,11.285,11.29,11.255,11.255,14262.0
2026-07-29,2026-07-29 11:05:00,11.255,11.26,11.235,11.245,31388.0
2026-07-29,2026-07-29 11:10:00,11.24,11.26,11.235,11.26,25159.0
2026-07-29,2026-07-29 11:15:00,11.255,11.275,11.2398,11.2398,25799.0
2026-07-29,2026-07-29 11:20:00,11.235,11.235,11.215,11.225,23575.0
2026-07-29,2026-07-29 11:25:00,11.225,11.235,11.175,11.175,35697.0
2026-07-29,2026-07-29 11:30:00,11.175,11.175,11.155,11.175,35892.0
2026-07-29,2026-07-29 11:35:00,11.175,11.24,11.175,11.215,85510.0
2026-07-29,2026-07-29 11:40:00,11.215,11.215,11.185,11.2,17674.0
2026-07-29,2026-07-29 11:45:00,11.2,11.21,11.2,11.205,21767.0
2026-07-29,2026-07-29 11:50:00,11.205,11.245,11.19,11.24,46668.0
2026-07-29,2026-07-29 11:55:00,11.245,11.25,11.21,11.225,32482.0
2026-07-29,2026-07-29 12:00:00,11.225,11.225,11.195,11.21,14290.0
2026-07-29,2026-07-29 12:05:00,11.21,11.235,11.2001,11.2309,21106.0
2026-07-29,2026-07-29 12:10:00,11.235,11.26,11.215,11.25,19238.0
2026-07-29,2026-07-29 12:15:00,11.25,11.255,11.225,11.245,15531.0
2026-07-29,2026-07-29 12:20:00,11.24,11.27,11.235,11.26,53428.0
2026-07-29,2026-07-29 12:25:00,11.26,11.265,11.235,11.235,45701.0
2026-07-29,2026-07-29 12:30:00,11.23,11.23,11.185,11.205,29777.0
2026-07-29,2026-07-29 12:35:00,11.205,11.225,11.205,11.225,21050.0
2026-07-29,2026-07-29 12:40:00,11.225,11.24,11.2,11.2,29852.0
2026-07-29,2026-07-29 12:45:00,11.205,11.215,11.19,11.215,27551.0
2026-07-29,2026-07-29 12:50:00,11.215,11.225,11.195,11.195,20811.0
2026-07-29,2026-07-29 12:55:00,11.195,11.195,11.17,11.175,52351.0
2026-07-29,2026-07-29 13:00:00,11.18,11.185,11.17,11.185,20941.0
2026-07-29,2026-07-29 13:05:00,11.185,11.185,11.16,11.175,32845.0
2026-07-29,2026-07-29 13:10:00,11.175,11.185,11.15,11.155,22221.0
2026-07-29,2026-07-29 13:15:00,11.155,11.17,11.14,11.14,23242.0
2026-07-29,2026-07-29 13:20:00,11.145,11.185,11.145,11.185,40112.0
2026-07-29,2026-07-29 13:25:00,11.185,11.205,11.185,11.19,37015.0
2026-07-29,2026-07-29 13:30:00,11.185,11.205,11.185,11.2,29335.0
2026-07-29,2026-07-29 13:35:00,11.205,11.205,11.185,11.19,38615.0
2026-07-29,2026-07-29 13:40:00,11.195,11.195,11.18,11.185,18025.0
2026-07-29,2026-07-29 13:45:00,11.18,11.19,11.17,11.185,34947.0
2026-07-29,2026-07-29 13:50:00,11.18,11.19,11.17,11.17,17505.0
2026-07-29,2026-07-29 13:55:00,11.17,11.185,11.165,11.18,38449.0
2026-07-29,2026-07-29 14:00:00,11.175,11.195,11.175,11.195,22694.0
2026-07-29,2026-07-29 14:05:00,11.195,11.34,11.195,11.25,89126.0
2026-07-29,2026-07-29 14:10:00,11.245,11.265,11.185,11.185,39831.0
2026-07-29,2026-07-29 14:15:00,11.18,11.22,11.125,11.22,60197.0
2026-07-29,2026-07-29 14:20:00,11.2188,11.235,11.19,11.215,47505.0
2026-07-29,2026-07-29 14:25:00,11.215,11.215,11.19,11.205,36933.0
2026-07-29,2026-07-29 14:30:00,11.205,11.255,11.205,11.25,31260.0
2026-07-29,2026-07-29 14:35:00,11.255,11.255,11.19,11.215,58893.0
2026-07-29,2026-07-29 14:40:00,11.215,11.245,11.2,11.24,86589.0
2026-07-29,2026-07-29 14:45:00,11.23,11.24,11.21,11.215,74669.0
2026-07-29,2026-07-29 14:50:00,11.215,11.235,11.215,11.235,47623.0
2026-07-29,2026-07-29 14:55:00,11.235,11.235,11.19,11.19,47140.0
2026-07-29,2026-07-29 15:00:00,11.19,11.195,11.155,11.16,134039.0
2026-07-29,2026-07-29 15:05:00,11.155,11.185,11.125,11.125,85571.0
2026-07-29,2026-07-29 15:10:00,11.125,11.125,11.05,11.065,64701.0
2026-07-29,2026-07-29 15:15:00,11.065,11.145,11.065,11.145,84337.0
2026-07-29,2026-07-29 15:20:00,11.14,11.175,11.135,11.165,97436.0
2026-07-29,2026-07-29 15:25:00,11.165,11.175,11.14,11.165,92532.0
2026-07-29,2026-07-29 15:30:00,11.165,11.175,11.145,11.145,64078.0
2026-07-29,2026-07-29 15:35:00,11.145,11.18,11.13,11.14,101495.0
2026-07-29,2026-07-29 15:40:00,11.145,11.145,11.1,11.11,81894.0
2026-07-29,2026-07-29 15:45:00,11.115,11.145,11.115,11.135,93881.0
2026-07-29,2026-07-29 15:50:00,11.135,11.18,11.12,11.165,165226.0
2026-07-29,2026-07-29 15:55:00,11.16,11.19,11.15,11.175,121232.0
2026-07-29,2026-07-29 16:00:00,11.175,11.33,11.17,11.33,1243921.0
2026-07-30,2026-07-30 09:35:00,11.34,11.38,11.23,11.29,82236.0
2026-07-30,2026-07-30 09:40:00,11.2742,11.315,11.25,11.25,46613.0
2026-07-30,2026-07-30 09:45:00,11.25,11.25,11.2,11.22,44357.0
2026-07-30,2026-07-30 09:50:00,11.23,11.29,11.18,11.215,23353.0
2026-07-30,2026-07-30 09:55:00,11.22,11.305,11.22,11.255,50656.0
2026-07-30,2026-07-30 10:00:00,11.255,11.28,11.24,11.24,30402.0
2026-07-30,2026-07-30 10:05:00,11.245,11.25,11.215,11.235,65864.0
2026-07-30,2026-07-30 10:10:00,11.23,11.265,11.22,11.255,46337.0
2026-07-30,2026-07-30 10:15:00,11.26,11.265,11.135,11.135,144340.0
2026-07-30,2026-07-30 10:20:00,11.135,11.135,11.05,11.055,68273.0
2026-07-30,2026-07-30 10:25:00,11.055,11.095,11.04,11.045,127457.0
2026-07-30,2026-07-30 10:30:00,11.04,11.04,11.015,11.035,58815.0
2026-07-30,2026-07-30 10:35:00,11.035,11.035,11.0,11.005,42702.0
2026-07-30,2026-07-30 10:40:00,11.005,11.005,10.97,10.99,41193.0
2026-07-30,2026-07-30 10:45:00,11.0,11.005,10.98,10.985,83739.0
2026-07-30,2026-07-30 10:50:00,10.98,11.0,10.965,10.98,24369.0
2026-07-30,2026-07-30 10:55:00,10.98,11.0,10.95,10.95,27092.0
2026-07-30,2026-07-30 11:00:00,10.955,10.96,10.92,10.945,100466.0
2026-07-30,2026-07-30 11:05:00,10.945,10.979,10.94,10.945,35020.0
2026-07-30,2026-07-30 11:10:00,10.945,10.965,10.925,10.965,17393.0
2026-07-30,2026-07-30 11:15:00,10.97,10.975,10.96,10.96,32475.0
2026-07-30,2026-07-30 11:20:00,10.95,10.97,10.94,10.97,13233.0
2026-07-30,2026-07-30 11:25:00,10.97,10.975,10.95,10.965,12580.0
2026-07-30,2026-07-30 11:30:00,10.96,10.97,10.95,10.955,16178.0
2026-07-30,2026-07-30 11:35:00,10.95,10.965,10.935,10.965,12648.0
2026-07-30,2026-07-30 11:40:00,10.965,10.965,10.955,10.96,5824.0
2026-07-30,2026-07-30 11:45:00,10.97,10.98,10.9601,10.975,14865.0
2026-07-30,2026-07-30 11:50:00,10.975,10.99,10.975,10.985,16681.0
2026-07-30,2026-07-30 11:55:00,10.985,11.005,10.98,10.985,183701.0
2026-07-30,2026-07-30 12:00:00,10.995,11.02,10.97,10.98,417259.0
2026-07-30,2026-07-30 12:05:00,10.98,10.985,10.955,10.96,60705.0
2026-07-30,2026-07-30 12:10:00,10.955,10.96,10.93,10.935,15352.0
2026-07-30,2026-07-30 12:15:00,10.935,10.935,10.915,10.915,21167.0
2026-07-30,2026-07-30 12:20:00,10.915,10.93,10.905,10.92,39048.0
2026-07-30,2026-07-30 12:25:00,10.92,10.94,10.92,10.94,30931.0
2026-07-30,2026-07-30 12:30:00,10.935,10.955,10.935,10.945,15577.0
2026-07-30,2026-07-30 12:35:00,10.9499,10.96,10.935,10.935,18981.0
2026-07-30,2026-07-30 12:40:00,10.935,10.935,10.885,10.885,30215.0
2026-07-30,2026-07-30 12:45:00,10.88,10.92,10.875,10.91,35488.0
2026-07-30,2026-07-30 12:50:00,10.905,10.9177,10.905,10.905,17645.0
2026-07-30,2026-07-30 12:55:00,10.905,10.91,10.87,10.87,33806.0
2026-07-30,2026-07-30 13:00:00,10.88,10.88,10.85,10.85,11452.0
2026-07-30,2026-07-30 13:05:00,10.855,10.885,10.855,10.885,18530.0
2026-07-30,2026-07-30 13:10:00,10.885,10.895,10.885,10.89,14278.0
2026-07-30,2026-07-30 13:15:00,10.895,10.895,10.865,10.87,15063.0
2026-07-30,2026-07-30 13:20:00,10.865,10.865,10.835,10.845,18995.0
2026-07-30,2026-07-30 13:25:00,10.84,10.845,10.825,10.83,18930.0
2026-07-30,2026-07-30 13:30:00,10.82,10.82,10.79,10.79,38785.0
2026-07-30,2026-07-30 13:35:00,10.795,10.805,10.78,10.79,36520.0
2026-07-30,2026-07-30 13:40:00,10.79,10.845,10.775,10.84,28883.0
2026-07-30,2026-07-30 13:45:00,10.845,10.855,10.84,10.845,12143.0
2026-07-30,2026-07-30 13:50:00,10.845,10.8489,10.835,10.835,13338.0
2026-07-30,2026-07-30 13:55:00,10.835,10.875,10.83,10.875,38652.0
2026-07-30,2026-07-30 14:00:00,10.87,10.885,10.86,10.865,37539.0
2026-07-30,2026-07-30 14:05:00,10.87,10.9,10.87,10.88,51837.0
2026-07-30,2026-07-30 14:10:00,10.875,10.88,10.85,10.85,16519.0
2026-07-30,2026-07-30 14:15:00,10.8543,10.86,10.83,10.835,38419.0
2026-07-30,2026-07-30 14:20:00,10.835,10.85,10.835,10.845,31350.0
2026-07-30,2026-07-30 14:25:00,10.845,10.85,10.83,10.84,36606.0
2026-07-30,2026-07-30 14:30:00,10.84,10.845,10.83,10.845,23269.0
2026-07-30,2026-07-30 14:35:00,10.845,10.85,10.84,10.85,14483.0
2026-07-30,2026-07-30 14:40:00,10.845,10.86,10.83,10.84,54500.0
2026-07-30,2026-07-30 14:45:00,10.845,10.855,10.84,10.84,23465.0
2026-07-30,2026-07-30 14:50:00,10.84,10.84,10.815,10.815,32542.0
2026-07-30,2026-07-30 14:55:00,10.815,10.855,10.81,10.83,81041.0
2026-07-30,2026-07-30 15:00:00,10.835,10.865,10.835,10.855,68412.0
2026-07-30,2026-07-30 15:05:00,10.855,10.875,10.85,10.875,37276.0
2026-07-30,2026-07-30 15:10:00,10.875,10.92,10.86,10.865,144066.0
2026-07-30,2026-07-30 15:15:00,10.865,10.875,10.84,10.875,75000.0
2026-07-30,2026-07-30 15:20:00,10.875,10.9,10.87,10.895,33932.0
2026-07-30,2026-07-30 15:25:00,10.895,10.94,10.89,10.89,86168.0
2026-07-30,2026-07-30 15:30:00,10.895,10.955,10.89,10.94,72507.0
2026-07-30,2026-07-30 15:35:00,10.94,10.94,10.845,10.88,121169.0
2026-07-30,2026-07-30 15:40:00,10.88,10.895,10.85,10.8521,97393.0
2026-07-30,2026-07-30 15:45:00,10.855,10.87,10.845,10.865,124911.0
2026-07-30,2026-07-30 15:50:00,10.865,10.895,10.84,10.845,166620.0
2026-07-30,2026-07-30 15:55:00,10.845,10.895,10.83,10.87,219218.0
2026-07-30,2026-07-30 16:00:00,10.875,10.99,10.875,10.96,1228453.0
2026-07-31,2026-07-31 09:35:00,10.85,10.91,10.8,10.84,31548.0
2026-07-31,2026-07-31 09:40:00,10.83,10.86,10.78,10.85,14853.0
2026-07-31,2026-07-31 09:45:00,10.86,10.86,10.83,10.845,7068.0
2026-07-31,2026-07-31 09:50:00,10.835,10.84,10.79,10.79,19068.0
2026-07-31,2026-07-31 09:55:00,10.795,10.81,10.745,10.81,20601.0
2026-07-31,2026-07-31 10:00:00,10.82,10.82,10.76,10.78,20235.0
2026-07-31,2026-07-31 10:05:00,10.78,10.78,10.715,10.7387,43049.0
2026-07-31,2026-07-31 10:10:00,10.735,10.74,10.65,10.68,105946.0
2026-07-31,2026-07-31 10:15:00,10.675,10.685,10.645,10.66,33976.0
2026-07-31,2026-07-31 10:20:00,10.66,10.66,10.6,10.605,52532.0
2026-07-31,2026-07-31 10:25:00,10.61,10.655,10.61,10.645,28504.0
2026-07-31,2026-07-31 10:30:00,10.645,10.67,10.64,10.645,27835.0
2026-07-31,2026-07-31 10:35:00,10.64,10.66,10.625,10.635,24387.0
2026-07-31,2026-07-31 10:40:00,10.63,10.63,10.615,10.625,36223.0
2026-07-31,2026-07-31 10:45:00,10.625,10.645,10.625,10.635,26112.0
2026-07-31,2026-07-31 10:50:00,10.63,10.65,10.625,10.635,18741.0
2026-07-31,2026-07-31 10:55:00,10.635,10.66,10.635,10.66,26802.0
2026-07-31,2026-07-31 11:00:00,10.6598,10.68,10.65,10.665,34025.0
2026-07-31,2026-07-31 11:05:00,10.665,10.67,10.645,10.665,40906.0
2026-07-31,2026-07-31 11:10:00,10.66,10.675,10.655,10.665,26466.0
2026-07-31,2026-07-31 11:15:00,10.665,10.685,10.66,10.685,41609.0
2026-07-31,2026-07-31 11:20:00,10.685,10.71,10.665,10.685,36775.0
2026-07-31,2026-07-31 11:25:00,10.685,10.685,10.645,10.645,12541.0
2026-07-31,2026-07-31 11:30:00,10.645,10.66,10.645,10.655,17956.0
2026-07-31,2026-07-31 11:35:00,10.65,10.665,10.64,10.665,29167.0
2026-07-31,2026-07-31 11:40:00,10.66,10.7,10.65,10.7,18680.0
2026-07-31,2026-07-31 11:45:00,10.695,10.725,10.695,10.72,18425.0
2026-07-31,2026-07-31 11:50:00,10.725,10.745,10.72,10.745,26394.0
2026-07-31,2026-07-31 11:55:00,10.75,10.76,10.72,10.72,34173.0
2026-07-31,2026-07-31 12:00:00,10.715,10.7288,10.7119,10.725,19280.0
2026-07-31,2026-07-31 12:05:00,10.725,10.73,10.7,10.705,14155.0
2026-07-31,2026-07-31 12:10:00,10.71,10.72,10.705,10.715,28177.0
2026-07-31,2026-07-31 12:15:00,10.72,10.725,10.71,10.725,23320.0
2026-07-31,2026-07-31 12:20:00,10.725,10.73,10.715,10.715,16276.0
2026-07-31,2026-07-31 12:25:00,10.715,10.725,10.705,10.705,22422.0
2026-07-31,2026-07-31 12:30:00,10.7,10.705,10.69,10.705,27901.0
2026-07-31,2026-07-31 12:35:00,10.705,10.72,10.7,10.71,21158.0
2026-07-31,2026-07-31 12:40:00,10.725,10.745,10.72,10.74,19053.0
2026-07-31,2026-07-31 12:45:00,10.745,10.755,10.74,10.755,20992.0
2026-07-31,2026-07-31 12:50:00,10.755,10.755,10.72,10.725,24383.0
2026-07-31,2026-07-31 12:55:00,10.725,10.73,10.72,10.725,14398.0
2026-07-31,2026-07-31 13:00:00,10.725,10.73,10.71,10.73,30468.0
2026-07-31,2026-07-31 13:05:00,10.725,10.755,10.72,10.75,33101.0
2026-07-31,2026-07-31 13:10:00,10.755,10.77,10.75,10.76,19067.0
2026-07-31,2026-07-31 13:15:00,10.775,10.775,10.73,10.745,236418.0
2026-07-31,2026-07-31 13:20:00,10.745,10.815,10.73,10.755,59766.0
2026-07-31,2026-07-31 13:25:00,10.755,10.76,10.73,10.76,58009.0
2026-07-31,2026-07-31 13:30:00,10.755,10.76,10.74,10.74,29272.0
2026-07-31,2026-07-31 13:35:00,10.74,10.75,10.72,10.75,44490.0
2026-07-31,2026-07-31 13:40:00,10.7401,10.77,10.73,10.765,37650.0
2026-07-31,2026-07-31 13:45:00,10.77,10.77,10.75,10.765,33521.0
2026-07-31,2026-07-31 13:50:00,10.7625,10.775,10.74,10.755,58910.0
2026-07-31,2026-07-31 13:55:00,10.755,10.775,10.75,10.765,39379.0
2026-07-31,2026-07-31 14:00:00,10.765,10.78,10.76,10.775,31182.0
2026-07-31,2026-07-31 14:05:00,10.775,10.78,10.77,10.78,31061.0
2026-07-31,2026-07-31 14:10:00,10.775,10.8,10.77,10.795,55792.0
2026-07-31,2026-07-31 14:15:00,10.795,10.82,10.79,10.815,43056.0
2026-07-31,2026-07-31 14:20:00,10.815,10.83,10.81,10.815,37135.0
2026-07-31,2026-07-31 14:25:00,10.81,10.815,10.79,10.81,59796.0
2026-07-31,2026-07-31 14:30:00,10.81,10.81,10.79,10.79,50617.0
2026-07-31,2026-07-31 14:35:00,10.805,10.805,10.79,10.8,25841.0
2026-07-31,2026-07-31 14:40:00,10.79,10.8,10.78,10.785,43884.0
2026-07-31,2026-07-31 14:45:00,10.785,10.8,10.78,10.79,45291.0
2026-07-31,2026-07-31 14:50:00,10.785,10.805,10.775,10.795,76040.0
2026-07-31,2026-07-31 14:55:00,10.795,10.81,10.79,10.79,53846.0
2026-07-31,2026-07-31 15:00:00,10.795,10.82,10.79,10.815,46816.0
2026-07-31,2026-07-31 15:05:00,10.81,10.825,10.8,10.8,51048.0
2026-07-31,2026-07-31 15:10:00,10.81,10.815,10.8,10.8,46187.0
2026-07-31,2026-07-31 15:15:00,10.8,10.83,10.8,10.825,66710.0
2026-07-31,2026-07-31 15:20:00,10.825,10.84,10.82,10.84,41515.0
2026-07-31,2026-07-31 15:25:00,10.83,10.84,10.82,10.82,63402.0
2026-07-31,2026-07-31 15:30:00,10.82,10.825,10.79,10.79,55863.0
2026-07-31,2026-07-31 15:35:00,10.795,10.795,10.76,10.77,101348.0
2026-07-31,2026-07-31 15:40:00,10.775,10.8,10.76,10.775,84823.0
2026-07-31,2026-07-31 15:45:00,10.775,10.795,10.77,10.785,115024.0
2026-07-31,2026-07-31 15:50:00,10.78,10.8,10.75,10.755,149309.0
2026-07-31,2026-07-31 15:55:00,10.75,10.7576,10.71,10.725,248243.0
2026-07-31,2026-07-31 16:00:00,10.72,10.8,10.72,10.73,1560022.0
2026-08-03,2026-08-03 09:35:00,11.12,11.28,11.07,11.26,135699.0
2026-08-03,2026-08-03 09:40:00,11.26,11.28,11.11,11.11,104983.0
2026-08-03,2026-08-03 09:45:00,11.105,11.115,10.97,10.97,124929.0
2026-08-03,2026-08-03 09:50:00,10.97,11.075,10.97,11.04,73025.0
2026-08-03,2026-08-03 09:55:00,11.045,11.11,11.04,11.1,86624.0
2026-08-03,2026-08-03 10:00:00,11.11,11.13,11.07,11.085,51252.0
2026-08-03,2026-08-03 10:05:00,11.08,11.08,11.005,11.04,82638.0
2026-08-03,2026-08-03 10:10:00,11.03,11.045,10.96,11.005,80054.0
2026-08-03,2026-08-03 10:15:00,11.005,11.06,10.995,11.055,59252.0
2026-08-03,2026-08-03 10:20:00,11.05,11.06,11.03,11.06,33083.0
2026-08-03,2026-08-03 10:25:00,11.06,11.08,11.05,11.065,37260.0
2026-08-03,2026-08-03 10:30:00,11.069,11.095,11.06,11.065,69865.0
2026-08-03,2026-08-03 10:35:00,11.06,11.07,11.02,11.04,40693.0
2026-08-03,2026-08-03 10:40:00,11.04,11.04,11.0,11.01,31072.0
2026-08-03,2026-08-03 10:45:00,11.01,11.02,10.975,11.0,83179.0
2026-08-03,2026-08-03 10:50:00,11.005,11.02,10.99,10.99,139649.0
2026-08-03,2026-08-03 10:55:00,11.0,11.01,10.98,10.99,131389.0
2026-08-03,2026-08-03 11:00:00,10.99,11.01,10.965,10.97,124321.0
2026-08-03,2026-08-03 11:05:00,10.965,11.03,10.965,11.03,236096.0
2026-08-03,2026-08-03 11:10:00,11.025,11.07,11.02,11.069,59230.0
2026-08-03,2026-08-03 11:15:00,11.065,11.1,11.05,11.085,48145.0
2026-08-03,2026-08-03 11:20:00,11.085,11.095,11.06,11.065,42554.0
2026-08-03,2026-08-03 11:25:00,11.07,11.08,11.06,11.06,33869.0
2026-08-03,2026-08-03 11:30:00,11.06,11.065,11.03,11.05,56323.0
2026-08-03,2026-08-03 11:35:00,11.055,11.065,11.04,11.06,42608.0
2026-08-03,2026-08-03 11:40:00,11.055,11.08,11.045,11.07,37829.0
2026-08-03,2026-08-03 11:45:00,11.065,11.09,11.06,11.085,41341.0
2026-08-03,2026-08-03 11:50:00,11.085,11.11,11.08,11.105,40653.0
2026-08-03,2026-08-03 11:55:00,11.1,11.119,11.08,11.105,82954.0
2026-08-03,2026-08-03 12:00:00,11.105,11.12,11.1,11.119,57892.0
2026-08-03,2026-08-03 12:05:00,11.115,11.115,11.09,11.105,66255.0
2026-08-03,2026-08-03 12:10:00,11.105,11.1299,11.1,11.12,49559.0
2026-08-03,2026-08-03 12:15:00,11.12,11.15,11.11,11.13,154762.0
2026-08-03,2026-08-03 12:20:00,11.13,11.149,11.1,11.145,64985.0
2026-08-03,2026-08-03 12:25:00,11.15,11.165,11.14,11.15,38789.0
2026-08-03,2026-08-03 12:30:00,11.155,11.18,11.15,11.165,54224.0
2026-08-03,2026-08-03 12:35:00,11.16,11.165,11.13,11.145,40553.0
2026-08-03,2026-08-03 12:40:00,11.14,11.145,11.12,11.125,41507.0
2026-08-03,2026-08-03 12:45:00,11.125,11.139,11.11,11.139,75129.0
2026-08-03,2026-08-03 12:50:00,11.135,11.159,11.13,11.159,34562.0
2026-08-03,2026-08-03 12:55:00,11.16,11.17,11.15,11.15,51701.0
2026-08-03,2026-08-03 13:00:00,11.165,11.2,11.16,11.195,111146.0
2026-08-03,2026-08-03 13:05:00,11.195,11.2,11.17,11.17,43996.0
2026-08-03,2026-08-03 13:10:00,11.175,11.195,11.15,11.185,63496.0
2026-08-03,2026-08-03 13:15:00,11.185,11.21,11.18,11.205,31177.0
2026-08-03,2026-08-03 13:20:00,11.205,11.22,11.19,11.215,41954.0
2026-08-03,2026-08-03 13:25:00,11.215,11.22,11.2,11.2,30257.0
2026-08-03,2026-08-03 13:30:00,11.2,11.23,11.2,11.225,37101.0
2026-08-03,2026-08-03 13:35:00,11.225,11.26,11.22,11.245,50086.0
2026-08-03,2026-08-03 13:40:00,11.245,11.25,11.23,11.245,38941.0
2026-08-03,2026-08-03 13:45:00,11.245,11.295,11.24,11.29,50513.0
2026-08-03,2026-08-03 13:50:00,11.29,11.31,11.27,11.27,60936.0
2026-08-03,2026-08-03 13:55:00,11.275,11.28,11.26,11.265,32350.0
2026-08-03,2026-08-03 14:00:00,11.26,11.275,11.25,11.255,54680.0
2026-08-03,2026-08-03 14:05:00,11.255,11.27,11.24,11.265,38696.0
2026-08-03,2026-08-03 14:10:00,11.265,11.275,11.24,11.275,48905.0
2026-08-03,2026-08-03 14:15:00,11.275,11.28,11.26,11.275,39562.0
2026-08-03,2026-08-03 14:20:00,11.275,11.3,11.27,11.285,38189.0
2026-08-03,2026-08-03 14:25:00,11.285,11.315,11.28,11.3,45580.0
2026-08-03,2026-08-03 14:30:00,11.295,11.31,11.29,11.295,32778.0
2026-08-03,2026-08-03 14:35:00,11.295,11.31,11.28,11.305,46352.0
2026-08-03,2026-08-03 14:40:00,11.305,11.335,11.305,11.33,62807.0
2026-08-03,2026-08-03 14:45:00,11.33,11.335,11.3,11.3,52423.0
2026-08-03,2026-08-03 14:50:00,11.305,11.32,11.3,11.305,42983.0
2026-08-03,2026-08-03 14:55:00,11.31,11.32,11.29,11.295,53197.0
2026-08-03,2026-08-03 15:00:00,11.295,11.3,11.27,11.295,141699.0
2026-08-03,2026-08-03 15:05:00,11.295,11.335,11.295,11.335,71315.0
2026-08-03,2026-08-03 15:10:00,11.33,11.375,11.33,11.375,60983.0
2026-08-03,2026-08-03 15:15:00,11.375,11.38,11.335,11.335,83482.0
2026-08-03,2026-08-03 15:20:00,11.335,11.34,11.32,11.325,55145.0
2026-08-03,2026-08-03 15:25:00,11.325,11.34,11.32,11.33,50452.0
2026-08-03,2026-08-03 15:30:00,11.34,11.39,11.33,11.365,142923.0
2026-08-03,2026-08-03 15:35:00,11.36,11.39,11.35,11.385,150365.0
2026-08-03,2026-08-03 15:40:00,11.385,11.39,11.36,11.36,154174.0
2026-08-03,2026-08-03 15:45:00,11.365,11.385,11.36,11.37,99502.0
2026-08-03,2026-08-03 15:50:00,11.375,11.375,11.35,11.365,116336.0
2026-08-03,2026-08-03 15:55:00,11.365,11.37,11.35,11.36,212774.0
2026-08-03,2026-08-03 16:00:00,11.365,11.41,11.33,11.35,1921687.0
2026-08-04,2026-08-04 09:35:00,11.4,11.49,10.94,11.085,202694.0
2026-08-04,2026-08-04 09:40:00,11.0309,11.1099,10.75,10.87,54570.0
2026-08-04,2026-08-04 09:45:00,10.85,11.13,10.8,11.13,42590.0
2026-08-04,2026-08-04 09:50:00,11.14,11.37,11.1,11.33,118041.0
2026-08-04,2026-08-04 09:55:00,11.33,11.335,11.17,11.31,210218.0
2026-08-04,2026-08-04 10:00:00,11.31,11.38,11.23,11.38,85412.0
2026-08-04,2026-08-04 10:05:00,11.42,11.475,11.34,11.465,140150.0
2026-08-04,2026-08-04 10:10:00,11.47,11.56,11.44,11.51,84276.0
2026-08-04,2026-08-04 10:15:00,11.51,11.62,11.51,11.6,74801.0
2026-08-04,2026-08-04 10:20:00,11.59,11.78,11.565,11.74,147476.0
2026-08-04,2026-08-04 10:25:00,11.73,11.74,11.565,11.58,141620.0
2026-08-04,2026-08-04 10:30:00,11.57,11.635,11.5,11.635,95217.0
2026-08-04,2026-08-04 10:35:00,11.65,11.76,11.575,11.615,222930.0
2026-08-04,2026-08-04 10:40:00,11.62,11.625,11.58,11.595,157369.0
2026-08-04,2026-08-04 10:45:00,11.595,11.625,11.51,11.515,159305.0
2026-08-04,2026-08-04 10:50:00,11.52,11.645,11.52,11.62,144563.0
2026-08-04,2026-08-04 10:55:00,11.63,11.7,11.6101,11.7,105516.0
2026-08-04,2026-08-04 11:00:00,11.695,11.7,11.595,11.615,79969.0
2026-08-04,2026-08-04 11:05:00,11.615,11.69,11.595,11.645,160758.0
2026-08-04,2026-08-04 11:10:00,11.64,11.73,11.59,11.725,158299.0
2026-08-04,2026-08-04 11:15:00,11.725,11.75,11.625,11.655,101740.0
2026-08-04,2026-08-04 11:20:00,11.655,11.755,11.64,11.655,139541.0
2026-08-04,2026-08-04 11:25:00,11.665,11.75,11.61,11.65,178919.0
2026-08-04,2026-08-04 11:30:00,11.655,11.665,11.61,11.62,45257.0
2026-08-04,2026-08-04 11:35:00,11.63,11.685,11.62,11.63,59773.0
2026-08-04,2026-08-04 11:40:00,11.625,11.67,11.62,11.665,60737.0
2026-08-04,2026-08-04 11:45:00,11.66,11.735,11.645,11.705,92446.0
2026-08-04,2026-08-04 11:50:00,11.705,11.72,11.69,11.695,36934.0
2026-08-04,2026-08-04 11:55:00,11.695,11.705,11.665,11.675,39477.0
2026-08-04,2026-08-04 12:00:00,11.68,11.7,11.66,11.67,80731.0
2026-08-04,2026-08-04 12:05:00,11.67,11.675,11.645,11.645,37384.0
2026-08-04,2026-08-04 12:10:00,11.645,11.695,11.645,11.685,49570.0
2026-08-04,2026-08-04 12:15:00,11.68,11.74,11.66,11.715,65144.0
2026-08-04,2026-08-04 12:20:00,11.72,11.74,11.705,11.715,44167.0
2026-08-04,2026-08-04 12:25:00,11.715,11.76,11.685,11.755,186933.0
2026-08-04,2026-08-04 12:30:00,11.75,11.765,11.675,11.73,89075.0
2026-08-04,2026-08-04 12:35:00,11.73,11.7325,11.685,11.69,44574.0
2026-08-04,2026-08-04 12:40:00,11.685,11.71,11.685,11.695,34390.0
2026-08-04,2026-08-04 12:45:00,11.695,11.705,11.665,11.67,84152.0
2026-08-04,2026-08-04 12:50:00,11.675,11.675,11.64,11.675,58298.0
2026-08-04,2026-08-04 12:55:00,11.675,11.705,11.66,11.695,35064.0
2026-08-04,2026-08-04 13:00:00,11.695,11.735,11.68,11.735,67041.0
2026-08-04,2026-08-04 13:05:00,11.74,11.755,11.725,11.745,42580.0
2026-08-04,2026-08-04 13:10:00,11.75,11.765,11.75,11.76,24802.0
2026-08-04,2026-08-04 13:15:00,11.76,11.79,11.74,11.765,29820.0
2026-08-04,2026-08-04 13:20:00,11.77,11.79,11.77,11.78,64868.0
2026-08-04,2026-08-04 13:25:00,11.785,11.785,11.7,11.74,185372.0
2026-08-04,2026-08-04 13:30:00,11.735,11.755,11.705,11.71,39912.0
2026-08-04,2026-08-04 13:35:00,11.71,11.735,11.68,11.73,44550.0
2026-08-04,2026-08-04 13:40:00,11.725,11.7775,11.72,11.72,59614.0
2026-08-04,2026-08-04 13:45:00,11.715,11.75,11.715,11.735,55655.0
2026-08-04,2026-08-04 13:50:00,11.735,11.81,11.725,11.8,71439.0
2026-08-04,2026-08-04 13:55:00,11.8,11.81,11.785,11.805,42507.0
2026-08-04,2026-08-04 14:00:00,11.805,11.835,11.805,11.81,37362.0
2026-08-04,2026-08-04 14:05:00,11.81,11.86,11.81,11.855,57112.0
2026-08-04,2026-08-04 14:10:00,11.855,11.87,11.84,11.845,53258.0
2026-08-04,2026-08-04 14:15:00,11.845,11.87,11.825,11.86,41486.0
2026-08-04,2026-08-04 14:20:00,11.87,11.88,11.825,11.825,31751.0
2026-08-04,2026-08-04 14:25:00,11.82,11.82,11.7705,11.795,41118.0
2026-08-04,2026-08-04 14:30:00,11.795,11.81,11.785,11.805,17923.0
2026-08-04,2026-08-04 14:35:00,11.805,11.81,11.785,11.795,26123.0
2026-08-04,2026-08-04 14:40:00,11.795,11.81,11.785,11.805,31522.0
2026-08-04,2026-08-04 14:45:00,11.805,11.855,11.805,11.845,33141.0
2026-08-04,2026-08-04 14:50:00,11.855,11.88,11.845,11.865,37463.0
2026-08-04,2026-08-04 14:55:00,11.87,11.88,11.835,11.835,44344.0
2026-08-04,2026-08-04 15:00:00,11.835,11.835,11.785,11.795,75913.0
2026-08-04,2026-08-04 15:05:00,11.8,11.835,11.775,11.785,93136.0
2026-08-04,2026-08-04 15:10:00,11.785,11.81,11.745,11.795,96395.0
2026-08-04,2026-08-04 15:15:00,11.795,11.81,11.765,11.78,94961.0
2026-08-04,2026-08-04 15:20:00,11.789,11.8,11.765,11.79,40199.0
2026-08-04,2026-08-04 15:25:00,11.785,11.865,11.785,11.855,81545.0
2026-08-04,2026-08-04 15:30:00,11.86,11.88,11.855,11.865,65543.0
2026-08-04,2026-08-04 15:35:00,11.87,11.91,11.87,11.89,75114.0
2026-08-04,2026-08-04 15:40:00,11.885,11.9,11.865,11.895,66691.0
2026-08-04,2026-08-04 15:45:00,11.89,11.925,11.875,11.9,113832.0
2026-08-04,2026-08-04 15:50:00,11.895,11.915,11.88,11.885,124897.0
2026-08-04,2026-08-04 15:55:00,11.88,11.93,11.88,11.885,194819.0
2026-08-04,2026-08-04 16:00:00,11.885,11.91,11.795,11.89,1881366.0
2026-08-05,2026-08-05 09:35:00,11.77,11.893,11.69,11.705,85072.0
2026-08-05,2026-08-05 09:40:00,11.7,11.83,11.695,11.74,16408.0
2026-08-05,2026-08-05 09:45:00,11.75,11.79,11.73,11.76,13553.0
2026-08-05,2026-08-05 09:50:00,11.76,11.83,11.72,11.72,43793.0
2026-08-05,2026-08-05 09:55:00,11.71,11.73,11.67,11.73,35253.0
2026-08-05,2026-08-05 10:00:00,11.72,11.74,11.71,11.725,38504.0
2026-08-05,2026-08-05 10:05:00,11.725,11.84,11.72,11.815,83111.0
2026-08-05,2026-08-05 10:10:00,11.81,11.83,11.705,11.71,70613.0
2026-08-05,2026-08-05 10:15:00,11.705,11.825,11.7,11.81,110132.0
2026-08-05,2026-08-05 10:20:00,11.81,11.815,11.79,11.81,37157.0
2026-08-05,2026-08-05 10:25:00,11.81,11.83,11.8,11.805,40238.0
2026-08-05,2026-08-05 10:30:00,11.81,11.845,11.79,11.7905,35074.0
2026-08-05,2026-08-05 10:35:00,11.79,11.835,11.785,11.815,41937.0
2026-08-05,2026-08-05 10:40:00,11.81,11.81,11.75,11.755,84248.0
2026-08-05,2026-08-05 10:45:00,11.75,11.765,11.72,11.74,110378.0
2026-08-05,2026-08-05 10:50:00,11.735,11.74,11.67,11.685,38900.0
2026-08-05,2026-08-05 10:55:00,11.685,11.695,11.62,11.64,66357.0
2026-08-05,2026-08-05 11:00:00,11.635,11.665,11.63,11.645,27816.0
2026-08-05,2026-08-05 11:05:00,11.65,11.68,11.65,11.67,26856.0
2026-08-05,2026-08-05 11:10:00,11.675,11.705,11.66,11.695,46437.0
2026-08-05,2026-08-05 11:15:00,11.695,11.745,11.695,11.745,40533.0
2026-08-05,2026-08-05 11:20:00,11.745,11.77,11.72,11.755,44429.0
2026-08-05,2026-08-05 11:25:00,11.755,11.85,11.715,11.845,155736.0
2026-08-05,2026-08-05 11:30:00,11.845,11.865,11.795,11.815,55162.0
2026-08-05,2026-08-05 11:35:00,11.815,11.825,11.79,11.805,63788.0
2026-08-05,2026-08-05 11:40:00,11.8,11.805,11.785,11.795,30148.0
2026-08-05,2026-08-05 11:45:00,11.795,11.81,11.78,11.81,30088.0
2026-08-05,2026-08-05 11:50:00,11.8,11.825,11.78,11.795,51115.0
2026-08-05,2026-08-05 11:55:00,11.8,11.815,11.765,11.8,230787.0
2026-08-05,2026-08-05 12:00:00,11.8,11.81,11.76,11.78,117359.0
2026-08-05,2026-08-05 12:05:00,11.79,11.805,11.77,11.775,107260.0
2026-08-05,2026-08-05 12:10:00,11.78,11.8,11.77,11.775,44705.0
2026-08-05,2026-08-05 12:15:00,11.775,11.805,11.775,11.805,50064.0
2026-08-05,2026-08-05 12:20:00,11.81,11.815,11.785,11.8,59165.0
2026-08-05,2026-08-05 12:25:00,11.8,11.82,11.8,11.81,67289.0
2026-08-05,2026-08-05 12:30:00,11.815,11.8257,11.805,11.815,97230.0
2026-08-05,2026-08-05 12:35:00,11.815,11.825,11.81,11.81,67181.0
2026-08-05,2026-08-05 12:40:00,11.815,11.83,11.815,11.815,48012.0
2026-08-05,2026-08-05 12:45:00,11.81,11.84,11.81,11.835,51966.0
2026-08-05,2026-08-05 12:50:00,11.835,11.85,11.83,11.85,20733.0
2026-08-05,2026-08-05 12:55:00,11.85,11.875,11.845,11.87,181210.0
2026-08-05,2026-08-05 13:00:00,11.87,11.87,11.86,11.865,13027.0
2026-08-05,2026-08-05 13:05:00,11.865,11.87,11.84,11.845,34790.0
2026-08-05,2026-08-05 13:10:00,11.845,11.855,11.83,11.855,49333.0
2026-08-05,2026-08-05 13:15:00,11.86,11.875,11.86,11.87,32935.0
2026-08-05,2026-08-05 13:20:00,11.87,11.885,11.86,11.88,43944.0
2026-08-05,2026-08-05 13:25:00,11.875,11.875,11.86,11.865,21543.0
2026-08-05,2026-08-05 13:30:00,11.865,11.875,11.8625,11.865,27660.0
2026-08-05,2026-08-05 13:35:00,11.865,11.875,11.86,11.875,18720.0
2026-08-05,2026-08-05 13:40:00,11.875,11.9,11.875,11.9,26715.0
2026-08-05,2026-08-05 13:45:00,11.9,11.92,11.9,11.92,23508.0
2026-08-05,2026-08-05 13:50:00,11.92,11.93,11.89,11.895,34741.0
2026-08-05,2026-08-05 13:55:00,11.899,11.9,11.89,11.895,11282.0
2026-08-05,2026-08-05 14:00:00,11.895,11.9,11.895,11.895,16341.0
2026-08-05,2026-08-05 14:05:00,11.895,11.92,11.895,11.915,68495.0
2026-08-05,2026-08-05 14:10:00,11.915,11.915,11.875,11.885,74642.0
2026-08-05,2026-08-05 14:15:00,11.885,11.89,11.875,11.89,34607.0
2026-08-05,2026-08-05 14:20:00,11.885,11.89,11.88,11.89,15505.0
2026-08-05,2026-08-05 14:25:00,11.885,11.9,11.88,11.88,54661.0
2026-08-05,2026-08-05 14:30:00,11.88,11.89,11.875,11.885,35288.0
2026-08-05,2026-08-05 14:35:00,11.885,11.89,11.8711,11.875,32536.0
2026-08-05,2026-08-05 14:40:00,11.875,11.885,11.875,11.88,35282.0
2026-08-05,2026-08-05 14:45:00,11.875,11.88,11.865,11.865,38799.0
2026-08-05,2026-08-05 14:50:00,11.865,11.88,11.865,11.875,23139.0
2026-08-05,2026-08-05 14:55:00,11.88,11.9,11.875,11.88,74776.0
2026-08-05,2026-08-05 15:00:00,11.885,11.885,11.845,11.845,48883.0
2026-08-05,2026-08-05 15:05:00,11.845,11.85,11.835,11.85,55680.0
2026-08-05,2026-08-05 15:10:00,11.85,11.855,11.84,11.845,33194.0
2026-08-05,2026-08-05 15:15:00,11.845,11.845,11.835,11.84,37985.0
2026-08-05,2026-08-05 15:20:00,11.835,11.84,11.83,11.835,53124.0
2026-08-05,2026-08-05 15:25:00,11.835,11.85,11.835,11.835,47208.0
2026-08-05,2026-08-05 15:30:00,11.84,11.85,11.8301,11.845,70287.0
2026-08-05,2026-08-05 15:35:00,11.85,11.85,11.835,11.85,59597.0
2026-08-05,2026-08-05 15:40:00,11.845,11.89,11.845,11.88,125564.0
2026-08-05,2026-08-05 15:45:00,11.88,11.93,11.875,11.93,84183.0
2026-08-05,2026-08-05 15:50:00,11.93,11.95,11.885,11.91,163286.0
2026-08-05,2026-08-05 15:55:00,11.905,11.91,11.88,11.895,187999.0
2026-08-05,2026-08-05 16:00:00,11.895,11.9,11.86,11.9,1611942.0
2026-08-06,2026-08-06 09:35:00,11.87,11.88,11.74,11.74,93838.0
2026-08-06,2026-08-06 09:40:00,11.745,11.76,11.67,11.73,30147.0
2026-08-06,2026-08-06 09:45:00,11.69,11.73,11.675,11.68,57302.0
2026-08-06,2026-08-06 09:50:00,11.7,11.81,11.7,11.77,223340.0
2026-08-06,2026-08-06 09:55:00,11.77,11.81,11.7425,11.81,31744.0
2026-08-06,2026-08-06 10:00:00,11.8,11.84,11.79,11.83,38973.0
2026-08-06,2026-08-06 10:05:00,11.83,11.92,11.83,11.92,43053.0
2026-08-06,2026-08-06 10:10:00,11.915,11.92,11.79,11.805,81735.0
2026-08-06,2026-08-06 10:15:00,11.8,11.885,11.8,11.885,62804.0
2026-08-06,2026-08-06 10:20:00,11.885,11.905,11.875,11.9,73503.0
2026-08-06,2026-08-06 10:25:00,11.89,11.95,11.875,11.95,57362.0
2026-08-06,2026-08-06 10:30:00,11.96,12.0,11.955,11.99,39653.0
2026-08-06,2026-08-06 10:35:00,11.99,11.99,11.95,11.955,34853.0
2026-08-06,2026-08-06 10:40:00,11.95,12.045,11.95,12.035,48360.0
2026-08-06,2026-08-06 10:45:00,12.04,12.09,12.03,12.085,37191.0
2026-08-06,2026-08-06 10:50:00,12.08,12.1,12.01,12.025,86283.0
2026-08-06,2026-08-06 10:55:00,12.025,12.025,12.0011,12.015,29499.0
2026-08-06,2026-08-06 11:00:00,12.02,12.02,11.975,11.98,40558.0
2026-08-06,2026-08-06 11:05:00,11.975,12.0,11.975,12.0,25626.0
2026-08-06,2026-08-06 11:10:00,12.0,12.005,11.965,11.965,51510.0
2026-08-06,2026-08-06 11:15:00,11.9611,12.0,11.9611,11.975,36759.0
2026-08-06,2026-08-06 11:20:00,11.975,11.975,11.95,11.96,23025.0
2026-08-06,2026-08-06 11:25:00,11.96,11.96,11.94,11.955,18369.0
2026-08-06,2026-08-06 11:30:00,11.955,11.96,11.94,11.94,25033.0
2026-08-06,2026-08-06 11:35:00,11.94,11.945,11.91,11.91,18612.0
2026-08-06,2026-08-06 11:40:00,11.915,11.94,11.89,11.935,27634.0
2026-08-06,2026-08-06 11:45:00,11.94,11.95,11.93,11.945,11680.0
2026-08-06,2026-08-06 11:50:00,11.945,11.96,11.945,11.96,5993.0
2026-08-06,2026-08-06 11:55:00,11.955,11.96,11.92,11.92,18856.0
2026-08-06,2026-08-06 12:00:00,11.915,11.95,11.91,11.94,28284.0
2026-08-06,2026-08-06 12:05:00,11.945,11.95,11.935,11.945,9057.0
2026-08-06,2026-08-06 12:10:00,11.945,11.95,11.92,11.93,24965.0
2026-08-06,2026-08-06 12:15:00,11.94,11.965,11.935,11.965,34170.0
2026-08-06,2026-08-06 12:20:00,11.96,11.965,11.945,11.95,11102.0
2026-08-06,2026-08-06 12:25:00,11.96,11.985,11.96,11.979,21247.0
2026-08-06,2026-08-06 12:30:00,11.98,11.98,11.96,11.96,13394.0
2026-08-06,2026-08-06 12:35:00,11.97,11.995,11.97,11.99,26298.0
2026-08-06,2026-08-06 12:40:00,11.995,11.995,11.945,11.945,15904.0
2026-08-06,2026-08-06 12:45:00,11.945,11.95,11.93,11.93,9798.0
2026-08-06,2026-08-06 12:50:00,11.93,11.96,11.93,11.955,16337.0
2026-08-06,2026-08-06 12:55:00,11.955,11.955,11.935,11.945,12416.0
2026-08-06,2026-08-06 13:00:00,11.9499,11.9499,11.94,11.945,4515.0
2026-08-06,2026-08-06 13:05:00,11.95,11.955,11.94,11.94,11334.0
2026-08-06,2026-08-06 13:10:00,11.935,11.94,11.9,11.9,57547.0
2026-08-06,2026-08-06 13:15:00,11.9,11.91,11.9,11.91,9511.0
2026-08-06,2026-08-06 13:20:00,11.91,11.915,11.89,11.895,12198.0
2026-08-06,2026-08-06 13:25:00,11.895,11.895,11.89,11.895,7530.0
2026-08-06,2026-08-06 13:30:00,11.89,11.895,11.88,11.88,9487.0
2026-08-06,2026-08-06 13:35:00,11.885,11.915,11.885,11.915,15686.0
2026-08-06,2026-08-06 13:40:00,11.915,11.915,11.9,11.905,8309.0
2026-08-06,2026-08-06 13:45:00,11.905,11.915,11.9,11.91,4436.0
2026-08-06,2026-08-06 13:50:00,11.91,11.915,11.91,11.915,11449.0
2026-08-06,2026-08-06 13:55:00,11.91,11.92,11.91,11.91,18927.0
2026-08-06,2026-08-06 14:00:00,11.905,11.925,11.905,11.925,10369.0
2026-08-06,2026-08-06 14:05:00,11.925,11.94,11.925,11.935,9775.0
2026-08-06,2026-08-06 14:10:00,11.935,11.94,11.92,11.925,13379.0
2026-08-06,2026-08-06 14:15:00,11.925,11.925,11.915,11.92,11421.0
2026-08-06,2026-08-06 14:20:00,11.92,11.975,11.92,11.96,53583.0
2026-08-06,2026-08-06 14:25:00,11.96,11.96,11.945,11.95,14467.0
2026-08-06,2026-08-06 14:30:00,11.95,11.96,11.945,11.955,30580.0
2026-08-06,2026-08-06 14:35:00,11.955,11.955,11.945,11.955,14642.0
2026-08-06,2026-08-06 14:40:00,11.95,11.95,11.94,11.95,20206.0
2026-08-06,2026-08-06 14:45:00,11.945,11.95,11.945,11.95,28433.0
2026-08-06,2026-08-06 14:50:00,11.945,11.945,11.905,11.91,129211.0
2026-08-06,2026-08-06 14:55:00,11.905,11.91,11.9011,11.905,13233.0
2026-08-06,2026-08-06 15:00:00,11.905,11.92,11.905,11.92,22109.0
2026-08-06,2026-08-06 15:05:00,11.925,11.9489,11.92,11.945,39333.0
2026-08-06,2026-08-06 15:10:00,11.945,11.97,11.93,11.95,96903.0
2026-08-06,2026-08-06 15:15:00,11.95,11.9791,11.95,11.965,37199.0
2026-08-06,2026-08-06 15:20:00,11.965,11.985,11.965,11.975,42349.0
2026-08-06,2026-08-06 15:25:00,11.975,11.975,11.96,11.96,26847.0
2026-08-06,2026-08-06 15:30:00,11.96,12.015,11.945,12.005,98802.0
2026-08-06,2026-08-06 15:35:00,12.005,12.01,11.94,11.95,109680.0
2026-08-06,2026-08-06 15:40:00,11.95,11.95,11.895,11.895,77817.0
2026-08-06,2026-08-06 15:45:00,11.895,11.91,11.87,11.88,82002.0
2026-08-06,2026-08-06 15:50:00,11.875,11.9,11.845,11.86,160076.0
2026-08-06,2026-08-06 15:55:00,11.855,11.91,11.855,11.905,126444.0
2026-08-06,2026-08-06 16:00:00,11.905,11.92,11.85,11.87,1292574.0
2026-08-07,2026-08-07 09:35:00,11.85,11.91,11.84,11.854,83942.0
2026-08-07,2026-08-07 09:40:00,11.86,11.96,11.86,11.96,14854.0
2026-08-07,2026-08-07 09:45:00,11.97,11.995,11.97,11.97,5274.0
2026-08-07,2026-08-07 09:50:00,11.95,12.03,11.95,12.03,17255.0
2026-08-07,2026-08-07 09:55:00,12.03,12.085,12.03,12.08,73516.0
2026-08-07,2026-08-07 10:00:00,12.08,12.09,12.045,12.045,11104.0
2026-08-07,2026-08-07 10:05:00,12.05,12.095,12.05,12.08,18488.0
2026-08-07,2026-08-07 10:10:00,12.08,12.08,12.035,12.075,18472.0
2026-08-07,2026-08-07 10:15:00,12.07,12.14,12.05,12.1,79497.0
2026-08-07,2026-08-07 10:20:00,12.1,12.18,12.1,12.16,37377.0
2026-08-07,2026-08-07 10:25:00,12.155,12.185,12.155,12.18,19713.0
2026-08-07,2026-08-07 10:30:00,12.18,12.2,12.17,12.175,45043.0
2026-08-07,2026-08-07 10:35:00,12.175,12.19,12.155,12.165,25120.0
2026-08-07,2026-08-07 10:40:00,12.165,12.19,12.16,12.175,27210.0
2026-08-07,2026-08-07 10:45:00,12.175,12.185,12.1611,12.165,16433.0
2026-08-07,2026-08-07 10:50:00,12.17,12.17,12.13,12.1391,18646.0
2026-08-07,2026-08-07 10:55:00,12.135,12.14,12.115,12.12,12681.0
2026-08-07,2026-08-07 11:00:00,12.12,12.19,12.12,12.165,42734.0
2026-08-07,2026-08-07 11:05:00,12.165,12.165,12.125,12.1299,16539.0
2026-08-07,2026-08-07 11:10:00,12.125,12.135,12.115,12.135,17097.0
2026-08-07,2026-08-07 11:15:00,12.14,12.15,12.12,12.125,48135.0
2026-08-07,2026-08-07 11:20:00,12.125,12.13,12.115,12.13,13636.0
2026-08-07,2026-08-07 11:25:00,12.13,12.135,12.115,12.13,20014.0
2026-08-07,2026-08-07 11:30:00,12.13,12.135,12.11,12.115,14381.0
2026-08-07,2026-08-07 11:35:00,12.12,12.12,12.07,12.08,18376.0
2026-08-07,2026-08-07 11:40:00,12.075,12.095,12.075,12.09,16874.0
2026-08-07,2026-08-07 11:45:00,12.085,12.095,12.08,12.085,9475.0
2026-08-07,2026-08-07 11:50:00,12.09,12.095,12.085,12.085,8988.0
2026-08-07,2026-08-07 11:55:00,12.09,12.09,12.045,12.065,22750.0
2026-08-07,2026-08-07 12:00:00,12.065,12.065,12.055,12.055,6014.0
2026-08-07,2026-08-07 12:05:00,12.055,12.065,12.045,12.065,14060.0
2026-08-07,2026-08-07 12:10:00,12.065,12.075,12.065,12.065,13301.0
2026-08-07,2026-08-07 12:15:00,12.07,12.095,12.07,12.095,14866.0
2026-08-07,2026-08-07 12:20:00,12.095,12.095,12.08,12.08,8417.0
2026-08-07,2026-08-07 12:25:00,12.08,12.09,12.075,12.09,8418.0
2026-08-07,2026-08-07 12:30:00,12.09,12.09,12.07,12.07,18293.0
2026-08-07,2026-08-07 12:35:00,12.075,12.09,12.075,12.08,16715.0
2026-08-07,2026-08-07 12:40:00,12.085,12.115,12.08,12.115,14433.0
2026-08-07,2026-08-07 12:45:00,12.115,12.13,12.111,12.12,15820.0
2026-08-07,2026-08-07 12:50:00,12.12,12.12,12.105,12.115,9723.0
2026-08-07,2026-08-07 12:55:00,12.115,12.13,12.115,12.125,12558.0
2026-08-07,2026-08-07 13:00:00,12.13,12.135,12.12,12.135,10193.0
2026-08-07,2026-08-07 13:05:00,12.135,12.15,12.135,12.145,12890.0
2026-08-07,2026-08-07 13:10:00,12.14,12.145,12.13,12.13,11373.0
2026-08-07,2026-08-07 13:15:00,12.135,12.16,12.135,12.155,16897.0
2026-08-07,2026-08-07 13:20:00,12.16,12.175,12.16,12.175,13080.0
2026-08-07,2026-08-07 13:25:00,12.175,12.185,12.16,12.165,16231.0
2026-08-07,2026-08-07 13:30:00,12.165,12.18,12.165,12.175,8999.0
2026-08-07,2026-08-07 13:35:00,12.17,12.19,12.17,12.185,39557.0
2026-08-07,2026-08-07 13:40:00,12.19,12.215,12.1801,12.195,29020.0
2026-08-07,2026-08-07 13:45:00,12.19,12.215,12.19,12.2101,22128.0
2026-08-07,2026-08-07 13:50:00,12.215,12.215,12.19,12.19,16651.0
2026-08-07,2026-08-07 13:55:00,12.195,12.225,12.19,12.215,36547.0
2026-08-07,2026-08-07 14:00:00,12.22,12.22,12.205,12.215,25028.0
2026-08-07,2026-08-07 14:05:00,12.215,12.23,12.205,12.21,57934.0
2026-08-07,2026-08-07 14:10:00,12.21,12.21,12.18,12.18,12707.0
2026-08-07,2026-08-07 14:15:00,12.18,12.19,12.18,12.185,21441.0
2026-08-07,2026-08-07 14:20:00,12.18,12.215,12.18,12.215,31623.0
2026-08-07,2026-08-07 14:25:00,12.215,12.22,12.19,12.2,20618.0
2026-08-07,2026-08-07 14:30:00,12.195,12.22,12.195,12.22,18630.0
2026-08-07,2026-08-07 14:35:00,12.215,12.22,12.2,12.2,20574.0
2026-08-07,2026-08-07 14:40:00,12.205,12.21,12.2,12.205,17728.0
2026-08-07,2026-08-07 14:45:00,12.21,12.22,12.205,12.205,47131.0
2026-08-07,2026-08-07 14:50:00,12.205,12.2199,12.2,12.205,17256.0
2026-08-07,2026-08-07 14:55:00,12.2,12.22,12.2,12.215,14053.0
2026-08-07,2026-08-07 15:00:00,12.22,12.235,12.22,12.225,34264.0
2026-08-07,2026-08-07 15:05:00,12.225,12.24,12.215,12.225,51187.0
2026-08-07,2026-08-07 15:10:00,12.225,12.23,12.22,12.225,21148.0
2026-08-07,2026-08-07 15:15:00,12.23,12.24,12.23,12.24,26624.0
2026-08-07,2026-08-07 15:20:00,12.24,12.245,12.215,12.215,55396.0
2026-08-07,2026-08-07 15:25:00,12.22,12.225,12.205,12.215,43528.0
2026-08-07,2026-08-07 15:30:00,12.215,12.215,12.19,12.195,29142.0
2026-08-07,2026-08-07 15:35:00,12.195,12.2,12.175,12.185,91879.0
2026-08-07,2026-08-07 15:40:00,12.18,12.205,12.17,12.175,64616.0
2026-08-07,2026-08-07 15:45:00,12.175,12.185,12.17,12.175,56856.0
2026-08-07,2026-08-07 15:50:00,12.175,12.175,12.135,12.135,78229.0
2026-08-07,2026-08-07 15:55:00,12.135,12.155,12.07,12.07,81029.0
2026-08-07,2026-08-07 16:00:00,12.075,12.12,12.065,12.1,925392.0
2026-08-10,2026-08-10 09:35:00,11.9,11.97,11.845,11.95,53920.0
2026-08-10,2026-08-10 09:40:00,11.93,12.08,11.93,12.08,11095.0
2026-08-10,2026-08-10 09:45:00,12.07,12.07,11.975,12.02,38232.0
2026-08-10,2026-08-10 09:50:00,12.02,12.02,11.915,11.915,54885.0
2026-08-10,2026-08-10 09:55:00,11.93,11.94,11.885,11.9,48135.0
2026-08-10,2026-08-10 10:00:00,11.9,11.92,11.885,11.885,14729.0
2026-08-10,2026-08-10 10:05:00,11.89,11.9491,11.88,11.945,44525.0
2026-08-10,2026-08-10 10:10:00,11.94,11.96,11.91,11.95,56538.0
2026-08-10,2026-08-10 10:15:00,11.945,11.95,11.905,11.93,25379.0
2026-08-10,2026-08-10 10:20:00,11.93,11.94,11.915,11.93,39942.0
2026-08-10,2026-08-10 10:25:00,11.92,11.945,11.91,11.945,29311.0
2026-08-10,2026-08-10 10:30:00,11.945,11.955,11.935,11.945,26388.0
2026-08-10,2026-08-10 10:35:00,11.945,11.97,11.93,11.93,27902.0
2026-08-10,2026-08-10 10:40:00,11.935,11.95,11.91,11.95,14047.0
2026-08-10,2026-08-10 10:45:00,11.945,11.97,11.945,11.965,25267.0
2026-08-10,2026-08-10 10:50:00,11.97,12.02,11.97,12.015,73202.0
2026-08-10,2026-08-10 10:55:00,12.02,12.065,12.02,12.065,27034.0
2026-08-10,2026-08-10 11:00:00,12.06,12.07,12.035,12.035,41657.0
2026-08-10,2026-08-10 11:05:00,12.04,12.06,12.03,12.04,31246.0
2026-08-10,2026-08-10 11:10:00,12.045,12.05,12.02,12.03,11992.0
2026-08-10,2026-08-10 11:15:00,12.03,12.045,12.025,12.045,10859.0
2026-08-10,2026-08-10 11:20:00,12.045,12.045,12.03,12.035,16797.0
2026-08-10,2026-08-10 11:25:00,12.035,12.05,12.03,12.035,27483.0
2026-08-10,2026-08-10 11:30:00,12.035,12.045,12.035,12.045,11113.0
2026-08-10,2026-08-10 11:35:00,12.045,12.085,12.045,12.075,19027.0
2026-08-10,2026-08-10 11:40:00,12.075,12.1,12.075,12.095,23740.0
2026-08-10,2026-08-10 11:45:00,12.095,12.1,12.085,12.09,22023.0
2026-08-10,2026-08-10 11:50:00,12.09,12.095,12.025,12.025,32227.0
2026-08-10,2026-08-10 11:55:00,12.02,12.06,12.02,12.055,14660.0
2026-08-10,2026-08-10 12:00:00,12.05,12.05,12.035,12.045,16408.0
2026-08-10,2026-08-10 12:05:00,12.045,12.05,12.035,12.039,31209.0
2026-08-10,2026-08-10 12:10:00,12.045,12.06,12.035,12.06,52695.0
2026-08-10,2026-08-10 12:15:00,12.06,12.06,12.04,12.05,48602.0
2026-08-10,2026-08-10 12:20:00,12.045,12.05,11.995,12.0,42780.0
2026-08-10,2026-08-10 12:25:00,11.995,11.995,11.98,11.985,32223.0
2026-08-10,2026-08-10 12:30:00,11.985,12.0,11.96,11.995,29653.0
2026-08-10,2026-08-10 12:35:00,11.995,12.005,11.97,11.99,23954.0
2026-08-10,2026-08-10 12:40:00,12.0,12.025,12.0,12.02,13558.0
2026-08-10,2026-08-10 12:45:00,12.02,12.02,11.975,11.975,20108.0
2026-08-10,2026-08-10 12:50:00,11.97,11.995,11.97,11.995,14783.0
2026-08-10,2026-08-10 12:55:00,11.995,12.02,11.995,12.02,14818.0
2026-08-10,2026-08-10 13:00:00,12.015,12.025,11.99,11.99,25162.0
2026-08-10,2026-08-10 13:05:00,11.985,11.985,11.975,11.975,5872.0
2026-08-10,2026-08-10 13:10:00,11.97,11.97,11.945,11.945,15369.0
2026-08-10,2026-08-10 13:15:00,11.945,11.95,11.935,11.945,9477.0
2026-08-10,2026-08-10 13:20:00,11.94,11.94,11.9,11.925,43173.0
2026-08-10,2026-08-10 13:25:00,11.93,11.935,11.925,11.925,11486.0
2026-08-10,2026-08-10 13:30:00,11.925,11.955,11.925,11.955,16621.0
2026-08-10,2026-08-10 13:35:00,11.955,11.96,11.93,11.94,26412.0
2026-08-10,2026-08-10 13:40:00,11.93,11.95,11.925,11.95,14880.0
2026-08-10,2026-08-10 13:45:00,11.945,11.955,11.94,11.955,13361.0
2026-08-10,2026-08-10 13:50:00,11.955,11.955,11.945,11.95,9012.0
2026-08-10,2026-08-10 13:55:00,11.955,11.96,11.945,11.945,51829.0
2026-08-10,2026-08-10 14:00:00,11.945,11.95,11.94,11.945,16400.0
2026-08-10,2026-08-10 14:05:00,11.95,11.96,11.945,11.945,18472.0
2026-08-10,2026-08-10 14:10:00,11.945,11.96,11.945,11.955,12484.0
2026-08-10,2026-08-10 14:15:00,11.955,11.96,11.95,11.95,16289.0
2026-08-10,2026-08-10 14:20:00,11.955,11.96,11.945,11.955,35339.0
2026-08-10,2026-08-10 14:25:00,11.955,11.96,11.935,11.94,40113.0
2026-08-10,2026-08-10 14:30:00,11.93,11.94,11.92,11.94,16389.0
2026-08-10,2026-08-10 14:35:00,11.935,11.94,11.915,11.915,29581.0
2026-08-10,2026-08-10 14:40:00,11.915,11.955,11.905,11.955,25753.0
2026-08-10,2026-08-10 14:45:00,11.955,11.955,11.94,11.95,12825.0
2026-08-10,2026-08-10 14:50:00,11.945,11.95,11.93,11.94,29484.0
2026-08-10,2026-08-10 14:55:00,11.935,11.94,11.91,11.915,48348.0
2026-08-10,2026-08-10 15:00:00,11.915,11.93,11.915,11.925,30056.0
2026-08-10,2026-08-10 15:05:00,11.92,11.92,11.86,11.865,79893.0
2026-08-10,2026-08-10 15:10:00,11.865,11.875,11.86,11.875,34275.0
2026-08-10,2026-08-10 15:15:00,11.87,11.8791,11.86,11.86,36383.0
2026-08-10,2026-08-10 15:20:00,11.865,11.8689,11.85,11.855,29835.0
2026-08-10,2026-08-10 15:25:00,11.85,11.885,11.85,11.885,114135.0
2026-08-10,2026-08-10 15:30:00,11.885,11.89,11.88,11.885,19969.0
2026-08-10,2026-08-10 15:35:00,11.885,11.885,11.86,11.87,73270.0
2026-08-10,2026-08-10 15:40:00,11.865,11.87,11.835,11.86,173406.0
2026-08-10,2026-08-10 15:45:00,11.86,11.88,11.86,11.88,48997.0
2026-08-10,2026-08-10 15:50:00,11.88,11.885,11.855,11.86,74032.0
2026-08-10,2026-08-10 15:55:00,11.86,11.88,11.845,11.86,144140.0
2026-08-10,2026-08-10 16:00:00,11.865,11.935,11.86,11.91,855988.0
2026-08-11,2026-08-11 09:35:00,11.72,12.0,11.72,12.0,83313.0
2026-08-11,2026-08-11 09:40:00,11.95,11.99,11.93,11.99,10463.0
2026-08-11,2026-08-11 09:45:00,11.98,12.01,11.95,11.95,8599.0
2026-08-11,2026-08-11 09:50:00,11.93,11.97,11.92,11.96,22333.0
2026-08-11,2026-08-11 09:55:00,11.97,11.99,11.96,11.96,31115.0
2026-08-11,2026-08-11 10:00:00,11.965,11.98,11.93,11.955,44099.0
2026-08-11,2026-08-11 10:05:00,11.96,11.99,11.95,11.965,14533.0
2026-08-11,2026-08-11 10:10:00,11.96,11.96,11.9,11.91,16837.0
2026-08-11,2026-08-11 10:15:00,11.91,11.93,11.9,11.93,13214.0
2026-08-11,2026-08-11 10:20:00,11.93,11.9491,11.92,11.945,13289.0
2026-08-11,2026-08-11 10:25:00,11.94,11.94,11.92,11.925,39176.0
2026-08-11,2026-08-11 10:30:00,11.925,11.94,11.92,11.935,11709.0
2026-08-11,2026-08-11 10:35:00,11.93,11.945,11.92,11.94,15439.0
2026-08-11,2026-08-11 10:40:00,11.95,12.0,11.95,11.995,13301.0
2026-08-11,2026-08-11 10:45:00,11.995,12.036,11.99,12.01,10070.0
2026-08-11,2026-08-11 10:50:00,12.02,12.025,11.99,11.995,8697.0
2026-08-11,2026-08-11 10:55:00,11.98,11.998,11.975,11.99,37421.0
2026-08-11,2026-08-11 11:00:00,11.985,11.985,11.97,11.985,8472.0
2026-08-11,2026-08-11 11:05:00,11.99,11.995,11.935,11.935,12218.0
2026-08-11,2026-08-11 11:10:00,11.93,11.94,11.915,11.915,6253.0
2026-08-11,2026-08-11 11:15:00,11.92,11.925,11.87,11.87,20048.0
2026-08-11,2026-08-11 11:20:00,11.88,11.88,11.85,11.855,12868.0
2026-08-11,2026-08-11 11:25:00,11.855,11.865,11.855,11.855,7082.0
2026-08-11,2026-08-11 11:30:00,11.85,11.855,11.85,11.855,4182.0
2026-08-11,2026-08-11 11:35:00,11.855,11.855,11.825,11.83,18451.0
2026-08-11,2026-08-11 11:40:00,11.835,11.85,11.82,11.85,15079.0
2026-08-11,2026-08-11 11:45:00,11.84,11.85,11.84,11.85,6321.0
2026-08-11,2026-08-11 11:50:00,11.85,11.865,11.84,11.865,8408.0
2026-08-11,2026-08-11 11:55:00,11.865,11.89,11.865,11.889,12168.0
2026-08-11,2026-08-11 12:00:00,11.89,11.9,11.89,11.895,9741.0
2026-08-11,2026-08-11 12:05:00,11.9,11.92,11.9,11.92,21965.0
2026-08-11,2026-08-11 12:10:00,11.92,11.93,11.92,11.92,12177.0
2026-08-11,2026-08-11 12:15:00,11.93,11.935,11.92,11.935,27868.0
2026-08-11,2026-08-11 12:20:00,11.935,11.945,11.93,11.935,72494.0
2026-08-11,2026-08-11 12:25:00,11.93,11.955,11.93,11.94,11065.0
2026-08-11,2026-08-11 12:30:00,11.94,11.945,11.935,11.935,7111.0
2026-08-11,2026-08-11 12:35:00,11.93,11.935,11.91,11.91,8643.0
2026-08-11,2026-08-11 12:40:00,11.92,11.93,11.905,11.905,7338.0
2026-08-11,2026-08-11 12:45:00,11.905,11.91,11.9,11.9,4619.0
2026-08-11,2026-08-11 12:50:00,11.9,11.905,11.9,11.905,9716.0
2026-08-11,2026-08-11 12:55:00,11.905,11.915,11.905,11.905,17304.0
2026-08-11,2026-08-11 13:00:00,11.905,11.92,11.9,11.9,14534.0
2026-08-11,2026-08-11 13:05:00,11.9,11.91,11.895,11.895,4328.0
2026-08-11,2026-08-11 13:10:00,11.89,11.89,11.875,11.875,7675.0
2026-08-11,2026-08-11 13:15:00,11.88,11.89,11.88,11.8825,9148.0
2026-08-11,2026-08-11 13:20:00,11.885,11.885,11.87,11.875,8720.0
2026-08-11,2026-08-11 13:25:00,11.875,11.885,11.865,11.87,10209.0
2026-08-11,2026-08-11 13:30:00,11.871,11.88,11.87,11.87,4957.0
2026-08-11,2026-08-11 13:35:00,11.875,11.875,11.86,11.86,8368.0
2026-08-11,2026-08-11 13:40:00,11.87,11.88,11.86,11.875,11619.0
2026-08-11,2026-08-11 13:45:00,11.875,11.88,11.87,11.875,10271.0
2026-08-11,2026-08-11 13:50:00,11.87,11.96,11.87,11.945,52524.0
2026-08-11,2026-08-11 13:55:00,11.955,11.96,11.935,11.96,69227.0
2026-08-11,2026-08-11 14:00:00,11.955,11.96,11.9,11.9,42630.0
2026-08-11,2026-08-11 14:05:00,11.905,11.905,11.875,11.875,10779.0
2026-08-11,2026-08-11 14:10:00,11.88,11.89,11.88,11.88,14746.0
2026-08-11,2026-08-11 14:15:00,11.885,11.89,11.87,11.875,16455.0
2026-08-11,2026-08-11 14:20:00,11.87,11.89,11.87,11.885,26331.0
2026-08-11,2026-08-11 14:25:00,11.885,11.895,11.88,11.895,9886.0
2026-08-11,2026-08-11 14:30:00,11.895,11.965,11.895,11.91,95523.0
2026-08-11,2026-08-11 14:35:00,11.91,11.945,11.91,11.935,52110.0
2026-08-11,2026-08-11 14:40:00,11.935,11.955,11.93,11.945,34932.0
2026-08-11,2026-08-11 14:45:00,11.945,11.95,11.935,11.95,21747.0
2026-08-11,2026-08-11 14:50:00,11.945,11.955,11.934,11.945,80386.0
2026-08-11,2026-08-11 14:55:00,11.95,11.955,11.925,11.925,52105.0
2026-08-11,2026-08-11 15:00:00,11.925,11.935,11.92,11.93,24342.0
2026-08-11,2026-08-11 15:05:00,11.93,11.94,11.91,11.91,40864.0
2026-08-11,2026-08-11 15:10:00,11.915,11.92,11.905,11.915,37367.0
2026-08-11,2026-08-11 15:15:00,11.92,11.925,11.89,11.905,52973.0
2026-08-11,2026-08-11 15:20:00,11.9,11.935,11.9,11.93,54144.0
2026-08-11,2026-08-11 15:25:00,11.925,11.93,11.91,11.915,30102.0
2026-08-11,2026-08-11 15:30:00,11.91,11.915,11.9,11.9,27306.0
2026-08-11,2026-08-11 15:35:00,11.905,11.92,11.89,11.915,39622.0
2026-08-11,2026-08-11 15:40:00,11.915,11.935,11.915,11.935,86355.0
2026-08-11,2026-08-11 15:45:00,11.935,11.935,11.9,11.91,40783.0
2026-08-11,2026-08-11 15:50:00,11.91,11.925,11.905,11.915,38875.0
2026-08-11,2026-08-11 15:55:00,11.915,11.95,11.905,11.935,88359.0
2026-08-11,2026-08-11 16:00:00,11.935,11.97,11.935,11.96,614832.0
2026-08-12,2026-08-12 09:35:00,11.89,12.1227,11.74,11.92,37533.0
2026-08-12,2026-08-12 09:40:00,11.92,11.97,11.86,11.9101,12230.0
2026-08-12,2026-08-12 09:45:00,11.98,11.99,11.864,11.875,20502.0
2026-08-12,2026-08-12 09:50:00,11.835,11.85,11.78,11.78,19960.0
2026-08-12,2026-08-12 09:55:00,11.78,11.8,11.765,11.78,18437.0
2026-08-12,2026-08-12 10:00:00,11.77,11.81,11.75,11.8,49953.0
2026-08-12,2026-08-12 10:05:00,11.79,11.79,11.75,11.75,16624.0
2026-08-12,2026-08-12 10:10:00,11.755,11.76,11.655,11.7,160084.0
2026-08-12,2026-08-12 10:15:00,11.695,11.74,11.66,11.66,60335.0
2026-08-12,2026-08-12 10:20:00,11.66,11.725,11.65,11.72,21637.0
2026-08-12,2026-08-12 10:25:00,11.715,11.715,11.685,11.685,15339.0
2026-08-12,2026-08-12 10:30:00,11.685,11.69,11.655,11.66,12716.0
2026-08-12,2026-08-12 10:35:00,11.67,11.68,11.64,11.64,18860.0
2026-08-12,2026-08-12 10:40:00,11.64,11.66,11.635,11.635,11437.0
2026-08-12,2026-08-12 10:45:00,11.635,11.66,11.635,11.645,8592.0
2026-08-12,2026-08-12 10:50:00,11.645,11.655,11.63,11.65,8013.0
2026-08-12,2026-08-12 10:55:00,11.655,11.6799,11.65,11.665,11301.0
2026-08-12,2026-08-12 11:00:00,11.66,11.67,11.65,11.67,6988.0
2026-08-12,2026-08-12 11:05:00,11.67,11.7,11.67,11.7,8517.0
2026-08-12,2026-08-12 11:10:00,11.695,11.725,11.69,11.725,9655.0
2026-08-12,2026-08-12 11:15:00,11.73,11.76,11.73,11.76,10130.0
2026-08-12,2026-08-12 11:20:00,11.77,11.785,11.765,11.785,10253.0
2026-08-12,2026-08-12 11:25:00,11.79,11.8,11.785,11.785,8616.0
2026-08-12,2026-08-12 11:30:00,11.79,11.8,11.78,11.78,14852.0
2026-08-12,2026-08-12 11:35:00,11.775,11.79,11.7711,11.79,5109.0
2026-08-12,2026-08-12 11:40:00,11.785,11.8,11.775,11.8,12304.0
2026-08-12,2026-08-12 11:45:00,11.8,11.81,11.79,11.81,6769.0
2026-08-12,2026-08-12 11:50:00,11.81,11.815,11.79,11.79,13070.0
2026-08-12,2026-08-12 11:55:00,11.79,11.81,11.785,11.8,44100.0
2026-08-12,2026-08-12 12:00:00,11.8,11.815,11.795,11.81,8528.0
2026-08-12,2026-08-12 12:05:00,11.805,11.845,11.805,11.835,13216.0
2026-08-12,2026-08-12 12:10:00,11.835,11.835,11.825,11.83,10649.0
2026-08-12,2026-08-12 12:15:00,11.835,11.84,11.83,11.84,7956.0
2026-08-12,2026-08-12 12:20:00,11.835,11.84,11.83,11.835,14857.0
2026-08-12,2026-08-12 12:25:00,11.835,11.84,11.81,11.81,16136.0
2026-08-12,2026-08-12 12:30:00,11.81,11.815,11.79,11.795,8869.0
2026-08-12,2026-08-12 12:35:00,11.795,11.825,11.795,11.825,11555.0
2026-08-12,2026-08-12 12:40:00,11.825,11.83,11.815,11.825,9678.0
2026-08-12,2026-08-12 12:45:00,11.825,11.83,11.815,11.825,11545.0
2026-08-12,2026-08-12 12:50:00,11.83,11.84,11.81,11.81,18546.0
2026-08-12,2026-08-12 12:55:00,11.81,11.81,11.8,11.81,6475.0
2026-08-12,2026-08-12 13:00:00,11.81,11.81,11.785,11.785,11501.0
2026-08-12,2026-08-12 13:05:00,11.785,11.7877,11.77,11.77,10905.0
2026-08-12,2026-08-12 13:10:00,11.775,11.79,11.77,11.785,7029.0
2026-08-12,2026-08-12 13:15:00,11.79,11.79,11.775,11.775,8131.0
2026-08-12,2026-08-12 13:20:00,11.775,11.775,11.75,11.75,17882.0
2026-08-12,2026-08-12 13:25:00,11.75,11.755,11.74,11.755,7469.0
2026-08-12,2026-08-12 13:30:00,11.75,11.755,11.73,11.73,24038.0
2026-08-12,2026-08-12 13:35:00,11.73,11.73,11.72,11.73,5829.0
2026-08-12,2026-08-12 13:40:00,11.725,11.74,11.725,11.735,30128.0
2026-08-12,2026-08-12 13:45:00,11.735,11.74,11.72,11.7211,18892.0
2026-08-12,2026-08-12 13:50:00,11.72,11.735,11.72,11.73,19500.0
2026-08-12,2026-08-12 13:55:00,11.73,11.73,11.69,11.7,48177.0
2026-08-12,2026-08-12 14:00:00,11.7,11.74,11.7,11.74,34531.0
2026-08-12,2026-08-12 14:05:00,11.74,11.75,11.725,11.73,53724.0
2026-08-12,2026-08-12 14:10:00,11.73,11.74,11.72,11.735,26953.0
2026-08-12,2026-08-12 14:15:00,11.735,11.75,11.72,11.745,26543.0
2026-08-12,2026-08-12 14:20:00,11.745,11.75,11.7312,11.735,18685.0
2026-08-12,2026-08-12 14:25:00,11.735,11.735,11.72,11.735,15204.0
2026-08-12,2026-08-12 14:30:00,11.73,11.74,11.73,11.73,20364.0
2026-08-12,2026-08-12 14:35:00,11.735,11.745,11.73,11.74,17951.0
2026-08-12,2026-08-12 14:40:00,11.745,11.745,11.735,11.735,15659.0
2026-08-12,2026-08-12 14:45:00,11.73,11.735,11.72,11.735,25447.0
2026-08-12,2026-08-12 14:50:00,11.73,11.74,11.725,11.735,22721.0
2026-08-12,2026-08-12 14:55:00,11.735,11.75,11.731,11.75,10622.0
2026-08-12,2026-08-12 15:00:00,11.745,11.76,11.74,11.745,17998.0
2026-08-12,2026-08-12 15:05:00,11.745,11.755,11.735,11.735,30191.0
2026-08-12,2026-08-12 15:10:00,11.73,11.75,11.72,11.75,20742.0
2026-08-12,2026-08-12 15:15:00,11.745,11.765,11.745,11.76,17336.0
2026-08-12,2026-08-12 15:20:00,11.755,11.755,11.73,11.73,16079.0
2026-08-12,2026-08-12 15:25:00,11.73,11.74,11.73,11.735,22706.0
2026-08-12,2026-08-12 15:30:00,11.73,11.74,11.73,11.73,17956.0
2026-08-12,2026-08-12 15:35:00,11.73,11.77,11.73,11.745,55195.0
2026-08-12,2026-08-12 15:40:00,11.745,11.77,11.745,11.745,54825.0
2026-08-12,2026-08-12 15:45:00,11.745,11.785,11.74,11.76,85559.0
2026-08-12,2026-08-12 15:50:00,11.765,11.765,11.71,11.712,40959.0
2026-08-12,2026-08-12 15:55:00,11.71,11.71,11.67,11.675,52891.0
2026-08-12,2026-08-12 16:00:00,11.68,11.7,11.64,11.69,793212.0
2026-08-13,2026-08-13 09:35:00,11.81,11.93,11.75,11.78,24816.0
2026-08-13,2026-08-13 09:40:00,11.805,11.85,11.74,11.835,12039.0
2026-08-13,2026-08-13 09:45:00,11.83,11.83,11.76,11.77,10853.0
2026-08-13,2026-08-13 09:50:00,11.75,11.755,11.69,11.755,17937.0
2026-08-13,2026-08-13 09:55:00,11.755,11.81,11.74,11.81,10518.0
2026-08-13,2026-08-13 10:00:00,11.8025,11.84,11.8025,11.82,10779.0
2026-08-13,2026-08-13 10:05:00,11.81,11.905,11.805,11.865,45815.0
2026-08-13,2026-08-13 10:10:00,11.865,11.895,11.855,11.875,8548.0
2026-08-13,2026-08-13 10:15:00,11.88,11.885,11.865,11.87,14686.0
2026-08-13,2026-08-13 10:20:00,11.865,11.875,11.825,11.84,14742.0
2026-08-13,2026-08-13 10:25:00,11.845,11.85,11.82,11.825,9255.0
2026-08-13,2026-08-13 10:30:00,11.82,11.82,11.765,11.765,12113.0
2026-08-13,2026-08-13 10:35:00,11.76,11.76,11.72,11.72,11293.0
2026-08-13,2026-08-13 10:40:00,11.725,11.735,11.695,11.705,11601.0
2026-08-13,2026-08-13 10:45:00,11.705,11.71,11.685,11.685,8166.0
2026-08-13,2026-08-13 10:50:00,11.69,11.705,11.685,11.69,10172.0
2026-08-13,2026-08-13 10:55:00,11.7,11.725,11.69,11.705,24477.0
2026-08-13,2026-08-13 11:00:00,11.7,11.74,11.7,11.74,11793.0
2026-08-13,2026-08-13 11:05:00,11.74,11.75,11.715,11.715,10982.0
2026-08-13,2026-08-13 11:10:00,11.72,11.72,11.69,11.7,7805.0
2026-08-13,2026-08-13 11:15:00,11.7,11.705,11.685,11.7,17390.0
2026-08-13,2026-08-13 11:20:00,11.7,11.715,11.69,11.715,14744.0
2026-08-13,2026-08-13 11:25:00,11.71,11.715,11.695,11.695,11104.0
2026-08-13,2026-08-13 11:30:00,11.6999,11.6999,11.675,11.675,20491.0
2026-08-13,2026-08-13 11:35:00,11.675,11.705,11.67,11.705,11948.0
2026-08-13,2026-08-13 11:40:00,11.71,11.735,11.705,11.735,14833.0
2026-08-13,2026-08-13 11:45:00,11.735,11.735,11.725,11.735,9841.0
2026-08-13,2026-08-13 11:50:00,11.725,11.735,11.71,11.71,18969.0
2026-08-13,2026-08-13 11:55:00,11.7,11.74,11.695,11.73,144216.0
2026-08-13,2026-08-13 12:00:00,11.73,11.73,11.715,11.715,7570.0
2026-08-13,2026-08-13 12:05:00,11.715,11.72,11.695,11.695,13234.0
2026-08-13,2026-08-13 12:10:00,11.695,11.7,11.685,11.685,7997.0
2026-08-13,2026-08-13 12:15:00,11.68,11.6997,11.68,11.695,12252.0
2026-08-13,2026-08-13 12:20:00,11.695,11.705,11.695,11.705,8547.0
2026-08-13,2026-08-13 12:25:00,11.705,11.715,11.705,11.705,6852.0
2026-08-13,2026-08-13 12:30:00,11.705,11.705,11.695,11.705,8137.0
2026-08-13,2026-08-13 12:35:00,11.705,11.715,11.705,11.715,4519.0
2026-08-13,2026-08-13 12:40:00,11.72,11.72,11.71,11.715,5565.0
2026-08-13,2026-08-13 12:45:00,11.715,11.725,11.705,11.7199,28505.0
2026-08-13,2026-08-13 12:50:00,11.715,11.725,11.705,11.725,23664.0
2026-08-13,2026-08-13 12:55:00,11.725,11.73,11.715,11.725,11259.0
2026-08-13,2026-08-13 13:00:00,11.725,11.73,11.715,11.725,12390.0
2026-08-13,2026-08-13 13:05:00,11.725,11.725,11.685,11.685,20891.0
2026-08-13,2026-08-13 13:10:00,11.689,11.7,11.685,11.695,11811.0
2026-08-13,2026-08-13 13:15:00,11.695,11.71,11.69,11.695,17272.0
2026-08-13,2026-08-13 13:20:00,11.69,11.705,11.69,11.695,14320.0
2026-08-13,2026-08-13 13:25:00,11.695,11.705,11.6911,11.6966,9439.0
2026-08-13,2026-08-13 13:30:00,11.7,11.705,11.69,11.69,9181.0
2026-08-13,2026-08-13 13:35:00,11.695,11.7,11.685,11.695,16728.0
2026-08-13,2026-08-13 13:40:00,11.69,11.695,11.67,11.685,14372.0
2026-08-13,2026-08-13 13:45:00,11.68,11.7,11.68,11.695,7759.0
2026-08-13,2026-08-13 13:50:00,11.695,11.705,11.695,11.705,9415.0
2026-08-13,2026-08-13 13:55:00,11.71,11.73,11.705,11.715,35059.0
2026-08-13,2026-08-13 14:00:00,11.715,11.725,11.705,11.715,19425.0
2026-08-13,2026-08-13 14:05:00,11.715,11.725,11.71,11.715,13077.0
2026-08-13,2026-08-13 14:10:00,11.715,11.7299,11.71,11.725,18418.0
2026-08-13,2026-08-13 14:15:00,11.72,11.7399,11.72,11.735,21439.0
2026-08-13,2026-08-13 14:20:00,11.735,11.74,11.73,11.735,9516.0
2026-08-13,2026-08-13 14:25:00,11.735,11.75,11.735,11.745,7541.0
2026-08-13,2026-08-13 14:30:00,11.745,11.75,11.74,11.74,21591.0
2026-08-13,2026-08-13 14:35:00,11.745,11.75,11.72,11.725,33354.0
2026-08-13,2026-08-13 14:40:00,11.725,11.74,11.72,11.735,36092.0
2026-08-13,2026-08-13 14:45:00,11.74,11.765,11.74,11.765,13674.0
2026-08-13,2026-08-13 14:50:00,11.765,11.785,11.765,11.785,17106.0
2026-08-13,2026-08-13 14:55:00,11.785,11.8,11.785,11.785,16424.0
2026-08-13,2026-08-13 15:00:00,11.785,11.795,11.78,11.795,26503.0
2026-08-13,2026-08-13 15:05:00,11.795,11.795,11.78,11.795,11214.0
2026-08-13,2026-08-13 15:10:00,11.795,11.81,11.78,11.805,28922.0
2026-08-13,2026-08-13 15:15:00,11.81,11.82,11.805,11.805,19026.0
2026-08-13,2026-08-13 15:20:00,11.805,11.83,11.795,11.815,24215.0
2026-08-13,2026-08-13 15:25:00,11.815,11.815,11.805,11.809,15404.0
2026-08-13,2026-08-13 15:30:00,11.81,11.815,11.805,11.815,15906.0
2026-08-13,2026-08-13 15:35:00,11.815,11.83,11.815,11.825,20896.0
2026-08-13,2026-08-13 15:40:00,11.825,11.825,11.8,11.815,25953.0
2026-08-13,2026-08-13 15:45:00,11.82,11.855,11.815,11.855,53542.0
2026-08-13,2026-08-13 15:50:00,11.86,11.86,11.83,11.83,36403.0
2026-08-13,2026-08-13 15:55:00,11.835,11.85,11.825,11.84,54835.0
2026-08-13,2026-08-13 16:00:00,11.845,11.86,11.83,11.84,658944.0
2026-08-14,2026-08-14 09:35:00,11.8,11.805,11.74,11.77,36956.0
2026-08-14,2026-08-14 09:40:00,11.77,11.77,11.67,11.67,108079.0
2026-08-14,2026-08-14 09:45:00,11.67,11.68,11.645,11.65,90325.0
2026-08-14,2026-08-14 09:50:00,11.655,11.6825,11.61,11.64,20188.0
2026-08-14,2026-08-14 09:55:00,11.64,11.675,11.64,11.66,19951.0
2026-08-14,2026-08-14 10:00:00,11.65,11.65,11.6,11.62,79565.0
2026-08-14,2026-08-14 10:05:00,11.62,11.65,11.6,11.6,43732.0
2026-08-14,2026-08-14 10:10:00,11.59,11.6,11.555,11.555,60419.0
2026-08-14,2026-08-14 10:15:00,11.555,11.555,11.515,11.515,26018.0
2026-08-14,2026-08-14 10:20:00,11.515,11.59,11.505,11.56,28289.0
2026-08-14,2026-08-14 10:25:00,11.56,11.585,11.5437,11.58,24279.0
2026-08-14,2026-08-14 10:30:00,11.575,11.595,11.57,11.585,28755.0
2026-08-14,2026-08-14 10:35:00,11.585,11.585,11.535,11.545,33775.0
2026-08-14,2026-08-14 10:40:00,11.54,11.56,11.54,11.545,18168.0
2026-08-14,2026-08-14 10:45:00,11.545,11.56,11.475,11.535,48390.0
2026-08-14,2026-08-14 10:50:00,11.535,11.55,11.52,11.525,13263.0
2026-08-14,2026-08-14 10:55:00,11.525,11.54,11.51,11.525,51830.0
2026-08-14,2026-08-14 11:00:00,11.525,11.535,11.52,11.535,13601.0
2026-08-14,2026-08-14 11:05:00,11.53,11.56,11.53,11.55,19284.0
2026-08-14,2026-08-14 11:10:00,11.545,11.56,11.54,11.54,12373.0
2026-08-14,2026-08-14 11:15:00,11.545,11.565,11.54,11.545,18685.0
2026-08-14,2026-08-14 11:20:00,11.54,11.545,11.53,11.53,9676.0
2026-08-14,2026-08-14 11:25:00,11.53,11.55,11.53,11.545,18479.0
2026-08-14,2026-08-14 11:30:00,11.545,11.58,11.545,11.565,34261.0
2026-08-14,2026-08-14 11:35:00,11.57,11.58,11.56,11.565,83314.0
2026-08-14,2026-08-14 11:40:00,11.565,11.59,11.565,11.585,24102.0
2026-08-14,2026-08-14 11:45:00,11.59,11.6,11.575,11.585,37522.0
2026-08-14,2026-08-14 11:50:00,11.585,11.595,11.585,11.59,12322.0
2026-08-14,2026-08-14 11:55:00,11.59,11.605,11.58,11.595,19174.0
2026-08-14,2026-08-14 12:00:00,11.595,11.595,11.575,11.575,10757.0
2026-08-14,2026-08-14 12:05:00,11.575,11.58,11.52,11.52,35525.0
2026-08-14,2026-08-14 12:10:00,11.52,11.52,11.495,11.495,15872.0
2026-08-14,2026-08-14 12:15:00,11.495,11.5,11.465,11.475,69949.0
2026-08-14,2026-08-14 12:20:00,11.475,11.48,11.47,11.475,9997.0
2026-08-14,2026-08-14 12:25:00,11.475,11.48,11.46,11.46,14397.0
2026-08-14,2026-08-14 12:30:00,11.46,11.47,11.45,11.465,24770.0
2026-08-14,2026-08-14 12:35:00,11.465,11.48,11.465,11.475,18714.0
2026-08-14,2026-08-14 12:40:00,11.475,11.475,11.47,11.475,11767.0
2026-08-14,2026-08-14 12:45:00,11.475,11.475,11.435,11.435,21528.0
2026-08-14,2026-08-14 12:50:00,11.43,11.435,11.425,11.425,15758.0
2026-08-14,2026-08-14 12:55:00,11.425,11.435,11.4,11.43,72730.0
2026-08-14,2026-08-14 13:00:00,11.435,11.44,11.43,11.43,14531.0
2026-08-14,2026-08-14 13:05:00,11.43,11.44,11.42,11.425,33670.0
2026-08-14,2026-08-14 13:10:00,11.425,11.425,11.41,11.415,28031.0
2026-08-14,2026-08-14 13:15:00,11.41,11.4153,11.4,11.415,12798.0
2026-08-14,2026-08-14 13:20:00,11.4101,11.435,11.41,11.43,32420.0
2026-08-14,2026-08-14 13:25:00,11.43,11.45,11.425,11.445,10118.0
2026-08-14,2026-08-14 13:30:00,11.445,11.45,11.44,11.44,5471.0
2026-08-14,2026-08-14 13:35:00,11.445,11.445,11.42,11.42,17182.0
2026-08-14,2026-08-14 13:40:00,11.42,11.425,11.41,11.425,16458.0
2026-08-14,2026-08-14 13:45:00,11.42,11.425,11.41,11.42,33314.0
2026-08-14,2026-08-14 13:50:00,11.425,11.425,11.4,11.4,18559.0
2026-08-14,2026-08-14 13:55:00,11.4,11.41,11.4,11.405,12566.0
2026-08-14,2026-08-14 14:00:00,11.4,11.415,11.4,11.405,26240.0
2026-08-14,2026-08-14 14:05:00,11.405,11.405,11.37,11.375,28037.0
2026-08-14,2026-08-14 14:10:00,11.375,11.38,11.36,11.365,14290.0
2026-08-14,2026-08-14 14:15:00,11.36,11.385,11.355,11.375,32759.0
2026-08-14,2026-08-14 14:20:00,11.375,11.395,11.375,11.39,23751.0
2026-08-14,2026-08-14 14:25:00,11.395,11.4,11.39,11.39,12588.0
2026-08-14,2026-08-14 14:30:00,11.39,11.395,11.375,11.385,25345.0
2026-08-14,2026-08-14 14:35:00,11.385,11.4,11.385,11.395,18290.0
2026-08-14,2026-08-14 14:40:00,11.395,11.405,11.39,11.39,30966.0
2026-08-14,2026-08-14 14:45:00,11.39,11.39,11.38,11.38,19329.0
2026-08-14,2026-08-14 14:50:00,11.38,11.385,11.36,11.385,55929.0
2026-08-14,2026-08-14 14:55:00,11.385,11.39,11.36,11.36,28309.0
2026-08-14,2026-08-14 15:00:00,11.36,11.38,11.35,11.38,64467.0
2026-08-14,2026-08-14 15:05:00,11.38,11.385,11.37,11.375,23756.0
2026-08-14,2026-08-14 15:10:00,11.375,11.385,11.37,11.375,21049.0
2026-08-14,2026-08-14 15:15:00,11.375,11.41,11.37,11.395,38154.0
2026-08-14,2026-08-14 15:20:00,11.4,11.4,11.385,11.395,46020.0
2026-08-14,2026-08-14 15:25:00,11.395,11.4,11.38,11.385,22509.0
2026-08-14,2026-08-14 15:30:00,11.3801,11.405,11.3801,11.405,35210.0
2026-08-14,2026-08-14 15:35:00,11.405,11.445,11.405,11.435,42487.0
2026-08-14,2026-08-14 15:40:00,11.435,11.44,11.425,11.425,57040.0
2026-08-14,2026-08-14 15:45:00,11.425,11.43,11.4,11.405,58412.0
2026-08-14,2026-08-14 15:50:00,11.405,11.43,11.395,11.425,38354.0
2026-08-14,2026-08-14 15:55:00,11.425,11.435,11.41,11.435,69753.0
2026-08-14,2026-08-14 16:00:00,11.435,11.46,11.37,11.4,1312813.0
2026-08-17,2026-08-17 09:35:00,11.23,11.32,11.18,11.185,81186.0
2026-08-17,2026-08-17 09:40:00,11.19,11.21,11.145,11.175,23996.0
2026-08-17,2026-08-17 09:45:00,11.18,11.19,11.09,11.11,28339.0
2026-08-17,2026-08-17 09:50:00,11.105,11.105,11.03,11.06,35000.0
2026-08-17,2026-08-17 09:55:00,11.06,11.09,11.03,11.04,12210.0
2026-08-17,2026-08-17 10:00:00,11.04,11.07,11.03,11.05,54302.0
2026-08-17,2026-08-17 10:05:00,11.04,11.0591,11.01,11.035,45648.0
2026-08-17,2026-08-17 10:10:00,11.03,11.075,11.03,11.075,19693.0
2026-08-17,2026-08-17 10:15:00,11.08,11.085,11.055,11.075,21135.0
2026-08-17,2026-08-17 10:20:00,11.08,11.145,11.075,11.135,148959.0
2026-08-17,2026-08-17 10:25:00,11.13,11.185,11.125,11.175,42116.0
2026-08-17,2026-08-17 10:30:00,11.17,11.175,11.155,11.175,16459.0
2026-08-17,2026-08-17 10:35:00,11.175,11.185,11.145,11.17,37180.0
2026-08-17,2026-08-17 10:40:00,11.16,11.165,11.105,11.115,31375.0
2026-08-17,2026-08-17 10:45:00,11.11,11.125,11.09,11.095,15508.0
2026-08-17,2026-08-17 10:50:00,11.095,11.115,11.085,11.09,54002.0
2026-08-17,2026-08-17 10:55:00,11.085,11.12,11.085,11.11,19916.0
2026-08-17,2026-08-17 11:00:00,11.115,11.12,11.115,11.115,9384.0
2026-08-17,2026-08-17 11:05:00,11.115,11.115,11.105,11.1088,15085.0
2026-08-17,2026-08-17 11:10:00,11.11,11.115,11.085,11.095,19725.0
2026-08-17,2026-08-17 11:15:00,11.1,11.105,11.08,11.085,52458.0
2026-08-17,2026-08-17 11:20:00,11.084,11.09,11.065,11.065,24644.0
2026-08-17,2026-08-17 11:25:00,11.07,11.09,11.06,11.085,19413.0
2026-08-17,2026-08-17 11:30:00,11.085,11.115,11.085,11.115,15286.0
2026-08-17,2026-08-17 11:35:00,11.115,11.115,11.09,11.105,17968.0
2026-08-17,2026-08-17 11:40:00,11.1,11.105,11.085,11.1,52042.0
2026-08-17,2026-08-17 11:45:00,11.11,11.115,11.09,11.09,13144.0
2026-08-17,2026-08-17 11:50:00,11.095,11.095,11.07,11.08,13443.0
2026-08-17,2026-08-17 11:55:00,11.07,11.085,11.07,11.075,15406.0
2026-08-17,2026-08-17 12:00:00,11.075,11.075,11.045,11.045,61789.0
2026-08-17,2026-08-17 12:05:00,11.045,11.055,11.035,11.045,89703.0
2026-08-17,2026-08-17 12:10:00,11.045,11.055,11.025,11.025,25234.0
2026-08-17,2026-08-17 12:15:00,11.025,11.035,11.025,11.0319,16128.0
2026-08-17,2026-08-17 12:20:00,11.035,11.035,11.025,11.025,22209.0
2026-08-17,2026-08-17 12:25:00,11.025,11.055,11.025,11.035,54487.0
2026-08-17,2026-08-17 12:30:00,11.035,11.045,11.035,11.045,44676.0
2026-08-17,2026-08-17 12:35:00,11.045,11.065,11.03,11.05,169719.0
2026-08-17,2026-08-17 12:40:00,11.055,11.065,11.04,11.04,44747.0
2026-08-17,2026-08-17 12:45:00,11.045,11.045,11.025,11.025,13622.0
2026-08-17,2026-08-17 12:50:00,11.03,11.04,11.02,11.04,28281.0
2026-08-17,2026-08-17 12:55:00,11.035,11.05,11.0,11.02,37515.0
2026-08-17,2026-08-17 13:00:00,11.015,11.02,11.0,11.0,30248.0
2026-08-17,2026-08-17 13:05:00,11.005,11.005,10.99,10.995,33589.0
2026-08-17,2026-08-17 13:10:00,10.99,11.015,10.97,11.015,80421.0
2026-08-17,2026-08-17 13:15:00,11.01,11.03,11.01,11.015,12970.0
2026-08-17,2026-08-17 13:20:00,11.015,11.02,11.0,11.005,52339.0
2026-08-17,2026-08-17 13:25:00,11.01,11.02,11.0,11.005,24980.0
2026-08-17,2026-08-17 13:30:00,11.005,11.005,10.99,10.99,10349.0
2026-08-17,2026-08-17 13:35:00,10.9951,10.9977,10.99,10.995,10243.0
2026-08-17,2026-08-17 13:40:00,10.995,11.045,10.97,11.045,708815.0
2026-08-17,2026-08-17 13:45:00,11.045,11.065,11.045,11.065,10641.0
2026-08-17,2026-08-17 13:50:00,11.065,11.07,11.055,11.065,19539.0
2026-08-17,2026-08-17 13:55:00,11.06,11.065,11.04,11.045,12830.0
2026-08-17,2026-08-17 14:00:00,11.04,11.04,11.025,11.025,20932.0
2026-08-17,2026-08-17 14:05:00,11.025,11.04,11.025,11.035,27785.0
2026-08-17,2026-08-17 14:10:00,11.035,11.059,11.035,11.055,24082.0
2026-08-17,2026-08-17 14:15:00,11.055,11.065,11.045,11.055,28130.0
2026-08-17,2026-08-17 14:20:00,11.05,11.055,11.035,11.035,14920.0
2026-08-17,2026-08-17 14:25:00,11.035,11.035,11.02,11.03,18319.0
2026-08-17,2026-08-17 14:30:00,11.03,11.045,11.03,11.045,17628.0
2026-08-17,2026-08-17 14:35:00,11.045,11.045,11.035,11.04,14153.0
2026-08-17,2026-08-17 14:40:00,11.035,11.08,11.035,11.075,26479.0
2026-08-17,2026-08-17 14:45:00,11.075,11.075,11.055,11.055,28954.0
2026-08-17,2026-08-17 14:50:00,11.06,11.07,11.045,11.045,57844.0
2026-08-17,2026-08-17 14:55:00,11.045,11.045,11.035,11.0406,24174.0
2026-08-17,2026-08-17 15:00:00,11.0489,11.05,11.04,11.045,18308.0
2026-08-17,2026-08-17 15:05:00,11.045,11.08,11.04,11.08,25824.0
2026-08-17,2026-08-17 15:10:00,11.075,11.085,11.07,11.08,19779.0
2026-08-17,2026-08-17 15:15:00,11.085,11.09,11.075,11.085,20787.0
2026-08-17,2026-08-17 15:20:00,11.088,11.12,11.08,11.12,17530.0
2026-08-17,2026-08-17 15:25:00,11.12,11.135,11.115,11.13,24720.0
2026-08-17,2026-08-17 15:30:00,11.12,11.125,11.06,11.06,48187.0
2026-08-17,2026-08-17 15:35:00,11.065,11.065,11.015,11.035,34451.0
2026-08-17,2026-08-17 15:40:00,11.035,11.045,11.005,11.005,40836.0
2026-08-17,2026-08-17 15:45:00,11.0,11.005,10.98,10.98,35196.0
2026-08-17,2026-08-17 15:50:00,10.985,11.0,10.98,10.995,41621.0
2026-08-17,2026-08-17 15:55:00,10.995,11.005,10.96,10.965,75458.0
2026-08-17,2026-08-17 16:00:00,10.965,11.01,10.94,11.0,928560.0
2026-08-18,2026-08-18 09:35:00,11.11,11.16,11.02,11.02,60066.0
2026-08-18,2026-08-18 09:40:00,11.02,11.085,11.0,11.06,24330.0
2026-08-18,2026-08-18 09:45:00,11.07,11.145,11.045,11.14,7500.0
2026-08-18,2026-08-18 09:50:00,11.13,11.175,11.1069,11.145,10613.0
2026-08-18,2026-08-18 09:55:00,11.135,11.18,11.12,11.165,14346.0
2026-08-18,2026-08-18 10:00:00,11.165,11.19,11.15,11.16,21225.0
2026-08-18,2026-08-18 10:05:00,11.145,11.18,11.145,11.165,20589.0
2026-08-18,2026-08-18 10:10:00,11.165,11.2,11.15,11.18,12377.0
2026-08-18,2026-08-18 10:15:00,11.175,11.18,11.12,11.135,66719.0
2026-08-18,2026-08-18 10:20:00,11.135,11.135,11.11,11.115,19509.0
2026-08-18,2026-08-18 10:25:00,11.12,11.145,11.115,11.145,24078.0
2026-08-18,2026-08-18 10:30:00,11.15,11.15,11.07,11.07,17002.0
2026-08-18,2026-08-18 10:35:00,11.07,11.11,11.07,11.085,14814.0
2026-08-18,2026-08-18 10:40:00,11.09,11.125,11.085,11.125,13534.0
2026-08-18,2026-08-18 10:45:00,11.12,11.15,11.12,11.15,31771.0
2026-08-18,2026-08-18 10:50:00,11.15,11.205,11.15,11.19,39163.0
2026-08-18,2026-08-18 10:55:00,11.195,11.225,11.195,11.205,11229.0
2026-08-18,2026-08-18 11:00:00,11.205,11.23,11.205,11.215,13248.0
2026-08-18,2026-08-18 11:05:00,11.22,11.22,11.185,11.185,10041.0
2026-08-18,2026-08-18 11:10:00,11.19,11.21,11.19,11.21,9748.0
2026-08-18,2026-08-18 11:15:00,11.2,11.2,11.175,11.175,7225.0
2026-08-18,2026-08-18 11:20:00,11.17,11.21,11.16,11.16,28492.0
2026-08-18,2026-08-18 11:25:00,11.165,11.165,11.125,11.13,7365.0
2026-08-18,2026-08-18 11:30:00,11.125,11.15,11.125,11.135,11670.0
2026-08-18,2026-08-18 11:35:00,11.135,11.15,11.12,11.14,18581.0
2026-08-18,2026-08-18 11:40:00,11.135,11.17,11.135,11.17,8232.0
2026-08-18,2026-08-18 11:45:00,11.175,11.19,11.16,11.16,25549.0
2026-08-18,2026-08-18 11:50:00,11.17,11.18,11.16,11.165,5584.0
2026-08-18,2026-08-18 11:55:00,11.17,11.17,11.15,11.15,9201.0
2026-08-18,2026-08-18 12:00:00,11.155,11.155,11.14,11.15,5516.0
2026-08-18,2026-08-18 12:05:00,11.15,11.16,11.13,11.145,13650.0
2026-08-18,2026-08-18 12:10:00,11.145,11.16,11.14,11.15,19100.0
2026-08-18,2026-08-18 12:15:00,11.155,11.16,11.145,11.145,14259.0
2026-08-18,2026-08-18 12:20:00,11.15,11.16,11.14,11.155,12392.0
2026-08-18,2026-08-18 12:25:00,11.155,11.165,11.15,11.16,16769.0
2026-08-18,2026-08-18 12:30:00,11.15,11.15,11.135,11.135,4875.0
2026-08-18,2026-08-18 12:35:00,11.135,11.175,11.135,11.17,14893.0
2026-08-18,2026-08-18 12:40:00,11.175,11.18,11.17,11.17,7779.0
2026-08-18,2026-08-18 12:45:00,11.165,11.18,11.165,11.18,12706.0
2026-08-18,2026-08-18 12:50:00,11.175,11.19,11.165,11.18,40986.0
2026-08-18,2026-08-18 12:55:00,11.17,11.17,11.16,11.17,10525.0
2026-08-18,2026-08-18 13:00:00,11.169,11.175,11.165,11.175,10579.0
2026-08-18,2026-08-18 13:05:00,11.18,11.18,11.165,11.165,7080.0
2026-08-18,2026-08-18 13:10:00,11.165,11.185,11.165,11.18,57000.0
2026-08-18,2026-08-18 13:15:00,11.18,11.185,11.175,11.175,10229.0
2026-08-18,2026-08-18 13:20:00,11.175,11.19,11.17,11.18,32112.0
2026-08-18,2026-08-18 13:25:00,11.185,11.185,11.17,11.17,12973.0
2026-08-18,2026-08-18 13:30:00,11.17,11.18,11.145,11.145,33512.0
2026-08-18,2026-08-18 13:35:00,11.145,11.15,11.135,11.14,14936.0
2026-08-18,2026-08-18 13:40:00,11.14,11.14,11.13,11.135,14518.0
2026-08-18,2026-08-18 13:45:00,11.135,11.135,11.12,11.125,16841.0
2026-08-18,2026-08-18 13:50:00,11.125,11.13,11.12,11.125,6068.0
2026-08-18,2026-08-18 13:55:00,11.125,11.125,11.11,11.11,7918.0
2026-08-18,2026-08-18 14:00:00,11.12,11.12,11.075,11.085,40671.0
2026-08-18,2026-08-18 14:05:00,11.085,11.095,11.07,11.08,18284.0
2026-08-18,2026-08-18 14:10:00,11.08,11.09,11.065,11.09,20713.0
2026-08-18,2026-08-18 14:15:00,11.085,11.1,11.08,11.09,26237.0
2026-08-18,2026-08-18 14:20:00,11.095,11.095,11.07,11.0799,9226.0
2026-08-18,2026-08-18 14:25:00,11.075,11.085,11.07,11.07,16170.0
2026-08-18,2026-08-18 14:30:00,11.075,11.09,11.064,11.07,27792.0
2026-08-18,2026-08-18 14:35:00,11.065,11.08,11.065,11.075,9999.0
2026-08-18,2026-08-18 14:40:00,11.075,11.08,11.065,11.065,16192.0
2026-08-18,2026-08-18 14:45:00,11.065,11.08,11.06,11.065,16303.0
2026-08-18,2026-08-18 14:50:00,11.07,11.08,11.06,11.06,17530.0
2026-08-18,2026-08-18 14:55:00,11.065,11.07,11.045,11.055,33807.0
2026-08-18,2026-08-18 15:00:00,11.05,11.07,11.04,11.07,46148.0
2026-08-18,2026-08-18 15:05:00,11.065,11.07,11.052,11.06,19816.0
2026-08-18,2026-08-18 15:10:00,11.055,11.07,11.04,11.045,20400.0
2026-08-18,2026-08-18 15:15:00,11.055,11.06,11.025,11.025,19466.0
2026-08-18,2026-08-18 15:20:00,11.02,11.04,10.995,11.02,67584.0
2026-08-18,2026-08-18 15:25:00,11.02,11.04,11.02,11.038,19898.0
2026-08-18,2026-08-18 15:30:00,11.035,11.045,11.005,11.015,34453.0
2026-08-18,2026-08-18 15:35:00,11.02,11.04,11.015,11.02,68034.0
2026-08-18,2026-08-18 15:40:00,11.02,11.025,11.0,11.005,31235.0
2026-08-18,2026-08-18 15:45:00,11.005,11.005,10.965,10.98,58945.0
2026-08-18,2026-08-18 15:50:00,10.985,11.0,10.975,10.995,38411.0
2026-08-18,2026-08-18 15:55:00,10.995,11.03,10.985,10.985,135610.0
2026-08-18,2026-08-18 16:00:00,10.99,11.02,10.955,10.97,1013494.0
2026-08-19,2026-08-19 09:35:00,11.13,11.29,11.05,11.29,54558.0
2026-08-19,2026-08-19 09:40:00,11.3,11.31,11.2,11.28,35424.0
2026-08-19,2026-08-19 09:45:00,11.29,11.29,11.225,11.265,37307.0
2026-08-19,2026-08-19 09:50:00,11.25,11.29,11.23,11.26,17388.0
2026-08-19,2026-08-19 09:55:00,11.27,11.31,11.27,11.3,10317.0
2026-08-19,2026-08-19 10:00:00,11.3,11.3,11.26,11.29,13970.0
2026-08-19,2026-08-19 10:05:00,11.285,11.3,11.275,11.29,14671.0
2026-08-19,2026-08-19 10:10:00,11.29,11.295,11.255,11.295,32322.0
2026-08-19,2026-08-19 10:15:00,11.3,11.33,11.3,11.32,66236.0
2026-08-19,2026-08-19 10:20:00,11.33,11.395,11.33,11.395,25892.0
2026-08-19,2026-08-19 10:25:00,11.395,11.395,11.36,11.36,15928.0
2026-08-19,2026-08-19 10:30:00,11.36,11.37,11.32,11.32,15623.0
2026-08-19,2026-08-19 10:35:00,11.32,11.42,11.32,11.415,48894.0
2026-08-19,2026-08-19 10:40:00,11.42,11.43,11.39,11.39,29350.0
2026-08-19,2026-08-19 10:45:00,11.39,11.4,11.345,11.345,190133.0
2026-08-19,2026-08-19 10:50:00,11.345,11.36,11.31,11.345,81996.0
2026-08-19,2026-08-19 10:55:00,11.345,11.36,11.325,11.335,28854.0
2026-08-19,2026-08-19 11:00:00,11.335,11.35,11.33,11.34,21139.0
2026-08-19,2026-08-19 11:05:00,11.34,11.375,11.33,11.345,52431.0
2026-08-19,2026-08-19 11:10:00,11.35,11.35,11.335,11.34,11568.0
2026-08-19,2026-08-19 11:15:00,11.335,11.34,11.325,11.33,11890.0
2026-08-19,2026-08-19 11:20:00,11.33,11.33,11.27,11.28,28178.0
2026-08-19,2026-08-19 11:25:00,11.285,11.285,11.265,11.28,16700.0
2026-08-19,2026-08-19 11:30:00,11.285,11.3,11.285,11.295,10564.0
2026-08-19,2026-08-19 11:35:00,11.3,11.305,11.28,11.305,23483.0
2026-08-19,2026-08-19 11:40:00,11.31,11.315,11.29,11.29,12501.0
2026-08-19,2026-08-19 11:45:00,11.285,11.3,11.28,11.295,39526.0
2026-08-19,2026-08-19 11:50:00,11.29,11.295,11.28,11.29,14302.0
2026-08-19,2026-08-19 11:55:00,11.29,11.295,11.285,11.29,7861.0
2026-08-19,2026-08-19 12:00:00,11.285,11.289,11.2711,11.285,20993.0
2026-08-19,2026-08-19 12:05:00,11.285,11.295,11.26,11.26,13061.0
2026-08-19,2026-08-19 12:10:00,11.26,11.295,11.24,11.29,106187.0
2026-08-19,2026-08-19 12:15:00,11.29,11.31,11.28,11.305,42101.0
2026-08-19,2026-08-19 12:20:00,11.31,11.355,11.31,11.335,28568.0
2026-08-19,2026-08-19 12:25:00,11.335,11.335,11.31,11.31,20505.0
2026-08-19,2026-08-19 12:30:00,11.315,11.325,11.3,11.305,13035.0
2026-08-19,2026-08-19 12:35:00,11.3,11.355,11.3,11.355,15452.0
2026-08-19,2026-08-19 12:40:00,11.36,11.37,11.355,11.355,6672.0
2026-08-19,2026-08-19 12:45:00,11.35,11.355,11.335,11.355,11008.0
2026-08-19,2026-08-19 12:50:00,11.355,11.365,11.35,11.365,9273.0
2026-08-19,2026-08-19 12:55:00,11.36,11.37,11.355,11.355,10163.0
2026-08-19,2026-08-19 13:00:00,11.355,11.37,11.35,11.37,10226.0
2026-08-19,2026-08-19 13:05:00,11.365,11.38,11.365,11.37,10721.0
2026-08-19,2026-08-19 13:10:00,11.375,11.39,11.36,11.36,12383.0
2026-08-19,2026-08-19 13:15:00,11.365,11.37,11.355,11.355,18119.0
2026-08-19,2026-08-19 13:20:00,11.355,11.36,11.345,11.345,12880.0
2026-08-19,2026-08-19 13:25:00,11.35,11.355,11.345,11.345,12754.0
2026-08-19,2026-08-19 13:30:00,11.345,11.38,11.345,11.375,45816.0
2026-08-19,2026-08-19 13:35:00,11.39,11.425,11.375,11.41,50584.0
2026-08-19,2026-08-19 13:40:00,11.41,11.445,11.405,11.445,38751.0
2026-08-19,2026-08-19 13:45:00,11.445,11.445,11.43,11.435,9947.0
2026-08-19,2026-08-19 13:50:00,11.435,11.455,11.43,11.45,25894.0
2026-08-19,2026-08-19 13:55:00,11.45,11.465,11.445,11.465,20603.0
2026-08-19,2026-08-19 14:00:00,11.46,11.47,11.44,11.445,41639.0
2026-08-19,2026-08-19 14:05:00,11.44,11.465,11.44,11.465,12224.0
2026-08-19,2026-08-19 14:10:00,11.47,11.47,11.4501,11.455,17385.0
2026-08-19,2026-08-19 14:15:00,11.455,11.475,11.435,11.47,93539.0
2026-08-19,2026-08-19 14:20:00,11.465,11.47,11.452,11.452,11026.0
2026-08-19,2026-08-19 14:25:00,11.455,11.465,11.455,11.465,16732.0
2026-08-19,2026-08-19 14:30:00,11.465,11.47,11.43,11.43,44602.0
2026-08-19,2026-08-19 14:35:00,11.43,11.435,11.42,11.43,18087.0
2026-08-19,2026-08-19 14:40:00,11.44,11.455,11.435,11.45,30140.0
2026-08-19,2026-08-19 14:45:00,11.455,11.455,11.42,11.425,28655.0
2026-08-19,2026-08-19 14:50:00,11.42,11.42,11.4,11.4,17440.0
2026-08-19,2026-08-19 14:55:00,11.4,11.405,11.375,11.38,31626.0
2026-08-19,2026-08-19 15:00:00,11.38,11.42,11.38,11.405,24708.0
2026-08-19,2026-08-19 15:05:00,11.405,11.455,11.395,11.45,64621.0
2026-08-19,2026-08-19 15:10:00,11.46,11.465,11.45,11.455,30730.0
2026-08-19,2026-08-19 15:15:00,11.45,11.46,11.45,11.45,24446.0
2026-08-19,2026-08-19 15:20:00,11.45,11.48,11.445,11.475,43063.0
2026-08-19,2026-08-19 15:25:00,11.475,11.5,11.47,11.47,65436.0
2026-08-19,2026-08-19 15:30:00,11.47,11.495,11.455,11.485,53316.0
2026-08-19,2026-08-19 15:35:00,11.49,11.505,11.47,11.47,55423.0
2026-08-19,2026-08-19 15:40:00,11.475,11.49,11.47,11.485,40301.0
2026-08-19,2026-08-19 15:45:00,11.485,11.495,11.46,11.465,60480.0
2026-08-19,2026-08-19 15:50:00,11.465,11.47,11.44,11.46,63943.0
2026-08-19,2026-08-19 15:55:00,11.45,11.4577,11.425,11.445,110173.0
2026-08-19,2026-08-19 16:00:00,11.45,11.45,11.37,11.4,2134383.0
2026-08-20,2026-08-20 09:35:00,11.26,11.4,11.24,11.4,47394.0
2026-08-20,2026-08-20 09:40:00,11.395,11.43,11.36,11.39,25598.0
2026-08-20,2026-08-20 09:45:00,11.39,11.421,11.37,11.39,17126.0
2026-08-20,2026-08-20 09:50:00,11.41,11.461,11.41,11.461,8723.0
2026-08-20,2026-08-20 09:55:00,11.47,11.521,11.46,11.521,36554.0
2026-08-20,2026-08-20 10:00:00,11.525,11.555,11.52,11.531,9162.0
2026-08-20,2026-08-20 10:05:00,11.525,11.55,11.475,11.5,61445.0
2026-08-20,2026-08-20 10:10:00,11.5,11.5,11.465,11.49,30699.0
2026-08-20,2026-08-20 10:15:00,11.49,11.49,11.405,11.405,30861.0
2026-08-20,2026-08-20 10:20:00,11.41,11.44,11.41,11.415,21606.0
2026-08-20,2026-08-20 10:25:00,11.415,11.445,11.4,11.435,26840.0
2026-08-20,2026-08-20 10:30:00,11.43,11.435,11.395,11.4,22443.0
2026-08-20,2026-08-20 10:35:00,11.39,11.41,11.375,11.39,8489.0
2026-08-20,2026-08-20 10:40:00,11.395,11.425,11.395,11.415,30221.0
2026-08-20,2026-08-20 10:45:00,11.42,11.42,11.39,11.405,13896.0
2026-08-20,2026-08-20 10:50:00,11.405,11.465,11.405,11.465,11214.0
2026-08-20,2026-08-20 10:55:00,11.465,11.495,11.445,11.485,29168.0
2026-08-20,2026-08-20 11:00:00,11.485,11.505,11.48,11.495,17917.0
2026-08-20,2026-08-20 11:05:00,11.5,11.525,11.49,11.525,18999.0
2026-08-20,2026-08-20 11:10:00,11.52,11.555,11.51,11.52,46515.0
2026-08-20,2026-08-20 11:15:00,11.53,11.578,11.529,11.578,11044.0
2026-08-20,2026-08-20 11:20:00,11.575,11.585,11.555,11.57,13516.0
2026-08-20,2026-08-20 11:25:00,11.565,11.57,11.545,11.555,12893.0
2026-08-20,2026-08-20 11:30:00,11.555,11.555,11.535,11.555,9411.0
2026-08-20,2026-08-20 11:35:00,11.55,11.55,11.51,11.515,10677.0
2026-08-20,2026-08-20 11:40:00,11.515,11.515,11.485,11.495,9924.0
2026-08-20,2026-08-20 11:45:00,11.5,11.5,11.48,11.48,6403.0
2026-08-20,2026-08-20 11:50:00,11.48,11.485,11.475,11.485,6915.0
2026-08-20,2026-08-20 11:55:00,11.49,11.51,11.49,11.51,16356.0
2026-08-20,2026-08-20 12:00:00,11.515,11.525,11.5111,11.525,8218.0
2026-08-20,2026-08-20 12:05:00,11.53,11.56,11.525,11.56,9704.0
2026-08-20,2026-08-20 12:10:00,11.5692,11.585,11.565,11.57,10793.0
2026-08-20,2026-08-20 12:15:00,11.57,11.61,11.57,11.6,11345.0
2026-08-20,2026-08-20 12:20:00,11.595,11.6,11.595,11.6,11090.0
2026-08-20,2026-08-20 12:25:00,11.595,11.6,11.565,11.58,19808.0
2026-08-20,2026-08-20 12:30:00,11.57,11.575,11.565,11.575,9780.0
2026-08-20,2026-08-20 12:35:00,11.57,11.57,11.555,11.555,6590.0
2026-08-20,2026-08-20 12:40:00,11.55,11.56,11.545,11.56,11364.0
2026-08-20,2026-08-20 12:45:00,11.56,11.56,11.545,11.55,10056.0
2026-08-20,2026-08-20 12:50:00,11.55,11.56,11.545,11.555,10689.0
2026-08-20,2026-08-20 12:55:00,11.555,11.575,11.555,11.57,18460.0
2026-08-20,2026-08-20 13:00:00,11.57,11.575,11.555,11.555,21428.0
2026-08-20,2026-08-20 13:05:00,11.55,11.55,11.525,11.525,11582.0
2026-08-20,2026-08-20 13:10:00,11.525,11.525,11.505,11.505,19555.0
2026-08-20,2026-08-20 13:15:00,11.505,11.51,11.49,11.5061,8783.0
2026-08-20,2026-08-20 13:20:00,11.51,11.53,11.51,11.52,24822.0
2026-08-20,2026-08-20 13:25:00,11.515,11.53,11.51,11.53,8718.0
2026-08-20,2026-08-20 13:30:00,11.53,11.55,11.52,11.55,14763.0
2026-08-20,2026-08-20 13:35:00,11.545,11.555,11.48,11.55,45595.0
2026-08-20,2026-08-20 13:40:00,11.55,11.57,11.545,11.565,21370.0
2026-08-20,2026-08-20 13:45:00,11.565,11.565,11.55,11.56,11620.0
2026-08-20,2026-08-20 13:50:00,11.555,11.56,11.55,11.56,9364.0
2026-08-20,2026-08-20 13:55:00,11.555,11.56,11.5502,11.555,7419.0
2026-08-20,2026-08-20 14:00:00,11.555,11.59,11.55,11.585,47633.0
2026-08-20,2026-08-20 14:05:00,11.585,11.59,11.575,11.59,23646.0
2026-08-20,2026-08-20 14:10:00,11.59,11.59,11.5701,11.58,15564.0
2026-08-20,2026-08-20 14:15:00,11.575,11.58,11.555,11.57,22774.0
2026-08-20,2026-08-20 14:20:00,11.57,11.57,11.56,11.565,10029.0
2026-08-20,2026-08-20 14:25:00,11.565,11.59,11.565,11.585,29706.0
2026-08-20,2026-08-20 14:30:00,11.585,11.59,11.58,11.59,12721.0
2026-08-20,2026-08-20 14:35:00,11.585,11.59,11.56,11.565,41568.0
2026-08-20,2026-08-20 14:40:00,11.56,11.56,11.52,11.525,44850.0
2026-08-20,2026-08-20 14:45:00,11.525,11.545,11.51,11.53,35711.0
2026-08-20,2026-08-20 14:50:00,11.535,11.555,11.535,11.555,33163.0
2026-08-20,2026-08-20 14:55:00,11.555,11.58,11.555,11.57,38332.0
2026-08-20,2026-08-20 15:00:00,11.565,11.57,11.55,11.555,29798.0
2026-08-20,2026-08-20 15:05:00,11.55,11.555,11.53,11.545,39521.0
2026-08-20,2026-08-20 15:10:00,11.545,11.555,11.5401,11.555,46014.0
2026-08-20,2026-08-20 15:15:00,11.55,11.575,11.545,11.575,25520.0
2026-08-20,2026-08-20 15:20:00,11.575,11.58,11.565,11.58,19072.0
2026-08-20,2026-08-20 15:25:00,11.58,11.58,11.56,11.56,41295.0
2026-08-20,2026-08-20 15:30:00,11.565,11.565,11.535,11.535,37737.0
2026-08-20,2026-08-20 15:35:00,11.535,11.6,11.535,11.575,70094.0
2026-08-20,2026-08-20 15:40:00,11.575,11.58,11.56,11.565,53801.0
2026-08-20,2026-08-20 15:45:00,11.565,11.59,11.56,11.58,76698.0
2026-08-20,2026-08-20 15:50:00,11.575,11.605,11.575,11.605,69788.0
2026-08-20,2026-08-20 15:55:00,11.605,11.64,11.595,11.615,120357.0
2026-08-20,2026-08-20 16:00:00,11.62,11.645,11.6,11.63,1349537.0
2026-08-21,2026-08-21 09:35:00,11.71,11.75,11.55,11.61,29034.0
2026-08-21,2026-08-21 09:40:00,11.62,11.73,11.61,11.73,22771.0
2026-08-21,2026-08-21 09:45:00,11.71,11.75,11.7,11.73,14875.0
2026-08-21,2026-08-21 09:50:00,11.73,11.73,11.645,11.645,14878.0
2026-08-21,2026-08-21 09:55:00,11.66,11.71,11.655,11.685,80894.0
2026-08-21,2026-08-21 10:00:00,11.685,11.71,11.685,11.71,16097.0
2026-08-21,2026-08-21 10:05:00,11.71,11.755,11.685,11.7514,37115.0
2026-08-21,2026-08-21 10:10:00,11.76,11.77,11.75,11.77,22842.0
2026-08-21,2026-08-21 10:15:00,11.765,11.835,11.765,11.825,33944.0
2026-08-21,2026-08-21 10:20:00,11.825,11.85,11.805,11.846364,33927.0
2026-08-21,2026-08-21 10:25:00,11.845,11.845,11.805,11.815,32281.0
2026-08-21,2026-08-21 10:30:00,11.82,11.83,11.795,11.815,87565.0
2026-08-21,2026-08-21 10:35:00,11.82,11.845,11.81,11.835,32757.0
2026-08-21,2026-08-21 10:40:00,11.835,11.85,11.83,11.845,52240.0
2026-08-21,2026-08-21 10:45:00,11.845,11.865,11.84,11.865,32466.0
2026-08-21,2026-08-21 10:50:00,11.87,11.96,11.87,11.96,74066.0
2026-08-21,2026-08-21 10:55:00,11.9591,12.01,11.9591,12.005,120020.0
2026-08-21,2026-08-21 11:00:00,12.005,12.07,12.0,12.065,30739.0
2026-08-21,2026-08-21 11:05:00,12.06,12.1,12.06,12.095,41620.0
2026-08-21,2026-08-21 11:10:00,12.09,12.095,12.015,12.06,46105.0
2026-08-21,2026-08-21 11:15:00,12.06,12.065,12.035,12.045,84614.0
2026-08-21,2026-08-21 11:20:00,12.05,12.08,12.03,12.08,61327.0
2026-08-21,2026-08-21 11:25:00,12.08,12.09,12.06,12.08,13848.0
2026-08-21,2026-08-21 11:30:00,12.075,12.1,12.075,12.1,27841.0
2026-08-21,2026-08-21 11:35:00,12.095,12.1,12.055,12.08,28282.0
2026-08-21,2026-08-21 11:40:00,12.08,12.085,12.06,12.085,14764.0
2026-08-21,2026-08-21 11:45:00,12.081,12.11,12.075,12.105,21197.0
2026-08-21,2026-08-21 11:50:00,12.105,12.13,12.095,12.115,34271.0
2026-08-21,2026-08-21 11:55:00,12.115,12.12,12.09,12.105,44411.0
2026-08-21,2026-08-21 12:00:00,12.105,12.12,12.095,12.105,27854.0
2026-08-21,2026-08-21 12:05:00,12.105,12.105,12.07,12.07,18715.0
2026-08-21,2026-08-21 12:10:00,12.075,12.1,12.06,12.1,15281.0
2026-08-21,2026-08-21 12:15:00,12.095,12.1,12.07,12.07,21092.0
2026-08-21,2026-08-21 12:20:00,12.075,12.08,12.06,12.065,16211.0
2026-08-21,2026-08-21 12:25:00,12.065,12.07,12.025,12.025,51053.0
2026-08-21,2026-08-21 12:30:00,12.02,12.025,12.01,12.01,11977.0
2026-08-21,2026-08-21 12:35:00,12.01,12.015,12.0,12.0,20207.0
2026-08-21,2026-08-21 12:40:00,12.01,12.03,12.01,12.03,15890.0
2026-08-21,2026-08-21 12:45:00,12.04,12.045,12.02,12.025,18742.0
2026-08-21,2026-08-21 12:50:00,12.025,12.035,12.025,12.035,14132.0
2026-08-21,2026-08-21 12:55:00,12.03,12.045,12.025,12.045,38008.0
2026-08-21,2026-08-21 13:00:00,12.05,12.055,12.045,12.045,15116.0
2026-08-21,2026-08-21 13:05:00,12.045,12.045,12.0,12.025,26698.0
2026-08-21,2026-08-21 13:10:00,12.025,12.04,12.025,12.04,10574.0
2026-08-21,2026-08-21 13:15:00,12.04,12.055,12.03,12.045,15038.0
2026-08-21,2026-08-21 13:20:00,12.05,12.07,12.05,12.06,12881.0
2026-08-21,2026-08-21 13:25:00,12.055,12.08,12.055,12.08,13680.0
2026-08-21,2026-08-21 13:30:00,12.08,12.085,12.045,12.045,20377.0
2026-08-21,2026-08-21 13:35:00,12.045,12.045,12.0,12.0,22665.0
2026-08-21,2026-08-21 13:40:00,11.99,12.0,11.975,11.975,15612.0
2026-08-21,2026-08-21 13:45:00,11.975,11.985,11.96,11.985,19014.0
2026-08-21,2026-08-21 13:50:00,11.99,12.02,11.985,12.01,16634.0
2026-08-21,2026-08-21 13:55:00,12.02,12.025,11.995,12.01,62333.0
2026-08-21,2026-08-21 14:00:00,12.01,12.03,12.005,12.03,14305.0
2026-08-21,2026-08-21 14:05:00,12.025,12.025,12.01,12.015,20902.0
2026-08-21,2026-08-21 14:10:00,12.015,12.02,12.0,12.005,16131.0
2026-08-21,2026-08-21 14:15:00,12.005,12.005,11.965,11.985,29695.0
2026-08-21,2026-08-21 14:20:00,11.98,11.98,11.96,11.98,14346.0
2026-08-21,2026-08-21 14:25:00,11.98,11.99,11.97,11.975,13761.0
2026-08-21,2026-08-21 14:30:00,11.975,11.975,11.95,11.955,14976.0
2026-08-21,2026-08-21 14:35:00,11.96,11.96,11.925,11.925,19383.0
2026-08-21,2026-08-21 14:40:00,11.925,11.95,11.91,11.945,40311.0
2026-08-21,2026-08-21 14:45:00,11.945,11.955,11.93,11.935,20453.0
2026-08-21,2026-08-21 14:50:00,11.94,11.945,11.935,11.945,18003.0
2026-08-21,2026-08-21 14:55:00,11.945,11.985,11.945,11.985,95687.0
2026-08-21,2026-08-21 15:00:00,11.985,11.985,11.96,11.975,33688.0
2026-08-21,2026-08-21 15:05:00,11.975,11.9891,11.95,11.95,27042.0
2026-08-21,2026-08-21 15:10:00,11.955,11.96,11.935,11.945,22478.0
2026-08-21,2026-08-21 15:15:00,11.945,11.965,11.935,11.935,21410.0
2026-08-21,2026-08-21 15:20:00,11.935,11.935,11.91,11.915,42485.0
2026-08-21,2026-08-21 15:25:00,11.915,11.925,11.91,11.925,27175.0
2026-08-21,2026-08-21 15:30:00,11.93,11.985,11.915,11.975,51391.0
2026-08-21,2026-08-21 15:35:00,11.97,11.9725,11.915,11.94,101786.0
2026-08-21,2026-08-21 15:40:00,11.935,12.0,11.935,11.995,82599.0
2026-08-21,2026-08-21 15:45:00,11.985,12.0,11.97,12.0,55562.0
2026-08-21,2026-08-21 15:50:00,11.995,12.01,11.99,12.01,52902.0
2026-08-21,2026-08-21 15:55:00,12.005,12.02,11.975,11.985,141167.0
2026-08-21,2026-08-21 16:00:00,11.975,12.005,11.93,11.96,998524.0
2026-08-24,2026-08-24 09:35:00,11.94,11.98,11.58,11.645,89817.0
2026-08-24,2026-08-24 09:40:00,11.65,11.73,11.39,11.58,205306.0
2026-08-24,2026-08-24 09:45:00,11.58,11.6,11.52,11.56,41347.0
2026-08-24,2026-08-24 09:50:00,11.56,11.62,11.53,11.53,44448.0
2026-08-24,2026-08-24 09:55:00,11.53,11.56,11.5,11.52,43993.0
2026-08-24,2026-08-24 10:00:00,11.5,11.56,11.48,11.56,50034.0
2026-08-24,2026-08-24 10:05:00,11.55,11.58,11.545,11.555,27487.0
2026-08-24,2026-08-24 10:10:00,11.56,11.645,11.545,11.62,22493.0
2026-08-24,2026-08-24 10:15:00,11.61,11.63,11.595,11.615,19695.0
2026-08-24,2026-08-24 10:20:00,11.615,11.625,11.595,11.605,27806.0
2026-08-24,2026-08-24 10:25:00,11.605,11.605,11.59,11.59,19720.0
2026-08-24,2026-08-24 10:30:00,11.59,11.635,11.59,11.615,21655.0
2026-08-24,2026-08-24 10:35:00,11.615,11.62,11.57,11.575,37661.0
2026-08-24,2026-08-24 10:40:00,11.58,11.645,11.58,11.645,33223.0
2026-08-24,2026-08-24 10:45:00,11.645,11.655,11.63,11.635,18976.0
2026-08-24,2026-08-24 10:50:00,11.635,11.65,11.62,11.62,12564.0
2026-08-24,2026-08-24 10:55:00,11.61,11.615,11.585,11.605,16996.0
2026-08-24,2026-08-24 11:00:00,11.6,11.645,11.59,11.625,17919.0
2026-08-24,2026-08-24 11:05:00,11.625,11.645,11.595,11.6,10945.0
2026-08-24,2026-08-24 11:10:00,11.5998,11.62,11.595,11.605,21314.0
2026-08-24,2026-08-24 11:15:00,11.6,11.605,11.56,11.565,36236.0
2026-08-24,2026-08-24 11:20:00,11.565,11.595,11.56,11.595,40043.0
2026-08-24,2026-08-24 11:25:00,11.595,11.625,11.58,11.58,19429.0
2026-08-24,2026-08-24 11:30:00,11.575,11.61,11.575,11.61,20522.0
2026-08-24,2026-08-24 11:35:00,11.605,11.605,11.555,11.565,13539.0
2026-08-24,2026-08-24 11:40:00,11.56,11.56,11.54,11.54,17154.0
2026-08-24,2026-08-24 11:45:00,11.535,11.555,11.525,11.555,28993.0
2026-08-24,2026-08-24 11:50:00,11.555,11.565,11.525,11.525,37578.0
2026-08-24,2026-08-24 11:55:00,11.53,11.545,11.485,11.505,116391.0
2026-08-24,2026-08-24 12:00:00,11.505,11.525,11.5025,11.515,22103.0
2026-08-24,2026-08-24 12:05:00,11.525,11.555,11.525,11.535,27430.0
2026-08-24,2026-08-24 12:10:00,11.54,11.555,11.505,11.515,17771.0
2026-08-24,2026-08-24 12:15:00,11.51,11.535,11.51,11.535,27155.0
2026-08-24,2026-08-24 12:20:00,11.535,11.545,11.525,11.535,16382.0
2026-08-24,2026-08-24 12:25:00,11.53,11.535,11.515,11.515,20890.0
2026-08-24,2026-08-24 12:30:00,11.515,11.52,11.51,11.515,11429.0
2026-08-24,2026-08-24 12:35:00,11.51,11.525,11.505,11.51,16605.0
2026-08-24,2026-08-24 12:40:00,11.51,11.51,11.495,11.495,19403.0
2026-08-24,2026-08-24 12:45:00,11.5,11.5,11.485,11.485,55417.0
2026-08-24,2026-08-24 12:50:00,11.485,11.495,11.48,11.485,14707.0
2026-08-24,2026-08-24 12:55:00,11.485,11.53,11.48,11.495,78964.0
2026-08-24,2026-08-24 13:00:00,11.495,11.505,11.48,11.48,25817.0
2026-08-24,2026-08-24 13:05:00,11.47,11.475,11.455,11.455,10675.0
2026-08-24,2026-08-24 13:10:00,11.455,11.47,11.45,11.455,8421.0
2026-08-24,2026-08-24 13:15:00,11.46,11.505,11.46,11.505,19433.0
2026-08-24,2026-08-24 13:20:00,11.51,11.515,11.495,11.515,19514.0
2026-08-24,2026-08-24 13:25:00,11.51,11.515,11.485,11.485,19119.0
2026-08-24,2026-08-24 13:30:00,11.485,11.485,11.471,11.475,7220.0
2026-08-24,2026-08-24 13:35:00,11.475,11.49,11.475,11.485,11636.0
2026-08-24,2026-08-24 13:40:00,11.485,11.495,11.47,11.49,21372.0
2026-08-24,2026-08-24 13:45:00,11.495,11.525,11.49,11.495,76463.0
2026-08-24,2026-08-24 13:50:00,11.5,11.51,11.485,11.505,31496.0
2026-08-24,2026-08-24 13:55:00,11.505,11.52,11.505,11.505,23105.0
2026-08-24,2026-08-24 14:00:00,11.505,11.505,11.485,11.485,15535.0
2026-08-24,2026-08-24 14:05:00,11.49,11.51,11.485,11.495,36162.0
2026-08-24,2026-08-24 14:10:00,11.495,11.505,11.495,11.505,31365.0
2026-08-24,2026-08-24 14:15:00,11.505,11.515,11.4901,11.5,45732.0
2026-08-24,2026-08-24 14:20:00,11.495,11.51,11.495,11.505,13728.0
2026-08-24,2026-08-24 14:25:00,11.505,11.515,11.495,11.515,25822.0
2026-08-24,2026-08-24 14:30:00,11.512,11.515,11.502,11.505,8506.0
2026-08-24,2026-08-24 14:35:00,11.505,11.525,11.475,11.485,92616.0
2026-08-24,2026-08-24 14:40:00,11.485,11.485,11.47,11.475,15225.0
2026-08-24,2026-08-24 14:45:00,11.47,11.475,11.45,11.465,17587.0
2026-08-24,2026-08-24 14:50:00,11.465,11.485,11.4625,11.485,12571.0
2026-08-24,2026-08-24 14:55:00,11.485,11.49,11.47,11.475,16759.0
2026-08-24,2026-08-24 15:00:00,11.475,11.485,11.47,11.48,28389.0
2026-08-24,2026-08-24 15:05:00,11.48,11.515,11.475,11.485,28916.0
2026-08-24,2026-08-24 15:10:00,11.48,11.485,11.475,11.475,15086.0
2026-08-24,2026-08-24 15:15:00,11.48,11.505,11.48,11.505,58324.0
2026-08-24,2026-08-24 15:20:00,11.505,11.54,11.505,11.522,78545.0
2026-08-24,2026-08-24 15:25:00,11.52,11.525,11.495,11.495,21664.0
2026-08-24,2026-08-24 15:30:00,11.495,11.505,11.485,11.5,30059.0
2026-08-24,2026-08-24 15:35:00,11.505,11.51,11.49,11.505,30666.0
2026-08-24,2026-08-24 15:40:00,11.505,11.54,11.5,11.515,94204.0
2026-08-24,2026-08-24 15:45:00,11.515,11.515,11.481,11.5,122318.0
2026-08-24,2026-08-24 15:50:00,11.505,11.511,11.495,11.502,61601.0
2026-08-24,2026-08-24 15:55:00,11.505,11.525,11.495,11.525,130218.0
2026-08-24,2026-08-24 16:00:00,11.525,11.53,11.42,11.45,1079754.0
2026-08-25,2026-08-25 09:35:00,11.5,11.505,11.34,11.34,25366.0
2026-08-25,2026-08-25 09:40:00,11.335,11.491,11.33,11.491,21263.0
2026-08-25,2026-08-25 09:45:00,11.49,11.49,11.426,11.426,12597.0
2026-08-25,2026-08-25 09:50:00,11.405,11.42,11.37,11.38,35602.0
2026-08-25,2026-08-25 09:55:00,11.38,11.381,11.32,11.321,24769.0
2026-08-25,2026-08-25 10:00:00,11.32,11.346,11.305,11.32,17001.0
2026-08-25,2026-08-25 10:05:00,11.32,11.32,11.255,11.27,10971.0
2026-08-25,2026-08-25 10:10:00,11.275,11.38,11.275,11.38,531729.0
2026-08-25,2026-08-25 10:15:00,11.37,11.42,11.36,11.405,14103.0
2026-08-25,2026-08-25 10:20:00,11.405,11.415,11.38,11.41,29192.0
2026-08-25,2026-08-25 10:25:00,11.42,11.465,11.42,11.465,34877.0
2026-08-25,2026-08-25 10:30:00,11.465,11.465,11.435,11.45,22475.0
2026-08-25,2026-08-25 10:35:00,11.455,11.46,11.41,11.45,42245.0
2026-08-25,2026-08-25 10:40:00,11.44,11.45,11.425,11.435,27376.0
2026-08-25,2026-08-25 10:45:00,11.44,11.46,11.435,11.435,15269.0
2026-08-25,2026-08-25 10:50:00,11.435,11.45,11.435,11.435,14961.0
2026-08-25,2026-08-25 10:55:00,11.43,11.44,11.425,11.43,17980.0
2026-08-25,2026-08-25 11:00:00,11.435,11.465,11.43,11.46,28003.0
2026-08-25,2026-08-25 11:05:00,11.455,11.46,11.4401,11.445,10159.0
2026-08-25,2026-08-25 11:10:00,11.44,11.445,11.435,11.445,15855.0
2026-08-25,2026-08-25 11:15:00,11.445,11.45,11.425,11.425,14514.0
2026-08-25,2026-08-25 11:20:00,11.425,11.45,11.414879,11.435,57582.0
2026-08-25,2026-08-25 11:25:00,11.43,11.44,11.425,11.44,10129.0
2026-08-25,2026-08-25 11:30:00,11.435,11.44,11.43,11.435,8487.0
2026-08-25,2026-08-25 11:35:00,11.435,11.46,11.425,11.455,37542.0
2026-08-25,2026-08-25 11:40:00,11.455,11.48,11.455,11.48,21319.0
2026-08-25,2026-08-25 11:45:00,11.48,11.489,11.475,11.485,11315.0
2026-08-25,2026-08-25 11:50:00,11.485,11.485,11.475,11.485,14087.0
2026-08-25,2026-08-25 11:55:00,11.485,11.485,11.465,11.475,16072.0
2026-08-25,2026-08-25 12:00:00,11.475,11.475,11.47,11.47,6694.0
2026-08-25,2026-08-25 12:05:00,11.475,11.49,11.465,11.485,15766.0
2026-08-25,2026-08-25 12:10:00,11.485,11.49,11.47,11.475,11959.0
2026-08-25,2026-08-25 12:15:00,11.475,11.49,11.47,11.489,13167.0
2026-08-25,2026-08-25 12:20:00,11.485,11.49,11.475,11.485,10893.0
2026-08-25,2026-08-25 12:25:00,11.485,11.485,11.474,11.485,10269.0
2026-08-25,2026-08-25 12:30:00,11.485,11.505,11.485,11.505,14799.0
2026-08-25,2026-08-25 12:35:00,11.51,11.53,11.51,11.525,14767.0
2026-08-25,2026-08-25 12:40:00,11.53,11.54,11.525,11.525,60737.0
2026-08-25,2026-08-25 12:45:00,11.525,11.525,11.505,11.505,22086.0
2026-08-25,2026-08-25 12:50:00,11.505,11.52,11.505,11.515,12489.0
2026-08-25,2026-08-25 12:55:00,11.515,11.53,11.5101,11.515,16575.0
2026-08-25,2026-08-25 13:00:00,11.515,11.53,11.515,11.52,8866.0
2026-08-25,2026-08-25 13:05:00,11.525,11.525,11.495,11.51,30939.0
2026-08-25,2026-08-25 13:10:00,11.505,11.51,11.495,11.51,8624.0
2026-08-25,2026-08-25 13:15:00,11.5,11.51,11.5,11.505,6150.0
2026-08-25,2026-08-25 13:20:00,11.505,11.52,11.5,11.515,13137.0
2026-08-25,2026-08-25 13:25:00,11.515,11.52,11.47,11.47,45117.0
2026-08-25,2026-08-25 13:30:00,11.471,11.49,11.47,11.485,16125.0
2026-08-25,2026-08-25 13:35:00,11.485,11.5,11.485,11.5,11528.0
2026-08-25,2026-08-25 13:40:00,11.5,11.5,11.49,11.495,24379.0
2026-08-25,2026-08-25 13:45:00,11.495,11.5,11.49,11.5,9526.0
2026-08-25,2026-08-25 13:50:00,11.495,11.5,11.4801,11.5,20628.0
2026-08-25,2026-08-25 13:55:00,11.5,11.515,11.5,11.515,11962.0
2026-08-25,2026-08-25 14:00:00,11.515,11.52,11.5,11.505,17069.0
2026-08-25,2026-08-25 14:05:00,11.505,11.52,11.505,11.52,15438.0
2026-08-25,2026-08-25 14:10:00,11.515,11.53,11.51,11.525,11620.0
2026-08-25,2026-08-25 14:15:00,11.525,11.565,11.525,11.555,32692.0
2026-08-25,2026-08-25 14:20:00,11.555,11.555,11.535,11.535,18341.0
2026-08-25,2026-08-25 14:25:00,11.54,11.555,11.535,11.545,14542.0
2026-08-25,2026-08-25 14:30:00,11.545,11.545,11.53,11.535,16402.0
2026-08-25,2026-08-25 14:35:00,11.54,11.555,11.52,11.555,40747.0
2026-08-25,2026-08-25 14:40:00,11.555,11.555,11.535,11.535,25337.0
2026-08-25,2026-08-25 14:45:00,11.535,11.545,11.535,11.545,17890.0
2026-08-25,2026-08-25 14:50:00,11.545,11.56,11.545,11.56,22383.0
2026-08-25,2026-08-25 14:55:00,11.555,11.555,11.545,11.545,25704.0
2026-08-25,2026-08-25 15:00:00,11.545,11.56,11.545,11.555,17828.0
2026-08-25,2026-08-25 15:05:00,11.55,11.555,11.545,11.55,35336.0
2026-08-25,2026-08-25 15:10:00,11.555,11.565,11.545,11.545,32509.0
2026-08-25,2026-08-25 15:15:00,11.545,11.56,11.54,11.545,27240.0
2026-08-25,2026-08-25 15:20:00,11.545,11.545,11.52,11.53,78362.0
2026-08-25,2026-08-25 15:25:00,11.53,11.54,11.5,11.5,23289.0
2026-08-25,2026-08-25 15:30:00,11.505,11.505,11.5,11.505,19979.0
2026-08-25,2026-08-25 15:35:00,11.505,11.515,11.505,11.5129,45655.0
2026-08-25,2026-08-25 15:40:00,11.515,11.515,11.485,11.485,33720.0
2026-08-25,2026-08-25 15:45:00,11.485,11.485,11.46,11.465,57762.0
2026-08-25,2026-08-25 15:50:00,11.465,11.475,11.405,11.415,72155.0
2026-08-25,2026-08-25 15:55:00,11.42,11.46,11.415,11.455,109753.0
2026-08-25,2026-08-25 16:00:00,11.455,11.46,11.395,11.42,1191533.0
2026-08-26,2026-08-26 09:35:00,11.43,11.57,11.4,11.54,81453.0
2026-08-26,2026-08-26 09:40:00,11.56,11.62,11.53,11.585,37412.0
2026-08-26,2026-08-26 09:45:00,11.6,11.64,11.55,11.61,48130.0
2026-08-26,2026-08-26 09:50:00,11.61,11.68,11.6,11.64,30168.0
2026-08-26,2026-08-26 09:55:00,11.64,11.69,11.62,11.65,155421.0
2026-08-26,2026-08-26 10:00:00,11.64,11.65,11.595,11.616,28604.0
2026-08-26,2026-08-26 10:05:00,11.615,11.66,11.6,11.62,25383.0
2026-08-26,2026-08-26 10:10:00,11.615,11.655,11.615,11.635,22220.0
2026-08-26,2026-08-26 10:15:00,11.63,11.68,11.63,11.68,26260.0
2026-08-26,2026-08-26 10:20:00,11.68,11.69,11.655,11.67,43222.0
2026-08-26,2026-08-26 10:25:00,11.66,11.68,11.63,11.63,119054.0
2026-08-26,2026-08-26 10:30:00,11.62,11.63,11.57,11.58,13242.0
2026-08-26,2026-08-26 10:35:00,11.57,11.59,11.57,11.57,12738.0
2026-08-26,2026-08-26 10:40:00,11.575,11.59,11.5701,11.575,10059.0
2026-08-26,2026-08-26 10:45:00,11.57,11.59,11.565,11.58,13301.0
2026-08-26,2026-08-26 10:50:00,11.58,11.58,11.55,11.555,8308.0
2026-08-26,2026-08-26 10:55:00,11.555,11.595,11.545,11.57,96839.0
2026-08-26,2026-08-26 11:00:00,11.58,11.615,11.57,11.605,17250.0
2026-08-26,2026-08-26 11:05:00,11.605,11.63,11.601,11.62,32047.0
2026-08-26,2026-08-26 11:10:00,11.615,11.63,11.615,11.63,27821.0
2026-08-26,2026-08-26 11:15:00,11.625,11.63,11.583407,11.585,19919.0
2026-08-26,2026-08-26 11:20:00,11.585,11.59,11.565,11.5788,10716.0
2026-08-26,2026-08-26 11:25:00,11.58,11.58,11.575,11.575,5316.0
2026-08-26,2026-08-26 11:30:00,11.575,11.58,11.575,11.575,5732.0
2026-08-26,2026-08-26 11:35:00,11.58,11.6,11.575,11.59,97842.0
2026-08-26,2026-08-26 11:40:00,11.5875,11.6,11.585,11.6,8784.0
2026-08-26,2026-08-26 11:45:00,11.6,11.6,11.595,11.6,5721.0
2026-08-26,2026-08-26 11:50:00,11.595,11.6,11.575,11.575,10084.0
2026-08-26,2026-08-26 11:55:00,11.58,11.59,11.57,11.575,10051.0
2026-08-26,2026-08-26 12:00:00,11.575,11.59,11.575,11.59,11043.0
2026-08-26,2026-08-26 12:05:00,11.59,11.59,11.575,11.59,7167.0
2026-08-26,2026-08-26 12:10:00,11.585,11.59,11.57,11.57,7364.0
2026-08-26,2026-08-26 12:15:00,11.575,11.58,11.575,11.575,5834.0
2026-08-26,2026-08-26 12:20:00,11.575,11.58,11.56,11.57,9129.0
2026-08-26,2026-08-26 12:25:00,11.56,11.57,11.55,11.555,8159.0
2026-08-26,2026-08-26 12:30:00,11.555,11.59,11.55,11.585,19799.0
2026-08-26,2026-08-26 12:35:00,11.585,11.59,11.58,11.59,5600.0
2026-08-26,2026-08-26 12:40:00,11.59,11.6,11.585,11.59,7688.0
2026-08-26,2026-08-26 12:45:00,11.585,11.59,11.58,11.58,4730.0
2026-08-26,2026-08-26 12:50:00,11.575,11.585,11.56,11.585,19224.0
2026-08-26,2026-08-26 12:55:00,11.585,11.59,11.57,11.575,8889.0
2026-08-26,2026-08-26 13:00:00,11.575,11.585,11.57,11.58,32765.0
2026-08-26,2026-08-26 13:05:00,11.585,11.59,11.54,11.55,46866.0
2026-08-26,2026-08-26 13:10:00,11.54,11.54,11.51,11.515,14895.0
2026-08-26,2026-08-26 13:15:00,11.515,11.515,11.5,11.5,9691.0
2026-08-26,2026-08-26 13:20:00,11.5,11.51,11.4902,11.505,9117.0
2026-08-26,2026-08-26 13:25:00,11.505,11.52,11.5,11.515,11619.0
2026-08-26,2026-08-26 13:30:00,11.52,11.52,11.51,11.515,5099.0
2026-08-26,2026-08-26 13:35:00,11.515,11.53,11.505,11.505,21537.0
2026-08-26,2026-08-26 13:40:00,11.505,11.505,11.48,11.485,13837.0
2026-08-26,2026-08-26 13:45:00,11.48,11.49,11.47,11.475,15295.0
2026-08-26,2026-08-26 13:50:00,11.475,11.485,11.47,11.485,10676.0
2026-08-26,2026-08-26 13:55:00,11.485,11.498,11.48,11.485,24288.0
2026-08-26,2026-08-26 14:00:00,11.485,11.535,11.48,11.4999,104548.0
2026-08-26,2026-08-26 14:05:00,11.495,11.505,11.48,11.48,12890.0
2026-08-26,2026-08-26 14:10:00,11.485,11.51,11.48,11.5,48202.0
2026-08-26,2026-08-26 14:15:00,11.505,11.51,11.5,11.51,10044.0
2026-08-26,2026-08-26 14:20:00,11.51,11.53,11.5,11.525,17790.0
2026-08-26,2026-08-26 14:25:00,11.52,11.525,11.5,11.5,13069.0
2026-08-26,2026-08-26 14:30:00,11.51,11.51,11.5,11.5,8897.0
2026-08-26,2026-08-26 14:35:00,11.505,11.525,11.5,11.525,20764.0
2026-08-26,2026-08-26 14:40:00,11.525,11.529,11.52,11.525,10703.0
2026-08-26,2026-08-26 14:45:00,11.525,11.53,11.51,11.53,32493.0
2026-08-26,2026-08-26 14:50:00,11.53,11.5377,11.52,11.525,14798.0
2026-08-26,2026-08-26 14:55:00,11.53,11.53,11.465,11.47,92774.0
2026-08-26,2026-08-26 15:00:00,11.47,11.4799,11.46,11.4639,20283.0
2026-08-26,2026-08-26 15:05:00,11.465,11.475,11.45,11.45,43992.0
2026-08-26,2026-08-26 15:10:00,11.46,11.46,11.43,11.435,19943.0
2026-08-26,2026-08-26 15:15:00,11.435,11.445,11.43,11.445,25797.0
2026-08-26,2026-08-26 15:20:00,11.44,11.445,11.41,11.42,36324.0
2026-08-26,2026-08-26 15:25:00,11.42,11.425,11.41,11.42,23128.0
2026-08-26,2026-08-26 15:30:00,11.425,11.455,11.42,11.455,46309.0
2026-08-26,2026-08-26 15:35:00,11.455,11.455,11.43,11.45,35819.0
2026-08-26,2026-08-26 15:40:00,11.455,11.455,11.44,11.445,23290.0
2026-08-26,2026-08-26 15:45:00,11.445,11.45,11.44,11.45,42643.0
2026-08-26,2026-08-26 15:50:00,11.455,11.455,11.44,11.44,37545.0
2026-08-26,2026-08-26 15:55:00,11.445,11.485,11.44,11.485,137212.0
2026-08-26,2026-08-26 16:00:00,11.485,11.485,11.42,11.45,645167.0
2026-08-27,2026-08-27 09:35:00,11.31,11.37,11.28,11.325,315885.0
2026-08-27,2026-08-27 09:40:00,11.32,11.429,11.29,11.429,180246.0
2026-08-27,2026-08-27 09:45:00,11.4,11.4,11.309,11.3725,11468.0
2026-08-27,2026-08-27 09:50:00,11.37,11.384,11.32,11.38,68016.0
2026-08-27,2026-08-27 09:55:00,11.38,11.44,11.349,11.349,59363.0
2026-08-27,2026-08-27 10:00:00,11.35,11.39,11.345,11.35,13464.0
2026-08-27,2026-08-27 10:05:00,11.36,11.365,11.32,11.355,18079.0
2026-08-27,2026-08-27 10:10:00,11.36,11.395,11.355,11.37,17932.0
2026-08-27,2026-08-27 10:15:00,11.375,11.375,11.315,11.335,46020.0
2026-08-27,2026-08-27 10:20:00,11.34,11.445,11.34,11.425,52777.0
2026-08-27,2026-08-27 10:25:00,11.425,11.45,11.38,11.395,207460.0
2026-08-27,2026-08-27 10:30:00,11.395,11.4,11.33,11.33,23123.0
2026-08-27,2026-08-27 10:35:00,11.34,11.39,11.34,11.39,15241.0
2026-08-27,2026-08-27 10:40:00,11.3909,11.44,11.385,11.44,85252.0
2026-08-27,2026-08-27 10:45:00,11.43,11.45,11.425,11.45,8158.0
2026-08-27,2026-08-27 10:50:00,11.455,11.5,11.44,11.47,161891.0
2026-08-27,2026-08-27 10:55:00,11.46,11.46,11.425,11.44,21804.0
2026-08-27,2026-08-27 11:00:00,11.44,11.5,11.43,11.49,1053387.0
2026-08-27,2026-08-27 11:05:00,11.49,11.5199,11.48,11.5,29598.0
2026-08-27,2026-08-27 11:10:00,11.4999,11.525,11.495,11.525,17286.0
2026-08-27,2026-08-27 11:15:00,11.525,11.56,11.51,11.51,48485.0
2026-08-27,2026-08-27 11:20:00,11.515,11.535,11.515,11.53,8629.0
2026-08-27,2026-08-27 11:25:00,11.529,11.54,11.525,11.535,17968.0
2026-08-27,2026-08-27 11:30:00,11.53,11.55,11.515,11.53,31211.0
2026-08-27,2026-08-27 11:35:00,11.52,11.53,11.515,11.53,19155.0
2026-08-27,2026-08-27 11:40:00,11.52,11.55,11.515,11.525,15469.0
2026-08-27,2026-08-27 11:45:00,11.525,11.535,11.52,11.525,6554.0
2026-08-27,2026-08-27 11:50:00,11.52,11.53,11.52,11.53,6499.0
2026-08-27,2026-08-27 11:55:00,11.525,11.53,11.5,11.505,15231.0
2026-08-27,2026-08-27 12:00:00,11.5,11.53,11.495,11.51,52952.0
2026-08-27,2026-08-27 12:05:00,11.5,11.51,11.485,11.485,9453.0
2026-08-27,2026-08-27 12:10:00,11.48,11.49,11.47,11.475,25292.0
2026-08-27,2026-08-27 12:15:00,11.48,11.48,11.44,11.45,44092.0
2026-08-27,2026-08-27 12:20:00,11.44,11.465,11.425,11.465,73020.0
2026-08-27,2026-08-27 12:25:00,11.465,11.47,11.465,11.465,27559.0
2026-08-27,2026-08-27 12:30:00,11.465,11.51,11.4643,11.51,20569.0
2026-08-27,2026-08-27 12:35:00,11.51,11.525,11.51,11.525,7475.0
2026-08-27,2026-08-27 12:40:00,11.525,11.53,11.51,11.51,6795.0
2026-08-27,2026-08-27 12:45:00,11.51,11.52,11.5,11.52,13459.0
2026-08-27,2026-08-27 12:50:00,11.515,11.52,11.505,11.515,14803.0
2026-08-27,2026-08-27 12:55:00,11.515,11.53,11.515,11.515,6771.0
2026-08-27,2026-08-27 13:00:00,11.515,11.535,11.515,11.52,11217.0
2026-08-27,2026-08-27 13:05:00,11.525,11.525,11.505,11.51,21723.0
2026-08-27,2026-08-27 13:10:00,11.5,11.515,11.495,11.515,11580.0
2026-08-27,2026-08-27 13:15:00,11.515,11.515,11.5,11.51,8161.0
2026-08-27,2026-08-27 13:20:00,11.51,11.51,11.501,11.51,18302.0
2026-08-27,2026-08-27 13:25:00,11.505,11.51,11.5,11.505,5371.0
2026-08-27,2026-08-27 13:30:00,11.505,11.515,11.505,11.515,6352.0
2026-08-27,2026-08-27 13:35:00,11.51,11.51,11.5,11.505,6348.0
2026-08-27,2026-08-27 13:40:00,11.5,11.51,11.48,11.48,12103.0
2026-08-27,2026-08-27 13:45:00,11.485,11.5,11.48,11.495,9785.0
2026-08-27,2026-08-27 13:50:00,11.495,11.51,11.495,11.505,10855.0
2026-08-27,2026-08-27 13:55:00,11.505,11.51,11.495,11.51,7054.0
2026-08-27,2026-08-27 14:00:00,11.5,11.52,11.495,11.52,15667.0
2026-08-27,2026-08-27 14:05:00,11.51,11.51,11.495,11.5,10369.0
2026-08-27,2026-08-27 14:10:00,11.495,11.51,11.485,11.485,67396.0
2026-08-27,2026-08-27 14:15:00,11.485,11.49,11.481,11.485,10381.0
2026-08-27,2026-08-27 14:20:00,11.485,11.5,11.475,11.475,87881.0
2026-08-27,2026-08-27 14:25:00,11.48,11.5,11.475,11.48,28463.0
2026-08-27,2026-08-27 14:30:00,11.485,11.485,11.46,11.47,88219.0
2026-08-27,2026-08-27 14:35:00,11.465,11.48,11.465,11.475,17925.0
2026-08-27,2026-08-27 14:40:00,11.475,11.48,11.445,11.47,72221.0
2026-08-27,2026-08-27 14:45:00,11.47,11.47,11.4631,11.465,23882.0
2026-08-27,2026-08-27 14:50:00,11.465,11.4851,11.465,11.485,29434.0
2026-08-27,2026-08-27 14:55:00,11.485,11.495,11.46,11.46,78127.0
2026-08-27,2026-08-27 15:00:00,11.45,11.49,11.45,11.485,14220.0
2026-08-27,2026-08-27 15:05:00,11.49,11.49,11.48,11.485,11223.0
2026-08-27,2026-08-27 15:10:00,11.48,11.5,11.47,11.47,24811.0
2026-08-27,2026-08-27 15:15:00,11.47,11.48,11.455,11.455,51820.0
2026-08-27,2026-08-27 15:20:00,11.455,11.47,11.445,11.465,45690.0
2026-08-27,2026-08-27 15:25:00,11.465,11.47,11.445,11.46,325166.0
2026-08-27,2026-08-27 15:30:00,11.46,11.47,11.46,11.465,32147.0
2026-08-27,2026-08-27 15:35:00,11.47,11.48,11.375,11.375,78199.0
2026-08-27,2026-08-27 15:40:00,11.37,11.415,11.35,11.355,130586.0
2026-08-27,2026-08-27 15:45:00,11.36,11.405,11.355,11.385,52158.0
2026-08-27,2026-08-27 15:50:00,11.385,11.39,11.36,11.365,50846.0
2026-08-27,2026-08-27 15:55:00,11.365,11.3677,11.325,11.335,109847.0
2026-08-27,2026-08-27 16:00:00,11.335,11.36,11.32,11.33,675478.0
2026-08-28,2026-08-28 09:35:00,11.42,11.56,11.42,11.48,32940.0
2026-08-28,2026-08-28 09:40:00,11.47,11.48,11.4,11.44,27073.0
2026-08-28,2026-08-28 09:45:00,11.43,11.465,11.385,11.385,17643.0
2026-08-28,2026-08-28 09:50:00,11.395,11.46,11.3761,11.46,17642.0
2026-08-28,2026-08-28 09:55:00,11.43,11.445,11.41,11.42,16624.0
2026-08-28,2026-08-28 10:00:00,11.42,11.42,11.4,11.4,2516.0
2026-08-28,2026-08-28 10:05:00,11.39,11.39,11.35,11.35,9283.0
2026-08-28,2026-08-28 10:10:00,11.345,11.36,11.324,11.335,26905.0
2026-08-28,2026-08-28 10:15:00,11.324,11.375,11.3,11.335,47264.0
2026-08-28,2026-08-28 10:20:00,11.3303,11.35,11.33,11.35,16152.0
2026-08-28,2026-08-28 10:25:00,11.355,11.36,11.335,11.335,7985.0
2026-08-28,2026-08-28 10:30:00,11.33,11.335,11.31,11.335,19794.0
2026-08-28,2026-08-28 10:35:00,11.335,11.35,11.32,11.325,28318.0
2026-08-28,2026-08-28 10:40:00,11.325,11.46,11.325,11.46,1066530.0
2026-08-28,2026-08-28 10:45:00,11.45,11.465,11.435,11.46,32106.0
2026-08-28,2026-08-28 10:50:00,11.45,11.46,11.435,11.45,22091.0
2026-08-28,2026-08-28 10:55:00,11.455,11.485,11.455,11.485,13199.0
2026-08-28,2026-08-28 11:00:00,11.49,11.505,11.48,11.5,16654.0
2026-08-28,2026-08-28 11:05:00,11.495,11.51,11.495,11.505,12242.0
2026-08-28,2026-08-28 11:10:00,11.505,11.525,11.49,11.495,34349.0
2026-08-28,2026-08-28 11:15:00,11.495,11.515,11.48,11.48,56879.0
2026-08-28,2026-08-28 11:20:00,11.48,11.485066,11.395,11.395,307691.0
2026-08-28,2026-08-28 11:25:00,11.395,11.425,11.395,11.42,10563.0
2026-08-28,2026-08-28 11:30:00,11.42,11.425,11.41,11.425,5399.0
2026-08-28,2026-08-28 11:35:00,11.42,11.42,11.395,11.4099,13213.0
2026-08-28,2026-08-28 11:40:00,11.415,11.425,11.41,11.415,5854.0
2026-08-28,2026-08-28 11:45:00,11.41,11.41,11.39,11.395,7637.0
2026-08-28,2026-08-28 11:50:00,11.4,11.42,11.395,11.41,8126.0
2026-08-28,2026-08-28 11:55:00,11.42,11.44,11.42,11.43,9824.0
2026-08-28,2026-08-28 12:00:00,11.425,11.425,11.4201,11.425,5238.0
2026-08-28,2026-08-28 12:05:00,11.43,11.445,11.43,11.44,15539.0
2026-08-28,2026-08-28 12:10:00,11.435,11.455,11.43,11.455,8348.0
2026-08-28,2026-08-28 12:15:00,11.45,11.4599,11.43,11.43,9098.0
2026-08-28,2026-08-28 12:20:00,11.43,11.43,11.41,11.41,7071.0
2026-08-28,2026-08-28 12:25:00,11.41,11.42,11.39,11.39,13899.0
2026-08-28,2026-08-28 12:30:00,11.38,11.39,11.36,11.36,17673.0
2026-08-28,2026-08-28 12:35:00,11.365,11.395,11.365,11.385,8727.0
2026-08-28,2026-08-28 12:40:00,11.385,11.4,11.38,11.395,14900.0
2026-08-28,2026-08-28 12:45:00,11.39,11.405,11.39,11.4,8465.0
2026-08-28,2026-08-28 12:50:00,11.405,11.42,11.395,11.42,10072.0
2026-08-28,2026-08-28 12:55:00,11.4105,11.43,11.405,11.405,14452.0
2026-08-28,2026-08-28 13:00:00,11.405,11.41,11.4,11.405,5412.0
2026-08-28,2026-08-28 13:05:00,11.405,11.42,11.4,11.4,13106.0
2026-08-28,2026-08-28 13:10:00,11.405,11.43,11.4,11.43,32356.0
2026-08-28,2026-08-28 13:15:00,11.43,11.44,11.42,11.42,10262.0
2026-08-28,2026-08-28 13:20:00,11.425,11.44,11.42,11.44,19217.0
2026-08-28,2026-08-28 13:25:00,11.435,11.45,11.425,11.43,15314.0
2026-08-28,2026-08-28 13:30:00,11.425,11.44,11.425,11.43,10398.0
2026-08-28,2026-08-28 13:35:00,11.425,11.45,11.42,11.45,16229.0
2026-08-28,2026-08-28 13:40:00,11.45,11.47,11.45,11.47,10197.0
2026-08-28,2026-08-28 13:45:00,11.47,11.48,11.46,11.47,10635.0
2026-08-28,2026-08-28 13:50:00,11.475,11.48,11.465,11.47,5880.0
2026-08-28,2026-08-28 13:55:00,11.47,11.48,11.47,11.48,17683.0
2026-08-28,2026-08-28 14:00:00,11.475,11.51,11.475,11.505,10482.0
2026-08-28,2026-08-28 14:05:00,11.51,11.515,11.505,11.515,12793.0
2026-08-28,2026-08-28 14:10:00,11.515,11.52,11.515,11.515,8800.0
2026-08-28,2026-08-28 14:15:00,11.51,11.51,11.48,11.485,14391.0
2026-08-28,2026-08-28 14:20:00,11.485,11.51,11.485,11.51,23152.0
2026-08-28,2026-08-28 14:25:00,11.51,11.51,11.475,11.49,21661.0
2026-08-28,2026-08-28 14:30:00,11.485,11.5,11.485,11.495,4849.0
2026-08-28,2026-08-28 14:35:00,11.495,11.5,11.49,11.49,12314.0
2026-08-28,2026-08-28 14:40:00,11.49,11.5,11.48,11.5,15145.0
2026-08-28,2026-08-28 14:45:00,11.495,11.51,11.49,11.505,13857.0
2026-08-28,2026-08-28 14:50:00,11.505,11.515,11.5,11.515,9757.0
2026-08-28,2026-08-28 14:55:00,11.515,11.5291,11.515,11.515,18246.0
2026-08-28,2026-08-28 15:00:00,11.515,11.52,11.475,11.495,97977.0
2026-08-28,2026-08-28 15:05:00,11.495,11.51,11.495,11.51,10186.0
2026-08-28,2026-08-28 15:10:00,11.515,11.525,11.515,11.525,11313.0
2026-08-28,2026-08-28 15:15:00,11.525,11.54,11.52,11.535,14849.0
2026-08-28,2026-08-28 15:20:00,11.535,11.55,11.535,11.545,15647.0
2026-08-28,2026-08-28 15:25:00,11.55,11.565,11.54,11.54,42269.0
2026-08-28,2026-08-28 15:30:00,11.545,11.565,11.545,11.555,22781.0
2026-08-28,2026-08-28 15:35:00,11.555,11.555,11.53,11.535,34733.0
2026-08-28,2026-08-28 15:40:00,11.53,11.545,11.515,11.525,78966.0
2026-08-28,2026-08-28 15:45:00,11.525,11.545,11.515,11.52,87415.0
2026-08-28,2026-08-28 15:50:00,11.515,11.535,11.515,11.535,53740.0
2026-08-28,2026-08-28 15:55:00,11.53,11.555,11.525,11.535,80231.0
2026-08-28,2026-08-28 16:00:00,11.535,11.57,11.535,11.56,850780.0
2026-08-31,2026-08-31 09:35:00,11.51,11.53,11.42,11.51,33115.0
2026-08-31,2026-08-31 09:40:00,11.51,11.52,11.46,11.48,19206.0
2026-08-31,2026-08-31 09:45:00,11.47,11.47,11.34,11.34,101634.0
2026-08-31,2026-08-31 09:50:00,11.34,11.39,11.335,11.37,24821.0
2026-08-31,2026-08-31 09:55:00,11.38,11.38,11.31,11.33,116347.0
2026-08-31,2026-08-31 10:00:00,11.325,11.34,11.28,11.285,62351.0
2026-08-31,2026-08-31 10:05:00,11.295,11.295,11.23,11.23,31735.0
2026-08-31,2026-08-31 10:10:00,11.23,11.255,11.215,11.255,28556.0
2026-08-31,2026-08-31 10:15:00,11.26,11.27,11.2411,11.255,24396.0
2026-08-31,2026-08-31 10:20:00,11.255,11.28,11.24,11.28,143631.0
2026-08-31,2026-08-31 10:25:00,11.275,11.3055,11.27,11.305,23942.0
2026-08-31,2026-08-31 10:30:00,11.305,11.31,11.275,11.275,25494.0
2026-08-31,2026-08-31 10:35:00,11.275,11.315,11.265,11.29,35639.0
2026-08-31,2026-08-31 10:40:00,11.285,11.35,11.285,11.35,36007.0
2026-08-31,2026-08-31 10:45:00,11.35,11.365,11.325,11.325,22260.0
2026-08-31,2026-08-31 10:50:00,11.325,11.37,11.32,11.36,18434.0
2026-08-31,2026-08-31 10:55:00,11.355,11.37,11.355,11.355,13406.0
2026-08-31,2026-08-31 11:00:00,11.355,11.375,11.335,11.355,21787.0
2026-08-31,2026-08-31 11:05:00,11.3595,11.375,11.35,11.35,20148.0
2026-08-31,2026-08-31 11:10:00,11.355,11.355,11.325,11.325,16886.0
2026-08-31,2026-08-31 11:15:00,11.33,11.405,11.33,11.4,115243.0
2026-08-31,2026-08-31 11:20:00,11.4,11.4,11.37,11.385,19975.0
2026-08-31,2026-08-31 11:25:00,11.385,11.39,11.36,11.365,22777.0
2026-08-31,2026-08-31 11:30:00,11.36,11.365,11.33,11.36,46743.0
2026-08-31,2026-08-31 11:35:00,11.355,11.365,11.345,11.345,17465.0
2026-08-31,2026-08-31 11:40:00,11.345,11.36,11.34,11.355,12146.0
2026-08-31,2026-08-31 11:45:00,11.35,11.36,11.34,11.36,12491.0
2026-08-31,2026-08-31 11:50:00,11.36,11.365,11.345,11.355,16421.0
2026-08-31,2026-08-31 11:55:00,11.355,11.365,11.345,11.345,18561.0
2026-08-31,2026-08-31 12:00:00,11.345,11.345,11.31,11.335,72322.0
2026-08-31,2026-08-31 12:05:00,11.335,11.345,11.335,11.335,18910.0
2026-08-31,2026-08-31 12:10:00,11.335,11.335,11.32,11.32,13763.0
2026-08-31,2026-08-31 12:15:00,11.32,11.325,11.3,11.305,12770.0
2026-08-31,2026-08-31 12:20:00,11.305,11.305,11.265,11.295,158693.0
2026-08-31,2026-08-31 12:25:00,11.295,11.295,11.26,11.265,13939.0
2026-08-31,2026-08-31 12:30:00,11.27,11.275,11.26,11.275,13310.0
2026-08-31,2026-08-31 12:35:00,11.27,11.285,11.26,11.26,47011.0
2026-08-31,2026-08-31 12:40:00,11.26,11.265,11.23,11.23,23526.0
2026-08-31,2026-08-31 12:45:00,11.23,11.24,11.22,11.24,36972.0
2026-08-31,2026-08-31 12:50:00,11.235,11.25,11.235,11.24,24521.0
2026-08-31,2026-08-31 12:55:00,11.23,11.255,11.224,11.244,100467.0
2026-08-31,2026-08-31 13:00:00,11.245,11.245,11.23,11.23,11740.0
2026-08-31,2026-08-31 13:05:00,11.235,11.245,11.225,11.245,25506.0
2026-08-31,2026-08-31 13:10:00,11.235,11.24,11.22,11.23,17665.0
2026-08-31,2026-08-31 13:15:00,11.235,11.245,11.2309,11.245,43074.0
2026-08-31,2026-08-31 13:20:00,11.245,11.25,11.24,11.245,12056.0
2026-08-31,2026-08-31 13:25:00,11.25,11.26,11.24,11.245,28033.0
2026-08-31,2026-08-31 13:30:00,11.24,11.25,11.235,11.245,14463.0
2026-08-31,2026-08-31 13:35:00,11.245,11.26,11.24,11.26,21126.0
2026-08-31,2026-08-31 13:40:00,11.259,11.265,11.235,11.24,33845.0
2026-08-31,2026-08-31 13:45:00,11.24,11.24,11.23,11.235,6485.0
2026-08-31,2026-08-31 13:50:00,11.23,11.245,11.23,11.245,12242.0
2026-08-31,2026-08-31 13:55:00,11.25,11.25,11.24,11.24,21294.0
2026-08-31,2026-08-31 14:00:00,11.24,11.25,11.21,11.235,72343.0
2026-08-31,2026-08-31 14:05:00,11.235,11.245,11.23,11.24,17731.0
2026-08-31,2026-08-31 14:10:00,11.235,11.245,11.225,11.225,28852.0
2026-08-31,2026-08-31 14:15:00,11.225,11.27,11.225,11.265,18094.0
2026-08-31,2026-08-31 14:20:00,11.265,11.28,11.26,11.275,17134.0
2026-08-31,2026-08-31 14:25:00,11.275,11.28,11.27,11.275,11568.0
2026-08-31,2026-08-31 14:30:00,11.28,11.29,11.265,11.29,25404.0
2026-08-31,2026-08-31 14:35:00,11.29,11.29,11.275,11.275,22898.0
2026-08-31,2026-08-31 14:40:00,11.275,11.28,11.265,11.265,13807.0
2026-08-31,2026-08-31 14:45:00,11.26,11.275,11.25,11.255,23556.0
2026-08-31,2026-08-31 14:50:00,11.255,11.255,11.235,11.245,39738.0
2026-08-31,2026-08-31 14:55:00,11.245,11.26,11.24,11.2511,42333.0
2026-08-31,2026-08-31 15:00:00,11.26,11.27,11.255,11.2585,28452.0
2026-08-31,2026-08-31 15:05:00,11.26,11.265,11.25,11.265,42225.0
2026-08-31,2026-08-31 15:10:00,11.265,11.275,11.25,11.265,67622.0
2026-08-31,2026-08-31 15:15:00,11.265,11.265,11.24,11.24,42893.0
2026-08-31,2026-08-31 15:20:00,11.24,11.24,11.18,11.18,35981.0
2026-08-31,2026-08-31 15:25:00,11.185,11.21,11.17,11.195,47408.0
2026-08-31,2026-08-31 15:30:00,11.195,11.2,11.18,11.185,25829.0
2026-08-31,2026-08-31 15:35:00,11.19,11.2099,11.18,11.195,58249.0
2026-08-31,2026-08-31 15:40:00,11.19,11.21,11.19,11.195,49273.0
2026-08-31,2026-08-31 15:45:00,11.2,11.2,11.175,11.185,85536.0
2026-08-31,2026-08-31 15:50:00,11.185,11.21,11.17,11.205,98860.0
2026-08-31,2026-08-31 15:55:00,11.21,11.24,11.18,11.225,134159.0
2026-08-31,2026-08-31 16:00:00,11.225,11.235,11.19,11.2,1452107.0
2026-09-01,2026-09-01 09:35:00,11.13,11.155,11.0602,11.115,38966.0
2026-09-01,2026-09-01 09:40:00,11.12,11.14,11.1,11.11,12199.0
2026-09-01,2026-09-01 09:45:00,11.115,11.17,11.11,11.135,21687.0
2026-09-01,2026-09-01 09:50:00,11.13,11.13,11.0898,11.095,39064.0
2026-09-01,2026-09-01 09:55:00,11.11,11.13,11.07,11.07,10486.0
2026-09-01,2026-09-01 10:00:00,11.07,11.0991,11.06,11.099,8639.0
2026-09-01,2026-09-01 10:05:00,11.095,11.125,11.09,11.115,11293.0
2026-09-01,2026-09-01 10:10:00,11.12,11.15,11.11,11.15,22274.0
2026-09-01,2026-09-01 10:15:00,11.15,11.15,11.11,11.125,15451.0
2026-09-01,2026-09-01 10:20:00,11.135,11.155,11.105,11.11,17020.0
2026-09-01,2026-09-01 10:25:00,11.11,11.12,11.08,11.1,54751.0
2026-09-01,2026-09-01 10:30:00,11.09,11.129,11.085,11.12,17011.0
2026-09-01,2026-09-01 10:35:00,11.11,11.175,11.11,11.165,34500.0
2026-09-01,2026-09-01 10:40:00,11.17,11.175,11.14,11.14,11369.0
2026-09-01,2026-09-01 10:45:00,11.145,11.165,11.13,11.135,11966.0
2026-09-01,2026-09-01 10:50:00,11.135,11.15,11.1,11.11,15495.0
2026-09-01,2026-09-01 10:55:00,11.115,11.115,11.095,11.105,31188.0
2026-09-01,2026-09-01 11:00:00,11.105,11.115,11.1,11.1,8170.0
2026-09-01,2026-09-01 11:05:00,11.105,11.105,11.08,11.085,45671.0
2026-09-01,2026-09-01 11:10:00,11.085,11.105,11.08,11.1,35960.0
2026-09-01,2026-09-01 11:15:00,11.105,11.125,11.095,11.11,20326.0
2026-09-01,2026-09-01 11:20:00,11.115,11.119,11.1,11.11,15004.0
2026-09-01,2026-09-01 11:25:00,11.11,11.11,11.09,11.1,8185.0
2026-09-01,2026-09-01 11:30:00,11.1,11.105,11.085,11.095,26207.0
2026-09-01,2026-09-01 11:35:00,11.095,11.095,11.065,11.075,35991.0
2026-09-01,2026-09-01 11:40:00,11.075,11.08,11.07,11.075,7151.0
2026-09-01,2026-09-01 11:45:00,11.075,11.08,11.06,11.065,13949.0
2026-09-01,2026-09-01 11:50:00,11.07,11.075,11.065,11.065,17238.0
2026-09-01,2026-09-01 11:55:00,11.065,11.065,11.04,11.045,10726.0
2026-09-01,2026-09-01 12:00:00,11.04,11.045,11.03,11.035,12549.0
2026-09-01,2026-09-01 12:05:00,11.035,11.045,11.01,11.02,25316.0
2026-09-01,2026-09-01 12:10:00,11.025,11.055,11.025,11.05,18184.0
2026-09-01,2026-09-01 12:15:00,11.05,11.06,11.04,11.055,28533.0
2026-09-01,2026-09-01 12:20:00,11.055,11.055,11.01,11.025,35991.0
2026-09-01,2026-09-01 12:25:00,11.02,11.025,10.995,11.0,15583.0
2026-09-01,2026-09-01 12:30:00,10.99,11.0,10.98,10.995,20872.0
2026-09-01,2026-09-01 12:35:00,10.99,10.99,10.98,10.985,9621.0
2026-09-01,2026-09-01 12:40:00,10.99,11.0,10.98,10.995,20239.0
2026-09-01,2026-09-01 12:45:00,10.995,11.01,10.99,11.005,23341.0
2026-09-01,2026-09-01 12:50:00,11.005,11.02,11.005,11.015,11675.0
2026-09-01,2026-09-01 12:55:00,11.015,11.02,11.01,11.01,7325.0
2026-09-01,2026-09-01 13:00:00,11.01,11.015,10.99,10.995,19976.0
2026-09-01,2026-09-01 13:05:00,11.0,11.01,10.99,11.005,46494.0
2026-09-01,2026-09-01 13:10:00,11.0008,11.015,11.0,11.01,20519.0
2026-09-01,2026-09-01 13:15:00,11.01,11.015,10.95,10.955,192085.0
2026-09-01,2026-09-01 13:20:00,10.95,10.965,10.935,10.935,20207.0
2026-09-01,2026-09-01 13:25:00,10.935,10.94,10.91,10.91,17043.0
2026-09-01,2026-09-01 13:30:00,10.915,10.925,10.9,10.905,31460.0
2026-09-01,2026-09-01 13:35:00,10.91,10.915,10.9,10.9,13355.0
2026-09-01,2026-09-01 13:40:00,10.9,10.905,10.895,10.895,15665.0
2026-09-01,2026-09-01 13:45:00,10.895,10.9,10.89,10.895,7542.0
2026-09-01,2026-09-01 13:50:00,10.9,10.915,10.9,10.905,14741.0
2026-09-01,2026-09-01 13:55:00,10.9,10.9,10.885,10.885,16765.0
2026-09-01,2026-09-01 14:00:00,10.885,10.895,10.83,10.83,67373.0
2026-09-01,2026-09-01 14:05:00,10.83,10.84,10.81,10.825,18433.0
2026-09-01,2026-09-01 14:10:00,10.825,10.855,10.825,10.855,15155.0
2026-09-01,2026-09-01 14:15:00,10.855,10.865,10.845,10.85,10068.0
2026-09-01,2026-09-01 14:20:00,10.85,10.855,10.83,10.835,24813.0
2026-09-01,2026-09-01 14:25:00,10.835,10.835,10.815,10.825,21774.0
2026-09-01,2026-09-01 14:30:00,10.825,10.825,10.8,10.815,16576.0
2026-09-01,2026-09-01 14:35:00,10.815,10.845,10.815,10.835,68645.0
2026-09-01,2026-09-01 14:40:00,10.83,10.83,10.795,10.815,26517.0
2026-09-01,2026-09-01 14:45:00,10.815,10.815,10.79,10.79,10410.0
2026-09-01,2026-09-01 14:50:00,10.79,10.805,10.78,10.795,29629.0
2026-09-01,2026-09-01 14:55:00,10.795,10.82,10.795,10.815,17748.0
2026-09-01,2026-09-01 15:00:00,10.82,10.84,10.815,10.825,40513.0
2026-09-01,2026-09-01 15:05:00,10.825,10.85,10.825,10.835,38645.0
2026-09-01,2026-09-01 15:10:00,10.84,10.855,10.84,10.845,21892.0
2026-09-01,2026-09-01 15:15:00,10.845,10.85,10.82,10.825,32118.0
2026-09-01,2026-09-01 15:20:00,10.83,10.835,10.785,10.81,54670.0
2026-09-01,2026-09-01 15:25:00,10.8,10.815,10.79,10.805,25249.0
2026-09-01,2026-09-01 15:30:00,10.805,10.815,10.801,10.815,33882.0
2026-09-01,2026-09-01 15:35:00,10.815,10.84,10.79,10.835,50928.0
2026-09-01,2026-09-01 15:40:00,10.835,10.85,10.83,10.835,50257.0
2026-09-01,2026-09-01 15:45:00,10.84,10.865,10.825,10.845,101612.0
2026-09-01,2026-09-01 15:50:00,10.845,10.86,10.825,10.845,229077.0
2026-09-01,2026-09-01 15:55:00,10.85,10.855,10.83,10.835,69938.0
2026-09-01,2026-09-01 16:00:00,10.83,10.855,10.805,10.85,940352.0
2026-09-02,2026-09-02 09:35:00,10.88,11.06,10.82,11.06,278743.0
2026-09-02,2026-09-02 09:40:00,11.05,11.0803,10.95,10.98,32026.0
2026-09-02,2026-09-02 09:45:00,10.96,11.035,10.96,10.99,591668.0
2026-09-02,2026-09-02 09:50:00,11.0,11.09,10.99,11.09,16324.0
2026-09-02,2026-09-02 09:55:00,11.08,11.14,11.065,11.14,11117.0
2026-09-02,2026-09-02 10:00:00,11.14,11.18,11.08,11.09,42240.0
2026-09-02,2026-09-02 10:05:00,11.075,11.115,11.055,11.115,40945.0
2026-09-02,2026-09-02 10:10:00,11.115,11.175,11.111,11.13,52735.0
2026-09-02,2026-09-02 10:15:00,11.135,11.15,11.125,11.15,29519.0
2026-09-02,2026-09-02 10:20:00,11.14,11.16,11.125,11.145,36097.0
2026-09-02,2026-09-02 10:25:00,11.15,11.17,11.135,11.135,23843.0
2026-09-02,2026-09-02 10:30:00,11.13,11.16,11.11,11.15,82151.0
2026-09-02,2026-09-02 10:35:00,11.145,11.15,11.11,11.135,32888.0
2026-09-02,2026-09-02 10:40:00,11.14,11.165,11.135,11.15,23277.0
2026-09-02,2026-09-02 10:45:00,11.15,11.18,11.13,11.18,19320.0
2026-09-02,2026-09-02 10:50:00,11.175,11.175,11.155,11.16,23841.0
2026-09-02,2026-09-02 10:55:00,11.165,11.2,11.15,11.195,38979.0
2026-09-02,2026-09-02 11:00:00,11.19,11.195,11.15,11.165,59541.0
2026-09-02,2026-09-02 11:05:00,11.17,11.17,11.15,11.155,10076.0
2026-09-02,2026-09-02 11:10:00,11.155,11.155,11.115,11.14,24917.0
2026-09-02,2026-09-02 11:15:00,11.135,11.15,11.135,11.145,17262.0
2026-09-02,2026-09-02 11:20:00,11.145,11.15,11.135,11.135,10790.0
2026-09-02,2026-09-02 11:25:00,11.13,11.145,11.125,11.145,28676.0
2026-09-02,2026-09-02 11:30:00,11.145,11.145,11.135,11.135,9080.0
2026-09-02,2026-09-02 11:35:00,11.13,11.145,11.13,11.145,27338.0
2026-09-02,2026-09-02 11:40:00,11.15,11.165,11.145,11.155,24854.0
2026-09-02,2026-09-02 11:45:00,11.15,11.16,11.15,11.155,11525.0
2026-09-02,2026-09-02 11:50:00,11.15,11.15,11.1,11.105,16728.0
2026-09-02,2026-09-02 11:55:00,11.11,11.125,11.11,11.12,18021.0
2026-09-02,2026-09-02 12:00:00,11.125,11.14,11.12,11.14,14574.0
2026-09-02,2026-09-02 12:05:00,11.14,11.155,11.131,11.155,13522.0
2026-09-02,2026-09-02 12:10:00,11.155,11.17,11.155,11.165,16103.0
2026-09-02,2026-09-02 12:15:00,11.165,11.185,11.1611,11.175,59401.0
2026-09-02,2026-09-02 12:20:00,11.17,11.18,11.165,11.175,29905.0
2026-09-02,2026-09-02 12:25:00,11.175,11.19,11.175,11.185,18081.0
2026-09-02,2026-09-02 12:30:00,11.185,11.195,11.18,11.18,31640.0
2026-09-02,2026-09-02 12:35:00,11.185,11.19,11.18,11.185,16762.0
2026-09-02,2026-09-02 12:40:00,11.185,11.195,11.17,11.175,47090.0
2026-09-02,2026-09-02 12:45:00,11.175,11.18,11.165,11.18,32351.0
2026-09-02,2026-09-02 12:50:00,11.175,11.2,11.175,11.185,52565.0
2026-09-02,2026-09-02 12:55:00,11.185,11.19,11.1811,11.185,15227.0
2026-09-02,2026-09-02 13:00:00,11.185,11.19,11.17,11.175,26158.0
2026-09-02,2026-09-02 13:05:00,11.175,11.19,11.17,11.18,43714.0
2026-09-02,2026-09-02 13:10:00,11.185,11.2,11.175,11.195,93374.0
2026-09-02,2026-09-02 13:15:00,11.195,11.195,11.18,11.18,26978.0
2026-09-02,2026-09-02 13:20:00,11.17,11.18,11.16,11.17,21186.0
2026-09-02,2026-09-02 13:25:00,11.1677,11.1677,11.16,11.1662,10294.0
2026-09-02,2026-09-02 13:30:00,11.16,11.17,11.155,11.155,14801.0
2026-09-02,2026-09-02 13:35:00,11.155,11.17,11.155,11.165,22459.0
2026-09-02,2026-09-02 13:40:00,11.17,11.17,11.155,11.165,19867.0
2026-09-02,2026-09-02 13:45:00,11.16,11.16,11.145,11.145,47836.0
2026-09-02,2026-09-02 13:50:00,11.15,11.18,11.15,11.175,63104.0
2026-09-02,2026-09-02 13:55:00,11.175,11.185,11.175,11.185,23627.0
2026-09-02,2026-09-02 14:00:00,11.185,11.199,11.18,11.19,45772.0
2026-09-02,2026-09-02 14:05:00,11.195,11.2,11.175,11.185,42101.0
2026-09-02,2026-09-02 14:10:00,11.185,11.19,11.18,11.185,7801.0
2026-09-02,2026-09-02 14:15:00,11.185,11.195,11.17,11.17,39472.0
2026-09-02,2026-09-02 14:20:00,11.18,11.18,11.16,11.175,38381.0
2026-09-02,2026-09-02 14:25:00,11.175,11.175,11.145,11.145,16662.0
2026-09-02,2026-09-02 14:30:00,11.145,11.15,11.135,11.135,18454.0
2026-09-02,2026-09-02 14:35:00,11.135,11.135,11.115,11.115,15356.0
2026-09-02,2026-09-02 14:40:00,11.115,11.13,11.11,11.13,18387.0
2026-09-02,2026-09-02 14:45:00,11.125,11.13,11.111,11.119,36601.0
2026-09-02,2026-09-02 14:50:00,11.115,11.115,11.095,11.1,40252.0
2026-09-02,2026-09-02 14:55:00,11.105,11.105,11.1,11.105,9294.0
2026-09-02,2026-09-02 15:00:00,11.105,11.11,11.09,11.09,20094.0
2026-09-02,2026-09-02 15:05:00,11.09,11.095,11.08,11.085,34362.0
2026-09-02,2026-09-02 15:10:00,11.085,11.11,11.08,11.085,33134.0
2026-09-02,2026-09-02 15:15:00,11.085,11.09,11.07,11.075,20536.0
2026-09-02,2026-09-02 15:20:00,11.075,11.08,11.05,11.05,22073.0
2026-09-02,2026-09-02 15:25:00,11.05,11.051,11.02,11.02,23646.0
2026-09-02,2026-09-02 15:30:00,11.025,11.05,11.025,11.035,37702.0
2026-09-02,2026-09-02 15:35:00,11.035,11.055,11.03,11.035,40101.0
2026-09-02,2026-09-02 15:40:00,11.04,11.04,11.025,11.025,29308.0
2026-09-02,2026-09-02 15:45:00,11.0205,11.04,11.02,11.035,55011.0
2026-09-02,2026-09-02 15:50:00,11.035,11.04,11.02,11.04,102046.0
2026-09-02,2026-09-02 15:55:00,11.03,11.0375,10.97,10.975,66634.0
2026-09-02,2026-09-02 16:00:00,10.98,11.0,10.955,10.98,822630.0
2026-09-03,2026-09-03 09:35:00,11.03,11.09,10.97,11.06,19465.0
2026-09-03,2026-09-03 09:40:00,11.03,11.03,10.82,10.82,26139.0
2026-09-03,2026-09-03 09:45:00,10.83,10.85,10.7723,10.78,13323.0
2026-09-03,2026-09-03 09:50:00,10.79,10.81,10.655,10.655,16087.0
2026-09-03,2026-09-03 09:55:00,10.655,10.66,10.61,10.61,36996.0
2026-09-03,2026-09-03 10:00:00,10.61,10.62,10.6,10.61,35198.0
2026-09-03,2026-09-03 10:05:00,10.61,10.61,10.565,10.59,38332.0
2026-09-03,2026-09-03 10:10:00,10.58,10.635,10.55,10.625,75644.0
2026-09-03,2026-09-03 10:15:00,10.62,10.64,10.59,10.61,36614.0
2026-09-03,2026-09-03 10:20:00,10.61,10.61,10.56,10.57,119496.0
2026-09-03,2026-09-03 10:25:00,10.56,10.565,10.4718,10.48,52935.0
2026-09-03,2026-09-03 10:30:00,10.48,10.505,10.47,10.5,22867.0
2026-09-03,2026-09-03 10:35:00,10.495,10.515,10.475,10.475,25476.0
2026-09-03,2026-09-03 10:40:00,10.47,10.49,10.46,10.475,29428.0
2026-09-03,2026-09-03 10:45:00,10.47,10.485,10.455,10.485,43170.0
2026-09-03,2026-09-03 10:50:00,10.48,10.525,10.48,10.52,17260.0
2026-09-03,2026-09-03 10:55:00,10.515,10.55,10.495,10.52,65974.0
2026-09-03,2026-09-03 11:00:00,10.53,10.54,10.5,10.54,66634.0
2026-09-03,2026-09-03 11:05:00,10.535,10.55,10.514998,10.5461,22734.0
2026-09-03,2026-09-03 11:10:00,10.55,10.5651,10.545,10.555,19426.0
2026-09-03,2026-09-03 11:15:00,10.56,10.56,10.535,10.55,32690.0
2026-09-03,2026-09-03 11:20:00,10.545,10.565,10.54,10.56,20247.0
2026-09-03,2026-09-03 11:25:00,10.555,10.575,10.55,10.5702,38173.0
2026-09-03,2026-09-03 11:30:00,10.575,10.595,10.575,10.595,15026.0
2026-09-03,2026-09-03 11:35:00,10.6,10.635,10.59,10.63,32049.0
2026-09-03,2026-09-03 11:40:00,10.625,10.63,10.605,10.615,26984.0
2026-09-03,2026-09-03 11:45:00,10.62,10.63,10.61,10.62,15533.0
2026-09-03,2026-09-03 11:50:00,10.62,10.63,10.61,10.625,16707.0
2026-09-03,2026-09-03 11:55:00,10.625,10.64,10.625,10.64,11405.0
2026-09-03,2026-09-03 12:00:00,10.64,10.64,10.615,10.625,44747.0
2026-09-03,2026-09-03 12:05:00,10.625,10.66,10.62,10.655,37792.0
2026-09-03,2026-09-03 12:10:00,10.655,10.66,10.645,10.655,21445.0
2026-09-03,2026-09-03 12:15:00,10.65,10.665,10.65,10.665,18328.0
2026-09-03,2026-09-03 12:20:00,10.66,10.67,10.655,10.665,18138.0
2026-09-03,2026-09-03 12:25:00,10.66,10.71,10.66,10.71,33550.0
2026-09-03,2026-09-03 12:30:00,10.71,10.715,10.7,10.705,15905.0
2026-09-03,2026-09-03 12:35:00,10.71,10.72,10.704736,10.715,43081.0
2026-09-03,2026-09-03 12:40:00,10.715,10.72,10.71,10.715,13186.0
2026-09-03,2026-09-03 12:45:00,10.715,10.72,10.685,10.685,46832.0
2026-09-03,2026-09-03 12:50:00,10.685,10.69,10.68,10.68,7239.0
2026-09-03,2026-09-03 12:55:00,10.69,10.7,10.675,10.68,22972.0
2026-09-03,2026-09-03 13:00:00,10.685,10.69,10.665,10.665,21094.0
2026-09-03,2026-09-03 13:05:00,10.66,10.665,10.645,10.645,22241.0
2026-09-03,2026-09-03 13:10:00,10.645,10.655,10.64,10.64,27926.0
2026-09-03,2026-09-03 13:15:00,10.64,10.64,10.615,10.615,25063.0
2026-09-03,2026-09-03 13:20:00,10.615,10.655,10.615,10.6275,39278.0
2026-09-03,2026-09-03 13:25:00,10.625,10.63,10.62,10.625,19387.0
2026-09-03,2026-09-03 13:30:00,10.625,10.64,10.6239,10.64,35867.0
2026-09-03,2026-09-03 13:35:00,10.635,10.645,10.625,10.625,35630.0
2026-09-03,2026-09-03 13:40:00,10.625,10.67,10.625,10.665,42787.0
2026-09-03,2026-09-03 13:45:00,10.665,10.67,10.65,10.65,34796.0
2026-09-03,2026-09-03 13:50:00,10.65,10.655,10.64,10.655,26347.0
2026-09-03,2026-09-03 13:55:00,10.655,10.67,10.65,10.665,60657.0
2026-09-03,2026-09-03 14:00:00,10.67,10.68,10.66,10.66,26781.0
2026-09-03,2026-09-03 14:05:00,10.66,10.67,10.655,10.665,27230.0
2026-09-03,2026-09-03 14:10:00,10.66,10.665,10.645,10.665,39358.0
2026-09-03,2026-09-03 14:15:00,10.665,10.67,10.655,10.665,52885.0
2026-09-03,2026-09-03 14:20:00,10.66,10.675,10.66,10.675,21840.0
2026-09-03,2026-09-03 14:25:00,10.675,10.68,10.665,10.6664,27241.0
2026-09-03,2026-09-03 14:30:00,10.665,10.67,10.66,10.665,11687.0
2026-09-03,2026-09-03 14:35:00,10.66,10.675,10.65,10.675,39508.0
2026-09-03,2026-09-03 14:40:00,10.675,10.7,10.675,10.695,19930.0
2026-09-03,2026-09-03 14:45:00,10.695,10.7,10.68,10.7,44607.0
2026-09-03,2026-09-03 14:50:00,10.695,10.71,10.695,10.705,22300.0
2026-09-03,2026-09-03 14:55:00,10.7,10.72,10.7,10.715,32987.0
2026-09-03,2026-09-03 15:00:00,10.715,10.72,10.7,10.705,29771.0
2026-09-03,2026-09-03 15:05:00,10.7,10.72,10.695,10.715,27343.0
2026-09-03,2026-09-03 15:10:00,10.71,10.72,10.705,10.715,33609.0
2026-09-03,2026-09-03 15:15:00,10.715,10.72,10.695,10.71,53833.0
2026-09-03,2026-09-03 15:20:00,10.705,10.71,10.7,10.705,15103.0
2026-09-03,2026-09-03 15:25:00,10.7,10.71,10.69,10.69,26547.0
2026-09-03,2026-09-03 15:30:00,10.69,10.715,10.69,10.705,43881.0
2026-09-03,2026-09-03 15:35:00,10.705,10.705,10.69,10.695,32821.0
2026-09-03,2026-09-03 15:40:00,10.6999,10.715,10.69,10.69,51049.0
2026-09-03,2026-09-03 15:45:00,10.695,10.705,10.675,10.705,57543.0
2026-09-03,2026-09-03 15:50:00,10.7,10.72,10.695,10.715,39636.0
2026-09-03,2026-09-03 15:55:00,10.715,10.7351,10.695,10.71,105436.0
2026-09-03,2026-09-03 16:00:00,10.71,10.725,10.68,10.7,843860.0
2026-09-04,2026-09-04 09:35:00,10.54,10.62,10.46,10.62,58372.0
2026-09-04,2026-09-04 09:40:00,10.59,10.61,10.55,10.55,269152.0
2026-09-04,2026-09-04 09:45:00,10.54,10.58,10.5039,10.55,28931.0
2026-09-04,2026-09-04 09:50:00,10.555,10.63,10.53,10.615,30651.0
2026-09-04,2026-09-04 09:55:00,10.615,10.63,10.55,10.56,82057.0
2026-09-04,2026-09-04 10:00:00,10.56,10.57,10.52,10.52,18410.0
2026-09-04,2026-09-04 10:05:00,10.52,10.57,10.515,10.555,33717.0
2026-09-04,2026-09-04 10:10:00,10.555,10.575,10.545,10.555,35977.0
2026-09-04,2026-09-04 10:15:00,10.55,10.57,10.55,10.565,29189.0
2026-09-04,2026-09-04 10:20:00,10.565,10.565,10.525,10.53,30630.0
2026-09-04,2026-09-04 10:25:00,10.535,10.555,10.535,10.555,24619.0
2026-09-04,2026-09-04 10:30:00,10.555,10.555,10.525,10.545,32301.0
2026-09-04,2026-09-04 10:35:00,10.55,10.565,10.545,10.55,54303.0
2026-09-04,2026-09-04 10:40:00,10.555,10.56,10.505,10.525,36447.0
2026-09-04,2026-09-04 10:45:00,10.525,10.53,10.49,10.49,41389.0
2026-09-04,2026-09-04 10:50:00,10.49,10.495,10.45,10.46,38610.0
2026-09-04,2026-09-04 10:55:00,10.465,10.465,10.45,10.465,32138.0
2026-09-04,2026-09-04 11:00:00,10.465,10.49,10.455,10.475,75384.0
2026-09-04,2026-09-04 11:05:00,10.475,10.505,10.475,10.495,62585.0
2026-09-04,2026-09-04 11:10:00,10.485,10.56,10.485,10.535,40497.0
2026-09-04,2026-09-04 11:15:00,10.535,10.535,10.51,10.535,20302.0
2026-09-04,2026-09-04 11:20:00,10.535,10.54,10.525,10.53,16837.0
2026-09-04,2026-09-04 11:25:00,10.53,10.555,10.525,10.545,36880.0
2026-09-04,2026-09-04 11:30:00,10.545,10.56,10.54,10.555,10518.0
2026-09-04,2026-09-04 11:35:00,10.55,10.55,10.52,10.525,18613.0
2026-09-04,2026-09-04 11:40:00,10.525,10.53,10.505,10.505,15488.0
2026-09-04,2026-09-04 11:45:00,10.5,10.54,10.5,10.535,42408.0
2026-09-04,2026-09-04 11:50:00,10.535,10.535,10.505,10.505,17544.0
2026-09-04,2026-09-04 11:55:00,10.505,10.52,10.505,10.515,13001.0
2026-09-04,2026-09-04 12:00:00,10.515,10.535,10.48,10.485,68977.0
2026-09-04,2026-09-04 12:05:00,10.485,10.495,10.465,10.495,35656.0
2026-09-04,2026-09-04 12:10:00,10.495,10.4953,10.48,10.48,17429.0
2026-09-04,2026-09-04 12:15:00,10.485,10.525,10.485,10.525,44571.0
2026-09-04,2026-09-04 12:20:00,10.52,10.52,10.495,10.495,22648.0
2026-09-04,2026-09-04 12:25:00,10.495,10.505,10.4911,10.505,30026.0
2026-09-04,2026-09-04 12:30:00,10.505,10.51,10.495,10.495,26855.0
2026-09-04,2026-09-04 12:35:00,10.495,10.51,10.485,10.505,26043.0
2026-09-04,2026-09-04 12:40:00,10.51,10.515,10.495,10.495,24980.0
2026-09-04,2026-09-04 12:45:00,10.5,10.51,10.48,10.505,69835.0
2026-09-04,2026-09-04 12:50:00,10.51,10.52,10.505,10.515,23751.0
2026-09-04,2026-09-04 12:55:00,10.515,10.515,10.495,10.495,44656.0
2026-09-04,2026-09-04 13:00:00,10.495,10.53,10.495,10.53,27969.0
2026-09-04,2026-09-04 13:05:00,10.52,10.52,10.495,10.495,21629.0
2026-09-04,2026-09-04 13:10:00,10.495,10.5,10.48,10.485,14918.0
2026-09-04,2026-09-04 13:15:00,10.485,10.49,10.455,10.46,97334.0
2026-09-04,2026-09-04 13:20:00,10.46,10.475,10.45,10.465,65234.0
2026-09-04,2026-09-04 13:25:00,10.47,10.475,10.45,10.455,27174.0
2026-09-04,2026-09-04 13:30:00,10.45,10.46,10.435,10.435,35189.0
2026-09-04,2026-09-04 13:35:00,10.435,10.445,10.435,10.445,28226.0
2026-09-04,2026-09-04 13:40:00,10.445,10.45,10.43,10.435,27964.0
2026-09-04,2026-09-04 13:45:00,10.435,10.435,10.42,10.425,35456.0
2026-09-04,2026-09-04 13:50:00,10.425,10.445,10.4,10.435,46571.0
2026-09-04,2026-09-04 13:55:00,10.435,10.435,10.415,10.415,13292.0
2026-09-04,2026-09-04 14:00:00,10.41,10.425,10.405,10.42,42906.0
2026-09-04,2026-09-04 14:05:00,10.42,10.47,10.42,10.465,42391.0
2026-09-04,2026-09-04 14:10:00,10.465,10.47,10.455,10.47,22310.0
2026-09-04,2026-09-04 14:15:00,10.465,10.48,10.465,10.475,24603.0
2026-09-04,2026-09-04 14:20:00,10.475,10.55,10.475,10.5303,69468.0
2026-09-04,2026-09-04 14:25:00,10.53,10.57,10.53,10.565,27233.0
2026-09-04,2026-09-04 14:30:00,10.565,10.58,10.56,10.565,61244.0
2026-09-04,2026-09-04 14:35:00,10.565,10.58,10.565,10.575,12771.0
2026-09-04,2026-09-04 14:40:00,10.575,10.58,10.56,10.565,34181.0
2026-09-04,2026-09-04 14:45:00,10.565,10.58,10.565,10.575,23583.0
2026-09-04,2026-09-04 14:50:00,10.58,10.58,10.555,10.565,42175.0
2026-09-04,2026-09-04 14:55:00,10.565,10.58,10.565,10.575,49365.0
2026-09-04,2026-09-04 15:00:00,10.575,10.575,10.56,10.565,56486.0
2026-09-04,2026-09-04 15:05:00,10.565,10.565,10.545,10.545,28337.0
2026-09-04,2026-09-04 15:10:00,10.545,10.55,10.53,10.53,21136.0
2026-09-04,2026-09-04 15:15:00,10.54,10.55,10.53,10.54,48085.0
2026-09-04,2026-09-04 15:20:00,10.545,10.55,10.535,10.545,30515.0
2026-09-04,2026-09-04 15:25:00,10.541,10.5491,10.52,10.535,62976.0
2026-09-04,2026-09-04 15:30:00,10.535,10.55,10.535,10.54,45517.0
2026-09-04,2026-09-04 15:35:00,10.545,10.55,10.53,10.545,107754.0
2026-09-04,2026-09-04 15:40:00,10.545,10.545,10.515,10.535,104846.0
2026-09-04,2026-09-04 15:45:00,10.535,10.54,10.53,10.535,56299.0
2026-09-04,2026-09-04 15:50:00,10.53,10.555,10.5,10.505,215365.0
2026-09-04,2026-09-04 15:55:00,10.51,10.51,10.46,10.485,217259.0
2026-09-04,2026-09-04 16:00:00,10.485,10.485,10.42,10.43,1251438.0
2026-09-08,2026-09-08 09:35:00,10.32,10.33,10.24,10.305,48785.0
2026-09-08,2026-09-08 09:40:00,10.29,10.31,10.205,10.24,32948.0
2026-09-08,2026-09-08 09:45:00,10.225,10.235,10.185,10.23,26629.0
2026-09-08,2026-09-08 09:50:00,10.225,10.23,10.17,10.17,42099.0
2026-09-08,2026-09-08 09:55:00,10.18,10.205,10.145,10.145,45388.0
2026-09-08,2026-09-08 10:00:00,10.15,10.17,10.105,10.105,47817.0
2026-09-08,2026-09-08 10:05:00,10.11,10.135,10.095,10.1,48264.0
2026-09-08,2026-09-08 10:10:00,10.1,10.1,10.06,10.075,45924.0
2026-09-08,2026-09-08 10:15:00,10.08,10.14,10.07,10.13,44003.0
2026-09-08,2026-09-08 10:20:00,10.13,10.15,10.105,10.105,33799.0
2026-09-08,2026-09-08 10:25:00,10.105,10.125,10.09,10.125,21896.0
2026-09-08,2026-09-08 10:30:00,10.1229,10.125,10.095,10.1,36536.0
2026-09-08,2026-09-08 10:35:00,10.095,10.115,10.09,10.105,29524.0
2026-09-08,2026-09-08 10:40:00,10.105,10.105,10.075,10.075,49865.0
2026-09-08,2026-09-08 10:45:00,10.075,10.11,10.075,10.11,35287.0
2026-09-08,2026-09-08 10:50:00,10.115,10.165,10.115,10.165,32845.0
2026-09-08,2026-09-08 10:55:00,10.165,10.225,10.155,10.18,130654.0
2026-09-08,2026-09-08 11:00:00,10.175,10.18,10.155,10.155,28258.0
2026-09-08,2026-09-08 11:05:00,10.155,10.165,10.155,10.155,19576.0
2026-09-08,2026-09-08 11:10:00,10.15,10.17,10.15,10.16,11672.0
2026-09-08,2026-09-08 11:15:00,10.16,10.165,10.115,10.115,28463.0
2026-09-08,2026-09-08 11:20:00,10.111,10.135,10.111,10.115,26042.0
2026-09-08,2026-09-08 11:25:00,10.115,10.115,10.09,10.095,20645.0
2026-09-08,2026-09-08 11:30:00,10.095,10.095,10.085,10.085,34633.0
2026-09-08,2026-09-08 11:35:00,10.0808,10.13,10.07,10.13,47200.0
2026-09-08,2026-09-08 11:40:00,10.135,10.135,10.115,10.115,23995.0
2026-09-08,2026-09-08 11:45:00,10.115,10.115,10.09,10.095,36018.0
2026-09-08,2026-09-08 11:50:00,10.095,10.095,10.07,10.07,93359.0
2026-09-08,2026-09-08 11:55:00,10.07,10.075,10.04,10.055,47558.0
2026-09-08,2026-09-08 12:00:00,10.059,10.07,10.055,10.065,36170.0
2026-09-08,2026-09-08 12:05:00,10.06,10.0699,10.05,10.05,22427.0
2026-09-08,2026-09-08 12:10:00,10.055,10.06,10.035,10.035,27272.0
2026-09-08,2026-09-08 12:15:00,10.03,10.03,9.965,10.005,115812.0
2026-09-08,2026-09-08 12:20:00,10.01,10.02,9.98,9.985,38879.0
2026-09-08,2026-09-08 12:25:00,9.985,10.005,9.97,10.005,143594.0
2026-09-08,2026-09-08 12:30:00,10.005,10.015,9.985,9.985,81418.0
2026-09-08,2026-09-08 12:35:00,9.985,9.999,9.985,9.995,28347.0
2026-09-08,2026-09-08 12:40:00,9.99,10.0,9.975,9.975,37250.0
2026-09-08,2026-09-08 12:45:00,9.975,10.0,9.97,9.995,31767.0
2026-09-08,2026-09-08 12:50:00,9.9911,10.0,9.99,9.99,15384.0
2026-09-08,2026-09-08 12:55:00,9.995,9.995,9.98,9.99,46185.0
2026-09-08,2026-09-08 13:00:00,9.995,9.995,9.975,9.985,61626.0
2026-09-08,2026-09-08 13:05:00,9.985,9.99,9.98,9.985,24261.0
2026-09-08,2026-09-08 13:10:00,9.985,10.0,9.985,9.995,35915.0
2026-09-08,2026-09-08 13:15:00,9.995,10.0,9.98,9.985,29579.0
2026-09-08,2026-09-08 13:20:00,9.99,10.0,9.9899,9.9967,40419.0
2026-09-08,2026-09-08 13:25:00,9.995,10.015,9.99,10.015,27652.0
2026-09-08,2026-09-08 13:30:00,10.015,10.02,10.01,10.015,20038.0
2026-09-08,2026-09-08 13:35:00,10.015,10.045,10.015,10.045,36664.0
2026-09-08,2026-09-08 13:40:00,10.045,10.05,10.03,10.035,26325.0
2026-09-08,2026-09-08 13:45:00,10.035,10.04,10.025,10.025,58247.0
2026-09-08,2026-09-08 13:50:00,10.025,10.0288,9.985,9.995,43188.0
2026-09-08,2026-09-08 13:55:00,9.995,9.995,9.98,9.98,28726.0
2026-09-08,2026-09-08 14:00:00,9.985,9.99,9.975,9.985,95284.0
2026-09-08,2026-09-08 14:05:00,9.985,9.995,9.975,9.995,25199.0
2026-09-08,2026-09-08 14:10:00,9.995,9.995,9.9623,9.975,72503.0
2026-09-08,2026-09-08 14:15:00,9.975,9.98,9.9601,9.965,70380.0
2026-09-08,2026-09-08 14:20:00,9.965,9.975,9.95,9.975,97352.0
2026-09-08,2026-09-08 14:25:00,9.975,9.995,9.975,9.985,39794.0
2026-09-08,2026-09-08 14:30:00,9.985,10.0,9.975,9.995,117698.0
2026-09-08,2026-09-08 14:35:00,9.995,10.0,9.99,9.995,26447.0
2026-09-08,2026-09-08 14:40:00,9.99,9.995,9.96,9.965,183484.0
2026-09-08,2026-09-08 14:45:00,9.965,9.985,9.96,9.975,41024.0
2026-09-08,2026-09-08 14:50:00,9.975,9.985,9.92,9.9299,135297.0
2026-09-08,2026-09-08 14:55:00,9.925,9.95,9.915,9.935,126674.0
2026-09-08,2026-09-08 15:00:00,9.935,9.955,9.93,9.935,76806.0
2026-09-08,2026-09-08 15:05:00,9.94,9.965,9.93,9.955,100072.0
2026-09-08,2026-09-08 15:10:00,9.955,9.98,9.945,9.975,81918.0
2026-09-08,2026-09-08 15:15:00,9.975,9.995,9.975,9.995,44398.0
2026-09-08,2026-09-08 15:20:00,9.995,10.005,9.98,9.995,86249.0
2026-09-08,2026-09-08 15:25:00,9.99,9.99,9.97,9.985,38641.0
2026-09-08,2026-09-08 15:30:00,9.985,10.0,9.975,9.995,44735.0
2026-09-08,2026-09-08 15:35:00,9.995,9.995,9.98,9.985,51785.0
2026-09-08,2026-09-08 15:40:00,9.985,10.0,9.98,9.985,87160.0
2026-09-08,2026-09-08 15:45:00,9.985,9.99,9.98,9.985,64610.0
2026-09-08,2026-09-08 15:50:00,9.985,9.9875,9.945,9.95,96573.0
2026-09-08,2026-09-08 15:55:00,9.95,9.95,9.925,9.925,137903.0
2026-09-08,2026-09-08 16:00:00,9.92,9.955,9.89,9.89,1538023.0
2026-09-09,2026-09-09 09:35:00,9.84,9.9778,9.715,9.715,75343.0
2026-09-09,2026-09-09 09:40:00,9.73,9.8,9.695,9.78,115309.0
2026-09-09,2026-09-09 09:45:00,9.79,9.836,9.705,9.71,174525.0
2026-09-09,2026-09-09 09:50:00,9.71,9.735,9.7,9.72,139853.0
2026-09-09,2026-09-09 09:55:00,9.72,9.74,9.71,9.725,141334.0
2026-09-09,2026-09-09 10:00:00,9.725,9.76,9.72,9.725,87020.0
2026-09-09,2026-09-09 10:05:00,9.725,9.745,9.69,9.745,81433.0
2026-09-09,2026-09-09 10:10:00,9.74,9.75,9.67,9.68,256768.0
2026-09-09,2026-09-09 10:15:00,9.68,9.69,9.66,9.68,75904.0
2026-09-09,2026-09-09 10:20:00,9.68,9.685,9.64,9.66,128502.0
2026-09-09,2026-09-09 10:25:00,9.66,9.67,9.635,9.635,93890.0
2026-09-09,2026-09-09 10:30:00,9.635,9.655,9.635,9.65,65140.0
2026-09-09,2026-09-09 10:35:00,9.65,9.7,9.64,9.695,129102.0
2026-09-09,2026-09-09 10:40:00,9.695,9.72,9.671,9.68,245780.0
2026-09-09,2026-09-09 10:45:00,9.675,9.7,9.671,9.695,70689.0
2026-09-09,2026-09-09 10:50:00,9.7,9.7088,9.675,9.6901,96276.0
2026-09-09,2026-09-09 10:55:00,9.695,9.725,9.69,9.725,89821.0
2026-09-09,2026-09-09 11:00:00,9.73,9.73,9.675,9.7,253644.0
2026-09-09,2026-09-09 11:05:00,9.705,9.705,9.67,9.685,135822.0
2026-09-09,2026-09-09 11:10:00,9.685,9.7,9.670649,9.685,121236.0
2026-09-09,2026-09-09 11:15:00,9.685,9.69,9.67,9.685,96963.0
2026-09-09,2026-09-09 11:20:00,9.685,9.69,9.68,9.68,60190.0
2026-09-09,2026-09-09 11:25:00,9.68,9.69,9.66,9.66,89529.0
2026-09-09,2026-09-09 11:30:00,9.665,9.67,9.66,9.665,29793.0
2026-09-09,2026-09-09 11:35:00,9.665,9.675,9.65,9.675,178976.0
2026-09-09,2026-09-09 11:40:00,9.675,9.705,9.675,9.705,56577.0
2026-09-09,2026-09-09 11:45:00,9.705,9.705,9.68,9.685,41573.0
2026-09-09,2026-09-09 11:50:00,9.685,9.685,9.67,9.675,23641.0
2026-09-09,2026-09-09 11:55:00,9.68,9.685,9.66,9.68,97142.0
2026-09-09,2026-09-09 12:00:00,9.68,9.68,9.625,9.63,69642.0
2026-09-09,2026-09-09 12:05:00,9.625,9.63,9.62,9.63,32509.0
2026-09-09,2026-09-09 12:10:00,9.625,9.63,9.58,9.585,54026.0
2026-09-09,2026-09-09 12:15:00,9.58,9.585,9.56,9.565,100552.0
2026-09-09,2026-09-09 12:20:00,9.5601,9.58,9.555,9.575,61159.0
2026-09-09,2026-09-09 12:25:00,9.575,9.59,9.57,9.585,25467.0
2026-09-09,2026-09-09 12:30:00,9.59,9.595,9.575,9.59,57823.0
2026-09-09,2026-09-09 12:35:00,9.59,9.615,9.585,9.615,62473.0
2026-09-09,2026-09-09 12:40:00,9.62,9.62,9.6,9.615,41366.0
2026-09-09,2026-09-09 12:45:00,9.61,9.62,9.605,9.62,32013.0
2026-09-09,2026-09-09 12:50:00,9.62,9.62,9.61,9.615,26978.0
2026-09-09,2026-09-09 12:55:00,9.61,9.62,9.59,9.59,329648.0
2026-09-09,2026-09-09 13:00:00,9.59,9.615,9.58,9.605,251138.0
2026-09-09,2026-09-09 13:05:00,9.61,9.615,9.581,9.595,69910.0
2026-09-09,2026-09-09 13:10:00,9.595,9.595,9.575,9.58,29509.0
2026-09-09,2026-09-09 13:15:00,9.585,9.59,9.57,9.575,23113.0
2026-09-09,2026-09-09 13:20:00,9.575,9.59,9.57,9.575,52020.0
2026-09-09,2026-09-09 13:25:00,9.58,9.61,9.575,9.605,71325.0
2026-09-09,2026-09-09 13:30:00,9.605,9.61,9.59,9.595,41670.0
2026-09-09,2026-09-09 13:35:00,9.595,9.595,9.57,9.585,55818.0
2026-09-09,2026-09-09 13:40:00,9.59,9.61,9.585,9.605,71099.0
2026-09-09,2026-09-09 13:45:00,9.605,9.615,9.6,9.605,66065.0
2026-09-09,2026-09-09 13:50:00,9.605,9.61,9.58,9.585,48522.0
2026-09-09,2026-09-09 13:55:00,9.58,9.585,9.57,9.57,32139.0
2026-09-09,2026-09-09 14:00:00,9.57,9.6,9.56,9.59,82564.0
2026-09-09,2026-09-09 14:05:00,9.595,9.595,9.565,9.57,58103.0
2026-09-09,2026-09-09 14:10:00,9.58,9.59,9.575,9.58,66917.0
2026-09-09,2026-09-09 14:15:00,9.58,9.59,9.58,9.585,43376.0
2026-09-09,2026-09-09 14:20:00,9.58,9.58,9.5523,9.575,75096.0
2026-09-09,2026-09-09 14:25:00,9.57,9.58,9.56,9.565,48945.0
2026-09-09,2026-09-09 14:30:00,9.56,9.595,9.56,9.585,65016.0
2026-09-09,2026-09-09 14:35:00,9.585,9.59,9.58,9.585,27964.0
2026-09-09,2026-09-09 14:40:00,9.585,9.59,9.575,9.58,39819.0
2026-09-09,2026-09-09 14:45:00,9.585,9.6,9.565,9.585,144059.0
2026-09-09,2026-09-09 14:50:00,9.59,9.6,9.56,9.565,46848.0
2026-09-09,2026-09-09 14:55:00,9.5699,9.575,9.555,9.555,58861.0
2026-09-09,2026-09-09 15:00:00,9.555,9.58,9.555,9.58,49759.0
2026-09-09,2026-09-09 15:05:00,9.58,9.59,9.57,9.585,56855.0
2026-09-09,2026-09-09 15:10:00,9.585,9.61,9.58,9.61,44247.0
2026-09-09,2026-09-09 15:15:00,9.61,9.62,9.595,9.595,126143.0
2026-09-09,2026-09-09 15:20:00,9.595,9.6,9.575,9.585,64428.0
2026-09-09,2026-09-09 15:25:00,9.585,9.61,9.58,9.605,113636.0
2026-09-09,2026-09-09 15:30:00,9.61,9.61,9.59,9.595,40597.0
2026-09-09,2026-09-09 15:35:00,9.59,9.59,9.58,9.58,41674.0
2026-09-09,2026-09-09 15:40:00,9.58,9.595,9.55,9.555,106885.0
2026-09-09,2026-09-09 15:45:00,9.55,9.555,9.54,9.54,57051.0
2026-09-09,2026-09-09 15:50:00,9.54,9.58,9.54,9.565,288366.0
2026-09-09,2026-09-09 15:55:00,9.565,9.585,9.53,9.575,362719.0
2026-09-09,2026-09-09 16:00:00,9.575,9.6,9.485,9.51,2100744.0
2026-09-10,2026-09-10 09:35:00,9.48,9.525,9.36,9.476,115496.0
2026-09-10,2026-09-10 09:40:00,9.465,9.531,9.44,9.48,60301.0
2026-09-10,2026-09-10 09:45:00,9.481,9.6,9.46,9.6,68778.0
2026-09-10,2026-09-10 09:50:00,9.6,9.725,9.56,9.68,134001.0
2026-09-10,2026-09-10 09:55:00,9.685,9.685,9.58,9.58,461928.0
2026-09-10,2026-09-10 10:00:00,9.585,9.595,9.56,9.565,23283.0
2026-09-10,2026-09-10 10:05:00,9.57,9.63,9.57,9.615,78072.0
2026-09-10,2026-09-10 10:10:00,9.615,9.615,9.54,9.54,105892.0
2026-09-10,2026-09-10 10:15:00,9.54,9.58,9.52,9.575,54292.0
2026-09-10,2026-09-10 10:20:00,9.575,9.69,9.55,9.666,228072.0
2026-09-10,2026-09-10 10:25:00,9.665,9.665,9.585,9.615,111315.0
2026-09-10,2026-09-10 10:30:00,9.62,9.68,9.62,9.63,53054.0
2026-09-10,2026-09-10 10:35:00,9.635,9.645,9.52,9.52,124734.0
2026-09-10,2026-09-10 10:40:00,9.525,9.55,9.5,9.51,65438.0
2026-09-10,2026-09-10 10:45:00,9.52,9.535,9.45,9.45,45711.0
2026-09-10,2026-09-10 10:50:00,9.45,9.46,9.415,9.455,118067.0
2026-09-10,2026-09-10 10:55:00,9.46,9.485,9.425,9.43,54951.0
2026-09-10,2026-09-10 11:00:00,9.43,9.44,9.4,9.435,53288.0
2026-09-10,2026-09-10 11:05:00,9.43,9.45,9.375,9.445,94281.0
2026-09-10,2026-09-10 11:10:00,9.445,9.46,9.44,9.445,46063.0
2026-09-10,2026-09-10 11:15:00,9.445,9.455,9.42,9.45,36672.0
2026-09-10,2026-09-10 11:20:00,9.445,9.465,9.435,9.455,44032.0
2026-09-10,2026-09-10 11:25:00,9.455,9.46,9.445,9.455,23092.0
2026-09-10,2026-09-10 11:30:00,9.46,9.47,9.43,9.435,47135.0
2026-09-10,2026-09-10 11:35:00,9.44,9.44,9.4,9.415,38398.0
2026-09-10,2026-09-10 11:40:00,9.415,9.42,9.4,9.405,31669.0
2026-09-10,2026-09-10 11:45:00,9.405,9.41,9.385,9.385,32331.0
2026-09-10,2026-09-10 11:50:00,9.39,9.4191,9.38,9.39,63357.0
2026-09-10,2026-09-10 11:55:00,9.395,9.395,9.385,9.395,24208.0
2026-09-10,2026-09-10 12:00:00,9.39,9.43,9.39,9.425,35860.0
2026-09-10,2026-09-10 12:05:00,9.42,9.44,9.415,9.435,47530.0
2026-09-10,2026-09-10 12:10:00,9.435,9.455,9.43,9.445,49896.0
2026-09-10,2026-09-10 12:15:00,9.445,9.455,9.44,9.455,40892.0
2026-09-10,2026-09-10 12:20:00,9.455,9.455,9.42,9.445,38219.0
2026-09-10,2026-09-10 12:25:00,9.441,9.455,9.441,9.445,44376.0
2026-09-10,2026-09-10 12:30:00,9.44,9.445,9.41,9.41,44606.0
2026-09-10,2026-09-10 12:35:00,9.415,9.42,9.405,9.405,35302.0
2026-09-10,2026-09-10 12:40:00,9.4001,9.4291,9.4,9.425,28625.0
2026-09-10,2026-09-10 12:45:00,9.425,9.43,9.41,9.415,71899.0
2026-09-10,2026-09-10 12:50:00,9.42,9.455,9.42,9.445,73797.0
2026-09-10,2026-09-10 12:55:00,9.44,9.445,9.43,9.43,54480.0
2026-09-10,2026-09-10 13:00:00,9.435,9.445,9.43,9.44,40595.0
2026-09-10,2026-09-10 13:05:00,9.435,9.455,9.43,9.44,69148.0
2026-09-10,2026-09-10 13:10:00,9.44,9.465,9.435,9.44,37739.0
2026-09-10,2026-09-10 13:15:00,9.445,9.4599,9.43,9.445,60407.0
2026-09-10,2026-09-10 13:20:00,9.445,9.45,9.44,9.445,122715.0
2026-09-10,2026-09-10 13:25:00,9.445,9.45,9.4,9.405,110599.0
2026-09-10,2026-09-10 13:30:00,9.405,9.41,9.37,9.395,133189.0
2026-09-10,2026-09-10 13:35:00,9.39,9.42,9.39,9.415,48735.0
2026-09-10,2026-09-10 13:40:00,9.415,9.43,9.41,9.425,24473.0
2026-09-10,2026-09-10 13:45:00,9.425,9.425,9.405,9.405,95107.0
2026-09-10,2026-09-10 13:50:00,9.405,9.41,9.4,9.405,18741.0
2026-09-10,2026-09-10 13:55:00,9.405,9.405,9.395,9.405,38351.0
2026-09-10,2026-09-10 14:00:00,9.405,9.42,9.4001,9.415,24350.0
2026-09-10,2026-09-10 14:05:00,9.42,9.435,9.415,9.415,43094.0
2026-09-10,2026-09-10 14:10:00,9.4101,9.42,9.4001,9.4001,33926.0
2026-09-10,2026-09-10 14:15:00,9.405,9.465,9.39,9.4609,268255.0
2026-09-10,2026-09-10 14:20:00,9.4615,9.465,9.41,9.41,229921.0
2026-09-10,2026-09-10 14:25:00,9.415,9.42,9.38,9.385,89599.0
2026-09-10,2026-09-10 14:30:00,9.385,9.385,9.35,9.36,73189.0
2026-09-10,2026-09-10 14:35:00,9.365,9.365,9.33,9.345,87501.0
2026-09-10,2026-09-10 14:40:00,9.345,9.37,9.335,9.355,120823.0
2026-09-10,2026-09-10 14:45:00,9.35,9.3591,9.31,9.31,53269.0
2026-09-10,2026-09-10 14:50:00,9.31,9.32,9.3,9.32,77522.0
2026-09-10,2026-09-10 14:55:00,9.325,9.345,9.3209,9.335,59321.0
2026-09-10,2026-09-10 15:00:00,9.335,9.37,9.335,9.35,77460.0
2026-09-10,2026-09-10 15:05:00,9.355,9.36,9.32,9.325,75619.0
2026-09-10,2026-09-10 15:10:00,9.32,9.335,9.32,9.32,68398.0
2026-09-10,2026-09-10 15:15:00,9.325,9.34,9.315,9.325,66535.0
2026-09-10,2026-09-10 15:20:00,9.325,9.33,9.31,9.315,42320.0
2026-09-10,2026-09-10 15:25:00,9.315,9.335,9.31,9.335,54873.0
2026-09-10,2026-09-10 15:30:00,9.335,9.345,9.32,9.34,83466.0
2026-09-10,2026-09-10 15:35:00,9.345,9.35,9.325,9.345,85107.0
2026-09-10,2026-09-10 15:40:00,9.345,9.35,9.315,9.345,135109.0
2026-09-10,2026-09-10 15:45:00,9.345,9.36,9.34,9.355,76732.0
2026-09-10,2026-09-10 15:50:00,9.355,9.405,9.345,9.39,286002.0
2026-09-10,2026-09-10 15:55:00,9.39,9.415,9.38,9.395,277773.0
2026-09-10,2026-09-10 16:00:00,9.395,9.41,9.345,9.39,2065838.0
