day,time,open,high,low,close,volume
2026-06-12,2026-06-12 09:35:00,78.6,79.56,76.42,76.42,35093.0
2026-06-12,2026-06-12 09:40:00,76.8,76.8,75.72,75.98,21789.0
2026-06-12,2026-06-12 09:45:00,75.98,76.775,75.5,76.31,28136.0
2026-06-12,2026-06-12 09:50:00,76.425,77.31,75.24,75.56,96935.0
2026-06-12,2026-06-12 09:55:00,75.515,76.05,74.8501,75.98,31318.0
2026-06-12,2026-06-12 10:00:00,76.11,77.5,76.11,77.17,31381.0
2026-06-12,2026-06-12 10:05:00,77.23,77.85,76.91,77.51,29817.0
2026-06-12,2026-06-12 10:10:00,77.32,77.38,76.93,77.365,20667.0
2026-06-12,2026-06-12 10:15:00,77.365,77.55,76.53,76.74,21562.0
2026-06-12,2026-06-12 10:20:00,76.74,77.0925,76.505,76.74,25726.0
2026-06-12,2026-06-12 10:25:00,76.76,76.99,76.6149,76.91,16550.0
2026-06-12,2026-06-12 10:30:00,76.85,77.6601,76.75,77.27,24311.0
2026-06-12,2026-06-12 10:35:00,77.11,77.705,77.11,77.545,13262.0
2026-06-12,2026-06-12 10:40:00,77.545,77.9151,77.458,77.67,17293.0
2026-06-12,2026-06-12 10:45:00,77.67,77.8,77.27,77.27,11015.0
2026-06-12,2026-06-12 10:50:00,77.27,77.51,76.72,76.72,17001.0
2026-06-12,2026-06-12 10:55:00,76.735,77.25,76.52,77.17,23146.0
2026-06-12,2026-06-12 11:00:00,77.26,77.29,76.61,77.27,28304.0
2026-06-12,2026-06-12 11:05:00,77.28,77.36,77.0,77.24,14282.0
2026-06-12,2026-06-12 11:10:00,77.03,77.52,77.02,77.33,26814.0
2026-06-12,2026-06-12 11:15:00,77.28,77.28,76.28,76.8,138967.0
2026-06-12,2026-06-12 11:20:00,76.66,76.74,76.19,76.725,24588.0
2026-06-12,2026-06-12 11:25:00,76.79,77.035,76.6,76.63,31233.0
2026-06-12,2026-06-12 11:30:00,76.64,76.87,76.325,76.46,24693.0
2026-06-12,2026-06-12 11:35:00,76.41,76.67,76.22,76.3475,30329.0
2026-06-12,2026-06-12 11:40:00,76.34,76.44,76.07,76.31,28560.0
2026-06-12,2026-06-12 11:45:00,76.31,76.49,76.26,76.35,17666.0
2026-06-12,2026-06-12 11:50:00,76.3,76.97,76.27,76.97,26198.0
2026-06-12,2026-06-12 11:55:00,76.925,77.07,76.6714,76.855,18183.0
2026-06-12,2026-06-12 12:00:00,76.85,77.045,76.68,76.83,19032.0
2026-06-12,2026-06-12 12:05:00,76.83,77.075,76.725,76.8,11064.0
2026-06-12,2026-06-12 12:10:00,76.8,77.03,76.62,77.01,13753.0
2026-06-12,2026-06-12 12:15:00,77.01,77.39,76.96,77.18,11698.0
2026-06-12,2026-06-12 12:20:00,77.18,77.255,77.04,77.06,7531.0
2026-06-12,2026-06-12 12:25:00,77.115,77.19,76.89,76.91,11081.0
2026-06-12,2026-06-12 12:30:00,76.92,77.18,76.775,76.83,12186.0
2026-06-12,2026-06-12 12:35:00,76.915,77.01,76.77,77.01,10784.0
2026-06-12,2026-06-12 12:40:00,77.04,77.06,76.73,76.76,11976.0
2026-06-12,2026-06-12 12:45:00,76.835,77.05,76.76,76.98,12321.0
2026-06-12,2026-06-12 12:50:00,77.0,77.09,76.71,76.85,12486.0
2026-06-12,2026-06-12 12:55:00,76.755,77.03,76.75,76.89,9484.0
2026-06-12,2026-06-12 13:00:00,76.89,77.14,76.89,77.065,17154.0
2026-06-12,2026-06-12 13:05:00,77.06,77.16,76.93,77.1,8169.0
2026-06-12,2026-06-12 13:10:00,77.18,77.3325,77.18,77.23,11592.0
2026-06-12,2026-06-12 13:15:00,77.215,77.25,77.0,77.18,10767.0
2026-06-12,2026-06-12 13:20:00,77.28,77.315,77.17,77.25,10209.0
2026-06-12,2026-06-12 13:25:00,77.19,77.39,77.19,77.26,12587.0
2026-06-12,2026-06-12 13:30:00,77.26,77.3,77.11,77.23,9261.0
2026-06-12,2026-06-12 13:35:00,77.23,77.38,77.185,77.25,9274.0
2026-06-12,2026-06-12 13:40:00,77.215,77.295,77.03,77.18,10367.0
2026-06-12,2026-06-12 13:45:00,77.18,77.39,77.15,77.325,18816.0
2026-06-12,2026-06-12 13:50:00,77.39,77.52,77.3,77.305,13973.0
2026-06-12,2026-06-12 13:55:00,77.3,77.3,77.14,77.14,11553.0
2026-06-12,2026-06-12 14:00:00,77.09,77.39,77.0,77.28,11983.0
2026-06-12,2026-06-12 14:05:00,77.28,77.44,77.23,77.44,10724.0
2026-06-12,2026-06-12 14:10:00,77.44,77.47,77.18,77.285,6100.0
2026-06-12,2026-06-12 14:15:00,77.205,77.48,77.165,77.365,11125.0
2026-06-12,2026-06-12 14:20:00,77.36,77.37,77.145,77.29,12643.0
2026-06-12,2026-06-12 14:25:00,77.34,77.34,77.11,77.27,7856.0
2026-06-12,2026-06-12 14:30:00,77.27,77.34,77.24,77.31,9834.0
2026-06-12,2026-06-12 14:35:00,77.31,77.47,77.31,77.4,12767.0
2026-06-12,2026-06-12 14:40:00,77.25,77.4,77.22,77.245,10345.0
2026-06-12,2026-06-12 14:45:00,77.3153,77.61,77.24,77.4,26386.0
2026-06-12,2026-06-12 14:50:00,77.23,77.702,77.23,77.61,9047.0
2026-06-12,2026-06-12 14:55:00,77.605,77.605,77.34,77.38,8083.0
2026-06-12,2026-06-12 15:00:00,77.43,77.52,77.27,77.42,17453.0
2026-06-12,2026-06-12 15:05:00,77.42,77.42,77.205,77.205,13426.0
2026-06-12,2026-06-12 15:10:00,77.2,77.42,77.12,77.41,15636.0
2026-06-12,2026-06-12 15:15:00,77.44,77.52,77.31,77.38,13618.0
2026-06-12,2026-06-12 15:20:00,77.39,77.455,77.215,77.45,13331.0
2026-06-12,2026-06-12 15:25:00,77.435,77.525,77.29,77.29,14326.0
2026-06-12,2026-06-12 15:30:00,77.27,77.57,77.27,77.51,24234.0
2026-06-12,2026-06-12 15:35:00,77.54,77.62,77.3025,77.39,30043.0
2026-06-12,2026-06-12 15:40:00,77.45,77.56,77.31,77.45,25422.0
2026-06-12,2026-06-12 15:45:00,77.45,77.56,77.385,77.49,27317.0
2026-06-12,2026-06-12 15:50:00,77.53,77.67,77.32,77.54,34168.0
2026-06-12,2026-06-12 15:55:00,77.57,77.62,77.315,77.44,37817.0
2026-06-12,2026-06-12 16:00:00,77.56,77.93,77.49,77.57,1210761.0
2026-06-15,2026-06-15 09:35:00,79.29,79.29,76.83,77.95,48597.0
2026-06-15,2026-06-15 09:40:00,77.56,80.25,77.555,79.87,42462.0
2026-06-15,2026-06-15 09:45:00,80.14,80.835,79.83,80.34,17156.0
2026-06-15,2026-06-15 09:50:00,80.02,80.4,79.605,80.14,15150.0
2026-06-15,2026-06-15 09:55:00,80.15,80.16,79.47,79.69,14534.0
2026-06-15,2026-06-15 10:00:00,79.78,80.39,79.32,80.36,17854.0
2026-06-15,2026-06-15 10:05:00,80.36,80.69,80.16,80.26,12758.0
2026-06-15,2026-06-15 10:10:00,80.12,80.6,79.83,80.48,15742.0
2026-06-15,2026-06-15 10:15:00,80.48,80.535,79.83,79.83,8713.0
2026-06-15,2026-06-15 10:20:00,79.86,79.915,79.36,79.81,16910.0
2026-06-15,2026-06-15 10:25:00,79.68,79.98,79.47,79.4853,20284.0
2026-06-15,2026-06-15 10:30:00,79.4,79.52,79.3,79.395,27801.0
2026-06-15,2026-06-15 10:35:00,79.3,79.36,79.07,79.32,24642.0
2026-06-15,2026-06-15 10:40:00,79.295,79.45,79.09,79.28,9551.0
2026-06-15,2026-06-15 10:45:00,79.32,79.49,79.0,79.0,16587.0
2026-06-15,2026-06-15 10:50:00,79.1,79.585,79.0,79.44,13742.0
2026-06-15,2026-06-15 10:55:00,79.52,79.66,79.4,79.455,11751.0
2026-06-15,2026-06-15 11:00:00,79.45,79.91,79.44,79.8675,12620.0
2026-06-15,2026-06-15 11:05:00,79.9,80.28,79.85,80.23,11380.0
2026-06-15,2026-06-15 11:10:00,80.21,80.29,80.1,80.14,5562.0
2026-06-15,2026-06-15 11:15:00,80.14,80.23,80.01,80.01,11451.0
2026-06-15,2026-06-15 11:20:00,80.05,80.38,80.0,80.07,26184.0
2026-06-15,2026-06-15 11:25:00,79.98,79.98,79.48,79.48,10856.0
2026-06-15,2026-06-15 11:30:00,79.52,79.84,79.51,79.8,11959.0
2026-06-15,2026-06-15 11:35:00,79.59,79.935,79.4,79.8,8147.0
2026-06-15,2026-06-15 11:40:00,79.89,80.125,79.8255,80.05,8105.0
2026-06-15,2026-06-15 11:45:00,80.05,80.36,80.03,80.31,8849.0
2026-06-15,2026-06-15 11:50:00,80.36,80.78,80.28,80.77,7222.0
2026-06-15,2026-06-15 11:55:00,80.715,80.755,80.61,80.71,6905.0
2026-06-15,2026-06-15 12:00:00,80.71,80.79,80.6027,80.735,9967.0
2026-06-15,2026-06-15 12:05:00,80.75,80.75,80.65,80.65,7897.0
2026-06-15,2026-06-15 12:10:00,80.6,80.745,80.3,80.3,7222.0
2026-06-15,2026-06-15 12:15:00,80.24,80.295,80.115,80.115,5341.0
2026-06-15,2026-06-15 12:20:00,80.115,80.38,80.115,80.32,13058.0
2026-06-15,2026-06-15 12:25:00,80.32,80.56,80.3125,80.56,9162.0
2026-06-15,2026-06-15 12:30:00,80.61,80.68,80.54,80.55,6299.0
2026-06-15,2026-06-15 12:35:00,80.63,80.63,80.0269,80.11,7111.0
2026-06-15,2026-06-15 12:40:00,80.04,80.05,79.715,79.715,12074.0
2026-06-15,2026-06-15 12:45:00,79.56,79.57,79.09,79.09,7155.0
2026-06-15,2026-06-15 12:50:00,79.16,79.25,79.05,79.21,6996.0
2026-06-15,2026-06-15 12:55:00,79.09,79.195,78.92,79.02,9669.0
2026-06-15,2026-06-15 13:00:00,79.01,79.01,78.4,78.4,9460.0
2026-06-15,2026-06-15 13:05:00,78.33,78.5,78.1,78.45,66431.0
2026-06-15,2026-06-15 13:10:00,78.47,78.54,78.34,78.34,4376.0
2026-06-15,2026-06-15 13:15:00,78.34,78.53,78.28,78.37,12290.0
2026-06-15,2026-06-15 13:20:00,78.37,78.4,78.12,78.12,7003.0
2026-06-15,2026-06-15 13:25:00,78.2,78.42,78.2,78.38,8607.0
2026-06-15,2026-06-15 13:30:00,78.38,78.385,78.26,78.27,4995.0
2026-06-15,2026-06-15 13:35:00,78.28,78.39,78.14,78.39,6658.0
2026-06-15,2026-06-15 13:40:00,78.39,78.39,78.2,78.3,5244.0
2026-06-15,2026-06-15 13:45:00,78.31,78.44,78.05,78.07,23063.0
2026-06-15,2026-06-15 13:50:00,78.07,78.07,77.85,77.85,10194.0
2026-06-15,2026-06-15 13:55:00,77.845,77.8651,77.7,77.7,6156.0
2026-06-15,2026-06-15 14:00:00,77.66,77.755,77.66,77.66,5251.0
2026-06-15,2026-06-15 14:05:00,77.56,77.63,77.445,77.53,30995.0
2026-06-15,2026-06-15 14:10:00,77.54,77.78,77.51,77.68,17526.0
2026-06-15,2026-06-15 14:15:00,77.68,77.6898,77.48,77.48,4582.0
2026-06-15,2026-06-15 14:20:00,77.51,77.6,77.51,77.58,4491.0
2026-06-15,2026-06-15 14:25:00,77.51,77.67,77.51,77.54,10329.0
2026-06-15,2026-06-15 14:30:00,77.515,77.6621,77.31,77.31,9696.0
2026-06-15,2026-06-15 14:35:00,77.3493,77.415,77.28,77.29,6295.0
2026-06-15,2026-06-15 14:40:00,77.25,77.42,77.21,77.355,12858.0
2026-06-15,2026-06-15 14:45:00,77.25,77.27,77.16,77.17,9349.0
2026-06-15,2026-06-15 14:50:00,77.17,77.32,77.13,77.13,11218.0
2026-06-15,2026-06-15 14:55:00,77.15,77.21,77.12,77.19,10473.0
2026-06-15,2026-06-15 15:00:00,77.19,77.19,76.97,76.97,9933.0
2026-06-15,2026-06-15 15:05:00,76.94,77.03,76.71,77.03,29353.0
2026-06-15,2026-06-15 15:10:00,77.03,77.16,76.84,76.97,19556.0
2026-06-15,2026-06-15 15:15:00,76.97,77.19,76.97,77.08,11715.0
2026-06-15,2026-06-15 15:20:00,77.05,77.305,77.02,77.12,17824.0
2026-06-15,2026-06-15 15:25:00,77.12,77.21,77.07,77.205,9930.0
2026-06-15,2026-06-15 15:30:00,77.2,77.3,77.09,77.26,11519.0
2026-06-15,2026-06-15 15:35:00,77.23,77.23,77.02,77.115,22998.0
2026-06-15,2026-06-15 15:40:00,77.05,77.31,77.05,77.27,11616.0
2026-06-15,2026-06-15 15:45:00,77.27,77.27,77.07,77.07,20914.0
2026-06-15,2026-06-15 15:50:00,77.105,77.39,77.07,77.28,34650.0
2026-06-15,2026-06-15 15:55:00,77.22,77.39,77.15,77.29,43572.0
2026-06-15,2026-06-15 16:00:00,77.3,77.34,77.0,77.26,325515.0
2026-06-16,2026-06-16 09:35:00,76.64,76.64,74.0,74.835,38430.0
2026-06-16,2026-06-16 09:40:00,75.0,75.85,74.81,75.4,20173.0
2026-06-16,2026-06-16 09:45:00,75.35,76.5,75.35,76.25,13808.0
2026-06-16,2026-06-16 09:50:00,76.53,77.99,76.5,77.63,19152.0
2026-06-16,2026-06-16 09:55:00,77.6,78.7,77.5381,78.33,16422.0
2026-06-16,2026-06-16 10:00:00,78.335,78.64,77.93,77.975,8345.0
2026-06-16,2026-06-16 10:05:00,77.71,77.71,76.73,76.73,18693.0
2026-06-16,2026-06-16 10:10:00,76.79,76.8982,76.14,76.4,12050.0
2026-06-16,2026-06-16 10:15:00,76.4,76.571,75.88,75.88,11383.0
2026-06-16,2026-06-16 10:20:00,75.985,75.989,75.5,75.5,5527.0
2026-06-16,2026-06-16 10:25:00,75.43,75.48,75.2,75.23,5899.0
2026-06-16,2026-06-16 10:30:00,75.223,75.52,75.21,75.43,12656.0
2026-06-16,2026-06-16 10:35:00,75.23,75.48,75.0901,75.12,4570.0
2026-06-16,2026-06-16 10:40:00,75.41,75.44,74.82,75.44,14711.0
2026-06-16,2026-06-16 10:45:00,75.47,75.615,75.3,75.615,5968.0
2026-06-16,2026-06-16 10:50:00,75.49,75.71,75.225,75.48,3556.0
2026-06-16,2026-06-16 10:55:00,75.48,75.54,75.25,75.3,5373.0
2026-06-16,2026-06-16 11:00:00,75.375,75.52,75.25,75.4,6955.0
2026-06-16,2026-06-16 11:05:00,75.4,75.51,75.25,75.38,19442.0
2026-06-16,2026-06-16 11:10:00,75.38,75.61,75.38,75.41,10410.0
2026-06-16,2026-06-16 11:15:00,75.41,75.49,75.2,75.45,8909.0
2026-06-16,2026-06-16 11:20:00,75.4101,75.56,75.22,75.51,13436.0
2026-06-16,2026-06-16 11:25:00,75.5,75.55,75.39,75.475,4989.0
2026-06-16,2026-06-16 11:30:00,75.4,75.52,75.185,75.185,6635.0
2026-06-16,2026-06-16 11:35:00,75.18,75.4,75.18,75.4,7130.0
2026-06-16,2026-06-16 11:40:00,75.43,75.5,75.305,75.48,6325.0
2026-06-16,2026-06-16 11:45:00,75.4468,75.45,75.27,75.37,4256.0
2026-06-16,2026-06-16 11:50:00,75.32,75.4,75.22,75.22,3553.0
2026-06-16,2026-06-16 11:55:00,75.2,75.3,75.165,75.26,3205.0
2026-06-16,2026-06-16 12:00:00,75.1815,75.235,74.98,75.025,12698.0
2026-06-16,2026-06-16 12:05:00,74.95,75.265,74.95,75.11,10590.0
2026-06-16,2026-06-16 12:10:00,74.92,75.14,74.88,74.98,7269.0
2026-06-16,2026-06-16 12:15:00,74.8401,75.04,74.8401,75.04,4588.0
2026-06-16,2026-06-16 12:20:00,74.84,74.99,74.8,74.95,6283.0
2026-06-16,2026-06-16 12:25:00,74.94,74.94,74.69,74.69,7195.0
2026-06-16,2026-06-16 12:30:00,74.72,74.85,74.72,74.85,4647.0
2026-06-16,2026-06-16 12:35:00,74.85,74.92,74.74,74.755,7796.0
2026-06-16,2026-06-16 12:40:00,74.77,75.12,74.77,74.98,5506.0
2026-06-16,2026-06-16 12:45:00,75.0,75.02,74.92,74.995,2661.0
2026-06-16,2026-06-16 12:50:00,75.06,75.11,75.03,75.1,4442.0
2026-06-16,2026-06-16 12:55:00,75.07,75.1,74.96,75.07,6000.0
2026-06-16,2026-06-16 13:00:00,75.03,75.11,74.87,74.87,4108.0
2026-06-16,2026-06-16 13:05:00,74.83,74.92,74.83,74.915,1850.0
2026-06-16,2026-06-16 13:10:00,74.95,75.285,74.93,75.0551,10581.0
2026-06-16,2026-06-16 13:15:00,75.06,75.14,75.01,75.02,4560.0
2026-06-16,2026-06-16 13:20:00,75.03,75.09,74.86,74.89,13046.0
2026-06-16,2026-06-16 13:25:00,74.935,75.06,74.91,74.96,8730.0
2026-06-16,2026-06-16 13:30:00,75.03,75.04,74.845,74.845,3477.0
2026-06-16,2026-06-16 13:35:00,74.84,74.93,74.79,74.79,3375.0
2026-06-16,2026-06-16 13:40:00,74.83,74.9,74.76,74.8,7068.0
2026-06-16,2026-06-16 13:45:00,74.7,74.735,74.63,74.63,5236.0
2026-06-16,2026-06-16 13:50:00,74.73,74.735,74.485,74.495,7119.0
2026-06-16,2026-06-16 13:55:00,74.57,74.68,74.44,74.68,6016.0
2026-06-16,2026-06-16 14:00:00,74.6176,74.6176,74.485,74.53,4708.0
2026-06-16,2026-06-16 14:05:00,74.59,74.76,74.53,74.73,14504.0
2026-06-16,2026-06-16 14:10:00,74.745,74.82,74.655,74.78,6751.0
2026-06-16,2026-06-16 14:15:00,74.78,74.94,74.67,74.91,9232.0
2026-06-16,2026-06-16 14:20:00,74.91,74.9573,74.795,74.795,4580.0
2026-06-16,2026-06-16 14:25:00,74.74,74.8475,74.74,74.78,2045.0
2026-06-16,2026-06-16 14:30:00,74.77,74.85,74.74,74.85,3135.0
2026-06-16,2026-06-16 14:35:00,74.85,74.99,74.85,74.92,5716.0
2026-06-16,2026-06-16 14:40:00,74.955,75.05,74.85,75.05,13902.0
2026-06-16,2026-06-16 14:45:00,74.9,75.2,74.9,75.15,10302.0
2026-06-16,2026-06-16 14:50:00,75.09,75.33,75.09,75.2,13731.0
2026-06-16,2026-06-16 14:55:00,75.14,75.345,75.085,75.26,9612.0
2026-06-16,2026-06-16 15:00:00,75.315,75.54,75.315,75.51,10031.0
2026-06-16,2026-06-16 15:05:00,75.4136,75.61,75.31,75.35,9460.0
2026-06-16,2026-06-16 15:10:00,75.35,75.685,75.35,75.68,8561.0
2026-06-16,2026-06-16 15:15:00,75.68,75.75,75.54,75.66,6931.0
2026-06-16,2026-06-16 15:20:00,75.59,75.75,75.57,75.69,11371.0
2026-06-16,2026-06-16 15:25:00,75.68,75.86,75.66,75.74,8928.0
2026-06-16,2026-06-16 15:30:00,75.75,75.83,75.72,75.77,7915.0
2026-06-16,2026-06-16 15:35:00,75.82,76.03,75.795,75.97,11311.0
2026-06-16,2026-06-16 15:40:00,76.0,76.05,75.9,75.97,11177.0
2026-06-16,2026-06-16 15:45:00,76.01,76.18,76.01,76.12,14049.0
2026-06-16,2026-06-16 15:50:00,76.19,76.3955,76.19,76.37,18152.0
2026-06-16,2026-06-16 15:55:00,76.35,76.4125,76.265,76.34,34186.0
2026-06-16,2026-06-16 16:00:00,76.28,76.29,75.44,75.56,371787.0
2026-06-17,2026-06-17 09:35:00,75.0,75.0,73.57,73.74,32720.0
2026-06-17,2026-06-17 09:40:00,73.74,74.08,72.79,73.8,24616.0
2026-06-17,2026-06-17 09:45:00,73.77,75.4,73.61,75.4,18686.0
2026-06-17,2026-06-17 09:50:00,75.5,76.23,75.5,75.945,12283.0
2026-06-17,2026-06-17 09:55:00,76.08,76.7,76.08,76.34,10047.0
2026-06-17,2026-06-17 10:00:00,76.22,77.08,76.22,76.46,13285.0
2026-06-17,2026-06-17 10:05:00,76.28,76.36,75.49,75.775,19248.0
2026-06-17,2026-06-17 10:10:00,75.77,76.12,75.585,76.12,11995.0
2026-06-17,2026-06-17 10:15:00,75.86,76.08,74.85,75.29,16652.0
2026-06-17,2026-06-17 10:20:00,75.26,75.5,74.67,74.845,29850.0
2026-06-17,2026-06-17 10:25:00,75.02,75.37,74.985,75.03,36825.0
2026-06-17,2026-06-17 10:30:00,75.01,75.6,75.01,75.25,11424.0
2026-06-17,2026-06-17 10:35:00,75.33,75.74,75.33,75.64,6210.0
2026-06-17,2026-06-17 10:40:00,75.635,75.635,75.07,75.2,7122.0
2026-06-17,2026-06-17 10:45:00,75.19,75.25,74.86,74.99,6810.0
2026-06-17,2026-06-17 10:50:00,74.79,75.15,74.79,74.925,8594.0
2026-06-17,2026-06-17 10:55:00,74.75,74.92,74.67,74.745,8036.0
2026-06-17,2026-06-17 11:00:00,74.59,74.73,74.33,74.615,6027.0
2026-06-17,2026-06-17 11:05:00,74.74,75.0,74.72,75.0,5414.0
2026-06-17,2026-06-17 11:10:00,74.92,74.92,74.88,74.9,2279.0
2026-06-17,2026-06-17 11:15:00,74.9,75.0,74.7001,74.79,9618.0
2026-06-17,2026-06-17 11:20:00,74.75,74.92,74.7,74.75,6817.0
2026-06-17,2026-06-17 11:25:00,74.89,75.125,74.82,75.125,15501.0
2026-06-17,2026-06-17 11:30:00,75.17,75.23,75.07,75.22,5248.0
2026-06-17,2026-06-17 11:35:00,75.12,75.74,75.05,75.562,23527.0
2026-06-17,2026-06-17 11:40:00,75.74,75.81,75.42,75.535,6167.0
2026-06-17,2026-06-17 11:45:00,75.535,75.561,75.51,75.53,5813.0
2026-06-17,2026-06-17 11:50:00,75.525,75.745,75.525,75.695,3254.0
2026-06-17,2026-06-17 11:55:00,75.8399,75.8399,75.41,75.515,6256.0
2026-06-17,2026-06-17 12:00:00,75.51,75.62,75.375,75.375,7337.0
2026-06-17,2026-06-17 12:05:00,75.375,75.61,75.375,75.565,3059.0
2026-06-17,2026-06-17 12:10:00,75.66,75.68,75.21,75.21,6427.0
2026-06-17,2026-06-17 12:15:00,75.2544,75.47,75.2544,75.47,2749.0
2026-06-17,2026-06-17 12:20:00,75.49,75.63,75.43,75.46,4558.0
2026-06-17,2026-06-17 12:25:00,75.475,75.55,75.36,75.51,3512.0
2026-06-17,2026-06-17 12:30:00,75.49,75.57,75.48,75.48,2614.0
2026-06-17,2026-06-17 12:35:00,75.48,75.48,75.2,75.27,4387.0
2026-06-17,2026-06-17 12:40:00,75.24,75.34,75.24,75.2551,1669.0
2026-06-17,2026-06-17 12:45:00,75.26,75.4,75.11,75.11,6515.0
2026-06-17,2026-06-17 12:50:00,75.155,75.21,74.94,75.0025,5737.0
2026-06-17,2026-06-17 12:55:00,74.965,74.99,74.965,74.985,1700.0
2026-06-17,2026-06-17 13:00:00,74.985,75.14,74.98,75.02,8632.0
2026-06-17,2026-06-17 13:05:00,75.04,75.14,75.04,75.05,2185.0
2026-06-17,2026-06-17 13:10:00,75.05,75.05,74.925,75.0,3425.0
2026-06-17,2026-06-17 13:15:00,75.0,75.27,75.0,75.175,5271.0
2026-06-17,2026-06-17 13:20:00,75.11,75.265,75.11,75.17,4510.0
2026-06-17,2026-06-17 13:25:00,75.04,75.17,74.98,75.15,4576.0
2026-06-17,2026-06-17 13:30:00,75.14,75.28,75.085,75.23,5864.0
2026-06-17,2026-06-17 13:35:00,75.18,75.31,75.17,75.31,1460.0
2026-06-17,2026-06-17 13:40:00,75.26,75.26,75.09,75.21,4357.0
2026-06-17,2026-06-17 13:45:00,75.1875,75.205,75.11,75.1875,2445.0
2026-06-17,2026-06-17 13:50:00,75.195,75.225,75.195,75.22,3050.0
2026-06-17,2026-06-17 13:55:00,75.22,75.28,75.12,75.28,4086.0
2026-06-17,2026-06-17 14:00:00,75.265,75.32,75.175,75.175,3481.0
2026-06-17,2026-06-17 14:05:00,75.17,75.17,74.24,74.33,19735.0
2026-06-17,2026-06-17 14:10:00,74.325,74.42,74.1,74.39,12255.0
2026-06-17,2026-06-17 14:15:00,74.48,74.675,74.26,74.635,12791.0
2026-06-17,2026-06-17 14:20:00,74.63,74.86,74.63,74.82,4957.0
2026-06-17,2026-06-17 14:25:00,74.745,74.745,74.485,74.64,8989.0
2026-06-17,2026-06-17 14:30:00,74.5,74.62,74.43,74.585,4120.0
2026-06-17,2026-06-17 14:35:00,74.6075,75.0,74.6075,74.625,13395.0
2026-06-17,2026-06-17 14:40:00,74.66,74.95,74.5,74.94,12873.0
2026-06-17,2026-06-17 14:45:00,74.855,74.86,74.62,74.85,12210.0
2026-06-17,2026-06-17 14:50:00,74.855,74.855,74.625,74.705,11971.0
2026-06-17,2026-06-17 14:55:00,74.705,74.83,74.615,74.62,11761.0
2026-06-17,2026-06-17 15:00:00,74.75,74.76,74.18,74.2,13337.0
2026-06-17,2026-06-17 15:05:00,74.25,74.44,74.12,74.31,49935.0
2026-06-17,2026-06-17 15:10:00,74.3,74.32,73.9,73.93,12810.0
2026-06-17,2026-06-17 15:15:00,73.93,74.23,73.74,74.23,8670.0
2026-06-17,2026-06-17 15:20:00,73.98,74.045,73.74,73.89,9794.0
2026-06-17,2026-06-17 15:25:00,73.74,73.74,73.4301,73.4301,8759.0
2026-06-17,2026-06-17 15:30:00,73.6,73.64,73.42,73.45,8200.0
2026-06-17,2026-06-17 15:35:00,73.55,73.55,73.0,73.165,44269.0
2026-06-17,2026-06-17 15:40:00,73.165,73.345,72.99,73.08,21901.0
2026-06-17,2026-06-17 15:45:00,73.08,73.28,73.01,73.05,16204.0
2026-06-17,2026-06-17 15:50:00,73.045,73.42,72.9,73.32,20799.0
2026-06-17,2026-06-17 15:55:00,73.32,73.4,72.85,72.86,60831.0
2026-06-17,2026-06-17 16:00:00,72.91,73.69,72.91,73.38,244859.0
2026-06-18,2026-06-18 09:35:00,72.4,72.4525,70.71,70.71,35585.0
2026-06-18,2026-06-18 09:40:00,70.975,71.27,70.3,70.61,37197.0
2026-06-18,2026-06-18 09:45:00,70.695,71.2499,70.37,70.93,15936.0
2026-06-18,2026-06-18 09:50:00,70.93,72.225,70.93,71.44,54658.0
2026-06-18,2026-06-18 09:55:00,71.495,71.99,71.4464,71.5001,28781.0
2026-06-18,2026-06-18 10:00:00,71.51,71.54,71.095,71.12,8574.0
2026-06-18,2026-06-18 10:05:00,71.38,71.51,71.1,71.37,15033.0
2026-06-18,2026-06-18 10:10:00,71.31,71.58,70.995,71.4,17251.0
2026-06-18,2026-06-18 10:15:00,71.44,71.76,71.38,71.5375,19673.0
2026-06-18,2026-06-18 10:20:00,71.61,71.95,71.585,71.81,32714.0
2026-06-18,2026-06-18 10:25:00,71.8281,72.39,71.8281,72.085,15942.0
2026-06-18,2026-06-18 10:30:00,72.135,72.29,71.775,71.995,13436.0
2026-06-18,2026-06-18 10:35:00,71.995,72.67,71.97,72.495,19729.0
2026-06-18,2026-06-18 10:40:00,72.535,73.17,72.495,73.02,30780.0
2026-06-18,2026-06-18 10:45:00,73.03,73.17,72.45,72.62,13245.0
2026-06-18,2026-06-18 10:50:00,72.535,73.08,72.535,72.8,8296.0
2026-06-18,2026-06-18 10:55:00,72.805,73.0199,72.34,72.34,14408.0
2026-06-18,2026-06-18 11:00:00,72.29,72.33,71.92,71.99,53700.0
2026-06-18,2026-06-18 11:05:00,72.0,72.08,71.8,71.8,14511.0
2026-06-18,2026-06-18 11:10:00,71.71,71.81,71.445,71.445,10051.0
2026-06-18,2026-06-18 11:15:00,71.41,71.56,71.31,71.435,12146.0
2026-06-18,2026-06-18 11:20:00,71.375,71.56,71.365,71.51,7762.0
2026-06-18,2026-06-18 11:25:00,71.45,71.47,71.25,71.265,3849.0
2026-06-18,2026-06-18 11:30:00,71.25,71.31,71.07,71.07,17154.0
2026-06-18,2026-06-18 11:35:00,71.07,71.43,71.01,71.355,11634.0
2026-06-18,2026-06-18 11:40:00,71.39,71.39,71.12,71.13,6420.0
2026-06-18,2026-06-18 11:45:00,71.12,71.16,70.89,71.03,13260.0
2026-06-18,2026-06-18 11:50:00,70.97,71.21,70.97,71.17,7736.0
2026-06-18,2026-06-18 11:55:00,71.22,71.41,71.22,71.375,5776.0
2026-06-18,2026-06-18 12:00:00,71.425,71.73,71.4,71.59,7493.0
2026-06-18,2026-06-18 12:05:00,71.56,71.7699,71.48,71.62,14676.0
2026-06-18,2026-06-18 12:10:00,71.56,71.88,71.56,71.835,18211.0
2026-06-18,2026-06-18 12:15:00,71.835,71.85,71.58,71.59,29110.0
2026-06-18,2026-06-18 12:20:00,71.56,71.68,71.465,71.465,9519.0
2026-06-18,2026-06-18 12:25:00,71.47,71.61,71.37,71.495,5597.0
2026-06-18,2026-06-18 12:30:00,71.36,71.59,71.36,71.57,6332.0
2026-06-18,2026-06-18 12:35:00,71.49,71.4901,71.34,71.38,5640.0
2026-06-18,2026-06-18 12:40:00,71.4,71.62,71.36,71.61,7242.0
2026-06-18,2026-06-18 12:45:00,71.55,71.86,71.36,71.5,13462.0
2026-06-18,2026-06-18 12:50:00,71.405,71.48,71.27,71.32,5176.0
2026-06-18,2026-06-18 12:55:00,71.42,71.48,71.28,71.44,6337.0
2026-06-18,2026-06-18 13:00:00,71.37,71.62,71.37,71.5475,5121.0
2026-06-18,2026-06-18 13:05:00,71.545,72.08,71.545,71.985,16790.0
2026-06-18,2026-06-18 13:10:00,71.99,72.47,71.86,72.3075,73193.0
2026-06-18,2026-06-18 13:15:00,72.22,72.27,71.97,72.06,7063.0
2026-06-18,2026-06-18 13:20:00,71.97,72.13,71.69,71.88,6252.0
2026-06-18,2026-06-18 13:25:00,71.72,71.95,71.69,71.865,3607.0
2026-06-18,2026-06-18 13:30:00,71.69,71.83,71.62,71.73,4260.0
2026-06-18,2026-06-18 13:35:00,71.7553,72.0,71.7553,71.95,5557.0
2026-06-18,2026-06-18 13:40:00,71.85,71.93,71.67,71.925,5294.0
2026-06-18,2026-06-18 13:45:00,71.86,72.21,71.86,72.2,3220.0
2026-06-18,2026-06-18 13:50:00,71.99,72.21,71.99,72.02,2922.0
2026-06-18,2026-06-18 13:55:00,72.02,72.09,71.91,72.08,5261.0
2026-06-18,2026-06-18 14:00:00,71.91,72.2,71.91,72.19,5894.0
2026-06-18,2026-06-18 14:05:00,72.2,72.38,71.97,72.38,8881.0
2026-06-18,2026-06-18 14:10:00,72.305,72.54,72.16,72.54,16094.0
2026-06-18,2026-06-18 14:15:00,72.48,72.76,72.46,72.76,5456.0
2026-06-18,2026-06-18 14:20:00,72.46,72.7,72.46,72.52,4116.0
2026-06-18,2026-06-18 14:25:00,72.43,72.57,72.415,72.53,7023.0
2026-06-18,2026-06-18 14:30:00,72.535,72.59,72.37,72.49,4730.0
2026-06-18,2026-06-18 14:35:00,72.505,72.68,72.37,72.485,10177.0
2026-06-18,2026-06-18 14:40:00,72.37,72.45,72.24,72.45,5795.0
2026-06-18,2026-06-18 14:45:00,72.25,72.55,72.25,72.52,5774.0
2026-06-18,2026-06-18 14:50:00,72.34,72.56,72.34,72.475,8986.0
2026-06-18,2026-06-18 14:55:00,72.4,72.61,72.4,72.61,14441.0
2026-06-18,2026-06-18 15:00:00,72.62,72.63,72.53,72.59,7229.0
2026-06-18,2026-06-18 15:05:00,72.55,72.55,72.17,72.23,14827.0
2026-06-18,2026-06-18 15:10:00,72.01,72.47,72.01,72.42,7148.0
2026-06-18,2026-06-18 15:15:00,72.33,72.39,72.31,72.33,5737.0
2026-06-18,2026-06-18 15:20:00,72.26,72.44,72.11,72.28,5629.0
2026-06-18,2026-06-18 15:25:00,72.01,72.31,72.01,72.2,6301.0
2026-06-18,2026-06-18 15:30:00,72.18,72.21,71.97,71.97,10099.0
2026-06-18,2026-06-18 15:35:00,71.97,72.04,71.72,71.81,12312.0
2026-06-18,2026-06-18 15:40:00,71.8,71.91,71.75,71.82,9142.0
2026-06-18,2026-06-18 15:45:00,71.75,71.85,71.54,71.74,23506.0
2026-06-18,2026-06-18 15:50:00,71.62,71.685,71.53,71.655,22845.0
2026-06-18,2026-06-18 15:55:00,71.69,72.21,71.69,71.79,42739.0
2026-06-18,2026-06-18 16:00:00,71.66,72.025,71.39,71.53,342717.0
2026-06-22,2026-06-22 09:35:00,70.65,70.85,69.42,69.67,50130.0
2026-06-22,2026-06-22 09:40:00,69.8188,71.159,69.8188,70.52,11406.0
2026-06-22,2026-06-22 09:45:00,70.79,71.72,70.68,71.42,23563.0
2026-06-22,2026-06-22 09:50:00,71.42,71.57,70.64,70.745,11213.0
2026-06-22,2026-06-22 09:55:00,70.75,70.89,70.23,70.705,14166.0
2026-06-22,2026-06-22 10:00:00,70.42,71.225,70.21,71.19,6503.0
2026-06-22,2026-06-22 10:05:00,71.29,72.25,70.77,70.77,17273.0
2026-06-22,2026-06-22 10:10:00,70.78,71.16,70.75,70.9,14140.0
2026-06-22,2026-06-22 10:15:00,70.97,71.12,70.77,70.88,9660.0
2026-06-22,2026-06-22 10:20:00,70.5,70.565,70.04,70.04,3883.0
2026-06-22,2026-06-22 10:25:00,70.13,70.5,70.0301,70.375,4394.0
2026-06-22,2026-06-22 10:30:00,70.325,70.325,69.76,69.76,11571.0
2026-06-22,2026-06-22 10:35:00,69.705,70.07,69.705,69.84,6158.0
2026-06-22,2026-06-22 10:40:00,69.955,69.98,69.8,69.96,4188.0
2026-06-22,2026-06-22 10:45:00,69.97,70.21,69.95,70.18,6726.0
2026-06-22,2026-06-22 10:50:00,70.06,70.19,69.8,69.8,9776.0
2026-06-22,2026-06-22 10:55:00,69.86,69.86,69.45,69.45,5733.0
2026-06-22,2026-06-22 11:00:00,69.34,69.62,69.3,69.44,7050.0
2026-06-22,2026-06-22 11:05:00,69.45,69.45,69.03,69.305,21781.0
2026-06-22,2026-06-22 11:10:00,69.24,69.28,68.78,68.94,9746.0
2026-06-22,2026-06-22 11:15:00,68.78,69.04,68.73,68.875,7908.0
2026-06-22,2026-06-22 11:20:00,68.745,68.86,68.37,68.8025,25019.0
2026-06-22,2026-06-22 11:25:00,68.825,69.03,68.82,69.03,18056.0
2026-06-22,2026-06-22 11:30:00,68.93,69.26,68.93,69.225,11559.0
2026-06-22,2026-06-22 11:35:00,69.22,69.41,69.05,69.24,12967.0
2026-06-22,2026-06-22 11:40:00,69.2,69.4099,69.07,69.19,9194.0
2026-06-22,2026-06-22 11:45:00,69.215,69.26,68.91,68.91,5243.0
2026-06-22,2026-06-22 11:50:00,68.96,69.13,68.73,69.03,24076.0
2026-06-22,2026-06-22 11:55:00,69.03,69.85,69.01,69.74,57077.0
2026-06-22,2026-06-22 12:00:00,69.7,69.915,69.6,69.74,25896.0
2026-06-22,2026-06-22 12:05:00,69.69,69.77,69.32,69.36,15473.0
2026-06-22,2026-06-22 12:10:00,69.31,69.34,69.244,69.244,4396.0
2026-06-22,2026-06-22 12:15:00,69.305,69.44,69.01,69.1,6726.0
2026-06-22,2026-06-22 12:20:00,69.1,69.175,68.86,68.86,5506.0
2026-06-22,2026-06-22 12:25:00,68.85,68.85,68.6,68.62,4065.0
2026-06-22,2026-06-22 12:30:00,68.6,68.695,68.32,68.34,7571.0
2026-06-22,2026-06-22 12:35:00,68.515,68.65,68.36,68.62,4972.0
2026-06-22,2026-06-22 12:40:00,68.65,68.7,68.41,68.66,4966.0
2026-06-22,2026-06-22 12:45:00,68.7,68.86,68.64,68.72,6222.0
2026-06-22,2026-06-22 12:50:00,68.81,69.0,68.81,69.0,3934.0
2026-06-22,2026-06-22 12:55:00,68.86,69.0,68.7001,68.87,13707.0
2026-06-22,2026-06-22 13:00:00,68.75,68.94,68.7,68.94,5272.0
2026-06-22,2026-06-22 13:05:00,68.825,68.825,68.69,68.795,4640.0
2026-06-22,2026-06-22 13:10:00,68.63,68.9,68.63,68.84,22082.0
2026-06-22,2026-06-22 13:15:00,68.71,68.86,68.7,68.73,5214.0
2026-06-22,2026-06-22 13:20:00,68.88,68.89,68.7,68.75,4814.0
2026-06-22,2026-06-22 13:25:00,68.74,69.005,68.74,68.9,6512.0
2026-06-22,2026-06-22 13:30:00,68.9,69.1999,68.74,69.19,14722.0
2026-06-22,2026-06-22 13:35:00,69.125,69.24,69.125,69.195,5557.0
2026-06-22,2026-06-22 13:40:00,69.2,69.22,69.09,69.155,7834.0
2026-06-22,2026-06-22 13:45:00,69.24,69.24,69.07,69.205,8677.0
2026-06-22,2026-06-22 13:50:00,69.19,69.38,69.19,69.33,10653.0
2026-06-22,2026-06-22 13:55:00,69.38,69.5495,69.3686,69.5,19935.0
2026-06-22,2026-06-22 14:00:00,69.42,69.61,69.42,69.59,5772.0
2026-06-22,2026-06-22 14:05:00,69.64,69.69,69.46,69.56,4903.0
2026-06-22,2026-06-22 14:10:00,69.56,69.74,69.47,69.74,6452.0
2026-06-22,2026-06-22 14:15:00,69.75,69.8,69.57,69.57,8536.0
2026-06-22,2026-06-22 14:20:00,69.63,69.74,69.53,69.725,7889.0
2026-06-22,2026-06-22 14:25:00,69.74,70.04,69.74,69.99,7605.0
2026-06-22,2026-06-22 14:30:00,69.99,69.99,69.68,69.87,8015.0
2026-06-22,2026-06-22 14:35:00,69.88,70.14,69.805,70.09,12161.0
2026-06-22,2026-06-22 14:40:00,70.09,70.13,69.91,70.04,5469.0
2026-06-22,2026-06-22 14:45:00,70.035,70.2,70.02,70.17,7881.0
2026-06-22,2026-06-22 14:50:00,70.11,70.16,69.84,69.84,6971.0
2026-06-22,2026-06-22 14:55:00,69.875,69.98,69.64,69.64,3528.0
2026-06-22,2026-06-22 15:00:00,69.75,69.86,69.65,69.735,6435.0
2026-06-22,2026-06-22 15:05:00,69.64,69.83,69.55,69.83,10296.0
2026-06-22,2026-06-22 15:10:00,69.775,69.78,69.7,69.76,6923.0
2026-06-22,2026-06-22 15:15:00,69.71,69.83,69.61,69.8125,10379.0
2026-06-22,2026-06-22 15:20:00,69.86,69.89,69.7501,69.89,5348.0
2026-06-22,2026-06-22 15:25:00,69.88,70.0,69.88,69.985,11526.0
2026-06-22,2026-06-22 15:30:00,70.01,70.09,69.92,70.04,8083.0
2026-06-22,2026-06-22 15:35:00,69.9,70.14,69.9,70.005,12033.0
2026-06-22,2026-06-22 15:40:00,70.05,70.07,69.965,70.03,9864.0
2026-06-22,2026-06-22 15:45:00,70.02,70.406,70.02,70.385,16396.0
2026-06-22,2026-06-22 15:50:00,70.41,70.785,70.35,70.785,14387.0
2026-06-22,2026-06-22 15:55:00,70.78,70.9,70.6,70.64,36023.0
2026-06-22,2026-06-22 16:00:00,70.56,70.645,70.23,70.36,257757.0
2026-06-23,2026-06-23 09:35:00,71.42,71.87,70.5,70.5,29616.0
2026-06-23,2026-06-23 09:40:00,70.95,71.68,70.345,70.35,15857.0
2026-06-23,2026-06-23 09:45:00,70.43,71.16,70.34,71.125,9164.0
2026-06-23,2026-06-23 09:50:00,71.05,71.12,70.0,70.48,25271.0
2026-06-23,2026-06-23 09:55:00,70.49,71.0,70.345,70.88,9395.0
2026-06-23,2026-06-23 10:00:00,70.97,71.3,70.69,71.035,4350.0
2026-06-23,2026-06-23 10:05:00,71.04,71.04,70.525,70.76,5513.0
2026-06-23,2026-06-23 10:10:00,70.76,71.06,70.37,70.37,5806.0
2026-06-23,2026-06-23 10:15:00,70.545,70.545,69.91,70.045,7500.0
2026-06-23,2026-06-23 10:20:00,69.89,70.045,69.408,69.408,8355.0
2026-06-23,2026-06-23 10:25:00,69.6,70.03,69.37,70.03,12145.0
2026-06-23,2026-06-23 10:30:00,70.06,70.06,69.75,69.75,3710.0
2026-06-23,2026-06-23 10:35:00,69.75,70.31,69.66,70.19,5421.0
2026-06-23,2026-06-23 10:40:00,70.19,70.24,70.0,70.2101,4457.0
2026-06-23,2026-06-23 10:45:00,70.21,70.43,70.015,70.355,20195.0
2026-06-23,2026-06-23 10:50:00,70.35,70.53,70.085,70.25,7293.0
2026-06-23,2026-06-23 10:55:00,70.25,70.31,70.065,70.31,3283.0
2026-06-23,2026-06-23 11:00:00,70.14,70.26,69.98,70.245,5757.0
2026-06-23,2026-06-23 11:05:00,70.29,70.58,70.28,70.3,5346.0
2026-06-23,2026-06-23 11:10:00,70.16,70.3,70.08,70.18,6561.0
2026-06-23,2026-06-23 11:15:00,70.18,70.7,70.1101,70.47,7690.0
2026-06-23,2026-06-23 11:20:00,70.43,70.565,70.195,70.215,16643.0
2026-06-23,2026-06-23 11:25:00,70.19,70.42,70.13,70.1907,8940.0
2026-06-23,2026-06-23 11:30:00,70.2,70.395,70.18,70.2643,9376.0
2026-06-23,2026-06-23 11:35:00,70.41,70.52,70.29,70.38,7482.0
2026-06-23,2026-06-23 11:40:00,70.25,70.28,70.06,70.06,2440.0
2026-06-23,2026-06-23 11:45:00,70.03,70.35,70.02,70.35,2570.0
2026-06-23,2026-06-23 11:50:00,70.2,70.245,70.12,70.13,2078.0
2026-06-23,2026-06-23 11:55:00,70.1,70.53,70.1,70.53,4958.0
2026-06-23,2026-06-23 12:00:00,70.57,70.69,70.46,70.59,6040.0
2026-06-23,2026-06-23 12:05:00,70.61,70.75,70.39,70.54,12478.0
2026-06-23,2026-06-23 12:10:00,70.5852,70.6559,70.56,70.625,3849.0
2026-06-23,2026-06-23 12:15:00,70.73,70.75,70.24,70.3865,10696.0
2026-06-23,2026-06-23 12:20:00,70.43,70.53,70.405,70.49,2657.0
2026-06-23,2026-06-23 12:25:00,70.47,70.63,70.41,70.41,4251.0
2026-06-23,2026-06-23 12:30:00,70.4,70.555,70.4,70.555,2551.0
2026-06-23,2026-06-23 12:35:00,70.585,70.89,70.585,70.89,4011.0
2026-06-23,2026-06-23 12:40:00,70.91,71.0,70.8001,70.9,5223.0
2026-06-23,2026-06-23 12:45:00,70.975,71.02,70.79,70.84,8171.0
2026-06-23,2026-06-23 12:50:00,70.89,70.99,70.89,70.99,2054.0
2026-06-23,2026-06-23 12:55:00,70.83,70.84,70.79,70.84,2605.0
2026-06-23,2026-06-23 13:00:00,70.83,70.98,70.83,70.89,3520.0
2026-06-23,2026-06-23 13:05:00,71.02,71.03,70.85,70.86,6703.0
2026-06-23,2026-06-23 13:10:00,70.87,70.87,70.71,70.71,4097.0
2026-06-23,2026-06-23 13:15:00,70.6074,70.77,70.54,70.54,4908.0
2026-06-23,2026-06-23 13:20:00,70.7,71.04,70.7,71.04,6940.0
2026-06-23,2026-06-23 13:25:00,70.87,70.87,70.87,70.87,1317.0
2026-06-23,2026-06-23 13:30:00,70.89,70.89,70.8022,70.8022,1887.0
2026-06-23,2026-06-23 13:35:00,70.91,70.91,70.87,70.91,2581.0
2026-06-23,2026-06-23 13:40:00,70.85,71.01,70.85,70.935,2954.0
2026-06-23,2026-06-23 13:45:00,70.86,70.88,70.69,70.79,5635.0
2026-06-23,2026-06-23 13:50:00,70.715,70.76,70.6,70.6,2385.0
2026-06-23,2026-06-23 13:55:00,70.54,70.565,70.26,70.31,4548.0
2026-06-23,2026-06-23 14:00:00,70.45,70.45,70.255,70.355,7182.0
2026-06-23,2026-06-23 14:05:00,70.355,70.53,70.29,70.29,1883.0
2026-06-23,2026-06-23 14:10:00,70.415,70.44,70.37,70.3975,2362.0
2026-06-23,2026-06-23 14:15:00,70.4251,70.52,70.37,70.52,2392.0
2026-06-23,2026-06-23 14:20:00,70.425,70.61,70.32,70.49,8180.0
2026-06-23,2026-06-23 14:25:00,70.52,70.54,70.3401,70.46,5822.0
2026-06-23,2026-06-23 14:30:00,70.475,70.5575,70.475,70.5575,2576.0
2026-06-23,2026-06-23 14:35:00,70.31,70.33,70.26,70.26,3237.0
2026-06-23,2026-06-23 14:40:00,70.26,70.265,70.0,70.16,6087.0
2026-06-23,2026-06-23 14:45:00,70.0,70.1499,69.99,69.99,3663.0
2026-06-23,2026-06-23 14:50:00,69.865,69.96,69.77,69.77,4715.0
2026-06-23,2026-06-23 14:55:00,69.875,70.085,69.7718,70.085,12313.0
2026-06-23,2026-06-23 15:00:00,70.05,70.235,70.05,70.21,7848.0
2026-06-23,2026-06-23 15:05:00,70.26,70.39,70.205,70.385,4575.0
2026-06-23,2026-06-23 15:10:00,70.425,70.5,70.32,70.42,6988.0
2026-06-23,2026-06-23 15:15:00,70.36,70.36,70.36,70.36,3212.0
2026-06-23,2026-06-23 15:20:00,70.3,70.32,70.09,70.3,5705.0
2026-06-23,2026-06-23 15:25:00,70.33,70.36,70.22,70.26,8355.0
2026-06-23,2026-06-23 15:30:00,70.14,70.22,70.12,70.18,4650.0
2026-06-23,2026-06-23 15:35:00,70.12,70.16,69.99,70.12,14082.0
2026-06-23,2026-06-23 15:40:00,70.1,70.19,70.09,70.09,8595.0
2026-06-23,2026-06-23 15:45:00,70.07,70.17,70.0,70.17,12593.0
2026-06-23,2026-06-23 15:50:00,70.15,70.22,70.15,70.19,7991.0
2026-06-23,2026-06-23 15:55:00,70.24,70.38,70.15,70.27,33249.0
2026-06-23,2026-06-23 16:00:00,70.22,70.22,69.88,70.01,165833.0
2026-06-24,2026-06-24 09:35:00,69.75,70.245,69.105,70.245,10108.0
2026-06-24,2026-06-24 09:40:00,70.99,72.09,70.99,71.5,10641.0
2026-06-24,2026-06-24 09:45:00,71.35,72.2,71.24,72.2,5616.0
2026-06-24,2026-06-24 09:50:00,72.29,72.29,70.625,70.625,5796.0
2026-06-24,2026-06-24 09:55:00,71.075,71.79,71.075,71.235,2094.0
2026-06-24,2026-06-24 10:00:00,71.035,71.06,71.035,71.06,835.0
2026-06-24,2026-06-24 10:05:00,71.04,71.04,70.18,70.18,2950.0
2026-06-24,2026-06-24 10:10:00,70.29,70.29,69.93,69.93,5296.0
2026-06-24,2026-06-24 10:15:00,69.915,70.345,69.915,70.095,3121.0
2026-06-24,2026-06-24 10:20:00,70.3629,70.3629,69.84,69.84,2174.0
2026-06-24,2026-06-24 10:25:00,70.06,70.525,70.0,70.375,4952.0
2026-06-24,2026-06-24 10:30:00,70.35,70.35,69.825,69.84,6548.0
2026-06-24,2026-06-24 10:35:00,70.18,70.41,70.18,70.32,3772.0
2026-06-24,2026-06-24 10:40:00,70.11,70.175,69.87,69.87,3594.0
2026-06-24,2026-06-24 10:45:00,69.83,70.14,69.77,70.13,2721.0
2026-06-24,2026-06-24 10:50:00,70.255,70.4,70.19,70.3351,4520.0
2026-06-24,2026-06-24 10:55:00,70.3,70.4623,70.17,70.17,2396.0
2026-06-24,2026-06-24 11:00:00,70.21,70.58,70.1601,70.43,3842.0
2026-06-24,2026-06-24 11:05:00,70.635,71.08,70.635,71.08,6856.0
2026-06-24,2026-06-24 11:10:00,71.08,71.175,70.69,70.69,4451.0
2026-06-24,2026-06-24 11:15:00,70.785,70.785,70.61,70.61,3770.0
2026-06-24,2026-06-24 11:20:00,70.72,70.86,70.54,70.745,8852.0
2026-06-24,2026-06-24 11:25:00,70.64,71.3,70.55,71.265,13291.0
2026-06-24,2026-06-24 11:30:00,71.14,71.14,70.91,71.02,4799.0
2026-06-24,2026-06-24 11:35:00,71.08,71.08,70.82,70.82,1881.0
2026-06-24,2026-06-24 11:40:00,70.67,70.91,70.5801,70.9,6443.0
2026-06-24,2026-06-24 11:45:00,70.69,70.84,70.69,70.84,1109.0
2026-06-24,2026-06-24 11:50:00,70.82,70.86,70.7,70.7,2575.0
2026-06-24,2026-06-24 11:55:00,70.73,70.86,70.73,70.735,1085.0
2026-06-24,2026-06-24 12:00:00,70.7,70.8,70.6201,70.7,1149.0
2026-06-24,2026-06-24 12:05:00,70.62,70.74,70.5201,70.73,4007.0
2026-06-24,2026-06-24 12:10:00,70.74,70.88,70.725,70.725,2668.0
2026-06-24,2026-06-24 12:15:00,70.88,71.03,70.88,71.03,2705.0
2026-06-24,2026-06-24 12:20:00,70.86,71.04,70.815,70.815,2965.0
2026-06-24,2026-06-24 12:25:00,70.8,71.06,70.8,70.985,5156.0
2026-06-24,2026-06-24 12:30:00,70.83,70.94,70.56,70.56,3957.0
2026-06-24,2026-06-24 12:35:00,70.745,70.75,70.44,70.505,4043.0
2026-06-24,2026-06-24 12:40:00,70.65,70.735,70.16,70.16,4762.0
2026-06-24,2026-06-24 12:45:00,70.5,70.5,70.26,70.405,2958.0
2026-06-24,2026-06-24 12:50:00,70.425,70.774,70.425,70.774,2904.0
2026-06-24,2026-06-24 12:55:00,70.725,70.88,70.56,70.56,1534.0
2026-06-24,2026-06-24 13:00:00,70.55,70.98,70.55,70.98,5231.0
2026-06-24,2026-06-24 13:05:00,71.065,71.065,71.065,71.065,1597.0
2026-06-24,2026-06-24 13:10:00,71.06,71.08,70.69,70.69,3086.0
2026-06-24,2026-06-24 13:15:00,70.85,71.02,70.85,71.02,5651.0
2026-06-24,2026-06-24 13:20:00,70.84,70.98,70.77,70.98,2339.0
2026-06-24,2026-06-24 13:25:00,70.76,70.77,70.76,70.77,1133.0
2026-06-24,2026-06-24 13:30:00,70.685,70.69,70.685,70.69,1463.0
2026-06-24,2026-06-24 13:35:00,70.82,70.82,70.705,70.705,1001.0
2026-06-24,2026-06-24 13:40:00,70.85,70.89,70.64,70.89,6020.0
2026-06-24,2026-06-24 13:45:00,70.82,70.9794,70.66,70.66,2071.0
2026-06-24,2026-06-24 13:50:00,70.78,70.78,70.6106,70.7551,1215.0
2026-06-24,2026-06-24 13:55:00,70.56,70.63,70.5208,70.63,2375.0
2026-06-24,2026-06-24 14:00:00,70.625,70.625,70.625,70.625,587.0
2026-06-24,2026-06-24 14:05:00,70.6,70.72,70.6,70.6,1695.0
2026-06-24,2026-06-24 14:10:00,70.55,70.87,70.55,70.87,3328.0
2026-06-24,2026-06-24 14:15:00,70.78,70.94,70.77,70.94,2272.0
2026-06-24,2026-06-24 14:20:00,70.94,71.06,70.7808,71.06,2318.0
2026-06-24,2026-06-24 14:25:00,71.06,71.125,71.06,71.125,924.0
2026-06-24,2026-06-24 14:30:00,71.12,71.12,70.9231,70.9231,4297.0
2026-06-24,2026-06-24 14:35:00,71.13,71.24,71.1,71.14,2628.0
2026-06-24,2026-06-24 14:40:00,71.05,71.05,70.92,71.0,1471.0
2026-06-24,2026-06-24 14:45:00,70.92,71.04,70.92,71.04,914.0
2026-06-24,2026-06-24 14:50:00,70.96,70.96,70.76,70.77,1972.0
2026-06-24,2026-06-24 14:55:00,70.64,70.79,70.64,70.79,3051.0
2026-06-24,2026-06-24 15:00:00,70.72,70.8,70.72,70.8,1575.0
2026-06-24,2026-06-24 15:05:00,70.6,70.87,70.59,70.87,4602.0
2026-06-24,2026-06-24 15:10:00,70.65,70.74,70.65,70.74,1800.0
2026-06-24,2026-06-24 15:15:00,70.85,70.85,70.5301,70.75,5964.0
2026-06-24,2026-06-24 15:20:00,70.83,70.97,70.81,70.97,5288.0
2026-06-24,2026-06-24 15:25:00,70.8,70.95,70.77,70.95,4884.0
2026-06-24,2026-06-24 15:30:00,70.89,70.98,70.85,70.98,5894.0
2026-06-24,2026-06-24 15:35:00,70.92,71.0,70.85,70.98,7370.0
2026-06-24,2026-06-24 15:40:00,71.0,71.06,70.96,70.98,3421.0
2026-06-24,2026-06-24 15:45:00,70.98,71.15,70.83,71.15,10720.0
2026-06-24,2026-06-24 15:50:00,71.15,71.205,71.055,71.055,13620.0
2026-06-24,2026-06-24 15:55:00,70.99,71.23,70.92,70.97,20178.0
2026-06-24,2026-06-24 16:00:00,70.87,71.06,70.65,70.92,147633.0
2026-06-25,2026-06-25 09:35:00,69.14,69.225,68.0,68.4,20832.0
2026-06-25,2026-06-25 09:40:00,68.63,69.1984,68.44,68.51,10644.0
2026-06-25,2026-06-25 09:45:00,68.08,68.53,67.83,68.25,12079.0
2026-06-25,2026-06-25 09:50:00,68.3,68.3,66.97,67.6,36671.0
2026-06-25,2026-06-25 09:55:00,67.715,68.1,67.52,67.6,7040.0
2026-06-25,2026-06-25 10:00:00,67.91,68.15,67.56,68.01,9158.0
2026-06-25,2026-06-25 10:05:00,68.15,68.79,67.94,68.76,17069.0
2026-06-25,2026-06-25 10:10:00,68.82,69.04,68.68,68.68,15848.0
2026-06-25,2026-06-25 10:15:00,68.98,69.04,68.4,69.0,24118.0
2026-06-25,2026-06-25 10:20:00,68.995,69.69,68.995,69.69,12049.0
2026-06-25,2026-06-25 10:25:00,69.67,69.95,69.39,69.6375,4108.0
2026-06-25,2026-06-25 10:30:00,69.74,69.74,69.34,69.585,7530.0
2026-06-25,2026-06-25 10:35:00,69.36,69.36,68.89,69.1,6562.0
2026-06-25,2026-06-25 10:40:00,69.3,69.3,68.795,69.0,8802.0
2026-06-25,2026-06-25 10:45:00,68.98,69.02,68.77,68.91,12272.0
2026-06-25,2026-06-25 10:50:00,68.82,68.94,68.53,68.655,11644.0
2026-06-25,2026-06-25 10:55:00,68.48,68.69,68.41,68.6725,7728.0
2026-06-25,2026-06-25 11:00:00,68.85,68.85,68.32,68.33,12653.0
2026-06-25,2026-06-25 11:05:00,68.235,68.42,68.0145,68.37,7595.0
2026-06-25,2026-06-25 11:10:00,68.38,68.38,67.66,67.66,6403.0
2026-06-25,2026-06-25 11:15:00,67.59,67.69,67.33,67.6,9566.0
2026-06-25,2026-06-25 11:20:00,67.595,67.595,67.1226,67.48,21939.0
2026-06-25,2026-06-25 11:25:00,67.45,67.77,67.325,67.625,7896.0
2026-06-25,2026-06-25 11:30:00,67.79,68.08,67.67,67.9,9907.0
2026-06-25,2026-06-25 11:35:00,67.99,68.08,67.9017,68.075,4815.0
2026-06-25,2026-06-25 11:40:00,68.11,68.41,68.055,68.36,4037.0
2026-06-25,2026-06-25 11:45:00,68.37,68.56,68.11,68.55,9232.0
2026-06-25,2026-06-25 11:50:00,68.475,68.76,68.305,68.305,10311.0
2026-06-25,2026-06-25 11:55:00,68.44,68.51,68.13,68.31,7895.0
2026-06-25,2026-06-25 12:00:00,68.205,68.33,68.07,68.115,7998.0
2026-06-25,2026-06-25 12:05:00,68.12,68.13,67.97,68.005,6196.0
2026-06-25,2026-06-25 12:10:00,67.97,68.21,67.91,68.13,5160.0
2026-06-25,2026-06-25 12:15:00,68.135,68.2,67.77,67.805,6776.0
2026-06-25,2026-06-25 12:20:00,67.91,67.91,67.65,67.795,3757.0
2026-06-25,2026-06-25 12:25:00,67.86,67.86,67.61,67.61,5620.0
2026-06-25,2026-06-25 12:30:00,67.665,67.665,67.4,67.455,4870.0
2026-06-25,2026-06-25 12:35:00,67.37,67.44,67.16,67.195,8684.0
2026-06-25,2026-06-25 12:40:00,67.32,67.34,67.15,67.1801,8483.0
2026-06-25,2026-06-25 12:45:00,67.175,67.24,67.0,67.04,5830.0
2026-06-25,2026-06-25 12:50:00,67.23,67.63,67.03,67.63,21880.0
2026-06-25,2026-06-25 12:55:00,67.35,67.72,67.35,67.68,11003.0
2026-06-25,2026-06-25 13:00:00,67.585,67.73,67.585,67.59,2433.0
2026-06-25,2026-06-25 13:05:00,67.59,67.75,67.52,67.615,3668.0
2026-06-25,2026-06-25 13:10:00,67.5,67.57,67.4278,67.54,4849.0
2026-06-25,2026-06-25 13:15:00,67.46,67.49,67.29,67.355,3088.0
2026-06-25,2026-06-25 13:20:00,67.34,67.63,67.34,67.53,7296.0
2026-06-25,2026-06-25 13:25:00,67.42,67.4475,67.41,67.44,1850.0
2026-06-25,2026-06-25 13:30:00,67.44,67.44,67.415,67.415,2051.0
2026-06-25,2026-06-25 13:35:00,67.415,67.49,67.25,67.335,6382.0
2026-06-25,2026-06-25 13:40:00,67.44,67.44,67.2301,67.2301,4457.0
2026-06-25,2026-06-25 13:45:00,67.35,67.35,67.2,67.25,9354.0
2026-06-25,2026-06-25 13:50:00,67.24,67.39,67.23,67.315,6463.0
2026-06-25,2026-06-25 13:55:00,67.42,67.45,67.31,67.39,3662.0
2026-06-25,2026-06-25 14:00:00,67.385,67.49,67.28,67.385,1890.0
2026-06-25,2026-06-25 14:05:00,67.385,67.42,67.23,67.42,10638.0
2026-06-25,2026-06-25 14:10:00,67.49,67.49,67.35,67.395,4945.0
2026-06-25,2026-06-25 14:15:00,67.37,67.37,67.23,67.28,7460.0
2026-06-25,2026-06-25 14:20:00,67.25,67.47,67.1701,67.41,9576.0
2026-06-25,2026-06-25 14:25:00,67.41,67.65,67.4,67.615,8384.0
2026-06-25,2026-06-25 14:30:00,67.635,67.825,67.62,67.825,10298.0
2026-06-25,2026-06-25 14:35:00,67.78,67.83,67.605,67.605,6051.0
2026-06-25,2026-06-25 14:40:00,67.78,67.78,67.6,67.63,9108.0
2026-06-25,2026-06-25 14:45:00,67.64,67.64,67.305,67.33,8098.0
2026-06-25,2026-06-25 14:50:00,67.34,67.46,67.295,67.295,7572.0
2026-06-25,2026-06-25 14:55:00,67.295,67.41,67.21,67.305,6300.0
2026-06-25,2026-06-25 15:00:00,67.305,67.61,67.305,67.495,8410.0
2026-06-25,2026-06-25 15:05:00,67.495,67.56,67.31,67.5,9160.0
2026-06-25,2026-06-25 15:10:00,67.47,67.57,67.47,67.48,2370.0
2026-06-25,2026-06-25 15:15:00,67.48,67.59,67.405,67.485,4853.0
2026-06-25,2026-06-25 15:20:00,67.4,67.5,67.355,67.425,16953.0
2026-06-25,2026-06-25 15:25:00,67.45,67.56,67.34,67.44,25914.0
2026-06-25,2026-06-25 15:30:00,67.34,67.45,67.27,67.375,9201.0
2026-06-25,2026-06-25 15:35:00,67.355,67.43,67.2601,67.2601,9449.0
2026-06-25,2026-06-25 15:40:00,67.4,67.44,67.25,67.3526,15478.0
2026-06-25,2026-06-25 15:45:00,67.35,67.42,67.28,67.38,14291.0
2026-06-25,2026-06-25 15:50:00,67.38,67.54,67.32,67.515,14971.0
2026-06-25,2026-06-25 15:55:00,67.515,67.835,67.42,67.64,42306.0
2026-06-25,2026-06-25 16:00:00,67.71,67.71,66.85,67.09,486716.0
2026-06-26,2026-06-26 09:35:00,67.61,68.76,67.5,68.06,19688.0
2026-06-26,2026-06-26 09:40:00,68.04,69.0,68.04,68.845,56198.0
2026-06-26,2026-06-26 09:45:00,69.1999,69.1999,68.12,68.26,14332.0
2026-06-26,2026-06-26 09:50:00,68.17,69.6,67.845,69.345,30707.0
2026-06-26,2026-06-26 09:55:00,69.16,69.16,68.16,68.79,10716.0
2026-06-26,2026-06-26 10:00:00,69.145,69.145,68.5,68.595,5407.0
2026-06-26,2026-06-26 10:05:00,68.16,69.25,68.16,69.13,41068.0
2026-06-26,2026-06-26 10:10:00,69.29,69.41,68.84,69.25,12968.0
2026-06-26,2026-06-26 10:15:00,69.095,69.89,69.095,69.505,18467.0
2026-06-26,2026-06-26 10:20:00,69.38,69.58,69.25,69.4,6513.0
2026-06-26,2026-06-26 10:25:00,69.425,69.69,69.41,69.5,7623.0
2026-06-26,2026-06-26 10:30:00,69.5,69.87,69.5,69.82,14945.0
2026-06-26,2026-06-26 10:35:00,69.67,70.21,69.66,70.125,18700.0
2026-06-26,2026-06-26 10:40:00,70.2,70.31,70.01,70.175,6886.0
2026-06-26,2026-06-26 10:45:00,70.0,70.205,69.86,69.98,11111.0
2026-06-26,2026-06-26 10:50:00,70.035,70.245,70.03,70.03,11240.0
2026-06-26,2026-06-26 10:55:00,70.1,70.98,70.095,70.98,11060.0
2026-06-26,2026-06-26 11:00:00,70.805,71.245,70.63,70.95,58843.0
2026-06-26,2026-06-26 11:05:00,71.02,71.45,70.94,71.085,16923.0
2026-06-26,2026-06-26 11:10:00,70.99,71.93,70.92,71.93,31649.0
2026-06-26,2026-06-26 11:15:00,71.83,72.4,71.51,71.75,226448.0
2026-06-26,2026-06-26 11:20:00,71.63,72.23,71.63,72.08,11780.0
2026-06-26,2026-06-26 11:25:00,72.075,72.28,71.84,72.065,5412.0
2026-06-26,2026-06-26 11:30:00,71.84,72.2,71.6,71.865,9614.0
2026-06-26,2026-06-26 11:35:00,71.8,72.39,71.8,72.39,6877.0
2026-06-26,2026-06-26 11:40:00,72.075,72.5,71.76,72.1701,17321.0
2026-06-26,2026-06-26 11:45:00,72.34,72.5,72.21,72.375,4171.0
2026-06-26,2026-06-26 11:50:00,72.25,72.39,72.05,72.39,6930.0
2026-06-26,2026-06-26 11:55:00,72.06,72.1999,71.53,71.685,9914.0
2026-06-26,2026-06-26 12:00:00,71.685,72.15,71.65,72.15,7205.0
2026-06-26,2026-06-26 12:05:00,71.9,72.14,71.89,71.925,7693.0
2026-06-26,2026-06-26 12:10:00,71.72,71.93,71.64,71.6462,19118.0
2026-06-26,2026-06-26 12:15:00,71.75,71.89,71.745,71.8825,7246.0
2026-06-26,2026-06-26 12:20:00,71.865,72.04,71.7,71.97,5904.0
2026-06-26,2026-06-26 12:25:00,72.01,72.07,71.78,71.92,4083.0
2026-06-26,2026-06-26 12:30:00,71.84,71.88,71.63,71.63,6381.0
2026-06-26,2026-06-26 12:35:00,71.635,71.92,71.56,71.8,4652.0
2026-06-26,2026-06-26 12:40:00,71.795,71.97,71.795,71.94,5969.0
2026-06-26,2026-06-26 12:45:00,71.9,71.97,71.77,71.825,4713.0
2026-06-26,2026-06-26 12:50:00,71.82,72.107,71.815,71.85,4006.0
2026-06-26,2026-06-26 12:55:00,71.8,71.89,71.67,71.875,4585.0
2026-06-26,2026-06-26 13:00:00,71.76,71.9881,71.6,71.7,6221.0
2026-06-26,2026-06-26 13:05:00,71.71,71.9,71.57,71.9,8019.0
2026-06-26,2026-06-26 13:10:00,71.86,71.96,71.795,71.795,2194.0
2026-06-26,2026-06-26 13:15:00,71.795,71.96,71.52,71.87,12038.0
2026-06-26,2026-06-26 13:20:00,71.87,71.97,71.575,71.575,15676.0
2026-06-26,2026-06-26 13:25:00,71.575,71.69,71.46,71.53,11106.0
2026-06-26,2026-06-26 13:30:00,71.44,71.55,71.31,71.31,3904.0
2026-06-26,2026-06-26 13:35:00,71.31,71.47,71.135,71.28,7762.0
2026-06-26,2026-06-26 13:40:00,71.275,71.36,70.99,71.18,6113.0
2026-06-26,2026-06-26 13:45:00,71.15,71.54,71.15,71.54,6767.0
2026-06-26,2026-06-26 13:50:00,71.525,71.7625,71.525,71.64,5808.0
2026-06-26,2026-06-26 13:55:00,71.69,71.83,71.48,71.48,5095.0
2026-06-26,2026-06-26 14:00:00,71.47,71.6,71.3601,71.455,7727.0
2026-06-26,2026-06-26 14:05:00,71.48,71.95,71.42,71.84,4300.0
2026-06-26,2026-06-26 14:10:00,71.81,72.005,71.81,71.955,3834.0
2026-06-26,2026-06-26 14:15:00,71.91,71.955,71.79,71.955,6085.0
2026-06-26,2026-06-26 14:20:00,72.17,72.17,71.7,71.835,4130.0
2026-06-26,2026-06-26 14:25:00,71.75,71.8,71.64,71.675,7826.0
2026-06-26,2026-06-26 14:30:00,71.59,71.65,71.56,71.615,3310.0
2026-06-26,2026-06-26 14:35:00,71.54,71.7425,71.39,71.7425,12204.0
2026-06-26,2026-06-26 14:40:00,71.65,71.65,71.51,71.565,4431.0
2026-06-26,2026-06-26 14:45:00,71.5,71.725,71.49,71.65,9091.0
2026-06-26,2026-06-26 14:50:00,71.62,71.6343,71.51,71.6,7552.0
2026-06-26,2026-06-26 14:55:00,71.6,71.6,71.46,71.5,5934.0
2026-06-26,2026-06-26 15:00:00,71.495,71.6,71.495,71.58,7350.0
2026-06-26,2026-06-26 15:05:00,71.59,71.63,71.43,71.548,5990.0
2026-06-26,2026-06-26 15:10:00,71.54,71.69,71.49,71.6,8420.0
2026-06-26,2026-06-26 15:15:00,71.62,71.85,71.53,71.84,9024.0
2026-06-26,2026-06-26 15:20:00,71.74,71.8075,71.61,71.735,7507.0
2026-06-26,2026-06-26 15:25:00,71.735,71.755,71.635,71.755,4077.0
2026-06-26,2026-06-26 15:30:00,71.755,71.91,71.658,71.78,10616.0
2026-06-26,2026-06-26 15:35:00,71.78,72.13,71.78,72.12,12027.0
2026-06-26,2026-06-26 15:40:00,72.1209,72.3642,72.05,72.255,17371.0
2026-06-26,2026-06-26 15:45:00,72.255,72.4,72.19,72.2,25360.0
2026-06-26,2026-06-26 15:50:00,72.295,72.5,72.21,72.3,21466.0
2026-06-26,2026-06-26 15:55:00,72.315,72.82,72.12,72.59,38709.0
2026-06-26,2026-06-26 16:00:00,72.46,73.09,72.31,73.02,458219.0
2026-06-29,2026-06-29 09:35:00,74.57,75.9509,74.5,75.9509,34179.0
2026-06-29,2026-06-29 09:40:00,74.59,75.0,73.7,74.55,15460.0
2026-06-29,2026-06-29 09:45:00,74.51,75.43,74.49,74.69,11549.0
2026-06-29,2026-06-29 09:50:00,74.7,75.18,74.44,74.75,7366.0
2026-06-29,2026-06-29 09:55:00,74.75,75.37,74.75,75.045,8321.0
2026-06-29,2026-06-29 10:00:00,75.045,75.37,74.9,75.2,5725.0
2026-06-29,2026-06-29 10:05:00,75.36,75.79,75.11,75.31,15153.0
2026-06-29,2026-06-29 10:10:00,75.2,75.565,74.89,75.565,7773.0
2026-06-29,2026-06-29 10:15:00,75.58,75.74,75.0,75.456,10332.0
2026-06-29,2026-06-29 10:20:00,75.41,75.66,75.22,75.4,10812.0
2026-06-29,2026-06-29 10:25:00,75.325,75.88,75.325,75.845,9611.0
2026-06-29,2026-06-29 10:30:00,75.84,76.14,75.66,75.79,21294.0
2026-06-29,2026-06-29 10:35:00,75.92,76.13,75.69,75.91,6387.0
2026-06-29,2026-06-29 10:40:00,75.97,76.0,75.21,75.5199,6687.0
2026-06-29,2026-06-29 10:45:00,75.48,75.57,75.205,75.24,16544.0
2026-06-29,2026-06-29 10:50:00,75.22,75.84,75.205,75.615,7379.0
2026-06-29,2026-06-29 10:55:00,75.5701,76.0,75.46,75.71,12879.0
2026-06-29,2026-06-29 11:00:00,75.53,75.53,75.16,75.17,8045.0
2026-06-29,2026-06-29 11:05:00,75.045,75.69,74.91,75.125,9327.0
2026-06-29,2026-06-29 11:10:00,74.97,74.97,74.67,74.805,6395.0
2026-06-29,2026-06-29 11:15:00,74.91,74.91,74.5,74.53,11966.0
2026-06-29,2026-06-29 11:20:00,74.665,74.7,74.5,74.69,5902.0
2026-06-29,2026-06-29 11:25:00,74.53,74.64,74.3501,74.51,3296.0
2026-06-29,2026-06-29 11:30:00,74.6599,74.6599,74.35,74.64,4552.0
2026-06-29,2026-06-29 11:35:00,74.68,74.76,74.58,74.715,3673.0
2026-06-29,2026-06-29 11:40:00,74.69,74.8,74.5901,74.5901,8702.0
2026-06-29,2026-06-29 11:45:00,74.83,74.83,74.53,74.73,5433.0
2026-06-29,2026-06-29 11:50:00,74.5,74.53,73.72,73.895,7580.0
2026-06-29,2026-06-29 11:55:00,74.07,74.21,73.89,73.89,3554.0
2026-06-29,2026-06-29 12:00:00,74.155,74.155,73.825,73.91,4757.0
2026-06-29,2026-06-29 12:05:00,74.0,74.08,73.85,74.06,3015.0
2026-06-29,2026-06-29 12:10:00,74.11,74.2,73.89,73.89,6237.0
2026-06-29,2026-06-29 12:15:00,73.89,73.91,73.7625,73.7625,1989.0
2026-06-29,2026-06-29 12:20:00,73.725,73.84,73.68,73.775,4224.0
2026-06-29,2026-06-29 12:25:00,73.75,73.9,73.745,73.9,3396.0
2026-06-29,2026-06-29 12:30:00,73.81,73.83,73.81,73.815,1961.0
2026-06-29,2026-06-29 12:35:00,73.815,73.97,73.81,73.85,2468.0
2026-06-29,2026-06-29 12:40:00,73.85,73.99,73.84,73.9,2953.0
2026-06-29,2026-06-29 12:45:00,73.74,73.84,73.52,73.635,7006.0
2026-06-29,2026-06-29 12:50:00,73.61,73.9,73.49,73.67,19510.0
2026-06-29,2026-06-29 12:55:00,73.67,73.89,73.4501,73.665,5185.0
2026-06-29,2026-06-29 13:00:00,73.67,73.67,73.41,73.48,3660.0
2026-06-29,2026-06-29 13:05:00,73.5,73.77,73.41,73.56,11431.0
2026-06-29,2026-06-29 13:10:00,73.63,73.97,73.63,73.89,6597.0
2026-06-29,2026-06-29 13:15:00,73.885,73.97,73.79,73.97,3700.0
2026-06-29,2026-06-29 13:20:00,73.99,74.15,73.93,74.03,4904.0
2026-06-29,2026-06-29 13:25:00,73.86,74.06,73.73,74.06,3735.0
2026-06-29,2026-06-29 13:30:00,73.865,74.23,73.855,73.99,6283.0
2026-06-29,2026-06-29 13:35:00,73.96,74.29,73.96,74.215,6433.0
2026-06-29,2026-06-29 13:40:00,74.26,74.34,74.08,74.26,7720.0
2026-06-29,2026-06-29 13:45:00,74.31,74.32,74.07,74.24,6022.0
2026-06-29,2026-06-29 13:50:00,74.23,74.23,74.12,74.12,3781.0
2026-06-29,2026-06-29 13:55:00,74.01,74.19,74.0,74.095,5576.0
2026-06-29,2026-06-29 14:00:00,74.095,74.095,73.91,73.915,3347.0
2026-06-29,2026-06-29 14:05:00,73.915,74.02,73.83,74.01,2885.0
2026-06-29,2026-06-29 14:10:00,74.0,74.22,73.965,74.15,6601.0
2026-06-29,2026-06-29 14:15:00,74.15,74.25,74.0,74.105,4176.0
2026-06-29,2026-06-29 14:20:00,74.09,74.13,73.98,73.98,2409.0
2026-06-29,2026-06-29 14:25:00,74.045,74.35,74.04,74.35,6653.0
2026-06-29,2026-06-29 14:30:00,74.31,74.6,74.31,74.6,6386.0
2026-06-29,2026-06-29 14:35:00,74.64,74.66,74.565,74.65,4368.0
2026-06-29,2026-06-29 14:40:00,74.65,74.8099,74.65,74.69,6874.0
2026-06-29,2026-06-29 14:45:00,74.77,74.93,74.66,74.845,8961.0
2026-06-29,2026-06-29 14:50:00,74.92,74.92,74.688,74.74,5652.0
2026-06-29,2026-06-29 14:55:00,74.64,74.64,74.37,74.49,6861.0
2026-06-29,2026-06-29 15:00:00,74.5,74.65,74.46,74.535,5041.0
2026-06-29,2026-06-29 15:05:00,74.535,74.62,74.31,74.34,4493.0
2026-06-29,2026-06-29 15:10:00,74.29,74.29,74.06,74.27,5575.0
2026-06-29,2026-06-29 15:15:00,74.29,74.46,74.23,74.23,5419.0
2026-06-29,2026-06-29 15:20:00,74.225,74.31,74.12,74.3,4431.0
2026-06-29,2026-06-29 15:25:00,74.29,74.635,74.29,74.45,10952.0
2026-06-29,2026-06-29 15:30:00,74.32,74.4,74.1701,74.28,7264.0
2026-06-29,2026-06-29 15:35:00,74.23,74.23,74.01,74.07,10427.0
2026-06-29,2026-06-29 15:40:00,74.12,74.12,73.945,74.11,8442.0
2026-06-29,2026-06-29 15:45:00,74.19,74.2,74.0,74.03,8603.0
2026-06-29,2026-06-29 15:50:00,74.06,74.08,73.835,73.92,24578.0
2026-06-29,2026-06-29 15:55:00,73.87,73.905,73.57,73.79,27261.0
2026-06-29,2026-06-29 16:00:00,73.72,73.77,73.38,73.6,174519.0
2026-06-30,2026-06-30 09:35:00,72.39,72.77,71.87,72.6,16321.0
2026-06-30,2026-06-30 09:40:00,73.19,73.99,71.8,72.19,19312.0
2026-06-30,2026-06-30 09:45:00,72.03,72.85,71.935,72.25,9286.0
2026-06-30,2026-06-30 09:50:00,72.74,72.76,72.145,72.2,8458.0
2026-06-30,2026-06-30 09:55:00,72.45,73.29,72.45,72.91,9245.0
2026-06-30,2026-06-30 10:00:00,72.905,73.4,72.895,73.185,6546.0
2026-06-30,2026-06-30 10:05:00,72.95,73.4599,72.7,73.1,7892.0
2026-06-30,2026-06-30 10:10:00,73.1,73.46,72.83,72.835,2624.0
2026-06-30,2026-06-30 10:15:00,72.83,73.15,72.8,72.8,2448.0
2026-06-30,2026-06-30 10:20:00,72.8,73.1499,72.7,72.895,5829.0
2026-06-30,2026-06-30 10:25:00,72.91,73.135,72.7,73.025,4671.0
2026-06-30,2026-06-30 10:30:00,72.71,73.0,72.37,72.37,8030.0
2026-06-30,2026-06-30 10:35:00,72.31,72.58,72.31,72.565,4467.0
2026-06-30,2026-06-30 10:40:00,72.39,72.42,72.11,72.175,3076.0
2026-06-30,2026-06-30 10:45:00,72.17,72.17,72.07,72.16,927.0
2026-06-30,2026-06-30 10:50:00,72.0,72.0,71.67,71.8,2261.0
2026-06-30,2026-06-30 10:55:00,71.7825,71.99,71.5,71.5,4511.0
2026-06-30,2026-06-30 11:00:00,71.7006,71.73,71.24,71.24,11548.0
2026-06-30,2026-06-30 11:05:00,71.24,71.48,71.135,71.3,14811.0
2026-06-30,2026-06-30 11:10:00,71.3201,71.3201,71.01,71.01,5256.0
2026-06-30,2026-06-30 11:15:00,71.1499,71.5999,71.075,71.425,16989.0
2026-06-30,2026-06-30 11:20:00,71.425,71.53,71.25,71.3,10470.0
2026-06-30,2026-06-30 11:25:00,71.46,71.86,71.45,71.86,3623.0
2026-06-30,2026-06-30 11:30:00,71.6595,71.98,71.6595,71.98,3476.0
2026-06-30,2026-06-30 11:35:00,72.04,72.0577,71.91,71.91,3278.0
2026-06-30,2026-06-30 11:40:00,71.8,71.96,71.8,71.96,1061.0
2026-06-30,2026-06-30 11:45:00,71.84,71.88,71.8,71.88,2285.0
2026-06-30,2026-06-30 11:50:00,71.86,72.0,71.825,71.87,3650.0
2026-06-30,2026-06-30 11:55:00,71.84,71.875,71.61,71.61,2540.0
2026-06-30,2026-06-30 12:00:00,71.72,71.72,71.72,71.72,1270.0
2026-06-30,2026-06-30 12:05:00,71.779,71.84,71.75,71.765,2439.0
2026-06-30,2026-06-30 12:10:00,71.86,71.91,71.67,71.7775,3204.0
2026-06-30,2026-06-30 12:15:00,71.67,71.8,71.65,71.8,2982.0
2026-06-30,2026-06-30 12:20:00,71.79,71.79,71.79,71.79,720.0
2026-06-30,2026-06-30 12:25:00,71.695,71.77,71.65,71.725,3844.0
2026-06-30,2026-06-30 12:30:00,71.72,71.87,71.72,71.87,3712.0
2026-06-30,2026-06-30 12:35:00,71.86,71.87,71.845,71.845,1204.0
2026-06-30,2026-06-30 12:40:00,71.93,72.21,71.93,72.21,3330.0
2026-06-30,2026-06-30 12:45:00,72.2,72.36,72.19,72.36,3249.0
2026-06-30,2026-06-30 12:50:00,72.5,72.56,72.445,72.455,2867.0
2026-06-30,2026-06-30 12:55:00,72.455,72.51,72.455,72.505,1545.0
2026-06-30,2026-06-30 13:00:00,72.505,72.6,72.39,72.57,6818.0
2026-06-30,2026-06-30 13:05:00,72.45,72.45,72.17,72.3,3263.0
2026-06-30,2026-06-30 13:10:00,72.3,72.4,72.14,72.25,3072.0
2026-06-30,2026-06-30 13:15:00,72.13,72.25,72.08,72.24,4835.0
2026-06-30,2026-06-30 13:20:00,72.26,72.28,72.22,72.235,4858.0
2026-06-30,2026-06-30 13:25:00,72.26,72.45,72.2599,72.37,9642.0
2026-06-30,2026-06-30 13:30:00,72.38,72.45,72.29,72.44,2976.0
2026-06-30,2026-06-30 13:35:00,72.3,72.46,72.29,72.42,4946.0
2026-06-30,2026-06-30 13:40:00,72.39,72.49,72.39,72.49,2087.0
2026-06-30,2026-06-30 13:45:00,72.49,72.52,72.23,72.23,7992.0
2026-06-30,2026-06-30 13:50:00,72.3,72.315,72.1,72.175,3614.0
2026-06-30,2026-06-30 13:55:00,72.2,72.2,72.0493,72.1,4040.0
2026-06-30,2026-06-30 14:00:00,72.115,72.37,72.115,72.37,4096.0
2026-06-30,2026-06-30 14:05:00,72.34,72.42,72.28,72.35,4291.0
2026-06-30,2026-06-30 14:10:00,72.27,72.4,72.27,72.4,1793.0
2026-06-30,2026-06-30 14:15:00,72.335,72.335,72.27,72.315,4140.0
2026-06-30,2026-06-30 14:20:00,72.315,72.37,72.27,72.325,2522.0
2026-06-30,2026-06-30 14:25:00,72.39,72.58,72.39,72.57,3255.0
2026-06-30,2026-06-30 14:30:00,72.53,72.76,72.49,72.59,7008.0
2026-06-30,2026-06-30 14:35:00,72.65,72.85,72.57,72.66,7356.0
2026-06-30,2026-06-30 14:40:00,72.76,72.76,72.57,72.63,3988.0
2026-06-30,2026-06-30 14:45:00,72.64,72.72,72.61,72.645,3867.0
2026-06-30,2026-06-30 14:50:00,72.72,72.905,72.69,72.905,8114.0
2026-06-30,2026-06-30 14:55:00,72.91,72.94,72.8222,72.91,3364.0
2026-06-30,2026-06-30 15:00:00,72.8886,72.93,72.75,72.81,6549.0
2026-06-30,2026-06-30 15:05:00,72.88,72.88,72.69,72.69,7373.0
2026-06-30,2026-06-30 15:10:00,72.77,72.8845,72.765,72.765,3220.0
2026-06-30,2026-06-30 15:15:00,72.765,72.99,72.745,72.99,6236.0
2026-06-30,2026-06-30 15:20:00,72.97,72.98,72.76,72.76,4729.0
2026-06-30,2026-06-30 15:25:00,72.77,72.905,72.76,72.88,6707.0
2026-06-30,2026-06-30 15:30:00,72.9,72.94,72.85,72.85,3849.0
2026-06-30,2026-06-30 15:35:00,72.92,73.1,72.88,73.065,10352.0
2026-06-30,2026-06-30 15:40:00,73.01,73.055,72.95,72.97,4984.0
2026-06-30,2026-06-30 15:45:00,73.03,73.03,72.83,72.93,10840.0
2026-06-30,2026-06-30 15:50:00,72.81,72.9,72.63,72.685,10273.0
2026-06-30,2026-06-30 15:55:00,72.685,72.74,72.395,72.395,17482.0
2026-06-30,2026-06-30 16:00:00,72.345,72.6,72.3,72.39,138169.0
2026-07-01,2026-07-01 09:35:00,75.345,76.4,74.32,75.45,31464.0
2026-07-01,2026-07-01 09:40:00,75.55,76.83,75.45,75.75,29250.0
2026-07-01,2026-07-01 09:45:00,76.15,77.2,76.14,76.875,43132.0
2026-07-01,2026-07-01 09:50:00,77.1,77.1,76.2,76.65,29746.0
2026-07-01,2026-07-01 09:55:00,76.52,77.4,76.21,77.16,12384.0
2026-07-01,2026-07-01 10:00:00,77.165,77.55,76.82,77.5,14620.0
2026-07-01,2026-07-01 10:05:00,77.23,77.61,76.92,77.61,13058.0
2026-07-01,2026-07-01 10:10:00,77.785,78.05,76.975,76.975,13730.0
2026-07-01,2026-07-01 10:15:00,77.18,77.18,76.695,76.695,6587.0
2026-07-01,2026-07-01 10:20:00,76.6951,76.73,76.4437,76.73,5217.0
2026-07-01,2026-07-01 10:25:00,76.91,77.7199,76.81,77.19,9737.0
2026-07-01,2026-07-01 10:30:00,77.03,77.2,76.77,76.92,4973.0
2026-07-01,2026-07-01 10:35:00,76.975,77.075,76.65,76.82,6017.0
2026-07-01,2026-07-01 10:40:00,76.97,77.0,76.69,76.79,6102.0
2026-07-01,2026-07-01 10:45:00,76.79,76.79,76.44,76.59,7174.0
2026-07-01,2026-07-01 10:50:00,76.48,76.6925,76.16,76.6275,9516.0
2026-07-01,2026-07-01 10:55:00,76.68,77.2725,76.68,76.8735,7589.0
2026-07-01,2026-07-01 11:00:00,77.0513,77.21,76.91,77.175,3111.0
2026-07-01,2026-07-01 11:05:00,77.21,77.38,77.19,77.21,7906.0
2026-07-01,2026-07-01 11:10:00,77.21,77.62,77.21,77.4,6287.0
2026-07-01,2026-07-01 11:15:00,77.455,77.63,77.42,77.49,8914.0
2026-07-01,2026-07-01 11:20:00,77.38,77.6,77.15,77.305,8893.0
2026-07-01,2026-07-01 11:25:00,77.35,77.59,77.3,77.53,13670.0
2026-07-01,2026-07-01 11:30:00,77.301,77.5299,77.17,77.41,6276.0
2026-07-01,2026-07-01 11:35:00,77.4,77.4,76.85,76.9754,9268.0
2026-07-01,2026-07-01 11:40:00,76.83,76.93,76.68,76.93,22360.0
2026-07-01,2026-07-01 11:45:00,77.0,77.29,76.88,77.2,18498.0
2026-07-01,2026-07-01 11:50:00,77.4,77.47,77.3242,77.47,4519.0
2026-07-01,2026-07-01 11:55:00,77.43,77.57,77.4052,77.495,5736.0
2026-07-01,2026-07-01 12:00:00,77.52,77.89,77.52,77.755,6430.0
2026-07-01,2026-07-01 12:05:00,77.85,78.16,77.82,77.86,14023.0
2026-07-01,2026-07-01 12:10:00,77.77,77.81,77.47,77.47,11149.0
2026-07-01,2026-07-01 12:15:00,77.64,77.64,77.34,77.34,3641.0
2026-07-01,2026-07-01 12:20:00,77.32,77.32,76.97,77.015,7047.0
2026-07-01,2026-07-01 12:25:00,76.92,76.9652,76.77,76.9,4126.0
2026-07-01,2026-07-01 12:30:00,76.97,76.97,76.815,76.815,2306.0
2026-07-01,2026-07-01 12:35:00,76.770704,76.86,76.7,76.7,3709.0
2026-07-01,2026-07-01 12:40:00,76.72,76.79,76.56,76.56,2789.0
2026-07-01,2026-07-01 12:45:00,76.55,76.6199,76.365,76.5585,6677.0
2026-07-01,2026-07-01 12:50:00,76.5268,76.69,76.5268,76.62,2137.0
2026-07-01,2026-07-01 12:55:00,76.62,76.71,76.54,76.67,2686.0
2026-07-01,2026-07-01 13:00:00,76.82,76.94,76.4,76.4,11852.0
2026-07-01,2026-07-01 13:05:00,76.47,76.68,76.42,76.55,16541.0
2026-07-01,2026-07-01 13:10:00,76.5441,76.6,76.42,76.6,3070.0
2026-07-01,2026-07-01 13:15:00,76.6,76.69,76.52,76.52,1720.0
2026-07-01,2026-07-01 13:20:00,76.43,76.6,76.43,76.52,2552.0
2026-07-01,2026-07-01 13:25:00,76.42,76.515,76.37,76.49,3741.0
2026-07-01,2026-07-01 13:30:00,76.47,76.505,76.37,76.505,4815.0
2026-07-01,2026-07-01 13:35:00,76.51,76.57,76.41,76.56,4005.0
2026-07-01,2026-07-01 13:40:00,76.5,76.55,76.4,76.4,4852.0
2026-07-01,2026-07-01 13:45:00,76.37,76.485,76.35,76.44,5805.0
2026-07-01,2026-07-01 13:50:00,76.5099,76.5099,76.405,76.42,1823.0
2026-07-01,2026-07-01 13:55:00,76.341,76.504,76.341,76.455,4583.0
2026-07-01,2026-07-01 14:00:00,76.41,76.765,76.41,76.765,10015.0
2026-07-01,2026-07-01 14:05:00,76.62,76.76,76.59,76.685,6798.0
2026-07-01,2026-07-01 14:10:00,76.705,76.8,76.5,76.5,3966.0
2026-07-01,2026-07-01 14:15:00,76.46,76.5,76.41,76.475,2360.0
2026-07-01,2026-07-01 14:20:00,76.475,76.49,76.39,76.49,2129.0
2026-07-01,2026-07-01 14:25:00,76.55,76.585,76.52,76.56,2414.0
2026-07-01,2026-07-01 14:30:00,76.56,76.6493,76.49,76.585,4694.0
2026-07-01,2026-07-01 14:35:00,76.53,76.585,76.46,76.565,3209.0
2026-07-01,2026-07-01 14:40:00,76.5,76.57,76.48,76.48,4301.0
2026-07-01,2026-07-01 14:45:00,76.52,76.81,76.52,76.8,11709.0
2026-07-01,2026-07-01 14:50:00,76.75,76.755,76.38,76.5,9667.0
2026-07-01,2026-07-01 14:55:00,76.5,76.5,76.23,76.245,5050.0
2026-07-01,2026-07-01 15:00:00,76.21,76.245,76.14,76.22,4474.0
2026-07-01,2026-07-01 15:05:00,76.28,76.45,76.275,76.41,4676.0
2026-07-01,2026-07-01 15:10:00,76.43,76.43,76.16,76.33,5134.0
2026-07-01,2026-07-01 15:15:00,76.2,76.24,76.185,76.24,3730.0
2026-07-01,2026-07-01 15:20:00,76.25,76.46,76.25,76.31,6256.0
2026-07-01,2026-07-01 15:25:00,76.31,76.35,76.145,76.195,5532.0
2026-07-01,2026-07-01 15:30:00,76.195,76.2599,76.1,76.17,5368.0
2026-07-01,2026-07-01 15:35:00,76.1,76.285,76.03,76.285,16026.0
2026-07-01,2026-07-01 15:40:00,76.26,76.275,76.13,76.215,9927.0
2026-07-01,2026-07-01 15:45:00,76.22,76.3,76.16,76.29,7889.0
2026-07-01,2026-07-01 15:50:00,76.3,76.64,76.23,76.57,27447.0
2026-07-01,2026-07-01 15:55:00,76.45,76.55,76.26,76.36,40578.0
2026-07-01,2026-07-01 16:00:00,76.34,76.47,76.14,76.26,203326.0
2026-07-02,2026-07-02 09:35:00,75.56,77.2,75.56,77.06,16375.0
2026-07-02,2026-07-02 09:40:00,76.75,77.48,76.5,76.84,8640.0
2026-07-02,2026-07-02 09:45:00,76.92,77.4995,76.66,77.02,9502.0
2026-07-02,2026-07-02 09:50:00,76.66,77.09,76.5,76.56,5935.0
2026-07-02,2026-07-02 09:55:00,76.09,76.85,76.07,76.44,8268.0
2026-07-02,2026-07-02 10:00:00,76.49,76.605,76.44,76.44,5573.0
2026-07-02,2026-07-02 10:05:00,76.29,76.46,76.16,76.245,3760.0
2026-07-02,2026-07-02 10:10:00,76.245,76.5164,75.96,75.96,10597.0
2026-07-02,2026-07-02 10:15:00,76.09,76.41,75.8701,76.255,7736.0
2026-07-02,2026-07-02 10:20:00,76.215,76.6,76.165,76.405,6578.0
2026-07-02,2026-07-02 10:25:00,76.71,76.77,76.455,76.74,6297.0
2026-07-02,2026-07-02 10:30:00,76.605,76.605,76.475,76.475,705.0
2026-07-02,2026-07-02 10:35:00,76.43,76.54,76.25,76.34,4782.0
2026-07-02,2026-07-02 10:40:00,76.34,77.0,76.34,76.87,6501.0
2026-07-02,2026-07-02 10:45:00,76.63,76.63,76.06,76.4118,7547.0
2026-07-02,2026-07-02 10:50:00,76.15,76.8,76.0001,76.66,3220.0
2026-07-02,2026-07-02 10:55:00,76.795,76.8,76.37,76.37,4036.0
2026-07-02,2026-07-02 11:00:00,76.475,77.11,76.475,76.975,24774.0
2026-07-02,2026-07-02 11:05:00,77.18,77.18,76.8,76.8,3224.0
2026-07-02,2026-07-02 11:10:00,76.97,76.97,76.39,76.765,12468.0
2026-07-02,2026-07-02 11:15:00,76.92,77.1,76.92,77.08,2844.0
2026-07-02,2026-07-02 11:20:00,77.08,77.08,76.76,76.9286,3914.0
2026-07-02,2026-07-02 11:25:00,77.06,77.9299,77.06,77.9299,5846.0
2026-07-02,2026-07-02 11:30:00,77.715,77.715,77.33,77.575,3415.0
2026-07-02,2026-07-02 11:35:00,77.4861,77.585,77.42,77.52,1450.0
2026-07-02,2026-07-02 11:40:00,77.52,77.52,77.52,77.52,786.0
2026-07-02,2026-07-02 11:45:00,77.55,77.61,77.515,77.6,1740.0
2026-07-02,2026-07-02 11:50:00,77.41,77.72,77.41,77.615,1538.0
2026-07-02,2026-07-02 11:55:00,77.62,77.79,77.62,77.79,3217.0
2026-07-02,2026-07-02 12:00:00,77.65,77.65,77.33,77.515,5148.0
2026-07-02,2026-07-02 12:05:00,77.74,77.74,77.6999,77.6999,2469.0
2026-07-02,2026-07-02 12:10:00,77.7,77.78,77.4122,77.4122,3845.0
2026-07-02,2026-07-02 12:15:00,77.45,77.8,77.45,77.8,2770.0
2026-07-02,2026-07-02 12:20:00,77.79,77.815,77.42,77.42,4987.0
2026-07-02,2026-07-02 12:25:00,77.44,77.58,77.39,77.42,2689.0
2026-07-02,2026-07-02 12:30:00,77.52,77.62,77.43,77.52,2263.0
2026-07-02,2026-07-02 12:35:00,77.43,77.515,77.3,77.3,3107.0
2026-07-02,2026-07-02 12:40:00,77.345,77.345,77.19,77.28,1515.0
2026-07-02,2026-07-02 12:45:00,77.31,77.39,77.18,77.2425,5235.0
2026-07-02,2026-07-02 12:50:00,77.375,77.5,77.375,77.5,1050.0
2026-07-02,2026-07-02 12:55:00,77.52,77.54,77.395,77.395,1466.0
2026-07-02,2026-07-02 13:00:00,77.4,77.509,77.38,77.42,2833.0
2026-07-02,2026-07-02 13:05:00,77.56,77.97,77.52,77.8,7253.0
2026-07-02,2026-07-02 13:10:00,77.78,78.21,77.76,78.21,6689.0
2026-07-02,2026-07-02 13:15:00,78.16,78.5,78.1538,78.5,5509.0
2026-07-02,2026-07-02 13:20:00,78.4978,78.78,78.4978,78.64,5255.0
2026-07-02,2026-07-02 13:25:00,78.59,79.37,78.43,79.21,21220.0
2026-07-02,2026-07-02 13:30:00,79.13,79.2,79.09,79.09,5538.0
2026-07-02,2026-07-02 13:35:00,79.235,79.51,79.235,79.365,3399.0
2026-07-02,2026-07-02 13:40:00,79.5,79.68,79.41,79.53,18593.0
2026-07-02,2026-07-02 13:45:00,79.53,79.58,79.404,79.495,4863.0
2026-07-02,2026-07-02 13:50:00,79.495,79.5,79.17,79.39,23425.0
2026-07-02,2026-07-02 13:55:00,79.47,79.495,79.199543,79.42,21907.0
2026-07-02,2026-07-02 14:00:00,79.39,79.46,79.315,79.46,8683.0
2026-07-02,2026-07-02 14:05:00,79.48,79.59,79.33,79.525,7236.0
2026-07-02,2026-07-02 14:10:00,79.61,79.9,79.61,79.7,10421.0
2026-07-02,2026-07-02 14:15:00,79.75,79.78,79.5,79.6225,12281.0
2026-07-02,2026-07-02 14:20:00,79.635,79.73,79.635,79.665,2174.0
2026-07-02,2026-07-02 14:25:00,79.58,79.65,79.49,79.65,3383.0
2026-07-02,2026-07-02 14:30:00,79.6,79.8,79.6,79.6301,9823.0
2026-07-02,2026-07-02 14:35:00,79.63,79.75,79.47,79.65,5884.0
2026-07-02,2026-07-02 14:40:00,79.47,79.73,79.47,79.56,8201.0
2026-07-02,2026-07-02 14:45:00,79.56,79.8,79.56,79.795,4934.0
2026-07-02,2026-07-02 14:50:00,79.79,79.795,79.61,79.75,3596.0
2026-07-02,2026-07-02 14:55:00,79.65,79.8156,79.65,79.8,8096.0
2026-07-02,2026-07-02 15:00:00,79.8,79.9,79.67,79.81,12128.0
2026-07-02,2026-07-02 15:05:00,79.87,79.87,79.56,79.605,6357.0
2026-07-02,2026-07-02 15:10:00,79.54,79.86,79.5,79.71,8937.0
2026-07-02,2026-07-02 15:15:00,79.71,79.84,79.71,79.74,3804.0
2026-07-02,2026-07-02 15:20:00,79.76,79.79,79.64,79.71,9388.0
2026-07-02,2026-07-02 15:25:00,79.7,79.705,79.45,79.66,19260.0
2026-07-02,2026-07-02 15:30:00,79.61,79.745,79.55,79.61,10045.0
2026-07-02,2026-07-02 15:35:00,79.605,79.64,79.15,79.32,26130.0
2026-07-02,2026-07-02 15:40:00,79.345,79.42,79.22,79.26,41142.0
2026-07-02,2026-07-02 15:45:00,79.26,79.69,79.25,79.615,30386.0
2026-07-02,2026-07-02 15:50:00,79.615,79.65,79.47,79.58,25656.0
2026-07-02,2026-07-02 15:55:00,79.57,79.63,79.12,79.44,67613.0
2026-07-02,2026-07-02 16:00:00,79.46,79.95,79.45,79.77,203149.0
2026-07-06,2026-07-06 09:35:00,78.58,79.585,78.33,79.36,33925.0
2026-07-06,2026-07-06 09:40:00,79.26,79.69,78.6,78.6,8844.0
2026-07-06,2026-07-06 09:45:00,78.92,79.69,78.25,79.005,5406.0
2026-07-06,2026-07-06 09:50:00,79.005,79.86,79.005,79.65,8653.0
2026-07-06,2026-07-06 09:55:00,79.98,80.0,79.47,79.63,17644.0
2026-07-06,2026-07-06 10:00:00,79.91,80.0,79.77,80.0,7196.0
2026-07-06,2026-07-06 10:05:00,79.82,80.41,79.78,79.87,17427.0
2026-07-06,2026-07-06 10:10:00,79.27,79.475,79.11,79.11,2938.0
2026-07-06,2026-07-06 10:15:00,79.28,79.6697,78.97,78.97,3539.0
2026-07-06,2026-07-06 10:20:00,78.68,78.87,78.2501,78.7,2911.0
2026-07-06,2026-07-06 10:25:00,78.635,78.7458,78.635,78.7458,1350.0
2026-07-06,2026-07-06 10:30:00,78.78,78.78,78.35,78.515,2724.0
2026-07-06,2026-07-06 10:35:00,78.77,78.77,78.335,78.49,2089.0
2026-07-06,2026-07-06 10:40:00,78.045,78.42,77.8544,78.03,4936.0
2026-07-06,2026-07-06 10:45:00,78.03,78.03,77.55,77.62,6917.0
2026-07-06,2026-07-06 10:50:00,77.665,77.94,77.655,77.94,3412.0
2026-07-06,2026-07-06 10:55:00,78.05,78.24,78.05,78.06,1834.0
2026-07-06,2026-07-06 11:00:00,78.095,78.45,78.095,78.44,3806.0
2026-07-06,2026-07-06 11:05:00,78.46,78.66,78.46,78.66,2576.0
2026-07-06,2026-07-06 11:10:00,78.51,78.88,78.51,78.73,5888.0
2026-07-06,2026-07-06 11:15:00,78.73,79.24,78.6901,79.24,4178.0
2026-07-06,2026-07-06 11:20:00,79.215,79.23,79.005,79.23,4012.0
2026-07-06,2026-07-06 11:25:00,79.24,79.72,79.16,79.63,5878.0
2026-07-06,2026-07-06 11:30:00,79.76,80.16,79.76,79.97,2676.0
2026-07-06,2026-07-06 11:35:00,79.975,79.975,79.72,79.875,3917.0
2026-07-06,2026-07-06 11:40:00,80.0,80.0,79.7587,79.93,3937.0
2026-07-06,2026-07-06 11:45:00,79.95,80.0,79.88,79.975,4010.0
2026-07-06,2026-07-06 11:50:00,79.97,80.22,79.97,80.035,5224.0
2026-07-06,2026-07-06 11:55:00,80.07,80.07,79.985,79.985,2888.0
2026-07-06,2026-07-06 12:00:00,80.0,80.63,80.0,80.63,6968.0
2026-07-06,2026-07-06 12:05:00,80.63,80.63,80.4255,80.4255,3606.0
2026-07-06,2026-07-06 12:10:00,80.34,80.66,80.34,80.66,2736.0
2026-07-06,2026-07-06 12:15:00,80.525,80.98,80.35,80.98,25092.0
2026-07-06,2026-07-06 12:20:00,80.98,81.03,80.77,80.82,6611.0
2026-07-06,2026-07-06 12:25:00,81.0,81.28,80.99,81.28,5228.0
2026-07-06,2026-07-06 12:30:00,81.27,81.37,81.195,81.26,6706.0
2026-07-06,2026-07-06 12:35:00,81.2,81.58,81.13,81.5525,5522.0
2026-07-06,2026-07-06 12:40:00,81.56,81.72,81.37,81.62,8337.0
2026-07-06,2026-07-06 12:45:00,81.6199,81.6199,81.26,81.28,5227.0
2026-07-06,2026-07-06 12:50:00,81.285,81.63,81.22,81.61,9311.0
2026-07-06,2026-07-06 12:55:00,81.63,81.88,81.57,81.57,6694.0
2026-07-06,2026-07-06 13:00:00,81.69,81.88,81.615,81.81,5159.0
2026-07-06,2026-07-06 13:05:00,81.71,81.928,81.57,81.92,5959.0
2026-07-06,2026-07-06 13:10:00,81.94,82.25,81.87,82.13,8887.0
2026-07-06,2026-07-06 13:15:00,82.1,82.395,82.02,82.31,8261.0
2026-07-06,2026-07-06 13:20:00,82.35,82.62,82.33,82.38,7049.0
2026-07-06,2026-07-06 13:25:00,82.49,82.53,82.24,82.355,10911.0
2026-07-06,2026-07-06 13:30:00,82.355,82.38,82.11,82.11,13080.0
2026-07-06,2026-07-06 13:35:00,82.24,82.24,81.895,81.92,8968.0
2026-07-06,2026-07-06 13:40:00,82.0,82.15,81.935,82.035,6106.0
2026-07-06,2026-07-06 13:45:00,82.035,82.035,81.86,81.91,10449.0
2026-07-06,2026-07-06 13:50:00,82.01,82.01,81.73,81.81,6053.0
2026-07-06,2026-07-06 13:55:00,81.67,81.76,81.58,81.76,8601.0
2026-07-06,2026-07-06 14:00:00,81.76,81.86,81.64,81.77,5353.0
2026-07-06,2026-07-06 14:05:00,81.66,81.675,81.45,81.5,12036.0
2026-07-06,2026-07-06 14:10:00,81.58,81.97,81.58,81.87,9689.0
2026-07-06,2026-07-06 14:15:00,81.93,81.98,81.7101,81.87,3481.0
2026-07-06,2026-07-06 14:20:00,81.87,82.05,81.87,82.04,3920.0
2026-07-06,2026-07-06 14:25:00,81.96,82.13,81.96,82.11,4107.0
2026-07-06,2026-07-06 14:30:00,82.11,82.13,82.03,82.1,3881.0
2026-07-06,2026-07-06 14:35:00,82.04,82.09,81.9,82.09,8494.0
2026-07-06,2026-07-06 14:40:00,82.155,82.24,82.04,82.22,7103.0
2026-07-06,2026-07-06 14:45:00,81.98,82.06,81.845,81.96,7998.0
2026-07-06,2026-07-06 14:50:00,81.94,82.22,81.93,82.095,9071.0
2026-07-06,2026-07-06 14:55:00,82.09,82.16,81.98,82.14,4787.0
2026-07-06,2026-07-06 15:00:00,82.14,82.14,82.0,82.045,11275.0
2026-07-06,2026-07-06 15:05:00,81.98,82.25,81.935,82.165,8079.0
2026-07-06,2026-07-06 15:10:00,82.165,82.26,82.04,82.26,8284.0
2026-07-06,2026-07-06 15:15:00,82.258,82.39,82.258,82.39,4499.0
2026-07-06,2026-07-06 15:20:00,82.285,82.38,82.08,82.12,7859.0
2026-07-06,2026-07-06 15:25:00,82.17,82.33,82.06,82.3,6992.0
2026-07-06,2026-07-06 15:30:00,82.34,82.34,82.08,82.18,25795.0
2026-07-06,2026-07-06 15:35:00,82.18,82.25,81.72,81.76,70874.0
2026-07-06,2026-07-06 15:40:00,81.67,81.825,81.44,81.73,21704.0
2026-07-06,2026-07-06 15:45:00,81.74,82.065,81.67,81.87,17076.0
2026-07-06,2026-07-06 15:50:00,82.02,82.36,81.94,82.26,22420.0
2026-07-06,2026-07-06 15:55:00,82.33,82.43,81.815,81.99,29748.0
2026-07-06,2026-07-06 16:00:00,82.05,82.5,81.94,82.5,180638.0
2026-07-07,2026-07-07 09:35:00,85.13,85.82,84.15,84.88,30232.0
2026-07-07,2026-07-07 09:40:00,85.08,85.45,84.39,84.41,7282.0
2026-07-07,2026-07-07 09:45:00,84.26,84.3,83.6699,84.0,14102.0
2026-07-07,2026-07-07 09:50:00,83.56,83.615,82.56,82.57,13286.0
2026-07-07,2026-07-07 09:55:00,82.41,82.54,82.02,82.54,8899.0
2026-07-07,2026-07-07 10:00:00,82.45,82.95,82.1,82.815,17564.0
2026-07-07,2026-07-07 10:05:00,82.64,83.22,82.49,82.495,10626.0
2026-07-07,2026-07-07 10:10:00,82.49,82.71,82.37,82.5,4967.0
2026-07-07,2026-07-07 10:15:00,82.5,82.63,82.091,82.35,8806.0
2026-07-07,2026-07-07 10:20:00,82.18,83.56,82.18,83.255,7358.0
2026-07-07,2026-07-07 10:25:00,83.24,83.61,83.0001,83.4,6550.0
2026-07-07,2026-07-07 10:30:00,83.5,84.41,83.02,84.41,11881.0
2026-07-07,2026-07-07 10:35:00,84.336396,84.47,84.06,84.45,7864.0
2026-07-07,2026-07-07 10:40:00,83.9501,84.88,83.9501,84.685,14117.0
2026-07-07,2026-07-07 10:45:00,84.44,84.5,84.205,84.305,5826.0
2026-07-07,2026-07-07 10:50:00,84.5,85.25,84.365,85.11,19925.0
2026-07-07,2026-07-07 10:55:00,85.2,85.25,84.205,84.205,12840.0
2026-07-07,2026-07-07 11:00:00,84.24,84.43,83.91,84.005,5203.0
2026-07-07,2026-07-07 11:05:00,84.06,84.44,84.06,84.31,4683.0
2026-07-07,2026-07-07 11:10:00,84.44,84.86,84.385,84.77,6163.0
2026-07-07,2026-07-07 11:15:00,84.86,84.86,84.47,84.565,4981.0
2026-07-07,2026-07-07 11:20:00,84.37,84.75,84.21,84.69,9087.0
2026-07-07,2026-07-07 11:25:00,84.665,84.89,84.665,84.7,2385.0
2026-07-07,2026-07-07 11:30:00,84.88,84.98,84.76,84.87,5185.0
2026-07-07,2026-07-07 11:35:00,84.71,84.71,84.26,84.41,6472.0
2026-07-07,2026-07-07 11:40:00,84.445,84.59,84.24,84.37,4850.0
2026-07-07,2026-07-07 11:45:00,84.24,84.47,84.17,84.415,4962.0
2026-07-07,2026-07-07 11:50:00,84.445,84.67,84.445,84.65,1697.0
2026-07-07,2026-07-07 11:55:00,84.66,84.82,84.525,84.64,7236.0
2026-07-07,2026-07-07 12:00:00,84.72,84.94,84.7125,84.88,3733.0
2026-07-07,2026-07-07 12:05:00,84.9,85.05,84.8,84.9275,5799.0
2026-07-07,2026-07-07 12:10:00,84.885,84.98,84.7671,84.94,4528.0
2026-07-07,2026-07-07 12:15:00,84.94,84.9401,84.72,84.72,3468.0
2026-07-07,2026-07-07 12:20:00,84.755,84.755,84.57,84.57,3837.0
2026-07-07,2026-07-07 12:25:00,84.71,84.71,84.46,84.5475,4847.0
2026-07-07,2026-07-07 12:30:00,84.7,84.705,84.58,84.58,1642.0
2026-07-07,2026-07-07 12:35:00,84.58,84.58,84.58,84.58,849.0
2026-07-07,2026-07-07 12:40:00,84.605,84.76,84.57,84.57,1481.0
2026-07-07,2026-07-07 12:45:00,84.565,84.7,84.565,84.7,1122.0
2026-07-07,2026-07-07 12:50:00,84.625,84.625,84.41,84.41,3924.0
2026-07-07,2026-07-07 12:55:00,84.31,84.36,84.25,84.36,2416.0
2026-07-07,2026-07-07 13:00:00,84.34,84.48,84.315,84.48,3077.0
2026-07-07,2026-07-07 13:05:00,84.31,84.445,84.31,84.4425,1454.0
2026-07-07,2026-07-07 13:10:00,84.445,84.5,84.42,84.42,1552.0
2026-07-07,2026-07-07 13:15:00,84.43,84.43,84.43,84.43,1284.0
2026-07-07,2026-07-07 13:20:00,84.415,84.54,84.405,84.47,3742.0
2026-07-07,2026-07-07 13:25:00,84.62,84.71,84.55,84.55,4012.0
2026-07-07,2026-07-07 13:30:00,84.52,84.61,84.51,84.61,5161.0
2026-07-07,2026-07-07 13:35:00,84.7,84.72,84.58,84.68,4810.0
2026-07-07,2026-07-07 13:40:00,84.69,84.69,84.69,84.69,1209.0
2026-07-07,2026-07-07 13:45:00,84.74,84.82,84.74,84.79,3543.0
2026-07-07,2026-07-07 13:50:00,84.83,84.86,84.83,84.86,1598.0
2026-07-07,2026-07-07 13:55:00,84.86,84.8675,84.855,84.865,4266.0
2026-07-07,2026-07-07 14:00:00,84.94,85.15,84.93,85.13,6349.0
2026-07-07,2026-07-07 14:05:00,85.085,85.085,85.0,85.0,4115.0
2026-07-07,2026-07-07 14:10:00,85.015,85.25,85.015,85.155,16710.0
2026-07-07,2026-07-07 14:15:00,85.22,85.26,85.063,85.15,5209.0
2026-07-07,2026-07-07 14:20:00,85.145,85.145,85.14,85.14,1819.0
2026-07-07,2026-07-07 14:25:00,85.25,85.25,85.12,85.13,1329.0
2026-07-07,2026-07-07 14:30:00,85.13,85.46,85.13,85.25,6887.0
2026-07-07,2026-07-07 14:35:00,85.24,85.47,85.06,85.25,30769.0
2026-07-07,2026-07-07 14:40:00,85.06,85.245,84.85,85.05,12180.0
2026-07-07,2026-07-07 14:45:00,85.045,85.05,84.57,84.755,8293.0
2026-07-07,2026-07-07 14:50:00,84.74,84.74,84.39,84.445,6160.0
2026-07-07,2026-07-07 14:55:00,84.3,84.3,84.13,84.175,5430.0
2026-07-07,2026-07-07 15:00:00,84.26,84.32,84.145,84.2,1713.0
2026-07-07,2026-07-07 15:05:00,84.145,84.22,83.91,83.96,10637.0
2026-07-07,2026-07-07 15:10:00,83.96,84.06,83.91,83.91,6090.0
2026-07-07,2026-07-07 15:15:00,83.9,83.99,83.76,83.92,6063.0
2026-07-07,2026-07-07 15:20:00,83.92,83.93,83.6,83.7,8079.0
2026-07-07,2026-07-07 15:25:00,83.7,83.865,83.63,83.8625,10552.0
2026-07-07,2026-07-07 15:30:00,83.865,83.88,83.61,83.75,5970.0
2026-07-07,2026-07-07 15:35:00,83.72,84.11,83.72,83.895,20726.0
2026-07-07,2026-07-07 15:40:00,83.85,84.03,83.58,83.675,28710.0
2026-07-07,2026-07-07 15:45:00,83.74,83.96,83.73,83.88,20149.0
2026-07-07,2026-07-07 15:50:00,83.95,84.02,83.82,83.99,18052.0
2026-07-07,2026-07-07 15:55:00,83.93,84.1,83.66,84.1,32442.0
2026-07-07,2026-07-07 16:00:00,83.99,84.21,83.96,84.1,332653.0
2026-07-08,2026-07-08 09:35:00,81.99,82.5399,81.26,82.04,12421.0
2026-07-08,2026-07-08 09:40:00,81.57,82.39,81.32,82.22,4173.0
2026-07-08,2026-07-08 09:45:00,82.38,82.38,81.82,82.0,3088.0
2026-07-08,2026-07-08 09:50:00,82.055,82.055,81.215,81.24,8305.0
2026-07-08,2026-07-08 09:55:00,81.23,81.23,80.0,80.0,6056.0
2026-07-08,2026-07-08 10:00:00,80.3,81.19,80.18,81.17,8492.0
2026-07-08,2026-07-08 10:05:00,81.15,81.21,80.51,80.8,6144.0
2026-07-08,2026-07-08 10:10:00,80.93,82.03,80.93,81.74,6558.0
2026-07-08,2026-07-08 10:15:00,81.48,81.795,81.48,81.795,5797.0
2026-07-08,2026-07-08 10:20:00,81.795,81.795,80.95,81.19,6959.0
2026-07-08,2026-07-08 10:25:00,81.48,82.0,81.48,81.62,8290.0
2026-07-08,2026-07-08 10:30:00,81.62,82.0,81.5,81.99,5007.0
2026-07-08,2026-07-08 10:35:00,82.09,82.24,81.77,82.08,3426.0
2026-07-08,2026-07-08 10:40:00,81.6,81.87,81.46,81.75,4440.0
2026-07-08,2026-07-08 10:45:00,81.81,82.18,81.81,82.07,2536.0
2026-07-08,2026-07-08 10:50:00,82.21,82.21,81.835,81.9,1753.0
2026-07-08,2026-07-08 10:55:00,82.19,82.21,81.54,81.54,9786.0
2026-07-08,2026-07-08 11:00:00,81.46,81.75,81.34,81.36,6130.0
2026-07-08,2026-07-08 11:05:00,81.37,81.48,81.09,81.16,17910.0
2026-07-08,2026-07-08 11:10:00,81.14,81.8,81.14,81.8,13295.0
2026-07-08,2026-07-08 11:15:00,81.82,81.96,81.59,81.76,3894.0
2026-07-08,2026-07-08 11:20:00,81.55,81.86,81.33,81.7,13986.0
2026-07-08,2026-07-08 11:25:00,81.705,81.9,81.42,81.445,4762.0
2026-07-08,2026-07-08 11:30:00,81.5701,81.5701,81.37,81.51,5929.0
2026-07-08,2026-07-08 11:35:00,81.51,81.51,81.09,81.11,5722.0
2026-07-08,2026-07-08 11:40:00,81.11,81.49,81.11,81.49,1964.0
2026-07-08,2026-07-08 11:45:00,81.5,81.5,80.95,80.95,5459.0
2026-07-08,2026-07-08 11:50:00,80.9,81.18,80.8422,81.18,2454.0
2026-07-08,2026-07-08 11:55:00,81.17,81.46,81.055,81.41,4708.0
2026-07-08,2026-07-08 12:00:00,81.365,81.5,81.365,81.47,3988.0
2026-07-08,2026-07-08 12:05:00,81.52,81.79,81.52,81.67,5096.0
2026-07-08,2026-07-08 12:10:00,81.86,81.99,81.67,81.67,4019.0
2026-07-08,2026-07-08 12:15:00,81.67,81.67,81.37,81.545,5661.0
2026-07-08,2026-07-08 12:20:00,81.595,81.595,81.33,81.43,4173.0
2026-07-08,2026-07-08 12:25:00,81.46,81.76,81.27,81.74,6476.0
2026-07-08,2026-07-08 12:30:00,81.82,81.98,81.785,81.89,4664.0
2026-07-08,2026-07-08 12:35:00,81.99,82.0,81.78,81.78,5228.0
2026-07-08,2026-07-08 12:40:00,81.78,81.79,81.43,81.47,6178.0
2026-07-08,2026-07-08 12:45:00,81.58,81.9,81.58,81.9,2631.0
2026-07-08,2026-07-08 12:50:00,81.735,81.89,81.45,81.45,3642.0
2026-07-08,2026-07-08 12:55:00,81.37,81.52,81.27,81.52,6375.0
2026-07-08,2026-07-08 13:00:00,81.415,81.45,81.28,81.44,1693.0
2026-07-08,2026-07-08 13:05:00,81.37,81.53,81.06,81.53,15305.0
2026-07-08,2026-07-08 13:10:00,81.325,81.51,81.195,81.355,26539.0
2026-07-08,2026-07-08 13:15:00,81.53,81.54,80.9,81.045,22604.0
2026-07-08,2026-07-08 13:20:00,81.01,81.185,80.96,81.16,8050.0
2026-07-08,2026-07-08 13:25:00,81.28,81.4,81.17,81.3,5326.0
2026-07-08,2026-07-08 13:30:00,81.39,81.425,81.29,81.29,4243.0
2026-07-08,2026-07-08 13:35:00,81.395,81.395,81.38,81.38,1839.0
2026-07-08,2026-07-08 13:40:00,81.26,81.37,81.23,81.37,3591.0
2026-07-08,2026-07-08 13:45:00,81.32,81.385,81.17,81.385,5654.0
2026-07-08,2026-07-08 13:50:00,81.22,81.4,81.22,81.4,1826.0
2026-07-08,2026-07-08 13:55:00,81.3,81.3,81.09,81.18,3757.0
2026-07-08,2026-07-08 14:00:00,81.13,81.29,81.13,81.215,2832.0
2026-07-08,2026-07-08 14:05:00,81.29,81.42,81.285,81.4,4207.0
2026-07-08,2026-07-08 14:10:00,81.37,81.37,81.21,81.21,1669.0
2026-07-08,2026-07-08 14:15:00,81.438,81.915,81.22,81.7,9313.0
2026-07-08,2026-07-08 14:20:00,81.67,81.69,81.56,81.64,4734.0
2026-07-08,2026-07-08 14:25:00,81.67,81.79,81.54,81.79,3067.0
2026-07-08,2026-07-08 14:30:00,81.74,82.01,81.68,81.935,4569.0
2026-07-08,2026-07-08 14:35:00,81.93,82.04,81.71,81.82,5433.0
2026-07-08,2026-07-08 14:40:00,81.845,81.845,81.63,81.8,3355.0
2026-07-08,2026-07-08 14:45:00,81.85,81.96,81.68,81.93,3768.0
2026-07-08,2026-07-08 14:50:00,81.8,81.92,81.79,81.855,4125.0
2026-07-08,2026-07-08 14:55:00,81.6935,81.815,81.57,81.8,4814.0
2026-07-08,2026-07-08 15:00:00,81.635,81.8,81.54,81.8,2550.0
2026-07-08,2026-07-08 15:05:00,81.8,81.8,81.37,81.52,8480.0
2026-07-08,2026-07-08 15:10:00,81.515,81.515,81.14,81.15,5433.0
2026-07-08,2026-07-08 15:15:00,81.14,81.19,80.98,80.98,4279.0
2026-07-08,2026-07-08 15:20:00,81.05,81.185,80.91,81.18,3455.0
2026-07-08,2026-07-08 15:25:00,81.08,81.45,81.08,81.325,5807.0
2026-07-08,2026-07-08 15:30:00,81.27,81.47,81.27,81.405,4912.0
2026-07-08,2026-07-08 15:35:00,81.34,81.4,81.22,81.25,9092.0
2026-07-08,2026-07-08 15:40:00,81.325,81.6,81.201,81.43,6081.0
2026-07-08,2026-07-08 15:45:00,81.505,81.89,81.505,81.745,9274.0
2026-07-08,2026-07-08 15:50:00,81.72,81.81,81.37,81.63,21626.0
2026-07-08,2026-07-08 15:55:00,81.495,81.5,81.11,81.2,29833.0
2026-07-08,2026-07-08 16:00:00,81.22,81.34,80.95,81.02,146632.0
2026-07-09,2026-07-09 09:35:00,77.69,78.81,76.5,78.81,40126.0
2026-07-09,2026-07-09 09:40:00,78.69,79.6,78.19,79.27,16727.0
2026-07-09,2026-07-09 09:45:00,79.295,80.555,79.1,79.93,8375.0
2026-07-09,2026-07-09 09:50:00,80.43,80.8,80.1,80.25,12526.0
2026-07-09,2026-07-09 09:55:00,80.69,81.0,80.19,80.88,6976.0
2026-07-09,2026-07-09 10:00:00,80.85,81.33,80.52,80.84,9026.0
2026-07-09,2026-07-09 10:05:00,80.89,81.31,80.72,80.785,6065.0
2026-07-09,2026-07-09 10:10:00,80.78,80.78,80.25,80.35,4714.0
2026-07-09,2026-07-09 10:15:00,80.22,80.8,80.06,80.78,7120.0
2026-07-09,2026-07-09 10:20:00,80.52,80.59,80.0,80.0,3660.0
2026-07-09,2026-07-09 10:25:00,80.085,80.5,80.02,80.5,5779.0
2026-07-09,2026-07-09 10:30:00,80.58,80.759,80.29,80.61,4174.0
2026-07-09,2026-07-09 10:35:00,80.6,80.645,80.28,80.34,4378.0
2026-07-09,2026-07-09 10:40:00,80.3,80.9,80.3,80.89,6587.0
2026-07-09,2026-07-09 10:45:00,80.91,80.99,80.68,80.68,7685.0
2026-07-09,2026-07-09 10:50:00,80.775,81.2,80.775,81.187,6243.0
2026-07-09,2026-07-09 10:55:00,80.925,81.15,80.61,81.06,7361.0
2026-07-09,2026-07-09 11:00:00,81.1999,81.42,80.965,81.42,4578.0
2026-07-09,2026-07-09 11:05:00,81.42,81.975,81.42,81.8,2925.0
2026-07-09,2026-07-09 11:10:00,81.78,81.785,81.29,81.495,8659.0
2026-07-09,2026-07-09 11:15:00,81.71,82.0,81.71,81.795,5408.0
2026-07-09,2026-07-09 11:20:00,81.64,82.04,81.54,81.54,2385.0
2026-07-09,2026-07-09 11:25:00,81.64,81.93,81.485,81.73,6007.0
2026-07-09,2026-07-09 11:30:00,81.62,81.745,81.55,81.65,5541.0
2026-07-09,2026-07-09 11:35:00,81.64,81.77,81.64,81.73,3967.0
2026-07-09,2026-07-09 11:40:00,81.655,81.79,81.6,81.665,2523.0
2026-07-09,2026-07-09 11:45:00,81.665,82.08,81.665,82.07,3170.0
2026-07-09,2026-07-09 11:50:00,82.06,82.07,81.78,81.83,2166.0
2026-07-09,2026-07-09 11:55:00,81.77,82.0,81.69,81.82,2889.0
2026-07-09,2026-07-09 12:00:00,81.82,81.82,81.74,81.74,2148.0
2026-07-09,2026-07-09 12:05:00,81.93,81.94,81.79,81.79,2636.0
2026-07-09,2026-07-09 12:10:00,81.95,82.01,81.91,82.0099,3949.0
2026-07-09,2026-07-09 12:15:00,81.85,82.02,81.85,81.945,3937.0
2026-07-09,2026-07-09 12:20:00,81.99,82.11,81.99,82.0,3861.0
2026-07-09,2026-07-09 12:25:00,82.07,82.34,82.07,82.32,3481.0
2026-07-09,2026-07-09 12:30:00,82.34,82.34,82.19,82.19,2170.0
2026-07-09,2026-07-09 12:35:00,82.32,82.46,82.28,82.45,5622.0
2026-07-09,2026-07-09 12:40:00,82.5,82.7,82.495,82.495,3222.0
2026-07-09,2026-07-09 12:45:00,82.68,82.68,82.535,82.535,1608.0
2026-07-09,2026-07-09 12:50:00,82.65,82.65,82.535,82.535,2187.0
2026-07-09,2026-07-09 12:55:00,82.46,82.46,82.36,82.36,3784.0
2026-07-09,2026-07-09 13:00:00,82.45,82.58,82.42,82.58,3734.0
2026-07-09,2026-07-09 13:05:00,82.55,82.68,81.985,82.525,23788.0
2026-07-09,2026-07-09 13:10:00,82.64,82.64,82.375,82.45,1683.0
2026-07-09,2026-07-09 13:15:00,82.58,82.58,82.41,82.58,1444.0
2026-07-09,2026-07-09 13:20:00,82.41,82.66,82.38,82.605,7315.0
2026-07-09,2026-07-09 13:25:00,82.67,82.7,82.52,82.67,4572.0
2026-07-09,2026-07-09 13:30:00,82.7,82.84,82.7,82.74,2012.0
2026-07-09,2026-07-09 13:35:00,82.72,82.72,82.72,82.72,1376.0
2026-07-09,2026-07-09 13:40:00,82.72,82.72,82.51,82.5725,4320.0
2026-07-09,2026-07-09 13:45:00,82.56,82.595,82.45,82.54,3864.0
2026-07-09,2026-07-09 13:50:00,82.66,82.73,82.62,82.62,2643.0
2026-07-09,2026-07-09 13:55:00,82.66,82.66,82.64,82.64,1322.0
2026-07-09,2026-07-09 14:00:00,82.74,82.79,82.57,82.57,2455.0
2026-07-09,2026-07-09 14:05:00,82.53,82.58,82.46,82.58,2756.0
2026-07-09,2026-07-09 14:10:00,82.53,82.61,82.35,82.565,13781.0
2026-07-09,2026-07-09 14:15:00,82.495,82.73,82.495,82.66,3101.0
2026-07-09,2026-07-09 14:20:00,82.67,82.67,82.5,82.57,3166.0
2026-07-09,2026-07-09 14:25:00,82.57,82.95,82.57,82.855,7250.0
2026-07-09,2026-07-09 14:30:00,82.82,82.99,82.78,82.99,5556.0
2026-07-09,2026-07-09 14:35:00,82.915,83.25,82.915,83.13,3333.0
2026-07-09,2026-07-09 14:40:00,83.095,83.32,83.095,83.13,3939.0
2026-07-09,2026-07-09 14:45:00,83.12,83.165,82.96,83.045,8708.0
2026-07-09,2026-07-09 14:50:00,83.03,83.045,82.97,82.995,5458.0
2026-07-09,2026-07-09 14:55:00,82.995,83.04,82.89,82.99,6797.0
2026-07-09,2026-07-09 15:00:00,83.04,83.12,82.99,83.12,6534.0
2026-07-09,2026-07-09 15:05:00,83.09,83.27,83.01,83.19,6881.0
2026-07-09,2026-07-09 15:10:00,83.19,83.27,83.09,83.24,2580.0
2026-07-09,2026-07-09 15:15:00,83.249,83.29,83.15,83.29,3875.0
2026-07-09,2026-07-09 15:20:00,83.29,83.51,83.235,83.235,10589.0
2026-07-09,2026-07-09 15:25:00,83.16,83.28,83.1,83.195,3550.0
2026-07-09,2026-07-09 15:30:00,83.27,83.275,83.13,83.15,3795.0
2026-07-09,2026-07-09 15:35:00,83.145,83.38,83.14,83.38,6368.0
2026-07-09,2026-07-09 15:40:00,83.37,83.39,83.22,83.26,4805.0
2026-07-09,2026-07-09 15:45:00,83.36,83.48,83.29,83.3105,7125.0
2026-07-09,2026-07-09 15:50:00,83.405,83.67,83.405,83.67,5847.0
2026-07-09,2026-07-09 15:55:00,83.52,83.56,83.06,83.28,27259.0
2026-07-09,2026-07-09 16:00:00,83.27,83.78,83.27,83.65,119912.0
2026-07-10,2026-07-10 09:35:00,85.88,86.39,84.54,85.105,14896.0
2026-07-10,2026-07-10 09:40:00,85.15,85.68,84.7,85.275,8051.0
2026-07-10,2026-07-10 09:45:00,85.68,85.73,84.92,85.265,5529.0
2026-07-10,2026-07-10 09:50:00,84.99,84.99,84.4468,84.7,2305.0
2026-07-10,2026-07-10 09:55:00,84.28,84.76,84.01,84.38,3231.0
2026-07-10,2026-07-10 10:00:00,84.24,84.24,84.24,84.24,1338.0
2026-07-10,2026-07-10 10:05:00,84.01,84.13,83.925,83.925,4892.0
2026-07-10,2026-07-10 10:10:00,84.07,84.09,83.72,83.82,3480.0
2026-07-10,2026-07-10 10:15:00,83.815,83.815,83.42,83.58,8145.0
2026-07-10,2026-07-10 10:20:00,83.54,84.06,83.25,84.06,14456.0
2026-07-10,2026-07-10 10:25:00,83.71,83.92,83.46,83.87,11066.0
2026-07-10,2026-07-10 10:30:00,83.655,83.89,83.42,83.88,12955.0
2026-07-10,2026-07-10 10:35:00,83.93,84.2,83.5,83.92,17926.0
2026-07-10,2026-07-10 10:40:00,83.82,83.9,82.93,83.43,7092.0
2026-07-10,2026-07-10 10:45:00,83.2,83.2,82.81,83.175,3962.0
2026-07-10,2026-07-10 10:50:00,83.23,83.23,83.16,83.165,2056.0
2026-07-10,2026-07-10 10:55:00,83.78,83.79,83.43,83.485,4512.0
2026-07-10,2026-07-10 11:00:00,83.59,83.86,83.58,83.745,3035.0
2026-07-10,2026-07-10 11:05:00,83.57,83.59,83.51,83.51,5026.0
2026-07-10,2026-07-10 11:10:00,83.4,83.4,83.23,83.395,2098.0
2026-07-10,2026-07-10 11:15:00,83.335,83.47,83.21,83.26,2915.0
2026-07-10,2026-07-10 11:20:00,83.25,83.3,83.25,83.29,1672.0
2026-07-10,2026-07-10 11:25:00,83.28,83.37,83.16,83.37,2505.0
2026-07-10,2026-07-10 11:30:00,83.23,83.45,83.21,83.24,4214.0
2026-07-10,2026-07-10 11:35:00,83.32,83.32,83.04,83.17,2520.0
2026-07-10,2026-07-10 11:40:00,83.16,83.16,83.14,83.14,916.0
2026-07-10,2026-07-10 11:45:00,83.145,83.16,83.12,83.13,1966.0
2026-07-10,2026-07-10 11:50:00,83.0,83.06,82.92,83.06,1258.0
2026-07-10,2026-07-10 11:55:00,83.13,83.25,83.06,83.25,1943.0
2026-07-10,2026-07-10 12:00:00,83.3,83.52,83.3,83.44,1831.0
2026-07-10,2026-07-10 12:05:00,83.35,83.35,83.185,83.185,1855.0
2026-07-10,2026-07-10 12:10:00,83.16,83.27,83.06,83.18,3928.0
2026-07-10,2026-07-10 12:15:00,83.38,83.38,83.14,83.25,1338.0
2026-07-10,2026-07-10 12:20:00,83.27,83.28,83.27,83.27,1202.0
2026-07-10,2026-07-10 12:25:00,83.18,83.18,83.01,83.07,4320.0
2026-07-10,2026-07-10 12:30:00,83.0,83.08,83.0,83.08,1668.0
2026-07-10,2026-07-10 12:35:00,83.14,83.14,83.14,83.14,743.0
2026-07-10,2026-07-10 12:40:00,83.06,83.075,82.79,82.79,4184.0
2026-07-10,2026-07-10 12:45:00,82.91,83.0,82.91,82.93,2576.0
2026-07-10,2026-07-10 12:50:00,82.925,82.925,82.82,82.84,2187.0
2026-07-10,2026-07-10 12:55:00,82.8,82.86,82.8,82.86,899.0
2026-07-10,2026-07-10 13:00:00,82.94,83.01,82.856593,83.01,3027.0
2026-07-10,2026-07-10 13:05:00,82.94,83.06,82.94,82.965,1858.0
2026-07-10,2026-07-10 13:10:00,82.955,82.955,82.8,82.8,4151.0
2026-07-10,2026-07-10 13:15:00,82.8,82.8,82.5953,82.5953,2711.0
2026-07-10,2026-07-10 13:20:00,82.655,82.655,82.5,82.5,3650.0
2026-07-10,2026-07-10 13:25:00,82.47,82.5,82.3908,82.42,4737.0
2026-07-10,2026-07-10 13:30:00,82.42,82.42,82.3,82.37,3309.0
2026-07-10,2026-07-10 13:35:00,82.365,82.44,82.365,82.44,1182.0
2026-07-10,2026-07-10 13:40:00,82.36,82.57,82.36,82.57,4264.0
2026-07-10,2026-07-10 13:45:00,82.51,82.51,82.125,82.2,5752.0
2026-07-10,2026-07-10 13:50:00,82.18,82.23,82.045,82.18,4398.0
2026-07-10,2026-07-10 13:55:00,82.12,82.23,82.05,82.23,3857.0
2026-07-10,2026-07-10 14:00:00,82.3,82.3,82.05,82.085,3422.0
2026-07-10,2026-07-10 14:05:00,82.11,82.24,82.045,82.1733,2388.0
2026-07-10,2026-07-10 14:10:00,82.35,82.4,82.3,82.31,1481.0
2026-07-10,2026-07-10 14:15:00,82.37,82.4,82.3,82.3,3339.0
2026-07-10,2026-07-10 14:20:00,82.325,82.325,82.22,82.22,2710.0
2026-07-10,2026-07-10 14:25:00,82.25,82.34,82.25,82.31,2325.0
2026-07-10,2026-07-10 14:30:00,82.39,82.4282,82.2816,82.2816,2961.0
2026-07-10,2026-07-10 14:35:00,82.43,82.63,82.35,82.58,8008.0
2026-07-10,2026-07-10 14:40:00,82.61,82.61,82.61,82.61,753.0
2026-07-10,2026-07-10 14:45:00,82.595,82.605,82.595,82.605,1071.0
2026-07-10,2026-07-10 14:50:00,82.57,82.61,82.44,82.585,1432.0
2026-07-10,2026-07-10 14:55:00,82.55,82.66,82.55,82.585,1762.0
2026-07-10,2026-07-10 15:00:00,82.51,82.59,82.51,82.59,1417.0
2026-07-10,2026-07-10 15:05:00,82.51,82.525,82.32,82.39,7595.0
2026-07-10,2026-07-10 15:10:00,82.33,82.45,82.31,82.31,6760.0
2026-07-10,2026-07-10 15:15:00,82.345,82.47,82.28,82.37,6405.0
2026-07-10,2026-07-10 15:20:00,82.43,82.4575,82.33,82.345,12331.0
2026-07-10,2026-07-10 15:25:00,82.45,82.52,82.35,82.51,14645.0
2026-07-10,2026-07-10 15:30:00,82.51,82.56,82.38,82.46,43121.0
2026-07-10,2026-07-10 15:35:00,82.43,82.53,82.43,82.485,6363.0
2026-07-10,2026-07-10 15:40:00,82.485,82.78,82.38,82.78,41307.0
2026-07-10,2026-07-10 15:45:00,82.68,82.68,82.28,82.3,12611.0
2026-07-10,2026-07-10 15:50:00,82.3,82.42,82.27,82.39,4827.0
2026-07-10,2026-07-10 15:55:00,82.39,82.39,82.11,82.18,21223.0
2026-07-10,2026-07-10 16:00:00,82.13,82.57,82.1,82.47,180145.0
2026-07-13,2026-07-13 09:35:00,84.12,85.0,83.83,84.17,24843.0
2026-07-13,2026-07-13 09:40:00,84.22,84.72,84.025,84.415,12605.0
2026-07-13,2026-07-13 09:45:00,84.6999,84.84,84.285,84.84,5114.0
2026-07-13,2026-07-13 09:50:00,84.67,85.0,84.2,84.34,11128.0
2026-07-13,2026-07-13 09:55:00,84.175,84.56,83.25,83.68,11164.0
2026-07-13,2026-07-13 10:00:00,83.7725,84.37,83.61,84.37,6640.0
2026-07-13,2026-07-13 10:05:00,83.95,84.47,83.865,84.03,7285.0
2026-07-13,2026-07-13 10:10:00,84.07,84.07,83.49,83.93,7088.0
2026-07-13,2026-07-13 10:15:00,83.65,84.17,83.55,84.135,5310.0
2026-07-13,2026-07-13 10:20:00,84.045,84.18,83.655,84.06,3939.0
2026-07-13,2026-07-13 10:25:00,84.19,84.6,83.965,84.54,4699.0
2026-07-13,2026-07-13 10:30:00,84.53,85.05,84.47,84.67,8689.0
2026-07-13,2026-07-13 10:35:00,84.705,85.98,84.52,85.91,9885.0
2026-07-13,2026-07-13 10:40:00,85.86,85.92,85.44,85.66,7436.0
2026-07-13,2026-07-13 10:45:00,85.44,85.71,85.35,85.36,5143.0
2026-07-13,2026-07-13 10:50:00,85.31,86.18,85.31,86.18,10068.0
2026-07-13,2026-07-13 10:55:00,86.19,86.25,85.75,86.08,9601.0
2026-07-13,2026-07-13 11:00:00,86.25,86.29,86.05,86.26,11097.0
2026-07-13,2026-07-13 11:05:00,86.46,86.71,86.03,86.03,12790.0
2026-07-13,2026-07-13 11:10:00,86.155,86.5725,86.15,86.52,7082.0
2026-07-13,2026-07-13 11:15:00,86.52,86.68,86.25,86.365,6567.0
2026-07-13,2026-07-13 11:20:00,86.18,86.37,86.01,86.32,4103.0
2026-07-13,2026-07-13 11:25:00,86.32,86.82,86.32,86.775,9267.0
2026-07-13,2026-07-13 11:30:00,86.805,87.0,86.55,86.59,16869.0
2026-07-13,2026-07-13 11:35:00,86.45,87.09,86.4,86.975,18421.0
2026-07-13,2026-07-13 11:40:00,87.1199,87.1199,86.932712,87.1,2907.0
2026-07-13,2026-07-13 11:45:00,87.1,87.27,86.96,87.215,11745.0
2026-07-13,2026-07-13 11:50:00,87.24,87.41,87.0,87.296646,10363.0
2026-07-13,2026-07-13 11:55:00,87.205,87.22,87.1,87.1,2199.0
2026-07-13,2026-07-13 12:00:00,87.1675,87.39,87.04,87.1,5802.0
2026-07-13,2026-07-13 12:05:00,87.09,87.23,86.94,87.085,7262.0
2026-07-13,2026-07-13 12:10:00,87.055,87.18,86.7235,87.18,9767.0
2026-07-13,2026-07-13 12:15:00,86.955,87.095,86.955,87.095,4548.0
2026-07-13,2026-07-13 12:20:00,87.09,87.095,86.89,87.035,5590.0
2026-07-13,2026-07-13 12:25:00,86.84,87.15,86.84,87.15,4401.0
2026-07-13,2026-07-13 12:30:00,86.98,87.23,86.76,87.05,12198.0
2026-07-13,2026-07-13 12:35:00,86.95,87.15,86.95,87.032,4427.0
2026-07-13,2026-07-13 12:40:00,87.09,87.35,87.02,87.35,4392.0
2026-07-13,2026-07-13 12:45:00,87.13,87.25,87.07,87.1,8177.0
2026-07-13,2026-07-13 12:50:00,87.155,87.155,87.02,87.15,2539.0
2026-07-13,2026-07-13 12:55:00,87.07,87.119,86.93,86.97,3786.0
2026-07-13,2026-07-13 13:00:00,86.97,87.07,86.8601,86.98,6999.0
2026-07-13,2026-07-13 13:05:00,86.98,87.25,86.98,87.22,6166.0
2026-07-13,2026-07-13 13:10:00,87.22,87.22,86.97,87.06,6602.0
2026-07-13,2026-07-13 13:15:00,87.03,87.15,86.81,86.82,10142.0
2026-07-13,2026-07-13 13:20:00,86.76,87.01,86.74,86.89,5241.0
2026-07-13,2026-07-13 13:25:00,86.89,87.0,86.75,86.81,4079.0
2026-07-13,2026-07-13 13:30:00,86.855,87.0,86.84,86.95,1996.0
2026-07-13,2026-07-13 13:35:00,86.845,86.87,86.5,86.61,10689.0
2026-07-13,2026-07-13 13:40:00,86.51,87.005,86.45,87.005,11391.0
2026-07-13,2026-07-13 13:45:00,87.005,87.0199,86.825,87.0199,4276.0
2026-07-13,2026-07-13 13:50:00,86.78,87.0387,86.78,86.835,5747.0
2026-07-13,2026-07-13 13:55:00,86.77,86.77,86.52,86.53,5173.0
2026-07-13,2026-07-13 14:00:00,86.45,86.53,86.37,86.4425,3494.0
2026-07-13,2026-07-13 14:05:00,86.37,86.69,86.37,86.69,6881.0
2026-07-13,2026-07-13 14:10:00,86.615,86.73,86.605,86.605,3106.0
2026-07-13,2026-07-13 14:15:00,86.585,86.585,86.39,86.39,4789.0
2026-07-13,2026-07-13 14:20:00,86.43,86.52,86.43,86.455,3206.0
2026-07-13,2026-07-13 14:25:00,86.53,86.56,86.435,86.435,8734.0
2026-07-13,2026-07-13 14:30:00,86.51,86.51,86.3,86.34,5908.0
2026-07-13,2026-07-13 14:35:00,86.52,86.52,86.31,86.38,12791.0
2026-07-13,2026-07-13 14:40:00,86.32,86.45,86.26,86.45,3380.0
2026-07-13,2026-07-13 14:45:00,86.33,86.525,86.33,86.48,6720.0
2026-07-13,2026-07-13 14:50:00,86.495,86.495,86.44,86.495,2506.0
2026-07-13,2026-07-13 14:55:00,86.495,86.6825,86.44,86.6825,8882.0
2026-07-13,2026-07-13 15:00:00,86.63,86.67,86.565,86.67,7314.0
2026-07-13,2026-07-13 15:05:00,86.53,86.63,86.5,86.62,11793.0
2026-07-13,2026-07-13 15:10:00,86.68,86.68,86.39,86.47,8141.0
2026-07-13,2026-07-13 15:15:00,86.475,86.475,86.23,86.28,5709.0
2026-07-13,2026-07-13 15:20:00,86.29,86.35,86.07,86.095,5459.0
2026-07-13,2026-07-13 15:25:00,86.0,86.03,85.585,85.725,17028.0
2026-07-13,2026-07-13 15:30:00,85.725,85.78,85.36,85.415,18833.0
2026-07-13,2026-07-13 15:35:00,85.41,86.32,85.4,86.135,32576.0
2026-07-13,2026-07-13 15:40:00,86.06,86.19,86.01,86.11,8796.0
2026-07-13,2026-07-13 15:45:00,86.1,86.21,86.05,86.16,9576.0
2026-07-13,2026-07-13 15:50:00,86.18,86.18,85.9,86.05,15715.0
2026-07-13,2026-07-13 15:55:00,86.05,87.0,86.05,86.8,41233.0
2026-07-13,2026-07-13 16:00:00,86.92,87.05,86.665,86.84,257678.0
2026-07-14,2026-07-14 09:35:00,80.01,81.95,79.44,81.505,61862.0
2026-07-14,2026-07-14 09:40:00,81.71,83.05,81.47,83.05,37165.0
2026-07-14,2026-07-14 09:45:00,82.945,83.96,82.92,83.175,38487.0
2026-07-14,2026-07-14 09:50:00,82.92,83.02,82.31,82.49,24901.0
2026-07-14,2026-07-14 09:55:00,82.47,82.865,82.25,82.865,11253.0
2026-07-14,2026-07-14 10:00:00,82.73,83.85,82.49,83.48,10346.0
2026-07-14,2026-07-14 10:05:00,83.48,83.83,82.5901,82.79,16722.0
2026-07-14,2026-07-14 10:10:00,82.49,83.02,82.25,83.02,16849.0
2026-07-14,2026-07-14 10:15:00,82.75,82.85,82.49,82.83,4078.0
2026-07-14,2026-07-14 10:20:00,82.82,83.06,82.31,82.445,9793.0
2026-07-14,2026-07-14 10:25:00,82.25,82.9,82.25,82.9,7552.0
2026-07-14,2026-07-14 10:30:00,82.59,83.1,82.59,82.96,10255.0
2026-07-14,2026-07-14 10:35:00,82.94,83.665,82.92,83.415,13724.0
2026-07-14,2026-07-14 10:40:00,83.12,83.91,83.12,83.74,23054.0
2026-07-14,2026-07-14 10:45:00,83.79,84.0,83.36,83.45,9378.0
2026-07-14,2026-07-14 10:50:00,83.44,83.96,83.2,83.75,16278.0
2026-07-14,2026-07-14 10:55:00,83.58,83.73,83.52,83.56,9641.0
2026-07-14,2026-07-14 11:00:00,83.74,83.79,82.83,82.84,35643.0
2026-07-14,2026-07-14 11:05:00,82.71,82.85,82.46,82.66,23493.0
2026-07-14,2026-07-14 11:10:00,82.505,82.97,82.25,82.34,23537.0
2026-07-14,2026-07-14 11:15:00,82.25,82.25,81.25,81.855,49285.0
2026-07-14,2026-07-14 11:20:00,81.86,82.2,81.83,82.0,7727.0
2026-07-14,2026-07-14 11:25:00,81.71,81.95,81.71,81.84,4705.0
2026-07-14,2026-07-14 11:30:00,81.94,82.46,81.94,82.46,7000.0
2026-07-14,2026-07-14 11:35:00,82.35,82.66,82.33,82.38,5622.0
2026-07-14,2026-07-14 11:40:00,82.52,82.825,82.33,82.825,5318.0
2026-07-14,2026-07-14 11:45:00,82.825,82.825,82.49,82.8,3519.0
2026-07-14,2026-07-14 11:50:00,82.8,82.85,82.53,82.815,10815.0
2026-07-14,2026-07-14 11:55:00,82.815,82.815,82.49,82.6951,6418.0
2026-07-14,2026-07-14 12:00:00,82.8,82.88,82.56,82.61,10445.0
2026-07-14,2026-07-14 12:05:00,82.69,82.79,82.53,82.79,3052.0
2026-07-14,2026-07-14 12:10:00,82.51,83.03,82.51,82.98,8032.0
2026-07-14,2026-07-14 12:15:00,83.07,83.08,82.86,83.07,6380.0
2026-07-14,2026-07-14 12:20:00,83.0,83.27,82.9903,83.16,7084.0
2026-07-14,2026-07-14 12:25:00,83.32,83.52,83.1501,83.52,4770.0
2026-07-14,2026-07-14 12:30:00,83.53,83.845,83.455,83.66,8550.0
2026-07-14,2026-07-14 12:35:00,83.78,83.89,83.69,83.77,20243.0
2026-07-14,2026-07-14 12:40:00,83.77,83.88,83.6,83.655,11981.0
2026-07-14,2026-07-14 12:45:00,83.705,83.705,83.58,83.7,3039.0
2026-07-14,2026-07-14 12:50:00,83.78,83.925,83.72,83.85,7638.0
2026-07-14,2026-07-14 12:55:00,83.85,83.86,83.45,83.585,7287.0
2026-07-14,2026-07-14 13:00:00,83.62,83.76,83.56,83.76,7395.0
2026-07-14,2026-07-14 13:05:00,83.695,83.79,83.69,83.69,5899.0
2026-07-14,2026-07-14 13:10:00,83.68,83.685,83.5,83.555,4009.0
2026-07-14,2026-07-14 13:15:00,83.565,83.565,83.0001,83.305,8277.0
2026-07-14,2026-07-14 13:20:00,83.185,83.22,83.15,83.15,3002.0
2026-07-14,2026-07-14 13:25:00,83.225,83.225,83.0,83.125,5491.0
2026-07-14,2026-07-14 13:30:00,83.12,83.12,83.0,83.03,3334.0
2026-07-14,2026-07-14 13:35:00,83.11,83.19,83.02,83.065,5323.0
2026-07-14,2026-07-14 13:40:00,83.06,83.06,82.93,82.935,4769.0
2026-07-14,2026-07-14 13:45:00,82.92,82.92,82.755,82.755,2514.0
2026-07-14,2026-07-14 13:50:00,82.695,82.77,82.67,82.67,3734.0
2026-07-14,2026-07-14 13:55:00,82.69,82.69,82.4,82.425,5956.0
2026-07-14,2026-07-14 14:00:00,82.52,82.62,82.08,82.225,14231.0
2026-07-14,2026-07-14 14:05:00,82.32,82.435,82.32,82.355,4529.0
2026-07-14,2026-07-14 14:10:00,82.49,82.63,82.46,82.48,5725.0
2026-07-14,2026-07-14 14:15:00,82.48,82.48,82.32,82.475,4489.0
2026-07-14,2026-07-14 14:20:00,82.48,82.48,82.02,82.02,5085.0
2026-07-14,2026-07-14 14:25:00,82.02,82.24,82.02,82.24,2904.0
2026-07-14,2026-07-14 14:30:00,82.28,82.29,82.08,82.08,3894.0
2026-07-14,2026-07-14 14:35:00,82.08,82.27,82.03,82.27,9871.0
2026-07-14,2026-07-14 14:40:00,82.27,82.35,82.2,82.245,6974.0
2026-07-14,2026-07-14 14:45:00,82.17,82.22,82.08,82.22,6414.0
2026-07-14,2026-07-14 14:50:00,82.23,82.47,82.16,82.24,5669.0
2026-07-14,2026-07-14 14:55:00,82.255,82.255,81.92,81.92,8528.0
2026-07-14,2026-07-14 15:00:00,82.0575,82.0575,81.91,82.03,5895.0
2026-07-14,2026-07-14 15:05:00,82.03,82.15,82.03,82.15,17817.0
2026-07-14,2026-07-14 15:10:00,82.065,82.19,82.065,82.11,4966.0
2026-07-14,2026-07-14 15:15:00,82.04,82.425,82.04,82.36,5551.0
2026-07-14,2026-07-14 15:20:00,82.38,82.47,82.3026,82.47,3486.0
2026-07-14,2026-07-14 15:25:00,82.545,82.59,82.49,82.58,5060.0
2026-07-14,2026-07-14 15:30:00,82.5,82.509,82.23,82.33,9610.0
2026-07-14,2026-07-14 15:35:00,82.23,82.345,81.44,81.445,18502.0
2026-07-14,2026-07-14 15:40:00,81.545,81.63,81.41,81.42,11611.0
2026-07-14,2026-07-14 15:45:00,81.42,81.53,81.29,81.3,16250.0
2026-07-14,2026-07-14 15:50:00,81.305,81.42,81.28,81.38,18549.0
2026-07-14,2026-07-14 15:55:00,81.42,82.01,81.37,81.91,41947.0
2026-07-14,2026-07-14 16:00:00,82.0,82.42,81.66,81.84,270268.0
2026-07-15,2026-07-15 09:35:00,83.07,84.0979,83.07,83.77,11642.0
2026-07-15,2026-07-15 09:40:00,84.0639,84.25,83.64,84.03,5194.0
2026-07-15,2026-07-15 09:45:00,84.03,84.03,83.61,83.64,4104.0
2026-07-15,2026-07-15 09:50:00,83.25,83.37,82.74,82.74,7470.0
2026-07-15,2026-07-15 09:55:00,82.525,83.13,82.525,83.12,9770.0
2026-07-15,2026-07-15 10:00:00,83.18,83.69,82.76,82.76,21142.0
2026-07-15,2026-07-15 10:05:00,82.945,84.09,82.87,84.09,6451.0
2026-07-15,2026-07-15 10:10:00,84.16,84.38,83.65,83.73,9076.0
2026-07-15,2026-07-15 10:15:00,84.33,84.33,83.84,83.845,13006.0
2026-07-15,2026-07-15 10:20:00,83.845,84.1199,83.6,83.85,4848.0
2026-07-15,2026-07-15 10:25:00,83.84,84.78,83.84,84.075,15996.0
2026-07-15,2026-07-15 10:30:00,84.08,84.52,83.79,83.79,7233.0
2026-07-15,2026-07-15 10:35:00,83.73,84.145,83.7,83.75,12369.0
2026-07-15,2026-07-15 10:40:00,83.93,84.04,83.855,84.04,2558.0
2026-07-15,2026-07-15 10:45:00,84.03,84.22,83.49,83.49,4651.0
2026-07-15,2026-07-15 10:50:00,83.935,83.935,83.11,83.35,14854.0
2026-07-15,2026-07-15 10:55:00,83.1,83.135,82.75,82.75,3117.0
2026-07-15,2026-07-15 11:00:00,82.73,82.93,82.34,82.37,9898.0
2026-07-15,2026-07-15 11:05:00,82.4,82.8,82.37,82.71,3387.0
2026-07-15,2026-07-15 11:10:00,82.575,82.78,82.36,82.42,5844.0
2026-07-15,2026-07-15 11:15:00,82.535,82.535,82.23,82.23,7475.0
2026-07-15,2026-07-15 11:20:00,82.21,82.385,82.01,82.165,7249.0
2026-07-15,2026-07-15 11:25:00,82.24,82.32,82.02,82.155,3450.0
2026-07-15,2026-07-15 11:30:00,82.155,82.192,81.87,81.87,6956.0
2026-07-15,2026-07-15 11:35:00,81.87,81.87,81.51,81.75,15527.0
2026-07-15,2026-07-15 11:40:00,81.75,81.89,81.51,81.89,3444.0
2026-07-15,2026-07-15 11:45:00,81.755,82.06,81.695,81.83,45898.0
2026-07-15,2026-07-15 11:50:00,81.84,82.395,81.84,82.3,52081.0
2026-07-15,2026-07-15 11:55:00,82.28,82.64,82.28,82.62,53133.0
2026-07-15,2026-07-15 12:00:00,82.79,82.79,82.42,82.42,3841.0
2026-07-15,2026-07-15 12:05:00,82.6,82.795,82.595,82.7925,3959.0
2026-07-15,2026-07-15 12:10:00,82.79,82.96,82.63,82.86,11557.0
2026-07-15,2026-07-15 12:15:00,82.7,82.7,82.47,82.56,6921.0
2026-07-15,2026-07-15 12:20:00,82.61,82.74,82.5,82.71,14801.0
2026-07-15,2026-07-15 12:25:00,82.57,82.705,82.48,82.705,9452.0
2026-07-15,2026-07-15 12:30:00,82.46,82.7207,82.31,82.5,17721.0
2026-07-15,2026-07-15 12:35:00,82.5,82.67,82.32,82.32,3486.0
2026-07-15,2026-07-15 12:40:00,82.54,82.86,82.3,82.83,8478.0
2026-07-15,2026-07-15 12:45:00,82.71,82.85,82.56,82.6,7607.0
2026-07-15,2026-07-15 12:50:00,82.47,82.52,82.05,82.1,18858.0
2026-07-15,2026-07-15 12:55:00,82.14,82.3,82.14,82.23,8798.0
2026-07-15,2026-07-15 13:00:00,82.02,82.09,81.94,81.9523,2441.0
2026-07-15,2026-07-15 13:05:00,82.19,82.23,81.76,81.76,5052.0
2026-07-15,2026-07-15 13:10:00,81.745,81.92,81.705,81.705,3714.0
2026-07-15,2026-07-15 13:15:00,81.705,81.83,81.55,81.7,1932.0
2026-07-15,2026-07-15 13:20:00,81.7,81.8,81.58,81.59,6622.0
2026-07-15,2026-07-15 13:25:00,81.58,81.61,81.43,81.61,3910.0
2026-07-15,2026-07-15 13:30:00,81.46,81.575,81.46,81.575,5776.0
2026-07-15,2026-07-15 13:35:00,81.71,81.71,81.4,81.4,5890.0
2026-07-15,2026-07-15 13:40:00,81.47,81.77,81.4,81.77,10919.0
2026-07-15,2026-07-15 13:45:00,81.72,81.72,81.39,81.51,12071.0
2026-07-15,2026-07-15 13:50:00,81.475,81.55,81.36,81.495,11795.0
2026-07-15,2026-07-15 13:55:00,81.4,81.4,81.1,81.25,15363.0
2026-07-15,2026-07-15 14:00:00,81.13,81.22,81.07,81.12,4336.0
2026-07-15,2026-07-15 14:05:00,81.14,81.4,81.105,81.325,13946.0
2026-07-15,2026-07-15 14:10:00,81.31,81.5,81.29,81.335,2462.0
2026-07-15,2026-07-15 14:15:00,81.49,81.945,81.35,81.945,5381.0
2026-07-15,2026-07-15 14:20:00,81.91,81.91,81.61,81.83,11151.0
2026-07-15,2026-07-15 14:25:00,81.845,81.845,81.695,81.815,4608.0
2026-07-15,2026-07-15 14:30:00,81.58,81.76,81.58,81.74,4643.0
2026-07-15,2026-07-15 14:35:00,81.645,81.945,81.63,81.945,3425.0
2026-07-15,2026-07-15 14:40:00,81.905,81.905,81.62,81.78,5038.0
2026-07-15,2026-07-15 14:45:00,81.53,81.53,81.25,81.25,6015.0
2026-07-15,2026-07-15 14:50:00,81.3,81.33,81.16,81.2,3833.0
2026-07-15,2026-07-15 14:55:00,81.15,81.32,80.98,81.02,8481.0
2026-07-15,2026-07-15 15:00:00,81.02,81.14,80.91,80.92,3486.0
2026-07-15,2026-07-15 15:05:00,80.91,81.11,80.91,81.0,7857.0
2026-07-15,2026-07-15 15:10:00,80.96,81.0,80.89,80.955,23563.0
2026-07-15,2026-07-15 15:15:00,81.04,81.08,80.89,80.965,10946.0
2026-07-15,2026-07-15 15:20:00,80.965,81.03,80.895,81.02,8017.0
2026-07-15,2026-07-15 15:25:00,81.01,81.4,80.97,81.24,12248.0
2026-07-15,2026-07-15 15:30:00,81.24,81.26,80.935,80.935,13033.0
2026-07-15,2026-07-15 15:35:00,80.92,81.27,80.88,81.16,15635.0
2026-07-15,2026-07-15 15:40:00,81.165,81.225,81.04,81.15,11672.0
2026-07-15,2026-07-15 15:45:00,81.13,81.185,80.885,80.885,10949.0
2026-07-15,2026-07-15 15:50:00,80.93,81.05,80.8,80.83,15558.0
2026-07-15,2026-07-15 15:55:00,80.8,80.94,80.5,80.595,47682.0
2026-07-15,2026-07-15 16:00:00,80.51,80.84,80.41,80.71,210421.0
2026-07-16,2026-07-16 09:35:00,81.07,81.39,79.74,80.23,18449.0
2026-07-16,2026-07-16 09:40:00,80.2,80.89,79.975,79.975,3729.0
2026-07-16,2026-07-16 09:45:00,79.9625,79.9625,78.87,78.87,11412.0
2026-07-16,2026-07-16 09:50:00,78.76,79.73,78.602,78.815,14767.0
2026-07-16,2026-07-16 09:55:00,78.745,78.99,77.82,78.07,16447.0
2026-07-16,2026-07-16 10:00:00,77.5,78.45,77.345,78.0,13914.0
2026-07-16,2026-07-16 10:05:00,77.75,78.625,77.66,78.45,42246.0
2026-07-16,2026-07-16 10:10:00,78.485,78.485,78.12,78.12,3699.0
2026-07-16,2026-07-16 10:15:00,77.91,78.51,77.875,78.125,16864.0
2026-07-16,2026-07-16 10:20:00,78.09,78.53,77.58,77.6464,15451.0
2026-07-16,2026-07-16 10:25:00,77.65,77.65,77.39,77.635,12796.0
2026-07-16,2026-07-16 10:30:00,77.41,77.76,77.37,77.37,22042.0
2026-07-16,2026-07-16 10:35:00,77.3,77.84,77.29,77.78,17295.0
2026-07-16,2026-07-16 10:40:00,77.79,77.98,77.6,77.6,13980.0
2026-07-16,2026-07-16 10:45:00,77.64,78.03,77.51,78.03,18804.0
2026-07-16,2026-07-16 10:50:00,77.96,77.9871,77.61,77.81,13207.0
2026-07-16,2026-07-16 10:55:00,77.82,77.82,77.35,77.78,20888.0
2026-07-16,2026-07-16 11:00:00,77.79,78.54,77.79,77.855,37437.0
2026-07-16,2026-07-16 11:05:00,77.67,77.67,77.37,77.37,11665.0
2026-07-16,2026-07-16 11:10:00,77.35,77.8,77.35,77.8,17188.0
2026-07-16,2026-07-16 11:15:00,77.815,77.93,77.68,77.75,11275.0
2026-07-16,2026-07-16 11:20:00,77.67,77.7275,77.49,77.605,6488.0
2026-07-16,2026-07-16 11:25:00,77.6,77.66,77.52,77.63,8592.0
2026-07-16,2026-07-16 11:30:00,77.595,77.91,77.55,77.55,11411.0
2026-07-16,2026-07-16 11:35:00,77.54,77.76,77.52,77.6,9120.0
2026-07-16,2026-07-16 11:40:00,77.64,77.82,77.51,77.82,15572.0
2026-07-16,2026-07-16 11:45:00,77.74,77.8,77.42,77.43,6722.0
2026-07-16,2026-07-16 11:50:00,77.43,77.58,77.39,77.53,9889.0
2026-07-16,2026-07-16 11:55:00,77.58,77.68,77.35,77.615,21415.0
2026-07-16,2026-07-16 12:00:00,77.725,77.83,77.55,77.72,11845.0
2026-07-16,2026-07-16 12:05:00,77.7475,77.85,77.64,77.73,9502.0
2026-07-16,2026-07-16 12:10:00,77.71,78.0,77.63,77.93,13508.0
2026-07-16,2026-07-16 12:15:00,77.93,78.08,77.57,77.61,14070.0
2026-07-16,2026-07-16 12:20:00,77.57,77.63,77.35,77.35,7571.0
2026-07-16,2026-07-16 12:25:00,77.34,77.56,77.32,77.4,10175.0
2026-07-16,2026-07-16 12:30:00,77.38,77.92,77.35,77.71,15313.0
2026-07-16,2026-07-16 12:35:00,77.825,78.25,77.82,77.94,16007.0
2026-07-16,2026-07-16 12:40:00,77.94,78.175,77.63,77.89,33250.0
2026-07-16,2026-07-16 12:45:00,77.9,78.16,77.82,78.035,27716.0
2026-07-16,2026-07-16 12:50:00,78.17,79.01,78.035,78.78,58009.0
2026-07-16,2026-07-16 12:55:00,78.99,79.22,78.8,79.18,17929.0
2026-07-16,2026-07-16 13:00:00,79.21,79.39,79.06,79.335,16573.0
2026-07-16,2026-07-16 13:05:00,79.36,79.67,78.88,79.12,10312.0
2026-07-16,2026-07-16 13:10:00,79.19,79.475,79.135,79.25,7084.0
2026-07-16,2026-07-16 13:15:00,79.28,79.39,79.23,79.28,4410.0
2026-07-16,2026-07-16 13:20:00,79.28,79.83,79.28,79.83,8026.0
2026-07-16,2026-07-16 13:25:00,79.695,79.76,79.5501,79.75,5228.0
2026-07-16,2026-07-16 13:30:00,79.73,79.85,79.54,79.69,12045.0
2026-07-16,2026-07-16 13:35:00,79.69,79.88,79.62,79.68,7062.0
2026-07-16,2026-07-16 13:40:00,79.59,79.59,79.35,79.5,10932.0
2026-07-16,2026-07-16 13:45:00,79.5455,79.59,79.31,79.36,13177.0
2026-07-16,2026-07-16 13:50:00,79.395,79.585,79.3,79.5,4642.0
2026-07-16,2026-07-16 13:55:00,79.52,79.87,79.49,79.86,6021.0
2026-07-16,2026-07-16 14:00:00,79.91,80.025,79.79,79.955,9630.0
2026-07-16,2026-07-16 14:05:00,79.9,80.02,79.9,79.96,7838.0
2026-07-16,2026-07-16 14:10:00,79.965,80.06,79.86,80.0,9171.0
2026-07-16,2026-07-16 14:15:00,80.08,80.64,80.0,80.59,18416.0
2026-07-16,2026-07-16 14:20:00,80.54,80.6,80.45,80.6,7968.0
2026-07-16,2026-07-16 14:25:00,80.475,80.59,80.3,80.3325,7803.0
2026-07-16,2026-07-16 14:30:00,80.23,80.3,80.13,80.16,6315.0
2026-07-16,2026-07-16 14:35:00,80.18,80.31,80.13,80.205,12028.0
2026-07-16,2026-07-16 14:40:00,80.31,80.43,80.295,80.42,8027.0
2026-07-16,2026-07-16 14:45:00,80.32,80.38,80.1001,80.125,7903.0
2026-07-16,2026-07-16 14:50:00,80.19,80.26,79.93,80.165,24118.0
2026-07-16,2026-07-16 14:55:00,80.165,80.24,79.86,79.9272,9463.0
2026-07-16,2026-07-16 15:00:00,79.97,80.24,79.97,80.15,9066.0
2026-07-16,2026-07-16 15:05:00,80.07,80.13,79.93,80.13,8411.0
2026-07-16,2026-07-16 15:10:00,80.06,80.14,79.79,79.96,16534.0
2026-07-16,2026-07-16 15:15:00,79.83,79.93,79.67,79.87,13828.0
2026-07-16,2026-07-16 15:20:00,79.87,79.98,79.65,79.69,9886.0
2026-07-16,2026-07-16 15:25:00,79.64,79.71,79.55,79.7,8139.0
2026-07-16,2026-07-16 15:30:00,79.59,79.71,79.33,79.33,12818.0
2026-07-16,2026-07-16 15:35:00,79.31,79.5225,79.26,79.37,15702.0
2026-07-16,2026-07-16 15:40:00,79.4,79.46,79.26,79.31,15108.0
2026-07-16,2026-07-16 15:45:00,79.31,79.315,79.16,79.16,12958.0
2026-07-16,2026-07-16 15:50:00,79.17,79.38,79.11,79.205,20811.0
2026-07-16,2026-07-16 15:55:00,79.09,79.55,79.04,79.14,32993.0
2026-07-16,2026-07-16 16:00:00,79.11,79.12,78.6747,79.03,245135.0
2026-07-17,2026-07-17 09:35:00,78.56,79.81,78.12,79.5,39647.0
2026-07-17,2026-07-17 09:40:00,79.22,79.685,79.07,79.56,10451.0
2026-07-17,2026-07-17 09:45:00,79.58,80.52,79.0733,80.38,12289.0
2026-07-17,2026-07-17 09:50:00,80.37,80.52,79.29,79.545,9047.0
2026-07-17,2026-07-17 09:55:00,79.85,80.74,79.71,80.425,15275.0
2026-07-17,2026-07-17 10:00:00,80.11,80.32,79.25,79.25,9831.0
2026-07-17,2026-07-17 10:05:00,79.255,79.52,78.4825,78.555,10010.0
2026-07-17,2026-07-17 10:10:00,78.67,79.04,78.2694,78.79,5990.0
2026-07-17,2026-07-17 10:15:00,78.62,79.16,78.4,78.825,5606.0
2026-07-17,2026-07-17 10:20:00,78.42,79.32,78.42,79.32,5417.0
2026-07-17,2026-07-17 10:25:00,79.33,79.65,79.33,79.3875,10377.0
2026-07-17,2026-07-17 10:30:00,79.38,79.66,79.2175,79.245,14562.0
2026-07-17,2026-07-17 10:35:00,79.43,79.43,79.0675,79.0725,3986.0
2026-07-17,2026-07-17 10:40:00,78.9,79.63,78.9,79.59,5347.0
2026-07-17,2026-07-17 10:45:00,79.47,79.475,78.63,78.81,9264.0
2026-07-17,2026-07-17 10:50:00,78.64,79.26,78.62,79.26,11544.0
2026-07-17,2026-07-17 10:55:00,79.18,79.36,78.95,79.08,8363.0
2026-07-17,2026-07-17 11:00:00,79.13,79.13,78.7,78.9,4147.0
2026-07-17,2026-07-17 11:05:00,78.75,78.99,78.65,78.865,5121.0
2026-07-17,2026-07-17 11:10:00,78.97,79.085,78.82,79.085,4708.0
2026-07-17,2026-07-17 11:15:00,79.085,79.09,78.84,79.01,6597.0
2026-07-17,2026-07-17 11:20:00,79.01,79.01,78.545,78.545,7588.0
2026-07-17,2026-07-17 11:25:00,78.5,78.5,78.22,78.47,6370.0
2026-07-17,2026-07-17 11:30:00,78.435,78.63,78.365,78.63,3724.0
2026-07-17,2026-07-17 11:35:00,78.63,78.64,78.4,78.445,5136.0
2026-07-17,2026-07-17 11:40:00,78.35,78.42,78.1,78.24,7341.0
2026-07-17,2026-07-17 11:45:00,78.25,78.39,78.25,78.33,3308.0
2026-07-17,2026-07-17 11:50:00,78.33,78.33,77.8838,77.915,10137.0
2026-07-17,2026-07-17 11:55:00,77.915,78.18,77.915,78.125,5350.0
2026-07-17,2026-07-17 12:00:00,78.12,78.21,77.98,77.9801,3922.0
2026-07-17,2026-07-17 12:05:00,78.105,78.47,78.09,78.195,7858.0
2026-07-17,2026-07-17 12:10:00,78.195,78.39,78.06,78.185,8008.0
2026-07-17,2026-07-17 12:15:00,78.185,78.34,77.85,78.34,13570.0
2026-07-17,2026-07-17 12:20:00,78.54,78.6,78.445,78.6,4881.0
2026-07-17,2026-07-17 12:25:00,78.54,78.6,78.22,78.42,8021.0
2026-07-17,2026-07-17 12:30:00,78.43,78.89,78.43,78.85,10265.0
2026-07-17,2026-07-17 12:35:00,78.775,78.88,78.57,78.695,11614.0
2026-07-17,2026-07-17 12:40:00,78.77,78.965,78.45,78.52,8188.0
2026-07-17,2026-07-17 12:45:00,78.42,78.45,78.28,78.365,9129.0
2026-07-17,2026-07-17 12:50:00,78.425,78.715,78.425,78.515,18343.0
2026-07-17,2026-07-17 12:55:00,78.59,78.66,78.48,78.5,5276.0
2026-07-17,2026-07-17 13:00:00,78.54,78.57,78.42,78.49,6064.0
2026-07-17,2026-07-17 13:05:00,78.49,78.61,78.43,78.61,4608.0
2026-07-17,2026-07-17 13:10:00,78.515,78.515,78.411,78.515,4591.0
2026-07-17,2026-07-17 13:15:00,78.525,78.83,78.48,78.75,7040.0
2026-07-17,2026-07-17 13:20:00,78.75,78.755,78.58,78.63,5435.0
2026-07-17,2026-07-17 13:25:00,78.54,78.81,78.49,78.75,11819.0
2026-07-17,2026-07-17 13:30:00,78.73,78.85,78.7,78.81,10356.0
2026-07-17,2026-07-17 13:35:00,78.89,79.47,78.89,79.31,7145.0
2026-07-17,2026-07-17 13:40:00,79.21,79.48,79.18,79.48,5020.0
2026-07-17,2026-07-17 13:45:00,79.465,79.55,79.275,79.395,9140.0
2026-07-17,2026-07-17 13:50:00,79.395,79.435,79.16,79.355,6580.0
2026-07-17,2026-07-17 13:55:00,79.25,79.325,79.1,79.22,5417.0
2026-07-17,2026-07-17 14:00:00,79.13,79.27,79.13,79.19,5576.0
2026-07-17,2026-07-17 14:05:00,79.19,79.19,78.66,78.88,11982.0
2026-07-17,2026-07-17 14:10:00,78.89,79.065,78.87,78.94,7856.0
2026-07-17,2026-07-17 14:15:00,78.94,79.295,78.94,79.0,7669.0
2026-07-17,2026-07-17 14:20:00,79.06,79.06,78.81,78.84,5688.0
2026-07-17,2026-07-17 14:25:00,78.96,78.96,78.69,78.715,6564.0
2026-07-17,2026-07-17 14:30:00,78.72,78.78,78.63,78.69,9543.0
2026-07-17,2026-07-17 14:35:00,78.6901,78.72,78.36,78.53,9999.0
2026-07-17,2026-07-17 14:40:00,78.51,78.51,78.21,78.235,6661.0
2026-07-17,2026-07-17 14:45:00,78.22,78.22,78.1,78.155,5786.0
2026-07-17,2026-07-17 14:50:00,78.19,78.55,78.12,78.39,9522.0
2026-07-17,2026-07-17 14:55:00,78.4,78.4,78.25,78.26,7947.0
2026-07-17,2026-07-17 15:00:00,78.295,78.44,78.29,78.43,12085.0
2026-07-17,2026-07-17 15:05:00,78.38,78.43,77.97,78.03,29866.0
2026-07-17,2026-07-17 15:10:00,77.94,78.24,77.94,77.99,9901.0
2026-07-17,2026-07-17 15:15:00,77.95,77.95,77.68,77.7,11164.0
2026-07-17,2026-07-17 15:20:00,77.7,78.35,77.58,78.345,48971.0
2026-07-17,2026-07-17 15:25:00,78.21,78.315,78.08,78.11,16981.0
2026-07-17,2026-07-17 15:30:00,78.13,78.25,78.1001,78.175,14215.0
2026-07-17,2026-07-17 15:35:00,78.22,78.405,78.16,78.23,20604.0
2026-07-17,2026-07-17 15:40:00,78.28,78.435,78.16,78.19,15909.0
2026-07-17,2026-07-17 15:45:00,78.18,78.275,78.09,78.23,17775.0
2026-07-17,2026-07-17 15:50:00,78.24,78.425,78.18,78.36,27441.0
2026-07-17,2026-07-17 15:55:00,78.4,78.545,78.29,78.41,40924.0
2026-07-17,2026-07-17 16:00:00,78.51,78.755,78.38,78.69,224561.0
2026-07-20,2026-07-20 09:35:00,77.47,77.47,75.16,76.18,44224.0
2026-07-20,2026-07-20 09:40:00,76.411,77.205,76.06,76.655,7997.0
2026-07-20,2026-07-20 09:45:00,76.92,77.49,76.69,77.03,22354.0
2026-07-20,2026-07-20 09:50:00,76.94,77.0,76.17,76.21,6176.0
2026-07-20,2026-07-20 09:55:00,76.21,76.58,75.93,76.0,20246.0
2026-07-20,2026-07-20 10:00:00,75.8,76.09,75.67,75.71,20986.0
2026-07-20,2026-07-20 10:05:00,75.57,75.94,75.22,75.805,20936.0
2026-07-20,2026-07-20 10:10:00,76.035,76.78,75.91,76.605,26370.0
2026-07-20,2026-07-20 10:15:00,76.545,77.13,76.46,76.81,17317.0
2026-07-20,2026-07-20 10:20:00,76.86,77.165,76.84,77.15,9335.0
2026-07-20,2026-07-20 10:25:00,77.4,77.4899,76.85,77.29,26060.0
2026-07-20,2026-07-20 10:30:00,77.17,77.3,77.0,77.27,12839.0
2026-07-20,2026-07-20 10:35:00,77.27,77.71,77.27,77.655,35145.0
2026-07-20,2026-07-20 10:40:00,77.7,77.93,77.63,77.815,11768.0
2026-07-20,2026-07-20 10:45:00,77.815,77.96,77.545,77.545,7088.0
2026-07-20,2026-07-20 10:50:00,77.49,77.79,77.49,77.64,11356.0
2026-07-20,2026-07-20 10:55:00,77.79,77.79,77.29,77.42,19416.0
2026-07-20,2026-07-20 11:00:00,77.365,77.365,77.02,77.155,7350.0
2026-07-20,2026-07-20 11:05:00,77.29,77.7875,77.26,77.775,32509.0
2026-07-20,2026-07-20 11:10:00,77.78,78.055,77.73,77.94,19722.0
2026-07-20,2026-07-20 11:15:00,77.88,77.88,77.63,77.76,22374.0
2026-07-20,2026-07-20 11:20:00,77.83,78.1,77.7,78.045,43199.0
2026-07-20,2026-07-20 11:25:00,78.09,78.6075,78.07,78.09,35145.0
2026-07-20,2026-07-20 11:30:00,78.07,78.165,77.98,78.12,19083.0
2026-07-20,2026-07-20 11:35:00,78.16,78.345,78.11,78.215,18593.0
2026-07-20,2026-07-20 11:40:00,78.215,78.46,78.17,78.31,7211.0
2026-07-20,2026-07-20 11:45:00,78.315,78.605,78.29,78.45,15873.0
2026-07-20,2026-07-20 11:50:00,78.37,78.37,78.12,78.21,14302.0
2026-07-20,2026-07-20 11:55:00,78.235,78.4,78.185,78.37,23508.0
2026-07-20,2026-07-20 12:00:00,78.37,78.57,78.21,78.21,18003.0
2026-07-20,2026-07-20 12:05:00,78.2,78.79,78.2,78.79,18370.0
2026-07-20,2026-07-20 12:10:00,78.785,79.1,78.785,79.075,30280.0
2026-07-20,2026-07-20 12:15:00,79.08,79.17,78.84,78.97,6888.0
2026-07-20,2026-07-20 12:20:00,78.88,79.0,78.86,78.94,7176.0
2026-07-20,2026-07-20 12:25:00,78.97,79.61,78.91,79.61,41376.0
2026-07-20,2026-07-20 12:30:00,79.575,79.71,79.43,79.51,9058.0
2026-07-20,2026-07-20 12:35:00,79.66,79.89,79.52,79.52,7463.0
2026-07-20,2026-07-20 12:40:00,79.6,79.67,79.57,79.62,3650.0
2026-07-20,2026-07-20 12:45:00,79.71,79.71,79.27,79.37,13123.0
2026-07-20,2026-07-20 12:50:00,79.27,79.355,79.27,79.355,3532.0
2026-07-20,2026-07-20 12:55:00,79.36,79.36,79.195,79.255,12338.0
2026-07-20,2026-07-20 13:00:00,79.255,79.45,79.255,79.31,24388.0
2026-07-20,2026-07-20 13:05:00,79.31,79.31,79.19,79.28,5110.0
2026-07-20,2026-07-20 13:10:00,79.275,79.28,79.07,79.28,8566.0
2026-07-20,2026-07-20 13:15:00,79.26,79.43,79.25,79.43,17480.0
2026-07-20,2026-07-20 13:20:00,79.46,79.66,79.39,79.54,10149.0
2026-07-20,2026-07-20 13:25:00,79.55,79.55,79.27,79.47,10803.0
2026-07-20,2026-07-20 13:30:00,79.445,79.47,79.37,79.47,3319.0
2026-07-20,2026-07-20 13:35:00,79.465,79.655,79.42,79.47,45599.0
2026-07-20,2026-07-20 13:40:00,79.595,79.6,79.49,79.52,7712.0
2026-07-20,2026-07-20 13:45:00,79.54,79.57,79.24,79.24,16096.0
2026-07-20,2026-07-20 13:50:00,79.205,79.34,79.205,79.305,7089.0
2026-07-20,2026-07-20 13:55:00,79.32,79.49,79.32,79.49,5616.0
2026-07-20,2026-07-20 14:00:00,79.4,79.4,79.22,79.28,4452.0
2026-07-20,2026-07-20 14:05:00,79.43,79.43,79.24,79.24,22371.0
2026-07-20,2026-07-20 14:10:00,79.235,79.33,79.2,79.27,4587.0
2026-07-20,2026-07-20 14:15:00,79.33,79.4025,79.26,79.31,6685.0
2026-07-20,2026-07-20 14:20:00,79.28,79.28,79.16,79.16,4983.0
2026-07-20,2026-07-20 14:25:00,79.23,79.34,79.08,79.08,7233.0
2026-07-20,2026-07-20 14:30:00,79.13,79.27,79.13,79.225,3834.0
2026-07-20,2026-07-20 14:35:00,79.225,79.225,79.09,79.16,4355.0
2026-07-20,2026-07-20 14:40:00,79.16,79.25,78.91,78.91,53888.0
2026-07-20,2026-07-20 14:45:00,78.86,78.91,78.75,78.75,15124.0
2026-07-20,2026-07-20 14:50:00,78.73,78.755,78.67,78.74,8141.0
2026-07-20,2026-07-20 14:55:00,78.745,78.855,78.72,78.78,8974.0
2026-07-20,2026-07-20 15:00:00,78.77,78.77,78.59,78.59,6482.0
2026-07-20,2026-07-20 15:05:00,78.565,78.62,78.43,78.54,25227.0
2026-07-20,2026-07-20 15:10:00,78.58,78.58,78.45,78.49,3089.0
2026-07-20,2026-07-20 15:15:00,78.49,78.56,78.49,78.56,8091.0
2026-07-20,2026-07-20 15:20:00,78.46,78.495,78.28,78.34,12775.0
2026-07-20,2026-07-20 15:25:00,78.32,78.38,78.25,78.27,48427.0
2026-07-20,2026-07-20 15:30:00,78.275,78.31,78.07,78.135,29522.0
2026-07-20,2026-07-20 15:35:00,78.2,78.2,77.96,77.96,23548.0
2026-07-20,2026-07-20 15:40:00,77.965,77.99,77.79,77.88,18737.0
2026-07-20,2026-07-20 15:45:00,77.95,78.15,77.75,77.77,25471.0
2026-07-20,2026-07-20 15:50:00,77.765,77.88,77.43,77.52,32232.0
2026-07-20,2026-07-20 15:55:00,77.55,77.89,77.25,77.37,143083.0
2026-07-20,2026-07-20 16:00:00,77.34,77.37,76.72,76.75,360286.0
2026-07-21,2026-07-21 09:35:00,75.08,77.77,74.578,77.75,37930.0
2026-07-21,2026-07-21 09:40:00,77.5,78.25,77.2,77.274,21304.0
2026-07-21,2026-07-21 09:45:00,77.41,77.41,76.73,76.96,22159.0
2026-07-21,2026-07-21 09:50:00,76.9,76.9,75.75,76.377,6950.0
2026-07-21,2026-07-21 09:55:00,76.12,76.26,75.64,76.175,14492.0
2026-07-21,2026-07-21 10:00:00,76.18,76.247,75.73,75.73,7230.0
2026-07-21,2026-07-21 10:05:00,76.12,76.19,75.77,76.0,28720.0
2026-07-21,2026-07-21 10:10:00,76.105,76.105,75.38,75.89,43739.0
2026-07-21,2026-07-21 10:15:00,75.79,75.97,75.4,75.85,25574.0
2026-07-21,2026-07-21 10:20:00,75.96,75.96,75.01,75.535,50868.0
2026-07-21,2026-07-21 10:25:00,75.55,75.56,74.93,75.14,67058.0
2026-07-21,2026-07-21 10:30:00,75.115,75.72,75.055,75.495,12341.0
2026-07-21,2026-07-21 10:35:00,75.5682,75.76,75.37,75.52,28378.0
2026-07-21,2026-07-21 10:40:00,75.51,75.76,75.39,75.65,10087.0
2026-07-21,2026-07-21 10:45:00,75.55,75.695,75.47,75.695,11075.0
2026-07-21,2026-07-21 10:50:00,75.53,75.73,75.12,75.275,24315.0
2026-07-21,2026-07-21 10:55:00,75.22,75.435,75.08,75.08,11041.0
2026-07-21,2026-07-21 11:00:00,75.02,75.12,74.88,74.93,13340.0
2026-07-21,2026-07-21 11:05:00,74.84,74.95,74.74,74.82,8906.0
2026-07-21,2026-07-21 11:10:00,74.85,74.85,74.5,74.585,10526.0
2026-07-21,2026-07-21 11:15:00,74.65,74.795,74.325,74.36,9121.0
2026-07-21,2026-07-21 11:20:00,74.33,74.355,74.0305,74.35,12832.0
2026-07-21,2026-07-21 11:25:00,74.32,74.475,73.78,74.075,26246.0
2026-07-21,2026-07-21 11:30:00,74.065,74.34,74.025,74.28,5169.0
2026-07-21,2026-07-21 11:35:00,74.38,74.56,74.22,74.25,8111.0
2026-07-21,2026-07-21 11:40:00,74.28,74.28,73.75,73.96,19790.0
2026-07-21,2026-07-21 11:45:00,73.93,74.485,73.93,74.43,15245.0
2026-07-21,2026-07-21 11:50:00,74.35,74.469,74.06,74.06,10907.0
2026-07-21,2026-07-21 11:55:00,74.06,74.17,74.0,74.105,10683.0
2026-07-21,2026-07-21 12:00:00,74.09,74.45,74.0,74.3725,9577.0
2026-07-21,2026-07-21 12:05:00,74.27,74.27,74.0,74.26,8219.0
2026-07-21,2026-07-21 12:10:00,74.32,74.32,74.0,74.0,4208.0
2026-07-21,2026-07-21 12:15:00,74.01,74.012861,73.88,73.94,7906.0
2026-07-21,2026-07-21 12:20:00,73.9701,73.9701,73.54,73.8,15338.0
2026-07-21,2026-07-21 12:25:00,73.79,73.8199,73.36,73.47,11432.0
2026-07-21,2026-07-21 12:30:00,73.39,73.525,73.29,73.37,11874.0
2026-07-21,2026-07-21 12:35:00,73.37,73.585,73.33,73.455,12971.0
2026-07-21,2026-07-21 12:40:00,73.41,73.5499,73.41,73.485,3741.0
2026-07-21,2026-07-21 12:45:00,73.5,73.715,73.5,73.59,19766.0
2026-07-21,2026-07-21 12:50:00,73.59,73.59,73.26,73.435,14935.0
2026-07-21,2026-07-21 12:55:00,73.35,73.47,73.35,73.38,6584.0
2026-07-21,2026-07-21 13:00:00,73.41,73.58,73.23,73.2303,18087.0
2026-07-21,2026-07-21 13:05:00,73.265,73.59,73.265,73.52,10459.0
2026-07-21,2026-07-21 13:10:00,73.52,73.645,73.45,73.53,8259.0
2026-07-21,2026-07-21 13:15:00,73.44,73.44,73.25,73.26,16115.0
2026-07-21,2026-07-21 13:20:00,73.26,73.5401,73.19,73.54,12659.0
2026-07-21,2026-07-21 13:25:00,73.56,73.77,73.475,73.77,8502.0
2026-07-21,2026-07-21 13:30:00,73.875,73.89,73.67,73.83,7753.0
2026-07-21,2026-07-21 13:35:00,73.76,73.8,73.58,73.73,22935.0
2026-07-21,2026-07-21 13:40:00,73.68,73.76,73.37,73.51,11685.0
2026-07-21,2026-07-21 13:45:00,73.405,73.5,73.21,73.33,8750.0
2026-07-21,2026-07-21 13:50:00,73.32,73.35,73.17,73.35,14075.0
2026-07-21,2026-07-21 13:55:00,73.37,73.9,73.37,73.825,17780.0
2026-07-21,2026-07-21 14:00:00,73.835,73.87,73.76,73.86,9965.0
2026-07-21,2026-07-21 14:05:00,73.835,73.905,73.79,73.88,11902.0
2026-07-21,2026-07-21 14:10:00,73.93,73.93,73.66,73.66,9911.0
2026-07-21,2026-07-21 14:15:00,73.61,73.68,73.51,73.6375,18221.0
2026-07-21,2026-07-21 14:20:00,73.63,73.64,73.32,73.32,12785.0
2026-07-21,2026-07-21 14:25:00,73.33,73.4,72.93,72.95,64060.0
2026-07-21,2026-07-21 14:30:00,72.95,73.16,72.84,73.06,29249.0
2026-07-21,2026-07-21 14:35:00,73.06,73.12,72.69,72.72,32684.0
2026-07-21,2026-07-21 14:40:00,72.69,72.775,72.57,72.655,36958.0
2026-07-21,2026-07-21 14:45:00,72.59,72.92,72.59,72.86,14367.0
2026-07-21,2026-07-21 14:50:00,73.01,73.02,72.73,72.805,30379.0
2026-07-21,2026-07-21 14:55:00,72.805,72.89,72.74,72.805,12362.0
2026-07-21,2026-07-21 15:00:00,72.805,72.84,72.62,72.835,25815.0
2026-07-21,2026-07-21 15:05:00,72.81,73.08,72.67,73.0,30445.0
2026-07-21,2026-07-21 15:10:00,72.85,73.0,72.6,72.64,25164.0
2026-07-21,2026-07-21 15:15:00,72.645,72.785,72.61,72.71,28427.0
2026-07-21,2026-07-21 15:20:00,72.75,73.05,72.71,72.86,29552.0
2026-07-21,2026-07-21 15:25:00,72.945,72.985,72.76,72.985,9541.0
2026-07-21,2026-07-21 15:30:00,72.97,73.1,72.885,72.99,10441.0
2026-07-21,2026-07-21 15:35:00,72.99,72.995,72.57,72.57,20276.0
2026-07-21,2026-07-21 15:40:00,72.615,72.625,72.435,72.55,29865.0
2026-07-21,2026-07-21 15:45:00,72.55,72.585,72.33,72.33,35040.0
2026-07-21,2026-07-21 15:50:00,72.33,72.68,72.33,72.595,48156.0
2026-07-21,2026-07-21 15:55:00,72.59,73.01,72.08,72.92,88545.0
2026-07-21,2026-07-21 16:00:00,72.83,73.2,72.49,72.84,400126.0
2026-07-22,2026-07-22 09:35:00,74.03,74.15,70.6,70.66,101573.0
2026-07-22,2026-07-22 09:40:00,70.82,70.8899,69.5,69.56,76024.0
2026-07-22,2026-07-22 09:45:00,69.56,70.06,69.1,70.01,54348.0
2026-07-22,2026-07-22 09:50:00,70.12,70.59,69.925,70.05,18491.0
2026-07-22,2026-07-22 09:55:00,70.05,70.18,69.31,69.46,25801.0
2026-07-22,2026-07-22 10:00:00,69.555,69.717,69.265,69.615,46753.0
2026-07-22,2026-07-22 10:05:00,69.7,70.34,69.7,70.25,54780.0
2026-07-22,2026-07-22 10:10:00,70.12,71.0,70.12,70.49,33485.0
2026-07-22,2026-07-22 10:15:00,70.63,70.99,70.3,70.675,34882.0
2026-07-22,2026-07-22 10:20:00,70.56,70.8,70.36,70.48,20132.0
2026-07-22,2026-07-22 10:25:00,70.485,71.0,70.21,70.745,26319.0
2026-07-22,2026-07-22 10:30:00,70.9,71.91,70.55,70.88,64592.0
2026-07-22,2026-07-22 10:35:00,71.03,71.64,70.77,70.825,30119.0
2026-07-22,2026-07-22 10:40:00,70.825,70.94,70.68,70.75,11522.0
2026-07-22,2026-07-22 10:45:00,70.74,71.28,70.66,71.165,24271.0
2026-07-22,2026-07-22 10:50:00,71.165,71.92,71.0506,71.54,42462.0
2026-07-22,2026-07-22 10:55:00,71.6,72.135,71.43,72.07,24356.0
2026-07-22,2026-07-22 11:00:00,71.99,72.1,71.85,71.85,12129.0
2026-07-22,2026-07-22 11:05:00,71.85,72.27,71.79,72.12,15621.0
2026-07-22,2026-07-22 11:10:00,72.19,72.74,72.19,72.38,34132.0
2026-07-22,2026-07-22 11:15:00,72.41,73.29,72.41,73.26,28817.0
2026-07-22,2026-07-22 11:20:00,73.18,73.81,73.18,73.73,45623.0
2026-07-22,2026-07-22 11:25:00,73.68,74.335,73.49,73.59,46727.0
2026-07-22,2026-07-22 11:30:00,73.58,74.015,73.44,73.99,22366.0
2026-07-22,2026-07-22 11:35:00,74.01,74.01,73.525,73.59,16493.0
2026-07-22,2026-07-22 11:40:00,73.645,73.645,72.85,72.85,27201.0
2026-07-22,2026-07-22 11:45:00,72.865,72.865,72.61,72.78,17229.0
2026-07-22,2026-07-22 11:50:00,72.84,73.155,72.83,73.155,15544.0
2026-07-22,2026-07-22 11:55:00,73.0,73.2,72.86,72.86,16539.0
2026-07-22,2026-07-22 12:00:00,72.9,72.92,72.0801,72.435,20840.0
2026-07-22,2026-07-22 12:05:00,72.52,72.69,72.41,72.59,10102.0
2026-07-22,2026-07-22 12:10:00,72.6,72.8,72.54,72.8,13932.0
2026-07-22,2026-07-22 12:15:00,72.795,72.795,72.48,72.67,23183.0
2026-07-22,2026-07-22 12:20:00,72.585,73.0975,72.49,72.8,30162.0
2026-07-22,2026-07-22 12:25:00,72.8,73.545,72.785,73.4,28363.0
2026-07-22,2026-07-22 12:30:00,73.4,73.91,73.36,73.835,21012.0
2026-07-22,2026-07-22 12:35:00,73.855,74.015,73.32,73.45,20914.0
2026-07-22,2026-07-22 12:40:00,73.54,73.6,73.39,73.475,13273.0
2026-07-22,2026-07-22 12:45:00,73.475,74.195,73.35,73.715,66199.0
2026-07-22,2026-07-22 12:50:00,73.9,73.95,73.6415,73.6415,11077.0
2026-07-22,2026-07-22 12:55:00,73.64,73.69,73.47,73.5794,15034.0
2026-07-22,2026-07-22 13:00:00,73.5,73.5399,73.25,73.49,16234.0
2026-07-22,2026-07-22 13:05:00,73.56,73.67,73.36,73.36,9389.0
2026-07-22,2026-07-22 13:10:00,73.25,73.45,73.2,73.36,13156.0
2026-07-22,2026-07-22 13:15:00,73.31,73.43,73.12,73.12,20228.0
2026-07-22,2026-07-22 13:20:00,73.06,73.11,72.98,73.04,12101.0
2026-07-22,2026-07-22 13:25:00,73.02,73.14,73.01,73.041,13611.0
2026-07-22,2026-07-22 13:30:00,72.95,73.11,72.95,72.95,10301.0
2026-07-22,2026-07-22 13:35:00,72.95,72.96,72.83,72.87,9749.0
2026-07-22,2026-07-22 13:40:00,72.84,73.2,72.84,73.15,15100.0
2026-07-22,2026-07-22 13:45:00,73.17,73.37,73.17,73.27,13386.0
2026-07-22,2026-07-22 13:50:00,73.27,73.37,73.17,73.35,16882.0
2026-07-22,2026-07-22 13:55:00,73.41,73.61,73.1701,73.27,19001.0
2026-07-22,2026-07-22 14:00:00,73.27,73.41,73.21,73.21,11401.0
2026-07-22,2026-07-22 14:05:00,73.19,73.345,73.19,73.32,14213.0
2026-07-22,2026-07-22 14:10:00,73.32,73.335,73.17,73.21,18033.0
2026-07-22,2026-07-22 14:15:00,73.26,73.64,73.26,73.555,42649.0
2026-07-22,2026-07-22 14:20:00,73.545,73.9,73.545,73.76,10803.0
2026-07-22,2026-07-22 14:25:00,73.85,73.94,73.66,73.66,12724.0
2026-07-22,2026-07-22 14:30:00,73.705,73.72,73.59,73.595,11962.0
2026-07-22,2026-07-22 14:35:00,73.62,73.73,73.44,73.49,13595.0
2026-07-22,2026-07-22 14:40:00,73.49,73.66,73.3801,73.51,14639.0
2026-07-22,2026-07-22 14:45:00,73.43,73.52,73.36,73.445,8857.0
2026-07-22,2026-07-22 14:50:00,73.445,73.58,73.3,73.34,9108.0
2026-07-22,2026-07-22 14:55:00,73.32,73.3201,73.24,73.24,7321.0
2026-07-22,2026-07-22 15:00:00,73.3,73.33,73.17,73.28,11071.0
2026-07-22,2026-07-22 15:05:00,73.22,73.36,73.12,73.17,14153.0
2026-07-22,2026-07-22 15:10:00,73.07,73.31,73.03,73.31,16814.0
2026-07-22,2026-07-22 15:15:00,73.215,73.625,73.215,73.38,17078.0
2026-07-22,2026-07-22 15:20:00,73.455,73.5,73.26,73.4,9145.0
2026-07-22,2026-07-22 15:25:00,73.405,73.6,73.405,73.54,29607.0
2026-07-22,2026-07-22 15:30:00,73.5,73.63,73.25,73.28,21110.0
2026-07-22,2026-07-22 15:35:00,73.31,73.44,73.27,73.34,19973.0
2026-07-22,2026-07-22 15:40:00,73.33,73.62,73.16,73.22,49617.0
2026-07-22,2026-07-22 15:45:00,73.23,73.54,73.13,73.455,37117.0
2026-07-22,2026-07-22 15:50:00,73.455,73.97,73.43,73.95,31495.0
2026-07-22,2026-07-22 15:55:00,73.97,74.035,73.7,73.77,66486.0
2026-07-22,2026-07-22 16:00:00,73.89,74.35,73.82,73.91,434474.0
2026-07-23,2026-07-23 09:35:00,75.585,76.68,74.89,75.0,43614.0
2026-07-23,2026-07-23 09:40:00,74.86,74.9,73.88,74.41,20743.0
2026-07-23,2026-07-23 09:45:00,74.13,74.75,73.995,74.355,23845.0
2026-07-23,2026-07-23 09:50:00,74.515,75.03,74.43,74.595,47358.0
2026-07-23,2026-07-23 09:55:00,74.39,75.35,74.39,75.35,28582.0
2026-07-23,2026-07-23 10:00:00,75.03,75.29,74.78,74.84,49658.0
2026-07-23,2026-07-23 10:05:00,74.93,75.07,74.34,74.68,22819.0
2026-07-23,2026-07-23 10:10:00,74.88,74.975,74.575,74.83,6764.0
2026-07-23,2026-07-23 10:15:00,74.76,74.99,74.61,74.875,13398.0
2026-07-23,2026-07-23 10:20:00,74.72,75.13,74.61,74.86,24995.0
2026-07-23,2026-07-23 10:25:00,74.905,74.905,74.5375,74.78,8232.0
2026-07-23,2026-07-23 10:30:00,74.625,74.8,74.52,74.61,20730.0
2026-07-23,2026-07-23 10:35:00,74.6,74.605,73.68,73.68,21121.0
2026-07-23,2026-07-23 10:40:00,73.69,73.69,72.14,72.765,66432.0
2026-07-23,2026-07-23 10:45:00,72.71,72.71,72.275,72.275,13651.0
2026-07-23,2026-07-23 10:50:00,72.29,72.43,72.11,72.285,20077.0
2026-07-23,2026-07-23 10:55:00,72.26,72.6,72.14,72.47,14648.0
2026-07-23,2026-07-23 11:00:00,72.5,72.61,71.94,72.07,18154.0
2026-07-23,2026-07-23 11:05:00,71.97,72.12,71.73,71.88,11881.0
2026-07-23,2026-07-23 11:10:00,71.88,71.905,71.62,71.62,10344.0
2026-07-23,2026-07-23 11:15:00,71.625,71.675,71.36,71.53,11765.0
2026-07-23,2026-07-23 11:20:00,71.46,71.71,71.44,71.54,9053.0
2026-07-23,2026-07-23 11:25:00,71.59,71.65,71.49,71.58,5311.0
2026-07-23,2026-07-23 11:30:00,71.58,71.76,71.45,71.5325,12351.0
2026-07-23,2026-07-23 11:35:00,71.575,71.76,71.39,71.76,7621.0
2026-07-23,2026-07-23 11:40:00,71.725,71.87,71.6,71.79,7400.0
2026-07-23,2026-07-23 11:45:00,71.79,71.8,71.431,71.465,10186.0
2026-07-23,2026-07-23 11:50:00,71.52,71.71,71.47,71.5,16828.0
2026-07-23,2026-07-23 11:55:00,71.52,71.89,71.52,71.765,8758.0
2026-07-23,2026-07-23 12:00:00,71.8,71.805,71.61,71.78,6609.0
2026-07-23,2026-07-23 12:05:00,71.66,71.92,71.6325,71.85,7656.0
2026-07-23,2026-07-23 12:10:00,71.7456,71.86,71.68,71.77,7420.0
2026-07-23,2026-07-23 12:15:00,71.815,71.815,71.45,71.47,8694.0
2026-07-23,2026-07-23 12:20:00,71.58,71.86,71.58,71.86,6240.0
2026-07-23,2026-07-23 12:25:00,71.91,71.975,71.81,71.84,8463.0
2026-07-23,2026-07-23 12:30:00,71.85,71.85,71.71,71.83,5340.0
2026-07-23,2026-07-23 12:35:00,71.66,71.81,71.66,71.7,7580.0
2026-07-23,2026-07-23 12:40:00,71.71,71.73,71.59,71.73,9285.0
2026-07-23,2026-07-23 12:45:00,71.73,71.8099,71.62,71.62,6621.0
2026-07-23,2026-07-23 12:50:00,71.65,71.82,71.61,71.61,8080.0
2026-07-23,2026-07-23 12:55:00,71.54,71.63,71.45,71.63,5555.0
2026-07-23,2026-07-23 13:00:00,71.73,71.77,71.61,71.61,5143.0
2026-07-23,2026-07-23 13:05:00,71.73,72.025,71.73,72.025,8915.0
2026-07-23,2026-07-23 13:10:00,72.02,72.03,71.65,71.68,7315.0
2026-07-23,2026-07-23 13:15:00,71.7486,71.75,71.59,71.7,8845.0
2026-07-23,2026-07-23 13:20:00,71.71,71.71,71.49,71.5,4520.0
2026-07-23,2026-07-23 13:25:00,71.53,71.75,71.45,71.6605,9603.0
2026-07-23,2026-07-23 13:30:00,71.69,71.77,71.57,71.63,5695.0
2026-07-23,2026-07-23 13:35:00,71.63,72.125,71.63,72.125,11302.0
2026-07-23,2026-07-23 13:40:00,72.19,72.23,72.0,72.05,9815.0
2026-07-23,2026-07-23 13:45:00,72.23,72.23,72.005,72.2,8755.0
2026-07-23,2026-07-23 13:50:00,72.26,72.27,72.09,72.185,12657.0
2026-07-23,2026-07-23 13:55:00,72.28,72.37,72.19,72.225,12836.0
2026-07-23,2026-07-23 14:00:00,72.3,72.32,72.21,72.32,8118.0
2026-07-23,2026-07-23 14:05:00,72.275,72.34,72.09,72.21,33537.0
2026-07-23,2026-07-23 14:10:00,72.11,72.24,71.98,71.98,7017.0
2026-07-23,2026-07-23 14:15:00,72.0,72.11,71.8,71.8,10590.0
2026-07-23,2026-07-23 14:20:00,71.8,72.17,71.8,72.03,10010.0
2026-07-23,2026-07-23 14:25:00,71.995,72.09,71.78,71.805,20006.0
2026-07-23,2026-07-23 14:30:00,71.805,71.805,71.7,71.715,3418.0
2026-07-23,2026-07-23 14:35:00,71.76,71.76,71.56,71.56,11840.0
2026-07-23,2026-07-23 14:40:00,71.61,71.65,71.53,71.65,7681.0
2026-07-23,2026-07-23 14:45:00,71.67,71.71,71.605,71.605,6122.0
2026-07-23,2026-07-23 14:50:00,71.71,71.81,71.67,71.71,7902.0
2026-07-23,2026-07-23 14:55:00,71.73,71.75,71.64,71.7,12348.0
2026-07-23,2026-07-23 15:00:00,71.75,71.75,71.265,71.265,25971.0
2026-07-23,2026-07-23 15:05:00,71.265,71.265,71.17,71.225,8283.0
2026-07-23,2026-07-23 15:10:00,71.27,71.42,71.165,71.21,22998.0
2026-07-23,2026-07-23 15:15:00,71.3668,71.45,71.26,71.44,16837.0
2026-07-23,2026-07-23 15:20:00,71.415,71.59,71.37,71.53,15957.0
2026-07-23,2026-07-23 15:25:00,71.53,71.56,71.26,71.335,14265.0
2026-07-23,2026-07-23 15:30:00,71.335,71.51,71.335,71.4,15946.0
2026-07-23,2026-07-23 15:35:00,71.41,71.71,71.41,71.71,18682.0
2026-07-23,2026-07-23 15:40:00,71.68,72.05,71.68,71.97,28028.0
2026-07-23,2026-07-23 15:45:00,71.95,72.1,71.85,72.0,22346.0
2026-07-23,2026-07-23 15:50:00,71.975,72.01,71.705,71.765,26313.0
2026-07-23,2026-07-23 15:55:00,71.76,72.02,71.69,71.93,49087.0
2026-07-23,2026-07-23 16:00:00,71.93,72.01,71.53,71.74,325108.0
2026-07-24,2026-07-24 09:35:00,73.75,74.41,73.66,73.82,21420.0
2026-07-24,2026-07-24 09:40:00,73.61,74.94,73.61,74.82,14978.0
2026-07-24,2026-07-24 09:45:00,74.3801,75.2,74.328,74.46,28889.0
2026-07-24,2026-07-24 09:50:00,74.485,75.2,74.485,74.7505,4593.0
2026-07-24,2026-07-24 09:55:00,74.98,75.45,74.63,74.7,55102.0
2026-07-24,2026-07-24 10:00:00,74.23,74.53,74.16,74.37,17110.0
2026-07-24,2026-07-24 10:05:00,74.3915,75.37,74.25,75.04,60729.0
2026-07-24,2026-07-24 10:10:00,74.93,75.055,74.22,74.61,25334.0
2026-07-24,2026-07-24 10:15:00,74.49,74.7,73.625,73.945,14204.0
2026-07-24,2026-07-24 10:20:00,74.205,74.66,73.905,74.66,13950.0
2026-07-24,2026-07-24 10:25:00,74.68,75.56,74.65,75.5,71368.0
2026-07-24,2026-07-24 10:30:00,75.6,75.6,75.135,75.135,20552.0
2026-07-24,2026-07-24 10:35:00,75.135,75.49,74.98,75.435,6190.0
2026-07-24,2026-07-24 10:40:00,75.49,75.63,74.965,74.965,37437.0
2026-07-24,2026-07-24 10:45:00,74.965,75.28,74.8141,74.875,8024.0
2026-07-24,2026-07-24 10:50:00,74.86,75.07,74.86,75.05,10428.0
2026-07-24,2026-07-24 10:55:00,75.165,75.33,75.11,75.15,7478.0
2026-07-24,2026-07-24 11:00:00,75.25,75.375,75.22,75.355,6368.0
2026-07-24,2026-07-24 11:05:00,75.355,75.85,75.35,75.73,89097.0
2026-07-24,2026-07-24 11:10:00,75.8,76.05,75.64,75.94,21198.0
2026-07-24,2026-07-24 11:15:00,75.945,76.625,75.76,76.625,77583.0
2026-07-24,2026-07-24 11:20:00,76.64,76.96,76.5,76.79,62840.0
2026-07-24,2026-07-24 11:25:00,76.87,77.0,76.68,76.71,24159.0
2026-07-24,2026-07-24 11:30:00,76.56,76.8,76.54,76.61,20017.0
2026-07-24,2026-07-24 11:35:00,76.61,76.72,76.215,76.215,46167.0
2026-07-24,2026-07-24 11:40:00,76.2,76.36,76.18,76.275,8784.0
2026-07-24,2026-07-24 11:45:00,76.27,76.27,75.85,75.87,6857.0
2026-07-24,2026-07-24 11:50:00,75.86,75.93,75.73,75.75,6973.0
2026-07-24,2026-07-24 11:55:00,75.89,75.89,75.61,75.75,8180.0
2026-07-24,2026-07-24 12:00:00,75.74,75.86,75.6,75.86,7004.0
2026-07-24,2026-07-24 12:05:00,75.83,76.045,75.83,75.975,15909.0
2026-07-24,2026-07-24 12:10:00,76.0,76.35,75.78,76.34,115324.0
2026-07-24,2026-07-24 12:15:00,76.36,76.705,76.26,76.635,94074.0
2026-07-24,2026-07-24 12:20:00,76.51,76.66,76.39,76.615,18158.0
2026-07-24,2026-07-24 12:25:00,76.615,76.68,76.43,76.51,13290.0
2026-07-24,2026-07-24 12:30:00,76.51,76.74,76.383,76.665,19333.0
2026-07-24,2026-07-24 12:35:00,76.675,76.675,76.39,76.4575,13336.0
2026-07-24,2026-07-24 12:40:00,76.445,76.69,76.44,76.46,52751.0
2026-07-24,2026-07-24 12:45:00,76.44,76.45,76.16,76.35,11358.0
2026-07-24,2026-07-24 12:50:00,76.265,76.37,75.98,76.075,29519.0
2026-07-24,2026-07-24 12:55:00,76.075,76.1799,75.725,75.725,11390.0
2026-07-24,2026-07-24 13:00:00,75.725,75.8999,75.64,75.64,5732.0
2026-07-24,2026-07-24 13:05:00,75.66,75.745,75.51,75.675,6304.0
2026-07-24,2026-07-24 13:10:00,75.675,75.785,75.51,75.705,6040.0
2026-07-24,2026-07-24 13:15:00,75.6,75.8199,75.59,75.75,8630.0
2026-07-24,2026-07-24 13:20:00,75.74,75.81,75.705,75.765,11831.0
2026-07-24,2026-07-24 13:25:00,75.765,75.84,75.64,75.73,13365.0
2026-07-24,2026-07-24 13:30:00,75.76,75.93,75.67,75.925,19626.0
2026-07-24,2026-07-24 13:35:00,75.93,76.52,75.82,76.465,14472.0
2026-07-24,2026-07-24 13:40:00,76.53,76.84,76.52,76.615,8917.0
2026-07-24,2026-07-24 13:45:00,76.71,76.8,76.6,76.74,8078.0
2026-07-24,2026-07-24 13:50:00,76.73,76.8,76.2901,76.2901,15328.0
2026-07-24,2026-07-24 13:55:00,76.39,76.405,76.075,76.11,15905.0
2026-07-24,2026-07-24 14:00:00,76.05,76.15,75.965,76.015,38052.0
2026-07-24,2026-07-24 14:05:00,76.045,76.19,75.86,75.92,35590.0
2026-07-24,2026-07-24 14:10:00,75.92,76.36,75.91,76.305,83096.0
2026-07-24,2026-07-24 14:15:00,76.36,76.36,75.935,76.155,95718.0
2026-07-24,2026-07-24 14:20:00,76.16,76.28,76.12,76.16,76702.0
2026-07-24,2026-07-24 14:25:00,76.16,76.64,76.15,76.46,78434.0
2026-07-24,2026-07-24 14:30:00,76.4,76.64,76.35,76.64,24227.0
2026-07-24,2026-07-24 14:35:00,76.64,77.34,76.64,77.32,17501.0
2026-07-24,2026-07-24 14:40:00,77.31,77.44,77.14,77.21,31866.0
2026-07-24,2026-07-24 14:45:00,77.14,77.14,76.67,76.94,27666.0
2026-07-24,2026-07-24 14:50:00,76.94,77.05,76.83,76.94,23698.0
2026-07-24,2026-07-24 14:55:00,76.97,77.04,76.7301,76.86,11908.0
2026-07-24,2026-07-24 15:00:00,76.9,77.07,76.63,76.745,25851.0
2026-07-24,2026-07-24 15:05:00,76.745,76.745,76.44,76.53,11700.0
2026-07-24,2026-07-24 15:10:00,76.59,76.78,76.59,76.655,25472.0
2026-07-24,2026-07-24 15:15:00,76.65,76.74,76.42,76.5,30623.0
2026-07-24,2026-07-24 15:20:00,76.5,76.505,76.275,76.36,18800.0
2026-07-24,2026-07-24 15:25:00,76.36,76.46,76.28,76.345,17065.0
2026-07-24,2026-07-24 15:30:00,76.355,76.505,76.222,76.39,25744.0
2026-07-24,2026-07-24 15:35:00,76.42,76.91,76.42,76.89,90456.0
2026-07-24,2026-07-24 15:40:00,76.89,77.08,76.83,77.08,43333.0
2026-07-24,2026-07-24 15:45:00,77.07,77.11,76.6,76.6,35495.0
2026-07-24,2026-07-24 15:50:00,76.63,76.82,76.47,76.68,71196.0
2026-07-24,2026-07-24 15:55:00,76.75,77.38,76.45,77.1,297519.0
2026-07-24,2026-07-24 16:00:00,76.79,77.58,76.54,77.43,491231.0
2026-07-27,2026-07-27 09:35:00,78.97,80.24,78.5,78.7121,25111.0
2026-07-27,2026-07-27 09:40:00,78.508,79.595,78.508,79.595,6138.0
2026-07-27,2026-07-27 09:45:00,79.595,79.8,78.99,79.54,20738.0
2026-07-27,2026-07-27 09:50:00,79.8,80.19,79.22,79.81,18274.0
2026-07-27,2026-07-27 09:55:00,80.02,80.55,80.0,80.365,59703.0
2026-07-27,2026-07-27 10:00:00,80.355,80.645,80.27,80.335,11668.0
2026-07-27,2026-07-27 10:05:00,80.13,81.0,80.07,80.8,30338.0
2026-07-27,2026-07-27 10:10:00,80.9,81.8,80.81,81.52,103242.0
2026-07-27,2026-07-27 10:15:00,81.46,81.7,81.13,81.47,15520.0
2026-07-27,2026-07-27 10:20:00,81.48,81.7,81.2,81.2025,16955.0
2026-07-27,2026-07-27 10:25:00,80.9542,81.41,80.92,80.935,15188.0
2026-07-27,2026-07-27 10:30:00,81.17,81.365,80.9,81.0,50327.0
2026-07-27,2026-07-27 10:35:00,81.0,81.32,80.99,81.29,21443.0
2026-07-27,2026-07-27 10:40:00,81.29,81.5999,81.18,81.3701,28254.0
2026-07-27,2026-07-27 10:45:00,81.515,81.6599,81.14,81.255,7028.0
2026-07-27,2026-07-27 10:50:00,81.25,81.4,80.915,81.12,8027.0
2026-07-27,2026-07-27 10:55:00,81.14,81.52,81.14,81.34,9910.0
2026-07-27,2026-07-27 11:00:00,81.5499,81.55,81.215,81.275,9020.0
2026-07-27,2026-07-27 11:05:00,81.15,81.53,81.15,81.51,12057.0
2026-07-27,2026-07-27 11:10:00,81.495,81.665,81.495,81.65,40035.0
2026-07-27,2026-07-27 11:15:00,81.655,81.87,81.59,81.845,48391.0
2026-07-27,2026-07-27 11:20:00,81.865,81.97,81.69,81.895,44381.0
2026-07-27,2026-07-27 11:25:00,81.895,82.45,81.895,82.23,82090.0
2026-07-27,2026-07-27 11:30:00,82.22,82.91,82.11,82.84,110588.0
2026-07-27,2026-07-27 11:35:00,82.84,83.24,82.2301,82.63,13562.0
2026-07-27,2026-07-27 11:40:00,82.66,82.66,82.15,82.15,9747.0
2026-07-27,2026-07-27 11:45:00,82.16,82.23,81.85,81.875,6390.0
2026-07-27,2026-07-27 11:50:00,81.88,82.35,81.79,82.18,14928.0
2026-07-27,2026-07-27 11:55:00,82.31,82.61,82.31,82.52,9118.0
2026-07-27,2026-07-27 12:00:00,82.62,82.76,82.45,82.76,16924.0
2026-07-27,2026-07-27 12:05:00,82.85,83.24,82.082,82.14,19387.0
2026-07-27,2026-07-27 12:10:00,82.255,82.325,82.055,82.15,8929.0
2026-07-27,2026-07-27 12:15:00,82.17,82.415,82.01,82.22,24936.0
2026-07-27,2026-07-27 12:20:00,82.13,82.42,82.08,82.265,12698.0
2026-07-27,2026-07-27 12:25:00,82.26,82.61,82.134548,82.61,40724.0
2026-07-27,2026-07-27 12:30:00,82.39,82.705,82.35,82.65,12529.0
2026-07-27,2026-07-27 12:35:00,82.65,82.6675,82.37,82.6675,19935.0
2026-07-27,2026-07-27 12:40:00,82.68,83.0,82.6292,82.955,42776.0
2026-07-27,2026-07-27 12:45:00,82.955,83.04,82.625,82.625,18171.0
2026-07-27,2026-07-27 12:50:00,82.625,82.825,82.625,82.825,8584.0
2026-07-27,2026-07-27 12:55:00,82.755,82.97,82.61,82.865,6955.0
2026-07-27,2026-07-27 13:00:00,82.9275,82.955,82.5708,82.955,8866.0
2026-07-27,2026-07-27 13:05:00,82.86,82.98,82.69,82.7675,6367.0
2026-07-27,2026-07-27 13:10:00,82.81,82.865,82.67,82.67,5551.0
2026-07-27,2026-07-27 13:15:00,82.65,82.86,82.65,82.81,6296.0
2026-07-27,2026-07-27 13:20:00,82.89,82.91,82.66,82.88,7068.0
2026-07-27,2026-07-27 13:25:00,82.88,83.01,82.88,82.945,15391.0
2026-07-27,2026-07-27 13:30:00,82.95,83.13,82.921907,83.095,21516.0
2026-07-27,2026-07-27 13:35:00,83.055,83.52,83.05,83.52,38979.0
2026-07-27,2026-07-27 13:40:00,83.54,83.57,83.29,83.375,7799.0
2026-07-27,2026-07-27 13:45:00,83.375,83.375,82.96,83.085,12276.0
2026-07-27,2026-07-27 13:50:00,83.18,83.49,83.18,83.31,11463.0
2026-07-27,2026-07-27 13:55:00,83.305,83.38,83.21,83.26,11310.0
2026-07-27,2026-07-27 14:00:00,83.35,83.445,83.305,83.38,28913.0
2026-07-27,2026-07-27 14:05:00,83.38,83.39,83.14,83.39,18801.0
2026-07-27,2026-07-27 14:10:00,83.39,83.7,83.38,83.6,58483.0
2026-07-27,2026-07-27 14:15:00,83.51,83.724,83.51,83.56,14331.0
2026-07-27,2026-07-27 14:20:00,83.47,83.47,83.17,83.17,5609.0
2026-07-27,2026-07-27 14:25:00,83.17,83.29,82.865,82.865,4731.0
2026-07-27,2026-07-27 14:30:00,82.88,82.95,82.7339,82.81,12414.0
2026-07-27,2026-07-27 14:35:00,82.78,82.81,82.64,82.76,6205.0
2026-07-27,2026-07-27 14:40:00,82.78,83.005,82.73,83.005,7243.0
2026-07-27,2026-07-27 14:45:00,82.84,83.075,82.84,82.95,10091.0
2026-07-27,2026-07-27 14:50:00,83.02,83.195,82.96,83.1416,21968.0
2026-07-27,2026-07-27 14:55:00,83.22,83.26,83.08,83.26,17626.0
2026-07-27,2026-07-27 15:00:00,83.13,83.14,82.95,83.0,7405.0
2026-07-27,2026-07-27 15:05:00,83.03,83.03,82.7,82.7,11323.0
2026-07-27,2026-07-27 15:10:00,82.72,82.72,82.25,82.25,7987.0
2026-07-27,2026-07-27 15:15:00,82.26,82.33,82.0,82.31,19118.0
2026-07-27,2026-07-27 15:20:00,82.31,82.66,82.03,82.57,59533.0
2026-07-27,2026-07-27 15:25:00,82.44,82.66,82.33,82.66,21961.0
2026-07-27,2026-07-27 15:30:00,82.65,82.73,82.21,82.21,27233.0
2026-07-27,2026-07-27 15:35:00,82.315,82.55,82.315,82.485,28787.0
2026-07-27,2026-07-27 15:40:00,82.55,82.6,82.42,82.55,25885.0
2026-07-27,2026-07-27 15:45:00,82.58,82.88,82.58,82.79,31181.0
2026-07-27,2026-07-27 15:50:00,82.745,82.86,82.28,82.42,48089.0
2026-07-27,2026-07-27 15:55:00,82.4,82.71,81.9101,81.9101,58768.0
2026-07-27,2026-07-27 16:00:00,82.01,82.45,81.86,82.1,389046.0
2026-07-28,2026-07-28 09:35:00,83.625,84.77,83.57,83.855,25897.0
2026-07-28,2026-07-28 09:40:00,83.86,84.96,83.86,84.74,35227.0
2026-07-28,2026-07-28 09:45:00,84.96,85.21,83.6601,84.1502,17193.0
2026-07-28,2026-07-28 09:50:00,84.07,84.52,83.622,84.25,7867.0
2026-07-28,2026-07-28 09:55:00,84.27,84.45,83.91,84.29,3688.0
2026-07-28,2026-07-28 10:00:00,84.29,84.86,84.2,84.7,22320.0
2026-07-28,2026-07-28 10:05:00,84.81,85.12,84.5,85.015,18022.0
2026-07-28,2026-07-28 10:10:00,85.16,85.64,85.07,85.245,25176.0
2026-07-28,2026-07-28 10:15:00,85.29,85.8,85.24,85.75,13408.0
2026-07-28,2026-07-28 10:20:00,85.75,86.69,85.6401,86.63,16650.0
2026-07-28,2026-07-28 10:25:00,86.585,87.33,86.57,87.215,20297.0
2026-07-28,2026-07-28 10:30:00,87.215,87.5808,87.215,87.52,17875.0
2026-07-28,2026-07-28 10:35:00,87.5,87.97,87.26,87.74,30749.0
2026-07-28,2026-07-28 10:40:00,87.765,88.575,87.6689,88.07,15488.0
2026-07-28,2026-07-28 10:45:00,88.15,88.395,87.96,88.305,18550.0
2026-07-28,2026-07-28 10:50:00,88.295,88.38,87.73,87.73,13027.0
2026-07-28,2026-07-28 10:55:00,87.7725,87.89,87.32,87.49,15844.0
2026-07-28,2026-07-28 11:00:00,87.465,87.91,87.38,87.38,11057.0
2026-07-28,2026-07-28 11:05:00,87.385,87.68,87.385,87.59,13629.0
2026-07-28,2026-07-28 11:10:00,87.51,88.19,87.5,88.15,19066.0
2026-07-28,2026-07-28 11:15:00,88.28,88.64,88.28,88.64,10945.0
2026-07-28,2026-07-28 11:20:00,88.6301,88.87,88.385,88.68,14633.0
2026-07-28,2026-07-28 11:25:00,88.69,89.2495,88.69,89.18,14778.0
2026-07-28,2026-07-28 11:30:00,89.13,89.25,89.02,89.14,9828.0
2026-07-28,2026-07-28 11:35:00,89.28,89.34,88.83,88.91,19134.0
2026-07-28,2026-07-28 11:40:00,88.84,89.1475,88.69,88.69,8967.0
2026-07-28,2026-07-28 11:45:00,88.71,88.7779,88.37,88.465,15996.0
2026-07-28,2026-07-28 11:50:00,88.5,88.6699,88.22,88.225,15786.0
2026-07-28,2026-07-28 11:55:00,88.225,88.23,87.8,87.86,16265.0
2026-07-28,2026-07-28 12:00:00,87.97,88.12,87.79,87.79,4417.0
2026-07-28,2026-07-28 12:05:00,87.91,88.0,87.695,87.695,9501.0
2026-07-28,2026-07-28 12:10:00,87.86,88.045,87.86,88.04,7628.0
2026-07-28,2026-07-28 12:15:00,88.0555,88.12,87.7,87.74,7273.0
2026-07-28,2026-07-28 12:20:00,87.82,88.1375,87.79,88.135,10408.0
2026-07-28,2026-07-28 12:25:00,88.135,88.24,87.92,88.055,11114.0
2026-07-28,2026-07-28 12:30:00,88.055,88.17,87.82,87.82,7885.0
2026-07-28,2026-07-28 12:35:00,87.8915,87.905,87.78,87.855,7914.0
2026-07-28,2026-07-28 12:40:00,87.855,88.165,87.855,88.16,14335.0
2026-07-28,2026-07-28 12:45:00,88.2399,88.2399,88.03,88.205,9670.0
2026-07-28,2026-07-28 12:50:00,88.2,88.3,88.115,88.255,7771.0
2026-07-28,2026-07-28 12:55:00,88.36,88.55,88.31,88.5,17001.0
2026-07-28,2026-07-28 13:00:00,88.5,88.91,88.425,88.71,25922.0
2026-07-28,2026-07-28 13:05:00,88.715,88.83,88.39,88.4,20732.0
2026-07-28,2026-07-28 13:10:00,88.46,88.54,88.17,88.19,10054.0
2026-07-28,2026-07-28 13:15:00,88.17,88.17,87.73,87.73,10566.0
2026-07-28,2026-07-28 13:20:00,87.71,87.79,87.42,87.51,37575.0
2026-07-28,2026-07-28 13:25:00,87.66,87.965,87.3663,87.87,14504.0
2026-07-28,2026-07-28 13:30:00,87.87,88.0,87.635,88.0,8213.0
2026-07-28,2026-07-28 13:35:00,87.95,88.095,87.85,88.02,6224.0
2026-07-28,2026-07-28 13:40:00,88.02,88.215,87.92,88.01,6303.0
2026-07-28,2026-07-28 13:45:00,88.0551,88.185,87.94,88.18,7244.0
2026-07-28,2026-07-28 13:50:00,88.18,88.36,88.07,88.07,7599.0
2026-07-28,2026-07-28 13:55:00,88.18,88.205,87.97,87.97,6723.0
2026-07-28,2026-07-28 14:00:00,87.975,88.19,87.94,88.13,8640.0
2026-07-28,2026-07-28 14:05:00,88.125,88.125,87.785,87.8525,12843.0
2026-07-28,2026-07-28 14:10:00,87.845,87.905,87.77,87.81,10743.0
2026-07-28,2026-07-28 14:15:00,87.7301,87.88,87.635,87.635,9085.0
2026-07-28,2026-07-28 14:20:00,87.7,88.13,87.64,87.985,17201.0
2026-07-28,2026-07-28 14:25:00,87.98,88.18,87.9,88.0,28671.0
2026-07-28,2026-07-28 14:30:00,87.95,87.97,87.59,87.6,6664.0
2026-07-28,2026-07-28 14:35:00,87.595,87.83,87.55,87.74,8561.0
2026-07-28,2026-07-28 14:40:00,87.73,87.76,87.61,87.705,10139.0
2026-07-28,2026-07-28 14:45:00,87.695,87.78,87.56,87.6,12673.0
2026-07-28,2026-07-28 14:50:00,87.66,87.84,87.64,87.725,10888.0
2026-07-28,2026-07-28 14:55:00,87.725,87.73,87.49,87.55,9116.0
2026-07-28,2026-07-28 15:00:00,87.565,87.76,87.5,87.64,13750.0
2026-07-28,2026-07-28 15:05:00,87.72,87.96,87.7,87.81,17736.0
2026-07-28,2026-07-28 15:10:00,87.84,87.85,87.175,87.295,39884.0
2026-07-28,2026-07-28 15:15:00,87.37,87.435,87.0,87.03,19369.0
2026-07-28,2026-07-28 15:20:00,87.0,87.01,86.63,86.63,16844.0
2026-07-28,2026-07-28 15:25:00,86.545,86.85,86.49,86.51,29676.0
2026-07-28,2026-07-28 15:30:00,86.57,86.7,86.47,86.5,32322.0
2026-07-28,2026-07-28 15:35:00,86.61,86.75,86.49,86.49,26183.0
2026-07-28,2026-07-28 15:40:00,86.49,86.58,86.18,86.29,45196.0
2026-07-28,2026-07-28 15:45:00,86.26,86.66,86.26,86.585,22373.0
2026-07-28,2026-07-28 15:50:00,86.65,86.73,86.565,86.725,37151.0
2026-07-28,2026-07-28 15:55:00,86.68,87.13,86.49,87.105,49259.0
2026-07-28,2026-07-28 16:00:00,87.18,87.18,86.8,87.09,222244.0
2026-07-29,2026-07-29 09:35:00,87.625,89.66,87.19,87.25,28129.0
2026-07-29,2026-07-29 09:40:00,87.0,88.6242,86.744,88.6242,15624.0
2026-07-29,2026-07-29 09:45:00,88.68,88.68,88.005,88.2,7630.0
2026-07-29,2026-07-29 09:50:00,88.44,89.56,88.43,89.56,12501.0
2026-07-29,2026-07-29 09:55:00,89.64,89.73,88.875,89.075,17166.0
2026-07-29,2026-07-29 10:00:00,89.25,90.22,89.25,89.745,23834.0
2026-07-29,2026-07-29 10:05:00,89.79,90.02,89.4,89.745,9762.0
2026-07-29,2026-07-29 10:10:00,90.0,90.11,89.3401,89.4925,19142.0
2026-07-29,2026-07-29 10:15:00,89.405,89.5399,88.99,89.25,14489.0
2026-07-29,2026-07-29 10:20:00,89.38,89.6,89.23,89.36,10374.0
2026-07-29,2026-07-29 10:25:00,89.25,89.4099,89.0,89.09,14426.0
2026-07-29,2026-07-29 10:30:00,89.015,89.05,88.685,88.695,20582.0
2026-07-29,2026-07-29 10:35:00,88.785,89.32,88.785,89.32,11618.0
2026-07-29,2026-07-29 10:40:00,89.21,89.55,89.21,89.4,9366.0
2026-07-29,2026-07-29 10:45:00,89.04,89.49,89.04,89.425,5521.0
2026-07-29,2026-07-29 10:50:00,89.56,89.73,89.275,89.3675,12460.0
2026-07-29,2026-07-29 10:55:00,89.44,89.76,89.22,89.57,16173.0
2026-07-29,2026-07-29 11:00:00,89.575,89.79,89.29,89.29,11701.0
2026-07-29,2026-07-29 11:05:00,89.51,89.73,89.3401,89.66,15713.0
2026-07-29,2026-07-29 11:10:00,89.66,89.71,89.45,89.68,9256.0
2026-07-29,2026-07-29 11:15:00,89.61,89.88,89.58,89.74,8153.0
2026-07-29,2026-07-29 11:20:00,89.7,89.83,89.6,89.76,19362.0
2026-07-29,2026-07-29 11:25:00,89.665,89.78,89.2,89.22,6867.0
2026-07-29,2026-07-29 11:30:00,89.39,89.55,89.39,89.46,6765.0
2026-07-29,2026-07-29 11:35:00,89.54,89.63,89.54,89.6,6835.0
2026-07-29,2026-07-29 11:40:00,89.67,90.13,89.61,89.915,17866.0
2026-07-29,2026-07-29 11:45:00,89.79,89.92,89.695,89.9,10958.0
2026-07-29,2026-07-29 11:50:00,90.0,90.34,90.0,90.34,24475.0
2026-07-29,2026-07-29 11:55:00,90.24,90.37,90.14,90.37,5923.0
2026-07-29,2026-07-29 12:00:00,90.29,90.49,90.18,90.45,24235.0
2026-07-29,2026-07-29 12:05:00,90.5,90.53,90.16,90.2,13385.0
2026-07-29,2026-07-29 12:10:00,90.16,90.37,90.16,90.3,7577.0
2026-07-29,2026-07-29 12:15:00,90.3,90.35,90.11,90.25,8984.0
2026-07-29,2026-07-29 12:20:00,90.12,90.64,90.12,90.42,18469.0
2026-07-29,2026-07-29 12:25:00,90.435,90.73,90.39,90.715,8036.0
2026-07-29,2026-07-29 12:30:00,90.65,90.705,90.53,90.66,9377.0
2026-07-29,2026-07-29 12:35:00,90.8,90.89,90.44,90.44,13648.0
2026-07-29,2026-07-29 12:40:00,90.37,90.65,90.305,90.305,15248.0
2026-07-29,2026-07-29 12:45:00,90.2,90.54,90.18,90.37,13654.0
2026-07-29,2026-07-29 12:50:00,90.295,90.44,90.045,90.42,21059.0
2026-07-29,2026-07-29 12:55:00,90.5,90.73,90.46,90.58,15381.0
2026-07-29,2026-07-29 13:00:00,90.515,90.68,90.39,90.405,15726.0
2026-07-29,2026-07-29 13:05:00,90.41,90.89,90.41,90.77,6988.0
2026-07-29,2026-07-29 13:10:00,90.785,90.785,90.685,90.695,5439.0
2026-07-29,2026-07-29 13:15:00,90.78,90.99,90.75,90.87,22568.0
2026-07-29,2026-07-29 13:20:00,90.835,90.835,90.29,90.29,19657.0
2026-07-29,2026-07-29 13:25:00,90.45,90.47,90.22,90.22,11600.0
2026-07-29,2026-07-29 13:30:00,90.375,90.375,90.18,90.35,2493.0
2026-07-29,2026-07-29 13:35:00,90.23,90.33,90.17,90.275,14624.0
2026-07-29,2026-07-29 13:40:00,90.28,90.37,90.21,90.34,12195.0
2026-07-29,2026-07-29 13:45:00,90.34,90.5,90.2913,90.44,6042.0
2026-07-29,2026-07-29 13:50:00,90.44,90.52,90.2,90.32,19670.0
2026-07-29,2026-07-29 13:55:00,90.48,90.74,90.38,90.69,12244.0
2026-07-29,2026-07-29 14:00:00,90.64,90.64,90.365,90.365,16674.0
2026-07-29,2026-07-29 14:05:00,90.46,91.3,90.45,90.91,32191.0
2026-07-29,2026-07-29 14:10:00,90.56,90.57,90.18,90.29,4972.0
2026-07-29,2026-07-29 14:15:00,90.41,90.88,90.41,90.705,11397.0
2026-07-29,2026-07-29 14:20:00,90.9,91.655,90.9,91.23,19239.0
2026-07-29,2026-07-29 14:25:00,91.34,91.35,90.96,91.23,21659.0
2026-07-29,2026-07-29 14:30:00,91.27,91.36,91.1746,91.29,10106.0
2026-07-29,2026-07-29 14:35:00,91.3501,91.65,91.17,91.5,15399.0
2026-07-29,2026-07-29 14:40:00,91.5,91.97,91.355,91.77,27182.0
2026-07-29,2026-07-29 14:45:00,91.8425,91.97,91.565,91.65,32053.0
2026-07-29,2026-07-29 14:50:00,91.715,91.77,91.65,91.66,7781.0
2026-07-29,2026-07-29 14:55:00,91.675,91.75,91.25,91.36,29716.0
2026-07-29,2026-07-29 15:00:00,91.32,91.34,90.975,90.995,6635.0
2026-07-29,2026-07-29 15:05:00,91.055,91.07,90.685,90.7375,19481.0
2026-07-29,2026-07-29 15:10:00,90.731,90.82,90.35,90.35,31484.0
2026-07-29,2026-07-29 15:15:00,90.435,90.81,90.245,90.61,10392.0
2026-07-29,2026-07-29 15:20:00,90.69,90.965,90.63,90.75,15974.0
2026-07-29,2026-07-29 15:25:00,90.74,90.9,90.49,90.555,21589.0
2026-07-29,2026-07-29 15:30:00,90.52,90.58,90.32,90.53,14226.0
2026-07-29,2026-07-29 15:35:00,90.3925,90.91,90.37,90.91,20228.0
2026-07-29,2026-07-29 15:40:00,90.83,90.94,90.22,90.32,21979.0
2026-07-29,2026-07-29 15:45:00,90.29,90.4875,90.2,90.305,29785.0
2026-07-29,2026-07-29 15:50:00,90.34,90.4,89.84,90.255,34596.0
2026-07-29,2026-07-29 15:55:00,90.2475,90.61,90.15,90.41,51064.0
2026-07-29,2026-07-29 16:00:00,90.37,90.44,89.88,90.25,211201.0
2026-07-30,2026-07-30 09:35:00,85.67,87.76,85.5,87.395,104751.0
2026-07-30,2026-07-30 09:40:00,87.43,87.46,85.97,86.046,16352.0
2026-07-30,2026-07-30 09:45:00,85.52,85.93,85.1101,85.93,35553.0
2026-07-30,2026-07-30 09:50:00,86.17,86.42,84.551,85.53,26054.0
2026-07-30,2026-07-30 09:55:00,85.32,85.96,85.31,85.515,11909.0
2026-07-30,2026-07-30 10:00:00,85.6,85.82,85.41,85.46,16735.0
2026-07-30,2026-07-30 10:05:00,85.33,85.85,85.3,85.69,11956.0
2026-07-30,2026-07-30 10:10:00,85.39,85.41,84.8,84.935,13112.0
2026-07-30,2026-07-30 10:15:00,84.85,84.99,84.3,84.54,12695.0
2026-07-30,2026-07-30 10:20:00,84.48,84.81,83.91,84.14,15075.0
2026-07-30,2026-07-30 10:25:00,84.32,84.32,83.63,83.72,14391.0
2026-07-30,2026-07-30 10:30:00,83.75,84.0,83.38,83.385,11755.0
2026-07-30,2026-07-30 10:35:00,83.44,83.64,83.16,83.455,17285.0
2026-07-30,2026-07-30 10:40:00,83.6,83.71,83.21,83.36,18702.0
2026-07-30,2026-07-30 10:45:00,83.38,83.81,83.33,83.81,19421.0
2026-07-30,2026-07-30 10:50:00,83.745,84.08,83.37,84.08,29954.0
2026-07-30,2026-07-30 10:55:00,84.08,84.2,83.905,83.905,8135.0
2026-07-30,2026-07-30 11:00:00,83.905,85.02,83.87,84.825,16987.0
2026-07-30,2026-07-30 11:05:00,84.877223,84.94,84.11,84.26,38793.0
2026-07-30,2026-07-30 11:10:00,84.28,84.88,84.28,84.57,19849.0
2026-07-30,2026-07-30 11:15:00,84.565,84.74,84.47,84.555,11020.0
2026-07-30,2026-07-30 11:20:00,84.555,84.81,84.28,84.81,24419.0
2026-07-30,2026-07-30 11:25:00,84.885,85.56,84.81,85.5,12396.0
2026-07-30,2026-07-30 11:30:00,85.465,85.67,85.37,85.57,14371.0
2026-07-30,2026-07-30 11:35:00,85.57,85.9,85.57,85.83,9560.0
2026-07-30,2026-07-30 11:40:00,85.93,85.93,85.57,85.57,5350.0
2026-07-30,2026-07-30 11:45:00,85.58,86.12,85.58,85.88,8783.0
2026-07-30,2026-07-30 11:50:00,85.77,85.86,85.5,85.71,9494.0
2026-07-30,2026-07-30 11:55:00,85.58,85.88,85.56,85.75,10422.0
2026-07-30,2026-07-30 12:00:00,85.9,85.9,85.65,85.835,13439.0
2026-07-30,2026-07-30 12:05:00,85.72,85.73,85.45,85.635,22819.0
2026-07-30,2026-07-30 12:10:00,85.59,85.59,85.29,85.5,21002.0
2026-07-30,2026-07-30 12:15:00,85.5,85.98,85.5,85.835,13160.0
2026-07-30,2026-07-30 12:20:00,85.96,85.96,85.695,85.77,6193.0
2026-07-30,2026-07-30 12:25:00,85.78,85.88,85.65,85.88,5795.0
2026-07-30,2026-07-30 12:30:00,85.78,85.78,85.5,85.63,5507.0
2026-07-30,2026-07-30 12:35:00,85.62,85.93,85.55,85.81,7125.0
2026-07-30,2026-07-30 12:40:00,85.89,86.0,85.5,85.54,10408.0
2026-07-30,2026-07-30 12:45:00,85.53,85.91,85.42,85.91,10425.0
2026-07-30,2026-07-30 12:50:00,85.885,86.12,85.83,86.065,4354.0
2026-07-30,2026-07-30 12:55:00,86.065,86.2,85.98,85.98,4402.0
2026-07-30,2026-07-30 13:00:00,86.01,86.05,85.8,85.92,6117.0
2026-07-30,2026-07-30 13:05:00,86.0,86.08,85.89,86.08,7486.0
2026-07-30,2026-07-30 13:10:00,86.19,86.27,86.14,86.2,4260.0
2026-07-30,2026-07-30 13:15:00,86.29,86.46,86.23,86.39,5223.0
2026-07-30,2026-07-30 13:20:00,86.455,86.9,86.34,86.84,9984.0
2026-07-30,2026-07-30 13:25:00,86.81,86.99,86.67,86.89,14793.0
2026-07-30,2026-07-30 13:30:00,86.83,86.93,86.73,86.82,9628.0
2026-07-30,2026-07-30 13:35:00,86.76,86.92,86.63,86.78,16150.0
2026-07-30,2026-07-30 13:40:00,86.78,86.91,86.4,86.58,22791.0
2026-07-30,2026-07-30 13:45:00,86.6,86.81,86.55,86.725,18726.0
2026-07-30,2026-07-30 13:50:00,86.79,86.87,86.695,86.79,13223.0
2026-07-30,2026-07-30 13:55:00,86.84,86.95,86.64,86.79,11066.0
2026-07-30,2026-07-30 14:00:00,86.85,86.97,86.79,86.91,12222.0
2026-07-30,2026-07-30 14:05:00,86.91,87.45,86.774,87.38,23269.0
2026-07-30,2026-07-30 14:10:00,87.43,87.54,87.16,87.21,20206.0
2026-07-30,2026-07-30 14:15:00,87.16,87.57,87.12,87.47,20658.0
2026-07-30,2026-07-30 14:20:00,87.42,87.52,87.32,87.44,11795.0
2026-07-30,2026-07-30 14:25:00,87.43,87.56,87.375,87.45,13004.0
2026-07-30,2026-07-30 14:30:00,87.44,87.58,87.42,87.55,13529.0
2026-07-30,2026-07-30 14:35:00,87.55,87.68,87.48,87.65,17014.0
2026-07-30,2026-07-30 14:40:00,87.69,87.7,86.93,87.04,20521.0
2026-07-30,2026-07-30 14:45:00,87.08,87.09,86.76,86.8,16126.0
2026-07-30,2026-07-30 14:50:00,86.88,87.07,86.85,86.93,17910.0
2026-07-30,2026-07-30 14:55:00,86.93,87.24,86.93,87.24,14145.0
2026-07-30,2026-07-30 15:00:00,87.205,87.29,87.09,87.22,15381.0
2026-07-30,2026-07-30 15:05:00,87.21,87.25,87.09,87.22,16659.0
2026-07-30,2026-07-30 15:10:00,87.22,87.23,86.95,87.11,22998.0
2026-07-30,2026-07-30 15:15:00,87.12,87.31,87.08,87.255,16594.0
2026-07-30,2026-07-30 15:20:00,87.3,87.37,87.0325,87.2,21888.0
2026-07-30,2026-07-30 15:25:00,87.2,87.5,86.97,87.39,29677.0
2026-07-30,2026-07-30 15:30:00,87.282,87.52,87.282,87.415,21188.0
2026-07-30,2026-07-30 15:35:00,87.47,87.47,87.02,87.14,35368.0
2026-07-30,2026-07-30 15:40:00,87.2,87.37,87.1,87.36,21762.0
2026-07-30,2026-07-30 15:45:00,87.37,87.38,87.025,87.12,41681.0
2026-07-30,2026-07-30 15:50:00,87.12,87.54,87.03,87.53,45818.0
2026-07-30,2026-07-30 15:55:00,87.43,87.58,87.17,87.44,72448.0
2026-07-30,2026-07-30 16:00:00,87.485,88.38,87.485,88.16,627672.0
2026-07-31,2026-07-31 09:35:00,86.12,86.75,85.25,86.12,16292.0
2026-07-31,2026-07-31 09:40:00,86.5,88.47,86.5,88.134,15886.0
2026-07-31,2026-07-31 09:45:00,88.47,88.99,88.44,88.6,8914.0
2026-07-31,2026-07-31 09:50:00,88.6,88.6,87.38,87.685,6042.0
2026-07-31,2026-07-31 09:55:00,87.685,88.98,87.685,88.725,7945.0
2026-07-31,2026-07-31 10:00:00,88.95,89.39,88.66,88.68,24930.0
2026-07-31,2026-07-31 10:05:00,88.79,89.77,88.76,89.17,12882.0
2026-07-31,2026-07-31 10:10:00,89.04,89.485,88.42,88.53,9098.0
2026-07-31,2026-07-31 10:15:00,88.6147,88.67,87.53,87.825,14584.0
2026-07-31,2026-07-31 10:20:00,87.81,87.94,87.07,87.08,9998.0
2026-07-31,2026-07-31 10:25:00,86.815,87.2,86.715,86.715,3722.0
2026-07-31,2026-07-31 10:30:00,86.7,86.7,86.26,86.26,6768.0
2026-07-31,2026-07-31 10:35:00,86.26,86.64,86.13,86.195,7626.0
2026-07-31,2026-07-31 10:40:00,86.19,86.84,86.1,86.64,8424.0
2026-07-31,2026-07-31 10:45:00,86.835,87.25,86.62,87.25,7539.0
2026-07-31,2026-07-31 10:50:00,87.26,87.26,86.42,86.7,6107.0
2026-07-31,2026-07-31 10:55:00,86.67,86.67,86.28,86.31,5068.0
2026-07-31,2026-07-31 11:00:00,86.29,86.63,86.1,86.1,13238.0
2026-07-31,2026-07-31 11:05:00,86.01,86.16,85.73,86.105,4702.0
2026-07-31,2026-07-31 11:10:00,86.1,86.4799,85.79,86.35,5740.0
2026-07-31,2026-07-31 11:15:00,86.14,86.775,86.14,86.775,5983.0
2026-07-31,2026-07-31 11:20:00,86.51,86.52,86.315,86.37,4530.0
2026-07-31,2026-07-31 11:25:00,86.365,86.365,85.74,85.97,6940.0
2026-07-31,2026-07-31 11:30:00,86.11,86.23,85.94,86.095,7106.0
2026-07-31,2026-07-31 11:35:00,86.16,86.17,85.92,86.16,6879.0
2026-07-31,2026-07-31 11:40:00,86.16,86.29,85.93,86.26,6945.0
2026-07-31,2026-07-31 11:45:00,86.22,86.7,86.175,86.7,8257.0
2026-07-31,2026-07-31 11:50:00,86.61,86.81,86.425,86.46,8425.0
2026-07-31,2026-07-31 11:55:00,86.46,86.87,86.46,86.87,4779.0
2026-07-31,2026-07-31 12:00:00,86.76,86.93,86.64,86.79,4865.0
2026-07-31,2026-07-31 12:05:00,86.67,86.96,86.53,86.84,8083.0
2026-07-31,2026-07-31 12:10:00,87.085,87.22,86.82,86.905,8857.0
2026-07-31,2026-07-31 12:15:00,86.89,87.06,86.89,86.9325,7655.0
2026-07-31,2026-07-31 12:20:00,86.935,87.71,86.84,87.71,13518.0
2026-07-31,2026-07-31 12:25:00,87.99,88.06,87.37,87.38,9031.0
2026-07-31,2026-07-31 12:30:00,87.435,87.435,87.01,87.01,4559.0
2026-07-31,2026-07-31 12:35:00,87.15,87.3,87.145,87.15,5212.0
2026-07-31,2026-07-31 12:40:00,87.04,87.15,86.7,86.91,6373.0
2026-07-31,2026-07-31 12:45:00,87.07,87.205,86.89,87.08,9698.0
2026-07-31,2026-07-31 12:50:00,87.06,87.115,86.91,86.94,7075.0
2026-07-31,2026-07-31 12:55:00,86.95,87.005,86.63,86.63,8843.0
2026-07-31,2026-07-31 13:00:00,86.765,86.965,86.67,86.965,7032.0
2026-07-31,2026-07-31 13:05:00,86.95,87.14,86.89,87.14,7693.0
2026-07-31,2026-07-31 13:10:00,87.115,87.355,87.115,87.355,2728.0
2026-07-31,2026-07-31 13:15:00,87.505,87.705,87.46,87.655,3562.0
2026-07-31,2026-07-31 13:20:00,87.65,87.655,87.28,87.37,13584.0
2026-07-31,2026-07-31 13:25:00,87.28,87.685,87.28,87.67,3638.0
2026-07-31,2026-07-31 13:30:00,87.75,88.04,87.75,88.04,5715.0
2026-07-31,2026-07-31 13:35:00,87.98,88.105,87.775,88.035,7883.0
2026-07-31,2026-07-31 13:40:00,88.03,88.03,87.635,87.635,5453.0
2026-07-31,2026-07-31 13:45:00,87.65,87.65,87.18,87.37,6986.0
2026-07-31,2026-07-31 13:50:00,87.38,87.57,86.975,87.01,11147.0
2026-07-31,2026-07-31 13:55:00,87.01,87.21,87.01,87.18,4831.0
2026-07-31,2026-07-31 14:00:00,87.13,87.25,87.0,87.02,6798.0
2026-07-31,2026-07-31 14:05:00,87.02,87.28,86.96,87.16,13876.0
2026-07-31,2026-07-31 14:10:00,87.16,87.195,86.99,86.99,5530.0
2026-07-31,2026-07-31 14:15:00,87.0,87.28,87.0,87.27,10201.0
2026-07-31,2026-07-31 14:20:00,87.27,87.36,87.2,87.21,7822.0
2026-07-31,2026-07-31 14:25:00,87.27,87.53,87.27,87.41,6670.0
2026-07-31,2026-07-31 14:30:00,87.37,87.57,87.32,87.3675,10075.0
2026-07-31,2026-07-31 14:35:00,87.31,87.44,87.12,87.24,6928.0
2026-07-31,2026-07-31 14:40:00,87.26,87.27,86.915,86.93,8049.0
2026-07-31,2026-07-31 14:45:00,87.07,87.27,87.045,87.135,6159.0
2026-07-31,2026-07-31 14:50:00,87.14,87.28,87.03,87.18,8706.0
2026-07-31,2026-07-31 14:55:00,87.21,87.27,87.16,87.2125,8298.0
2026-07-31,2026-07-31 15:00:00,87.16,87.2325,87.1,87.19,5399.0
2026-07-31,2026-07-31 15:05:00,87.1775,87.2,87.1,87.12,2480.0
2026-07-31,2026-07-31 15:10:00,87.13,87.13,86.8,86.99,13000.0
2026-07-31,2026-07-31 15:15:00,87.05,87.245,86.96,87.09,21941.0
2026-07-31,2026-07-31 15:20:00,87.03,87.23,86.98,87.23,10091.0
2026-07-31,2026-07-31 15:25:00,87.19,87.29,87.18,87.235,6929.0
2026-07-31,2026-07-31 15:30:00,87.24,87.32,87.24,87.31,7379.0
2026-07-31,2026-07-31 15:35:00,87.26,87.28,86.94,86.94,10663.0
2026-07-31,2026-07-31 15:40:00,87.025,87.14,87.0,87.0,8940.0
2026-07-31,2026-07-31 15:45:00,86.99,87.25,86.99,87.135,13471.0
2026-07-31,2026-07-31 15:50:00,87.27,87.27,87.0375,87.04,31643.0
2026-07-31,2026-07-31 15:55:00,87.09,87.36,86.88,87.32,39232.0
2026-07-31,2026-07-31 16:00:00,87.53,87.53,87.07,87.15,194437.0
2026-08-03,2026-08-03 09:35:00,89.91,90.98,89.63,90.86,19409.0
2026-08-03,2026-08-03 09:40:00,90.145,91.07,89.51,91.04,22423.0
2026-08-03,2026-08-03 09:45:00,91.17,91.75,90.82,90.82,20187.0
2026-08-03,2026-08-03 09:50:00,91.24,92.2,91.21,91.4,30475.0
2026-08-03,2026-08-03 09:55:00,91.39,92.0,91.39,91.75,14327.0
2026-08-03,2026-08-03 10:00:00,91.665,91.98,91.0401,91.71,13969.0
2026-08-03,2026-08-03 10:05:00,91.45,91.85,90.55,91.38,21755.0
2026-08-03,2026-08-03 10:10:00,91.54,91.59,90.7,90.82,17920.0
2026-08-03,2026-08-03 10:15:00,90.55,90.62,89.62,89.89,16120.0
2026-08-03,2026-08-03 10:20:00,89.93,89.96,89.3435,89.57,6378.0
2026-08-03,2026-08-03 10:25:00,89.5701,89.67,89.33,89.44,16403.0
2026-08-03,2026-08-03 10:30:00,89.405,89.99,89.25,89.865,13690.0
2026-08-03,2026-08-03 10:35:00,89.8,90.0,88.76,88.76,7628.0
2026-08-03,2026-08-03 10:40:00,88.77,89.6599,88.56,89.56,8827.0
2026-08-03,2026-08-03 10:45:00,89.41,89.7092,89.19,89.31,12677.0
2026-08-03,2026-08-03 10:50:00,89.235,89.27,88.5,88.57,6886.0
2026-08-03,2026-08-03 10:55:00,88.605,88.73,88.26,88.645,8060.0
2026-08-03,2026-08-03 11:00:00,88.78,88.88,88.2653,88.36,8257.0
2026-08-03,2026-08-03 11:05:00,88.535,88.65,88.26,88.405,10615.0
2026-08-03,2026-08-03 11:10:00,88.4,88.92,88.4,88.91,11097.0
2026-08-03,2026-08-03 11:15:00,88.9975,89.19,88.86,89.02,9107.0
2026-08-03,2026-08-03 11:20:00,88.93,89.31,88.92,89.26,5522.0
2026-08-03,2026-08-03 11:25:00,89.18,89.195,88.83,89.19,9015.0
2026-08-03,2026-08-03 11:30:00,89.2,89.38,89.17,89.31,4486.0
2026-08-03,2026-08-03 11:35:00,89.3,89.3,88.88,89.1,15127.0
2026-08-03,2026-08-03 11:40:00,89.225,89.43,89.055,89.4,10362.0
2026-08-03,2026-08-03 11:45:00,89.32,89.47,89.23,89.33,8455.0
2026-08-03,2026-08-03 11:50:00,89.32,89.35,89.13,89.13,9301.0
2026-08-03,2026-08-03 11:55:00,89.07,89.48,89.0,89.33,7261.0
2026-08-03,2026-08-03 12:00:00,89.46,89.89,89.445,89.685,13906.0
2026-08-03,2026-08-03 12:05:00,89.58,89.6,89.3,89.485,7297.0
2026-08-03,2026-08-03 12:10:00,89.5,89.689,89.33,89.65,8360.0
2026-08-03,2026-08-03 12:15:00,89.585,89.64,89.34,89.64,7435.0
2026-08-03,2026-08-03 12:20:00,89.71,89.71,89.25,89.28,8561.0
2026-08-03,2026-08-03 12:25:00,89.34,89.6,89.24,89.6,4841.0
2026-08-03,2026-08-03 12:30:00,89.88,89.88,89.625,89.73,6667.0
2026-08-03,2026-08-03 12:35:00,89.7,89.74,89.365,89.365,10248.0
2026-08-03,2026-08-03 12:40:00,89.41,89.67,89.35,89.5,5739.0
2026-08-03,2026-08-03 12:45:00,89.52,89.78,89.52,89.71,11742.0
2026-08-03,2026-08-03 12:50:00,89.79,89.88,89.12,89.265,7862.0
2026-08-03,2026-08-03 12:55:00,89.09,89.44,89.05,89.44,7133.0
2026-08-03,2026-08-03 13:00:00,89.5,89.53,89.41,89.53,4203.0
2026-08-03,2026-08-03 13:05:00,89.47,89.64,89.37,89.37,5838.0
2026-08-03,2026-08-03 13:10:00,89.38,89.425,89.34,89.41,2261.0
2026-08-03,2026-08-03 13:15:00,89.385,89.545,89.24,89.48,6464.0
2026-08-03,2026-08-03 13:20:00,89.46,89.46,89.32,89.32,2125.0
2026-08-03,2026-08-03 13:25:00,89.385,89.41,89.22,89.38,2763.0
2026-08-03,2026-08-03 13:30:00,89.325,89.38,89.13,89.21,3630.0
2026-08-03,2026-08-03 13:35:00,89.215,89.215,89.06,89.06,2743.0
2026-08-03,2026-08-03 13:40:00,89.06,89.09,88.975,88.985,4664.0
2026-08-03,2026-08-03 13:45:00,88.98,88.98,88.7,88.8058,2065.0
2026-08-03,2026-08-03 13:50:00,88.77,88.8,88.535,88.715,9030.0
2026-08-03,2026-08-03 13:55:00,88.67,88.83,88.67,88.7,5631.0
2026-08-03,2026-08-03 14:00:00,88.64,88.78,88.52,88.705,6705.0
2026-08-03,2026-08-03 14:05:00,88.675,89.41,88.675,89.41,6590.0
2026-08-03,2026-08-03 14:10:00,89.42,89.42,89.13,89.13,3347.0
2026-08-03,2026-08-03 14:15:00,89.13,89.23,89.0,89.1,8131.0
2026-08-03,2026-08-03 14:20:00,89.17,89.305,89.095,89.23,5372.0
2026-08-03,2026-08-03 14:25:00,89.305,89.31,89.16,89.18,6848.0
2026-08-03,2026-08-03 14:30:00,89.23,89.53,89.23,89.39,6608.0
2026-08-03,2026-08-03 14:35:00,89.385,89.47,89.27,89.27,4886.0
2026-08-03,2026-08-03 14:40:00,89.44,89.535,89.25,89.535,7734.0
2026-08-03,2026-08-03 14:45:00,89.535,89.58,89.475,89.5,3318.0
2026-08-03,2026-08-03 14:50:00,89.53,89.55,89.43,89.54,4389.0
2026-08-03,2026-08-03 14:55:00,89.505,89.595,89.38,89.495,10432.0
2026-08-03,2026-08-03 15:00:00,89.75,89.75,89.21,89.31,7194.0
2026-08-03,2026-08-03 15:05:00,89.3,89.4,89.26,89.28,5973.0
2026-08-03,2026-08-03 15:10:00,89.34,89.68,89.2,89.5,12189.0
2026-08-03,2026-08-03 15:15:00,89.58,89.71,89.575,89.71,9673.0
2026-08-03,2026-08-03 15:20:00,89.71,89.83,89.66,89.8,6761.0
2026-08-03,2026-08-03 15:25:00,89.72,90.06,89.715,90.05,8928.0
2026-08-03,2026-08-03 15:30:00,90.0,90.03,89.91,90.01,10499.0
2026-08-03,2026-08-03 15:35:00,90.01,90.18,89.87,89.99,11326.0
2026-08-03,2026-08-03 15:40:00,89.925,89.925,89.8,89.845,13474.0
2026-08-03,2026-08-03 15:45:00,89.845,89.92,89.66,89.91,16698.0
2026-08-03,2026-08-03 15:50:00,89.91,90.09,89.66,89.67,23777.0
2026-08-03,2026-08-03 15:55:00,89.58,89.59,89.21,89.34,30139.0
2026-08-03,2026-08-03 16:00:00,89.25,89.25,88.77,88.92,205478.0
2026-08-04,2026-08-04 09:35:00,87.25,90.5,87.12,90.25,19330.0
2026-08-04,2026-08-04 09:40:00,90.26,91.05,90.26,90.645,78346.0
2026-08-04,2026-08-04 09:45:00,90.94,91.18,90.55,90.55,12218.0
2026-08-04,2026-08-04 09:50:00,90.313372,90.855,90.308341,90.57,5847.0
2026-08-04,2026-08-04 09:55:00,90.575,90.575,90.02,90.265,4941.0
2026-08-04,2026-08-04 10:00:00,90.19,90.405,89.89,90.32,14292.0
2026-08-04,2026-08-04 10:05:00,90.3,90.585,90.09,90.215,7670.0
2026-08-04,2026-08-04 10:10:00,90.23,90.425,90.125,90.13,14123.0
2026-08-04,2026-08-04 10:15:00,90.25,90.55,90.25,90.42,3926.0
2026-08-04,2026-08-04 10:20:00,90.43,90.87,90.25,90.69,7040.0
2026-08-04,2026-08-04 10:25:00,90.8,90.83,90.415,90.44,6322.0
2026-08-04,2026-08-04 10:30:00,90.61,90.91,90.395,90.395,10409.0
2026-08-04,2026-08-04 10:35:00,90.395,91.08,90.395,90.78,25933.0
2026-08-04,2026-08-04 10:40:00,90.78,90.78,90.31,90.31,2721.0
2026-08-04,2026-08-04 10:45:00,90.605,91.05,90.605,90.975,3728.0
2026-08-04,2026-08-04 10:50:00,90.96,91.375,90.44,90.44,11946.0
2026-08-04,2026-08-04 10:55:00,90.455,90.61,90.3,90.305,2028.0
2026-08-04,2026-08-04 11:00:00,90.31,90.375,89.78,89.78,2358.0
2026-08-04,2026-08-04 11:05:00,89.72,90.22,89.72,90.2,8217.0
2026-08-04,2026-08-04 11:10:00,90.3,90.43,89.96,90.43,5733.0
2026-08-04,2026-08-04 11:15:00,90.43,90.635,90.43,90.48,3123.0
2026-08-04,2026-08-04 11:20:00,90.4,90.79,90.4,90.79,8407.0
2026-08-04,2026-08-04 11:25:00,90.74,90.74,90.6,90.74,4719.0
2026-08-04,2026-08-04 11:30:00,90.73,90.815,90.5,90.815,12459.0
2026-08-04,2026-08-04 11:35:00,90.8,90.91,90.64,90.64,7023.0
2026-08-04,2026-08-04 11:40:00,90.57,90.96,90.56,90.96,3761.0
2026-08-04,2026-08-04 11:45:00,90.9,91.0,90.84,90.84,4022.0
2026-08-04,2026-08-04 11:50:00,90.855,90.86,90.855,90.86,1076.0
2026-08-04,2026-08-04 11:55:00,90.77,90.78,90.53,90.57,2128.0
2026-08-04,2026-08-04 12:00:00,90.83,91.21,90.83,91.2,4881.0
2026-08-04,2026-08-04 12:05:00,91.25,91.3801,90.86,90.925,5823.0
2026-08-04,2026-08-04 12:10:00,90.82,90.89,90.675,90.675,3404.0
2026-08-04,2026-08-04 12:15:00,90.74,90.82,90.6001,90.82,1946.0
2026-08-04,2026-08-04 12:20:00,90.83,90.87,90.6101,90.66,1990.0
2026-08-04,2026-08-04 12:25:00,90.6496,90.82,90.6496,90.82,2393.0
2026-08-04,2026-08-04 12:30:00,90.87,91.09,90.87,91.0375,4601.0
2026-08-04,2026-08-04 12:35:00,91.13,91.48,91.13,91.47,6795.0
2026-08-04,2026-08-04 12:40:00,91.455,91.495,91.3,91.3,3445.0
2026-08-04,2026-08-04 12:45:00,91.405,91.405,91.06,91.2075,3312.0
2026-08-04,2026-08-04 12:50:00,91.285,91.36,91.2,91.36,4100.0
2026-08-04,2026-08-04 12:55:00,91.37,91.37,91.285,91.315,1324.0
2026-08-04,2026-08-04 13:00:00,91.37,91.97,91.37,91.97,9707.0
2026-08-04,2026-08-04 13:05:00,92.0,92.2,91.98,91.98,13462.0
2026-08-04,2026-08-04 13:10:00,92.0,92.06,92.0,92.06,1233.0
2026-08-04,2026-08-04 13:15:00,91.9689,92.06,91.66,91.72,3550.0
2026-08-04,2026-08-04 13:20:00,91.68,91.89,91.6,91.76,7211.0
2026-08-04,2026-08-04 13:25:00,91.755,91.755,91.755,91.755,1042.0
2026-08-04,2026-08-04 13:30:00,91.81,92.08,91.7,92.08,20148.0
2026-08-04,2026-08-04 13:35:00,92.1,92.305,91.9201,92.06,13674.0
2026-08-04,2026-08-04 13:40:00,92.07,92.2,92.06,92.17,2479.0
2026-08-04,2026-08-04 13:45:00,92.045,92.24,91.96,92.235,9283.0
2026-08-04,2026-08-04 13:50:00,92.185,92.25,92.13,92.235,14400.0
2026-08-04,2026-08-04 13:55:00,92.24,92.52,92.23,92.52,8421.0
2026-08-04,2026-08-04 14:00:00,92.3298,92.52,92.2,92.42,14048.0
2026-08-04,2026-08-04 14:05:00,92.52,92.57,92.42,92.51,6016.0
2026-08-04,2026-08-04 14:10:00,92.57,92.81,92.48,92.76,32022.0
2026-08-04,2026-08-04 14:15:00,92.76,92.82,92.61,92.675,7803.0
2026-08-04,2026-08-04 14:20:00,92.79,92.79,92.435,92.5,7834.0
2026-08-04,2026-08-04 14:25:00,92.51,92.58,92.41,92.43,6612.0
2026-08-04,2026-08-04 14:30:00,92.435,92.68,92.435,92.63,23872.0
2026-08-04,2026-08-04 14:35:00,92.63,92.8295,92.37,92.8295,7497.0
2026-08-04,2026-08-04 14:40:00,92.84,92.84,92.66,92.82,10374.0
2026-08-04,2026-08-04 14:45:00,92.84,92.85,92.785,92.85,4318.0
2026-08-04,2026-08-04 14:50:00,92.8,93.08,92.8,93.08,8827.0
2026-08-04,2026-08-04 14:55:00,93.055,93.285,93.055,93.275,10770.0
2026-08-04,2026-08-04 15:00:00,93.275,93.38,93.16,93.2,8471.0
2026-08-04,2026-08-04 15:05:00,93.24,93.27,93.065,93.1,9597.0
2026-08-04,2026-08-04 15:10:00,93.16,93.19,92.935,92.935,6952.0
2026-08-04,2026-08-04 15:15:00,92.95,93.3525,92.925,93.27,22902.0
2026-08-04,2026-08-04 15:20:00,93.21,93.29,93.005,93.08,8545.0
2026-08-04,2026-08-04 15:25:00,93.16,93.42,92.84,93.29,14021.0
2026-08-04,2026-08-04 15:30:00,93.0643,93.38,93.0532,93.38,13572.0
2026-08-04,2026-08-04 15:35:00,93.365,93.7,93.365,93.57,13791.0
2026-08-04,2026-08-04 15:40:00,93.62,93.81,93.575,93.79,15109.0
2026-08-04,2026-08-04 15:45:00,93.72,93.99,93.68,93.99,33299.0
2026-08-04,2026-08-04 15:50:00,93.99,94.12,93.725,93.84,23808.0
2026-08-04,2026-08-04 15:55:00,93.88,94.07,93.79,93.9,30716.0
2026-08-04,2026-08-04 16:00:00,93.775,93.87,93.64,93.8,188138.0
2026-08-05,2026-08-05 09:35:00,95.0,95.46,93.75,93.75,19296.0
2026-08-05,2026-08-05 09:40:00,93.745,94.3,92.45,93.1,20243.0
2026-08-05,2026-08-05 09:45:00,93.1,93.71,92.53,93.49,7980.0
2026-08-05,2026-08-05 09:50:00,93.55,93.55,91.82,91.95,14614.0
2026-08-05,2026-08-05 09:55:00,91.5,92.72,91.36,91.42,7641.0
2026-08-05,2026-08-05 10:00:00,91.9675,92.01,91.25,91.96,13293.0
2026-08-05,2026-08-05 10:05:00,92.25,92.6,92.13,92.6,10286.0
2026-08-05,2026-08-05 10:10:00,92.325,92.72,91.73,92.04,5423.0
2026-08-05,2026-08-05 10:15:00,92.34,92.82,92.34,92.71,5380.0
2026-08-05,2026-08-05 10:20:00,92.67,92.725,92.4,92.4,3143.0
2026-08-05,2026-08-05 10:25:00,92.655,92.85,92.505,92.59,7593.0
2026-08-05,2026-08-05 10:30:00,92.8052,93.0,92.665,92.665,2988.0
2026-08-05,2026-08-05 10:35:00,92.99,93.09,92.4685,92.72,6107.0
2026-08-05,2026-08-05 10:40:00,92.44,92.63,92.33,92.36,3353.0
2026-08-05,2026-08-05 10:45:00,92.64,92.64,92.33,92.33,4050.0
2026-08-05,2026-08-05 10:50:00,92.07,92.07,92.07,92.07,1479.0
2026-08-05,2026-08-05 10:55:00,91.795,92.04,91.795,92.01,3409.0
2026-08-05,2026-08-05 11:00:00,92.1375,92.1375,91.67,91.765,5621.0
2026-08-05,2026-08-05 11:05:00,91.805,91.86,91.38,91.645,3255.0
2026-08-05,2026-08-05 11:10:00,91.675,91.7,91.38,91.42,2390.0
2026-08-05,2026-08-05 11:15:00,91.37,91.445,91.17,91.445,5793.0
2026-08-05,2026-08-05 11:20:00,91.485,91.76,91.47,91.71,3776.0
2026-08-05,2026-08-05 11:25:00,91.82,91.94,91.65,91.94,4098.0
2026-08-05,2026-08-05 11:30:00,91.85,91.95,91.58,91.58,1930.0
2026-08-05,2026-08-05 11:35:00,91.74,91.74,91.5,91.55,2240.0
2026-08-05,2026-08-05 11:40:00,91.37,91.39,91.02,91.305,14371.0
2026-08-05,2026-08-05 11:45:00,91.365,91.635,91.365,91.495,4243.0
2026-08-05,2026-08-05 11:50:00,91.58,91.65,91.0,91.04,4495.0
2026-08-05,2026-08-05 11:55:00,90.8101,90.96,90.77,90.89,3109.0
2026-08-05,2026-08-05 12:00:00,91.04,91.04,90.895,91.0,2559.0
2026-08-05,2026-08-05 12:05:00,91.03,91.1699,90.76,90.925,7909.0
2026-08-05,2026-08-05 12:10:00,90.925,91.0,90.75,90.76,5028.0
2026-08-05,2026-08-05 12:15:00,90.73,91.01,90.73,90.965,3483.0
2026-08-05,2026-08-05 12:20:00,91.1,91.1,90.4,90.625,35301.0
2026-08-05,2026-08-05 12:25:00,90.625,91.18,90.625,90.995,33516.0
2026-08-05,2026-08-05 12:30:00,90.8101,91.0,90.36,90.41,7635.0
2026-08-05,2026-08-05 12:35:00,90.65,90.92,90.39,90.82,4527.0
2026-08-05,2026-08-05 12:40:00,90.71,90.71,90.36,90.5,3145.0
2026-08-05,2026-08-05 12:45:00,90.495,90.59,90.36,90.59,6334.0
2026-08-05,2026-08-05 12:50:00,90.57,90.57,90.355,90.555,16289.0
2026-08-05,2026-08-05 12:55:00,90.58,90.58,90.43,90.44,9563.0
2026-08-05,2026-08-05 13:00:00,90.4427,90.57,90.295,90.46,4553.0
2026-08-05,2026-08-05 13:05:00,90.6,90.6,90.17,90.21,13346.0
2026-08-05,2026-08-05 13:10:00,90.2101,90.64,90.2101,90.565,27115.0
2026-08-05,2026-08-05 13:15:00,90.605,90.88,90.53,90.75,17635.0
2026-08-05,2026-08-05 13:20:00,90.72,90.8564,90.68,90.75,5278.0
2026-08-05,2026-08-05 13:25:00,90.79,90.95,90.55,90.7,6131.0
2026-08-05,2026-08-05 13:30:00,90.7,90.91,90.52,90.91,7534.0
2026-08-05,2026-08-05 13:35:00,90.91,91.0,90.86,91.0,5194.0
2026-08-05,2026-08-05 13:40:00,91.07,91.11,90.97,91.11,4333.0
2026-08-05,2026-08-05 13:45:00,91.18,91.27,91.18,91.185,3074.0
2026-08-05,2026-08-05 13:50:00,91.21,91.27,91.15,91.21,4650.0
2026-08-05,2026-08-05 13:55:00,91.3,91.38,91.29,91.35,3149.0
2026-08-05,2026-08-05 14:00:00,91.3325,91.46,91.3,91.46,3912.0
2026-08-05,2026-08-05 14:05:00,91.405,91.5,91.3,91.475,4652.0
2026-08-05,2026-08-05 14:10:00,91.39,91.5,91.39,91.46,3417.0
2026-08-05,2026-08-05 14:15:00,91.52,91.62,91.51,91.51,6855.0
2026-08-05,2026-08-05 14:20:00,91.44,91.47,91.3,91.36,3077.0
2026-08-05,2026-08-05 14:25:00,91.44,91.74,91.44,91.64,11324.0
2026-08-05,2026-08-05 14:30:00,91.57,91.66,91.335,91.335,4448.0
2026-08-05,2026-08-05 14:35:00,91.28,91.515,91.28,91.335,5944.0
2026-08-05,2026-08-05 14:40:00,91.29,91.35,91.14,91.28,11898.0
2026-08-05,2026-08-05 14:45:00,91.21,91.44,91.21,91.44,5583.0
2026-08-05,2026-08-05 14:50:00,91.505,91.65,91.365,91.465,5665.0
2026-08-05,2026-08-05 14:55:00,91.49,91.49,91.34,91.34,5070.0
2026-08-05,2026-08-05 15:00:00,91.37,91.53,91.2901,91.53,9111.0
2026-08-05,2026-08-05 15:05:00,91.43,91.77,91.43,91.77,7315.0
2026-08-05,2026-08-05 15:10:00,91.78,91.985,91.72,91.85,5652.0
2026-08-05,2026-08-05 15:15:00,91.86,91.96,91.685,91.715,6785.0
2026-08-05,2026-08-05 15:20:00,91.71,91.87,91.595,91.615,5283.0
2026-08-05,2026-08-05 15:25:00,91.655,91.75,91.01,91.3125,9936.0
2026-08-05,2026-08-05 15:30:00,91.3175,91.51,91.04,91.04,7373.0
2026-08-05,2026-08-05 15:35:00,91.29,91.41,91.09,91.33,12869.0
2026-08-05,2026-08-05 15:40:00,91.25,91.52,91.25,91.52,9104.0
2026-08-05,2026-08-05 15:45:00,91.51,91.59,91.365,91.59,10000.0
2026-08-05,2026-08-05 15:50:00,91.5,91.77,91.34,91.53,25638.0
2026-08-05,2026-08-05 15:55:00,91.52,91.72,91.33,91.575,30187.0
2026-08-05,2026-08-05 16:00:00,91.585,91.6,91.0,91.45,461962.0
2026-08-06,2026-08-06 09:35:00,86.625,87.0,85.25,85.25,55777.0
2026-08-06,2026-08-06 09:40:00,85.35,86.545,84.56,85.87,50501.0
2026-08-06,2026-08-06 09:45:00,86.01,86.84,85.7,86.62,14170.0
2026-08-06,2026-08-06 09:50:00,86.615,87.44,86.3401,87.22,12764.0
2026-08-06,2026-08-06 09:55:00,87.05,87.47,86.86,87.255,9905.0
2026-08-06,2026-08-06 10:00:00,87.02,87.1,86.26,86.85,27735.0
2026-08-06,2026-08-06 10:05:00,86.7,87.5,86.7,87.27,34571.0
2026-08-06,2026-08-06 10:10:00,87.45,87.48,86.79,86.995,12696.0
2026-08-06,2026-08-06 10:15:00,86.83,87.14,86.59,86.94,11754.0
2026-08-06,2026-08-06 10:20:00,87.11,87.5,87.0325,87.5,9353.0
2026-08-06,2026-08-06 10:25:00,87.5,87.5,87.09,87.295,11246.0
2026-08-06,2026-08-06 10:30:00,87.42,87.8,87.13,87.6957,12952.0
2026-08-06,2026-08-06 10:35:00,87.8,88.1301,87.715,87.715,10738.0
2026-08-06,2026-08-06 10:40:00,87.9,88.1,87.73,88.03,5401.0
2026-08-06,2026-08-06 10:45:00,87.885,88.02,87.73,87.895,11011.0
2026-08-06,2026-08-06 10:50:00,87.94,87.98,87.5797,87.74,7145.0
2026-08-06,2026-08-06 10:55:00,87.69,87.69,87.29,87.345,4488.0
2026-08-06,2026-08-06 11:00:00,87.455,87.6,87.135,87.34,25525.0
2026-08-06,2026-08-06 11:05:00,87.345,87.56,87.08,87.19,5002.0
2026-08-06,2026-08-06 11:10:00,87.2,87.41,86.76,86.88,6190.0
2026-08-06,2026-08-06 11:15:00,87.245,87.245,86.75,86.75,4709.0
2026-08-06,2026-08-06 11:20:00,86.53,86.83,86.44,86.6,7727.0
2026-08-06,2026-08-06 11:25:00,86.585,86.62,86.39,86.55,12379.0
2026-08-06,2026-08-06 11:30:00,86.56,86.86,86.541,86.86,6541.0
2026-08-06,2026-08-06 11:35:00,86.875,86.95,86.67,86.95,4088.0
2026-08-06,2026-08-06 11:40:00,86.96,87.445,86.96,87.38,4690.0
2026-08-06,2026-08-06 11:45:00,87.425,87.53,87.255,87.42,10572.0
2026-08-06,2026-08-06 11:50:00,87.35,87.36,87.14,87.24,4000.0
2026-08-06,2026-08-06 11:55:00,87.08,87.235,87.08,87.235,2126.0
2026-08-06,2026-08-06 12:00:00,87.235,87.235,87.08,87.225,1893.0
2026-08-06,2026-08-06 12:05:00,87.245,87.61,87.245,87.51,8483.0
2026-08-06,2026-08-06 12:10:00,87.5825,87.68,87.24,87.285,6051.0
2026-08-06,2026-08-06 12:15:00,87.285,87.29,87.07,87.2195,3913.0
2026-08-06,2026-08-06 12:20:00,87.225,87.346,87.22,87.346,1862.0
2026-08-06,2026-08-06 12:25:00,87.12,87.24,86.99,86.995,4246.0
2026-08-06,2026-08-06 12:30:00,87.04,87.12,86.84,87.075,5157.0
2026-08-06,2026-08-06 12:35:00,87.075,87.075,86.886,86.915,2409.0
2026-08-06,2026-08-06 12:40:00,86.915,87.0,86.71,86.73,8924.0
2026-08-06,2026-08-06 12:45:00,86.66,86.73,86.27,86.27,7798.0
2026-08-06,2026-08-06 12:50:00,86.305,86.54,86.2501,86.48,6877.0
2026-08-06,2026-08-06 12:55:00,86.49,86.67,86.37,86.65,5738.0
2026-08-06,2026-08-06 13:00:00,86.545,86.77,86.26,86.655,11185.0
2026-08-06,2026-08-06 13:05:00,86.7,86.73,86.39,86.475,10723.0
2026-08-06,2026-08-06 13:10:00,86.49,86.6,86.49,86.56,6118.0
2026-08-06,2026-08-06 13:15:00,86.53,86.56,86.445,86.445,3876.0
2026-08-06,2026-08-06 13:20:00,86.26,86.49,86.26,86.385,3478.0
2026-08-06,2026-08-06 13:25:00,86.42,86.975,86.405,86.825,10606.0
2026-08-06,2026-08-06 13:30:00,86.8,86.85,86.55,86.81,2400.0
2026-08-06,2026-08-06 13:35:00,86.6,86.6,86.6,86.6,1284.0
2026-08-06,2026-08-06 13:40:00,86.6,86.71,86.6,86.64,1994.0
2026-08-06,2026-08-06 13:45:00,86.64,86.92,86.61,86.86,9078.0
2026-08-06,2026-08-06 13:50:00,86.95,86.985,86.73,86.73,3423.0
2026-08-06,2026-08-06 13:55:00,86.74,87.005,86.64,86.67,4728.0
2026-08-06,2026-08-06 14:00:00,86.655,86.69,86.25,86.69,16201.0
2026-08-06,2026-08-06 14:05:00,86.72,86.86,86.5001,86.86,6625.0
2026-08-06,2026-08-06 14:10:00,86.99,87.07,86.83,86.9125,7195.0
2026-08-06,2026-08-06 14:15:00,87.06,87.21,87.01,87.02,7565.0
2026-08-06,2026-08-06 14:20:00,86.99,87.14,86.68,86.78,7847.0
2026-08-06,2026-08-06 14:25:00,86.775,86.775,86.395,86.5,9941.0
2026-08-06,2026-08-06 14:30:00,86.465,86.57,86.365,86.47,3680.0
2026-08-06,2026-08-06 14:35:00,86.55,86.6,86.425,86.505,9988.0
2026-08-06,2026-08-06 14:40:00,86.52,86.64,86.5,86.52,12258.0
2026-08-06,2026-08-06 14:45:00,86.515,86.57,86.4275,86.4275,13955.0
2026-08-06,2026-08-06 14:50:00,86.52,86.57,86.46,86.465,6158.0
2026-08-06,2026-08-06 14:55:00,86.435,86.47,86.3,86.305,7181.0
2026-08-06,2026-08-06 15:00:00,86.29,86.49,86.29,86.425,10541.0
2026-08-06,2026-08-06 15:05:00,86.5,86.55,86.46,86.46,4449.0
2026-08-06,2026-08-06 15:10:00,86.385,86.47,86.18,86.215,9664.0
2026-08-06,2026-08-06 15:15:00,86.32,86.385,86.23,86.38,9415.0
2026-08-06,2026-08-06 15:20:00,86.385,86.48,86.26,86.48,14354.0
2026-08-06,2026-08-06 15:25:00,86.53,86.65,86.3,86.4,13611.0
2026-08-06,2026-08-06 15:30:00,86.435,86.435,86.195,86.29,13492.0
2026-08-06,2026-08-06 15:35:00,86.175,86.402,86.17,86.345,13043.0
2026-08-06,2026-08-06 15:40:00,86.405,86.52,86.38,86.4975,8410.0
2026-08-06,2026-08-06 15:45:00,86.51,86.56,86.42,86.51,16561.0
2026-08-06,2026-08-06 15:50:00,86.52,86.615,86.51,86.51,17062.0
2026-08-06,2026-08-06 15:55:00,86.53,87.4729,86.525,87.28,45004.0
2026-08-06,2026-08-06 16:00:00,87.26,87.62,87.21,87.57,268337.0
2026-08-07,2026-08-07 09:35:00,92.94,93.51,92.26,92.99,66804.0
2026-08-07,2026-08-07 09:40:00,92.98,93.98,92.34,93.41,40007.0
2026-08-07,2026-08-07 09:45:00,93.47,93.47,92.25,92.435,30791.0
2026-08-07,2026-08-07 09:50:00,92.44,93.365,92.44,93.07,46708.0
2026-08-07,2026-08-07 09:55:00,93.26,93.26,92.46,92.685,13511.0
2026-08-07,2026-08-07 10:00:00,92.88,93.47,92.78,93.02,33392.0
2026-08-07,2026-08-07 10:05:00,93.02,94.0,93.0,93.785,41282.0
2026-08-07,2026-08-07 10:10:00,93.85,94.31,93.59,94.11,47267.0
2026-08-07,2026-08-07 10:15:00,94.14,94.3,93.755,94.095,17258.0
2026-08-07,2026-08-07 10:20:00,94.095,94.39,94.095,94.1,18442.0
2026-08-07,2026-08-07 10:25:00,94.16,94.32,94.0701,94.17,13000.0
2026-08-07,2026-08-07 10:30:00,94.27,94.3,93.83,94.3,15705.0
2026-08-07,2026-08-07 10:35:00,94.305,94.4,93.53,93.72,24509.0
2026-08-07,2026-08-07 10:40:00,93.84,93.84,93.28,93.495,36617.0
2026-08-07,2026-08-07 10:45:00,93.495,94.2,93.495,93.69,28049.0
2026-08-07,2026-08-07 10:50:00,93.74,93.745,92.7,92.85,19314.0
2026-08-07,2026-08-07 10:55:00,93.0299,93.09,92.5,93.09,55631.0
2026-08-07,2026-08-07 11:00:00,92.91,93.11,92.77,92.9043,20602.0
2026-08-07,2026-08-07 11:05:00,92.54,92.99,92.29,92.635,23464.0
2026-08-07,2026-08-07 11:10:00,92.73,92.95,92.44,92.64,10754.0
2026-08-07,2026-08-07 11:15:00,92.717,92.755,92.13,92.48,30513.0
2026-08-07,2026-08-07 11:20:00,92.2,92.56,92.2,92.475,20444.0
2026-08-07,2026-08-07 11:25:00,92.39,92.86,92.26,92.26,19858.0
2026-08-07,2026-08-07 11:30:00,92.13,92.37,92.0,92.37,16996.0
2026-08-07,2026-08-07 11:35:00,92.16,92.37,91.7,91.78,18323.0
2026-08-07,2026-08-07 11:40:00,91.8,92.17,91.69,91.965,11787.0
2026-08-07,2026-08-07 11:45:00,91.86,92.5589,91.86,92.34,16549.0
2026-08-07,2026-08-07 11:50:00,92.22,92.35,92.07,92.09,11336.0
2026-08-07,2026-08-07 11:55:00,91.9,92.29,91.9,92.29,9743.0
2026-08-07,2026-08-07 12:00:00,92.12,92.29,91.68,91.69,12829.0
2026-08-07,2026-08-07 12:05:00,91.69,91.935,91.6,91.71,8283.0
2026-08-07,2026-08-07 12:10:00,91.61,91.9,91.6,91.87,14851.0
2026-08-07,2026-08-07 12:15:00,91.83,91.92,91.6,91.685,13407.0
2026-08-07,2026-08-07 12:20:00,91.6,91.785,91.3,91.71,16550.0
2026-08-07,2026-08-07 12:25:00,91.775,92.15,91.7,92.1,30319.0
2026-08-07,2026-08-07 12:30:00,92.145,92.34,92.03,92.24,12975.0
2026-08-07,2026-08-07 12:35:00,92.2,92.35,92.11,92.345,12324.0
2026-08-07,2026-08-07 12:40:00,92.22,92.675,92.22,92.673,24514.0
2026-08-07,2026-08-07 12:45:00,92.65,92.74,92.39,92.74,8089.0
2026-08-07,2026-08-07 12:50:00,92.63,92.93,92.63,92.915,36017.0
2026-08-07,2026-08-07 12:55:00,92.98,92.985,92.85,92.91,9917.0
2026-08-07,2026-08-07 13:00:00,92.87,92.87,92.28,92.5,13446.0
2026-08-07,2026-08-07 13:05:00,92.495,92.495,92.4,92.445,8529.0
2026-08-07,2026-08-07 13:10:00,92.445,92.7,92.39,92.6725,15665.0
2026-08-07,2026-08-07 13:15:00,92.64,92.88,92.61,92.88,5239.0
2026-08-07,2026-08-07 13:20:00,92.75,92.88,92.67,92.76,6718.0
2026-08-07,2026-08-07 13:25:00,92.83,92.9099,92.55,92.72,7014.0
2026-08-07,2026-08-07 13:30:00,92.76,92.9622,92.73,92.92,11011.0
2026-08-07,2026-08-07 13:35:00,92.95,93.17,92.9,93.04,83432.0
2026-08-07,2026-08-07 13:40:00,93.04,93.36,93.04,93.205,24964.0
2026-08-07,2026-08-07 13:45:00,93.19,93.27,93.06,93.205,7691.0
2026-08-07,2026-08-07 13:50:00,93.16,93.29,92.99,93.03,18328.0
2026-08-07,2026-08-07 13:55:00,93.0,93.24,93.0,93.19,9918.0
2026-08-07,2026-08-07 14:00:00,93.13,93.14,92.86,93.07,10867.0
2026-08-07,2026-08-07 14:05:00,92.97,93.44,92.97,93.36,10888.0
2026-08-07,2026-08-07 14:10:00,93.18,93.52,93.17,93.17,11584.0
2026-08-07,2026-08-07 14:15:00,93.14,93.3,92.8955,93.25,18781.0
2026-08-07,2026-08-07 14:20:00,93.12,93.65,93.12,93.61,51456.0
2026-08-07,2026-08-07 14:25:00,93.43,93.64,93.43,93.44,11280.0
2026-08-07,2026-08-07 14:30:00,93.38,93.56,93.28,93.495,15301.0
2026-08-07,2026-08-07 14:35:00,93.45,93.55,93.425,93.45,8995.0
2026-08-07,2026-08-07 14:40:00,93.39,93.455,93.18,93.29,13463.0
2026-08-07,2026-08-07 14:45:00,93.18,93.48,93.18,93.31,9490.0
2026-08-07,2026-08-07 14:50:00,93.24,93.32,92.93,93.035,6505.0
2026-08-07,2026-08-07 14:55:00,92.94,93.08,92.71,92.71,12060.0
2026-08-07,2026-08-07 15:00:00,92.66,93.06,92.66,93.01,14010.0
2026-08-07,2026-08-07 15:05:00,93.01,93.1303,92.87,93.1,21636.0
2026-08-07,2026-08-07 15:10:00,93.15,93.248,92.8914,92.93,15821.0
2026-08-07,2026-08-07 15:15:00,92.93,93.25,92.93,93.16,11580.0
2026-08-07,2026-08-07 15:20:00,93.19,93.19,92.76,93.11,16002.0
2026-08-07,2026-08-07 15:25:00,93.11,93.46,93.11,93.45,20125.0
2026-08-07,2026-08-07 15:30:00,93.41,93.755,93.305,93.305,31780.0
2026-08-07,2026-08-07 15:35:00,93.3,93.52,92.85,92.87,31682.0
2026-08-07,2026-08-07 15:40:00,92.91,93.155,92.83,93.09,79918.0
2026-08-07,2026-08-07 15:45:00,93.09,93.44,92.95,93.13,66453.0
2026-08-07,2026-08-07 15:50:00,93.105,93.7573,93.08,93.64,72591.0
2026-08-07,2026-08-07 15:55:00,93.6,93.99,93.225,93.4,95844.0
2026-08-07,2026-08-07 16:00:00,93.58,93.66,92.8,93.13,406325.0
2026-08-10,2026-08-10 09:35:00,81.4,84.9,80.22,83.24,349691.0
2026-08-10,2026-08-10 09:40:00,83.4098,85.5,82.99,84.91,196737.0
2026-08-10,2026-08-10 09:45:00,85.04,86.1189,84.65,85.405,107242.0
2026-08-10,2026-08-10 09:50:00,85.405,85.8534,84.605,84.805,67524.0
2026-08-10,2026-08-10 09:55:00,84.855,85.3999,84.4001,85.245,102113.0
2026-08-10,2026-08-10 10:00:00,85.04,85.04,83.67,83.67,52928.0
2026-08-10,2026-08-10 10:05:00,84.0,85.67,83.985,85.66,53636.0
2026-08-10,2026-08-10 10:10:00,85.56,86.01,84.9105,85.39,67231.0
2026-08-10,2026-08-10 10:15:00,85.52,86.0812,85.33005,85.88,42285.0
2026-08-10,2026-08-10 10:20:00,85.88,85.906,84.7075,85.47,60323.0
2026-08-10,2026-08-10 10:25:00,85.3,85.53,84.65,85.3376,54455.0
2026-08-10,2026-08-10 10:30:00,85.4071,86.14,85.12,85.82,59299.0
2026-08-10,2026-08-10 10:35:00,85.764,86.47,85.68,86.045,88897.0
2026-08-10,2026-08-10 10:40:00,86.045,86.93,85.7388,86.9,56265.0
2026-08-10,2026-08-10 10:45:00,86.8788,87.17,86.6,86.68,94166.0
2026-08-10,2026-08-10 10:50:00,86.705,87.3,86.6201,87.07,50737.0
2026-08-10,2026-08-10 10:55:00,86.97,87.595,86.781,87.595,54833.0
2026-08-10,2026-08-10 11:00:00,87.6172,87.9,86.92,87.296,59258.0
2026-08-10,2026-08-10 11:05:00,87.37,88.3,87.05,88.09,54204.0
2026-08-10,2026-08-10 11:10:00,88.09,88.9,87.82,88.8278,67673.0
2026-08-10,2026-08-10 11:15:00,88.9399,88.9399,88.0501,88.49,46794.0
2026-08-10,2026-08-10 11:20:00,88.5,88.515,87.8897,88.05,24802.0
2026-08-10,2026-08-10 11:25:00,88.0562,88.1847,86.3,86.5104,108942.0
2026-08-10,2026-08-10 11:30:00,86.41,86.54,85.05,85.195,78145.0
2026-08-10,2026-08-10 11:35:00,85.23,85.66,84.8,85.065,37090.0
2026-08-10,2026-08-10 11:40:00,85.11,86.085,85.11,85.93,20308.0
2026-08-10,2026-08-10 11:45:00,85.92,86.74,85.91,86.65,43617.0
2026-08-10,2026-08-10 11:50:00,86.59,86.72,85.44,86.205,76218.0
2026-08-10,2026-08-10 11:55:00,86.1645,86.9599,86.0501,86.5816,42066.0
2026-08-10,2026-08-10 12:00:00,86.57,86.63,86.155,86.16,15655.0
2026-08-10,2026-08-10 12:05:00,86.16,87.61,86.0,87.61,23046.0
2026-08-10,2026-08-10 12:10:00,87.505,87.64,87.1001,87.2,16014.0
2026-08-10,2026-08-10 12:15:00,87.32,87.4764,87.0,87.42,42019.0
2026-08-10,2026-08-10 12:20:00,87.4809,87.52,87.123,87.465,40266.0
2026-08-10,2026-08-10 12:25:00,87.3601,87.68,87.235,87.39,50235.0
2026-08-10,2026-08-10 12:30:00,87.375,87.8799,87.1201,87.495,37009.0
2026-08-10,2026-08-10 12:35:00,87.7999,87.7999,87.0001,87.33,52382.0
2026-08-10,2026-08-10 12:40:00,87.3061,87.623,87.2001,87.375,11083.0
2026-08-10,2026-08-10 12:45:00,87.27,87.58,87.02,87.53,29485.0
2026-08-10,2026-08-10 12:50:00,87.44,87.47,87.15,87.16,38598.0
2026-08-10,2026-08-10 12:55:00,87.17,87.5799,86.55,87.06,29420.0
2026-08-10,2026-08-10 13:00:00,87.06,88.05,87.06,88.05,16314.0
2026-08-10,2026-08-10 13:05:00,87.98,88.2545,87.85,88.25,27186.0
2026-08-10,2026-08-10 13:10:00,88.09,88.15,87.7428,87.8534,14887.0
2026-08-10,2026-08-10 13:15:00,87.86,88.29,87.69,87.8,31897.0
2026-08-10,2026-08-10 13:20:00,88.075,88.1131,87.615,87.86,20482.0
2026-08-10,2026-08-10 13:25:00,87.8331,87.8331,87.38,87.38,18429.0
2026-08-10,2026-08-10 13:30:00,87.3818,87.46,87.02,87.4499,7715.0
2026-08-10,2026-08-10 13:35:00,87.25,87.43,86.75,86.895,70876.0
2026-08-10,2026-08-10 13:40:00,86.96,87.15,86.24,86.375,42821.0
2026-08-10,2026-08-10 13:45:00,86.31,86.775,86.1401,86.775,25533.0
2026-08-10,2026-08-10 13:50:00,86.775,86.775,86.02,86.37,53922.0
2026-08-10,2026-08-10 13:55:00,86.5,86.785,86.36,86.72,13809.0
2026-08-10,2026-08-10 14:00:00,86.6751,87.13,86.6751,87.0,20225.0
2026-08-10,2026-08-10 14:05:00,87.0,87.3,86.86,87.22,18510.0
2026-08-10,2026-08-10 14:10:00,87.26,87.67,87.05,87.1,15863.0
2026-08-10,2026-08-10 14:15:00,87.13,87.49,87.13,87.3142,8359.0
2026-08-10,2026-08-10 14:20:00,87.21,87.46,87.16,87.215,13792.0
2026-08-10,2026-08-10 14:25:00,87.16,87.66,87.14,87.495,22036.0
2026-08-10,2026-08-10 14:30:00,87.495,87.8696,87.495,87.76,23623.0
2026-08-10,2026-08-10 14:35:00,87.765,88.59,87.765,88.37,49773.0
2026-08-10,2026-08-10 14:40:00,88.3423,88.92,88.3423,88.6,31797.0
2026-08-10,2026-08-10 14:45:00,88.6,88.8,88.6,88.67,8154.0
2026-08-10,2026-08-10 14:50:00,88.52,88.6299,88.12,88.294,17559.0
2026-08-10,2026-08-10 14:55:00,88.34,88.5,88.12,88.31,13689.0
2026-08-10,2026-08-10 15:00:00,88.355,88.355,87.615,87.99,17895.0
2026-08-10,2026-08-10 15:05:00,87.97,88.16,87.8,88.08,16421.0
2026-08-10,2026-08-10 15:10:00,88.05,88.1499,87.8,87.85,19473.0
2026-08-10,2026-08-10 15:15:00,87.81,88.055,87.81,87.94,17053.0
2026-08-10,2026-08-10 15:20:00,87.95,88.06,87.6901,87.71,17383.0
2026-08-10,2026-08-10 15:25:00,87.735,87.88,87.62,87.73,22059.0
2026-08-10,2026-08-10 15:30:00,87.72,87.79,87.4805,87.4805,19173.0
2026-08-10,2026-08-10 15:35:00,87.49,87.7099,87.38,87.6,44687.0
2026-08-10,2026-08-10 15:40:00,87.66,87.9,87.43,87.87,27487.0
2026-08-10,2026-08-10 15:45:00,87.77,87.95,87.2501,87.3215,33023.0
2026-08-10,2026-08-10 15:50:00,87.34,87.42,87.08,87.4,43079.0
2026-08-10,2026-08-10 15:55:00,87.38,87.85,87.24,87.85,56685.0
2026-08-10,2026-08-10 16:00:00,87.73,88.99,87.6,88.62,656932.0
2026-08-11,2026-08-11 09:35:00,86.52,86.9652,84.82,86.25,58900.0
2026-08-11,2026-08-11 09:40:00,86.11,87.0,86.11,86.6187,8766.0
2026-08-11,2026-08-11 09:45:00,86.26,86.35,85.215,85.285,25206.0
2026-08-11,2026-08-11 09:50:00,85.4225,85.5,83.9,85.25,56618.0
2026-08-11,2026-08-11 09:55:00,85.27,85.42,84.885,85.12,14508.0
2026-08-11,2026-08-11 10:00:00,85.14,85.73,85.035,85.39,25144.0
2026-08-11,2026-08-11 10:05:00,85.2939,85.895,85.19,85.7,14203.0
2026-08-11,2026-08-11 10:10:00,85.81,85.81,85.25,85.4601,12403.0
2026-08-11,2026-08-11 10:15:00,85.545,85.77,85.46,85.735,13328.0
2026-08-11,2026-08-11 10:20:00,85.76,86.12,85.36,86.015,10178.0
2026-08-11,2026-08-11 10:25:00,86.0,86.23,85.79,86.085,11263.0
2026-08-11,2026-08-11 10:30:00,86.085,86.77,86.0,86.77,9638.0
2026-08-11,2026-08-11 10:35:00,86.785,87.19,86.5,87.0,33546.0
2026-08-11,2026-08-11 10:40:00,87.06,87.88,86.925,87.8,28554.0
2026-08-11,2026-08-11 10:45:00,87.88,88.09,87.485,87.8,33996.0
2026-08-11,2026-08-11 10:50:00,87.8,87.98,87.7,87.92,13926.0
2026-08-11,2026-08-11 10:55:00,87.9,88.24,87.52,87.64,16344.0
2026-08-11,2026-08-11 11:00:00,87.56,87.64,87.08,87.355,17629.0
2026-08-11,2026-08-11 11:05:00,87.65,87.77,87.12,87.18,15574.0
2026-08-11,2026-08-11 11:10:00,87.22,87.77,87.22,87.74,13403.0
2026-08-11,2026-08-11 11:15:00,87.745,87.785,87.2901,87.375,15867.0
2026-08-11,2026-08-11 11:20:00,87.435,87.57,87.35,87.57,13941.0
2026-08-11,2026-08-11 11:25:00,87.61,87.785,87.52,87.705,11404.0
2026-08-11,2026-08-11 11:30:00,87.71,87.71,86.86,86.86,17472.0
2026-08-11,2026-08-11 11:35:00,86.94,87.24,86.6,86.7175,30486.0
2026-08-11,2026-08-11 11:40:00,86.62,86.775,86.59,86.65,6291.0
2026-08-11,2026-08-11 11:45:00,86.7,86.875,86.62,86.68,14981.0
2026-08-11,2026-08-11 11:50:00,86.68,86.99,86.65,86.9,16808.0
2026-08-11,2026-08-11 11:55:00,86.83,87.4,86.83,87.24,8409.0
2026-08-11,2026-08-11 12:00:00,87.22,87.24,87.01,87.195,10591.0
2026-08-11,2026-08-11 12:05:00,87.11,87.32,87.04,87.2,16302.0
2026-08-11,2026-08-11 12:10:00,87.17,87.9199,87.16,87.86,8021.0
2026-08-11,2026-08-11 12:15:00,87.825,87.92,87.5001,87.73,9454.0
2026-08-11,2026-08-11 12:20:00,87.775,87.93,87.58,87.58,13330.0
2026-08-11,2026-08-11 12:25:00,87.5875,87.855,87.54,87.61,10545.0
2026-08-11,2026-08-11 12:30:00,87.54,87.65,87.34,87.34,9364.0
2026-08-11,2026-08-11 12:35:00,87.4,87.5499,87.135,87.175,14350.0
2026-08-11,2026-08-11 12:40:00,87.25,87.57,87.17,87.22,7075.0
2026-08-11,2026-08-11 12:45:00,87.355,87.355,87.17,87.23,4744.0
2026-08-11,2026-08-11 12:50:00,87.36,87.46,87.25,87.39,8494.0
2026-08-11,2026-08-11 12:55:00,87.33,87.33,86.87,87.0,16535.0
2026-08-11,2026-08-11 13:00:00,86.97,87.07,86.88,87.02,5182.0
2026-08-11,2026-08-11 13:05:00,87.08,87.21,86.91,86.92,5760.0
2026-08-11,2026-08-11 13:10:00,86.93,87.135,86.87,87.135,10732.0
2026-08-11,2026-08-11 13:15:00,87.26,87.26,87.12,87.18,7846.0
2026-08-11,2026-08-11 13:20:00,86.98,87.25,86.97,87.05,4527.0
2026-08-11,2026-08-11 13:25:00,87.135,87.19,87.0,87.15,7337.0
2026-08-11,2026-08-11 13:30:00,87.25,87.26,87.04,87.04,6555.0
2026-08-11,2026-08-11 13:35:00,87.07,87.09,86.795,86.795,13064.0
2026-08-11,2026-08-11 13:40:00,86.7,86.89,86.64,86.88,8009.0
2026-08-11,2026-08-11 13:45:00,87.03,87.26,87.03,87.185,10239.0
2026-08-11,2026-08-11 13:50:00,87.195,87.365,86.96,87.215,5629.0
2026-08-11,2026-08-11 13:55:00,87.215,87.38,87.09,87.11,5167.0
2026-08-11,2026-08-11 14:00:00,87.19,87.29,86.95,87.085,6759.0
2026-08-11,2026-08-11 14:05:00,87.04,87.04,86.84,86.93,6426.0
2026-08-11,2026-08-11 14:10:00,86.9101,86.9101,86.66,86.66,7914.0
2026-08-11,2026-08-11 14:15:00,86.72,86.73,86.61,86.655,7284.0
2026-08-11,2026-08-11 14:20:00,86.73,86.835,86.67,86.78,8171.0
2026-08-11,2026-08-11 14:25:00,86.79,86.8,86.61,86.78,9494.0
2026-08-11,2026-08-11 14:30:00,86.78,86.78,86.66,86.775,5024.0
2026-08-11,2026-08-11 14:35:00,86.68,86.885,86.68,86.885,12643.0
2026-08-11,2026-08-11 14:40:00,86.9,87.12,86.9,87.11,6702.0
2026-08-11,2026-08-11 14:45:00,87.02,87.255,86.95,87.14,29012.0
2026-08-11,2026-08-11 14:50:00,87.19,87.44,87.135,87.135,26879.0
2026-08-11,2026-08-11 14:55:00,87.145,87.145,86.75,86.93,14419.0
2026-08-11,2026-08-11 15:00:00,86.85,87.03,86.82,86.975,10562.0
2026-08-11,2026-08-11 15:05:00,86.98,87.29,86.86,87.13,26168.0
2026-08-11,2026-08-11 15:10:00,87.14,87.185,86.71,86.84,10235.0
2026-08-11,2026-08-11 15:15:00,86.84,87.095,86.84,86.985,9953.0
2026-08-11,2026-08-11 15:20:00,87.025,87.12,86.855,87.1,9554.0
2026-08-11,2026-08-11 15:25:00,87.18,87.265,87.04,87.04,10720.0
2026-08-11,2026-08-11 15:30:00,87.0995,87.21,86.99,87.07,14439.0
2026-08-11,2026-08-11 15:35:00,87.07,87.225,86.99,87.17,20926.0
2026-08-11,2026-08-11 15:40:00,87.17,87.185,87.045,87.15,22556.0
2026-08-11,2026-08-11 15:45:00,87.19,87.545,87.19,87.43,26557.0
2026-08-11,2026-08-11 15:50:00,87.395,87.425,87.085,87.085,26705.0
2026-08-11,2026-08-11 15:55:00,87.22,87.5,86.92,87.5,63438.0
2026-08-11,2026-08-11 16:00:00,87.42,87.53,86.965,87.47,585165.0
2026-08-12,2026-08-12 09:35:00,85.22,86.61,84.71,85.87,44182.0
2026-08-12,2026-08-12 09:40:00,86.045,86.385,85.7251,86.1225,17733.0
2026-08-12,2026-08-12 09:45:00,86.11,86.11,84.5,84.66,33240.0
2026-08-12,2026-08-12 09:50:00,84.81,85.305,84.45,84.88,75924.0
2026-08-12,2026-08-12 09:55:00,84.795,84.97,84.48,84.83,27822.0
2026-08-12,2026-08-12 10:00:00,84.665,84.97,84.3,84.6,13298.0
2026-08-12,2026-08-12 10:05:00,84.645,84.735,83.88,83.96,48903.0
2026-08-12,2026-08-12 10:10:00,83.96,84.43,83.84,84.08,16405.0
2026-08-12,2026-08-12 10:15:00,84.01,84.28,83.46,83.625,29975.0
2026-08-12,2026-08-12 10:20:00,83.53,83.99,83.53,83.82,29824.0
2026-08-12,2026-08-12 10:25:00,83.85,84.07,83.61,83.93,12164.0
2026-08-12,2026-08-12 10:30:00,83.75,84.36,83.67,84.145,19721.0
2026-08-12,2026-08-12 10:35:00,84.33,84.91,84.33,84.91,31688.0
2026-08-12,2026-08-12 10:40:00,84.69,85.55,84.67,85.2,33201.0
2026-08-12,2026-08-12 10:45:00,85.0,85.0,84.54,84.54,7736.0
2026-08-12,2026-08-12 10:50:00,84.505,84.85,84.45,84.6475,8336.0
2026-08-12,2026-08-12 10:55:00,84.635,84.79,84.25,84.79,21240.0
2026-08-12,2026-08-12 11:00:00,84.74,84.86,84.42,84.572,6596.0
2026-08-12,2026-08-12 11:05:00,84.77,84.89,83.95,84.05,17035.0
2026-08-12,2026-08-12 11:10:00,84.04,84.13,83.93,84.12,6480.0
2026-08-12,2026-08-12 11:15:00,84.11,84.19,84.0,84.1,9168.0
2026-08-12,2026-08-12 11:20:00,84.1,84.25,84.08,84.23,8090.0
2026-08-12,2026-08-12 11:25:00,84.32,84.39,84.21,84.305,8315.0
2026-08-12,2026-08-12 11:30:00,84.305,84.54,84.19,84.465,5134.0
2026-08-12,2026-08-12 11:35:00,84.57,84.73,84.38,84.63,11655.0
2026-08-12,2026-08-12 11:40:00,84.62,85.085,84.5727,85.0772,10116.0
2026-08-12,2026-08-12 11:45:00,85.07,85.1,84.75,84.87,8272.0
2026-08-12,2026-08-12 11:50:00,85.03,85.24,84.86,84.86,12163.0
2026-08-12,2026-08-12 11:55:00,85.02,85.02,84.75,84.94,4799.0
2026-08-12,2026-08-12 12:00:00,84.865,84.89,84.3,84.46,8967.0
2026-08-12,2026-08-12 12:05:00,84.36,84.83,84.36,84.83,8245.0
2026-08-12,2026-08-12 12:10:00,84.75,85.05,84.64,84.81,8011.0
2026-08-12,2026-08-12 12:15:00,84.81,85.16,84.78,85.005,6474.0
2026-08-12,2026-08-12 12:20:00,85.035,85.43,85.035,85.315,11100.0
2026-08-12,2026-08-12 12:25:00,85.31,85.52,85.21,85.245,9096.0
2026-08-12,2026-08-12 12:30:00,85.38,85.45,85.18,85.38,4523.0
2026-08-12,2026-08-12 12:35:00,85.2,85.33,84.97,84.97,9607.0
2026-08-12,2026-08-12 12:40:00,85.02,85.2,84.97,85.13,9299.0
2026-08-12,2026-08-12 12:45:00,85.2,85.32,85.19,85.28,6286.0
2026-08-12,2026-08-12 12:50:00,85.3,85.34,85.255,85.33,11266.0
2026-08-12,2026-08-12 12:55:00,85.3,85.38,85.18,85.19,10451.0
2026-08-12,2026-08-12 13:00:00,85.24,85.24,85.105,85.15,3697.0
2026-08-12,2026-08-12 13:05:00,85.095,85.15,84.92,84.92,11170.0
2026-08-12,2026-08-12 13:10:00,84.76,85.05,84.5,84.58,14798.0
2026-08-12,2026-08-12 13:15:00,84.58,84.84,84.55,84.84,11286.0
2026-08-12,2026-08-12 13:20:00,84.81,84.84,84.62,84.68,5189.0
2026-08-12,2026-08-12 13:25:00,84.72,84.73,84.625,84.73,5240.0
2026-08-12,2026-08-12 13:30:00,84.63,84.67,84.365,84.365,7315.0
2026-08-12,2026-08-12 13:35:00,84.36,84.56,84.33,84.56,6456.0
2026-08-12,2026-08-12 13:40:00,84.45,84.64,84.45,84.64,3832.0
2026-08-12,2026-08-12 13:45:00,84.63,84.7,84.36,84.36,5788.0
2026-08-12,2026-08-12 13:50:00,84.355,84.56,84.355,84.46,9737.0
2026-08-12,2026-08-12 13:55:00,84.46,84.58,84.45,84.57,4655.0
2026-08-12,2026-08-12 14:00:00,84.54,84.65,84.49,84.56,10650.0
2026-08-12,2026-08-12 14:05:00,84.46,84.58,84.44,84.515,6891.0
2026-08-12,2026-08-12 14:10:00,84.51,84.56,84.45,84.55,5950.0
2026-08-12,2026-08-12 14:15:00,84.56,84.62,84.35,84.35,7344.0
2026-08-12,2026-08-12 14:20:00,84.37,84.37,84.05,84.225,16357.0
2026-08-12,2026-08-12 14:25:00,84.215,84.25,84.16,84.2,7462.0
2026-08-12,2026-08-12 14:30:00,84.22,84.27,84.03,84.11,14792.0
2026-08-12,2026-08-12 14:35:00,84.12,84.41,84.12,84.24,13149.0
2026-08-12,2026-08-12 14:40:00,84.295,84.58,84.23,84.41,4746.0
2026-08-12,2026-08-12 14:45:00,84.4106,84.44,84.36,84.38,4456.0
2026-08-12,2026-08-12 14:50:00,84.4,84.42,84.32,84.39,4809.0
2026-08-12,2026-08-12 14:55:00,84.39,84.48,84.34,84.425,3224.0
2026-08-12,2026-08-12 15:00:00,84.43,84.62,84.425,84.495,12075.0
2026-08-12,2026-08-12 15:05:00,84.43,84.53,84.43,84.485,4521.0
2026-08-12,2026-08-12 15:10:00,84.485,84.82,84.485,84.79,23413.0
2026-08-12,2026-08-12 15:15:00,84.795,84.97,84.67,84.785,15448.0
2026-08-12,2026-08-12 15:20:00,84.78,84.94,84.775,84.94,6388.0
2026-08-12,2026-08-12 15:25:00,84.88,84.97,84.82,84.875,10870.0
2026-08-12,2026-08-12 15:30:00,84.94,84.95,84.705,84.705,8739.0
2026-08-12,2026-08-12 15:35:00,84.75,84.87,84.61,84.63,32805.0
2026-08-12,2026-08-12 15:40:00,84.625,84.73,84.6,84.67,9843.0
2026-08-12,2026-08-12 15:45:00,84.56,85.14,84.56,85.095,72466.0
2026-08-12,2026-08-12 15:50:00,85.15,85.615,85.15,85.42,41780.0
2026-08-12,2026-08-12 15:55:00,85.51,86.13,85.51,85.845,65535.0
2026-08-12,2026-08-12 16:00:00,85.96,86.085,85.705,85.95,288197.0
2026-08-13,2026-08-13 09:35:00,87.0,87.04,85.58,85.68,26319.0
2026-08-13,2026-08-13 09:40:00,85.695,86.6,84.86,85.614,13115.0
2026-08-13,2026-08-13 09:45:00,85.38,85.5,84.95,84.95,7020.0
2026-08-13,2026-08-13 09:50:00,85.29,85.29,83.51,84.645,24243.0
2026-08-13,2026-08-13 09:55:00,84.685,85.275,84.65,85.025,6018.0
2026-08-13,2026-08-13 10:00:00,85.04,85.125,84.42,84.44,6449.0
2026-08-13,2026-08-13 10:05:00,84.43,84.84,84.43,84.83,10014.0
2026-08-13,2026-08-13 10:10:00,84.77,84.85,84.5,84.71,4540.0
2026-08-13,2026-08-13 10:15:00,84.715,85.27,84.715,85.145,23529.0
2026-08-13,2026-08-13 10:20:00,85.15,85.795,85.15,85.795,15908.0
2026-08-13,2026-08-13 10:25:00,85.795,85.915,85.22,85.43,7203.0
2026-08-13,2026-08-13 10:30:00,85.22,85.25,84.324,84.58,36140.0
2026-08-13,2026-08-13 10:35:00,84.58,85.21,84.43,85.21,16848.0
2026-08-13,2026-08-13 10:40:00,84.905,85.47,84.88,85.295,9979.0
2026-08-13,2026-08-13 10:45:00,85.3,85.575,85.1501,85.575,5732.0
2026-08-13,2026-08-13 10:50:00,85.575,85.78,85.055,85.28,22354.0
2026-08-13,2026-08-13 10:55:00,85.2425,85.87,85.061,85.76,10996.0
2026-08-13,2026-08-13 11:00:00,85.7571,85.935,85.55,85.55,7685.0
2026-08-13,2026-08-13 11:05:00,85.565,85.5875,85.295,85.485,3362.0
2026-08-13,2026-08-13 11:10:00,85.47,85.58,85.135,85.135,9750.0
2026-08-13,2026-08-13 11:15:00,85.065,85.14,84.87,84.995,7462.0
2026-08-13,2026-08-13 11:20:00,84.9954,85.045,84.82,84.98,8831.0
2026-08-13,2026-08-13 11:25:00,84.9,84.92,84.2,84.28,8136.0
2026-08-13,2026-08-13 11:30:00,84.37,84.4,84.17,84.17,10866.0
2026-08-13,2026-08-13 11:35:00,84.17,84.8,84.17,84.8,7593.0
2026-08-13,2026-08-13 11:40:00,84.6,84.61,84.43,84.55,4306.0
2026-08-13,2026-08-13 11:45:00,84.55,84.94,84.5148,84.885,10385.0
2026-08-13,2026-08-13 11:50:00,84.82,84.82,84.3801,84.42,4071.0
2026-08-13,2026-08-13 11:55:00,84.475,84.78,84.42,84.71,5771.0
2026-08-13,2026-08-13 12:00:00,84.64,84.64,84.4,84.4,3532.0
2026-08-13,2026-08-13 12:05:00,84.485,84.71,84.25,84.64,4360.0
2026-08-13,2026-08-13 12:10:00,84.715,84.715,84.42,84.5,2628.0
2026-08-13,2026-08-13 12:15:00,84.525,84.87,84.525,84.87,3909.0
2026-08-13,2026-08-13 12:20:00,84.68,84.87,84.68,84.82,4063.0
2026-08-13,2026-08-13 12:25:00,84.76,84.76,84.43,84.665,3724.0
2026-08-13,2026-08-13 12:30:00,84.71,84.9,84.62,84.9,5220.0
2026-08-13,2026-08-13 12:35:00,84.86,84.97,84.68,84.97,7761.0
2026-08-13,2026-08-13 12:40:00,85.05,85.1337,84.835,85.06,4573.0
2026-08-13,2026-08-13 12:45:00,85.005,85.18,85.0,85.17,7609.0
2026-08-13,2026-08-13 12:50:00,85.145,85.4,85.145,85.27,3764.0
2026-08-13,2026-08-13 12:55:00,85.32,85.71,85.32,85.71,3541.0
2026-08-13,2026-08-13 13:00:00,85.61,85.73,85.6,85.73,2717.0
2026-08-13,2026-08-13 13:05:00,85.73,85.73,85.62,85.6694,3830.0
2026-08-13,2026-08-13 13:10:00,85.71,85.71,85.54,85.585,11038.0
2026-08-13,2026-08-13 13:15:00,85.59,85.775,85.585,85.7301,9479.0
2026-08-13,2026-08-13 13:20:00,85.74,85.74,85.64,85.64,2773.0
2026-08-13,2026-08-13 13:25:00,85.595,85.65,85.49,85.49,2822.0
2026-08-13,2026-08-13 13:30:00,85.425,85.43,85.2252,85.4,2386.0
2026-08-13,2026-08-13 13:35:00,85.55,85.725,85.55,85.725,2859.0
2026-08-13,2026-08-13 13:40:00,85.58,85.78,85.49,85.78,3350.0
2026-08-13,2026-08-13 13:45:00,85.78,85.78,85.461,85.66,3391.0
2026-08-13,2026-08-13 13:50:00,85.81,85.81,85.735,85.735,5301.0
2026-08-13,2026-08-13 13:55:00,85.87,86.0882,85.87,86.065,5932.0
2026-08-13,2026-08-13 14:00:00,86.07,86.07,85.855,85.865,3663.0
2026-08-13,2026-08-13 14:05:00,85.9551,86.03,85.9551,85.99,7539.0
2026-08-13,2026-08-13 14:10:00,86.1,86.2,86.1,86.2,2954.0
2026-08-13,2026-08-13 14:15:00,86.1205,86.25,85.73,85.93,8330.0
2026-08-13,2026-08-13 14:20:00,85.775,85.88,85.775,85.79,1670.0
2026-08-13,2026-08-13 14:25:00,86.0,86.12,85.9,85.9001,7071.0
2026-08-13,2026-08-13 14:30:00,86.08,86.14,85.97,86.035,2294.0
2026-08-13,2026-08-13 14:35:00,85.98,87.4,85.88,87.34,37079.0
2026-08-13,2026-08-13 14:40:00,87.34,90.41,87.1,90.32,101461.0
2026-08-13,2026-08-13 14:45:00,90.32,92.62,89.75,91.85,113285.0
2026-08-13,2026-08-13 14:50:00,92.15,92.24,90.2922,91.52,89816.0
2026-08-13,2026-08-13 14:55:00,91.49,92.6,91.4059,92.29,88669.0
2026-08-13,2026-08-13 15:00:00,92.29,93.5,91.5061,92.915,100939.0
2026-08-13,2026-08-13 15:05:00,92.91,93.59,92.5,93.09,129016.0
2026-08-13,2026-08-13 15:10:00,93.15,93.47,92.5227,92.5375,33859.0
2026-08-13,2026-08-13 15:15:00,92.59,93.7,92.2601,93.55,52063.0
2026-08-13,2026-08-13 15:20:00,93.45,93.98,92.75,92.98,30849.0
2026-08-13,2026-08-13 15:25:00,92.91,93.64,92.2549,93.635,37089.0
2026-08-13,2026-08-13 15:30:00,93.65,93.7175,92.855,93.2,33630.0
2026-08-13,2026-08-13 15:35:00,93.205,93.79,93.1849,93.5775,36798.0
2026-08-13,2026-08-13 15:40:00,93.52,93.71,93.275,93.56,26016.0
2026-08-13,2026-08-13 15:45:00,93.56,94.49,93.56,94.47,58900.0
2026-08-13,2026-08-13 15:50:00,94.49,94.68,94.27,94.525,48139.0
2026-08-13,2026-08-13 15:55:00,94.6,94.88,94.192,94.38,98700.0
2026-08-13,2026-08-13 16:00:00,94.38,95.15,93.95,94.29,505756.0
2026-08-14,2026-08-14 09:35:00,94.02,94.1,91.29,91.55,56245.0
2026-08-14,2026-08-14 09:40:00,91.3,91.5,90.26,90.3817,32550.0
2026-08-14,2026-08-14 09:45:00,90.85,91.49,90.5901,90.5901,26914.0
2026-08-14,2026-08-14 09:50:00,90.995,91.28,90.77,90.79,17027.0
2026-08-14,2026-08-14 09:55:00,90.79,90.79,89.965,89.965,30993.0
2026-08-14,2026-08-14 10:00:00,89.8368,90.707,89.63,90.66,26895.0
2026-08-14,2026-08-14 10:05:00,90.695,91.04,89.7,89.825,24839.0
2026-08-14,2026-08-14 10:10:00,89.85,90.1,89.28,89.6,13540.0
2026-08-14,2026-08-14 10:15:00,89.735,89.735,89.04,89.36,10539.0
2026-08-14,2026-08-14 10:20:00,89.2,89.4295,88.62,88.98,13160.0
2026-08-14,2026-08-14 10:25:00,89.0925,89.41,89.07,89.4,8756.0
2026-08-14,2026-08-14 10:30:00,89.4452,89.4999,88.87,88.89,16085.0
2026-08-14,2026-08-14 10:35:00,89.02,89.33,88.82,88.85,12625.0
2026-08-14,2026-08-14 10:40:00,88.92,89.16,88.5,88.5,20058.0
2026-08-14,2026-08-14 10:45:00,88.545,88.68,88.25,88.3,15305.0
2026-08-14,2026-08-14 10:50:00,88.435,88.61,88.23,88.23,9387.0
2026-08-14,2026-08-14 10:55:00,88.18,88.56,88.13,88.56,6774.0
2026-08-14,2026-08-14 11:00:00,88.47,88.55,88.25,88.49,7295.0
2026-08-14,2026-08-14 11:05:00,88.39,88.73,88.39,88.6,5917.0
2026-08-14,2026-08-14 11:10:00,88.465,88.64,88.4,88.4,3818.0
2026-08-14,2026-08-14 11:15:00,88.59,88.94,88.5,88.84,11560.0
2026-08-14,2026-08-14 11:20:00,88.915,88.915,88.59,88.8,10337.0
2026-08-14,2026-08-14 11:25:00,88.805,89.095,88.52,89.095,18373.0
2026-08-14,2026-08-14 11:30:00,89.02,89.35,88.94,89.29,14849.0
2026-08-14,2026-08-14 11:35:00,89.295,89.89,89.295,89.68,11649.0
2026-08-14,2026-08-14 11:40:00,89.68,89.96,89.45,89.88,8515.0
2026-08-14,2026-08-14 11:45:00,89.88,90.05,89.84,89.89,10795.0
2026-08-14,2026-08-14 11:50:00,89.92,90.11,89.8,89.9999,11147.0
2026-08-14,2026-08-14 11:55:00,89.94,90.389,89.915,90.37,14472.0
2026-08-14,2026-08-14 12:00:00,90.3,90.4399,90.17,90.37,8265.0
2026-08-14,2026-08-14 12:05:00,90.37,90.37,89.87,89.87,9350.0
2026-08-14,2026-08-14 12:10:00,89.97,90.0,89.74,89.8,13566.0
2026-08-14,2026-08-14 12:15:00,89.8,89.9,89.125,89.17,13027.0
2026-08-14,2026-08-14 12:20:00,89.06,89.155,88.75,88.875,15231.0
2026-08-14,2026-08-14 12:25:00,88.99,89.11,88.72,88.72,9634.0
2026-08-14,2026-08-14 12:30:00,88.64,89.06,88.64,88.97,8466.0
2026-08-14,2026-08-14 12:35:00,88.9758,89.1,88.85,88.85,11114.0
2026-08-14,2026-08-14 12:40:00,88.75,88.84,88.6,88.785,9710.0
2026-08-14,2026-08-14 12:45:00,88.59,88.91,88.59,88.91,5129.0
2026-08-14,2026-08-14 12:50:00,88.845,88.92,88.75,88.75,6228.0
2026-08-14,2026-08-14 12:55:00,88.73,88.79,88.7,88.77,5512.0
2026-08-14,2026-08-14 13:00:00,88.79,88.88,88.66,88.66,5093.0
2026-08-14,2026-08-14 13:05:00,88.7,88.76,88.58,88.58,6230.0
2026-08-14,2026-08-14 13:10:00,88.54,88.64,88.38,88.64,10949.0
2026-08-14,2026-08-14 13:15:00,88.5978,88.66,88.51,88.605,3321.0
2026-08-14,2026-08-14 13:20:00,88.605,88.605,88.29,88.38,9307.0
2026-08-14,2026-08-14 13:25:00,88.385,88.385,87.82,88.21,19969.0
2026-08-14,2026-08-14 13:30:00,88.15,88.25,88.065,88.15,8130.0
2026-08-14,2026-08-14 13:35:00,88.14,88.21,88.0,88.045,9968.0
2026-08-14,2026-08-14 13:40:00,88.04,88.12,87.93,88.105,6656.0
2026-08-14,2026-08-14 13:45:00,88.08,88.27,88.04,88.12,9059.0
2026-08-14,2026-08-14 13:50:00,88.06,88.105,87.94,87.99,6493.0
2026-08-14,2026-08-14 13:55:00,87.95,88.25,87.95,88.25,6523.0
2026-08-14,2026-08-14 14:00:00,88.19,88.39,88.11,88.32,12314.0
2026-08-14,2026-08-14 14:05:00,88.295,88.37,88.18,88.21,5586.0
2026-08-14,2026-08-14 14:10:00,88.17,88.225,87.94,87.94,5018.0
2026-08-14,2026-08-14 14:15:00,87.91,88.2,87.91,88.16,6680.0
2026-08-14,2026-08-14 14:20:00,88.21,88.215,88.09,88.13,3499.0
2026-08-14,2026-08-14 14:25:00,88.17,88.31,88.0905,88.3,3986.0
2026-08-14,2026-08-14 14:30:00,88.31,88.31,87.97,88.03,7191.0
2026-08-14,2026-08-14 14:35:00,87.995,88.09,87.9101,88.03,5458.0
2026-08-14,2026-08-14 14:40:00,88.035,88.17,87.98,88.0925,6594.0
2026-08-14,2026-08-14 14:45:00,88.01,88.2,88.01,88.1,6643.0
2026-08-14,2026-08-14 14:50:00,88.105,88.18,87.97,88.18,12348.0
2026-08-14,2026-08-14 14:55:00,88.17,88.29,88.065,88.065,6135.0
2026-08-14,2026-08-14 15:00:00,88.16,88.16,87.95,88.04,4009.0
2026-08-14,2026-08-14 15:05:00,88.04,88.1499,87.83,87.84,9897.0
2026-08-14,2026-08-14 15:10:00,87.89,87.89,87.62,87.69,10787.0
2026-08-14,2026-08-14 15:15:00,87.765,87.84,87.57,87.84,6501.0
2026-08-14,2026-08-14 15:20:00,87.775,87.85,87.66,87.75,9093.0
2026-08-14,2026-08-14 15:25:00,87.755,87.755,87.39,87.59,16092.0
2026-08-14,2026-08-14 15:30:00,87.57,87.7,87.36,87.69,14056.0
2026-08-14,2026-08-14 15:35:00,87.61,87.84,87.54,87.83,23463.0
2026-08-14,2026-08-14 15:40:00,87.83,88.115,87.83,88.01,14494.0
2026-08-14,2026-08-14 15:45:00,87.895,88.18,87.895,88.17,20695.0
2026-08-14,2026-08-14 15:50:00,88.145,88.18,87.94,88.18,17114.0
2026-08-14,2026-08-14 15:55:00,88.11,88.2,87.9,87.97,28548.0
2026-08-14,2026-08-14 16:00:00,87.86,87.91,87.43,87.52,258820.0
2026-08-17,2026-08-17 09:35:00,86.12,86.12,84.64,85.69,51444.0
2026-08-17,2026-08-17 09:40:00,85.78,86.25,85.2,85.39,18530.0
2026-08-17,2026-08-17 09:45:00,85.01,85.625,84.5,84.5411,26979.0
2026-08-17,2026-08-17 09:50:00,84.42,84.42,83.61,83.6601,25635.0
2026-08-17,2026-08-17 09:55:00,83.88,84.37,83.68,84.34,8517.0
2026-08-17,2026-08-17 10:00:00,84.3,84.44,84.04,84.115,21049.0
2026-08-17,2026-08-17 10:05:00,84.22,84.65,84.04,84.64,19407.0
2026-08-17,2026-08-17 10:10:00,84.6507,84.705,84.3,84.44,13370.0
2026-08-17,2026-08-17 10:15:00,84.35,84.685,84.35,84.605,6356.0
2026-08-17,2026-08-17 10:20:00,84.715,84.88,84.4,84.55,9524.0
2026-08-17,2026-08-17 10:25:00,84.5075,84.72,84.33,84.33,9287.0
2026-08-17,2026-08-17 10:30:00,84.325,84.45,84.21,84.24,3381.0
2026-08-17,2026-08-17 10:35:00,84.4495,84.4495,84.22,84.285,4796.0
2026-08-17,2026-08-17 10:40:00,84.2,84.3024,84.0,84.165,4408.0
2026-08-17,2026-08-17 10:45:00,84.3,84.345,84.04,84.345,3558.0
2026-08-17,2026-08-17 10:50:00,84.26,84.41,83.955,83.955,10396.0
2026-08-17,2026-08-17 10:55:00,83.94,83.96,83.7,83.83,10064.0
2026-08-17,2026-08-17 11:00:00,83.895,83.895,83.75,83.77,4395.0
2026-08-17,2026-08-17 11:05:00,83.84,84.1244,83.7,83.7,7410.0
2026-08-17,2026-08-17 11:10:00,83.71,83.885,83.6,83.74,12451.0
2026-08-17,2026-08-17 11:15:00,83.795,83.9,83.78,83.805,6817.0
2026-08-17,2026-08-17 11:20:00,83.76,84.1426,83.76,84.1,13495.0
2026-08-17,2026-08-17 11:25:00,83.99,84.14,83.98,83.99,4820.0
2026-08-17,2026-08-17 11:30:00,84.17,84.17,84.0,84.0,9788.0
2026-08-17,2026-08-17 11:35:00,83.92,84.19,83.92,84.105,15260.0
2026-08-17,2026-08-17 11:40:00,84.0,84.21,84.0,84.145,2796.0
2026-08-17,2026-08-17 11:45:00,84.15,84.205,84.13,84.145,4800.0
2026-08-17,2026-08-17 11:50:00,84.17,84.175,83.98,84.0,5462.0
2026-08-17,2026-08-17 11:55:00,83.9,83.99,83.6,83.61,11918.0
2026-08-17,2026-08-17 12:00:00,83.58,83.59,83.52,83.57,5890.0
2026-08-17,2026-08-17 12:05:00,83.545,83.5899,83.34,83.34,17292.0
2026-08-17,2026-08-17 12:10:00,83.32,83.375,82.83,83.005,11452.0
2026-08-17,2026-08-17 12:15:00,82.8937,83.34,82.8937,83.17,12450.0
2026-08-17,2026-08-17 12:20:00,83.1895,83.19,82.88,82.88,7224.0
2026-08-17,2026-08-17 12:25:00,82.95,83.1699,82.95,83.015,7264.0
2026-08-17,2026-08-17 12:30:00,83.075,83.14,82.93,83.085,8498.0
2026-08-17,2026-08-17 12:35:00,82.9805,83.345,82.9805,83.085,10252.0
2026-08-17,2026-08-17 12:40:00,83.095,83.27,83.06,83.26,7821.0
2026-08-17,2026-08-17 12:45:00,83.2,83.2,83.0,83.075,3417.0
2026-08-17,2026-08-17 12:50:00,83.075,83.125,83.02,83.08,3508.0
2026-08-17,2026-08-17 12:55:00,83.07,83.13,82.98,83.0378,15032.0
2026-08-17,2026-08-17 13:00:00,83.04,83.1,82.99,83.1,2472.0
2026-08-17,2026-08-17 13:05:00,83.04,83.16,83.01,83.055,10979.0
2026-08-17,2026-08-17 13:10:00,83.055,83.055,82.99,83.0401,9941.0
2026-08-17,2026-08-17 13:15:00,83.0475,83.05,82.83,82.84,10706.0
2026-08-17,2026-08-17 13:20:00,82.8501,82.93,82.82,82.88,11288.0
2026-08-17,2026-08-17 13:25:00,82.83,82.895,82.8,82.8351,8069.0
2026-08-17,2026-08-17 13:30:00,82.825,82.87,82.7501,82.845,11819.0
2026-08-17,2026-08-17 13:35:00,82.89,83.03,82.89,82.95,5561.0
2026-08-17,2026-08-17 13:40:00,83.05,83.0814,82.945,83.08,2519.0
2026-08-17,2026-08-17 13:45:00,83.05,83.09,82.92,83.0,4262.0
2026-08-17,2026-08-17 13:50:00,83.025,83.025,82.9,82.95,2975.0
2026-08-17,2026-08-17 13:55:00,82.875,83.04,82.875,82.895,4703.0
2026-08-17,2026-08-17 14:00:00,82.85,82.92,82.7608,82.865,4674.0
2026-08-17,2026-08-17 14:05:00,82.9,83.14,82.9,83.13,4604.0
2026-08-17,2026-08-17 14:10:00,83.055,83.055,83.03,83.03,1689.0
2026-08-17,2026-08-17 14:15:00,83.0,83.11,82.92,82.92,4524.0
2026-08-17,2026-08-17 14:20:00,82.87,82.98,82.86,82.86,3107.0
2026-08-17,2026-08-17 14:25:00,82.93,82.96,82.86,82.92,3951.0
2026-08-17,2026-08-17 14:30:00,83.0099,83.01,82.82,82.82,8758.0
2026-08-17,2026-08-17 14:35:00,82.7661,82.82,82.73,82.82,3872.0
2026-08-17,2026-08-17 14:40:00,82.78,82.84,82.72,82.84,3643.0
2026-08-17,2026-08-17 14:45:00,82.77,82.88,82.77,82.88,2909.0
2026-08-17,2026-08-17 14:50:00,82.9,82.985,82.9,82.97,2785.0
2026-08-17,2026-08-17 14:55:00,83.1,83.15,83.04,83.06,5493.0
2026-08-17,2026-08-17 15:00:00,83.03,83.09,82.92,83.09,6070.0
2026-08-17,2026-08-17 15:05:00,83.07,83.22,83.07,83.22,3595.0
2026-08-17,2026-08-17 15:10:00,83.29,83.3,83.2,83.235,4260.0
2026-08-17,2026-08-17 15:15:00,83.24,83.385,83.19,83.35,4611.0
2026-08-17,2026-08-17 15:20:00,83.35,83.4901,83.22,83.37,6805.0
2026-08-17,2026-08-17 15:25:00,83.5,83.74,83.5,83.65,10797.0
2026-08-17,2026-08-17 15:30:00,83.66,83.7,83.44,83.44,5530.0
2026-08-17,2026-08-17 15:35:00,83.44,83.5,83.29,83.29,12414.0
2026-08-17,2026-08-17 15:40:00,83.3,83.39,83.17,83.32,13403.0
2026-08-17,2026-08-17 15:45:00,83.33,83.6,83.33,83.6,11415.0
2026-08-17,2026-08-17 15:50:00,83.605,83.67,83.45,83.555,30646.0
2026-08-17,2026-08-17 15:55:00,83.5,83.545,83.17,83.335,31568.0
2026-08-17,2026-08-17 16:00:00,83.3275,83.34,82.89,83.33,237329.0
2026-08-18,2026-08-18 09:35:00,84.06,84.9099,83.3,83.9665,24747.0
2026-08-18,2026-08-18 09:40:00,84.0,85.47,83.93,85.14,17817.0
2026-08-18,2026-08-18 09:45:00,85.5,85.94,85.27,85.9,13229.0
2026-08-18,2026-08-18 09:50:00,85.79,86.35,85.6105,86.16,13680.0
2026-08-18,2026-08-18 09:55:00,86.265,86.71,86.25,86.68,20167.0
2026-08-18,2026-08-18 10:00:00,86.53,86.99,86.16,86.265,13804.0
2026-08-18,2026-08-18 10:05:00,86.265,87.55,86.265,87.2,10007.0
2026-08-18,2026-08-18 10:10:00,87.45,87.5,87.11,87.14,12390.0
2026-08-18,2026-08-18 10:15:00,86.98,87.08,86.41,86.97,15541.0
2026-08-18,2026-08-18 10:20:00,87.0,87.36,86.645,86.645,21084.0
2026-08-18,2026-08-18 10:25:00,86.82,87.81,86.645,87.76,19652.0
2026-08-18,2026-08-18 10:30:00,87.785,87.785,86.9,87.04,8206.0
2026-08-18,2026-08-18 10:35:00,87.0,87.19,86.73,86.935,9047.0
2026-08-18,2026-08-18 10:40:00,87.01,87.2,86.71,87.05,6993.0
2026-08-18,2026-08-18 10:45:00,86.98,87.03,86.5,86.89,5394.0
2026-08-18,2026-08-18 10:50:00,87.0,87.795,87.0,87.54,8912.0
2026-08-18,2026-08-18 10:55:00,87.755,87.79,87.25,87.295,5594.0
2026-08-18,2026-08-18 11:00:00,87.12,87.7395,87.12,87.69,8425.0
2026-08-18,2026-08-18 11:05:00,87.69,87.85,87.58,87.58,12717.0
2026-08-18,2026-08-18 11:10:00,87.73,87.9,87.58,87.9,5503.0
2026-08-18,2026-08-18 11:15:00,87.885,88.1992,87.77,88.13,15583.0
2026-08-18,2026-08-18 11:20:00,88.1,88.17,87.56,88.08,16385.0
2026-08-18,2026-08-18 11:25:00,88.08,88.22,88.0025,88.0025,5543.0
2026-08-18,2026-08-18 11:30:00,87.94,88.14,87.91,88.04,8100.0
2026-08-18,2026-08-18 11:35:00,87.98,88.055,87.66,87.735,7437.0
2026-08-18,2026-08-18 11:40:00,87.71,88.2,87.71,88.2,4464.0
2026-08-18,2026-08-18 11:45:00,88.215,88.215,87.88,87.88,3595.0
2026-08-18,2026-08-18 11:50:00,88.01,88.06,87.865,87.865,5609.0
2026-08-18,2026-08-18 11:55:00,87.99,88.17,87.83,88.06,9365.0
2026-08-18,2026-08-18 12:00:00,88.035,88.115,87.81,87.905,7152.0
2026-08-18,2026-08-18 12:05:00,88.03,88.1,87.58,87.88,10183.0
2026-08-18,2026-08-18 12:10:00,87.88,88.31,87.7701,88.2551,7324.0
2026-08-18,2026-08-18 12:15:00,88.255,88.27,88.125,88.25,7159.0
2026-08-18,2026-08-18 12:20:00,88.275,88.275,87.92,88.06,6128.0
2026-08-18,2026-08-18 12:25:00,88.135,88.18,87.995,88.065,3656.0
2026-08-18,2026-08-18 12:30:00,88.06,88.27,88.045,88.14,8156.0
2026-08-18,2026-08-18 12:35:00,88.05,88.28,88.04,88.135,8518.0
2026-08-18,2026-08-18 12:40:00,88.16,88.58,88.11,88.43,12226.0
2026-08-18,2026-08-18 12:45:00,88.33,88.93,88.33,88.86,9593.0
2026-08-18,2026-08-18 12:50:00,88.845,89.2499,88.845,89.175,9230.0
2026-08-18,2026-08-18 12:55:00,89.1725,89.33,88.9,89.125,9133.0
2026-08-18,2026-08-18 13:00:00,89.11,89.285,89.11,89.14,12716.0
2026-08-18,2026-08-18 13:05:00,89.14,89.21,89.05,89.14,9562.0
2026-08-18,2026-08-18 13:10:00,89.14,89.22,88.95,89.22,8357.0
2026-08-18,2026-08-18 13:15:00,89.13,89.21,89.05,89.14,5469.0
2026-08-18,2026-08-18 13:20:00,89.14,89.455,89.13,89.36,7599.0
2026-08-18,2026-08-18 13:25:00,89.35,89.65,89.35,89.56,5745.0
2026-08-18,2026-08-18 13:30:00,89.58,89.59,89.08,89.355,8598.0
2026-08-18,2026-08-18 13:35:00,89.475,89.6,89.45,89.575,5749.0
2026-08-18,2026-08-18 13:40:00,89.445,89.59,89.445,89.585,4696.0
2026-08-18,2026-08-18 13:45:00,89.48,89.62,89.235,89.32,5157.0
2026-08-18,2026-08-18 13:50:00,89.24,89.375,88.64,89.14,19172.0
2026-08-18,2026-08-18 13:55:00,89.16,89.385,89.13,89.17,9399.0
2026-08-18,2026-08-18 14:00:00,89.21,89.5,89.16,89.4,7131.0
2026-08-18,2026-08-18 14:05:00,89.405,89.525,89.2775,89.365,6378.0
2026-08-18,2026-08-18 14:10:00,89.32,89.45,89.125,89.395,8494.0
2026-08-18,2026-08-18 14:15:00,89.5,89.54,89.4,89.515,4983.0
2026-08-18,2026-08-18 14:20:00,89.46,89.59,89.36,89.455,5390.0
2026-08-18,2026-08-18 14:25:00,89.47,89.625,89.47,89.6,4557.0
2026-08-18,2026-08-18 14:30:00,89.53,89.69,89.5,89.5,12672.0
2026-08-18,2026-08-18 14:35:00,89.615,89.72,89.445,89.445,5864.0
2026-08-18,2026-08-18 14:40:00,89.46,89.5,89.18,89.22,7696.0
2026-08-18,2026-08-18 14:45:00,89.22,89.38,89.155,89.18,5476.0
2026-08-18,2026-08-18 14:50:00,89.21,89.21,89.01,89.095,6560.0
2026-08-18,2026-08-18 14:55:00,89.23,89.53,89.23,89.47,8643.0
2026-08-18,2026-08-18 15:00:00,89.21,89.62,89.21,89.5,5032.0
2026-08-18,2026-08-18 15:05:00,89.56,89.7,89.52,89.695,6577.0
2026-08-18,2026-08-18 15:10:00,89.68,89.685,89.61,89.665,5868.0
2026-08-18,2026-08-18 15:15:00,89.67,89.76,89.6,89.64,8103.0
2026-08-18,2026-08-18 15:20:00,89.61,89.63,89.225,89.2325,9787.0
2026-08-18,2026-08-18 15:25:00,89.3,89.4,89.28,89.28,5759.0
2026-08-18,2026-08-18 15:30:00,89.3,89.3,88.93,89.06,11174.0
2026-08-18,2026-08-18 15:35:00,89.14,89.25,88.755,88.79,16270.0
2026-08-18,2026-08-18 15:40:00,88.8,88.81,88.3815,88.565,20121.0
2026-08-18,2026-08-18 15:45:00,88.58,88.66,88.21,88.29,14530.0
2026-08-18,2026-08-18 15:50:00,88.205,88.34,87.66,88.08,53747.0
2026-08-18,2026-08-18 15:55:00,88.11,88.17,87.98,88.02,49759.0
2026-08-18,2026-08-18 16:00:00,88.01,88.1,87.795,88.04,304502.0
2026-08-19,2026-08-19 09:35:00,87.81,89.8,87.81,89.49,37296.0
2026-08-19,2026-08-19 09:40:00,89.49,90.5,89.49,90.5,30143.0
2026-08-19,2026-08-19 09:45:00,90.59,91.25,89.86,90.24,22770.0
2026-08-19,2026-08-19 09:50:00,90.36,90.62,89.57,90.245,10433.0
2026-08-19,2026-08-19 09:55:00,90.56,90.73,90.02,90.24,10775.0
2026-08-19,2026-08-19 10:00:00,90.17,91.19,90.015,91.15,15223.0
2026-08-19,2026-08-19 10:05:00,91.002,91.56,91.002,91.4,21380.0
2026-08-19,2026-08-19 10:10:00,91.57,91.62,91.09,91.09,10797.0
2026-08-19,2026-08-19 10:15:00,91.45,91.45,91.19,91.1931,5616.0
2026-08-19,2026-08-19 10:20:00,91.23,91.98,91.23,91.67,12355.0
2026-08-19,2026-08-19 10:25:00,91.84,91.84,91.3,91.3,5414.0
2026-08-19,2026-08-19 10:30:00,91.45,91.46,91.09,91.29,4950.0
2026-08-19,2026-08-19 10:35:00,91.29,91.444,91.03,91.33,8103.0
2026-08-19,2026-08-19 10:40:00,91.11,92.24,91.08,91.78,27536.0
2026-08-19,2026-08-19 10:45:00,91.9,92.1,91.7,92.03,9268.0
2026-08-19,2026-08-19 10:50:00,91.955,92.94,91.955,92.88,13019.0
2026-08-19,2026-08-19 10:55:00,92.91,93.332,92.7482,93.21,14667.0
2026-08-19,2026-08-19 11:00:00,93.175,93.18,92.7301,93.065,15498.0
2026-08-19,2026-08-19 11:05:00,93.065,93.2135,92.99,93.04,13178.0
2026-08-19,2026-08-19 11:10:00,93.01,93.05,92.54,92.735,10596.0
2026-08-19,2026-08-19 11:15:00,92.74,92.9299,92.5,92.645,9437.0
2026-08-19,2026-08-19 11:20:00,92.47,92.72,92.32,92.32,10573.0
2026-08-19,2026-08-19 11:25:00,92.43,92.43,92.24,92.41,9468.0
2026-08-19,2026-08-19 11:30:00,92.38,92.4,91.85,92.1,9281.0
2026-08-19,2026-08-19 11:35:00,92.11,92.42,91.98,92.42,5107.0
2026-08-19,2026-08-19 11:40:00,92.42,92.46,92.13,92.15,4529.0
2026-08-19,2026-08-19 11:45:00,92.23,92.75,92.23,92.75,19684.0
2026-08-19,2026-08-19 11:50:00,92.76,92.8,92.665,92.77,12462.0
2026-08-19,2026-08-19 11:55:00,92.77,92.97,92.74,92.97,14468.0
2026-08-19,2026-08-19 12:00:00,92.89,92.895,92.68,92.83,6608.0
2026-08-19,2026-08-19 12:05:00,92.88,92.97,92.7,92.815,8153.0
2026-08-19,2026-08-19 12:10:00,92.88,92.9,92.42,92.59,6476.0
2026-08-19,2026-08-19 12:15:00,92.55,92.58,92.29,92.58,5864.0
2026-08-19,2026-08-19 12:20:00,92.31,92.637,92.31,92.637,8047.0
2026-08-19,2026-08-19 12:25:00,92.52,92.63,92.33,92.445,6034.0
2026-08-19,2026-08-19 12:30:00,92.57,92.64,92.39,92.64,5833.0
2026-08-19,2026-08-19 12:35:00,92.53,92.53,92.15,92.15,9342.0
2026-08-19,2026-08-19 12:40:00,92.19,92.365,92.1,92.11,5544.0
2026-08-19,2026-08-19 12:45:00,92.165,92.31,92.165,92.31,2455.0
2026-08-19,2026-08-19 12:50:00,92.324,92.324,92.13,92.13,6496.0
2026-08-19,2026-08-19 12:55:00,92.205,92.205,91.73,91.73,5552.0
2026-08-19,2026-08-19 13:00:00,91.84,91.85,91.82,91.82,1531.0
2026-08-19,2026-08-19 13:05:00,91.94,91.95,91.4,91.4,11585.0
2026-08-19,2026-08-19 13:10:00,91.44,91.815,91.44,91.72,5182.0
2026-08-19,2026-08-19 13:15:00,91.62,91.81,91.62,91.66,1770.0
2026-08-19,2026-08-19 13:20:00,91.56,91.61,91.36,91.36,4105.0
2026-08-19,2026-08-19 13:25:00,91.38,91.44,91.1,91.24,5328.0
2026-08-19,2026-08-19 13:30:00,91.225,91.54,91.225,91.39,4787.0
2026-08-19,2026-08-19 13:35:00,91.43,91.52,91.24,91.24,6104.0
2026-08-19,2026-08-19 13:40:00,91.37,91.38,91.26,91.28,2842.0
2026-08-19,2026-08-19 13:45:00,91.3014,91.64,91.3014,91.58,4242.0
2026-08-19,2026-08-19 13:50:00,91.595,91.66,91.42,91.42,8607.0
2026-08-19,2026-08-19 13:55:00,91.647,91.66,91.647,91.66,2288.0
2026-08-19,2026-08-19 14:00:00,91.605,91.77,91.605,91.77,2320.0
2026-08-19,2026-08-19 14:05:00,91.82,91.92,91.55,91.665,9257.0
2026-08-19,2026-08-19 14:10:00,91.685,91.69,91.55,91.69,6079.0
2026-08-19,2026-08-19 14:15:00,91.615,91.77,91.6,91.6,4066.0
2026-08-19,2026-08-19 14:20:00,91.56,91.7,91.52,91.52,2871.0
2026-08-19,2026-08-19 14:25:00,91.51,91.575,91.44,91.55,4161.0
2026-08-19,2026-08-19 14:30:00,91.575,91.78,91.55,91.65,5226.0
2026-08-19,2026-08-19 14:35:00,91.65,91.67,91.49,91.575,9174.0
2026-08-19,2026-08-19 14:40:00,91.575,91.74,91.575,91.74,4398.0
2026-08-19,2026-08-19 14:45:00,91.72,91.72,91.52,91.545,7545.0
2026-08-19,2026-08-19 14:50:00,91.535,91.625,91.46,91.51,8721.0
2026-08-19,2026-08-19 14:55:00,91.59,91.65,91.51,91.53,6062.0
2026-08-19,2026-08-19 15:00:00,91.49,91.67,91.49,91.58,6019.0
2026-08-19,2026-08-19 15:05:00,91.57,91.7,91.56,91.695,5208.0
2026-08-19,2026-08-19 15:10:00,91.665,91.71,91.57,91.71,4563.0
2026-08-19,2026-08-19 15:15:00,91.65,91.85,91.65,91.755,9508.0
2026-08-19,2026-08-19 15:20:00,91.75,91.97,91.75,91.84,7964.0
2026-08-19,2026-08-19 15:25:00,91.82,91.8625,91.405,91.405,10076.0
2026-08-19,2026-08-19 15:30:00,91.4125,91.73,91.4125,91.73,13603.0
2026-08-19,2026-08-19 15:35:00,91.65,91.9,91.65,91.862,10392.0
2026-08-19,2026-08-19 15:40:00,91.71,91.8695,91.49,91.525,15635.0
2026-08-19,2026-08-19 15:45:00,91.48,91.51,91.235,91.315,13532.0
2026-08-19,2026-08-19 15:50:00,91.305,91.42,90.81,90.97,20159.0
2026-08-19,2026-08-19 15:55:00,90.87,91.375,90.87,91.375,31873.0
2026-08-19,2026-08-19 16:00:00,91.395,91.49,90.95,91.01,232657.0
2026-08-20,2026-08-20 09:35:00,89.74,91.25,89.625,90.745,12011.0
2026-08-20,2026-08-20 09:40:00,90.26,90.31,89.51,89.6,5001.0
2026-08-20,2026-08-20 09:45:00,89.625,91.12,89.625,91.12,9997.0
2026-08-20,2026-08-20 09:50:00,91.06,91.67,90.755,91.67,9175.0
2026-08-20,2026-08-20 09:55:00,91.94,91.94,90.86,91.06,5817.0
2026-08-20,2026-08-20 10:00:00,91.18,91.18,90.42,90.74,6168.0
2026-08-20,2026-08-20 10:05:00,90.79,90.98,90.37,90.405,5462.0
2026-08-20,2026-08-20 10:10:00,90.41,90.63,90.05,90.5,11488.0
2026-08-20,2026-08-20 10:15:00,90.58,90.58,89.9,90.19,5228.0
2026-08-20,2026-08-20 10:20:00,90.42,90.66,90.2,90.615,4561.0
2026-08-20,2026-08-20 10:25:00,90.79,90.79,90.0575,90.25,4009.0
2026-08-20,2026-08-20 10:30:00,90.38,90.7591,90.2825,90.7591,3093.0
2026-08-20,2026-08-20 10:35:00,90.78,90.79,90.4425,90.51,3598.0
2026-08-20,2026-08-20 10:40:00,90.77,91.03,90.62,90.84,3871.0
2026-08-20,2026-08-20 10:45:00,90.84,90.84,90.125,90.27,4068.0
2026-08-20,2026-08-20 10:50:00,90.35,90.54,90.04,90.145,3987.0
2026-08-20,2026-08-20 10:55:00,90.15,90.43,90.15,90.43,3075.0
2026-08-20,2026-08-20 11:00:00,90.46,92.22,90.315,91.93,56241.0
2026-08-20,2026-08-20 11:05:00,91.685,92.77,91.665,92.5493,14641.0
2026-08-20,2026-08-20 11:10:00,92.74,92.89,92.0,92.03,26013.0
2026-08-20,2026-08-20 11:15:00,91.71,92.07,91.51,91.82,6831.0
2026-08-20,2026-08-20 11:20:00,91.745,91.75,91.27,91.475,4681.0
2026-08-20,2026-08-20 11:25:00,91.475,91.475,90.51,90.82,10107.0
2026-08-20,2026-08-20 11:30:00,90.8125,91.0,90.51,90.79,5747.0
2026-08-20,2026-08-20 11:35:00,90.73,90.73,90.72,90.72,2262.0
2026-08-20,2026-08-20 11:40:00,90.7398,91.15,90.7398,91.13,4011.0
2026-08-20,2026-08-20 11:45:00,91.1168,91.345,90.845,91.32,9713.0
2026-08-20,2026-08-20 11:50:00,91.4136,91.51,91.0771,91.0771,1280.0
2026-08-20,2026-08-20 11:55:00,91.38,91.38,91.09,91.24,2461.0
2026-08-20,2026-08-20 12:00:00,91.24,91.37,91.1,91.37,7490.0
2026-08-20,2026-08-20 12:05:00,91.41,91.45,91.24,91.45,1634.0
2026-08-20,2026-08-20 12:10:00,91.31,91.58,91.28,91.565,3606.0
2026-08-20,2026-08-20 12:15:00,91.54,91.65,91.5,91.58,3276.0
2026-08-20,2026-08-20 12:20:00,91.54,91.54,90.96,91.04,22112.0
2026-08-20,2026-08-20 12:25:00,90.96,90.96,90.75,90.8,4868.0
2026-08-20,2026-08-20 12:30:00,90.775,90.8,90.775,90.8,1770.0
2026-08-20,2026-08-20 12:35:00,90.845,90.845,90.65,90.84,1488.0
2026-08-20,2026-08-20 12:40:00,90.93,90.98,90.905,90.91,2749.0
2026-08-20,2026-08-20 12:45:00,90.77,90.94,90.735,90.94,1944.0
2026-08-20,2026-08-20 12:50:00,90.87,91.0,90.63,90.63,2774.0
2026-08-20,2026-08-20 12:55:00,90.63,90.7,90.54,90.7,2352.0
2026-08-20,2026-08-20 13:00:00,90.72,90.72,90.72,90.72,826.0
2026-08-20,2026-08-20 13:05:00,90.67,90.81,90.67,90.765,2950.0
2026-08-20,2026-08-20 13:10:00,90.52,90.655,90.52,90.655,1369.0
2026-08-20,2026-08-20 13:15:00,90.53,90.55,90.23,90.38,7764.0
2026-08-20,2026-08-20 13:20:00,90.35,90.6,90.35,90.6,1804.0
2026-08-20,2026-08-20 13:25:00,90.53,90.53,90.42,90.42,1136.0
2026-08-20,2026-08-20 13:30:00,90.48,90.48,90.36,90.37,1508.0
2026-08-20,2026-08-20 13:35:00,90.37,90.75,90.36,90.75,4868.0
2026-08-20,2026-08-20 13:40:00,90.89,90.89,90.6825,90.755,1649.0
2026-08-20,2026-08-20 13:45:00,90.635,90.66,90.54,90.58,2098.0
2026-08-20,2026-08-20 13:50:00,90.76,90.87,90.585,90.87,1579.0
2026-08-20,2026-08-20 13:55:00,90.85,90.85,90.7,90.75,2078.0
2026-08-20,2026-08-20 14:00:00,90.68,91.0,90.68,91.0,3050.0
2026-08-20,2026-08-20 14:05:00,90.91,91.0099,90.66,90.76,3878.0
2026-08-20,2026-08-20 14:10:00,90.77,90.85,90.765,90.78,2541.0
2026-08-20,2026-08-20 14:15:00,90.83,91.19,90.83,91.0,4775.0
2026-08-20,2026-08-20 14:20:00,91.17,91.365,90.97,91.03,6279.0
2026-08-20,2026-08-20 14:25:00,91.15,91.15,90.83,90.83,3619.0
2026-08-20,2026-08-20 14:30:00,90.75,91.16,90.75,91.16,4316.0
2026-08-20,2026-08-20 14:35:00,91.09,91.09,91.02,91.02,2647.0
2026-08-20,2026-08-20 14:40:00,91.02,91.02,90.5435,90.77,4359.0
2026-08-20,2026-08-20 14:45:00,90.65,90.86,90.65,90.83,3215.0
2026-08-20,2026-08-20 14:50:00,90.98,91.155,90.98,91.08,4999.0
2026-08-20,2026-08-20 14:55:00,90.94,91.16,90.94,91.09,2496.0
2026-08-20,2026-08-20 15:00:00,91.03,91.1693,91.03,91.1693,3712.0
2026-08-20,2026-08-20 15:05:00,91.23,91.23,91.09,91.09,2606.0
2026-08-20,2026-08-20 15:10:00,91.1,91.2,91.07,91.2,2582.0
2026-08-20,2026-08-20 15:15:00,91.28,91.28,91.245,91.25,2421.0
2026-08-20,2026-08-20 15:20:00,91.33,91.41,91.25,91.41,8827.0
2026-08-20,2026-08-20 15:25:00,91.305,91.44,91.17,91.44,7716.0
2026-08-20,2026-08-20 15:30:00,91.4,91.44,91.26,91.36,5950.0
2026-08-20,2026-08-20 15:35:00,91.4,91.58,91.26,91.5,21571.0
2026-08-20,2026-08-20 15:40:00,91.56,91.72,91.53,91.58,9647.0
2026-08-20,2026-08-20 15:45:00,91.495,91.62,91.495,91.57,17971.0
2026-08-20,2026-08-20 15:50:00,91.61,91.61,91.39,91.49,7545.0
2026-08-20,2026-08-20 15:55:00,91.54,91.62,91.45,91.58,20448.0
2026-08-20,2026-08-20 16:00:00,91.58,91.6795,91.12,91.3,187654.0
2026-08-21,2026-08-21 09:35:00,90.8,91.2,90.25,91.04,13517.0
2026-08-21,2026-08-21 09:40:00,90.84,91.02,90.635,90.8325,3149.0
2026-08-21,2026-08-21 09:45:00,91.0,91.0,89.647,89.65,4561.0
2026-08-21,2026-08-21 09:50:00,89.3,89.3,88.51,88.8,4466.0
2026-08-21,2026-08-21 09:55:00,88.69,89.5821,88.54,89.5,5212.0
2026-08-21,2026-08-21 10:00:00,89.83,90.25,89.51,89.51,7202.0
2026-08-21,2026-08-21 10:05:00,90.1,90.31,89.875,90.31,3829.0
2026-08-21,2026-08-21 10:10:00,90.5725,90.58,90.39,90.39,1414.0
2026-08-21,2026-08-21 10:15:00,90.415,90.88,90.415,90.49,2276.0
2026-08-21,2026-08-21 10:20:00,90.84,90.91,90.5,90.5,2715.0
2026-08-21,2026-08-21 10:25:00,90.33,90.33,90.33,90.33,1899.0
2026-08-21,2026-08-21 10:30:00,90.35,91.0,90.35,90.97,5465.0
2026-08-21,2026-08-21 10:35:00,90.965,91.2,90.965,91.02,6279.0
2026-08-21,2026-08-21 10:40:00,91.29,91.45,91.225,91.4,3503.0
2026-08-21,2026-08-21 10:45:00,91.63,91.75,91.48,91.665,3007.0
2026-08-21,2026-08-21 10:50:00,91.77,91.79,91.52,91.61,4169.0
2026-08-21,2026-08-21 10:55:00,91.61,91.61,91.6,91.61,1519.0
2026-08-21,2026-08-21 11:00:00,91.8,92.12,91.8,92.09,3752.0
2026-08-21,2026-08-21 11:05:00,91.8845,92.25,91.8845,92.12,38202.0
2026-08-21,2026-08-21 11:10:00,92.24,92.53,91.91,92.42,43216.0
2026-08-21,2026-08-21 11:15:00,92.335,92.335,92.175,92.19,2760.0
2026-08-21,2026-08-21 11:20:00,92.33,92.68,92.13,92.51,2315.0
2026-08-21,2026-08-21 11:25:00,92.5,92.79,92.47,92.69,3895.0
2026-08-21,2026-08-21 11:30:00,92.7697,93.16,92.7,93.06,7998.0
2026-08-21,2026-08-21 11:35:00,93.02,93.15,92.5873,92.895,7397.0
2026-08-21,2026-08-21 11:40:00,93.04,93.36,92.94,93.35,16162.0
2026-08-21,2026-08-21 11:45:00,93.296,93.62,93.0,93.62,6362.0
2026-08-21,2026-08-21 11:50:00,93.58,93.59,93.185,93.28,13909.0
2026-08-21,2026-08-21 11:55:00,93.275,93.58,93.2394,93.355,7289.0
2026-08-21,2026-08-21 12:00:00,93.36,93.49,92.8253,93.11,119885.0
2026-08-21,2026-08-21 12:05:00,93.01,93.02,92.4134,92.73,6318.0
2026-08-21,2026-08-21 12:10:00,92.79,93.04,92.63,92.89,7717.0
2026-08-21,2026-08-21 12:15:00,92.75,93.07,92.72,92.84,4155.0
2026-08-21,2026-08-21 12:20:00,92.85,92.905,92.65,92.76,2121.0
2026-08-21,2026-08-21 12:25:00,92.76,92.76,92.28,92.48,5093.0
2026-08-21,2026-08-21 12:30:00,92.48,92.48,92.07,92.07,2345.0
2026-08-21,2026-08-21 12:35:00,92.07,92.38,91.94,92.28,5259.0
2026-08-21,2026-08-21 12:40:00,91.65,92.24,91.65,92.24,1837.0
2026-08-21,2026-08-21 12:45:00,92.0,92.05,91.97,92.05,1871.0
2026-08-21,2026-08-21 12:50:00,92.145,92.16,92.005,92.11,3665.0
2026-08-21,2026-08-21 12:55:00,92.14,92.14,91.86,92.07,4330.0
2026-08-21,2026-08-21 13:00:00,92.08,92.255,92.08,92.255,12496.0
2026-08-21,2026-08-21 13:05:00,92.2,92.22,92.125,92.1275,1746.0
2026-08-21,2026-08-21 13:10:00,92.24,92.24,91.6,91.6,5655.0
2026-08-21,2026-08-21 13:15:00,91.63,91.63,91.45,91.46,26347.0
2026-08-21,2026-08-21 13:20:00,91.6,91.63,91.525,91.62,4240.0
2026-08-21,2026-08-21 13:25:00,91.64,91.64,91.35,91.575,6060.0
2026-08-21,2026-08-21 13:30:00,91.7,91.7,91.4,91.69,1655.0
2026-08-21,2026-08-21 13:35:00,91.66,91.68,91.44,91.55,3043.0
2026-08-21,2026-08-21 13:40:00,91.55,91.55,91.33,91.4,5449.0
2026-08-21,2026-08-21 13:45:00,91.3,91.41,91.1675,91.41,5562.0
2026-08-21,2026-08-21 13:50:00,91.35,91.53,91.26,91.26,1236.0
2026-08-21,2026-08-21 13:55:00,91.22,91.22,90.88,91.19,7739.0
2026-08-21,2026-08-21 14:00:00,91.01,91.24,90.8775,90.955,3701.0
2026-08-21,2026-08-21 14:05:00,90.96,91.1,90.77,90.8758,2861.0
2026-08-21,2026-08-21 14:10:00,90.77,90.935,90.725,90.725,9018.0
2026-08-21,2026-08-21 14:15:00,90.94,90.94,90.51,90.91,3413.0
2026-08-21,2026-08-21 14:20:00,90.79,90.86,90.56,90.86,3640.0
2026-08-21,2026-08-21 14:25:00,90.511,90.68,90.511,90.64,3015.0
2026-08-21,2026-08-21 14:30:00,90.55,90.68,90.44,90.575,3715.0
2026-08-21,2026-08-21 14:35:00,90.35,90.65,90.35,90.65,13496.0
2026-08-21,2026-08-21 14:40:00,90.55,90.86,90.4625,90.86,4127.0
2026-08-21,2026-08-21 14:45:00,90.86,90.95,90.84,90.94,3639.0
2026-08-21,2026-08-21 14:50:00,90.835,91.0,90.835,90.9899,1967.0
2026-08-21,2026-08-21 14:55:00,90.8375,90.99,90.66,90.88,1887.0
2026-08-21,2026-08-21 15:00:00,90.99,91.01,90.64,90.85,6211.0
2026-08-21,2026-08-21 15:05:00,90.38,90.92,90.38,90.92,4137.0
2026-08-21,2026-08-21 15:10:00,90.92,90.96,90.6575,90.95,5775.0
2026-08-21,2026-08-21 15:15:00,90.95,90.95,90.45,90.74,4538.0
2026-08-21,2026-08-21 15:20:00,90.9,90.9,90.31,90.76,6407.0
2026-08-21,2026-08-21 15:25:00,90.79,90.79,90.44,90.48,5066.0
2026-08-21,2026-08-21 15:30:00,90.65,90.72,90.59,90.635,4320.0
2026-08-21,2026-08-21 15:35:00,90.48,90.48,90.385,90.4,5162.0
2026-08-21,2026-08-21 15:40:00,90.52,90.8,90.47,90.77,9496.0
2026-08-21,2026-08-21 15:45:00,90.82,90.91,90.73,90.73,11192.0
2026-08-21,2026-08-21 15:50:00,90.73,90.84,90.57,90.715,9148.0
2026-08-21,2026-08-21 15:55:00,90.59,90.8,90.59,90.68,15157.0
2026-08-21,2026-08-21 16:00:00,90.81,90.81,90.55,90.73,156709.0
2026-08-24,2026-08-24 09:35:00,91.26,91.5,90.66,90.98,26911.0
2026-08-24,2026-08-24 09:40:00,91.5,92.25,90.975,92.235,18602.0
2026-08-24,2026-08-24 09:45:00,92.0,93.22,92.0,92.51,13048.0
2026-08-24,2026-08-24 09:50:00,92.17,92.807,91.64,92.3,12380.0
2026-08-24,2026-08-24 09:55:00,92.29,93.04,92.21,92.88,6454.0
2026-08-24,2026-08-24 10:00:00,92.775,93.64,92.775,92.96,6326.0
2026-08-24,2026-08-24 10:05:00,93.27,93.81,92.87,93.81,11967.0
2026-08-24,2026-08-24 10:10:00,93.87,93.97,92.51,92.51,19140.0
2026-08-24,2026-08-24 10:15:00,92.62,92.98,92.62,92.7,2776.0
2026-08-24,2026-08-24 10:20:00,92.86,93.53,92.86,93.28,4353.0
2026-08-24,2026-08-24 10:25:00,93.4,93.97,92.96,93.42,29912.0
2026-08-24,2026-08-24 10:30:00,93.61,93.89,93.13,93.6367,24070.0
2026-08-24,2026-08-24 10:35:00,93.7,93.77,93.215,93.215,9000.0
2026-08-24,2026-08-24 10:40:00,93.43,93.92,93.175,93.6265,11168.0
2026-08-24,2026-08-24 10:45:00,93.69,94.25,93.604,94.25,14106.0
2026-08-24,2026-08-24 10:50:00,94.16,94.17,93.49,93.85,8292.0
2026-08-24,2026-08-24 10:55:00,93.64,93.75,93.535,93.74,5312.0
2026-08-24,2026-08-24 11:00:00,93.65,94.0,93.53,93.86,7530.0
2026-08-24,2026-08-24 11:05:00,93.98,93.98,93.39,93.5,7817.0
2026-08-24,2026-08-24 11:10:00,93.51,93.55,93.25,93.5,7593.0
2026-08-24,2026-08-24 11:15:00,93.41,93.41,92.0,92.01,19982.0
2026-08-24,2026-08-24 11:20:00,92.005,92.06,91.675,92.06,8513.0
2026-08-24,2026-08-24 11:25:00,91.98,92.18,91.93,92.02,6141.0
2026-08-24,2026-08-24 11:30:00,91.93,92.27,91.83,92.27,22097.0
2026-08-24,2026-08-24 11:35:00,92.16,92.31,92.0,92.05,16635.0
2026-08-24,2026-08-24 11:40:00,92.23,92.5,91.84,92.26,12540.0
2026-08-24,2026-08-24 11:45:00,92.48,92.51,92.22,92.46,5896.0
2026-08-24,2026-08-24 11:50:00,92.455,92.77,92.3475,92.7,5439.0
2026-08-24,2026-08-24 11:55:00,92.7,93.24,92.61,93.16,24898.0
2026-08-24,2026-08-24 12:00:00,93.17,93.24,93.11,93.23,4523.0
2026-08-24,2026-08-24 12:05:00,93.13,93.675,93.13,93.67,5046.0
2026-08-24,2026-08-24 12:10:00,93.625,93.625,93.03,93.115,4854.0
2026-08-24,2026-08-24 12:15:00,93.15,93.15,92.915,92.94,5893.0
2026-08-24,2026-08-24 12:20:00,92.94,93.09,92.94,93.06,4229.0
2026-08-24,2026-08-24 12:25:00,93.0,93.0,92.71,93.0,47418.0
2026-08-24,2026-08-24 12:30:00,92.9,93.43,92.87,93.43,166700.0
2026-08-24,2026-08-24 12:35:00,93.305,93.4,93.19,93.28,10132.0
2026-08-24,2026-08-24 12:40:00,93.22,93.25,92.59,92.65,15080.0
2026-08-24,2026-08-24 12:45:00,92.65,93.1,92.62,93.1,8913.0
2026-08-24,2026-08-24 12:50:00,93.04,93.07,92.71,92.71,14485.0
2026-08-24,2026-08-24 12:55:00,92.71,92.92,92.7,92.81,10420.0
2026-08-24,2026-08-24 13:00:00,92.805,93.39,92.805,93.375,9146.0
2026-08-24,2026-08-24 13:05:00,93.48,93.48,93.04,93.185,4045.0
2026-08-24,2026-08-24 13:10:00,93.09,93.155,92.885,92.91,7241.0
2026-08-24,2026-08-24 13:15:00,92.82,93.22,92.815,93.17,4625.0
2026-08-24,2026-08-24 13:20:00,93.0,93.245,92.975,93.14,4509.0
2026-08-24,2026-08-24 13:25:00,93.26,93.27,93.12,93.215,3177.0
2026-08-24,2026-08-24 13:30:00,93.225,93.28,93.17,93.2,5622.0
2026-08-24,2026-08-24 13:35:00,93.33,93.4667,93.18,93.37,6449.0
2026-08-24,2026-08-24 13:40:00,93.45,93.45,93.19,93.36,5038.0
2026-08-24,2026-08-24 13:45:00,93.19,93.34,93.19,93.22,2148.0
2026-08-24,2026-08-24 13:50:00,93.22,93.459,93.22,93.43,3019.0
2026-08-24,2026-08-24 13:55:00,93.24,93.29,93.12,93.12,3032.0
2026-08-24,2026-08-24 14:00:00,93.255,93.27,93.07,93.12,7136.0
2026-08-24,2026-08-24 14:05:00,93.13,93.48,93.13,93.48,3360.0
2026-08-24,2026-08-24 14:10:00,93.48,93.48,93.28,93.449,2845.0
2026-08-24,2026-08-24 14:15:00,93.335,93.66,93.335,93.44,6630.0
2026-08-24,2026-08-24 14:20:00,93.513,93.62,93.415,93.54,9197.0
2026-08-24,2026-08-24 14:25:00,93.46,94.16,93.44,94.09,10243.0
2026-08-24,2026-08-24 14:30:00,94.04,94.38,94.04,94.37,11430.0
2026-08-24,2026-08-24 14:35:00,94.36,94.36,93.995,94.12,16123.0
2026-08-24,2026-08-24 14:40:00,94.25,94.25,93.765,93.765,6494.0
2026-08-24,2026-08-24 14:45:00,93.91,94.09,93.745,94.0,5381.0
2026-08-24,2026-08-24 14:50:00,93.85,94.54,93.85,94.54,9173.0
2026-08-24,2026-08-24 14:55:00,94.66,94.83,94.5425,94.83,13841.0
2026-08-24,2026-08-24 15:00:00,94.89,94.93,94.62,94.83,7233.0
2026-08-24,2026-08-24 15:05:00,94.84,94.85,94.65,94.8,10693.0
2026-08-24,2026-08-24 15:10:00,94.8,94.93,94.725,94.93,6593.0
2026-08-24,2026-08-24 15:15:00,94.91,95.0,94.56,94.56,36220.0
2026-08-24,2026-08-24 15:20:00,94.4705,94.5,94.285,94.285,10097.0
2026-08-24,2026-08-24 15:25:00,94.285,94.35,94.045,94.045,4891.0
2026-08-24,2026-08-24 15:30:00,94.16,94.405,94.07,94.365,6073.0
2026-08-24,2026-08-24 15:35:00,94.28,94.745,94.155,94.36,9914.0
2026-08-24,2026-08-24 15:40:00,94.345,94.525,94.305,94.315,8202.0
2026-08-24,2026-08-24 15:45:00,94.42,94.43,94.06,94.135,9273.0
2026-08-24,2026-08-24 15:50:00,94.16,94.28,93.9801,94.075,14465.0
2026-08-24,2026-08-24 15:55:00,94.11,94.56,94.1,94.33,32161.0
2026-08-24,2026-08-24 16:00:00,94.43,94.49,94.07,94.25,258476.0
2026-08-25,2026-08-25 09:35:00,92.36,93.85,91.401,92.29,27982.0
2026-08-25,2026-08-25 09:40:00,91.8,94.77,91.8,94.77,14952.0
2026-08-25,2026-08-25 09:45:00,94.345,94.91,94.2347,94.39,12939.0
2026-08-25,2026-08-25 09:50:00,94.39,95.25,93.72,93.73,13765.0
2026-08-25,2026-08-25 09:55:00,93.77,93.85,92.29,92.84,10537.0
2026-08-25,2026-08-25 10:00:00,92.84,92.99,92.25,92.82,10096.0
2026-08-25,2026-08-25 10:05:00,92.81,93.39,92.36,93.05,9015.0
2026-08-25,2026-08-25 10:10:00,92.97,92.99,92.38,92.9,7447.0
2026-08-25,2026-08-25 10:15:00,93.03,93.73,93.03,93.4,5888.0
2026-08-25,2026-08-25 10:20:00,93.06,93.13,92.975,93.13,2046.0
2026-08-25,2026-08-25 10:25:00,93.31,93.5,93.1,93.355,5575.0
2026-08-25,2026-08-25 10:30:00,93.49,93.91,93.46,93.59,12571.0
2026-08-25,2026-08-25 10:35:00,93.58,93.83,93.36,93.72,4801.0
2026-08-25,2026-08-25 10:40:00,93.81,94.0,93.605,93.7,17403.0
2026-08-25,2026-08-25 10:45:00,93.76,93.85,93.67,93.84,3418.0
2026-08-25,2026-08-25 10:50:00,93.82,93.88,93.58,93.87,9158.0
2026-08-25,2026-08-25 10:55:00,93.97,94.09,93.83,93.93,7390.0
2026-08-25,2026-08-25 11:00:00,94.01,94.08,93.98,94.08,3488.0
2026-08-25,2026-08-25 11:05:00,94.09,94.12,93.74,93.88,30093.0
2026-08-25,2026-08-25 11:10:00,93.92,94.12,93.92,94.12,8428.0
2026-08-25,2026-08-25 11:15:00,94.0,94.35,93.97,94.125,7937.0
2026-08-25,2026-08-25 11:20:00,94.24,94.25,94.11,94.24,4457.0
2026-08-25,2026-08-25 11:25:00,94.13,94.35,94.03,94.35,3657.0
2026-08-25,2026-08-25 11:30:00,94.36,94.43,94.21,94.27,5949.0
2026-08-25,2026-08-25 11:35:00,94.1735,94.43,94.1735,94.43,5454.0
2026-08-25,2026-08-25 11:40:00,94.47,94.81,94.45,94.81,4591.0
2026-08-25,2026-08-25 11:45:00,94.79,94.79,94.74,94.74,1231.0
2026-08-25,2026-08-25 11:50:00,94.63,94.76,94.365,94.365,3144.0
2026-08-25,2026-08-25 11:55:00,94.365,94.63,94.345,94.63,3185.0
2026-08-25,2026-08-25 12:00:00,94.74,94.74,94.38,94.54,4849.0
2026-08-25,2026-08-25 12:05:00,94.55,94.69,94.5125,94.69,1947.0
2026-08-25,2026-08-25 12:10:00,94.61,94.61,94.3579,94.45,6961.0
2026-08-25,2026-08-25 12:15:00,94.33,94.41,94.305,94.41,1461.0
2026-08-25,2026-08-25 12:20:00,94.4,94.4,94.19,94.32,8567.0
2026-08-25,2026-08-25 12:25:00,94.3299,94.62,94.315,94.5,7894.0
2026-08-25,2026-08-25 12:30:00,94.505,94.61,94.32,94.57,8571.0
2026-08-25,2026-08-25 12:35:00,94.385,94.73,94.385,94.73,2168.0
2026-08-25,2026-08-25 12:40:00,94.66,94.78,94.51,94.65,2295.0
2026-08-25,2026-08-25 12:45:00,94.75,94.76,94.48,94.64,3575.0
2026-08-25,2026-08-25 12:50:00,94.63,94.64,94.49,94.56,4271.0
2026-08-25,2026-08-25 12:55:00,94.41,94.51,94.33,94.47,5683.0
2026-08-25,2026-08-25 13:00:00,94.45,94.55,94.45,94.55,1635.0
2026-08-25,2026-08-25 13:05:00,94.415,94.47,94.27,94.32,5822.0
2026-08-25,2026-08-25 13:10:00,94.45,94.56,94.255,94.36,20377.0
2026-08-25,2026-08-25 13:15:00,94.36,94.55,94.36,94.55,7503.0
2026-08-25,2026-08-25 13:20:00,94.52,94.55,94.47,94.55,2256.0
2026-08-25,2026-08-25 13:25:00,94.56,94.72,93.11,93.72,130785.0
2026-08-25,2026-08-25 13:30:00,93.71,94.25,93.71,94.25,41626.0
2026-08-25,2026-08-25 13:35:00,94.2499,94.46,94.12,94.46,13025.0
2026-08-25,2026-08-25 13:40:00,94.325,94.45,93.79,94.015,331102.0
2026-08-25,2026-08-25 13:45:00,94.0,94.18,93.8201,93.915,8475.0
2026-08-25,2026-08-25 13:50:00,93.99,94.5,93.99,94.465,14849.0
2026-08-25,2026-08-25 13:55:00,94.31,94.54,94.27,94.52,6184.0
2026-08-25,2026-08-25 14:00:00,94.31,94.45,94.22,94.28,6466.0
2026-08-25,2026-08-25 14:05:00,94.32,94.4,94.0,94.01,12715.0
2026-08-25,2026-08-25 14:10:00,94.16,94.16,93.62,93.65,8537.0
2026-08-25,2026-08-25 14:15:00,93.59,93.64,93.25,93.335,5999.0
2026-08-25,2026-08-25 14:20:00,93.335,93.335,93.1,93.26,7162.0
2026-08-25,2026-08-25 14:25:00,93.34,93.35,93.14,93.25,5004.0
2026-08-25,2026-08-25 14:30:00,93.25,93.32,93.055,93.2,4097.0
2026-08-25,2026-08-25 14:35:00,93.15,93.43,93.15,93.41,5664.0
2026-08-25,2026-08-25 14:40:00,93.38,93.49,93.14,93.47,6818.0
2026-08-25,2026-08-25 14:45:00,93.34,93.62,93.33,93.62,7211.0
2026-08-25,2026-08-25 14:50:00,93.56,93.69,93.405,93.68,4922.0
2026-08-25,2026-08-25 14:55:00,93.69,94.14,93.52,93.76,10618.0
2026-08-25,2026-08-25 15:00:00,93.755,93.88,93.505,93.51,4021.0
2026-08-25,2026-08-25 15:05:00,93.595,93.73,93.475,93.475,4666.0
2026-08-25,2026-08-25 15:10:00,93.45,93.75,93.37,93.75,6886.0
2026-08-25,2026-08-25 15:15:00,93.6,93.75,93.54,93.54,3625.0
2026-08-25,2026-08-25 15:20:00,93.535,93.65,93.475,93.51,7144.0
2026-08-25,2026-08-25 15:25:00,93.5,93.58,93.24,93.45,8637.0
2026-08-25,2026-08-25 15:30:00,93.195,93.42,93.195,93.2,4822.0
2026-08-25,2026-08-25 15:35:00,93.21,93.41,93.18,93.39,15701.0
2026-08-25,2026-08-25 15:40:00,93.33,93.52,93.32,93.38,9726.0
2026-08-25,2026-08-25 15:45:00,93.48,93.48,93.06,93.13,12265.0
2026-08-25,2026-08-25 15:50:00,93.13,93.4,93.1,93.14,21024.0
2026-08-25,2026-08-25 15:55:00,93.28,93.58,93.23,93.535,25203.0
2026-08-25,2026-08-25 16:00:00,93.49,93.59,93.0575,93.23,467812.0
2026-08-26,2026-08-26 09:35:00,90.06,91.475,89.45,91.475,36453.0
2026-08-26,2026-08-26 09:40:00,91.375,92.5999,91.375,91.925,7682.0
2026-08-26,2026-08-26 09:45:00,91.925,92.2082,90.702,91.525,24383.0
2026-08-26,2026-08-26 09:50:00,91.2,92.25,91.2,92.22,22446.0
2026-08-26,2026-08-26 09:55:00,92.47,92.47,91.0,91.0,10284.0
2026-08-26,2026-08-26 10:00:00,91.0,91.5717,90.81,91.555,10002.0
2026-08-26,2026-08-26 10:05:00,91.54,91.54,91.05,91.09,7275.0
2026-08-26,2026-08-26 10:10:00,91.1,91.885,91.1,91.805,6188.0
2026-08-26,2026-08-26 10:15:00,91.65,91.99,91.37,91.685,9743.0
2026-08-26,2026-08-26 10:20:00,91.685,92.15,91.39,92.105,6956.0
2026-08-26,2026-08-26 10:25:00,92.105,92.75,91.96,91.97,8387.0
2026-08-26,2026-08-26 10:30:00,91.955,92.12,91.56,91.56,5539.0
2026-08-26,2026-08-26 10:35:00,91.91,91.91,91.46,91.67,7154.0
2026-08-26,2026-08-26 10:40:00,91.68,91.975,91.68,91.77,9858.0
2026-08-26,2026-08-26 10:45:00,91.93,92.05,91.51,91.815,6892.0
2026-08-26,2026-08-26 10:50:00,91.815,91.955,91.76,91.875,5453.0
2026-08-26,2026-08-26 10:55:00,91.97,92.08,91.78,92.02,4758.0
2026-08-26,2026-08-26 11:00:00,91.91,91.91,91.61,91.77,4144.0
2026-08-26,2026-08-26 11:05:00,91.72,91.72,91.33,91.33,10113.0
2026-08-26,2026-08-26 11:10:00,91.35,91.35,91.09,91.13,7561.0
2026-08-26,2026-08-26 11:15:00,91.13,91.46,91.11,91.4,7422.0
2026-08-26,2026-08-26 11:20:00,91.34,91.57,91.28,91.3387,5115.0
2026-08-26,2026-08-26 11:25:00,91.29,91.3,91.225,91.225,4245.0
2026-08-26,2026-08-26 11:30:00,91.07,91.32,90.79,91.305,14553.0
2026-08-26,2026-08-26 11:35:00,91.305,91.505,91.21,91.21,4883.0
2026-08-26,2026-08-26 11:40:00,91.525,91.57,91.22,91.565,6142.0
2026-08-26,2026-08-26 11:45:00,91.525,91.6,91.32,91.595,5968.0
2026-08-26,2026-08-26 11:50:00,91.52,91.78,91.5,91.78,11227.0
2026-08-26,2026-08-26 11:55:00,91.785,91.835,91.35,91.64,6523.0
2026-08-26,2026-08-26 12:00:00,91.64,91.64,91.44,91.58,6821.0
2026-08-26,2026-08-26 12:05:00,91.44,91.83,91.44,91.81,7261.0
2026-08-26,2026-08-26 12:10:00,91.96,92.09,91.8,91.97,9266.0
2026-08-26,2026-08-26 12:15:00,91.965,92.14,91.77,91.965,6006.0
2026-08-26,2026-08-26 12:20:00,92.03,92.08,91.7,91.96,4377.0
2026-08-26,2026-08-26 12:25:00,91.82,91.94,91.82,91.88,4433.0
2026-08-26,2026-08-26 12:30:00,91.88,91.89,91.8,91.89,4447.0
2026-08-26,2026-08-26 12:35:00,91.8,92.1,91.8,92.095,9919.0
2026-08-26,2026-08-26 12:40:00,91.99,92.15,91.99,92.15,5997.0
2026-08-26,2026-08-26 12:45:00,92.02,92.27,91.99,92.27,10463.0
2026-08-26,2026-08-26 12:50:00,92.27,92.27,92.13,92.19,6119.0
2026-08-26,2026-08-26 12:55:00,92.17,92.35,92.15,92.285,7800.0
2026-08-26,2026-08-26 13:00:00,92.285,92.285,92.0,92.055,9108.0
2026-08-26,2026-08-26 13:05:00,92.025,92.27,92.025,92.27,16129.0
2026-08-26,2026-08-26 13:10:00,92.23,92.43,92.23,92.39,7177.0
2026-08-26,2026-08-26 13:15:00,92.39,92.455,92.35,92.43,7065.0
2026-08-26,2026-08-26 13:20:00,92.425,92.74,92.425,92.66,16301.0
2026-08-26,2026-08-26 13:25:00,92.58,92.665,92.425,92.475,5884.0
2026-08-26,2026-08-26 13:30:00,92.475,92.495,92.31,92.485,6970.0
2026-08-26,2026-08-26 13:35:00,92.57,92.76,92.55,92.55,4393.0
2026-08-26,2026-08-26 13:40:00,92.55,92.715,92.55,92.66,3554.0
2026-08-26,2026-08-26 13:45:00,92.66,92.82,92.66,92.7,6359.0
2026-08-26,2026-08-26 13:50:00,92.78,92.78,92.52,92.655,7438.0
2026-08-26,2026-08-26 13:55:00,92.52,93.38,92.52,93.365,12654.0
2026-08-26,2026-08-26 14:00:00,93.365,93.45,93.06,93.2,6920.0
2026-08-26,2026-08-26 14:05:00,93.25,93.575,93.07,93.5179,6242.0
2026-08-26,2026-08-26 14:10:00,93.33,93.5,93.33,93.5,4715.0
2026-08-26,2026-08-26 14:15:00,93.38,93.515,93.38,93.49,5904.0
2026-08-26,2026-08-26 14:20:00,93.495,93.5,93.13,93.13,8728.0
2026-08-26,2026-08-26 14:25:00,93.2185,93.25,92.95,93.17,12863.0
2026-08-26,2026-08-26 14:30:00,93.07,93.17,93.06,93.1,3643.0
2026-08-26,2026-08-26 14:35:00,93.06,93.105,92.92,92.92,7829.0
2026-08-26,2026-08-26 14:40:00,92.865,93.08,92.865,92.93,18570.0
2026-08-26,2026-08-26 14:45:00,92.96,93.19,92.83,92.88,20211.0
2026-08-26,2026-08-26 14:50:00,93.07,93.265,92.89,93.21,8608.0
2026-08-26,2026-08-26 14:55:00,93.1,93.26,93.1,93.11,4807.0
2026-08-26,2026-08-26 15:00:00,93.11,93.14,93.04,93.055,7686.0
2026-08-26,2026-08-26 15:05:00,93.055,93.235,92.98,92.98,6799.0
2026-08-26,2026-08-26 15:10:00,93.0,93.32,92.98,93.285,9892.0
2026-08-26,2026-08-26 15:15:00,93.29,93.29,93.06,93.06,7718.0
2026-08-26,2026-08-26 15:20:00,93.06,93.12,92.77,93.055,11785.0
2026-08-26,2026-08-26 15:25:00,93.07,93.34,92.97,93.34,80529.0
2026-08-26,2026-08-26 15:30:00,93.43,93.43,92.68,92.68,142627.0
2026-08-26,2026-08-26 15:35:00,92.65,92.65,91.925,92.08,32107.0
2026-08-26,2026-08-26 15:40:00,92.26,92.2721,91.995,92.0675,40047.0
2026-08-26,2026-08-26 15:45:00,92.115,92.12,91.845,91.945,28636.0
2026-08-26,2026-08-26 15:50:00,91.945,91.96,91.6,91.745,33274.0
2026-08-26,2026-08-26 15:55:00,91.745,92.375,91.745,92.0714,41910.0
2026-08-26,2026-08-26 16:00:00,92.12,92.59,91.84,92.55,302676.0
2026-08-27,2026-08-27 09:35:00,95.13,97.4995,95.13,97.25,50197.0
2026-08-27,2026-08-27 09:40:00,97.04,99.0,96.2696,98.37,57316.0
2026-08-27,2026-08-27 09:45:00,98.375,99.475,97.88,99.26,22129.0
2026-08-27,2026-08-27 09:50:00,99.13,99.73,98.5558,99.73,23565.0
2026-08-27,2026-08-27 09:55:00,99.35,99.857,99.05,99.3,20811.0
2026-08-27,2026-08-27 10:00:00,99.3,99.85,98.9,99.595,22183.0
2026-08-27,2026-08-27 10:05:00,99.695,100.27,99.38,100.065,50578.0
2026-08-27,2026-08-27 10:10:00,100.01,100.47,99.965,100.3,30757.0
2026-08-27,2026-08-27 10:15:00,100.11,101.35,100.11,101.02,42017.0
2026-08-27,2026-08-27 10:20:00,101.015,101.015,100.11,100.13,26563.0
2026-08-27,2026-08-27 10:25:00,100.06,100.115,99.43,99.66,14579.0
2026-08-27,2026-08-27 10:30:00,99.7725,99.78,98.25,98.605,18894.0
2026-08-27,2026-08-27 10:35:00,98.52,98.68,98.07,98.28,16602.0
2026-08-27,2026-08-27 10:40:00,98.05,98.52,98.05,98.24,10094.0
2026-08-27,2026-08-27 10:45:00,98.1942,98.2499,97.9305,98.2495,13902.0
2026-08-27,2026-08-27 10:50:00,98.005,98.005,97.45,97.655,7826.0
2026-08-27,2026-08-27 10:55:00,97.5,97.98,97.5,97.86,10621.0
2026-08-27,2026-08-27 11:00:00,98.06,98.16,97.92,98.13,4694.0
2026-08-27,2026-08-27 11:05:00,98.12,98.54,98.0301,98.54,7543.0
2026-08-27,2026-08-27 11:10:00,98.57,98.64,97.98,98.245,10903.0
2026-08-27,2026-08-27 11:15:00,98.1575,98.309464,97.32,97.34,15880.0
2026-08-27,2026-08-27 11:20:00,97.43,97.72,97.39,97.56,5848.0
2026-08-27,2026-08-27 11:25:00,97.62,97.635,96.86,96.94,12690.0
2026-08-27,2026-08-27 11:30:00,96.83,97.17,96.8,97.17,14150.0
2026-08-27,2026-08-27 11:35:00,97.0851,97.19,96.7,97.17,14154.0
2026-08-27,2026-08-27 11:40:00,97.35,97.4,96.93,97.005,7198.0
2026-08-27,2026-08-27 11:45:00,96.87,96.965,96.78,96.835,10781.0
2026-08-27,2026-08-27 11:50:00,96.68,96.835,96.54,96.55,5474.0
2026-08-27,2026-08-27 11:55:00,96.59,96.66,96.45,96.66,3512.0
2026-08-27,2026-08-27 12:00:00,96.62,97.08,96.62,96.87,12337.0
2026-08-27,2026-08-27 12:05:00,96.935,97.07,96.92,96.925,8848.0
2026-08-27,2026-08-27 12:10:00,96.93,97.1299,96.925,96.995,4374.0
2026-08-27,2026-08-27 12:15:00,97.0,97.195,96.995,97.16,4337.0
2026-08-27,2026-08-27 12:20:00,97.16,97.34,97.035,97.12,28405.0
2026-08-27,2026-08-27 12:25:00,97.15,97.36,97.15,97.315,7188.0
2026-08-27,2026-08-27 12:30:00,97.305,97.585,97.23,97.33,10490.0
2026-08-27,2026-08-27 12:35:00,97.435,97.46,97.34,97.37,5929.0
2026-08-27,2026-08-27 12:40:00,97.43,97.57,97.42,97.505,12749.0
2026-08-27,2026-08-27 12:45:00,97.525,97.9101,97.36,97.7,13943.0
2026-08-27,2026-08-27 12:50:00,97.63,97.705,97.42,97.67,3549.0
2026-08-27,2026-08-27 12:55:00,97.67,97.8642,97.55,97.72,5132.0
2026-08-27,2026-08-27 13:00:00,97.76,97.8,97.61,97.6101,15496.0
2026-08-27,2026-08-27 13:05:00,97.61,98.01,97.53,97.96,18596.0
2026-08-27,2026-08-27 13:10:00,97.94,97.99,97.68,97.74,5124.0
2026-08-27,2026-08-27 13:15:00,97.69,97.75,97.61,97.69,3246.0
2026-08-27,2026-08-27 13:20:00,97.69,97.69,97.45,97.62,2995.0
2026-08-27,2026-08-27 13:25:00,97.615,97.62,97.45,97.535,3246.0
2026-08-27,2026-08-27 13:30:00,97.43,97.53,97.25,97.25,3157.0
2026-08-27,2026-08-27 13:35:00,97.45,97.45,97.24,97.33,4607.0
2026-08-27,2026-08-27 13:40:00,97.385,97.39,97.21,97.29,3141.0
2026-08-27,2026-08-27 13:45:00,97.34,97.78,97.335,97.7,7412.0
2026-08-27,2026-08-27 13:50:00,97.59,97.63,97.32,97.33,5997.0
2026-08-27,2026-08-27 13:55:00,97.2,97.36,96.98,97.36,6153.0
2026-08-27,2026-08-27 14:00:00,97.28,97.285,97.12,97.215,3826.0
2026-08-27,2026-08-27 14:05:00,97.15,97.635,97.127931,97.59,9475.0
2026-08-27,2026-08-27 14:10:00,97.58,97.75,97.46,97.54,45336.0
2026-08-27,2026-08-27 14:15:00,97.505,97.63,97.475,97.49,10323.0
2026-08-27,2026-08-27 14:20:00,97.55,97.56,97.38,97.415,10295.0
2026-08-27,2026-08-27 14:25:00,97.45,97.82,97.45,97.82,11234.0
2026-08-27,2026-08-27 14:30:00,97.88,97.96,97.735,97.96,10319.0
2026-08-27,2026-08-27 14:35:00,97.955,98.41,97.955,98.285,18743.0
2026-08-27,2026-08-27 14:40:00,98.28,98.5,98.13,98.318682,8638.0
2026-08-27,2026-08-27 14:45:00,98.295,98.4499,97.92,97.93,16767.0
2026-08-27,2026-08-27 14:50:00,97.97,98.19,97.97,98.19,4083.0
2026-08-27,2026-08-27 14:55:00,98.15,98.6,98.07,98.425,8962.0
2026-08-27,2026-08-27 15:00:00,98.57,98.825,98.49,98.57,7835.0
2026-08-27,2026-08-27 15:05:00,98.41,98.81,98.39,98.81,7648.0
2026-08-27,2026-08-27 15:10:00,98.59,98.83,98.58,98.825,7319.0
2026-08-27,2026-08-27 15:15:00,98.615,98.98,98.615,98.98,11413.0
2026-08-27,2026-08-27 15:20:00,98.99,98.995,98.63,98.64,13826.0
2026-08-27,2026-08-27 15:25:00,98.64,98.98,98.62,98.88,11457.0
2026-08-27,2026-08-27 15:30:00,98.82,99.2,98.73,99.2,24431.0
2026-08-27,2026-08-27 15:35:00,99.135,99.23,98.8,98.92,30565.0
2026-08-27,2026-08-27 15:40:00,98.92,99.385,98.92,99.32,18607.0
2026-08-27,2026-08-27 15:45:00,99.32,99.33,99.23,99.285,20286.0
2026-08-27,2026-08-27 15:50:00,99.32,99.35,99.09,99.21,32728.0
2026-08-27,2026-08-27 15:55:00,99.24,99.35,99.03,99.145,64437.0
2026-08-27,2026-08-27 16:00:00,99.145,99.69,99.045,99.505,269797.0
2026-08-28,2026-08-28 09:35:00,99.01,101.55,99.01,101.55,30651.0
2026-08-28,2026-08-28 09:40:00,101.19,102.0,100.69,100.83,17422.0
2026-08-28,2026-08-28 09:45:00,100.875,101.0,99.87,100.13,6483.0
2026-08-28,2026-08-28 09:50:00,100.07,100.52,100.0,100.325,5238.0
2026-08-28,2026-08-28 09:55:00,100.11,100.47,99.8496,100.0425,13815.0
2026-08-28,2026-08-28 10:00:00,100.28,100.46,99.9725,100.42,11368.0
2026-08-28,2026-08-28 10:05:00,100.44,100.62,99.8801,100.26,6619.0
2026-08-28,2026-08-28 10:10:00,100.0,100.1,99.12,99.37,29913.0
2026-08-28,2026-08-28 10:15:00,99.36,100.24,99.1933,100.24,11999.0
2026-08-28,2026-08-28 10:20:00,99.99,100.79,99.99,100.79,7045.0
2026-08-28,2026-08-28 10:25:00,100.96,101.05,100.33,100.33,9387.0
2026-08-28,2026-08-28 10:30:00,100.62,100.68,100.2686,100.68,3442.0
2026-08-28,2026-08-28 10:35:00,100.75,101.35,100.6461,100.68,51679.0
2026-08-28,2026-08-28 10:40:00,100.7,100.9499,100.47,100.665,12216.0
2026-08-28,2026-08-28 10:45:00,100.88,100.95,100.39,100.4,12153.0
2026-08-28,2026-08-28 10:50:00,100.63,100.66,100.0,100.63,5592.0
2026-08-28,2026-08-28 10:55:00,100.73,100.9,100.73,100.9,1918.0
2026-08-28,2026-08-28 11:00:00,100.955,100.99,100.6,100.6,5697.0
2026-08-28,2026-08-28 11:05:00,100.715,101.16,100.505,101.02,6051.0
2026-08-28,2026-08-28 11:10:00,101.01,101.2,100.75,100.75,6720.0
2026-08-28,2026-08-28 11:15:00,100.71,101.01,100.6595,100.88,4077.0
2026-08-28,2026-08-28 11:20:00,100.88,101.15,100.77,100.77,5762.0
2026-08-28,2026-08-28 11:25:00,100.87,101.09,100.87,101.09,1574.0
2026-08-28,2026-08-28 11:30:00,101.02,101.35,101.02,101.2,4526.0
2026-08-28,2026-08-28 11:35:00,101.1134,101.26,101.07,101.26,2471.0
2026-08-28,2026-08-28 11:40:00,101.28,101.28,100.96,101.13,3590.0
2026-08-28,2026-08-28 11:45:00,100.9,101.15,100.9,101.03,2488.0
2026-08-28,2026-08-28 11:50:00,100.98,101.4899,100.98,101.33,5239.0
2026-08-28,2026-08-28 11:55:00,101.42,101.42,101.155,101.155,3720.0
2026-08-28,2026-08-28 12:00:00,100.9,100.9,100.645,100.645,2626.0
2026-08-28,2026-08-28 12:05:00,100.785,100.82,100.57,100.82,3013.0
2026-08-28,2026-08-28 12:10:00,100.9,101.15,100.87,101.15,6483.0
2026-08-28,2026-08-28 12:15:00,101.14,101.19,101.0,101.16,3246.0
2026-08-28,2026-08-28 12:20:00,101.0,101.065,100.52,100.52,3207.0
2026-08-28,2026-08-28 12:25:00,100.32,100.56,100.1751,100.355,22426.0
2026-08-28,2026-08-28 12:30:00,100.44,100.71,100.23,100.23,8220.0
2026-08-28,2026-08-28 12:35:00,100.36,100.81,100.225,100.645,5721.0
2026-08-28,2026-08-28 12:40:00,100.65,100.685,100.52,100.58,3153.0
2026-08-28,2026-08-28 12:45:00,100.46,100.46,100.33,100.33,2264.0
2026-08-28,2026-08-28 12:50:00,100.27,100.7,100.16,100.7,12729.0
2026-08-28,2026-08-28 12:55:00,100.6076,100.89,100.6,100.62,3954.0
2026-08-28,2026-08-28 13:00:00,100.63,100.63,100.4,100.63,2886.0
2026-08-28,2026-08-28 13:05:00,100.63,100.745,100.54,100.607357,5666.0
2026-08-28,2026-08-28 13:10:00,100.73,100.76,100.55,100.6,2931.0
2026-08-28,2026-08-28 13:15:00,100.5101,100.83,100.5101,100.83,2783.0
2026-08-28,2026-08-28 13:20:00,100.74,100.81,100.62,100.62,4671.0
2026-08-28,2026-08-28 13:25:00,100.78,100.78,100.665,100.78,1460.0
2026-08-28,2026-08-28 13:30:00,100.68,100.74,100.61,100.66,2321.0
2026-08-28,2026-08-28 13:35:00,100.6885,100.79,100.595,100.68,5465.0
2026-08-28,2026-08-28 13:40:00,100.68,100.68,100.54,100.54,2153.0
2026-08-28,2026-08-28 13:45:00,100.54,100.66,100.41,100.56,2390.0
2026-08-28,2026-08-28 13:50:00,100.53,100.71,100.4101,100.495,9449.0
2026-08-28,2026-08-28 13:55:00,100.525,100.525,100.0601,100.0601,2833.0
2026-08-28,2026-08-28 14:00:00,100.27,100.65,100.27,100.58,4320.0
2026-08-28,2026-08-28 14:05:00,100.605,100.93,100.6,100.87,4948.0
2026-08-28,2026-08-28 14:10:00,100.77,100.88,100.585,100.88,5922.0
2026-08-28,2026-08-28 14:15:00,101.0,101.2899,100.65,101.05,5751.0
2026-08-28,2026-08-28 14:20:00,101.05,101.31,100.93,101.25,8875.0
2026-08-28,2026-08-28 14:25:00,101.26,101.36,101.02,101.09,8670.0
2026-08-28,2026-08-28 14:30:00,101.05,101.115,100.945,101.09,5021.0
2026-08-28,2026-08-28 14:35:00,101.08,101.08,100.96,101.04,2303.0
2026-08-28,2026-08-28 14:40:00,100.98,101.03,100.835,100.835,9050.0
2026-08-28,2026-08-28 14:45:00,100.9,100.99,100.875,100.98,2790.0
2026-08-28,2026-08-28 14:50:00,100.99,100.99,100.84,100.87,3574.0
2026-08-28,2026-08-28 14:55:00,100.86,100.86,100.685,100.75,8618.0
2026-08-28,2026-08-28 15:00:00,100.6925,100.7,100.49,100.64,4674.0
2026-08-28,2026-08-28 15:05:00,100.665,100.81,100.59,100.625,7012.0
2026-08-28,2026-08-28 15:10:00,100.77,100.84,100.54,100.66,17770.0
2026-08-28,2026-08-28 15:15:00,100.685,101.07,100.685,100.98,7922.0
2026-08-28,2026-08-28 15:20:00,100.99,100.99,100.83,100.875,6758.0
2026-08-28,2026-08-28 15:25:00,100.885,101.0,100.74,100.78,6511.0
2026-08-28,2026-08-28 15:30:00,100.78,100.84,100.22,100.265,10226.0
2026-08-28,2026-08-28 15:35:00,100.28,100.885,100.18,100.62,18444.0
2026-08-28,2026-08-28 15:40:00,100.715,100.78,100.59,100.76,11622.0
2026-08-28,2026-08-28 15:45:00,100.75,100.75,100.44,100.44,10960.0
2026-08-28,2026-08-28 15:50:00,100.475,100.48,100.01,100.115,14439.0
2026-08-28,2026-08-28 15:55:00,100.2,100.51,100.05,100.06,16553.0
2026-08-28,2026-08-28 16:00:00,100.12,100.85,100.04,100.71,142685.0
2026-08-31,2026-08-31 09:35:00,99.9,102.0,99.83,101.78,43334.0
2026-08-31,2026-08-31 09:40:00,101.01,101.1,100.37,100.37,7306.0
2026-08-31,2026-08-31 09:45:00,100.2,100.87,99.46,100.46,13452.0
2026-08-31,2026-08-31 09:50:00,100.12,100.17,99.87,100.17,7472.0
2026-08-31,2026-08-31 09:55:00,99.905,100.18,99.61,99.85,7606.0
2026-08-31,2026-08-31 10:00:00,99.61,100.29,99.24,99.3,32506.0
2026-08-31,2026-08-31 10:05:00,99.29,99.9,99.13,99.73,16082.0
2026-08-31,2026-08-31 10:10:00,99.755,100.2,99.66,100.1,9088.0
2026-08-31,2026-08-31 10:15:00,100.1,100.1,99.48,99.48,13937.0
2026-08-31,2026-08-31 10:20:00,99.375,99.86,99.325,99.805,9428.0
2026-08-31,2026-08-31 10:25:00,99.69,100.17,99.525,99.89,8409.0
2026-08-31,2026-08-31 10:30:00,99.9,100.055,99.69,100.055,4094.0
2026-08-31,2026-08-31 10:35:00,100.05,100.06,99.645,99.645,5240.0
2026-08-31,2026-08-31 10:40:00,99.69,100.01,99.69,100.01,2411.0
2026-08-31,2026-08-31 10:45:00,100.025,100.14,99.93,100.0,3268.0
2026-08-31,2026-08-31 10:50:00,99.7401,100.04,99.7401,100.02,1881.0
2026-08-31,2026-08-31 10:55:00,100.04,100.68,99.44,99.71,18037.0
2026-08-31,2026-08-31 11:00:00,99.82,100.05,99.81,99.9,9708.0
2026-08-31,2026-08-31 11:05:00,99.835,100.315,99.835,100.03,6196.0
2026-08-31,2026-08-31 11:10:00,99.745,99.83,99.745,99.83,1598.0
2026-08-31,2026-08-31 11:15:00,100.0199,100.115,99.975,99.975,2310.0
2026-08-31,2026-08-31 11:20:00,99.88,100.0,99.715,100.0,5229.0
2026-08-31,2026-08-31 11:25:00,100.0,100.0,99.99,99.99,1471.0
2026-08-31,2026-08-31 11:30:00,100.0,100.47,99.89,100.41,6709.0
2026-08-31,2026-08-31 11:35:00,100.37,100.62,100.25,100.25,4386.0
2026-08-31,2026-08-31 11:40:00,100.31,100.51,100.31,100.5,1980.0
2026-08-31,2026-08-31 11:45:00,100.395,100.72,100.395,100.71,2534.0
2026-08-31,2026-08-31 11:50:00,100.44,100.73,100.44,100.72,3714.0
2026-08-31,2026-08-31 11:55:00,100.81,101.0,100.74,100.98,4189.0
2026-08-31,2026-08-31 12:00:00,100.98,101.03,100.8001,100.83,4279.0
2026-08-31,2026-08-31 12:05:00,100.99,101.03,100.99,101.03,1555.0
2026-08-31,2026-08-31 12:10:00,101.11,101.16,101.05,101.16,2114.0
2026-08-31,2026-08-31 12:15:00,101.29,101.29,101.0,101.24,6339.0
2026-08-31,2026-08-31 12:20:00,101.09,101.21,101.0,101.17,6648.0
2026-08-31,2026-08-31 12:25:00,101.175,101.195,101.04,101.105,6840.0
2026-08-31,2026-08-31 12:30:00,101.08,101.17,101.02,101.17,2255.0
2026-08-31,2026-08-31 12:35:00,101.03,101.03,100.76,100.985,6878.0
2026-08-31,2026-08-31 12:40:00,101.015,101.19,100.86,100.86,2492.0
2026-08-31,2026-08-31 12:45:00,100.86,101.09,100.83,101.09,2374.0
2026-08-31,2026-08-31 12:50:00,100.96,101.1,100.92,100.985,3490.0
2026-08-31,2026-08-31 12:55:00,100.98,101.1,100.98,101.0897,1645.0
2026-08-31,2026-08-31 13:00:00,101.005,101.0895,101.0,101.07,3211.0
2026-08-31,2026-08-31 13:05:00,101.0225,101.04,100.92,100.98,4672.0
2026-08-31,2026-08-31 13:10:00,100.92,100.92,100.64,100.64,2990.0
2026-08-31,2026-08-31 13:15:00,100.7375,100.87,100.7205,100.87,1729.0
2026-08-31,2026-08-31 13:20:00,100.81,100.81,100.62,100.62,1695.0
2026-08-31,2026-08-31 13:25:00,100.63,100.65,100.53,100.65,1196.0
2026-08-31,2026-08-31 13:30:00,100.56,100.66,100.389011,100.389011,5450.0
2026-08-31,2026-08-31 13:35:00,100.515,100.515,100.35,100.49,1861.0
2026-08-31,2026-08-31 13:40:00,100.49,100.49,100.33,100.355,2014.0
2026-08-31,2026-08-31 13:45:00,100.39,100.39,100.33,100.345,1653.0
2026-08-31,2026-08-31 13:50:00,100.345,100.48,100.1,100.48,8050.0
2026-08-31,2026-08-31 13:55:00,100.495,100.495,100.44,100.465,7785.0
2026-08-31,2026-08-31 14:00:00,100.39,100.39,100.24,100.37,2707.0
2026-08-31,2026-08-31 14:05:00,100.28,100.46,100.2,100.3,13145.0
2026-08-31,2026-08-31 14:10:00,100.29,100.465,99.99,100.25,14745.0
2026-08-31,2026-08-31 14:15:00,100.41,100.5,100.32,100.36,4524.0
2026-08-31,2026-08-31 14:20:00,100.26,100.47,100.25,100.33,2418.0
2026-08-31,2026-08-31 14:25:00,100.36,100.44,100.36,100.44,1207.0
2026-08-31,2026-08-31 14:30:00,100.365,100.38,100.31,100.32,2803.0
2026-08-31,2026-08-31 14:35:00,100.25,100.32,100.16,100.16,6704.0
2026-08-31,2026-08-31 14:40:00,100.125,100.2,100.0954,100.2,2486.0
2026-08-31,2026-08-31 14:45:00,100.215,100.215,100.16,100.17,2978.0
2026-08-31,2026-08-31 14:50:00,100.165,100.31,100.08,100.31,9318.0
2026-08-31,2026-08-31 14:55:00,100.45,100.71,100.2798,100.65,4692.0
2026-08-31,2026-08-31 15:00:00,100.57,100.8,100.57,100.705,4693.0
2026-08-31,2026-08-31 15:05:00,100.75,100.965,100.75,100.86,4666.0
2026-08-31,2026-08-31 15:10:00,100.925,100.925,100.8,100.8,3356.0
2026-08-31,2026-08-31 15:15:00,100.89,101.015,100.89,101.0,9727.0
2026-08-31,2026-08-31 15:20:00,101.02,101.02,100.82,100.82,4514.0
2026-08-31,2026-08-31 15:25:00,100.8,100.91,100.5601,100.86,13052.0
2026-08-31,2026-08-31 15:30:00,100.85,100.89,100.67,100.78,7013.0
2026-08-31,2026-08-31 15:35:00,100.78,101.24,100.7,101.17,8056.0
2026-08-31,2026-08-31 15:40:00,101.11,101.3,101.01,101.06,8032.0
2026-08-31,2026-08-31 15:45:00,101.04,101.14,100.88,101.14,8624.0
2026-08-31,2026-08-31 15:50:00,101.12,101.32,101.09,101.3,11219.0
2026-08-31,2026-08-31 15:55:00,101.24,101.28,100.91,101.135,22979.0
2026-08-31,2026-08-31 16:00:00,101.21,101.21,100.635,101.14,530552.0
2026-09-01,2026-09-01 09:35:00,98.69,99.41,97.005,97.005,33145.0
2026-09-01,2026-09-01 09:40:00,97.09,97.915,96.845,97.09,23226.0
2026-09-01,2026-09-01 09:45:00,96.89,98.63,96.885,98.425,8442.0
2026-09-01,2026-09-01 09:50:00,98.08,98.99,97.5257,97.8,4876.0
2026-09-01,2026-09-01 09:55:00,97.84,97.84,96.51,96.755,14012.0
2026-09-01,2026-09-01 10:00:00,96.8,97.42,96.5,97.01,5963.0
2026-09-01,2026-09-01 10:05:00,97.0,97.95,96.94,97.54,8980.0
2026-09-01,2026-09-01 10:10:00,97.715,98.525,97.715,98.4575,4796.0
2026-09-01,2026-09-01 10:15:00,98.46,98.48,98.215,98.48,3469.0
2026-09-01,2026-09-01 10:20:00,98.63,98.64,98.145,98.36,3378.0
2026-09-01,2026-09-01 10:25:00,98.63,99.02,98.62,99.02,8221.0
2026-09-01,2026-09-01 10:30:00,99.0,99.43,98.9315,99.35,13434.0
2026-09-01,2026-09-01 10:35:00,99.34,99.71,99.34,99.4925,6323.0
2026-09-01,2026-09-01 10:40:00,99.3,99.4,99.19,99.4,4533.0
2026-09-01,2026-09-01 10:45:00,99.63,99.63,99.46,99.615,2483.0
2026-09-01,2026-09-01 10:50:00,99.54,100.06,99.475,99.695,19128.0
2026-09-01,2026-09-01 10:55:00,99.69,99.69,98.32,98.32,17860.0
2026-09-01,2026-09-01 11:00:00,98.32,98.44,97.04,97.585,14861.0
2026-09-01,2026-09-01 11:05:00,97.6,97.6001,97.0,97.0,6367.0
2026-09-01,2026-09-01 11:10:00,97.07,97.07,96.42,96.42,5492.0
2026-09-01,2026-09-01 11:15:00,96.6199,96.69,96.19,96.295,8928.0
2026-09-01,2026-09-01 11:20:00,96.42,96.9,96.42,96.9,10857.0
2026-09-01,2026-09-01 11:25:00,97.02,97.35,96.845,97.35,7235.0
2026-09-01,2026-09-01 11:30:00,97.2,97.4,97.185,97.35,7108.0
2026-09-01,2026-09-01 11:35:00,97.32,97.79,97.2,97.62,24326.0
2026-09-01,2026-09-01 11:40:00,97.62,97.83,97.27,97.735,11267.0
2026-09-01,2026-09-01 11:45:00,97.6297,97.91,97.6297,97.91,4449.0
2026-09-01,2026-09-01 11:50:00,97.715,97.9,97.715,97.83,4899.0
2026-09-01,2026-09-01 11:55:00,97.77,97.79,97.5401,97.76,3741.0
2026-09-01,2026-09-01 12:00:00,97.62,97.8,97.61,97.72,2942.0
2026-09-01,2026-09-01 12:05:00,97.645,97.645,96.91,97.13,4234.0
2026-09-01,2026-09-01 12:10:00,97.2,97.26,97.11,97.12,4651.0
2026-09-01,2026-09-01 12:15:00,96.93,97.06,96.93,96.985,5411.0
2026-09-01,2026-09-01 12:20:00,96.91,96.92,96.77,96.79,6047.0
2026-09-01,2026-09-01 12:25:00,96.6801,96.6801,96.54,96.54,3222.0
2026-09-01,2026-09-01 12:30:00,96.73,96.89,96.52,96.52,7567.0
2026-09-01,2026-09-01 12:35:00,96.385,96.43,96.18,96.35,10926.0
2026-09-01,2026-09-01 12:40:00,96.1897,96.3525,96.1897,96.2,2665.0
2026-09-01,2026-09-01 12:45:00,96.15,96.27,95.79,96.27,8774.0
2026-09-01,2026-09-01 12:50:00,96.3,96.33,96.13,96.24,2980.0
2026-09-01,2026-09-01 12:55:00,96.35,96.43,96.31,96.34,8224.0
2026-09-01,2026-09-01 13:00:00,96.3414,96.54,96.32,96.4975,5027.0
2026-09-01,2026-09-01 13:05:00,96.55,96.65,96.44,96.44,5204.0
2026-09-01,2026-09-01 13:10:00,96.43,96.49,96.43,96.49,3000.0
2026-09-01,2026-09-01 13:15:00,96.5,96.61,96.435,96.505,5043.0
2026-09-01,2026-09-01 13:20:00,96.455,96.47,96.36,96.36,2610.0
2026-09-01,2026-09-01 13:25:00,96.48,96.48,96.34,96.34,2417.0
2026-09-01,2026-09-01 13:30:00,96.31,96.49,96.275,96.275,6700.0
2026-09-01,2026-09-01 13:35:00,96.36,96.62,96.34,96.62,11717.0
2026-09-01,2026-09-01 13:40:00,96.55,96.55,96.36,96.455,6671.0
2026-09-01,2026-09-01 13:45:00,96.47,96.53,96.445,96.5,4287.0
2026-09-01,2026-09-01 13:50:00,96.52,96.55,96.46,96.55,4777.0
2026-09-01,2026-09-01 13:55:00,96.48,96.54,96.38,96.4,6315.0
2026-09-01,2026-09-01 14:00:00,96.4,96.47,96.33,96.37,4609.0
2026-09-01,2026-09-01 14:05:00,96.36,96.49,96.3,96.49,7447.0
2026-09-01,2026-09-01 14:10:00,96.43,96.43,96.28,96.32,3648.0
2026-09-01,2026-09-01 14:15:00,96.35,96.695,96.345,96.65,11052.0
2026-09-01,2026-09-01 14:20:00,96.56,96.56,96.345,96.425,6832.0
2026-09-01,2026-09-01 14:25:00,96.43,96.43,96.3,96.3238,4143.0
2026-09-01,2026-09-01 14:30:00,96.39,96.39,96.28,96.345,5534.0
2026-09-01,2026-09-01 14:35:00,96.345,96.39,96.0,96.02,14140.0
2026-09-01,2026-09-01 14:40:00,96.08,96.31,96.06,96.305,12776.0
2026-09-01,2026-09-01 14:45:00,96.305,96.37,96.295,96.325,5404.0
2026-09-01,2026-09-01 14:50:00,96.291,96.42,96.245,96.395,10010.0
2026-09-01,2026-09-01 14:55:00,96.39,96.47,96.345,96.345,4136.0
2026-09-01,2026-09-01 15:00:00,96.34,96.49,96.28,96.345,8819.0
2026-09-01,2026-09-01 15:05:00,96.345,96.405,96.335,96.355,3939.0
2026-09-01,2026-09-01 15:10:00,96.42,96.44,96.28,96.3375,7416.0
2026-09-01,2026-09-01 15:15:00,96.3375,96.34,96.08,96.195,8517.0
2026-09-01,2026-09-01 15:20:00,96.195,96.44,96.19,96.345,9588.0
2026-09-01,2026-09-01 15:25:00,96.43,96.43,96.22,96.24,4213.0
2026-09-01,2026-09-01 15:30:00,96.32,96.36,96.155,96.275,17994.0
2026-09-01,2026-09-01 15:35:00,96.275,96.59,96.21,96.585,21491.0
2026-09-01,2026-09-01 15:40:00,96.585,96.62,96.5,96.62,11960.0
2026-09-01,2026-09-01 15:45:00,96.61,96.67,96.395,96.395,16515.0
2026-09-01,2026-09-01 15:50:00,96.395,96.45,96.26,96.39,18497.0
2026-09-01,2026-09-01 15:55:00,96.39,96.62,96.205,96.52,30297.0
2026-09-01,2026-09-01 16:00:00,96.63,96.7775,96.35,96.51,352468.0
2026-09-02,2026-09-02 09:35:00,96.3,97.37,96.0,97.255,14677.0
2026-09-02,2026-09-02 09:40:00,97.25,97.275,94.74,95.01,17548.0
2026-09-02,2026-09-02 09:45:00,95.0,95.785,94.76,95.19,8822.0
2026-09-02,2026-09-02 09:50:00,95.6,96.039,95.245,95.925,6777.0
2026-09-02,2026-09-02 09:55:00,95.97,96.58,95.87,96.445,7943.0
2026-09-02,2026-09-02 10:00:00,96.89,97.0,96.275,96.49,4526.0
2026-09-02,2026-09-02 10:05:00,96.43,96.68,95.8975,95.915,7781.0
2026-09-02,2026-09-02 10:10:00,95.9525,96.28,95.23,95.3,11895.0
2026-09-02,2026-09-02 10:15:00,95.37,95.66,95.315,95.66,3784.0
2026-09-02,2026-09-02 10:20:00,95.38,95.38,94.499,94.765,11562.0
2026-09-02,2026-09-02 10:25:00,94.64,94.68,94.33,94.535,13448.0
2026-09-02,2026-09-02 10:30:00,94.64,94.68,94.395,94.555,15331.0
2026-09-02,2026-09-02 10:35:00,94.525,94.76,94.5075,94.605,10093.0
2026-09-02,2026-09-02 10:40:00,94.595,95.11,94.51,94.98,13843.0
2026-09-02,2026-09-02 10:45:00,95.02,95.0801,94.7,95.01,2924.0
2026-09-02,2026-09-02 10:50:00,95.21,95.25,94.975,95.175,12326.0
2026-09-02,2026-09-02 10:55:00,95.12,95.12,94.61,94.985,4197.0
2026-09-02,2026-09-02 11:00:00,94.98,94.98,94.4101,94.545,13210.0
2026-09-02,2026-09-02 11:05:00,94.525,95.395,94.35,95.39,9031.0
2026-09-02,2026-09-02 11:10:00,95.2,95.2,95.02,95.15,3095.0
2026-09-02,2026-09-02 11:15:00,95.175,95.175,94.83,94.83,3820.0
2026-09-02,2026-09-02 11:20:00,94.83,94.83,94.83,94.83,1143.0
2026-09-02,2026-09-02 11:25:00,95.11,95.3725,95.11,95.3,3298.0
2026-09-02,2026-09-02 11:30:00,95.18,95.3,95.0,95.0,2514.0
2026-09-02,2026-09-02 11:35:00,95.0051,95.0051,94.67,94.77,5748.0
2026-09-02,2026-09-02 11:40:00,94.51,94.9899,94.51,94.51,3408.0
2026-09-02,2026-09-02 11:45:00,94.7101,94.7101,94.51,94.68,3814.0
2026-09-02,2026-09-02 11:50:00,94.68,95.01,94.5,95.01,6413.0
2026-09-02,2026-09-02 11:55:00,94.875,94.9962,94.875,94.88,1037.0
2026-09-02,2026-09-02 12:00:00,94.89,95.095,94.89,95.095,3041.0
2026-09-02,2026-09-02 12:05:00,94.76,94.84,94.63,94.84,11750.0
2026-09-02,2026-09-02 12:10:00,94.74,94.74,94.44,94.495,15759.0
2026-09-02,2026-09-02 12:15:00,94.38,94.39,94.04,94.06,3968.0
2026-09-02,2026-09-02 12:20:00,94.015,94.015,93.72,93.72,10188.0
2026-09-02,2026-09-02 12:25:00,93.72,93.8,93.5,93.53,8751.0
2026-09-02,2026-09-02 12:30:00,93.515,93.57,93.31,93.56,7201.0
2026-09-02,2026-09-02 12:35:00,93.615,93.66,93.24,93.645,16586.0
2026-09-02,2026-09-02 12:40:00,93.65,93.71,93.56,93.62,2991.0
2026-09-02,2026-09-02 12:45:00,93.525,93.72,93.5,93.71,3891.0
2026-09-02,2026-09-02 12:50:00,93.675,93.675,93.45,93.507,6327.0
2026-09-02,2026-09-02 12:55:00,93.525,93.945,93.49,93.85,12838.0
2026-09-02,2026-09-02 13:00:00,93.815,93.8999,93.71,93.755,2924.0
2026-09-02,2026-09-02 13:05:00,93.65,93.655,93.335,93.51,6360.0
2026-09-02,2026-09-02 13:10:00,93.515,93.66,93.32,93.32,9819.0
2026-09-02,2026-09-02 13:15:00,93.445,93.49,93.265,93.49,5538.0
2026-09-02,2026-09-02 13:20:00,93.555,93.6,93.49,93.56,2121.0
2026-09-02,2026-09-02 13:25:00,93.66,93.94,93.66,93.94,2868.0
2026-09-02,2026-09-02 13:30:00,93.98,94.0045,93.93,93.93,1903.0
2026-09-02,2026-09-02 13:35:00,94.02,94.1,93.91,93.91,6443.0
2026-09-02,2026-09-02 13:40:00,93.96,93.96,93.89,93.93,2391.0
2026-09-02,2026-09-02 13:45:00,93.93,93.94,93.77,93.835,3049.0
2026-09-02,2026-09-02 13:50:00,93.9,94.11,93.9,94.09,7253.0
2026-09-02,2026-09-02 13:55:00,94.0,94.2,94.0,94.2,1446.0
2026-09-02,2026-09-02 14:00:00,93.97,93.9775,93.59,93.64,6481.0
2026-09-02,2026-09-02 14:05:00,93.595,93.91,93.595,93.875,4827.0
2026-09-02,2026-09-02 14:10:00,94.0,94.02,93.91,93.915,2307.0
2026-09-02,2026-09-02 14:15:00,93.74,93.88,93.74,93.875,3208.0
2026-09-02,2026-09-02 14:20:00,93.875,94.02,93.875,93.9,2676.0
2026-09-02,2026-09-02 14:25:00,93.99,94.2,93.99,94.035,5400.0
2026-09-02,2026-09-02 14:30:00,94.02,94.21,94.0,94.095,7584.0
2026-09-02,2026-09-02 14:35:00,94.16,94.21,93.955,93.955,4322.0
2026-09-02,2026-09-02 14:40:00,94.145,94.145,94.145,94.145,1846.0
2026-09-02,2026-09-02 14:45:00,93.99,94.065,93.46,93.56,14651.0
2026-09-02,2026-09-02 14:50:00,93.56,93.96,93.56,93.96,6615.0
2026-09-02,2026-09-02 14:55:00,93.85,94.4278,93.83,94.3,18461.0
2026-09-02,2026-09-02 15:00:00,94.29,94.5799,94.29,94.405,9504.0
2026-09-02,2026-09-02 15:05:00,94.405,94.76,94.33,94.76,5428.0
2026-09-02,2026-09-02 15:10:00,94.855,94.855,94.58,94.5857,4646.0
2026-09-02,2026-09-02 15:15:00,94.63,94.735,94.625,94.65,3224.0
2026-09-02,2026-09-02 15:20:00,94.605,94.605,94.502,94.52,2557.0
2026-09-02,2026-09-02 15:25:00,94.62,94.7899,94.62,94.72,5483.0
2026-09-02,2026-09-02 15:30:00,94.82,94.895,94.75,94.88,5363.0
2026-09-02,2026-09-02 15:35:00,94.885,95.039,94.73,94.73,16561.0
2026-09-02,2026-09-02 15:40:00,94.65,94.68,94.39,94.475,10966.0
2026-09-02,2026-09-02 15:45:00,94.68,94.77,94.44,94.69,15355.0
2026-09-02,2026-09-02 15:50:00,94.745,95.029,94.69,94.97,16437.0
2026-09-02,2026-09-02 15:55:00,94.91,94.96,94.4,94.91,28427.0
2026-09-02,2026-09-02 16:00:00,94.76,94.76,94.17,94.44,276629.0
2026-09-03,2026-09-03 09:35:00,97.665,100.03,97.06,100.03,24226.0
2026-09-03,2026-09-03 09:40:00,99.895,99.895,98.83,99.03,8729.0
2026-09-03,2026-09-03 09:45:00,99.296244,99.55,98.08,98.715,7820.0
2026-09-03,2026-09-03 09:50:00,98.715,98.99,97.85,97.85,9330.0
2026-09-03,2026-09-03 09:55:00,97.87,98.22,97.06,98.22,11813.0
2026-09-03,2026-09-03 10:00:00,98.175,99.13,97.86,99.056,19401.0
2026-09-03,2026-09-03 10:05:00,99.13,99.135,98.69,98.9,13147.0
2026-09-03,2026-09-03 10:10:00,98.9,99.13,98.59,98.7,16214.0
2026-09-03,2026-09-03 10:15:00,98.75,98.945,98.45,98.945,7520.0
2026-09-03,2026-09-03 10:20:00,98.73,99.09,97.82,98.017304,7329.0
2026-09-03,2026-09-03 10:25:00,97.81,98.04,97.5975,98.04,5866.0
2026-09-03,2026-09-03 10:30:00,97.74,97.77,97.43,97.755,6120.0
2026-09-03,2026-09-03 10:35:00,97.81,98.14,97.38,97.51,6162.0
2026-09-03,2026-09-03 10:40:00,97.57,97.57,96.3294,96.59,10561.0
2026-09-03,2026-09-03 10:45:00,96.46,96.46,95.96,95.96,6887.0
2026-09-03,2026-09-03 10:50:00,96.06,96.3,96.0,96.08,8558.0
2026-09-03,2026-09-03 10:55:00,96.085,96.085,94.97,94.97,6666.0
2026-09-03,2026-09-03 11:00:00,95.11,95.51,94.82,95.325,13606.0
2026-09-03,2026-09-03 11:05:00,95.35,95.35,95.02,95.325,17433.0
2026-09-03,2026-09-03 11:10:00,95.45,96.015,95.45,96.0,7975.0
2026-09-03,2026-09-03 11:15:00,96.015,96.06,95.88,95.88,3159.0
2026-09-03,2026-09-03 11:20:00,95.83,95.99,95.685,95.88,6167.0
2026-09-03,2026-09-03 11:25:00,95.97,96.2299,95.5,95.62,4598.0
2026-09-03,2026-09-03 11:30:00,95.58,95.6,95.465,95.6,3525.0
2026-09-03,2026-09-03 11:35:00,95.58,95.66,95.51,95.6,3585.0
2026-09-03,2026-09-03 11:40:00,95.605,95.775,95.58,95.58,3581.0
2026-09-03,2026-09-03 11:45:00,95.53,95.665,95.49,95.57,3193.0
2026-09-03,2026-09-03 11:50:00,95.5,95.705,95.5,95.65,4828.0
2026-09-03,2026-09-03 11:55:00,95.67,95.69,95.59,95.59,3519.0
2026-09-03,2026-09-03 12:00:00,95.7195,95.93,95.64,95.855,4199.0
2026-09-03,2026-09-03 12:05:00,95.8,96.0879,95.655,95.655,5049.0
2026-09-03,2026-09-03 12:10:00,95.86,96.2,95.825,96.09,14517.0
2026-09-03,2026-09-03 12:15:00,96.165,96.525,96.165,96.33,17937.0
2026-09-03,2026-09-03 12:20:00,96.2,96.36,96.115,96.185,3990.0
2026-09-03,2026-09-03 12:25:00,96.3518,96.4199,96.12,96.12,1816.0
2026-09-03,2026-09-03 12:30:00,96.11,96.11,95.8,96.1,4526.0
2026-09-03,2026-09-03 12:35:00,96.05,96.05,96.04,96.04,994.0
2026-09-03,2026-09-03 12:40:00,96.15,96.165,95.94,95.95,3247.0
2026-09-03,2026-09-03 12:45:00,96.1,96.23,96.1,96.1,4551.0
2026-09-03,2026-09-03 12:50:00,96.16,96.22,96.09,96.175,6125.0
2026-09-03,2026-09-03 12:55:00,96.145,96.46,96.14,96.3,4424.0
2026-09-03,2026-09-03 13:00:00,96.47,96.47,96.17,96.195,2771.0
2026-09-03,2026-09-03 13:05:00,96.28,96.28,96.14,96.22,1910.0
2026-09-03,2026-09-03 13:10:00,96.255,96.31,96.16,96.305,2529.0
2026-09-03,2026-09-03 13:15:00,96.245,96.4,96.2,96.2,2299.0
2026-09-03,2026-09-03 13:20:00,96.285,96.34,96.18,96.23,5763.0
2026-09-03,2026-09-03 13:25:00,96.33,96.44,96.33,96.335,2820.0
2026-09-03,2026-09-03 13:30:00,96.325,96.81,96.325,96.81,4549.0
2026-09-03,2026-09-03 13:35:00,96.68,96.815,96.68,96.815,1872.0
2026-09-03,2026-09-03 13:40:00,96.81,97.02,96.757248,97.02,3112.0
2026-09-03,2026-09-03 13:45:00,96.73,97.12,96.73,97.12,3238.0
2026-09-03,2026-09-03 13:50:00,97.125,97.125,97.095,97.095,3469.0
2026-09-03,2026-09-03 13:55:00,97.19,97.64,97.19,97.455,12189.0
2026-09-03,2026-09-03 14:00:00,97.455,97.5,97.15,97.195,6124.0
2026-09-03,2026-09-03 14:05:00,97.31,97.405,97.175,97.375,3346.0
2026-09-03,2026-09-03 14:10:00,97.38,97.57,97.38,97.57,3026.0
2026-09-03,2026-09-03 14:15:00,97.41,97.64,97.38,97.64,4219.0
2026-09-03,2026-09-03 14:20:00,97.63,97.75,97.535,97.68,4271.0
2026-09-03,2026-09-03 14:25:00,97.58,97.85,97.58,97.85,3245.0
2026-09-03,2026-09-03 14:30:00,97.825,97.848,97.745,97.745,2333.0
2026-09-03,2026-09-03 14:35:00,97.84,98.16,97.84,98.16,5890.0
2026-09-03,2026-09-03 14:40:00,98.155,98.155,97.97,97.985,4964.0
2026-09-03,2026-09-03 14:45:00,97.98,98.0099,97.825,97.825,11013.0
2026-09-03,2026-09-03 14:50:00,97.9,98.09,97.84,97.915,27726.0
2026-09-03,2026-09-03 14:55:00,97.92,97.955,97.56,97.57,10495.0
2026-09-03,2026-09-03 15:00:00,97.51,97.51,97.3,97.395,6093.0
2026-09-03,2026-09-03 15:05:00,97.41,97.54,97.38,97.54,3291.0
2026-09-03,2026-09-03 15:10:00,97.545,97.92,97.46,97.92,11428.0
2026-09-03,2026-09-03 15:15:00,97.915,97.915,97.675,97.76,12541.0
2026-09-03,2026-09-03 15:20:00,97.7475,97.755,97.44,97.53,5073.0
2026-09-03,2026-09-03 15:25:00,97.575,97.575,97.37,97.43,4405.0
2026-09-03,2026-09-03 15:30:00,97.425,97.55,97.3751,97.53,5453.0
2026-09-03,2026-09-03 15:35:00,97.535,97.7,97.49,97.5,17317.0
2026-09-03,2026-09-03 15:40:00,97.515,97.515,97.3,97.3,18573.0
2026-09-03,2026-09-03 15:45:00,97.24,97.24,96.53,96.67,16772.0
2026-09-03,2026-09-03 15:50:00,96.55,96.94,96.55,96.86,13891.0
2026-09-03,2026-09-03 15:55:00,96.93,97.0925,96.77,96.97,18285.0
2026-09-03,2026-09-03 16:00:00,97.21,97.34,97.02,97.33,192334.0
2026-09-04,2026-09-04 09:35:00,94.79,95.41,91.29,91.7543,50256.0
2026-09-04,2026-09-04 09:40:00,91.7473,92.1,90.29,90.45,31266.0
2026-09-04,2026-09-04 09:45:00,90.52,90.78,90.285,90.445,17008.0
2026-09-04,2026-09-04 09:50:00,90.25,90.69,89.01,90.67,50903.0
2026-09-04,2026-09-04 09:55:00,90.53,91.21,90.1,90.51,27144.0
2026-09-04,2026-09-04 10:00:00,90.445,91.13,90.435,90.87,30955.0
2026-09-04,2026-09-04 10:05:00,90.86,92.19,90.515,91.915,43895.0
2026-09-04,2026-09-04 10:10:00,92.11,92.19,91.67,91.73,33344.0
2026-09-04,2026-09-04 10:15:00,91.6,92.19,91.6,91.795,10874.0
2026-09-04,2026-09-04 10:20:00,91.79,91.795,91.24,91.405,9229.0
2026-09-04,2026-09-04 10:25:00,91.25,92.04,91.25,91.95,15022.0
2026-09-04,2026-09-04 10:30:00,92.04,92.04,91.52,91.59,8458.0
2026-09-04,2026-09-04 10:35:00,91.525,91.7823,90.89,90.89,16247.0
2026-09-04,2026-09-04 10:40:00,91.07,91.35,90.96,91.14,9646.0
2026-09-04,2026-09-04 10:45:00,91.22,91.49,91.105,91.135,11430.0
2026-09-04,2026-09-04 10:50:00,91.245,91.62,91.175,91.57,13328.0
2026-09-04,2026-09-04 10:55:00,91.455,91.57,91.41,91.43,3688.0
2026-09-04,2026-09-04 11:00:00,91.25,91.25,90.88,90.88,8078.0
2026-09-04,2026-09-04 11:05:00,90.89,90.99,90.71,90.755,7478.0
2026-09-04,2026-09-04 11:10:00,90.67,90.84,90.6507,90.84,6271.0
2026-09-04,2026-09-04 11:15:00,90.775,91.37,90.77,91.33,7554.0
2026-09-04,2026-09-04 11:20:00,91.25,91.46,91.2,91.2,3417.0
2026-09-04,2026-09-04 11:25:00,91.32,91.47,91.11,91.12,4969.0
2026-09-04,2026-09-04 11:30:00,91.01,91.01,90.91,91.01,2525.0
2026-09-04,2026-09-04 11:35:00,90.9,91.0142,90.6378,90.79,6844.0
2026-09-04,2026-09-04 11:40:00,90.78,90.78,90.55,90.6475,7191.0
2026-09-04,2026-09-04 11:45:00,90.625,90.87,90.55,90.87,4286.0
2026-09-04,2026-09-04 11:50:00,90.88,91.06,90.4,90.4,6769.0
2026-09-04,2026-09-04 11:55:00,90.34,90.62,90.34,90.57,4355.0
2026-09-04,2026-09-04 12:00:00,90.6595,90.76,90.57,90.73,3933.0
2026-09-04,2026-09-04 12:05:00,90.75,90.82,90.7,90.82,2423.0
2026-09-04,2026-09-04 12:10:00,90.795,91.15,90.795,91.105,7961.0
2026-09-04,2026-09-04 12:15:00,91.1,91.105,90.9301,90.9823,1978.0
2026-09-04,2026-09-04 12:20:00,91.045,91.12,90.935,91.05,3880.0
2026-09-04,2026-09-04 12:25:00,90.85,90.855,90.7,90.7,1939.0
2026-09-04,2026-09-04 12:30:00,90.77,90.85,90.56,90.7184,7642.0
2026-09-04,2026-09-04 12:35:00,90.56,90.56,90.45,90.485,2790.0
2026-09-04,2026-09-04 12:40:00,90.465,90.59,90.33,90.445,2867.0
2026-09-04,2026-09-04 12:45:00,90.435,90.54,90.31,90.46,8492.0
2026-09-04,2026-09-04 12:50:00,90.46,90.46,90.31,90.31,2542.0
2026-09-04,2026-09-04 12:55:00,90.32,90.3825,90.25,90.355,3567.0
2026-09-04,2026-09-04 13:00:00,90.3,90.3899,90.29,90.3112,3321.0
2026-09-04,2026-09-04 13:05:00,90.333,90.56,90.29,90.38,8125.0
2026-09-04,2026-09-04 13:10:00,90.375,90.48,90.37,90.46,1737.0
2026-09-04,2026-09-04 13:15:00,90.37,90.46,90.37,90.452,4634.0
2026-09-04,2026-09-04 13:20:00,90.47,90.47,90.45,90.45,1469.0
2026-09-04,2026-09-04 13:25:00,90.4,90.4799,90.39,90.39,2748.0
2026-09-04,2026-09-04 13:30:00,90.395,90.61,90.31,90.61,4224.0
2026-09-04,2026-09-04 13:35:00,90.45,90.45,90.3,90.35,3971.0
2026-09-04,2026-09-04 13:40:00,90.36,90.38,90.18,90.18,4115.0
2026-09-04,2026-09-04 13:45:00,90.265,90.37,90.2,90.2,2663.0
2026-09-04,2026-09-04 13:50:00,90.265,90.265,89.83,89.83,9226.0
2026-09-04,2026-09-04 13:55:00,89.85,90.0,89.8,89.89,7214.0
2026-09-04,2026-09-04 14:00:00,89.82,89.96,89.79,89.94,8534.0
2026-09-04,2026-09-04 14:05:00,89.97,90.25,89.8685,90.25,6822.0
2026-09-04,2026-09-04 14:10:00,90.22,90.3099,90.19,90.19,4483.0
2026-09-04,2026-09-04 14:15:00,90.16,90.185,90.06,90.185,3686.0
2026-09-04,2026-09-04 14:20:00,90.29,90.29,90.14,90.14,2957.0
2026-09-04,2026-09-04 14:25:00,90.15,90.232,90.01,90.02,3159.0
2026-09-04,2026-09-04 14:30:00,90.03,90.15,90.0,90.08,3553.0
2026-09-04,2026-09-04 14:35:00,90.08,90.16,90.0,90.0,7721.0
2026-09-04,2026-09-04 14:40:00,90.05,90.05,89.84,89.98,2605.0
2026-09-04,2026-09-04 14:45:00,89.95,89.98,89.8741,89.975,3947.0
2026-09-04,2026-09-04 14:50:00,90.02,90.02,89.93,89.95,2523.0
2026-09-04,2026-09-04 14:55:00,89.96,90.18,89.9,90.14,4341.0
2026-09-04,2026-09-04 15:00:00,90.135,90.27,90.135,90.27,2699.0
2026-09-04,2026-09-04 15:05:00,90.21,90.32,90.01,90.175,5381.0
2026-09-04,2026-09-04 15:10:00,90.195,90.215,90.195,90.215,1740.0
2026-09-04,2026-09-04 15:15:00,90.28,90.3,90.15,90.275,5507.0
2026-09-04,2026-09-04 15:20:00,90.33,90.62,90.31,90.61,10372.0
2026-09-04,2026-09-04 15:25:00,90.55,90.59,90.305,90.429,6016.0
2026-09-04,2026-09-04 15:30:00,90.4,90.4282,90.305,90.355,4533.0
2026-09-04,2026-09-04 15:35:00,90.34,90.425,90.11,90.35,7686.0
2026-09-04,2026-09-04 15:40:00,90.35,90.49,90.345,90.42,7942.0
2026-09-04,2026-09-04 15:45:00,90.4,90.6,90.4,90.59,13283.0
2026-09-04,2026-09-04 15:50:00,90.7,90.999,90.6,90.845,21315.0
2026-09-04,2026-09-04 15:55:00,90.85,90.97,90.65,90.95,27032.0
2026-09-04,2026-09-04 16:00:00,91.0,91.18,90.67,91.07,200302.0
2026-09-08,2026-09-08 09:35:00,89.34,89.55,87.5,88.0,37856.0
2026-09-08,2026-09-08 09:40:00,88.16,88.16,86.47,86.47,30629.0
2026-09-08,2026-09-08 09:45:00,86.731713,87.93,86.685,86.99,21667.0
2026-09-08,2026-09-08 09:50:00,87.19,87.34,86.77,87.29,24343.0
2026-09-08,2026-09-08 09:55:00,87.5217,87.5467,86.5,87.05,9135.0
2026-09-08,2026-09-08 10:00:00,87.29,87.31,87.0,87.0,7299.0
2026-09-08,2026-09-08 10:05:00,87.195,87.815,86.895,87.815,28464.0
2026-09-08,2026-09-08 10:10:00,87.82,88.14,87.54,87.6825,12638.0
2026-09-08,2026-09-08 10:15:00,87.8648,87.8648,87.05,87.05,9927.0
2026-09-08,2026-09-08 10:20:00,87.3425,87.55,87.01,87.34,31986.0
2026-09-08,2026-09-08 10:25:00,87.345,87.885,87.345,87.42,16370.0
2026-09-08,2026-09-08 10:30:00,87.63,87.63,87.01,87.11,9513.0
2026-09-08,2026-09-08 10:35:00,87.115,88.115,87.115,87.98,26679.0
2026-09-08,2026-09-08 10:40:00,87.85,88.09,87.54,88.09,27856.0
2026-09-08,2026-09-08 10:45:00,88.03,88.28,87.925,88.22,11058.0
2026-09-08,2026-09-08 10:50:00,88.015,88.2,87.15,87.19,20377.0
2026-09-08,2026-09-08 10:55:00,87.2582,87.37,86.975,87.1675,16987.0
2026-09-08,2026-09-08 11:00:00,87.36,87.43,87.22,87.22,7623.0
2026-09-08,2026-09-08 11:05:00,87.23,87.32,87.01,87.23,33258.0
2026-09-08,2026-09-08 11:10:00,87.39,87.39,86.88,87.25,12413.0
2026-09-08,2026-09-08 11:15:00,87.25,87.42,87.225,87.42,8087.0
2026-09-08,2026-09-08 11:20:00,87.345,87.345,87.05,87.05,5282.0
2026-09-08,2026-09-08 11:25:00,87.04,87.16,86.6,86.87,12201.0
2026-09-08,2026-09-08 11:30:00,86.87,86.97,86.8,86.97,5021.0
2026-09-08,2026-09-08 11:35:00,86.98,87.04,86.82,86.86,5857.0
2026-09-08,2026-09-08 11:40:00,86.8,86.8699,86.72,86.785,6352.0
2026-09-08,2026-09-08 11:45:00,86.72,86.92,86.64,86.81,8243.0
2026-09-08,2026-09-08 11:50:00,86.74,86.8511,86.585,86.585,11469.0
2026-09-08,2026-09-08 11:55:00,86.64,86.82,86.58,86.77,12876.0
2026-09-08,2026-09-08 12:00:00,86.675,86.77,86.49,86.555,11065.0
2026-09-08,2026-09-08 12:05:00,86.62,86.77,86.555,86.7055,6482.0
2026-09-08,2026-09-08 12:10:00,86.695,86.77,86.305,86.34,15422.0
2026-09-08,2026-09-08 12:15:00,86.275,86.37,86.2257,86.25,6514.0
2026-09-08,2026-09-08 12:20:00,86.33,86.35,86.23,86.325,9987.0
2026-09-08,2026-09-08 12:25:00,86.2594,86.35,86.1,86.27,6511.0
2026-09-08,2026-09-08 12:30:00,86.36,86.39,86.1801,86.365,6123.0
2026-09-08,2026-09-08 12:35:00,86.365,86.3675,86.19,86.31,4964.0
2026-09-08,2026-09-08 12:40:00,86.41,86.44,86.13,86.13,5865.0
2026-09-08,2026-09-08 12:45:00,86.115,86.28,86.11,86.245,11950.0
2026-09-08,2026-09-08 12:50:00,86.29,86.29,86.09,86.095,8947.0
2026-09-08,2026-09-08 12:55:00,86.1257,86.21,86.07,86.16,12260.0
2026-09-08,2026-09-08 13:00:00,86.16,86.16,85.84,85.905,26559.0
2026-09-08,2026-09-08 13:05:00,85.9,85.99,85.855,85.96,7897.0
2026-09-08,2026-09-08 13:10:00,85.955,86.25,85.945,86.165,20448.0
2026-09-08,2026-09-08 13:15:00,86.135,86.3299,86.0,86.3299,6438.0
2026-09-08,2026-09-08 13:20:00,86.04,86.27,85.945,85.945,5969.0
2026-09-08,2026-09-08 13:25:00,85.71,85.92,85.68,85.7,4724.0
2026-09-08,2026-09-08 13:30:00,85.79,85.79,85.27,85.27,13742.0
2026-09-08,2026-09-08 13:35:00,85.465,85.5,85.33,85.495,5486.0
2026-09-08,2026-09-08 13:40:00,85.47,85.5,85.32,85.4812,6132.0
2026-09-08,2026-09-08 13:45:00,85.48,85.5,85.195,85.25,22695.0
2026-09-08,2026-09-08 13:50:00,85.335,85.47,85.14,85.14,10854.0
2026-09-08,2026-09-08 13:55:00,85.14,85.14,84.655,84.93,33931.0
2026-09-08,2026-09-08 14:00:00,84.91,85.18,84.835,85.16,14842.0
2026-09-08,2026-09-08 14:05:00,85.12,85.25,85.0,85.25,8958.0
2026-09-08,2026-09-08 14:10:00,85.19,85.25,84.925,85.0,10156.0
2026-09-08,2026-09-08 14:15:00,85.085,85.1713,85.02,85.07,5508.0
2026-09-08,2026-09-08 14:20:00,85.07,85.115,84.97,85.0,11814.0
2026-09-08,2026-09-08 14:25:00,84.92,85.01,84.845,85.01,12583.0
2026-09-08,2026-09-08 14:30:00,84.99,84.99,84.71,84.725,6950.0
2026-09-08,2026-09-08 14:35:00,84.7425,84.75,84.42,84.5,15063.0
2026-09-08,2026-09-08 14:40:00,84.51,84.59,84.41,84.5,6924.0
2026-09-08,2026-09-08 14:45:00,84.45,84.64,84.34,84.62,18102.0
2026-09-08,2026-09-08 14:50:00,84.645,84.65,84.33,84.466,30093.0
2026-09-08,2026-09-08 14:55:00,84.41,84.69,84.405,84.54,11136.0
2026-09-08,2026-09-08 15:00:00,84.54,84.67,84.41,84.57,20888.0
2026-09-08,2026-09-08 15:05:00,84.585,85.0,84.585,84.99,13085.0
2026-09-08,2026-09-08 15:10:00,84.995,85.2878,84.8,84.995,23656.0
2026-09-08,2026-09-08 15:15:00,84.97,85.0786,84.86,85.015,7832.0
2026-09-08,2026-09-08 15:20:00,85.02,85.03,84.86,84.86,8495.0
2026-09-08,2026-09-08 15:25:00,84.63,84.965,84.62,84.74,16758.0
2026-09-08,2026-09-08 15:30:00,84.7321,84.955,84.71,84.955,11155.0
2026-09-08,2026-09-08 15:35:00,84.95,85.025,84.7,84.72,21572.0
2026-09-08,2026-09-08 15:40:00,84.75,84.79,84.48,84.56,17398.0
2026-09-08,2026-09-08 15:45:00,84.54,84.73,84.49,84.53,21833.0
2026-09-08,2026-09-08 15:50:00,84.6,84.63,84.47,84.57,24731.0
2026-09-08,2026-09-08 15:55:00,84.6,84.6,84.03,84.06,56264.0
2026-09-08,2026-09-08 16:00:00,84.095,84.095,83.5,83.67,295714.0
2026-09-09,2026-09-09 09:35:00,83.5,84.16,82.42,82.465,23830.0
2026-09-09,2026-09-09 09:40:00,82.475,83.13,82.2979,82.865,15693.0
2026-09-09,2026-09-09 09:45:00,82.865,83.535,82.86,83.205,13474.0
2026-09-09,2026-09-09 09:50:00,82.765,83.63,82.73,82.73,14146.0
2026-09-09,2026-09-09 09:55:00,82.61,82.73,82.36,82.675,13806.0
2026-09-09,2026-09-09 10:00:00,82.5,82.505,81.81,82.05,30133.0
2026-09-09,2026-09-09 10:05:00,82.065,82.59,82.06,82.29,14528.0
2026-09-09,2026-09-09 10:10:00,82.545,82.545,82.145,82.16,7179.0
2026-09-09,2026-09-09 10:15:00,82.335,83.21,82.2,82.88,26834.0
2026-09-09,2026-09-09 10:20:00,82.655,82.89,82.3,82.335,5685.0
2026-09-09,2026-09-09 10:25:00,82.6195,82.6495,82.425,82.575,6465.0
2026-09-09,2026-09-09 10:30:00,82.6,82.65,82.5,82.6075,7396.0
2026-09-09,2026-09-09 10:35:00,82.54,82.78,82.54,82.685,19786.0
2026-09-09,2026-09-09 10:40:00,82.79,82.97,82.635,82.865,38990.0
2026-09-09,2026-09-09 10:45:00,82.91,82.93,82.52,82.52,6668.0
2026-09-09,2026-09-09 10:50:00,82.52,82.6,82.43,82.5,5432.0
2026-09-09,2026-09-09 10:55:00,82.57,82.7,82.53,82.62,28573.0
2026-09-09,2026-09-09 11:00:00,82.63,82.77,82.49,82.54,4854.0
2026-09-09,2026-09-09 11:05:00,82.6,82.62,82.2401,82.5495,19273.0
2026-09-09,2026-09-09 11:10:00,82.49,82.58,82.18,82.51,11145.0
2026-09-09,2026-09-09 11:15:00,82.6,82.6,82.465,82.51,4004.0
2026-09-09,2026-09-09 11:20:00,82.5108,82.59,82.38,82.49,10231.0
2026-09-09,2026-09-09 11:25:00,82.485,82.52,82.3501,82.465,12382.0
2026-09-09,2026-09-09 11:30:00,82.47,82.77,82.3763,82.77,6352.0
2026-09-09,2026-09-09 11:35:00,82.58,82.94,82.58,82.8,11287.0
2026-09-09,2026-09-09 11:40:00,82.815,83.16,82.815,83.143,10689.0
2026-09-09,2026-09-09 11:45:00,82.925,83.143,82.735,82.96,4388.0
2026-09-09,2026-09-09 11:50:00,83.0,83.19,82.69,82.69,4218.0
2026-09-09,2026-09-09 11:55:00,82.825,82.98,82.66,82.66,23050.0
2026-09-09,2026-09-09 12:00:00,82.77,82.78,82.54,82.77,7952.0
2026-09-09,2026-09-09 12:05:00,82.77,83.03,82.77,82.905,4396.0
2026-09-09,2026-09-09 12:10:00,82.95,83.07,82.64,82.64,4013.0
2026-09-09,2026-09-09 12:15:00,82.545,82.74,82.51,82.645,7286.0
2026-09-09,2026-09-09 12:20:00,82.65,82.74,82.355,82.61,19225.0
2026-09-09,2026-09-09 12:25:00,82.47,82.55,82.28,82.2801,8673.0
2026-09-09,2026-09-09 12:30:00,82.26,82.345,82.26,82.34,3872.0
2026-09-09,2026-09-09 12:35:00,82.41,82.63,82.335,82.61,7492.0
2026-09-09,2026-09-09 12:40:00,82.495,82.76,82.495,82.745,4636.0
2026-09-09,2026-09-09 12:45:00,82.74,82.745,82.62,82.7,14907.0
2026-09-09,2026-09-09 12:50:00,82.695,82.695,82.58,82.665,3641.0
2026-09-09,2026-09-09 12:55:00,82.665,82.665,82.45,82.535,4850.0
2026-09-09,2026-09-09 13:00:00,82.63,82.64,82.565,82.625,8276.0
2026-09-09,2026-09-09 13:05:00,82.52,82.52,82.02,82.02,8866.0
2026-09-09,2026-09-09 13:10:00,82.0,82.075,81.91,82.01,3619.0
2026-09-09,2026-09-09 13:15:00,82.0,82.09,81.98,82.005,4492.0
2026-09-09,2026-09-09 13:20:00,82.0,82.23,81.995,82.12,5913.0
2026-09-09,2026-09-09 13:25:00,82.17,82.17,82.1,82.165,1691.0
2026-09-09,2026-09-09 13:30:00,82.12,82.18,82.03,82.05,2692.0
2026-09-09,2026-09-09 13:35:00,82.095,82.12,81.9625,82.04,6686.0
2026-09-09,2026-09-09 13:40:00,82.045,82.08,81.92,82.005,4561.0
2026-09-09,2026-09-09 13:45:00,82.07,82.1,81.97,82.015,4903.0
2026-09-09,2026-09-09 13:50:00,82.015,82.04,81.852,81.852,6348.0
2026-09-09,2026-09-09 13:55:00,81.81,81.89,81.75,81.77,7195.0
2026-09-09,2026-09-09 14:00:00,81.75,81.82,81.7,81.82,6494.0
2026-09-09,2026-09-09 14:05:00,81.78,81.78,81.615,81.73,6387.0
2026-09-09,2026-09-09 14:10:00,81.78,81.89,81.745,81.77,4124.0
2026-09-09,2026-09-09 14:15:00,81.8,81.93,81.68,81.68,7517.0
2026-09-09,2026-09-09 14:20:00,81.66,81.66,81.49,81.595,13720.0
2026-09-09,2026-09-09 14:25:00,81.58,81.65,81.545,81.63,3601.0
2026-09-09,2026-09-09 14:30:00,81.64,81.77,81.585,81.695,6632.0
2026-09-09,2026-09-09 14:35:00,81.67,81.67,81.41,81.41,14813.0
2026-09-09,2026-09-09 14:40:00,81.44,81.44,81.24,81.25,7556.0
2026-09-09,2026-09-09 14:45:00,81.3182,81.4,81.11,81.32,9479.0
2026-09-09,2026-09-09 14:50:00,81.265,81.265,81.23,81.23,5555.0
2026-09-09,2026-09-09 14:55:00,81.23,81.61,81.23,81.61,7205.0
2026-09-09,2026-09-09 15:00:00,81.64,81.86,81.64,81.86,7100.0
2026-09-09,2026-09-09 15:05:00,81.72,81.745,81.585,81.71,5836.0
2026-09-09,2026-09-09 15:10:00,81.58,81.8999,81.575,81.59,5202.0
2026-09-09,2026-09-09 15:15:00,81.59,81.68,81.59,81.63,4315.0
2026-09-09,2026-09-09 15:20:00,81.55,81.5785,81.395,81.5785,11617.0
2026-09-09,2026-09-09 15:25:00,81.47,81.47,81.12,81.165,21427.0
2026-09-09,2026-09-09 15:30:00,81.165,81.32,81.165,81.305,12400.0
2026-09-09,2026-09-09 15:35:00,81.34,81.48,81.28,81.45,24264.0
2026-09-09,2026-09-09 15:40:00,81.445,81.45,81.3,81.3,13203.0
2026-09-09,2026-09-09 15:45:00,81.36,81.41,81.27,81.29,15145.0
2026-09-09,2026-09-09 15:50:00,81.33,81.335,81.04,81.105,16478.0
2026-09-09,2026-09-09 15:55:00,81.15,81.2,80.94,80.94,43352.0
2026-09-09,2026-09-09 16:00:00,80.92,81.36,80.85,81.11,222628.0
2026-09-10,2026-09-10 09:35:00,80.4,80.4,79.1978,80.0,17223.0
2026-09-10,2026-09-10 09:40:00,79.6,80.35,79.32,80.15,9597.0
2026-09-10,2026-09-10 09:45:00,80.15,80.665,80.055,80.43,5843.0
2026-09-10,2026-09-10 09:50:00,80.42,81.25,80.42,81.13,12828.0
2026-09-10,2026-09-10 09:55:00,81.315,81.555,81.065,81.36,4599.0
2026-09-10,2026-09-10 10:00:00,81.125,81.72,81.1,81.181,16608.0
2026-09-10,2026-09-10 10:05:00,81.38,81.38,80.73,81.2999,13221.0
2026-09-10,2026-09-10 10:10:00,81.06,81.16,80.55,80.74,3585.0
2026-09-10,2026-09-10 10:15:00,80.5001,81.24,80.27,81.085,23487.0
2026-09-10,2026-09-10 10:20:00,81.19,82.015,80.94,81.995,535652.0
2026-09-10,2026-09-10 10:25:00,82.13,82.16,81.67,82.14,19808.0
2026-09-10,2026-09-10 10:30:00,82.22,82.3,81.98,82.15,8600.0
2026-09-10,2026-09-10 10:35:00,82.1,82.42,82.0,82.28,11356.0
2026-09-10,2026-09-10 10:40:00,82.13,83.17,82.11,83.17,15055.0
2026-09-10,2026-09-10 10:45:00,83.06,83.36,82.49,82.98,28243.0
2026-09-10,2026-09-10 10:50:00,82.87,82.945,82.42,82.465,8100.0
2026-09-10,2026-09-10 10:55:00,82.465,82.465,82.02,82.02,7341.0
2026-09-10,2026-09-10 11:00:00,82.01,82.2448,81.69,82.055,8742.0
2026-09-10,2026-09-10 11:05:00,82.065,82.34,81.94,82.34,18340.0
2026-09-10,2026-09-10 11:10:00,82.34,82.6525,82.24,82.615,9759.0
2026-09-10,2026-09-10 11:15:00,82.615,82.64,82.27,82.64,10450.0
2026-09-10,2026-09-10 11:20:00,82.64,82.95,82.47,82.87,7475.0
2026-09-10,2026-09-10 11:25:00,82.86,83.015,82.735,82.92,5501.0
2026-09-10,2026-09-10 11:30:00,82.91,83.38,82.91,83.295,5409.0
2026-09-10,2026-09-10 11:35:00,83.36,83.695,83.22,83.63,13786.0
2026-09-10,2026-09-10 11:40:00,83.63,83.83,83.49,83.565,16472.0
2026-09-10,2026-09-10 11:45:00,83.6102,83.6102,83.37,83.48,4346.0
2026-09-10,2026-09-10 11:50:00,83.48,83.84,83.3926,83.83,6742.0
2026-09-10,2026-09-10 11:55:00,83.83,84.07,83.74,83.9799,13370.0
2026-09-10,2026-09-10 12:00:00,83.895,83.9,83.81,83.85,3729.0
2026-09-10,2026-09-10 12:05:00,83.69,83.89,83.53,83.87,7755.0
2026-09-10,2026-09-10 12:10:00,83.94,84.24,83.94,84.15,9200.0
2026-09-10,2026-09-10 12:15:00,84.14,84.22,83.95,84.12,4737.0
2026-09-10,2026-09-10 12:20:00,84.03,84.2,84.0,84.0,4567.0
2026-09-10,2026-09-10 12:25:00,84.15,84.19,83.95,84.01,4899.0
2026-09-10,2026-09-10 12:30:00,84.01,84.11,83.9205,83.9205,3958.0
2026-09-10,2026-09-10 12:35:00,84.01,84.25,83.99,84.14,10435.0
2026-09-10,2026-09-10 12:40:00,84.145,84.25,84.09,84.23,5060.0
2026-09-10,2026-09-10 12:45:00,84.14,84.24,84.01,84.148,11440.0
2026-09-10,2026-09-10 12:50:00,84.16,84.37,84.03,84.35,30617.0
2026-09-10,2026-09-10 12:55:00,84.375,84.7699,84.31,84.67,13842.0
2026-09-10,2026-09-10 13:00:00,84.595,84.76,84.58,84.76,3889.0
2026-09-10,2026-09-10 13:05:00,84.71,84.745,84.53,84.67,7255.0
2026-09-10,2026-09-10 13:10:00,84.87,84.87,84.2,84.41,8967.0
2026-09-10,2026-09-10 13:15:00,84.41,84.71,84.3701,84.585,12660.0
2026-09-10,2026-09-10 13:20:00,84.49,84.6,84.45,84.45,3591.0
2026-09-10,2026-09-10 13:25:00,84.475,84.53,84.43,84.495,4182.0
2026-09-10,2026-09-10 13:30:00,84.5024,84.5024,84.31,84.37,7007.0
2026-09-10,2026-09-10 13:35:00,84.49,84.6,84.2601,84.45,10611.0
2026-09-10,2026-09-10 13:40:00,84.5,84.5,84.23,84.285,9450.0
2026-09-10,2026-09-10 13:45:00,84.3,84.5,84.3,84.325,20648.0
2026-09-10,2026-09-10 13:50:00,84.21,84.42,84.2,84.39,4317.0
2026-09-10,2026-09-10 13:55:00,84.37,84.69,84.37,84.66,7736.0
2026-09-10,2026-09-10 14:00:00,84.56,84.56,84.4,84.4,5404.0
2026-09-10,2026-09-10 14:05:00,84.4,84.49,84.3,84.37,8421.0
2026-09-10,2026-09-10 14:10:00,84.37,84.4,84.1,84.19,11506.0
2026-09-10,2026-09-10 14:15:00,84.16,84.44,84.0819,84.34,9375.0
2026-09-10,2026-09-10 14:20:00,84.32,84.44,84.15,84.275,8333.0
2026-09-10,2026-09-10 14:25:00,84.27,84.27,83.89,84.03,10805.0
2026-09-10,2026-09-10 14:30:00,83.99,83.99,83.505,83.505,26048.0
2026-09-10,2026-09-10 14:35:00,83.51,83.69,83.29,83.29,9652.0
2026-09-10,2026-09-10 14:40:00,83.4,83.4,83.01,83.23,6873.0
2026-09-10,2026-09-10 14:45:00,83.245,83.53,83.245,83.43,9424.0
2026-09-10,2026-09-10 14:50:00,83.455,83.57,83.3401,83.525,6865.0
2026-09-10,2026-09-10 14:55:00,83.44,84.06,83.44,83.99,23839.0
2026-09-10,2026-09-10 15:00:00,83.86,83.87,83.575,83.62,19244.0
2026-09-10,2026-09-10 15:05:00,83.5,84.24,83.5,84.2,38715.0
2026-09-10,2026-09-10 15:10:00,84.205,84.595,84.02,84.395,23034.0
2026-09-10,2026-09-10 15:15:00,84.395,84.84,84.38,84.84,36349.0
2026-09-10,2026-09-10 15:20:00,84.83,84.83,83.95,84.14,24323.0
2026-09-10,2026-09-10 15:25:00,83.96,84.45,83.96,84.09,12934.0
2026-09-10,2026-09-10 15:30:00,83.98,84.19,83.81,84.07,18703.0
2026-09-10,2026-09-10 15:35:00,84.04,84.355,84.01,84.11,18309.0
2026-09-10,2026-09-10 15:40:00,84.0,84.325,83.87,84.325,17397.0
2026-09-10,2026-09-10 15:45:00,84.44,84.44,84.09,84.37,21489.0
2026-09-10,2026-09-10 15:50:00,84.34,84.49,84.31,84.395,13785.0
2026-09-10,2026-09-10 15:55:00,84.32,84.88,84.32,84.675,48912.0
2026-09-10,2026-09-10 16:00:00,84.38,85.21,84.38,85.17,531757.0
