day,time,open,high,low,close,volume
2026-06-12,2026-06-12 09:35:00,20.75,21.0,18.6,20.12,762685.0
2026-06-12,2026-06-12 09:40:00,20.12,20.7199,20.0018,20.69,366816.0
2026-06-12,2026-06-12 09:45:00,20.69,20.7015,20.175,20.41,237617.0
2026-06-12,2026-06-12 09:50:00,20.4,20.59,20.31,20.35,179733.0
2026-06-12,2026-06-12 09:55:00,20.3,20.4564,20.11,20.23,213862.0
2026-06-12,2026-06-12 10:00:00,20.25,20.37,20.17,20.358,67344.0
2026-06-12,2026-06-12 10:05:00,20.33,20.36,20.09,20.21,114940.0
2026-06-12,2026-06-12 10:10:00,20.28,20.3,20.16,20.255,72966.0
2026-06-12,2026-06-12 10:15:00,20.27,20.3,20.0,20.015,335741.0
2026-06-12,2026-06-12 10:20:00,20.035,20.18,20.0101,20.06,244027.0
2026-06-12,2026-06-12 10:25:00,20.07,20.12,19.93,19.955,168238.0
2026-06-12,2026-06-12 10:30:00,19.9715,20.32,19.95,20.1155,116716.0
2026-06-12,2026-06-12 10:35:00,20.115,20.14,19.95,19.965,81918.0
2026-06-12,2026-06-12 10:40:00,19.95,20.248,19.95,20.135,99753.0
2026-06-12,2026-06-12 10:45:00,20.135,20.135,19.6506,19.69,137482.0
2026-06-12,2026-06-12 10:50:00,19.6911,19.71,19.482,19.62,93987.0
2026-06-12,2026-06-12 10:55:00,19.62,19.7699,19.43,19.7699,123625.0
2026-06-12,2026-06-12 11:00:00,19.75,19.83,19.62,19.62,108123.0
2026-06-12,2026-06-12 11:05:00,19.635,20.03,19.6201,19.965,189497.0
2026-06-12,2026-06-12 11:10:00,19.964,20.07,19.865,20.005,101080.0
2026-06-12,2026-06-12 11:15:00,20.005,20.07,19.95,20.0,70423.0
2026-06-12,2026-06-12 11:20:00,19.99,20.1,19.94,20.09,67743.0
2026-06-12,2026-06-12 11:25:00,20.08,20.19,20.0358,20.16,139747.0
2026-06-12,2026-06-12 11:30:00,20.16,20.2596,20.14,20.23,64441.0
2026-06-12,2026-06-12 11:35:00,20.205,20.205,19.92,19.937,88267.0
2026-06-12,2026-06-12 11:40:00,19.93,20.07,19.91,20.06,65162.0
2026-06-12,2026-06-12 11:45:00,20.06,20.08,20.01,20.02,72938.0
2026-06-12,2026-06-12 11:50:00,20.0164,20.115,19.995,20.06,46484.0
2026-06-12,2026-06-12 11:55:00,20.07,20.11,20.04,20.08,51892.0
2026-06-12,2026-06-12 12:00:00,20.08,20.08,19.985,19.99,32845.0
2026-06-12,2026-06-12 12:05:00,19.99,20.11,19.965,20.015,48655.0
2026-06-12,2026-06-12 12:10:00,20.005,20.23,19.92,20.22,67254.0
2026-06-12,2026-06-12 12:15:00,20.22,20.37,20.2,20.25,104820.0
2026-06-12,2026-06-12 12:20:00,20.23,20.38,20.22,20.25,77141.0
2026-06-12,2026-06-12 12:25:00,20.2401,20.26,20.05,20.13,45385.0
2026-06-12,2026-06-12 12:30:00,20.12,20.125,19.925,20.04,63297.0
2026-06-12,2026-06-12 12:35:00,20.05,20.155,20.01,20.1253,29742.0
2026-06-12,2026-06-12 12:40:00,20.135,20.135,20.05,20.05,48212.0
2026-06-12,2026-06-12 12:45:00,20.05,20.05,19.91,19.92,33047.0
2026-06-12,2026-06-12 12:50:00,19.93,19.93,19.82,19.82,50235.0
2026-06-12,2026-06-12 12:55:00,19.83,19.97,19.77,19.97,80079.0
2026-06-12,2026-06-12 13:00:00,19.97,20.03,19.89,19.9041,67566.0
2026-06-12,2026-06-12 13:05:00,19.94,20.01,19.915,19.97,47231.0
2026-06-12,2026-06-12 13:10:00,19.97,20.1,19.96,20.02,60581.0
2026-06-12,2026-06-12 13:15:00,20.02,20.12,20.0,20.0975,55873.0
2026-06-12,2026-06-12 13:20:00,20.095,20.12,20.04,20.06,52320.0
2026-06-12,2026-06-12 13:25:00,20.06,20.15,20.06,20.14,59839.0
2026-06-12,2026-06-12 13:30:00,20.14,20.15,20.11,20.145,65325.0
2026-06-12,2026-06-12 13:35:00,20.14,20.155,20.08,20.09,47701.0
2026-06-12,2026-06-12 13:40:00,20.1,20.13,20.06,20.0625,56977.0
2026-06-12,2026-06-12 13:45:00,20.06,20.06,20.005,20.02,22574.0
2026-06-12,2026-06-12 13:50:00,20.03,20.13,20.025,20.045,52042.0
2026-06-12,2026-06-12 13:55:00,20.045,20.06,20.01,20.03,48159.0
2026-06-12,2026-06-12 14:00:00,20.03,20.04,19.98,19.99,29209.0
2026-06-12,2026-06-12 14:05:00,20.0,20.04,19.97,19.985,33041.0
2026-06-12,2026-06-12 14:10:00,19.985,20.01,19.95,19.96,70359.0
2026-06-12,2026-06-12 14:15:00,19.955,20.0,19.94,19.94,34108.0
2026-06-12,2026-06-12 14:20:00,19.93,19.93,19.7901,19.85,59664.0
2026-06-12,2026-06-12 14:25:00,19.845,19.86,19.785,19.8,42091.0
2026-06-12,2026-06-12 14:30:00,19.8,19.9,19.8,19.8899,37213.0
2026-06-12,2026-06-12 14:35:00,19.88,19.97,19.85,19.93,85470.0
2026-06-12,2026-06-12 14:40:00,19.93,19.93,19.865,19.88,43472.0
2026-06-12,2026-06-12 14:45:00,19.88,19.95,19.88,19.91,54372.0
2026-06-12,2026-06-12 14:50:00,19.905,19.92,19.855,19.855,40220.0
2026-06-12,2026-06-12 14:55:00,19.855,19.875,19.81,19.86,69219.0
2026-06-12,2026-06-12 15:00:00,19.86,19.87,19.7701,19.775,62515.0
2026-06-12,2026-06-12 15:05:00,19.775,19.78,19.675,19.755,117285.0
2026-06-12,2026-06-12 15:10:00,19.745,19.845,19.745,19.845,58022.0
2026-06-12,2026-06-12 15:15:00,19.845,19.845,19.775,19.775,79953.0
2026-06-12,2026-06-12 15:20:00,19.77,19.8275,19.72,19.82,85187.0
2026-06-12,2026-06-12 15:25:00,19.82,19.96,19.81,19.89,108436.0
2026-06-12,2026-06-12 15:30:00,19.9,20.04,19.875,20.005,132006.0
2026-06-12,2026-06-12 15:35:00,20.017,20.04,19.83,19.845,131345.0
2026-06-12,2026-06-12 15:40:00,19.85,19.88,19.835,19.855,57147.0
2026-06-12,2026-06-12 15:45:00,19.86,20.065,19.85,20.04,295447.0
2026-06-12,2026-06-12 15:50:00,20.04,20.06,19.875,20.0,151540.0
2026-06-12,2026-06-12 15:55:00,19.995,20.02,19.815,19.865,412647.0
2026-06-12,2026-06-12 16:00:00,19.86,19.98,19.845,19.93,1086569.0
2026-06-15,2026-06-15 09:35:00,20.0,20.15,19.375,19.79,147260.0
2026-06-15,2026-06-15 09:40:00,19.86,20.27,19.7001,20.135,105158.0
2026-06-15,2026-06-15 09:45:00,20.135,20.135,19.9,19.965,47598.0
2026-06-15,2026-06-15 09:50:00,19.931,20.03,19.77,19.965,50658.0
2026-06-15,2026-06-15 09:55:00,19.97,20.025,19.88,20.01,66283.0
2026-06-15,2026-06-15 10:00:00,19.99,20.215,19.855,20.171,71643.0
2026-06-15,2026-06-15 10:05:00,20.17,20.49,20.14,20.37,170118.0
2026-06-15,2026-06-15 10:10:00,20.375,20.54,20.28,20.465,152882.0
2026-06-15,2026-06-15 10:15:00,20.48,20.48,20.2696,20.4,93570.0
2026-06-15,2026-06-15 10:20:00,20.41,20.56,20.29,20.56,102177.0
2026-06-15,2026-06-15 10:25:00,20.56,20.63,20.4801,20.555,100912.0
2026-06-15,2026-06-15 10:30:00,20.575,20.64,20.51,20.52,109873.0
2026-06-15,2026-06-15 10:35:00,20.51,20.54,20.38,20.52,172208.0
2026-06-15,2026-06-15 10:40:00,20.52,20.725,20.5143,20.725,91963.0
2026-06-15,2026-06-15 10:45:00,20.725,20.8899,20.69,20.78,93998.0
2026-06-15,2026-06-15 10:50:00,20.79,20.85,20.765,20.785,42763.0
2026-06-15,2026-06-15 10:55:00,20.76,20.84,20.72,20.77,112662.0
2026-06-15,2026-06-15 11:00:00,20.765,20.89,20.745,20.87,43260.0
2026-06-15,2026-06-15 11:05:00,20.8648,20.88,20.81,20.82,32427.0
2026-06-15,2026-06-15 11:10:00,20.8,20.81,20.62,20.715,62984.0
2026-06-15,2026-06-15 11:15:00,20.715,20.735,20.6,20.6,33249.0
2026-06-15,2026-06-15 11:20:00,20.57,20.72,20.55,20.63,66018.0
2026-06-15,2026-06-15 11:25:00,20.63,20.64,20.59,20.62,41986.0
2026-06-15,2026-06-15 11:30:00,20.615,20.6897,20.615,20.655,33225.0
2026-06-15,2026-06-15 11:35:00,20.65,20.665,20.565,20.6,29191.0
2026-06-15,2026-06-15 11:40:00,20.6,20.68,20.55,20.61,131557.0
2026-06-15,2026-06-15 11:45:00,20.615,20.69,20.615,20.65,34249.0
2026-06-15,2026-06-15 11:50:00,20.64,20.655,20.6,20.6001,43142.0
2026-06-15,2026-06-15 11:55:00,20.605,20.71,20.6,20.71,73130.0
2026-06-15,2026-06-15 12:00:00,20.705,20.85,20.65,20.65,104320.0
2026-06-15,2026-06-15 12:05:00,20.64,20.645,20.56,20.61,37831.0
2026-06-15,2026-06-15 12:10:00,20.61,20.615,20.52,20.58,35152.0
2026-06-15,2026-06-15 12:15:00,20.58,20.625,20.575,20.62,26488.0
2026-06-15,2026-06-15 12:20:00,20.61,20.61,20.52,20.555,48572.0
2026-06-15,2026-06-15 12:25:00,20.555,20.645,20.555,20.615,53308.0
2026-06-15,2026-06-15 12:30:00,20.615,20.71,20.615,20.7,54176.0
2026-06-15,2026-06-15 12:35:00,20.7,20.73,20.675,20.6765,61867.0
2026-06-15,2026-06-15 12:40:00,20.675,20.675,20.615,20.62,37154.0
2026-06-15,2026-06-15 12:45:00,20.61,20.61,20.5451,20.56,20702.0
2026-06-15,2026-06-15 12:50:00,20.555,20.56,20.515,20.515,20154.0
2026-06-15,2026-06-15 12:55:00,20.51,20.51,20.42,20.445,63722.0
2026-06-15,2026-06-15 13:00:00,20.441,20.441,20.37,20.385,39601.0
2026-06-15,2026-06-15 13:05:00,20.385,20.4,20.29,20.4,37265.0
2026-06-15,2026-06-15 13:10:00,20.405,20.45,20.39,20.4,43697.0
2026-06-15,2026-06-15 13:15:00,20.4,20.41,20.26,20.33,135462.0
2026-06-15,2026-06-15 13:20:00,20.33,20.365,20.305,20.34,25005.0
2026-06-15,2026-06-15 13:25:00,20.34,20.385,20.31,20.38,32366.0
2026-06-15,2026-06-15 13:30:00,20.38,20.38,20.355,20.365,17274.0
2026-06-15,2026-06-15 13:35:00,20.36,20.395,20.34,20.395,33752.0
2026-06-15,2026-06-15 13:40:00,20.3999,20.4199,20.365,20.375,25087.0
2026-06-15,2026-06-15 13:45:00,20.375,20.415,20.375,20.405,23270.0
2026-06-15,2026-06-15 13:50:00,20.405,20.45,20.36,20.4,46212.0
2026-06-15,2026-06-15 13:55:00,20.39,20.435,20.37,20.37,29997.0
2026-06-15,2026-06-15 14:00:00,20.375,20.375,20.32,20.33,46219.0
2026-06-15,2026-06-15 14:05:00,20.33,20.33,20.305,20.31,24522.0
2026-06-15,2026-06-15 14:10:00,20.31,20.32,20.305,20.315,24783.0
2026-06-15,2026-06-15 14:15:00,20.31,20.315,20.2901,20.305,30554.0
2026-06-15,2026-06-15 14:20:00,20.3,20.315,20.26005,20.305,35680.0
2026-06-15,2026-06-15 14:25:00,20.305,20.3099,20.26,20.27,25070.0
2026-06-15,2026-06-15 14:30:00,20.27,20.31,20.265,20.305,19858.0
2026-06-15,2026-06-15 14:35:00,20.305,20.305,20.22,20.235,26792.0
2026-06-15,2026-06-15 14:40:00,20.24,20.29,20.24,20.28,23824.0
2026-06-15,2026-06-15 14:45:00,20.28,20.285,20.265,20.27,18681.0
2026-06-15,2026-06-15 14:50:00,20.27,20.275,20.24,20.275,50953.0
2026-06-15,2026-06-15 14:55:00,20.275,20.295,20.235,20.295,39410.0
2026-06-15,2026-06-15 15:00:00,20.29,20.305,20.265,20.28,44589.0
2026-06-15,2026-06-15 15:05:00,20.27,20.275,20.24,20.27,44881.0
2026-06-15,2026-06-15 15:10:00,20.26,20.29,20.24,20.255,63884.0
2026-06-15,2026-06-15 15:15:00,20.255,20.305,20.255,20.28,46095.0
2026-06-15,2026-06-15 15:20:00,20.28,20.2999,20.24,20.25,42634.0
2026-06-15,2026-06-15 15:25:00,20.24,20.28,20.24,20.275,25193.0
2026-06-15,2026-06-15 15:30:00,20.28,20.335,20.28,20.33,44094.0
2026-06-15,2026-06-15 15:35:00,20.325,20.375,20.225,20.225,89273.0
2026-06-15,2026-06-15 15:40:00,20.22,20.225,20.135,20.14,58943.0
2026-06-15,2026-06-15 15:45:00,20.145,20.15,20.105,20.13,53892.0
2026-06-15,2026-06-15 15:50:00,20.14,20.21,20.125,20.195,70052.0
2026-06-15,2026-06-15 15:55:00,20.2,20.35,20.198,20.345,139378.0
2026-06-15,2026-06-15 16:00:00,20.31,20.345,20.085,20.1,1126026.0
2026-06-16,2026-06-16 09:35:00,19.84,19.84,19.02,19.53,307690.0
2026-06-16,2026-06-16 09:40:00,19.4551,19.66,19.03,19.135,96475.0
2026-06-16,2026-06-16 09:45:00,19.125,19.21,18.87,19.07,219362.0
2026-06-16,2026-06-16 09:50:00,19.05,19.35,19.05,19.28,111021.0
2026-06-16,2026-06-16 09:55:00,19.28,19.39,19.14,19.335,73077.0
2026-06-16,2026-06-16 10:00:00,19.36,19.42,19.23,19.28,165664.0
2026-06-16,2026-06-16 10:05:00,19.28,19.29,19.09,19.125,126218.0
2026-06-16,2026-06-16 10:10:00,19.125,19.18,19.02,19.09,51016.0
2026-06-16,2026-06-16 10:15:00,19.09,19.1,18.95,18.97,36688.0
2026-06-16,2026-06-16 10:20:00,18.96,18.98,18.89,18.92,72605.0
2026-06-16,2026-06-16 10:25:00,18.9155,18.97,18.88,18.95,47904.0
2026-06-16,2026-06-16 10:30:00,18.96,19.08,18.96,19.045,56901.0
2026-06-16,2026-06-16 10:35:00,19.04,19.06,18.97,18.982,83679.0
2026-06-16,2026-06-16 10:40:00,18.98,19.075,18.98,19.06,44709.0
2026-06-16,2026-06-16 10:45:00,19.055,19.11,19.04,19.06,34300.0
2026-06-16,2026-06-16 10:50:00,19.05,19.1,19.02,19.08,33197.0
2026-06-16,2026-06-16 10:55:00,19.1,19.12,19.06,19.1,31196.0
2026-06-16,2026-06-16 11:00:00,19.1,19.17,19.09,19.11,39932.0
2026-06-16,2026-06-16 11:05:00,19.105,19.13,19.065,19.07,26100.0
2026-06-16,2026-06-16 11:10:00,19.075,19.11,19.0,19.0,51757.0
2026-06-16,2026-06-16 11:15:00,19.0,19.07,19.0,19.035,38702.0
2026-06-16,2026-06-16 11:20:00,19.035,19.045,18.98,18.994,52811.0
2026-06-16,2026-06-16 11:25:00,19.0,19.08,18.98,19.08,54329.0
2026-06-16,2026-06-16 11:30:00,19.07,19.07,19.01,19.05,35675.0
2026-06-16,2026-06-16 11:35:00,19.0418,19.07,19.005,19.06,29956.0
2026-06-16,2026-06-16 11:40:00,19.06,19.075,19.01,19.02,20985.0
2026-06-16,2026-06-16 11:45:00,19.03,19.035,18.94,18.985,63126.0
2026-06-16,2026-06-16 11:50:00,18.985,19.02,18.91,18.96,73297.0
2026-06-16,2026-06-16 11:55:00,18.97,18.9938,18.95,18.99,23427.0
2026-06-16,2026-06-16 12:00:00,19.0,19.015,18.975,18.975,32473.0
2026-06-16,2026-06-16 12:05:00,18.97,19.045,18.96,19.02,25177.0
2026-06-16,2026-06-16 12:10:00,19.02,19.05,18.99,19.015,42629.0
2026-06-16,2026-06-16 12:15:00,19.01,19.08,18.985,19.025,40473.0
2026-06-16,2026-06-16 12:20:00,19.025,19.075,19.01,19.065,28322.0
2026-06-16,2026-06-16 12:25:00,19.06,19.135,19.05,19.115,33000.0
2026-06-16,2026-06-16 12:30:00,19.115,19.13,19.105,19.105,28203.0
2026-06-16,2026-06-16 12:35:00,19.105,19.125,19.05,19.055,23236.0
2026-06-16,2026-06-16 12:40:00,19.055,19.115,19.045,19.11,24682.0
2026-06-16,2026-06-16 12:45:00,19.11,19.11,19.055,19.075,19643.0
2026-06-16,2026-06-16 12:50:00,19.075,19.135,19.075,19.135,21231.0
2026-06-16,2026-06-16 12:55:00,19.135,19.18,19.13,19.18,19368.0
2026-06-16,2026-06-16 13:00:00,19.185,19.195,19.165,19.175,14343.0
2026-06-16,2026-06-16 13:05:00,19.175,19.175,19.14,19.155,30702.0
2026-06-16,2026-06-16 13:10:00,19.155,19.165,19.13,19.145,35773.0
2026-06-16,2026-06-16 13:15:00,19.13,19.17,19.13,19.135,25530.0
2026-06-16,2026-06-16 13:20:00,19.1399,19.145,19.12,19.135,26449.0
2026-06-16,2026-06-16 13:25:00,19.135,19.175,19.125,19.175,19018.0
2026-06-16,2026-06-16 13:30:00,19.1799,19.185,19.14,19.15,21416.0
2026-06-16,2026-06-16 13:35:00,19.15,19.17,19.11,19.135,27158.0
2026-06-16,2026-06-16 13:40:00,19.135,19.135,19.055,19.06,23056.0
2026-06-16,2026-06-16 13:45:00,19.06,19.14,19.06,19.12,27425.0
2026-06-16,2026-06-16 13:50:00,19.115,19.12,19.06,19.12,22951.0
2026-06-16,2026-06-16 13:55:00,19.115,19.125,19.06,19.1001,32515.0
2026-06-16,2026-06-16 14:00:00,19.105,19.185,19.105,19.135,49534.0
2026-06-16,2026-06-16 14:05:00,19.12,19.12,19.04,19.12,44518.0
2026-06-16,2026-06-16 14:10:00,19.11,19.11,19.08,19.08,18510.0
2026-06-16,2026-06-16 14:15:00,19.085,19.15,19.085,19.13,25698.0
2026-06-16,2026-06-16 14:20:00,19.13,19.14,19.105,19.125,17212.0
2026-06-16,2026-06-16 14:25:00,19.125,19.14,19.115,19.128,16376.0
2026-06-16,2026-06-16 14:30:00,19.13,19.16,19.12,19.16,21151.0
2026-06-16,2026-06-16 14:35:00,19.16,19.2,19.13,19.18,31790.0
2026-06-16,2026-06-16 14:40:00,19.185,19.34,19.185,19.34,51798.0
2026-06-16,2026-06-16 14:45:00,19.34,19.35,19.29,19.32,16615.0
2026-06-16,2026-06-16 14:50:00,19.32,19.365,19.31,19.33,22783.0
2026-06-16,2026-06-16 14:55:00,19.33,19.39,19.31,19.38,21388.0
2026-06-16,2026-06-16 15:00:00,19.385,19.39,19.29,19.3,33560.0
2026-06-16,2026-06-16 15:05:00,19.3,19.33,19.245,19.245,41691.0
2026-06-16,2026-06-16 15:10:00,19.25,19.315,19.22,19.29,32342.0
2026-06-16,2026-06-16 15:15:00,19.29,19.29,19.24,19.27,31382.0
2026-06-16,2026-06-16 15:20:00,19.26,19.26,19.22,19.22,37008.0
2026-06-16,2026-06-16 15:25:00,19.22,19.275,19.19,19.265,51974.0
2026-06-16,2026-06-16 15:30:00,19.255,19.275,19.18,19.18,48210.0
2026-06-16,2026-06-16 15:35:00,19.19,19.29,19.16,19.26,69934.0
2026-06-16,2026-06-16 15:40:00,19.265,19.28,19.145,19.165,37586.0
2026-06-16,2026-06-16 15:45:00,19.165,19.22,19.16,19.215,54322.0
2026-06-16,2026-06-16 15:50:00,19.21,19.23,19.15,19.17,66908.0
2026-06-16,2026-06-16 15:55:00,19.18,19.23,19.03,19.2,146447.0
2026-06-16,2026-06-16 16:00:00,19.2,19.2,18.97,19.03,2003340.0
2026-06-17,2026-06-17 09:35:00,18.55,18.94,18.35,18.85,348647.0
2026-06-17,2026-06-17 09:40:00,18.79,18.86,18.55,18.79,42372.0
2026-06-17,2026-06-17 09:45:00,18.79,19.1059,18.79,19.0,49737.0
2026-06-17,2026-06-17 09:50:00,19.04,19.365,19.02,19.33,69095.0
2026-06-17,2026-06-17 09:55:00,19.36,19.55,19.36,19.5248,82948.0
2026-06-17,2026-06-17 10:00:00,19.53,19.775,19.53,19.75,83706.0
2026-06-17,2026-06-17 10:05:00,19.735,19.735,19.59,19.635,97929.0
2026-06-17,2026-06-17 10:10:00,19.66,19.85,19.63,19.745,123139.0
2026-06-17,2026-06-17 10:15:00,19.745,19.79,19.7,19.75,65089.0
2026-06-17,2026-06-17 10:20:00,19.76,19.89,19.75,19.82,55778.0
2026-06-17,2026-06-17 10:25:00,19.825,20.185,19.825,20.17,184358.0
2026-06-17,2026-06-17 10:30:00,20.17,20.75,20.125,20.705,255853.0
2026-06-17,2026-06-17 10:35:00,20.7,20.92,20.52,20.58,150195.0
2026-06-17,2026-06-17 10:40:00,20.58,21.0,20.5,20.58,372941.0
2026-06-17,2026-06-17 10:45:00,20.56,20.56,20.42,20.43,91712.0
2026-06-17,2026-06-17 10:50:00,20.43,20.79,20.385,20.75,250937.0
2026-06-17,2026-06-17 10:55:00,20.79,20.88,20.55,20.8,267089.0
2026-06-17,2026-06-17 11:00:00,20.815,20.86,20.725,20.78,68266.0
2026-06-17,2026-06-17 11:05:00,20.78,20.94,20.74,20.8199,79484.0
2026-06-17,2026-06-17 11:10:00,20.82,20.93,20.78,20.89,59875.0
2026-06-17,2026-06-17 11:15:00,20.87,21.13,20.82,21.04,249642.0
2026-06-17,2026-06-17 11:20:00,21.03,21.03,20.75,20.75,51000.0
2026-06-17,2026-06-17 11:25:00,20.78,20.82,20.705,20.79,53491.0
2026-06-17,2026-06-17 11:30:00,20.81,20.81,20.685,20.69,35118.0
2026-06-17,2026-06-17 11:35:00,20.71,20.87,20.71,20.87,26124.0
2026-06-17,2026-06-17 11:40:00,20.87,20.9899,20.82,20.96,58062.0
2026-06-17,2026-06-17 11:45:00,20.965,20.99,20.86,20.92,34520.0
2026-06-17,2026-06-17 11:50:00,20.92,20.925,20.84,20.91,31381.0
2026-06-17,2026-06-17 11:55:00,20.89,20.98,20.79,20.905,52329.0
2026-06-17,2026-06-17 12:00:00,20.92,20.98,20.89,20.96,90428.0
2026-06-17,2026-06-17 12:05:00,20.96,20.985,20.925,20.925,29019.0
2026-06-17,2026-06-17 12:10:00,20.92,20.95,20.885,20.91,22823.0
2026-06-17,2026-06-17 12:15:00,20.915,20.95,20.9,20.945,29425.0
2026-06-17,2026-06-17 12:20:00,20.93,20.93,20.885,20.885,16267.0
2026-06-17,2026-06-17 12:25:00,20.89,20.99,20.88,20.965,30756.0
2026-06-17,2026-06-17 12:30:00,20.9645,21.155,20.95,21.15,72756.0
2026-06-17,2026-06-17 12:35:00,21.1499,21.2,21.06,21.18,60569.0
2026-06-17,2026-06-17 12:40:00,21.19,21.25,21.18,21.205,23397.0
2026-06-17,2026-06-17 12:45:00,21.22,21.38,21.19,21.29,139958.0
2026-06-17,2026-06-17 12:50:00,21.29,21.305,21.18,21.21,46790.0
2026-06-17,2026-06-17 12:55:00,21.19,21.24,21.19,21.23,40884.0
2026-06-17,2026-06-17 13:00:00,21.22,21.295,21.21,21.295,26193.0
2026-06-17,2026-06-17 13:05:00,21.297,21.297,21.09,21.092,48867.0
2026-06-17,2026-06-17 13:10:00,21.1,21.195,21.06,21.19,47361.0
2026-06-17,2026-06-17 13:15:00,21.19,21.29,21.18,21.28,87573.0
2026-06-17,2026-06-17 13:20:00,21.285,21.3451,21.22,21.255,65740.0
2026-06-17,2026-06-17 13:25:00,21.25,21.34,21.24,21.315,42498.0
2026-06-17,2026-06-17 13:30:00,21.315,21.36,21.295,21.32,53684.0
2026-06-17,2026-06-17 13:35:00,21.32,21.405,21.295,21.4,94969.0
2026-06-17,2026-06-17 13:40:00,21.4,21.4,21.3,21.335,45713.0
2026-06-17,2026-06-17 13:45:00,21.31,21.365,21.31,21.31,34049.0
2026-06-17,2026-06-17 13:50:00,21.33,21.37,21.33,21.365,22561.0
2026-06-17,2026-06-17 13:55:00,21.365,21.4,21.35,21.38,34036.0
2026-06-17,2026-06-17 14:00:00,21.37,21.37,21.3303,21.365,22728.0
2026-06-17,2026-06-17 14:05:00,21.37,21.37,21.05,21.07,65748.0
2026-06-17,2026-06-17 14:10:00,21.07,21.23,20.99,21.2,46384.0
2026-06-17,2026-06-17 14:15:00,21.195,21.23,21.1,21.17,37956.0
2026-06-17,2026-06-17 14:20:00,21.18,21.27,21.18,21.23,37928.0
2026-06-17,2026-06-17 14:25:00,21.23,21.23,21.15,21.195,32448.0
2026-06-17,2026-06-17 14:30:00,21.19,21.19,21.14,21.16,29213.0
2026-06-17,2026-06-17 14:35:00,21.15,21.305,21.13,21.2,62884.0
2026-06-17,2026-06-17 14:40:00,21.2,21.2997,21.19,21.23,47115.0
2026-06-17,2026-06-17 14:45:00,21.23,21.36,21.19,21.355,38551.0
2026-06-17,2026-06-17 14:50:00,21.36,21.36,21.24,21.29,49780.0
2026-06-17,2026-06-17 14:55:00,21.29,21.41,21.26,21.355,74734.0
2026-06-17,2026-06-17 15:00:00,21.34,21.35,21.21,21.31,48919.0
2026-06-17,2026-06-17 15:05:00,21.32,21.385,21.29,21.31,58430.0
2026-06-17,2026-06-17 15:10:00,21.31,21.33,21.155,21.17,62921.0
2026-06-17,2026-06-17 15:15:00,21.17,21.235,21.12,21.23,62452.0
2026-06-17,2026-06-17 15:20:00,21.23,21.25,21.13,21.14,84280.0
2026-06-17,2026-06-17 15:25:00,21.16,21.26,21.07,21.0986,165621.0
2026-06-17,2026-06-17 15:30:00,21.09,21.16,20.9,20.91,124503.0
2026-06-17,2026-06-17 15:35:00,20.9,20.98,20.9,20.965,153713.0
2026-06-17,2026-06-17 15:40:00,20.965,21.04,20.8601,20.885,76742.0
2026-06-17,2026-06-17 15:45:00,20.885,20.985,20.885,20.96,93965.0
2026-06-17,2026-06-17 15:50:00,20.98,21.09,20.87,20.925,135228.0
2026-06-17,2026-06-17 15:55:00,20.93,21.1,20.89,21.0301,290342.0
2026-06-17,2026-06-17 16:00:00,21.035,21.04,20.875,20.99,1552185.0
2026-06-18,2026-06-18 09:35:00,21.35,21.67,20.8,21.53,202331.0
2026-06-18,2026-06-18 09:40:00,21.53,21.53,21.06,21.365,51495.0
2026-06-18,2026-06-18 09:45:00,21.365,21.52,21.19,21.505,33828.0
2026-06-18,2026-06-18 09:50:00,21.53,21.79,21.515,21.62,92943.0
2026-06-18,2026-06-18 09:55:00,21.64,22.0,21.64,21.68,125916.0
2026-06-18,2026-06-18 10:00:00,21.69,21.7,21.46,21.59,29296.0
2026-06-18,2026-06-18 10:05:00,21.5996,21.7099,21.54,21.565,37616.0
2026-06-18,2026-06-18 10:10:00,21.565,21.565,21.34,21.385,44929.0
2026-06-18,2026-06-18 10:15:00,21.355,21.355,21.15,21.25,42104.0
2026-06-18,2026-06-18 10:20:00,21.25,21.36,21.22,21.35,37424.0
2026-06-18,2026-06-18 10:25:00,21.35,21.41,21.28,21.305,77377.0
2026-06-18,2026-06-18 10:30:00,21.31,21.45,21.24,21.45,46166.0
2026-06-18,2026-06-18 10:35:00,21.45,21.47,21.41,21.47,19035.0
2026-06-18,2026-06-18 10:40:00,21.45,21.7,21.45,21.7,39852.0
2026-06-18,2026-06-18 10:45:00,21.66,21.7,21.63,21.6775,31500.0
2026-06-18,2026-06-18 10:50:00,21.676958,21.95,21.67,21.92,141128.0
2026-06-18,2026-06-18 10:55:00,21.92,21.97,21.89,21.95,32152.0
2026-06-18,2026-06-18 11:00:00,21.97,22.04,21.95,21.95,81787.0
2026-06-18,2026-06-18 11:05:00,21.95,21.97,21.9,21.9,21514.0
2026-06-18,2026-06-18 11:10:00,21.91,21.91,21.76,21.82,78478.0
2026-06-18,2026-06-18 11:15:00,21.83,21.9,21.825,21.865,19733.0
2026-06-18,2026-06-18 11:20:00,21.8401,21.97,21.84,21.95,24069.0
2026-06-18,2026-06-18 11:25:00,21.93,21.9491,21.77,21.85,37047.0
2026-06-18,2026-06-18 11:30:00,21.82,21.85,21.8,21.84,20961.0
2026-06-18,2026-06-18 11:35:00,21.86,21.94,21.86,21.895,42891.0
2026-06-18,2026-06-18 11:40:00,21.92,21.93,21.74,21.785,24978.0
2026-06-18,2026-06-18 11:45:00,21.785,21.79,21.6805,21.695,37331.0
2026-06-18,2026-06-18 11:50:00,21.695,21.73,21.65,21.66,17505.0
2026-06-18,2026-06-18 11:55:00,21.655,21.755,21.655,21.67,19540.0
2026-06-18,2026-06-18 12:00:00,21.69,21.695,21.584,21.6,51422.0
2026-06-18,2026-06-18 12:05:00,21.62,21.64,21.61,21.625,21212.0
2026-06-18,2026-06-18 12:10:00,21.615,21.66,21.6,21.65,20131.0
2026-06-18,2026-06-18 12:15:00,21.66,21.66,21.61,21.61,17065.0
2026-06-18,2026-06-18 12:20:00,21.61,21.67,21.61,21.67,12614.0
2026-06-18,2026-06-18 12:25:00,21.67,21.725,21.67,21.715,14271.0
2026-06-18,2026-06-18 12:30:00,21.715,21.75,21.705,21.705,20901.0
2026-06-18,2026-06-18 12:35:00,21.705,21.705,21.65,21.67,18713.0
2026-06-18,2026-06-18 12:40:00,21.64,21.68,21.63,21.67,18619.0
2026-06-18,2026-06-18 12:45:00,21.66,21.67,21.605,21.63,12268.0
2026-06-18,2026-06-18 12:50:00,21.64,21.8,21.64,21.795,82861.0
2026-06-18,2026-06-18 12:55:00,21.8,21.848,21.79,21.815,18587.0
2026-06-18,2026-06-18 13:00:00,21.82,21.84,21.81,21.83,15740.0
2026-06-18,2026-06-18 13:05:00,21.82,21.83,21.78,21.81,27746.0
2026-06-18,2026-06-18 13:10:00,21.82,21.97,21.82,21.88,45985.0
2026-06-18,2026-06-18 13:15:00,21.88,21.89,21.83,21.89,12933.0
2026-06-18,2026-06-18 13:20:00,21.88,21.955,21.85,21.94,21005.0
2026-06-18,2026-06-18 13:25:00,21.94,21.95,21.9,21.9,13829.0
2026-06-18,2026-06-18 13:30:00,21.895,21.93,21.84,21.85,19846.0
2026-06-18,2026-06-18 13:35:00,21.85,21.87,21.78,21.78,22943.0
2026-06-18,2026-06-18 13:40:00,21.7875,21.87,21.74,21.87,53375.0
2026-06-18,2026-06-18 13:45:00,21.87,21.9,21.85,21.9,18560.0
2026-06-18,2026-06-18 13:50:00,21.9,21.935,21.825,21.91,28863.0
2026-06-18,2026-06-18 13:55:00,21.91,21.92,21.88,21.9,25276.0
2026-06-18,2026-06-18 14:00:00,21.88,21.925,21.88,21.895,16131.0
2026-06-18,2026-06-18 14:05:00,21.9,21.93,21.81,21.93,52971.0
2026-06-18,2026-06-18 14:10:00,21.9,21.98,21.89,21.97,37084.0
2026-06-18,2026-06-18 14:15:00,21.97,21.98,21.92,21.94,25547.0
2026-06-18,2026-06-18 14:20:00,21.94,21.96,21.92,21.92,21308.0
2026-06-18,2026-06-18 14:25:00,21.92,21.955,21.92,21.93,28717.0
2026-06-18,2026-06-18 14:30:00,21.93,21.99,21.93,21.98,20264.0
2026-06-18,2026-06-18 14:35:00,21.97,21.99,21.95,21.9598,24640.0
2026-06-18,2026-06-18 14:40:00,21.95,21.975,21.91,21.975,50763.0
2026-06-18,2026-06-18 14:45:00,21.975,21.99,21.955,21.975,22137.0
2026-06-18,2026-06-18 14:50:00,21.975,22.03,21.975,22.02,56904.0
2026-06-18,2026-06-18 14:55:00,22.02,22.05,21.98,22.04,54967.0
2026-06-18,2026-06-18 15:00:00,22.03,22.05,22.005,22.04,40849.0
2026-06-18,2026-06-18 15:05:00,22.0401,22.06,22.004,22.05,93286.0
2026-06-18,2026-06-18 15:10:00,22.045,22.08,22.005,22.005,107092.0
2026-06-18,2026-06-18 15:15:00,22.005,22.005,21.835,21.88,65008.0
2026-06-18,2026-06-18 15:20:00,21.865,21.93,21.82,21.88,31930.0
2026-06-18,2026-06-18 15:25:00,21.86,21.86,21.74,21.76,32030.0
2026-06-18,2026-06-18 15:30:00,21.72,21.785,21.7,21.7,26764.0
2026-06-18,2026-06-18 15:35:00,21.695,21.695,21.6,21.64,71716.0
2026-06-18,2026-06-18 15:40:00,21.64,21.705,21.62,21.66,39790.0
2026-06-18,2026-06-18 15:45:00,21.67,21.675,21.59,21.64,58642.0
2026-06-18,2026-06-18 15:50:00,21.63,21.755,21.605,21.68,84817.0
2026-06-18,2026-06-18 15:55:00,21.69,22.03,21.69,21.98,191562.0
2026-06-18,2026-06-18 16:00:00,21.99,22.1,21.88,21.91,2601777.0
2026-06-22,2026-06-22 09:35:00,21.04,22.06,21.04,21.585,495712.0
2026-06-22,2026-06-22 09:40:00,21.56,21.63,21.28,21.48,38581.0
2026-06-22,2026-06-22 09:45:00,21.5,21.625,21.41,21.54,46397.0
2026-06-22,2026-06-22 09:50:00,21.55,21.7,21.475,21.69,57977.0
2026-06-22,2026-06-22 09:55:00,21.69,21.81,21.67,21.725,54154.0
2026-06-22,2026-06-22 10:00:00,21.72,21.89,21.6,21.85,57868.0
2026-06-22,2026-06-22 10:05:00,21.86,21.96,21.815,21.88,19740.0
2026-06-22,2026-06-22 10:10:00,21.885,22.03,21.83,21.91,33214.0
2026-06-22,2026-06-22 10:15:00,21.91,21.93,21.84,21.865,18007.0
2026-06-22,2026-06-22 10:20:00,21.83,21.845,21.72,21.805,13748.0
2026-06-22,2026-06-22 10:25:00,21.82,21.87,21.81,21.81,14539.0
2026-06-22,2026-06-22 10:30:00,21.79,21.845,21.61,21.845,31697.0
2026-06-22,2026-06-22 10:35:00,21.855,22.0,21.85,21.97,41405.0
2026-06-22,2026-06-22 10:40:00,21.975,22.05,21.965,22.04,56020.0
2026-06-22,2026-06-22 10:45:00,22.05,22.17,22.015,22.015,49507.0
2026-06-22,2026-06-22 10:50:00,22.0,22.1,22.0,22.045,25776.0
2026-06-22,2026-06-22 10:55:00,22.04,22.08,21.91,21.91,20923.0
2026-06-22,2026-06-22 11:00:00,21.91,21.99,21.88,21.985,21690.0
2026-06-22,2026-06-22 11:05:00,21.985,22.04,21.97,21.99,52763.0
2026-06-22,2026-06-22 11:10:00,21.985,22.03,21.94,21.945,29037.0
2026-06-22,2026-06-22 11:15:00,21.945,22.04,21.94,21.9405,27248.0
2026-06-22,2026-06-22 11:20:00,21.95,22.05,21.95,22.03,19703.0
2026-06-22,2026-06-22 11:25:00,22.025,22.13,22.01,22.12,27982.0
2026-06-22,2026-06-22 11:30:00,22.12,22.18,22.11,22.14,16193.0
2026-06-22,2026-06-22 11:35:00,22.14,22.15,22.1,22.11,19551.0
2026-06-22,2026-06-22 11:40:00,22.1,22.17,22.1,22.14,17280.0
2026-06-22,2026-06-22 11:45:00,22.15,22.18,22.08,22.115,29912.0
2026-06-22,2026-06-22 11:50:00,22.11,22.13,22.045,22.06,12417.0
2026-06-22,2026-06-22 11:55:00,22.045,22.08,22.045,22.075,17955.0
2026-06-22,2026-06-22 12:00:00,22.075,22.105,22.02,22.09,30559.0
2026-06-22,2026-06-22 12:05:00,22.09,22.09,21.99,21.99,17152.0
2026-06-22,2026-06-22 12:10:00,21.99,21.995,21.91,21.97,15293.0
2026-06-22,2026-06-22 12:15:00,21.98,21.99,21.929,21.95,15184.0
2026-06-22,2026-06-22 12:20:00,21.955,21.955,21.905,21.93,12817.0
2026-06-22,2026-06-22 12:25:00,21.93,21.94,21.82,21.83,14856.0
2026-06-22,2026-06-22 12:30:00,21.815,21.85,21.79,21.84,16141.0
2026-06-22,2026-06-22 12:35:00,21.83,21.88,21.775,21.87,24246.0
2026-06-22,2026-06-22 12:40:00,21.88,21.88,21.85,21.87,13398.0
2026-06-22,2026-06-22 12:45:00,21.87,21.89,21.8401,21.87,14009.0
2026-06-22,2026-06-22 12:50:00,21.87,21.97,21.86,21.94,29182.0
2026-06-22,2026-06-22 12:55:00,21.95,21.99,21.94,21.95,19529.0
2026-06-22,2026-06-22 13:00:00,21.94,21.95,21.88,21.935,24026.0
2026-06-22,2026-06-22 13:05:00,21.94,22.01,21.9,21.95,46154.0
2026-06-22,2026-06-22 13:10:00,21.944,21.9599,21.91,21.93,15829.0
2026-06-22,2026-06-22 13:15:00,21.925,21.96,21.92,21.92,14867.0
2026-06-22,2026-06-22 13:20:00,21.92,21.955,21.87,21.905,27567.0
2026-06-22,2026-06-22 13:25:00,21.915,21.932,21.89,21.91,12519.0
2026-06-22,2026-06-22 13:30:00,21.91,21.92,21.8864,21.91,8322.0
2026-06-22,2026-06-22 13:35:00,21.915,21.94,21.89,21.94,23003.0
2026-06-22,2026-06-22 13:40:00,21.93,21.93,21.755,21.76,78850.0
2026-06-22,2026-06-22 13:45:00,21.7601,21.775,21.61,21.64,55480.0
2026-06-22,2026-06-22 13:50:00,21.6499,21.705,21.6,21.6875,31458.0
2026-06-22,2026-06-22 13:55:00,21.69,21.775,21.69,21.76,16706.0
2026-06-22,2026-06-22 14:00:00,21.76,21.925,21.76,21.89,44842.0
2026-06-22,2026-06-22 14:05:00,21.89,21.92,21.84,21.85,19016.0
2026-06-22,2026-06-22 14:10:00,21.84,21.9,21.82,21.9,47153.0
2026-06-22,2026-06-22 14:15:00,21.905,21.97,21.905,21.97,26327.0
2026-06-22,2026-06-22 14:20:00,21.97,21.98,21.92,21.96,26092.0
2026-06-22,2026-06-22 14:25:00,21.96,21.965,21.915,21.93,18869.0
2026-06-22,2026-06-22 14:30:00,21.93,21.96,21.93,21.94,18708.0
2026-06-22,2026-06-22 14:35:00,21.94,21.97,21.93,21.94,21782.0
2026-06-22,2026-06-22 14:40:00,21.945,21.945,21.885,21.9,22858.0
2026-06-22,2026-06-22 14:45:00,21.9,22.02,21.9,21.98,75956.0
2026-06-22,2026-06-22 14:50:00,21.96,21.96,21.9,21.91,21871.0
2026-06-22,2026-06-22 14:55:00,21.905,21.905,21.85,21.88,29236.0
2026-06-22,2026-06-22 15:00:00,21.875,21.88,21.835,21.87,25374.0
2026-06-22,2026-06-22 15:05:00,21.87,21.92,21.85,21.91,29356.0
2026-06-22,2026-06-22 15:10:00,21.91,21.92,21.81,21.86,67597.0
2026-06-22,2026-06-22 15:15:00,21.85,21.865,21.805,21.85,38020.0
2026-06-22,2026-06-22 15:20:00,21.86,21.87,21.81,21.82,25974.0
2026-06-22,2026-06-22 15:25:00,21.82,21.82,21.76,21.775,34368.0
2026-06-22,2026-06-22 15:30:00,21.77,21.815,21.75,21.79,49945.0
2026-06-22,2026-06-22 15:35:00,21.8,21.95,21.78,21.78,102255.0
2026-06-22,2026-06-22 15:40:00,21.795,21.795,21.74,21.78,22217.0
2026-06-22,2026-06-22 15:45:00,21.78,21.79,21.69,21.74,53953.0
2026-06-22,2026-06-22 15:50:00,21.75,21.895,21.685,21.89,119560.0
2026-06-22,2026-06-22 15:55:00,21.89,21.95,21.89,21.925,84401.0
2026-06-22,2026-06-22 16:00:00,21.925,21.925,21.61,21.66,1307354.0
2026-06-23,2026-06-23 09:35:00,21.34,21.61,21.0,21.5021,59960.0
2026-06-23,2026-06-23 09:40:00,21.44,21.68,21.2501,21.515,10444.0
2026-06-23,2026-06-23 09:45:00,21.55,21.67,21.3354,21.54,13917.0
2026-06-23,2026-06-23 09:50:00,21.53,21.6,21.39,21.53,20771.0
2026-06-23,2026-06-23 09:55:00,21.515,21.565,21.4,21.45,30035.0
2026-06-23,2026-06-23 10:00:00,21.51,21.81,21.48,21.81,27515.0
2026-06-23,2026-06-23 10:05:00,21.7,21.75,21.545,21.545,44502.0
2026-06-23,2026-06-23 10:10:00,21.5253,21.56,21.375,21.38,23821.0
2026-06-23,2026-06-23 10:15:00,21.37,21.38,21.27,21.29,23482.0
2026-06-23,2026-06-23 10:20:00,21.28,21.39,21.24,21.36,29675.0
2026-06-23,2026-06-23 10:25:00,21.365,21.565,21.36,21.55,41180.0
2026-06-23,2026-06-23 10:30:00,21.52,21.525,21.4,21.46,25098.0
2026-06-23,2026-06-23 10:35:00,21.47,21.56,21.4,21.54,47833.0
2026-06-23,2026-06-23 10:40:00,21.53,21.575,21.51,21.57,14242.0
2026-06-23,2026-06-23 10:45:00,21.575,21.575,21.43,21.43,20610.0
2026-06-23,2026-06-23 10:50:00,21.44,21.485,21.4001,21.42,10197.0
2026-06-23,2026-06-23 10:55:00,21.43,21.48,21.335,21.335,26209.0
2026-06-23,2026-06-23 11:00:00,21.32,21.44,21.302,21.42,31697.0
2026-06-23,2026-06-23 11:05:00,21.42,21.48,21.37,21.37,18234.0
2026-06-23,2026-06-23 11:10:00,21.375,21.41,21.35,21.39,14674.0
2026-06-23,2026-06-23 11:15:00,21.39,21.4599,21.36,21.44,10176.0
2026-06-23,2026-06-23 11:20:00,21.43,21.43,21.345,21.385,16680.0
2026-06-23,2026-06-23 11:25:00,21.38,21.41,21.375,21.39,5456.0
2026-06-23,2026-06-23 11:30:00,21.38,21.405,21.365,21.4,7222.0
2026-06-23,2026-06-23 11:35:00,21.41,21.45,21.295,21.32,51072.0
2026-06-23,2026-06-23 11:40:00,21.309,21.36,21.3,21.36,22581.0
2026-06-23,2026-06-23 11:45:00,21.35,21.35,21.32,21.35,13713.0
2026-06-23,2026-06-23 11:50:00,21.35,21.37,21.33,21.35,16927.0
2026-06-23,2026-06-23 11:55:00,21.34,21.43,21.34,21.395,26583.0
2026-06-23,2026-06-23 12:00:00,21.39,21.4,21.34,21.38,30367.0
2026-06-23,2026-06-23 12:05:00,21.39,21.46,21.39,21.42,39664.0
2026-06-23,2026-06-23 12:10:00,21.429,21.44,21.365,21.4,22223.0
2026-06-23,2026-06-23 12:15:00,21.4,21.41,21.335,21.39,38833.0
2026-06-23,2026-06-23 12:20:00,21.385,21.385,21.31,21.31,10789.0
2026-06-23,2026-06-23 12:25:00,21.31,21.34,21.29,21.32,15467.0
2026-06-23,2026-06-23 12:30:00,21.33,21.35,21.325,21.345,8428.0
2026-06-23,2026-06-23 12:35:00,21.35,21.385,21.32,21.365,20262.0
2026-06-23,2026-06-23 12:40:00,21.36,21.42,21.36,21.416,11992.0
2026-06-23,2026-06-23 12:45:00,21.43,21.47,21.32,21.36,28076.0
2026-06-23,2026-06-23 12:50:00,21.4,21.42,21.39,21.42,17567.0
2026-06-23,2026-06-23 12:55:00,21.42,21.43,21.3901,21.43,6764.0
2026-06-23,2026-06-23 13:00:00,21.44,21.45,21.35,21.3901,51217.0
2026-06-23,2026-06-23 13:05:00,21.43,21.455,21.3901,21.4,14159.0
2026-06-23,2026-06-23 13:10:00,21.405,21.46,21.37,21.39,42531.0
2026-06-23,2026-06-23 13:15:00,21.4,21.52,21.39,21.5,29958.0
2026-06-23,2026-06-23 13:20:00,21.51,21.56,21.5,21.535,16137.0
2026-06-23,2026-06-23 13:25:00,21.53,21.6,21.525,21.56,25332.0
2026-06-23,2026-06-23 13:30:00,21.56,21.56,21.54,21.56,11787.0
2026-06-23,2026-06-23 13:35:00,21.57,21.57,21.55,21.57,7063.0
2026-06-23,2026-06-23 13:40:00,21.57,21.59,21.5305,21.535,13215.0
2026-06-23,2026-06-23 13:45:00,21.54,21.63,21.53,21.58,24644.0
2026-06-23,2026-06-23 13:50:00,21.58,21.601,21.54,21.56,20669.0
2026-06-23,2026-06-23 13:55:00,21.555,21.56,21.49,21.49,8435.0
2026-06-23,2026-06-23 14:00:00,21.48,21.49,21.46,21.47,6832.0
2026-06-23,2026-06-23 14:05:00,21.47,21.515,21.47,21.485,8852.0
2026-06-23,2026-06-23 14:10:00,21.48,21.485,21.43,21.45,7121.0
2026-06-23,2026-06-23 14:15:00,21.44,21.44,21.41,21.42,7452.0
2026-06-23,2026-06-23 14:20:00,21.42,21.425,21.395,21.425,11977.0
2026-06-23,2026-06-23 14:25:00,21.42,21.435,21.4,21.43,19010.0
2026-06-23,2026-06-23 14:30:00,21.43,21.44,21.41,21.42,9407.0
2026-06-23,2026-06-23 14:35:00,21.41,21.415,21.35,21.35,57501.0
2026-06-23,2026-06-23 14:40:00,21.35,21.375,21.35,21.375,16731.0
2026-06-23,2026-06-23 14:45:00,21.375,21.375,21.305,21.315,24324.0
2026-06-23,2026-06-23 14:50:00,21.3198,21.32,21.295,21.3101,18107.0
2026-06-23,2026-06-23 14:55:00,21.315,21.32,21.26,21.27,12982.0
2026-06-23,2026-06-23 15:00:00,21.27,21.27,21.02,21.095,62737.0
2026-06-23,2026-06-23 15:05:00,21.1,21.2,21.0853,21.2,20449.0
2026-06-23,2026-06-23 15:10:00,21.21,21.21,21.17,21.185,13863.0
2026-06-23,2026-06-23 15:15:00,21.19,21.2,20.99,21.095,121050.0
2026-06-23,2026-06-23 15:20:00,21.09,21.125,21.085,21.11,22318.0
2026-06-23,2026-06-23 15:25:00,21.12,21.15,21.1,21.12,38634.0
2026-06-23,2026-06-23 15:30:00,21.12,21.155,21.09,21.12,40274.0
2026-06-23,2026-06-23 15:35:00,21.115,21.13,20.97,21.05,570603.0
2026-06-23,2026-06-23 15:40:00,21.06,21.3,21.0,21.25,335056.0
2026-06-23,2026-06-23 15:45:00,21.24,21.24,21.14,21.17,81238.0
2026-06-23,2026-06-23 15:50:00,21.14,21.18,21.11,21.12,37093.0
2026-06-23,2026-06-23 15:55:00,21.13,21.46,21.13,21.45,155800.0
2026-06-23,2026-06-23 16:00:00,21.45,21.46,21.25,21.28,1215896.0
2026-06-24,2026-06-24 09:35:00,21.49,21.6177,21.3,21.3447,40643.0
2026-06-24,2026-06-24 09:40:00,21.36,21.838,21.28,21.685,92979.0
2026-06-24,2026-06-24 09:45:00,21.7,21.7,21.49,21.49,31735.0
2026-06-24,2026-06-24 09:50:00,21.49,21.495,21.2,21.355,22894.0
2026-06-24,2026-06-24 09:55:00,21.345,21.505,21.34,21.4899,20943.0
2026-06-24,2026-06-24 10:00:00,21.53,21.68,21.48,21.68,34505.0
2026-06-24,2026-06-24 10:05:00,21.68,21.695,21.535,21.535,38677.0
2026-06-24,2026-06-24 10:10:00,21.51,21.585,21.47,21.505,23141.0
2026-06-24,2026-06-24 10:15:00,21.505,21.53,21.14,21.2,40151.0
2026-06-24,2026-06-24 10:20:00,21.24,21.37,21.24,21.36,23229.0
2026-06-24,2026-06-24 10:25:00,21.34,21.49,21.24,21.475,80878.0
2026-06-24,2026-06-24 10:30:00,21.465,21.53,21.42,21.49,17748.0
2026-06-24,2026-06-24 10:35:00,21.5125,21.835,21.5125,21.82,48506.0
2026-06-24,2026-06-24 10:40:00,21.8199,21.845,21.695,21.72,50150.0
2026-06-24,2026-06-24 10:45:00,21.73,21.95,21.58,21.86,111303.0
2026-06-24,2026-06-24 10:50:00,21.84,22.055,21.835,22.0063,200755.0
2026-06-24,2026-06-24 10:55:00,22.01,22.01,21.945,21.98,36700.0
2026-06-24,2026-06-24 11:00:00,21.98,22.015,21.82,21.995,109858.0
2026-06-24,2026-06-24 11:05:00,22.01,22.0878,21.95,21.99,34120.0
2026-06-24,2026-06-24 11:10:00,22.01,22.03,21.94,21.95,28784.0
2026-06-24,2026-06-24 11:15:00,21.98,22.14,21.98,22.14,23187.0
2026-06-24,2026-06-24 11:20:00,22.15,22.16,22.105,22.13,21250.0
2026-06-24,2026-06-24 11:25:00,22.13,22.31,22.115,22.31,76291.0
2026-06-24,2026-06-24 11:30:00,22.31,22.36,22.21,22.239,54290.0
2026-06-24,2026-06-24 11:35:00,22.23,22.31,22.21,22.26,37309.0
2026-06-24,2026-06-24 11:40:00,22.26,22.29,22.2,22.23,35604.0
2026-06-24,2026-06-24 11:45:00,22.25,22.445,22.1,22.445,175387.0
2026-06-24,2026-06-24 11:50:00,22.45,22.54,22.34,22.41,152943.0
2026-06-24,2026-06-24 11:55:00,22.415,22.465,22.389,22.42,32446.0
2026-06-24,2026-06-24 12:00:00,22.41,22.42,22.38,22.39,29641.0
2026-06-24,2026-06-24 12:05:00,22.4,22.45,22.35,22.41,41246.0
2026-06-24,2026-06-24 12:10:00,22.415,22.485,22.39,22.485,38579.0
2026-06-24,2026-06-24 12:15:00,22.48,22.55,22.465,22.54,33529.0
2026-06-24,2026-06-24 12:20:00,22.55,22.56,22.5,22.535,26067.0
2026-06-24,2026-06-24 12:25:00,22.54,22.63,22.53,22.61,46521.0
2026-06-24,2026-06-24 12:30:00,22.61,22.63,22.57,22.62,30132.0
2026-06-24,2026-06-24 12:35:00,22.625,22.63,22.4803,22.55,30090.0
2026-06-24,2026-06-24 12:40:00,22.5401,22.57,22.52,22.53,51790.0
2026-06-24,2026-06-24 12:45:00,22.525,22.56,22.525,22.545,18307.0
2026-06-24,2026-06-24 12:50:00,22.545,22.57,22.484,22.52,29098.0
2026-06-24,2026-06-24 12:55:00,22.52,22.57,22.515,22.53,19890.0
2026-06-24,2026-06-24 13:00:00,22.515,22.54,22.42,22.49,56261.0
2026-06-24,2026-06-24 13:05:00,22.49,22.54,22.39,22.4,90102.0
2026-06-24,2026-06-24 13:10:00,22.4,22.4,22.226,22.24,46344.0
2026-06-24,2026-06-24 13:15:00,22.24,22.26,22.13,22.2525,74945.0
2026-06-24,2026-06-24 13:20:00,22.24,22.24,22.17,22.185,29742.0
2026-06-24,2026-06-24 13:25:00,22.18,22.25,22.12,22.25,63040.0
2026-06-24,2026-06-24 13:30:00,22.245,22.245,22.1301,22.16,39410.0
2026-06-24,2026-06-24 13:35:00,22.17,22.2,22.115,22.18,31418.0
2026-06-24,2026-06-24 13:40:00,22.18,22.21,22.13,22.19,19318.0
2026-06-24,2026-06-24 13:45:00,22.19,22.195,22.15,22.16,21851.0
2026-06-24,2026-06-24 13:50:00,22.16,22.215,22.11,22.215,24984.0
2026-06-24,2026-06-24 13:55:00,22.21,22.24,22.195,22.215,22713.0
2026-06-24,2026-06-24 14:00:00,22.23,22.25,22.17,22.175,19798.0
2026-06-24,2026-06-24 14:05:00,22.18,22.2,22.085,22.1,32456.0
2026-06-24,2026-06-24 14:10:00,22.095,22.195,22.095,22.17,34208.0
2026-06-24,2026-06-24 14:15:00,22.17,22.195,22.15,22.165,20432.0
2026-06-24,2026-06-24 14:20:00,22.165,22.225,22.15,22.225,38464.0
2026-06-24,2026-06-24 14:25:00,22.225,22.2988,22.225,22.255,23353.0
2026-06-24,2026-06-24 14:30:00,22.27,22.29,22.22,22.27,17818.0
2026-06-24,2026-06-24 14:35:00,22.27,22.27,22.24,22.245,14602.0
2026-06-24,2026-06-24 14:40:00,22.25,22.25,22.2,22.205,21240.0
2026-06-24,2026-06-24 14:45:00,22.2018,22.2018,22.12,22.15,29790.0
2026-06-24,2026-06-24 14:50:00,22.13,22.14,22.04,22.075,33515.0
2026-06-24,2026-06-24 14:55:00,22.075,22.1,21.99,22.095,20713.0
2026-06-24,2026-06-24 15:00:00,22.095,22.14,22.03,22.05,64008.0
2026-06-24,2026-06-24 15:05:00,22.05,22.06,21.99,22.04,34000.0
2026-06-24,2026-06-24 15:10:00,22.04,22.06,21.98,22.015,71914.0
2026-06-24,2026-06-24 15:15:00,22.015,22.015,21.86,21.9,44706.0
2026-06-24,2026-06-24 15:20:00,21.9,21.9,21.82,21.83,42027.0
2026-06-24,2026-06-24 15:25:00,21.84,21.87,21.82,21.865,27068.0
2026-06-24,2026-06-24 15:30:00,21.87,21.905,21.825,21.825,39864.0
2026-06-24,2026-06-24 15:35:00,21.825,21.87,21.7607,21.81,65408.0
2026-06-24,2026-06-24 15:40:00,21.8,21.805,21.74,21.785,55470.0
2026-06-24,2026-06-24 15:45:00,21.79,21.805,21.71,21.735,56436.0
2026-06-24,2026-06-24 15:50:00,21.735,21.755,21.665,21.71,42690.0
2026-06-24,2026-06-24 15:55:00,21.71,21.886,21.705,21.87,81124.0
2026-06-24,2026-06-24 16:00:00,21.865,21.87,21.695,21.78,530546.0
2026-06-25,2026-06-25 09:35:00,21.99,22.12,21.83,21.95,53880.0
2026-06-25,2026-06-25 09:40:00,21.945,21.945,21.75,21.77,28053.0
2026-06-25,2026-06-25 09:45:00,21.765,21.88,21.5401,21.86,13602.0
2026-06-25,2026-06-25 09:50:00,21.83,21.85,21.62,21.77,41019.0
2026-06-25,2026-06-25 09:55:00,21.79,21.86,21.72,21.8,19110.0
2026-06-25,2026-06-25 10:00:00,21.78,21.78,21.695,21.77,13081.0
2026-06-25,2026-06-25 10:05:00,21.78,22.03,21.72,21.91,28947.0
2026-06-25,2026-06-25 10:10:00,21.94,22.3999,21.9,22.36,76771.0
2026-06-25,2026-06-25 10:15:00,22.345,22.485,22.24,22.27,53446.0
2026-06-25,2026-06-25 10:20:00,22.275,22.42,22.25,22.41,17106.0
2026-06-25,2026-06-25 10:25:00,22.405,22.485,22.34,22.445,38766.0
2026-06-25,2026-06-25 10:30:00,22.47,22.65,22.45,22.45,44361.0
2026-06-25,2026-06-25 10:35:00,22.455,22.525,22.27,22.33,58475.0
2026-06-25,2026-06-25 10:40:00,22.335,22.335,22.09,22.11,23718.0
2026-06-25,2026-06-25 10:45:00,22.12,22.12,21.965,22.04,36990.0
2026-06-25,2026-06-25 10:50:00,22.05,22.07,21.91,21.955,23679.0
2026-06-25,2026-06-25 10:55:00,21.96,21.97,21.84,21.95,35030.0
2026-06-25,2026-06-25 11:00:00,21.96,21.98,21.84,21.94,31486.0
2026-06-25,2026-06-25 11:05:00,21.97,21.97,21.79,21.9,35041.0
2026-06-25,2026-06-25 11:10:00,21.9,21.9,21.605,21.605,18321.0
2026-06-25,2026-06-25 11:15:00,21.605,21.61,21.37,21.37,35607.0
2026-06-25,2026-06-25 11:20:00,21.34,21.44,21.27,21.4311,31287.0
2026-06-25,2026-06-25 11:25:00,21.43,21.49,21.39,21.485,24444.0
2026-06-25,2026-06-25 11:30:00,21.5,21.53,21.37,21.46,24723.0
2026-06-25,2026-06-25 11:35:00,21.45,21.52,21.44,21.45,22450.0
2026-06-25,2026-06-25 11:40:00,21.455,21.56,21.455,21.53,23600.0
2026-06-25,2026-06-25 11:45:00,21.54,21.57,21.465,21.53,34108.0
2026-06-25,2026-06-25 11:50:00,21.535,21.6,21.53,21.53,15724.0
2026-06-25,2026-06-25 11:55:00,21.525,21.56,21.44,21.52,29444.0
2026-06-25,2026-06-25 12:00:00,21.53,21.67,21.53,21.6275,22677.0
2026-06-25,2026-06-25 12:05:00,21.61,21.62,21.528,21.55,17515.0
2026-06-25,2026-06-25 12:10:00,21.55,21.58,21.51,21.55,13388.0
2026-06-25,2026-06-25 12:15:00,21.55,21.58,21.47,21.49,48568.0
2026-06-25,2026-06-25 12:20:00,21.489,21.55,21.489,21.49,21216.0
2026-06-25,2026-06-25 12:25:00,21.5,21.5,21.34,21.36,35852.0
2026-06-25,2026-06-25 12:30:00,21.37,21.43,21.37,21.4,14222.0
2026-06-25,2026-06-25 12:35:00,21.375,21.38,21.34,21.38,19860.0
2026-06-25,2026-06-25 12:40:00,21.375,21.39,21.34,21.34,12826.0
2026-06-25,2026-06-25 12:45:00,21.35,21.35,21.305,21.32,15432.0
2026-06-25,2026-06-25 12:50:00,21.31,21.36,21.27,21.34,26548.0
2026-06-25,2026-06-25 12:55:00,21.34,21.38,21.34,21.36,10095.0
2026-06-25,2026-06-25 13:00:00,21.38,21.4,21.35,21.39,26163.0
2026-06-25,2026-06-25 13:05:00,21.4,21.43,21.39,21.41,21396.0
2026-06-25,2026-06-25 13:10:00,21.43,21.43,21.39,21.41,11978.0
2026-06-25,2026-06-25 13:15:00,21.41,21.49,21.41,21.46,36909.0
2026-06-25,2026-06-25 13:20:00,21.45,21.54,21.45,21.49,54512.0
2026-06-25,2026-06-25 13:25:00,21.5,21.51,21.46,21.49,22226.0
2026-06-25,2026-06-25 13:30:00,21.49,21.56,21.49,21.53,17302.0
2026-06-25,2026-06-25 13:35:00,21.52,21.54,21.5,21.51,16246.0
2026-06-25,2026-06-25 13:40:00,21.51,21.52,21.5,21.505,14180.0
2026-06-25,2026-06-25 13:45:00,21.505,21.53,21.44,21.44,30877.0
2026-06-25,2026-06-25 13:50:00,21.44,21.45,21.41,21.41,19212.0
2026-06-25,2026-06-25 13:55:00,21.405,21.45,21.39,21.45,18426.0
2026-06-25,2026-06-25 14:00:00,21.45,21.535,21.44,21.53,27617.0
2026-06-25,2026-06-25 14:05:00,21.525,21.56,21.45,21.49,31390.0
2026-06-25,2026-06-25 14:10:00,21.49,21.605,21.46,21.6,39014.0
2026-06-25,2026-06-25 14:15:00,21.6,21.615,21.55,21.6075,24037.0
2026-06-25,2026-06-25 14:20:00,21.605,21.67,21.6,21.65,28104.0
2026-06-25,2026-06-25 14:25:00,21.66,21.69,21.63,21.68,21656.0
2026-06-25,2026-06-25 14:30:00,21.69,21.75,21.69,21.745,23724.0
2026-06-25,2026-06-25 14:35:00,21.74,21.74,21.64,21.64,25879.0
2026-06-25,2026-06-25 14:40:00,21.63,21.65,21.6,21.64,23514.0
2026-06-25,2026-06-25 14:45:00,21.64,21.65,21.61,21.61,24198.0
2026-06-25,2026-06-25 14:50:00,21.61,21.61,21.54,21.575,24410.0
2026-06-25,2026-06-25 14:55:00,21.575,21.6,21.55,21.58,25291.0
2026-06-25,2026-06-25 15:00:00,21.58,21.6,21.52,21.58,35474.0
2026-06-25,2026-06-25 15:05:00,21.58,21.58,21.54,21.545,25438.0
2026-06-25,2026-06-25 15:10:00,21.545,21.555,21.53,21.55,26403.0
2026-06-25,2026-06-25 15:15:00,21.55,21.56,21.525,21.525,18557.0
2026-06-25,2026-06-25 15:20:00,21.525,21.535,21.48,21.49,46138.0
2026-06-25,2026-06-25 15:25:00,21.5,21.56,21.45,21.56,52441.0
2026-06-25,2026-06-25 15:30:00,21.555,21.58,21.3601,21.38,148339.0
2026-06-25,2026-06-25 15:35:00,21.37,21.425,21.32,21.37,77525.0
2026-06-25,2026-06-25 15:40:00,21.38,21.39,21.31,21.35,83052.0
2026-06-25,2026-06-25 15:45:00,21.35,21.42,21.35,21.37,59560.0
2026-06-25,2026-06-25 15:50:00,21.36,21.45,21.35,21.38,120984.0
2026-06-25,2026-06-25 15:55:00,21.38,21.555,21.38,21.52,138928.0
2026-06-25,2026-06-25 16:00:00,21.515,21.66,21.48,21.59,882667.0
2026-06-26,2026-06-26 09:35:00,21.52,21.88,21.44,21.78,29603.0
2026-06-26,2026-06-26 09:40:00,21.705,22.24,21.705,22.1101,59953.0
2026-06-26,2026-06-26 09:45:00,22.25,22.28,22.1,22.23,26782.0
2026-06-26,2026-06-26 09:50:00,22.17,22.28,22.11,22.27,15098.0
2026-06-26,2026-06-26 09:55:00,22.19,22.22,22.07,22.09,20116.0
2026-06-26,2026-06-26 10:00:00,22.09,22.185,22.01,22.06,9688.0
2026-06-26,2026-06-26 10:05:00,22.05,22.145,21.99,22.085,10109.0
2026-06-26,2026-06-26 10:10:00,22.085,22.1369,21.95,22.095,12157.0
2026-06-26,2026-06-26 10:15:00,22.14,22.22,22.1,22.16,24713.0
2026-06-26,2026-06-26 10:20:00,22.14,22.32,22.14,22.26,34042.0
2026-06-26,2026-06-26 10:25:00,22.22,22.28,22.21,22.225,10390.0
2026-06-26,2026-06-26 10:30:00,22.225,22.4,22.225,22.36,32850.0
2026-06-26,2026-06-26 10:35:00,22.364,22.37,22.27,22.34,15158.0
2026-06-26,2026-06-26 10:40:00,22.32,22.32,22.255,22.255,7655.0
2026-06-26,2026-06-26 10:45:00,22.24,22.28,22.165,22.22,19132.0
2026-06-26,2026-06-26 10:50:00,22.225,22.27,22.12,22.13,11745.0
2026-06-26,2026-06-26 10:55:00,22.13,22.17,22.085,22.15,24670.0
2026-06-26,2026-06-26 11:00:00,22.14,22.2399,22.14,22.174,25890.0
2026-06-26,2026-06-26 11:05:00,22.21,22.25,22.17,22.18,10499.0
2026-06-26,2026-06-26 11:10:00,22.185,22.2,21.985,22.15,55894.0
2026-06-26,2026-06-26 11:15:00,22.15,22.16,22.075,22.075,11725.0
2026-06-26,2026-06-26 11:20:00,22.06,22.1,22.0,22.1,19061.0
2026-06-26,2026-06-26 11:25:00,22.085,22.15,22.07,22.145,14275.0
2026-06-26,2026-06-26 11:30:00,22.145,22.31,22.14,22.29,30787.0
2026-06-26,2026-06-26 11:35:00,22.3,22.5,22.3,22.445,64538.0
2026-06-26,2026-06-26 11:40:00,22.44,22.48,22.42,22.47,18021.0
2026-06-26,2026-06-26 11:45:00,22.47,22.58,22.46,22.565,72284.0
2026-06-26,2026-06-26 11:50:00,22.55,22.62,22.48,22.5,23163.0
2026-06-26,2026-06-26 11:55:00,22.5,22.53,22.45,22.45,15053.0
2026-06-26,2026-06-26 12:00:00,22.45,22.53,22.45,22.49,13017.0
2026-06-26,2026-06-26 12:05:00,22.48,22.53,22.44,22.495,15198.0
2026-06-26,2026-06-26 12:10:00,22.47,22.54,22.46,22.515,16885.0
2026-06-26,2026-06-26 12:15:00,22.5,22.52,22.26,22.27,25656.0
2026-06-26,2026-06-26 12:20:00,22.2501,22.265,21.95,22.06,77766.0
2026-06-26,2026-06-26 12:25:00,22.04,22.195,22.035,22.175,50797.0
2026-06-26,2026-06-26 12:30:00,22.16,22.18,22.04,22.06,26774.0
2026-06-26,2026-06-26 12:35:00,22.07,22.17,22.06,22.16,34473.0
2026-06-26,2026-06-26 12:40:00,22.17,22.17,22.115,22.15,22433.0
2026-06-26,2026-06-26 12:45:00,22.16,22.16,22.11,22.11,23426.0
2026-06-26,2026-06-26 12:50:00,22.12,22.16,22.02,22.06,28014.0
2026-06-26,2026-06-26 12:55:00,22.04,22.07,22.02,22.03,27752.0
2026-06-26,2026-06-26 13:00:00,22.02,22.045,21.99,22.02,34331.0
2026-06-26,2026-06-26 13:05:00,22.0,22.115,22.0,22.08,41009.0
2026-06-26,2026-06-26 13:10:00,22.08,22.085,22.04,22.05,22406.0
2026-06-26,2026-06-26 13:15:00,22.06,22.07,21.97,21.975,28076.0
2026-06-26,2026-06-26 13:20:00,21.97,21.99,21.91,21.92,30601.0
2026-06-26,2026-06-26 13:25:00,21.935,21.94,21.875,21.88,18221.0
2026-06-26,2026-06-26 13:30:00,21.875,21.95,21.865,21.94,25949.0
2026-06-26,2026-06-26 13:35:00,21.945,21.96,21.905,21.93,40827.0
2026-06-26,2026-06-26 13:40:00,21.92,21.93,21.9,21.925,25722.0
2026-06-26,2026-06-26 13:45:00,21.92,21.94,21.9,21.92,18680.0
2026-06-26,2026-06-26 13:50:00,21.935,21.96,21.92,21.94,22616.0
2026-06-26,2026-06-26 13:55:00,21.94,21.985,21.93,21.985,22412.0
2026-06-26,2026-06-26 14:00:00,21.985,22.02,21.9675,21.975,43208.0
2026-06-26,2026-06-26 14:05:00,21.99,22.155,21.99,22.155,28293.0
2026-06-26,2026-06-26 14:10:00,22.15,22.335,22.145,22.285,52520.0
2026-06-26,2026-06-26 14:15:00,22.285,22.285,22.2,22.23,23516.0
2026-06-26,2026-06-26 14:20:00,22.23,22.27,22.15,22.21,100550.0
2026-06-26,2026-06-26 14:25:00,22.21,22.24,22.18,22.2,51110.0
2026-06-26,2026-06-26 14:30:00,22.2,22.21,22.1,22.11,22098.0
2026-06-26,2026-06-26 14:35:00,22.1,22.17,22.07,22.15,43307.0
2026-06-26,2026-06-26 14:40:00,22.14,22.15,22.13,22.135,24918.0
2026-06-26,2026-06-26 14:45:00,22.1301,22.19,22.11,22.185,43975.0
2026-06-26,2026-06-26 14:50:00,22.185,22.185,22.135,22.155,28336.0
2026-06-26,2026-06-26 14:55:00,22.15,22.18,22.115,22.15,48708.0
2026-06-26,2026-06-26 15:00:00,22.14,22.17,22.12,22.16,33162.0
2026-06-26,2026-06-26 15:05:00,22.16,22.16,22.08,22.08,46201.0
2026-06-26,2026-06-26 15:10:00,22.08,22.105,22.0,22.1,87468.0
2026-06-26,2026-06-26 15:15:00,22.1,22.185,22.085,22.18,52826.0
2026-06-26,2026-06-26 15:20:00,22.175,22.23,22.14,22.205,103308.0
2026-06-26,2026-06-26 15:25:00,22.205,22.21,22.14,22.19,52260.0
2026-06-26,2026-06-26 15:30:00,22.18,22.19,22.125,22.135,52484.0
2026-06-26,2026-06-26 15:35:00,22.135,22.275,22.09,22.17,83314.0
2026-06-26,2026-06-26 15:40:00,22.18,22.19,22.07,22.12,89711.0
2026-06-26,2026-06-26 15:45:00,22.115,22.2,22.1,22.195,79356.0
2026-06-26,2026-06-26 15:50:00,22.2,22.255,22.02,22.045,177916.0
2026-06-26,2026-06-26 15:55:00,22.045,22.8,22.045,22.73,415593.0
2026-06-26,2026-06-26 16:00:00,22.72,22.9,22.72,22.82,9970802.0
2026-06-29,2026-06-29 09:35:00,23.175,23.41,22.915,22.95,128292.0
2026-06-29,2026-06-29 09:40:00,23.03,23.39,22.9175,23.28,67664.0
2026-06-29,2026-06-29 09:45:00,23.3705,23.48,23.09,23.2,31148.0
2026-06-29,2026-06-29 09:50:00,23.15,23.3,23.0,23.08,41605.0
2026-06-29,2026-06-29 09:55:00,23.11,23.31,23.11,23.23,21405.0
2026-06-29,2026-06-29 10:00:00,23.21,23.31,23.015,23.26,35461.0
2026-06-29,2026-06-29 10:05:00,23.29,23.31,23.04,23.095,35852.0
2026-06-29,2026-06-29 10:10:00,23.08,23.14,23.0,23.11,34351.0
2026-06-29,2026-06-29 10:15:00,23.08,23.1,22.8,22.86,52793.0
2026-06-29,2026-06-29 10:20:00,22.84,22.98,22.83,22.95,29882.0
2026-06-29,2026-06-29 10:25:00,22.94,23.05,22.94,23.05,25037.0
2026-06-29,2026-06-29 10:30:00,23.1,23.29,23.08,23.28,35036.0
2026-06-29,2026-06-29 10:35:00,23.28,23.42,23.17,23.4,39092.0
2026-06-29,2026-06-29 10:40:00,23.395,23.395,23.31,23.37,16027.0
2026-06-29,2026-06-29 10:45:00,23.35,23.55,23.35,23.405,63956.0
2026-06-29,2026-06-29 10:50:00,23.4,23.4,23.265,23.3,19493.0
2026-06-29,2026-06-29 10:55:00,23.34,23.54,23.3,23.51,32553.0
2026-06-29,2026-06-29 11:00:00,23.52,23.6,23.42,23.58,52430.0
2026-06-29,2026-06-29 11:05:00,23.59,23.62,23.41,23.41,37365.0
2026-06-29,2026-06-29 11:10:00,23.41,23.42,23.315,23.355,31690.0
2026-06-29,2026-06-29 11:15:00,23.37,23.54,23.34,23.44,48678.0
2026-06-29,2026-06-29 11:20:00,23.45,23.46,23.315,23.315,28066.0
2026-06-29,2026-06-29 11:25:00,23.33,23.42,23.3,23.315,43861.0
2026-06-29,2026-06-29 11:30:00,23.315,23.42,23.29,23.4,20971.0
2026-06-29,2026-06-29 11:35:00,23.4,23.48,23.37,23.475,21239.0
2026-06-29,2026-06-29 11:40:00,23.475,23.5,23.41,23.475,22290.0
2026-06-29,2026-06-29 11:45:00,23.48,23.5,23.44,23.47,19832.0
2026-06-29,2026-06-29 11:50:00,23.455,23.455,23.36,23.36,17164.0
2026-06-29,2026-06-29 11:55:00,23.37,23.41,23.37,23.405,23789.0
2026-06-29,2026-06-29 12:00:00,23.42,23.425,23.24,23.33,62888.0
2026-06-29,2026-06-29 12:05:00,23.34,23.41,23.34,23.41,25595.0
2026-06-29,2026-06-29 12:10:00,23.42,23.45,23.4,23.42,15082.0
2026-06-29,2026-06-29 12:15:00,23.43,23.44,23.36,23.375,16955.0
2026-06-29,2026-06-29 12:20:00,23.37,23.39,23.345,23.37,16985.0
2026-06-29,2026-06-29 12:25:00,23.35,23.415,23.35,23.41,9779.0
2026-06-29,2026-06-29 12:30:00,23.43,23.44,23.38,23.42,19613.0
2026-06-29,2026-06-29 12:35:00,23.415,23.43,23.4,23.415,8961.0
2026-06-29,2026-06-29 12:40:00,23.41,23.53,23.41,23.455,40485.0
2026-06-29,2026-06-29 12:45:00,23.455,23.525,23.43,23.44,25586.0
2026-06-29,2026-06-29 12:50:00,23.443,23.47,23.36,23.37,79709.0
2026-06-29,2026-06-29 12:55:00,23.37,23.41,23.345,23.39,29863.0
2026-06-29,2026-06-29 13:00:00,23.395,23.43,23.35,23.41,43576.0
2026-06-29,2026-06-29 13:05:00,23.42,23.42,23.36,23.38,11448.0
2026-06-29,2026-06-29 13:10:00,23.39,23.41,23.365,23.4,25929.0
2026-06-29,2026-06-29 13:15:00,23.4,23.43,23.39,23.43,11650.0
2026-06-29,2026-06-29 13:20:00,23.44,23.45,23.39,23.395,16232.0
2026-06-29,2026-06-29 13:25:00,23.4,23.46,23.38,23.46,26974.0
2026-06-29,2026-06-29 13:30:00,23.46,23.48,23.44,23.44,11198.0
2026-06-29,2026-06-29 13:35:00,23.45,23.5,23.42,23.44,19048.0
2026-06-29,2026-06-29 13:40:00,23.44,23.44,23.39,23.42,14744.0
2026-06-29,2026-06-29 13:45:00,23.415,23.52,23.4,23.51,42167.0
2026-06-29,2026-06-29 13:50:00,23.5185,23.55,23.49,23.52,37025.0
2026-06-29,2026-06-29 13:55:00,23.51,23.58,23.5,23.58,20602.0
2026-06-29,2026-06-29 14:00:00,23.58,23.58,23.51,23.525,25506.0
2026-06-29,2026-06-29 14:05:00,23.525,23.54,23.465,23.535,32042.0
2026-06-29,2026-06-29 14:10:00,23.52,23.555,23.52,23.54,18537.0
2026-06-29,2026-06-29 14:15:00,23.54,23.61,23.54,23.6,31528.0
2026-06-29,2026-06-29 14:20:00,23.61,23.61,23.38,23.43,174518.0
2026-06-29,2026-06-29 14:25:00,23.42,23.485,23.42,23.485,16293.0
2026-06-29,2026-06-29 14:30:00,23.485,23.51,23.475,23.51,20217.0
2026-06-29,2026-06-29 14:35:00,23.51,23.53,23.49,23.505,42178.0
2026-06-29,2026-06-29 14:40:00,23.51,23.6,23.505,23.59,51353.0
2026-06-29,2026-06-29 14:45:00,23.59,23.63,23.585,23.63,24680.0
2026-06-29,2026-06-29 14:50:00,23.624,23.71,23.615,23.66,32415.0
2026-06-29,2026-06-29 14:55:00,23.66,23.67,23.6201,23.665,23481.0
2026-06-29,2026-06-29 15:00:00,23.665,23.685,23.65,23.68,29014.0
2026-06-29,2026-06-29 15:05:00,23.684,23.685,23.64,23.645,42329.0
2026-06-29,2026-06-29 15:10:00,23.645,23.689,23.624,23.635,37433.0
2026-06-29,2026-06-29 15:15:00,23.6398,23.66,23.53,23.635,54258.0
2026-06-29,2026-06-29 15:20:00,23.63,23.63,23.585,23.595,23753.0
2026-06-29,2026-06-29 15:25:00,23.6,23.7,23.6,23.68,54004.0
2026-06-29,2026-06-29 15:30:00,23.69,23.79,23.69,23.735,102446.0
2026-06-29,2026-06-29 15:35:00,23.735,23.75,23.685,23.71,56912.0
2026-06-29,2026-06-29 15:40:00,23.72,23.72,23.67,23.68,50651.0
2026-06-29,2026-06-29 15:45:00,23.68,23.705,23.65,23.705,46615.0
2026-06-29,2026-06-29 15:50:00,23.71,23.775,23.71,23.775,45564.0
2026-06-29,2026-06-29 15:55:00,23.77,23.85,23.72,23.8,193203.0
2026-06-29,2026-06-29 16:00:00,23.805,23.81,23.54,23.71,1031973.0
2026-06-30,2026-06-30 09:35:00,23.71,23.9499,23.62,23.9138,41930.0
2026-06-30,2026-06-30 09:40:00,23.89,23.98,23.41,23.41,50477.0
2026-06-30,2026-06-30 09:45:00,23.4,23.54,23.395,23.5175,8281.0
2026-06-30,2026-06-30 09:50:00,23.53,23.64,23.43,23.575,15420.0
2026-06-30,2026-06-30 09:55:00,23.595,23.85,23.59,23.8417,21243.0
2026-06-30,2026-06-30 10:00:00,23.795,23.8499,23.64,23.78,39397.0
2026-06-30,2026-06-30 10:05:00,23.74,23.74,23.405,23.405,22160.0
2026-06-30,2026-06-30 10:10:00,23.445,23.545,23.39,23.535,20973.0
2026-06-30,2026-06-30 10:15:00,23.535,23.63,23.48,23.6,25371.0
2026-06-30,2026-06-30 10:20:00,23.57,23.79,23.57,23.755,12236.0
2026-06-30,2026-06-30 10:25:00,23.77,23.79,23.7,23.78,22498.0
2026-06-30,2026-06-30 10:30:00,23.78,23.83,23.73,23.79,16095.0
2026-06-30,2026-06-30 10:35:00,23.8,23.8,23.7,23.72,22919.0
2026-06-30,2026-06-30 10:40:00,23.705,23.73,23.6,23.605,21986.0
2026-06-30,2026-06-30 10:45:00,23.62,23.63,23.57,23.59,20498.0
2026-06-30,2026-06-30 10:50:00,23.56,23.56,23.355,23.355,31848.0
2026-06-30,2026-06-30 10:55:00,23.37,23.495,23.37,23.48,40923.0
2026-06-30,2026-06-30 11:00:00,23.5,23.69,23.5,23.56,51533.0
2026-06-30,2026-06-30 11:05:00,23.59,23.72,23.585,23.71,37309.0
2026-06-30,2026-06-30 11:10:00,23.71,23.73,23.64,23.665,33851.0
2026-06-30,2026-06-30 11:15:00,23.67,23.72,23.64,23.71,37302.0
2026-06-30,2026-06-30 11:20:00,23.705,23.705,23.58,23.59,18876.0
2026-06-30,2026-06-30 11:25:00,23.6,23.66,23.585,23.64,32633.0
2026-06-30,2026-06-30 11:30:00,23.64,23.64,23.545,23.58,37063.0
2026-06-30,2026-06-30 11:35:00,23.58,23.61,23.45,23.51,60504.0
2026-06-30,2026-06-30 11:40:00,23.5,23.52,23.35,23.45,58647.0
2026-06-30,2026-06-30 11:45:00,23.46,23.48,23.42,23.455,18728.0
2026-06-30,2026-06-30 11:50:00,23.45,23.5,23.43,23.43,30167.0
2026-06-30,2026-06-30 11:55:00,23.44,23.465,23.425,23.43,25187.0
2026-06-30,2026-06-30 12:00:00,23.44,23.5,23.32,23.33,75507.0
2026-06-30,2026-06-30 12:05:00,23.33,23.39,23.33,23.39,16707.0
2026-06-30,2026-06-30 12:10:00,23.38,23.43,23.38,23.42,22810.0
2026-06-30,2026-06-30 12:15:00,23.425,23.44,23.38,23.405,17919.0
2026-06-30,2026-06-30 12:20:00,23.4,23.46,23.39,23.455,23963.0
2026-06-30,2026-06-30 12:25:00,23.455,23.48,23.445,23.46,18232.0
2026-06-30,2026-06-30 12:30:00,23.46,23.48,23.44,23.45,27129.0
2026-06-30,2026-06-30 12:35:00,23.445,23.47,23.44,23.455,13087.0
2026-06-30,2026-06-30 12:40:00,23.455,23.47,23.41,23.455,26371.0
2026-06-30,2026-06-30 12:45:00,23.46,23.47,23.4,23.43,37578.0
2026-06-30,2026-06-30 12:50:00,23.431,23.46,23.42,23.45,19051.0
2026-06-30,2026-06-30 12:55:00,23.45,23.47,23.45,23.46,10364.0
2026-06-30,2026-06-30 13:00:00,23.465,23.51,23.4612,23.49,19505.0
2026-06-30,2026-06-30 13:05:00,23.495,23.55,23.41,23.525,114265.0
2026-06-30,2026-06-30 13:10:00,23.53,23.585,23.24,23.3,68949.0
2026-06-30,2026-06-30 13:15:00,23.295,23.34,23.15,23.22,48122.0
2026-06-30,2026-06-30 13:20:00,23.24,23.265,23.21,23.26,60624.0
2026-06-30,2026-06-30 13:25:00,23.26,23.295,23.24,23.24,15062.0
2026-06-30,2026-06-30 13:30:00,23.25,23.3,23.245,23.3,14781.0
2026-06-30,2026-06-30 13:35:00,23.3,23.32,23.2401,23.26,37069.0
2026-06-30,2026-06-30 13:40:00,23.255,23.32,23.255,23.3,20310.0
2026-06-30,2026-06-30 13:45:00,23.31,23.36,23.31,23.34,11027.0
2026-06-30,2026-06-30 13:50:00,23.34,23.34,23.29,23.29,16593.0
2026-06-30,2026-06-30 13:55:00,23.29,23.29,23.22,23.25,28636.0
2026-06-30,2026-06-30 14:00:00,23.26,23.33,23.25,23.325,27478.0
2026-06-30,2026-06-30 14:05:00,23.34,23.345,23.245,23.29,31925.0
2026-06-30,2026-06-30 14:10:00,23.3,23.3,23.25,23.26,16309.0
2026-06-30,2026-06-30 14:15:00,23.26,23.26,23.23,23.255,18226.0
2026-06-30,2026-06-30 14:20:00,23.255,23.33,23.255,23.29,44801.0
2026-06-30,2026-06-30 14:25:00,23.29,23.36,23.28,23.34,33666.0
2026-06-30,2026-06-30 14:30:00,23.34,23.345,23.225,23.23,30257.0
2026-06-30,2026-06-30 14:35:00,23.23,23.35,23.23,23.32,27839.0
2026-06-30,2026-06-30 14:40:00,23.31,23.31,23.29,23.29,13240.0
2026-06-30,2026-06-30 14:45:00,23.28,23.34,23.25,23.28,58612.0
2026-06-30,2026-06-30 14:50:00,23.28,23.32,23.28,23.285,17690.0
2026-06-30,2026-06-30 14:55:00,23.28,23.28,23.25,23.2525,17956.0
2026-06-30,2026-06-30 15:00:00,23.2457,23.27,23.205,23.21,20231.0
2026-06-30,2026-06-30 15:05:00,23.21,23.27,23.185,23.245,24535.0
2026-06-30,2026-06-30 15:10:00,23.245,23.28,23.215,23.265,22365.0
2026-06-30,2026-06-30 15:15:00,23.265,23.3,23.21,23.26,42356.0
2026-06-30,2026-06-30 15:20:00,23.26,23.28,23.23,23.23,27949.0
2026-06-30,2026-06-30 15:25:00,23.225,23.275,23.215,23.23,34468.0
2026-06-30,2026-06-30 15:30:00,23.22,23.25,23.19,23.21,42005.0
2026-06-30,2026-06-30 15:35:00,23.22,23.225,23.12,23.155,47915.0
2026-06-30,2026-06-30 15:40:00,23.155,23.16,23.07,23.07,34482.0
2026-06-30,2026-06-30 15:45:00,23.07,23.18,23.07,23.1,63996.0
2026-06-30,2026-06-30 15:50:00,23.11,23.22,23.075,23.215,70153.0
2026-06-30,2026-06-30 15:55:00,23.21,23.31,23.15,23.26,121896.0
2026-06-30,2026-06-30 16:00:00,23.25,23.25,22.815,22.87,916631.0
2026-07-01,2026-07-01 09:35:00,23.18,23.671,22.99,23.22,61373.0
2026-07-01,2026-07-01 09:40:00,23.305,23.53,23.2736,23.45,5595.0
2026-07-01,2026-07-01 09:45:00,23.44,23.51,23.1301,23.25,13060.0
2026-07-01,2026-07-01 09:50:00,23.345,23.44,23.34,23.35,6691.0
2026-07-01,2026-07-01 09:55:00,23.32,23.75,23.32,23.62,91822.0
2026-07-01,2026-07-01 10:00:00,23.58,23.7,23.52,23.635,9992.0
2026-07-01,2026-07-01 10:05:00,23.68,23.7,23.54,23.66,19343.0
2026-07-01,2026-07-01 10:10:00,23.68,23.78,23.63,23.68,50216.0
2026-07-01,2026-07-01 10:15:00,23.65,23.685,23.595,23.67,10104.0
2026-07-01,2026-07-01 10:20:00,23.66,23.81,23.66,23.78,24959.0
2026-07-01,2026-07-01 10:25:00,23.79,23.915,23.78,23.86,36517.0
2026-07-01,2026-07-01 10:30:00,23.865,23.9,23.82,23.83,19576.0
2026-07-01,2026-07-01 10:35:00,23.85,24.15,23.82,24.11,199604.0
2026-07-01,2026-07-01 10:40:00,24.09,24.17,24.03,24.17,32311.0
2026-07-01,2026-07-01 10:45:00,24.17,24.21,24.0958,24.15,45849.0
2026-07-01,2026-07-01 10:50:00,24.15,24.19,24.08,24.125,51018.0
2026-07-01,2026-07-01 10:55:00,24.15,24.25,24.08,24.185,128993.0
2026-07-01,2026-07-01 11:00:00,24.2,24.31,24.18,24.2006,54838.0
2026-07-01,2026-07-01 11:05:00,24.22,24.275,24.145,24.255,38035.0
2026-07-01,2026-07-01 11:10:00,24.235,24.29,24.1801,24.2,35282.0
2026-07-01,2026-07-01 11:15:00,24.205,24.23,24.18,24.19,25835.0
2026-07-01,2026-07-01 11:20:00,24.195,24.23,24.165,24.23,23240.0
2026-07-01,2026-07-01 11:25:00,24.255,24.338,24.24,24.31,46092.0
2026-07-01,2026-07-01 11:30:00,24.32,24.32,24.24,24.3,17529.0
2026-07-01,2026-07-01 11:35:00,24.31,24.31,24.21,24.235,72081.0
2026-07-01,2026-07-01 11:40:00,24.235,24.325,24.225,24.265,19758.0
2026-07-01,2026-07-01 11:45:00,24.2998,24.33,24.26,24.29,19885.0
2026-07-01,2026-07-01 11:50:00,24.29,24.315,24.27,24.29,18360.0
2026-07-01,2026-07-01 11:55:00,24.29,24.35,24.29,24.345,21464.0
2026-07-01,2026-07-01 12:00:00,24.34,24.4,24.3209,24.38,27302.0
2026-07-01,2026-07-01 12:05:00,24.39,24.41,24.37,24.37,20030.0
2026-07-01,2026-07-01 12:10:00,24.37,24.4,24.32,24.35,18254.0
2026-07-01,2026-07-01 12:15:00,24.35,24.4393,24.18,24.19,80505.0
2026-07-01,2026-07-01 12:20:00,24.19,24.19,24.05,24.08,27481.0
2026-07-01,2026-07-01 12:25:00,24.09,24.14,24.02,24.03,24084.0
2026-07-01,2026-07-01 12:30:00,24.03,24.09,23.93,23.97,96314.0
2026-07-01,2026-07-01 12:35:00,23.97,24.065,23.97,24.04,23110.0
2026-07-01,2026-07-01 12:40:00,24.05,24.06,23.97,23.99,25268.0
2026-07-01,2026-07-01 12:45:00,23.99,24.01,23.93,24.01,13693.0
2026-07-01,2026-07-01 12:50:00,24.01,24.15,24.0,24.13,35173.0
2026-07-01,2026-07-01 12:55:00,24.13,24.19,24.125,24.17,36329.0
2026-07-01,2026-07-01 13:00:00,24.17,24.19,24.09,24.095,26354.0
2026-07-01,2026-07-01 13:05:00,24.1,24.13,24.05,24.08,33595.0
2026-07-01,2026-07-01 13:10:00,24.08,24.1,24.03,24.04,29837.0
2026-07-01,2026-07-01 13:15:00,24.055,24.19,24.01,24.035,99547.0
2026-07-01,2026-07-01 13:20:00,24.04,24.09,24.005,24.075,34108.0
2026-07-01,2026-07-01 13:25:00,24.07,24.135,24.05,24.13,13985.0
2026-07-01,2026-07-01 13:30:00,24.14,24.16,24.1,24.1,27900.0
2026-07-01,2026-07-01 13:35:00,24.11,24.14,24.095,24.095,16037.0
2026-07-01,2026-07-01 13:40:00,24.095,24.12,24.09,24.115,12141.0
2026-07-01,2026-07-01 13:45:00,24.115,24.16,24.1,24.15,18004.0
2026-07-01,2026-07-01 13:50:00,24.15,24.2,24.145,24.2,17066.0
2026-07-01,2026-07-01 13:55:00,24.205,24.375,24.18,24.37,30689.0
2026-07-01,2026-07-01 14:00:00,24.36,24.465,24.31,24.45,82447.0
2026-07-01,2026-07-01 14:05:00,24.45,24.785,24.45,24.745,258313.0
2026-07-01,2026-07-01 14:10:00,24.74,24.76,24.58,24.665,57148.0
2026-07-01,2026-07-01 14:15:00,24.665,24.68,24.61,24.63,29815.0
2026-07-01,2026-07-01 14:20:00,24.625,24.6803,24.58,24.65,57091.0
2026-07-01,2026-07-01 14:25:00,24.665,24.71,24.65,24.685,23188.0
2026-07-01,2026-07-01 14:30:00,24.685,24.71,24.66,24.7,26879.0
2026-07-01,2026-07-01 14:35:00,24.7,24.7,24.66,24.685,16246.0
2026-07-01,2026-07-01 14:40:00,24.69,24.71,24.47,24.61,74625.0
2026-07-01,2026-07-01 14:45:00,24.61,24.64,24.52,24.53,39166.0
2026-07-01,2026-07-01 14:50:00,24.54,24.608,24.53,24.59,29569.0
2026-07-01,2026-07-01 14:55:00,24.58,24.59,24.485,24.505,32301.0
2026-07-01,2026-07-01 15:00:00,24.5059,24.56,24.5059,24.5425,25570.0
2026-07-01,2026-07-01 15:05:00,24.54,24.625,24.54,24.57,31525.0
2026-07-01,2026-07-01 15:10:00,24.585,24.615,24.58,24.585,22575.0
2026-07-01,2026-07-01 15:15:00,24.58,24.62,24.565,24.615,26438.0
2026-07-01,2026-07-01 15:20:00,24.61,24.645,24.575,24.58,44149.0
2026-07-01,2026-07-01 15:25:00,24.582,24.605,24.55,24.59,39759.0
2026-07-01,2026-07-01 15:30:00,24.585,24.615,24.55,24.605,35968.0
2026-07-01,2026-07-01 15:35:00,24.61,24.655,24.6,24.64,47584.0
2026-07-01,2026-07-01 15:40:00,24.64,24.65,24.56,24.56,49717.0
2026-07-01,2026-07-01 15:45:00,24.56,24.5665,24.52,24.54,49218.0
2026-07-01,2026-07-01 15:50:00,24.54,24.56,24.5,24.5,53489.0
2026-07-01,2026-07-01 15:55:00,24.52,24.61,24.39,24.405,139287.0
2026-07-01,2026-07-01 16:00:00,24.405,24.5,24.22,24.25,728708.0
2026-07-02,2026-07-02 09:35:00,23.61,24.035,23.3072,23.5104,104858.0
2026-07-02,2026-07-02 09:40:00,23.615,23.735,23.42,23.735,24224.0
2026-07-02,2026-07-02 09:45:00,23.72,23.84,23.52,23.815,21486.0
2026-07-02,2026-07-02 09:50:00,23.76,24.18,23.7,23.97,137859.0
2026-07-02,2026-07-02 09:55:00,24.01,24.33,23.9,24.2999,57425.0
2026-07-02,2026-07-02 10:00:00,24.26,24.635,24.2159,24.635,101771.0
2026-07-02,2026-07-02 10:05:00,24.635,24.67,24.45,24.5,76168.0
2026-07-02,2026-07-02 10:10:00,24.48,24.5,24.2,24.2,87369.0
2026-07-02,2026-07-02 10:15:00,24.2,24.32,24.13,24.19,21201.0
2026-07-02,2026-07-02 10:20:00,24.22,24.26,24.1109,24.18,21052.0
2026-07-02,2026-07-02 10:25:00,24.2,24.24,24.12,24.215,40257.0
2026-07-02,2026-07-02 10:30:00,24.215,24.31,24.184,24.31,64171.0
2026-07-02,2026-07-02 10:35:00,24.29,24.36,24.25,24.25,77232.0
2026-07-02,2026-07-02 10:40:00,24.24,24.47,24.24,24.455,27776.0
2026-07-02,2026-07-02 10:45:00,24.455,24.46,24.34,24.44,44823.0
2026-07-02,2026-07-02 10:50:00,24.47,24.68,24.46,24.66,31524.0
2026-07-02,2026-07-02 10:55:00,24.67,24.67,24.49,24.52,29705.0
2026-07-02,2026-07-02 11:00:00,24.535,24.67,24.42,24.59,82381.0
2026-07-02,2026-07-02 11:05:00,24.55,24.6,24.48,24.48,26356.0
2026-07-02,2026-07-02 11:10:00,24.5,24.5,24.35,24.435,42712.0
2026-07-02,2026-07-02 11:15:00,24.43,24.54,24.39,24.49,27359.0
2026-07-02,2026-07-02 11:20:00,24.5,24.52,24.4,24.485,54801.0
2026-07-02,2026-07-02 11:25:00,24.485,24.73,24.485,24.73,33072.0
2026-07-02,2026-07-02 11:30:00,24.72,24.81,24.665,24.71,75086.0
2026-07-02,2026-07-02 11:35:00,24.735,24.95,24.7,24.925,126875.0
2026-07-02,2026-07-02 11:40:00,24.925,24.925,24.84,24.865,75866.0
2026-07-02,2026-07-02 11:45:00,24.87,24.91,24.83,24.85,50715.0
2026-07-02,2026-07-02 11:50:00,24.86,24.96,24.63,24.725,147861.0
2026-07-02,2026-07-02 11:55:00,24.725,24.78,24.685,24.78,48811.0
2026-07-02,2026-07-02 12:00:00,24.78,24.825,24.735,24.8218,60564.0
2026-07-02,2026-07-02 12:05:00,24.83,24.835,24.74,24.81,37471.0
2026-07-02,2026-07-02 12:10:00,24.81,24.825,24.745,24.82,54350.0
2026-07-02,2026-07-02 12:15:00,24.825,24.92,24.825,24.92,54884.0
2026-07-02,2026-07-02 12:20:00,24.91,25.0,24.9,24.94,435470.0
2026-07-02,2026-07-02 12:25:00,24.92,24.92,24.7659,24.82,60851.0
2026-07-02,2026-07-02 12:30:00,24.84,24.86,24.785,24.82,54391.0
2026-07-02,2026-07-02 12:35:00,24.8,24.81,24.76,24.76,27265.0
2026-07-02,2026-07-02 12:40:00,24.76,24.8,24.745,24.77,52737.0
2026-07-02,2026-07-02 12:45:00,24.78,24.9,24.77,24.88,27263.0
2026-07-02,2026-07-02 12:50:00,24.88,24.89,24.82,24.87,30949.0
2026-07-02,2026-07-02 12:55:00,24.87,24.88,24.84,24.85,31430.0
2026-07-02,2026-07-02 13:00:00,24.84,24.84,24.745,24.77,19654.0
2026-07-02,2026-07-02 13:05:00,24.77,24.78,24.61333,24.625,61334.0
2026-07-02,2026-07-02 13:10:00,24.62,24.6999,24.6,24.665,20768.0
2026-07-02,2026-07-02 13:15:00,24.675,24.675,24.635,24.645,33223.0
2026-07-02,2026-07-02 13:20:00,24.64,24.955,24.64,24.95,99905.0
2026-07-02,2026-07-02 13:25:00,24.94,25.16,24.94,25.0311,608505.0
2026-07-02,2026-07-02 13:30:00,25.04,25.09,24.99,25.0501,68237.0
2026-07-02,2026-07-02 13:35:00,25.06,25.1401,25.02,25.12,45431.0
2026-07-02,2026-07-02 13:40:00,25.125,25.15,25.09,25.1,33583.0
2026-07-02,2026-07-02 13:45:00,25.105,25.21,25.08,25.18,41613.0
2026-07-02,2026-07-02 13:50:00,25.1705,25.19,25.08,25.12,30117.0
2026-07-02,2026-07-02 13:55:00,25.125,25.21,25.12,25.195,22353.0
2026-07-02,2026-07-02 14:00:00,25.2,25.355,25.18,25.35,67055.0
2026-07-02,2026-07-02 14:05:00,25.34,25.35,25.05,25.3201,199178.0
2026-07-02,2026-07-02 14:10:00,25.32,25.42,25.295,25.385,29494.0
2026-07-02,2026-07-02 14:15:00,25.39,25.42,25.36,25.39,39033.0
2026-07-02,2026-07-02 14:20:00,25.405,25.41,25.325,25.335,29798.0
2026-07-02,2026-07-02 14:25:00,25.335,25.369,25.32,25.365,21113.0
2026-07-02,2026-07-02 14:30:00,25.37,25.565,25.37,25.56,244360.0
2026-07-02,2026-07-02 14:35:00,25.57,25.59,25.52,25.52,34385.0
2026-07-02,2026-07-02 14:40:00,25.53,25.54,25.49,25.52,30964.0
2026-07-02,2026-07-02 14:45:00,25.52,25.565,25.515,25.555,25451.0
2026-07-02,2026-07-02 14:50:00,25.55,25.565,25.51,25.565,27971.0
2026-07-02,2026-07-02 14:55:00,25.565,25.6,25.545,25.6,39288.0
2026-07-02,2026-07-02 15:00:00,25.61,25.75,25.5801,25.73,36707.0
2026-07-02,2026-07-02 15:05:00,25.73,25.76,25.66,25.71,70781.0
2026-07-02,2026-07-02 15:10:00,25.72,25.72,25.59,25.65,79064.0
2026-07-02,2026-07-02 15:15:00,25.645,25.755,25.6,25.755,112605.0
2026-07-02,2026-07-02 15:20:00,25.756,25.785,25.745,25.785,41675.0
2026-07-02,2026-07-02 15:25:00,25.78,25.8,25.725,25.755,76504.0
2026-07-02,2026-07-02 15:30:00,25.755,25.765,25.68,25.74,69115.0
2026-07-02,2026-07-02 15:35:00,25.74,25.77,25.62,25.665,88543.0
2026-07-02,2026-07-02 15:40:00,25.665,25.755,25.65,25.725,67582.0
2026-07-02,2026-07-02 15:45:00,25.725,25.757693,25.63,25.66,78552.0
2026-07-02,2026-07-02 15:50:00,25.67,25.855,25.575,25.58,145120.0
2026-07-02,2026-07-02 15:55:00,25.6,25.6,25.42,25.56,139568.0
2026-07-02,2026-07-02 16:00:00,25.565,25.74,25.54,25.67,777010.0
2026-07-06,2026-07-06 09:35:00,25.31,25.62,25.05,25.3,126720.0
2026-07-06,2026-07-06 09:40:00,25.29,25.32,24.8,25.12,37337.0
2026-07-06,2026-07-06 09:45:00,25.12,25.69,24.91,25.475,47284.0
2026-07-06,2026-07-06 09:50:00,25.47,25.65,25.4374,25.625,47380.0
2026-07-06,2026-07-06 09:55:00,25.625,25.66,25.47,25.56,26070.0
2026-07-06,2026-07-06 10:00:00,25.555,25.63,25.4313,25.6,56885.0
2026-07-06,2026-07-06 10:05:00,25.6,25.66,25.4,25.42,20444.0
2026-07-06,2026-07-06 10:10:00,25.38,25.46,25.2407,25.435,11539.0
2026-07-06,2026-07-06 10:15:00,25.48,25.53,25.34,25.5,23735.0
2026-07-06,2026-07-06 10:20:00,25.525,25.555,25.45,25.45,22898.0
2026-07-06,2026-07-06 10:25:00,25.45,25.5,25.34,25.34,28943.0
2026-07-06,2026-07-06 10:30:00,25.35,25.45,25.33,25.37,56819.0
2026-07-06,2026-07-06 10:35:00,25.36,25.425,25.27,25.33,17166.0
2026-07-06,2026-07-06 10:40:00,25.31,25.42,25.28,25.3,24597.0
2026-07-06,2026-07-06 10:45:00,25.315,25.35,25.27,25.34,15298.0
2026-07-06,2026-07-06 10:50:00,25.34,25.39,25.3,25.385,10907.0
2026-07-06,2026-07-06 10:55:00,25.385,25.59,25.37,25.59,23844.0
2026-07-06,2026-07-06 11:00:00,25.595,25.735,25.52,25.65,30571.0
2026-07-06,2026-07-06 11:05:00,25.66,25.83,25.65,25.71,33846.0
2026-07-06,2026-07-06 11:10:00,25.67,25.78,25.66,25.7,16550.0
2026-07-06,2026-07-06 11:15:00,25.73,25.8,25.63,25.64,22469.0
2026-07-06,2026-07-06 11:20:00,25.635,25.85,25.635,25.85,10761.0
2026-07-06,2026-07-06 11:25:00,25.89,26.34,25.89,26.34,248325.0
2026-07-06,2026-07-06 11:30:00,26.3325,26.35,26.17,26.21,42511.0
2026-07-06,2026-07-06 11:35:00,26.19,26.19,25.85,25.85,103016.0
2026-07-06,2026-07-06 11:40:00,25.84,25.9,25.8,25.84,17027.0
2026-07-06,2026-07-06 11:45:00,25.82,25.835,25.7,25.78,38719.0
2026-07-06,2026-07-06 11:50:00,25.805,25.84,25.74,25.75,22344.0
2026-07-06,2026-07-06 11:55:00,25.755,25.81,25.735,25.8,39692.0
2026-07-06,2026-07-06 12:00:00,25.8,25.86,25.8,25.81,35144.0
2026-07-06,2026-07-06 12:05:00,25.81,25.845,25.795,25.845,17051.0
2026-07-06,2026-07-06 12:10:00,25.84,26.17,25.84,26.12,113628.0
2026-07-06,2026-07-06 12:15:00,26.1284,26.14,26.06,26.08,20644.0
2026-07-06,2026-07-06 12:20:00,26.075,26.08,26.01,26.03,23489.0
2026-07-06,2026-07-06 12:25:00,26.04,26.09,26.04,26.085,17722.0
2026-07-06,2026-07-06 12:30:00,26.085,26.095,26.03,26.06,18006.0
2026-07-06,2026-07-06 12:35:00,26.06,26.11,26.055,26.0866,22598.0
2026-07-06,2026-07-06 12:40:00,26.095,26.13,26.08,26.1,32090.0
2026-07-06,2026-07-06 12:45:00,26.1,26.13,26.03,26.04,35686.0
2026-07-06,2026-07-06 12:50:00,26.03,26.115,25.98,26.1,71321.0
2026-07-06,2026-07-06 12:55:00,26.09,26.09,25.9201,25.93,99740.0
2026-07-06,2026-07-06 13:00:00,25.92,25.95,25.86,25.86,23597.0
2026-07-06,2026-07-06 13:05:00,25.87,25.89,25.855,25.865,16078.0
2026-07-06,2026-07-06 13:10:00,25.87,25.92,25.85,25.91,21226.0
2026-07-06,2026-07-06 13:15:00,25.91,25.94,25.895,25.93,20664.0
2026-07-06,2026-07-06 13:20:00,25.93,25.9301,25.85,25.875,47574.0
2026-07-06,2026-07-06 13:25:00,25.88,25.88,25.8,25.805,24167.0
2026-07-06,2026-07-06 13:30:00,25.805,25.84,25.8,25.84,13913.0
2026-07-06,2026-07-06 13:35:00,25.84,25.85,25.79,25.82,21361.0
2026-07-06,2026-07-06 13:40:00,25.82,25.84,25.805,25.82,24245.0
2026-07-06,2026-07-06 13:45:00,25.81,25.81,25.75,25.78,27202.0
2026-07-06,2026-07-06 13:50:00,25.77,26.08,25.765,26.04,225628.0
2026-07-06,2026-07-06 13:55:00,26.045,26.07,26.0,26.03,26278.0
2026-07-06,2026-07-06 14:00:00,26.015,26.015,25.92,25.99,29754.0
2026-07-06,2026-07-06 14:05:00,25.99,26.015,25.925,25.995,28954.0
2026-07-06,2026-07-06 14:10:00,25.995,26.04,25.97,26.03,19125.0
2026-07-06,2026-07-06 14:15:00,26.03,26.03,25.94,25.95,18265.0
2026-07-06,2026-07-06 14:20:00,25.935,26.0,25.935,25.98,11144.0
2026-07-06,2026-07-06 14:25:00,25.99,26.035,25.99,26.02,13441.0
2026-07-06,2026-07-06 14:30:00,26.02,26.05,26.01,26.04,19891.0
2026-07-06,2026-07-06 14:35:00,26.025,26.05,26.0,26.05,21414.0
2026-07-06,2026-07-06 14:40:00,26.05,26.05,25.995,26.0,26157.0
2026-07-06,2026-07-06 14:45:00,26.01,26.02,25.99,26.0,16632.0
2026-07-06,2026-07-06 14:50:00,25.99,25.99,25.9,25.93,26507.0
2026-07-06,2026-07-06 14:55:00,25.94,25.98,25.91,25.98,17391.0
2026-07-06,2026-07-06 15:00:00,25.99,26.0,25.92,25.92,18103.0
2026-07-06,2026-07-06 15:05:00,25.94,25.97,25.92,25.93,21902.0
2026-07-06,2026-07-06 15:10:00,25.92,25.97,25.91,25.97,13917.0
2026-07-06,2026-07-06 15:15:00,25.98,26.1,25.97,26.05,28139.0
2026-07-06,2026-07-06 15:20:00,26.041,26.041,25.98,26.025,25846.0
2026-07-06,2026-07-06 15:25:00,26.011,26.03,26.0098,26.03,14121.0
2026-07-06,2026-07-06 15:30:00,26.02,26.03,25.985,26.015,38201.0
2026-07-06,2026-07-06 15:35:00,26.015,26.015,25.925,25.93,54517.0
2026-07-06,2026-07-06 15:40:00,25.93,25.95,25.91,25.935,24824.0
2026-07-06,2026-07-06 15:45:00,25.935,25.95,25.89,25.945,41396.0
2026-07-06,2026-07-06 15:50:00,25.945,26.23,25.945,26.205,274562.0
2026-07-06,2026-07-06 15:55:00,26.21,26.22,26.09,26.09,78974.0
2026-07-06,2026-07-06 16:00:00,26.1,26.35,26.09,26.3,460432.0
2026-07-07,2026-07-07 09:35:00,26.48,27.0,26.48,26.71,331523.0
2026-07-07,2026-07-07 09:40:00,26.69,26.94,26.64,26.805,27491.0
2026-07-07,2026-07-07 09:45:00,26.88,27.17,26.825,27.055,104492.0
2026-07-07,2026-07-07 09:50:00,27.03,27.34,26.9324,27.08,83127.0
2026-07-07,2026-07-07 09:55:00,27.04,27.26,26.97,27.19,128580.0
2026-07-07,2026-07-07 10:00:00,27.185,27.35,27.16,27.3025,83136.0
2026-07-07,2026-07-07 10:05:00,27.295,27.42,26.97,27.25,203965.0
2026-07-07,2026-07-07 10:10:00,27.265,27.28,26.99,27.08,93425.0
2026-07-07,2026-07-07 10:15:00,27.05,27.12,26.95,27.005,138436.0
2026-07-07,2026-07-07 10:20:00,27.0,27.305,26.915,27.2,95628.0
2026-07-07,2026-07-07 10:25:00,27.195,27.27,27.05,27.1201,27913.0
2026-07-07,2026-07-07 10:30:00,27.12,27.281,27.03,27.24,39303.0
2026-07-07,2026-07-07 10:35:00,27.24,27.28,27.1211,27.25,24772.0
2026-07-07,2026-07-07 10:40:00,27.2311,27.44,27.2001,27.385,67987.0
2026-07-07,2026-07-07 10:45:00,27.37,27.37,27.19,27.3,29652.0
2026-07-07,2026-07-07 10:50:00,27.29,27.47,27.25,27.43,64571.0
2026-07-07,2026-07-07 10:55:00,27.43,27.64,27.405,27.56,74594.0
2026-07-07,2026-07-07 11:00:00,27.59,27.75,27.56,27.56,47017.0
2026-07-07,2026-07-07 11:05:00,27.55,27.82,27.54,27.8,90245.0
2026-07-07,2026-07-07 11:10:00,27.81,27.85,27.67,27.82,67847.0
2026-07-07,2026-07-07 11:15:00,27.83,27.97,27.76,27.76,89188.0
2026-07-07,2026-07-07 11:20:00,27.77,27.82,27.66,27.665,46713.0
2026-07-07,2026-07-07 11:25:00,27.68,27.75,27.44,27.715,204467.0
2026-07-07,2026-07-07 11:30:00,27.715,27.91,27.68,27.85,124941.0
2026-07-07,2026-07-07 11:35:00,27.85,27.98,27.805,27.81,233330.0
2026-07-07,2026-07-07 11:40:00,27.78,27.9,27.665,27.665,79828.0
2026-07-07,2026-07-07 11:45:00,27.665,27.87,27.65,27.78,57984.0
2026-07-07,2026-07-07 11:50:00,27.795,27.84,27.73,27.74,22633.0
2026-07-07,2026-07-07 11:55:00,27.725,27.725,27.43,27.47,268561.0
2026-07-07,2026-07-07 12:00:00,27.47,27.486,27.0,27.22,293730.0
2026-07-07,2026-07-07 12:05:00,27.23,27.57,27.22,27.5,150244.0
2026-07-07,2026-07-07 12:10:00,27.5,27.73,27.46,27.48,81552.0
2026-07-07,2026-07-07 12:15:00,27.49,27.87,27.48,27.87,127327.0
2026-07-07,2026-07-07 12:20:00,27.85,28.17,27.84,28.1,165865.0
2026-07-07,2026-07-07 12:25:00,28.11,28.17,28.075,28.075,32792.0
2026-07-07,2026-07-07 12:30:00,28.0755,28.14,28.06,28.11,50177.0
2026-07-07,2026-07-07 12:35:00,28.105,28.16,28.01,28.0551,35567.0
2026-07-07,2026-07-07 12:40:00,28.04,28.14,28.025,28.1,94820.0
2026-07-07,2026-07-07 12:45:00,28.1125,28.17,28.07,28.145,65569.0
2026-07-07,2026-07-07 12:50:00,28.15,28.22,28.0,28.035,56882.0
2026-07-07,2026-07-07 12:55:00,28.035,28.072,28.0,28.04,55775.0
2026-07-07,2026-07-07 13:00:00,28.04,28.08,27.95,28.035,83045.0
2026-07-07,2026-07-07 13:05:00,28.03,28.105,27.87,27.87,37923.0
2026-07-07,2026-07-07 13:10:00,27.85,27.89,27.75,27.8,104737.0
2026-07-07,2026-07-07 13:15:00,27.7905,27.82,27.68,27.685,48855.0
2026-07-07,2026-07-07 13:20:00,27.69,27.73,27.57,27.71,94878.0
2026-07-07,2026-07-07 13:25:00,27.72,27.77,27.66,27.7,65785.0
2026-07-07,2026-07-07 13:30:00,27.7,27.79,27.56,27.58,79208.0
2026-07-07,2026-07-07 13:35:00,27.59,27.67,27.535,27.625,157277.0
2026-07-07,2026-07-07 13:40:00,27.63,27.71,27.59,27.6,71627.0
2026-07-07,2026-07-07 13:45:00,27.6,27.725,27.59,27.725,33389.0
2026-07-07,2026-07-07 13:50:00,27.7,27.72,27.67,27.68,25145.0
2026-07-07,2026-07-07 13:55:00,27.685,27.7075,27.64,27.69,37860.0
2026-07-07,2026-07-07 14:00:00,27.685,27.72,27.62,27.72,53656.0
2026-07-07,2026-07-07 14:05:00,27.72,27.77,27.66,27.69,56438.0
2026-07-07,2026-07-07 14:10:00,27.69,27.75,27.66,27.67,64477.0
2026-07-07,2026-07-07 14:15:00,27.66,27.76,27.63,27.715,48364.0
2026-07-07,2026-07-07 14:20:00,27.71,27.75,27.63,27.665,39221.0
2026-07-07,2026-07-07 14:25:00,27.66,27.67,27.62,27.65,35942.0
2026-07-07,2026-07-07 14:30:00,27.655,27.66,27.565,27.59,58164.0
2026-07-07,2026-07-07 14:35:00,27.59,27.62,27.53,27.6,50120.0
2026-07-07,2026-07-07 14:40:00,27.6,27.655,27.56,27.645,52441.0
2026-07-07,2026-07-07 14:45:00,27.645,27.65,27.61,27.62,38284.0
2026-07-07,2026-07-07 14:50:00,27.625,27.635,27.56,27.59,80504.0
2026-07-07,2026-07-07 14:55:00,27.596,27.605,27.47,27.5101,64623.0
2026-07-07,2026-07-07 15:00:00,27.51,27.745,27.49,27.69,74730.0
2026-07-07,2026-07-07 15:05:00,27.68,27.735,27.65,27.68,67088.0
2026-07-07,2026-07-07 15:10:00,27.69,27.69,27.58,27.59,69225.0
2026-07-07,2026-07-07 15:15:00,27.58,27.61,27.54,27.56,86698.0
2026-07-07,2026-07-07 15:20:00,27.56,27.63,27.51,27.59,63539.0
2026-07-07,2026-07-07 15:25:00,27.58,27.59,27.45,27.465,68013.0
2026-07-07,2026-07-07 15:30:00,27.465,27.475,27.37,27.43,79864.0
2026-07-07,2026-07-07 15:35:00,27.44,27.7,27.44,27.6801,118721.0
2026-07-07,2026-07-07 15:40:00,27.68,27.72,27.515,27.68,115381.0
2026-07-07,2026-07-07 15:45:00,27.68,27.68,27.48,27.48,73912.0
2026-07-07,2026-07-07 15:50:00,27.4835,27.49,27.33,27.34,108000.0
2026-07-07,2026-07-07 15:55:00,27.35,27.52,27.3,27.52,190719.0
2026-07-07,2026-07-07 16:00:00,27.51,27.51,27.15,27.25,758514.0
2026-07-08,2026-07-08 09:35:00,25.5,25.8,24.1513,25.54,410847.0
2026-07-08,2026-07-08 09:40:00,25.48,25.59,25.25,25.45,62978.0
2026-07-08,2026-07-08 09:45:00,25.45,25.73,25.385,25.475,53247.0
2026-07-08,2026-07-08 09:50:00,25.475,25.64,25.29,25.39,201262.0
2026-07-08,2026-07-08 09:55:00,25.41,25.77,25.385,25.6,118455.0
2026-07-08,2026-07-08 10:00:00,25.6,25.67,25.575,25.61,127209.0
2026-07-08,2026-07-08 10:05:00,25.61,25.71,25.3808,25.47,111392.0
2026-07-08,2026-07-08 10:10:00,25.47,25.61,25.47,25.48,36264.0
2026-07-08,2026-07-08 10:15:00,25.475,25.64,25.42,25.5,164730.0
2026-07-08,2026-07-08 10:20:00,25.5,25.65,25.37,25.44,427933.0
2026-07-08,2026-07-08 10:25:00,25.44,25.49,25.32,25.35,169776.0
2026-07-08,2026-07-08 10:30:00,25.35,25.35,25.11,25.23,93367.0
2026-07-08,2026-07-08 10:35:00,25.23,25.39,25.21,25.37,49174.0
2026-07-08,2026-07-08 10:40:00,25.36,25.365,25.1901,25.24,73887.0
2026-07-08,2026-07-08 10:45:00,25.24,25.38,25.24,25.31,59384.0
2026-07-08,2026-07-08 10:50:00,25.29,25.29,25.13,25.16,46612.0
2026-07-08,2026-07-08 10:55:00,25.16,25.23,25.14,25.185,31802.0
2026-07-08,2026-07-08 11:00:00,25.18,25.19,25.03,25.065,111321.0
2026-07-08,2026-07-08 11:05:00,25.06,25.16,25.0501,25.125,31514.0
2026-07-08,2026-07-08 11:10:00,25.12,25.19,25.09,25.095,35411.0
2026-07-08,2026-07-08 11:15:00,25.085,25.13,25.065,25.085,27758.0
2026-07-08,2026-07-08 11:20:00,25.1,25.1,24.94,25.02,90996.0
2026-07-08,2026-07-08 11:25:00,25.01,25.01,24.91,24.935,43775.0
2026-07-08,2026-07-08 11:30:00,24.935,24.9595,24.83,24.83,109195.0
2026-07-08,2026-07-08 11:35:00,24.83,24.88,24.68,24.79,195464.0
2026-07-08,2026-07-08 11:40:00,24.78,24.835,24.705,24.755,82885.0
2026-07-08,2026-07-08 11:45:00,24.755,24.83,24.68,24.82,238148.0
2026-07-08,2026-07-08 11:50:00,24.81,24.97,24.771,24.94,61768.0
2026-07-08,2026-07-08 11:55:00,24.92,24.9299,24.7501,24.815,42449.0
2026-07-08,2026-07-08 12:00:00,24.815,24.865,24.78,24.8,24375.0
2026-07-08,2026-07-08 12:05:00,24.8,25.05,24.8,25.035,51240.0
2026-07-08,2026-07-08 12:10:00,25.04,25.06,24.8901,24.95,91809.0
2026-07-08,2026-07-08 12:15:00,24.96,24.96,24.88,24.895,17686.0
2026-07-08,2026-07-08 12:20:00,24.89,24.89,24.77,24.79,44134.0
2026-07-08,2026-07-08 12:25:00,24.8,24.875,24.8,24.84,27814.0
2026-07-08,2026-07-08 12:30:00,24.85,24.985,24.85,24.945,22142.0
2026-07-08,2026-07-08 12:35:00,24.945,24.995,24.93,24.93,23217.0
2026-07-08,2026-07-08 12:40:00,24.925,24.945,24.825,24.87,24687.0
2026-07-08,2026-07-08 12:45:00,24.87,24.97,24.87,24.89,17514.0
2026-07-08,2026-07-08 12:50:00,24.88,24.96,24.86,24.9,33013.0
2026-07-08,2026-07-08 12:55:00,24.902,24.965,24.895,24.965,17151.0
2026-07-08,2026-07-08 13:00:00,24.97,24.97,24.9326,24.9326,10941.0
2026-07-08,2026-07-08 13:05:00,24.94,24.94,24.79,24.79,32620.0
2026-07-08,2026-07-08 13:10:00,24.79,24.805,24.75,24.755,27478.0
2026-07-08,2026-07-08 13:15:00,24.75,24.75,24.6442,24.7,30700.0
2026-07-08,2026-07-08 13:20:00,24.705,24.9,24.6929,24.87,41443.0
2026-07-08,2026-07-08 13:25:00,24.8799,24.945,24.835,24.9,79807.0
2026-07-08,2026-07-08 13:30:00,24.91,25.05,24.91,24.97,48720.0
2026-07-08,2026-07-08 13:35:00,24.97,25.0,24.96,24.98,32436.0
2026-07-08,2026-07-08 13:40:00,24.975,25.03,24.96,25.03,71628.0
2026-07-08,2026-07-08 13:45:00,25.035,25.14,25.035,25.1061,76461.0
2026-07-08,2026-07-08 13:50:00,25.1,25.11,25.0,25.11,60923.0
2026-07-08,2026-07-08 13:55:00,25.11,25.11,25.08,25.09,42668.0
2026-07-08,2026-07-08 14:00:00,25.09,25.11,24.97,24.98,34922.0
2026-07-08,2026-07-08 14:05:00,24.9701,25.19,24.97,25.19,220011.0
2026-07-08,2026-07-08 14:10:00,25.19,25.19,25.11,25.19,46877.0
2026-07-08,2026-07-08 14:15:00,25.19,25.34,25.185,25.33,72645.0
2026-07-08,2026-07-08 14:20:00,25.33,25.42,25.14,25.17,79757.0
2026-07-08,2026-07-08 14:25:00,25.17,25.195,25.14,25.175,35676.0
2026-07-08,2026-07-08 14:30:00,25.175,25.18,25.165,25.175,21269.0
2026-07-08,2026-07-08 14:35:00,25.18,25.36,25.12,25.315,80152.0
2026-07-08,2026-07-08 14:40:00,25.315,25.43,25.285,25.405,55010.0
2026-07-08,2026-07-08 14:45:00,25.4,25.55,25.4,25.55,82834.0
2026-07-08,2026-07-08 14:50:00,25.55,25.77,25.4625,25.645,155015.0
2026-07-08,2026-07-08 14:55:00,25.645,25.74,25.64,25.705,90527.0
2026-07-08,2026-07-08 15:00:00,25.7,25.71,25.6,25.615,32271.0
2026-07-08,2026-07-08 15:05:00,25.62,25.635,25.38,25.38,51146.0
2026-07-08,2026-07-08 15:10:00,25.39,25.47,25.265,25.465,116003.0
2026-07-08,2026-07-08 15:15:00,25.455,25.46,25.26,25.265,127352.0
2026-07-08,2026-07-08 15:20:00,25.265,25.37,25.255,25.34,119821.0
2026-07-08,2026-07-08 15:25:00,25.335,25.415,25.325,25.41,61472.0
2026-07-08,2026-07-08 15:30:00,25.41,25.41,25.38,25.3801,57834.0
2026-07-08,2026-07-08 15:35:00,25.385,25.385,25.285,25.345,86780.0
2026-07-08,2026-07-08 15:40:00,25.345,25.42,25.3,25.33,63954.0
2026-07-08,2026-07-08 15:45:00,25.34,25.54,25.33,25.53,94593.0
2026-07-08,2026-07-08 15:50:00,25.52,25.76,25.47,25.755,178642.0
2026-07-08,2026-07-08 15:55:00,25.74,25.905,25.68,25.87,338148.0
2026-07-08,2026-07-08 16:00:00,25.87,25.89,25.515,25.52,927986.0
2026-07-09,2026-07-09 09:35:00,25.06,25.24,24.645,25.14,115154.0
2026-07-09,2026-07-09 09:40:00,25.205,25.52,25.2,25.425,33160.0
2026-07-09,2026-07-09 09:45:00,25.5,25.82,25.43,25.71,63158.0
2026-07-09,2026-07-09 09:50:00,25.7,25.88,25.635,25.635,43130.0
2026-07-09,2026-07-09 09:55:00,25.7,25.89,25.65,25.85,17762.0
2026-07-09,2026-07-09 10:00:00,25.89,25.95,25.775,25.84,24382.0
2026-07-09,2026-07-09 10:05:00,25.84,25.95,25.7768,25.9416,35820.0
2026-07-09,2026-07-09 10:10:00,25.93,25.98,25.77,25.79,70554.0
2026-07-09,2026-07-09 10:15:00,25.74,25.81,25.6901,25.77,28286.0
2026-07-09,2026-07-09 10:20:00,25.76,25.765,25.62,25.63,22308.0
2026-07-09,2026-07-09 10:25:00,25.61,25.61,25.47,25.56,29891.0
2026-07-09,2026-07-09 10:30:00,25.58,25.6953,25.58,25.63,15340.0
2026-07-09,2026-07-09 10:35:00,25.66,25.7,25.62,25.655,20776.0
2026-07-09,2026-07-09 10:40:00,25.66,25.82,25.66,25.8,55015.0
2026-07-09,2026-07-09 10:45:00,25.79,25.81,25.73,25.75,20192.0
2026-07-09,2026-07-09 10:50:00,25.755,25.9,25.755,25.76,70199.0
2026-07-09,2026-07-09 10:55:00,25.73,25.73,25.6,25.72,35477.0
2026-07-09,2026-07-09 11:00:00,25.73,25.82,25.71,25.8,14523.0
2026-07-09,2026-07-09 11:05:00,25.8,25.82,25.735,25.74,32806.0
2026-07-09,2026-07-09 11:10:00,25.73,25.755,25.635,25.655,22680.0
2026-07-09,2026-07-09 11:15:00,25.66,25.72,25.59,25.6299,28243.0
2026-07-09,2026-07-09 11:20:00,25.63,25.685,25.565,25.6,27904.0
2026-07-09,2026-07-09 11:25:00,25.6,25.68,25.58,25.5949,21874.0
2026-07-09,2026-07-09 11:30:00,25.605,25.625,25.555,25.575,16374.0
2026-07-09,2026-07-09 11:35:00,25.575,25.5855,25.53,25.54,17490.0
2026-07-09,2026-07-09 11:40:00,25.55,25.675,25.55,25.67,57144.0
2026-07-09,2026-07-09 11:45:00,25.66,25.7201,25.65,25.705,26849.0
2026-07-09,2026-07-09 11:50:00,25.69,25.79,25.655,25.77,60437.0
2026-07-09,2026-07-09 11:55:00,25.76,25.76,25.63,25.69,65997.0
2026-07-09,2026-07-09 12:00:00,25.72,25.72,25.69,25.715,17406.0
2026-07-09,2026-07-09 12:05:00,25.705,25.735,25.7,25.71,18639.0
2026-07-09,2026-07-09 12:10:00,25.71,25.795,25.705,25.755,31938.0
2026-07-09,2026-07-09 12:15:00,25.755,25.77,25.68,25.68,26893.0
2026-07-09,2026-07-09 12:20:00,25.68,25.7,25.63,25.63,25085.0
2026-07-09,2026-07-09 12:25:00,25.62,25.635,25.59,25.595,19564.0
2026-07-09,2026-07-09 12:30:00,25.595,25.71,25.585,25.69,29604.0
2026-07-09,2026-07-09 12:35:00,25.68,25.75,25.68,25.75,26687.0
2026-07-09,2026-07-09 12:40:00,25.755,25.83,25.745,25.83,25156.0
2026-07-09,2026-07-09 12:45:00,25.82,25.825,25.775,25.8,43108.0
2026-07-09,2026-07-09 12:50:00,25.82,25.831,25.79,25.79,25211.0
2026-07-09,2026-07-09 12:55:00,25.79,25.8,25.7,25.7,21030.0
2026-07-09,2026-07-09 13:00:00,25.69,25.74,25.685,25.735,24050.0
2026-07-09,2026-07-09 13:05:00,25.735,25.77,25.7201,25.725,19439.0
2026-07-09,2026-07-09 13:10:00,25.725,25.755,25.65,25.655,18741.0
2026-07-09,2026-07-09 13:15:00,25.65,25.68,25.645,25.68,17479.0
2026-07-09,2026-07-09 13:20:00,25.675,25.925,25.66,25.925,68869.0
2026-07-09,2026-07-09 13:25:00,25.93,25.93,25.8,25.84,40951.0
2026-07-09,2026-07-09 13:30:00,25.84,25.9,25.84,25.87,24814.0
2026-07-09,2026-07-09 13:35:00,25.86,25.89,25.74,25.81,46687.0
2026-07-09,2026-07-09 13:40:00,25.795,25.81,25.75,25.75,8880.0
2026-07-09,2026-07-09 13:45:00,25.74,25.74,25.7132,25.73,18065.0
2026-07-09,2026-07-09 13:50:00,25.725,25.73,25.71,25.715,11692.0
2026-07-09,2026-07-09 13:55:00,25.715,25.725,25.66,25.7,16636.0
2026-07-09,2026-07-09 14:00:00,25.6901,25.74,25.6901,25.72,14336.0
2026-07-09,2026-07-09 14:05:00,25.72,25.75,25.72,25.735,20350.0
2026-07-09,2026-07-09 14:10:00,25.74,25.76,25.68,25.685,29515.0
2026-07-09,2026-07-09 14:15:00,25.685,25.69,25.65,25.675,26460.0
2026-07-09,2026-07-09 14:20:00,25.68,25.68,25.625,25.625,8978.0
2026-07-09,2026-07-09 14:25:00,25.625,25.68,25.615,25.665,20866.0
2026-07-09,2026-07-09 14:30:00,25.67,25.69,25.6125,25.615,20818.0
2026-07-09,2026-07-09 14:35:00,25.615,25.68,25.6,25.64,48085.0
2026-07-09,2026-07-09 14:40:00,25.645,25.735,25.64,25.72,41123.0
2026-07-09,2026-07-09 14:45:00,25.71,25.795,25.705,25.79,31847.0
2026-07-09,2026-07-09 14:50:00,25.79,25.815,25.775,25.775,21351.0
2026-07-09,2026-07-09 14:55:00,25.775,25.78,25.73,25.77,21059.0
2026-07-09,2026-07-09 15:00:00,25.765,25.765,25.73,25.75,25460.0
2026-07-09,2026-07-09 15:05:00,25.745,25.7599,25.725,25.735,23481.0
2026-07-09,2026-07-09 15:10:00,25.725,25.725,25.62,25.63,35106.0
2026-07-09,2026-07-09 15:15:00,25.63,25.755,25.63,25.735,28797.0
2026-07-09,2026-07-09 15:20:00,25.74,25.78,25.74,25.775,22769.0
2026-07-09,2026-07-09 15:25:00,25.77,25.79,25.76,25.775,19484.0
2026-07-09,2026-07-09 15:30:00,25.77,25.789,25.735,25.789,52081.0
2026-07-09,2026-07-09 15:35:00,25.785,25.785,25.745,25.76,29106.0
2026-07-09,2026-07-09 15:40:00,25.75,25.78,25.73,25.755,43427.0
2026-07-09,2026-07-09 15:45:00,25.755,25.78,25.73,25.735,30064.0
2026-07-09,2026-07-09 15:50:00,25.735,25.745,25.65,25.7,78189.0
2026-07-09,2026-07-09 15:55:00,25.71,25.71,25.49,25.5897,145547.0
2026-07-09,2026-07-09 16:00:00,25.59,25.689,25.555,25.63,911264.0
2026-07-10,2026-07-10 09:35:00,25.89,25.95,25.06,25.41,51911.0
2026-07-10,2026-07-10 09:40:00,25.57,25.68,25.355,25.625,43046.0
2026-07-10,2026-07-10 09:45:00,25.55,25.625,25.44,25.455,14745.0
2026-07-10,2026-07-10 09:50:00,25.456,25.855,25.455,25.8,55333.0
2026-07-10,2026-07-10 09:55:00,25.76,25.985,25.755,25.82,74824.0
2026-07-10,2026-07-10 10:00:00,25.82,26.0,25.795,25.87,83095.0
2026-07-10,2026-07-10 10:05:00,25.85,25.94,25.785,25.865,29940.0
2026-07-10,2026-07-10 10:10:00,25.865,25.925,25.79,25.86,30834.0
2026-07-10,2026-07-10 10:15:00,25.87,25.87,25.815,25.83,18118.0
2026-07-10,2026-07-10 10:20:00,25.82,25.82,25.6,25.6,20389.0
2026-07-10,2026-07-10 10:25:00,25.62,25.62,25.48,25.571,20262.0
2026-07-10,2026-07-10 10:30:00,25.57,25.59,25.44,25.59,22322.0
2026-07-10,2026-07-10 10:35:00,25.54,25.54,25.26,25.345,37283.0
2026-07-10,2026-07-10 10:40:00,25.345,25.43,25.25,25.37,14577.0
2026-07-10,2026-07-10 10:45:00,25.37,25.42,25.315,25.385,27050.0
2026-07-10,2026-07-10 10:50:00,25.38,25.42,25.36,25.395,20228.0
2026-07-10,2026-07-10 10:55:00,25.395,25.4,25.24,25.24,22577.0
2026-07-10,2026-07-10 11:00:00,25.24,25.28,25.18,25.205,39662.0
2026-07-10,2026-07-10 11:05:00,25.2,25.21,25.12,25.14,22251.0
2026-07-10,2026-07-10 11:10:00,25.12,25.24,25.11,25.21,18891.0
2026-07-10,2026-07-10 11:15:00,25.22,25.285,25.22,25.27,16948.0
2026-07-10,2026-07-10 11:20:00,25.29,25.325,25.19,25.19,23257.0
2026-07-10,2026-07-10 11:25:00,25.2,25.27,25.15,25.26,27506.0
2026-07-10,2026-07-10 11:30:00,25.26,25.34,25.23,25.325,34553.0
2026-07-10,2026-07-10 11:35:00,25.33,25.37,25.255,25.34,35779.0
2026-07-10,2026-07-10 11:40:00,25.34,25.465,25.3,25.3209,17054.0
2026-07-10,2026-07-10 11:45:00,25.32,25.33,25.27,25.33,49521.0
2026-07-10,2026-07-10 11:50:00,25.33,25.33,25.27,25.29,13807.0
2026-07-10,2026-07-10 11:55:00,25.28,25.35,25.255,25.29,24712.0
2026-07-10,2026-07-10 12:00:00,25.29,25.42,25.29,25.37,19992.0
2026-07-10,2026-07-10 12:05:00,25.37,25.45,25.325,25.4,18285.0
2026-07-10,2026-07-10 12:10:00,25.405,25.44,25.36,25.36,19633.0
2026-07-10,2026-07-10 12:15:00,25.36,25.47,25.36,25.46,31347.0
2026-07-10,2026-07-10 12:20:00,25.46,25.53,25.46,25.495,9707.0
2026-07-10,2026-07-10 12:25:00,25.495,25.51,25.44,25.48,20143.0
2026-07-10,2026-07-10 12:30:00,25.49,25.57,25.49,25.545,27032.0
2026-07-10,2026-07-10 12:35:00,25.545,25.57,25.52,25.535,24123.0
2026-07-10,2026-07-10 12:40:00,25.53,25.56,25.505,25.52,12127.0
2026-07-10,2026-07-10 12:45:00,25.515,25.53,25.495,25.495,9957.0
2026-07-10,2026-07-10 12:50:00,25.5,25.54,25.5,25.52,9752.0
2026-07-10,2026-07-10 12:55:00,25.52,25.54,25.495,25.54,17033.0
2026-07-10,2026-07-10 13:00:00,25.52,25.58,25.515,25.56,18575.0
2026-07-10,2026-07-10 13:05:00,25.56,25.63,25.55,25.63,18031.0
2026-07-10,2026-07-10 13:10:00,25.63,25.635,25.58,25.59,24111.0
2026-07-10,2026-07-10 13:15:00,25.58,25.58,25.48,25.48,20005.0
2026-07-10,2026-07-10 13:20:00,25.48,25.49,25.425,25.46,34924.0
2026-07-10,2026-07-10 13:25:00,25.455,25.53,25.455,25.52,20229.0
2026-07-10,2026-07-10 13:30:00,25.515,25.575,25.515,25.53,21672.0
2026-07-10,2026-07-10 13:35:00,25.53,25.585,25.515,25.585,35974.0
2026-07-10,2026-07-10 13:40:00,25.585,25.71,25.575,25.695,30426.0
2026-07-10,2026-07-10 13:45:00,25.69,25.71,25.6301,25.665,25916.0
2026-07-10,2026-07-10 13:50:00,25.67,25.74,25.66,25.74,22504.0
2026-07-10,2026-07-10 13:55:00,25.73,25.795,25.725,25.78,43379.0
2026-07-10,2026-07-10 14:00:00,25.79,25.82,25.78,25.81,17812.0
2026-07-10,2026-07-10 14:05:00,25.8,25.85,25.755,25.84,30966.0
2026-07-10,2026-07-10 14:10:00,25.84,25.895,25.83,25.865,50909.0
2026-07-10,2026-07-10 14:15:00,25.87,25.91,25.845,25.9,27571.0
2026-07-10,2026-07-10 14:20:00,25.895,25.92,25.862,25.865,41458.0
2026-07-10,2026-07-10 14:25:00,25.865,25.92,25.83,25.905,46017.0
2026-07-10,2026-07-10 14:30:00,25.91,25.91,25.875,25.88,15448.0
2026-07-10,2026-07-10 14:35:00,25.88,25.95,25.88,25.92,44120.0
2026-07-10,2026-07-10 14:40:00,25.92,25.92,25.895,25.92,22259.0
2026-07-10,2026-07-10 14:45:00,25.915,25.93,25.905,25.91,22925.0
2026-07-10,2026-07-10 14:50:00,25.91,25.93,25.895,25.895,23184.0
2026-07-10,2026-07-10 14:55:00,25.895,25.92,25.895,25.92,20449.0
2026-07-10,2026-07-10 15:00:00,25.92,25.92,25.875,25.895,22389.0
2026-07-10,2026-07-10 15:05:00,25.895,25.895,25.855,25.89,23639.0
2026-07-10,2026-07-10 15:10:00,25.89,25.89,25.875,25.89,13157.0
2026-07-10,2026-07-10 15:15:00,25.885,25.93,25.885,25.925,19311.0
2026-07-10,2026-07-10 15:20:00,25.925,25.94,25.9,25.91,40959.0
2026-07-10,2026-07-10 15:25:00,25.905,25.915,25.87,25.885,37942.0
2026-07-10,2026-07-10 15:30:00,25.89,25.91,25.865,25.865,67115.0
2026-07-10,2026-07-10 15:35:00,25.86,25.89,25.83,25.83,55836.0
2026-07-10,2026-07-10 15:40:00,25.83,25.85,25.815,25.85,42498.0
2026-07-10,2026-07-10 15:45:00,25.845,25.955,25.845,25.9,71530.0
2026-07-10,2026-07-10 15:50:00,25.92,25.92,25.845,25.87,53562.0
2026-07-10,2026-07-10 15:55:00,25.87,26.01,25.87,25.93,156161.0
2026-07-10,2026-07-10 16:00:00,25.94,25.975,25.8,25.92,1048084.0
2026-07-13,2026-07-13 09:35:00,26.0,26.49,25.76,26.08,132896.0
2026-07-13,2026-07-13 09:40:00,26.15,26.2499,25.9501,26.06,7416.0
2026-07-13,2026-07-13 09:45:00,26.1143,26.16,25.9,26.07,9783.0
2026-07-13,2026-07-13 09:50:00,26.05,26.45,26.05,26.13,41777.0
2026-07-13,2026-07-13 09:55:00,26.145,26.17,25.945,26.16,20186.0
2026-07-13,2026-07-13 10:00:00,26.15,26.3,26.12,26.25,16131.0
2026-07-13,2026-07-13 10:05:00,26.205,26.215,25.9,25.93,44804.0
2026-07-13,2026-07-13 10:10:00,25.98,26.065,25.87,25.96,34404.0
2026-07-13,2026-07-13 10:15:00,25.9575,26.0,25.94,25.995,8753.0
2026-07-13,2026-07-13 10:20:00,26.0,26.0,25.75,25.85,34384.0
2026-07-13,2026-07-13 10:25:00,25.87,25.88,25.7601,25.805,16915.0
2026-07-13,2026-07-13 10:30:00,25.85,26.06,25.8075,26.035,56782.0
2026-07-13,2026-07-13 10:35:00,26.03,26.2125,25.98,26.195,19783.0
2026-07-13,2026-07-13 10:40:00,26.18,26.18,26.08,26.12,11697.0
2026-07-13,2026-07-13 10:45:00,26.15,26.24,26.1275,26.1275,32504.0
2026-07-13,2026-07-13 10:50:00,26.13,26.22,26.07,26.22,26466.0
2026-07-13,2026-07-13 10:55:00,26.25,26.255,26.08,26.105,12188.0
2026-07-13,2026-07-13 11:00:00,26.08,26.195,26.08,26.12,24325.0
2026-07-13,2026-07-13 11:05:00,26.1,26.17,26.06,26.095,12728.0
2026-07-13,2026-07-13 11:10:00,26.095,26.145,26.08,26.14,15729.0
2026-07-13,2026-07-13 11:15:00,26.1783,26.18,26.12,26.14,12537.0
2026-07-13,2026-07-13 11:20:00,26.14,26.18,26.12,26.14,27790.0
2026-07-13,2026-07-13 11:25:00,26.135,26.33,26.135,26.19,43471.0
2026-07-13,2026-07-13 11:30:00,26.21,26.21,26.07,26.105,13345.0
2026-07-13,2026-07-13 11:35:00,26.11,26.227,26.11,26.22,14252.0
2026-07-13,2026-07-13 11:40:00,26.22,26.22,26.085,26.115,15300.0
2026-07-13,2026-07-13 11:45:00,26.1151,26.135,26.05,26.05,12895.0
2026-07-13,2026-07-13 11:50:00,26.05,26.07,26.01,26.05,10956.0
2026-07-13,2026-07-13 11:55:00,26.05,26.18,26.0,26.025,28849.0
2026-07-13,2026-07-13 12:00:00,26.025,26.11,25.99,26.11,17840.0
2026-07-13,2026-07-13 12:05:00,26.11,26.12,26.08,26.09,9978.0
2026-07-13,2026-07-13 12:10:00,26.09,26.13,26.04,26.12,12938.0
2026-07-13,2026-07-13 12:15:00,26.14,26.15,26.07,26.07,36947.0
2026-07-13,2026-07-13 12:20:00,26.07,26.09,26.035,26.045,8825.0
2026-07-13,2026-07-13 12:25:00,26.03,26.03,25.962,26.015,17030.0
2026-07-13,2026-07-13 12:30:00,26.0,26.03,25.97,26.0,10459.0
2026-07-13,2026-07-13 12:35:00,26.01,26.01,25.95,25.97,9862.0
2026-07-13,2026-07-13 12:40:00,25.95,26.0,25.9,26.0,18228.0
2026-07-13,2026-07-13 12:45:00,25.97,26.07,25.97,26.01,11543.0
2026-07-13,2026-07-13 12:50:00,26.03,26.07,26.0,26.04,8382.0
2026-07-13,2026-07-13 12:55:00,26.0,26.025,25.97,26.025,6001.0
2026-07-13,2026-07-13 13:00:00,26.0,26.01,25.94,25.98,10502.0
2026-07-13,2026-07-13 13:05:00,25.985,26.0884,25.96,26.075,50372.0
2026-07-13,2026-07-13 13:10:00,26.06,26.145,26.06,26.13,9455.0
2026-07-13,2026-07-13 13:15:00,26.12,26.19,26.08,26.1,15120.0
2026-07-13,2026-07-13 13:20:00,26.09,26.09,26.05,26.05,9679.0
2026-07-13,2026-07-13 13:25:00,26.04,26.09,26.01,26.03,15076.0
2026-07-13,2026-07-13 13:30:00,26.01,26.03,26.0,26.03,7759.0
2026-07-13,2026-07-13 13:35:00,26.01,26.04,25.99,25.99,12392.0
2026-07-13,2026-07-13 13:40:00,25.995,26.0,25.89,25.91,13401.0
2026-07-13,2026-07-13 13:45:00,25.9,25.95,25.89,25.93,12474.0
2026-07-13,2026-07-13 13:50:00,25.94,25.97,25.83,25.835,33455.0
2026-07-13,2026-07-13 13:55:00,25.835,25.87,25.81,25.83,18490.0
2026-07-13,2026-07-13 14:00:00,25.84,25.89,25.78,25.85,23259.0
2026-07-13,2026-07-13 14:05:00,25.85,25.97,25.85,25.91,22861.0
2026-07-13,2026-07-13 14:10:00,25.93,25.95,25.88,25.88,11706.0
2026-07-13,2026-07-13 14:15:00,25.87,25.94,25.83,25.94,10134.0
2026-07-13,2026-07-13 14:20:00,25.92,25.95,25.845,25.845,22723.0
2026-07-13,2026-07-13 14:25:00,25.86,25.905,25.86,25.88,7472.0
2026-07-13,2026-07-13 14:30:00,25.88,25.885,25.81,25.83,12249.0
2026-07-13,2026-07-13 14:35:00,25.81,25.8499,25.8,25.82,16321.0
2026-07-13,2026-07-13 14:40:00,25.82,25.86,25.82,25.83,16333.0
2026-07-13,2026-07-13 14:45:00,25.83,25.865,25.83,25.86,21536.0
2026-07-13,2026-07-13 14:50:00,25.87,25.89,25.83,25.84,13762.0
2026-07-13,2026-07-13 14:55:00,25.83,25.89,25.82,25.82,18527.0
2026-07-13,2026-07-13 15:00:00,25.83,25.905,25.82,25.84,32637.0
2026-07-13,2026-07-13 15:05:00,25.83,25.9,25.81,25.82,36392.0
2026-07-13,2026-07-13 15:10:00,25.815,25.83,25.7409,25.75,22748.0
2026-07-13,2026-07-13 15:15:00,25.76,25.84,25.76,25.79,52633.0
2026-07-13,2026-07-13 15:20:00,25.78,25.85,25.76,25.79,23981.0
2026-07-13,2026-07-13 15:25:00,25.79,25.79,25.6,25.61,52053.0
2026-07-13,2026-07-13 15:30:00,25.61,25.655,25.55,25.63,56501.0
2026-07-13,2026-07-13 15:35:00,25.63,25.69,25.6,25.6207,45788.0
2026-07-13,2026-07-13 15:40:00,25.635,25.635,25.55,25.595,35432.0
2026-07-13,2026-07-13 15:45:00,25.595,25.7,25.585,25.65,88246.0
2026-07-13,2026-07-13 15:50:00,25.645,25.665,25.57,25.645,66158.0
2026-07-13,2026-07-13 15:55:00,25.65,26.1,25.65,26.0,239469.0
2026-07-13,2026-07-13 16:00:00,26.0,26.16,26.0,26.13,1897676.0
2026-07-14,2026-07-14 09:35:00,26.01,26.12,25.63,25.675,97277.0
2026-07-14,2026-07-14 09:40:00,25.68,25.89,25.62,25.73,15589.0
2026-07-14,2026-07-14 09:45:00,25.72,25.96,25.54,25.915,35389.0
2026-07-14,2026-07-14 09:50:00,25.88,25.95,25.8,25.935,35849.0
2026-07-14,2026-07-14 09:55:00,25.935,25.935,25.64,25.905,15453.0
2026-07-14,2026-07-14 10:00:00,25.87,26.04,25.795,26.0225,15516.0
2026-07-14,2026-07-14 10:05:00,25.97,26.0,25.77,25.815,21688.0
2026-07-14,2026-07-14 10:10:00,25.76,25.93,25.73,25.91,14311.0
2026-07-14,2026-07-14 10:15:00,25.89,25.89,25.79,25.845,9366.0
2026-07-14,2026-07-14 10:20:00,25.85,25.89,25.685,25.75,15057.0
2026-07-14,2026-07-14 10:25:00,25.755,25.92,25.755,25.8,23485.0
2026-07-14,2026-07-14 10:30:00,25.8,25.87,25.63,25.755,24631.0
2026-07-14,2026-07-14 10:35:00,25.82,26.045,25.81,25.975,28943.0
2026-07-14,2026-07-14 10:40:00,25.9,26.1,25.89,26.05,10310.0
2026-07-14,2026-07-14 10:45:00,26.09,26.1,25.94,25.97,18978.0
2026-07-14,2026-07-14 10:50:00,25.975,26.06,25.93,26.02,11099.0
2026-07-14,2026-07-14 10:55:00,26.01,26.085,25.97,26.06,27124.0
2026-07-14,2026-07-14 11:00:00,26.075,26.21,26.075,26.21,25079.0
2026-07-14,2026-07-14 11:05:00,26.24,26.37,26.23,26.35,30699.0
2026-07-14,2026-07-14 11:10:00,26.32,26.4,26.26,26.28,23592.0
2026-07-14,2026-07-14 11:15:00,26.29,26.29,26.14,26.14,18515.0
2026-07-14,2026-07-14 11:20:00,26.16,26.225,26.16,26.17,17321.0
2026-07-14,2026-07-14 11:25:00,26.15,26.15,25.98,26.015,27983.0
2026-07-14,2026-07-14 11:30:00,26.02,26.21,26.015,26.145,44874.0
2026-07-14,2026-07-14 11:35:00,26.14,26.215,26.09,26.09,74918.0
2026-07-14,2026-07-14 11:40:00,26.12,26.16,26.095,26.12,39176.0
2026-07-14,2026-07-14 11:45:00,26.11,26.23,25.99,26.2,73385.0
2026-07-14,2026-07-14 11:50:00,26.22,26.35,26.22,26.335,44266.0
2026-07-14,2026-07-14 11:55:00,26.335,26.35,26.21,26.22,32255.0
2026-07-14,2026-07-14 12:00:00,26.21,26.22,26.18,26.195,23772.0
2026-07-14,2026-07-14 12:05:00,26.21,26.21,26.12,26.14,15982.0
2026-07-14,2026-07-14 12:10:00,26.14,26.17,26.01,26.05,23407.0
2026-07-14,2026-07-14 12:15:00,26.045,26.0715,26.0,26.07,37423.0
2026-07-14,2026-07-14 12:20:00,26.07,26.13,25.98,26.125,52961.0
2026-07-14,2026-07-14 12:25:00,26.13,26.21,26.11,26.21,40271.0
2026-07-14,2026-07-14 12:30:00,26.205,26.29,26.195,26.29,34298.0
2026-07-14,2026-07-14 12:35:00,26.3,26.35,26.29,26.3,37616.0
2026-07-14,2026-07-14 12:40:00,26.3,26.32,26.235,26.26,36732.0
2026-07-14,2026-07-14 12:45:00,26.25,26.33,26.25,26.26,40983.0
2026-07-14,2026-07-14 12:50:00,26.28,26.31,26.23,26.245,43331.0
2026-07-14,2026-07-14 12:55:00,26.25,26.295,26.22,26.279,40703.0
2026-07-14,2026-07-14 13:00:00,26.275,26.29,26.24,26.29,18229.0
2026-07-14,2026-07-14 13:05:00,26.285,26.34,26.285,26.31,16768.0
2026-07-14,2026-07-14 13:10:00,26.31,26.33,26.31,26.33,7640.0
2026-07-14,2026-07-14 13:15:00,26.3202,26.33,26.24,26.25,14176.0
2026-07-14,2026-07-14 13:20:00,26.255,26.26,26.21,26.26,19325.0
2026-07-14,2026-07-14 13:25:00,26.26,26.26,26.195,26.195,12012.0
2026-07-14,2026-07-14 13:30:00,26.19,26.205,26.17,26.17,9251.0
2026-07-14,2026-07-14 13:35:00,26.17,26.195,26.12,26.12,22830.0
2026-07-14,2026-07-14 13:40:00,26.12,26.14,26.06,26.06,9556.0
2026-07-14,2026-07-14 13:45:00,26.05,26.105,26.045,26.045,10876.0
2026-07-14,2026-07-14 13:50:00,26.06,26.065,25.99,26.01,18490.0
2026-07-14,2026-07-14 13:55:00,26.01,26.03,25.92,25.935,13143.0
2026-07-14,2026-07-14 14:00:00,25.9413,25.9413,25.87,25.91,24494.0
2026-07-14,2026-07-14 14:05:00,25.9,26.01,25.89,26.0,28293.0
2026-07-14,2026-07-14 14:10:00,26.015,26.04,26.0,26.04,8298.0
2026-07-14,2026-07-14 14:15:00,26.04,26.07,26.02,26.068,17356.0
2026-07-14,2026-07-14 14:20:00,26.07,26.07,26.025,26.025,12977.0
2026-07-14,2026-07-14 14:25:00,26.035,26.095,26.025,26.07,13535.0
2026-07-14,2026-07-14 14:30:00,26.081,26.11,26.08,26.105,14060.0
2026-07-14,2026-07-14 14:35:00,26.105,26.15,26.09,26.15,11210.0
2026-07-14,2026-07-14 14:40:00,26.15,26.17,26.11,26.115,16914.0
2026-07-14,2026-07-14 14:45:00,26.11,26.11,26.005,26.02,25719.0
2026-07-14,2026-07-14 14:50:00,26.03,26.075,26.03,26.05,33109.0
2026-07-14,2026-07-14 14:55:00,26.05,26.075,26.02,26.04,22182.0
2026-07-14,2026-07-14 15:00:00,26.04,26.06,26.01,26.03,16045.0
2026-07-14,2026-07-14 15:05:00,26.04,26.07,26.01,26.01,23652.0
2026-07-14,2026-07-14 15:10:00,26.0,26.005,25.94,25.95,17606.0
2026-07-14,2026-07-14 15:15:00,25.95,26.055,25.95,26.05,21331.0
2026-07-14,2026-07-14 15:20:00,26.05,26.095,26.04,26.085,39369.0
2026-07-14,2026-07-14 15:25:00,26.085,26.13,26.08,26.11,29976.0
2026-07-14,2026-07-14 15:30:00,26.12,26.14,26.095,26.1,43731.0
2026-07-14,2026-07-14 15:35:00,26.105,26.11,26.08,26.08,50908.0
2026-07-14,2026-07-14 15:40:00,26.075,26.12,25.94,25.965,90737.0
2026-07-14,2026-07-14 15:45:00,25.965,25.965,25.84,25.86,54644.0
2026-07-14,2026-07-14 15:50:00,25.85,25.85,25.73,25.73,34964.0
2026-07-14,2026-07-14 15:55:00,25.74,25.96,25.72,25.91,109468.0
2026-07-14,2026-07-14 16:00:00,25.91,25.95,25.78,25.8,563364.0
2026-07-15,2026-07-15 09:35:00,25.52,26.045,25.52,25.775,72362.0
2026-07-15,2026-07-15 09:40:00,25.9499,25.9499,25.58,25.72,11954.0
2026-07-15,2026-07-15 09:45:00,25.64,25.64,25.36,25.36,33390.0
2026-07-15,2026-07-15 09:50:00,25.44,25.51,25.415,25.44,12587.0
2026-07-15,2026-07-15 09:55:00,25.44,25.47,25.25,25.385,31684.0
2026-07-15,2026-07-15 10:00:00,25.42,25.525,25.25,25.25,56139.0
2026-07-15,2026-07-15 10:05:00,25.27,25.63,25.2201,25.51,15976.0
2026-07-15,2026-07-15 10:10:00,25.57,25.81,25.56,25.75,17001.0
2026-07-15,2026-07-15 10:15:00,25.74,25.93,25.725,25.8,19927.0
2026-07-15,2026-07-15 10:20:00,25.83,25.9325,25.78,25.81,21290.0
2026-07-15,2026-07-15 10:25:00,25.75,25.91,25.68,25.68,11196.0
2026-07-15,2026-07-15 10:30:00,25.66,25.795,25.66,25.765,17522.0
2026-07-15,2026-07-15 10:35:00,25.74,25.775,25.575,25.58,18651.0
2026-07-15,2026-07-15 10:40:00,25.58,25.74,25.57,25.74,71836.0
2026-07-15,2026-07-15 10:45:00,25.74,25.8,25.36,25.36,69577.0
2026-07-15,2026-07-15 10:50:00,25.36,25.415,25.3,25.34,29151.0
2026-07-15,2026-07-15 10:55:00,25.35,25.36,25.24,25.27,24311.0
2026-07-15,2026-07-15 11:00:00,25.25,25.25,25.14,25.19,19622.0
2026-07-15,2026-07-15 11:05:00,25.2,25.32,25.195,25.22,31600.0
2026-07-15,2026-07-15 11:10:00,25.225,25.33,25.18,25.3,20269.0
2026-07-15,2026-07-15 11:15:00,25.3,25.56,25.29,25.56,40515.0
2026-07-15,2026-07-15 11:20:00,25.58,25.71,25.555,25.71,33751.0
2026-07-15,2026-07-15 11:25:00,25.705,25.705,25.62,25.64,22268.0
2026-07-15,2026-07-15 11:30:00,25.63,25.78,25.63,25.69,44821.0
2026-07-15,2026-07-15 11:35:00,25.68,25.71,25.64,25.67,15356.0
2026-07-15,2026-07-15 11:40:00,25.66,25.72,25.635,25.71,17563.0
2026-07-15,2026-07-15 11:45:00,25.72,25.82,25.71,25.725,50632.0
2026-07-15,2026-07-15 11:50:00,25.725,25.74,25.68,25.695,28337.0
2026-07-15,2026-07-15 11:55:00,25.68,25.72,25.66,25.695,16103.0
2026-07-15,2026-07-15 12:00:00,25.69,25.75,25.685,25.75,61373.0
2026-07-15,2026-07-15 12:05:00,25.755,25.95,25.73,25.81,125526.0
2026-07-15,2026-07-15 12:10:00,25.805,25.805,25.74,25.79,13911.0
2026-07-15,2026-07-15 12:15:00,25.79,25.835,25.765,25.775,17041.0
2026-07-15,2026-07-15 12:20:00,25.76,25.875,25.76,25.81,33006.0
2026-07-15,2026-07-15 12:25:00,25.8,25.8,25.74,25.74,18582.0
2026-07-15,2026-07-15 12:30:00,25.74,25.8,25.74,25.76,23225.0
2026-07-15,2026-07-15 12:35:00,25.78,25.8,25.595,25.595,13983.0
2026-07-15,2026-07-15 12:40:00,25.61,25.615,25.55,25.6,38920.0
2026-07-15,2026-07-15 12:45:00,25.57,25.57,25.5,25.53,15157.0
2026-07-15,2026-07-15 12:50:00,25.555,25.72,25.52,25.605,37229.0
2026-07-15,2026-07-15 12:55:00,25.63,25.65,25.57,25.57,11999.0
2026-07-15,2026-07-15 13:00:00,25.57,25.66,25.5601,25.66,19667.0
2026-07-15,2026-07-15 13:05:00,25.66,25.83,25.62,25.75,81802.0
2026-07-15,2026-07-15 13:10:00,25.74,25.74,25.65,25.66,17417.0
2026-07-15,2026-07-15 13:15:00,25.68,25.87,25.66,25.785,151997.0
2026-07-15,2026-07-15 13:20:00,25.79,25.93,25.79,25.87,93792.0
2026-07-15,2026-07-15 13:25:00,25.87,25.89,25.845,25.875,13433.0
2026-07-15,2026-07-15 13:30:00,25.88,25.91,25.875,25.895,23458.0
2026-07-15,2026-07-15 13:35:00,25.89,25.89,25.82,25.83,27142.0
2026-07-15,2026-07-15 13:40:00,25.84,25.86,25.82,25.86,18832.0
2026-07-15,2026-07-15 13:45:00,25.86,25.95,25.86,25.89,37997.0
2026-07-15,2026-07-15 13:50:00,25.89,25.89,25.7775,25.7775,23178.0
2026-07-15,2026-07-15 13:55:00,25.79,25.88,25.79,25.87,23885.0
2026-07-15,2026-07-15 14:00:00,25.86,25.88,25.805,25.88,19621.0
2026-07-15,2026-07-15 14:05:00,25.885,25.94,25.885,25.9,20812.0
2026-07-15,2026-07-15 14:10:00,25.89,25.92,25.84,25.845,22154.0
2026-07-15,2026-07-15 14:15:00,25.845,25.85,25.795,25.82,21156.0
2026-07-15,2026-07-15 14:20:00,25.83,25.84,25.81,25.82,25527.0
2026-07-15,2026-07-15 14:25:00,25.82,25.87,25.82,25.845,22470.0
2026-07-15,2026-07-15 14:30:00,25.845,25.87,25.77,25.815,29947.0
2026-07-15,2026-07-15 14:35:00,25.815,25.82,25.72,25.815,44495.0
2026-07-15,2026-07-15 14:40:00,25.815,25.83,25.69,25.69,31612.0
2026-07-15,2026-07-15 14:45:00,25.675,25.735,25.655,25.725,31712.0
2026-07-15,2026-07-15 14:50:00,25.72,25.745,25.69,25.7,33919.0
2026-07-15,2026-07-15 14:55:00,25.7,25.76,25.7,25.74,26297.0
2026-07-15,2026-07-15 15:00:00,25.74,25.78,25.67,25.7,57780.0
2026-07-15,2026-07-15 15:05:00,25.72,25.81,25.72,25.8,21433.0
2026-07-15,2026-07-15 15:10:00,25.8,25.8,25.7,25.705,18903.0
2026-07-15,2026-07-15 15:15:00,25.705,25.755,25.68,25.75,50729.0
2026-07-15,2026-07-15 15:20:00,25.75,25.785,25.715,25.72,41550.0
2026-07-15,2026-07-15 15:25:00,25.71,25.74,25.68,25.74,39970.0
2026-07-15,2026-07-15 15:30:00,25.74,25.78,25.73,25.74,23744.0
2026-07-15,2026-07-15 15:35:00,25.75,25.79,25.55,25.56,72317.0
2026-07-15,2026-07-15 15:40:00,25.56,25.58,25.46,25.49,82607.0
2026-07-15,2026-07-15 15:45:00,25.49,25.515,25.45,25.505,69567.0
2026-07-15,2026-07-15 15:50:00,25.5,25.56,25.365,25.56,132776.0
2026-07-15,2026-07-15 15:55:00,25.55,25.555,25.22,25.29,218306.0
2026-07-15,2026-07-15 16:00:00,25.27,25.305,25.018,25.29,2291424.0
2026-07-16,2026-07-16 09:35:00,26.03,27.0,25.29,26.27,344707.0
2026-07-16,2026-07-16 09:40:00,26.27,26.55,26.065,26.11,37960.0
2026-07-16,2026-07-16 09:45:00,26.105,26.2199,25.98,26.02,68627.0
2026-07-16,2026-07-16 09:50:00,26.2,26.33,25.99,26.08,26391.0
2026-07-16,2026-07-16 09:55:00,26.0451,26.23,26.0,26.0,21728.0
2026-07-16,2026-07-16 10:00:00,26.01,26.29,25.97,26.21,30819.0
2026-07-16,2026-07-16 10:05:00,26.16,26.37,26.09,26.22,71910.0
2026-07-16,2026-07-16 10:10:00,26.26,26.26,25.905,25.93,27952.0
2026-07-16,2026-07-16 10:15:00,25.93,26.17,25.93,26.025,54310.0
2026-07-16,2026-07-16 10:20:00,26.065,26.09,25.9301,25.96,24639.0
2026-07-16,2026-07-16 10:25:00,25.93,26.015,25.84,25.93,17670.0
2026-07-16,2026-07-16 10:30:00,25.93,26.2,25.73,26.195,88203.0
2026-07-16,2026-07-16 10:35:00,26.15,26.205,26.04,26.07,47598.0
2026-07-16,2026-07-16 10:40:00,26.08,26.37,26.08,26.37,29309.0
2026-07-16,2026-07-16 10:45:00,26.375,26.48,26.3,26.435,30187.0
2026-07-16,2026-07-16 10:50:00,26.42,26.5,26.37,26.41,41859.0
2026-07-16,2026-07-16 10:55:00,26.41,26.42,26.17,26.17,31989.0
2026-07-16,2026-07-16 11:00:00,26.165,26.26,26.165,26.2,40668.0
2026-07-16,2026-07-16 11:05:00,26.21,26.235,26.105,26.12,17742.0
2026-07-16,2026-07-16 11:10:00,26.11,26.22,26.11,26.22,17899.0
2026-07-16,2026-07-16 11:15:00,26.205,26.205,26.14,26.19,19521.0
2026-07-16,2026-07-16 11:20:00,26.2,26.21,26.04,26.11,35589.0
2026-07-16,2026-07-16 11:25:00,26.1,26.1,25.91,25.99,75805.0
2026-07-16,2026-07-16 11:30:00,26.025,26.04,25.94,25.98,47878.0
2026-07-16,2026-07-16 11:35:00,25.99,26.11,25.9875,26.11,41054.0
2026-07-16,2026-07-16 11:40:00,26.12,26.13,26.015,26.045,25610.0
2026-07-16,2026-07-16 11:45:00,26.04,26.04,25.955,25.975,21430.0
2026-07-16,2026-07-16 11:50:00,25.96,25.98,25.92,25.96,28340.0
2026-07-16,2026-07-16 11:55:00,25.95,25.98,25.935,25.94,32222.0
2026-07-16,2026-07-16 12:00:00,25.94,25.96,25.86,25.92,43636.0
2026-07-16,2026-07-16 12:05:00,25.91,26.0,25.895,25.955,17584.0
2026-07-16,2026-07-16 12:10:00,25.96,26.04,25.92,26.04,24667.0
2026-07-16,2026-07-16 12:15:00,26.03,26.04,25.92,25.98,15057.0
2026-07-16,2026-07-16 12:20:00,25.96,26.02,25.945,25.945,16836.0
2026-07-16,2026-07-16 12:25:00,25.94,25.94,25.84,25.86,23852.0
2026-07-16,2026-07-16 12:30:00,25.875,25.92,25.86,25.9,18479.0
2026-07-16,2026-07-16 12:35:00,25.935,25.96,25.91,25.93,21619.0
2026-07-16,2026-07-16 12:40:00,25.92,25.925,25.83,25.83,30063.0
2026-07-16,2026-07-16 12:45:00,25.835,25.9,25.835,25.9,9539.0
2026-07-16,2026-07-16 12:50:00,25.89,25.91,25.83,25.9,30332.0
2026-07-16,2026-07-16 12:55:00,25.91,26.0,25.89,25.98,42959.0
2026-07-16,2026-07-16 13:00:00,25.98,26.01,25.95,25.96,18747.0
2026-07-16,2026-07-16 13:05:00,25.95,25.98,25.91,25.965,14002.0
2026-07-16,2026-07-16 13:10:00,25.97,26.025,25.97,26.025,22691.0
2026-07-16,2026-07-16 13:15:00,26.01,26.02,25.87,25.88,22765.0
2026-07-16,2026-07-16 13:20:00,25.865,25.965,25.86,25.95,15242.0
2026-07-16,2026-07-16 13:25:00,25.96,25.975,25.79,25.79,25179.0
2026-07-16,2026-07-16 13:30:00,25.8,25.9,25.8,25.88,12827.0
2026-07-16,2026-07-16 13:35:00,25.88,25.9,25.745,25.78,23701.0
2026-07-16,2026-07-16 13:40:00,25.775,25.8,25.735,25.76,15106.0
2026-07-16,2026-07-16 13:45:00,25.77,25.79,25.73,25.745,21469.0
2026-07-16,2026-07-16 13:50:00,25.745,25.78,25.73,25.745,13997.0
2026-07-16,2026-07-16 13:55:00,25.745,25.75,25.67,25.715,21684.0
2026-07-16,2026-07-16 14:00:00,25.73,25.73,25.63,25.64,21477.0
2026-07-16,2026-07-16 14:05:00,25.64,25.8499,25.64,25.76,33124.0
2026-07-16,2026-07-16 14:10:00,25.745,25.77,25.69,25.71,30936.0
2026-07-16,2026-07-16 14:15:00,25.7,25.75,25.68,25.71,17486.0
2026-07-16,2026-07-16 14:20:00,25.71,25.79,25.67,25.75,19947.0
2026-07-16,2026-07-16 14:25:00,25.75,25.83,25.75,25.77,19048.0
2026-07-16,2026-07-16 14:30:00,25.76,25.8,25.685,25.685,20151.0
2026-07-16,2026-07-16 14:35:00,25.685,25.705,25.67,25.69,21190.0
2026-07-16,2026-07-16 14:40:00,25.69,25.7,25.64,25.64,16998.0
2026-07-16,2026-07-16 14:45:00,25.64,25.64,25.575,25.62,21644.0
2026-07-16,2026-07-16 14:50:00,25.62,25.67,25.54,25.61,47552.0
2026-07-16,2026-07-16 14:55:00,25.6001,25.6001,25.515,25.52,36492.0
2026-07-16,2026-07-16 15:00:00,25.52,25.54,25.5,25.53,18945.0
2026-07-16,2026-07-16 15:05:00,25.53,25.55,25.51,25.53,21788.0
2026-07-16,2026-07-16 15:10:00,25.52,25.54,25.46,25.46,50950.0
2026-07-16,2026-07-16 15:15:00,25.46,25.461,25.355,25.38,42753.0
2026-07-16,2026-07-16 15:20:00,25.39,25.53,25.39,25.51,45982.0
2026-07-16,2026-07-16 15:25:00,25.51,25.525,25.48,25.505,42839.0
2026-07-16,2026-07-16 15:30:00,25.505,25.55,25.425,25.52,53873.0
2026-07-16,2026-07-16 15:35:00,25.52,25.55,25.42,25.43,62962.0
2026-07-16,2026-07-16 15:40:00,25.44,25.61,25.42,25.565,58541.0
2026-07-16,2026-07-16 15:45:00,25.565,25.58,25.52,25.52,50177.0
2026-07-16,2026-07-16 15:50:00,25.52,25.575,25.5,25.52,59244.0
2026-07-16,2026-07-16 15:55:00,25.53,25.73,25.525,25.61,129975.0
2026-07-16,2026-07-16 16:00:00,25.64,25.82,25.64,25.8,923185.0
2026-07-17,2026-07-17 09:35:00,25.29,25.8801,25.21,25.83,57901.0
2026-07-17,2026-07-17 09:40:00,25.81,25.83,25.53,25.59,7948.0
2026-07-17,2026-07-17 09:45:00,25.63,25.885,25.59,25.74,14558.0
2026-07-17,2026-07-17 09:50:00,25.67,25.775,25.6101,25.77,9220.0
2026-07-17,2026-07-17 09:55:00,25.77,25.81,25.72,25.76,5578.0
2026-07-17,2026-07-17 10:00:00,25.67,25.8883,25.67,25.77,9591.0
2026-07-17,2026-07-17 10:05:00,25.77,25.85,25.68,25.83,20433.0
2026-07-17,2026-07-17 10:10:00,25.92,25.99,25.75,25.76,25064.0
2026-07-17,2026-07-17 10:15:00,25.76,25.88,25.71,25.76,21903.0
2026-07-17,2026-07-17 10:20:00,25.76,25.86,25.74,25.75,18440.0
2026-07-17,2026-07-17 10:25:00,25.75,25.78,25.71,25.75,23387.0
2026-07-17,2026-07-17 10:30:00,25.75,25.8,25.685,25.755,20061.0
2026-07-17,2026-07-17 10:35:00,25.73,25.785,25.68,25.71,21373.0
2026-07-17,2026-07-17 10:40:00,25.69,25.755,25.6701,25.6701,12879.0
2026-07-17,2026-07-17 10:45:00,25.69,25.69,25.58,25.59,9828.0
2026-07-17,2026-07-17 10:50:00,25.57,25.63,25.52,25.6,13581.0
2026-07-17,2026-07-17 10:55:00,25.59,25.59,25.45,25.51,13657.0
2026-07-17,2026-07-17 11:00:00,25.54,25.615,25.47,25.48,12652.0
2026-07-17,2026-07-17 11:05:00,25.49,25.52,25.46,25.48,9252.0
2026-07-17,2026-07-17 11:10:00,25.52,25.54,25.45,25.48,17819.0
2026-07-17,2026-07-17 11:15:00,25.485,25.485,25.39,25.41,15536.0
2026-07-17,2026-07-17 11:20:00,25.43,25.43,25.32,25.32,6487.0
2026-07-17,2026-07-17 11:25:00,25.31,25.31,25.25,25.27,15823.0
2026-07-17,2026-07-17 11:30:00,25.28,25.38,25.265,25.38,13536.0
2026-07-17,2026-07-17 11:35:00,25.38,25.45,25.36,25.415,15610.0
2026-07-17,2026-07-17 11:40:00,25.415,25.46,25.35,25.44,14626.0
2026-07-17,2026-07-17 11:45:00,25.46,25.46,25.4,25.43,8299.0
2026-07-17,2026-07-17 11:50:00,25.44,25.505,25.41,25.415,33503.0
2026-07-17,2026-07-17 11:55:00,25.42,25.4899,25.42,25.475,8993.0
2026-07-17,2026-07-17 12:00:00,25.49,25.51,25.455,25.48,10572.0
2026-07-17,2026-07-17 12:05:00,25.51,25.58,25.46,25.515,11202.0
2026-07-17,2026-07-17 12:10:00,25.5,25.5993,25.47,25.56,17232.0
2026-07-17,2026-07-17 12:15:00,25.55,25.555,25.48,25.51,12093.0
2026-07-17,2026-07-17 12:20:00,25.53,25.6,25.51,25.56,17973.0
2026-07-17,2026-07-17 12:25:00,25.57,25.57,25.47,25.555,14514.0
2026-07-17,2026-07-17 12:30:00,25.55,25.67,25.55,25.61,17891.0
2026-07-17,2026-07-17 12:35:00,25.625,25.625,25.56,25.56,14004.0
2026-07-17,2026-07-17 12:40:00,25.54,25.56,25.5,25.535,16541.0
2026-07-17,2026-07-17 12:45:00,25.53,25.6,25.52,25.6,8037.0
2026-07-17,2026-07-17 12:50:00,25.59,25.61,25.55,25.56,16267.0
2026-07-17,2026-07-17 12:55:00,25.57,25.615,25.56,25.6,20817.0
2026-07-17,2026-07-17 13:00:00,25.61,25.61,25.56,25.565,7703.0
2026-07-17,2026-07-17 13:05:00,25.58,25.59,25.55,25.57,10403.0
2026-07-17,2026-07-17 13:10:00,25.55,25.58,25.54,25.56,17993.0
2026-07-17,2026-07-17 13:15:00,25.55,25.7499,25.54,25.735,34276.0
2026-07-17,2026-07-17 13:20:00,25.76,25.78,25.73,25.76,14493.0
2026-07-17,2026-07-17 13:25:00,25.774,25.774,25.7,25.75,23721.0
2026-07-17,2026-07-17 13:30:00,25.75,25.84,25.75,25.83,18296.0
2026-07-17,2026-07-17 13:35:00,25.82,25.9,25.82,25.87,16362.0
2026-07-17,2026-07-17 13:40:00,25.86,25.9,25.85,25.89,19322.0
2026-07-17,2026-07-17 13:45:00,25.89,25.9,25.85,25.9,10123.0
2026-07-17,2026-07-17 13:50:00,25.895,25.93,25.825,25.9,29269.0
2026-07-17,2026-07-17 13:55:00,25.9,25.9,25.84,25.87,12857.0
2026-07-17,2026-07-17 14:00:00,25.865,25.9,25.83,25.88,12914.0
2026-07-17,2026-07-17 14:05:00,25.9,25.9,25.825,25.85,17555.0
2026-07-17,2026-07-17 14:10:00,25.84,25.865,25.83,25.84,13731.0
2026-07-17,2026-07-17 14:15:00,25.84,25.95,25.84,25.94,28620.0
2026-07-17,2026-07-17 14:20:00,25.92,25.92,25.87,25.87,25267.0
2026-07-17,2026-07-17 14:25:00,25.87,25.945,25.86,25.93,27167.0
2026-07-17,2026-07-17 14:30:00,25.935,26.0,25.93,25.96,20102.0
2026-07-17,2026-07-17 14:35:00,25.97,26.0,25.915,25.915,22577.0
2026-07-17,2026-07-17 14:40:00,25.9,25.9,25.85,25.86,18043.0
2026-07-17,2026-07-17 14:45:00,25.85,25.85,25.71,25.745,25679.0
2026-07-17,2026-07-17 14:50:00,25.745,25.86,25.745,25.86,14696.0
2026-07-17,2026-07-17 14:55:00,25.85,25.85,25.78,25.83,26493.0
2026-07-17,2026-07-17 15:00:00,25.83,25.87,25.82,25.855,13758.0
2026-07-17,2026-07-17 15:05:00,25.865,25.87,25.81,25.835,16995.0
2026-07-17,2026-07-17 15:10:00,25.835,25.84,25.8,25.8,20011.0
2026-07-17,2026-07-17 15:15:00,25.8,25.8,25.72,25.72,16541.0
2026-07-17,2026-07-17 15:20:00,25.74,25.84,25.74,25.81,48158.0
2026-07-17,2026-07-17 15:25:00,25.8,25.82,25.76,25.8,45132.0
2026-07-17,2026-07-17 15:30:00,25.8,25.87,25.79,25.83,52501.0
2026-07-17,2026-07-17 15:35:00,25.83,25.88,25.71,25.74,36457.0
2026-07-17,2026-07-17 15:40:00,25.72,25.79,25.685,25.73,58090.0
2026-07-17,2026-07-17 15:45:00,25.735,25.835,25.73,25.77,68456.0
2026-07-17,2026-07-17 15:50:00,25.77,25.94,25.72,25.915,118578.0
2026-07-17,2026-07-17 15:55:00,25.91,26.145,25.815,25.945,250344.0
2026-07-17,2026-07-17 16:00:00,25.97,26.01,25.87,25.96,1050452.0
2026-07-20,2026-07-20 09:35:00,26.055,26.5,25.5945,26.36,27795.0
2026-07-20,2026-07-20 09:40:00,26.36,26.4,25.965,26.085,48394.0
2026-07-20,2026-07-20 09:45:00,26.085,26.79,26.085,26.61,130817.0
2026-07-20,2026-07-20 09:50:00,26.6,26.83,26.39,26.45,47206.0
2026-07-20,2026-07-20 09:55:00,26.45,26.6,26.38,26.59,21885.0
2026-07-20,2026-07-20 10:00:00,26.595,26.655,26.51,26.63,15610.0
2026-07-20,2026-07-20 10:05:00,26.63,26.775,26.53,26.72,25488.0
2026-07-20,2026-07-20 10:10:00,26.67,26.695,26.52,26.53,18575.0
2026-07-20,2026-07-20 10:15:00,26.535,26.64,26.435,26.59,31862.0
2026-07-20,2026-07-20 10:20:00,26.605,26.7199,26.53,26.7199,9338.0
2026-07-20,2026-07-20 10:25:00,26.66,26.66,26.4309,26.56,23064.0
2026-07-20,2026-07-20 10:30:00,26.68,26.68,26.52,26.57,19877.0
2026-07-20,2026-07-20 10:35:00,26.58,26.685,26.56,26.67,21149.0
2026-07-20,2026-07-20 10:40:00,26.75,26.86,26.68,26.69,76076.0
2026-07-20,2026-07-20 10:45:00,26.71,26.81,26.59,26.62,14858.0
2026-07-20,2026-07-20 10:50:00,26.61,26.7627,26.61,26.66,15883.0
2026-07-20,2026-07-20 10:55:00,26.675,26.7,26.61,26.66,11078.0
2026-07-20,2026-07-20 11:00:00,26.665,26.78,26.65,26.78,24072.0
2026-07-20,2026-07-20 11:05:00,26.77,26.83,26.635,26.82,76750.0
2026-07-20,2026-07-20 11:10:00,26.78,26.83,26.72,26.78,16316.0
2026-07-20,2026-07-20 11:15:00,26.78,26.84,26.78,26.83,36506.0
2026-07-20,2026-07-20 11:20:00,26.83,27.035,26.83,26.98,33512.0
2026-07-20,2026-07-20 11:25:00,26.99,27.15,26.93,27.02,25175.0
2026-07-20,2026-07-20 11:30:00,27.015,27.08,26.95,27.0,20728.0
2026-07-20,2026-07-20 11:35:00,27.0,27.12,27.0,27.105,19546.0
2026-07-20,2026-07-20 11:40:00,27.09,27.09,27.02,27.06,17474.0
2026-07-20,2026-07-20 11:45:00,27.06,27.17,27.06,27.145,14995.0
2026-07-20,2026-07-20 11:50:00,27.13,27.175,27.11,27.17,25730.0
2026-07-20,2026-07-20 11:55:00,27.17,27.39,27.16,27.38,60500.0
2026-07-20,2026-07-20 12:00:00,27.39,27.4851,27.39,27.445,35638.0
2026-07-20,2026-07-20 12:05:00,27.45,27.585,27.42,27.57,20617.0
2026-07-20,2026-07-20 12:10:00,27.58,27.5992,27.44,27.51,76390.0
2026-07-20,2026-07-20 12:15:00,27.5,27.58,27.49,27.58,22448.0
2026-07-20,2026-07-20 12:20:00,27.57,27.58,27.52,27.565,22531.0
2026-07-20,2026-07-20 12:25:00,27.575,27.63,27.555,27.62,24346.0
2026-07-20,2026-07-20 12:30:00,27.62,27.64,27.54,27.585,20653.0
2026-07-20,2026-07-20 12:35:00,27.59,27.69,27.59,27.6725,25785.0
2026-07-20,2026-07-20 12:40:00,27.68,27.71,27.61,27.69,31717.0
2026-07-20,2026-07-20 12:45:00,27.7,27.76,27.59,27.62,47967.0
2026-07-20,2026-07-20 12:50:00,27.6,27.78,27.6,27.78,26268.0
2026-07-20,2026-07-20 12:55:00,27.77,27.83,27.7663,27.79,41481.0
2026-07-20,2026-07-20 13:00:00,27.79,27.79,27.67,27.72,26604.0
2026-07-20,2026-07-20 13:05:00,27.71,27.72,27.58,27.58,25652.0
2026-07-20,2026-07-20 13:10:00,27.56,27.58,27.43,27.545,44773.0
2026-07-20,2026-07-20 13:15:00,27.57,27.57,27.48,27.495,20327.0
2026-07-20,2026-07-20 13:20:00,27.48,27.53,27.45,27.47,20425.0
2026-07-20,2026-07-20 13:25:00,27.48,27.53,27.45,27.46,28730.0
2026-07-20,2026-07-20 13:30:00,27.465,27.59,27.45,27.59,21088.0
2026-07-20,2026-07-20 13:35:00,27.6,27.61,27.55,27.59,21778.0
2026-07-20,2026-07-20 13:40:00,27.585,27.7,27.57,27.62,32702.0
2026-07-20,2026-07-20 13:45:00,27.61,27.65,27.59,27.62,11624.0
2026-07-20,2026-07-20 13:50:00,27.62,27.72,27.62,27.7157,12939.0
2026-07-20,2026-07-20 13:55:00,27.718,27.79,27.715,27.775,10337.0
2026-07-20,2026-07-20 14:00:00,27.775,27.81,27.765,27.78,12060.0
2026-07-20,2026-07-20 14:05:00,27.78,27.82,27.72,27.75,20435.0
2026-07-20,2026-07-20 14:10:00,27.75,27.87,27.7309,27.87,31020.0
2026-07-20,2026-07-20 14:15:00,27.855,27.93,27.76,27.77,46834.0
2026-07-20,2026-07-20 14:20:00,27.77,27.81,27.74,27.77,24295.0
2026-07-20,2026-07-20 14:25:00,27.775,27.775,27.7103,27.735,22426.0
2026-07-20,2026-07-20 14:30:00,27.725,27.825,27.725,27.78,20406.0
2026-07-20,2026-07-20 14:35:00,27.79,27.79,27.65,27.68,26284.0
2026-07-20,2026-07-20 14:40:00,27.69,27.74,27.65,27.67,9736.0
2026-07-20,2026-07-20 14:45:00,27.65,27.65,27.49,27.49,36324.0
2026-07-20,2026-07-20 14:50:00,27.46,27.55,27.46,27.55,26264.0
2026-07-20,2026-07-20 14:55:00,27.53,27.585,27.5,27.575,17479.0
2026-07-20,2026-07-20 15:00:00,27.575,27.575,27.52,27.54,24216.0
2026-07-20,2026-07-20 15:05:00,27.54,27.57,27.51,27.56,12471.0
2026-07-20,2026-07-20 15:10:00,27.56,27.6,27.53,27.585,11746.0
2026-07-20,2026-07-20 15:15:00,27.58,27.59,27.49,27.5,18246.0
2026-07-20,2026-07-20 15:20:00,27.49,27.53,27.48,27.49,26473.0
2026-07-20,2026-07-20 15:25:00,27.52,27.61,27.52,27.6,15416.0
2026-07-20,2026-07-20 15:30:00,27.61,27.62,27.5,27.53,62506.0
2026-07-20,2026-07-20 15:35:00,27.54,27.74,27.53,27.735,30553.0
2026-07-20,2026-07-20 15:40:00,27.74,27.74,27.54,27.575,37405.0
2026-07-20,2026-07-20 15:45:00,27.57,27.64,27.555,27.61,34343.0
2026-07-20,2026-07-20 15:50:00,27.6,27.62,27.5553,27.62,35270.0
2026-07-20,2026-07-20 15:55:00,27.6,27.6025,27.37,27.405,86901.0
2026-07-20,2026-07-20 16:00:00,27.42,27.8125,27.42,27.73,576724.0
2026-07-21,2026-07-21 09:35:00,27.625,27.9427,27.38,27.9427,45057.0
2026-07-21,2026-07-21 09:40:00,27.8525,27.855,27.5,27.635,14293.0
2026-07-21,2026-07-21 09:45:00,27.635,27.88,27.37,27.88,17024.0
2026-07-21,2026-07-21 09:50:00,27.77,27.8599,27.5701,27.665,30935.0
2026-07-21,2026-07-21 09:55:00,27.67,27.87,27.36,27.605,107301.0
2026-07-21,2026-07-21 10:00:00,27.62,27.67,27.3852,27.3898,37814.0
2026-07-21,2026-07-21 10:05:00,27.42,27.47,27.2,27.295,29640.0
2026-07-21,2026-07-21 10:10:00,27.295,27.47,27.28,27.39,21728.0
2026-07-21,2026-07-21 10:15:00,27.4,27.45,27.1503,27.18,22404.0
2026-07-21,2026-07-21 10:20:00,27.185,27.185,26.96,27.06,39002.0
2026-07-21,2026-07-21 10:25:00,27.065,27.0753,26.96,26.96,21676.0
2026-07-21,2026-07-21 10:30:00,26.97,27.03,26.92,27.005,19683.0
2026-07-21,2026-07-21 10:35:00,27.03,27.06,26.96,26.99,26274.0
2026-07-21,2026-07-21 10:40:00,26.995,27.08,26.98,27.01,14057.0
2026-07-21,2026-07-21 10:45:00,27.03,27.06,26.76,26.76,32446.0
2026-07-21,2026-07-21 10:50:00,26.75,26.92,26.64,26.66,39362.0
2026-07-21,2026-07-21 10:55:00,26.65,26.745,26.63,26.66,43151.0
2026-07-21,2026-07-21 11:00:00,26.665,26.675,26.51,26.675,61709.0
2026-07-21,2026-07-21 11:05:00,26.69,26.7639,26.385,26.385,78933.0
2026-07-21,2026-07-21 11:10:00,26.385,26.43,26.32,26.385,30667.0
2026-07-21,2026-07-21 11:15:00,26.3803,26.44,26.34,26.34,22459.0
2026-07-21,2026-07-21 11:20:00,26.34,26.5425,26.32,26.49,33855.0
2026-07-21,2026-07-21 11:25:00,26.495,26.63,26.4,26.62,48732.0
2026-07-21,2026-07-21 11:30:00,26.64,26.64,26.3501,26.46,157472.0
2026-07-21,2026-07-21 11:35:00,26.45,26.495,26.405,26.41,35474.0
2026-07-21,2026-07-21 11:40:00,26.4048,26.52,26.2,26.52,42166.0
2026-07-21,2026-07-21 11:45:00,26.535,26.56,26.5,26.54,9774.0
2026-07-21,2026-07-21 11:50:00,26.53,26.551,26.49,26.525,15505.0
2026-07-21,2026-07-21 11:55:00,26.525,26.585,26.5,26.51,15888.0
2026-07-21,2026-07-21 12:00:00,26.52,26.78,26.48,26.7198,46312.0
2026-07-21,2026-07-21 12:05:00,26.7,26.76,26.66,26.755,30006.0
2026-07-21,2026-07-21 12:10:00,26.745,26.75,26.415,26.415,19841.0
2026-07-21,2026-07-21 12:15:00,26.39,26.39,26.16,26.175,50191.0
2026-07-21,2026-07-21 12:20:00,26.2,26.28,26.17,26.26,23570.0
2026-07-21,2026-07-21 12:25:00,26.26,26.3612,26.22,26.295,20902.0
2026-07-21,2026-07-21 12:30:00,26.28,26.32,26.23,26.2376,48777.0
2026-07-21,2026-07-21 12:35:00,26.24,26.25,26.055,26.105,45723.0
2026-07-21,2026-07-21 12:40:00,26.11,26.2,26.02,26.2,50042.0
2026-07-21,2026-07-21 12:45:00,26.17,26.19,26.13,26.13,10928.0
2026-07-21,2026-07-21 12:50:00,26.13,26.3,26.115,26.275,36757.0
2026-07-21,2026-07-21 12:55:00,26.27,26.29,26.25,26.25,11131.0
2026-07-21,2026-07-21 13:00:00,26.26,26.33,26.25,26.32,21973.0
2026-07-21,2026-07-21 13:05:00,26.325,26.405,26.28,26.35,53197.0
2026-07-21,2026-07-21 13:10:00,26.32,26.36,26.31,26.33,20262.0
2026-07-21,2026-07-21 13:15:00,26.325,26.325,26.265,26.2701,17446.0
2026-07-21,2026-07-21 13:20:00,26.25,26.25,26.21,26.25,20711.0
2026-07-21,2026-07-21 13:25:00,26.25,26.33,26.23,26.295,13515.0
2026-07-21,2026-07-21 13:30:00,26.295,26.3,26.27,26.27,7509.0
2026-07-21,2026-07-21 13:35:00,26.27,26.27,26.23,26.24,9339.0
2026-07-21,2026-07-21 13:40:00,26.24,26.325,26.22,26.31,12494.0
2026-07-21,2026-07-21 13:45:00,26.3,26.3,26.26,26.26,6636.0
2026-07-21,2026-07-21 13:50:00,26.26,26.265,26.24,26.26,6924.0
2026-07-21,2026-07-21 13:55:00,26.27,26.35,26.27,26.35,9624.0
2026-07-21,2026-07-21 14:00:00,26.34,26.36,26.34,26.35,7989.0
2026-07-21,2026-07-21 14:05:00,26.3599,26.37,26.34,26.35,15059.0
2026-07-21,2026-07-21 14:10:00,26.36,26.435,26.28,26.28,34517.0
2026-07-21,2026-07-21 14:15:00,26.275,26.275,26.17,26.24,29691.0
2026-07-21,2026-07-21 14:20:00,26.24,26.27,26.21,26.2629,13778.0
2026-07-21,2026-07-21 14:25:00,26.25,26.27,26.23,26.23,7761.0
2026-07-21,2026-07-21 14:30:00,26.23,26.23,26.16,26.18,17943.0
2026-07-21,2026-07-21 14:35:00,26.18,26.18,26.1,26.11,18124.0
2026-07-21,2026-07-21 14:40:00,26.1,26.105,26.06,26.07,17439.0
2026-07-21,2026-07-21 14:45:00,26.07,26.1,26.055,26.1,14091.0
2026-07-21,2026-07-21 14:50:00,26.1,26.105,26.06,26.105,13664.0
2026-07-21,2026-07-21 14:55:00,26.1,26.1,26.06,26.07,14616.0
2026-07-21,2026-07-21 15:00:00,26.06,26.06,25.97,26.01,33291.0
2026-07-21,2026-07-21 15:05:00,26.01,26.0925,25.995,26.085,15962.0
2026-07-21,2026-07-21 15:10:00,26.085,26.13,26.07,26.12,24619.0
2026-07-21,2026-07-21 15:15:00,26.12,26.12,26.03,26.03,18330.0
2026-07-21,2026-07-21 15:20:00,26.025,26.105,26.0,26.0,20768.0
2026-07-21,2026-07-21 15:25:00,25.99,26.045,25.99,26.01,20820.0
2026-07-21,2026-07-21 15:30:00,26.025,26.05,26.01,26.0302,18913.0
2026-07-21,2026-07-21 15:35:00,26.03,26.11,26.01,26.08,35423.0
2026-07-21,2026-07-21 15:40:00,26.08,26.1,26.06,26.06,29812.0
2026-07-21,2026-07-21 15:45:00,26.06,26.06,25.99,26.03,36964.0
2026-07-21,2026-07-21 15:50:00,26.03,26.16,26.03,26.13,48539.0
2026-07-21,2026-07-21 15:55:00,26.11,26.46,26.11,26.46,87238.0
2026-07-21,2026-07-21 16:00:00,26.47,26.685,26.47,26.62,740851.0
2026-07-22,2026-07-22 09:35:00,26.62,26.62,25.22,25.28,202220.0
2026-07-22,2026-07-22 09:40:00,25.3299,25.41,24.8,25.07,106223.0
2026-07-22,2026-07-22 09:45:00,25.08,25.12,24.83,24.84,118381.0
2026-07-22,2026-07-22 09:50:00,24.9,25.16,24.56,24.56,91639.0
2026-07-22,2026-07-22 09:55:00,24.58,24.66,24.41,24.5,77277.0
2026-07-22,2026-07-22 10:00:00,24.58,24.77,24.43,24.58,57140.0
2026-07-22,2026-07-22 10:05:00,24.62,24.915,24.6,24.625,53582.0
2026-07-22,2026-07-22 10:10:00,24.62,24.6799,24.41,24.645,67473.0
2026-07-22,2026-07-22 10:15:00,24.66,24.66,24.4,24.47,77858.0
2026-07-22,2026-07-22 10:20:00,24.48,24.54,24.33,24.405,107617.0
2026-07-22,2026-07-22 10:25:00,24.405,24.49,24.35,24.45,81488.0
2026-07-22,2026-07-22 10:30:00,24.425,24.47,24.14,24.15,185805.0
2026-07-22,2026-07-22 10:35:00,24.17,24.32,24.17,24.235,185405.0
2026-07-22,2026-07-22 10:40:00,24.25,24.3,24.09,24.12,116183.0
2026-07-22,2026-07-22 10:45:00,24.11,24.18,24.0,24.155,177943.0
2026-07-22,2026-07-22 10:50:00,24.16,24.16,23.97,23.995,97663.0
2026-07-22,2026-07-22 10:55:00,24.0098,24.15,23.92,24.145,70844.0
2026-07-22,2026-07-22 11:00:00,24.16,24.27,24.16,24.21,41073.0
2026-07-22,2026-07-22 11:05:00,24.195,24.195,24.09,24.1,34473.0
2026-07-22,2026-07-22 11:10:00,24.11,24.155,24.085,24.085,40194.0
2026-07-22,2026-07-22 11:15:00,24.07,24.105,23.99,24.01,35019.0
2026-07-22,2026-07-22 11:20:00,24.01,24.18,23.98,24.145,51330.0
2026-07-22,2026-07-22 11:25:00,24.145,24.37,24.145,24.26,35891.0
2026-07-22,2026-07-22 11:30:00,24.265,24.3,24.22,24.2219,25906.0
2026-07-22,2026-07-22 11:35:00,24.22,24.22,24.0401,24.045,22719.0
2026-07-22,2026-07-22 11:40:00,24.04,24.07,24.01,24.04,24922.0
2026-07-22,2026-07-22 11:45:00,24.04,24.175,24.04,24.14,37503.0
2026-07-22,2026-07-22 11:50:00,24.15,24.205,24.135,24.195,19627.0
2026-07-22,2026-07-22 11:55:00,24.195,24.22,24.1,24.1,27255.0
2026-07-22,2026-07-22 12:00:00,24.1,24.2,24.08,24.19,19782.0
2026-07-22,2026-07-22 12:05:00,24.19,24.205,24.13,24.14,17012.0
2026-07-22,2026-07-22 12:10:00,24.14,24.21,24.13,24.2,12065.0
2026-07-22,2026-07-22 12:15:00,24.2,24.22,24.175,24.19,18682.0
2026-07-22,2026-07-22 12:20:00,24.19,24.2,24.15,24.2,14459.0
2026-07-22,2026-07-22 12:25:00,24.19,24.22,24.0,24.21,67402.0
2026-07-22,2026-07-22 12:30:00,24.19,24.19,24.0,24.115,50016.0
2026-07-22,2026-07-22 12:35:00,24.11,24.21,24.1,24.16,14698.0
2026-07-22,2026-07-22 12:40:00,24.16,24.18,24.155,24.17,15255.0
2026-07-22,2026-07-22 12:45:00,24.16,24.17,24.09,24.1,19142.0
2026-07-22,2026-07-22 12:50:00,24.105,24.105,23.97,23.985,31429.0
2026-07-22,2026-07-22 12:55:00,23.965,24.04,23.92,24.01,23627.0
2026-07-22,2026-07-22 13:00:00,23.99,24.005,23.95,23.95,15741.0
2026-07-22,2026-07-22 13:05:00,23.945,23.95,23.8,23.8,36034.0
2026-07-22,2026-07-22 13:10:00,23.79,23.82,23.72,23.73,25961.0
2026-07-22,2026-07-22 13:15:00,23.73,23.8,23.72,23.77,29831.0
2026-07-22,2026-07-22 13:20:00,23.77,23.83,23.75,23.8,12921.0
2026-07-22,2026-07-22 13:25:00,23.8,23.92,23.79,23.92,37946.0
2026-07-22,2026-07-22 13:30:00,23.935,23.935,23.86,23.91,19902.0
2026-07-22,2026-07-22 13:35:00,23.9,23.9399,23.87,23.91,13021.0
2026-07-22,2026-07-22 13:40:00,23.91,23.9699,23.9,23.95,15047.0
2026-07-22,2026-07-22 13:45:00,23.94,23.94,23.87,23.885,10155.0
2026-07-22,2026-07-22 13:50:00,23.885,23.9,23.85,23.86,12379.0
2026-07-22,2026-07-22 13:55:00,23.86,23.9,23.7,23.725,18208.0
2026-07-22,2026-07-22 14:00:00,23.7001,23.74,23.69,23.71,18202.0
2026-07-22,2026-07-22 14:05:00,23.71,23.725,23.63,23.68,23163.0
2026-07-22,2026-07-22 14:10:00,23.69,23.69,23.6,23.6,10642.0
2026-07-22,2026-07-22 14:15:00,23.59,23.5935,23.55,23.575,17670.0
2026-07-22,2026-07-22 14:20:00,23.57,23.6127,23.485,23.5787,61841.0
2026-07-22,2026-07-22 14:25:00,23.57,23.655,23.57,23.63,13688.0
2026-07-22,2026-07-22 14:30:00,23.62,23.7,23.62,23.7,14496.0
2026-07-22,2026-07-22 14:35:00,23.71,23.7101,23.63,23.634,29718.0
2026-07-22,2026-07-22 14:40:00,23.67,23.69,23.66,23.68,11874.0
2026-07-22,2026-07-22 14:45:00,23.675,23.69,23.65,23.69,15674.0
2026-07-22,2026-07-22 14:50:00,23.69,23.75,23.65,23.65,19841.0
2026-07-22,2026-07-22 14:55:00,23.66,23.66,23.6,23.64,11960.0
2026-07-22,2026-07-22 15:00:00,23.65,23.685,23.65,23.65,17334.0
2026-07-22,2026-07-22 15:05:00,23.65,23.69,23.635,23.675,25486.0
2026-07-22,2026-07-22 15:10:00,23.67,23.6772,23.635,23.6772,18647.0
2026-07-22,2026-07-22 15:15:00,23.66,23.7,23.585,23.68,46852.0
2026-07-22,2026-07-22 15:20:00,23.68,23.74,23.625,23.65,20853.0
2026-07-22,2026-07-22 15:25:00,23.63,23.63,23.54,23.54,16117.0
2026-07-22,2026-07-22 15:30:00,23.55,23.57,23.5,23.555,41104.0
2026-07-22,2026-07-22 15:35:00,23.55,23.58,23.4926,23.4926,37608.0
2026-07-22,2026-07-22 15:40:00,23.495,23.5,23.41,23.47,65256.0
2026-07-22,2026-07-22 15:45:00,23.47,23.68,23.44,23.58,66939.0
2026-07-22,2026-07-22 15:50:00,23.57,23.5726,23.35,23.37,61566.0
2026-07-22,2026-07-22 15:55:00,23.35,23.5442,23.28,23.53,137432.0
2026-07-22,2026-07-22 16:00:00,23.54,23.7199,23.51,23.54,713149.0
2026-07-23,2026-07-23 09:35:00,23.14,23.49,22.76,22.93,95482.0
2026-07-23,2026-07-23 09:40:00,22.915,22.915,22.42,22.57,123613.0
2026-07-23,2026-07-23 09:45:00,22.61,22.92,22.5773,22.81,36385.0
2026-07-23,2026-07-23 09:50:00,22.82,22.93,22.74,22.8,37798.0
2026-07-23,2026-07-23 09:55:00,22.815,23.1288,22.815,23.105,49275.0
2026-07-23,2026-07-23 10:00:00,23.1,23.1,22.82,22.825,30821.0
2026-07-23,2026-07-23 10:05:00,22.825,22.84,22.58,22.625,27065.0
2026-07-23,2026-07-23 10:10:00,22.5819,22.71,22.495,22.52,28473.0
2026-07-23,2026-07-23 10:15:00,22.52,22.555,22.4,22.48,26031.0
2026-07-23,2026-07-23 10:20:00,22.495,22.6,22.47,22.52,21387.0
2026-07-23,2026-07-23 10:25:00,22.52,22.57,22.48,22.545,19526.0
2026-07-23,2026-07-23 10:30:00,22.5872,22.6,22.52,22.6,21534.0
2026-07-23,2026-07-23 10:35:00,22.6,22.64,22.52,22.55,21782.0
2026-07-23,2026-07-23 10:40:00,22.56,22.56,22.44,22.515,17316.0
2026-07-23,2026-07-23 10:45:00,22.49,22.525,22.36,22.36,22940.0
2026-07-23,2026-07-23 10:50:00,22.36,22.54,22.36,22.49,26912.0
2026-07-23,2026-07-23 10:55:00,22.47,22.5036,22.39,22.45,15734.0
2026-07-23,2026-07-23 11:00:00,22.46,22.63,22.45,22.52,12430.0
2026-07-23,2026-07-23 11:05:00,22.54,22.5799,22.49,22.53,19398.0
2026-07-23,2026-07-23 11:10:00,22.53,22.565,22.42,22.435,25118.0
2026-07-23,2026-07-23 11:15:00,22.435,22.475,22.41,22.45,20330.0
2026-07-23,2026-07-23 11:20:00,22.51,22.535,22.37,22.4,22533.0
2026-07-23,2026-07-23 11:25:00,22.41,22.51,22.41,22.5,13295.0
2026-07-23,2026-07-23 11:30:00,22.49,22.52,22.45,22.45,17062.0
2026-07-23,2026-07-23 11:35:00,22.46,22.49,22.4,22.49,14392.0
2026-07-23,2026-07-23 11:40:00,22.48,22.575,22.48,22.52,15445.0
2026-07-23,2026-07-23 11:45:00,22.54,22.585,22.49,22.53,8816.0
2026-07-23,2026-07-23 11:50:00,22.53,22.575,22.51,22.575,12460.0
2026-07-23,2026-07-23 11:55:00,22.55,22.7,22.55,22.69,16401.0
2026-07-23,2026-07-23 12:00:00,22.7,22.75,22.64,22.65,8987.0
2026-07-23,2026-07-23 12:05:00,22.65,22.745,22.6468,22.73,11016.0
2026-07-23,2026-07-23 12:10:00,22.71,22.73,22.69,22.7,12695.0
2026-07-23,2026-07-23 12:15:00,22.71,22.715,22.645,22.685,7249.0
2026-07-23,2026-07-23 12:20:00,22.685,22.71,22.66,22.66,13504.0
2026-07-23,2026-07-23 12:25:00,22.67,22.77,22.67,22.7401,11343.0
2026-07-23,2026-07-23 12:30:00,22.75,22.76,22.665,22.665,9454.0
2026-07-23,2026-07-23 12:35:00,22.67,22.67,22.635,22.635,6752.0
2026-07-23,2026-07-23 12:40:00,22.635,22.695,22.635,22.695,8718.0
2026-07-23,2026-07-23 12:45:00,22.695,22.695,22.61,22.61,8734.0
2026-07-23,2026-07-23 12:50:00,22.6,22.635,22.59,22.61,8388.0
2026-07-23,2026-07-23 12:55:00,22.6,22.625,22.57,22.57,10819.0
2026-07-23,2026-07-23 13:00:00,22.585,22.595,22.54,22.54,8665.0
2026-07-23,2026-07-23 13:05:00,22.53,22.59,22.53,22.575,13748.0
2026-07-23,2026-07-23 13:10:00,22.575,22.58,22.54,22.545,7618.0
2026-07-23,2026-07-23 13:15:00,22.54,22.565,22.51,22.52,8707.0
2026-07-23,2026-07-23 13:20:00,22.5,22.52,22.47,22.52,9412.0
2026-07-23,2026-07-23 13:25:00,22.52,22.525,22.49,22.52,6997.0
2026-07-23,2026-07-23 13:30:00,22.52,22.55,22.46,22.48,8463.0
2026-07-23,2026-07-23 13:35:00,22.48,22.48,22.445,22.475,7978.0
2026-07-23,2026-07-23 13:40:00,22.47,22.47,22.4,22.425,12167.0
2026-07-23,2026-07-23 13:45:00,22.425,22.44,22.38,22.43,9344.0
2026-07-23,2026-07-23 13:50:00,22.435,22.44,22.42,22.425,5788.0
2026-07-23,2026-07-23 13:55:00,22.42,22.44,22.3,22.37,47517.0
2026-07-23,2026-07-23 14:00:00,22.37,22.395,22.37,22.37,8119.0
2026-07-23,2026-07-23 14:05:00,22.36,22.38,22.33,22.33,11177.0
2026-07-23,2026-07-23 14:10:00,22.33,22.33,22.28,22.325,17472.0
2026-07-23,2026-07-23 14:15:00,22.31,22.345,22.3,22.325,7552.0
2026-07-23,2026-07-23 14:20:00,22.32,22.34,22.28,22.3,12067.0
2026-07-23,2026-07-23 14:25:00,22.31,22.315,22.29,22.3,7102.0
2026-07-23,2026-07-23 14:30:00,22.3,22.3099,22.285,22.285,7040.0
2026-07-23,2026-07-23 14:35:00,22.29,22.325,22.275,22.325,13151.0
2026-07-23,2026-07-23 14:40:00,22.325,22.33,22.305,22.3101,9118.0
2026-07-23,2026-07-23 14:45:00,22.31,22.35,22.3,22.32,45092.0
2026-07-23,2026-07-23 14:50:00,22.315,22.36,22.315,22.36,15887.0
2026-07-23,2026-07-23 14:55:00,22.36,22.36,22.31,22.31,8783.0
2026-07-23,2026-07-23 15:00:00,22.3,22.31,22.29,22.31,7897.0
2026-07-23,2026-07-23 15:05:00,22.32,22.34,22.2881,22.2881,9465.0
2026-07-23,2026-07-23 15:10:00,22.285,22.325,22.285,22.3,15604.0
2026-07-23,2026-07-23 15:15:00,22.3,22.3,22.26,22.29,11244.0
2026-07-23,2026-07-23 15:20:00,22.29,22.35,22.285,22.33,18603.0
2026-07-23,2026-07-23 15:25:00,22.34,22.34,22.305,22.32,8921.0
2026-07-23,2026-07-23 15:30:00,22.315,22.43,22.315,22.38,27371.0
2026-07-23,2026-07-23 15:35:00,22.37,22.47,22.34,22.42,40857.0
2026-07-23,2026-07-23 15:40:00,22.415,22.44,22.32,22.32,31285.0
2026-07-23,2026-07-23 15:45:00,22.3201,22.33,22.26,22.27,32282.0
2026-07-23,2026-07-23 15:50:00,22.26,22.29,22.17,22.19,56081.0
2026-07-23,2026-07-23 15:55:00,22.19,22.265,22.18,22.21,101785.0
2026-07-23,2026-07-23 16:00:00,22.22,22.245,22.15,22.23,478033.0
2026-07-24,2026-07-24 09:35:00,22.54,22.93,22.38,22.39,65330.0
2026-07-24,2026-07-24 09:40:00,22.76,23.0,22.69,22.82,18632.0
2026-07-24,2026-07-24 09:45:00,22.82,22.895,22.76,22.89,28890.0
2026-07-24,2026-07-24 09:50:00,22.86,23.0,22.85,22.99,27993.0
2026-07-24,2026-07-24 09:55:00,22.998,23.005,22.66,22.88,30853.0
2026-07-24,2026-07-24 10:00:00,22.86,23.06,22.8,22.905,23283.0
2026-07-24,2026-07-24 10:05:00,22.905,22.96,22.86,22.88,13602.0
2026-07-24,2026-07-24 10:10:00,22.85,23.19,22.815,23.13,152817.0
2026-07-24,2026-07-24 10:15:00,23.1,23.12,23.03,23.08,19483.0
2026-07-24,2026-07-24 10:20:00,23.06,23.135,23.0,23.1016,35145.0
2026-07-24,2026-07-24 10:25:00,23.115,23.2299,23.115,23.2,20164.0
2026-07-24,2026-07-24 10:30:00,23.19,23.225,23.16,23.16,14989.0
2026-07-24,2026-07-24 10:35:00,23.155,23.21,23.14,23.2,10857.0
2026-07-24,2026-07-24 10:40:00,23.21,23.44,23.21,23.32,80133.0
2026-07-24,2026-07-24 10:45:00,23.32,23.32,23.17,23.24,35508.0
2026-07-24,2026-07-24 10:50:00,23.22,23.34,23.2,23.34,29878.0
2026-07-24,2026-07-24 10:55:00,23.35,23.5548,23.3,23.5548,44881.0
2026-07-24,2026-07-24 11:00:00,23.56,23.7,23.56,23.645,31779.0
2026-07-24,2026-07-24 11:05:00,23.645,23.78,23.645,23.75,30100.0
2026-07-24,2026-07-24 11:10:00,23.74,23.84,23.7201,23.74,16095.0
2026-07-24,2026-07-24 11:15:00,23.74,23.98,23.74,23.939,47848.0
2026-07-24,2026-07-24 11:20:00,23.94,24.02,23.93,23.945,31145.0
2026-07-24,2026-07-24 11:25:00,23.96,24.06,23.89,23.94,45275.0
2026-07-24,2026-07-24 11:30:00,23.94,24.07,23.94,23.99,17672.0
2026-07-24,2026-07-24 11:35:00,24.01,24.1,23.91,23.915,125740.0
2026-07-24,2026-07-24 11:40:00,23.9,24.0,23.88,23.945,36524.0
2026-07-24,2026-07-24 11:45:00,23.93,23.93,23.7909,23.815,35910.0
2026-07-24,2026-07-24 11:50:00,23.82,23.85,23.73,23.825,38440.0
2026-07-24,2026-07-24 11:55:00,23.83,23.895,23.76,23.76,51673.0
2026-07-24,2026-07-24 12:00:00,23.765,23.8,23.73,23.745,44614.0
2026-07-24,2026-07-24 12:05:00,23.73,23.73,23.55,23.59,32269.0
2026-07-24,2026-07-24 12:10:00,23.58,23.64,23.5689,23.58,21513.0
2026-07-24,2026-07-24 12:15:00,23.57,23.59,23.45,23.45,16255.0
2026-07-24,2026-07-24 12:20:00,23.45,23.585,23.42,23.57,18129.0
2026-07-24,2026-07-24 12:25:00,23.57,23.57,23.51,23.54,10112.0
2026-07-24,2026-07-24 12:30:00,23.545,23.64,23.54,23.63,13959.0
2026-07-24,2026-07-24 12:35:00,23.63,23.655,23.585,23.61,11039.0
2026-07-24,2026-07-24 12:40:00,23.6,23.65,23.6,23.62,7718.0
2026-07-24,2026-07-24 12:45:00,23.61,23.61,23.56,23.57,9758.0
2026-07-24,2026-07-24 12:50:00,23.57,23.59,23.53,23.55,15437.0
2026-07-24,2026-07-24 12:55:00,23.55,23.555,23.52,23.55,8518.0
2026-07-24,2026-07-24 13:00:00,23.555,23.58,23.55,23.55,5994.0
2026-07-24,2026-07-24 13:05:00,23.56,23.56,23.53,23.55,9905.0
2026-07-24,2026-07-24 13:10:00,23.54,23.545,23.5,23.5,9929.0
2026-07-24,2026-07-24 13:15:00,23.51,23.54,23.47,23.48,16807.0
2026-07-24,2026-07-24 13:20:00,23.47,23.47,23.34,23.4,20947.0
2026-07-24,2026-07-24 13:25:00,23.405,23.42,23.32,23.36,16351.0
2026-07-24,2026-07-24 13:30:00,23.36,23.38,23.34,23.38,15731.0
2026-07-24,2026-07-24 13:35:00,23.38,23.38,23.3304,23.3655,25922.0
2026-07-24,2026-07-24 13:40:00,23.36,23.36,23.28,23.29,13777.0
2026-07-24,2026-07-24 13:45:00,23.29,23.31,23.26,23.29,18219.0
2026-07-24,2026-07-24 13:50:00,23.29,23.32,23.26,23.315,18509.0
2026-07-24,2026-07-24 13:55:00,23.31,23.4,23.31,23.39,23097.0
2026-07-24,2026-07-24 14:00:00,23.38,23.39,23.35,23.39,17599.0
2026-07-24,2026-07-24 14:05:00,23.385,23.425,23.335,23.35,23475.0
2026-07-24,2026-07-24 14:10:00,23.355,23.39,23.35,23.37,12159.0
2026-07-24,2026-07-24 14:15:00,23.37,23.38,23.29,23.3,34244.0
2026-07-24,2026-07-24 14:20:00,23.3,23.34,23.26,23.26,23284.0
2026-07-24,2026-07-24 14:25:00,23.26,23.32,23.26,23.32,11455.0
2026-07-24,2026-07-24 14:30:00,23.32,23.34,23.305,23.33,15630.0
2026-07-24,2026-07-24 14:35:00,23.34,23.37,23.305,23.37,20835.0
2026-07-24,2026-07-24 14:40:00,23.37,23.4,23.33,23.34,15670.0
2026-07-24,2026-07-24 14:45:00,23.33,23.33,23.26,23.29,27375.0
2026-07-24,2026-07-24 14:50:00,23.28,23.35,23.28,23.33,9478.0
2026-07-24,2026-07-24 14:55:00,23.33,23.34,23.25,23.26,14052.0
2026-07-24,2026-07-24 15:00:00,23.245,23.27,23.225,23.27,19312.0
2026-07-24,2026-07-24 15:05:00,23.26,23.26,23.2,23.23,21890.0
2026-07-24,2026-07-24 15:10:00,23.23,23.26,23.155,23.26,29778.0
2026-07-24,2026-07-24 15:15:00,23.255,23.33,23.23,23.235,33996.0
2026-07-24,2026-07-24 15:20:00,23.22,23.24,23.19,23.23,30838.0
2026-07-24,2026-07-24 15:25:00,23.22,23.26,23.195,23.2,18954.0
2026-07-24,2026-07-24 15:30:00,23.2,23.22,23.19,23.22,24427.0
2026-07-24,2026-07-24 15:35:00,23.23,23.355,23.23,23.355,37601.0
2026-07-24,2026-07-24 15:40:00,23.34,23.34,23.25,23.26,27858.0
2026-07-24,2026-07-24 15:45:00,23.26,23.26,23.21,23.215,35235.0
2026-07-24,2026-07-24 15:50:00,23.215,23.225,23.16,23.18,28698.0
2026-07-24,2026-07-24 15:55:00,23.18,23.2,23.05,23.055,114649.0
2026-07-24,2026-07-24 16:00:00,23.07,23.22,23.065,23.2,710766.0
2026-07-27,2026-07-27 09:35:00,23.79,24.28,23.66,24.185,82899.0
2026-07-27,2026-07-27 09:40:00,24.25,24.69,24.25,24.565,47391.0
2026-07-27,2026-07-27 09:45:00,24.565,24.65,24.44,24.51,26658.0
2026-07-27,2026-07-27 09:50:00,24.56,24.83,24.56,24.83,52293.0
2026-07-27,2026-07-27 09:55:00,24.82,24.92,24.64,24.78,46714.0
2026-07-27,2026-07-27 10:00:00,24.77,24.82,24.7,24.74,15588.0
2026-07-27,2026-07-27 10:05:00,24.73,24.76,24.52,24.565,36520.0
2026-07-27,2026-07-27 10:10:00,24.6,24.63,24.5,24.535,29041.0
2026-07-27,2026-07-27 10:15:00,24.535,24.55,24.42,24.45,19677.0
2026-07-27,2026-07-27 10:20:00,24.55,24.59,24.44,24.475,21146.0
2026-07-27,2026-07-27 10:25:00,24.475,24.63,24.475,24.63,16215.0
2026-07-27,2026-07-27 10:30:00,24.69,24.7196,24.57,24.61,12853.0
2026-07-27,2026-07-27 10:35:00,24.635,24.73,24.53,24.555,13745.0
2026-07-27,2026-07-27 10:40:00,24.6,24.667,24.49,24.63,16722.0
2026-07-27,2026-07-27 10:45:00,24.635,24.645,24.3958,24.5,31299.0
2026-07-27,2026-07-27 10:50:00,24.45,24.54,24.45,24.49,14700.0
2026-07-27,2026-07-27 10:55:00,24.49,24.59,24.49,24.51,28364.0
2026-07-27,2026-07-27 11:00:00,24.51,24.61,24.48,24.61,17054.0
2026-07-27,2026-07-27 11:05:00,24.61,24.61,24.51,24.57,23228.0
2026-07-27,2026-07-27 11:10:00,24.59,24.7,24.579186,24.7,22834.0
2026-07-27,2026-07-27 11:15:00,24.68,24.75,24.65,24.71,15971.0
2026-07-27,2026-07-27 11:20:00,24.7,24.73,24.64,24.69,11947.0
2026-07-27,2026-07-27 11:25:00,24.71,24.85,24.71,24.76,10162.0
2026-07-27,2026-07-27 11:30:00,24.75,24.8,24.68,24.78,11792.0
2026-07-27,2026-07-27 11:35:00,24.81,24.86,24.71,24.74,12325.0
2026-07-27,2026-07-27 11:40:00,24.72,24.725,24.61,24.635,18287.0
2026-07-27,2026-07-27 11:45:00,24.61,24.63,24.56,24.57,11233.0
2026-07-27,2026-07-27 11:50:00,24.59,24.61,24.55,24.61,12563.0
2026-07-27,2026-07-27 11:55:00,24.63,24.68,24.605,24.605,9584.0
2026-07-27,2026-07-27 12:00:00,24.59,24.71,24.58,24.68,7757.0
2026-07-27,2026-07-27 12:05:00,24.7,24.72,24.65,24.69,9825.0
2026-07-27,2026-07-27 12:10:00,24.7035,24.79,24.69,24.7501,9014.0
2026-07-27,2026-07-27 12:15:00,24.76,24.79,24.7,24.7,11712.0
2026-07-27,2026-07-27 12:20:00,24.69,24.72,24.66,24.67,8029.0
2026-07-27,2026-07-27 12:25:00,24.67,24.76,24.655,24.755,24148.0
2026-07-27,2026-07-27 12:30:00,24.78,24.93,24.78,24.86,41422.0
2026-07-27,2026-07-27 12:35:00,24.88,24.9,24.85,24.885,27600.0
2026-07-27,2026-07-27 12:40:00,24.89,25.14,24.89,25.11,77414.0
2026-07-27,2026-07-27 12:45:00,25.095,25.095,24.96,24.99,20507.0
2026-07-27,2026-07-27 12:50:00,24.98,25.07,24.9775,25.01,20351.0
2026-07-27,2026-07-27 12:55:00,24.99,25.03,24.975,24.99,16166.0
2026-07-27,2026-07-27 13:00:00,25.0,25.06,24.865,24.945,34416.0
2026-07-27,2026-07-27 13:05:00,24.935,25.0,24.87,24.99,15656.0
2026-07-27,2026-07-27 13:10:00,24.995,25.0,24.95,24.965,11644.0
2026-07-27,2026-07-27 13:15:00,24.965,25.17,24.965,25.17,50382.0
2026-07-27,2026-07-27 13:20:00,25.17,25.21,25.08,25.13,17835.0
2026-07-27,2026-07-27 13:25:00,25.12,25.18,25.12,25.16,13960.0
2026-07-27,2026-07-27 13:30:00,25.145,25.17,25.105,25.11,23751.0
2026-07-27,2026-07-27 13:35:00,25.11,25.385,25.09,25.37,41737.0
2026-07-27,2026-07-27 13:40:00,25.4,25.67,25.375,25.67,74036.0
2026-07-27,2026-07-27 13:45:00,25.65,25.855,25.54,25.79,89423.0
2026-07-27,2026-07-27 13:50:00,25.8,25.85,25.77,25.805,62577.0
2026-07-27,2026-07-27 13:55:00,25.8051,25.955,25.8,25.915,77685.0
2026-07-27,2026-07-27 14:00:00,25.94,26.0,25.92,25.94,27609.0
2026-07-27,2026-07-27 14:05:00,25.96,26.14,25.95,26.105,81562.0
2026-07-27,2026-07-27 14:10:00,26.125,26.13,25.8,25.855,77416.0
2026-07-27,2026-07-27 14:15:00,25.855,25.94,25.81,25.9,27276.0
2026-07-27,2026-07-27 14:20:00,25.935,26.03,25.86,25.88,71001.0
2026-07-27,2026-07-27 14:25:00,25.88,26.0125,25.86,26.0,59574.0
2026-07-27,2026-07-27 14:30:00,25.99,26.0,25.93,25.935,32154.0
2026-07-27,2026-07-27 14:35:00,25.935,25.935,25.865,25.865,26898.0
2026-07-27,2026-07-27 14:40:00,25.85,25.915,25.81,25.9,56543.0
2026-07-27,2026-07-27 14:45:00,25.87,25.9,25.84,25.86,25552.0
2026-07-27,2026-07-27 14:50:00,25.88,25.89,25.81,25.82,24869.0
2026-07-27,2026-07-27 14:55:00,25.82,26.025,25.82,25.945,31565.0
2026-07-27,2026-07-27 15:00:00,25.945,25.96,25.86,25.94,20047.0
2026-07-27,2026-07-27 15:05:00,25.94,25.95,25.87,25.9,27973.0
2026-07-27,2026-07-27 15:10:00,25.89,25.9,25.85,25.86,27418.0
2026-07-27,2026-07-27 15:15:00,25.86,25.91,25.81,25.825,28105.0
2026-07-27,2026-07-27 15:20:00,25.83,25.92,25.81,25.87,34674.0
2026-07-27,2026-07-27 15:25:00,25.87,25.89,25.86,25.86,27964.0
2026-07-27,2026-07-27 15:30:00,25.87,25.88,25.82,25.83,28683.0
2026-07-27,2026-07-27 15:35:00,25.83,25.86,25.78,25.805,54695.0
2026-07-27,2026-07-27 15:40:00,25.805,25.81,25.73,25.81,60590.0
2026-07-27,2026-07-27 15:45:00,25.815,25.845,25.72,25.73,69781.0
2026-07-27,2026-07-27 15:50:00,25.73,25.78,25.71,25.76,61394.0
2026-07-27,2026-07-27 15:55:00,25.75,25.9,25.73,25.89,104347.0
2026-07-27,2026-07-27 16:00:00,25.9,25.93,25.76,25.78,1226917.0
2026-07-28,2026-07-28 09:35:00,26.0,26.0,25.41,25.51,34718.0
2026-07-28,2026-07-28 09:40:00,25.54,26.045,25.54,25.85,32468.0
2026-07-28,2026-07-28 09:45:00,25.84,25.84,25.4,25.56,21987.0
2026-07-28,2026-07-28 09:50:00,25.57,25.81,25.56,25.6153,19676.0
2026-07-28,2026-07-28 09:55:00,25.72,25.73,25.3,25.36,21124.0
2026-07-28,2026-07-28 10:00:00,25.35,25.48,25.2201,25.32,40996.0
2026-07-28,2026-07-28 10:05:00,25.32,25.425,25.32,25.38,17671.0
2026-07-28,2026-07-28 10:10:00,25.395,25.48,25.295,25.3758,21542.0
2026-07-28,2026-07-28 10:15:00,25.32,25.42,25.2801,25.385,20130.0
2026-07-28,2026-07-28 10:20:00,25.385,25.45,25.3362,25.38,39355.0
2026-07-28,2026-07-28 10:25:00,25.38,25.455,25.14,25.3,62093.0
2026-07-28,2026-07-28 10:30:00,25.34,25.34,25.09,25.1,33792.0
2026-07-28,2026-07-28 10:35:00,25.09,25.09,24.94,25.0,38967.0
2026-07-28,2026-07-28 10:40:00,24.99,25.2,24.96,25.06,88113.0
2026-07-28,2026-07-28 10:45:00,25.05,25.14,25.02,25.05,46538.0
2026-07-28,2026-07-28 10:50:00,25.04,25.07,24.88,24.88,42081.0
2026-07-28,2026-07-28 10:55:00,24.91,24.9912,24.85,24.89,48676.0
2026-07-28,2026-07-28 11:00:00,24.84,24.91,24.72,24.72,54005.0
2026-07-28,2026-07-28 11:05:00,24.72,24.875,24.72,24.78,51049.0
2026-07-28,2026-07-28 11:10:00,24.79,24.87,24.76,24.87,43805.0
2026-07-28,2026-07-28 11:15:00,24.9,24.95,24.88,24.91,29971.0
2026-07-28,2026-07-28 11:20:00,24.91,25.04,24.9,25.04,56541.0
2026-07-28,2026-07-28 11:25:00,25.05,25.35,25.05,25.26,77171.0
2026-07-28,2026-07-28 11:30:00,25.24,25.255,25.15,25.19,34362.0
2026-07-28,2026-07-28 11:35:00,25.2,25.42,25.16,25.41,57145.0
2026-07-28,2026-07-28 11:40:00,25.42,25.53,25.3,25.31,26066.0
2026-07-28,2026-07-28 11:45:00,25.325,25.41,25.31,25.4,26191.0
2026-07-28,2026-07-28 11:50:00,25.41,25.49,25.36,25.36,21990.0
2026-07-28,2026-07-28 11:55:00,25.36,25.59,25.27,25.53,51990.0
2026-07-28,2026-07-28 12:00:00,25.545,25.69,25.545,25.68,18544.0
2026-07-28,2026-07-28 12:05:00,25.685,25.75,25.58,25.605,38320.0
2026-07-28,2026-07-28 12:10:00,25.59,25.66,25.57,25.6294,20854.0
2026-07-28,2026-07-28 12:15:00,25.62,25.78,25.62,25.78,18041.0
2026-07-28,2026-07-28 12:20:00,25.78,26.15,25.7405,25.885,57848.0
2026-07-28,2026-07-28 12:25:00,25.87,25.92,25.86,25.9,17562.0
2026-07-28,2026-07-28 12:30:00,25.9,25.92,25.895,25.905,11763.0
2026-07-28,2026-07-28 12:35:00,25.89,25.89,25.805,25.82,26324.0
2026-07-28,2026-07-28 12:40:00,25.8101,25.985,25.8101,25.985,15622.0
2026-07-28,2026-07-28 12:45:00,25.98,26.05,25.98,26.01,28654.0
2026-07-28,2026-07-28 12:50:00,26.0,26.02,25.95,26.02,9944.0
2026-07-28,2026-07-28 12:55:00,26.03,26.2,26.01,26.175,22132.0
2026-07-28,2026-07-28 13:00:00,26.169,26.2098,26.15,26.2098,14594.0
2026-07-28,2026-07-28 13:05:00,26.2,26.205,26.09,26.09,22292.0
2026-07-28,2026-07-28 13:10:00,26.09,26.09,25.98,25.995,33334.0
2026-07-28,2026-07-28 13:15:00,25.99,26.13,25.98,26.13,18948.0
2026-07-28,2026-07-28 13:20:00,26.15,26.23,26.13,26.22,31094.0
2026-07-28,2026-07-28 13:25:00,26.24,26.325,26.24,26.28,27598.0
2026-07-28,2026-07-28 13:30:00,26.28,26.38,26.28,26.37,20990.0
2026-07-28,2026-07-28 13:35:00,26.39,26.43,26.34,26.43,28914.0
2026-07-28,2026-07-28 13:40:00,26.45,26.52,26.45,26.48,20444.0
2026-07-28,2026-07-28 13:45:00,26.48,26.52,26.47,26.47,14468.0
2026-07-28,2026-07-28 13:50:00,26.474,26.49,26.415,26.46,28535.0
2026-07-28,2026-07-28 13:55:00,26.46,26.48,26.39,26.395,18274.0
2026-07-28,2026-07-28 14:00:00,26.3801,26.47,26.3801,26.44,22659.0
2026-07-28,2026-07-28 14:05:00,26.44,26.47,26.38,26.405,23557.0
2026-07-28,2026-07-28 14:10:00,26.42,26.42,26.35,26.38,21799.0
2026-07-28,2026-07-28 14:15:00,26.38,26.4,26.36,26.4,12540.0
2026-07-28,2026-07-28 14:20:00,26.42,26.425,26.36,26.39,23863.0
2026-07-28,2026-07-28 14:25:00,26.38,26.39,26.35,26.35,9479.0
2026-07-28,2026-07-28 14:30:00,26.36,26.435,26.35,26.41,23904.0
2026-07-28,2026-07-28 14:35:00,26.42,26.5672,26.42,26.52,22479.0
2026-07-28,2026-07-28 14:40:00,26.54,26.54,26.41,26.41,15704.0
2026-07-28,2026-07-28 14:45:00,26.4,26.4297,26.3878,26.4,19597.0
2026-07-28,2026-07-28 14:50:00,26.43,26.6,26.41,26.53,53127.0
2026-07-28,2026-07-28 14:55:00,26.53,26.54,26.51,26.52,13071.0
2026-07-28,2026-07-28 15:00:00,26.52,26.53,26.505,26.52,15627.0
2026-07-28,2026-07-28 15:05:00,26.5,26.55,26.44,26.46,42714.0
2026-07-28,2026-07-28 15:10:00,26.46,26.5,26.45,26.47,26917.0
2026-07-28,2026-07-28 15:15:00,26.465,26.465,26.31,26.31,27405.0
2026-07-28,2026-07-28 15:20:00,26.31,26.31,26.21,26.21,29296.0
2026-07-28,2026-07-28 15:25:00,26.2,26.29,26.19,26.24,21366.0
2026-07-28,2026-07-28 15:30:00,26.26,26.28,26.23,26.24,19977.0
2026-07-28,2026-07-28 15:35:00,26.26,26.32,26.235,26.32,39077.0
2026-07-28,2026-07-28 15:40:00,26.31,26.31,26.23,26.26,31137.0
2026-07-28,2026-07-28 15:45:00,26.27,26.32,26.265,26.28,23838.0
2026-07-28,2026-07-28 15:50:00,26.28,26.3,26.25,26.27,47808.0
2026-07-28,2026-07-28 15:55:00,26.26,26.29,26.18,26.285,74184.0
2026-07-28,2026-07-28 16:00:00,26.29,26.39,26.27,26.35,525861.0
2026-07-29,2026-07-29 09:35:00,26.01,26.47,26.01,26.27,75264.0
2026-07-29,2026-07-29 09:40:00,26.3,26.54,26.3,26.47,17346.0
2026-07-29,2026-07-29 09:45:00,26.46,26.56,26.34,26.495,13744.0
2026-07-29,2026-07-29 09:50:00,26.56,26.9,26.55,26.75,31799.0
2026-07-29,2026-07-29 09:55:00,26.805,26.92,26.78,26.81,35875.0
2026-07-29,2026-07-29 10:00:00,26.81,27.07,26.7,27.035,36590.0
2026-07-29,2026-07-29 10:05:00,27.04,27.1,26.78,26.9104,90228.0
2026-07-29,2026-07-29 10:10:00,27.0,27.055,26.74,26.835,24067.0
2026-07-29,2026-07-29 10:15:00,26.81,26.81,26.4,26.42,26379.0
2026-07-29,2026-07-29 10:20:00,26.44,26.72,26.44,26.7,36803.0
2026-07-29,2026-07-29 10:25:00,26.69,26.7,26.4,26.45,32083.0
2026-07-29,2026-07-29 10:30:00,26.4,26.43,26.27,26.31,32423.0
2026-07-29,2026-07-29 10:35:00,26.29,26.45,26.29,26.34,13795.0
2026-07-29,2026-07-29 10:40:00,26.35,26.42,26.27,26.31,19551.0
2026-07-29,2026-07-29 10:45:00,26.28,26.29,26.03,26.04,12310.0
2026-07-29,2026-07-29 10:50:00,26.07,26.14,25.92,26.06,20837.0
2026-07-29,2026-07-29 10:55:00,26.04,26.225,26.02,26.225,13880.0
2026-07-29,2026-07-29 11:00:00,26.235,26.26,26.16,26.17,16862.0
2026-07-29,2026-07-29 11:05:00,26.17,26.29,26.13,26.2242,48388.0
2026-07-29,2026-07-29 11:10:00,26.18,26.26,26.15,26.16,13901.0
2026-07-29,2026-07-29 11:15:00,26.18,26.18,25.97,26.04,14306.0
2026-07-29,2026-07-29 11:20:00,26.02,26.17,26.02,26.09,9978.0
2026-07-29,2026-07-29 11:25:00,26.1,26.16,26.09,26.1091,15567.0
2026-07-29,2026-07-29 11:30:00,26.09,26.18,26.04,26.13,15026.0
2026-07-29,2026-07-29 11:35:00,26.15,26.175,26.0,26.04,41375.0
2026-07-29,2026-07-29 11:40:00,26.03,26.11,26.01,26.01,12175.0
2026-07-29,2026-07-29 11:45:00,26.0,26.03,25.87,25.92,28813.0
2026-07-29,2026-07-29 11:50:00,25.92,26.09,25.92,26.09,20923.0
2026-07-29,2026-07-29 11:55:00,26.09,26.12,25.99,26.035,66488.0
2026-07-29,2026-07-29 12:00:00,26.01,26.2,25.99,26.17,58500.0
2026-07-29,2026-07-29 12:05:00,26.2,26.22,26.13,26.215,23165.0
2026-07-29,2026-07-29 12:10:00,26.19,26.39,26.17,26.39,44267.0
2026-07-29,2026-07-29 12:15:00,26.38,26.4501,26.37,26.44,20811.0
2026-07-29,2026-07-29 12:20:00,26.43,26.5,26.38,26.475,19857.0
2026-07-29,2026-07-29 12:25:00,26.475,26.575,26.46,26.54,74193.0
2026-07-29,2026-07-29 12:30:00,26.54,26.63,26.54,26.55,11650.0
2026-07-29,2026-07-29 12:35:00,26.56,26.61,26.54,26.57,14301.0
2026-07-29,2026-07-29 12:40:00,26.56,26.59,26.535,26.56,17049.0
2026-07-29,2026-07-29 12:45:00,26.545,26.56,26.47,26.47,15409.0
2026-07-29,2026-07-29 12:50:00,26.5,26.5,26.36,26.41,29447.0
2026-07-29,2026-07-29 12:55:00,26.395,26.59,26.39,26.545,81261.0
2026-07-29,2026-07-29 13:00:00,26.51,26.535,26.425,26.425,33207.0
2026-07-29,2026-07-29 13:05:00,26.43,26.52,26.41,26.52,23192.0
2026-07-29,2026-07-29 13:10:00,26.515,26.53,26.42,26.42,15270.0
2026-07-29,2026-07-29 13:15:00,26.43,26.45,26.32,26.4,29740.0
2026-07-29,2026-07-29 13:20:00,26.41,26.415,26.32,26.33,15980.0
2026-07-29,2026-07-29 13:25:00,26.345,26.42,26.32,26.42,25561.0
2026-07-29,2026-07-29 13:30:00,26.4,26.46,26.39,26.4,22871.0
2026-07-29,2026-07-29 13:35:00,26.41,26.46,26.39,26.41,12206.0
2026-07-29,2026-07-29 13:40:00,26.425,26.49,26.41,26.46,16338.0
2026-07-29,2026-07-29 13:45:00,26.45,26.465,26.32,26.345,27972.0
2026-07-29,2026-07-29 13:50:00,26.36,26.43,26.3,26.43,22473.0
2026-07-29,2026-07-29 13:55:00,26.4,26.41,26.37,26.4,31525.0
2026-07-29,2026-07-29 14:00:00,26.39,26.46,26.36,26.4,29775.0
2026-07-29,2026-07-29 14:05:00,26.43,26.635,26.43,26.61,64183.0
2026-07-29,2026-07-29 14:10:00,26.61,26.63,26.54,26.6,30805.0
2026-07-29,2026-07-29 14:15:00,26.62,26.675,26.55,26.64,29191.0
2026-07-29,2026-07-29 14:20:00,26.68,26.74,26.64,26.64,25154.0
2026-07-29,2026-07-29 14:25:00,26.62,26.665,26.555,26.615,29989.0
2026-07-29,2026-07-29 14:30:00,26.6,26.73,26.59,26.69,15258.0
2026-07-29,2026-07-29 14:35:00,26.68,26.74,26.59,26.6425,26831.0
2026-07-29,2026-07-29 14:40:00,26.65,26.8,26.6,26.735,26040.0
2026-07-29,2026-07-29 14:45:00,26.72,26.88,26.72,26.83,25257.0
2026-07-29,2026-07-29 14:50:00,26.84,26.93,26.79,26.905,42537.0
2026-07-29,2026-07-29 14:55:00,26.92,26.93,26.87,26.91,14268.0
2026-07-29,2026-07-29 15:00:00,26.91,26.92,26.79,26.88,34221.0
2026-07-29,2026-07-29 15:05:00,26.88,26.895,26.79,26.83,32721.0
2026-07-29,2026-07-29 15:10:00,26.84,26.905,26.76,26.83,50723.0
2026-07-29,2026-07-29 15:15:00,26.82,26.92,26.76,26.875,39330.0
2026-07-29,2026-07-29 15:20:00,26.89,26.925,26.73,26.75,72113.0
2026-07-29,2026-07-29 15:25:00,26.78,26.79,26.71,26.74,48871.0
2026-07-29,2026-07-29 15:30:00,26.75,26.76,26.68,26.73,77186.0
2026-07-29,2026-07-29 15:35:00,26.7158,26.77,26.63,26.75,43830.0
2026-07-29,2026-07-29 15:40:00,26.75,26.75,26.56,26.58,41410.0
2026-07-29,2026-07-29 15:45:00,26.58,26.58,26.32,26.335,80307.0
2026-07-29,2026-07-29 15:50:00,26.35,26.5,26.34,26.46,52609.0
2026-07-29,2026-07-29 15:55:00,26.45,26.6,26.29,26.29,149434.0
2026-07-29,2026-07-29 16:00:00,26.35,26.59,26.35,26.56,1166664.0
2026-07-30,2026-07-30 09:35:00,26.375,26.4126,26.15,26.235,40181.0
2026-07-30,2026-07-30 09:40:00,26.241,26.28,25.93,25.965,12363.0
2026-07-30,2026-07-30 09:45:00,26.03,26.115,25.76,26.1,17676.0
2026-07-30,2026-07-30 09:50:00,26.0706,26.0706,25.8,25.82,18346.0
2026-07-30,2026-07-30 09:55:00,25.895,26.2,25.89,26.155,24963.0
2026-07-30,2026-07-30 10:00:00,26.1,26.265,25.95,26.17,48072.0
2026-07-30,2026-07-30 10:05:00,26.17,26.17,25.86,25.89,42862.0
2026-07-30,2026-07-30 10:10:00,25.85,25.93,25.8,25.88,27776.0
2026-07-30,2026-07-30 10:15:00,25.835,25.97,25.74,25.9,40272.0
2026-07-30,2026-07-30 10:20:00,25.9,25.96,25.82,25.89,11357.0
2026-07-30,2026-07-30 10:25:00,25.86,25.89,25.8,25.81,11611.0
2026-07-30,2026-07-30 10:30:00,25.81,25.855,25.775,25.85,13748.0
2026-07-30,2026-07-30 10:35:00,25.84,25.92,25.82,25.83,19622.0
2026-07-30,2026-07-30 10:40:00,25.845,25.945,25.83,25.89,15606.0
2026-07-30,2026-07-30 10:45:00,25.89,25.89,25.77,25.78,13596.0
2026-07-30,2026-07-30 10:50:00,25.795,25.815,25.7,25.775,22184.0
2026-07-30,2026-07-30 10:55:00,25.79,25.8,25.69,25.72,9036.0
2026-07-30,2026-07-30 11:00:00,25.7,25.93,25.7,25.9,10537.0
2026-07-30,2026-07-30 11:05:00,25.89,25.9,25.785,25.86,11388.0
2026-07-30,2026-07-30 11:10:00,25.84,25.865,25.8,25.865,15698.0
2026-07-30,2026-07-30 11:15:00,25.84,25.84,25.73,25.75,19978.0
2026-07-30,2026-07-30 11:20:00,25.76,25.895,25.76,25.825,17086.0
2026-07-30,2026-07-30 11:25:00,25.84,25.9143,25.79,25.87,20203.0
2026-07-30,2026-07-30 11:30:00,25.905,26.085,25.905,26.04,54634.0
2026-07-30,2026-07-30 11:35:00,26.035,26.11,26.035,26.09,17824.0
2026-07-30,2026-07-30 11:40:00,26.075,26.11,25.95,25.965,16132.0
2026-07-30,2026-07-30 11:45:00,25.935,26.05,25.92,26.045,12833.0
2026-07-30,2026-07-30 11:50:00,26.02,26.04,25.96,25.995,14104.0
2026-07-30,2026-07-30 11:55:00,26.0,26.01,25.905,25.995,13083.0
2026-07-30,2026-07-30 12:00:00,26.02,26.11,26.02,26.1,11946.0
2026-07-30,2026-07-30 12:05:00,26.09,26.09,26.045,26.045,9301.0
2026-07-30,2026-07-30 12:10:00,26.045,26.05,26.005,26.04,9075.0
2026-07-30,2026-07-30 12:15:00,26.02,26.105,26.02,26.06,11840.0
2026-07-30,2026-07-30 12:20:00,26.06,26.08,26.03,26.03,9029.0
2026-07-30,2026-07-30 12:25:00,26.03,26.08,25.97,25.98,19430.0
2026-07-30,2026-07-30 12:30:00,25.98,26.1,25.98,25.985,13706.0
2026-07-30,2026-07-30 12:35:00,25.985,26.01,25.95,26.0,8704.0
2026-07-30,2026-07-30 12:40:00,26.005,26.005,25.96,25.97,9323.0
2026-07-30,2026-07-30 12:45:00,25.98,26.01,25.96,26.0,14239.0
2026-07-30,2026-07-30 12:50:00,25.97,26.06,25.97,25.99,12391.0
2026-07-30,2026-07-30 12:55:00,25.97,26.02,25.97,25.98,13201.0
2026-07-30,2026-07-30 13:00:00,25.99,26.0,25.97,25.975,14488.0
2026-07-30,2026-07-30 13:05:00,25.99,26.07,25.985,26.07,14444.0
2026-07-30,2026-07-30 13:10:00,26.07,26.115,26.04,26.055,11719.0
2026-07-30,2026-07-30 13:15:00,26.05,26.07,26.03,26.045,9202.0
2026-07-30,2026-07-30 13:20:00,26.065,26.185,26.065,26.135,18440.0
2026-07-30,2026-07-30 13:25:00,26.14,26.155,26.07,26.07,20422.0
2026-07-30,2026-07-30 13:30:00,26.07,26.09,26.05,26.05,11601.0
2026-07-30,2026-07-30 13:35:00,26.045,26.11,26.045,26.11,9238.0
2026-07-30,2026-07-30 13:40:00,26.11,26.11,26.02,26.03,9154.0
2026-07-30,2026-07-30 13:45:00,26.03,26.14,26.03,26.12,9680.0
2026-07-30,2026-07-30 13:50:00,26.125,26.155,26.12,26.15,6625.0
2026-07-30,2026-07-30 13:55:00,26.15,26.16,26.05,26.14,19855.0
2026-07-30,2026-07-30 14:00:00,26.13,26.175,26.12,26.135,7193.0
2026-07-30,2026-07-30 14:05:00,26.135,26.174,26.12,26.15,10316.0
2026-07-30,2026-07-30 14:10:00,26.145,26.145,26.02,26.04,14528.0
2026-07-30,2026-07-30 14:15:00,26.04,26.09,26.04,26.075,6415.0
2026-07-30,2026-07-30 14:20:00,26.05,26.08,26.0401,26.07,7834.0
2026-07-30,2026-07-30 14:25:00,26.09,26.1,26.045,26.085,11333.0
2026-07-30,2026-07-30 14:30:00,26.085,26.09,26.05,26.05,7100.0
2026-07-30,2026-07-30 14:35:00,26.03,26.07,26.0,26.07,16867.0
2026-07-30,2026-07-30 14:40:00,26.06,26.155,26.05,26.13,19507.0
2026-07-30,2026-07-30 14:45:00,26.12,26.13,26.09,26.115,16922.0
2026-07-30,2026-07-30 14:50:00,26.12,26.13,26.09,26.095,10497.0
2026-07-30,2026-07-30 14:55:00,26.08,26.15,26.08,26.14,13290.0
2026-07-30,2026-07-30 15:00:00,26.1,26.145,26.0875,26.145,14326.0
2026-07-30,2026-07-30 15:05:00,26.14,26.175,26.13,26.145,11767.0
2026-07-30,2026-07-30 15:10:00,26.14,26.16,26.11,26.15,15455.0
2026-07-30,2026-07-30 15:15:00,26.14,26.17,26.12,26.14,15083.0
2026-07-30,2026-07-30 15:20:00,26.145,26.17,26.085,26.13,28280.0
2026-07-30,2026-07-30 15:25:00,26.145,26.23,26.125,26.19,28467.0
2026-07-30,2026-07-30 15:30:00,26.175,26.24,26.175,26.21,25890.0
2026-07-30,2026-07-30 15:35:00,26.21,26.215,26.16,26.17,31257.0
2026-07-30,2026-07-30 15:40:00,26.16,26.175,26.11,26.12,27729.0
2026-07-30,2026-07-30 15:45:00,26.11,26.24,26.0601,26.24,33428.0
2026-07-30,2026-07-30 15:50:00,26.25,26.29,26.2,26.29,50175.0
2026-07-30,2026-07-30 15:55:00,26.31,26.51,26.295,26.4,113350.0
2026-07-30,2026-07-30 16:00:00,26.4,26.85,26.4,26.71,1077069.0
2026-07-31,2026-07-31 09:35:00,26.585,26.615,26.48,26.56,26766.0
2026-07-31,2026-07-31 09:40:00,26.6,26.71,26.4,26.71,15460.0
2026-07-31,2026-07-31 09:45:00,26.71,26.9699,26.69,26.935,6510.0
2026-07-31,2026-07-31 09:50:00,26.915,26.915,26.73,26.75,12294.0
2026-07-31,2026-07-31 09:55:00,26.78,26.865,26.7201,26.86,6443.0
2026-07-31,2026-07-31 10:00:00,26.86,27.06,26.84,26.87,13523.0
2026-07-31,2026-07-31 10:05:00,26.81,26.88,26.79,26.81,12373.0
2026-07-31,2026-07-31 10:10:00,26.85,26.88,26.58,26.685,19653.0
2026-07-31,2026-07-31 10:15:00,26.65,26.65,26.36,26.44,8997.0
2026-07-31,2026-07-31 10:20:00,26.48,26.5,26.2269,26.2269,20146.0
2026-07-31,2026-07-31 10:25:00,26.26,26.49,26.26,26.35,17783.0
2026-07-31,2026-07-31 10:30:00,26.415,26.42,26.35,26.4,5556.0
2026-07-31,2026-07-31 10:35:00,26.39,26.5,26.39,26.41,15068.0
2026-07-31,2026-07-31 10:40:00,26.47,26.515,26.46,26.48,3770.0
2026-07-31,2026-07-31 10:45:00,26.51,26.51,26.38,26.505,8540.0
2026-07-31,2026-07-31 10:50:00,26.47,26.52,26.45,26.52,8129.0
2026-07-31,2026-07-31 10:55:00,26.48,26.49,26.43,26.45,6094.0
2026-07-31,2026-07-31 11:00:00,26.42,26.46,26.23,26.31,15352.0
2026-07-31,2026-07-31 11:05:00,26.28,26.35,26.27,26.27,12131.0
2026-07-31,2026-07-31 11:10:00,26.32,26.32,26.2,26.235,7629.0
2026-07-31,2026-07-31 11:15:00,26.21,26.28,26.2,26.25,7382.0
2026-07-31,2026-07-31 11:20:00,26.27,26.28,26.23,26.26,4903.0
2026-07-31,2026-07-31 11:25:00,26.3027,26.3027,26.04,26.06,27850.0
2026-07-31,2026-07-31 11:30:00,26.075,26.155,26.075,26.105,20975.0
2026-07-31,2026-07-31 11:35:00,26.105,26.115,26.01,26.115,21918.0
2026-07-31,2026-07-31 11:40:00,26.13,26.22,26.13,26.2,29127.0
2026-07-31,2026-07-31 11:45:00,26.19,26.21,26.14,26.195,15777.0
2026-07-31,2026-07-31 11:50:00,26.22,26.275,26.11,26.14,16440.0
2026-07-31,2026-07-31 11:55:00,26.145,26.28,26.14,26.28,5342.0
2026-07-31,2026-07-31 12:00:00,26.27,26.335,26.25,26.335,4255.0
2026-07-31,2026-07-31 12:05:00,26.331,26.41,26.315,26.41,7184.0
2026-07-31,2026-07-31 12:10:00,26.36,26.39,26.31,26.32,6306.0
2026-07-31,2026-07-31 12:15:00,26.32,26.36,26.32,26.32,6923.0
2026-07-31,2026-07-31 12:20:00,26.3,26.33,26.27,26.33,3877.0
2026-07-31,2026-07-31 12:25:00,26.39,26.445,26.38,26.38,6651.0
2026-07-31,2026-07-31 12:30:00,26.38,26.41,26.37,26.41,5052.0
2026-07-31,2026-07-31 12:35:00,26.43,26.51,26.43,26.49,2703.0
2026-07-31,2026-07-31 12:40:00,26.5,26.53,26.47,26.495,5788.0
2026-07-31,2026-07-31 12:45:00,26.52,26.55,26.51,26.52,4486.0
2026-07-31,2026-07-31 12:50:00,26.49,26.53,26.49,26.52,9432.0
2026-07-31,2026-07-31 12:55:00,26.54,26.605,26.54,26.59,8255.0
2026-07-31,2026-07-31 13:00:00,26.56,26.635,26.56,26.635,12735.0
2026-07-31,2026-07-31 13:05:00,26.62,26.65,26.6,26.64,16852.0
2026-07-31,2026-07-31 13:10:00,26.65,26.65,26.61,26.65,6910.0
2026-07-31,2026-07-31 13:15:00,26.64,26.73,26.64,26.715,7166.0
2026-07-31,2026-07-31 13:20:00,26.6901,26.72,26.66,26.67,7541.0
2026-07-31,2026-07-31 13:25:00,26.68,26.795,26.68,26.795,5333.0
2026-07-31,2026-07-31 13:30:00,26.8229,26.8229,26.705,26.76,16328.0
2026-07-31,2026-07-31 13:35:00,26.76,26.81,26.7,26.77,35607.0
2026-07-31,2026-07-31 13:40:00,26.78,26.86,26.78,26.78,12037.0
2026-07-31,2026-07-31 13:45:00,26.79,26.79,26.75,26.75,7292.0
2026-07-31,2026-07-31 13:50:00,26.76,26.81,26.76,26.77,10475.0
2026-07-31,2026-07-31 13:55:00,26.76,26.8,26.76,26.8,4502.0
2026-07-31,2026-07-31 14:00:00,26.82,26.85,26.78,26.78,8219.0
2026-07-31,2026-07-31 14:05:00,26.8,26.81,26.79,26.805,9994.0
2026-07-31,2026-07-31 14:10:00,26.8,26.835,26.79,26.81,10270.0
2026-07-31,2026-07-31 14:15:00,26.8,26.81,26.77,26.78,8296.0
2026-07-31,2026-07-31 14:20:00,26.77,26.83,26.77,26.8,7532.0
2026-07-31,2026-07-31 14:25:00,26.81,26.83,26.79,26.83,10172.0
2026-07-31,2026-07-31 14:30:00,26.83,26.84,26.81,26.83,5268.0
2026-07-31,2026-07-31 14:35:00,26.82,26.83,26.795,26.825,7324.0
2026-07-31,2026-07-31 14:40:00,26.81,26.84,26.8,26.8,8931.0
2026-07-31,2026-07-31 14:45:00,26.8,26.85,26.8,26.83,11016.0
2026-07-31,2026-07-31 14:50:00,26.82,26.83,26.79,26.79,6802.0
2026-07-31,2026-07-31 14:55:00,26.81,26.84,26.81,26.82,8586.0
2026-07-31,2026-07-31 15:00:00,26.825,26.825,26.75,26.78,15449.0
2026-07-31,2026-07-31 15:05:00,26.79,26.8,26.73,26.7301,16079.0
2026-07-31,2026-07-31 15:10:00,26.73,26.76,26.69,26.73,15192.0
2026-07-31,2026-07-31 15:15:00,26.735,26.77,26.676,26.676,13527.0
2026-07-31,2026-07-31 15:20:00,26.675,26.71,26.66,26.66,18331.0
2026-07-31,2026-07-31 15:25:00,26.67,26.68,26.64,26.64,10654.0
2026-07-31,2026-07-31 15:30:00,26.64,26.68,26.62,26.645,19930.0
2026-07-31,2026-07-31 15:35:00,26.64,26.7,26.62,26.62,24887.0
2026-07-31,2026-07-31 15:40:00,26.62,26.65,26.61,26.62,14325.0
2026-07-31,2026-07-31 15:45:00,26.63,26.67,26.62,26.64,17353.0
2026-07-31,2026-07-31 15:50:00,26.65,26.72,26.62,26.72,22474.0
2026-07-31,2026-07-31 15:55:00,26.69,26.705,26.58,26.58,43008.0
2026-07-31,2026-07-31 16:00:00,26.555,26.66,26.55,26.62,321900.0
2026-08-03,2026-08-03 09:35:00,27.28,27.84,27.0,27.325,99453.0
2026-08-03,2026-08-03 09:40:00,27.29,27.69,27.29,27.69,32486.0
2026-08-03,2026-08-03 09:45:00,27.73,27.94,27.65,27.81,51733.0
2026-08-03,2026-08-03 09:50:00,27.84,28.005,27.77,27.83,118376.0
2026-08-03,2026-08-03 09:55:00,27.865,27.9649,27.66,27.695,34620.0
2026-08-03,2026-08-03 10:00:00,27.69,27.87,27.61,27.665,26952.0
2026-08-03,2026-08-03 10:05:00,27.665,27.8156,27.6,27.67,28119.0
2026-08-03,2026-08-03 10:10:00,27.71,27.81,27.66,27.66,17641.0
2026-08-03,2026-08-03 10:15:00,27.67,27.855,27.625,27.855,75313.0
2026-08-03,2026-08-03 10:20:00,27.855,27.875,27.755,27.82,37085.0
2026-08-03,2026-08-03 10:25:00,27.79,27.825,27.72,27.78,44393.0
2026-08-03,2026-08-03 10:30:00,27.79,27.82,27.69,27.7,28071.0
2026-08-03,2026-08-03 10:35:00,27.7,27.73,27.63,27.675,42724.0
2026-08-03,2026-08-03 10:40:00,27.685,27.879,27.65,27.84,38636.0
2026-08-03,2026-08-03 10:45:00,27.81,27.86,27.77,27.785,25595.0
2026-08-03,2026-08-03 10:50:00,27.77,27.81,27.66,27.675,24260.0
2026-08-03,2026-08-03 10:55:00,27.66,27.69,27.6,27.69,36410.0
2026-08-03,2026-08-03 11:00:00,27.7,27.7,27.62,27.675,14248.0
2026-08-03,2026-08-03 11:05:00,27.66,27.68,27.53,27.54,23001.0
2026-08-03,2026-08-03 11:10:00,27.56,27.67,27.54,27.67,11722.0
2026-08-03,2026-08-03 11:15:00,27.66,27.72,27.63,27.65,11884.0
2026-08-03,2026-08-03 11:20:00,27.665,27.68,27.61,27.64,18540.0
2026-08-03,2026-08-03 11:25:00,27.65,27.655,27.6,27.6399,13168.0
2026-08-03,2026-08-03 11:30:00,27.63,27.65,27.58,27.605,13028.0
2026-08-03,2026-08-03 11:35:00,27.59,27.71,27.59,27.69,11238.0
2026-08-03,2026-08-03 11:40:00,27.705,27.75,27.705,27.73,10580.0
2026-08-03,2026-08-03 11:45:00,27.735,27.86,27.72,27.79,34109.0
2026-08-03,2026-08-03 11:50:00,27.78,27.83,27.76,27.7643,13788.0
2026-08-03,2026-08-03 11:55:00,27.76,27.8,27.74,27.795,10282.0
2026-08-03,2026-08-03 12:00:00,27.79,27.87,27.785,27.86,11192.0
2026-08-03,2026-08-03 12:05:00,27.86,27.86,27.67,27.67,23849.0
2026-08-03,2026-08-03 12:10:00,27.66,27.675,27.59,27.67,15120.0
2026-08-03,2026-08-03 12:15:00,27.67,27.75,27.63,27.75,20542.0
2026-08-03,2026-08-03 12:20:00,27.755,27.79,27.73,27.74,11322.0
2026-08-03,2026-08-03 12:25:00,27.74,27.77,27.72,27.735,10778.0
2026-08-03,2026-08-03 12:30:00,27.75,27.77,27.7,27.7,13775.0
2026-08-03,2026-08-03 12:35:00,27.69,27.71,27.6,27.625,14534.0
2026-08-03,2026-08-03 12:40:00,27.63,27.655,27.56,27.56,12956.0
2026-08-03,2026-08-03 12:45:00,27.56,27.58,27.44,27.4701,58300.0
2026-08-03,2026-08-03 12:50:00,27.485,27.55,27.47,27.525,41273.0
2026-08-03,2026-08-03 12:55:00,27.51,27.55,27.49,27.49,14966.0
2026-08-03,2026-08-03 13:00:00,27.495,27.5,27.42,27.435,15914.0
2026-08-03,2026-08-03 13:05:00,27.44,27.44,27.34,27.36,14323.0
2026-08-03,2026-08-03 13:10:00,27.37,27.37,27.29,27.3,12855.0
2026-08-03,2026-08-03 13:15:00,27.3,27.4,27.3,27.38,15029.0
2026-08-03,2026-08-03 13:20:00,27.385,27.39,27.36,27.36,15277.0
2026-08-03,2026-08-03 13:25:00,27.36,27.4,27.36,27.4,13861.0
2026-08-03,2026-08-03 13:30:00,27.4,27.46,27.39,27.422,33329.0
2026-08-03,2026-08-03 13:35:00,27.42,27.42,27.395,27.405,20751.0
2026-08-03,2026-08-03 13:40:00,27.405,27.45,27.405,27.41,20979.0
2026-08-03,2026-08-03 13:45:00,27.41,27.416,27.345,27.345,19248.0
2026-08-03,2026-08-03 13:50:00,27.345,27.38,27.33,27.34,16723.0
2026-08-03,2026-08-03 13:55:00,27.33,27.4,27.32,27.37,16096.0
2026-08-03,2026-08-03 14:00:00,27.37,27.37,27.34,27.34,10274.0
2026-08-03,2026-08-03 14:05:00,27.34,27.415,27.34,27.395,16210.0
2026-08-03,2026-08-03 14:10:00,27.395,27.41,27.36,27.4,28581.0
2026-08-03,2026-08-03 14:15:00,27.4,27.44,27.3901,27.43,11712.0
2026-08-03,2026-08-03 14:20:00,27.42,27.42,27.37,27.38,17289.0
2026-08-03,2026-08-03 14:25:00,27.37,27.405,27.35,27.405,19141.0
2026-08-03,2026-08-03 14:30:00,27.405,27.44,27.405,27.41,14755.0
2026-08-03,2026-08-03 14:35:00,27.4,27.43,27.4,27.42,19799.0
2026-08-03,2026-08-03 14:40:00,27.42,27.46,27.405,27.46,25041.0
2026-08-03,2026-08-03 14:45:00,27.46,27.46,27.43,27.45,12654.0
2026-08-03,2026-08-03 14:50:00,27.44,27.44,27.41,27.42,13410.0
2026-08-03,2026-08-03 14:55:00,27.42,27.42,27.395,27.395,12829.0
2026-08-03,2026-08-03 15:00:00,27.39,27.39,27.32,27.32,16728.0
2026-08-03,2026-08-03 15:05:00,27.32,27.38,27.31,27.315,20941.0
2026-08-03,2026-08-03 15:10:00,27.3,27.325,27.3,27.31,13398.0
2026-08-03,2026-08-03 15:15:00,27.3,27.32,27.29,27.31,14249.0
2026-08-03,2026-08-03 15:20:00,27.32,27.32,27.23,27.25,28231.0
2026-08-03,2026-08-03 15:25:00,27.24,27.32,27.2301,27.32,28578.0
2026-08-03,2026-08-03 15:30:00,27.31,27.31,27.28,27.285,17669.0
2026-08-03,2026-08-03 15:35:00,27.28,27.335,27.21,27.25,31376.0
2026-08-03,2026-08-03 15:40:00,27.245,27.365,27.24,27.365,17171.0
2026-08-03,2026-08-03 15:45:00,27.36,27.45,27.35,27.45,33366.0
2026-08-03,2026-08-03 15:50:00,27.45,27.51,27.44,27.48,38636.0
2026-08-03,2026-08-03 15:55:00,27.48,27.51,27.42,27.425,62838.0
2026-08-03,2026-08-03 16:00:00,27.43,27.51,27.395,27.48,378298.0
2026-08-04,2026-08-04 09:35:00,27.085,27.67,26.6001,27.6229,60728.0
2026-08-04,2026-08-04 09:40:00,27.57,27.9899,27.5,27.91,41360.0
2026-08-04,2026-08-04 09:45:00,27.85,27.9888,27.61,27.69,19182.0
2026-08-04,2026-08-04 09:50:00,27.69,27.72,27.62,27.66,14081.0
2026-08-04,2026-08-04 09:55:00,27.73,27.75,27.6,27.685,15643.0
2026-08-04,2026-08-04 10:00:00,27.64,27.64,27.47,27.54,41578.0
2026-08-04,2026-08-04 10:05:00,27.525,27.81,27.525,27.775,16808.0
2026-08-04,2026-08-04 10:10:00,27.75,27.8,27.68,27.8,18215.0
2026-08-04,2026-08-04 10:15:00,27.735,27.75,27.56,27.56,15868.0
2026-08-04,2026-08-04 10:20:00,27.635,27.7,27.585,27.606,13414.0
2026-08-04,2026-08-04 10:25:00,27.55,27.6001,27.3748,27.435,13881.0
2026-08-04,2026-08-04 10:30:00,27.44,27.61,27.44,27.575,49456.0
2026-08-04,2026-08-04 10:35:00,27.57,27.57,27.43,27.43,29487.0
2026-08-04,2026-08-04 10:40:00,27.44,27.48,27.37,27.37,11768.0
2026-08-04,2026-08-04 10:45:00,27.32,27.5,27.32,27.45,13169.0
2026-08-04,2026-08-04 10:50:00,27.44,27.44,27.22,27.2547,13728.0
2026-08-04,2026-08-04 10:55:00,27.21,27.33,27.14,27.175,17519.0
2026-08-04,2026-08-04 11:00:00,27.17,27.24,27.14,27.18,9203.0
2026-08-04,2026-08-04 11:05:00,27.165,27.19,27.02,27.055,29634.0
2026-08-04,2026-08-04 11:10:00,27.065,27.18,27.01,27.135,32961.0
2026-08-04,2026-08-04 11:15:00,27.13,27.13,27.01,27.04,32227.0
2026-08-04,2026-08-04 11:20:00,27.045,27.295,27.045,27.25,59010.0
2026-08-04,2026-08-04 11:25:00,27.25,27.35,27.24,27.2929,32775.0
2026-08-04,2026-08-04 11:30:00,27.29,27.48,27.22,27.23,76007.0
2026-08-04,2026-08-04 11:35:00,27.255,27.305,27.18,27.3,25169.0
2026-08-04,2026-08-04 11:40:00,27.29,27.375,27.26,27.36,43905.0
2026-08-04,2026-08-04 11:45:00,27.37,27.42,27.36,27.385,19686.0
2026-08-04,2026-08-04 11:50:00,27.37,27.44,27.3,27.34,81890.0
2026-08-04,2026-08-04 11:55:00,27.36,27.46,27.25,27.3,52632.0
2026-08-04,2026-08-04 12:00:00,27.28,27.3,27.125,27.21,49228.0
2026-08-04,2026-08-04 12:05:00,27.19,27.3,27.18,27.275,19052.0
2026-08-04,2026-08-04 12:10:00,27.29,27.42,27.26,27.41,45092.0
2026-08-04,2026-08-04 12:15:00,27.44,27.5199,27.44,27.49,25955.0
2026-08-04,2026-08-04 12:20:00,27.49,27.5,27.44,27.47,12554.0
2026-08-04,2026-08-04 12:25:00,27.48,27.58,27.4505,27.5,42910.0
2026-08-04,2026-08-04 12:30:00,27.48,27.82,27.48,27.74,145144.0
2026-08-04,2026-08-04 12:35:00,27.765,27.765,27.61,27.64,21047.0
2026-08-04,2026-08-04 12:40:00,27.63,27.645,27.6,27.61,8422.0
2026-08-04,2026-08-04 12:45:00,27.615,27.8137,27.54,27.75,74898.0
2026-08-04,2026-08-04 12:50:00,27.77,27.82,27.72,27.81,11189.0
2026-08-04,2026-08-04 12:55:00,27.79,27.88,27.65,27.845,18220.0
2026-08-04,2026-08-04 13:00:00,27.85,27.88,27.77,27.835,15855.0
2026-08-04,2026-08-04 13:05:00,27.835,27.92,27.8115,27.92,24072.0
2026-08-04,2026-08-04 13:10:00,27.905,27.92,27.87,27.895,10277.0
2026-08-04,2026-08-04 13:15:00,27.88,27.99,27.855,27.91,27935.0
2026-08-04,2026-08-04 13:20:00,27.9,27.92,27.85,27.88,16807.0
2026-08-04,2026-08-04 13:25:00,27.87,27.94,27.865,27.94,13947.0
2026-08-04,2026-08-04 13:30:00,27.94,27.98,27.925,27.94,16651.0
2026-08-04,2026-08-04 13:35:00,27.93,27.98,27.92,27.98,13139.0
2026-08-04,2026-08-04 13:40:00,27.98,27.99,27.965,27.98,15638.0
2026-08-04,2026-08-04 13:45:00,27.985,28.06,27.98,28.02,47317.0
2026-08-04,2026-08-04 13:50:00,28.03,28.07,27.99,28.02,34791.0
2026-08-04,2026-08-04 13:55:00,28.015,28.02,27.94,27.95,20705.0
2026-08-04,2026-08-04 14:00:00,27.94,27.95,27.88,27.91,12034.0
2026-08-04,2026-08-04 14:05:00,27.905,27.97,27.87,27.88,65028.0
2026-08-04,2026-08-04 14:10:00,27.91,27.95,27.91,27.92,8721.0
2026-08-04,2026-08-04 14:15:00,27.929,27.94,27.78,27.88,73334.0
2026-08-04,2026-08-04 14:20:00,27.91,27.965,27.88,27.92,15181.0
2026-08-04,2026-08-04 14:25:00,27.91,27.96,27.88,27.93,23784.0
2026-08-04,2026-08-04 14:30:00,27.945,27.98,27.945,27.965,15193.0
2026-08-04,2026-08-04 14:35:00,27.96,27.96,27.92,27.92,11801.0
2026-08-04,2026-08-04 14:40:00,27.925,27.93,27.84,27.845,23661.0
2026-08-04,2026-08-04 14:45:00,27.83,27.84,27.8,27.815,11870.0
2026-08-04,2026-08-04 14:50:00,27.82,27.87,27.8,27.855,19714.0
2026-08-04,2026-08-04 14:55:00,27.855,27.86,27.82,27.82,22780.0
2026-08-04,2026-08-04 15:00:00,27.82,27.83,27.78,27.825,19861.0
2026-08-04,2026-08-04 15:05:00,27.83,27.88,27.82,27.86,23087.0
2026-08-04,2026-08-04 15:10:00,27.86,27.87,27.81,27.82,21054.0
2026-08-04,2026-08-04 15:15:00,27.82,27.855,27.81,27.82,23407.0
2026-08-04,2026-08-04 15:20:00,27.825,27.87,27.81,27.86,23927.0
2026-08-04,2026-08-04 15:25:00,27.87,27.985,27.84,27.985,30345.0
2026-08-04,2026-08-04 15:30:00,27.97,27.985,27.865,27.905,28596.0
2026-08-04,2026-08-04 15:35:00,27.92,28.01,27.905,27.98,47007.0
2026-08-04,2026-08-04 15:40:00,27.99,28.07,27.98,28.0,126376.0
2026-08-04,2026-08-04 15:45:00,28.01,28.01,27.8,27.86,63709.0
2026-08-04,2026-08-04 15:50:00,27.85,27.85,27.6101,27.73,81745.0
2026-08-04,2026-08-04 15:55:00,27.72,27.98,27.665,27.88,204271.0
2026-08-04,2026-08-04 16:00:00,27.88,28.0,27.19,27.87,543448.0
2026-08-05,2026-08-05 09:35:00,28.215,28.48,28.11,28.23,55850.0
2026-08-05,2026-08-05 09:40:00,28.29,28.36,28.02,28.175,13841.0
2026-08-05,2026-08-05 09:45:00,28.23,28.344,28.11,28.205,13560.0
2026-08-05,2026-08-05 09:50:00,28.29,28.376,28.0862,28.09,20301.0
2026-08-05,2026-08-05 09:55:00,28.08,28.3384,28.04,28.3,15199.0
2026-08-05,2026-08-05 10:00:00,28.29,28.3499,28.025,28.09,19216.0
2026-08-05,2026-08-05 10:05:00,28.085,28.085,27.84,28.02,24592.0
2026-08-05,2026-08-05 10:10:00,28.07,28.19,28.03,28.04,12064.0
2026-08-05,2026-08-05 10:15:00,28.06,28.17,28.02,28.026,10213.0
2026-08-05,2026-08-05 10:20:00,28.025,28.19,28.025,28.065,34586.0
2026-08-05,2026-08-05 10:25:00,28.08,28.216,28.08,28.2,13542.0
2026-08-05,2026-08-05 10:30:00,28.21,28.4,28.21,28.27,30897.0
2026-08-05,2026-08-05 10:35:00,28.26,28.35,28.19,28.27,23382.0
2026-08-05,2026-08-05 10:40:00,28.27,28.29,28.21,28.28,11070.0
2026-08-05,2026-08-05 10:45:00,28.275,28.29,28.085,28.12,14782.0
2026-08-05,2026-08-05 10:50:00,28.14,28.15,28.055,28.055,7726.0
2026-08-05,2026-08-05 10:55:00,28.04,28.06,28.0,28.03,9522.0
2026-08-05,2026-08-05 11:00:00,28.01,28.01,27.81,27.836,15196.0
2026-08-05,2026-08-05 11:05:00,27.835,27.92,27.76,27.89,18194.0
2026-08-05,2026-08-05 11:10:00,27.91,27.92,27.71,27.76,11006.0
2026-08-05,2026-08-05 11:15:00,27.74,27.78,27.66,27.69,13692.0
2026-08-05,2026-08-05 11:20:00,27.69,27.74,27.65,27.7,19028.0
2026-08-05,2026-08-05 11:25:00,27.7,27.808,27.69,27.72,12181.0
2026-08-05,2026-08-05 11:30:00,27.74,27.74,27.6,27.65,14325.0
2026-08-05,2026-08-05 11:35:00,27.63,27.765,27.625,27.76,17455.0
2026-08-05,2026-08-05 11:40:00,27.75,27.775,27.7,27.75,20148.0
2026-08-05,2026-08-05 11:45:00,27.7599,27.76,27.68,27.7,11981.0
2026-08-05,2026-08-05 11:50:00,27.71,27.72,27.665,27.675,12220.0
2026-08-05,2026-08-05 11:55:00,27.67,27.671,27.64,27.66,11639.0
2026-08-05,2026-08-05 12:00:00,27.655,27.72,27.655,27.695,12287.0
2026-08-05,2026-08-05 12:05:00,27.68,27.7,27.65,27.67,11542.0
2026-08-05,2026-08-05 12:10:00,27.67,27.68,27.585,27.62,20405.0
2026-08-05,2026-08-05 12:15:00,27.61,27.66,27.57,27.66,17749.0
2026-08-05,2026-08-05 12:20:00,27.6751,27.705,27.65,27.705,13206.0
2026-08-05,2026-08-05 12:25:00,27.71,27.81,27.71,27.76,22660.0
2026-08-05,2026-08-05 12:30:00,27.75,27.78,27.74,27.75,7968.0
2026-08-05,2026-08-05 12:35:00,27.75,27.75,27.675,27.69,8835.0
2026-08-05,2026-08-05 12:40:00,27.69,27.69,27.635,27.68,8250.0
2026-08-05,2026-08-05 12:45:00,27.68,27.715,27.68,27.705,5232.0
2026-08-05,2026-08-05 12:50:00,27.69,27.72,27.68,27.72,13165.0
2026-08-05,2026-08-05 12:55:00,27.73,27.745,27.7,27.72,12861.0
2026-08-05,2026-08-05 13:00:00,27.71,27.76,27.7,27.75,8324.0
2026-08-05,2026-08-05 13:05:00,27.75,27.78,27.675,27.69,11013.0
2026-08-05,2026-08-05 13:10:00,27.69,27.75,27.67,27.71,23605.0
2026-08-05,2026-08-05 13:15:00,27.71,27.775,27.68,27.76,15425.0
2026-08-05,2026-08-05 13:20:00,27.75,27.76,27.73,27.75,6104.0
2026-08-05,2026-08-05 13:25:00,27.73,27.75,27.645,27.71,28157.0
2026-08-05,2026-08-05 13:30:00,27.71,27.76,27.7,27.74,8218.0
2026-08-05,2026-08-05 13:35:00,27.74,27.76,27.72,27.74,7272.0
2026-08-05,2026-08-05 13:40:00,27.74,27.76,27.73,27.75,8376.0
2026-08-05,2026-08-05 13:45:00,27.76,27.8,27.74,27.765,19534.0
2026-08-05,2026-08-05 13:50:00,27.74,27.79,27.74,27.79,8507.0
2026-08-05,2026-08-05 13:55:00,27.79,27.8,27.72,27.73,10146.0
2026-08-05,2026-08-05 14:00:00,27.73,27.74,27.67,27.711,16029.0
2026-08-05,2026-08-05 14:05:00,27.71,27.71,27.67,27.69,12178.0
2026-08-05,2026-08-05 14:10:00,27.69,27.71,27.67,27.691,5995.0
2026-08-05,2026-08-05 14:15:00,27.7,27.74,27.685,27.69,14595.0
2026-08-05,2026-08-05 14:20:00,27.7,27.72,27.66,27.69,11220.0
2026-08-05,2026-08-05 14:25:00,27.68,27.71,27.66,27.67,8491.0
2026-08-05,2026-08-05 14:30:00,27.66,27.72,27.66,27.72,5287.0
2026-08-05,2026-08-05 14:35:00,27.71,27.72,27.65,27.66,9385.0
2026-08-05,2026-08-05 14:40:00,27.66,27.67,27.63,27.66,9352.0
2026-08-05,2026-08-05 14:45:00,27.66,27.68,27.65,27.67,6891.0
2026-08-05,2026-08-05 14:50:00,27.67,27.67,27.64,27.65,9152.0
2026-08-05,2026-08-05 14:55:00,27.65,27.66,27.63,27.65,5941.0
2026-08-05,2026-08-05 15:00:00,27.66,27.66,27.58,27.59,13819.0
2026-08-05,2026-08-05 15:05:00,27.59,27.645,27.59,27.61,6005.0
2026-08-05,2026-08-05 15:10:00,27.625,27.675,27.5536,27.62,32979.0
2026-08-05,2026-08-05 15:15:00,27.63,27.645,27.61,27.625,9694.0
2026-08-05,2026-08-05 15:20:00,27.61,27.63,27.525,27.525,9962.0
2026-08-05,2026-08-05 15:25:00,27.52,27.53,27.45,27.48,44529.0
2026-08-05,2026-08-05 15:30:00,27.5,27.55,27.5,27.55,12414.0
2026-08-05,2026-08-05 15:35:00,27.57,27.7199,27.57,27.69,38531.0
2026-08-05,2026-08-05 15:40:00,27.67,27.67,27.595,27.62,18217.0
2026-08-05,2026-08-05 15:45:00,27.615,27.64,27.57,27.64,21669.0
2026-08-05,2026-08-05 15:50:00,27.64,27.74,27.64,27.74,24525.0
2026-08-05,2026-08-05 15:55:00,27.73,27.76,27.69,27.7,32317.0
2026-08-05,2026-08-05 16:00:00,27.69,27.8,27.62,27.65,285908.0
2026-08-06,2026-08-06 09:35:00,27.99,27.99,27.08,27.245,27405.0
2026-08-06,2026-08-06 09:40:00,27.24,27.31,27.12,27.24,14358.0
2026-08-06,2026-08-06 09:45:00,27.24,27.33,27.22,27.2549,4245.0
2026-08-06,2026-08-06 09:50:00,27.33,27.33,27.12,27.205,19042.0
2026-08-06,2026-08-06 09:55:00,27.205,27.21,26.85,26.85,32437.0
2026-08-06,2026-08-06 10:00:00,26.82,26.895,26.71,26.74,13913.0
2026-08-06,2026-08-06 10:05:00,26.745,26.88,26.68,26.8,35870.0
2026-08-06,2026-08-06 10:10:00,26.835,26.855,26.71,26.825,40197.0
2026-08-06,2026-08-06 10:15:00,26.825,27.05,26.7967,27.01,36948.0
2026-08-06,2026-08-06 10:20:00,27.065,27.155,27.03,27.15,7822.0
2026-08-06,2026-08-06 10:25:00,27.14,27.235,27.14,27.17,10336.0
2026-08-06,2026-08-06 10:30:00,27.18,27.325,27.155,27.305,22781.0
2026-08-06,2026-08-06 10:35:00,27.31,27.44,27.31,27.36,13169.0
2026-08-06,2026-08-06 10:40:00,27.354,27.405,27.35,27.38,10174.0
2026-08-06,2026-08-06 10:45:00,27.37,27.38,27.055,27.17,27051.0
2026-08-06,2026-08-06 10:50:00,27.16,27.17,27.05,27.085,15903.0
2026-08-06,2026-08-06 10:55:00,27.085,27.11,27.0,27.0,6341.0
2026-08-06,2026-08-06 11:00:00,27.015,27.095,27.0,27.0,13437.0
2026-08-06,2026-08-06 11:05:00,27.0,27.195,26.935,27.195,22114.0
2026-08-06,2026-08-06 11:10:00,27.2,27.315,27.17,27.3,11872.0
2026-08-06,2026-08-06 11:15:00,27.39,27.395,27.32,27.325,12682.0
2026-08-06,2026-08-06 11:20:00,27.33,27.4,27.3,27.3,25325.0
2026-08-06,2026-08-06 11:25:00,27.29,27.305,27.2,27.215,9624.0
2026-08-06,2026-08-06 11:30:00,27.215,27.35,27.215,27.32,24787.0
2026-08-06,2026-08-06 11:35:00,27.32,27.4,27.32,27.35,12278.0
2026-08-06,2026-08-06 11:40:00,27.35,27.41,27.33,27.385,15948.0
2026-08-06,2026-08-06 11:45:00,27.38,27.4,27.32,27.37,11015.0
2026-08-06,2026-08-06 11:50:00,27.35,27.39,27.32,27.38,6846.0
2026-08-06,2026-08-06 11:55:00,27.38,27.385,27.36,27.36,10052.0
2026-08-06,2026-08-06 12:00:00,27.35,27.405,27.34,27.38,13848.0
2026-08-06,2026-08-06 12:05:00,27.385,27.39,27.33,27.38,13475.0
2026-08-06,2026-08-06 12:10:00,27.42,27.47,27.42,27.435,6543.0
2026-08-06,2026-08-06 12:15:00,27.435,27.473,27.435,27.44,12341.0
2026-08-06,2026-08-06 12:20:00,27.43,27.46,27.41,27.45,15236.0
2026-08-06,2026-08-06 12:25:00,27.44,27.44,27.33,27.34,13539.0
2026-08-06,2026-08-06 12:30:00,27.36,27.46,27.35,27.39,9799.0
2026-08-06,2026-08-06 12:35:00,27.38,27.38,27.34,27.34,8589.0
2026-08-06,2026-08-06 12:40:00,27.34,27.4,27.31,27.4,9662.0
2026-08-06,2026-08-06 12:45:00,27.39,27.39,27.32,27.33,26204.0
2026-08-06,2026-08-06 12:50:00,27.335,27.39,27.335,27.365,7556.0
2026-08-06,2026-08-06 12:55:00,27.38,27.4,27.36,27.365,7001.0
2026-08-06,2026-08-06 13:00:00,27.36,27.41,27.34,27.405,16065.0
2026-08-06,2026-08-06 13:05:00,27.38,27.405,27.37,27.395,5550.0
2026-08-06,2026-08-06 13:10:00,27.42,27.45,27.3,27.32,6558.0
2026-08-06,2026-08-06 13:15:00,27.31,27.33,27.26,27.26,5248.0
2026-08-06,2026-08-06 13:20:00,27.275,27.36,27.25,27.36,14211.0
2026-08-06,2026-08-06 13:25:00,27.33,27.405,27.33,27.36,7536.0
2026-08-06,2026-08-06 13:30:00,27.37,27.41,27.36,27.41,4464.0
2026-08-06,2026-08-06 13:35:00,27.4,27.41,27.35,27.37,5954.0
2026-08-06,2026-08-06 13:40:00,27.375,27.435,27.375,27.435,4357.0
2026-08-06,2026-08-06 13:45:00,27.4168,27.505,27.41,27.41,29026.0
2026-08-06,2026-08-06 13:50:00,27.43,27.4725,27.4,27.4,10131.0
2026-08-06,2026-08-06 13:55:00,27.39,27.39,27.35,27.37,6818.0
2026-08-06,2026-08-06 14:00:00,27.37,27.42,27.35,27.4,9660.0
2026-08-06,2026-08-06 14:05:00,27.4,27.405,27.3,27.37,18347.0
2026-08-06,2026-08-06 14:10:00,27.38,27.38,27.34,27.35,7293.0
2026-08-06,2026-08-06 14:15:00,27.35,27.39,27.35,27.39,5925.0
2026-08-06,2026-08-06 14:20:00,27.395,27.395,27.317,27.317,8419.0
2026-08-06,2026-08-06 14:25:00,27.31,27.37,27.3,27.32,5232.0
2026-08-06,2026-08-06 14:30:00,27.3,27.35,27.295,27.35,7671.0
2026-08-06,2026-08-06 14:35:00,27.33,27.385,27.3,27.32,14512.0
2026-08-06,2026-08-06 14:40:00,27.32,27.33,27.3,27.31,4701.0
2026-08-06,2026-08-06 14:45:00,27.305,27.32,27.3,27.315,7368.0
2026-08-06,2026-08-06 14:50:00,27.31,27.31,27.24,27.245,22311.0
2026-08-06,2026-08-06 14:55:00,27.23,27.25,27.18,27.18,19895.0
2026-08-06,2026-08-06 15:00:00,27.18,27.22,27.18,27.205,15060.0
2026-08-06,2026-08-06 15:05:00,27.19,27.25,27.19,27.24,28880.0
2026-08-06,2026-08-06 15:10:00,27.24,27.255,27.22,27.235,16354.0
2026-08-06,2026-08-06 15:15:00,27.24,27.26,27.23,27.25,14117.0
2026-08-06,2026-08-06 15:20:00,27.245,27.295,27.235,27.28,11831.0
2026-08-06,2026-08-06 15:25:00,27.29,27.4,27.29,27.37,41891.0
2026-08-06,2026-08-06 15:30:00,27.35,27.37,27.32,27.34,15701.0
2026-08-06,2026-08-06 15:35:00,27.335,27.67,27.31,27.67,70967.0
2026-08-06,2026-08-06 15:40:00,27.66,27.685,27.61,27.63,30441.0
2026-08-06,2026-08-06 15:45:00,27.64,27.675,27.58,27.67,23223.0
2026-08-06,2026-08-06 15:50:00,27.65,27.7,27.61,27.68,22509.0
2026-08-06,2026-08-06 15:55:00,27.67,27.85,27.67,27.81,50952.0
2026-08-06,2026-08-06 16:00:00,27.83,27.92,27.73,27.86,301827.0
2026-08-07,2026-08-07 09:35:00,28.45,29.05,28.29,28.885,88479.0
2026-08-07,2026-08-07 09:40:00,28.9,29.19,28.79,29.05,62450.0
2026-08-07,2026-08-07 09:45:00,29.05,29.1372,28.7389,28.7389,59749.0
2026-08-07,2026-08-07 09:50:00,28.77,28.9533,28.62,28.92,34390.0
2026-08-07,2026-08-07 09:55:00,28.925,29.0299,28.67,28.67,16582.0
2026-08-07,2026-08-07 10:00:00,28.89,29.09,28.89,29.06,53272.0
2026-08-07,2026-08-07 10:05:00,29.03,29.42,29.03,29.2,56633.0
2026-08-07,2026-08-07 10:10:00,29.3189,29.32,29.105,29.25,17805.0
2026-08-07,2026-08-07 10:15:00,29.245,29.25,29.05,29.105,14961.0
2026-08-07,2026-08-07 10:20:00,29.105,29.16,28.99,29.16,23151.0
2026-08-07,2026-08-07 10:25:00,29.2,29.26,29.16,29.23,15267.0
2026-08-07,2026-08-07 10:30:00,29.2,29.2699,29.09,29.14,34977.0
2026-08-07,2026-08-07 10:35:00,29.14,29.31,29.135,29.28,38864.0
2026-08-07,2026-08-07 10:40:00,29.285,29.285,29.075,29.15,6458.0
2026-08-07,2026-08-07 10:45:00,29.095,29.095,28.98,29.01,32283.0
2026-08-07,2026-08-07 10:50:00,28.99,29.02,28.885,28.95,27142.0
2026-08-07,2026-08-07 10:55:00,28.965,29.06,28.8783,29.04,13797.0
2026-08-07,2026-08-07 11:00:00,29.02,29.05,28.94,28.94,28643.0
2026-08-07,2026-08-07 11:05:00,28.935,28.955,28.86,28.87,16823.0
2026-08-07,2026-08-07 11:10:00,28.87,29.0,28.87,28.92,13582.0
2026-08-07,2026-08-07 11:15:00,28.91,29.0,28.91,28.975,9856.0
2026-08-07,2026-08-07 11:20:00,28.975,29.0,28.9,28.925,13290.0
2026-08-07,2026-08-07 11:25:00,28.94,29.01,28.93,28.93,13045.0
2026-08-07,2026-08-07 11:30:00,28.93,28.935,28.91,28.935,8706.0
2026-08-07,2026-08-07 11:35:00,28.935,28.95,28.72,28.755,20522.0
2026-08-07,2026-08-07 11:40:00,28.76,28.845,28.74,28.845,25372.0
2026-08-07,2026-08-07 11:45:00,28.845,28.96,28.83,28.88,23034.0
2026-08-07,2026-08-07 11:50:00,28.88,28.93,28.84,28.85,22705.0
2026-08-07,2026-08-07 11:55:00,28.85,28.9,28.79,28.9,9464.0
2026-08-07,2026-08-07 12:00:00,28.905,28.905,28.8,28.86,13704.0
2026-08-07,2026-08-07 12:05:00,28.85,28.86,28.79,28.8,7454.0
2026-08-07,2026-08-07 12:10:00,28.8,28.8,28.78,28.8,5217.0
2026-08-07,2026-08-07 12:15:00,28.81,28.89,28.8,28.885,18093.0
2026-08-07,2026-08-07 12:20:00,28.87,28.9,28.855,28.865,9477.0
2026-08-07,2026-08-07 12:25:00,28.88,28.965,28.86,28.86,10771.0
2026-08-07,2026-08-07 12:30:00,28.85,28.91,28.795,28.81,18397.0
2026-08-07,2026-08-07 12:35:00,28.8,28.8,28.655,28.71,15099.0
2026-08-07,2026-08-07 12:40:00,28.72,28.75,28.67,28.715,16122.0
2026-08-07,2026-08-07 12:45:00,28.73,28.75,28.69,28.72,13369.0
2026-08-07,2026-08-07 12:50:00,28.72,28.73,28.68,28.7,14359.0
2026-08-07,2026-08-07 12:55:00,28.7,28.71,28.66,28.71,16826.0
2026-08-07,2026-08-07 13:00:00,28.71,28.75,28.705,28.74,10994.0
2026-08-07,2026-08-07 13:05:00,28.73,28.78,28.72,28.77,16717.0
2026-08-07,2026-08-07 13:10:00,28.76,28.835,28.76,28.835,20944.0
2026-08-07,2026-08-07 13:15:00,28.83,28.89,28.8,28.89,10091.0
2026-08-07,2026-08-07 13:20:00,28.89,28.94,28.89,28.92,16094.0
2026-08-07,2026-08-07 13:25:00,28.94,28.99,28.92,28.95,23480.0
2026-08-07,2026-08-07 13:30:00,28.93,28.95,28.905,28.94,9095.0
2026-08-07,2026-08-07 13:35:00,28.93,28.93,28.79,28.8,21080.0
2026-08-07,2026-08-07 13:40:00,28.805,28.85,28.805,28.82,7720.0
2026-08-07,2026-08-07 13:45:00,28.83,28.87,28.76,28.87,27256.0
2026-08-07,2026-08-07 13:50:00,28.87,28.945,28.765,28.92,22927.0
2026-08-07,2026-08-07 13:55:00,28.96,28.975,28.84,28.91,26251.0
2026-08-07,2026-08-07 14:00:00,28.915,28.95,28.89,28.9,15373.0
2026-08-07,2026-08-07 14:05:00,28.9,28.99,28.9,28.96,12580.0
2026-08-07,2026-08-07 14:10:00,28.97,29.04,28.96,28.96,46981.0
2026-08-07,2026-08-07 14:15:00,28.975,29.18,28.96,29.16,36424.0
2026-08-07,2026-08-07 14:20:00,29.19,29.2,29.14,29.14,34955.0
2026-08-07,2026-08-07 14:25:00,29.16,29.16,29.11,29.11,16576.0
2026-08-07,2026-08-07 14:30:00,29.1,29.1,29.01,29.075,40960.0
2026-08-07,2026-08-07 14:35:00,29.08,29.17,29.07,29.1,33669.0
2026-08-07,2026-08-07 14:40:00,29.1,29.11,29.08,29.1,11051.0
2026-08-07,2026-08-07 14:45:00,29.105,29.14,29.07,29.08,21453.0
2026-08-07,2026-08-07 14:50:00,29.09,29.125,29.07,29.07,23458.0
2026-08-07,2026-08-07 14:55:00,29.07,29.125,29.07,29.11,19876.0
2026-08-07,2026-08-07 15:00:00,29.11,29.11,29.03,29.06,16061.0
2026-08-07,2026-08-07 15:05:00,29.06,29.185,29.06,29.17,28567.0
2026-08-07,2026-08-07 15:10:00,29.18,29.255,29.17,29.21,73706.0
2026-08-07,2026-08-07 15:15:00,29.225,29.24,29.11,29.2,31082.0
2026-08-07,2026-08-07 15:20:00,29.2,29.201,29.14,29.16,21297.0
2026-08-07,2026-08-07 15:25:00,29.15,29.17,29.12,29.145,25247.0
2026-08-07,2026-08-07 15:30:00,29.145,29.18,29.0875,29.16,37599.0
2026-08-07,2026-08-07 15:35:00,29.16,29.165,29.08,29.1,38027.0
2026-08-07,2026-08-07 15:40:00,29.09,29.14,29.045,29.115,46704.0
2026-08-07,2026-08-07 15:45:00,29.1,29.12,29.045,29.07,58171.0
2026-08-07,2026-08-07 15:50:00,29.07,29.21,29.065,29.17,54464.0
2026-08-07,2026-08-07 15:55:00,29.175,29.25,29.15,29.16,100518.0
2026-08-07,2026-08-07 16:00:00,29.16,29.17,29.02,29.08,446808.0
2026-08-10,2026-08-10 09:35:00,29.01,29.43,29.01,29.38,17122.0
2026-08-10,2026-08-10 09:40:00,29.3456,29.42,29.1,29.1,10091.0
2026-08-10,2026-08-10 09:45:00,29.03,29.31,28.93,29.31,16249.0
2026-08-10,2026-08-10 09:50:00,29.29,29.32,29.25,29.315,13420.0
2026-08-10,2026-08-10 09:55:00,29.35,29.4,29.29,29.325,10695.0
2026-08-10,2026-08-10 10:00:00,29.36,29.65,29.31,29.65,47993.0
2026-08-10,2026-08-10 10:05:00,29.6483,29.825,29.58,29.67,43629.0
2026-08-10,2026-08-10 10:10:00,29.67,29.72,29.5108,29.555,20661.0
2026-08-10,2026-08-10 10:15:00,29.555,29.61,29.51,29.6,13391.0
2026-08-10,2026-08-10 10:20:00,29.6,29.6,29.32,29.49,26601.0
2026-08-10,2026-08-10 10:25:00,29.6,29.6,29.38,29.515,4529.0
2026-08-10,2026-08-10 10:30:00,29.5554,29.64,29.5,29.64,27303.0
2026-08-10,2026-08-10 10:35:00,29.64,29.66,29.51,29.56,43078.0
2026-08-10,2026-08-10 10:40:00,29.56,29.6,29.49,29.5,14659.0
2026-08-10,2026-08-10 10:45:00,29.53,29.59,29.5,29.53,18555.0
2026-08-10,2026-08-10 10:50:00,29.53,29.585,29.48,29.575,17249.0
2026-08-10,2026-08-10 10:55:00,29.575,29.64,29.52,29.52,8109.0
2026-08-10,2026-08-10 11:00:00,29.55,29.6084,29.53,29.53,20340.0
2026-08-10,2026-08-10 11:05:00,29.55,29.74,29.55,29.64,14740.0
2026-08-10,2026-08-10 11:10:00,29.65,29.88,29.65,29.8,69610.0
2026-08-10,2026-08-10 11:15:00,29.8,29.815,29.63,29.74,29845.0
2026-08-10,2026-08-10 11:20:00,29.74,29.8,29.68,29.68,9242.0
2026-08-10,2026-08-10 11:25:00,29.69,29.69,29.58,29.62,12361.0
2026-08-10,2026-08-10 11:30:00,29.62,29.62,29.5,29.5,7519.0
2026-08-10,2026-08-10 11:35:00,29.5,29.505,29.47,29.47,6863.0
2026-08-10,2026-08-10 11:40:00,29.48,29.49,29.38,29.445,56444.0
2026-08-10,2026-08-10 11:45:00,29.47,29.47,29.41,29.42,6689.0
2026-08-10,2026-08-10 11:50:00,29.43,29.45,29.43,29.43,7311.0
2026-08-10,2026-08-10 11:55:00,29.41,29.41,29.3,29.41,30629.0
2026-08-10,2026-08-10 12:00:00,29.395,29.44,29.39,29.44,14177.0
2026-08-10,2026-08-10 12:05:00,29.44,29.47,29.41,29.47,5513.0
2026-08-10,2026-08-10 12:10:00,29.48,29.48,29.33,29.36,8138.0
2026-08-10,2026-08-10 12:15:00,29.335,29.385,29.33,29.37,8766.0
2026-08-10,2026-08-10 12:20:00,29.37,29.37,29.22,29.265,9171.0
2026-08-10,2026-08-10 12:25:00,29.26,29.37,29.26,29.37,12251.0
2026-08-10,2026-08-10 12:30:00,29.38,29.39,29.37,29.37,4184.0
2026-08-10,2026-08-10 12:35:00,29.36,29.36,29.15,29.33,34719.0
2026-08-10,2026-08-10 12:40:00,29.35,29.384418,29.29,29.29,17878.0
2026-08-10,2026-08-10 12:45:00,29.29,29.33,29.26,29.33,6521.0
2026-08-10,2026-08-10 12:50:00,29.315,29.34,29.3,29.3,14594.0
2026-08-10,2026-08-10 12:55:00,29.3,29.335,29.3,29.335,2872.0
2026-08-10,2026-08-10 13:00:00,29.335,29.4,29.31,29.315,25651.0
2026-08-10,2026-08-10 13:05:00,29.32,29.35,29.305,29.31,10856.0
2026-08-10,2026-08-10 13:10:00,29.3,29.36,29.27,29.34,16003.0
2026-08-10,2026-08-10 13:15:00,29.358,29.388,29.21,29.245,32994.0
2026-08-10,2026-08-10 13:20:00,29.245,29.28,29.22,29.26,15714.0
2026-08-10,2026-08-10 13:25:00,29.27,29.27,28.955,28.985,69588.0
2026-08-10,2026-08-10 13:30:00,28.98,29.06,28.95,29.02,55190.0
2026-08-10,2026-08-10 13:35:00,29.04,29.045,29.01,29.03,7542.0
2026-08-10,2026-08-10 13:40:00,29.035,29.05,29.015,29.04,19526.0
2026-08-10,2026-08-10 13:45:00,29.05,29.05,28.98,28.99,10203.0
2026-08-10,2026-08-10 13:50:00,28.99,28.99,28.88,28.92,13337.0
2026-08-10,2026-08-10 13:55:00,28.92,28.95,28.9171,28.93,6093.0
2026-08-10,2026-08-10 14:00:00,28.91,28.93,28.89,28.91,5968.0
2026-08-10,2026-08-10 14:05:00,28.91,28.925,28.8808,28.91,8720.0
2026-08-10,2026-08-10 14:10:00,28.9,28.915,28.78,28.865,16094.0
2026-08-10,2026-08-10 14:15:00,28.865,28.88,28.8,28.83,8372.0
2026-08-10,2026-08-10 14:20:00,28.815,28.87,28.815,28.84,9815.0
2026-08-10,2026-08-10 14:25:00,28.86,28.89,28.83,28.85,12033.0
2026-08-10,2026-08-10 14:30:00,28.85,28.85,28.81,28.8348,4618.0
2026-08-10,2026-08-10 14:35:00,28.835,28.89,28.835,28.86,5129.0
2026-08-10,2026-08-10 14:40:00,28.86,28.89,28.85,28.88,9142.0
2026-08-10,2026-08-10 14:45:00,28.88,28.9,28.86,28.89,7336.0
2026-08-10,2026-08-10 14:50:00,28.91,28.91,28.84,28.84,9091.0
2026-08-10,2026-08-10 14:55:00,28.86,28.885,28.845,28.85,6003.0
2026-08-10,2026-08-10 15:00:00,28.85,28.8788,28.82,28.84,13053.0
2026-08-10,2026-08-10 15:05:00,28.87,28.87,28.84,28.84,6691.0
2026-08-10,2026-08-10 15:10:00,28.83,28.83,28.79,28.8,22277.0
2026-08-10,2026-08-10 15:15:00,28.79,28.83,28.77,28.83,25260.0
2026-08-10,2026-08-10 15:20:00,28.81,28.81,28.77,28.805,24119.0
2026-08-10,2026-08-10 15:25:00,28.8,28.8,28.72,28.775,17483.0
2026-08-10,2026-08-10 15:30:00,28.77,28.77,28.73,28.74,11908.0
2026-08-10,2026-08-10 15:35:00,28.74,28.74,28.65,28.7,60271.0
2026-08-10,2026-08-10 15:40:00,28.7,28.74,28.665,28.73,36159.0
2026-08-10,2026-08-10 15:45:00,28.73,28.755,28.7,28.755,24376.0
2026-08-10,2026-08-10 15:50:00,28.7646,28.82,28.745,28.82,29202.0
2026-08-10,2026-08-10 15:55:00,28.79,28.83,28.725,28.745,67554.0
2026-08-10,2026-08-10 16:00:00,28.745,28.825,28.65,28.68,403442.0
2026-08-11,2026-08-11 09:35:00,28.68,28.69,28.3,28.53,11246.0
2026-08-11,2026-08-11 09:40:00,28.53,28.5499,28.32,28.39,16449.0
2026-08-11,2026-08-11 09:45:00,28.38,28.435,28.34,28.35,11135.0
2026-08-11,2026-08-11 09:50:00,28.37,28.37,28.16,28.306,31364.0
2026-08-11,2026-08-11 09:55:00,28.35,28.5,28.342216,28.5,18129.0
2026-08-11,2026-08-11 10:00:00,28.385,28.665,28.385,28.665,23976.0
2026-08-11,2026-08-11 10:05:00,28.64,28.67,28.5,28.62,27789.0
2026-08-11,2026-08-11 10:10:00,28.6374,28.745,28.61,28.68,21278.0
2026-08-11,2026-08-11 10:15:00,28.7,28.7,28.6,28.63,8798.0
2026-08-11,2026-08-11 10:20:00,28.5901,28.63,28.41,28.44,16241.0
2026-08-11,2026-08-11 10:25:00,28.44,28.56,28.37,28.37,12737.0
2026-08-11,2026-08-11 10:30:00,28.385,28.4,28.36,28.39,7488.0
2026-08-11,2026-08-11 10:35:00,28.41,28.48,28.39,28.435,9603.0
2026-08-11,2026-08-11 10:40:00,28.435,28.585,28.41,28.56,14732.0
2026-08-11,2026-08-11 10:45:00,28.585,28.641,28.58,28.64,17164.0
2026-08-11,2026-08-11 10:50:00,28.66,28.67,28.61,28.615,21199.0
2026-08-11,2026-08-11 10:55:00,28.63,28.895,28.61,28.88,27862.0
2026-08-11,2026-08-11 11:00:00,28.88,28.915,28.83,28.9,5551.0
2026-08-11,2026-08-11 11:05:00,28.9232,28.97,28.835,28.835,12475.0
2026-08-11,2026-08-11 11:10:00,28.835,28.9,28.82,28.88,9291.0
2026-08-11,2026-08-11 11:15:00,28.88,28.976,28.86,28.92,30147.0
2026-08-11,2026-08-11 11:20:00,28.95,28.95,28.87,28.87,3581.0
2026-08-11,2026-08-11 11:25:00,28.9,28.93,28.88,28.91,7159.0
2026-08-11,2026-08-11 11:30:00,28.93,28.93,28.81,28.816,6739.0
2026-08-11,2026-08-11 11:35:00,28.815,28.83,28.73,28.73,25513.0
2026-08-11,2026-08-11 11:40:00,28.74,28.78,28.73,28.73,10459.0
2026-08-11,2026-08-11 11:45:00,28.73,28.77,28.72,28.75,7634.0
2026-08-11,2026-08-11 11:50:00,28.73,28.73,28.64,28.64,8861.0
2026-08-11,2026-08-11 11:55:00,28.64,28.665,28.61,28.615,8376.0
2026-08-11,2026-08-11 12:00:00,28.6,28.65,28.6,28.65,8585.0
2026-08-11,2026-08-11 12:05:00,28.66,28.685,28.61,28.68,19564.0
2026-08-11,2026-08-11 12:10:00,28.675,28.78,28.675,28.78,65880.0
2026-08-11,2026-08-11 12:15:00,28.785,28.785,28.7,28.74,12710.0
2026-08-11,2026-08-11 12:20:00,28.71,28.77,28.71,28.72,23034.0
2026-08-11,2026-08-11 12:25:00,28.71,28.715,28.63,28.655,21535.0
2026-08-11,2026-08-11 12:30:00,28.645,28.791,28.62,28.791,32326.0
2026-08-11,2026-08-11 12:35:00,28.79,28.94,28.75,28.89,55291.0
2026-08-11,2026-08-11 12:40:00,28.9,28.925,28.815,28.825,20006.0
2026-08-11,2026-08-11 12:45:00,28.81,28.865,28.78,28.85,12230.0
2026-08-11,2026-08-11 12:50:00,28.83,28.91,28.81,28.91,10466.0
2026-08-11,2026-08-11 12:55:00,28.86,28.875,28.82,28.85,6161.0
2026-08-11,2026-08-11 13:00:00,28.85,28.87,28.81,28.86,9656.0
2026-08-11,2026-08-11 13:05:00,28.86,28.87,28.82,28.833,19825.0
2026-08-11,2026-08-11 13:10:00,28.841,28.88,28.81,28.88,23466.0
2026-08-11,2026-08-11 13:15:00,28.89,28.915,28.81,28.81,17481.0
2026-08-11,2026-08-11 13:20:00,28.82,28.83,28.81,28.82,14124.0
2026-08-11,2026-08-11 13:25:00,28.81,28.87,28.79,28.87,24569.0
2026-08-11,2026-08-11 13:30:00,28.87,28.915,28.775,28.785,26511.0
2026-08-11,2026-08-11 13:35:00,28.78,28.805,28.78,28.8,13208.0
2026-08-11,2026-08-11 13:40:00,28.8,28.855,28.79,28.855,26815.0
2026-08-11,2026-08-11 13:45:00,28.845,28.9,28.845,28.87,12552.0
2026-08-11,2026-08-11 13:50:00,28.865,28.88,28.83,28.86,17042.0
2026-08-11,2026-08-11 13:55:00,28.87,28.89,28.86,28.87,9286.0
2026-08-11,2026-08-11 14:00:00,28.87,28.88,28.77,28.77,10859.0
2026-08-11,2026-08-11 14:05:00,28.77,28.81,28.765,28.81,19515.0
2026-08-11,2026-08-11 14:10:00,28.81,28.835,28.745,28.835,44054.0
2026-08-11,2026-08-11 14:15:00,28.84,28.86,28.82,28.82,9163.0
2026-08-11,2026-08-11 14:20:00,28.825,28.84,28.81,28.82,13341.0
2026-08-11,2026-08-11 14:25:00,28.82,28.85,28.805,28.845,7490.0
2026-08-11,2026-08-11 14:30:00,28.845,28.95,28.845,28.915,29281.0
2026-08-11,2026-08-11 14:35:00,28.93,28.99,28.93,28.98,11945.0
2026-08-11,2026-08-11 14:40:00,28.98,29.0,28.94,28.96,24650.0
2026-08-11,2026-08-11 14:45:00,28.98,29.04,28.98,29.03,37284.0
2026-08-11,2026-08-11 14:50:00,29.03,29.085,29.03,29.075,18263.0
2026-08-11,2026-08-11 14:55:00,29.08,29.08,29.06,29.06,7148.0
2026-08-11,2026-08-11 15:00:00,29.05,29.06,29.04,29.06,11165.0
2026-08-11,2026-08-11 15:05:00,29.05,29.06,28.98,28.98,17862.0
2026-08-11,2026-08-11 15:10:00,28.98,29.0,28.96,29.0,10399.0
2026-08-11,2026-08-11 15:15:00,28.99,29.02,28.93,28.95,29456.0
2026-08-11,2026-08-11 15:20:00,28.955,29.01,28.94,29.005,11493.0
2026-08-11,2026-08-11 15:25:00,29.0197,29.05,28.99,28.99,17700.0
2026-08-11,2026-08-11 15:30:00,28.99,29.03,28.98,29.01,19935.0
2026-08-11,2026-08-11 15:35:00,29.03,29.135,29.03,29.11,29162.0
2026-08-11,2026-08-11 15:40:00,29.11,29.15,29.06,29.13,19788.0
2026-08-11,2026-08-11 15:45:00,29.13,29.25,29.1,29.25,52102.0
2026-08-11,2026-08-11 15:50:00,29.25,29.25,29.16,29.195,30141.0
2026-08-11,2026-08-11 15:55:00,29.18,29.18,28.94,28.94,59154.0
2026-08-11,2026-08-11 16:00:00,28.94,28.995,28.91,28.93,305288.0
2026-08-12,2026-08-12 09:35:00,28.92,29.5,28.85,29.34,21328.0
2026-08-12,2026-08-12 09:40:00,29.22,29.48,29.04,29.115,9242.0
2026-08-12,2026-08-12 09:45:00,29.095,29.1422,28.86,28.86,8351.0
2026-08-12,2026-08-12 09:50:00,28.9,28.9567,28.67,28.74,15951.0
2026-08-12,2026-08-12 09:55:00,28.75,28.8245,28.56,28.66,12134.0
2026-08-12,2026-08-12 10:00:00,28.655,28.74,28.575,28.74,8549.0
2026-08-12,2026-08-12 10:05:00,28.685,28.75,28.62,28.64,13975.0
2026-08-12,2026-08-12 10:10:00,28.645,28.8,28.645,28.7961,10659.0
2026-08-12,2026-08-12 10:15:00,28.73,28.78,28.68,28.72,2545.0
2026-08-12,2026-08-12 10:20:00,28.72,28.77,28.67,28.67,5385.0
2026-08-12,2026-08-12 10:25:00,28.67,28.67,28.58,28.63,8409.0
2026-08-12,2026-08-12 10:30:00,28.61,28.72,28.61,28.69,2187.0
2026-08-12,2026-08-12 10:35:00,28.685,28.805,28.67,28.805,11721.0
2026-08-12,2026-08-12 10:40:00,28.805,28.9699,28.75,28.86,8873.0
2026-08-12,2026-08-12 10:45:00,28.84,28.956674,28.79,28.835,14367.0
2026-08-12,2026-08-12 10:50:00,28.835,28.92,28.83,28.92,5422.0
2026-08-12,2026-08-12 10:55:00,28.92,28.97,28.89,28.925,8721.0
2026-08-12,2026-08-12 11:00:00,28.9,28.93,28.875,28.895,6611.0
2026-08-12,2026-08-12 11:05:00,28.9196,28.9196,28.85,28.85,6953.0
2026-08-12,2026-08-12 11:10:00,28.84,28.86,28.81,28.85,3928.0
2026-08-12,2026-08-12 11:15:00,28.845,28.86,28.82,28.82,6829.0
2026-08-12,2026-08-12 11:20:00,28.815,28.865,28.8005,28.865,5589.0
2026-08-12,2026-08-12 11:25:00,28.88,28.94,28.88,28.9,6429.0
2026-08-12,2026-08-12 11:30:00,28.93,28.96,28.825,28.835,13522.0
2026-08-12,2026-08-12 11:35:00,28.835,28.85,28.8,28.8,3393.0
2026-08-12,2026-08-12 11:40:00,28.79,28.82,28.79,28.82,5053.0
2026-08-12,2026-08-12 11:45:00,28.81,28.86,28.81,28.82,4519.0
2026-08-12,2026-08-12 11:50:00,28.82,28.85,28.82,28.83,4007.0
2026-08-12,2026-08-12 11:55:00,28.85,28.87,28.82,28.86,5799.0
2026-08-12,2026-08-12 12:00:00,28.86,28.86,28.83,28.84,4358.0
2026-08-12,2026-08-12 12:05:00,28.84,28.87,28.84,28.865,8945.0
2026-08-12,2026-08-12 12:10:00,28.86,28.905,28.8,28.825,25633.0
2026-08-12,2026-08-12 12:15:00,28.84,28.89,28.84,28.87,9416.0
2026-08-12,2026-08-12 12:20:00,28.865,28.89,28.85,28.885,3633.0
2026-08-12,2026-08-12 12:25:00,28.88,28.895,28.86,28.86,4961.0
2026-08-12,2026-08-12 12:30:00,28.86,28.89,28.78,28.796,49019.0
2026-08-12,2026-08-12 12:35:00,28.795,28.81,28.77,28.78,8269.0
2026-08-12,2026-08-12 12:40:00,28.79,28.809,28.71,28.71,11505.0
2026-08-12,2026-08-12 12:45:00,28.71,28.77,28.71,28.755,4015.0
2026-08-12,2026-08-12 12:50:00,28.76,28.78,28.75,28.77,7129.0
2026-08-12,2026-08-12 12:55:00,28.78,28.8,28.76,28.77,9477.0
2026-08-12,2026-08-12 13:00:00,28.78,28.81,28.76,28.765,18000.0
2026-08-12,2026-08-12 13:05:00,28.765,28.7656,28.72,28.72,12023.0
2026-08-12,2026-08-12 13:10:00,28.72,28.73,28.69,28.73,7677.0
2026-08-12,2026-08-12 13:15:00,28.73,28.75,28.7,28.7,6200.0
2026-08-12,2026-08-12 13:20:00,28.7,28.705,28.64,28.66,11369.0
2026-08-12,2026-08-12 13:25:00,28.65,28.65,28.51,28.65,183309.0
2026-08-12,2026-08-12 13:30:00,28.65,28.67,28.63,28.65,25798.0
2026-08-12,2026-08-12 13:35:00,28.66,28.75,28.66,28.745,7604.0
2026-08-12,2026-08-12 13:40:00,28.74,28.83,28.72,28.83,18138.0
2026-08-12,2026-08-12 13:45:00,28.8186,28.9,28.8186,28.83,8231.0
2026-08-12,2026-08-12 13:50:00,28.81,28.87,28.81,28.8601,7965.0
2026-08-12,2026-08-12 13:55:00,28.86,28.86,28.81,28.81,8460.0
2026-08-12,2026-08-12 14:00:00,28.84,28.9,28.84,28.9,6163.0
2026-08-12,2026-08-12 14:05:00,28.9,28.9227,28.89,28.905,8160.0
2026-08-12,2026-08-12 14:10:00,28.9,28.9147,28.86,28.87,15691.0
2026-08-12,2026-08-12 14:15:00,28.87,28.88,28.82,28.825,5107.0
2026-08-12,2026-08-12 14:20:00,28.82,28.84,28.77,28.84,9941.0
2026-08-12,2026-08-12 14:25:00,28.84,28.84,28.8,28.8,7721.0
2026-08-12,2026-08-12 14:30:00,28.79,28.82,28.74,28.82,8673.0
2026-08-12,2026-08-12 14:35:00,28.81,28.81,28.7601,28.7601,6700.0
2026-08-12,2026-08-12 14:40:00,28.78,28.8,28.77,28.79,6561.0
2026-08-12,2026-08-12 14:45:00,28.8,28.82,28.79,28.81,7651.0
2026-08-12,2026-08-12 14:50:00,28.8,28.8,28.79,28.7972,6205.0
2026-08-12,2026-08-12 14:55:00,28.8,28.8,28.73,28.75,12560.0
2026-08-12,2026-08-12 15:00:00,28.77,28.81,28.77,28.8,7982.0
2026-08-12,2026-08-12 15:05:00,28.8,28.83,28.8,28.81,12480.0
2026-08-12,2026-08-12 15:10:00,28.83,28.896,28.83,28.89,13547.0
2026-08-12,2026-08-12 15:15:00,28.89,28.89,28.795,28.81,17056.0
2026-08-12,2026-08-12 15:20:00,28.82,28.86,28.82,28.86,12083.0
2026-08-12,2026-08-12 15:25:00,28.85,28.88,28.73,28.855,33135.0
2026-08-12,2026-08-12 15:30:00,28.85,28.851,28.725,28.75,22087.0
2026-08-12,2026-08-12 15:35:00,28.75,28.805,28.74,28.74,29489.0
2026-08-12,2026-08-12 15:40:00,28.74,28.78,28.71,28.71,14236.0
2026-08-12,2026-08-12 15:45:00,28.72,28.86,28.72,28.86,32223.0
2026-08-12,2026-08-12 15:50:00,28.87,28.92,28.79,28.9,77488.0
2026-08-12,2026-08-12 15:55:00,28.88,28.95,28.76,28.81,63074.0
2026-08-12,2026-08-12 16:00:00,28.82,28.92,28.71,28.78,419767.0
2026-08-13,2026-08-13 09:35:00,28.83,29.26,28.83,29.1822,13865.0
2026-08-13,2026-08-13 09:40:00,29.28,29.395,29.24,29.24,8930.0
2026-08-13,2026-08-13 09:45:00,29.369,29.4472,29.21,29.355,9794.0
2026-08-13,2026-08-13 09:50:00,29.425,29.59,29.29,29.588,15637.0
2026-08-13,2026-08-13 09:55:00,29.59,29.62,29.49,29.56,10912.0
2026-08-13,2026-08-13 10:00:00,29.645,29.73,29.6001,29.685,9193.0
2026-08-13,2026-08-13 10:05:00,29.65,29.7,29.62,29.675,11543.0
2026-08-13,2026-08-13 10:10:00,29.7,29.83,29.69,29.77,23451.0
2026-08-13,2026-08-13 10:15:00,29.76,29.8,29.74,29.745,9492.0
2026-08-13,2026-08-13 10:20:00,29.79,29.885,29.75,29.83,34117.0
2026-08-13,2026-08-13 10:25:00,29.89,29.9499,29.83,29.845,27087.0
2026-08-13,2026-08-13 10:30:00,29.82,29.855,29.79,29.83,12404.0
2026-08-13,2026-08-13 10:35:00,29.8,29.83,29.74,29.83,16039.0
2026-08-13,2026-08-13 10:40:00,29.83,29.85,29.73,29.76,20732.0
2026-08-13,2026-08-13 10:45:00,29.76,29.82,29.76,29.8,6640.0
2026-08-13,2026-08-13 10:50:00,29.78,29.84,29.76,29.76,31400.0
2026-08-13,2026-08-13 10:55:00,29.77,29.85,29.77,29.81,25632.0
2026-08-13,2026-08-13 11:00:00,29.81,29.821,29.59,29.59,18446.0
2026-08-13,2026-08-13 11:05:00,29.6,29.615,29.49,29.51,28212.0
2026-08-13,2026-08-13 11:10:00,29.51,29.56,29.45,29.45,17971.0
2026-08-13,2026-08-13 11:15:00,29.43,29.44,29.37,29.37,10299.0
2026-08-13,2026-08-13 11:20:00,29.39,29.39,29.33,29.34,10191.0
2026-08-13,2026-08-13 11:25:00,29.34,29.345,29.25,29.25,16019.0
2026-08-13,2026-08-13 11:30:00,29.25,29.25,29.154,29.18,32779.0
2026-08-13,2026-08-13 11:35:00,29.17,29.375,29.17,29.37,36802.0
2026-08-13,2026-08-13 11:40:00,29.38,29.4,29.25,29.25,16770.0
2026-08-13,2026-08-13 11:45:00,29.265,29.355,29.265,29.355,4740.0
2026-08-13,2026-08-13 11:50:00,29.34,29.34,29.24,29.24,23170.0
2026-08-13,2026-08-13 11:55:00,29.245,29.255,29.17,29.17,9522.0
2026-08-13,2026-08-13 12:00:00,29.18,29.18,29.1,29.13,18247.0
2026-08-13,2026-08-13 12:05:00,29.14,29.21,29.14,29.205,6466.0
2026-08-13,2026-08-13 12:10:00,29.205,29.22,29.18,29.2,8522.0
2026-08-13,2026-08-13 12:15:00,29.19,29.22,29.17,29.22,11777.0
2026-08-13,2026-08-13 12:20:00,29.21,29.228,29.2,29.22,3776.0
2026-08-13,2026-08-13 12:25:00,29.22,29.29,29.21,29.2501,38872.0
2026-08-13,2026-08-13 12:30:00,29.25,29.33,29.25,29.3,6544.0
2026-08-13,2026-08-13 12:35:00,29.29,29.35,29.26,29.26,25176.0
2026-08-13,2026-08-13 12:40:00,29.28,29.29,29.25,29.275,7949.0
2026-08-13,2026-08-13 12:45:00,29.3,29.36,29.3,29.36,10198.0
2026-08-13,2026-08-13 12:50:00,29.3678,29.38,29.34,29.34,8329.0
2026-08-13,2026-08-13 12:55:00,29.35,29.37,29.295,29.36,24721.0
2026-08-13,2026-08-13 13:00:00,29.35,29.38,29.31,29.36,9800.0
2026-08-13,2026-08-13 13:05:00,29.3774,29.45,29.33,29.44,12813.0
2026-08-13,2026-08-13 13:10:00,29.42,29.44,29.37,29.44,37771.0
2026-08-13,2026-08-13 13:15:00,29.43,29.52,29.39,29.51,11794.0
2026-08-13,2026-08-13 13:20:00,29.51,29.51,29.48,29.48,4715.0
2026-08-13,2026-08-13 13:25:00,29.49,29.505,29.46,29.46,10647.0
2026-08-13,2026-08-13 13:30:00,29.47,29.475,29.45,29.46,4515.0
2026-08-13,2026-08-13 13:35:00,29.47,29.5,29.47,29.475,6552.0
2026-08-13,2026-08-13 13:40:00,29.47,29.49,29.46,29.48,7064.0
2026-08-13,2026-08-13 13:45:00,29.475,29.48,29.46,29.47,6910.0
2026-08-13,2026-08-13 13:50:00,29.47,29.47,29.46,29.46,6452.0
2026-08-13,2026-08-13 13:55:00,29.47,29.52,29.47,29.51,12718.0
2026-08-13,2026-08-13 14:00:00,29.5,29.5,29.35,29.385,28959.0
2026-08-13,2026-08-13 14:05:00,29.4,29.42,29.35,29.35,8881.0
2026-08-13,2026-08-13 14:10:00,29.35,29.435,29.35,29.425,14551.0
2026-08-13,2026-08-13 14:15:00,29.42,29.48,29.415,29.46,28077.0
2026-08-13,2026-08-13 14:20:00,29.46,29.485,29.45,29.485,4922.0
2026-08-13,2026-08-13 14:25:00,29.48,29.485,29.46,29.47,8857.0
2026-08-13,2026-08-13 14:30:00,29.475,29.495,29.465,29.4658,6406.0
2026-08-13,2026-08-13 14:35:00,29.47,29.578,29.45,29.578,19481.0
2026-08-13,2026-08-13 14:40:00,29.58,29.75,29.58,29.74,8838.0
2026-08-13,2026-08-13 14:45:00,29.76,29.92,29.72,29.89,47822.0
2026-08-13,2026-08-13 14:50:00,29.9,29.91,29.8,29.91,21643.0
2026-08-13,2026-08-13 14:55:00,29.92,29.95,29.88,29.89,51799.0
2026-08-13,2026-08-13 15:00:00,29.88,29.94,29.87,29.92,24915.0
2026-08-13,2026-08-13 15:05:00,29.92,29.95,29.915,29.94,13500.0
2026-08-13,2026-08-13 15:10:00,29.94,29.975,29.94,29.955,12882.0
2026-08-13,2026-08-13 15:15:00,29.96,29.98,29.94,29.97,30566.0
2026-08-13,2026-08-13 15:20:00,29.98,29.99,29.93,29.93,29847.0
2026-08-13,2026-08-13 15:25:00,29.93,29.98,29.91,29.975,26439.0
2026-08-13,2026-08-13 15:30:00,29.975,29.975,29.882,29.882,22355.0
2026-08-13,2026-08-13 15:35:00,29.89,29.98,29.86,29.975,30174.0
2026-08-13,2026-08-13 15:40:00,29.97,29.97,29.92,29.92,18283.0
2026-08-13,2026-08-13 15:45:00,29.92,29.95,29.92,29.94,29103.0
2026-08-13,2026-08-13 15:50:00,29.95,29.98,29.92,29.96,38191.0
2026-08-13,2026-08-13 15:55:00,29.95,29.95,29.77,29.775,51842.0
2026-08-13,2026-08-13 16:00:00,29.79,29.87,29.7,29.71,466892.0
2026-08-14,2026-08-14 09:35:00,29.92,29.92,29.26,29.35,22327.0
2026-08-14,2026-08-14 09:40:00,29.3,29.35,29.03,29.1563,15968.0
2026-08-14,2026-08-14 09:45:00,29.18,29.21,28.9325,28.9901,37355.0
2026-08-14,2026-08-14 09:50:00,28.96,28.96,28.6501,28.73,15185.0
2026-08-14,2026-08-14 09:55:00,28.63,28.855,28.5868,28.71,20069.0
2026-08-14,2026-08-14 10:00:00,28.655,28.825,28.625,28.825,8833.0
2026-08-14,2026-08-14 10:05:00,28.91,29.1599,28.86,29.0499,85620.0
2026-08-14,2026-08-14 10:10:00,28.985,29.2985,28.92,29.28,37379.0
2026-08-14,2026-08-14 10:15:00,29.235,29.49,29.235,29.38,68359.0
2026-08-14,2026-08-14 10:20:00,29.375,29.42,29.04,29.121,14215.0
2026-08-14,2026-08-14 10:25:00,29.12,29.265,29.06,29.09,14493.0
2026-08-14,2026-08-14 10:30:00,29.09,29.12,28.942,28.96,10628.0
2026-08-14,2026-08-14 10:35:00,28.94,28.975,28.895,28.9,15621.0
2026-08-14,2026-08-14 10:40:00,28.9,28.93,28.795,28.795,13903.0
2026-08-14,2026-08-14 10:45:00,28.8,28.82,28.74,28.75,25637.0
2026-08-14,2026-08-14 10:50:00,28.705,29.09,28.705,29.09,60562.0
2026-08-14,2026-08-14 10:55:00,29.1,29.23,29.1,29.23,8959.0
2026-08-14,2026-08-14 11:00:00,29.2,29.43,29.2,29.33,39805.0
2026-08-14,2026-08-14 11:05:00,29.325,29.335,29.2,29.2,64321.0
2026-08-14,2026-08-14 11:10:00,29.1834,29.21,29.175,29.2,10978.0
2026-08-14,2026-08-14 11:15:00,29.205,29.235,29.1843,29.235,5789.0
2026-08-14,2026-08-14 11:20:00,29.235,29.27,29.23,29.26,6207.0
2026-08-14,2026-08-14 11:25:00,29.26,29.28,29.23,29.28,5586.0
2026-08-14,2026-08-14 11:30:00,29.27,29.27,29.22,29.25,5862.0
2026-08-14,2026-08-14 11:35:00,29.28,29.34,29.27,29.27,9482.0
2026-08-14,2026-08-14 11:40:00,29.27,29.39,29.27,29.34,14276.0
2026-08-14,2026-08-14 11:45:00,29.33,29.33,29.28,29.31,9254.0
2026-08-14,2026-08-14 11:50:00,29.31,29.36,29.31,29.36,6956.0
2026-08-14,2026-08-14 11:55:00,29.375,29.42,29.375,29.39,4241.0
2026-08-14,2026-08-14 12:00:00,29.395,29.51,29.39,29.51,6801.0
2026-08-14,2026-08-14 12:05:00,29.505,29.52,29.42,29.42,5649.0
2026-08-14,2026-08-14 12:10:00,29.41,29.45,29.39,29.39,5222.0
2026-08-14,2026-08-14 12:15:00,29.39,29.415,29.38,29.41,5390.0
2026-08-14,2026-08-14 12:20:00,29.4,29.4,29.34,29.37,16009.0
2026-08-14,2026-08-14 12:25:00,29.36,29.43,29.3508,29.4,5050.0
2026-08-14,2026-08-14 12:30:00,29.42,29.49,29.405,29.45,17472.0
2026-08-14,2026-08-14 12:35:00,29.47,29.52,29.445,29.445,13741.0
2026-08-14,2026-08-14 12:40:00,29.43,29.45,29.42,29.43,6677.0
2026-08-14,2026-08-14 12:45:00,29.43,29.46,29.41,29.44,9810.0
2026-08-14,2026-08-14 12:50:00,29.44,29.44,29.41,29.43,5804.0
2026-08-14,2026-08-14 12:55:00,29.42,29.42,29.33,29.35,16173.0
2026-08-14,2026-08-14 13:00:00,29.345,29.36,29.32,29.325,5649.0
2026-08-14,2026-08-14 13:05:00,29.32,29.335,29.31,29.31,3479.0
2026-08-14,2026-08-14 13:10:00,29.31,29.33,29.27,29.285,4029.0
2026-08-14,2026-08-14 13:15:00,29.285,29.375,29.28,29.35,7838.0
2026-08-14,2026-08-14 13:20:00,29.35,29.38,29.35,29.365,2693.0
2026-08-14,2026-08-14 13:25:00,29.39,29.4,29.37,29.38,9039.0
2026-08-14,2026-08-14 13:30:00,29.4,29.57,29.4,29.56,36495.0
2026-08-14,2026-08-14 13:35:00,29.53,29.56,29.5,29.52,12392.0
2026-08-14,2026-08-14 13:40:00,29.49,29.53,29.47,29.52,7772.0
2026-08-14,2026-08-14 13:45:00,29.5,29.5391,29.4116,29.47,35700.0
2026-08-14,2026-08-14 13:50:00,29.445,29.48,29.42,29.44,12407.0
2026-08-14,2026-08-14 13:55:00,29.44,29.48,29.44,29.45,15114.0
2026-08-14,2026-08-14 14:00:00,29.445,29.47,29.445,29.45,6614.0
2026-08-14,2026-08-14 14:05:00,29.44,29.44,29.41,29.41,6746.0
2026-08-14,2026-08-14 14:10:00,29.4,29.41,29.365,29.38,9293.0
2026-08-14,2026-08-14 14:15:00,29.365,29.375,29.29,29.32,13140.0
2026-08-14,2026-08-14 14:20:00,29.325,29.34,29.305,29.31,12204.0
2026-08-14,2026-08-14 14:25:00,29.31,29.31,29.27,29.29,13165.0
2026-08-14,2026-08-14 14:30:00,29.3,29.3,29.23,29.23,7450.0
2026-08-14,2026-08-14 14:35:00,29.225,29.41,29.225,29.375,121358.0
2026-08-14,2026-08-14 14:40:00,29.375,29.52,29.36,29.405,71418.0
2026-08-14,2026-08-14 14:45:00,29.4,29.4,29.36,29.37,10570.0
2026-08-14,2026-08-14 14:50:00,29.35,29.3589,29.28,29.34,22542.0
2026-08-14,2026-08-14 14:55:00,29.34,29.36,29.325,29.33,10632.0
2026-08-14,2026-08-14 15:00:00,29.32,29.32,29.29,29.31,17968.0
2026-08-14,2026-08-14 15:05:00,29.32,29.35,29.3,29.3,15850.0
2026-08-14,2026-08-14 15:10:00,29.29,29.34,29.25,29.29,25868.0
2026-08-14,2026-08-14 15:15:00,29.2766,29.29,29.22,29.28,32596.0
2026-08-14,2026-08-14 15:20:00,29.28,29.305,29.235,29.24,19432.0
2026-08-14,2026-08-14 15:25:00,29.24,29.26,29.23,29.24,30900.0
2026-08-14,2026-08-14 15:30:00,29.26,29.285,29.23,29.26,14661.0
2026-08-14,2026-08-14 15:35:00,29.2501,29.36,29.25,29.26,37346.0
2026-08-14,2026-08-14 15:40:00,29.26,29.31,29.26,29.29,10979.0
2026-08-14,2026-08-14 15:45:00,29.29,29.305,29.2,29.24,29237.0
2026-08-14,2026-08-14 15:50:00,29.25,29.28,29.22,29.275,25291.0
2026-08-14,2026-08-14 15:55:00,29.26,29.26,29.17,29.24,45238.0
2026-08-14,2026-08-14 16:00:00,29.23,29.29,29.15,29.255,270966.0
2026-08-17,2026-08-17 09:35:00,29.05,29.07,28.77,28.9,21033.0
2026-08-17,2026-08-17 09:40:00,29.02,29.33,29.02,29.15,5200.0
2026-08-17,2026-08-17 09:45:00,29.155,29.16,28.94,29.11,5977.0
2026-08-17,2026-08-17 09:50:00,28.94,29.09,28.76,28.8,16926.0
2026-08-17,2026-08-17 09:55:00,28.79,29.07,28.78,29.0,11311.0
2026-08-17,2026-08-17 10:00:00,29.07,29.26,29.07,29.22,13795.0
2026-08-17,2026-08-17 10:05:00,29.19,29.24,29.07,29.11,37157.0
2026-08-17,2026-08-17 10:10:00,29.145,29.24,29.05,29.095,11109.0
2026-08-17,2026-08-17 10:15:00,29.12,29.295,29.12,29.295,9336.0
2026-08-17,2026-08-17 10:20:00,29.25,29.33,29.21,29.21,9612.0
2026-08-17,2026-08-17 10:25:00,29.25,29.44,29.25,29.38,12879.0
2026-08-17,2026-08-17 10:30:00,29.38,29.44,29.245,29.265,11472.0
2026-08-17,2026-08-17 10:35:00,29.25,29.3,29.15,29.17,16462.0
2026-08-17,2026-08-17 10:40:00,29.22,29.22,29.04,29.13,20818.0
2026-08-17,2026-08-17 10:45:00,29.135,29.31,28.86,29.1,161000.0
2026-08-17,2026-08-17 10:50:00,29.105,29.3075,29.085,29.3075,23226.0
2026-08-17,2026-08-17 10:55:00,29.23,29.36,29.16,29.22,11067.0
2026-08-17,2026-08-17 11:00:00,29.2,29.35,29.2,29.315,15803.0
2026-08-17,2026-08-17 11:05:00,29.3,29.41,29.28,29.39,18263.0
2026-08-17,2026-08-17 11:10:00,29.4,29.47,29.395,29.46,7137.0
2026-08-17,2026-08-17 11:15:00,29.42,29.42,29.31,29.34,17555.0
2026-08-17,2026-08-17 11:20:00,29.33,29.36,29.3,29.32,7679.0
2026-08-17,2026-08-17 11:25:00,29.3,29.32,29.22,29.27,11564.0
2026-08-17,2026-08-17 11:30:00,29.27,29.27,29.2,29.2,9849.0
2026-08-17,2026-08-17 11:35:00,29.2,29.3,29.2,29.255,9509.0
2026-08-17,2026-08-17 11:40:00,29.27,29.28,29.19,29.22,16138.0
2026-08-17,2026-08-17 11:45:00,29.21,29.235,29.18,29.215,19262.0
2026-08-17,2026-08-17 11:50:00,29.2075,29.25,29.205,29.21,7494.0
2026-08-17,2026-08-17 11:55:00,29.21,29.22,29.19,29.195,5773.0
2026-08-17,2026-08-17 12:00:00,29.19,29.19,29.145,29.15,15587.0
2026-08-17,2026-08-17 12:05:00,29.145,29.145,29.01,29.01,23566.0
2026-08-17,2026-08-17 12:10:00,29.01,29.03,28.94,28.96,16467.0
2026-08-17,2026-08-17 12:15:00,28.9501,28.98,28.93,28.93,8623.0
2026-08-17,2026-08-17 12:20:00,28.94,28.96,28.93,28.93,10065.0
2026-08-17,2026-08-17 12:25:00,28.94,28.95,28.93,28.95,9614.0
2026-08-17,2026-08-17 12:30:00,28.95,28.95,28.91,28.93,9423.0
2026-08-17,2026-08-17 12:35:00,28.93,28.96,28.87,28.87,20003.0
2026-08-17,2026-08-17 12:40:00,28.88,28.91,28.87,28.91,7193.0
2026-08-17,2026-08-17 12:45:00,28.9,28.91,28.825,28.83,10177.0
2026-08-17,2026-08-17 12:50:00,28.84,28.87,28.84,28.86,14628.0
2026-08-17,2026-08-17 12:55:00,28.8582,28.865,28.84,28.84,10142.0
2026-08-17,2026-08-17 13:00:00,28.845,28.915,28.84,28.84,25714.0
2026-08-17,2026-08-17 13:05:00,28.83,28.84,28.73,28.735,22398.0
2026-08-17,2026-08-17 13:10:00,28.74,28.76,28.61,28.65,53580.0
2026-08-17,2026-08-17 13:15:00,28.65,28.72,28.63,28.665,26208.0
2026-08-17,2026-08-17 13:20:00,28.66,28.67,28.6,28.62,20308.0
2026-08-17,2026-08-17 13:25:00,28.61,28.615,28.5601,28.585,18106.0
2026-08-17,2026-08-17 13:30:00,28.57,28.79,28.57,28.74,62102.0
2026-08-17,2026-08-17 13:35:00,28.74,28.76,28.71,28.71,9139.0
2026-08-17,2026-08-17 13:40:00,28.705,28.71,28.67,28.68,13376.0
2026-08-17,2026-08-17 13:45:00,28.68,28.68,28.65,28.67,10483.0
2026-08-17,2026-08-17 13:50:00,28.67,28.67,28.59,28.615,18646.0
2026-08-17,2026-08-17 13:55:00,28.62,28.63,28.62,28.62,9325.0
2026-08-17,2026-08-17 14:00:00,28.62,28.62,28.58,28.58,10438.0
2026-08-17,2026-08-17 14:05:00,28.58,28.82,28.58,28.705,143476.0
2026-08-17,2026-08-17 14:10:00,28.68,28.6975,28.63,28.65,27476.0
2026-08-17,2026-08-17 14:15:00,28.64,28.66,28.59,28.6,11432.0
2026-08-17,2026-08-17 14:20:00,28.59,28.65,28.57,28.57,15691.0
2026-08-17,2026-08-17 14:25:00,28.58,28.58,28.52,28.565,12414.0
2026-08-17,2026-08-17 14:30:00,28.56,28.565,28.53,28.545,12999.0
2026-08-17,2026-08-17 14:35:00,28.5352,28.55,28.47,28.55,24045.0
2026-08-17,2026-08-17 14:40:00,28.55,28.55,28.53,28.53,5264.0
2026-08-17,2026-08-17 14:45:00,28.52,28.56,28.5,28.56,18071.0
2026-08-17,2026-08-17 14:50:00,28.55,28.58,28.54,28.54,7328.0
2026-08-17,2026-08-17 14:55:00,28.55,28.61,28.53,28.6,14607.0
2026-08-17,2026-08-17 15:00:00,28.6,28.755,28.6,28.69,46070.0
2026-08-17,2026-08-17 15:05:00,28.7,28.7,28.58,28.59,12739.0
2026-08-17,2026-08-17 15:10:00,28.59,28.63,28.57,28.61,14210.0
2026-08-17,2026-08-17 15:15:00,28.62,28.62,28.59,28.61,10734.0
2026-08-17,2026-08-17 15:20:00,28.6,28.7,28.6,28.7,21557.0
2026-08-17,2026-08-17 15:25:00,28.67,28.67,28.57,28.585,30161.0
2026-08-17,2026-08-17 15:30:00,28.585,28.61,28.575,28.59,15799.0
2026-08-17,2026-08-17 15:35:00,28.58,28.61,28.54,28.58,25122.0
2026-08-17,2026-08-17 15:40:00,28.59,28.65,28.56,28.63,36885.0
2026-08-17,2026-08-17 15:45:00,28.63,28.71,28.61,28.7,23994.0
2026-08-17,2026-08-17 15:50:00,28.71,28.7867,28.71,28.76,32020.0
2026-08-17,2026-08-17 15:55:00,28.8,28.86,28.59,28.615,57878.0
2026-08-17,2026-08-17 16:00:00,28.65,28.73,28.53,28.72,1110707.0
2026-08-18,2026-08-18 09:35:00,28.8,29.11,28.72,29.0654,21983.0
2026-08-18,2026-08-18 09:40:00,28.96,29.39,28.93,29.39,17207.0
2026-08-18,2026-08-18 09:45:00,29.415,29.55,29.28,29.35,45480.0
2026-08-18,2026-08-18 09:50:00,29.375,29.375,29.26,29.3,6621.0
2026-08-18,2026-08-18 09:55:00,29.3,29.6866,29.3,29.665,19033.0
2026-08-18,2026-08-18 10:00:00,29.7,29.7,29.45,29.45,6980.0
2026-08-18,2026-08-18 10:05:00,29.48,29.7003,29.48,29.66,15868.0
2026-08-18,2026-08-18 10:10:00,29.7,29.72,29.47,29.48,12697.0
2026-08-18,2026-08-18 10:15:00,29.465,29.595,29.465,29.595,10684.0
2026-08-18,2026-08-18 10:20:00,29.615,29.615,29.43,29.46,7337.0
2026-08-18,2026-08-18 10:25:00,29.47,29.49,29.32,29.46,20801.0
2026-08-18,2026-08-18 10:30:00,29.48,29.52,29.4,29.4,8269.0
2026-08-18,2026-08-18 10:35:00,29.38,29.465,29.38,29.44,14715.0
2026-08-18,2026-08-18 10:40:00,29.44,29.48,29.37,29.385,11042.0
2026-08-18,2026-08-18 10:45:00,29.37,29.43,29.35,29.38,9397.0
2026-08-18,2026-08-18 10:50:00,29.38,29.45,29.37,29.45,9429.0
2026-08-18,2026-08-18 10:55:00,29.46,29.47,29.35,29.35,15192.0
2026-08-18,2026-08-18 11:00:00,29.335,29.48,29.325,29.44,15759.0
2026-08-18,2026-08-18 11:05:00,29.48,29.53,29.46,29.51,9505.0
2026-08-18,2026-08-18 11:10:00,29.54,29.65,29.47,29.65,22954.0
2026-08-18,2026-08-18 11:15:00,29.67,29.73,29.635,29.71,23327.0
2026-08-18,2026-08-18 11:20:00,29.7,29.76,29.58,29.645,42765.0
2026-08-18,2026-08-18 11:25:00,29.65,29.65,29.55,29.64,19257.0
2026-08-18,2026-08-18 11:30:00,29.66,29.76,29.64,29.6865,25737.0
2026-08-18,2026-08-18 11:35:00,29.64,29.71,29.49,29.52,108697.0
2026-08-18,2026-08-18 11:40:00,29.53,29.64,29.53,29.63,17159.0
2026-08-18,2026-08-18 11:45:00,29.63,29.63,29.56,29.5995,8747.0
2026-08-18,2026-08-18 11:50:00,29.585,29.6499,29.585,29.64,13387.0
2026-08-18,2026-08-18 11:55:00,29.64,29.78,29.64,29.74,32212.0
2026-08-18,2026-08-18 12:00:00,29.755,29.775,29.7,29.74,12636.0
2026-08-18,2026-08-18 12:05:00,29.75,29.75,29.66,29.68,11829.0
2026-08-18,2026-08-18 12:10:00,29.67,29.8,29.66,29.75,19344.0
2026-08-18,2026-08-18 12:15:00,29.76,29.84,29.67,29.67,31966.0
2026-08-18,2026-08-18 12:20:00,29.7,29.78,29.7,29.77,14309.0
2026-08-18,2026-08-18 12:25:00,29.7649,29.8,29.74,29.75,14121.0
2026-08-18,2026-08-18 12:30:00,29.74,29.77,29.68,29.73,12046.0
2026-08-18,2026-08-18 12:35:00,29.73,29.77,29.68,29.68,8508.0
2026-08-18,2026-08-18 12:40:00,29.67,29.73,29.66,29.73,9134.0
2026-08-18,2026-08-18 12:45:00,29.735,29.77,29.72,29.74,6403.0
2026-08-18,2026-08-18 12:50:00,29.745,29.76,29.7349,29.75,11629.0
2026-08-18,2026-08-18 12:55:00,29.74,29.755,29.72,29.74,11441.0
2026-08-18,2026-08-18 13:00:00,29.745,29.77,29.73,29.75,6593.0
2026-08-18,2026-08-18 13:05:00,29.74,29.74,29.6901,29.71,7162.0
2026-08-18,2026-08-18 13:10:00,29.71,29.71,29.612,29.645,15385.0
2026-08-18,2026-08-18 13:15:00,29.645,29.645,29.63,29.63,5511.0
2026-08-18,2026-08-18 13:20:00,29.62,29.62,29.595,29.615,5822.0
2026-08-18,2026-08-18 13:25:00,29.615,29.74,29.615,29.6761,17192.0
2026-08-18,2026-08-18 13:30:00,29.67,29.67,29.62,29.62,5950.0
2026-08-18,2026-08-18 13:35:00,29.61,29.66,29.6,29.66,12865.0
2026-08-18,2026-08-18 13:40:00,29.6401,29.66,29.6,29.615,7922.0
2026-08-18,2026-08-18 13:45:00,29.63,29.64,29.59,29.6001,10321.0
2026-08-18,2026-08-18 13:50:00,29.62,29.65,29.62,29.62,4584.0
2026-08-18,2026-08-18 13:55:00,29.62,29.62,29.44,29.485,25338.0
2026-08-18,2026-08-18 14:00:00,29.48,29.48,29.45,29.45,4311.0
2026-08-18,2026-08-18 14:05:00,29.45,29.58,29.45,29.58,13842.0
2026-08-18,2026-08-18 14:10:00,29.58,29.58,29.52,29.56,11612.0
2026-08-18,2026-08-18 14:15:00,29.56,29.575,29.55,29.575,7335.0
2026-08-18,2026-08-18 14:20:00,29.58,29.58,29.46,29.545,21102.0
2026-08-18,2026-08-18 14:25:00,29.54,29.54,29.51,29.51,7087.0
2026-08-18,2026-08-18 14:30:00,29.52,29.58,29.52,29.55,15334.0
2026-08-18,2026-08-18 14:35:00,29.55,29.55,29.51,29.51,12224.0
2026-08-18,2026-08-18 14:40:00,29.515,29.53,29.48,29.52,10794.0
2026-08-18,2026-08-18 14:45:00,29.52,29.52,29.5,29.5,6230.0
2026-08-18,2026-08-18 14:50:00,29.5,29.5,29.43,29.47,12012.0
2026-08-18,2026-08-18 14:55:00,29.475,29.51,29.47,29.48,10943.0
2026-08-18,2026-08-18 15:00:00,29.485,29.5,29.44,29.44,11392.0
2026-08-18,2026-08-18 15:05:00,29.43,29.47,29.43,29.47,9499.0
2026-08-18,2026-08-18 15:10:00,29.47,29.54,29.43,29.46,39723.0
2026-08-18,2026-08-18 15:15:00,29.46,29.485,29.4401,29.485,13896.0
2026-08-18,2026-08-18 15:20:00,29.5,29.5,29.46,29.47,12431.0
2026-08-18,2026-08-18 15:25:00,29.47,29.48,29.43,29.46,16087.0
2026-08-18,2026-08-18 15:30:00,29.465,29.47,29.4,29.435,15186.0
2026-08-18,2026-08-18 15:35:00,29.435,29.53,29.415,29.485,29662.0
2026-08-18,2026-08-18 15:40:00,29.485,29.495,29.441,29.47,25966.0
2026-08-18,2026-08-18 15:45:00,29.46,29.48,29.42,29.461,34137.0
2026-08-18,2026-08-18 15:50:00,29.46,29.46,29.41,29.425,30547.0
2026-08-18,2026-08-18 15:55:00,29.42,29.42,29.23,29.23,76517.0
2026-08-18,2026-08-18 16:00:00,29.21,29.25,29.15,29.2,603609.0
2026-08-19,2026-08-19 09:35:00,29.44,29.49,29.32,29.435,23551.0
2026-08-19,2026-08-19 09:40:00,29.425,29.4482,29.26,29.34,9799.0
2026-08-19,2026-08-19 09:45:00,29.45,29.6,29.42,29.455,2467.0
2026-08-19,2026-08-19 09:50:00,29.46,29.5379,29.3,29.33,9482.0
2026-08-19,2026-08-19 09:55:00,29.29,29.34,29.2,29.25,7152.0
2026-08-19,2026-08-19 10:00:00,29.25,29.3,29.21,29.27,14938.0
2026-08-19,2026-08-19 10:05:00,29.27,29.3282,29.16,29.25,14055.0
2026-08-19,2026-08-19 10:10:00,29.25,29.4,29.18,29.19,12872.0
2026-08-19,2026-08-19 10:15:00,29.19,29.19,29.04,29.05,10369.0
2026-08-19,2026-08-19 10:20:00,29.04,29.24,29.036,29.24,10209.0
2026-08-19,2026-08-19 10:25:00,29.24,29.26,29.13,29.17,9316.0
2026-08-19,2026-08-19 10:30:00,29.19,29.365,29.19,29.36,7159.0
2026-08-19,2026-08-19 10:35:00,29.36,29.42,29.36,29.39,6798.0
2026-08-19,2026-08-19 10:40:00,29.425,29.585,29.425,29.495,7179.0
2026-08-19,2026-08-19 10:45:00,29.52,29.64,29.52,29.64,11932.0
2026-08-19,2026-08-19 10:50:00,29.675,29.765,29.675,29.735,20452.0
2026-08-19,2026-08-19 10:55:00,29.74,29.81,29.73,29.77,21821.0
2026-08-19,2026-08-19 11:00:00,29.765,29.765,29.475,29.51,18145.0
2026-08-19,2026-08-19 11:05:00,29.5,29.56,29.5,29.55,7589.0
2026-08-19,2026-08-19 11:10:00,29.51,29.53,29.39,29.435,7892.0
2026-08-19,2026-08-19 11:15:00,29.47,29.61,29.385,29.61,25204.0
2026-08-19,2026-08-19 11:20:00,29.61,29.615,29.53,29.545,4916.0
2026-08-19,2026-08-19 11:25:00,29.53,29.6,29.52,29.54,9481.0
2026-08-19,2026-08-19 11:30:00,29.54,29.61,29.525,29.61,43187.0
2026-08-19,2026-08-19 11:35:00,29.615,29.78,29.61,29.73,29305.0
2026-08-19,2026-08-19 11:40:00,29.75,29.77,29.69,29.72,13123.0
2026-08-19,2026-08-19 11:45:00,29.74,29.75,29.67,29.735,13936.0
2026-08-19,2026-08-19 11:50:00,29.72,29.72,29.69,29.69,8233.0
2026-08-19,2026-08-19 11:55:00,29.69,29.73,29.68,29.68,5773.0
2026-08-19,2026-08-19 12:00:00,29.67,29.67,29.42,29.525,52109.0
2026-08-19,2026-08-19 12:05:00,29.54,29.69,29.51,29.69,33528.0
2026-08-19,2026-08-19 12:10:00,29.6826,29.6826,29.6,29.6,8456.0
2026-08-19,2026-08-19 12:15:00,29.605,29.61,29.52,29.55,25724.0
2026-08-19,2026-08-19 12:20:00,29.57,29.63,29.55,29.62,28004.0
2026-08-19,2026-08-19 12:25:00,29.61,29.61,29.58,29.59,17902.0
2026-08-19,2026-08-19 12:30:00,29.59,29.59,29.51,29.51,17600.0
2026-08-19,2026-08-19 12:35:00,29.52,29.63,29.52,29.6,31783.0
2026-08-19,2026-08-19 12:40:00,29.61,29.66,29.6,29.64,20962.0
2026-08-19,2026-08-19 12:45:00,29.66,29.67,29.63,29.64,10328.0
2026-08-19,2026-08-19 12:50:00,29.64,29.64,29.59,29.63,7472.0
2026-08-19,2026-08-19 12:55:00,29.64,29.73,29.64,29.67,12431.0
2026-08-19,2026-08-19 13:00:00,29.6645,29.7,29.62,29.63,7152.0
2026-08-19,2026-08-19 13:05:00,29.645,29.65,29.56,29.56,11640.0
2026-08-19,2026-08-19 13:10:00,29.58,29.62,29.58,29.615,6768.0
2026-08-19,2026-08-19 13:15:00,29.61,29.61,29.55,29.575,9366.0
2026-08-19,2026-08-19 13:20:00,29.55,29.57,29.46,29.525,38963.0
2026-08-19,2026-08-19 13:25:00,29.54,29.54,29.5,29.51,12068.0
2026-08-19,2026-08-19 13:30:00,29.52,29.55,29.49,29.5101,22451.0
2026-08-19,2026-08-19 13:35:00,29.525,29.525,29.45,29.45,39367.0
2026-08-19,2026-08-19 13:40:00,29.46,29.485,29.44,29.485,12214.0
2026-08-19,2026-08-19 13:45:00,29.485,29.56,29.485,29.56,24366.0
2026-08-19,2026-08-19 13:50:00,29.555,29.57,29.54,29.56,8675.0
2026-08-19,2026-08-19 13:55:00,29.565,29.58,29.56,29.57,5626.0
2026-08-19,2026-08-19 14:00:00,29.57,29.59,29.55,29.55,8940.0
2026-08-19,2026-08-19 14:05:00,29.565,29.58,29.5,29.5,9135.0
2026-08-19,2026-08-19 14:10:00,29.51,29.53,29.47,29.48,8178.0
2026-08-19,2026-08-19 14:15:00,29.49,29.52,29.45,29.45,10629.0
2026-08-19,2026-08-19 14:20:00,29.44,29.45,29.34,29.365,51690.0
2026-08-19,2026-08-19 14:25:00,29.36,29.36,29.314,29.33,9859.0
2026-08-19,2026-08-19 14:30:00,29.33,29.39,29.33,29.37,8432.0
2026-08-19,2026-08-19 14:35:00,29.37,29.37,29.33,29.34,11071.0
2026-08-19,2026-08-19 14:40:00,29.34,29.35,29.32,29.335,6211.0
2026-08-19,2026-08-19 14:45:00,29.34,29.34,29.28,29.29,15818.0
2026-08-19,2026-08-19 14:50:00,29.3,29.3,29.24,29.25,17834.0
2026-08-19,2026-08-19 14:55:00,29.28,29.28,29.25,29.2591,5349.0
2026-08-19,2026-08-19 15:00:00,29.25,29.26,29.24,29.24,8177.0
2026-08-19,2026-08-19 15:05:00,29.25,29.25,29.23,29.25,7010.0
2026-08-19,2026-08-19 15:10:00,29.26,29.26,29.18,29.18,12112.0
2026-08-19,2026-08-19 15:15:00,29.18,29.18,29.15,29.15,14493.0
2026-08-19,2026-08-19 15:20:00,29.155,29.18,29.13,29.13,12106.0
2026-08-19,2026-08-19 15:25:00,29.12,29.14,28.96,28.99,32099.0
2026-08-19,2026-08-19 15:30:00,28.98,29.04,28.96,28.99,18692.0
2026-08-19,2026-08-19 15:35:00,29.0,29.06,28.96,29.06,32024.0
2026-08-19,2026-08-19 15:40:00,29.06,29.1,29.015,29.055,63911.0
2026-08-19,2026-08-19 15:45:00,29.055,29.07,29.015,29.03,34187.0
2026-08-19,2026-08-19 15:50:00,29.05,29.05,28.93,28.96,25841.0
2026-08-19,2026-08-19 15:55:00,28.98,29.13,28.97,29.13,62065.0
2026-08-19,2026-08-19 16:00:00,29.14,29.21,29.1,29.18,339596.0
2026-08-20,2026-08-20 09:35:00,28.9,29.145,28.51,28.6,15331.0
2026-08-20,2026-08-20 09:40:00,28.675,28.675,28.3301,28.36,29059.0
2026-08-20,2026-08-20 09:45:00,28.33,28.72,28.33,28.675,28922.0
2026-08-20,2026-08-20 09:50:00,28.725,28.8399,28.6801,28.81,10209.0
2026-08-20,2026-08-20 09:55:00,28.81,28.81,28.65,28.65,25783.0
2026-08-20,2026-08-20 10:00:00,28.72,28.72,28.64,28.72,10158.0
2026-08-20,2026-08-20 10:05:00,28.68,28.72,28.56,28.56,17305.0
2026-08-20,2026-08-20 10:10:00,28.55,28.69,28.55,28.605,16338.0
2026-08-20,2026-08-20 10:15:00,28.63,28.755,28.61,28.71,12823.0
2026-08-20,2026-08-20 10:20:00,28.71,28.75,28.68,28.74,8147.0
2026-08-20,2026-08-20 10:25:00,28.76,28.795,28.65,28.725,12207.0
2026-08-20,2026-08-20 10:30:00,28.725,28.915,28.725,28.84,10687.0
2026-08-20,2026-08-20 10:35:00,28.85,28.9,28.73,28.74,11923.0
2026-08-20,2026-08-20 10:40:00,28.74,28.82,28.74,28.79,7489.0
2026-08-20,2026-08-20 10:45:00,28.77,28.9015,28.77,28.78,9443.0
2026-08-20,2026-08-20 10:50:00,28.81,28.92,28.78,28.875,15700.0
2026-08-20,2026-08-20 10:55:00,28.86,28.88,28.78,28.84,10797.0
2026-08-20,2026-08-20 11:00:00,28.86,28.87,28.79,28.8,13864.0
2026-08-20,2026-08-20 11:05:00,28.8,28.91,28.8,28.87,13370.0
2026-08-20,2026-08-20 11:10:00,28.87,28.89,28.8,28.89,13223.0
2026-08-20,2026-08-20 11:15:00,28.915,28.915,28.83,28.8976,9411.0
2026-08-20,2026-08-20 11:20:00,28.88,28.92,28.78,28.79,13135.0
2026-08-20,2026-08-20 11:25:00,28.78,28.78,28.73,28.75,8192.0
2026-08-20,2026-08-20 11:30:00,28.695,28.71,28.67,28.68,5341.0
2026-08-20,2026-08-20 11:35:00,28.69,28.73,28.66,28.72,8312.0
2026-08-20,2026-08-20 11:40:00,28.71,28.765,28.69,28.765,6992.0
2026-08-20,2026-08-20 11:45:00,28.76,28.76,28.65,28.7,7595.0
2026-08-20,2026-08-20 11:50:00,28.7,28.74,28.67,28.68,6531.0
2026-08-20,2026-08-20 11:55:00,28.67,28.75,28.635,28.71,6823.0
2026-08-20,2026-08-20 12:00:00,28.71,28.75,28.7,28.73,7882.0
2026-08-20,2026-08-20 12:05:00,28.735,28.8,28.72,28.75,8540.0
2026-08-20,2026-08-20 12:10:00,28.715,28.74,28.7,28.735,10361.0
2026-08-20,2026-08-20 12:15:00,28.75,28.75,28.7,28.73,17242.0
2026-08-20,2026-08-20 12:20:00,28.72,28.74,28.71,28.71,5378.0
2026-08-20,2026-08-20 12:25:00,28.71,28.8,28.7,28.8,12348.0
2026-08-20,2026-08-20 12:30:00,28.795,28.805,28.77,28.805,6635.0
2026-08-20,2026-08-20 12:35:00,28.82,28.82,28.72,28.77,12932.0
2026-08-20,2026-08-20 12:40:00,28.76,28.79,28.76,28.79,3436.0
2026-08-20,2026-08-20 12:45:00,28.78,28.8,28.77,28.795,5509.0
2026-08-20,2026-08-20 12:50:00,28.78,28.78,28.73,28.735,6987.0
2026-08-20,2026-08-20 12:55:00,28.72,28.76,28.72,28.75,13099.0
2026-08-20,2026-08-20 13:00:00,28.75,28.75,28.68,28.69,11220.0
2026-08-20,2026-08-20 13:05:00,28.66,28.67,28.61,28.63,6251.0
2026-08-20,2026-08-20 13:10:00,28.625,28.625,28.58,28.59,4349.0
2026-08-20,2026-08-20 13:15:00,28.57,28.62,28.55,28.58,10576.0
2026-08-20,2026-08-20 13:20:00,28.585,28.59,28.545,28.59,8947.0
2026-08-20,2026-08-20 13:25:00,28.57,28.6,28.55,28.6,14022.0
2026-08-20,2026-08-20 13:30:00,28.6005,28.615,28.58,28.58,15607.0
2026-08-20,2026-08-20 13:35:00,28.56,28.6,28.55,28.6,7952.0
2026-08-20,2026-08-20 13:40:00,28.61,28.705,28.59,28.66,14203.0
2026-08-20,2026-08-20 13:45:00,28.67,28.72,28.65,28.7,17667.0
2026-08-20,2026-08-20 13:50:00,28.71,28.785,28.7,28.77,17449.0
2026-08-20,2026-08-20 13:55:00,28.765,28.79,28.7,28.7,12747.0
2026-08-20,2026-08-20 14:00:00,28.71,28.76,28.69,28.69,17646.0
2026-08-20,2026-08-20 14:05:00,28.69,28.75,28.69,28.73,21687.0
2026-08-20,2026-08-20 14:10:00,28.735,28.785,28.735,28.775,13592.0
2026-08-20,2026-08-20 14:15:00,28.77,28.78,28.73,28.74,12237.0
2026-08-20,2026-08-20 14:20:00,28.755,28.755,28.69,28.73,14577.0
2026-08-20,2026-08-20 14:25:00,28.73,28.76,28.68,28.68,13394.0
2026-08-20,2026-08-20 14:30:00,28.665,28.705,28.65,28.695,9275.0
2026-08-20,2026-08-20 14:35:00,28.695,28.695,28.63,28.65,17329.0
2026-08-20,2026-08-20 14:40:00,28.66,28.685,28.65,28.68,15542.0
2026-08-20,2026-08-20 14:45:00,28.68,28.69,28.65,28.66,11533.0
2026-08-20,2026-08-20 14:50:00,28.675,28.71,28.65,28.7,18247.0
2026-08-20,2026-08-20 14:55:00,28.71,28.73,28.7,28.71,14992.0
2026-08-20,2026-08-20 15:00:00,28.7,28.7,28.65,28.65,18288.0
2026-08-20,2026-08-20 15:05:00,28.64,28.66,28.59,28.625,22196.0
2026-08-20,2026-08-20 15:10:00,28.625,28.64,28.61,28.62,15071.0
2026-08-20,2026-08-20 15:15:00,28.62,28.64,28.6,28.6,21390.0
2026-08-20,2026-08-20 15:20:00,28.6,28.6,28.56,28.56,17731.0
2026-08-20,2026-08-20 15:25:00,28.565,28.565,28.49,28.535,30154.0
2026-08-20,2026-08-20 15:30:00,28.53,28.59,28.52,28.57,26609.0
2026-08-20,2026-08-20 15:35:00,28.58,28.645,28.57,28.575,40087.0
2026-08-20,2026-08-20 15:40:00,28.575,28.585,28.56,28.565,30701.0
2026-08-20,2026-08-20 15:45:00,28.56,28.56,28.455,28.455,35850.0
2026-08-20,2026-08-20 15:50:00,28.455,28.59,28.45,28.55,42599.0
2026-08-20,2026-08-20 15:55:00,28.58,28.62,28.47,28.48,64416.0
2026-08-20,2026-08-20 16:00:00,28.47,28.59,28.34,28.56,328027.0
2026-08-21,2026-08-21 09:35:00,28.76,28.785,28.515,28.69,29312.0
2026-08-21,2026-08-21 09:40:00,28.685,28.7,28.6,28.7,4001.0
2026-08-21,2026-08-21 09:45:00,28.5764,28.65,28.45,28.45,12832.0
2026-08-21,2026-08-21 09:50:00,28.45,28.46,28.0,28.09,42320.0
2026-08-21,2026-08-21 09:55:00,28.19,28.36,28.165,28.345,7765.0
2026-08-21,2026-08-21 10:00:00,28.33,28.6,28.33,28.505,8298.0
2026-08-21,2026-08-21 10:05:00,28.51,28.57,28.41,28.57,6271.0
2026-08-21,2026-08-21 10:10:00,28.6,28.75,28.58,28.58,18935.0
2026-08-21,2026-08-21 10:15:00,28.58,28.6599,28.56,28.56,3604.0
2026-08-21,2026-08-21 10:20:00,28.59,28.59,28.38,28.405,15136.0
2026-08-21,2026-08-21 10:25:00,28.3601,28.385,28.3,28.385,7996.0
2026-08-21,2026-08-21 10:30:00,28.41,28.53,28.41,28.45,7247.0
2026-08-21,2026-08-21 10:35:00,28.41,28.47,28.4,28.44,3312.0
2026-08-21,2026-08-21 10:40:00,28.4,28.545,28.38,28.545,4874.0
2026-08-21,2026-08-21 10:45:00,28.61,28.61,28.56,28.61,7902.0
2026-08-21,2026-08-21 10:50:00,28.61,28.61,28.475,28.475,5047.0
2026-08-21,2026-08-21 10:55:00,28.46,28.46,28.41,28.46,5714.0
2026-08-21,2026-08-21 11:00:00,28.44,28.475,28.42,28.475,3859.0
2026-08-21,2026-08-21 11:05:00,28.45,28.488,28.43,28.48,9276.0
2026-08-21,2026-08-21 11:10:00,28.49,28.5,28.39,28.405,4124.0
2026-08-21,2026-08-21 11:15:00,28.4075,28.515,28.405,28.47,8717.0
2026-08-21,2026-08-21 11:20:00,28.485,28.54,28.45,28.49,5289.0
2026-08-21,2026-08-21 11:25:00,28.495,28.53,28.495,28.52,4409.0
2026-08-21,2026-08-21 11:30:00,28.52,28.555,28.48,28.555,5156.0
2026-08-21,2026-08-21 11:35:00,28.565,28.75,28.56,28.6901,17587.0
2026-08-21,2026-08-21 11:40:00,28.69,28.745,28.63,28.69,18075.0
2026-08-21,2026-08-21 11:45:00,28.71,28.72,28.67,28.71,5790.0
2026-08-21,2026-08-21 11:50:00,28.7,28.72,28.68,28.7,4590.0
2026-08-21,2026-08-21 11:55:00,28.68,28.695,28.67,28.68,4486.0
2026-08-21,2026-08-21 12:00:00,28.66,28.69,28.65,28.69,6143.0
2026-08-21,2026-08-21 12:05:00,28.69,28.805,28.66,28.805,26215.0
2026-08-21,2026-08-21 12:10:00,28.82,28.88,28.78,28.83,17833.0
2026-08-21,2026-08-21 12:15:00,28.805,28.87,28.76,28.85,40673.0
2026-08-21,2026-08-21 12:20:00,28.91,28.92,28.84,28.845,6910.0
2026-08-21,2026-08-21 12:25:00,28.83,28.88,28.82,28.84,18310.0
2026-08-21,2026-08-21 12:30:00,28.82,28.845,28.78,28.78,5134.0
2026-08-21,2026-08-21 12:35:00,28.77,28.775,28.72,28.72,4220.0
2026-08-21,2026-08-21 12:40:00,28.73,28.76,28.72,28.755,3309.0
2026-08-21,2026-08-21 12:45:00,28.74,28.74,28.71,28.71,2061.0
2026-08-21,2026-08-21 12:50:00,28.71,28.73,28.7,28.725,5155.0
2026-08-21,2026-08-21 12:55:00,28.71,28.72,28.685,28.685,5055.0
2026-08-21,2026-08-21 13:00:00,28.685,28.8,28.685,28.78,4034.0
2026-08-21,2026-08-21 13:05:00,28.77,28.8,28.7,28.72,19055.0
2026-08-21,2026-08-21 13:10:00,28.73,28.73,28.67,28.67,5420.0
2026-08-21,2026-08-21 13:15:00,28.69,28.74,28.66,28.71,22471.0
2026-08-21,2026-08-21 13:20:00,28.7,28.725,28.7,28.725,1956.0
2026-08-21,2026-08-21 13:25:00,28.75,28.78,28.71,28.71,6150.0
2026-08-21,2026-08-21 13:30:00,28.71,28.74,28.695,28.72,6743.0
2026-08-21,2026-08-21 13:35:00,28.72,28.72,28.72,28.72,781.0
2026-08-21,2026-08-21 13:40:00,28.69,28.69,28.645,28.655,7737.0
2026-08-21,2026-08-21 13:45:00,28.655,28.68,28.655,28.67,1904.0
2026-08-21,2026-08-21 13:50:00,28.68,28.8,28.67,28.75,8863.0
2026-08-21,2026-08-21 13:55:00,28.74,28.78,28.67,28.67,16981.0
2026-08-21,2026-08-21 14:00:00,28.675,28.72,28.675,28.7,2359.0
2026-08-21,2026-08-21 14:05:00,28.7,28.81,28.69,28.75,12618.0
2026-08-21,2026-08-21 14:10:00,28.73,28.855,28.69,28.83,41036.0
2026-08-21,2026-08-21 14:15:00,28.85,28.9,28.825,28.89,8554.0
2026-08-21,2026-08-21 14:20:00,28.88,28.93,28.88,28.9,18417.0
2026-08-21,2026-08-21 14:25:00,28.91,28.915,28.76,28.815,22312.0
2026-08-21,2026-08-21 14:30:00,28.83,28.86,28.81,28.86,4534.0
2026-08-21,2026-08-21 14:35:00,28.865,28.9,28.85,28.85,18680.0
2026-08-21,2026-08-21 14:40:00,28.84,28.89,28.84,28.88,18667.0
2026-08-21,2026-08-21 14:45:00,28.88,28.91,28.85,28.87,19491.0
2026-08-21,2026-08-21 14:50:00,28.87,28.92,28.86,28.91,38092.0
2026-08-21,2026-08-21 14:55:00,28.9,29.0,28.9,29.0,58921.0
2026-08-21,2026-08-21 15:00:00,29.0,29.02,28.98,28.99,5973.0
2026-08-21,2026-08-21 15:05:00,28.99,29.05,28.92,28.9396,35624.0
2026-08-21,2026-08-21 15:10:00,28.92,28.935,28.9,28.92,4805.0
2026-08-21,2026-08-21 15:15:00,28.92,28.955,28.91,28.955,8804.0
2026-08-21,2026-08-21 15:20:00,28.96,29.045,28.9,29.01,90156.0
2026-08-21,2026-08-21 15:25:00,29.04,29.1103,29.025,29.1103,9859.0
2026-08-21,2026-08-21 15:30:00,29.11,29.13,29.06,29.105,12048.0
2026-08-21,2026-08-21 15:35:00,29.09,29.14,29.07,29.14,16250.0
2026-08-21,2026-08-21 15:40:00,29.14,29.22,29.12,29.22,14835.0
2026-08-21,2026-08-21 15:45:00,29.23,29.235,29.19,29.21,17606.0
2026-08-21,2026-08-21 15:50:00,29.22,29.23,29.1,29.22,31471.0
2026-08-21,2026-08-21 15:55:00,29.21,29.22,29.06,29.14,61028.0
2026-08-21,2026-08-21 16:00:00,29.13,29.22,29.1,29.16,213552.0
2026-08-24,2026-08-24 09:35:00,29.25,29.74,29.2,29.71,47335.0
2026-08-24,2026-08-24 09:40:00,29.575,29.72,29.5,29.59,13484.0
2026-08-24,2026-08-24 09:45:00,29.59,29.685,29.4,29.449,8521.0
2026-08-24,2026-08-24 09:50:00,29.3,29.4562,29.14,29.365,37475.0
2026-08-24,2026-08-24 09:55:00,29.4,29.49,29.35,29.425,6950.0
2026-08-24,2026-08-24 10:00:00,29.49,29.71,29.425,29.53,33227.0
2026-08-24,2026-08-24 10:05:00,29.47,29.525,29.29,29.37,11365.0
2026-08-24,2026-08-24 10:10:00,29.37,29.45,29.31,29.31,9261.0
2026-08-24,2026-08-24 10:15:00,29.315,29.3385,29.257,29.27,8511.0
2026-08-24,2026-08-24 10:20:00,29.285,29.45,29.25,29.45,7363.0
2026-08-24,2026-08-24 10:25:00,29.425,29.46,29.34,29.405,3780.0
2026-08-24,2026-08-24 10:30:00,29.46,29.67,29.46,29.64,20873.0
2026-08-24,2026-08-24 10:35:00,29.66,29.75,29.64,29.75,5469.0
2026-08-24,2026-08-24 10:40:00,29.7,29.8,29.68,29.76,21749.0
2026-08-24,2026-08-24 10:45:00,29.7428,29.7428,29.54,29.57,12225.0
2026-08-24,2026-08-24 10:50:00,29.555,29.56,29.52,29.56,2529.0
2026-08-24,2026-08-24 10:55:00,29.5696,29.5696,29.48,29.53,5386.0
2026-08-24,2026-08-24 11:00:00,29.54,29.565,29.46,29.565,5815.0
2026-08-24,2026-08-24 11:05:00,29.555,29.6,29.555,29.565,5417.0
2026-08-24,2026-08-24 11:10:00,29.545,29.6327,29.53,29.62,2825.0
2026-08-24,2026-08-24 11:15:00,29.615,29.615,29.43,29.43,7124.0
2026-08-24,2026-08-24 11:20:00,29.4,29.49,29.4,29.49,3007.0
2026-08-24,2026-08-24 11:25:00,29.45,29.485,29.4233,29.4233,3550.0
2026-08-24,2026-08-24 11:30:00,29.44,29.44,29.3385,29.39,3908.0
2026-08-24,2026-08-24 11:35:00,29.45,29.45,29.4,29.44,5245.0
2026-08-24,2026-08-24 11:40:00,29.43,29.43,29.415,29.425,4997.0
2026-08-24,2026-08-24 11:45:00,29.4,29.41,29.3605,29.37,6542.0
2026-08-24,2026-08-24 11:50:00,29.37,29.4,29.36,29.38,6484.0
2026-08-24,2026-08-24 11:55:00,29.38,29.45,29.34,29.35,9955.0
2026-08-24,2026-08-24 12:00:00,29.35,29.3768,29.34,29.34,4609.0
2026-08-24,2026-08-24 12:05:00,29.345,29.37,29.3,29.31,12879.0
2026-08-24,2026-08-24 12:10:00,29.31,29.31,29.255,29.255,3292.0
2026-08-24,2026-08-24 12:15:00,29.27,29.35,29.24,29.335,24730.0
2026-08-24,2026-08-24 12:20:00,29.34,29.36,29.32,29.3264,3482.0
2026-08-24,2026-08-24 12:25:00,29.31,29.31,29.29,29.3,2780.0
2026-08-24,2026-08-24 12:30:00,29.28,29.285,29.27,29.27,4914.0
2026-08-24,2026-08-24 12:35:00,29.27,29.3158,29.25,29.3152,8397.0
2026-08-24,2026-08-24 12:40:00,29.295,29.31,29.295,29.31,2702.0
2026-08-24,2026-08-24 12:45:00,29.28,29.28,29.2374,29.255,7246.0
2026-08-24,2026-08-24 12:50:00,29.275,29.275,29.25,29.27,5125.0
2026-08-24,2026-08-24 12:55:00,29.29,29.29,29.24,29.28,7147.0
2026-08-24,2026-08-24 13:00:00,29.28,29.35,29.28,29.35,8176.0
2026-08-24,2026-08-24 13:05:00,29.32,29.32,29.27,29.27,3858.0
2026-08-24,2026-08-24 13:10:00,29.26,29.27,29.255,29.27,4159.0
2026-08-24,2026-08-24 13:15:00,29.27,29.29,29.26,29.26,4216.0
2026-08-24,2026-08-24 13:20:00,29.24,29.24,29.13,29.235,13295.0
2026-08-24,2026-08-24 13:25:00,29.21,29.215,29.2,29.21,5305.0
2026-08-24,2026-08-24 13:30:00,29.19,29.21,29.18,29.18,4717.0
2026-08-24,2026-08-24 13:35:00,29.18,29.22,29.18,29.22,14351.0
2026-08-24,2026-08-24 13:40:00,29.21,29.21,29.16,29.16,5503.0
2026-08-24,2026-08-24 13:45:00,29.15,29.16,29.11,29.11,3970.0
2026-08-24,2026-08-24 13:50:00,29.12,29.12,29.075,29.09,14960.0
2026-08-24,2026-08-24 13:55:00,29.082,29.09,29.07,29.07,4561.0
2026-08-24,2026-08-24 14:00:00,29.06,29.115,29.06,29.115,11639.0
2026-08-24,2026-08-24 14:05:00,29.115,29.165,29.11,29.165,9118.0
2026-08-24,2026-08-24 14:10:00,29.18,29.22,29.17,29.22,13301.0
2026-08-24,2026-08-24 14:15:00,29.21,29.215,29.16,29.16,4622.0
2026-08-24,2026-08-24 14:20:00,29.16,29.16,29.12,29.13,6549.0
2026-08-24,2026-08-24 14:25:00,29.12,29.25,29.1,29.25,6677.0
2026-08-24,2026-08-24 14:30:00,29.265,29.29,29.25,29.28,6238.0
2026-08-24,2026-08-24 14:35:00,29.28,29.28,29.205,29.205,6844.0
2026-08-24,2026-08-24 14:40:00,29.22,29.3068,29.22,29.26,11995.0
2026-08-24,2026-08-24 14:45:00,29.26,29.3098,29.25,29.3069,9266.0
2026-08-24,2026-08-24 14:50:00,29.31,29.31,29.26,29.31,10925.0
2026-08-24,2026-08-24 14:55:00,29.35,29.35,29.33,29.335,4195.0
2026-08-24,2026-08-24 15:00:00,29.32,29.34,29.32,29.33,13539.0
2026-08-24,2026-08-24 15:05:00,29.35,29.407,29.35,29.4,7684.0
2026-08-24,2026-08-24 15:10:00,29.4,29.409,29.385,29.39,7462.0
2026-08-24,2026-08-24 15:15:00,29.39,29.415,29.331,29.415,13486.0
2026-08-24,2026-08-24 15:20:00,29.43,29.43,29.39,29.42,8241.0
2026-08-24,2026-08-24 15:25:00,29.395,29.395,29.34,29.37,9907.0
2026-08-24,2026-08-24 15:30:00,29.37,29.39,29.36,29.37,9456.0
2026-08-24,2026-08-24 15:35:00,29.38,29.405,29.37,29.39,15691.0
2026-08-24,2026-08-24 15:40:00,29.38,29.405,29.345,29.4,18775.0
2026-08-24,2026-08-24 15:45:00,29.405,29.405,29.36,29.36,11017.0
2026-08-24,2026-08-24 15:50:00,29.35,29.37,29.31,29.32,21424.0
2026-08-24,2026-08-24 15:55:00,29.31,29.4,29.25,29.38,53523.0
2026-08-24,2026-08-24 16:00:00,29.32,29.4,29.27,29.36,869550.0
2026-08-25,2026-08-25 09:35:00,29.43,29.6,29.35,29.35,48055.0
2026-08-25,2026-08-25 09:40:00,29.475,29.775,29.37,29.625,14725.0
2026-08-25,2026-08-25 09:45:00,29.625,29.77,29.54,29.615,14825.0
2026-08-25,2026-08-25 09:50:00,29.615,29.66,29.405,29.435,15021.0
2026-08-25,2026-08-25 09:55:00,29.45,29.5,29.31,29.31,6148.0
2026-08-25,2026-08-25 10:00:00,29.34,29.55,29.32,29.55,168451.0
2026-08-25,2026-08-25 10:05:00,29.48,29.61,29.48,29.545,14888.0
2026-08-25,2026-08-25 10:10:00,29.61,29.6899,29.53,29.62,10881.0
2026-08-25,2026-08-25 10:15:00,29.625,29.7549,29.625,29.64,21756.0
2026-08-25,2026-08-25 10:20:00,29.64,29.64,29.45,29.51,15664.0
2026-08-25,2026-08-25 10:25:00,29.505,29.5599,29.49,29.525,16773.0
2026-08-25,2026-08-25 10:30:00,29.5,29.62,29.48,29.52,20464.0
2026-08-25,2026-08-25 10:35:00,29.5,29.65,29.47,29.62,18723.0
2026-08-25,2026-08-25 10:40:00,29.59,29.65,29.53,29.635,26162.0
2026-08-25,2026-08-25 10:45:00,29.6,29.6,29.47,29.49,22923.0
2026-08-25,2026-08-25 10:50:00,29.495,29.5979,29.495,29.5699,10940.0
2026-08-25,2026-08-25 10:55:00,29.54,29.57,29.47,29.5,33462.0
2026-08-25,2026-08-25 11:00:00,29.5,29.54,29.41,29.49,70355.0
2026-08-25,2026-08-25 11:05:00,29.5,29.53,29.2974,29.315,47512.0
2026-08-25,2026-08-25 11:10:00,29.29,29.325,29.17,29.195,17196.0
2026-08-25,2026-08-25 11:15:00,29.18,29.18,29.09,29.12,20985.0
2026-08-25,2026-08-25 11:20:00,29.135,29.135,29.07,29.07,8853.0
2026-08-25,2026-08-25 11:25:00,29.065,29.24,29.05,29.24,21097.0
2026-08-25,2026-08-25 11:30:00,29.215,29.224,29.205,29.22,4778.0
2026-08-25,2026-08-25 11:35:00,29.22,29.225,29.15,29.175,7408.0
2026-08-25,2026-08-25 11:40:00,29.175,29.22,29.17,29.2,21571.0
2026-08-25,2026-08-25 11:45:00,29.18,29.18,29.095,29.1,8325.0
2026-08-25,2026-08-25 11:50:00,29.1118,29.12,29.065,29.07,8652.0
2026-08-25,2026-08-25 11:55:00,29.075,29.145,29.075,29.145,4961.0
2026-08-25,2026-08-25 12:00:00,29.16,29.16,29.05,29.11,14717.0
2026-08-25,2026-08-25 12:05:00,29.09,29.15,29.09,29.13,4383.0
2026-08-25,2026-08-25 12:10:00,29.1,29.12,29.01,29.05,16718.0
2026-08-25,2026-08-25 12:15:00,29.05,29.1,29.04,29.04,11931.0
2026-08-25,2026-08-25 12:20:00,29.06,29.1,29.05,29.06,6424.0
2026-08-25,2026-08-25 12:25:00,29.1,29.15,29.085,29.12,14538.0
2026-08-25,2026-08-25 12:30:00,29.12,29.14,29.12,29.13,3627.0
2026-08-25,2026-08-25 12:35:00,29.12,29.15,29.12,29.135,15045.0
2026-08-25,2026-08-25 12:40:00,29.135,29.15,29.12,29.12,7444.0
2026-08-25,2026-08-25 12:45:00,29.13,29.13,29.08,29.09,7184.0
2026-08-25,2026-08-25 12:50:00,29.1,29.25,29.05,29.235,15499.0
2026-08-25,2026-08-25 12:55:00,29.26,29.3225,29.24,29.24,13301.0
2026-08-25,2026-08-25 13:00:00,29.22,29.3,29.19,29.3,9104.0
2026-08-25,2026-08-25 13:05:00,29.3,29.33,29.26,29.3,7708.0
2026-08-25,2026-08-25 13:10:00,29.28,29.35,29.28,29.33,13822.0
2026-08-25,2026-08-25 13:15:00,29.33,29.3639,29.31,29.3639,6410.0
2026-08-25,2026-08-25 13:20:00,29.36,29.41,29.345,29.39,11527.0
2026-08-25,2026-08-25 13:25:00,29.39,29.44,29.33,29.35,10253.0
2026-08-25,2026-08-25 13:30:00,29.35,29.35,29.26,29.28,14143.0
2026-08-25,2026-08-25 13:35:00,29.32,29.41,29.21,29.34,51766.0
2026-08-25,2026-08-25 13:40:00,29.34,29.41,29.32,29.41,20984.0
2026-08-25,2026-08-25 13:45:00,29.39,29.415,29.36,29.37,9881.0
2026-08-25,2026-08-25 13:50:00,29.37,29.38,29.33,29.345,5535.0
2026-08-25,2026-08-25 13:55:00,29.33,29.35,29.32,29.345,6409.0
2026-08-25,2026-08-25 14:00:00,29.33,29.36,29.33,29.335,4825.0
2026-08-25,2026-08-25 14:05:00,29.335,29.385,29.33,29.335,10546.0
2026-08-25,2026-08-25 14:10:00,29.32,29.32,29.26,29.26,9580.0
2026-08-25,2026-08-25 14:15:00,29.27,29.29,29.24,29.26,6830.0
2026-08-25,2026-08-25 14:20:00,29.27,29.28,29.16,29.185,105456.0
2026-08-25,2026-08-25 14:25:00,29.2,29.24,29.19,29.21,9956.0
2026-08-25,2026-08-25 14:30:00,29.205,29.36,29.19,29.36,9358.0
2026-08-25,2026-08-25 14:35:00,29.375,29.375,29.3,29.3,7045.0
2026-08-25,2026-08-25 14:40:00,29.32,29.335,29.3,29.305,10851.0
2026-08-25,2026-08-25 14:45:00,29.29,29.305,29.26,29.27,11756.0
2026-08-25,2026-08-25 14:50:00,29.28,29.375,29.28,29.34,17290.0
2026-08-25,2026-08-25 14:55:00,29.35,29.39,29.34,29.35,11137.0
2026-08-25,2026-08-25 15:00:00,29.35,29.38,29.33,29.37,12254.0
2026-08-25,2026-08-25 15:05:00,29.37,29.37,29.36,29.365,4251.0
2026-08-25,2026-08-25 15:10:00,29.36,29.39,29.35,29.35,14852.0
2026-08-25,2026-08-25 15:15:00,29.365,29.365,29.33,29.335,8966.0
2026-08-25,2026-08-25 15:20:00,29.32,29.335,29.25,29.26,15735.0
2026-08-25,2026-08-25 15:25:00,29.25,29.26,29.215,29.219,56137.0
2026-08-25,2026-08-25 15:30:00,29.22,29.26,29.185,29.205,93420.0
2026-08-25,2026-08-25 15:35:00,29.2,29.25,29.19,29.24,20154.0
2026-08-25,2026-08-25 15:40:00,29.24,29.29,29.19,29.28,19576.0
2026-08-25,2026-08-25 15:45:00,29.27,29.3,29.26,29.285,25037.0
2026-08-25,2026-08-25 15:50:00,29.285,29.315,29.25,29.27,23160.0
2026-08-25,2026-08-25 15:55:00,29.25,29.45,29.2,29.42,48604.0
2026-08-25,2026-08-25 16:00:00,29.44,29.46,29.26,29.29,391818.0
2026-08-26,2026-08-26 09:35:00,29.04,29.58,29.0,29.42,17933.0
2026-08-26,2026-08-26 09:40:00,29.42,29.59,29.2601,29.44,6814.0
2026-08-26,2026-08-26 09:45:00,29.316,29.5029,29.075,29.095,8422.0
2026-08-26,2026-08-26 09:50:00,29.24,29.245,29.24,29.245,1284.0
2026-08-26,2026-08-26 09:55:00,29.36,29.45,29.24,29.41,8022.0
2026-08-26,2026-08-26 10:00:00,29.44,29.46,29.365,29.45,4380.0
2026-08-26,2026-08-26 10:05:00,29.45,29.45,29.25,29.25,10188.0
2026-08-26,2026-08-26 10:10:00,29.28,29.37,29.23,29.37,12637.0
2026-08-26,2026-08-26 10:15:00,29.32,29.32,29.27,29.28,6455.0
2026-08-26,2026-08-26 10:20:00,29.29,29.34,29.22,29.34,30572.0
2026-08-26,2026-08-26 10:25:00,29.35,29.35,29.23,29.23,19927.0
2026-08-26,2026-08-26 10:30:00,29.235,29.27,29.11,29.11,7327.0
2026-08-26,2026-08-26 10:35:00,29.07,29.18,29.07,29.15,11081.0
2026-08-26,2026-08-26 10:40:00,29.15,29.18,29.09,29.09,7959.0
2026-08-26,2026-08-26 10:45:00,29.085,29.13,29.08,29.09,11712.0
2026-08-26,2026-08-26 10:50:00,29.095,29.165,29.08,29.165,7166.0
2026-08-26,2026-08-26 10:55:00,29.17,29.17,29.14,29.165,4983.0
2026-08-26,2026-08-26 11:00:00,29.18,29.2,29.16,29.17,8409.0
2026-08-26,2026-08-26 11:05:00,29.175,29.175,29.115,29.115,5588.0
2026-08-26,2026-08-26 11:10:00,29.115,29.14,29.02,29.02,9045.0
2026-08-26,2026-08-26 11:15:00,29.01,29.01,28.81,28.83,25417.0
2026-08-26,2026-08-26 11:20:00,28.83,28.86,28.75,28.765,10184.0
2026-08-26,2026-08-26 11:25:00,28.765,28.8,28.75,28.8,16416.0
2026-08-26,2026-08-26 11:30:00,28.79,28.82,28.745,28.745,9148.0
2026-08-26,2026-08-26 11:35:00,28.76,28.8,28.75,28.75,10180.0
2026-08-26,2026-08-26 11:40:00,28.76,28.77,28.75,28.76,15005.0
2026-08-26,2026-08-26 11:45:00,28.7684,28.795,28.755,28.785,15675.0
2026-08-26,2026-08-26 11:50:00,28.785,29.03,28.785,29.0,98336.0
2026-08-26,2026-08-26 11:55:00,29.005,29.03,28.8975,28.8975,24716.0
2026-08-26,2026-08-26 12:00:00,28.905,28.955,28.86,28.87,52742.0
2026-08-26,2026-08-26 12:05:00,28.855,28.88,28.84,28.855,17362.0
2026-08-26,2026-08-26 12:10:00,28.85,28.91,28.825,28.91,13527.0
2026-08-26,2026-08-26 12:15:00,28.91,28.95,28.91,28.95,18213.0
2026-08-26,2026-08-26 12:20:00,28.95,28.965,28.915,28.927,60742.0
2026-08-26,2026-08-26 12:25:00,28.94,28.96,28.94,28.955,18991.0
2026-08-26,2026-08-26 12:30:00,28.955,28.955,28.9425,28.955,7574.0
2026-08-26,2026-08-26 12:35:00,28.96,28.99,28.96,28.99,13146.0
2026-08-26,2026-08-26 12:40:00,29.0,29.005,28.93,28.94,26227.0
2026-08-26,2026-08-26 12:45:00,28.93,28.9465,28.93,28.94,8770.0
2026-08-26,2026-08-26 12:50:00,28.94,28.97,28.9323,28.9323,14004.0
2026-08-26,2026-08-26 12:55:00,28.94,28.94,28.905,28.92,23591.0
2026-08-26,2026-08-26 13:00:00,28.915,28.915,28.8721,28.885,14998.0
2026-08-26,2026-08-26 13:05:00,28.88,28.88,28.79,28.805,13310.0
2026-08-26,2026-08-26 13:10:00,28.81,28.965,28.81,28.9344,37472.0
2026-08-26,2026-08-26 13:15:00,28.94,28.94,28.91,28.935,26141.0
2026-08-26,2026-08-26 13:20:00,28.935,28.98,28.9312,28.97,10365.0
2026-08-26,2026-08-26 13:25:00,28.96,28.97,28.945,28.955,7873.0
2026-08-26,2026-08-26 13:30:00,28.95,28.98,28.94,28.98,10012.0
2026-08-26,2026-08-26 13:35:00,28.99,28.99,28.98,28.985,4835.0
2026-08-26,2026-08-26 13:40:00,29.0,29.055,29.0,29.05,9463.0
2026-08-26,2026-08-26 13:45:00,29.07,29.1,29.07,29.08,7914.0
2026-08-26,2026-08-26 13:50:00,29.08,29.125,29.08,29.125,15942.0
2026-08-26,2026-08-26 13:55:00,29.14,29.21,29.125,29.21,3546.0
2026-08-26,2026-08-26 14:00:00,29.21,29.23,29.19,29.21,5435.0
2026-08-26,2026-08-26 14:05:00,29.22,29.32,29.22,29.28,19293.0
2026-08-26,2026-08-26 14:10:00,29.27,29.29,29.25,29.25,3558.0
2026-08-26,2026-08-26 14:15:00,29.235,29.26,29.235,29.255,6167.0
2026-08-26,2026-08-26 14:20:00,29.27,29.3,29.25,29.265,6135.0
2026-08-26,2026-08-26 14:25:00,29.26,29.26,29.19,29.22,16189.0
2026-08-26,2026-08-26 14:30:00,29.22,29.22,29.19,29.22,4456.0
2026-08-26,2026-08-26 14:35:00,29.22,29.22,29.14,29.15,12077.0
2026-08-26,2026-08-26 14:40:00,29.15,29.2,29.15,29.2,11534.0
2026-08-26,2026-08-26 14:45:00,29.19,29.215,29.19,29.21,6664.0
2026-08-26,2026-08-26 14:50:00,29.2,29.285,29.2,29.26,13301.0
2026-08-26,2026-08-26 14:55:00,29.2625,29.2625,29.23,29.25,4001.0
2026-08-26,2026-08-26 15:00:00,29.24,29.27,29.24,29.26,8460.0
2026-08-26,2026-08-26 15:05:00,29.27,29.31,29.21,29.21,17910.0
2026-08-26,2026-08-26 15:10:00,29.2,29.26,29.16,29.235,15566.0
2026-08-26,2026-08-26 15:15:00,29.23,29.25,29.19,29.24,15657.0
2026-08-26,2026-08-26 15:20:00,29.26,29.275,29.225,29.225,40146.0
2026-08-26,2026-08-26 15:25:00,29.225,29.275,29.225,29.27,45815.0
2026-08-26,2026-08-26 15:30:00,29.28,29.3,29.25,29.25,15750.0
2026-08-26,2026-08-26 15:35:00,29.245,29.27,29.22,29.25,19492.0
2026-08-26,2026-08-26 15:40:00,29.25,29.29,29.24,29.24,23834.0
2026-08-26,2026-08-26 15:45:00,29.24,29.25,29.2,29.21,15705.0
2026-08-26,2026-08-26 15:50:00,29.2,29.26,29.2,29.26,28860.0
2026-08-26,2026-08-26 15:55:00,29.26,29.375,29.26,29.33,49703.0
2026-08-26,2026-08-26 16:00:00,29.29,29.34,29.225,29.33,630845.0
2026-08-27,2026-08-27 09:35:00,29.5,29.95,29.0,29.75,83480.0
2026-08-27,2026-08-27 09:40:00,29.75,29.98,29.62,29.79,95516.0
2026-08-27,2026-08-27 09:45:00,29.73,30.06,29.73,29.9603,162102.0
2026-08-27,2026-08-27 09:50:00,29.97,30.19,29.86,30.12,182376.0
2026-08-27,2026-08-27 09:55:00,30.16,30.32,30.14,30.22,79032.0
2026-08-27,2026-08-27 10:00:00,30.215,30.37,30.15,30.31,53567.0
2026-08-27,2026-08-27 10:05:00,30.28,30.4299,30.21,30.28,48815.0
2026-08-27,2026-08-27 10:10:00,30.25,30.36,30.2,30.3357,55676.0
2026-08-27,2026-08-27 10:15:00,30.27,30.4,30.25,30.3001,40030.0
2026-08-27,2026-08-27 10:20:00,30.33,30.345,30.1,30.1,22186.0
2026-08-27,2026-08-27 10:25:00,30.119,30.2199,30.09,30.15,24375.0
2026-08-27,2026-08-27 10:30:00,30.15,30.18,30.08,30.17,25977.0
2026-08-27,2026-08-27 10:35:00,30.14,30.14,30.03,30.03,28285.0
2026-08-27,2026-08-27 10:40:00,30.04,30.1,29.97,30.07,36448.0
2026-08-27,2026-08-27 10:45:00,30.05,30.05,29.93,29.97,16633.0
2026-08-27,2026-08-27 10:50:00,29.95,29.9575,29.9,29.945,9707.0
2026-08-27,2026-08-27 10:55:00,29.96,30.0,29.94,29.97,12996.0
2026-08-27,2026-08-27 11:00:00,29.97,29.97,29.91,29.945,19762.0
2026-08-27,2026-08-27 11:05:00,29.9332,29.965,29.92,29.955,9669.0
2026-08-27,2026-08-27 11:10:00,29.95,29.99,29.895,29.895,22340.0
2026-08-27,2026-08-27 11:15:00,29.88,29.89,29.8132,29.8132,11035.0
2026-08-27,2026-08-27 11:20:00,29.84,29.93,29.83,29.93,22709.0
2026-08-27,2026-08-27 11:25:00,29.94,30.05,29.94,29.98,52488.0
2026-08-27,2026-08-27 11:30:00,29.98,30.0,29.88,29.885,90253.0
2026-08-27,2026-08-27 11:35:00,29.885,29.895,29.8,29.845,46127.0
2026-08-27,2026-08-27 11:40:00,29.845,29.9,29.84,29.86,10664.0
2026-08-27,2026-08-27 11:45:00,29.87,29.87,29.83,29.84,9314.0
2026-08-27,2026-08-27 11:50:00,29.85,29.95,29.84,29.95,9760.0
2026-08-27,2026-08-27 11:55:00,29.95,29.99,29.92,29.99,29702.0
2026-08-27,2026-08-27 12:00:00,29.99,30.13,29.98,30.015,203452.0
2026-08-27,2026-08-27 12:05:00,30.02,30.06,30.0,30.0,21435.0
2026-08-27,2026-08-27 12:10:00,30.01,30.015,29.88,29.88,28862.0
2026-08-27,2026-08-27 12:15:00,29.905,29.93,29.73,29.76,33069.0
2026-08-27,2026-08-27 12:20:00,29.775,29.875,29.77,29.862,11675.0
2026-08-27,2026-08-27 12:25:00,29.87,29.88,29.79,29.85,17171.0
2026-08-27,2026-08-27 12:30:00,29.86,29.89,29.77,29.79,58709.0
2026-08-27,2026-08-27 12:35:00,29.79,29.8468,29.77,29.82,30074.0
2026-08-27,2026-08-27 12:40:00,29.82,29.89,29.82,29.89,11826.0
2026-08-27,2026-08-27 12:45:00,29.88,29.955,29.845,29.955,21972.0
2026-08-27,2026-08-27 12:50:00,29.9699,29.9699,29.95,29.965,8414.0
2026-08-27,2026-08-27 12:55:00,29.965,30.04,29.9413,30.0,36516.0
2026-08-27,2026-08-27 13:00:00,30.0,30.09,29.995,30.09,55099.0
2026-08-27,2026-08-27 13:05:00,30.09,30.11,30.03,30.03,13402.0
2026-08-27,2026-08-27 13:10:00,30.03,30.04,29.98,30.015,19134.0
2026-08-27,2026-08-27 13:15:00,30.015,30.015,29.98,29.99,13682.0
2026-08-27,2026-08-27 13:20:00,29.99,29.998,29.945,29.945,12552.0
2026-08-27,2026-08-27 13:25:00,29.95,29.99,29.9401,29.99,26553.0
2026-08-27,2026-08-27 13:30:00,29.99,29.995,29.94,29.95,12020.0
2026-08-27,2026-08-27 13:35:00,29.95,30.0,29.95,29.975,15491.0
2026-08-27,2026-08-27 13:40:00,29.975,29.99,29.9606,29.98,10807.0
2026-08-27,2026-08-27 13:45:00,29.98,30.0,29.97,29.995,10909.0
2026-08-27,2026-08-27 13:50:00,29.995,29.995,29.815,29.815,31511.0
2026-08-27,2026-08-27 13:55:00,29.8,29.97,29.79,29.97,14765.0
2026-08-27,2026-08-27 14:00:00,29.95,29.95,29.8,29.885,37609.0
2026-08-27,2026-08-27 14:05:00,29.885,29.915,29.81,29.915,40662.0
2026-08-27,2026-08-27 14:10:00,29.89,29.89,29.82,29.84,15993.0
2026-08-27,2026-08-27 14:15:00,29.835,29.905,29.82,29.905,8979.0
2026-08-27,2026-08-27 14:20:00,29.905,29.98,29.9,29.9,40999.0
2026-08-27,2026-08-27 14:25:00,29.9,29.94,29.89,29.91,16666.0
2026-08-27,2026-08-27 14:30:00,29.91,30.07,29.8904,30.06,66896.0
2026-08-27,2026-08-27 14:35:00,30.05,30.15,30.02,30.08,44883.0
2026-08-27,2026-08-27 14:40:00,30.07,30.09,30.07,30.08,15226.0
2026-08-27,2026-08-27 14:45:00,30.08,30.09,30.05,30.07,45276.0
2026-08-27,2026-08-27 14:50:00,30.07,30.08,29.96,29.99,34825.0
2026-08-27,2026-08-27 14:55:00,30.0,30.14,30.0,30.13,55825.0
2026-08-27,2026-08-27 15:00:00,30.13,30.14,30.05,30.09,98743.0
2026-08-27,2026-08-27 15:05:00,30.09,30.365,30.07,30.34,204456.0
2026-08-27,2026-08-27 15:10:00,30.33,30.345,30.27,30.345,32700.0
2026-08-27,2026-08-27 15:15:00,30.36,30.43,30.36,30.405,31436.0
2026-08-27,2026-08-27 15:20:00,30.405,30.505,30.405,30.505,57480.0
2026-08-27,2026-08-27 15:25:00,30.52,30.66,30.47,30.645,48033.0
2026-08-27,2026-08-27 15:30:00,30.65,30.65,30.505,30.56,59353.0
2026-08-27,2026-08-27 15:35:00,30.57,30.57,30.43,30.5,71670.0
2026-08-27,2026-08-27 15:40:00,30.5049,30.76,30.5049,30.74,39514.0
2026-08-27,2026-08-27 15:45:00,30.73,30.83,30.73,30.81,42584.0
2026-08-27,2026-08-27 15:50:00,30.82,30.84,30.53,30.815,100347.0
2026-08-27,2026-08-27 15:55:00,30.79,30.88,30.69,30.69,217386.0
2026-08-27,2026-08-27 16:00:00,30.72,30.73,30.47,30.58,461395.0
2026-08-28,2026-08-28 09:35:00,30.42,30.83,30.3,30.5,42774.0
2026-08-28,2026-08-28 09:40:00,30.505,30.725,30.43,30.5,20818.0
2026-08-28,2026-08-28 09:45:00,30.45,30.45,30.17,30.23,20311.0
2026-08-28,2026-08-28 09:50:00,30.18,30.35,30.18,30.1975,22112.0
2026-08-28,2026-08-28 09:55:00,30.16,30.2,29.8501,29.95,29157.0
2026-08-28,2026-08-28 10:00:00,29.95,30.0799,29.81,29.81,32833.0
2026-08-28,2026-08-28 10:05:00,29.89,30.01,29.805,29.845,14154.0
2026-08-28,2026-08-28 10:10:00,29.82,29.82,29.65,29.69,28593.0
2026-08-28,2026-08-28 10:15:00,29.67,29.84,29.66,29.8,25696.0
2026-08-28,2026-08-28 10:20:00,29.81,29.96,29.77,29.92,25284.0
2026-08-28,2026-08-28 10:25:00,29.94,29.94,29.72,29.72,11602.0
2026-08-28,2026-08-28 10:30:00,29.72,29.81,29.71,29.76,13389.0
2026-08-28,2026-08-28 10:35:00,29.795,29.92,29.795,29.92,23156.0
2026-08-28,2026-08-28 10:40:00,29.89,29.975,29.8,29.845,19223.0
2026-08-28,2026-08-28 10:45:00,29.855,29.905,29.83,29.89,13478.0
2026-08-28,2026-08-28 10:50:00,29.87,29.96,29.83,29.93,12213.0
2026-08-28,2026-08-28 10:55:00,29.92,29.92,29.87,29.87,13358.0
2026-08-28,2026-08-28 11:00:00,29.885,29.97,29.885,29.95,14933.0
2026-08-28,2026-08-28 11:05:00,29.95,29.95,29.85,29.885,12330.0
2026-08-28,2026-08-28 11:10:00,29.89,29.96,29.805,29.805,13436.0
2026-08-28,2026-08-28 11:15:00,29.81,29.82,29.75,29.77,14977.0
2026-08-28,2026-08-28 11:20:00,29.79,29.915,29.79,29.86,21299.0
2026-08-28,2026-08-28 11:25:00,29.875,29.92,29.8,29.8,13349.0
2026-08-28,2026-08-28 11:30:00,29.78,29.85,29.76,29.84,20167.0
2026-08-28,2026-08-28 11:35:00,29.84,29.89,29.82,29.855,19014.0
2026-08-28,2026-08-28 11:40:00,29.84,29.84,29.74,29.74,9756.0
2026-08-28,2026-08-28 11:45:00,29.73,29.73,29.64,29.67,23222.0
2026-08-28,2026-08-28 11:50:00,29.68,29.725,29.605,29.62,29448.0
2026-08-28,2026-08-28 11:55:00,29.67,29.67,29.53,29.575,16029.0
2026-08-28,2026-08-28 12:00:00,29.58,29.6,29.46,29.46,43937.0
2026-08-28,2026-08-28 12:05:00,29.46,29.535,29.45,29.535,22169.0
2026-08-28,2026-08-28 12:10:00,29.536,29.63,29.5,29.605,20365.0
2026-08-28,2026-08-28 12:15:00,29.59,29.591,29.54,29.54,17572.0
2026-08-28,2026-08-28 12:20:00,29.53,29.54,29.34,29.39,57691.0
2026-08-28,2026-08-28 12:25:00,29.39,29.46,29.385,29.45,11021.0
2026-08-28,2026-08-28 12:30:00,29.47,29.47,29.43,29.43,6467.0
2026-08-28,2026-08-28 12:35:00,29.435,29.55,29.435,29.53,17654.0
2026-08-28,2026-08-28 12:40:00,29.535,29.665,29.535,29.64,21063.0
2026-08-28,2026-08-28 12:45:00,29.62,29.62,29.52,29.59,42447.0
2026-08-28,2026-08-28 12:50:00,29.6,29.6408,29.57,29.6274,14621.0
2026-08-28,2026-08-28 12:55:00,29.635,29.67,29.6,29.6,14376.0
2026-08-28,2026-08-28 13:00:00,29.58,29.58,29.57,29.57,3057.0
2026-08-28,2026-08-28 13:05:00,29.55,29.55,29.5,29.51,7024.0
2026-08-28,2026-08-28 13:10:00,29.505,29.505,29.485,29.49,6533.0
2026-08-28,2026-08-28 13:15:00,29.5,29.53,29.49,29.52,4398.0
2026-08-28,2026-08-28 13:20:00,29.5201,29.5201,29.442,29.49,9302.0
2026-08-28,2026-08-28 13:25:00,29.48,29.48,29.45,29.47,7311.0
2026-08-28,2026-08-28 13:30:00,29.45,29.46,29.45,29.46,4178.0
2026-08-28,2026-08-28 13:35:00,29.455,29.455,29.28,29.33,26531.0
2026-08-28,2026-08-28 13:40:00,29.32,29.35,29.2,29.25,17795.0
2026-08-28,2026-08-28 13:45:00,29.235,29.25,29.13,29.15,27206.0
2026-08-28,2026-08-28 13:50:00,29.18,29.2,29.15,29.18,18847.0
2026-08-28,2026-08-28 13:55:00,29.19,29.19,29.15,29.18,10995.0
2026-08-28,2026-08-28 14:00:00,29.17,29.26,29.16,29.21,23834.0
2026-08-28,2026-08-28 14:05:00,29.19,29.215,29.16,29.19,12703.0
2026-08-28,2026-08-28 14:10:00,29.17,29.21,29.15,29.21,18524.0
2026-08-28,2026-08-28 14:15:00,29.21,29.23,29.14,29.14,16218.0
2026-08-28,2026-08-28 14:20:00,29.14,29.165,29.1,29.16,28941.0
2026-08-28,2026-08-28 14:25:00,29.16,29.16,28.915,28.94,66009.0
2026-08-28,2026-08-28 14:30:00,28.93,29.09,28.9,29.06,34156.0
2026-08-28,2026-08-28 14:35:00,29.07,29.07,29.0,29.05,17588.0
2026-08-28,2026-08-28 14:40:00,29.04,29.04,28.91,28.935,12158.0
2026-08-28,2026-08-28 14:45:00,28.95,28.9632,28.91,28.935,16591.0
2026-08-28,2026-08-28 14:50:00,28.935,28.98,28.92,28.92,23230.0
2026-08-28,2026-08-28 14:55:00,28.94,28.97,28.88,28.89,26662.0
2026-08-28,2026-08-28 15:00:00,28.88,28.98,28.86,28.945,65630.0
2026-08-28,2026-08-28 15:05:00,28.945,28.955,28.88,28.88,18434.0
2026-08-28,2026-08-28 15:10:00,28.87,28.89,28.77,28.815,36031.0
2026-08-28,2026-08-28 15:15:00,28.815,28.915,28.7754,28.91,21950.0
2026-08-28,2026-08-28 15:20:00,28.9,28.94,28.86,28.9,14517.0
2026-08-28,2026-08-28 15:25:00,28.9,28.94,28.85,28.87,29065.0
2026-08-28,2026-08-28 15:30:00,28.88,28.89,28.76,28.765,76304.0
2026-08-28,2026-08-28 15:35:00,28.765,28.8,28.67,28.75,95186.0
2026-08-28,2026-08-28 15:40:00,28.76,28.81,28.74,28.755,21429.0
2026-08-28,2026-08-28 15:45:00,28.755,28.755,28.665,28.695,45457.0
2026-08-28,2026-08-28 15:50:00,28.708,28.708,28.625,28.67,34300.0
2026-08-28,2026-08-28 15:55:00,28.65,28.65,28.48,28.53,61719.0
2026-08-28,2026-08-28 16:00:00,28.51,28.57,28.435,28.5,486766.0
2026-08-31,2026-08-31 09:35:00,28.37,28.97,28.25,28.95,30020.0
2026-08-31,2026-08-31 09:40:00,28.95,28.96,28.71,28.73,14039.0
2026-08-31,2026-08-31 09:45:00,28.76,28.83,28.6186,28.72,26308.0
2026-08-31,2026-08-31 09:50:00,28.67,28.73,28.61,28.71,16604.0
2026-08-31,2026-08-31 09:55:00,28.76,28.76,28.63,28.76,14562.0
2026-08-31,2026-08-31 10:00:00,28.76,28.81,28.69,28.695,16947.0
2026-08-31,2026-08-31 10:05:00,28.73,28.9,28.705,28.82,19727.0
2026-08-31,2026-08-31 10:10:00,28.81,29.019,28.81,29.01,22163.0
2026-08-31,2026-08-31 10:15:00,29.0,29.1099,28.98,28.98,23788.0
2026-08-31,2026-08-31 10:20:00,28.985,29.11,28.95,29.105,22018.0
2026-08-31,2026-08-31 10:25:00,29.09,29.2303,29.06,29.17,17285.0
2026-08-31,2026-08-31 10:30:00,29.2,29.32,29.2,29.3,33121.0
2026-08-31,2026-08-31 10:35:00,29.37,29.4,29.25,29.25,23202.0
2026-08-31,2026-08-31 10:40:00,29.245,29.38,29.245,29.36,10548.0
2026-08-31,2026-08-31 10:45:00,29.34,29.39,29.3,29.305,23676.0
2026-08-31,2026-08-31 10:50:00,29.29,29.33,29.28,29.29,14734.0
2026-08-31,2026-08-31 10:55:00,29.265,29.36,29.265,29.32,15463.0
2026-08-31,2026-08-31 11:00:00,29.32,29.39,29.3075,29.32,14707.0
2026-08-31,2026-08-31 11:05:00,29.33,29.33,29.19,29.2,18272.0
2026-08-31,2026-08-31 11:10:00,29.19,29.285,29.185,29.23,28894.0
2026-08-31,2026-08-31 11:15:00,29.23,29.38,29.2,29.32,14875.0
2026-08-31,2026-08-31 11:20:00,29.3,29.305,29.16,29.195,10287.0
2026-08-31,2026-08-31 11:25:00,29.195,29.24,29.17,29.24,8013.0
2026-08-31,2026-08-31 11:30:00,29.23,29.23,29.14,29.15,29240.0
2026-08-31,2026-08-31 11:35:00,29.155,29.25,29.15,29.2,23633.0
2026-08-31,2026-08-31 11:40:00,29.21,29.252,29.17,29.18,8367.0
2026-08-31,2026-08-31 11:45:00,29.18,29.265,29.18,29.26,18066.0
2026-08-31,2026-08-31 11:50:00,29.25,29.285,29.24,29.285,15100.0
2026-08-31,2026-08-31 11:55:00,29.3,29.305,29.24,29.255,16520.0
2026-08-31,2026-08-31 12:00:00,29.255,29.275,29.21,29.22,11721.0
2026-08-31,2026-08-31 12:05:00,29.22,29.27,29.21,29.27,7566.0
2026-08-31,2026-08-31 12:10:00,29.27,29.27,29.22,29.24,9561.0
2026-08-31,2026-08-31 12:15:00,29.26,29.26,29.23,29.23,6988.0
2026-08-31,2026-08-31 12:20:00,29.245,29.26,29.23,29.23,12101.0
2026-08-31,2026-08-31 12:25:00,29.245,29.3,29.23,29.23,9445.0
2026-08-31,2026-08-31 12:30:00,29.23,29.26,29.23,29.24,7852.0
2026-08-31,2026-08-31 12:35:00,29.23,29.2465,29.215,29.24,12626.0
2026-08-31,2026-08-31 12:40:00,29.24,29.28,29.24,29.24,8488.0
2026-08-31,2026-08-31 12:45:00,29.24,29.28,29.22,29.265,6478.0
2026-08-31,2026-08-31 12:50:00,29.25,29.25,29.22,29.22,7448.0
2026-08-31,2026-08-31 12:55:00,29.21,29.24,29.18,29.205,15222.0
2026-08-31,2026-08-31 13:00:00,29.22,29.24,29.16,29.21,11028.0
2026-08-31,2026-08-31 13:05:00,29.19,29.23,29.17,29.18,11173.0
2026-08-31,2026-08-31 13:10:00,29.185,29.25,29.17,29.185,12747.0
2026-08-31,2026-08-31 13:15:00,29.16,29.18,29.12,29.12,11412.0
2026-08-31,2026-08-31 13:20:00,29.14,29.165,29.1,29.11,7992.0
2026-08-31,2026-08-31 13:25:00,29.09,29.1,29.04,29.05,8918.0
2026-08-31,2026-08-31 13:30:00,29.05,29.06,29.035,29.035,8605.0
2026-08-31,2026-08-31 13:35:00,29.03,29.115,29.02,29.09,10563.0
2026-08-31,2026-08-31 13:40:00,29.085,29.085,29.04,29.0498,7454.0
2026-08-31,2026-08-31 13:45:00,29.05,29.05,29.0,29.025,10350.0
2026-08-31,2026-08-31 13:50:00,29.02,29.05,29.01,29.01,16184.0
2026-08-31,2026-08-31 13:55:00,29.015,29.03,29.0,29.02,14679.0
2026-08-31,2026-08-31 14:00:00,29.02,29.02,28.97,28.9851,16927.0
2026-08-31,2026-08-31 14:05:00,28.97,29.0,28.96,28.98,14084.0
2026-08-31,2026-08-31 14:10:00,28.97,29.035,28.97,29.03,12312.0
2026-08-31,2026-08-31 14:15:00,29.03,29.035,28.935,28.935,19739.0
2026-08-31,2026-08-31 14:20:00,28.945,29.005,28.945,28.96,12103.0
2026-08-31,2026-08-31 14:25:00,28.96,28.96,28.89,28.89,10486.0
2026-08-31,2026-08-31 14:30:00,28.88,28.88,28.85,28.865,7471.0
2026-08-31,2026-08-31 14:35:00,28.86,28.87,28.83,28.83,10478.0
2026-08-31,2026-08-31 14:40:00,28.83,28.83,28.78,28.795,9622.0
2026-08-31,2026-08-31 14:45:00,28.795,28.81,28.78,28.805,9116.0
2026-08-31,2026-08-31 14:50:00,28.82,28.84,28.8,28.83,10324.0
2026-08-31,2026-08-31 14:55:00,28.83,28.87,28.83,28.87,11587.0
2026-08-31,2026-08-31 15:00:00,28.87,28.89,28.82,28.875,29422.0
2026-08-31,2026-08-31 15:05:00,28.86,28.92,28.86,28.9,15883.0
2026-08-31,2026-08-31 15:10:00,28.9,28.91,28.88,28.9,15863.0
2026-08-31,2026-08-31 15:15:00,28.91,28.98,28.91,28.945,20387.0
2026-08-31,2026-08-31 15:20:00,28.9438,29.035,28.915,29.035,35273.0
2026-08-31,2026-08-31 15:25:00,29.02,29.05,29.0,29.05,29964.0
2026-08-31,2026-08-31 15:30:00,29.03,29.0799,29.03,29.06,17637.0
2026-08-31,2026-08-31 15:35:00,29.07,29.145,29.05,29.145,45998.0
2026-08-31,2026-08-31 15:40:00,29.13,29.13,29.085,29.09,29072.0
2026-08-31,2026-08-31 15:45:00,29.08,29.115,29.05,29.06,32596.0
2026-08-31,2026-08-31 15:50:00,29.06,29.09,29.05,29.085,25165.0
2026-08-31,2026-08-31 15:55:00,29.1,29.23,28.96,28.99,103527.0
2026-08-31,2026-08-31 16:00:00,28.98,29.08,28.98,29.06,1823085.0
2026-09-01,2026-09-01 09:35:00,28.54,28.626,28.2701,28.425,60924.0
2026-09-01,2026-09-01 09:40:00,28.425,28.48,28.162,28.365,29334.0
2026-09-01,2026-09-01 09:45:00,28.33,28.515,28.33,28.455,12597.0
2026-09-01,2026-09-01 09:50:00,28.44,28.46,28.16,28.1661,22362.0
2026-09-01,2026-09-01 09:55:00,28.185,28.215,27.87,27.87,54969.0
2026-09-01,2026-09-01 10:00:00,27.92,27.995,27.89,27.95,16919.0
2026-09-01,2026-09-01 10:05:00,27.95,28.24,27.91,28.22,16279.0
2026-09-01,2026-09-01 10:10:00,28.21,28.31,28.18,28.3,19677.0
2026-09-01,2026-09-01 10:15:00,28.295,28.3,28.19,28.2596,16140.0
2026-09-01,2026-09-01 10:20:00,28.27,28.28,28.1,28.16,9902.0
2026-09-01,2026-09-01 10:25:00,28.15,28.195,28.15,28.19,5297.0
2026-09-01,2026-09-01 10:30:00,28.175,28.28,28.175,28.24,5934.0
2026-09-01,2026-09-01 10:35:00,28.24,28.34,28.21,28.29,24854.0
2026-09-01,2026-09-01 10:40:00,28.3,28.3,28.19,28.29,9080.0
2026-09-01,2026-09-01 10:45:00,28.23,28.415,28.2,28.415,38396.0
2026-09-01,2026-09-01 10:50:00,28.44,28.71,28.43,28.67,27098.0
2026-09-01,2026-09-01 10:55:00,28.66,28.66,28.56,28.655,25148.0
2026-09-01,2026-09-01 11:00:00,28.665,28.68,28.55,28.56,8147.0
2026-09-01,2026-09-01 11:05:00,28.56,28.57,28.4,28.4,12295.0
2026-09-01,2026-09-01 11:10:00,28.37,28.41,28.31,28.33,31132.0
2026-09-01,2026-09-01 11:15:00,28.31,28.37,28.29,28.3,8999.0
2026-09-01,2026-09-01 11:20:00,28.34,28.34,28.25,28.305,19760.0
2026-09-01,2026-09-01 11:25:00,28.3,28.305,28.19,28.19,11273.0
2026-09-01,2026-09-01 11:30:00,28.19,28.22,28.17,28.195,6926.0
2026-09-01,2026-09-01 11:35:00,28.21,28.3,28.2,28.2006,32542.0
2026-09-01,2026-09-01 11:40:00,28.2,28.21,28.1305,28.2,11397.0
2026-09-01,2026-09-01 11:45:00,28.175,28.19,28.11,28.19,11465.0
2026-09-01,2026-09-01 11:50:00,28.195,28.195,28.12,28.15,9644.0
2026-09-01,2026-09-01 11:55:00,28.15,28.16,28.07,28.08,6108.0
2026-09-01,2026-09-01 12:00:00,28.09,28.11,28.05,28.05,10845.0
2026-09-01,2026-09-01 12:05:00,28.03,28.03,27.895,27.97,15000.0
2026-09-01,2026-09-01 12:10:00,27.97,27.98,27.94,27.96,15372.0
2026-09-01,2026-09-01 12:15:00,27.95,27.95,27.83,27.86,10543.0
2026-09-01,2026-09-01 12:20:00,27.84,27.92,27.82,27.85,9945.0
2026-09-01,2026-09-01 12:25:00,27.86,27.865,27.72,27.72,46598.0
2026-09-01,2026-09-01 12:30:00,27.72,27.76,27.68,27.75,17369.0
2026-09-01,2026-09-01 12:35:00,27.76,27.77,27.66,27.69,47958.0
2026-09-01,2026-09-01 12:40:00,27.69,27.71,27.54,27.63,47802.0
2026-09-01,2026-09-01 12:45:00,27.62,27.64,27.5816,27.6,11779.0
2026-09-01,2026-09-01 12:50:00,27.6093,27.615,27.58,27.615,9024.0
2026-09-01,2026-09-01 12:55:00,27.62,27.645,27.615,27.64,10562.0
2026-09-01,2026-09-01 13:00:00,27.64,27.71,27.64,27.65,12761.0
2026-09-01,2026-09-01 13:05:00,27.64,27.65,27.61,27.64,10472.0
2026-09-01,2026-09-01 13:10:00,27.635,27.645,27.6,27.64,13980.0
2026-09-01,2026-09-01 13:15:00,27.65,27.69,27.65,27.67,5984.0
2026-09-01,2026-09-01 13:20:00,27.66,27.66,27.6,27.64,9691.0
2026-09-01,2026-09-01 13:25:00,27.62,27.65,27.61,27.62,5890.0
2026-09-01,2026-09-01 13:30:00,27.62,27.67,27.56,27.56,10995.0
2026-09-01,2026-09-01 13:35:00,27.565,27.61,27.55,27.61,10299.0
2026-09-01,2026-09-01 13:40:00,27.61,27.61,27.52,27.525,6265.0
2026-09-01,2026-09-01 13:45:00,27.51,27.56,27.5002,27.56,7955.0
2026-09-01,2026-09-01 13:50:00,27.56,27.57,27.52,27.55,26749.0
2026-09-01,2026-09-01 13:55:00,27.54,27.54,27.44,27.5,13689.0
2026-09-01,2026-09-01 14:00:00,27.49,27.53,27.36,27.5298,31323.0
2026-09-01,2026-09-01 14:05:00,27.54,27.55,27.5,27.505,9551.0
2026-09-01,2026-09-01 14:10:00,27.5,27.55,27.49,27.53,11896.0
2026-09-01,2026-09-01 14:15:00,27.5138,27.545,27.4901,27.52,8213.0
2026-09-01,2026-09-01 14:20:00,27.53,27.53,27.5,27.52,11061.0
2026-09-01,2026-09-01 14:25:00,27.51,27.52,27.47,27.48,8850.0
2026-09-01,2026-09-01 14:30:00,27.48,27.51,27.47,27.47,9044.0
2026-09-01,2026-09-01 14:35:00,27.47,27.63,27.46,27.47,78005.0
2026-09-01,2026-09-01 14:40:00,27.4675,27.57,27.465,27.565,24132.0
2026-09-01,2026-09-01 14:45:00,27.565,27.565,27.44,27.455,34290.0
2026-09-01,2026-09-01 14:50:00,27.44,27.44,27.25,27.34,21436.0
2026-09-01,2026-09-01 14:55:00,27.34,27.48,27.34,27.44,9502.0
2026-09-01,2026-09-01 15:00:00,27.44,27.48,27.42,27.48,9099.0
2026-09-01,2026-09-01 15:05:00,27.47,27.475,27.38,27.38,28037.0
2026-09-01,2026-09-01 15:10:00,27.38,27.39,27.33,27.39,34160.0
2026-09-01,2026-09-01 15:15:00,27.39,27.44,27.39,27.44,15465.0
2026-09-01,2026-09-01 15:20:00,27.44,27.4525,27.43,27.44,13283.0
2026-09-01,2026-09-01 15:25:00,27.445,27.445,27.39,27.4,18742.0
2026-09-01,2026-09-01 15:30:00,27.395,27.4,27.35,27.365,21510.0
2026-09-01,2026-09-01 15:35:00,27.36,27.38,27.33,27.37,38513.0
2026-09-01,2026-09-01 15:40:00,27.37,27.39,27.36,27.375,20007.0
2026-09-01,2026-09-01 15:45:00,27.375,27.39,27.325,27.325,28402.0
2026-09-01,2026-09-01 15:50:00,27.33,27.44,27.33,27.43,47627.0
2026-09-01,2026-09-01 15:55:00,27.42,27.43,27.32,27.395,69379.0
2026-09-01,2026-09-01 16:00:00,27.4,27.4,27.23,27.31,479456.0
2026-09-02,2026-09-02 09:35:00,27.59,27.9799,27.55,27.65,24977.0
2026-09-02,2026-09-02 09:40:00,27.56,27.581,27.0279,27.121,11520.0
2026-09-02,2026-09-02 09:45:00,27.09,27.09,26.75,26.865,24943.0
2026-09-02,2026-09-02 09:50:00,26.87,26.901,26.755,26.9,9199.0
2026-09-02,2026-09-02 09:55:00,26.91,26.9765,26.77,26.77,79714.0
2026-09-02,2026-09-02 10:00:00,26.87,26.8715,26.7,26.73,38383.0
2026-09-02,2026-09-02 10:05:00,26.78,26.8,26.57,26.63,81640.0
2026-09-02,2026-09-02 10:10:00,26.64,26.74,26.4,26.425,169030.0
2026-09-02,2026-09-02 10:15:00,26.415,26.525,26.23,26.31,34511.0
2026-09-02,2026-09-02 10:20:00,26.3,26.525,26.26,26.41,56813.0
2026-09-02,2026-09-02 10:25:00,26.415,26.59,26.415,26.56,56872.0
2026-09-02,2026-09-02 10:30:00,26.6,26.665,26.56,26.625,43877.0
2026-09-02,2026-09-02 10:35:00,26.6,26.685,26.52,26.63,20141.0
2026-09-02,2026-09-02 10:40:00,26.62,26.71,26.6,26.67,21359.0
2026-09-02,2026-09-02 10:45:00,26.64,26.66,26.57,26.63,10554.0
2026-09-02,2026-09-02 10:50:00,26.63,26.78,26.63,26.7,31795.0
2026-09-02,2026-09-02 10:55:00,26.7383,26.7383,26.655,26.66,7889.0
2026-09-02,2026-09-02 11:00:00,26.68,26.695,26.55,26.55,11761.0
2026-09-02,2026-09-02 11:05:00,26.56,26.58,26.46,26.48,11144.0
2026-09-02,2026-09-02 11:10:00,26.48,26.58,26.48,26.57,18745.0
2026-09-02,2026-09-02 11:15:00,26.57,26.64,26.52,26.575,24814.0
2026-09-02,2026-09-02 11:20:00,26.58,26.677,26.58,26.677,11652.0
2026-09-02,2026-09-02 11:25:00,26.67,26.76,26.54,26.6,28807.0
2026-09-02,2026-09-02 11:30:00,26.6,26.62,26.555,26.58,14793.0
2026-09-02,2026-09-02 11:35:00,26.57,26.59,26.5524,26.59,8898.0
2026-09-02,2026-09-02 11:40:00,26.58,26.63,26.57,26.63,81101.0
2026-09-02,2026-09-02 11:45:00,26.63,26.64,26.61,26.625,9382.0
2026-09-02,2026-09-02 11:50:00,26.62,26.63,26.43,26.505,46642.0
2026-09-02,2026-09-02 11:55:00,26.515,26.56,26.515,26.52,13526.0
2026-09-02,2026-09-02 12:00:00,26.525,26.6,26.515,26.58,12631.0
2026-09-02,2026-09-02 12:05:00,26.6,26.61,26.57,26.61,11000.0
2026-09-02,2026-09-02 12:10:00,26.6,26.7,26.57,26.69,17409.0
2026-09-02,2026-09-02 12:15:00,26.68,26.72,26.572,26.58,16966.0
2026-09-02,2026-09-02 12:20:00,26.57,26.6,26.54,26.545,24273.0
2026-09-02,2026-09-02 12:25:00,26.5532,26.61,26.5532,26.6,8213.0
2026-09-02,2026-09-02 12:30:00,26.6,26.62,26.57,26.57,6285.0
2026-09-02,2026-09-02 12:35:00,26.57,26.57,26.445,26.45,14579.0
2026-09-02,2026-09-02 12:40:00,26.445,26.52,26.43,26.51,12800.0
2026-09-02,2026-09-02 12:45:00,26.5,26.5,26.47,26.47,8304.0
2026-09-02,2026-09-02 12:50:00,26.49,26.51,26.47,26.49,9372.0
2026-09-02,2026-09-02 12:55:00,26.48,26.48,26.41,26.435,18301.0
2026-09-02,2026-09-02 13:00:00,26.42,26.42,26.34,26.35,12086.0
2026-09-02,2026-09-02 13:05:00,26.36,26.41,26.36,26.395,8193.0
2026-09-02,2026-09-02 13:10:00,26.395,26.435,26.395,26.41,9313.0
2026-09-02,2026-09-02 13:15:00,26.4,26.46,26.39,26.45,30129.0
2026-09-02,2026-09-02 13:20:00,26.47,26.48,26.43,26.43,12795.0
2026-09-02,2026-09-02 13:25:00,26.425,26.47,26.425,26.47,11576.0
2026-09-02,2026-09-02 13:30:00,26.46,26.47,26.38,26.46,27495.0
2026-09-02,2026-09-02 13:35:00,26.46,26.53,26.46,26.53,22872.0
2026-09-02,2026-09-02 13:40:00,26.51,26.56,26.5,26.51,14990.0
2026-09-02,2026-09-02 13:45:00,26.53,26.575,26.53,26.575,10072.0
2026-09-02,2026-09-02 13:50:00,26.57,26.625,26.56,26.61,18231.0
2026-09-02,2026-09-02 13:55:00,26.61,26.66,26.6,26.63,23069.0
2026-09-02,2026-09-02 14:00:00,26.63,26.635,26.58,26.62,32497.0
2026-09-02,2026-09-02 14:05:00,26.625,26.64,26.59,26.635,16383.0
2026-09-02,2026-09-02 14:10:00,26.63,26.73,26.63,26.7,9645.0
2026-09-02,2026-09-02 14:15:00,26.7,26.73,26.68,26.73,7527.0
2026-09-02,2026-09-02 14:20:00,26.73,26.76,26.72,26.75,15351.0
2026-09-02,2026-09-02 14:25:00,26.75,26.75,26.64,26.65,24837.0
2026-09-02,2026-09-02 14:30:00,26.665,26.665,26.63,26.635,12055.0
2026-09-02,2026-09-02 14:35:00,26.635,26.645,26.62,26.64,10491.0
2026-09-02,2026-09-02 14:40:00,26.64,26.65,26.62,26.63,12116.0
2026-09-02,2026-09-02 14:45:00,26.63,26.655,26.62,26.64,17052.0
2026-09-02,2026-09-02 14:50:00,26.645,26.665,26.61,26.665,15427.0
2026-09-02,2026-09-02 14:55:00,26.67,26.675,26.625,26.65,16226.0
2026-09-02,2026-09-02 15:00:00,26.64,26.65,26.625,26.64,9818.0
2026-09-02,2026-09-02 15:05:00,26.64,26.79,26.64,26.79,32309.0
2026-09-02,2026-09-02 15:10:00,26.78,26.845,26.76,26.765,22660.0
2026-09-02,2026-09-02 15:15:00,26.78,26.8,26.73,26.74,28059.0
2026-09-02,2026-09-02 15:20:00,26.74,26.775,26.74,26.76,19666.0
2026-09-02,2026-09-02 15:25:00,26.76,26.765,26.7361,26.76,20189.0
2026-09-02,2026-09-02 15:30:00,26.77,26.78,26.75,26.765,21890.0
2026-09-02,2026-09-02 15:35:00,26.775,26.92,26.75,26.915,28804.0
2026-09-02,2026-09-02 15:40:00,26.915,26.93,26.84,26.85,31043.0
2026-09-02,2026-09-02 15:45:00,26.87,26.945,26.86,26.94,27363.0
2026-09-02,2026-09-02 15:50:00,26.93,27.07,26.93,27.06,42895.0
2026-09-02,2026-09-02 15:55:00,27.07,27.07,26.96,26.96,77528.0
2026-09-02,2026-09-02 16:00:00,26.95,26.99,26.85,26.9,455812.0
2026-09-03,2026-09-03 09:35:00,27.64,27.64,27.1,27.39,24224.0
2026-09-03,2026-09-03 09:40:00,27.42,27.49,27.33,27.33,8785.0
2026-09-03,2026-09-03 09:45:00,27.38,27.48,27.3,27.42,20359.0
2026-09-03,2026-09-03 09:50:00,27.45,27.4999,27.26,27.29,10893.0
2026-09-03,2026-09-03 09:55:00,27.27,27.295,27.125,27.1625,15605.0
2026-09-03,2026-09-03 10:00:00,27.15,27.275,27.13,27.275,19769.0
2026-09-03,2026-09-03 10:05:00,27.2,27.47,27.2,27.47,29524.0
2026-09-03,2026-09-03 10:10:00,27.47,27.47,27.3701,27.3701,10674.0
2026-09-03,2026-09-03 10:15:00,27.37,27.495,27.3,27.495,13967.0
2026-09-03,2026-09-03 10:20:00,27.535,27.54,27.4604,27.48,7642.0
2026-09-03,2026-09-03 10:25:00,27.48,27.52,27.48,27.51,4827.0
2026-09-03,2026-09-03 10:30:00,27.52,27.57,27.48,27.56,12758.0
2026-09-03,2026-09-03 10:35:00,27.56,27.59,27.38,27.405,13026.0
2026-09-03,2026-09-03 10:40:00,27.43,27.43,27.185,27.185,9777.0
2026-09-03,2026-09-03 10:45:00,27.17,27.18,27.11,27.11,14785.0
2026-09-03,2026-09-03 10:50:00,27.11,27.19,27.09,27.19,9340.0
2026-09-03,2026-09-03 10:55:00,27.2,27.2,27.02,27.025,10906.0
2026-09-03,2026-09-03 11:00:00,27.025,27.05,26.98,27.025,16046.0
2026-09-03,2026-09-03 11:05:00,27.05,27.17,27.03,27.15,7883.0
2026-09-03,2026-09-03 11:10:00,27.17,27.26,27.17,27.24,4692.0
2026-09-03,2026-09-03 11:15:00,27.245,27.305,27.22,27.255,7425.0
2026-09-03,2026-09-03 11:20:00,27.23,27.26,27.18,27.23,13645.0
2026-09-03,2026-09-03 11:25:00,27.225,27.27,27.12,27.27,12779.0
2026-09-03,2026-09-03 11:30:00,27.29,27.56,27.28,27.48,19655.0
2026-09-03,2026-09-03 11:35:00,27.49,27.495,27.37,27.37,11623.0
2026-09-03,2026-09-03 11:40:00,27.39,27.41,27.34,27.35,42302.0
2026-09-03,2026-09-03 11:45:00,27.35,27.395,27.35,27.395,4616.0
2026-09-03,2026-09-03 11:50:00,27.42,27.43,27.41,27.43,7537.0
2026-09-03,2026-09-03 11:55:00,27.44,27.47,27.42,27.465,9706.0
2026-09-03,2026-09-03 12:00:00,27.465,27.57,27.465,27.56,5897.0
2026-09-03,2026-09-03 12:05:00,27.58,27.68,27.58,27.64,13649.0
2026-09-03,2026-09-03 12:10:00,27.64,27.65,27.59,27.61,22456.0
2026-09-03,2026-09-03 12:15:00,27.61,27.69,27.61,27.675,5869.0
2026-09-03,2026-09-03 12:20:00,27.69,27.81,27.68,27.68,37845.0
2026-09-03,2026-09-03 12:25:00,27.65,27.7,27.62,27.675,7532.0
2026-09-03,2026-09-03 12:30:00,27.675,27.725,27.67,27.725,6481.0
2026-09-03,2026-09-03 12:35:00,27.72,27.74,27.65,27.66,12920.0
2026-09-03,2026-09-03 12:40:00,27.66,27.6699,27.58,27.59,16951.0
2026-09-03,2026-09-03 12:45:00,27.6,27.77,27.6,27.7,16608.0
2026-09-03,2026-09-03 12:50:00,27.7,27.7,27.63,27.69,22185.0
2026-09-03,2026-09-03 12:55:00,27.67,27.68,27.65,27.67,9375.0
2026-09-03,2026-09-03 13:00:00,27.65,27.68,27.645,27.68,6382.0
2026-09-03,2026-09-03 13:05:00,27.68,27.68,27.6,27.6,12541.0
2026-09-03,2026-09-03 13:10:00,27.605,27.625,27.605,27.62,10703.0
2026-09-03,2026-09-03 13:15:00,27.615,27.65,27.56,27.64,32554.0
2026-09-03,2026-09-03 13:20:00,27.64,27.67,27.64,27.64,6747.0
2026-09-03,2026-09-03 13:25:00,27.64,27.65,27.64,27.645,4583.0
2026-09-03,2026-09-03 13:30:00,27.63,27.73,27.63,27.72,20838.0
2026-09-03,2026-09-03 13:35:00,27.735,27.82,27.735,27.82,17329.0
2026-09-03,2026-09-03 13:40:00,27.815,27.865,27.815,27.865,6625.0
2026-09-03,2026-09-03 13:45:00,27.87,27.905,27.84,27.88,21054.0
2026-09-03,2026-09-03 13:50:00,27.879,27.879,27.86,27.86,5080.0
2026-09-03,2026-09-03 13:55:00,27.86,27.88,27.86,27.875,5193.0
2026-09-03,2026-09-03 14:00:00,27.88,27.94,27.88,27.94,13431.0
2026-09-03,2026-09-03 14:05:00,27.9497,27.98,27.945,27.95,7613.0
2026-09-03,2026-09-03 14:10:00,27.95,27.97,27.865,27.88,25042.0
2026-09-03,2026-09-03 14:15:00,27.88,27.9,27.87,27.87,6916.0
2026-09-03,2026-09-03 14:20:00,27.88,27.9,27.81,27.875,31172.0
2026-09-03,2026-09-03 14:25:00,27.875,27.89,27.85,27.85,6354.0
2026-09-03,2026-09-03 14:30:00,27.85,27.875,27.83,27.855,8183.0
2026-09-03,2026-09-03 14:35:00,27.845,27.88,27.845,27.865,5953.0
2026-09-03,2026-09-03 14:40:00,27.865,27.94,27.86,27.94,14085.0
2026-09-03,2026-09-03 14:45:00,27.92,27.92,27.895,27.895,13711.0
2026-09-03,2026-09-03 14:50:00,27.895,27.905,27.84,27.84,14304.0
2026-09-03,2026-09-03 14:55:00,27.84,27.87,27.84,27.85,12837.0
2026-09-03,2026-09-03 15:00:00,27.85,27.85,27.78,27.83,25626.0
2026-09-03,2026-09-03 15:05:00,27.82,27.84,27.81,27.83,14020.0
2026-09-03,2026-09-03 15:10:00,27.83,27.83,27.735,27.735,51382.0
2026-09-03,2026-09-03 15:15:00,27.735,27.765,27.715,27.755,24335.0
2026-09-03,2026-09-03 15:20:00,27.755,27.77,27.71,27.765,27216.0
2026-09-03,2026-09-03 15:25:00,27.77,27.77,27.67,27.6997,20242.0
2026-09-03,2026-09-03 15:30:00,27.68,27.72,27.68,27.695,13380.0
2026-09-03,2026-09-03 15:35:00,27.695,27.73,27.68,27.73,18892.0
2026-09-03,2026-09-03 15:40:00,27.73,27.755,27.725,27.73,17131.0
2026-09-03,2026-09-03 15:45:00,27.73,27.73,27.585,27.59,24974.0
2026-09-03,2026-09-03 15:50:00,27.6,27.66,27.6,27.66,29854.0
2026-09-03,2026-09-03 15:55:00,27.66,27.77,27.65,27.75,52457.0
2026-09-03,2026-09-03 16:00:00,27.75,27.75,27.59,27.71,703923.0
2026-09-04,2026-09-04 09:35:00,27.92,27.92,27.365,27.365,29624.0
2026-09-04,2026-09-04 09:40:00,27.29,27.525,27.24,27.309,6694.0
2026-09-04,2026-09-04 09:45:00,27.45,27.7,27.311,27.7,13431.0
2026-09-04,2026-09-04 09:50:00,27.64,27.7,27.435861,27.51,14009.0
2026-09-04,2026-09-04 09:55:00,27.495,27.54,27.385,27.455,5528.0
2026-09-04,2026-09-04 10:00:00,27.436,27.55,27.41,27.525,11911.0
2026-09-04,2026-09-04 10:05:00,27.525,27.64,27.4101,27.64,5522.0
2026-09-04,2026-09-04 10:10:00,27.665,27.67,27.52,27.52,6336.0
2026-09-04,2026-09-04 10:15:00,27.49,27.56,27.49,27.55,6283.0
2026-09-04,2026-09-04 10:20:00,27.57,27.68,27.57,27.67,11392.0
2026-09-04,2026-09-04 10:25:00,27.6532,27.845,27.6162,27.84,16907.0
2026-09-04,2026-09-04 10:30:00,27.8262,27.881,27.76,27.865,43668.0
2026-09-04,2026-09-04 10:35:00,27.865,27.9,27.75,27.836,46204.0
2026-09-04,2026-09-04 10:40:00,27.84,27.945,27.84,27.945,9230.0
2026-09-04,2026-09-04 10:45:00,27.95,27.95,27.81,27.83,12977.0
2026-09-04,2026-09-04 10:50:00,27.83,27.83,27.755,27.81,10851.0
2026-09-04,2026-09-04 10:55:00,27.82,27.82,27.76,27.765,4507.0
2026-09-04,2026-09-04 11:00:00,27.7738,27.79,27.75,27.78,13578.0
2026-09-04,2026-09-04 11:05:00,27.79,27.85,27.79,27.84,28006.0
2026-09-04,2026-09-04 11:10:00,27.85,27.85,27.77,27.79,6852.0
2026-09-04,2026-09-04 11:15:00,27.79,27.79,27.725,27.77,11453.0
2026-09-04,2026-09-04 11:20:00,27.77,27.805,27.76,27.76,7785.0
2026-09-04,2026-09-04 11:25:00,27.76,27.78,27.73,27.74,8825.0
2026-09-04,2026-09-04 11:30:00,27.74,27.75,27.7045,27.715,12531.0
2026-09-04,2026-09-04 11:35:00,27.71,27.71,27.67,27.7,14530.0
2026-09-04,2026-09-04 11:40:00,27.69,27.74,27.69,27.7216,10841.0
2026-09-04,2026-09-04 11:45:00,27.72,27.8,27.72,27.8,10135.0
2026-09-04,2026-09-04 11:50:00,27.8,27.8,27.76,27.79,8661.0
2026-09-04,2026-09-04 11:55:00,27.8,27.8,27.76,27.77,10390.0
2026-09-04,2026-09-04 12:00:00,27.75,27.765,27.705251,27.75,14164.0
2026-09-04,2026-09-04 12:05:00,27.75,27.76,27.75,27.75,4409.0
2026-09-04,2026-09-04 12:10:00,27.76,27.79,27.76,27.78,6809.0
2026-09-04,2026-09-04 12:15:00,27.79,27.81,27.785,27.81,4265.0
2026-09-04,2026-09-04 12:20:00,27.82,27.82,27.76,27.77,9309.0
2026-09-04,2026-09-04 12:25:00,27.79,27.81,27.78,27.79,12186.0
2026-09-04,2026-09-04 12:30:00,27.79,27.855,27.75,27.83,22903.0
2026-09-04,2026-09-04 12:35:00,27.85,27.8699,27.845,27.8499,9040.0
2026-09-04,2026-09-04 12:40:00,27.85,27.8799,27.8401,27.85,8848.0
2026-09-04,2026-09-04 12:45:00,27.845,27.96,27.845,27.935,14259.0
2026-09-04,2026-09-04 12:50:00,27.925,27.925,27.86,27.86,8897.0
2026-09-04,2026-09-04 12:55:00,27.85,27.865,27.84,27.86,6104.0
2026-09-04,2026-09-04 13:00:00,27.85,27.86,27.845,27.845,3776.0
2026-09-04,2026-09-04 13:05:00,27.84,27.845,27.81,27.81,6191.0
2026-09-04,2026-09-04 13:10:00,27.81,27.835,27.8,27.835,4933.0
2026-09-04,2026-09-04 13:15:00,27.83,27.895,27.83,27.875,11993.0
2026-09-04,2026-09-04 13:20:00,27.89,27.9076,27.89,27.9,5714.0
2026-09-04,2026-09-04 13:25:00,27.9,27.9,27.8916,27.9,9468.0
2026-09-04,2026-09-04 13:30:00,27.89,27.91,27.89,27.9,5531.0
2026-09-04,2026-09-04 13:35:00,27.8901,27.93,27.8901,27.915,13938.0
2026-09-04,2026-09-04 13:40:00,27.915,27.92,27.87,27.87,4112.0
2026-09-04,2026-09-04 13:45:00,27.88,27.905,27.88,27.895,8342.0
2026-09-04,2026-09-04 13:50:00,27.89,27.89,27.87,27.87,5613.0
2026-09-04,2026-09-04 13:55:00,27.87,27.88,27.87,27.88,4308.0
2026-09-04,2026-09-04 14:00:00,27.88,28.02,27.88,28.005,23675.0
2026-09-04,2026-09-04 14:05:00,28.005,28.0163,27.98,27.98,8962.0
2026-09-04,2026-09-04 14:10:00,27.975,28.04,27.975,28.04,9754.0
2026-09-04,2026-09-04 14:15:00,28.045,28.045,28.02,28.023,13420.0
2026-09-04,2026-09-04 14:20:00,28.03,28.03,28.005,28.01,13095.0
2026-09-04,2026-09-04 14:25:00,28.01,28.01,27.99,28.01,11107.0
2026-09-04,2026-09-04 14:30:00,28.01,28.01,27.93,27.93,15273.0
2026-09-04,2026-09-04 14:35:00,27.9335,27.94,27.88,27.88,11423.0
2026-09-04,2026-09-04 14:40:00,27.87,27.88,27.84,27.855,9813.0
2026-09-04,2026-09-04 14:45:00,27.87,27.89,27.86,27.89,6291.0
2026-09-04,2026-09-04 14:50:00,27.89,27.91,27.885,27.885,10873.0
2026-09-04,2026-09-04 14:55:00,27.885,27.885,27.85,27.88,10802.0
2026-09-04,2026-09-04 15:00:00,27.88,27.89,27.82,27.82,13601.0
2026-09-04,2026-09-04 15:05:00,27.82,27.84,27.82,27.84,10174.0
2026-09-04,2026-09-04 15:10:00,27.85,27.85,27.83,27.835,12773.0
2026-09-04,2026-09-04 15:15:00,27.84,27.885,27.84,27.885,10725.0
2026-09-04,2026-09-04 15:20:00,27.89,27.9,27.88,27.88,18550.0
2026-09-04,2026-09-04 15:25:00,27.88,27.91,27.88,27.91,10028.0
2026-09-04,2026-09-04 15:30:00,27.91,27.94,27.9,27.935,16189.0
2026-09-04,2026-09-04 15:35:00,27.94,27.97,27.93,27.97,17910.0
2026-09-04,2026-09-04 15:40:00,27.965,27.965,27.87,27.87,21582.0
2026-09-04,2026-09-04 15:45:00,27.87,27.875,27.84,27.875,25041.0
2026-09-04,2026-09-04 15:50:00,27.88,27.89,27.78,27.835,53256.0
2026-09-04,2026-09-04 15:55:00,27.85,27.895,27.79,27.84,75450.0
2026-09-04,2026-09-04 16:00:00,27.86,27.88,27.76,27.78,397496.0
2026-09-08,2026-09-08 09:35:00,28.0,28.2,27.4,27.505,101832.0
2026-09-08,2026-09-08 09:40:00,27.53,27.6394,27.26,27.445,43012.0
2026-09-08,2026-09-08 09:45:00,27.44,27.53,27.31,27.36,20733.0
2026-09-08,2026-09-08 09:50:00,27.315,27.76,27.315,27.585,80724.0
2026-09-08,2026-09-08 09:55:00,27.55,27.55,27.09,27.24,38791.0
2026-09-08,2026-09-08 10:00:00,27.24,27.286,27.16,27.27,36213.0
2026-09-08,2026-09-08 10:05:00,27.27,27.31,26.63,26.75,74813.0
2026-09-08,2026-09-08 10:10:00,26.795,26.865,26.5361,26.555,109334.0
2026-09-08,2026-09-08 10:15:00,26.555,26.72,26.555,26.62,36157.0
2026-09-08,2026-09-08 10:20:00,26.64,26.68,26.56,26.68,57667.0
2026-09-08,2026-09-08 10:25:00,26.685,26.71,26.59,26.67,44236.0
2026-09-08,2026-09-08 10:30:00,26.67,26.72,26.62,26.66,42425.0
2026-09-08,2026-09-08 10:35:00,26.66,26.69,26.6001,26.675,37326.0
2026-09-08,2026-09-08 10:40:00,26.67,26.675,26.57,26.605,33643.0
2026-09-08,2026-09-08 10:45:00,26.6,26.6,26.425,26.49,51005.0
2026-09-08,2026-09-08 10:50:00,26.5,26.52,26.46,26.52,33359.0
2026-09-08,2026-09-08 10:55:00,26.52,26.591,26.51,26.55,32479.0
2026-09-08,2026-09-08 11:00:00,26.55,26.56,26.414,26.45,38619.0
2026-09-08,2026-09-08 11:05:00,26.46,26.6,26.42,26.59,53944.0
2026-09-08,2026-09-08 11:10:00,26.585,26.65,26.585,26.63,26491.0
2026-09-08,2026-09-08 11:15:00,26.642,26.7,26.58,26.69,29059.0
2026-09-08,2026-09-08 11:20:00,26.691,26.691,26.61,26.61,36458.0
2026-09-08,2026-09-08 11:25:00,26.59,26.59,26.48,26.58,22689.0
2026-09-08,2026-09-08 11:30:00,26.58,26.62,26.565,26.615,32978.0
2026-09-08,2026-09-08 11:35:00,26.62,26.65,26.6,26.62,20368.0
2026-09-08,2026-09-08 11:40:00,26.61,26.62,26.6,26.61,14667.0
2026-09-08,2026-09-08 11:45:00,26.61,26.645,26.605,26.645,20186.0
2026-09-08,2026-09-08 11:50:00,26.645,26.66,26.61,26.61,40526.0
2026-09-08,2026-09-08 11:55:00,26.6,26.6,26.56,26.58,20094.0
2026-09-08,2026-09-08 12:00:00,26.575,26.64,26.575,26.635,15540.0
2026-09-08,2026-09-08 12:05:00,26.64,26.705,26.63,26.68,35532.0
2026-09-08,2026-09-08 12:10:00,26.68,26.68,26.6,26.6,20770.0
2026-09-08,2026-09-08 12:15:00,26.61,26.615,26.57,26.57,27292.0
2026-09-08,2026-09-08 12:20:00,26.575,26.575,26.425,26.47,56010.0
2026-09-08,2026-09-08 12:25:00,26.47,26.48,26.325,26.39,69536.0
2026-09-08,2026-09-08 12:30:00,26.39,26.425,26.33,26.39,29012.0
2026-09-08,2026-09-08 12:35:00,26.4,26.525,26.4,26.46,30436.0
2026-09-08,2026-09-08 12:40:00,26.47,26.5,26.4,26.4,26560.0
2026-09-08,2026-09-08 12:45:00,26.39,26.465,26.35,26.465,29543.0
2026-09-08,2026-09-08 12:50:00,26.46,26.5,26.44,26.4991,36503.0
2026-09-08,2026-09-08 12:55:00,26.5,26.58,26.49,26.56,20801.0
2026-09-08,2026-09-08 13:00:00,26.57,26.58,26.48,26.48,22696.0
2026-09-08,2026-09-08 13:05:00,26.49,26.52,26.49,26.5,14874.0
2026-09-08,2026-09-08 13:10:00,26.495,26.495,26.425,26.49,19885.0
2026-09-08,2026-09-08 13:15:00,26.49,26.505,26.44,26.44,22889.0
2026-09-08,2026-09-08 13:20:00,26.44,26.44,26.39,26.405,24353.0
2026-09-08,2026-09-08 13:25:00,26.39,26.455,26.36,26.44,37446.0
2026-09-08,2026-09-08 13:30:00,26.43,26.43,26.36,26.405,26918.0
2026-09-08,2026-09-08 13:35:00,26.41,26.44,26.37,26.405,25938.0
2026-09-08,2026-09-08 13:40:00,26.41,26.41,26.35,26.375,30727.0
2026-09-08,2026-09-08 13:45:00,26.37,26.38,26.255,26.325,55824.0
2026-09-08,2026-09-08 13:50:00,26.32,26.32,26.225,26.225,38798.0
2026-09-08,2026-09-08 13:55:00,26.24,26.26,26.23,26.245,23000.0
2026-09-08,2026-09-08 14:00:00,26.245,26.41,26.24,26.41,57676.0
2026-09-08,2026-09-08 14:05:00,26.42,26.43,26.285,26.32,60082.0
2026-09-08,2026-09-08 14:10:00,26.3,26.33,26.27,26.3,37559.0
2026-09-08,2026-09-08 14:15:00,26.3,26.325,26.28,26.29,36552.0
2026-09-08,2026-09-08 14:20:00,26.3,26.36,26.2728,26.305,51089.0
2026-09-08,2026-09-08 14:25:00,26.31,26.335,26.31,26.335,14688.0
2026-09-08,2026-09-08 14:30:00,26.33,26.33,26.3,26.32,14724.0
2026-09-08,2026-09-08 14:35:00,26.31,26.32,26.26,26.28,26619.0
2026-09-08,2026-09-08 14:40:00,26.29,26.325,26.29,26.29,20701.0
2026-09-08,2026-09-08 14:45:00,26.28,26.295,26.26,26.275,20431.0
2026-09-08,2026-09-08 14:50:00,26.28,26.295,26.171,26.205,39534.0
2026-09-08,2026-09-08 14:55:00,26.205,26.29,26.205,26.27,33675.0
2026-09-08,2026-09-08 15:00:00,26.27,26.27,26.11,26.11,35687.0
2026-09-08,2026-09-08 15:05:00,26.12,26.18,26.085,26.145,33673.0
2026-09-08,2026-09-08 15:10:00,26.14,26.22,26.12,26.2,33525.0
2026-09-08,2026-09-08 15:15:00,26.2,26.255,26.192,26.225,28854.0
2026-09-08,2026-09-08 15:20:00,26.225,26.32,26.165,26.32,47309.0
2026-09-08,2026-09-08 15:25:00,26.31,26.33,26.245,26.26,39589.0
2026-09-08,2026-09-08 15:30:00,26.26,26.38,26.25,26.36,48156.0
2026-09-08,2026-09-08 15:35:00,26.36,26.57,26.35,26.57,113403.0
2026-09-08,2026-09-08 15:40:00,26.58,26.66,26.455,26.57,83783.0
2026-09-08,2026-09-08 15:45:00,26.59,26.77,26.58,26.77,88343.0
2026-09-08,2026-09-08 15:50:00,26.77,26.77,26.61,26.725,162483.0
2026-09-08,2026-09-08 15:55:00,26.72,26.79,26.61,26.69,207169.0
2026-09-08,2026-09-08 16:00:00,26.61,26.685,26.44,26.64,935415.0
2026-09-09,2026-09-09 09:35:00,26.685,26.77,26.2,26.31,52694.0
2026-09-09,2026-09-09 09:40:00,26.21,26.545,26.13,26.32,65195.0
2026-09-09,2026-09-09 09:45:00,26.32,26.53,26.3,26.36,21117.0
2026-09-09,2026-09-09 09:50:00,26.4,26.79,26.39,26.525,21087.0
2026-09-09,2026-09-09 09:55:00,26.49,26.55,26.38,26.48,23518.0
2026-09-09,2026-09-09 10:00:00,26.5,26.85,26.47,26.79,59836.0
2026-09-09,2026-09-09 10:05:00,26.83,27.04,26.74,26.97,51299.0
2026-09-09,2026-09-09 10:10:00,26.94,26.9907,26.685,26.685,47054.0
2026-09-09,2026-09-09 10:15:00,26.67,26.775,26.67,26.695,33156.0
2026-09-09,2026-09-09 10:20:00,26.72,26.77,26.62,26.665,26216.0
2026-09-09,2026-09-09 10:25:00,26.665,26.68,26.58,26.655,36721.0
2026-09-09,2026-09-09 10:30:00,26.655,26.79,26.635,26.64,33318.0
2026-09-09,2026-09-09 10:35:00,26.61,26.63,26.56,26.6,24091.0
2026-09-09,2026-09-09 10:40:00,26.59,26.705,26.54,26.57,53114.0
2026-09-09,2026-09-09 10:45:00,26.57,26.59,26.45,26.55,23981.0
2026-09-09,2026-09-09 10:50:00,26.56,26.56,26.4,26.455,49516.0
2026-09-09,2026-09-09 10:55:00,26.44,26.44,26.32,26.37,54202.0
2026-09-09,2026-09-09 11:00:00,26.38,26.435,26.34,26.37,36720.0
2026-09-09,2026-09-09 11:05:00,26.38,26.4,26.26,26.28,45792.0
2026-09-09,2026-09-09 11:10:00,26.28,26.285,26.16,26.16,33514.0
2026-09-09,2026-09-09 11:15:00,26.16,26.18,26.1,26.13,50698.0
2026-09-09,2026-09-09 11:20:00,26.16,26.21,26.15,26.18,18335.0
2026-09-09,2026-09-09 11:25:00,26.18,26.18,26.1,26.14,16312.0
2026-09-09,2026-09-09 11:30:00,26.12,26.18,26.12,26.18,27197.0
2026-09-09,2026-09-09 11:35:00,26.19,26.34,26.18,26.31,40263.0
2026-09-09,2026-09-09 11:40:00,26.31,26.37,26.28,26.37,22960.0
2026-09-09,2026-09-09 11:45:00,26.39,26.39,26.29,26.305,17787.0
2026-09-09,2026-09-09 11:50:00,26.305,26.345,26.305,26.31,24616.0
2026-09-09,2026-09-09 11:55:00,26.31,26.31,26.02,26.02,31613.0
2026-09-09,2026-09-09 12:00:00,26.02,26.05,25.93,25.98,68412.0
2026-09-09,2026-09-09 12:05:00,25.99,26.025,25.88,25.92,26852.0
2026-09-09,2026-09-09 12:10:00,25.95,25.985,25.91,25.91,18080.0
2026-09-09,2026-09-09 12:15:00,25.91,26.015,25.905,25.96,19331.0
2026-09-09,2026-09-09 12:20:00,25.99,25.99,25.88,25.92,26352.0
2026-09-09,2026-09-09 12:25:00,25.9092,25.94,25.9,25.94,16280.0
2026-09-09,2026-09-09 12:30:00,25.94,25.98,25.91,25.98,20648.0
2026-09-09,2026-09-09 12:35:00,25.98,26.165,25.98,26.165,28139.0
2026-09-09,2026-09-09 12:40:00,26.16,26.16,26.08,26.135,17997.0
2026-09-09,2026-09-09 12:45:00,26.14,26.2,26.12,26.185,24630.0
2026-09-09,2026-09-09 12:50:00,26.185,26.24,26.13,26.16,19749.0
2026-09-09,2026-09-09 12:55:00,26.16,26.235,26.16,26.22,18433.0
2026-09-09,2026-09-09 13:00:00,26.22,26.27,26.21,26.23,59178.0
2026-09-09,2026-09-09 13:05:00,26.23,26.24,26.17,26.17,18560.0
2026-09-09,2026-09-09 13:10:00,26.1851,26.215,26.17,26.175,17527.0
2026-09-09,2026-09-09 13:15:00,26.175,26.27,26.1618,26.27,30309.0
2026-09-09,2026-09-09 13:20:00,26.29,26.3,26.18,26.24,50953.0
2026-09-09,2026-09-09 13:25:00,26.25,26.2687,26.22,26.25,50544.0
2026-09-09,2026-09-09 13:30:00,26.24,26.24,26.165,26.225,26846.0
2026-09-09,2026-09-09 13:35:00,26.225,26.225,26.15,26.16,40051.0
2026-09-09,2026-09-09 13:40:00,26.16,26.22,26.16,26.22,27318.0
2026-09-09,2026-09-09 13:45:00,26.23,26.366,26.2,26.325,51287.0
2026-09-09,2026-09-09 13:50:00,26.31,26.43,26.3,26.41,61008.0
2026-09-09,2026-09-09 13:55:00,26.42,26.46,26.37,26.38,27195.0
2026-09-09,2026-09-09 14:00:00,26.37,26.39,26.325,26.36,39420.0
2026-09-09,2026-09-09 14:05:00,26.36,26.39,26.35,26.37,23673.0
2026-09-09,2026-09-09 14:10:00,26.36,26.37,26.3153,26.33,31608.0
2026-09-09,2026-09-09 14:15:00,26.33,26.358,26.21,26.23,77312.0
2026-09-09,2026-09-09 14:20:00,26.23,26.35,26.23,26.3,31830.0
2026-09-09,2026-09-09 14:25:00,26.3,26.35,26.29,26.335,20278.0
2026-09-09,2026-09-09 14:30:00,26.33,26.4,26.135,26.135,55552.0
2026-09-09,2026-09-09 14:35:00,26.15,26.155,25.99,25.99,35257.0
2026-09-09,2026-09-09 14:40:00,26.02,26.06,25.92,25.9776,28914.0
2026-09-09,2026-09-09 14:45:00,25.965,25.97,25.87,25.96,35251.0
2026-09-09,2026-09-09 14:50:00,25.97,26.01,25.95,25.97,25582.0
2026-09-09,2026-09-09 14:55:00,25.97,26.02,25.94,25.9423,28309.0
2026-09-09,2026-09-09 15:00:00,25.94,25.98,25.92,25.9201,36844.0
2026-09-09,2026-09-09 15:05:00,25.93,26.0,25.9,25.94,45698.0
2026-09-09,2026-09-09 15:10:00,25.94,25.94,25.9,25.915,36577.0
2026-09-09,2026-09-09 15:15:00,25.915,26.06,25.88,26.06,49547.0
2026-09-09,2026-09-09 15:20:00,26.06,26.1,26.0,26.02,85484.0
2026-09-09,2026-09-09 15:25:00,26.02,26.245,26.0,26.07,150704.0
2026-09-09,2026-09-09 15:30:00,26.08,26.18,26.05,26.12,69804.0
2026-09-09,2026-09-09 15:35:00,26.11,26.14,26.0,26.12,121663.0
2026-09-09,2026-09-09 15:40:00,26.13,26.14,25.97,26.01,95468.0
2026-09-09,2026-09-09 15:45:00,26.01,26.03,25.82,25.91,94204.0
2026-09-09,2026-09-09 15:50:00,25.91,26.005,25.85,25.945,150670.0
2026-09-09,2026-09-09 15:55:00,25.93,25.94,25.76,25.9,166415.0
2026-09-09,2026-09-09 16:00:00,25.9,25.98,25.77,25.89,1151843.0
2026-09-10,2026-09-10 09:35:00,21.39,21.39,19.64,19.96,1196112.0
2026-09-10,2026-09-10 09:40:00,19.95,20.94,19.83,20.89,603389.0
2026-09-10,2026-09-10 09:45:00,20.835,21.1,20.5733,20.63,359960.0
2026-09-10,2026-09-10 09:50:00,20.6138,21.0703,20.605,20.715,359564.0
2026-09-10,2026-09-10 09:55:00,20.7226,20.7548,20.31,20.4001,203830.0
2026-09-10,2026-09-10 10:00:00,20.42,20.61,20.2701,20.61,144977.0
2026-09-10,2026-09-10 10:05:00,20.585,20.7389,20.3,20.635,336364.0
2026-09-10,2026-09-10 10:10:00,20.66,20.85,20.56,20.56,151701.0
2026-09-10,2026-09-10 10:15:00,20.565,20.7,20.5,20.6,135072.0
2026-09-10,2026-09-10 10:20:00,20.6,20.7799,20.57,20.635,130684.0
2026-09-10,2026-09-10 10:25:00,20.64,21.0927,20.64,21.075,310655.0
2026-09-10,2026-09-10 10:30:00,21.05,21.25,20.98,21.25,365538.0
2026-09-10,2026-09-10 10:35:00,21.25,21.3299,21.055,21.08,321823.0
2026-09-10,2026-09-10 10:40:00,21.07,21.15,20.7201,20.8599,340715.0
2026-09-10,2026-09-10 10:45:00,20.85,21.03,20.76,20.91,237388.0
2026-09-10,2026-09-10 10:50:00,20.91,21.01,20.79,20.85,209217.0
2026-09-10,2026-09-10 10:55:00,20.855,20.99,20.78,20.98,203722.0
2026-09-10,2026-09-10 11:00:00,20.98,20.98,20.67,20.93,165070.0
2026-09-10,2026-09-10 11:05:00,20.93,21.1372,20.928,21.0391,313418.0
2026-09-10,2026-09-10 11:10:00,21.035,21.1,20.76,20.775,166227.0
2026-09-10,2026-09-10 11:15:00,20.765,20.95,20.62,20.885,268077.0
2026-09-10,2026-09-10 11:20:00,20.88,20.93,20.73,20.73,177563.0
2026-09-10,2026-09-10 11:25:00,20.74,20.74,20.3501,20.52,416199.0
2026-09-10,2026-09-10 11:30:00,20.52,20.5899,20.42,20.435,204653.0
2026-09-10,2026-09-10 11:35:00,20.435,20.6639,20.3623,20.599,168461.0
2026-09-10,2026-09-10 11:40:00,20.595,20.595,20.3601,20.375,72500.0
2026-09-10,2026-09-10 11:45:00,20.3799,20.51,20.3,20.455,162261.0
2026-09-10,2026-09-10 11:50:00,20.455,20.5191,20.43,20.49,148661.0
2026-09-10,2026-09-10 11:55:00,20.49,20.55,20.44,20.5191,100392.0
2026-09-10,2026-09-10 12:00:00,20.51,20.5999,20.43,20.5999,129561.0
2026-09-10,2026-09-10 12:05:00,20.58,20.58,20.5101,20.56,77475.0
2026-09-10,2026-09-10 12:10:00,20.55,20.605,20.5201,20.56,74508.0
2026-09-10,2026-09-10 12:15:00,20.57,20.57,20.405,20.505,118353.0
2026-09-10,2026-09-10 12:20:00,20.505,20.58,20.47,20.565,97473.0
2026-09-10,2026-09-10 12:25:00,20.5601,20.5601,20.4811,20.4811,65990.0
2026-09-10,2026-09-10 12:30:00,20.485,20.5799,20.48,20.55,71099.0
2026-09-10,2026-09-10 12:35:00,20.55,20.59,20.505,20.515,66593.0
2026-09-10,2026-09-10 12:40:00,20.515,20.55,20.44,20.51,49227.0
2026-09-10,2026-09-10 12:45:00,20.48,20.6,20.48,20.55,56279.0
2026-09-10,2026-09-10 12:50:00,20.555,20.67,20.51,20.52,152048.0
2026-09-10,2026-09-10 12:55:00,20.52,20.57,20.45,20.54,70852.0
2026-09-10,2026-09-10 13:00:00,20.53,20.56,20.4,20.519,148770.0
2026-09-10,2026-09-10 13:05:00,20.5101,20.55,20.43,20.47,79191.0
2026-09-10,2026-09-10 13:10:00,20.45,20.52,20.3701,20.385,211606.0
2026-09-10,2026-09-10 13:15:00,20.385,20.48,20.25,20.48,389659.0
2026-09-10,2026-09-10 13:20:00,20.475,20.59,20.47,20.59,206159.0
2026-09-10,2026-09-10 13:25:00,20.585,20.7199,20.47,20.47,204944.0
2026-09-10,2026-09-10 13:30:00,20.475,20.5,20.3928,20.44,247282.0
2026-09-10,2026-09-10 13:35:00,20.4401,20.4401,20.23,20.345,346449.0
2026-09-10,2026-09-10 13:40:00,20.3401,20.36,20.26,20.27,161074.0
2026-09-10,2026-09-10 13:45:00,20.2616,20.34,20.2616,20.315,43529.0
2026-09-10,2026-09-10 13:50:00,20.32,20.34,20.16,20.1688,153859.0
2026-09-10,2026-09-10 13:55:00,20.165,20.2,20.1209,20.185,144536.0
2026-09-10,2026-09-10 14:00:00,20.185,20.185,20.101,20.13,110915.0
2026-09-10,2026-09-10 14:05:00,20.131,20.15,20.0,20.06,395515.0
2026-09-10,2026-09-10 14:10:00,20.05,20.07,19.9,19.93,407296.0
2026-09-10,2026-09-10 14:15:00,19.93,19.98,19.91,19.9101,129532.0
2026-09-10,2026-09-10 14:20:00,19.915,19.95,19.885,19.9411,123547.0
2026-09-10,2026-09-10 14:25:00,19.945,20.02,19.93,20.01,144096.0
2026-09-10,2026-09-10 14:30:00,20.01,20.035,19.97,20.03,90060.0
2026-09-10,2026-09-10 14:35:00,20.03,20.03,19.98,19.985,89753.0
2026-09-10,2026-09-10 14:40:00,19.99,20.08,19.9891,20.05,154480.0
2026-09-10,2026-09-10 14:45:00,20.04,20.118,20.015,20.095,179078.0
2026-09-10,2026-09-10 14:50:00,20.095,20.17,20.07,20.12,98910.0
2026-09-10,2026-09-10 14:55:00,20.125,20.15,20.05,20.055,95941.0
2026-09-10,2026-09-10 15:00:00,20.0591,20.12,20.055,20.065,99321.0
2026-09-10,2026-09-10 15:05:00,20.06,20.14,20.05,20.075,125246.0
2026-09-10,2026-09-10 15:10:00,20.075,20.11,20.06,20.105,89526.0
2026-09-10,2026-09-10 15:15:00,20.11,20.13,20.055,20.1199,116876.0
2026-09-10,2026-09-10 15:20:00,20.12,20.29,20.12,20.185,217158.0
2026-09-10,2026-09-10 15:25:00,20.19,20.2775,20.15,20.245,187040.0
2026-09-10,2026-09-10 15:30:00,20.25,20.38,20.25,20.305,287856.0
2026-09-10,2026-09-10 15:35:00,20.305,20.35,20.26,20.285,320538.0
2026-09-10,2026-09-10 15:40:00,20.285,20.29,20.09,20.1599,426763.0
2026-09-10,2026-09-10 15:45:00,20.155,20.32,20.14,20.295,267714.0
2026-09-10,2026-09-10 15:50:00,20.3,20.6,20.295,20.485,774958.0
2026-09-10,2026-09-10 15:55:00,20.48,20.63,20.32,20.505,490965.0
2026-09-10,2026-09-10 16:00:00,20.505,20.57,20.105,20.26,2043992.0
