day,time,open,high,low,close,volume
2026-06-12,2026-06-12 09:35:00,21.58,21.7,21.0,21.045,388556.0
2026-06-12,2026-06-12 09:40:00,21.025,21.11,20.879,20.95,193288.0
2026-06-12,2026-06-12 09:45:00,20.95,20.95,20.645,20.65,186655.0
2026-06-12,2026-06-12 09:50:00,20.66,20.76,20.62,20.665,122809.0
2026-06-12,2026-06-12 09:55:00,20.665,20.665,20.47,20.575,169908.0
2026-06-12,2026-06-12 10:00:00,20.57,20.8,20.56,20.76,148509.0
2026-06-12,2026-06-12 10:05:00,20.745,20.94,20.745,20.82,158782.0
2026-06-12,2026-06-12 10:10:00,20.825,20.895,20.745,20.88,95526.0
2026-06-12,2026-06-12 10:15:00,20.88,20.9,20.79,20.815,91091.0
2026-06-12,2026-06-12 10:20:00,20.815,20.87,20.78,20.825,91546.0
2026-06-12,2026-06-12 10:25:00,20.83,20.865,20.81,20.835,94187.0
2026-06-12,2026-06-12 10:30:00,20.84,20.93,20.84,20.8885,99700.0
2026-06-12,2026-06-12 10:35:00,20.88,21.0,20.875,20.96,107988.0
2026-06-12,2026-06-12 10:40:00,20.955,21.01,20.925,20.95,159740.0
2026-06-12,2026-06-12 10:45:00,20.955,20.97,20.85,20.855,61147.0
2026-06-12,2026-06-12 10:50:00,20.85,20.9,20.795,20.8,68570.0
2026-06-12,2026-06-12 10:55:00,20.8,20.97,20.8,20.965,159676.0
2026-06-12,2026-06-12 11:00:00,20.965,21.0,20.915,20.98,103338.0
2026-06-12,2026-06-12 11:05:00,20.975,21.025,20.955,20.98,131475.0
2026-06-12,2026-06-12 11:10:00,20.98,21.06,20.98,21.035,129798.0
2026-06-12,2026-06-12 11:15:00,21.035,21.045,20.985,21.0,152865.0
2026-06-12,2026-06-12 11:20:00,21.005,21.05,20.9901,21.04,199270.0
2026-06-12,2026-06-12 11:25:00,21.035,21.15,21.015,21.135,297657.0
2026-06-12,2026-06-12 11:30:00,21.13,21.15,21.0517,21.0517,332572.0
2026-06-12,2026-06-12 11:35:00,21.055,21.09,20.945,20.95,339932.0
2026-06-12,2026-06-12 11:40:00,20.945,21.015,20.91,20.99,153406.0
2026-06-12,2026-06-12 11:45:00,20.995,21.025,20.965,20.97,57737.0
2026-06-12,2026-06-12 11:50:00,20.975,20.985,20.92,20.94,63886.0
2026-06-12,2026-06-12 11:55:00,20.94,20.99,20.91,20.99,53360.0
2026-06-12,2026-06-12 12:00:00,20.98,20.995,20.925,20.95,47938.0
2026-06-12,2026-06-12 12:05:00,20.945,20.955,20.865,20.915,67270.0
2026-06-12,2026-06-12 12:10:00,20.91,20.9275,20.87,20.9275,85937.0
2026-06-12,2026-06-12 12:15:00,20.92,21.03,20.9,20.955,93627.0
2026-06-12,2026-06-12 12:20:00,20.955,21.0,20.9,20.925,52085.0
2026-06-12,2026-06-12 12:25:00,20.925,20.945,20.895,20.94,52215.0
2026-06-12,2026-06-12 12:30:00,20.935,20.98,20.925,20.945,70476.0
2026-06-12,2026-06-12 12:35:00,20.95,20.975,20.93,20.965,64367.0
2026-06-12,2026-06-12 12:40:00,20.965,20.975,20.935,20.94,33193.0
2026-06-12,2026-06-12 12:45:00,20.95,20.965,20.925,20.945,62551.0
2026-06-12,2026-06-12 12:50:00,20.94,20.965,20.9,20.9009,44599.0
2026-06-12,2026-06-12 12:55:00,20.9,20.915,20.87,20.87,161419.0
2026-06-12,2026-06-12 13:00:00,20.875,20.895,20.835,20.895,113641.0
2026-06-12,2026-06-12 13:05:00,20.895,20.925,20.885,20.905,157098.0
2026-06-12,2026-06-12 13:10:00,20.905,20.95,20.905,20.905,182911.0
2026-06-12,2026-06-12 13:15:00,20.905,20.91,20.83,20.86,55977.0
2026-06-12,2026-06-12 13:20:00,20.85,20.87,20.815,20.815,46000.0
2026-06-12,2026-06-12 13:25:00,20.815,20.84,20.81,20.815,179969.0
2026-06-12,2026-06-12 13:30:00,20.8199,20.82,20.78,20.795,128843.0
2026-06-12,2026-06-12 13:35:00,20.795,20.845,20.795,20.825,42098.0
2026-06-12,2026-06-12 13:40:00,20.82,20.83,20.78,20.785,39301.0
2026-06-12,2026-06-12 13:45:00,20.78,20.8,20.77,20.795,32774.0
2026-06-12,2026-06-12 13:50:00,20.795,20.815,20.79,20.79,35579.0
2026-06-12,2026-06-12 13:55:00,20.795,20.8,20.77,20.775,62724.0
2026-06-12,2026-06-12 14:00:00,20.78,20.785,20.75,20.755,45409.0
2026-06-12,2026-06-12 14:05:00,20.755,20.785,20.73,20.745,74211.0
2026-06-12,2026-06-12 14:10:00,20.74,20.755,20.69,20.715,52582.0
2026-06-12,2026-06-12 14:15:00,20.715,20.72,20.655,20.665,77528.0
2026-06-12,2026-06-12 14:20:00,20.67,20.685,20.655,20.66,60393.0
2026-06-12,2026-06-12 14:25:00,20.665,20.665,20.62,20.625,59001.0
2026-06-12,2026-06-12 14:30:00,20.625,20.67,20.625,20.665,88859.0
2026-06-12,2026-06-12 14:35:00,20.665,20.67,20.625,20.645,63608.0
2026-06-12,2026-06-12 14:40:00,20.645,20.735,20.64,20.685,167193.0
2026-06-12,2026-06-12 14:45:00,20.685,20.745,20.68,20.745,61525.0
2026-06-12,2026-06-12 14:50:00,20.745,20.75,20.7,20.72,106194.0
2026-06-12,2026-06-12 14:55:00,20.715,20.725,20.68,20.71,86763.0
2026-06-12,2026-06-12 15:00:00,20.715,20.75,20.695,20.7,99505.0
2026-06-12,2026-06-12 15:05:00,20.7,20.72,20.69,20.705,78236.0
2026-06-12,2026-06-12 15:10:00,20.705,20.715,20.675,20.705,74374.0
2026-06-12,2026-06-12 15:15:00,20.705,20.745,20.705,20.745,95025.0
2026-06-12,2026-06-12 15:20:00,20.74,20.749,20.7,20.74,144673.0
2026-06-12,2026-06-12 15:25:00,20.735,20.745,20.71,20.71,84688.0
2026-06-12,2026-06-12 15:30:00,20.715,20.715,20.665,20.665,156264.0
2026-06-12,2026-06-12 15:35:00,20.665,20.675,20.595,20.6,172242.0
2026-06-12,2026-06-12 15:40:00,20.605,20.605,20.525,20.57,251314.0
2026-06-12,2026-06-12 15:45:00,20.565,20.565,20.47,20.505,299066.0
2026-06-12,2026-06-12 15:50:00,20.505,20.5199,20.46,20.46,195957.0
2026-06-12,2026-06-12 15:55:00,20.46,20.46,20.38,20.455,559682.0
2026-06-12,2026-06-12 16:00:00,20.45,20.465,20.185,20.21,2804375.0
2026-06-15,2026-06-15 09:35:00,20.48,20.915,20.44,20.91,416828.0
2026-06-15,2026-06-15 09:40:00,20.9,20.93,20.805,20.93,186945.0
2026-06-15,2026-06-15 09:45:00,20.92,20.975,20.83,20.95,174754.0
2026-06-15,2026-06-15 09:50:00,20.95,21.11,20.85,21.06,229251.0
2026-06-15,2026-06-15 09:55:00,21.06,21.12,20.96,21.12,604549.0
2026-06-15,2026-06-15 10:00:00,21.12,21.275,21.04,21.25,332201.0
2026-06-15,2026-06-15 10:05:00,21.25,21.33,21.24,21.275,165076.0
2026-06-15,2026-06-15 10:10:00,21.27,21.355,21.2101,21.32,164679.0
2026-06-15,2026-06-15 10:15:00,21.325,21.365,21.235,21.28,309698.0
2026-06-15,2026-06-15 10:20:00,21.28,21.44,21.22,21.43,263304.0
2026-06-15,2026-06-15 10:25:00,21.44,21.475,21.32,21.32,229135.0
2026-06-15,2026-06-15 10:30:00,21.325,21.355,21.255,21.2825,223444.0
2026-06-15,2026-06-15 10:35:00,21.285,21.335,21.2725,21.33,228790.0
2026-06-15,2026-06-15 10:40:00,21.325,21.445,21.325,21.435,148801.0
2026-06-15,2026-06-15 10:45:00,21.435,21.4697,21.3911,21.405,148826.0
2026-06-15,2026-06-15 10:50:00,21.405,21.535,21.38,21.485,255774.0
2026-06-15,2026-06-15 10:55:00,21.48,21.5051,21.435,21.505,224880.0
2026-06-15,2026-06-15 11:00:00,21.505,21.55,21.48,21.485,125640.0
2026-06-15,2026-06-15 11:05:00,21.4801,21.535,21.46,21.495,245583.0
2026-06-15,2026-06-15 11:10:00,21.495,21.53,21.465,21.475,161735.0
2026-06-15,2026-06-15 11:15:00,21.475,21.52,21.46,21.485,69557.0
2026-06-15,2026-06-15 11:20:00,21.485,21.51,21.4,21.45,283893.0
2026-06-15,2026-06-15 11:25:00,21.44,21.445,21.395,21.415,91426.0
2026-06-15,2026-06-15 11:30:00,21.415,21.445,21.41,21.445,116632.0
2026-06-15,2026-06-15 11:35:00,21.445,21.4499,21.395,21.415,184618.0
2026-06-15,2026-06-15 11:40:00,21.415,21.485,21.41,21.43,163839.0
2026-06-15,2026-06-15 11:45:00,21.435,21.455,21.415,21.445,114537.0
2026-06-15,2026-06-15 11:50:00,21.445,21.5499,21.44,21.515,222593.0
2026-06-15,2026-06-15 11:55:00,21.51,21.515,21.425,21.455,171747.0
2026-06-15,2026-06-15 12:00:00,21.455,21.49,21.405,21.445,165170.0
2026-06-15,2026-06-15 12:05:00,21.445,21.445,21.412,21.425,81915.0
2026-06-15,2026-06-15 12:10:00,21.425,21.45,21.365,21.375,183072.0
2026-06-15,2026-06-15 12:15:00,21.37,21.395,21.345,21.345,73770.0
2026-06-15,2026-06-15 12:20:00,21.345,21.365,21.33,21.345,74671.0
2026-06-15,2026-06-15 12:25:00,21.3451,21.3451,21.305,21.305,102276.0
2026-06-15,2026-06-15 12:30:00,21.305,21.32,21.29,21.3,68590.0
2026-06-15,2026-06-15 12:35:00,21.295,21.3,21.2303,21.2325,80837.0
2026-06-15,2026-06-15 12:40:00,21.24,21.24,21.12,21.125,82419.0
2026-06-15,2026-06-15 12:45:00,21.12,21.17,21.08,21.085,101285.0
2026-06-15,2026-06-15 12:50:00,21.08,21.12,21.07,21.085,80396.0
2026-06-15,2026-06-15 12:55:00,21.085,21.115,21.08,21.085,86226.0
2026-06-15,2026-06-15 13:00:00,21.085,21.085,21.02,21.05,77739.0
2026-06-15,2026-06-15 13:05:00,21.045,21.05,21.01,21.03,56767.0
2026-06-15,2026-06-15 13:10:00,21.03,21.03,20.97,20.995,51038.0
2026-06-15,2026-06-15 13:15:00,20.995,21.045,20.99,21.025,125479.0
2026-06-15,2026-06-15 13:20:00,21.025,21.04,21.0,21.015,118544.0
2026-06-15,2026-06-15 13:25:00,21.0165,21.03,20.99,21.015,111582.0
2026-06-15,2026-06-15 13:30:00,21.015,21.015,20.98,20.985,123272.0
2026-06-15,2026-06-15 13:35:00,20.985,20.9899,20.94,20.955,99485.0
2026-06-15,2026-06-15 13:40:00,20.955,21.0,20.95,20.97,118312.0
2026-06-15,2026-06-15 13:45:00,20.965,20.98,20.9,20.945,103759.0
2026-06-15,2026-06-15 13:50:00,20.945,20.945,20.9,20.9,71109.0
2026-06-15,2026-06-15 13:55:00,20.905,20.905,20.82,20.895,300582.0
2026-06-15,2026-06-15 14:00:00,20.89,20.89,20.8,20.836554,152238.0
2026-06-15,2026-06-15 14:05:00,20.835,20.905,20.83,20.885,179922.0
2026-06-15,2026-06-15 14:10:00,20.885,20.905,20.87,20.875,96809.0
2026-06-15,2026-06-15 14:15:00,20.8703,20.88,20.85,20.875,79060.0
2026-06-15,2026-06-15 14:20:00,20.875,20.925,20.87,20.92,89631.0
2026-06-15,2026-06-15 14:25:00,20.915,20.94,20.9,20.935,99357.0
2026-06-15,2026-06-15 14:30:00,20.935,20.94,20.91,20.93,73854.0
2026-06-15,2026-06-15 14:35:00,20.945,20.96,20.91,20.945,111533.0
2026-06-15,2026-06-15 14:40:00,20.945,20.95,20.92,20.945,70572.0
2026-06-15,2026-06-15 14:45:00,20.94,20.945,20.92,20.935,94991.0
2026-06-15,2026-06-15 14:50:00,20.94,20.98,20.93,20.935,122515.0
2026-06-15,2026-06-15 14:55:00,20.935,20.96,20.92,20.955,93138.0
2026-06-15,2026-06-15 15:00:00,20.955,20.96,20.94,20.955,102504.0
2026-06-15,2026-06-15 15:05:00,20.95,21.019,20.92,21.01,244892.0
2026-06-15,2026-06-15 15:10:00,21.015,21.015,20.94,20.955,131078.0
2026-06-15,2026-06-15 15:15:00,20.955,20.97,20.93,20.955,104826.0
2026-06-15,2026-06-15 15:20:00,20.955,20.98,20.94,20.96,139973.0
2026-06-15,2026-06-15 15:25:00,20.965,20.975,20.93,20.97,93119.0
2026-06-15,2026-06-15 15:30:00,20.965,21.025,20.95,21.015,183457.0
2026-06-15,2026-06-15 15:35:00,21.01,21.155,20.99,21.145,181652.0
2026-06-15,2026-06-15 15:40:00,21.145,21.17,21.1,21.145,141368.0
2026-06-15,2026-06-15 15:45:00,21.145,21.165,21.11,21.12,183924.0
2026-06-15,2026-06-15 15:50:00,21.115,21.16,21.11,21.145,298312.0
2026-06-15,2026-06-15 15:55:00,21.14,21.2,21.12,21.195,429493.0
2026-06-15,2026-06-15 16:00:00,21.195,21.33,21.17,21.33,2996135.0
2026-06-16,2026-06-16 09:35:00,21.32,21.38,21.0,21.16,536851.0
2026-06-16,2026-06-16 09:40:00,21.16,21.33,20.98,21.105,193420.0
2026-06-16,2026-06-16 09:45:00,21.105,21.42,21.105,21.32,139924.0
2026-06-16,2026-06-16 09:50:00,21.315,21.42,21.295,21.375,153642.0
2026-06-16,2026-06-16 09:55:00,21.36,21.44,21.32,21.38,78819.0
2026-06-16,2026-06-16 10:00:00,21.385,21.515,21.37,21.375,189534.0
2026-06-16,2026-06-16 10:05:00,21.38,21.41,21.2,21.265,126251.0
2026-06-16,2026-06-16 10:10:00,21.265,21.27,21.07,21.085,124126.0
2026-06-16,2026-06-16 10:15:00,21.085,21.105,20.94,20.965,135838.0
2026-06-16,2026-06-16 10:20:00,20.97,20.975,20.85,20.855,159865.0
2026-06-16,2026-06-16 10:25:00,20.855,20.865,20.75,20.795,165327.0
2026-06-16,2026-06-16 10:30:00,20.795,20.925,20.79,20.795,180026.0
2026-06-16,2026-06-16 10:35:00,20.79,20.905,20.78,20.9,179335.0
2026-06-16,2026-06-16 10:40:00,20.9,21.005,20.88,20.995,107190.0
2026-06-16,2026-06-16 10:45:00,20.995,21.045,20.98,20.995,105406.0
2026-06-16,2026-06-16 10:50:00,20.995,21.025,20.97,21.005,100405.0
2026-06-16,2026-06-16 10:55:00,21.005,21.055,21.0,21.055,94944.0
2026-06-16,2026-06-16 11:00:00,21.055,21.31,21.05,21.265,263294.0
2026-06-16,2026-06-16 11:05:00,21.27,21.36,21.27,21.33,124161.0
2026-06-16,2026-06-16 11:10:00,21.325,21.365,21.27,21.3,208728.0
2026-06-16,2026-06-16 11:15:00,21.31,21.465,21.3,21.435,174190.0
2026-06-16,2026-06-16 11:20:00,21.435,21.495,21.42,21.46,112647.0
2026-06-16,2026-06-16 11:25:00,21.48,21.49,21.43,21.435,85539.0
2026-06-16,2026-06-16 11:30:00,21.43,21.475,21.42,21.435,100533.0
2026-06-16,2026-06-16 11:35:00,21.435,21.445,21.38,21.4425,104765.0
2026-06-16,2026-06-16 11:40:00,21.445,21.455,21.38,21.395,74386.0
2026-06-16,2026-06-16 11:45:00,21.395,21.395,21.32,21.35,144997.0
2026-06-16,2026-06-16 11:50:00,21.35,21.39,21.35,21.365,182620.0
2026-06-16,2026-06-16 11:55:00,21.365,21.395,21.33,21.33,138815.0
2026-06-16,2026-06-16 12:00:00,21.325,21.365,21.32,21.345,135877.0
2026-06-16,2026-06-16 12:05:00,21.345,21.41,21.33,21.365,193894.0
2026-06-16,2026-06-16 12:10:00,21.365,21.385,21.35,21.38,179733.0
2026-06-16,2026-06-16 12:15:00,21.385,21.39,21.34,21.375,94397.0
2026-06-16,2026-06-16 12:20:00,21.38,21.385,21.35,21.355,44797.0
2026-06-16,2026-06-16 12:25:00,21.35,21.35,21.31,21.315,65334.0
2026-06-16,2026-06-16 12:30:00,21.315,21.4,21.31,21.385,129453.0
2026-06-16,2026-06-16 12:35:00,21.385,21.42,21.38,21.39,63214.0
2026-06-16,2026-06-16 12:40:00,21.39,21.425,21.38,21.425,72083.0
2026-06-16,2026-06-16 12:45:00,21.425,21.435,21.39,21.425,105304.0
2026-06-16,2026-06-16 12:50:00,21.425,21.435,21.4,21.42,81757.0
2026-06-16,2026-06-16 12:55:00,21.42,21.475,21.41,21.475,120710.0
2026-06-16,2026-06-16 13:00:00,21.47,21.5,21.43,21.455,109232.0
2026-06-16,2026-06-16 13:05:00,21.455,21.5399,21.45,21.51,118503.0
2026-06-16,2026-06-16 13:10:00,21.5,21.585,21.48,21.525,107856.0
2026-06-16,2026-06-16 13:15:00,21.5299,21.555,21.45,21.47,99041.0
2026-06-16,2026-06-16 13:20:00,21.47,21.48,21.39,21.39,73083.0
2026-06-16,2026-06-16 13:25:00,21.39,21.525,21.38,21.51,238998.0
2026-06-16,2026-06-16 13:30:00,21.505,21.56,21.47,21.49,608873.0
2026-06-16,2026-06-16 13:35:00,21.485,21.545,21.44,21.47,234826.0
2026-06-16,2026-06-16 13:40:00,21.47,21.52,21.45,21.46,194936.0
2026-06-16,2026-06-16 13:45:00,21.46,21.465,21.38,21.385,115946.0
2026-06-16,2026-06-16 13:50:00,21.385,21.4,21.36,21.365,94392.0
2026-06-16,2026-06-16 13:55:00,21.37,21.385,21.32,21.335,130864.0
2026-06-16,2026-06-16 14:00:00,21.33,21.335,21.27,21.315,153785.0
2026-06-16,2026-06-16 14:05:00,21.315,21.345,21.29,21.325,59790.0
2026-06-16,2026-06-16 14:10:00,21.33,21.365,21.285,21.285,100539.0
2026-06-16,2026-06-16 14:15:00,21.285,21.345,21.28,21.325,115308.0
2026-06-16,2026-06-16 14:20:00,21.33,21.33,21.3,21.315,71119.0
2026-06-16,2026-06-16 14:25:00,21.31,21.325,21.29,21.305,83660.0
2026-06-16,2026-06-16 14:30:00,21.305,21.32,21.28,21.305,62830.0
2026-06-16,2026-06-16 14:35:00,21.305,21.325,21.29,21.32,70496.0
2026-06-16,2026-06-16 14:40:00,21.315,21.355,21.31,21.335,64932.0
2026-06-16,2026-06-16 14:45:00,21.34,21.37,21.33,21.36,137801.0
2026-06-16,2026-06-16 14:50:00,21.36,21.39,21.345,21.385,165156.0
2026-06-16,2026-06-16 14:55:00,21.38,21.435,21.34,21.355,220322.0
2026-06-16,2026-06-16 15:00:00,21.355,21.3657,21.33,21.335,76329.0
2026-06-16,2026-06-16 15:05:00,21.335,21.345,21.255,21.295,129911.0
2026-06-16,2026-06-16 15:10:00,21.295,21.365,21.29,21.365,78965.0
2026-06-16,2026-06-16 15:15:00,21.36,21.36,21.33,21.345,60913.0
2026-06-16,2026-06-16 15:20:00,21.34,21.345,21.3,21.325,127786.0
2026-06-16,2026-06-16 15:25:00,21.325,21.345,21.31,21.335,107283.0
2026-06-16,2026-06-16 15:30:00,21.33,21.345,21.3,21.31,120503.0
2026-06-16,2026-06-16 15:35:00,21.305,21.335,21.29,21.3,125928.0
2026-06-16,2026-06-16 15:40:00,21.3,21.305,21.25,21.285,167711.0
2026-06-16,2026-06-16 15:45:00,21.28,21.295,21.25,21.275,123161.0
2026-06-16,2026-06-16 15:50:00,21.275,21.31,21.25,21.29,145764.0
2026-06-16,2026-06-16 15:55:00,21.3,21.305,21.205,21.205,408916.0
2026-06-16,2026-06-16 16:00:00,21.205,21.25,21.09,21.16,9445687.0
2026-06-17,2026-06-17 09:35:00,20.8,20.875,20.21,20.4,389972.0
2026-06-17,2026-06-17 09:40:00,20.42,20.5,20.22,20.486,299517.0
2026-06-17,2026-06-17 09:45:00,20.48,20.6351,20.465,20.62,153299.0
2026-06-17,2026-06-17 09:50:00,20.62,20.83,20.61,20.8,118727.0
2026-06-17,2026-06-17 09:55:00,20.79,20.915,20.7601,20.796,86846.0
2026-06-17,2026-06-17 10:00:00,20.795,20.881,20.78,20.83,116639.0
2026-06-17,2026-06-17 10:05:00,20.82,20.84,20.645,20.725,159604.0
2026-06-17,2026-06-17 10:10:00,20.72,20.725,20.67,20.715,80224.0
2026-06-17,2026-06-17 10:15:00,20.715,20.717722,20.625,20.717722,74095.0
2026-06-17,2026-06-17 10:20:00,20.715,20.725,20.57,20.655,145680.0
2026-06-17,2026-06-17 10:25:00,20.655,20.75,20.635,20.735,100500.0
2026-06-17,2026-06-17 10:30:00,20.735,20.855,20.695,20.815,554908.0
2026-06-17,2026-06-17 10:35:00,20.82,20.855,20.815,20.835,110852.0
2026-06-17,2026-06-17 10:40:00,20.83,20.83,20.745,20.75,102259.0
2026-06-17,2026-06-17 10:45:00,20.745,20.75,20.62,20.6201,84195.0
2026-06-17,2026-06-17 10:50:00,20.625,20.625,20.505,20.505,196122.0
2026-06-17,2026-06-17 10:55:00,20.505,20.525,20.425,20.515,142729.0
2026-06-17,2026-06-17 11:00:00,20.515,20.515,20.455,20.485,130319.0
2026-06-17,2026-06-17 11:05:00,20.49,20.505,20.42,20.505,239645.0
2026-06-17,2026-06-17 11:10:00,20.505,20.515,20.385,20.425,212246.0
2026-06-17,2026-06-17 11:15:00,20.425,20.625,20.425,20.615,507567.0
2026-06-17,2026-06-17 11:20:00,20.615,20.67,20.58,20.655,187244.0
2026-06-17,2026-06-17 11:25:00,20.665,20.68,20.61,20.635,150769.0
2026-06-17,2026-06-17 11:30:00,20.635,20.665,20.6,20.6,141045.0
2026-06-17,2026-06-17 11:35:00,20.6,20.79,20.595,20.785,171759.0
2026-06-17,2026-06-17 11:40:00,20.785,20.795,20.75,20.775,81365.0
2026-06-17,2026-06-17 11:45:00,20.775,20.78,20.75,20.765,69136.0
2026-06-17,2026-06-17 11:50:00,20.765,20.785,20.73,20.745,134592.0
2026-06-17,2026-06-17 11:55:00,20.745,20.78,20.73,20.74,78186.0
2026-06-17,2026-06-17 12:00:00,20.745,20.77,20.73,20.735,73934.0
2026-06-17,2026-06-17 12:05:00,20.74,20.75,20.72,20.735,81546.0
2026-06-17,2026-06-17 12:10:00,20.735,20.755,20.72,20.735,78396.0
2026-06-17,2026-06-17 12:15:00,20.7355,20.77,20.72,20.77,66568.0
2026-06-17,2026-06-17 12:20:00,20.765,20.775,20.75,20.765,49426.0
2026-06-17,2026-06-17 12:25:00,20.765,20.79,20.75,20.76,78027.0
2026-06-17,2026-06-17 12:30:00,20.765,20.815,20.76,20.8,74852.0
2026-06-17,2026-06-17 12:35:00,20.805,20.805,20.76,20.76,69023.0
2026-06-17,2026-06-17 12:40:00,20.765,20.7899,20.76,20.775,64266.0
2026-06-17,2026-06-17 12:45:00,20.775,20.795,20.76,20.77,65244.0
2026-06-17,2026-06-17 12:50:00,20.775,20.775,20.6842,20.685,102231.0
2026-06-17,2026-06-17 12:55:00,20.685,20.685,20.66,20.675,103030.0
2026-06-17,2026-06-17 13:00:00,20.675,20.69,20.67,20.6817,83888.0
2026-06-17,2026-06-17 13:05:00,20.68,20.69,20.67,20.675,73038.0
2026-06-17,2026-06-17 13:10:00,20.6799,20.69,20.65,20.655,110630.0
2026-06-17,2026-06-17 13:15:00,20.66,20.675,20.64,20.64,67731.0
2026-06-17,2026-06-17 13:20:00,20.645,20.655,20.61,20.635,71470.0
2026-06-17,2026-06-17 13:25:00,20.63,20.64,20.6,20.62,96497.0
2026-06-17,2026-06-17 13:30:00,20.62,20.6964,20.62,20.685,218781.0
2026-06-17,2026-06-17 13:35:00,20.685,20.85,20.67,20.79,1057030.0
2026-06-17,2026-06-17 13:40:00,20.795,20.81,20.76,20.77,417437.0
2026-06-17,2026-06-17 13:45:00,20.775,20.775,20.69,20.705,212837.0
2026-06-17,2026-06-17 13:50:00,20.7,20.715,20.67,20.705,279466.0
2026-06-17,2026-06-17 13:55:00,20.705,20.785,20.705,20.775,408144.0
2026-06-17,2026-06-17 14:00:00,20.775,20.8,20.76,20.79,118489.0
2026-06-17,2026-06-17 14:05:00,20.8,20.805,20.55,20.62,248435.0
2026-06-17,2026-06-17 14:10:00,20.61,20.685,20.565,20.685,213665.0
2026-06-17,2026-06-17 14:15:00,20.685,20.74,20.67,20.715,268737.0
2026-06-17,2026-06-17 14:20:00,20.72,20.875,20.71,20.835,276927.0
2026-06-17,2026-06-17 14:25:00,20.83,20.885,20.8,20.835,304493.0
2026-06-17,2026-06-17 14:30:00,20.83,20.8354,20.745,20.745,288586.0
2026-06-17,2026-06-17 14:35:00,20.74,20.84,20.69,20.705,312230.0
2026-06-17,2026-06-17 14:40:00,20.705,20.75,20.66,20.725,106063.0
2026-06-17,2026-06-17 14:45:00,20.72,20.745,20.68,20.735,111417.0
2026-06-17,2026-06-17 14:50:00,20.73,20.73,20.67,20.7,72172.0
2026-06-17,2026-06-17 14:55:00,20.7,20.7201,20.67,20.685,93041.0
2026-06-17,2026-06-17 15:00:00,20.685,20.685,20.59,20.635,118200.0
2026-06-17,2026-06-17 15:05:00,20.635,20.655,20.57,20.615,144202.0
2026-06-17,2026-06-17 15:10:00,20.615,20.6299,20.55,20.55,129150.0
2026-06-17,2026-06-17 15:15:00,20.555,20.61,20.51,20.595,152904.0
2026-06-17,2026-06-17 15:20:00,20.59,20.635,20.54,20.605,227260.0
2026-06-17,2026-06-17 15:25:00,20.605,20.64,20.56,20.56,176438.0
2026-06-17,2026-06-17 15:30:00,20.56,20.605,20.53,20.545,126937.0
2026-06-17,2026-06-17 15:35:00,20.545,20.545,20.46,20.48,186974.0
2026-06-17,2026-06-17 15:40:00,20.485,20.545,20.45,20.4699,195205.0
2026-06-17,2026-06-17 15:45:00,20.465,20.565,20.455,20.505,317076.0
2026-06-17,2026-06-17 15:50:00,20.51,20.5251,20.45,20.515,211707.0
2026-06-17,2026-06-17 15:55:00,20.515,20.515,20.395,20.395,383732.0
2026-06-17,2026-06-17 16:00:00,20.4,20.485,20.34,20.36,5577326.0
2026-06-18,2026-06-18 09:35:00,20.206,20.206,19.775,19.84,553828.0
2026-06-18,2026-06-18 09:40:00,19.86,20.03,19.855,19.93,141874.0
2026-06-18,2026-06-18 09:45:00,19.92,20.085,19.89,20.085,136505.0
2026-06-18,2026-06-18 09:50:00,20.09,20.36,20.09,20.26,182587.0
2026-06-18,2026-06-18 09:55:00,20.26,20.29,20.205,20.23,72199.0
2026-06-18,2026-06-18 10:00:00,20.23,20.23,20.06,20.09,142982.0
2026-06-18,2026-06-18 10:05:00,20.08,20.215,20.08,20.215,147864.0
2026-06-18,2026-06-18 10:10:00,20.215,20.3651,20.215,20.29,100652.0
2026-06-18,2026-06-18 10:15:00,20.2601,20.37,20.2601,20.34,95679.0
2026-06-18,2026-06-18 10:20:00,20.34,20.47,20.335,20.42,87462.0
2026-06-18,2026-06-18 10:25:00,20.42,20.495,20.38,20.39,133225.0
2026-06-18,2026-06-18 10:30:00,20.395,20.42,20.33,20.355,83564.0
2026-06-18,2026-06-18 10:35:00,20.355,20.48,20.355,20.48,124025.0
2026-06-18,2026-06-18 10:40:00,20.475,20.52,20.45,20.5,49252.0
2026-06-18,2026-06-18 10:45:00,20.505,20.505,20.422,20.485,53529.0
2026-06-18,2026-06-18 10:50:00,20.485,20.505,20.46,20.465,58316.0
2026-06-18,2026-06-18 10:55:00,20.465,20.47,20.42,20.455,47287.0
2026-06-18,2026-06-18 11:00:00,20.455,20.485,20.425,20.445,57330.0
2026-06-18,2026-06-18 11:05:00,20.445,20.495,20.415,20.4553,81490.0
2026-06-18,2026-06-18 11:10:00,20.4534,20.505,20.44,20.49,123900.0
2026-06-18,2026-06-18 11:15:00,20.485,20.56,20.4645,20.535,145946.0
2026-06-18,2026-06-18 11:20:00,20.535,20.57,20.525,20.5501,56701.0
2026-06-18,2026-06-18 11:25:00,20.56,20.565,20.52,20.525,59336.0
2026-06-18,2026-06-18 11:30:00,20.52,20.545,20.5,20.5001,73672.0
2026-06-18,2026-06-18 11:35:00,20.505,20.57,20.49,20.5301,120754.0
2026-06-18,2026-06-18 11:40:00,20.535,20.545,20.5,20.535,112862.0
2026-06-18,2026-06-18 11:45:00,20.535,20.55,20.5101,20.525,97111.0
2026-06-18,2026-06-18 11:50:00,20.525,20.55,20.5,20.515,117179.0
2026-06-18,2026-06-18 11:55:00,20.515,20.545,20.495,20.505,103564.0
2026-06-18,2026-06-18 12:00:00,20.51,20.55,20.4928,20.495,91703.0
2026-06-18,2026-06-18 12:05:00,20.495,20.525,20.49,20.495,144151.0
2026-06-18,2026-06-18 12:10:00,20.495,20.67,20.49,20.59,313708.0
2026-06-18,2026-06-18 12:15:00,20.5895,20.625,20.475,20.475,167824.0
2026-06-18,2026-06-18 12:20:00,20.48,20.49,20.425,20.44,230398.0
2026-06-18,2026-06-18 12:25:00,20.44,20.4699,20.43,20.445,71880.0
2026-06-18,2026-06-18 12:30:00,20.45,20.515,20.45,20.475,92206.0
2026-06-18,2026-06-18 12:35:00,20.47,20.5,20.4642,20.4699,64672.0
2026-06-18,2026-06-18 12:40:00,20.465,20.475,20.44,20.455,97917.0
2026-06-18,2026-06-18 12:45:00,20.455,20.465,20.3801,20.385,80587.0
2026-06-18,2026-06-18 12:50:00,20.385,20.42,20.385,20.405,63257.0
2026-06-18,2026-06-18 12:55:00,20.405,20.415,20.36,20.365,64896.0
2026-06-18,2026-06-18 13:00:00,20.362,20.41,20.35,20.395,131599.0
2026-06-18,2026-06-18 13:05:00,20.4,20.465,20.395,20.45,62078.0
2026-06-18,2026-06-18 13:10:00,20.45,20.48,20.44,20.465,94032.0
2026-06-18,2026-06-18 13:15:00,20.465,20.475,20.4201,20.43,101575.0
2026-06-18,2026-06-18 13:20:00,20.4281,20.495,20.425,20.495,150543.0
2026-06-18,2026-06-18 13:25:00,20.49,20.49,20.455,20.455,94310.0
2026-06-18,2026-06-18 13:30:00,20.455,20.49,20.445,20.475,220122.0
2026-06-18,2026-06-18 13:35:00,20.475,20.525,20.475,20.495,118993.0
2026-06-18,2026-06-18 13:40:00,20.49,20.49,20.46,20.46,72529.0
2026-06-18,2026-06-18 13:45:00,20.465,20.4795,20.445,20.47,87894.0
2026-06-18,2026-06-18 13:50:00,20.4798,20.49,20.44,20.455,119973.0
2026-06-18,2026-06-18 13:55:00,20.46,20.46,20.4,20.42,238339.0
2026-06-18,2026-06-18 14:00:00,20.415,20.445,20.415,20.425,39522.0
2026-06-18,2026-06-18 14:05:00,20.43,20.445,20.39,20.43,93445.0
2026-06-18,2026-06-18 14:10:00,20.425,20.435,20.4,20.405,78736.0
2026-06-18,2026-06-18 14:15:00,20.41,20.43,20.4,20.405,49537.0
2026-06-18,2026-06-18 14:20:00,20.41,20.415,20.36,20.365,70981.0
2026-06-18,2026-06-18 14:25:00,20.365,20.395,20.355,20.385,55638.0
2026-06-18,2026-06-18 14:30:00,20.385,20.39,20.3425,20.375,62485.0
2026-06-18,2026-06-18 14:35:00,20.365,20.385,20.365,20.365,79202.0
2026-06-18,2026-06-18 14:40:00,20.365,20.395,20.35,20.385,137424.0
2026-06-18,2026-06-18 14:45:00,20.385,20.4,20.37,20.395,95610.0
2026-06-18,2026-06-18 14:50:00,20.395,20.43,20.39,20.425,127008.0
2026-06-18,2026-06-18 14:55:00,20.425,20.455,20.39,20.445,129243.0
2026-06-18,2026-06-18 15:00:00,20.445,20.46,20.405,20.43,225329.0
2026-06-18,2026-06-18 15:05:00,20.43,20.44644,20.385,20.44,306150.0
2026-06-18,2026-06-18 15:10:00,20.44,20.475,20.4301,20.445,383630.0
2026-06-18,2026-06-18 15:15:00,20.44,20.44,20.414,20.425,204213.0
2026-06-18,2026-06-18 15:20:00,20.425,20.435,20.355,20.38,217249.0
2026-06-18,2026-06-18 15:25:00,20.375,20.39,20.32,20.375,308588.0
2026-06-18,2026-06-18 15:30:00,20.375,20.385,20.35,20.35,175892.0
2026-06-18,2026-06-18 15:35:00,20.355,20.3851,20.33,20.335,175066.0
2026-06-18,2026-06-18 15:40:00,20.335,20.395,20.335,20.385,165838.0
2026-06-18,2026-06-18 15:45:00,20.385,20.43,20.36,20.38,198854.0
2026-06-18,2026-06-18 15:50:00,20.385,20.405,20.24,20.28,595686.0
2026-06-18,2026-06-18 15:55:00,20.28,20.335,20.25,20.315,583885.0
2026-06-18,2026-06-18 16:00:00,20.32,20.445,20.27,20.27,21596822.0
2026-06-22,2026-06-22 09:35:00,20.14,20.14,19.74,19.9,631759.0
2026-06-22,2026-06-22 09:40:00,19.91,20.25,19.9,20.17,171359.0
2026-06-22,2026-06-22 09:45:00,20.17,20.32,20.1,20.32,133226.0
2026-06-22,2026-06-22 09:50:00,20.32,20.39,20.25,20.3,130541.0
2026-06-22,2026-06-22 09:55:00,20.3,20.35,20.24,20.33,101837.0
2026-06-22,2026-06-22 10:00:00,20.315,20.37,20.2501,20.345,189758.0
2026-06-22,2026-06-22 10:05:00,20.345,20.41,20.24,20.27,238941.0
2026-06-22,2026-06-22 10:10:00,20.265,20.3,20.195,20.245,360051.0
2026-06-22,2026-06-22 10:15:00,20.245,20.26,20.105,20.115,189839.0
2026-06-22,2026-06-22 10:20:00,20.115,20.125,20.03,20.04,93538.0
2026-06-22,2026-06-22 10:25:00,20.035,20.05,19.92,19.925,131194.0
2026-06-22,2026-06-22 10:30:00,19.92,19.93,19.795,19.835,120247.0
2026-06-22,2026-06-22 10:35:00,19.835,19.88,19.815,19.855,135577.0
2026-06-22,2026-06-22 10:40:00,19.856,19.87,19.765,19.81,90194.0
2026-06-22,2026-06-22 10:45:00,19.815,19.825,19.78,19.78,86056.0
2026-06-22,2026-06-22 10:50:00,19.785,19.815,19.75,19.755,65255.0
2026-06-22,2026-06-22 10:55:00,19.75,19.78,19.62,19.63,136650.0
2026-06-22,2026-06-22 11:00:00,19.6262,19.64,19.61,19.63,98000.0
2026-06-22,2026-06-22 11:05:00,19.6227,19.67,19.545,19.545,77486.0
2026-06-22,2026-06-22 11:10:00,19.545,19.56,19.49,19.505,119445.0
2026-06-22,2026-06-22 11:15:00,19.505,19.505,19.425,19.425,90158.0
2026-06-22,2026-06-22 11:20:00,19.42,19.435,19.33,19.365,126683.0
2026-06-22,2026-06-22 11:25:00,19.36,19.37,19.3,19.365,102131.0
2026-06-22,2026-06-22 11:30:00,19.36,19.425,19.355,19.395,137238.0
2026-06-22,2026-06-22 11:35:00,19.395,19.46,19.395,19.435,122864.0
2026-06-22,2026-06-22 11:40:00,19.435,19.4758,19.435,19.47,142658.0
2026-06-22,2026-06-22 11:45:00,19.465,19.495,19.45,19.48,120952.0
2026-06-22,2026-06-22 11:50:00,19.48,19.555,19.475,19.52,169955.0
2026-06-22,2026-06-22 11:55:00,19.525,19.56,19.51,19.5546,189544.0
2026-06-22,2026-06-22 12:00:00,19.555,19.58,19.545,19.5625,224391.0
2026-06-22,2026-06-22 12:05:00,19.565,19.58,19.515,19.5299,183092.0
2026-06-22,2026-06-22 12:10:00,19.53,19.57,19.52,19.53,153269.0
2026-06-22,2026-06-22 12:15:00,19.53,19.54,19.51,19.53,109083.0
2026-06-22,2026-06-22 12:20:00,19.5299,19.5498,19.51,19.54,124096.0
2026-06-22,2026-06-22 12:25:00,19.5497,19.55,19.49,19.535,142208.0
2026-06-22,2026-06-22 12:30:00,19.53,19.53,19.4845,19.5036,113641.0
2026-06-22,2026-06-22 12:35:00,19.505,19.525,19.465,19.475,111365.0
2026-06-22,2026-06-22 12:40:00,19.475,19.495,19.465,19.48,81638.0
2026-06-22,2026-06-22 12:45:00,19.48,19.495,19.47,19.475,85702.0
2026-06-22,2026-06-22 12:50:00,19.475,19.535,19.475,19.525,138122.0
2026-06-22,2026-06-22 12:55:00,19.5264,19.54,19.51,19.525,90285.0
2026-06-22,2026-06-22 13:00:00,19.525,19.535,19.495,19.52,173585.0
2026-06-22,2026-06-22 13:05:00,19.525,19.525,19.435,19.455,207511.0
2026-06-22,2026-06-22 13:10:00,19.45,19.49,19.43,19.465,141129.0
2026-06-22,2026-06-22 13:15:00,19.47,19.49,19.46,19.465,124790.0
2026-06-22,2026-06-22 13:20:00,19.465,19.485,19.42,19.435,181705.0
2026-06-22,2026-06-22 13:25:00,19.44,19.455,19.385,19.435,136689.0
2026-06-22,2026-06-22 13:30:00,19.4399,19.475,19.4,19.465,164803.0
2026-06-22,2026-06-22 13:35:00,19.465,19.47,19.44,19.465,187596.0
2026-06-22,2026-06-22 13:40:00,19.465,19.485,19.45,19.485,122943.0
2026-06-22,2026-06-22 13:45:00,19.485,19.505,19.47,19.5,109310.0
2026-06-22,2026-06-22 13:50:00,19.5047,19.5282,19.495,19.52,136773.0
2026-06-22,2026-06-22 13:55:00,19.515,19.545,19.51,19.535,87176.0
2026-06-22,2026-06-22 14:00:00,19.535,19.555,19.525,19.525,135889.0
2026-06-22,2026-06-22 14:05:00,19.525,19.56,19.495,19.505,159352.0
2026-06-22,2026-06-22 14:10:00,19.505,19.54,19.4901,19.535,149653.0
2026-06-22,2026-06-22 14:15:00,19.535,19.55,19.51,19.535,117344.0
2026-06-22,2026-06-22 14:20:00,19.54,19.57,19.52,19.535,154099.0
2026-06-22,2026-06-22 14:25:00,19.54,19.605,19.535,19.57,165208.0
2026-06-22,2026-06-22 14:30:00,19.57,19.57,19.545,19.565,116800.0
2026-06-22,2026-06-22 14:35:00,19.565,19.605,19.565,19.595,163702.0
2026-06-22,2026-06-22 14:40:00,19.59,19.595,19.5601,19.565,116009.0
2026-06-22,2026-06-22 14:45:00,19.565,19.585,19.56,19.565,193362.0
2026-06-22,2026-06-22 14:50:00,19.565,19.57,19.505,19.515,143078.0
2026-06-22,2026-06-22 14:55:00,19.515,19.515,19.455,19.455,169629.0
2026-06-22,2026-06-22 15:00:00,19.455,19.465,19.415,19.44,217500.0
2026-06-22,2026-06-22 15:05:00,19.435,19.475,19.405,19.475,450197.0
2026-06-22,2026-06-22 15:10:00,19.475,19.52,19.445,19.475,172889.0
2026-06-22,2026-06-22 15:15:00,19.475,19.475,19.44,19.475,161581.0
2026-06-22,2026-06-22 15:20:00,19.47,19.475,19.4,19.425,263793.0
2026-06-22,2026-06-22 15:25:00,19.425,19.425,19.365,19.3801,206768.0
2026-06-22,2026-06-22 15:30:00,19.3836,19.405,19.375,19.39,222766.0
2026-06-22,2026-06-22 15:35:00,19.39,19.42,19.3745,19.415,307156.0
2026-06-22,2026-06-22 15:40:00,19.415,19.4199,19.37,19.39,255809.0
2026-06-22,2026-06-22 15:45:00,19.385,19.5,19.375,19.495,339327.0
2026-06-22,2026-06-22 15:50:00,19.5,19.66,19.5,19.635,359078.0
2026-06-22,2026-06-22 15:55:00,19.635,19.67,19.575,19.64,738174.0
2026-06-22,2026-06-22 16:00:00,19.64,19.645,19.49,19.5,7788981.0
2026-06-23,2026-06-23 09:35:00,18.725,20.0,18.725,19.885,2300562.0
2026-06-23,2026-06-23 09:40:00,19.88,20.03,19.805,19.92,315590.0
2026-06-23,2026-06-23 09:45:00,19.915,20.185,19.855,20.12,215187.0
2026-06-23,2026-06-23 09:50:00,20.11,20.11,19.93,20.0,252050.0
2026-06-23,2026-06-23 09:55:00,19.99,20.25,19.975,20.25,193522.0
2026-06-23,2026-06-23 10:00:00,20.2507,20.44,20.25,20.42,207600.0
2026-06-23,2026-06-23 10:05:00,20.42,20.435,20.325,20.38,238600.0
2026-06-23,2026-06-23 10:10:00,20.38,20.495,20.35,20.4,212895.0
2026-06-23,2026-06-23 10:15:00,20.405,20.455,20.14,20.195,263563.0
2026-06-23,2026-06-23 10:20:00,20.195,20.195,19.93,19.945,198315.0
2026-06-23,2026-06-23 10:25:00,19.94,19.98,19.845,19.88,256233.0
2026-06-23,2026-06-23 10:30:00,19.88,19.935,19.835,19.885,158573.0
2026-06-23,2026-06-23 10:35:00,19.88,20.005,19.85,19.995,317198.0
2026-06-23,2026-06-23 10:40:00,20.0,20.145,19.945,20.125,151633.0
2026-06-23,2026-06-23 10:45:00,20.125,20.13,20.02,20.04,122462.0
2026-06-23,2026-06-23 10:50:00,20.035,20.06,19.985,19.99,222285.0
2026-06-23,2026-06-23 10:55:00,19.99,20.07,19.97,20.025,187216.0
2026-06-23,2026-06-23 11:00:00,20.025,20.025,19.925,19.955,125495.0
2026-06-23,2026-06-23 11:05:00,19.955,19.99,19.885,19.905,130315.0
2026-06-23,2026-06-23 11:10:00,19.905,19.969,19.885,19.965,103102.0
2026-06-23,2026-06-23 11:15:00,19.97,20.045,19.94,20.025,151561.0
2026-06-23,2026-06-23 11:20:00,20.02,20.02,19.95,19.97,132660.0
2026-06-23,2026-06-23 11:25:00,19.965,19.97,19.92,19.935,93001.0
2026-06-23,2026-06-23 11:30:00,19.93,19.966462,19.905,19.935,103410.0
2026-06-23,2026-06-23 11:35:00,19.93,19.975,19.92,19.955,89887.0
2026-06-23,2026-06-23 11:40:00,19.955,19.96,19.89,19.892,70667.0
2026-06-23,2026-06-23 11:45:00,19.895,19.915,19.86,19.9,75950.0
2026-06-23,2026-06-23 11:50:00,19.895,19.905,19.845,19.89,64007.0
2026-06-23,2026-06-23 11:55:00,19.89,19.895,19.86,19.885,88278.0
2026-06-23,2026-06-23 12:00:00,19.885,19.92,19.8601,19.895,158095.0
2026-06-23,2026-06-23 12:05:00,19.895,19.92,19.875,19.905,108546.0
2026-06-23,2026-06-23 12:10:00,19.9,19.955,19.895,19.955,107440.0
2026-06-23,2026-06-23 12:15:00,19.96,19.97,19.895,19.935,94462.0
2026-06-23,2026-06-23 12:20:00,19.935,19.94,19.865,19.875,88791.0
2026-06-23,2026-06-23 12:25:00,19.875,20.0,19.865,19.955,279936.0
2026-06-23,2026-06-23 12:30:00,19.955,20.0,19.95,19.965,278994.0
2026-06-23,2026-06-23 12:35:00,19.965,20.0,19.945,19.995,187075.0
2026-06-23,2026-06-23 12:40:00,19.995,20.025,19.9601,19.9736,172857.0
2026-06-23,2026-06-23 12:45:00,19.98,19.99,19.91,19.935,287599.0
2026-06-23,2026-06-23 12:50:00,19.935,19.99,19.935,19.98,152877.0
2026-06-23,2026-06-23 12:55:00,19.9725,19.99,19.945,19.955,170781.0
2026-06-23,2026-06-23 13:00:00,19.955,20.085,19.955,20.085,160097.0
2026-06-23,2026-06-23 13:05:00,20.082,20.099,20.05,20.055,104901.0
2026-06-23,2026-06-23 13:10:00,20.055,20.07,20.035,20.06,78557.0
2026-06-23,2026-06-23 13:15:00,20.06,20.085,20.045,20.085,90302.0
2026-06-23,2026-06-23 13:20:00,20.085,20.095,20.06,20.095,86835.0
2026-06-23,2026-06-23 13:25:00,20.1,20.13,20.0909,20.095,156861.0
2026-06-23,2026-06-23 13:30:00,20.09,20.1,20.02,20.035,192593.0
2026-06-23,2026-06-23 13:35:00,20.035,20.075,20.03,20.07,141645.0
2026-06-23,2026-06-23 13:40:00,20.08,20.09,20.045,20.045,114823.0
2026-06-23,2026-06-23 13:45:00,20.045,20.08,20.03,20.08,98316.0
2026-06-23,2026-06-23 13:50:00,20.075,20.095,20.065,20.075,114722.0
2026-06-23,2026-06-23 13:55:00,20.07,20.09,19.99,19.995,130737.0
2026-06-23,2026-06-23 14:00:00,19.995,20.03,19.985,20.01,83250.0
2026-06-23,2026-06-23 14:05:00,20.01,20.01,19.965,19.995,95833.0
2026-06-23,2026-06-23 14:10:00,19.99,20.0,19.94,19.96,159273.0
2026-06-23,2026-06-23 14:15:00,19.96,19.965,19.93,19.965,90393.0
2026-06-23,2026-06-23 14:20:00,19.96,19.99,19.94,19.98,77784.0
2026-06-23,2026-06-23 14:25:00,19.975,19.98,19.925,19.93,92203.0
2026-06-23,2026-06-23 14:30:00,19.935,19.94,19.855,19.855,125514.0
2026-06-23,2026-06-23 14:35:00,19.86,19.88,19.82,19.845,108704.0
2026-06-23,2026-06-23 14:40:00,19.8499,19.85,19.775,19.785,106426.0
2026-06-23,2026-06-23 14:45:00,19.78,19.785,19.74,19.755,93803.0
2026-06-23,2026-06-23 14:50:00,19.75,19.75,19.7,19.73,107543.0
2026-06-23,2026-06-23 14:55:00,19.725,19.75,19.72,19.725,66421.0
2026-06-23,2026-06-23 15:00:00,19.725,19.775,19.715,19.745,130490.0
2026-06-23,2026-06-23 15:05:00,19.745,19.775,19.725,19.765,138990.0
2026-06-23,2026-06-23 15:10:00,19.765,19.77,19.71,19.71,119388.0
2026-06-23,2026-06-23 15:15:00,19.715,19.81,19.705,19.785,202690.0
2026-06-23,2026-06-23 15:20:00,19.785,19.835,19.655,19.675,603187.0
2026-06-23,2026-06-23 15:25:00,19.675,19.69,19.62,19.63,286709.0
2026-06-23,2026-06-23 15:30:00,19.635,19.74,19.61,19.735,256705.0
2026-06-23,2026-06-23 15:35:00,19.735,19.735,19.63,19.665,172075.0
2026-06-23,2026-06-23 15:40:00,19.67,19.695,19.6499,19.655,180721.0
2026-06-23,2026-06-23 15:45:00,19.65,19.76,19.64,19.745,537012.0
2026-06-23,2026-06-23 15:50:00,19.74,19.76,19.71,19.735,651088.0
2026-06-23,2026-06-23 15:55:00,19.74,19.75,19.64,19.64,894450.0
2026-06-23,2026-06-23 16:00:00,19.64,19.65,19.515,19.53,7245779.0
2026-06-24,2026-06-24 09:35:00,19.57,20.16,19.57,20.12,290466.0
2026-06-24,2026-06-24 09:40:00,20.12,20.22,20.01,20.015,123842.0
2026-06-24,2026-06-24 09:45:00,20.01,20.06,19.83,19.91,97918.0
2026-06-24,2026-06-24 09:50:00,19.91,19.92,19.63,19.69,107915.0
2026-06-24,2026-06-24 09:55:00,19.685,19.88,19.66,19.845,68257.0
2026-06-24,2026-06-24 10:00:00,19.8301,19.85,19.72,19.79,60117.0
2026-06-24,2026-06-24 10:05:00,19.79,19.8,19.6767,19.73,65511.0
2026-06-24,2026-06-24 10:10:00,19.725,19.84,19.645,19.79,98091.0
2026-06-24,2026-06-24 10:15:00,19.785,19.81,19.7,19.74,110761.0
2026-06-24,2026-06-24 10:20:00,19.74,19.78,19.71,19.74,52236.0
2026-06-24,2026-06-24 10:25:00,19.74,19.86,19.705,19.81,66794.0
2026-06-24,2026-06-24 10:30:00,19.79,19.88,19.75,19.865,59357.0
2026-06-24,2026-06-24 10:35:00,19.86,19.97,19.86,19.94,64004.0
2026-06-24,2026-06-24 10:40:00,19.94,19.95,19.85,19.85,94183.0
2026-06-24,2026-06-24 10:45:00,19.86,19.925,19.815,19.925,64714.0
2026-06-24,2026-06-24 10:50:00,19.925,19.98,19.915,19.945,103677.0
2026-06-24,2026-06-24 10:55:00,19.945,20.0,19.94,19.975,92871.0
2026-06-24,2026-06-24 11:00:00,19.975,20.045,19.975,20.045,98217.0
2026-06-24,2026-06-24 11:05:00,20.045,20.16,20.035,20.125,124513.0
2026-06-24,2026-06-24 11:10:00,20.12,20.25,20.115,20.215,148636.0
2026-06-24,2026-06-24 11:15:00,20.215,20.23,20.16,20.205,119910.0
2026-06-24,2026-06-24 11:20:00,20.21,20.35,20.205,20.34,120058.0
2026-06-24,2026-06-24 11:25:00,20.35,20.42,20.3,20.405,204825.0
2026-06-24,2026-06-24 11:30:00,20.4,20.4,20.305,20.335,100423.0
2026-06-24,2026-06-24 11:35:00,20.335,20.35,20.295,20.295,65982.0
2026-06-24,2026-06-24 11:40:00,20.295,20.31,20.225,20.25,120739.0
2026-06-24,2026-06-24 11:45:00,20.255,20.26,20.2,20.21,53157.0
2026-06-24,2026-06-24 11:50:00,20.215,20.215,20.155,20.165,83016.0
2026-06-24,2026-06-24 11:55:00,20.165,20.19,20.14,20.145,41727.0
2026-06-24,2026-06-24 12:00:00,20.145,20.17,20.14,20.17,62419.0
2026-06-24,2026-06-24 12:05:00,20.155,20.185,20.15,20.155,43767.0
2026-06-24,2026-06-24 12:10:00,20.155,20.19,20.145,20.185,40778.0
2026-06-24,2026-06-24 12:15:00,20.185,20.21,20.175,20.205,35386.0
2026-06-24,2026-06-24 12:20:00,20.205,20.22,20.18,20.205,54259.0
2026-06-24,2026-06-24 12:25:00,20.205,20.22,20.1701,20.18,39925.0
2026-06-24,2026-06-24 12:30:00,20.18,20.19,20.16,20.16,28622.0
2026-06-24,2026-06-24 12:35:00,20.165,20.18,20.135,20.145,29599.0
2026-06-24,2026-06-24 12:40:00,20.145,20.15,20.03,20.04,54142.0
2026-06-24,2026-06-24 12:45:00,20.045,20.13,20.045,20.125,62553.0
2026-06-24,2026-06-24 12:50:00,20.125,20.15,20.1101,20.145,61208.0
2026-06-24,2026-06-24 12:55:00,20.145,20.17,20.135,20.135,40909.0
2026-06-24,2026-06-24 13:00:00,20.13,20.15,20.115,20.115,50448.0
2026-06-24,2026-06-24 13:05:00,20.115,20.15,20.105,20.125,34539.0
2026-06-24,2026-06-24 13:10:00,20.12,20.13,20.035,20.035,65350.0
2026-06-24,2026-06-24 13:15:00,20.035,20.05,20.02,20.045,85649.0
2026-06-24,2026-06-24 13:20:00,20.05,20.05,20.0,20.015,55861.0
2026-06-24,2026-06-24 13:25:00,20.0101,20.03,19.975,20.025,61135.0
2026-06-24,2026-06-24 13:30:00,20.02,20.03,19.99,19.99,47525.0
2026-06-24,2026-06-24 13:35:00,19.99,20.02,19.955,19.99,123615.0
2026-06-24,2026-06-24 13:40:00,19.985,19.99,19.88,19.925,102748.0
2026-06-24,2026-06-24 13:45:00,19.92,20.0,19.9049,19.965,152482.0
2026-06-24,2026-06-24 13:50:00,19.965,19.98,19.93,19.96,33781.0
2026-06-24,2026-06-24 13:55:00,19.95,19.955,19.915,19.93,39589.0
2026-06-24,2026-06-24 14:00:00,19.935,19.96,19.92,19.9225,104850.0
2026-06-24,2026-06-24 14:05:00,19.93,19.94,19.89,19.91,58731.0
2026-06-24,2026-06-24 14:10:00,19.91,19.94,19.9,19.935,44758.0
2026-06-24,2026-06-24 14:15:00,19.935,19.98,19.935,19.97,42840.0
2026-06-24,2026-06-24 14:20:00,19.975,20.0,19.935,19.97,55653.0
2026-06-24,2026-06-24 14:25:00,19.975,20.04,19.975,20.035,41254.0
2026-06-24,2026-06-24 14:30:00,20.04,20.04,20.015,20.035,58095.0
2026-06-24,2026-06-24 14:35:00,20.035,20.05,20.015,20.015,42569.0
2026-06-24,2026-06-24 14:40:00,20.01,20.03,19.99,20.015,116855.0
2026-06-24,2026-06-24 14:45:00,20.015,20.02,19.96,19.985,72302.0
2026-06-24,2026-06-24 14:50:00,19.985,19.99,19.935,19.945,52024.0
2026-06-24,2026-06-24 14:55:00,19.95,19.96,19.925,19.935,68826.0
2026-06-24,2026-06-24 15:00:00,19.93,19.96,19.925,19.935,41343.0
2026-06-24,2026-06-24 15:05:00,19.94,19.95,19.89,19.915,76380.0
2026-06-24,2026-06-24 15:10:00,19.915,19.92,19.8801,19.915,72358.0
2026-06-24,2026-06-24 15:15:00,19.915,19.92,19.875,19.91,49951.0
2026-06-24,2026-06-24 15:20:00,19.91,19.93,19.8801,19.93,71712.0
2026-06-24,2026-06-24 15:25:00,19.9101,19.93,19.905,19.925,50138.0
2026-06-24,2026-06-24 15:30:00,19.925,19.94,19.9,19.905,86140.0
2026-06-24,2026-06-24 15:35:00,19.905,19.93,19.89,19.905,77964.0
2026-06-24,2026-06-24 15:40:00,19.905,19.92,19.88,19.9,84385.0
2026-06-24,2026-06-24 15:45:00,19.905,19.93,19.87,19.895,146098.0
2026-06-24,2026-06-24 15:50:00,19.895,19.91,19.865,19.895,163101.0
2026-06-24,2026-06-24 15:55:00,19.89,19.9,19.84,19.845,246703.0
2026-06-24,2026-06-24 16:00:00,19.84,19.91,19.82,19.86,2782991.0
2026-06-25,2026-06-25 09:35:00,19.82,19.82,19.44,19.63,233261.0
2026-06-25,2026-06-25 09:40:00,19.65,19.8,19.54,19.55,92714.0
2026-06-25,2026-06-25 09:45:00,19.54,19.62,19.49,19.61,58746.0
2026-06-25,2026-06-25 09:50:00,19.6,19.61,19.3,19.32,96978.0
2026-06-25,2026-06-25 09:55:00,19.33,19.385,19.24,19.28,134518.0
2026-06-25,2026-06-25 10:00:00,19.29,19.415,19.27,19.385,86113.0
2026-06-25,2026-06-25 10:05:00,19.39,19.63,19.345,19.49,144004.0
2026-06-25,2026-06-25 10:10:00,19.49,19.62,19.455,19.62,86123.0
2026-06-25,2026-06-25 10:15:00,19.63,19.67,19.485,19.58,105217.0
2026-06-25,2026-06-25 10:20:00,19.58,19.69,19.5799,19.69,94740.0
2026-06-25,2026-06-25 10:25:00,19.68,19.795,19.645,19.775,174242.0
2026-06-25,2026-06-25 10:30:00,19.78,19.84,19.74,19.795,297298.0
2026-06-25,2026-06-25 10:35:00,19.785,19.8,19.645,19.66,283681.0
2026-06-25,2026-06-25 10:40:00,19.665,19.6651,19.575,19.58,59045.0
2026-06-25,2026-06-25 10:45:00,19.58,19.6,19.48,19.515,100990.0
2026-06-25,2026-06-25 10:50:00,19.515,19.515,19.42,19.495,64994.0
2026-06-25,2026-06-25 10:55:00,19.495,19.575,19.465,19.555,67252.0
2026-06-25,2026-06-25 11:00:00,19.55,19.555,19.37,19.395,101784.0
2026-06-25,2026-06-25 11:05:00,19.395,19.43,19.365,19.415,99815.0
2026-06-25,2026-06-25 11:10:00,19.42,19.425,19.32,19.33,34686.0
2026-06-25,2026-06-25 11:15:00,19.325,19.345,19.25,19.3,89708.0
2026-06-25,2026-06-25 11:20:00,19.295,19.335,19.26,19.325,82145.0
2026-06-25,2026-06-25 11:25:00,19.33,19.41,19.3,19.39,46841.0
2026-06-25,2026-06-25 11:30:00,19.4,19.415,19.355,19.4,76479.0
2026-06-25,2026-06-25 11:35:00,19.41,19.465,19.4,19.43,48501.0
2026-06-25,2026-06-25 11:40:00,19.435,19.53,19.43,19.5,90000.0
2026-06-25,2026-06-25 11:45:00,19.5,19.565,19.485,19.53,77012.0
2026-06-25,2026-06-25 11:50:00,19.53,19.57,19.52,19.53,83331.0
2026-06-25,2026-06-25 11:55:00,19.53,19.535,19.49,19.515,68743.0
2026-06-25,2026-06-25 12:00:00,19.51,19.515,19.4901,19.495,57497.0
2026-06-25,2026-06-25 12:05:00,19.5,19.51,19.47,19.505,80230.0
2026-06-25,2026-06-25 12:10:00,19.5,19.535,19.48,19.525,41261.0
2026-06-25,2026-06-25 12:15:00,19.53,19.555,19.495,19.5207,51091.0
2026-06-25,2026-06-25 12:20:00,19.52,19.535,19.495,19.525,60924.0
2026-06-25,2026-06-25 12:25:00,19.525,19.56,19.5,19.51,73168.0
2026-06-25,2026-06-25 12:30:00,19.505,19.515,19.485,19.505,90135.0
2026-06-25,2026-06-25 12:35:00,19.505,19.51,19.43,19.445,123956.0
2026-06-25,2026-06-25 12:40:00,19.445,19.475,19.42,19.425,56711.0
2026-06-25,2026-06-25 12:45:00,19.425,19.435,19.39,19.42,85029.0
2026-06-25,2026-06-25 12:50:00,19.425,19.445,19.41,19.435,38949.0
2026-06-25,2026-06-25 12:55:00,19.435,19.4577,19.42,19.45,36065.0
2026-06-25,2026-06-25 13:00:00,19.45,19.47,19.45,19.465,46799.0
2026-06-25,2026-06-25 13:05:00,19.465,19.485,19.44,19.44,34363.0
2026-06-25,2026-06-25 13:10:00,19.44,19.455,19.435,19.435,35061.0
2026-06-25,2026-06-25 13:15:00,19.435,19.46,19.415,19.445,29183.0
2026-06-25,2026-06-25 13:20:00,19.445,19.485,19.445,19.47,50955.0
2026-06-25,2026-06-25 13:25:00,19.465,19.48,19.435,19.46,45961.0
2026-06-25,2026-06-25 13:30:00,19.46,19.5,19.455,19.49,47665.0
2026-06-25,2026-06-25 13:35:00,19.49,19.495,19.44,19.445,53540.0
2026-06-25,2026-06-25 13:40:00,19.445,19.465,19.405,19.415,163534.0
2026-06-25,2026-06-25 13:45:00,19.415,19.42,19.365,19.365,45580.0
2026-06-25,2026-06-25 13:50:00,19.365,19.385,19.35,19.375,57246.0
2026-06-25,2026-06-25 13:55:00,19.37,19.395,19.35,19.39,70066.0
2026-06-25,2026-06-25 14:00:00,19.39,19.43,19.375,19.425,66074.0
2026-06-25,2026-06-25 14:05:00,19.43,19.445,19.37,19.39,261575.0
2026-06-25,2026-06-25 14:10:00,19.395,19.4351,19.375,19.395,283776.0
2026-06-25,2026-06-25 14:15:00,19.4,19.405,19.34,19.355,256119.0
2026-06-25,2026-06-25 14:20:00,19.36,19.455,19.355,19.445,216759.0
2026-06-25,2026-06-25 14:25:00,19.445,19.475,19.425,19.465,103235.0
2026-06-25,2026-06-25 14:30:00,19.47,19.52,19.47,19.515,135542.0
2026-06-25,2026-06-25 14:35:00,19.515,19.515,19.485,19.485,96279.0
2026-06-25,2026-06-25 14:40:00,19.485,19.49,19.46,19.465,81697.0
2026-06-25,2026-06-25 14:45:00,19.47,19.475,19.44,19.445,48373.0
2026-06-25,2026-06-25 14:50:00,19.4497,19.455,19.38,19.405,107037.0
2026-06-25,2026-06-25 14:55:00,19.405,19.405,19.24,19.245,338366.0
2026-06-25,2026-06-25 15:00:00,19.245,19.295,19.22,19.295,440577.0
2026-06-25,2026-06-25 15:05:00,19.295,19.295,19.205,19.245,219387.0
2026-06-25,2026-06-25 15:10:00,19.245,19.285,19.225,19.255,187498.0
2026-06-25,2026-06-25 15:15:00,19.26,19.305,19.245,19.305,284328.0
2026-06-25,2026-06-25 15:20:00,19.3,19.37,19.29,19.355,196637.0
2026-06-25,2026-06-25 15:25:00,19.355,19.37,19.325,19.33,172138.0
2026-06-25,2026-06-25 15:30:00,19.33,19.375,19.32,19.35,165109.0
2026-06-25,2026-06-25 15:35:00,19.345,19.355,19.295,19.355,220448.0
2026-06-25,2026-06-25 15:40:00,19.3575,19.4,19.34,19.4,164489.0
2026-06-25,2026-06-25 15:45:00,19.4,19.465,19.4,19.45,307865.0
2026-06-25,2026-06-25 15:50:00,19.445,19.465,19.4,19.455,211831.0
2026-06-25,2026-06-25 15:55:00,19.455,19.475,19.435,19.455,371767.0
2026-06-25,2026-06-25 16:00:00,19.455,19.64,19.415,19.48,3506598.0
2026-06-26,2026-06-26 09:35:00,19.53,19.76,19.53,19.73,152485.0
2026-06-26,2026-06-26 09:40:00,19.73,19.85,19.7,19.85,55434.0
2026-06-26,2026-06-26 09:45:00,19.83,19.895,19.711,19.84,68820.0
2026-06-26,2026-06-26 09:50:00,19.845,20.1,19.765,20.05,269093.0
2026-06-26,2026-06-26 09:55:00,20.05,20.05,19.89,19.95,220311.0
2026-06-26,2026-06-26 10:00:00,19.96,19.995,19.905,19.96,105473.0
2026-06-26,2026-06-26 10:05:00,19.96,20.1,19.93,20.1,71995.0
2026-06-26,2026-06-26 10:10:00,20.1,20.145,20.03,20.07,91596.0
2026-06-26,2026-06-26 10:15:00,20.075,20.18,20.06,20.135,96947.0
2026-06-26,2026-06-26 10:20:00,20.135,20.18,20.07,20.115,62653.0
2026-06-26,2026-06-26 10:25:00,20.105,20.145,20.035,20.04,97484.0
2026-06-26,2026-06-26 10:30:00,20.035,20.12,20.025,20.115,65411.0
2026-06-26,2026-06-26 10:35:00,20.105,20.22,20.09,20.165,139794.0
2026-06-26,2026-06-26 10:40:00,20.16,20.19,20.125,20.13,65619.0
2026-06-26,2026-06-26 10:45:00,20.125,20.185,20.07,20.155,44100.0
2026-06-26,2026-06-26 10:50:00,20.155,20.25,20.145,20.205,63489.0
2026-06-26,2026-06-26 10:55:00,20.205,20.24,20.16,20.18,69699.0
2026-06-26,2026-06-26 11:00:00,20.185,20.245,20.16,20.2,44617.0
2026-06-26,2026-06-26 11:05:00,20.2,20.24,20.1,20.12,128122.0
2026-06-26,2026-06-26 11:10:00,20.12,20.155,20.12,20.15,65113.0
2026-06-26,2026-06-26 11:15:00,20.155,20.165,20.135,20.15,28604.0
2026-06-26,2026-06-26 11:20:00,20.15,20.21,20.135,20.19,34929.0
2026-06-26,2026-06-26 11:25:00,20.19,20.225,20.19,20.225,50865.0
2026-06-26,2026-06-26 11:30:00,20.22,20.27,20.21,20.27,45740.0
2026-06-26,2026-06-26 11:35:00,20.27,20.375,20.27,20.375,138810.0
2026-06-26,2026-06-26 11:40:00,20.375,20.385,20.34,20.375,52617.0
2026-06-26,2026-06-26 11:45:00,20.38,20.435,20.37,20.435,78189.0
2026-06-26,2026-06-26 11:50:00,20.44,20.445,20.375,20.405,81610.0
2026-06-26,2026-06-26 11:55:00,20.41,20.41,20.305,20.315,178219.0
2026-06-26,2026-06-26 12:00:00,20.315,20.365,20.305,20.36,67026.0
2026-06-26,2026-06-26 12:05:00,20.37,20.46,20.3626,20.455,130535.0
2026-06-26,2026-06-26 12:10:00,20.45,20.45,20.4,20.415,103566.0
2026-06-26,2026-06-26 12:15:00,20.415,20.425,20.39,20.42,44287.0
2026-06-26,2026-06-26 12:20:00,20.425,20.465,20.41,20.445,49773.0
2026-06-26,2026-06-26 12:25:00,20.45,20.47,20.405,20.425,69499.0
2026-06-26,2026-06-26 12:30:00,20.425,20.445,20.37,20.385,60253.0
2026-06-26,2026-06-26 12:35:00,20.385,20.445,20.385,20.435,42036.0
2026-06-26,2026-06-26 12:40:00,20.43,20.435,20.39,20.405,70618.0
2026-06-26,2026-06-26 12:45:00,20.405,20.405,20.34,20.345,44695.0
2026-06-26,2026-06-26 12:50:00,20.345,20.36,20.31,20.315,47147.0
2026-06-26,2026-06-26 12:55:00,20.315,20.34,20.31,20.325,32894.0
2026-06-26,2026-06-26 13:00:00,20.325,20.335,20.3,20.315,47633.0
2026-06-26,2026-06-26 13:05:00,20.31,20.35,20.3,20.345,41734.0
2026-06-26,2026-06-26 13:10:00,20.34,20.345,20.295,20.295,30748.0
2026-06-26,2026-06-26 13:15:00,20.295,20.32,20.255,20.28,67408.0
2026-06-26,2026-06-26 13:20:00,20.275,20.285,20.24,20.275,27796.0
2026-06-26,2026-06-26 13:25:00,20.275,20.31,20.27,20.285,58718.0
2026-06-26,2026-06-26 13:30:00,20.285,20.3,20.275,20.285,30057.0
2026-06-26,2026-06-26 13:35:00,20.29,20.32,20.265,20.28,54919.0
2026-06-26,2026-06-26 13:40:00,20.275,20.275,20.233,20.255,43357.0
2026-06-26,2026-06-26 13:45:00,20.255,20.295,20.255,20.295,48274.0
2026-06-26,2026-06-26 13:50:00,20.295,20.355,20.295,20.355,81249.0
2026-06-26,2026-06-26 13:55:00,20.35,20.445,20.35,20.385,158727.0
2026-06-26,2026-06-26 14:00:00,20.385,20.39,20.36,20.385,81997.0
2026-06-26,2026-06-26 14:05:00,20.385,20.47,20.385,20.46,180620.0
2026-06-26,2026-06-26 14:10:00,20.465,20.465,20.4,20.405,74499.0
2026-06-26,2026-06-26 14:15:00,20.405,20.42,20.39,20.42,41376.0
2026-06-26,2026-06-26 14:20:00,20.42,20.45,20.395,20.425,84402.0
2026-06-26,2026-06-26 14:25:00,20.42,20.43,20.365,20.37,85589.0
2026-06-26,2026-06-26 14:30:00,20.37,20.38,20.27,20.305,339098.0
2026-06-26,2026-06-26 14:35:00,20.305,20.325,20.285,20.295,71512.0
2026-06-26,2026-06-26 14:40:00,20.295,20.295,20.245,20.275,116230.0
2026-06-26,2026-06-26 14:45:00,20.275,20.295,20.255,20.265,125804.0
2026-06-26,2026-06-26 14:50:00,20.265,20.275,20.245,20.275,61661.0
2026-06-26,2026-06-26 14:55:00,20.275,20.28,20.23,20.235,116687.0
2026-06-26,2026-06-26 15:00:00,20.235,20.275,20.215,20.275,174052.0
2026-06-26,2026-06-26 15:05:00,20.275,20.34,20.24,20.335,563557.0
2026-06-26,2026-06-26 15:10:00,20.335,20.37,20.31,20.365,141301.0
2026-06-26,2026-06-26 15:15:00,20.36,20.375,20.33,20.345,131576.0
2026-06-26,2026-06-26 15:20:00,20.345,20.385,20.325,20.375,86384.0
2026-06-26,2026-06-26 15:25:00,20.375,20.435,20.37,20.405,198150.0
2026-06-26,2026-06-26 15:30:00,20.405,20.515,20.405,20.505,199066.0
2026-06-26,2026-06-26 15:35:00,20.5001,20.625,20.5001,20.535,389256.0
2026-06-26,2026-06-26 15:40:00,20.53,20.67,20.505,20.645,367907.0
2026-06-26,2026-06-26 15:45:00,20.645,20.775,20.6401,20.77,339109.0
2026-06-26,2026-06-26 15:50:00,20.765,20.81,20.725,20.795,419556.0
2026-06-26,2026-06-26 15:55:00,20.79,20.965,20.78,20.945,680119.0
2026-06-26,2026-06-26 16:00:00,20.945,20.965,20.74,20.82,11014742.0
2026-06-29,2026-06-29 09:35:00,21.0,21.275,21.0,21.19,410908.0
2026-06-29,2026-06-29 09:40:00,21.18,21.23,20.99,21.2275,251802.0
2026-06-29,2026-06-29 09:45:00,21.23,21.4,21.224,21.34,203570.0
2026-06-29,2026-06-29 09:50:00,21.33,21.55,21.305,21.44,233041.0
2026-06-29,2026-06-29 09:55:00,21.44,21.6,21.425,21.45,147624.0
2026-06-29,2026-06-29 10:00:00,21.44,21.56,21.39,21.56,96910.0
2026-06-29,2026-06-29 10:05:00,21.57,21.6,21.445,21.475,137249.0
2026-06-29,2026-06-29 10:10:00,21.47,21.535,21.4,21.495,416372.0
2026-06-29,2026-06-29 10:15:00,21.5,21.52,21.35,21.405,249782.0
2026-06-29,2026-06-29 10:20:00,21.41,21.53,21.385,21.43,177122.0
2026-06-29,2026-06-29 10:25:00,21.425,21.565,21.41,21.56,109770.0
2026-06-29,2026-06-29 10:30:00,21.565,21.62,21.52,21.595,104397.0
2026-06-29,2026-06-29 10:35:00,21.595,21.655,21.55,21.62,97824.0
2026-06-29,2026-06-29 10:40:00,21.615,21.62,21.535,21.595,63668.0
2026-06-29,2026-06-29 10:45:00,21.6,21.61,21.56,21.565,76936.0
2026-06-29,2026-06-29 10:50:00,21.56,21.65,21.555,21.65,73856.0
2026-06-29,2026-06-29 10:55:00,21.65,21.675,21.615,21.62,62346.0
2026-06-29,2026-06-29 11:00:00,21.62,21.675,21.6,21.655,145994.0
2026-06-29,2026-06-29 11:05:00,21.655,21.68,21.58,21.595,73342.0
2026-06-29,2026-06-29 11:10:00,21.595,21.595,21.48,21.485,53486.0
2026-06-29,2026-06-29 11:15:00,21.485,21.53,21.43,21.51,70946.0
2026-06-29,2026-06-29 11:20:00,21.51,21.52,21.462,21.505,96824.0
2026-06-29,2026-06-29 11:25:00,21.505,21.52,21.44,21.515,164440.0
2026-06-29,2026-06-29 11:30:00,21.515,21.585,21.475,21.495,158196.0
2026-06-29,2026-06-29 11:35:00,21.495,21.55,21.455,21.505,199491.0
2026-06-29,2026-06-29 11:40:00,21.49,21.5693,21.485,21.535,123002.0
2026-06-29,2026-06-29 11:45:00,21.535,21.64,21.53,21.635,121887.0
2026-06-29,2026-06-29 11:50:00,21.635,21.74,21.625,21.675,232613.0
2026-06-29,2026-06-29 11:55:00,21.67,21.69,21.615,21.67,94783.0
2026-06-29,2026-06-29 12:00:00,21.6662,21.7086,21.665,21.695,59703.0
2026-06-29,2026-06-29 12:05:00,21.69,21.735,21.69,21.715,48158.0
2026-06-29,2026-06-29 12:10:00,21.72,21.735,21.665,21.6707,61471.0
2026-06-29,2026-06-29 12:15:00,21.67,21.67,21.595,21.63,87333.0
2026-06-29,2026-06-29 12:20:00,21.64,21.67,21.63,21.655,49141.0
2026-06-29,2026-06-29 12:25:00,21.655,21.7,21.65,21.675,59277.0
2026-06-29,2026-06-29 12:30:00,21.675,21.685,21.645,21.655,35602.0
2026-06-29,2026-06-29 12:35:00,21.655,21.68,21.64,21.645,63493.0
2026-06-29,2026-06-29 12:40:00,21.645,21.69,21.64,21.665,75166.0
2026-06-29,2026-06-29 12:45:00,21.67,21.67,21.58,21.58,77937.0
2026-06-29,2026-06-29 12:50:00,21.58,21.63,21.57,21.625,56815.0
2026-06-29,2026-06-29 12:55:00,21.625,21.64,21.615,21.635,32364.0
2026-06-29,2026-06-29 13:00:00,21.635,21.64,21.6,21.615,34726.0
2026-06-29,2026-06-29 13:05:00,21.6151,21.68,21.605,21.67,94194.0
2026-06-29,2026-06-29 13:10:00,21.67,21.685,21.65,21.665,32381.0
2026-06-29,2026-06-29 13:15:00,21.665,21.67,21.62,21.65,57737.0
2026-06-29,2026-06-29 13:20:00,21.66,21.69,21.645,21.65,47837.0
2026-06-29,2026-06-29 13:25:00,21.655,21.665,21.61,21.62,71507.0
2026-06-29,2026-06-29 13:30:00,21.6351,21.66,21.62,21.64,33990.0
2026-06-29,2026-06-29 13:35:00,21.635,21.65,21.62,21.65,65921.0
2026-06-29,2026-06-29 13:40:00,21.65,21.665,21.615,21.63,50794.0
2026-06-29,2026-06-29 13:45:00,21.63,21.685,21.625,21.68,56110.0
2026-06-29,2026-06-29 13:50:00,21.675,21.68,21.645,21.655,53269.0
2026-06-29,2026-06-29 13:55:00,21.655,21.67,21.645,21.665,39676.0
2026-06-29,2026-06-29 14:00:00,21.665,21.67,21.63,21.635,39457.0
2026-06-29,2026-06-29 14:05:00,21.635,21.645,21.585,21.595,86696.0
2026-06-29,2026-06-29 14:10:00,21.595,21.655,21.595,21.625,103015.0
2026-06-29,2026-06-29 14:15:00,21.625,21.635,21.605,21.615,48285.0
2026-06-29,2026-06-29 14:20:00,21.62,21.64,21.59,21.595,63141.0
2026-06-29,2026-06-29 14:25:00,21.595,21.625,21.585,21.61,76698.0
2026-06-29,2026-06-29 14:30:00,21.605,21.65,21.6,21.64,76204.0
2026-06-29,2026-06-29 14:35:00,21.64,21.6699,21.631,21.665,66516.0
2026-06-29,2026-06-29 14:40:00,21.665,21.71,21.66,21.675,75631.0
2026-06-29,2026-06-29 14:45:00,21.675,21.7,21.675,21.685,64282.0
2026-06-29,2026-06-29 14:50:00,21.685,21.69,21.62,21.655,105873.0
2026-06-29,2026-06-29 14:55:00,21.655,21.66,21.635,21.655,88795.0
2026-06-29,2026-06-29 15:00:00,21.655,21.71,21.6501,21.705,133589.0
2026-06-29,2026-06-29 15:05:00,21.71,21.71,21.64,21.675,113329.0
2026-06-29,2026-06-29 15:10:00,21.675,21.71,21.655,21.71,136706.0
2026-06-29,2026-06-29 15:15:00,21.715,21.86,21.7101,21.84,390854.0
2026-06-29,2026-06-29 15:20:00,21.845,21.86,21.815,21.835,152901.0
2026-06-29,2026-06-29 15:25:00,21.835,21.92,21.835,21.905,162759.0
2026-06-29,2026-06-29 15:30:00,21.905,21.96,21.895,21.91,324505.0
2026-06-29,2026-06-29 15:35:00,21.915,21.915,21.795,21.795,389071.0
2026-06-29,2026-06-29 15:40:00,21.795,21.81,21.765,21.765,272529.0
2026-06-29,2026-06-29 15:45:00,21.765,21.8,21.765,21.8,244689.0
2026-06-29,2026-06-29 15:50:00,21.8,21.82,21.765,21.79,391033.0
2026-06-29,2026-06-29 15:55:00,21.79,21.8,21.67,21.675,804905.0
2026-06-29,2026-06-29 16:00:00,21.675,21.88,21.58,21.88,5675310.0
2026-06-30,2026-06-30 09:35:00,21.555,21.61,21.17,21.56,442965.0
2026-06-30,2026-06-30 09:40:00,21.58,21.58,21.325,21.36,282971.0
2026-06-30,2026-06-30 09:45:00,21.35,21.55,21.32,21.49,78472.0
2026-06-30,2026-06-30 09:50:00,21.485,21.54,21.4,21.48,131654.0
2026-06-30,2026-06-30 09:55:00,21.485,21.55,21.37,21.48,148129.0
2026-06-30,2026-06-30 10:00:00,21.48,21.52,21.38,21.39,116424.0
2026-06-30,2026-06-30 10:05:00,21.39,21.49,21.315,21.38,135111.0
2026-06-30,2026-06-30 10:10:00,21.39,21.435,21.345,21.345,72610.0
2026-06-30,2026-06-30 10:15:00,21.345,21.35,21.2007,21.215,180306.0
2026-06-30,2026-06-30 10:20:00,21.21,21.255,21.195,21.255,76070.0
2026-06-30,2026-06-30 10:25:00,21.2501,21.2899,21.245,21.275,85701.0
2026-06-30,2026-06-30 10:30:00,21.265,21.315,21.26,21.29,83333.0
2026-06-30,2026-06-30 10:35:00,21.285,21.35,21.275,21.335,90157.0
2026-06-30,2026-06-30 10:40:00,21.33,21.335,21.225,21.255,89633.0
2026-06-30,2026-06-30 10:45:00,21.255,21.275,21.215,21.23,80173.0
2026-06-30,2026-06-30 10:50:00,21.23,21.235,21.15,21.155,83243.0
2026-06-30,2026-06-30 10:55:00,21.155,21.18,21.095,21.11,135210.0
2026-06-30,2026-06-30 11:00:00,21.115,21.19,21.11,21.135,76184.0
2026-06-30,2026-06-30 11:05:00,21.13,21.235,21.125,21.205,127674.0
2026-06-30,2026-06-30 11:10:00,21.205,21.205,21.145,21.165,77531.0
2026-06-30,2026-06-30 11:15:00,21.165,21.235,21.165,21.225,71265.0
2026-06-30,2026-06-30 11:20:00,21.22,21.225,21.165,21.22,56953.0
2026-06-30,2026-06-30 11:25:00,21.22,21.265,21.22,21.265,44103.0
2026-06-30,2026-06-30 11:30:00,21.26,21.2751,21.25,21.265,33368.0
2026-06-30,2026-06-30 11:35:00,21.265,21.27,21.225,21.235,71358.0
2026-06-30,2026-06-30 11:40:00,21.23,21.295,21.175,21.175,106030.0
2026-06-30,2026-06-30 11:45:00,21.17,21.2,21.155,21.2,57069.0
2026-06-30,2026-06-30 11:50:00,21.2,21.215,21.135,21.135,240085.0
2026-06-30,2026-06-30 11:55:00,21.135,21.135,21.0601,21.095,104841.0
2026-06-30,2026-06-30 12:00:00,21.095,21.12,21.055,21.1,196389.0
2026-06-30,2026-06-30 12:05:00,21.095,21.12,21.065,21.11,104157.0
2026-06-30,2026-06-30 12:10:00,21.105,21.135,21.065,21.065,96617.0
2026-06-30,2026-06-30 12:15:00,21.06,21.09,21.04,21.06,73036.0
2026-06-30,2026-06-30 12:20:00,21.06,21.07,21.01,21.0197,81947.0
2026-06-30,2026-06-30 12:25:00,21.015,21.07,21.015,21.0549,87721.0
2026-06-30,2026-06-30 12:30:00,21.055,21.16,21.055,21.12,118181.0
2026-06-30,2026-06-30 12:35:00,21.125,21.16,21.095,21.135,71307.0
2026-06-30,2026-06-30 12:40:00,21.135,21.16,21.095,21.145,75838.0
2026-06-30,2026-06-30 12:45:00,21.15,21.155,21.105,21.105,74049.0
2026-06-30,2026-06-30 12:50:00,21.105,21.125,21.105,21.115,51507.0
2026-06-30,2026-06-30 12:55:00,21.1114,21.135,21.105,21.1059,68688.0
2026-06-30,2026-06-30 13:00:00,21.105,21.14,21.105,21.125,61800.0
2026-06-30,2026-06-30 13:05:00,21.125,21.125,21.075,21.075,95599.0
2026-06-30,2026-06-30 13:10:00,21.075,21.1,21.055,21.055,49690.0
2026-06-30,2026-06-30 13:15:00,21.05,21.07,21.035,21.065,73934.0
2026-06-30,2026-06-30 13:20:00,21.07,21.095,21.06,21.085,56864.0
2026-06-30,2026-06-30 13:25:00,21.085,21.1,21.03,21.035,88331.0
2026-06-30,2026-06-30 13:30:00,21.035,21.075,21.035,21.045,78627.0
2026-06-30,2026-06-30 13:35:00,21.05,21.06,21.02,21.04,94847.0
2026-06-30,2026-06-30 13:40:00,21.05,21.065,21.015,21.045,53375.0
2026-06-30,2026-06-30 13:45:00,21.05,21.075,21.045,21.06163,58262.0
2026-06-30,2026-06-30 13:50:00,21.065,21.07,21.025,21.055,70910.0
2026-06-30,2026-06-30 13:55:00,21.05,21.05,21.015,21.045,50763.0
2026-06-30,2026-06-30 14:00:00,21.045,21.065,21.035,21.05,115573.0
2026-06-30,2026-06-30 14:05:00,21.04,21.0499,20.99,21.025,145589.0
2026-06-30,2026-06-30 14:10:00,21.025,21.0452,21.0,21.015,219553.0
2026-06-30,2026-06-30 14:15:00,21.015,21.03,20.985,20.99,149329.0
2026-06-30,2026-06-30 14:20:00,20.995,21.035,20.98,21.03,133215.0
2026-06-30,2026-06-30 14:25:00,21.03,21.105,21.02,21.09,229709.0
2026-06-30,2026-06-30 14:30:00,21.095,21.1,21.075,21.075,103148.0
2026-06-30,2026-06-30 14:35:00,21.075,21.075,21.005,21.045,158190.0
2026-06-30,2026-06-30 14:40:00,21.045,21.055,21.01,21.01,79156.0
2026-06-30,2026-06-30 14:45:00,21.005,21.01,20.9744,20.985,111524.0
2026-06-30,2026-06-30 14:50:00,20.985,20.985,20.905,20.945,101397.0
2026-06-30,2026-06-30 14:55:00,20.94,20.95,20.915,20.915,67755.0
2026-06-30,2026-06-30 15:00:00,20.91,20.945,20.905,20.935,106118.0
2026-06-30,2026-06-30 15:05:00,20.935,20.98,20.9301,20.965,105711.0
2026-06-30,2026-06-30 15:10:00,20.96,20.995,20.955,20.975,97426.0
2026-06-30,2026-06-30 15:15:00,20.975,20.985,20.895,20.935,148624.0
2026-06-30,2026-06-30 15:20:00,20.935,20.9393,20.87,20.875,184188.0
2026-06-30,2026-06-30 15:25:00,20.875,20.89,20.86,20.865,164196.0
2026-06-30,2026-06-30 15:30:00,20.865,20.9,20.865,20.875,109069.0
2026-06-30,2026-06-30 15:35:00,20.875,20.885,20.855,20.885,221925.0
2026-06-30,2026-06-30 15:40:00,20.885,20.91,20.854,20.881,169321.0
2026-06-30,2026-06-30 15:45:00,20.88,20.945,20.88,20.9,254473.0
2026-06-30,2026-06-30 15:50:00,20.9,20.93,20.86,20.865,299676.0
2026-06-30,2026-06-30 15:55:00,20.865,20.89,20.84,20.885,379802.0
2026-06-30,2026-06-30 16:00:00,20.88,21.05,20.88,21.03,3447508.0
2026-07-01,2026-07-01 09:35:00,21.215,21.35,21.08,21.3,244550.0
2026-07-01,2026-07-01 09:40:00,21.32,21.6,21.31,21.395,161105.0
2026-07-01,2026-07-01 09:45:00,21.395,21.55,21.35,21.44,74290.0
2026-07-01,2026-07-01 09:50:00,21.45,21.49,21.3401,21.41,93078.0
2026-07-01,2026-07-01 09:55:00,21.4,21.59,21.39,21.56,82022.0
2026-07-01,2026-07-01 10:00:00,21.56,21.735,21.545,21.72,140268.0
2026-07-01,2026-07-01 10:05:00,21.73,21.91,21.675,21.89,149686.0
2026-07-01,2026-07-01 10:10:00,21.895,21.93,21.815,21.83,113294.0
2026-07-01,2026-07-01 10:15:00,21.835,21.89,21.79,21.855,106835.0
2026-07-01,2026-07-01 10:20:00,21.845,21.975,21.84,21.965,126378.0
2026-07-01,2026-07-01 10:25:00,21.96,22.07,21.94,22.04,187255.0
2026-07-01,2026-07-01 10:30:00,22.04,22.065,21.97,22.04,91815.0
2026-07-01,2026-07-01 10:35:00,22.045,22.085,21.965,22.075,118613.0
2026-07-01,2026-07-01 10:40:00,22.075,22.17,22.07,22.125,88179.0
2026-07-01,2026-07-01 10:45:00,22.125,22.2,22.075,22.185,46133.0
2026-07-01,2026-07-01 10:50:00,22.18,22.23,22.12,22.18,91306.0
2026-07-01,2026-07-01 10:55:00,22.18,22.265,22.18,22.235,87078.0
2026-07-01,2026-07-01 11:00:00,22.235,22.305,22.2004,22.285,71806.0
2026-07-01,2026-07-01 11:05:00,22.29,22.305,22.215,22.24,87590.0
2026-07-01,2026-07-01 11:10:00,22.24,22.265,22.18,22.205,99283.0
2026-07-01,2026-07-01 11:15:00,22.205,22.2051,22.12,22.12,121881.0
2026-07-01,2026-07-01 11:20:00,22.12,22.175,22.095,22.17,158047.0
2026-07-01,2026-07-01 11:25:00,22.17,22.2,22.155,22.185,71271.0
2026-07-01,2026-07-01 11:30:00,22.185,22.205,22.17,22.175,44332.0
2026-07-01,2026-07-01 11:35:00,22.175,22.18,22.065,22.065,128606.0
2026-07-01,2026-07-01 11:40:00,22.06,22.08,22.005,22.065,161459.0
2026-07-01,2026-07-01 11:45:00,22.065,22.075,22.03,22.065,85082.0
2026-07-01,2026-07-01 11:50:00,22.06,22.075,22.0,22.01,49591.0
2026-07-01,2026-07-01 11:55:00,22.01,22.045,22.0,22.03,48424.0
2026-07-01,2026-07-01 12:00:00,22.03,22.065,22.025,22.055,51389.0
2026-07-01,2026-07-01 12:05:00,22.06,22.095,22.055,22.055,66227.0
2026-07-01,2026-07-01 12:10:00,22.05,22.05,21.975,21.98,92606.0
2026-07-01,2026-07-01 12:15:00,21.99,22.015,21.98,21.995,49837.0
2026-07-01,2026-07-01 12:20:00,21.995,22.015,21.92,21.93,46502.0
2026-07-01,2026-07-01 12:25:00,21.935,21.95,21.875,21.945,68571.0
2026-07-01,2026-07-01 12:30:00,21.94,21.965,21.925,21.93,32560.0
2026-07-01,2026-07-01 12:35:00,21.93,21.985,21.93,21.955,63761.0
2026-07-01,2026-07-01 12:40:00,21.96,21.965,21.93,21.935,36422.0
2026-07-01,2026-07-01 12:45:00,21.93,21.945,21.925,21.945,34563.0
2026-07-01,2026-07-01 12:50:00,21.945,21.955,21.9,21.94,84427.0
2026-07-01,2026-07-01 12:55:00,21.945,22.065,21.94,22.045,362937.0
2026-07-01,2026-07-01 13:00:00,22.05,22.07,22.01,22.025,34532.0
2026-07-01,2026-07-01 13:05:00,22.025,22.055,22.0,22.015,63991.0
2026-07-01,2026-07-01 13:10:00,22.015,22.035,22.0,22.0303,53224.0
2026-07-01,2026-07-01 13:15:00,22.035,22.04,21.9805,22.0,77251.0
2026-07-01,2026-07-01 13:20:00,22.005,22.035,22.0,22.025,33979.0
2026-07-01,2026-07-01 13:25:00,22.02,22.035,21.995,22.025,39261.0
2026-07-01,2026-07-01 13:30:00,22.03,22.035,21.99,22.0,47215.0
2026-07-01,2026-07-01 13:35:00,21.995,22.025,21.98,21.995,71985.0
2026-07-01,2026-07-01 13:40:00,21.995,22.06,21.995,22.04,53032.0
2026-07-01,2026-07-01 13:45:00,22.045,22.085,22.02,22.07,42457.0
2026-07-01,2026-07-01 13:50:00,22.065,22.07,22.035,22.04,35573.0
2026-07-01,2026-07-01 13:55:00,22.04,22.1,22.04,22.09,30260.0
2026-07-01,2026-07-01 14:00:00,22.085,22.1,22.075,22.08,47370.0
2026-07-01,2026-07-01 14:05:00,22.08,22.11,22.065,22.08,93980.0
2026-07-01,2026-07-01 14:10:00,22.085,22.125,22.06,22.07,124444.0
2026-07-01,2026-07-01 14:15:00,22.065,22.07,22.03,22.065,80973.0
2026-07-01,2026-07-01 14:20:00,22.065,22.09,22.0545,22.09,52111.0
2026-07-01,2026-07-01 14:25:00,22.08,22.115,22.075,22.1,50463.0
2026-07-01,2026-07-01 14:30:00,22.1,22.16,22.09,22.145,63707.0
2026-07-01,2026-07-01 14:35:00,22.14,22.15,22.12,22.14,58760.0
2026-07-01,2026-07-01 14:40:00,22.135,22.17,22.135,22.155,41006.0
2026-07-01,2026-07-01 14:45:00,22.15,22.155,22.13,22.13,57146.0
2026-07-01,2026-07-01 14:50:00,22.13,22.135,22.09,22.105,65819.0
2026-07-01,2026-07-01 14:55:00,22.105,22.105,22.0,22.04,198703.0
2026-07-01,2026-07-01 15:00:00,22.045,22.075,22.045,22.05,66384.0
2026-07-01,2026-07-01 15:05:00,22.055,22.085,22.035,22.075,111056.0
2026-07-01,2026-07-01 15:10:00,22.08,22.1,22.07,22.09,86911.0
2026-07-01,2026-07-01 15:15:00,22.09,22.09,21.945,22.005,270956.0
2026-07-01,2026-07-01 15:20:00,22.01,22.06,22.0,22.01,113352.0
2026-07-01,2026-07-01 15:25:00,22.005,22.03,21.97,21.98,144778.0
2026-07-01,2026-07-01 15:30:00,21.98,21.985,21.935,21.935,176586.0
2026-07-01,2026-07-01 15:35:00,21.93,21.93,21.84,21.895,376021.0
2026-07-01,2026-07-01 15:40:00,21.895,21.955,21.885,21.925,174186.0
2026-07-01,2026-07-01 15:45:00,21.92,21.945,21.865,21.875,233746.0
2026-07-01,2026-07-01 15:50:00,21.87,21.935,21.87,21.925,346962.0
2026-07-01,2026-07-01 15:55:00,21.925,21.925,21.86,21.885,456553.0
2026-07-01,2026-07-01 16:00:00,21.885,21.925,21.82,21.89,4383820.0
2026-07-02,2026-07-02 09:35:00,21.8,22.0,21.65,21.89,217354.0
2026-07-02,2026-07-02 09:40:00,21.87,22.0,21.81,21.93,98845.0
2026-07-02,2026-07-02 09:45:00,21.92,22.025,21.91,21.93,64048.0
2026-07-02,2026-07-02 09:50:00,21.92,22.0,21.86,21.89,63491.0
2026-07-02,2026-07-02 09:55:00,21.9,21.91,21.82,21.82,59931.0
2026-07-02,2026-07-02 10:00:00,21.81,21.835,21.74,21.79,100484.0
2026-07-02,2026-07-02 10:05:00,21.76,21.87,21.745,21.785,91008.0
2026-07-02,2026-07-02 10:10:00,21.78,22.05,21.76,22.02,201113.0
2026-07-02,2026-07-02 10:15:00,22.01,22.13,21.955,21.995,148150.0
2026-07-02,2026-07-02 10:20:00,21.99,21.99,21.89,21.955,103792.0
2026-07-02,2026-07-02 10:25:00,21.95,21.97,21.925,21.945,70389.0
2026-07-02,2026-07-02 10:30:00,21.945,21.985,21.9,21.915,73049.0
2026-07-02,2026-07-02 10:35:00,21.91,21.985,21.905,21.98,66279.0
2026-07-02,2026-07-02 10:40:00,21.98,22.065,21.935,22.02,63470.0
2026-07-02,2026-07-02 10:45:00,22.01,22.03,21.875,21.925,79895.0
2026-07-02,2026-07-02 10:50:00,21.925,21.985,21.91,21.985,96917.0
2026-07-02,2026-07-02 10:55:00,21.985,22.005,21.94,21.975,39871.0
2026-07-02,2026-07-02 11:00:00,21.98,22.015,21.96,22.005,59847.0
2026-07-02,2026-07-02 11:05:00,22.0,22.005,21.875,21.875,50861.0
2026-07-02,2026-07-02 11:10:00,21.875,21.875,21.74,21.785,85503.0
2026-07-02,2026-07-02 11:15:00,21.785,21.855,21.775,21.81,137143.0
2026-07-02,2026-07-02 11:20:00,21.8,21.85,21.78,21.805,110495.0
2026-07-02,2026-07-02 11:25:00,21.815,21.91,21.815,21.9,69429.0
2026-07-02,2026-07-02 11:30:00,21.895,21.91,21.85,21.88,54662.0
2026-07-02,2026-07-02 11:35:00,21.87,21.97,21.87,21.95,59751.0
2026-07-02,2026-07-02 11:40:00,21.955,21.995,21.95,21.965,66639.0
2026-07-02,2026-07-02 11:45:00,21.97,21.98,21.925,21.93,58223.0
2026-07-02,2026-07-02 11:50:00,21.92,21.97,21.885,21.945,65385.0
2026-07-02,2026-07-02 11:55:00,21.94,21.95,21.91,21.935,48665.0
2026-07-02,2026-07-02 12:00:00,21.935,21.94,21.875,21.925,68039.0
2026-07-02,2026-07-02 12:05:00,21.925,21.935,21.89,21.9003,44260.0
2026-07-02,2026-07-02 12:10:00,21.9,21.94,21.9,21.905,67596.0
2026-07-02,2026-07-02 12:15:00,21.905,21.94,21.9,21.925,38235.0
2026-07-02,2026-07-02 12:20:00,21.925,21.94,21.9,21.92,35015.0
2026-07-02,2026-07-02 12:25:00,21.915,21.935,21.905,21.935,25284.0
2026-07-02,2026-07-02 12:30:00,21.935,21.975,21.93,21.945,39711.0
2026-07-02,2026-07-02 12:35:00,21.945,21.945,21.9,21.91,24591.0
2026-07-02,2026-07-02 12:40:00,21.905,21.905,21.84,21.87,33461.0
2026-07-02,2026-07-02 12:45:00,21.88,21.905,21.88,21.9,20720.0
2026-07-02,2026-07-02 12:50:00,21.905,21.925,21.8925,21.915,34878.0
2026-07-02,2026-07-02 12:55:00,21.91,21.925,21.905,21.905,33754.0
2026-07-02,2026-07-02 13:00:00,21.905,21.915,21.87,21.91,35568.0
2026-07-02,2026-07-02 13:05:00,21.915,21.925,21.82,21.845,42189.0
2026-07-02,2026-07-02 13:10:00,21.845,21.89,21.83,21.865,38846.0
2026-07-02,2026-07-02 13:15:00,21.87,21.92,21.86,21.92,23552.0
2026-07-02,2026-07-02 13:20:00,21.915,21.94,21.91,21.925,24693.0
2026-07-02,2026-07-02 13:25:00,21.925,21.945,21.9,21.925,31982.0
2026-07-02,2026-07-02 13:30:00,21.92,21.95,21.92,21.9494,39527.0
2026-07-02,2026-07-02 13:35:00,21.95,21.975,21.91,21.925,35918.0
2026-07-02,2026-07-02 13:40:00,21.92,21.93,21.885,21.885,46852.0
2026-07-02,2026-07-02 13:45:00,21.89,21.895,21.87,21.875,31085.0
2026-07-02,2026-07-02 13:50:00,21.875,21.89,21.84,21.855,34108.0
2026-07-02,2026-07-02 13:55:00,21.855,21.865,21.84,21.865,32354.0
2026-07-02,2026-07-02 14:00:00,21.86,21.87,21.84,21.845,33425.0
2026-07-02,2026-07-02 14:05:00,21.84,21.89,21.825,21.875,66973.0
2026-07-02,2026-07-02 14:10:00,21.87,21.945,21.87,21.94,40722.0
2026-07-02,2026-07-02 14:15:00,21.94,21.96,21.92,21.935,40213.0
2026-07-02,2026-07-02 14:20:00,21.94,22.0,21.935,21.97,74142.0
2026-07-02,2026-07-02 14:25:00,21.98,22.005,21.97,21.975,191948.0
2026-07-02,2026-07-02 14:30:00,21.98,22.0,21.97,21.98,46581.0
2026-07-02,2026-07-02 14:35:00,21.975,21.985,21.952,21.952,50855.0
2026-07-02,2026-07-02 14:40:00,21.96,21.975,21.94,21.955,49743.0
2026-07-02,2026-07-02 14:45:00,21.945,21.965,21.93,21.955,53819.0
2026-07-02,2026-07-02 14:50:00,21.955,21.98,21.93,21.96,48528.0
2026-07-02,2026-07-02 14:55:00,21.96,21.965,21.93,21.955,56883.0
2026-07-02,2026-07-02 15:00:00,21.955,22.04,21.935,22.033,87211.0
2026-07-02,2026-07-02 15:05:00,22.04,22.07,22.02,22.065,98582.0
2026-07-02,2026-07-02 15:10:00,22.07,22.075,22.025,22.075,72724.0
2026-07-02,2026-07-02 15:15:00,22.075,22.125,22.07,22.095,82959.0
2026-07-02,2026-07-02 15:20:00,22.1,22.145,22.085,22.145,108253.0
2026-07-02,2026-07-02 15:25:00,22.15,22.16,22.13,22.135,88721.0
2026-07-02,2026-07-02 15:30:00,22.1301,22.195,22.13,22.175,142981.0
2026-07-02,2026-07-02 15:35:00,22.175,22.2,22.155,22.165,181598.0
2026-07-02,2026-07-02 15:40:00,22.165,22.17,22.13,22.135,147017.0
2026-07-02,2026-07-02 15:45:00,22.135,22.135,22.02,22.025,182876.0
2026-07-02,2026-07-02 15:50:00,22.02,22.04,21.95,21.985,224232.0
2026-07-02,2026-07-02 15:55:00,21.99,22.01,21.95,22.0,383576.0
2026-07-02,2026-07-02 16:00:00,22.0,22.09,21.995,22.07,2040930.0
2026-07-06,2026-07-06 09:35:00,21.94,22.04,21.675,21.675,207659.0
2026-07-06,2026-07-06 09:40:00,21.675,21.82,21.67,21.8,150221.0
2026-07-06,2026-07-06 09:45:00,21.8,21.9,21.76,21.84,97330.0
2026-07-06,2026-07-06 09:50:00,21.855,21.98,21.85,21.94,107671.0
2026-07-06,2026-07-06 09:55:00,21.935,22.025,21.91,21.98,86403.0
2026-07-06,2026-07-06 10:00:00,21.97,22.035,21.92,21.985,57075.0
2026-07-06,2026-07-06 10:05:00,22.0,22.0,21.89,21.91,68877.0
2026-07-06,2026-07-06 10:10:00,21.91,21.91,21.83,21.855,56826.0
2026-07-06,2026-07-06 10:15:00,21.855,21.91,21.845,21.86,53550.0
2026-07-06,2026-07-06 10:20:00,21.855,21.885,21.83,21.865,49504.0
2026-07-06,2026-07-06 10:25:00,21.87,21.875,21.795,21.805,44477.0
2026-07-06,2026-07-06 10:30:00,21.81,21.87,21.8,21.85,49200.0
2026-07-06,2026-07-06 10:35:00,21.84,21.91,21.805,21.815,89461.0
2026-07-06,2026-07-06 10:40:00,21.81,21.83,21.78,21.8,49772.0
2026-07-06,2026-07-06 10:45:00,21.8,21.815,21.77,21.77,87295.0
2026-07-06,2026-07-06 10:50:00,21.775,21.875,21.745,21.82,84920.0
2026-07-06,2026-07-06 10:55:00,21.82,21.92,21.82,21.9,66652.0
2026-07-06,2026-07-06 11:00:00,21.9,21.975,21.89,21.95,65361.0
2026-07-06,2026-07-06 11:05:00,21.96,22.0298,21.95,22.02,52578.0
2026-07-06,2026-07-06 11:10:00,22.02,22.055,21.97,22.015,75387.0
2026-07-06,2026-07-06 11:15:00,22.02,22.18,22.02,22.165,89486.0
2026-07-06,2026-07-06 11:20:00,22.17,22.185,22.135,22.165,45234.0
2026-07-06,2026-07-06 11:25:00,22.165,22.25,22.165,22.25,57256.0
2026-07-06,2026-07-06 11:30:00,22.25,22.265,22.205,22.205,63255.0
2026-07-06,2026-07-06 11:35:00,22.205,22.225,22.195,22.195,33311.0
2026-07-06,2026-07-06 11:40:00,22.195,22.215,22.18,22.21,34880.0
2026-07-06,2026-07-06 11:45:00,22.215,22.26,22.205,22.225,63224.0
2026-07-06,2026-07-06 11:50:00,22.225,22.2599,22.22,22.235,30954.0
2026-07-06,2026-07-06 11:55:00,22.23,22.255,22.23,22.2499,28589.0
2026-07-06,2026-07-06 12:00:00,22.245,22.3,22.245,22.295,27533.0
2026-07-06,2026-07-06 12:05:00,22.2912,22.31,22.27,22.275,71989.0
2026-07-06,2026-07-06 12:10:00,22.275,22.35,22.275,22.315,76020.0
2026-07-06,2026-07-06 12:15:00,22.32,22.405,22.3,22.405,63754.0
2026-07-06,2026-07-06 12:20:00,22.405,22.425,22.375,22.4,118685.0
2026-07-06,2026-07-06 12:25:00,22.41,22.42,22.38,22.395,27938.0
2026-07-06,2026-07-06 12:30:00,22.395,22.405,22.38,22.395,37796.0
2026-07-06,2026-07-06 12:35:00,22.39,22.4002,22.375,22.395,36928.0
2026-07-06,2026-07-06 12:40:00,22.4,22.405,22.33,22.345,39166.0
2026-07-06,2026-07-06 12:45:00,22.35,22.41,22.35,22.4,37238.0
2026-07-06,2026-07-06 12:50:00,22.39,22.39,22.375,22.39,30966.0
2026-07-06,2026-07-06 12:55:00,22.4,22.415,22.39,22.41,37293.0
2026-07-06,2026-07-06 13:00:00,22.41,22.42,22.4,22.4,25147.0
2026-07-06,2026-07-06 13:05:00,22.3981,22.4151,22.38,22.3899,25792.0
2026-07-06,2026-07-06 13:10:00,22.39,22.435,22.39,22.42,41540.0
2026-07-06,2026-07-06 13:15:00,22.4286,22.45,22.405,22.42,36315.0
2026-07-06,2026-07-06 13:20:00,22.425,22.45,22.425,22.435,26384.0
2026-07-06,2026-07-06 13:25:00,22.43,22.45,22.395,22.395,29411.0
2026-07-06,2026-07-06 13:30:00,22.395,22.41,22.365,22.365,38069.0
2026-07-06,2026-07-06 13:35:00,22.36,22.38,22.335,22.34,33781.0
2026-07-06,2026-07-06 13:40:00,22.34,22.42,22.335,22.37,68083.0
2026-07-06,2026-07-06 13:45:00,22.365,22.365,22.305,22.33,24824.0
2026-07-06,2026-07-06 13:50:00,22.32,22.335,22.305,22.325,29798.0
2026-07-06,2026-07-06 13:55:00,22.32,22.335,22.29,22.2957,35684.0
2026-07-06,2026-07-06 14:00:00,22.295,22.305,22.255,22.305,35350.0
2026-07-06,2026-07-06 14:05:00,22.3,22.34,22.295,22.32,34963.0
2026-07-06,2026-07-06 14:10:00,22.33,22.34,22.283,22.295,32168.0
2026-07-06,2026-07-06 14:15:00,22.29,22.29,22.27,22.285,28111.0
2026-07-06,2026-07-06 14:20:00,22.2881,22.315,22.2881,22.305,46556.0
2026-07-06,2026-07-06 14:25:00,22.305,22.35,22.305,22.35,34104.0
2026-07-06,2026-07-06 14:30:00,22.345,22.36,22.315,22.325,63908.0
2026-07-06,2026-07-06 14:35:00,22.325,22.355,22.325,22.345,29618.0
2026-07-06,2026-07-06 14:40:00,22.35,22.385,22.335,22.365,69029.0
2026-07-06,2026-07-06 14:45:00,22.365,22.365,22.24,22.25,151920.0
2026-07-06,2026-07-06 14:50:00,22.25,22.27,22.225,22.27,83728.0
2026-07-06,2026-07-06 14:55:00,22.27,22.35,22.265,22.35,44490.0
2026-07-06,2026-07-06 15:00:00,22.34,22.345,22.295,22.295,46835.0
2026-07-06,2026-07-06 15:05:00,22.295,22.295,22.255,22.285,47028.0
2026-07-06,2026-07-06 15:10:00,22.285,22.305,22.265,22.285,60675.0
2026-07-06,2026-07-06 15:15:00,22.29,22.31,22.275,22.285,36987.0
2026-07-06,2026-07-06 15:20:00,22.285,22.305,22.27,22.305,60785.0
2026-07-06,2026-07-06 15:25:00,22.305,22.375,22.305,22.3301,111728.0
2026-07-06,2026-07-06 15:30:00,22.33,22.35,22.315,22.34,102566.0
2026-07-06,2026-07-06 15:35:00,22.335,22.355,22.31,22.315,123885.0
2026-07-06,2026-07-06 15:40:00,22.32,22.33,22.3,22.315,101723.0
2026-07-06,2026-07-06 15:45:00,22.31,22.355,22.31,22.35,104945.0
2026-07-06,2026-07-06 15:50:00,22.35,22.37,22.3328,22.345,152878.0
2026-07-06,2026-07-06 15:55:00,22.34,22.34,22.3,22.325,183216.0
2026-07-06,2026-07-06 16:00:00,22.33,22.36,22.225,22.25,3174721.0
2026-07-07,2026-07-07 09:35:00,22.85,23.0597,22.72,22.97,522796.0
2026-07-07,2026-07-07 09:40:00,22.98,23.0199,22.655,22.675,153337.0
2026-07-07,2026-07-07 09:45:00,22.665,22.665,22.42,22.48,122262.0
2026-07-07,2026-07-07 09:50:00,22.47,22.49,22.2805,22.4,159312.0
2026-07-07,2026-07-07 09:55:00,22.4,22.48,22.37,22.42,91220.0
2026-07-07,2026-07-07 10:00:00,22.41,22.4597,22.34,22.44,103476.0
2026-07-07,2026-07-07 10:05:00,22.44,22.455,22.305,22.36,93172.0
2026-07-07,2026-07-07 10:10:00,22.36,22.405,22.33,22.39,88772.0
2026-07-07,2026-07-07 10:15:00,22.38,22.38,22.285,22.285,112851.0
2026-07-07,2026-07-07 10:20:00,22.28,22.415,22.215,22.4,139037.0
2026-07-07,2026-07-07 10:25:00,22.39,22.395,22.315,22.345,64135.0
2026-07-07,2026-07-07 10:30:00,22.345,22.43,22.28,22.42,78419.0
2026-07-07,2026-07-07 10:35:00,22.425,22.425,22.34,22.385,67638.0
2026-07-07,2026-07-07 10:40:00,22.385,22.45,22.34,22.405,67053.0
2026-07-07,2026-07-07 10:45:00,22.41,22.465,22.395,22.425,66339.0
2026-07-07,2026-07-07 10:50:00,22.42,22.435,22.39,22.405,57465.0
2026-07-07,2026-07-07 10:55:00,22.41,22.43,22.36,22.375,43873.0
2026-07-07,2026-07-07 11:00:00,22.38,22.4,22.345,22.375,50769.0
2026-07-07,2026-07-07 11:05:00,22.375,22.375,22.315,22.35,56039.0
2026-07-07,2026-07-07 11:10:00,22.355,22.445,22.35,22.435,42217.0
2026-07-07,2026-07-07 11:15:00,22.44,22.44,22.33,22.33,50467.0
2026-07-07,2026-07-07 11:20:00,22.325,22.385,22.3,22.35,43274.0
2026-07-07,2026-07-07 11:25:00,22.35,22.38,22.34,22.34,35542.0
2026-07-07,2026-07-07 11:30:00,22.335,22.41,22.335,22.36,50697.0
2026-07-07,2026-07-07 11:35:00,22.365,22.37,22.29,22.295,39604.0
2026-07-07,2026-07-07 11:40:00,22.295,22.315,22.2725,22.305,44546.0
2026-07-07,2026-07-07 11:45:00,22.305,22.35,22.28,22.325,42711.0
2026-07-07,2026-07-07 11:50:00,22.335,22.355,22.315,22.34,34590.0
2026-07-07,2026-07-07 11:55:00,22.345,22.39,22.33,22.345,35578.0
2026-07-07,2026-07-07 12:00:00,22.34,22.415,22.33,22.405,46326.0
2026-07-07,2026-07-07 12:05:00,22.41,22.425,22.375,22.385,39074.0
2026-07-07,2026-07-07 12:10:00,22.385,22.435,22.38,22.435,48507.0
2026-07-07,2026-07-07 12:15:00,22.435,22.455,22.415,22.42,100667.0
2026-07-07,2026-07-07 12:20:00,22.43,22.44,22.39,22.39,84552.0
2026-07-07,2026-07-07 12:25:00,22.39,22.405,22.355,22.37,35067.0
2026-07-07,2026-07-07 12:30:00,22.38,22.4,22.365,22.365,28958.0
2026-07-07,2026-07-07 12:35:00,22.37,22.415,22.345,22.415,42030.0
2026-07-07,2026-07-07 12:40:00,22.41,22.425,22.39,22.41,27825.0
2026-07-07,2026-07-07 12:45:00,22.415,22.43,22.405,22.415,30849.0
2026-07-07,2026-07-07 12:50:00,22.41,22.455,22.4,22.425,135319.0
2026-07-07,2026-07-07 12:55:00,22.425,22.455,22.41,22.445,92799.0
2026-07-07,2026-07-07 13:00:00,22.45,22.46,22.415,22.455,85351.0
2026-07-07,2026-07-07 13:05:00,22.455,22.475,22.44,22.46,41379.0
2026-07-07,2026-07-07 13:10:00,22.46,22.47,22.415,22.43,39050.0
2026-07-07,2026-07-07 13:15:00,22.425,22.435,22.415,22.415,32240.0
2026-07-07,2026-07-07 13:20:00,22.42,22.425,22.35,22.365,29889.0
2026-07-07,2026-07-07 13:25:00,22.365,22.45,22.365,22.445,30913.0
2026-07-07,2026-07-07 13:30:00,22.44,22.458,22.43,22.458,27462.0
2026-07-07,2026-07-07 13:35:00,22.455,22.455,22.415,22.415,31864.0
2026-07-07,2026-07-07 13:40:00,22.41,22.42,22.355,22.405,56758.0
2026-07-07,2026-07-07 13:45:00,22.405,22.435,22.4001,22.4252,28591.0
2026-07-07,2026-07-07 13:50:00,22.43,22.43,22.405,22.425,22611.0
2026-07-07,2026-07-07 13:55:00,22.425,22.44,22.42,22.4399,33136.0
2026-07-07,2026-07-07 14:00:00,22.43,22.46,22.43,22.455,41636.0
2026-07-07,2026-07-07 14:05:00,22.46,22.488,22.445,22.485,51954.0
2026-07-07,2026-07-07 14:10:00,22.485,22.53,22.465,22.465,81747.0
2026-07-07,2026-07-07 14:15:00,22.465,22.51,22.465,22.485,51631.0
2026-07-07,2026-07-07 14:20:00,22.4805,22.495,22.465,22.48,36419.0
2026-07-07,2026-07-07 14:25:00,22.475,22.57,22.43,22.545,174051.0
2026-07-07,2026-07-07 14:30:00,22.545,22.55,22.49,22.495,108639.0
2026-07-07,2026-07-07 14:35:00,22.495,22.505,22.46,22.495,128329.0
2026-07-07,2026-07-07 14:40:00,22.495,22.59,22.49,22.58,298565.0
2026-07-07,2026-07-07 14:45:00,22.585,22.72,22.57,22.71,280675.0
2026-07-07,2026-07-07 14:50:00,22.715,22.805,22.665,22.765,306214.0
2026-07-07,2026-07-07 14:55:00,22.765,22.85,22.735,22.755,226131.0
2026-07-07,2026-07-07 15:00:00,22.755,22.765,22.67,22.68,143110.0
2026-07-07,2026-07-07 15:05:00,22.675,22.675,22.605,22.635,122522.0
2026-07-07,2026-07-07 15:10:00,22.63,22.685,22.625,22.64,100795.0
2026-07-07,2026-07-07 15:15:00,22.645,22.65,22.57,22.585,82094.0
2026-07-07,2026-07-07 15:20:00,22.585,22.645,22.575,22.625,123515.0
2026-07-07,2026-07-07 15:25:00,22.63,22.635,22.5601,22.59,138396.0
2026-07-07,2026-07-07 15:30:00,22.585,22.585,22.525,22.535,129312.0
2026-07-07,2026-07-07 15:35:00,22.54,22.585,22.505,22.555,169941.0
2026-07-07,2026-07-07 15:40:00,22.555,22.595,22.54,22.545,155288.0
2026-07-07,2026-07-07 15:45:00,22.549,22.555,22.39,22.4,223668.0
2026-07-07,2026-07-07 15:50:00,22.4,22.405,22.355,22.375,165894.0
2026-07-07,2026-07-07 15:55:00,22.375,22.4,22.335,22.39,230548.0
2026-07-07,2026-07-07 16:00:00,22.395,22.455,22.36,22.42,2270244.0
2026-07-08,2026-07-08 09:35:00,22.395,22.57,22.24,22.335,299090.0
2026-07-08,2026-07-08 09:40:00,22.34,22.3651,22.17,22.3,152439.0
2026-07-08,2026-07-08 09:45:00,22.29,22.32,22.14,22.15,127533.0
2026-07-08,2026-07-08 09:50:00,22.14,22.23,22.09,22.12,145150.0
2026-07-08,2026-07-08 09:55:00,22.12,22.19,22.01,22.01,143348.0
2026-07-08,2026-07-08 10:00:00,22.0101,22.105,21.97,22.09,129324.0
2026-07-08,2026-07-08 10:05:00,22.099,22.11,22.0,22.06,101514.0
2026-07-08,2026-07-08 10:10:00,22.075,22.14,22.065,22.11,73649.0
2026-07-08,2026-07-08 10:15:00,22.115,22.22,22.08,22.165,137721.0
2026-07-08,2026-07-08 10:20:00,22.16,22.17,22.105,22.16,60434.0
2026-07-08,2026-07-08 10:25:00,22.15,22.23,22.145,22.23,81779.0
2026-07-08,2026-07-08 10:30:00,22.24,22.255,22.155,22.16,74628.0
2026-07-08,2026-07-08 10:35:00,22.15,22.15,22.04,22.0801,90443.0
2026-07-08,2026-07-08 10:40:00,22.08,22.09,22.025,22.03,75819.0
2026-07-08,2026-07-08 10:45:00,22.03,22.12,22.01,22.115,85543.0
2026-07-08,2026-07-08 10:50:00,22.115,22.115,22.05,22.07,58323.0
2026-07-08,2026-07-08 10:55:00,22.065,22.065,22.015,22.02,64685.0
2026-07-08,2026-07-08 11:00:00,22.02,22.055,22.0,22.025,120425.0
2026-07-08,2026-07-08 11:05:00,22.03,22.045,22.015,22.025,57294.0
2026-07-08,2026-07-08 11:10:00,22.04,22.07,22.035,22.04,49353.0
2026-07-08,2026-07-08 11:15:00,22.035,22.13,22.035,22.055,125408.0
2026-07-08,2026-07-08 11:20:00,22.06,22.065,21.98,22.045,129019.0
2026-07-08,2026-07-08 11:25:00,22.045,22.045,21.995,21.995,70879.0
2026-07-08,2026-07-08 11:30:00,21.99,21.995,21.945,21.9795,67057.0
2026-07-08,2026-07-08 11:35:00,21.975,22.015,21.955,22.0,140663.0
2026-07-08,2026-07-08 11:40:00,22.0,22.005,21.975,21.985,71978.0
2026-07-08,2026-07-08 11:45:00,21.99,22.015,21.975,21.98,64956.0
2026-07-08,2026-07-08 11:50:00,21.98,21.99,21.935,21.935,34760.0
2026-07-08,2026-07-08 11:55:00,21.93,21.98,21.93,21.98,110981.0
2026-07-08,2026-07-08 12:00:00,21.98,22.06,21.97,22.046,78888.0
2026-07-08,2026-07-08 12:05:00,22.045,22.085,22.045,22.0746,56927.0
2026-07-08,2026-07-08 12:10:00,22.08,22.11,22.065,22.11,48508.0
2026-07-08,2026-07-08 12:15:00,22.105,22.145,22.08,22.095,78765.0
2026-07-08,2026-07-08 12:20:00,22.095,22.095,22.055,22.075,89653.0
2026-07-08,2026-07-08 12:25:00,22.075,22.09,22.05,22.055,79637.0
2026-07-08,2026-07-08 12:30:00,22.055,22.125,22.045,22.125,104740.0
2026-07-08,2026-07-08 12:35:00,22.125,22.145,22.07,22.07,62491.0
2026-07-08,2026-07-08 12:40:00,22.065,22.085,22.035,22.055,44597.0
2026-07-08,2026-07-08 12:45:00,22.06,22.135,22.06,22.11,82021.0
2026-07-08,2026-07-08 12:50:00,22.115,22.14,22.11,22.125,46843.0
2026-07-08,2026-07-08 12:55:00,22.12,22.185,22.1,22.175,180248.0
2026-07-08,2026-07-08 13:00:00,22.175,22.175,22.14,22.165,40080.0
2026-07-08,2026-07-08 13:05:00,22.17,22.185,22.15,22.17,40625.0
2026-07-08,2026-07-08 13:10:00,22.18,22.18,22.135,22.16,63944.0
2026-07-08,2026-07-08 13:15:00,22.165,22.165,22.1101,22.125,40602.0
2026-07-08,2026-07-08 13:20:00,22.125,22.17,22.125,22.165,81955.0
2026-07-08,2026-07-08 13:25:00,22.165,22.2,22.155,22.2,56546.0
2026-07-08,2026-07-08 13:30:00,22.2,22.23,22.195,22.23,45136.0
2026-07-08,2026-07-08 13:35:00,22.225,22.24,22.22,22.225,46843.0
2026-07-08,2026-07-08 13:40:00,22.225,22.255,22.215,22.225,60052.0
2026-07-08,2026-07-08 13:45:00,22.225,22.24,22.205,22.225,43764.0
2026-07-08,2026-07-08 13:50:00,22.225,22.225,22.16,22.185,74759.0
2026-07-08,2026-07-08 13:55:00,22.19,22.19,22.175,22.185,35344.0
2026-07-08,2026-07-08 14:00:00,22.185,22.195,22.16,22.185,63510.0
2026-07-08,2026-07-08 14:05:00,22.185,22.29,22.18,22.27,125461.0
2026-07-08,2026-07-08 14:10:00,22.265,22.27,22.24,22.2551,53649.0
2026-07-08,2026-07-08 14:15:00,22.255,22.275,22.2225,22.225,62391.0
2026-07-08,2026-07-08 14:20:00,22.225,22.23,22.175,22.195,80716.0
2026-07-08,2026-07-08 14:25:00,22.2,22.22,22.175,22.205,55524.0
2026-07-08,2026-07-08 14:30:00,22.2,22.23,22.1901,22.225,45523.0
2026-07-08,2026-07-08 14:35:00,22.225,22.225,22.195,22.205,78556.0
2026-07-08,2026-07-08 14:40:00,22.21,22.33,22.21,22.325,114576.0
2026-07-08,2026-07-08 14:45:00,22.325,22.39,22.3,22.375,130949.0
2026-07-08,2026-07-08 14:50:00,22.375,22.385,22.355,22.355,64225.0
2026-07-08,2026-07-08 14:55:00,22.355,22.36,22.325,22.345,96676.0
2026-07-08,2026-07-08 15:00:00,22.345,22.36,22.335,22.355,78096.0
2026-07-08,2026-07-08 15:05:00,22.355,22.365,22.285,22.345,180001.0
2026-07-08,2026-07-08 15:10:00,22.35,22.355,22.32,22.35,69977.0
2026-07-08,2026-07-08 15:15:00,22.35,22.35,22.325,22.325,93052.0
2026-07-08,2026-07-08 15:20:00,22.325,22.4,22.265,22.375,303891.0
2026-07-08,2026-07-08 15:25:00,22.375,22.38,22.345,22.375,68412.0
2026-07-08,2026-07-08 15:30:00,22.38,22.4,22.3025,22.305,118080.0
2026-07-08,2026-07-08 15:35:00,22.305,22.31,22.255,22.305,200813.0
2026-07-08,2026-07-08 15:40:00,22.3,22.33,22.29,22.325,140224.0
2026-07-08,2026-07-08 15:45:00,22.325,22.355,22.32,22.355,227350.0
2026-07-08,2026-07-08 15:50:00,22.355,22.415,22.325,22.41,283119.0
2026-07-08,2026-07-08 15:55:00,22.42,22.515,22.4,22.515,451573.0
2026-07-08,2026-07-08 16:00:00,22.52,22.61,22.49,22.53,4732160.0
2026-07-09,2026-07-09 09:35:00,22.0,22.15,21.91,22.11,229601.0
2026-07-09,2026-07-09 09:40:00,22.1,22.265,22.09,22.23,127142.0
2026-07-09,2026-07-09 09:45:00,22.23,22.365,22.215,22.31,132825.0
2026-07-09,2026-07-09 09:50:00,22.3,22.48,22.29,22.44,115510.0
2026-07-09,2026-07-09 09:55:00,22.44,22.6,22.41,22.57,99339.0
2026-07-09,2026-07-09 10:00:00,22.575,22.68,22.55,22.65,73256.0
2026-07-09,2026-07-09 10:05:00,22.66,22.7,22.525,22.53,73417.0
2026-07-09,2026-07-09 10:10:00,22.535,22.605,22.505,22.59,74730.0
2026-07-09,2026-07-09 10:15:00,22.58,22.625,22.53,22.605,118872.0
2026-07-09,2026-07-09 10:20:00,22.605,22.605,22.42,22.43,70138.0
2026-07-09,2026-07-09 10:25:00,22.43,22.53,22.42,22.52,43776.0
2026-07-09,2026-07-09 10:30:00,22.52,22.52,22.43,22.47,93250.0
2026-07-09,2026-07-09 10:35:00,22.475,22.49,22.4,22.4,156721.0
2026-07-09,2026-07-09 10:40:00,22.395,22.53,22.395,22.53,89927.0
2026-07-09,2026-07-09 10:45:00,22.525,22.525,22.4,22.405,64816.0
2026-07-09,2026-07-09 10:50:00,22.4,22.47,22.385,22.435,63627.0
2026-07-09,2026-07-09 10:55:00,22.43,22.47,22.425,22.45,68026.0
2026-07-09,2026-07-09 11:00:00,22.445,22.52,22.4351,22.505,71173.0
2026-07-09,2026-07-09 11:05:00,22.505,22.58,22.505,22.535,79222.0
2026-07-09,2026-07-09 11:10:00,22.5378,22.585,22.535,22.555,55662.0
2026-07-09,2026-07-09 11:15:00,22.56,22.59,22.52,22.52,56478.0
2026-07-09,2026-07-09 11:20:00,22.52,22.56,22.485,22.495,55113.0
2026-07-09,2026-07-09 11:25:00,22.495,22.54,22.48,22.52,98918.0
2026-07-09,2026-07-09 11:30:00,22.525,22.58,22.525,22.5401,56354.0
2026-07-09,2026-07-09 11:35:00,22.545,22.545,22.445,22.445,83359.0
2026-07-09,2026-07-09 11:40:00,22.44,22.5,22.44,22.5,76233.0
2026-07-09,2026-07-09 11:45:00,22.505,22.56,22.49,22.545,41402.0
2026-07-09,2026-07-09 11:50:00,22.55,22.55,22.5,22.505,46462.0
2026-07-09,2026-07-09 11:55:00,22.5,22.53,22.46,22.46,58372.0
2026-07-09,2026-07-09 12:00:00,22.465,22.515,22.465,22.48,56625.0
2026-07-09,2026-07-09 12:05:00,22.48,22.52,22.475,22.515,53753.0
2026-07-09,2026-07-09 12:10:00,22.515,22.52,22.42,22.43,58924.0
2026-07-09,2026-07-09 12:15:00,22.43,22.505,22.43,22.505,68880.0
2026-07-09,2026-07-09 12:20:00,22.51,22.52,22.475,22.51,172640.0
2026-07-09,2026-07-09 12:25:00,22.5,22.545,22.5,22.545,71726.0
2026-07-09,2026-07-09 12:30:00,22.55,22.57,22.52,22.555,93548.0
2026-07-09,2026-07-09 12:35:00,22.555,22.585,22.53,22.585,61862.0
2026-07-09,2026-07-09 12:40:00,22.585,22.62,22.58,22.615,49472.0
2026-07-09,2026-07-09 12:45:00,22.61,22.635,22.595,22.6,53792.0
2026-07-09,2026-07-09 12:50:00,22.595,22.605,22.57,22.575,35344.0
2026-07-09,2026-07-09 12:55:00,22.58,22.585,22.555,22.565,77541.0
2026-07-09,2026-07-09 13:00:00,22.565,22.58,22.56,22.58,24568.0
2026-07-09,2026-07-09 13:05:00,22.58,22.59,22.555,22.555,47715.0
2026-07-09,2026-07-09 13:10:00,22.56,22.57,22.535,22.535,55724.0
2026-07-09,2026-07-09 13:15:00,22.53,22.545,22.495,22.51,97455.0
2026-07-09,2026-07-09 13:20:00,22.5199,22.55,22.5199,22.535,51526.0
2026-07-09,2026-07-09 13:25:00,22.535,22.585,22.535,22.535,47938.0
2026-07-09,2026-07-09 13:30:00,22.54,22.56,22.53,22.54,58187.0
2026-07-09,2026-07-09 13:35:00,22.535,22.54,22.5,22.515,48937.0
2026-07-09,2026-07-09 13:40:00,22.515,22.52,22.4708,22.5,90248.0
2026-07-09,2026-07-09 13:45:00,22.5,22.5,22.48,22.495,39238.0
2026-07-09,2026-07-09 13:50:00,22.495,22.575,22.495,22.54,128373.0
2026-07-09,2026-07-09 13:55:00,22.54,22.665,22.535,22.665,168761.0
2026-07-09,2026-07-09 14:00:00,22.665,22.7,22.65,22.675,164635.0
2026-07-09,2026-07-09 14:05:00,22.675,22.675,22.615,22.625,61918.0
2026-07-09,2026-07-09 14:10:00,22.625,22.68,22.625,22.635,82238.0
2026-07-09,2026-07-09 14:15:00,22.635,22.72,22.635,22.71,80837.0
2026-07-09,2026-07-09 14:20:00,22.711,22.725,22.6703,22.69,77868.0
2026-07-09,2026-07-09 14:25:00,22.69,22.695,22.66,22.67,47842.0
2026-07-09,2026-07-09 14:30:00,22.665,22.69,22.65,22.685,44919.0
2026-07-09,2026-07-09 14:35:00,22.69,22.71,22.66,22.705,112190.0
2026-07-09,2026-07-09 14:40:00,22.71,22.725,22.675,22.675,55198.0
2026-07-09,2026-07-09 14:45:00,22.68,22.685,22.64,22.67,114481.0
2026-07-09,2026-07-09 14:50:00,22.66,22.67,22.59,22.625,75566.0
2026-07-09,2026-07-09 14:55:00,22.625,22.67,22.6,22.66,127626.0
2026-07-09,2026-07-09 15:00:00,22.665,22.67,22.641,22.655,90897.0
2026-07-09,2026-07-09 15:05:00,22.655,22.68,22.635,22.671,95476.0
2026-07-09,2026-07-09 15:10:00,22.675,22.685,22.635,22.675,80466.0
2026-07-09,2026-07-09 15:15:00,22.67,22.695,22.66,22.685,92518.0
2026-07-09,2026-07-09 15:20:00,22.685,22.685,22.635,22.655,99551.0
2026-07-09,2026-07-09 15:25:00,22.655,22.675,22.605,22.625,109859.0
2026-07-09,2026-07-09 15:30:00,22.625,22.64,22.605,22.625,140421.0
2026-07-09,2026-07-09 15:35:00,22.625,22.705,22.625,22.685,206359.0
2026-07-09,2026-07-09 15:40:00,22.685,22.69,22.665,22.685,144112.0
2026-07-09,2026-07-09 15:45:00,22.68,22.71,22.665,22.695,175580.0
2026-07-09,2026-07-09 15:50:00,22.69,22.715,22.65,22.71,323276.0
2026-07-09,2026-07-09 15:55:00,22.71,22.755,22.6,22.62,576544.0
2026-07-09,2026-07-09 16:00:00,22.62,22.7,22.57,22.7,3178056.0
2026-07-10,2026-07-10 09:35:00,23.0,23.1,22.63,22.635,266721.0
2026-07-10,2026-07-10 09:40:00,22.65,22.84,22.645,22.84,70089.0
2026-07-10,2026-07-10 09:45:00,22.845,22.87,22.56,22.64,143709.0
2026-07-10,2026-07-10 09:50:00,22.6,22.64,22.3,22.3109,179691.0
2026-07-10,2026-07-10 09:55:00,22.3,22.538,22.29,22.51,88007.0
2026-07-10,2026-07-10 10:00:00,22.5,22.565,22.48,22.48,52097.0
2026-07-10,2026-07-10 10:05:00,22.47,22.5,22.36,22.36,83887.0
2026-07-10,2026-07-10 10:10:00,22.365,22.44,22.36,22.42,57808.0
2026-07-10,2026-07-10 10:15:00,22.42,22.47,22.27,22.275,67656.0
2026-07-10,2026-07-10 10:20:00,22.27,22.325,22.235,22.295,103943.0
2026-07-10,2026-07-10 10:25:00,22.295,22.3,22.22,22.24,75350.0
2026-07-10,2026-07-10 10:30:00,22.235,22.235,22.18,22.215,106039.0
2026-07-10,2026-07-10 10:35:00,22.22,22.26,22.01,22.06,252146.0
2026-07-10,2026-07-10 10:40:00,22.065,22.22,22.055,22.22,111263.0
2026-07-10,2026-07-10 10:45:00,22.23,22.305,22.2,22.295,42105.0
2026-07-10,2026-07-10 10:50:00,22.3,22.3,22.26,22.285,45563.0
2026-07-10,2026-07-10 10:55:00,22.285,22.3,22.265,22.265,63320.0
2026-07-10,2026-07-10 11:00:00,22.26,22.33,22.26,22.305,26160.0
2026-07-10,2026-07-10 11:05:00,22.31,22.31,22.275,22.275,40289.0
2026-07-10,2026-07-10 11:10:00,22.27,22.325,22.255,22.305,32871.0
2026-07-10,2026-07-10 11:15:00,22.31,22.325,22.265,22.31,48956.0
2026-07-10,2026-07-10 11:20:00,22.31,22.33,22.305,22.32,23890.0
2026-07-10,2026-07-10 11:25:00,22.325,22.345,22.315,22.335,22244.0
2026-07-10,2026-07-10 11:30:00,22.34,22.355,22.3,22.3001,30534.0
2026-07-10,2026-07-10 11:35:00,22.3,22.305,22.28,22.295,28384.0
2026-07-10,2026-07-10 11:40:00,22.29,22.295,22.265,22.27,29368.0
2026-07-10,2026-07-10 11:45:00,22.275,22.315,22.27,22.285,32649.0
2026-07-10,2026-07-10 11:50:00,22.28,22.335,22.2701,22.32,35922.0
2026-07-10,2026-07-10 11:55:00,22.33,22.355,22.3203,22.345,31257.0
2026-07-10,2026-07-10 12:00:00,22.35,22.365,22.325,22.325,22206.0
2026-07-10,2026-07-10 12:05:00,22.325,22.34,22.31,22.31,23662.0
2026-07-10,2026-07-10 12:10:00,22.305,22.32,22.28,22.295,25301.0
2026-07-10,2026-07-10 12:15:00,22.295,22.31,22.28,22.31,16855.0
2026-07-10,2026-07-10 12:20:00,22.3,22.335,22.285,22.29,33477.0
2026-07-10,2026-07-10 12:25:00,22.295,22.2981,22.23,22.26,27475.0
2026-07-10,2026-07-10 12:30:00,22.25,22.26,22.24,22.2599,25673.0
2026-07-10,2026-07-10 12:35:00,22.255,22.29,22.25,22.275,31933.0
2026-07-10,2026-07-10 12:40:00,22.275,22.28,22.185,22.19,82221.0
2026-07-10,2026-07-10 12:45:00,22.185,22.22,22.172,22.215,23133.0
2026-07-10,2026-07-10 12:50:00,22.22,22.24,22.205,22.205,26264.0
2026-07-10,2026-07-10 12:55:00,22.205,22.24,22.205,22.235,20941.0
2026-07-10,2026-07-10 13:00:00,22.24,22.255,22.235,22.245,47781.0
2026-07-10,2026-07-10 13:05:00,22.245,22.255,22.215,22.22,51995.0
2026-07-10,2026-07-10 13:10:00,22.21,22.21,22.15,22.18,43892.0
2026-07-10,2026-07-10 13:15:00,22.17,22.17,22.095,22.155,80691.0
2026-07-10,2026-07-10 13:20:00,22.15,22.165,22.135,22.145,23267.0
2026-07-10,2026-07-10 13:25:00,22.145,22.1899,22.145,22.175,45501.0
2026-07-10,2026-07-10 13:30:00,22.17,22.175,22.1301,22.155,70250.0
2026-07-10,2026-07-10 13:35:00,22.155,22.17,22.14,22.155,83432.0
2026-07-10,2026-07-10 13:40:00,22.155,22.305,22.155,22.295,77613.0
2026-07-10,2026-07-10 13:45:00,22.2964,22.305,22.27,22.285,36545.0
2026-07-10,2026-07-10 13:50:00,22.285,22.35,22.285,22.335,59820.0
2026-07-10,2026-07-10 13:55:00,22.33,22.365,22.315,22.365,25806.0
2026-07-10,2026-07-10 14:00:00,22.365,22.41,22.365,22.39,93845.0
2026-07-10,2026-07-10 14:05:00,22.395,22.469,22.39,22.455,74509.0
2026-07-10,2026-07-10 14:10:00,22.455,22.47,22.435,22.455,95298.0
2026-07-10,2026-07-10 14:15:00,22.455,22.47,22.44,22.445,40407.0
2026-07-10,2026-07-10 14:20:00,22.445,22.4599,22.415,22.415,58368.0
2026-07-10,2026-07-10 14:25:00,22.41,22.425,22.39,22.42,32330.0
2026-07-10,2026-07-10 14:30:00,22.425,22.43,22.385,22.415,38978.0
2026-07-10,2026-07-10 14:35:00,22.415,22.47,22.415,22.415,52540.0
2026-07-10,2026-07-10 14:40:00,22.415,22.45,22.41,22.44,51462.0
2026-07-10,2026-07-10 14:45:00,22.445,22.465,22.435,22.455,41351.0
2026-07-10,2026-07-10 14:50:00,22.45,22.455,22.415,22.42,62078.0
2026-07-10,2026-07-10 14:55:00,22.425,22.425,22.395,22.425,68276.0
2026-07-10,2026-07-10 15:00:00,22.425,22.495,22.415,22.49,112105.0
2026-07-10,2026-07-10 15:05:00,22.485,22.495,22.46,22.465,52435.0
2026-07-10,2026-07-10 15:10:00,22.465,22.485,22.465,22.475,37291.0
2026-07-10,2026-07-10 15:15:00,22.47,22.47,22.42,22.435,110613.0
2026-07-10,2026-07-10 15:20:00,22.435,22.4599,22.4,22.425,109288.0
2026-07-10,2026-07-10 15:25:00,22.425,22.4487,22.405,22.41,89342.0
2026-07-10,2026-07-10 15:30:00,22.405,22.475,22.39,22.465,129123.0
2026-07-10,2026-07-10 15:35:00,22.465,22.475,22.385,22.385,179231.0
2026-07-10,2026-07-10 15:40:00,22.38,22.395,22.34,22.34,83082.0
2026-07-10,2026-07-10 15:45:00,22.34,22.345,22.315,22.325,104497.0
2026-07-10,2026-07-10 15:50:00,22.32,22.38,22.32,22.365,147908.0
2026-07-10,2026-07-10 15:55:00,22.37,22.51,22.36,22.485,429984.0
2026-07-10,2026-07-10 16:00:00,22.49,22.58,22.485,22.52,3814696.0
2026-07-13,2026-07-13 09:35:00,22.63,22.79,22.545,22.725,204335.0
2026-07-13,2026-07-13 09:40:00,22.725,22.98,22.665,22.955,150532.0
2026-07-13,2026-07-13 09:45:00,22.9522,23.04,22.94,23.02,110332.0
2026-07-13,2026-07-13 09:50:00,23.02,23.02,22.82,22.835,74348.0
2026-07-13,2026-07-13 09:55:00,22.835,22.835,22.65,22.77,74510.0
2026-07-13,2026-07-13 10:00:00,22.78,22.86,22.72,22.79,87473.0
2026-07-13,2026-07-13 10:05:00,22.79,22.84,22.67,22.69,100909.0
2026-07-13,2026-07-13 10:10:00,22.69,22.71,22.65,22.705,68507.0
2026-07-13,2026-07-13 10:15:00,22.715,22.762,22.675,22.74,112592.0
2026-07-13,2026-07-13 10:20:00,22.745,22.755,22.505,22.63,136610.0
2026-07-13,2026-07-13 10:25:00,22.65,22.65,22.55,22.5714,56956.0
2026-07-13,2026-07-13 10:30:00,22.58,22.625,22.575,22.605,48964.0
2026-07-13,2026-07-13 10:35:00,22.605,22.695,22.56,22.64,73780.0
2026-07-13,2026-07-13 10:40:00,22.63,22.695,22.63,22.695,32962.0
2026-07-13,2026-07-13 10:45:00,22.69,22.7,22.64,22.665,31310.0
2026-07-13,2026-07-13 10:50:00,22.66,22.745,22.635,22.74,31246.0
2026-07-13,2026-07-13 10:55:00,22.735,22.79,22.715,22.785,65886.0
2026-07-13,2026-07-13 11:00:00,22.79,22.83,22.7705,22.815,58481.0
2026-07-13,2026-07-13 11:05:00,22.82,22.845,22.735,22.735,44220.0
2026-07-13,2026-07-13 11:10:00,22.74,22.805,22.74,22.78,33747.0
2026-07-13,2026-07-13 11:15:00,22.785,22.8,22.74,22.75,30445.0
2026-07-13,2026-07-13 11:20:00,22.755,22.795,22.75,22.78,29684.0
2026-07-13,2026-07-13 11:25:00,22.785,22.84,22.7827,22.815,35412.0
2026-07-13,2026-07-13 11:30:00,22.82,22.835,22.765,22.825,61756.0
2026-07-13,2026-07-13 11:35:00,22.82,22.87,22.815,22.845,47857.0
2026-07-13,2026-07-13 11:40:00,22.85,22.885,22.835,22.845,54238.0
2026-07-13,2026-07-13 11:45:00,22.85,22.92,22.84,22.905,88523.0
2026-07-13,2026-07-13 11:50:00,22.905,22.915,22.87,22.885,38926.0
2026-07-13,2026-07-13 11:55:00,22.885,22.9,22.86,22.88,58026.0
2026-07-13,2026-07-13 12:00:00,22.875,22.895,22.85,22.87,41309.0
2026-07-13,2026-07-13 12:05:00,22.87,22.91,22.84,22.895,38357.0
2026-07-13,2026-07-13 12:10:00,22.89,22.89,22.832,22.845,33428.0
2026-07-13,2026-07-13 12:15:00,22.85,22.9,22.85,22.894,25872.0
2026-07-13,2026-07-13 12:20:00,22.895,22.895,22.825,22.87,40767.0
2026-07-13,2026-07-13 12:25:00,22.865,22.865,22.835,22.85,44625.0
2026-07-13,2026-07-13 12:30:00,22.84,22.85,22.81,22.84,32315.0
2026-07-13,2026-07-13 12:35:00,22.835,22.885,22.815,22.865,48834.0
2026-07-13,2026-07-13 12:40:00,22.86,22.915,22.84,22.89,29248.0
2026-07-13,2026-07-13 12:45:00,22.895,22.9,22.81,22.835,441399.0
2026-07-13,2026-07-13 12:50:00,22.84,22.86,22.8,22.82,26414.0
2026-07-13,2026-07-13 12:55:00,22.82,22.82,22.76,22.775,36528.0
2026-07-13,2026-07-13 13:00:00,22.77,22.81,22.765,22.805,27356.0
2026-07-13,2026-07-13 13:05:00,22.805,22.845,22.8,22.8,29832.0
2026-07-13,2026-07-13 13:10:00,22.8,22.82,22.775,22.78,29679.0
2026-07-13,2026-07-13 13:15:00,22.78,22.82,22.775,22.785,38015.0
2026-07-13,2026-07-13 13:20:00,22.785,22.81,22.78,22.805,22063.0
2026-07-13,2026-07-13 13:25:00,22.8,22.82,22.755,22.76,97169.0
2026-07-13,2026-07-13 13:30:00,22.76,22.76,22.73,22.75,25247.0
2026-07-13,2026-07-13 13:35:00,22.745,22.805,22.735,22.775,44462.0
2026-07-13,2026-07-13 13:40:00,22.771,22.771,22.7,22.73,38939.0
2026-07-13,2026-07-13 13:45:00,22.73,22.78,22.721,22.775,23855.0
2026-07-13,2026-07-13 13:50:00,22.78,22.79,22.75,22.7501,28746.0
2026-07-13,2026-07-13 13:55:00,22.755,22.755,22.6801,22.7,38772.0
2026-07-13,2026-07-13 14:00:00,22.7,22.7,22.675,22.685,24183.0
2026-07-13,2026-07-13 14:05:00,22.685,22.745,22.68,22.725,93988.0
2026-07-13,2026-07-13 14:10:00,22.725,22.765,22.715,22.715,39080.0
2026-07-13,2026-07-13 14:15:00,22.715,22.715,22.69,22.695,28854.0
2026-07-13,2026-07-13 14:20:00,22.695,22.7,22.68,22.695,21018.0
2026-07-13,2026-07-13 14:25:00,22.695,22.7,22.675,22.695,30900.0
2026-07-13,2026-07-13 14:30:00,22.695,22.73,22.69,22.69,29981.0
2026-07-13,2026-07-13 14:35:00,22.695,22.72,22.675,22.69,41164.0
2026-07-13,2026-07-13 14:40:00,22.685,22.7,22.635,22.645,71290.0
2026-07-13,2026-07-13 14:45:00,22.65,22.71,22.645,22.67,56678.0
2026-07-13,2026-07-13 14:50:00,22.675,22.68,22.64,22.645,31119.0
2026-07-13,2026-07-13 14:55:00,22.645,22.695,22.645,22.69,104035.0
2026-07-13,2026-07-13 15:00:00,22.685,22.775,22.685,22.755,144240.0
2026-07-13,2026-07-13 15:05:00,22.755,22.755,22.7,22.705,87120.0
2026-07-13,2026-07-13 15:10:00,22.705,22.72,22.675,22.695,63659.0
2026-07-13,2026-07-13 15:15:00,22.695,22.695,22.63,22.635,45591.0
2026-07-13,2026-07-13 15:20:00,22.63,22.64,22.575,22.582,95794.0
2026-07-13,2026-07-13 15:25:00,22.58,22.58,22.535,22.545,80710.0
2026-07-13,2026-07-13 15:30:00,22.545,22.545,22.515,22.515,59452.0
2026-07-13,2026-07-13 15:35:00,22.51,22.52,22.455,22.46,109265.0
2026-07-13,2026-07-13 15:40:00,22.46,22.47,22.445,22.455,73076.0
2026-07-13,2026-07-13 15:45:00,22.455,22.495491,22.435,22.49,115395.0
2026-07-13,2026-07-13 15:50:00,22.495,22.5,22.45,22.475,128836.0
2026-07-13,2026-07-13 15:55:00,22.475,22.51,22.445,22.445,209502.0
2026-07-13,2026-07-13 16:00:00,22.45,22.61,22.445,22.6,1538944.0
2026-07-14,2026-07-14 09:35:00,22.12,22.25,21.97,22.22,174659.0
2026-07-14,2026-07-14 09:40:00,22.21,22.32,22.135,22.315,64024.0
2026-07-14,2026-07-14 09:45:00,22.3,22.5,22.3,22.35,93513.0
2026-07-14,2026-07-14 09:50:00,22.33,22.39,22.215,22.22,67637.0
2026-07-14,2026-07-14 09:55:00,22.215,22.285,22.185,22.21,53366.0
2026-07-14,2026-07-14 10:00:00,22.2,22.4,22.17,22.37,80524.0
2026-07-14,2026-07-14 10:05:00,22.4,22.4,22.185,22.2,67765.0
2026-07-14,2026-07-14 10:10:00,22.21,22.345,22.2,22.345,59553.0
2026-07-14,2026-07-14 10:15:00,22.35,22.36,22.28,22.36,54638.0
2026-07-14,2026-07-14 10:20:00,22.35,22.35,22.29,22.29,42112.0
2026-07-14,2026-07-14 10:25:00,22.285,22.365,22.285,22.325,53952.0
2026-07-14,2026-07-14 10:30:00,22.33,22.375,22.315,22.355,37337.0
2026-07-14,2026-07-14 10:35:00,22.355,22.49,22.345,22.42,106310.0
2026-07-14,2026-07-14 10:40:00,22.415,22.43,22.34,22.415,36452.0
2026-07-14,2026-07-14 10:45:00,22.42,22.48,22.41,22.42,33370.0
2026-07-14,2026-07-14 10:50:00,22.425,22.45,22.42,22.425,41330.0
2026-07-14,2026-07-14 10:55:00,22.42,22.495,22.39,22.485,79026.0
2026-07-14,2026-07-14 11:00:00,22.48,22.48,22.43,22.445,44213.0
2026-07-14,2026-07-14 11:05:00,22.45,22.465,22.4,22.435,114966.0
2026-07-14,2026-07-14 11:10:00,22.44,22.46,22.395,22.395,36595.0
2026-07-14,2026-07-14 11:15:00,22.395,22.4,22.35,22.36,64332.0
2026-07-14,2026-07-14 11:20:00,22.35,22.38,22.345,22.345,37088.0
2026-07-14,2026-07-14 11:25:00,22.34,22.37,22.335,22.345,25184.0
2026-07-14,2026-07-14 11:30:00,22.345,22.4151,22.345,22.415,46934.0
2026-07-14,2026-07-14 11:35:00,22.41,22.41,22.365,22.38,42743.0
2026-07-14,2026-07-14 11:40:00,22.379,22.385,22.335,22.375,37979.0
2026-07-14,2026-07-14 11:45:00,22.375,22.415,22.36,22.41,29685.0
2026-07-14,2026-07-14 11:50:00,22.42,22.465,22.405,22.45,39419.0
2026-07-14,2026-07-14 11:55:00,22.45,22.555,22.445,22.555,45479.0
2026-07-14,2026-07-14 12:00:00,22.555,22.555,22.49,22.495,40125.0
2026-07-14,2026-07-14 12:05:00,22.5,22.525,22.39,22.455,293281.0
2026-07-14,2026-07-14 12:10:00,22.455,22.585,22.175,22.565,479611.0
2026-07-14,2026-07-14 12:15:00,22.57,22.695,22.55,22.665,206551.0
2026-07-14,2026-07-14 12:20:00,22.67,22.735,22.56,22.565,121298.0
2026-07-14,2026-07-14 12:25:00,22.57,22.5864,22.345,22.38,242478.0
2026-07-14,2026-07-14 12:30:00,22.375,22.485,22.34,22.435,254045.0
2026-07-14,2026-07-14 12:35:00,22.44,22.475,22.375,22.41,112879.0
2026-07-14,2026-07-14 12:40:00,22.415,22.485,22.305,22.47,137317.0
2026-07-14,2026-07-14 12:45:00,22.475,22.565,22.475,22.56,48645.0
2026-07-14,2026-07-14 12:50:00,22.56,22.57,22.535,22.54,35211.0
2026-07-14,2026-07-14 12:55:00,22.545,22.595,22.54,22.565,41105.0
2026-07-14,2026-07-14 13:00:00,22.57,22.59,22.535,22.585,87278.0
2026-07-14,2026-07-14 13:05:00,22.585,22.605,22.545,22.565,88994.0
2026-07-14,2026-07-14 13:10:00,22.565,22.565,22.515,22.54,43109.0
2026-07-14,2026-07-14 13:15:00,22.545,22.545,22.505,22.51,56222.0
2026-07-14,2026-07-14 13:20:00,22.5039,22.51,22.46,22.475,93529.0
2026-07-14,2026-07-14 13:25:00,22.48,22.535,22.475,22.535,48496.0
2026-07-14,2026-07-14 13:30:00,22.535,22.57,22.535,22.545,73713.0
2026-07-14,2026-07-14 13:35:00,22.545,22.555,22.484,22.484,50651.0
2026-07-14,2026-07-14 13:40:00,22.485,22.485,22.44,22.44,60930.0
2026-07-14,2026-07-14 13:45:00,22.45,22.46,22.43,22.436466,53040.0
2026-07-14,2026-07-14 13:50:00,22.4315,22.4315,22.38,22.39,60981.0
2026-07-14,2026-07-14 13:55:00,22.385,22.395,22.34,22.395,54463.0
2026-07-14,2026-07-14 14:00:00,22.395,22.41,22.355,22.375,60152.0
2026-07-14,2026-07-14 14:05:00,22.375,22.395,22.335,22.365,57168.0
2026-07-14,2026-07-14 14:10:00,22.365,22.4,22.35,22.375,36782.0
2026-07-14,2026-07-14 14:15:00,22.375,22.41,22.375,22.4,36397.0
2026-07-14,2026-07-14 14:20:00,22.395,22.425,22.385,22.415,57646.0
2026-07-14,2026-07-14 14:25:00,22.415,22.475,22.4,22.465,50664.0
2026-07-14,2026-07-14 14:30:00,22.46,22.485,22.4502,22.47,38494.0
2026-07-14,2026-07-14 14:35:00,22.465,22.47,22.455,22.465,44553.0
2026-07-14,2026-07-14 14:40:00,22.47,22.475,22.405,22.415,38411.0
2026-07-14,2026-07-14 14:45:00,22.41,22.41,22.375,22.395,35075.0
2026-07-14,2026-07-14 14:50:00,22.395,22.406,22.385,22.395,30924.0
2026-07-14,2026-07-14 14:55:00,22.395,22.395,22.36,22.38,49892.0
2026-07-14,2026-07-14 15:00:00,22.385,22.395,22.365,22.375,59691.0
2026-07-14,2026-07-14 15:05:00,22.37,22.395,22.37,22.385,40647.0
2026-07-14,2026-07-14 15:10:00,22.385,22.445,22.365,22.44,104314.0
2026-07-14,2026-07-14 15:15:00,22.445,22.475,22.435,22.465,134470.0
2026-07-14,2026-07-14 15:20:00,22.465,22.59,22.465,22.585,119808.0
2026-07-14,2026-07-14 15:25:00,22.585,22.61,22.555,22.59,132935.0
2026-07-14,2026-07-14 15:30:00,22.585,22.595,22.5,22.505,85126.0
2026-07-14,2026-07-14 15:35:00,22.5,22.525,22.475,22.475,109798.0
2026-07-14,2026-07-14 15:40:00,22.4703,22.4876,22.455,22.465,78209.0
2026-07-14,2026-07-14 15:45:00,22.465,22.465,22.4,22.445,123002.0
2026-07-14,2026-07-14 15:50:00,22.45,22.495,22.45,22.455,120661.0
2026-07-14,2026-07-14 15:55:00,22.46,22.51,22.455,22.485,151786.0
2026-07-14,2026-07-14 16:00:00,22.49,22.63,22.485,22.61,1893907.0
2026-07-15,2026-07-15 09:35:00,22.83,23.09,22.765,23.02,176333.0
2026-07-15,2026-07-15 09:40:00,23.02,23.17,22.96,23.04,160091.0
2026-07-15,2026-07-15 09:45:00,23.04,23.04,22.91,22.91,86043.0
2026-07-15,2026-07-15 09:50:00,22.91,22.91,22.7,22.74,118644.0
2026-07-15,2026-07-15 09:55:00,22.73,22.87,22.69,22.82,110177.0
2026-07-15,2026-07-15 10:00:00,22.83,22.94,22.81,22.875,128106.0
2026-07-15,2026-07-15 10:05:00,22.875,23.04,22.875,23.0202,131455.0
2026-07-15,2026-07-15 10:10:00,23.03,23.155,23.02,23.135,111950.0
2026-07-15,2026-07-15 10:15:00,23.135,23.24,23.135,23.145,168003.0
2026-07-15,2026-07-15 10:20:00,23.145,23.315,23.14,23.315,97583.0
2026-07-15,2026-07-15 10:25:00,23.315,23.495,23.3,23.335,317174.0
2026-07-15,2026-07-15 10:30:00,23.335,23.38,23.29,23.305,111845.0
2026-07-15,2026-07-15 10:35:00,23.305,23.37,23.24,23.25,99541.0
2026-07-15,2026-07-15 10:40:00,23.245,23.285,23.225,23.25,120397.0
2026-07-15,2026-07-15 10:45:00,23.25,23.26,23.125,23.125,81615.0
2026-07-15,2026-07-15 10:50:00,23.13,23.13,23.07,23.115,95965.0
2026-07-15,2026-07-15 10:55:00,23.115,23.165,23.065,23.065,76702.0
2026-07-15,2026-07-15 11:00:00,23.07,23.115,23.03,23.115,107448.0
2026-07-15,2026-07-15 11:05:00,23.12,23.16,23.1,23.14,82713.0
2026-07-15,2026-07-15 11:10:00,23.15,23.175,23.12,23.175,36089.0
2026-07-15,2026-07-15 11:15:00,23.175,23.21,23.15,23.175,122259.0
2026-07-15,2026-07-15 11:20:00,23.175,23.27,23.16,23.25,55904.0
2026-07-15,2026-07-15 11:25:00,23.252,23.275,23.225,23.235,52224.0
2026-07-15,2026-07-15 11:30:00,23.235,23.325,23.22,23.285,48332.0
2026-07-15,2026-07-15 11:35:00,23.285,23.335,23.265,23.335,61849.0
2026-07-15,2026-07-15 11:40:00,23.339,23.339,23.29,23.3,38073.0
2026-07-15,2026-07-15 11:45:00,23.305,23.41,23.29,23.41,356240.0
2026-07-15,2026-07-15 11:50:00,23.425,23.47,23.32,23.33,112701.0
2026-07-15,2026-07-15 11:55:00,23.335,23.355,23.325,23.34,49126.0
2026-07-15,2026-07-15 12:00:00,23.345,23.3651,23.325,23.325,50334.0
2026-07-15,2026-07-15 12:05:00,23.325,23.345,23.285,23.2999,64346.0
2026-07-15,2026-07-15 12:10:00,23.295,23.35,23.29,23.345,58104.0
2026-07-15,2026-07-15 12:15:00,23.345,23.36,23.285,23.285,44854.0
2026-07-15,2026-07-15 12:20:00,23.28,23.345,23.26,23.325,79339.0
2026-07-15,2026-07-15 12:25:00,23.325,23.375,23.325,23.335,48395.0
2026-07-15,2026-07-15 12:30:00,23.335,23.36,23.28,23.315,94419.0
2026-07-15,2026-07-15 12:35:00,23.315,23.365,23.3,23.34,113950.0
2026-07-15,2026-07-15 12:40:00,23.34,23.35,23.275,23.31,139049.0
2026-07-15,2026-07-15 12:45:00,23.31,23.32,23.275,23.31,76462.0
2026-07-15,2026-07-15 12:50:00,23.32,23.36,23.265,23.29,158777.0
2026-07-15,2026-07-15 12:55:00,23.29,23.315,23.265,23.27,84864.0
2026-07-15,2026-07-15 13:00:00,23.275,23.35,23.255,23.325,102814.0
2026-07-15,2026-07-15 13:05:00,23.33,23.34,23.275,23.285,47308.0
2026-07-15,2026-07-15 13:10:00,23.2844,23.285,23.25,23.255,52507.0
2026-07-15,2026-07-15 13:15:00,23.255,23.2777,23.23,23.23,51814.0
2026-07-15,2026-07-15 13:20:00,23.24,23.26,23.215,23.235,101699.0
2026-07-15,2026-07-15 13:25:00,23.23,23.25,23.21,23.215,43929.0
2026-07-15,2026-07-15 13:30:00,23.21,23.235,23.19,23.235,45156.0
2026-07-15,2026-07-15 13:35:00,23.235,23.26,23.185,23.205,66656.0
2026-07-15,2026-07-15 13:40:00,23.21,23.295,23.205,23.275,98211.0
2026-07-15,2026-07-15 13:45:00,23.28,23.308,23.255,23.275,49104.0
2026-07-15,2026-07-15 13:50:00,23.275,23.31,23.265,23.285,53142.0
2026-07-15,2026-07-15 13:55:00,23.285,23.29,23.25,23.265,47424.0
2026-07-15,2026-07-15 14:00:00,23.27,23.2875,23.235,23.275,85163.0
2026-07-15,2026-07-15 14:05:00,23.275,23.3,23.265,23.265,51196.0
2026-07-15,2026-07-15 14:10:00,23.265,23.295,23.245,23.265,71675.0
2026-07-15,2026-07-15 14:15:00,23.265,23.355,23.265,23.355,57285.0
2026-07-15,2026-07-15 14:20:00,23.355,23.42,23.345,23.405,74997.0
2026-07-15,2026-07-15 14:25:00,23.405,23.48,23.405,23.445,77158.0
2026-07-15,2026-07-15 14:30:00,23.44,23.475,23.425,23.475,50048.0
2026-07-15,2026-07-15 14:35:00,23.475,23.48,23.455,23.465,61981.0
2026-07-15,2026-07-15 14:40:00,23.465,23.465,23.43,23.435,51629.0
2026-07-15,2026-07-15 14:45:00,23.44,23.44,23.4,23.4,33172.0
2026-07-15,2026-07-15 14:50:00,23.39,23.395,23.345,23.345,47342.0
2026-07-15,2026-07-15 14:55:00,23.345,23.355,23.32,23.325,49638.0
2026-07-15,2026-07-15 15:00:00,23.33,23.42,23.315,23.415,165753.0
2026-07-15,2026-07-15 15:05:00,23.415,23.55,23.385,23.475,309016.0
2026-07-15,2026-07-15 15:10:00,23.475,23.48,23.445,23.465,74489.0
2026-07-15,2026-07-15 15:15:00,23.465,23.49,23.435,23.435,117887.0
2026-07-15,2026-07-15 15:20:00,23.435,23.435,23.41,23.43,58890.0
2026-07-15,2026-07-15 15:25:00,23.43,23.485,23.425,23.475,151510.0
2026-07-15,2026-07-15 15:30:00,23.475,23.475,23.38,23.385,121305.0
2026-07-15,2026-07-15 15:35:00,23.385,23.455,23.36,23.405,219619.0
2026-07-15,2026-07-15 15:40:00,23.405,23.43,23.39,23.395,123951.0
2026-07-15,2026-07-15 15:45:00,23.395,23.415,23.31,23.345,794501.0
2026-07-15,2026-07-15 15:50:00,23.345,23.435,23.255,23.43,366742.0
2026-07-15,2026-07-15 15:55:00,23.43,23.625,23.39,23.575,532988.0
2026-07-15,2026-07-15 16:00:00,23.58,23.745,23.575,23.68,5129231.0
2026-07-16,2026-07-16 09:35:00,23.85,23.92,23.66,23.73,211560.0
2026-07-16,2026-07-16 09:40:00,23.75,23.79,23.57,23.59,106932.0
2026-07-16,2026-07-16 09:45:00,23.6,23.64,23.34,23.345,117796.0
2026-07-16,2026-07-16 09:50:00,23.33,23.41,23.19,23.33,149906.0
2026-07-16,2026-07-16 09:55:00,23.32,23.56,23.29,23.41,80188.0
2026-07-16,2026-07-16 10:00:00,23.4,23.445,23.335,23.375,101269.0
2026-07-16,2026-07-16 10:05:00,23.37,23.53,23.36,23.51,102420.0
2026-07-16,2026-07-16 10:10:00,23.51,23.57,23.445,23.485,81055.0
2026-07-16,2026-07-16 10:15:00,23.485,23.62,23.465,23.54,73295.0
2026-07-16,2026-07-16 10:20:00,23.54,23.56,23.435,23.46,83322.0
2026-07-16,2026-07-16 10:25:00,23.47,23.485,23.395,23.44,86394.0
2026-07-16,2026-07-16 10:30:00,23.43,23.54,23.405,23.525,56766.0
2026-07-16,2026-07-16 10:35:00,23.52,23.579,23.515,23.54,85022.0
2026-07-16,2026-07-16 10:40:00,23.54,23.625,23.535,23.615,55729.0
2026-07-16,2026-07-16 10:45:00,23.62,23.68,23.595,23.665,48048.0
2026-07-16,2026-07-16 10:50:00,23.655,23.675,23.585,23.645,68244.0
2026-07-16,2026-07-16 10:55:00,23.64,23.64,23.555,23.565,61454.0
2026-07-16,2026-07-16 11:00:00,23.56,23.64,23.55,23.615,65537.0
2026-07-16,2026-07-16 11:05:00,23.615,23.645,23.525,23.525,58581.0
2026-07-16,2026-07-16 11:10:00,23.525,23.575,23.505,23.555,39903.0
2026-07-16,2026-07-16 11:15:00,23.56,23.565,23.515,23.565,56096.0
2026-07-16,2026-07-16 11:20:00,23.56,23.615,23.535,23.59,138176.0
2026-07-16,2026-07-16 11:25:00,23.595,23.625,23.56,23.58,58876.0
2026-07-16,2026-07-16 11:30:00,23.575,23.655,23.565,23.58,66922.0
2026-07-16,2026-07-16 11:35:00,23.58,23.665,23.54,23.57,333031.0
2026-07-16,2026-07-16 11:40:00,23.56,23.595,23.56,23.595,40642.0
2026-07-16,2026-07-16 11:45:00,23.595,23.605,23.5301,23.605,63916.0
2026-07-16,2026-07-16 11:50:00,23.61,23.62,23.49,23.495,72197.0
2026-07-16,2026-07-16 11:55:00,23.495,23.565,23.485,23.535,54076.0
2026-07-16,2026-07-16 12:00:00,23.54,23.545,23.495,23.54,47853.0
2026-07-16,2026-07-16 12:05:00,23.54,23.54,23.485,23.485,49413.0
2026-07-16,2026-07-16 12:10:00,23.48,23.55,23.465,23.545,55624.0
2026-07-16,2026-07-16 12:15:00,23.545,23.565,23.495,23.495,42415.0
2026-07-16,2026-07-16 12:20:00,23.495,23.52,23.47,23.505,49466.0
2026-07-16,2026-07-16 12:25:00,23.51,23.51,23.44,23.465,47423.0
2026-07-16,2026-07-16 12:30:00,23.46,23.5051,23.45,23.505,48676.0
2026-07-16,2026-07-16 12:35:00,23.51,23.55,23.5,23.52,35746.0
2026-07-16,2026-07-16 12:40:00,23.51,23.535,23.51,23.52,56169.0
2026-07-16,2026-07-16 12:45:00,23.51,23.545,23.495,23.545,60807.0
2026-07-16,2026-07-16 12:50:00,23.55,23.64,23.55,23.635,60228.0
2026-07-16,2026-07-16 12:55:00,23.635,23.675,23.62,23.64,44949.0
2026-07-16,2026-07-16 13:00:00,23.645,23.655,23.51,23.5142,61813.0
2026-07-16,2026-07-16 13:05:00,23.51,23.55,23.49,23.495,54541.0
2026-07-16,2026-07-16 13:10:00,23.495,23.52,23.485,23.485,41881.0
2026-07-16,2026-07-16 13:15:00,23.485,23.495,23.445,23.445,37840.0
2026-07-16,2026-07-16 13:20:00,23.445,23.495,23.445,23.49,60228.0
2026-07-16,2026-07-16 13:25:00,23.495,23.5,23.445,23.49,62312.0
2026-07-16,2026-07-16 13:30:00,23.485,23.565,23.475,23.555,96107.0
2026-07-16,2026-07-16 13:35:00,23.55,23.57,23.5,23.505,53567.0
2026-07-16,2026-07-16 13:40:00,23.5,23.515,23.485,23.505,83958.0
2026-07-16,2026-07-16 13:45:00,23.505,23.53,23.475,23.525,88407.0
2026-07-16,2026-07-16 13:50:00,23.525,23.545,23.5,23.535,66940.0
2026-07-16,2026-07-16 13:55:00,23.535,23.57,23.535,23.55,55071.0
2026-07-16,2026-07-16 14:00:00,23.545,23.57,23.54,23.555,44657.0
2026-07-16,2026-07-16 14:05:00,23.56,23.6,23.535,23.595,208912.0
2026-07-16,2026-07-16 14:10:00,23.6,23.615,23.5,23.515,133029.0
2026-07-16,2026-07-16 14:15:00,23.515,23.59,23.51,23.555,64416.0
2026-07-16,2026-07-16 14:20:00,23.55,23.565,23.475,23.475,124887.0
2026-07-16,2026-07-16 14:25:00,23.47,23.515,23.455,23.455,107367.0
2026-07-16,2026-07-16 14:30:00,23.455,23.48,23.435,23.455,78763.0
2026-07-16,2026-07-16 14:35:00,23.45,23.485,23.41,23.47,187249.0
2026-07-16,2026-07-16 14:40:00,23.475,23.5,23.455,23.485,97343.0
2026-07-16,2026-07-16 14:45:00,23.48,23.485,23.44,23.455,63986.0
2026-07-16,2026-07-16 14:50:00,23.455,23.455,23.4,23.415,104283.0
2026-07-16,2026-07-16 14:55:00,23.415,23.43,23.38,23.395,71673.0
2026-07-16,2026-07-16 15:00:00,23.39,23.42,23.37,23.4,103719.0
2026-07-16,2026-07-16 15:05:00,23.4,23.41,23.355,23.375,157329.0
2026-07-16,2026-07-16 15:10:00,23.37,23.375,23.31,23.325,118347.0
2026-07-16,2026-07-16 15:15:00,23.325,23.34,23.29,23.325,227946.0
2026-07-16,2026-07-16 15:20:00,23.325,23.365,23.31,23.36,145017.0
2026-07-16,2026-07-16 15:25:00,23.35,23.36,23.32,23.345,113904.0
2026-07-16,2026-07-16 15:30:00,23.345,23.36,23.315,23.355,117596.0
2026-07-16,2026-07-16 15:35:00,23.35,23.38,23.295,23.3,180667.0
2026-07-16,2026-07-16 15:40:00,23.295,23.325,23.275,23.315,115120.0
2026-07-16,2026-07-16 15:45:00,23.31,23.31,23.19,23.19,133736.0
2026-07-16,2026-07-16 15:50:00,23.19,23.195,23.135,23.165,224937.0
2026-07-16,2026-07-16 15:55:00,23.17,23.205,22.98,23.0,556275.0
2026-07-16,2026-07-16 16:00:00,23.0,23.09,22.955,23.09,4077891.0
2026-07-17,2026-07-17 09:35:00,22.71,23.0,22.71,22.79,167651.0
2026-07-17,2026-07-17 09:40:00,22.79,22.82,22.65,22.67,98686.0
2026-07-17,2026-07-17 09:45:00,22.66,22.73,22.44,22.48,69848.0
2026-07-17,2026-07-17 09:50:00,22.47,22.475,22.345,22.4,98573.0
2026-07-17,2026-07-17 09:55:00,22.415,22.575,22.37,22.54,104819.0
2026-07-17,2026-07-17 10:00:00,22.53,22.5425,22.47,22.52,48668.0
2026-07-17,2026-07-17 10:05:00,22.51,22.51,22.395,22.42,54350.0
2026-07-17,2026-07-17 10:10:00,22.43,22.54,22.43,22.525,82860.0
2026-07-17,2026-07-17 10:15:00,22.515,22.55,22.455,22.51,103399.0
2026-07-17,2026-07-17 10:20:00,22.505,22.64,22.48,22.505,92688.0
2026-07-17,2026-07-17 10:25:00,22.505,22.525,22.475,22.5,53444.0
2026-07-17,2026-07-17 10:30:00,22.5,22.585,22.49,22.525,32505.0
2026-07-17,2026-07-17 10:35:00,22.525,22.535,22.47,22.5,96765.0
2026-07-17,2026-07-17 10:40:00,22.49,22.515,22.455,22.51,91278.0
2026-07-17,2026-07-17 10:45:00,22.51,22.515,22.385,22.455,101655.0
2026-07-17,2026-07-17 10:50:00,22.45,22.49,22.38,22.395,41871.0
2026-07-17,2026-07-17 10:55:00,22.39,22.39,22.34,22.365,39157.0
2026-07-17,2026-07-17 11:00:00,22.365,22.385,22.25,22.26,43251.0
2026-07-17,2026-07-17 11:05:00,22.26,22.26,22.21,22.25,51008.0
2026-07-17,2026-07-17 11:10:00,22.25,22.27,22.23,22.25,46931.0
2026-07-17,2026-07-17 11:15:00,22.255,22.315,22.235,22.305,154299.0
2026-07-17,2026-07-17 11:20:00,22.3,22.315,22.24,22.245,64850.0
2026-07-17,2026-07-17 11:25:00,22.24,22.24,22.2,22.235,66813.0
2026-07-17,2026-07-17 11:30:00,22.235,22.325,22.23,22.3,77236.0
2026-07-17,2026-07-17 11:35:00,22.29,22.32,22.24,22.25,75123.0
2026-07-17,2026-07-17 11:40:00,22.25,22.25,22.18,22.21,70882.0
2026-07-17,2026-07-17 11:45:00,22.215,22.24,22.2,22.235,84841.0
2026-07-17,2026-07-17 11:50:00,22.235,22.235,22.19,22.205,49203.0
2026-07-17,2026-07-17 11:55:00,22.205,22.29,22.205,22.26,68920.0
2026-07-17,2026-07-17 12:00:00,22.26,22.3,22.245,22.26,119301.0
2026-07-17,2026-07-17 12:05:00,22.265,22.305,22.205,22.23,82074.0
2026-07-17,2026-07-17 12:10:00,22.225,22.325,22.22,22.325,37758.0
2026-07-17,2026-07-17 12:15:00,22.325,22.33,22.28,22.31,48569.0
2026-07-17,2026-07-17 12:20:00,22.315,22.425,22.2876,22.405,35136.0
2026-07-17,2026-07-17 12:25:00,22.41,22.415,22.34,22.4,44664.0
2026-07-17,2026-07-17 12:30:00,22.405,22.4962,22.39,22.44,51182.0
2026-07-17,2026-07-17 12:35:00,22.45,22.45,22.38,22.395,29591.0
2026-07-17,2026-07-17 12:40:00,22.39,22.42,22.355,22.39,35459.0
2026-07-17,2026-07-17 12:45:00,22.395,22.45,22.375,22.43,40068.0
2026-07-17,2026-07-17 12:50:00,22.43,22.495,22.425,22.49,27009.0
2026-07-17,2026-07-17 12:55:00,22.5,22.545,22.48,22.515,37643.0
2026-07-17,2026-07-17 13:00:00,22.515,22.515,22.48,22.505,50336.0
2026-07-17,2026-07-17 13:05:00,22.51,22.55,22.5,22.545,37487.0
2026-07-17,2026-07-17 13:10:00,22.54,22.54,22.5,22.505,21198.0
2026-07-17,2026-07-17 13:15:00,22.5,22.555,22.5,22.545,24693.0
2026-07-17,2026-07-17 13:20:00,22.55,22.565,22.51,22.51,28716.0
2026-07-17,2026-07-17 13:25:00,22.515,22.575,22.51,22.57,26904.0
2026-07-17,2026-07-17 13:30:00,22.57,22.615,22.565,22.615,23047.0
2026-07-17,2026-07-17 13:35:00,22.615,22.69,22.61,22.68,57826.0
2026-07-17,2026-07-17 13:40:00,22.68,22.69,22.665,22.67,37305.0
2026-07-17,2026-07-17 13:45:00,22.68,22.685,22.595,22.595,63524.0
2026-07-17,2026-07-17 13:50:00,22.5999,22.635,22.595,22.63,65121.0
2026-07-17,2026-07-17 13:55:00,22.63,22.635,22.59,22.605,33977.0
2026-07-17,2026-07-17 14:00:00,22.6,22.64,22.595,22.615,29731.0
2026-07-17,2026-07-17 14:05:00,22.615,22.63,22.595,22.605,27585.0
2026-07-17,2026-07-17 14:10:00,22.6,22.61,22.57,22.58,36511.0
2026-07-17,2026-07-17 14:15:00,22.575,22.595,22.55,22.555,33935.0
2026-07-17,2026-07-17 14:20:00,22.555,22.57,22.53,22.565,42561.0
2026-07-17,2026-07-17 14:25:00,22.56,22.68,22.55,22.68,142878.0
2026-07-17,2026-07-17 14:30:00,22.685,22.685,22.65,22.66,50145.0
2026-07-17,2026-07-17 14:35:00,22.655,22.775,22.645,22.765,260009.0
2026-07-17,2026-07-17 14:40:00,22.765,22.765,22.665,22.695,142535.0
2026-07-17,2026-07-17 14:45:00,22.695,22.78,22.685,22.78,254890.0
2026-07-17,2026-07-17 14:50:00,22.78,22.83,22.69,22.815,187615.0
2026-07-17,2026-07-17 14:55:00,22.805,22.8277,22.775,22.799,159479.0
2026-07-17,2026-07-17 15:00:00,22.795,22.935,22.7925,22.895,157966.0
2026-07-17,2026-07-17 15:05:00,22.895,22.9,22.86,22.88,88882.0
2026-07-17,2026-07-17 15:10:00,22.875,22.885,22.855,22.865,122776.0
2026-07-17,2026-07-17 15:15:00,22.865,22.96,22.85,22.945,197374.0
2026-07-17,2026-07-17 15:20:00,22.945,22.96,22.9301,22.955,93661.0
2026-07-17,2026-07-17 15:25:00,22.955,22.96,22.94,22.945,88105.0
2026-07-17,2026-07-17 15:30:00,22.945,22.965,22.93,22.945,164312.0
2026-07-17,2026-07-17 15:35:00,22.95,22.96,22.915,22.935,195635.0
2026-07-17,2026-07-17 15:40:00,22.935,22.935,22.865,22.885,168728.0
2026-07-17,2026-07-17 15:45:00,22.885,22.935,22.825,22.935,255864.0
2026-07-17,2026-07-17 15:50:00,22.935,22.935,22.84,22.855,282142.0
2026-07-17,2026-07-17 15:55:00,22.855,23.025,22.845,23.025,249503.0
2026-07-17,2026-07-17 16:00:00,23.025,23.235,23.02,23.2,2254063.0
2026-07-20,2026-07-20 09:35:00,23.18,23.28,23.05,23.26,220191.0
2026-07-20,2026-07-20 09:40:00,23.26,23.285,23.12,23.28,90507.0
2026-07-20,2026-07-20 09:45:00,23.28,23.39,23.28,23.325,39630.0
2026-07-20,2026-07-20 09:50:00,23.3275,23.38,23.24,23.25,50459.0
2026-07-20,2026-07-20 09:55:00,23.235,23.28,23.18,23.2,93390.0
2026-07-20,2026-07-20 10:00:00,23.2,23.35,23.16,23.28,137414.0
2026-07-20,2026-07-20 10:05:00,23.27,23.2999,23.185,23.28,135559.0
2026-07-20,2026-07-20 10:10:00,23.27,23.34,23.26,23.28,110452.0
2026-07-20,2026-07-20 10:15:00,23.29,23.365,23.275,23.34,60002.0
2026-07-20,2026-07-20 10:20:00,23.34,23.435,23.13,23.135,133193.0
2026-07-20,2026-07-20 10:25:00,23.135,23.185,23.02,23.115,219097.0
2026-07-20,2026-07-20 10:30:00,23.11,23.11,23.015,23.045,62739.0
2026-07-20,2026-07-20 10:35:00,23.05,23.115,23.045,23.055,93202.0
2026-07-20,2026-07-20 10:40:00,23.054,23.145,23.03,23.125,75474.0
2026-07-20,2026-07-20 10:45:00,23.12,23.16,23.005,23.035,66884.0
2026-07-20,2026-07-20 10:50:00,23.03,23.11,23.03,23.04,42109.0
2026-07-20,2026-07-20 10:55:00,23.04,23.065,23.01,23.04,47004.0
2026-07-20,2026-07-20 11:00:00,23.035,23.05,22.94,23.0,67884.0
2026-07-20,2026-07-20 11:05:00,23.0,23.215,23.0,23.2,57474.0
2026-07-20,2026-07-20 11:10:00,23.2,23.23,23.165,23.2,46392.0
2026-07-20,2026-07-20 11:15:00,23.2099,23.275,23.205,23.255,61168.0
2026-07-20,2026-07-20 11:20:00,23.255,23.2799,23.225,23.275,45528.0
2026-07-20,2026-07-20 11:25:00,23.275,23.275,23.22,23.225,47257.0
2026-07-20,2026-07-20 11:30:00,23.225,23.265,23.145,23.19,48251.0
2026-07-20,2026-07-20 11:35:00,23.19,23.21,23.175,23.21,33874.0
2026-07-20,2026-07-20 11:40:00,23.22,23.23,23.175,23.215,33497.0
2026-07-20,2026-07-20 11:45:00,23.22,23.225,23.195,23.2,38974.0
2026-07-20,2026-07-20 11:50:00,23.2,23.245,23.14,23.21,178798.0
2026-07-20,2026-07-20 11:55:00,23.205,23.285,23.185,23.245,206961.0
2026-07-20,2026-07-20 12:00:00,23.245,23.26,23.16,23.16,46768.0
2026-07-20,2026-07-20 12:05:00,23.15,23.23,23.145,23.21,55682.0
2026-07-20,2026-07-20 12:10:00,23.215,23.32,23.195,23.3101,56413.0
2026-07-20,2026-07-20 12:15:00,23.31,23.33,23.25,23.29,36405.0
2026-07-20,2026-07-20 12:20:00,23.29,23.31,23.28,23.285,23299.0
2026-07-20,2026-07-20 12:25:00,23.285,23.34,23.285,23.33,34363.0
2026-07-20,2026-07-20 12:30:00,23.33,23.4,23.32,23.385,64418.0
2026-07-20,2026-07-20 12:35:00,23.39,23.425,23.385,23.42,51283.0
2026-07-20,2026-07-20 12:40:00,23.42,23.445,23.4,23.445,31420.0
2026-07-20,2026-07-20 12:45:00,23.44,23.465,23.36,23.36,59373.0
2026-07-20,2026-07-20 12:50:00,23.365,23.375,23.285,23.355,81447.0
2026-07-20,2026-07-20 12:55:00,23.36,23.37,23.32,23.335,24375.0
2026-07-20,2026-07-20 13:00:00,23.33,23.335,23.3,23.305,29386.0
2026-07-20,2026-07-20 13:05:00,23.305,23.305,23.21,23.255,51379.0
2026-07-20,2026-07-20 13:10:00,23.25,23.255,23.21,23.24,72063.0
2026-07-20,2026-07-20 13:15:00,23.235,23.29,23.235,23.28,47438.0
2026-07-20,2026-07-20 13:20:00,23.28,23.28,23.24,23.265,25592.0
2026-07-20,2026-07-20 13:25:00,23.27,23.32,23.26,23.27,40015.0
2026-07-20,2026-07-20 13:30:00,23.26,23.26,23.18,23.2101,252625.0
2026-07-20,2026-07-20 13:35:00,23.22,23.225,23.18,23.185,26337.0
2026-07-20,2026-07-20 13:40:00,23.185,23.195,23.165,23.18,29419.0
2026-07-20,2026-07-20 13:45:00,23.18,23.195,23.16,23.17,23751.0
2026-07-20,2026-07-20 13:50:00,23.18,23.195,23.175,23.185,34229.0
2026-07-20,2026-07-20 13:55:00,23.18,23.21,23.18,23.195,36561.0
2026-07-20,2026-07-20 14:00:00,23.195,23.195,23.14,23.15,43741.0
2026-07-20,2026-07-20 14:05:00,23.155,23.17,23.13,23.145,37584.0
2026-07-20,2026-07-20 14:10:00,23.145,23.15,23.115,23.145,28156.0
2026-07-20,2026-07-20 14:15:00,23.15,23.17,23.125,23.125,44254.0
2026-07-20,2026-07-20 14:20:00,23.13,23.135,23.08,23.095,126172.0
2026-07-20,2026-07-20 14:25:00,23.095,23.115,23.03,23.035,116691.0
2026-07-20,2026-07-20 14:30:00,23.04,23.08,23.03,23.06,69535.0
2026-07-20,2026-07-20 14:35:00,23.065,23.09,23.02,23.085,83886.0
2026-07-20,2026-07-20 14:40:00,23.09,23.11,23.03,23.03,105732.0
2026-07-20,2026-07-20 14:45:00,23.03,23.03,22.965,22.965,104530.0
2026-07-20,2026-07-20 14:50:00,22.965,22.98,22.95,22.9799,74421.0
2026-07-20,2026-07-20 14:55:00,22.975,23.015,22.965,22.985,92963.0
2026-07-20,2026-07-20 15:00:00,22.985,22.995,22.96,22.985,80321.0
2026-07-20,2026-07-20 15:05:00,22.98,23.01,22.965,22.995,101317.0
2026-07-20,2026-07-20 15:10:00,22.995,23.005,22.97,23.005,80720.0
2026-07-20,2026-07-20 15:15:00,23.005,23.015,22.945,22.945,49988.0
2026-07-20,2026-07-20 15:20:00,22.945,22.97,22.92,22.95,61711.0
2026-07-20,2026-07-20 15:25:00,22.955,22.985,22.945,22.975,66635.0
2026-07-20,2026-07-20 15:30:00,22.975,22.985,22.9,22.935,98113.0
2026-07-20,2026-07-20 15:35:00,22.935,22.955,22.92,22.93,107950.0
2026-07-20,2026-07-20 15:40:00,22.935,22.955,22.92,22.945,103934.0
2026-07-20,2026-07-20 15:45:00,22.95,22.995,22.93,22.93,114681.0
2026-07-20,2026-07-20 15:50:00,22.93,22.985,22.93,22.98,223582.0
2026-07-20,2026-07-20 15:55:00,22.98,22.985,22.88,22.9,343519.0
2026-07-20,2026-07-20 16:00:00,22.905,22.92,22.78,22.81,2336345.0
2026-07-21,2026-07-21 09:35:00,22.32,22.65,22.29,22.65,128303.0
2026-07-21,2026-07-21 09:40:00,22.66,22.84,22.65,22.71,56584.0
2026-07-21,2026-07-21 09:45:00,22.7,22.735,22.59,22.62,68825.0
2026-07-21,2026-07-21 09:50:00,22.625,22.69,22.54,22.68,163591.0
2026-07-21,2026-07-21 09:55:00,22.68,22.74,22.61,22.72,93362.0
2026-07-21,2026-07-21 10:00:00,22.715,22.78,22.7,22.76,44070.0
2026-07-21,2026-07-21 10:05:00,22.77,22.77,22.615,22.635,78478.0
2026-07-21,2026-07-21 10:10:00,22.64,22.7,22.61,22.685,48369.0
2026-07-21,2026-07-21 10:15:00,22.68,22.69,22.57,22.595,41386.0
2026-07-21,2026-07-21 10:20:00,22.595,22.64,22.545,22.635,45471.0
2026-07-21,2026-07-21 10:25:00,22.64,22.655,22.605,22.63,41073.0
2026-07-21,2026-07-21 10:30:00,22.63,22.695,22.62,22.685,72600.0
2026-07-21,2026-07-21 10:35:00,22.68,22.715,22.645,22.695,107238.0
2026-07-21,2026-07-21 10:40:00,22.695,22.735,22.68,22.715,59312.0
2026-07-21,2026-07-21 10:45:00,22.715,22.715,22.675,22.69,39021.0
2026-07-21,2026-07-21 10:50:00,22.69,22.755,22.685,22.73,63200.0
2026-07-21,2026-07-21 10:55:00,22.735,22.735,22.685,22.685,36420.0
2026-07-21,2026-07-21 11:00:00,22.685,22.705,22.66,22.68,30734.0
2026-07-21,2026-07-21 11:05:00,22.68,22.695,22.615,22.635,48961.0
2026-07-21,2026-07-21 11:10:00,22.63,22.695,22.62,22.67,53909.0
2026-07-21,2026-07-21 11:15:00,22.67,22.68,22.62,22.65,66441.0
2026-07-21,2026-07-21 11:20:00,22.65,22.68,22.635,22.68,36647.0
2026-07-21,2026-07-21 11:25:00,22.68,22.715,22.67,22.685,37032.0
2026-07-21,2026-07-21 11:30:00,22.68,22.695,22.662,22.675,38897.0
2026-07-21,2026-07-21 11:35:00,22.675,22.72,22.67,22.7,52935.0
2026-07-21,2026-07-21 11:40:00,22.6914,22.715,22.65,22.705,32260.0
2026-07-21,2026-07-21 11:45:00,22.705,22.705,22.615,22.675,50005.0
2026-07-21,2026-07-21 11:50:00,22.675,22.685,22.625,22.645,33114.0
2026-07-21,2026-07-21 11:55:00,22.645,22.715,22.64,22.705,67919.0
2026-07-21,2026-07-21 12:00:00,22.7043,22.735,22.685,22.71,112619.0
2026-07-21,2026-07-21 12:05:00,22.705,22.745,22.67,22.725,117523.0
2026-07-21,2026-07-21 12:10:00,22.725,22.75,22.715,22.75,69688.0
2026-07-21,2026-07-21 12:15:00,22.75,22.755,22.725,22.745,45678.0
2026-07-21,2026-07-21 12:20:00,22.745,22.795,22.735,22.79,88480.0
2026-07-21,2026-07-21 12:25:00,22.795,22.8251,22.79,22.825,85899.0
2026-07-21,2026-07-21 12:30:00,22.82,22.85,22.81,22.845,73743.0
2026-07-21,2026-07-21 12:35:00,22.85,22.85,22.79,22.7905,91385.0
2026-07-21,2026-07-21 12:40:00,22.79,22.81,22.765,22.795,45582.0
2026-07-21,2026-07-21 12:45:00,22.795,22.805,22.78,22.78,32216.0
2026-07-21,2026-07-21 12:50:00,22.78,22.805,22.78,22.805,39533.0
2026-07-21,2026-07-21 12:55:00,22.805,22.89,22.795,22.885,94878.0
2026-07-21,2026-07-21 13:00:00,22.88,22.915,22.87,22.87,70743.0
2026-07-21,2026-07-21 13:05:00,22.865,22.87,22.82,22.82,41507.0
2026-07-21,2026-07-21 13:10:00,22.82,22.85,22.81,22.835,120366.0
2026-07-21,2026-07-21 13:15:00,22.835,22.835,22.795,22.795,47517.0
2026-07-21,2026-07-21 13:20:00,22.79,22.83,22.78,22.82,45962.0
2026-07-21,2026-07-21 13:25:00,22.825,22.845,22.815,22.84,57197.0
2026-07-21,2026-07-21 13:30:00,22.835,22.835,22.795,22.815,43622.0
2026-07-21,2026-07-21 13:35:00,22.815,22.819,22.735,22.75,63432.0
2026-07-21,2026-07-21 13:40:00,22.75,22.775,22.74,22.775,23078.0
2026-07-21,2026-07-21 13:45:00,22.77,22.825,22.77,22.825,31484.0
2026-07-21,2026-07-21 13:50:00,22.825,22.825,22.795,22.805,45304.0
2026-07-21,2026-07-21 13:55:00,22.805,22.825,22.8,22.815,41712.0
2026-07-21,2026-07-21 14:00:00,22.815,22.825,22.79,22.815,38016.0
2026-07-21,2026-07-21 14:05:00,22.815,22.845,22.81,22.835,36440.0
2026-07-21,2026-07-21 14:10:00,22.835,22.85,22.81,22.825,52901.0
2026-07-21,2026-07-21 14:15:00,22.825,22.835,22.81,22.825,21410.0
2026-07-21,2026-07-21 14:20:00,22.825,22.83,22.79,22.795,39121.0
2026-07-21,2026-07-21 14:25:00,22.795,22.805,22.785,22.795,40469.0
2026-07-21,2026-07-21 14:30:00,22.795,22.815,22.79,22.815,49320.0
2026-07-21,2026-07-21 14:35:00,22.81,22.815,22.79,22.805,35193.0
2026-07-21,2026-07-21 14:40:00,22.805,22.815,22.78,22.78,58775.0
2026-07-21,2026-07-21 14:45:00,22.78,22.807,22.775,22.805,33074.0
2026-07-21,2026-07-21 14:50:00,22.805,22.815,22.78,22.785,65464.0
2026-07-21,2026-07-21 14:55:00,22.78,22.795,22.78,22.795,35607.0
2026-07-21,2026-07-21 15:00:00,22.79,22.795,22.77,22.785,47437.0
2026-07-21,2026-07-21 15:05:00,22.785,22.855,22.78,22.82,60375.0
2026-07-21,2026-07-21 15:10:00,22.82,22.86,22.82,22.85,30841.0
2026-07-21,2026-07-21 15:15:00,22.84,22.855,22.8,22.81,46710.0
2026-07-21,2026-07-21 15:20:00,22.8,22.81,22.7702,22.785,45927.0
2026-07-21,2026-07-21 15:25:00,22.785,22.795,22.735,22.745,58702.0
2026-07-21,2026-07-21 15:30:00,22.74,22.775,22.72,22.775,70806.0
2026-07-21,2026-07-21 15:35:00,22.78,22.85,22.775,22.835,183500.0
2026-07-21,2026-07-21 15:40:00,22.83,22.87,22.825,22.845,103731.0
2026-07-21,2026-07-21 15:45:00,22.845,22.8558,22.775,22.825,107723.0
2026-07-21,2026-07-21 15:50:00,22.825,22.8451,22.79,22.82,132366.0
2026-07-21,2026-07-21 15:55:00,22.815,22.815,22.755,22.755,156612.0
2026-07-21,2026-07-21 16:00:00,22.755,22.875,22.75,22.83,1932833.0
2026-07-22,2026-07-22 09:35:00,22.81,22.83,22.405,22.52,328321.0
2026-07-22,2026-07-22 09:40:00,22.51,22.53,22.28,22.3,216311.0
2026-07-22,2026-07-22 09:45:00,22.29,22.53,22.26,22.52,257927.0
2026-07-22,2026-07-22 09:50:00,22.52,22.69,22.51,22.61,129913.0
2026-07-22,2026-07-22 09:55:00,22.62,22.62,22.375,22.455,119647.0
2026-07-22,2026-07-22 10:00:00,22.46,22.575,22.42,22.55,156681.0
2026-07-22,2026-07-22 10:05:00,22.55,22.67,22.54,22.54,136930.0
2026-07-22,2026-07-22 10:10:00,22.545,22.615,22.52,22.545,78798.0
2026-07-22,2026-07-22 10:15:00,22.55,22.56,22.44,22.455,77899.0
2026-07-22,2026-07-22 10:20:00,22.445,22.475,22.38,22.4,70643.0
2026-07-22,2026-07-22 10:25:00,22.4,22.48,22.39,22.475,55143.0
2026-07-22,2026-07-22 10:30:00,22.47,22.48,22.425,22.43,70728.0
2026-07-22,2026-07-22 10:35:00,22.435,22.525,22.435,22.525,85502.0
2026-07-22,2026-07-22 10:40:00,22.525,22.54,22.49,22.5,72905.0
2026-07-22,2026-07-22 10:45:00,22.505,22.555,22.485,22.545,99309.0
2026-07-22,2026-07-22 10:50:00,22.54,22.565,22.515,22.56,55494.0
2026-07-22,2026-07-22 10:55:00,22.565,22.625,22.555,22.615,45534.0
2026-07-22,2026-07-22 11:00:00,22.615,22.645,22.565,22.64,50657.0
2026-07-22,2026-07-22 11:05:00,22.635,22.655,22.545,22.555,143955.0
2026-07-22,2026-07-22 11:10:00,22.555,22.595,22.475,22.575,139304.0
2026-07-22,2026-07-22 11:15:00,22.58,22.615,22.57,22.605,53977.0
2026-07-22,2026-07-22 11:20:00,22.605,22.655,22.515,22.545,223033.0
2026-07-22,2026-07-22 11:25:00,22.545,22.72,22.54,22.72,155904.0
2026-07-22,2026-07-22 11:30:00,22.72,22.77,22.705,22.76,88112.0
2026-07-22,2026-07-22 11:35:00,22.765,22.77,22.62,22.625,127528.0
2026-07-22,2026-07-22 11:40:00,22.62,22.645,22.6,22.61,39821.0
2026-07-22,2026-07-22 11:45:00,22.605,22.665,22.595,22.65,70244.0
2026-07-22,2026-07-22 11:50:00,22.645,22.665,22.63,22.655,110283.0
2026-07-22,2026-07-22 11:55:00,22.655,22.655,22.555,22.56,55493.0
2026-07-22,2026-07-22 12:00:00,22.56,22.575,22.545,22.575,49520.0
2026-07-22,2026-07-22 12:05:00,22.575,22.59,22.555,22.575,53923.0
2026-07-22,2026-07-22 12:10:00,22.575,22.595,22.465,22.475,147853.0
2026-07-22,2026-07-22 12:15:00,22.4799,22.54,22.47,22.515,52018.0
2026-07-22,2026-07-22 12:20:00,22.515,22.535,22.47,22.525,162572.0
2026-07-22,2026-07-22 12:25:00,22.52,22.575,22.505,22.575,70696.0
2026-07-22,2026-07-22 12:30:00,22.575,22.615,22.575,22.605,51707.0
2026-07-22,2026-07-22 12:35:00,22.605,22.625,22.585,22.595,47351.0
2026-07-22,2026-07-22 12:40:00,22.59,22.62,22.59,22.6001,29757.0
2026-07-22,2026-07-22 12:45:00,22.6,22.615,22.595,22.605,38363.0
2026-07-22,2026-07-22 12:50:00,22.61,22.615,22.565,22.595,84408.0
2026-07-22,2026-07-22 12:55:00,22.595,22.595,22.5487,22.5487,88625.0
2026-07-22,2026-07-22 13:00:00,22.54,22.58,22.535,22.575,26963.0
2026-07-22,2026-07-22 13:05:00,22.575,22.595,22.52,22.52,70780.0
2026-07-22,2026-07-22 13:10:00,22.525,22.535,22.505,22.51,31341.0
2026-07-22,2026-07-22 13:15:00,22.515,22.555,22.51,22.555,38501.0
2026-07-22,2026-07-22 13:20:00,22.555,22.555,22.52,22.525,27899.0
2026-07-22,2026-07-22 13:25:00,22.52,22.535,22.51,22.515,29275.0
2026-07-22,2026-07-22 13:30:00,22.515,22.565,22.51,22.535,87821.0
2026-07-22,2026-07-22 13:35:00,22.53,22.565,22.525,22.545,58067.0
2026-07-22,2026-07-22 13:40:00,22.55,22.59,22.545,22.585,30061.0
2026-07-22,2026-07-22 13:45:00,22.585,22.59,22.565,22.565,35560.0
2026-07-22,2026-07-22 13:50:00,22.565,22.57,22.515,22.525,77526.0
2026-07-22,2026-07-22 13:55:00,22.52,22.525,22.46,22.465,47402.0
2026-07-22,2026-07-22 14:00:00,22.465,22.475,22.44,22.465,39896.0
2026-07-22,2026-07-22 14:05:00,22.46,22.485,22.45,22.475,54596.0
2026-07-22,2026-07-22 14:10:00,22.48,22.525,22.45,22.465,103926.0
2026-07-22,2026-07-22 14:15:00,22.46,22.495,22.455,22.495,28132.0
2026-07-22,2026-07-22 14:20:00,22.49,22.565,22.48,22.56,56204.0
2026-07-22,2026-07-22 14:25:00,22.56,22.565,22.515,22.515,89884.0
2026-07-22,2026-07-22 14:30:00,22.52,22.545,22.51,22.535,36208.0
2026-07-22,2026-07-22 14:35:00,22.535,22.545,22.49,22.515,40840.0
2026-07-22,2026-07-22 14:40:00,22.51,22.56,22.505,22.545,109166.0
2026-07-22,2026-07-22 14:45:00,22.555,22.56,22.53,22.535,34462.0
2026-07-22,2026-07-22 14:50:00,22.535,22.565,22.495,22.495,58137.0
2026-07-22,2026-07-22 14:55:00,22.495,22.505,22.47,22.48,70345.0
2026-07-22,2026-07-22 15:00:00,22.47,22.49,22.47,22.48,45981.0
2026-07-22,2026-07-22 15:05:00,22.48,22.48,22.4201,22.43,73473.0
2026-07-22,2026-07-22 15:10:00,22.425,22.44,22.415,22.435,41792.0
2026-07-22,2026-07-22 15:15:00,22.435,22.475,22.43,22.465,105779.0
2026-07-22,2026-07-22 15:20:00,22.47,22.475,22.39,22.39,91047.0
2026-07-22,2026-07-22 15:25:00,22.395,22.415,22.38,22.41,65345.0
2026-07-22,2026-07-22 15:30:00,22.405,22.415,22.385,22.41,74370.0
2026-07-22,2026-07-22 15:35:00,22.41,22.425,22.38,22.385,70414.0
2026-07-22,2026-07-22 15:40:00,22.385,22.4,22.345,22.365,108020.0
2026-07-22,2026-07-22 15:45:00,22.36,22.495,22.3501,22.485,208839.0
2026-07-22,2026-07-22 15:50:00,22.485,22.57,22.485,22.565,298838.0
2026-07-22,2026-07-22 15:55:00,22.565,22.595,22.53,22.58,358593.0
2026-07-22,2026-07-22 16:00:00,22.585,22.655,22.53,22.54,2225630.0
2026-07-23,2026-07-23 09:35:00,22.27,22.49,22.05,22.14,577424.0
2026-07-23,2026-07-23 09:40:00,22.14,22.14,21.97,22.1,132414.0
2026-07-23,2026-07-23 09:45:00,22.105,22.305,22.06,22.2,97054.0
2026-07-23,2026-07-23 09:50:00,22.235,22.235,22.11,22.115,60942.0
2026-07-23,2026-07-23 09:55:00,22.13,22.19,22.11,22.17,44459.0
2026-07-23,2026-07-23 10:00:00,22.165,22.18,22.09,22.1,50090.0
2026-07-23,2026-07-23 10:05:00,22.11,22.207,22.0,22.07,64589.0
2026-07-23,2026-07-23 10:10:00,22.08,22.09,21.96,21.97,51642.0
2026-07-23,2026-07-23 10:15:00,21.9701,22.04,21.945,21.995,104571.0
2026-07-23,2026-07-23 10:20:00,21.99,22.02,21.945,21.95,66532.0
2026-07-23,2026-07-23 10:25:00,21.95,21.955,21.89,21.905,44866.0
2026-07-23,2026-07-23 10:30:00,21.905,22.005,21.895,22.005,39188.0
2026-07-23,2026-07-23 10:35:00,22.0,22.01,21.865,21.865,76522.0
2026-07-23,2026-07-23 10:40:00,21.855,21.865,21.805,21.835,55556.0
2026-07-23,2026-07-23 10:45:00,21.835,21.845,21.75,21.78,54489.0
2026-07-23,2026-07-23 10:50:00,21.785,21.79,21.695,21.695,77147.0
2026-07-23,2026-07-23 10:55:00,21.695,21.72,21.66,21.69,54290.0
2026-07-23,2026-07-23 11:00:00,21.7,21.725,21.625,21.635,83804.0
2026-07-23,2026-07-23 11:05:00,21.63,21.665,21.57,21.585,69974.0
2026-07-23,2026-07-23 11:10:00,21.59,21.655,21.59,21.61,47871.0
2026-07-23,2026-07-23 11:15:00,21.6,21.615,21.57,21.595,45030.0
2026-07-23,2026-07-23 11:20:00,21.595,21.625,21.58,21.595,61481.0
2026-07-23,2026-07-23 11:25:00,21.6,21.625,21.56,21.585,76402.0
2026-07-23,2026-07-23 11:30:00,21.585,21.615,21.565,21.595,33950.0
2026-07-23,2026-07-23 11:35:00,21.595,21.615,21.55,21.61,41664.0
2026-07-23,2026-07-23 11:40:00,21.605,21.635,21.605,21.61,34190.0
2026-07-23,2026-07-23 11:45:00,21.62,21.645,21.58,21.6,33829.0
2026-07-23,2026-07-23 11:50:00,21.605,21.68,21.6,21.675,136277.0
2026-07-23,2026-07-23 11:55:00,21.675,21.785,21.675,21.78,43020.0
2026-07-23,2026-07-23 12:00:00,21.78,21.805,21.78,21.785,64065.0
2026-07-23,2026-07-23 12:05:00,21.785,21.82,21.785,21.8,35433.0
2026-07-23,2026-07-23 12:10:00,21.795,21.835,21.78,21.83,28147.0
2026-07-23,2026-07-23 12:15:00,21.835,21.845,21.78,21.795,52780.0
2026-07-23,2026-07-23 12:20:00,21.795,21.8,21.76,21.8,35912.0
2026-07-23,2026-07-23 12:25:00,21.81,21.84,21.805,21.83,34157.0
2026-07-23,2026-07-23 12:30:00,21.82,21.845,21.765,21.79,47804.0
2026-07-23,2026-07-23 12:35:00,21.8,21.83,21.79,21.795,27141.0
2026-07-23,2026-07-23 12:40:00,21.785,21.785,21.735,21.7462,31112.0
2026-07-23,2026-07-23 12:45:00,21.745,21.745,21.7147,21.73,48314.0
2026-07-23,2026-07-23 12:50:00,21.74,21.755,21.73,21.735,18177.0
2026-07-23,2026-07-23 12:55:00,21.73,21.785,21.725,21.765,34297.0
2026-07-23,2026-07-23 13:00:00,21.77,21.805,21.745,21.805,50019.0
2026-07-23,2026-07-23 13:05:00,21.8,21.82,21.79,21.8,23734.0
2026-07-23,2026-07-23 13:10:00,21.805,21.825,21.795,21.82,23980.0
2026-07-23,2026-07-23 13:15:00,21.82,21.825,21.79,21.82,21112.0
2026-07-23,2026-07-23 13:20:00,21.815,21.84,21.8,21.84,40573.0
2026-07-23,2026-07-23 13:25:00,21.85,21.88,21.845,21.875,44694.0
2026-07-23,2026-07-23 13:30:00,21.875,21.915,21.87,21.91,87690.0
2026-07-23,2026-07-23 13:35:00,21.91,21.955,21.91,21.935,56821.0
2026-07-23,2026-07-23 13:40:00,21.93,21.965,21.91,21.96,33677.0
2026-07-23,2026-07-23 13:45:00,21.95,21.955,21.905,21.945,33375.0
2026-07-23,2026-07-23 13:50:00,21.9431,21.965,21.87,21.87,115607.0
2026-07-23,2026-07-23 13:55:00,21.875,21.915,21.85,21.875,277019.0
2026-07-23,2026-07-23 14:00:00,21.87,21.875,21.82,21.82,63526.0
2026-07-23,2026-07-23 14:05:00,21.82,21.845,21.79,21.835,60469.0
2026-07-23,2026-07-23 14:10:00,21.835,21.835,21.8,21.81,24748.0
2026-07-23,2026-07-23 14:15:00,21.82,21.895,21.815,21.84,239544.0
2026-07-23,2026-07-23 14:20:00,21.835,21.87,21.835,21.845,51944.0
2026-07-23,2026-07-23 14:25:00,21.85,21.915,21.84,21.915,71579.0
2026-07-23,2026-07-23 14:30:00,21.915,21.915,21.855,21.86,52496.0
2026-07-23,2026-07-23 14:35:00,21.861,21.875,21.83,21.835,74753.0
2026-07-23,2026-07-23 14:40:00,21.835,21.8699,21.81,21.865,96176.0
2026-07-23,2026-07-23 14:45:00,21.86,21.885,21.84,21.875,56120.0
2026-07-23,2026-07-23 14:50:00,21.88,21.885,21.87,21.885,73506.0
2026-07-23,2026-07-23 14:55:00,21.885,21.885,21.86,21.86,34493.0
2026-07-23,2026-07-23 15:00:00,21.85,21.865,21.835,21.845,42893.0
2026-07-23,2026-07-23 15:05:00,21.8403,21.875,21.815,21.815,44065.0
2026-07-23,2026-07-23 15:10:00,21.81,21.845,21.805,21.815,72141.0
2026-07-23,2026-07-23 15:15:00,21.815,21.815,21.785,21.805,51422.0
2026-07-23,2026-07-23 15:20:00,21.8,21.835,21.785,21.79,95691.0
2026-07-23,2026-07-23 15:25:00,21.795,21.845,21.79,21.805,60009.0
2026-07-23,2026-07-23 15:30:00,21.805,21.825,21.8,21.8,65537.0
2026-07-23,2026-07-23 15:35:00,21.805,21.845,21.76,21.845,167049.0
2026-07-23,2026-07-23 15:40:00,21.845,21.89,21.825,21.825,199509.0
2026-07-23,2026-07-23 15:45:00,21.83,21.915,21.805,21.885,207081.0
2026-07-23,2026-07-23 15:50:00,21.885,21.925,21.87,21.87,209754.0
2026-07-23,2026-07-23 15:55:00,21.87,21.97,21.835,21.96,354386.0
2026-07-23,2026-07-23 16:00:00,21.98,22.03,21.89,21.89,2022365.0
2026-07-24,2026-07-24 09:35:00,22.15,22.22,22.07,22.09,80700.0
2026-07-24,2026-07-24 09:40:00,22.11,22.295,22.08,22.11,47640.0
2026-07-24,2026-07-24 09:45:00,22.08,22.164,21.98,22.01,42012.0
2026-07-24,2026-07-24 09:50:00,22.0,22.125,21.96,22.11,48375.0
2026-07-24,2026-07-24 09:55:00,22.095,22.17,22.075,22.135,34796.0
2026-07-24,2026-07-24 10:00:00,22.14,22.27,22.12,22.18,87158.0
2026-07-24,2026-07-24 10:05:00,22.18,22.2,22.07,22.08,108381.0
2026-07-24,2026-07-24 10:10:00,22.08,22.11,21.995,22.07,119568.0
2026-07-24,2026-07-24 10:15:00,22.08,22.14,22.04,22.115,42823.0
2026-07-24,2026-07-24 10:20:00,22.1125,22.17,22.07,22.17,53606.0
2026-07-24,2026-07-24 10:25:00,22.175,22.205,22.1,22.145,36489.0
2026-07-24,2026-07-24 10:30:00,22.15,22.15,22.02,22.03,32880.0
2026-07-24,2026-07-24 10:35:00,22.04,22.105,22.03,22.06,38762.0
2026-07-24,2026-07-24 10:40:00,22.06,22.085,22.0,22.01,31423.0
2026-07-24,2026-07-24 10:45:00,22.01,22.03,21.9525,21.9525,29530.0
2026-07-24,2026-07-24 10:50:00,21.955,22.04,21.955,22.005,37783.0
2026-07-24,2026-07-24 10:55:00,22.01,22.125,22.01,22.1,31029.0
2026-07-24,2026-07-24 11:00:00,22.1,22.23,22.1,22.22,28976.0
2026-07-24,2026-07-24 11:05:00,22.22,22.275,22.22,22.25,57828.0
2026-07-24,2026-07-24 11:10:00,22.245,22.255,22.175,22.18,62701.0
2026-07-24,2026-07-24 11:15:00,22.175,22.285,22.17,22.275,53772.0
2026-07-24,2026-07-24 11:20:00,22.27,22.38,22.27,22.3,164229.0
2026-07-24,2026-07-24 11:25:00,22.3,22.355,22.29,22.345,30415.0
2026-07-24,2026-07-24 11:30:00,22.345,22.37,22.33,22.36,46377.0
2026-07-24,2026-07-24 11:35:00,22.35,22.405,22.2901,22.295,52562.0
2026-07-24,2026-07-24 11:40:00,22.3,22.325,22.265,22.28,40782.0
2026-07-24,2026-07-24 11:45:00,22.275,22.275,22.13,22.14,35383.0
2026-07-24,2026-07-24 11:50:00,22.135,22.14,22.095,22.1,39974.0
2026-07-24,2026-07-24 11:55:00,22.1,22.145,22.085,22.09,32417.0
2026-07-24,2026-07-24 12:00:00,22.0999,22.135,22.09,22.135,37461.0
2026-07-24,2026-07-24 12:05:00,22.135,22.15,22.1,22.11,33878.0
2026-07-24,2026-07-24 12:10:00,22.115,22.135,22.11,22.135,29685.0
2026-07-24,2026-07-24 12:15:00,22.135,22.16,22.13,22.145,39011.0
2026-07-24,2026-07-24 12:20:00,22.145,22.195,22.14,22.175,28943.0
2026-07-24,2026-07-24 12:25:00,22.175,22.18,22.15,22.175,23806.0
2026-07-24,2026-07-24 12:30:00,22.18,22.235,22.18,22.23,41215.0
2026-07-24,2026-07-24 12:35:00,22.235,22.235,22.19,22.2,48278.0
2026-07-24,2026-07-24 12:40:00,22.21,22.235,22.1414,22.15,78351.0
2026-07-24,2026-07-24 12:45:00,22.15,22.16,22.115,22.115,40228.0
2026-07-24,2026-07-24 12:50:00,22.11,22.125,22.085,22.105,27135.0
2026-07-24,2026-07-24 12:55:00,22.105,22.12,22.055,22.06,66794.0
2026-07-24,2026-07-24 13:00:00,22.05,22.095,22.04,22.075,52153.0
2026-07-24,2026-07-24 13:05:00,22.07,22.115,22.07,22.085,51963.0
2026-07-24,2026-07-24 13:10:00,22.085,22.095,22.05,22.07,128825.0
2026-07-24,2026-07-24 13:15:00,22.07,22.145,22.06,22.14,36206.0
2026-07-24,2026-07-24 13:20:00,22.145,22.215,22.135,22.2,59638.0
2026-07-24,2026-07-24 13:25:00,22.19,22.21,22.16,22.19,50716.0
2026-07-24,2026-07-24 13:30:00,22.185,22.26,22.185,22.26,44056.0
2026-07-24,2026-07-24 13:35:00,22.265,22.31,22.26,22.305,59655.0
2026-07-24,2026-07-24 13:40:00,22.3,22.315,22.225,22.235,56603.0
2026-07-24,2026-07-24 13:45:00,22.23,22.235,22.195,22.205,45386.0
2026-07-24,2026-07-24 13:50:00,22.2,22.225,22.185,22.19,56980.0
2026-07-24,2026-07-24 13:55:00,22.19,22.215,22.175,22.195,21822.0
2026-07-24,2026-07-24 14:00:00,22.195,22.24,22.185,22.235,45235.0
2026-07-24,2026-07-24 14:05:00,22.24,22.255,22.17,22.19,85263.0
2026-07-24,2026-07-24 14:10:00,22.195,22.27,22.19,22.26,30396.0
2026-07-24,2026-07-24 14:15:00,22.255,22.265,22.24,22.255,25791.0
2026-07-24,2026-07-24 14:20:00,22.255,22.275,22.245,22.255,31857.0
2026-07-24,2026-07-24 14:25:00,22.25,22.28,22.24,22.275,32060.0
2026-07-24,2026-07-24 14:30:00,22.275,22.28,22.245,22.25,27327.0
2026-07-24,2026-07-24 14:35:00,22.245,22.275,22.22,22.225,38752.0
2026-07-24,2026-07-24 14:40:00,22.225,22.245,22.205,22.245,47938.0
2026-07-24,2026-07-24 14:45:00,22.24,22.2452,22.21,22.22,49225.0
2026-07-24,2026-07-24 14:50:00,22.22,22.255,22.22,22.255,51605.0
2026-07-24,2026-07-24 14:55:00,22.26,22.27,22.24,22.255,46214.0
2026-07-24,2026-07-24 15:00:00,22.26,22.285,22.25,22.275,46638.0
2026-07-24,2026-07-24 15:05:00,22.275,22.275,22.22,22.245,42719.0
2026-07-24,2026-07-24 15:10:00,22.24,22.245,22.205,22.225,40870.0
2026-07-24,2026-07-24 15:15:00,22.23,22.255,22.21,22.225,50148.0
2026-07-24,2026-07-24 15:20:00,22.23,22.25,22.17,22.175,54448.0
2026-07-24,2026-07-24 15:25:00,22.18,22.19,22.11,22.115,60069.0
2026-07-24,2026-07-24 15:30:00,22.12,22.135,22.12,22.125,58350.0
2026-07-24,2026-07-24 15:35:00,22.125,22.175,22.1,22.17,119166.0
2026-07-24,2026-07-24 15:40:00,22.17,22.36,22.17,22.36,285297.0
2026-07-24,2026-07-24 15:45:00,22.36,22.41,22.24,22.295,1400370.0
2026-07-24,2026-07-24 15:50:00,22.295,22.35,22.2,22.225,296808.0
2026-07-24,2026-07-24 15:55:00,22.22,22.22,22.175,22.205,287959.0
2026-07-24,2026-07-24 16:00:00,22.205,22.22,22.13,22.13,2118983.0
2026-07-27,2026-07-27 09:35:00,22.54,22.77,22.495,22.755,166834.0
2026-07-27,2026-07-27 09:40:00,22.755,22.955,22.754,22.855,90272.0
2026-07-27,2026-07-27 09:45:00,22.855,22.9,22.81,22.8301,38947.0
2026-07-27,2026-07-27 09:50:00,22.86,23.11,22.83,23.095,124700.0
2026-07-27,2026-07-27 09:55:00,23.1,23.18,23.02,23.02,79030.0
2026-07-27,2026-07-27 10:00:00,23.03,23.11,23.0,23.02,48250.0
2026-07-27,2026-07-27 10:05:00,23.02,23.035,22.94,23.01,56707.0
2026-07-27,2026-07-27 10:10:00,23.01,23.075,22.995,23.03,54387.0
2026-07-27,2026-07-27 10:15:00,23.03,23.17,23.01,23.165,74721.0
2026-07-27,2026-07-27 10:20:00,23.17,23.2,23.125,23.165,65442.0
2026-07-27,2026-07-27 10:25:00,23.165,23.195,23.105,23.135,63729.0
2026-07-27,2026-07-27 10:30:00,23.135,23.15,23.005,23.005,143838.0
2026-07-27,2026-07-27 10:35:00,23.0,23.05,22.97,23.02,121039.0
2026-07-27,2026-07-27 10:40:00,23.015,23.08,22.915,23.08,313417.0
2026-07-27,2026-07-27 10:45:00,23.08,23.11,22.935,22.935,117806.0
2026-07-27,2026-07-27 10:50:00,22.94,23.005,22.94,22.9975,67101.0
2026-07-27,2026-07-27 10:55:00,22.99,23.08,22.98,23.065,47807.0
2026-07-27,2026-07-27 11:00:00,23.07,23.1401,23.06,23.125,51849.0
2026-07-27,2026-07-27 11:05:00,23.125,23.225,23.125,23.225,78196.0
2026-07-27,2026-07-27 11:10:00,23.225,23.26,23.18,23.195,50105.0
2026-07-27,2026-07-27 11:15:00,23.195,23.29,23.1901,23.2799,41412.0
2026-07-27,2026-07-27 11:20:00,23.275,23.315,23.27,23.275,52869.0
2026-07-27,2026-07-27 11:25:00,23.28,23.355,23.28,23.335,45112.0
2026-07-27,2026-07-27 11:30:00,23.335,23.385,23.33,23.35,71466.0
2026-07-27,2026-07-27 11:35:00,23.345,23.375,23.32,23.32,37463.0
2026-07-27,2026-07-27 11:40:00,23.31,23.375,23.26,23.35,37654.0
2026-07-27,2026-07-27 11:45:00,23.35,23.355,23.3,23.325,30565.0
2026-07-27,2026-07-27 11:50:00,23.33,23.355,23.29,23.35,50677.0
2026-07-27,2026-07-27 11:55:00,23.355,23.425,23.35,23.395,70623.0
2026-07-27,2026-07-27 12:00:00,23.395,23.425,23.38,23.41,47607.0
2026-07-27,2026-07-27 12:05:00,23.41,23.485,23.4,23.485,64003.0
2026-07-27,2026-07-27 12:10:00,23.485,23.53,23.435,23.515,116103.0
2026-07-27,2026-07-27 12:15:00,23.515,23.535,23.48,23.49,55250.0
2026-07-27,2026-07-27 12:20:00,23.49,23.505,23.47,23.485,45160.0
2026-07-27,2026-07-27 12:25:00,23.485,23.495,23.465,23.485,43721.0
2026-07-27,2026-07-27 12:30:00,23.485,23.575,23.485,23.545,74694.0
2026-07-27,2026-07-27 12:35:00,23.545,23.595,23.53,23.59,57480.0
2026-07-27,2026-07-27 12:40:00,23.6,23.635,23.535,23.535,109034.0
2026-07-27,2026-07-27 12:45:00,23.54,23.56,23.5,23.525,78683.0
2026-07-27,2026-07-27 12:50:00,23.52,23.55,23.47,23.475,67740.0
2026-07-27,2026-07-27 12:55:00,23.475,23.52,23.46,23.505,57743.0
2026-07-27,2026-07-27 13:00:00,23.505,23.535,23.49,23.525,44240.0
2026-07-27,2026-07-27 13:05:00,23.5251,23.53,23.475,23.475,43491.0
2026-07-27,2026-07-27 13:10:00,23.475,23.52,23.47,23.475,66554.0
2026-07-27,2026-07-27 13:15:00,23.475,23.525,23.47,23.515,67776.0
2026-07-27,2026-07-27 13:20:00,23.52,23.545,23.5,23.545,24023.0
2026-07-27,2026-07-27 13:25:00,23.545,23.575,23.53,23.565,43973.0
2026-07-27,2026-07-27 13:30:00,23.565,23.59,23.565,23.575,33844.0
2026-07-27,2026-07-27 13:35:00,23.575,23.6,23.56,23.58,46994.0
2026-07-27,2026-07-27 13:40:00,23.585,23.61,23.57,23.595,41583.0
2026-07-27,2026-07-27 13:45:00,23.6,23.615,23.56,23.585,28342.0
2026-07-27,2026-07-27 13:50:00,23.59,23.6,23.57,23.585,31968.0
2026-07-27,2026-07-27 13:55:00,23.585,23.62,23.58,23.61,23844.0
2026-07-27,2026-07-27 14:00:00,23.6151,23.64,23.59,23.635,40974.0
2026-07-27,2026-07-27 14:05:00,23.635,23.635,23.6,23.615,61331.0
2026-07-27,2026-07-27 14:10:00,23.62,23.63,23.595,23.605,56804.0
2026-07-27,2026-07-27 14:15:00,23.6001,23.63,23.6001,23.6101,32027.0
2026-07-27,2026-07-27 14:20:00,23.615,23.615,23.55,23.57,40027.0
2026-07-27,2026-07-27 14:25:00,23.575,23.585,23.545,23.565,40747.0
2026-07-27,2026-07-27 14:30:00,23.56,23.605,23.56,23.595,35044.0
2026-07-27,2026-07-27 14:35:00,23.595,23.6099,23.58,23.595,34106.0
2026-07-27,2026-07-27 14:40:00,23.593,23.645,23.585,23.635,59499.0
2026-07-27,2026-07-27 14:45:00,23.64,23.7,23.64,23.695,86874.0
2026-07-27,2026-07-27 14:50:00,23.695,23.74,23.69,23.73,83978.0
2026-07-27,2026-07-27 14:55:00,23.735,23.785,23.72,23.745,73291.0
2026-07-27,2026-07-27 15:00:00,23.74,23.77,23.715,23.735,82179.0
2026-07-27,2026-07-27 15:05:00,23.74,23.745,23.7,23.715,81470.0
2026-07-27,2026-07-27 15:10:00,23.72,23.745,23.71,23.73,66225.0
2026-07-27,2026-07-27 15:15:00,23.725,23.745,23.67,23.67,84105.0
2026-07-27,2026-07-27 15:20:00,23.675,23.715,23.66,23.705,73224.0
2026-07-27,2026-07-27 15:25:00,23.7,23.715,23.595,23.595,91483.0
2026-07-27,2026-07-27 15:30:00,23.595,23.63,23.59,23.625,91260.0
2026-07-27,2026-07-27 15:35:00,23.625,23.67,23.605,23.6651,114868.0
2026-07-27,2026-07-27 15:40:00,23.665,23.68,23.61,23.665,154802.0
2026-07-27,2026-07-27 15:45:00,23.665,23.705,23.56,23.57,306383.0
2026-07-27,2026-07-27 15:50:00,23.575,23.575,23.51,23.535,353585.0
2026-07-27,2026-07-27 15:55:00,23.535,23.56,23.46,23.465,704434.0
2026-07-27,2026-07-27 16:00:00,23.46,23.555,23.43,23.5,2761997.0
2026-07-28,2026-07-28 09:35:00,23.47,23.8169,23.3,23.71,474301.0
2026-07-28,2026-07-28 09:40:00,23.72,24.03,23.72,23.9897,287650.0
2026-07-28,2026-07-28 09:45:00,23.99,24.01,23.83,23.865,113211.0
2026-07-28,2026-07-28 09:50:00,23.85,23.85,23.61,23.61,100070.0
2026-07-28,2026-07-28 09:55:00,23.63,23.765,23.58,23.665,106940.0
2026-07-28,2026-07-28 10:00:00,23.665,23.685,23.55,23.67,237734.0
2026-07-28,2026-07-28 10:05:00,23.69,23.755,23.6297,23.6297,177317.0
2026-07-28,2026-07-28 10:10:00,23.625,23.72,23.615,23.625,151541.0
2026-07-28,2026-07-28 10:15:00,23.625,23.75,23.615,23.74,123204.0
2026-07-28,2026-07-28 10:20:00,23.74,23.83,23.695,23.815,246152.0
2026-07-28,2026-07-28 10:25:00,23.815,23.97,23.79,23.955,165156.0
2026-07-28,2026-07-28 10:30:00,23.9551,24.0,23.945,23.97,111480.0
2026-07-28,2026-07-28 10:35:00,23.96,23.975,23.88,23.88,128332.0
2026-07-28,2026-07-28 10:40:00,23.87,23.995,23.865,23.945,182577.0
2026-07-28,2026-07-28 10:45:00,23.95,24.01,23.924,23.975,118033.0
2026-07-28,2026-07-28 10:50:00,23.97,24.025,23.945,23.945,193568.0
2026-07-28,2026-07-28 10:55:00,23.945,23.955,23.82,23.825,88167.0
2026-07-28,2026-07-28 11:00:00,23.83,23.85,23.79,23.83,84711.0
2026-07-28,2026-07-28 11:05:00,23.83,24.08,23.83,24.035,734530.0
2026-07-28,2026-07-28 11:10:00,24.035,24.125,24.025,24.11,216656.0
2026-07-28,2026-07-28 11:15:00,24.12,24.15,24.105,24.115,100690.0
2026-07-28,2026-07-28 11:20:00,24.115,24.22,24.1,24.215,145801.0
2026-07-28,2026-07-28 11:25:00,24.22,24.275,24.175,24.19,152049.0
2026-07-28,2026-07-28 11:30:00,24.185,24.275,24.18,24.235,99854.0
2026-07-28,2026-07-28 11:35:00,24.235,24.36,24.23,24.3544,199681.0
2026-07-28,2026-07-28 11:40:00,24.355,24.41,24.33,24.33,346996.0
2026-07-28,2026-07-28 11:45:00,24.325,24.33,24.25,24.285,199428.0
2026-07-28,2026-07-28 11:50:00,24.28,24.285,24.22,24.225,129752.0
2026-07-28,2026-07-28 11:55:00,24.225,24.26,24.21,24.26,112996.0
2026-07-28,2026-07-28 12:00:00,24.2598,24.26,24.22,24.255,60560.0
2026-07-28,2026-07-28 12:05:00,24.26,24.305,24.25,24.295,72231.0
2026-07-28,2026-07-28 12:10:00,24.295,24.35,24.275,24.345,69603.0
2026-07-28,2026-07-28 12:15:00,24.345,24.346692,24.32,24.345,57217.0
2026-07-28,2026-07-28 12:20:00,24.345,24.37,24.34,24.365,54882.0
2026-07-28,2026-07-28 12:25:00,24.37,24.395,24.305,24.305,66445.0
2026-07-28,2026-07-28 12:30:00,24.305,24.315,24.27,24.275,38574.0
2026-07-28,2026-07-28 12:35:00,24.275,24.28,24.235,24.235,52685.0
2026-07-28,2026-07-28 12:40:00,24.235,24.27,24.215,24.24,78809.0
2026-07-28,2026-07-28 12:45:00,24.24,24.27,24.235,24.2401,75736.0
2026-07-28,2026-07-28 12:50:00,24.245,24.245,24.175,24.215,94562.0
2026-07-28,2026-07-28 12:55:00,24.215,24.24,24.205,24.21,50590.0
2026-07-28,2026-07-28 13:00:00,24.205,24.205,24.175,24.185,48853.0
2026-07-28,2026-07-28 13:05:00,24.18,24.195,24.165,24.175,49273.0
2026-07-28,2026-07-28 13:10:00,24.18,24.205,24.165,24.165,43372.0
2026-07-28,2026-07-28 13:15:00,24.16,24.235,24.14,24.215,47559.0
2026-07-28,2026-07-28 13:20:00,24.22,24.225,24.125,24.16,59383.0
2026-07-28,2026-07-28 13:25:00,24.165,24.21,24.1601,24.195,48613.0
2026-07-28,2026-07-28 13:30:00,24.195,24.215,24.195,24.2,59820.0
2026-07-28,2026-07-28 13:35:00,24.2,24.275,24.195,24.275,83214.0
2026-07-28,2026-07-28 13:40:00,24.275,24.285,24.26,24.265,64673.0
2026-07-28,2026-07-28 13:45:00,24.265,24.29,24.265,24.285,43950.0
2026-07-28,2026-07-28 13:50:00,24.285,24.335,24.28,24.325,83084.0
2026-07-28,2026-07-28 13:55:00,24.325,24.33,24.245,24.245,70014.0
2026-07-28,2026-07-28 14:00:00,24.25,24.28,24.2403,24.265,57114.0
2026-07-28,2026-07-28 14:05:00,24.265,24.285,24.225,24.285,139234.0
2026-07-28,2026-07-28 14:10:00,24.285,24.365,24.27,24.315,445124.0
2026-07-28,2026-07-28 14:15:00,24.32,24.4,24.315,24.375,97464.0
2026-07-28,2026-07-28 14:20:00,24.375,24.405,24.37,24.375,83639.0
2026-07-28,2026-07-28 14:25:00,24.375,24.42,24.375,24.395,77974.0
2026-07-28,2026-07-28 14:30:00,24.395,24.405,24.38,24.38,49064.0
2026-07-28,2026-07-28 14:35:00,24.385,24.405,24.355,24.355,51350.0
2026-07-28,2026-07-28 14:40:00,24.355,24.355,24.325,24.325,48996.0
2026-07-28,2026-07-28 14:45:00,24.32,24.36,24.3,24.315,142250.0
2026-07-28,2026-07-28 14:50:00,24.315,24.37,24.305,24.335,171856.0
2026-07-28,2026-07-28 14:55:00,24.335,24.365,24.335,24.35,75827.0
2026-07-28,2026-07-28 15:00:00,24.3594,24.3999,24.3533,24.395,89527.0
2026-07-28,2026-07-28 15:05:00,24.395,24.42,24.39,24.405,119692.0
2026-07-28,2026-07-28 15:10:00,24.405,24.405,24.34,24.345,99447.0
2026-07-28,2026-07-28 15:15:00,24.345,24.355,24.255,24.265,111444.0
2026-07-28,2026-07-28 15:20:00,24.26,24.275,24.165,24.17,145795.0
2026-07-28,2026-07-28 15:25:00,24.16,24.165,24.09,24.135,221126.0
2026-07-28,2026-07-28 15:30:00,24.13,24.15,24.085,24.085,216951.0
2026-07-28,2026-07-28 15:35:00,24.09,24.135,24.075,24.125,466752.0
2026-07-28,2026-07-28 15:40:00,24.125,24.18,24.04,24.095,397232.0
2026-07-28,2026-07-28 15:45:00,24.091,24.15,24.085,24.125,283053.0
2026-07-28,2026-07-28 15:50:00,24.125,24.14,24.08,24.085,643934.0
2026-07-28,2026-07-28 15:55:00,24.08,24.2,24.06,24.19,1131472.0
2026-07-28,2026-07-28 16:00:00,24.19,24.41,24.18,24.36,4433709.0
2026-07-29,2026-07-29 09:35:00,24.04,24.46,24.04,24.33,272754.0
2026-07-29,2026-07-29 09:40:00,24.33,24.34,23.96,24.21,176314.0
2026-07-29,2026-07-29 09:45:00,24.21,24.215,24.08,24.08,77995.0
2026-07-29,2026-07-29 09:50:00,24.06,24.27,24.06,24.26,112480.0
2026-07-29,2026-07-29 09:55:00,24.265,24.39,24.25,24.36,104215.0
2026-07-29,2026-07-29 10:00:00,24.38,24.479,24.37,24.45,144968.0
2026-07-29,2026-07-29 10:05:00,24.45,24.505,24.365,24.475,348862.0
2026-07-29,2026-07-29 10:10:00,24.47,24.53,24.34,24.365,100863.0
2026-07-29,2026-07-29 10:15:00,24.36,24.36,24.255,24.28,105826.0
2026-07-29,2026-07-29 10:20:00,24.29,24.32,24.22,24.235,148517.0
2026-07-29,2026-07-29 10:25:00,24.23,24.3,24.225,24.24,95152.0
2026-07-29,2026-07-29 10:30:00,24.23,24.27,24.145,24.165,66134.0
2026-07-29,2026-07-29 10:35:00,24.15,24.21,24.15,24.17,86779.0
2026-07-29,2026-07-29 10:40:00,24.175,24.18,24.125,24.14,123685.0
2026-07-29,2026-07-29 10:45:00,24.15,24.165,24.105,24.13,93531.0
2026-07-29,2026-07-29 10:50:00,24.13,24.16,24.1,24.13,59431.0
2026-07-29,2026-07-29 10:55:00,24.13,24.15,24.08,24.115,113600.0
2026-07-29,2026-07-29 11:00:00,24.12,24.14,24.06,24.075,99081.0
2026-07-29,2026-07-29 11:05:00,24.075,24.11,24.04,24.04,82045.0
2026-07-29,2026-07-29 11:10:00,24.046,24.185,24.035,24.18,164175.0
2026-07-29,2026-07-29 11:15:00,24.185,24.185,24.095,24.145,88952.0
2026-07-29,2026-07-29 11:20:00,24.145,24.19,24.135,24.165,59364.0
2026-07-29,2026-07-29 11:25:00,24.17,24.185,24.1,24.1,58504.0
2026-07-29,2026-07-29 11:30:00,24.1,24.115,24.075,24.1,53358.0
2026-07-29,2026-07-29 11:35:00,24.1,24.125,24.085,24.095,48345.0
2026-07-29,2026-07-29 11:40:00,24.095,24.125,24.065,24.065,65592.0
2026-07-29,2026-07-29 11:45:00,24.065,24.08,24.03,24.06,61548.0
2026-07-29,2026-07-29 11:50:00,24.07,24.1,24.05,24.1,64411.0
2026-07-29,2026-07-29 11:55:00,24.11,24.11,24.06,24.07,70480.0
2026-07-29,2026-07-29 12:00:00,24.07,24.08,24.03,24.075,82326.0
2026-07-29,2026-07-29 12:05:00,24.075,24.08,24.005,24.015,81381.0
2026-07-29,2026-07-29 12:10:00,24.015,24.1,24.0,24.1,72547.0
2026-07-29,2026-07-29 12:15:00,24.1,24.12,24.08,24.085,45140.0
2026-07-29,2026-07-29 12:20:00,24.08,24.115,24.07,24.09,47668.0
2026-07-29,2026-07-29 12:25:00,24.09,24.165,24.075,24.16,46537.0
2026-07-29,2026-07-29 12:30:00,24.165,24.215,24.145,24.205,34729.0
2026-07-29,2026-07-29 12:35:00,24.205,24.265,24.18,24.24,80847.0
2026-07-29,2026-07-29 12:40:00,24.23,24.285,24.225,24.26,64413.0
2026-07-29,2026-07-29 12:45:00,24.26,24.275,24.195,24.225,46611.0
2026-07-29,2026-07-29 12:50:00,24.225,24.24,24.175,24.235,57068.0
2026-07-29,2026-07-29 12:55:00,24.24,24.395,24.24,24.335,151658.0
2026-07-29,2026-07-29 13:00:00,24.33,24.35,24.29,24.335,74713.0
2026-07-29,2026-07-29 13:05:00,24.34,24.37,24.325,24.335,63145.0
2026-07-29,2026-07-29 13:10:00,24.335,24.34,24.295,24.305,61219.0
2026-07-29,2026-07-29 13:15:00,24.305,24.355,24.305,24.355,70945.0
2026-07-29,2026-07-29 13:20:00,24.355,24.38,24.315,24.38,56506.0
2026-07-29,2026-07-29 13:25:00,24.39,24.415,24.365,24.385,67830.0
2026-07-29,2026-07-29 13:30:00,24.385,24.395,24.36,24.366,40439.0
2026-07-29,2026-07-29 13:35:00,24.365,24.3666,24.32,24.325,95980.0
2026-07-29,2026-07-29 13:40:00,24.3299,24.33,24.275,24.3,47460.0
2026-07-29,2026-07-29 13:45:00,24.305,24.33,24.285,24.325,43458.0
2026-07-29,2026-07-29 13:50:00,24.325,24.35,24.31,24.335,40462.0
2026-07-29,2026-07-29 13:55:00,24.335,24.37,24.33,24.3601,52725.0
2026-07-29,2026-07-29 14:00:00,24.365,24.42,24.3,24.415,119499.0
2026-07-29,2026-07-29 14:05:00,24.42,24.6,24.415,24.555,147498.0
2026-07-29,2026-07-29 14:10:00,24.55,24.555,24.445,24.46,106220.0
2026-07-29,2026-07-29 14:15:00,24.47,24.535,24.47,24.51,115306.0
2026-07-29,2026-07-29 14:20:00,24.515,24.6,24.515,24.54,103462.0
2026-07-29,2026-07-29 14:25:00,24.53,24.54,24.44,24.44,178062.0
2026-07-29,2026-07-29 14:30:00,24.44,24.565,24.435,24.56,90743.0
2026-07-29,2026-07-29 14:35:00,24.555,24.61,24.515,24.53,131796.0
2026-07-29,2026-07-29 14:40:00,24.5311,24.605,24.525,24.575,98943.0
2026-07-29,2026-07-29 14:45:00,24.575,24.59,24.525,24.585,99100.0
2026-07-29,2026-07-29 14:50:00,24.585,24.61,24.55,24.585,96154.0
2026-07-29,2026-07-29 14:55:00,24.585,24.605,24.555,24.595,99047.0
2026-07-29,2026-07-29 15:00:00,24.595,24.63,24.57,24.57,134772.0
2026-07-29,2026-07-29 15:05:00,24.575,24.585,24.49,24.51,111240.0
2026-07-29,2026-07-29 15:10:00,24.505,24.515,24.425,24.445,93509.0
2026-07-29,2026-07-29 15:15:00,24.445,24.515,24.435,24.515,86415.0
2026-07-29,2026-07-29 15:20:00,24.51,24.53,24.455,24.475,109708.0
2026-07-29,2026-07-29 15:25:00,24.475,24.475,24.37,24.37,119801.0
2026-07-29,2026-07-29 15:30:00,24.37,24.42,24.335,24.395,108400.0
2026-07-29,2026-07-29 15:35:00,24.395,24.415,24.28,24.33,239204.0
2026-07-29,2026-07-29 15:40:00,24.33,24.33,24.175,24.2,152508.0
2026-07-29,2026-07-29 15:45:00,24.2,24.245,24.17,24.18,182568.0
2026-07-29,2026-07-29 15:50:00,24.18,24.25,24.155,24.22,321025.0
2026-07-29,2026-07-29 15:55:00,24.22,24.285,24.155,24.275,679037.0
2026-07-29,2026-07-29 16:00:00,24.27,24.495,24.27,24.44,2034419.0
2026-07-30,2026-07-30 09:35:00,23.99,23.99,23.72,23.89,255118.0
2026-07-30,2026-07-30 09:40:00,23.9,23.97,23.76,23.82,97146.0
2026-07-30,2026-07-30 09:45:00,23.825,24.18,23.79,24.1,145224.0
2026-07-30,2026-07-30 09:50:00,24.1,24.155,24.02,24.09,83005.0
2026-07-30,2026-07-30 09:55:00,24.075,24.13,23.95,23.95,111570.0
2026-07-30,2026-07-30 10:00:00,23.95,24.15,23.94,24.075,131551.0
2026-07-30,2026-07-30 10:05:00,24.07,24.12,24.005,24.075,127180.0
2026-07-30,2026-07-30 10:10:00,24.07,24.07,23.9,23.905,88876.0
2026-07-30,2026-07-30 10:15:00,23.905,23.985,23.87,23.96,92279.0
2026-07-30,2026-07-30 10:20:00,23.96,23.98,23.87,23.895,81565.0
2026-07-30,2026-07-30 10:25:00,23.9,23.9,23.795,23.795,91643.0
2026-07-30,2026-07-30 10:30:00,23.795,23.93,23.775,23.89,113238.0
2026-07-30,2026-07-30 10:35:00,23.89,23.98,23.85,23.94,97017.0
2026-07-30,2026-07-30 10:40:00,23.935,24.075,23.925,24.05,85082.0
2026-07-30,2026-07-30 10:45:00,24.04,24.05,23.995,24.015,68861.0
2026-07-30,2026-07-30 10:50:00,24.01,24.045,23.945,24.01,77319.0
2026-07-30,2026-07-30 10:55:00,24.015,24.065,23.995,24.01,116794.0
2026-07-30,2026-07-30 11:00:00,24.015,24.16,23.97,24.155,134582.0
2026-07-30,2026-07-30 11:05:00,24.155,24.195,24.09,24.145,85546.0
2026-07-30,2026-07-30 11:10:00,24.145,24.17,24.085,24.105,56334.0
2026-07-30,2026-07-30 11:15:00,24.105,24.14,24.035,24.035,94951.0
2026-07-30,2026-07-30 11:20:00,24.035,24.12,24.035,24.12,44168.0
2026-07-30,2026-07-30 11:25:00,24.1298,24.21,24.115,24.17,65748.0
2026-07-30,2026-07-30 11:30:00,24.17,24.18,24.125,24.15,48360.0
2026-07-30,2026-07-30 11:35:00,24.1514,24.205,24.15,24.2,39324.0
2026-07-30,2026-07-30 11:40:00,24.2,24.225,24.1528,24.1528,37440.0
2026-07-30,2026-07-30 11:45:00,24.155,24.3,24.155,24.285,44125.0
2026-07-30,2026-07-30 11:50:00,24.28,24.31,24.27,24.29,51589.0
2026-07-30,2026-07-30 11:55:00,24.295,24.315,24.27,24.31,51039.0
2026-07-30,2026-07-30 12:00:00,24.315,24.38,24.31,24.31,117576.0
2026-07-30,2026-07-30 12:05:00,24.315,24.4,24.305,24.365,106368.0
2026-07-30,2026-07-30 12:10:00,24.37,24.385,24.34,24.34,36720.0
2026-07-30,2026-07-30 12:15:00,24.34,24.395,24.34,24.39,35394.0
2026-07-30,2026-07-30 12:20:00,24.395,24.405,24.375,24.38,57052.0
2026-07-30,2026-07-30 12:25:00,24.38,24.42,24.37,24.42,49414.0
2026-07-30,2026-07-30 12:30:00,24.415,24.435,24.405,24.405,32674.0
2026-07-30,2026-07-30 12:35:00,24.41,24.465,24.39,24.45,51632.0
2026-07-30,2026-07-30 12:40:00,24.46,24.49,24.445,24.4599,38123.0
2026-07-30,2026-07-30 12:45:00,24.4501,24.495,24.45,24.48,45532.0
2026-07-30,2026-07-30 12:50:00,24.48,24.525,24.4536,24.455,38140.0
2026-07-30,2026-07-30 12:55:00,24.46,24.5,24.44,24.445,70216.0
2026-07-30,2026-07-30 13:00:00,24.445,24.46,24.41,24.43,41780.0
2026-07-30,2026-07-30 13:05:00,24.43,24.485,24.425,24.485,46384.0
2026-07-30,2026-07-30 13:10:00,24.485,24.54,24.48,24.54,51520.0
2026-07-30,2026-07-30 13:15:00,24.54,24.555,24.48,24.495,49070.0
2026-07-30,2026-07-30 13:20:00,24.495,24.505,24.45,24.45,36509.0
2026-07-30,2026-07-30 13:25:00,24.455,24.475,24.385,24.405,56368.0
2026-07-30,2026-07-30 13:30:00,24.405,24.42,24.39,24.395,44339.0
2026-07-30,2026-07-30 13:35:00,24.395,24.42,24.35,24.41,62255.0
2026-07-30,2026-07-30 13:40:00,24.415,24.415,24.36,24.36,41938.0
2026-07-30,2026-07-30 13:45:00,24.355,24.365,24.345,24.355,42025.0
2026-07-30,2026-07-30 13:50:00,24.355,24.415,24.35,24.415,33217.0
2026-07-30,2026-07-30 13:55:00,24.415,24.435,24.4,24.415,37027.0
2026-07-30,2026-07-30 14:00:00,24.415,24.45,24.405,24.405,32301.0
2026-07-30,2026-07-30 14:05:00,24.405,24.425,24.38,24.385,126001.0
2026-07-30,2026-07-30 14:10:00,24.385,24.3999,24.33,24.331,67497.0
2026-07-30,2026-07-30 14:15:00,24.335,24.37,24.33,24.34,60880.0
2026-07-30,2026-07-30 14:20:00,24.345,24.365,24.335,24.355,38435.0
2026-07-30,2026-07-30 14:25:00,24.355,24.365,24.34,24.36,45589.0
2026-07-30,2026-07-30 14:30:00,24.355,24.36,24.32,24.325,36266.0
2026-07-30,2026-07-30 14:35:00,24.33,24.375,24.33,24.355,67563.0
2026-07-30,2026-07-30 14:40:00,24.355,24.36,24.2302,24.235,145394.0
2026-07-30,2026-07-30 14:45:00,24.23,24.235,24.07,24.235,323880.0
2026-07-30,2026-07-30 14:50:00,24.23,24.235,24.185,24.195,59206.0
2026-07-30,2026-07-30 14:55:00,24.195,24.265,24.194324,24.26,80921.0
2026-07-30,2026-07-30 15:00:00,24.26,24.32,24.255,24.31,71730.0
2026-07-30,2026-07-30 15:05:00,24.315,24.325,24.29,24.305,343423.0
2026-07-30,2026-07-30 15:10:00,24.305,24.335,24.16,24.19,140274.0
2026-07-30,2026-07-30 15:15:00,24.185,24.375,24.185,24.355,140307.0
2026-07-30,2026-07-30 15:20:00,24.36,24.425,24.325,24.345,157711.0
2026-07-30,2026-07-30 15:25:00,24.34,24.345,24.22,24.275,198252.0
2026-07-30,2026-07-30 15:30:00,24.27,24.33,24.27,24.325,123354.0
2026-07-30,2026-07-30 15:35:00,24.325,24.38,24.325,24.365,163291.0
2026-07-30,2026-07-30 15:40:00,24.365,24.365,24.31,24.315,126863.0
2026-07-30,2026-07-30 15:45:00,24.315,24.355,24.3,24.35,164659.0
2026-07-30,2026-07-30 15:50:00,24.35,24.3899,24.3,24.355,351496.0
2026-07-30,2026-07-30 15:55:00,24.355,24.3778,24.315,24.335,443605.0
2026-07-30,2026-07-30 16:00:00,24.335,24.505,24.335,24.43,2075263.0
2026-07-31,2026-07-31 09:35:00,24.04,24.52,24.02,24.365,314956.0
2026-07-31,2026-07-31 09:40:00,24.365,24.55,24.34,24.43,133005.0
2026-07-31,2026-07-31 09:45:00,24.45,24.53,24.36,24.395,93746.0
2026-07-31,2026-07-31 09:50:00,24.37,24.48,24.35,24.43,79285.0
2026-07-31,2026-07-31 09:55:00,24.44,24.51,24.37,24.46,85150.0
2026-07-31,2026-07-31 10:00:00,24.465,24.527,24.275,24.275,78990.0
2026-07-31,2026-07-31 10:05:00,24.27,24.27,24.14,24.16,119186.0
2026-07-31,2026-07-31 10:10:00,24.175,24.215,24.04,24.11,121007.0
2026-07-31,2026-07-31 10:15:00,24.11,24.11,23.905,23.92,117123.0
2026-07-31,2026-07-31 10:20:00,23.92,23.975,23.87,23.875,169941.0
2026-07-31,2026-07-31 10:25:00,23.87,23.93,23.835,23.84,81075.0
2026-07-31,2026-07-31 10:30:00,23.84,23.925,23.825,23.875,60594.0
2026-07-31,2026-07-31 10:35:00,23.875,23.955,23.86,23.895,65397.0
2026-07-31,2026-07-31 10:40:00,23.9,23.94,23.75,23.855,485449.0
2026-07-31,2026-07-31 10:45:00,23.86,23.935,23.76,23.93,150371.0
2026-07-31,2026-07-31 10:50:00,23.93,23.965,23.85,23.86,155615.0
2026-07-31,2026-07-31 10:55:00,23.865,23.87,23.8,23.845,97767.0
2026-07-31,2026-07-31 11:00:00,23.85,23.93,23.825,23.9,61962.0
2026-07-31,2026-07-31 11:05:00,23.885,23.925,23.87,23.915,54889.0
2026-07-31,2026-07-31 11:10:00,23.915,23.93,23.8,23.83,57516.0
2026-07-31,2026-07-31 11:15:00,23.83,23.95,23.79,23.9,123135.0
2026-07-31,2026-07-31 11:20:00,23.895,23.95,23.825,23.87,66188.0
2026-07-31,2026-07-31 11:25:00,23.865,23.865,23.7,23.745,371303.0
2026-07-31,2026-07-31 11:30:00,23.74,23.76,23.705,23.705,48146.0
2026-07-31,2026-07-31 11:35:00,23.7,23.725,23.67,23.725,41770.0
2026-07-31,2026-07-31 11:40:00,23.725,23.795,23.705,23.785,35892.0
2026-07-31,2026-07-31 11:45:00,23.785,23.825,23.765,23.815,52221.0
2026-07-31,2026-07-31 11:50:00,23.81,23.865,23.805,23.835,53656.0
2026-07-31,2026-07-31 11:55:00,23.84,23.935,23.84,23.91,34470.0
2026-07-31,2026-07-31 12:00:00,23.905,23.945,23.895,23.925,41137.0
2026-07-31,2026-07-31 12:05:00,23.92,23.94,23.905,23.935,36764.0
2026-07-31,2026-07-31 12:10:00,23.93,23.955,23.895,23.9,47837.0
2026-07-31,2026-07-31 12:15:00,23.905,23.95,23.9,23.95,40067.0
2026-07-31,2026-07-31 12:20:00,23.95,23.975,23.935,23.97,40708.0
2026-07-31,2026-07-31 12:25:00,23.96,23.985,23.92,23.935,61268.0
2026-07-31,2026-07-31 12:30:00,23.935,23.985,23.91,23.91,61033.0
2026-07-31,2026-07-31 12:35:00,23.915,24.0,23.91,23.99,68487.0
2026-07-31,2026-07-31 12:40:00,23.995,23.995,23.97,23.99,30063.0
2026-07-31,2026-07-31 12:45:00,23.99,24.0251,23.99,24.0,36332.0
2026-07-31,2026-07-31 12:50:00,23.99,24.0,23.96,23.985,49681.0
2026-07-31,2026-07-31 12:55:00,23.985,23.995,23.97,23.97,31281.0
2026-07-31,2026-07-31 13:00:00,23.97,23.99,23.94,23.975,56776.0
2026-07-31,2026-07-31 13:05:00,23.98,24.03,23.97,24.025,47749.0
2026-07-31,2026-07-31 13:10:00,24.025,24.04,24.0,24.0,41090.0
2026-07-31,2026-07-31 13:15:00,24.005,24.03,23.97,23.98,59343.0
2026-07-31,2026-07-31 13:20:00,23.975,24.005,23.97,23.985,33049.0
2026-07-31,2026-07-31 13:25:00,23.985,24.055,23.97,24.055,67199.0
2026-07-31,2026-07-31 13:30:00,24.055,24.07,24.04,24.065,34698.0
2026-07-31,2026-07-31 13:35:00,24.065,24.08,24.025,24.06,68908.0
2026-07-31,2026-07-31 13:40:00,24.06,24.085,23.99,24.005,50838.0
2026-07-31,2026-07-31 13:45:00,24.0,24.01,23.96,23.9801,36185.0
2026-07-31,2026-07-31 13:50:00,23.98,24.005,23.98,23.995,34335.0
2026-07-31,2026-07-31 13:55:00,24.0,24.055,24.0,24.045,34901.0
2026-07-31,2026-07-31 14:00:00,24.06,24.06,24.025,24.025,42859.0
2026-07-31,2026-07-31 14:05:00,24.02,24.065,24.02,24.06,52100.0
2026-07-31,2026-07-31 14:10:00,24.055,24.075,24.05,24.055,33676.0
2026-07-31,2026-07-31 14:15:00,24.06,24.08,24.035,24.08,47894.0
2026-07-31,2026-07-31 14:20:00,24.08,24.105,24.08,24.095,32277.0
2026-07-31,2026-07-31 14:25:00,24.1,24.115,24.075,24.105,57999.0
2026-07-31,2026-07-31 14:30:00,24.105,24.11,24.045,24.045,67204.0
2026-07-31,2026-07-31 14:35:00,24.045,24.05,24.02,24.035,45778.0
2026-07-31,2026-07-31 14:40:00,24.035,24.0497,24.015,24.025,47699.0
2026-07-31,2026-07-31 14:45:00,24.025,24.075,24.005,24.075,72308.0
2026-07-31,2026-07-31 14:50:00,24.075,24.1299,24.07,24.11,75865.0
2026-07-31,2026-07-31 14:55:00,24.115,24.1595,24.11,24.135,103953.0
2026-07-31,2026-07-31 15:00:00,24.135,24.145,24.12,24.12,52032.0
2026-07-31,2026-07-31 15:05:00,24.125,24.13,24.091,24.1,104532.0
2026-07-31,2026-07-31 15:10:00,24.11,24.125,24.09,24.095,62772.0
2026-07-31,2026-07-31 15:15:00,24.095,24.12,24.09,24.1,65785.0
2026-07-31,2026-07-31 15:20:00,24.105,24.1099,24.07,24.075,80604.0
2026-07-31,2026-07-31 15:25:00,24.075,24.09,24.06,24.07,55170.0
2026-07-31,2026-07-31 15:30:00,24.07,24.165,24.06,24.1405,91654.0
2026-07-31,2026-07-31 15:35:00,24.145,24.195,24.13,24.19,95250.0
2026-07-31,2026-07-31 15:40:00,24.195,24.22,24.17,24.195,118692.0
2026-07-31,2026-07-31 15:45:00,24.195,24.21,24.155,24.17,155256.0
2026-07-31,2026-07-31 15:50:00,24.165,24.195,24.13,24.175,243444.0
2026-07-31,2026-07-31 15:55:00,24.175,24.24,24.17,24.215,405784.0
2026-07-31,2026-07-31 16:00:00,24.21,24.25,24.01,24.01,2638683.0
2026-08-03,2026-08-03 09:35:00,24.38,24.63,24.02,24.11,505428.0
2026-08-03,2026-08-03 09:40:00,24.13,24.32,24.12,24.31,138096.0
2026-08-03,2026-08-03 09:45:00,24.3,24.49,24.29,24.39,102997.0
2026-08-03,2026-08-03 09:50:00,24.39,24.455,24.34,24.36,183057.0
2026-08-03,2026-08-03 09:55:00,24.365,24.44,24.27,24.41,127544.0
2026-08-03,2026-08-03 10:00:00,24.4,24.45,24.26,24.3,83623.0
2026-08-03,2026-08-03 10:05:00,24.3,24.39,24.22,24.39,60411.0
2026-08-03,2026-08-03 10:10:00,24.385,24.4,24.235,24.245,117439.0
2026-08-03,2026-08-03 10:15:00,24.24,24.27,24.15,24.22,141283.0
2026-08-03,2026-08-03 10:20:00,24.225,24.255,24.17,24.205,98834.0
2026-08-03,2026-08-03 10:25:00,24.205,24.205,24.09,24.12,95987.0
2026-08-03,2026-08-03 10:30:00,24.115,24.155,24.04,24.115,124055.0
2026-08-03,2026-08-03 10:35:00,24.11,24.185,23.98,24.0,176815.0
2026-08-03,2026-08-03 10:40:00,24.0,24.1,23.97,24.08,71084.0
2026-08-03,2026-08-03 10:45:00,24.075,24.2,24.075,24.175,60494.0
2026-08-03,2026-08-03 10:50:00,24.18,24.18,24.06,24.075,65327.0
2026-08-03,2026-08-03 10:55:00,24.075,24.085,24.025,24.08,62309.0
2026-08-03,2026-08-03 11:00:00,24.08,24.115,24.065,24.09,38313.0
2026-08-03,2026-08-03 11:05:00,24.095,24.135,24.04,24.05,60463.0
2026-08-03,2026-08-03 11:10:00,24.04,24.175,24.04,24.17,66108.0
2026-08-03,2026-08-03 11:15:00,24.175,24.205,24.12,24.18,71200.0
2026-08-03,2026-08-03 11:20:00,24.175,24.205,24.165,24.185,56708.0
2026-08-03,2026-08-03 11:25:00,24.185,24.235,24.16,24.235,65668.0
2026-08-03,2026-08-03 11:30:00,24.235,24.245,24.195,24.205,58979.0
2026-08-03,2026-08-03 11:35:00,24.205,24.23,24.17,24.175,76596.0
2026-08-03,2026-08-03 11:40:00,24.18,24.2599,24.17,24.23,188322.0
2026-08-03,2026-08-03 11:45:00,24.23,24.25,24.195,24.2,140954.0
2026-08-03,2026-08-03 11:50:00,24.195,24.24,24.14,24.155,81170.0
2026-08-03,2026-08-03 11:55:00,24.155,24.17,24.125,24.15,60174.0
2026-08-03,2026-08-03 12:00:00,24.16,24.16,24.115,24.12,54348.0
2026-08-03,2026-08-03 12:05:00,24.125,24.16,24.025,24.045,213640.0
2026-08-03,2026-08-03 12:10:00,24.045,24.055,24.005,24.045,190081.0
2026-08-03,2026-08-03 12:15:00,24.045,24.11,24.03,24.1,84006.0
2026-08-03,2026-08-03 12:20:00,24.105,24.105,24.05,24.055,211666.0
2026-08-03,2026-08-03 12:25:00,24.055,24.08,24.0425,24.07,74409.0
2026-08-03,2026-08-03 12:30:00,24.075,24.095,24.06,24.0743,51449.0
2026-08-03,2026-08-03 12:35:00,24.075,24.095,24.045,24.075,82104.0
2026-08-03,2026-08-03 12:40:00,24.075,24.105,24.06,24.1,46841.0
2026-08-03,2026-08-03 12:45:00,24.095,24.1262,24.07,24.125,73532.0
2026-08-03,2026-08-03 12:50:00,24.125,24.165,24.125,24.165,59235.0
2026-08-03,2026-08-03 12:55:00,24.165,24.165,24.11,24.145,44384.0
2026-08-03,2026-08-03 13:00:00,24.15,24.19,24.15,24.185,51527.0
2026-08-03,2026-08-03 13:05:00,24.185,24.185,24.07,24.085,89142.0
2026-08-03,2026-08-03 13:10:00,24.09,24.1,24.06,24.09,47671.0
2026-08-03,2026-08-03 13:15:00,24.095,24.1464,24.09,24.135,69793.0
2026-08-03,2026-08-03 13:20:00,24.135,24.16,24.095,24.1099,54520.0
2026-08-03,2026-08-03 13:25:00,24.1054,24.14,24.095,24.135,47694.0
2026-08-03,2026-08-03 13:30:00,24.14,24.17,24.125,24.15,43181.0
2026-08-03,2026-08-03 13:35:00,24.145,24.16,24.135,24.145,50747.0
2026-08-03,2026-08-03 13:40:00,24.145,24.195,24.12,24.195,132990.0
2026-08-03,2026-08-03 13:45:00,24.19,24.19,24.15,24.17,94245.0
2026-08-03,2026-08-03 13:50:00,24.165,24.185,24.15,24.185,99814.0
2026-08-03,2026-08-03 13:55:00,24.185,24.19,24.15,24.16,34663.0
2026-08-03,2026-08-03 14:00:00,24.16,24.16,24.095,24.135,178264.0
2026-08-03,2026-08-03 14:05:00,24.135,24.18,24.12,24.175,69274.0
2026-08-03,2026-08-03 14:10:00,24.175,24.21,24.175,24.195,66337.0
2026-08-03,2026-08-03 14:15:00,24.19,24.2,24.155,24.175,78418.0
2026-08-03,2026-08-03 14:20:00,24.175,24.18,24.155,24.16,34802.0
2026-08-03,2026-08-03 14:25:00,24.1644,24.185,24.15,24.18,55852.0
2026-08-03,2026-08-03 14:30:00,24.18,24.21,24.18,24.195,58112.0
2026-08-03,2026-08-03 14:35:00,24.195,24.2,24.16,24.175,63632.0
2026-08-03,2026-08-03 14:40:00,24.175,24.21,24.15,24.205,78470.0
2026-08-03,2026-08-03 14:45:00,24.205,24.245,24.185,24.245,116070.0
2026-08-03,2026-08-03 14:50:00,24.245,24.265,24.22,24.235,123007.0
2026-08-03,2026-08-03 14:55:00,24.235,24.285,24.215,24.275,86941.0
2026-08-03,2026-08-03 15:00:00,24.27,24.275,24.105,24.105,202302.0
2026-08-03,2026-08-03 15:05:00,24.105,24.135,24.045,24.06,149196.0
2026-08-03,2026-08-03 15:10:00,24.065,24.08,24.03,24.065,106416.0
2026-08-03,2026-08-03 15:15:00,24.065,24.13,24.065,24.1,134766.0
2026-08-03,2026-08-03 15:20:00,24.095,24.115,24.08,24.095,105106.0
2026-08-03,2026-08-03 15:25:00,24.09,24.13,24.08,24.125,112962.0
2026-08-03,2026-08-03 15:30:00,24.125,24.145,24.08,24.085,186659.0
2026-08-03,2026-08-03 15:35:00,24.085,24.14,24.07,24.09,319135.0
2026-08-03,2026-08-03 15:40:00,24.1,24.17,24.07,24.155,165773.0
2026-08-03,2026-08-03 15:45:00,24.155,24.2,24.155,24.17,209601.0
2026-08-03,2026-08-03 15:50:00,24.17,24.2299,24.16,24.205,290736.0
2026-08-03,2026-08-03 15:55:00,24.205,24.285,24.1205,24.26,506573.0
2026-08-03,2026-08-03 16:00:00,24.26,24.265,24.135,24.16,4093039.0
2026-08-04,2026-08-04 09:35:00,24.25,24.918,24.2,24.875,475961.0
2026-08-04,2026-08-04 09:40:00,24.89,24.99,24.775,24.9001,238844.0
2026-08-04,2026-08-04 09:45:00,24.9,24.9,24.64,24.64,173014.0
2026-08-04,2026-08-04 09:50:00,24.65,24.71,24.63,24.71,90115.0
2026-08-04,2026-08-04 09:55:00,24.71,24.82,24.675,24.81,207759.0
2026-08-04,2026-08-04 10:00:00,24.815,24.85,24.7,24.78,203670.0
2026-08-04,2026-08-04 10:05:00,24.78,25.01,24.745,24.96,556488.0
2026-08-04,2026-08-04 10:10:00,24.985,25.035,24.95,24.99,187142.0
2026-08-04,2026-08-04 10:15:00,24.99,25.07,24.975,25.045,235986.0
2026-08-04,2026-08-04 10:20:00,25.045,25.1,25.02,25.095,118437.0
2026-08-04,2026-08-04 10:25:00,25.1,25.125,24.99,25.01,123309.0
2026-08-04,2026-08-04 10:30:00,25.02,25.16,25.02,25.16,458928.0
2026-08-04,2026-08-04 10:35:00,25.165,25.24,25.15,25.195,143126.0
2026-08-04,2026-08-04 10:40:00,25.19,25.25,25.185,25.2101,181969.0
2026-08-04,2026-08-04 10:45:00,25.215,25.345,25.21,25.315,243891.0
2026-08-04,2026-08-04 10:50:00,25.315,25.32,25.22,25.255,150943.0
2026-08-04,2026-08-04 10:55:00,25.255,25.32,25.215,25.275,108552.0
2026-08-04,2026-08-04 11:00:00,25.275,25.305,25.255,25.255,114000.0
2026-08-04,2026-08-04 11:05:00,25.255,25.28,25.21,25.255,155409.0
2026-08-04,2026-08-04 11:10:00,25.255,25.295,25.215,25.295,133123.0
2026-08-04,2026-08-04 11:15:00,25.295,25.295,25.215,25.215,100882.0
2026-08-04,2026-08-04 11:20:00,25.215,25.3,25.215,25.265,127729.0
2026-08-04,2026-08-04 11:25:00,25.26,25.38,25.225,25.365,347804.0
2026-08-04,2026-08-04 11:30:00,25.365,25.375,25.32,25.335,96790.0
2026-08-04,2026-08-04 11:35:00,25.34,25.41,25.325,25.35,184653.0
2026-08-04,2026-08-04 11:40:00,25.345,25.4,25.33,25.395,142235.0
2026-08-04,2026-08-04 11:45:00,25.4,25.51,25.385,25.445,298977.0
2026-08-04,2026-08-04 11:50:00,25.445,25.5,25.445,25.49,181964.0
2026-08-04,2026-08-04 11:55:00,25.485,25.59,25.465,25.585,143060.0
2026-08-04,2026-08-04 12:00:00,25.59,25.6,25.55,25.555,117617.0
2026-08-04,2026-08-04 12:05:00,25.555,25.65,25.55,25.615,189186.0
2026-08-04,2026-08-04 12:10:00,25.625,25.625,25.52,25.54,100476.0
2026-08-04,2026-08-04 12:15:00,25.545,25.55,25.435,25.494,169473.0
2026-08-04,2026-08-04 12:20:00,25.5,25.53,25.39,25.465,407421.0
2026-08-04,2026-08-04 12:25:00,25.465,25.49,25.35,25.415,220550.0
2026-08-04,2026-08-04 12:30:00,25.415,25.45,25.395,25.45,116060.0
2026-08-04,2026-08-04 12:35:00,25.45,25.485,25.43,25.485,242608.0
2026-08-04,2026-08-04 12:40:00,25.48,25.5,25.445,25.485,122961.0
2026-08-04,2026-08-04 12:45:00,25.485,25.51,25.43,25.5,234472.0
2026-08-04,2026-08-04 12:50:00,25.505,25.52,25.44,25.455,175608.0
2026-08-04,2026-08-04 12:55:00,25.45,25.485,25.425,25.48,107101.0
2026-08-04,2026-08-04 13:00:00,25.47,25.495,25.46,25.465,99521.0
2026-08-04,2026-08-04 13:05:00,25.46,25.525,25.46,25.505,96130.0
2026-08-04,2026-08-04 13:10:00,25.51,25.535,25.49,25.53,81794.0
2026-08-04,2026-08-04 13:15:00,25.525,25.525,25.44,25.455,84620.0
2026-08-04,2026-08-04 13:20:00,25.455,25.555,25.455,25.555,96003.0
2026-08-04,2026-08-04 13:25:00,25.555,25.605,25.535,25.585,222128.0
2026-08-04,2026-08-04 13:30:00,25.58,25.595,25.53,25.575,167539.0
2026-08-04,2026-08-04 13:35:00,25.57,25.625,25.55,25.605,106310.0
2026-08-04,2026-08-04 13:40:00,25.605,25.625,25.54,25.62,115182.0
2026-08-04,2026-08-04 13:45:00,25.615,25.685,25.605,25.62,357614.0
2026-08-04,2026-08-04 13:50:00,25.615,25.635,25.56,25.565,150376.0
2026-08-04,2026-08-04 13:55:00,25.56,25.575,25.52,25.545,125588.0
2026-08-04,2026-08-04 14:00:00,25.545,25.565,25.5325,25.545,103543.0
2026-08-04,2026-08-04 14:05:00,25.54,25.605,25.535,25.605,190680.0
2026-08-04,2026-08-04 14:10:00,25.608,25.645,25.53,25.535,97907.0
2026-08-04,2026-08-04 14:15:00,25.535,25.57,25.505,25.555,107292.0
2026-08-04,2026-08-04 14:20:00,25.555,25.575,25.48,25.515,141575.0
2026-08-04,2026-08-04 14:25:00,25.515,25.515,25.48,25.488,175253.0
2026-08-04,2026-08-04 14:30:00,25.485,25.495,25.44,25.44,122258.0
2026-08-04,2026-08-04 14:35:00,25.44,25.4579,25.42,25.4332,121224.0
2026-08-04,2026-08-04 14:40:00,25.435,25.48,25.41,25.465,153279.0
2026-08-04,2026-08-04 14:45:00,25.465,25.61,25.465,25.53,523223.0
2026-08-04,2026-08-04 14:50:00,25.5201,25.61,25.51,25.58,79151.0
2026-08-04,2026-08-04 14:55:00,25.58,25.6099,25.57,25.58,103911.0
2026-08-04,2026-08-04 15:00:00,25.58,25.605,25.55,25.6,213457.0
2026-08-04,2026-08-04 15:05:00,25.605,25.67,25.6001,25.655,202715.0
2026-08-04,2026-08-04 15:10:00,25.6505,25.6598,25.565,25.565,183896.0
2026-08-04,2026-08-04 15:15:00,25.565,25.61,25.53,25.605,183344.0
2026-08-04,2026-08-04 15:20:00,25.605,25.645,25.525,25.555,288608.0
2026-08-04,2026-08-04 15:25:00,25.555,25.605,25.515,25.595,198847.0
2026-08-04,2026-08-04 15:30:00,25.595,25.685,25.59,25.685,293579.0
2026-08-04,2026-08-04 15:35:00,25.685,25.705,25.665,25.675,208983.0
2026-08-04,2026-08-04 15:40:00,25.675,25.705,25.64,25.675,239800.0
2026-08-04,2026-08-04 15:45:00,25.67,25.725,25.635,25.695,393104.0
2026-08-04,2026-08-04 15:50:00,25.695,25.71,25.57,25.575,493668.0
2026-08-04,2026-08-04 15:55:00,25.575,25.585,25.5,25.585,553787.0
2026-08-04,2026-08-04 16:00:00,25.585,25.645,25.525,25.58,3387182.0
2026-08-05,2026-08-05 09:35:00,23.98,24.205,23.5,24.205,141546.0
2026-08-05,2026-08-05 09:40:00,24.25,24.95,23.97,24.69,2122394.0
2026-08-05,2026-08-05 09:45:00,24.66,25.06,24.4401,24.6,771979.0
2026-08-05,2026-08-05 09:50:00,24.6,24.885,24.52,24.58,495965.0
2026-08-05,2026-08-05 09:55:00,24.575,24.76,24.4601,24.56,580698.0
2026-08-05,2026-08-05 10:00:00,24.56,24.74,24.43,24.68,453059.0
2026-08-05,2026-08-05 10:05:00,24.68,24.82,24.43,24.455,281317.0
2026-08-05,2026-08-05 10:10:00,24.45,24.64,24.45,24.61,330230.0
2026-08-05,2026-08-05 10:15:00,24.61,24.746,24.57,24.63,341023.0
2026-08-05,2026-08-05 10:20:00,24.61,24.645,24.42,24.45,376730.0
2026-08-05,2026-08-05 10:25:00,24.44,24.5,24.34,24.392,363041.0
2026-08-05,2026-08-05 10:30:00,24.395,24.59,24.39,24.525,417077.0
2026-08-05,2026-08-05 10:35:00,24.51,24.655,24.47,24.515,239295.0
2026-08-05,2026-08-05 10:40:00,24.515,24.59,24.465,24.565,305936.0
2026-08-05,2026-08-05 10:45:00,24.57,24.595,24.4501,24.575,206475.0
2026-08-05,2026-08-05 10:50:00,24.58,24.68,24.475,24.535,346793.0
2026-08-05,2026-08-05 10:55:00,24.535,24.545,24.4,24.445,205195.0
2026-08-05,2026-08-05 11:00:00,24.445,24.49,24.32,24.38,230842.0
2026-08-05,2026-08-05 11:05:00,24.38,24.49,24.34,24.475,182587.0
2026-08-05,2026-08-05 11:10:00,24.47,24.5,24.38,24.5,196686.0
2026-08-05,2026-08-05 11:15:00,24.51,24.55,24.365,24.38,163002.0
2026-08-05,2026-08-05 11:20:00,24.38,24.43,24.19,24.19,173409.0
2026-08-05,2026-08-05 11:25:00,24.2,24.225,24.15,24.155,180598.0
2026-08-05,2026-08-05 11:30:00,24.15,24.235,24.055,24.08,194083.0
2026-08-05,2026-08-05 11:35:00,24.075,24.095,23.935,23.965,384143.0
2026-08-05,2026-08-05 11:40:00,23.965,24.0395,23.655,23.6599,1494167.0
2026-08-05,2026-08-05 11:45:00,23.655,23.71,23.585,23.62,332667.0
2026-08-05,2026-08-05 11:50:00,23.625,23.63,23.55,23.555,175328.0
2026-08-05,2026-08-05 11:55:00,23.54,23.61,23.475,23.475,218995.0
2026-08-05,2026-08-05 12:00:00,23.475,23.57,23.475,23.495,132993.0
2026-08-05,2026-08-05 12:05:00,23.5,23.525,23.4,23.465,152067.0
2026-08-05,2026-08-05 12:10:00,23.46,23.54,23.42,23.43,126874.0
2026-08-05,2026-08-05 12:15:00,23.425,23.44,23.19,23.2,244120.0
2026-08-05,2026-08-05 12:20:00,23.2,23.27,23.155,23.27,170678.0
2026-08-05,2026-08-05 12:25:00,23.26,23.375,23.26,23.345,154709.0
2026-08-05,2026-08-05 12:30:00,23.345,23.42,23.325,23.3501,167469.0
2026-08-05,2026-08-05 12:35:00,23.355,23.41,23.335,23.395,129388.0
2026-08-05,2026-08-05 12:40:00,23.395,23.4,23.25,23.28,125038.0
2026-08-05,2026-08-05 12:45:00,23.275,23.33,23.26,23.3,69197.0
2026-08-05,2026-08-05 12:50:00,23.295,23.3557,23.2701,23.355,69463.0
2026-08-05,2026-08-05 12:55:00,23.35,23.35,23.315,23.335,67942.0
2026-08-05,2026-08-05 13:00:00,23.33,23.43,23.29,23.32,319993.0
2026-08-05,2026-08-05 13:05:00,23.32,23.365,23.25,23.28,64650.0
2026-08-05,2026-08-05 13:10:00,23.28,23.34,23.28,23.335,55221.0
2026-08-05,2026-08-05 13:15:00,23.33,23.42,23.3203,23.4183,94715.0
2026-08-05,2026-08-05 13:20:00,23.42,23.42,23.3212,23.3482,75839.0
2026-08-05,2026-08-05 13:25:00,23.345,23.365,23.295,23.34,88022.0
2026-08-05,2026-08-05 13:30:00,23.35,23.44,23.345,23.435,112839.0
2026-08-05,2026-08-05 13:35:00,23.44,23.46,23.3599,23.385,85487.0
2026-08-05,2026-08-05 13:40:00,23.38,23.4,23.335,23.34,79225.0
2026-08-05,2026-08-05 13:45:00,23.35,23.39,23.2901,23.39,75996.0
2026-08-05,2026-08-05 13:50:00,23.385,23.43,23.35,23.385,86588.0
2026-08-05,2026-08-05 13:55:00,23.385,23.47,23.37,23.415,87922.0
2026-08-05,2026-08-05 14:00:00,23.41,23.455,23.3599,23.3599,85176.0
2026-08-05,2026-08-05 14:05:00,23.36,23.37,23.315,23.335,96193.0
2026-08-05,2026-08-05 14:10:00,23.335,23.42,23.335,23.35,98797.0
2026-08-05,2026-08-05 14:15:00,23.355,23.38,23.35,23.355,125572.0
2026-08-05,2026-08-05 14:20:00,23.36,23.4,23.325,23.355,174517.0
2026-08-05,2026-08-05 14:25:00,23.36,23.395,23.325,23.37,108093.0
2026-08-05,2026-08-05 14:30:00,23.37,23.45,23.37,23.415,115176.0
2026-08-05,2026-08-05 14:35:00,23.4173,23.52,23.395,23.505,146505.0
2026-08-05,2026-08-05 14:40:00,23.52,23.55,23.45,23.485,154046.0
2026-08-05,2026-08-05 14:45:00,23.48,23.515,23.44,23.505,107864.0
2026-08-05,2026-08-05 14:50:00,23.505,23.56,23.495,23.535,95898.0
2026-08-05,2026-08-05 14:55:00,23.535,23.535,23.47,23.485,109717.0
2026-08-05,2026-08-05 15:00:00,23.48,23.49,23.42,23.47,125406.0
2026-08-05,2026-08-05 15:05:00,23.47,23.565,23.445,23.565,177229.0
2026-08-05,2026-08-05 15:10:00,23.565,23.585,23.5,23.5095,106702.0
2026-08-05,2026-08-05 15:15:00,23.505,23.52,23.48,23.485,92480.0
2026-08-05,2026-08-05 15:20:00,23.48,23.495,23.36,23.37,159422.0
2026-08-05,2026-08-05 15:25:00,23.365,23.415,23.355,23.36,166578.0
2026-08-05,2026-08-05 15:30:00,23.36,23.425,23.33,23.395,253410.0
2026-08-05,2026-08-05 15:35:00,23.395,23.41,23.345,23.365,204387.0
2026-08-05,2026-08-05 15:40:00,23.3699,23.3699,23.225,23.245,351893.0
2026-08-05,2026-08-05 15:45:00,23.24,23.425,23.22,23.305,471349.0
2026-08-05,2026-08-05 15:50:00,23.3,23.44,23.28,23.365,332306.0
2026-08-05,2026-08-05 15:55:00,23.37,23.46,23.335,23.395,528695.0
2026-08-05,2026-08-05 16:00:00,23.395,23.47,23.265,23.36,3102713.0
2026-08-06,2026-08-06 09:35:00,23.22,23.5,23.02,23.395,360264.0
2026-08-06,2026-08-06 09:40:00,23.4,23.75,23.365,23.6901,259805.0
2026-08-06,2026-08-06 09:45:00,23.69,23.77,23.51,23.56,425574.0
2026-08-06,2026-08-06 09:50:00,23.56,23.59,23.51,23.52,279041.0
2026-08-06,2026-08-06 09:55:00,23.52,23.635,23.5,23.565,208348.0
2026-08-06,2026-08-06 10:00:00,23.56,23.6,23.395,23.46,168474.0
2026-08-06,2026-08-06 10:05:00,23.45,23.51,23.405,23.405,71964.0
2026-08-06,2026-08-06 10:10:00,23.405,23.46,23.355,23.435,123326.0
2026-08-06,2026-08-06 10:15:00,23.44,23.65,23.44,23.62,188172.0
2026-08-06,2026-08-06 10:20:00,23.61,23.69,23.6,23.68,91853.0
2026-08-06,2026-08-06 10:25:00,23.69,23.705,23.595,23.6,168858.0
2026-08-06,2026-08-06 10:30:00,23.6,23.6023,23.45,23.465,106493.0
2026-08-06,2026-08-06 10:35:00,23.465,23.49,23.355,23.355,85113.0
2026-08-06,2026-08-06 10:40:00,23.36,23.42,23.3275,23.4175,85009.0
2026-08-06,2026-08-06 10:45:00,23.425,23.51,23.4103,23.465,71570.0
2026-08-06,2026-08-06 10:50:00,23.46,23.485,23.365,23.45,87693.0
2026-08-06,2026-08-06 10:55:00,23.44,23.48,23.335,23.345,234364.0
2026-08-06,2026-08-06 11:00:00,23.34,23.505,23.33,23.465,126173.0
2026-08-06,2026-08-06 11:05:00,23.46,23.485,23.42,23.435,72759.0
2026-08-06,2026-08-06 11:10:00,23.435,23.46,23.39,23.42,86684.0
2026-08-06,2026-08-06 11:15:00,23.42,23.425,23.335,23.335,52250.0
2026-08-06,2026-08-06 11:20:00,23.33,23.34,23.23,23.255,100285.0
2026-08-06,2026-08-06 11:25:00,23.25,23.28,23.24,23.265,98163.0
2026-08-06,2026-08-06 11:30:00,23.265,23.265,23.19,23.215,136938.0
2026-08-06,2026-08-06 11:35:00,23.2199,23.25,23.205,23.235,97406.0
2026-08-06,2026-08-06 11:40:00,23.235,23.295,23.21,23.285,117671.0
2026-08-06,2026-08-06 11:45:00,23.285,23.295,23.24,23.265,52995.0
2026-08-06,2026-08-06 11:50:00,23.27,23.3,23.25,23.29,61955.0
2026-08-06,2026-08-06 11:55:00,23.28,23.305,23.255,23.285,118228.0
2026-08-06,2026-08-06 12:00:00,23.285,23.345,23.24,23.3,140482.0
2026-08-06,2026-08-06 12:05:00,23.29,23.32,23.26,23.32,52787.0
2026-08-06,2026-08-06 12:10:00,23.33,23.355,23.21,23.23,93696.0
2026-08-06,2026-08-06 12:15:00,23.23,23.275,23.23,23.27,80907.0
2026-08-06,2026-08-06 12:20:00,23.26,23.265,23.225,23.225,52642.0
2026-08-06,2026-08-06 12:25:00,23.22,23.25,23.19,23.235,118615.0
2026-08-06,2026-08-06 12:30:00,23.23,23.24,23.185,23.2,95988.0
2026-08-06,2026-08-06 12:35:00,23.2,23.215,23.18,23.188,59643.0
2026-08-06,2026-08-06 12:40:00,23.18,23.2,23.12,23.145,74128.0
2026-08-06,2026-08-06 12:45:00,23.145,23.175,23.085,23.095,121379.0
2026-08-06,2026-08-06 12:50:00,23.095,23.16,23.09,23.125,66239.0
2026-08-06,2026-08-06 12:55:00,23.12,23.14,23.1,23.135,55491.0
2026-08-06,2026-08-06 13:00:00,23.135,23.1451,23.105,23.125,51149.0
2026-08-06,2026-08-06 13:05:00,23.12,23.15,23.115,23.145,101003.0
2026-08-06,2026-08-06 13:10:00,23.15,23.165,23.12,23.135,61260.0
2026-08-06,2026-08-06 13:15:00,23.14,23.165,23.115,23.165,50862.0
2026-08-06,2026-08-06 13:20:00,23.165,23.18,23.15,23.155,45223.0
2026-08-06,2026-08-06 13:25:00,23.155,23.25,23.15,23.205,155191.0
2026-08-06,2026-08-06 13:30:00,23.205,23.295,23.195,23.29,240298.0
2026-08-06,2026-08-06 13:35:00,23.285,23.295,23.255,23.285,83679.0
2026-08-06,2026-08-06 13:40:00,23.285,23.42,23.28,23.385,208110.0
2026-08-06,2026-08-06 13:45:00,23.38,23.42,23.37,23.42,132157.0
2026-08-06,2026-08-06 13:50:00,23.415,23.45,23.375,23.39,119788.0
2026-08-06,2026-08-06 13:55:00,23.38,23.405,23.355,23.37,74214.0
2026-08-06,2026-08-06 14:00:00,23.37,23.39,23.32,23.345,142966.0
2026-08-06,2026-08-06 14:05:00,23.34,23.42,23.34,23.42,168819.0
2026-08-06,2026-08-06 14:10:00,23.42,23.42,23.355,23.38,81127.0
2026-08-06,2026-08-06 14:15:00,23.385,23.39,23.355,23.375,89453.0
2026-08-06,2026-08-06 14:20:00,23.375,23.5,23.355,23.4575,365968.0
2026-08-06,2026-08-06 14:25:00,23.45,23.57,23.445,23.525,609949.0
2026-08-06,2026-08-06 14:30:00,23.525,23.525,23.41,23.415,119215.0
2026-08-06,2026-08-06 14:35:00,23.415,23.48,23.41,23.47,64784.0
2026-08-06,2026-08-06 14:40:00,23.46,23.475,23.4301,23.435,73452.0
2026-08-06,2026-08-06 14:45:00,23.43,23.435,23.39,23.3901,70788.0
2026-08-06,2026-08-06 14:50:00,23.395,23.425,23.3901,23.415,75538.0
2026-08-06,2026-08-06 14:55:00,23.415,23.435,23.345,23.355,101301.0
2026-08-06,2026-08-06 15:00:00,23.35,23.355,23.31,23.345,116509.0
2026-08-06,2026-08-06 15:05:00,23.345,23.395,23.325,23.325,112578.0
2026-08-06,2026-08-06 15:10:00,23.32,23.375,23.3,23.35,187621.0
2026-08-06,2026-08-06 15:15:00,23.34,23.37,23.34,23.355,70689.0
2026-08-06,2026-08-06 15:20:00,23.35,23.37,23.32,23.355,263431.0
2026-08-06,2026-08-06 15:25:00,23.355,23.37,23.32,23.34,112252.0
2026-08-06,2026-08-06 15:30:00,23.345,23.3475,23.27,23.27,943566.0
2026-08-06,2026-08-06 15:35:00,23.275,23.345,23.265,23.2975,120211.0
2026-08-06,2026-08-06 15:40:00,23.29,23.398,23.285,23.375,239926.0
2026-08-06,2026-08-06 15:45:00,23.37,23.425,23.355,23.36,268736.0
2026-08-06,2026-08-06 15:50:00,23.365,23.365,23.31,23.345,343708.0
2026-08-06,2026-08-06 15:55:00,23.34,23.375,23.295,23.305,586089.0
2026-08-06,2026-08-06 16:00:00,23.305,23.36,23.24,23.33,2697509.0
2026-08-07,2026-08-07 09:35:00,23.33,23.67,23.22,23.58,233771.0
2026-08-07,2026-08-07 09:40:00,23.6,23.77,23.59,23.77,153358.0
2026-08-07,2026-08-07 09:45:00,23.77,23.77,23.465,23.49,108523.0
2026-08-07,2026-08-07 09:50:00,23.48,23.51,23.405,23.415,98715.0
2026-08-07,2026-08-07 09:55:00,23.42,23.455,23.33,23.395,87846.0
2026-08-07,2026-08-07 10:00:00,23.385,23.545,23.385,23.475,230199.0
2026-08-07,2026-08-07 10:05:00,23.48,23.51,23.425,23.46,217305.0
2026-08-07,2026-08-07 10:10:00,23.45,23.56,23.45,23.535,69872.0
2026-08-07,2026-08-07 10:15:00,23.535,23.59,23.53,23.58,79758.0
2026-08-07,2026-08-07 10:20:00,23.57,23.67,23.565,23.665,71698.0
2026-08-07,2026-08-07 10:25:00,23.66,23.79,23.65,23.77,147817.0
2026-08-07,2026-08-07 10:30:00,23.76,23.785,23.71,23.74,64644.0
2026-08-07,2026-08-07 10:35:00,23.745,23.8,23.745,23.795,133784.0
2026-08-07,2026-08-07 10:40:00,23.795,23.8,23.745,23.755,144332.0
2026-08-07,2026-08-07 10:45:00,23.76,23.795,23.755,23.76,61632.0
2026-08-07,2026-08-07 10:50:00,23.755,23.795,23.695,23.7,75476.0
2026-08-07,2026-08-07 10:55:00,23.71,23.76,23.695,23.735,68300.0
2026-08-07,2026-08-07 11:00:00,23.735,23.745,23.705,23.725,41839.0
2026-08-07,2026-08-07 11:05:00,23.725,23.735,23.66,23.66,58641.0
2026-08-07,2026-08-07 11:10:00,23.66,23.665,23.54,23.56,64822.0
2026-08-07,2026-08-07 11:15:00,23.57,23.585,23.555,23.56,35150.0
2026-08-07,2026-08-07 11:20:00,23.56,23.61,23.555,23.585,44562.0
2026-08-07,2026-08-07 11:25:00,23.59,23.615,23.525,23.555,55001.0
2026-08-07,2026-08-07 11:30:00,23.555,23.56,23.515,23.52,36342.0
2026-08-07,2026-08-07 11:35:00,23.515,23.535,23.48,23.48,44708.0
2026-08-07,2026-08-07 11:40:00,23.485,23.615,23.48,23.6,347586.0
2026-08-07,2026-08-07 11:45:00,23.6,23.655,23.595,23.635,42539.0
2026-08-07,2026-08-07 11:50:00,23.635,23.635,23.525,23.525,36811.0
2026-08-07,2026-08-07 11:55:00,23.525,23.56,23.525,23.545,30542.0
2026-08-07,2026-08-07 12:00:00,23.54,23.57,23.445,23.445,53936.0
2026-08-07,2026-08-07 12:05:00,23.445,23.455,23.355,23.355,69510.0
2026-08-07,2026-08-07 12:10:00,23.355,23.4151,23.355,23.41,53013.0
2026-08-07,2026-08-07 12:15:00,23.405,23.405,23.32,23.345,44022.0
2026-08-07,2026-08-07 12:20:00,23.34,23.36,23.315,23.335,46073.0
2026-08-07,2026-08-07 12:25:00,23.34,23.35,23.33,23.345,28489.0
2026-08-07,2026-08-07 12:30:00,23.34,23.345,23.3,23.335,38887.0
2026-08-07,2026-08-07 12:35:00,23.33,23.335,23.28,23.315,47892.0
2026-08-07,2026-08-07 12:40:00,23.32,23.36,23.3,23.355,31726.0
2026-08-07,2026-08-07 12:45:00,23.35,23.35,23.31,23.345,46670.0
2026-08-07,2026-08-07 12:50:00,23.35,23.36,23.345,23.35,27453.0
2026-08-07,2026-08-07 12:55:00,23.345,23.355,23.3,23.335,61338.0
2026-08-07,2026-08-07 13:00:00,23.335,23.36,23.335,23.345,39889.0
2026-08-07,2026-08-07 13:05:00,23.34,23.34,23.305,23.31,25040.0
2026-08-07,2026-08-07 13:10:00,23.3,23.33,23.295,23.315,43732.0
2026-08-07,2026-08-07 13:15:00,23.31,23.37,23.305,23.335,99461.0
2026-08-07,2026-08-07 13:20:00,23.335,23.345,23.315,23.335,45061.0
2026-08-07,2026-08-07 13:25:00,23.335,23.34,23.3,23.325,87595.0
2026-08-07,2026-08-07 13:30:00,23.325,23.325,23.295,23.3,54305.0
2026-08-07,2026-08-07 13:35:00,23.3,23.31,23.2801,23.305,51815.0
2026-08-07,2026-08-07 13:40:00,23.31,23.3251,23.3,23.31,39950.0
2026-08-07,2026-08-07 13:45:00,23.31,23.315,23.29,23.295,52877.0
2026-08-07,2026-08-07 13:50:00,23.295,23.375,23.28,23.345,170125.0
2026-08-07,2026-08-07 13:55:00,23.345,23.415,23.325,23.415,193011.0
2026-08-07,2026-08-07 14:00:00,23.415,23.43,23.39,23.39,94967.0
2026-08-07,2026-08-07 14:05:00,23.385,23.425,23.375,23.41,95209.0
2026-08-07,2026-08-07 14:10:00,23.405,23.49,23.395,23.41,237677.0
2026-08-07,2026-08-07 14:15:00,23.41,23.465,23.41,23.445,72845.0
2026-08-07,2026-08-07 14:20:00,23.44,23.5,23.43,23.485,200452.0
2026-08-07,2026-08-07 14:25:00,23.485,23.49,23.455,23.475,33698.0
2026-08-07,2026-08-07 14:30:00,23.48,23.48,23.395,23.45,157611.0
2026-08-07,2026-08-07 14:35:00,23.445,23.47,23.385,23.405,81079.0
2026-08-07,2026-08-07 14:40:00,23.4,23.425,23.39,23.395,60317.0
2026-08-07,2026-08-07 14:45:00,23.39,23.435,23.38,23.415,61315.0
2026-08-07,2026-08-07 14:50:00,23.42,23.42,23.375,23.385,65063.0
2026-08-07,2026-08-07 14:55:00,23.38,23.425,23.375,23.425,137142.0
2026-08-07,2026-08-07 15:00:00,23.43,23.495,23.425,23.495,146975.0
2026-08-07,2026-08-07 15:05:00,23.5,23.505,23.465,23.5,232684.0
2026-08-07,2026-08-07 15:10:00,23.49,23.525,23.445,23.525,163385.0
2026-08-07,2026-08-07 15:15:00,23.525,23.625,23.52,23.565,188436.0
2026-08-07,2026-08-07 15:20:00,23.57,23.575,23.48,23.51,148923.0
2026-08-07,2026-08-07 15:25:00,23.515,23.565,23.515,23.555,159557.0
2026-08-07,2026-08-07 15:30:00,23.55,23.61,23.55,23.61,137643.0
2026-08-07,2026-08-07 15:35:00,23.615,23.73,23.6101,23.72,196404.0
2026-08-07,2026-08-07 15:40:00,23.72,23.79,23.69,23.785,150609.0
2026-08-07,2026-08-07 15:45:00,23.79,23.795,23.735,23.765,175135.0
2026-08-07,2026-08-07 15:50:00,23.765,23.775,23.665,23.685,308749.0
2026-08-07,2026-08-07 15:55:00,23.68,23.725,23.64,23.645,381907.0
2026-08-07,2026-08-07 16:00:00,23.645,23.79,23.625,23.68,2845867.0
2026-08-10,2026-08-10 09:35:00,23.58,23.98,23.58,23.94,235477.0
2026-08-10,2026-08-10 09:40:00,23.93,24.14,23.89,24.07,314656.0
2026-08-10,2026-08-10 09:45:00,24.08,24.115,23.99,24.08,76101.0
2026-08-10,2026-08-10 09:50:00,24.08,24.105,23.97,23.99,60168.0
2026-08-10,2026-08-10 09:55:00,23.99,24.115,23.98,24.11,64141.0
2026-08-10,2026-08-10 10:00:00,24.1002,24.22,24.07,24.17,184068.0
2026-08-10,2026-08-10 10:05:00,24.17,24.2,24.035,24.035,215839.0
2026-08-10,2026-08-10 10:10:00,24.04,24.085,23.93,23.965,179156.0
2026-08-10,2026-08-10 10:15:00,23.97,23.97,23.85,23.9305,168570.0
2026-08-10,2026-08-10 10:20:00,23.935,23.95,23.84,23.915,151678.0
2026-08-10,2026-08-10 10:25:00,23.915,24.018,23.91,24.005,160329.0
2026-08-10,2026-08-10 10:30:00,24.01,24.06,23.99,24.055,54322.0
2026-08-10,2026-08-10 10:35:00,24.055,24.135,24.05,24.135,178510.0
2026-08-10,2026-08-10 10:40:00,24.135,24.19,24.08,24.175,115339.0
2026-08-10,2026-08-10 10:45:00,24.1799,24.225,24.1501,24.22,124099.0
2026-08-10,2026-08-10 10:50:00,24.22,24.3699,24.22,24.285,204822.0
2026-08-10,2026-08-10 10:55:00,24.28,24.295,24.201,24.245,144527.0
2026-08-10,2026-08-10 11:00:00,24.25,24.27,24.2,24.2,116509.0
2026-08-10,2026-08-10 11:05:00,24.205,24.275,24.2,24.27,114762.0
2026-08-10,2026-08-10 11:10:00,24.275,24.3,24.255,24.275,111403.0
2026-08-10,2026-08-10 11:15:00,24.27,24.295,24.25,24.265,68327.0
2026-08-10,2026-08-10 11:20:00,24.27,24.27,24.215,24.22,50799.0
2026-08-10,2026-08-10 11:25:00,24.22,24.23,24.17,24.175,43368.0
2026-08-10,2026-08-10 11:30:00,24.17,24.19,24.125,24.145,60873.0
2026-08-10,2026-08-10 11:35:00,24.145,24.155,24.1,24.105,65033.0
2026-08-10,2026-08-10 11:40:00,24.105,24.165,24.105,24.14,54016.0
2026-08-10,2026-08-10 11:45:00,24.145,24.145,24.105,24.125,71551.0
2026-08-10,2026-08-10 11:50:00,24.125,24.135,24.095,24.105,40390.0
2026-08-10,2026-08-10 11:55:00,24.11,24.15,24.11,24.145,63559.0
2026-08-10,2026-08-10 12:00:00,24.145,24.18,24.115,24.165,39946.0
2026-08-10,2026-08-10 12:05:00,24.16,24.175,24.125,24.1699,65509.0
2026-08-10,2026-08-10 12:10:00,24.165,24.195,24.155,24.17,136636.0
2026-08-10,2026-08-10 12:15:00,24.17,24.19,24.165,24.18,79954.0
2026-08-10,2026-08-10 12:20:00,24.18,24.19,24.13,24.13,99125.0
2026-08-10,2026-08-10 12:25:00,24.12,24.155,24.09,24.13,76545.0
2026-08-10,2026-08-10 12:30:00,24.125,24.165,24.125,24.145,88061.0
2026-08-10,2026-08-10 12:35:00,24.14,24.16,24.055,24.12,72054.0
2026-08-10,2026-08-10 12:40:00,24.115,24.125,24.085,24.105,46021.0
2026-08-10,2026-08-10 12:45:00,24.105,24.125,24.08,24.08,62248.0
2026-08-10,2026-08-10 12:50:00,24.08,24.085,24.06,24.07,47820.0
2026-08-10,2026-08-10 12:55:00,24.07,24.125,24.065,24.125,50200.0
2026-08-10,2026-08-10 13:00:00,24.125,24.145,24.115,24.14,45278.0
2026-08-10,2026-08-10 13:05:00,24.14,24.185,24.135,24.185,149043.0
2026-08-10,2026-08-10 13:10:00,24.185,24.19,24.155,24.185,44398.0
2026-08-10,2026-08-10 13:15:00,24.19,24.21,24.1747,24.195,50370.0
2026-08-10,2026-08-10 13:20:00,24.195,24.21,24.185,24.205,47554.0
2026-08-10,2026-08-10 13:25:00,24.21,24.215,24.19,24.19,61959.0
2026-08-10,2026-08-10 13:30:00,24.195,24.215,24.16,24.21,71138.0
2026-08-10,2026-08-10 13:35:00,24.21,24.265,24.205,24.2263,179796.0
2026-08-10,2026-08-10 13:40:00,24.225,24.235,24.2101,24.23,41518.0
2026-08-10,2026-08-10 13:45:00,24.225,24.225,24.175,24.175,47041.0
2026-08-10,2026-08-10 13:50:00,24.175,24.215,24.15,24.17,137169.0
2026-08-10,2026-08-10 13:55:00,24.165,24.165,24.14,24.145,30577.0
2026-08-10,2026-08-10 14:00:00,24.145,24.155,24.135,24.135,31549.0
2026-08-10,2026-08-10 14:05:00,24.135,24.145,24.105,24.125,38546.0
2026-08-10,2026-08-10 14:10:00,24.125,24.165,24.11,24.145,74317.0
2026-08-10,2026-08-10 14:15:00,24.145,24.15,24.12,24.145,35303.0
2026-08-10,2026-08-10 14:20:00,24.1401,24.15,24.115,24.115,38511.0
2026-08-10,2026-08-10 14:25:00,24.11,24.13,24.11,24.125,44658.0
2026-08-10,2026-08-10 14:30:00,24.125,24.135,24.1,24.125,51757.0
2026-08-10,2026-08-10 14:35:00,24.12,24.15,24.105,24.135,60274.0
2026-08-10,2026-08-10 14:40:00,24.135,24.15,24.13,24.145,41706.0
2026-08-10,2026-08-10 14:45:00,24.145,24.16,24.14,24.16,56243.0
2026-08-10,2026-08-10 14:50:00,24.165,24.165,24.12,24.135,40646.0
2026-08-10,2026-08-10 14:55:00,24.13,24.145,24.12,24.125,54491.0
2026-08-10,2026-08-10 15:00:00,24.13,24.135,24.115,24.12,61862.0
2026-08-10,2026-08-10 15:05:00,24.1105,24.125,24.1,24.105,63980.0
2026-08-10,2026-08-10 15:10:00,24.105,24.1499,24.0823,24.145,86770.0
2026-08-10,2026-08-10 15:15:00,24.14,24.15,24.13,24.145,55387.0
2026-08-10,2026-08-10 15:20:00,24.145,24.145,24.105,24.115,86553.0
2026-08-10,2026-08-10 15:25:00,24.11,24.11,24.06,24.065,94600.0
2026-08-10,2026-08-10 15:30:00,24.065,24.07,24.01,24.05,121923.0
2026-08-10,2026-08-10 15:35:00,24.045,24.125,24.04,24.125,117205.0
2026-08-10,2026-08-10 15:40:00,24.12,24.14,24.1,24.125,138621.0
2026-08-10,2026-08-10 15:45:00,24.125,24.15,24.115,24.145,101218.0
2026-08-10,2026-08-10 15:50:00,24.145,24.17,24.115,24.155,213360.0
2026-08-10,2026-08-10 15:55:00,24.15,24.15,24.075,24.085,285593.0
2026-08-10,2026-08-10 16:00:00,24.085,24.37,24.085,24.37,3516014.0
2026-08-11,2026-08-11 09:35:00,24.13,24.16,23.8374,23.95,204456.0
2026-08-11,2026-08-11 09:40:00,23.955,23.985,23.7701,23.83,77181.0
2026-08-11,2026-08-11 09:45:00,23.825,23.85,23.6835,23.8,99934.0
2026-08-11,2026-08-11 09:50:00,23.79,23.835,23.69,23.79,188160.0
2026-08-11,2026-08-11 09:55:00,23.78,23.91,23.73,23.865,79181.0
2026-08-11,2026-08-11 10:00:00,23.86,24.03,23.85,24.03,64063.0
2026-08-11,2026-08-11 10:05:00,24.02,24.095,23.97,24.08,136032.0
2026-08-11,2026-08-11 10:10:00,24.08,24.1,24.035,24.0934,88136.0
2026-08-11,2026-08-11 10:15:00,24.1,24.135,24.065,24.1,80428.0
2026-08-11,2026-08-11 10:20:00,24.1,24.14,24.06,24.115,58105.0
2026-08-11,2026-08-11 10:25:00,24.11,24.115,24.005,24.01,46714.0
2026-08-11,2026-08-11 10:30:00,24.0,24.055,23.985,24.045,45977.0
2026-08-11,2026-08-11 10:35:00,24.045,24.085,24.04,24.07,44363.0
2026-08-11,2026-08-11 10:40:00,24.075,24.16,24.065,24.15,43733.0
2026-08-11,2026-08-11 10:45:00,24.16,24.195,24.14,24.18,36835.0
2026-08-11,2026-08-11 10:50:00,24.18,24.215,24.17,24.2,40968.0
2026-08-11,2026-08-11 10:55:00,24.195,24.23,24.175,24.19,41281.0
2026-08-11,2026-08-11 11:00:00,24.19,24.2,24.14,24.175,58364.0
2026-08-11,2026-08-11 11:05:00,24.175,24.1899,24.11,24.12,40736.0
2026-08-11,2026-08-11 11:10:00,24.125,24.145,24.115,24.125,35534.0
2026-08-11,2026-08-11 11:15:00,24.12,24.12,24.06,24.085,34355.0
2026-08-11,2026-08-11 11:20:00,24.085,24.13,24.085,24.125,30383.0
2026-08-11,2026-08-11 11:25:00,24.13,24.18,24.125,24.155,70851.0
2026-08-11,2026-08-11 11:30:00,24.15,24.16,24.04,24.04,88409.0
2026-08-11,2026-08-11 11:35:00,24.05,24.05,23.96,23.965,30887.0
2026-08-11,2026-08-11 11:40:00,23.965,23.965,23.87,23.87,41103.0
2026-08-11,2026-08-11 11:45:00,23.875,23.875,23.825,23.83,25884.0
2026-08-11,2026-08-11 11:50:00,23.83,23.845,23.79,23.79,31778.0
2026-08-11,2026-08-11 11:55:00,23.795,23.795,23.74,23.765,29351.0
2026-08-11,2026-08-11 12:00:00,23.76,23.765,23.745,23.76,21763.0
2026-08-11,2026-08-11 12:05:00,23.765,23.84,23.765,23.84,52196.0
2026-08-11,2026-08-11 12:10:00,23.84,23.925,23.835,23.9248,30993.0
2026-08-11,2026-08-11 12:15:00,23.925,23.925,23.87,23.88,42890.0
2026-08-11,2026-08-11 12:20:00,23.87,23.88,23.805,23.81,30908.0
2026-08-11,2026-08-11 12:25:00,23.82,23.82,23.785,23.795,28591.0
2026-08-11,2026-08-11 12:30:00,23.79,23.92,23.765,23.905,196889.0
2026-08-11,2026-08-11 12:35:00,23.905,23.915,23.87,23.89,106547.0
2026-08-11,2026-08-11 12:40:00,23.89,23.92,23.81,23.81,52142.0
2026-08-11,2026-08-11 12:45:00,23.8,23.82,23.78,23.79,27100.0
2026-08-11,2026-08-11 12:50:00,23.795,23.795,23.765,23.765,27105.0
2026-08-11,2026-08-11 12:55:00,23.765,23.785,23.745,23.77,39980.0
2026-08-11,2026-08-11 13:00:00,23.765,23.79,23.755,23.785,29173.0
2026-08-11,2026-08-11 13:05:00,23.79,23.795,23.755,23.755,24301.0
2026-08-11,2026-08-11 13:10:00,23.75,23.75,23.73,23.74,60341.0
2026-08-11,2026-08-11 13:15:00,23.735,23.775,23.72,23.725,62857.0
2026-08-11,2026-08-11 13:20:00,23.72,23.725,23.685,23.695,24557.0
2026-08-11,2026-08-11 13:25:00,23.695,23.71,23.66,23.68,29035.0
2026-08-11,2026-08-11 13:30:00,23.685,23.7051,23.675,23.685,47448.0
2026-08-11,2026-08-11 13:35:00,23.69,23.775,23.685,23.775,54812.0
2026-08-11,2026-08-11 13:40:00,23.775,23.775,23.74,23.775,50016.0
2026-08-11,2026-08-11 13:45:00,23.78,23.825,23.775,23.825,18778.0
2026-08-11,2026-08-11 13:50:00,23.8275,23.8275,23.79,23.7999,27024.0
2026-08-11,2026-08-11 13:55:00,23.795,23.805,23.785,23.805,16425.0
2026-08-11,2026-08-11 14:00:00,23.805,23.8075,23.795,23.795,16362.0
2026-08-11,2026-08-11 14:05:00,23.795,23.795,23.75,23.785,68508.0
2026-08-11,2026-08-11 14:10:00,23.785,23.795,23.775,23.775,15346.0
2026-08-11,2026-08-11 14:15:00,23.775,23.79,23.77,23.79,29408.0
2026-08-11,2026-08-11 14:20:00,23.785,23.795,23.78,23.795,11820.0
2026-08-11,2026-08-11 14:25:00,23.795,23.815,23.78,23.815,46728.0
2026-08-11,2026-08-11 14:30:00,23.815,23.815,23.78,23.78,69300.0
2026-08-11,2026-08-11 14:35:00,23.775,23.785,23.765,23.765,24879.0
2026-08-11,2026-08-11 14:40:00,23.765,23.78,23.745,23.755,38355.0
2026-08-11,2026-08-11 14:45:00,23.755,23.76,23.7201,23.725,28704.0
2026-08-11,2026-08-11 14:50:00,23.725,23.745,23.715,23.72,35517.0
2026-08-11,2026-08-11 14:55:00,23.715,23.74,23.695,23.705,45043.0
2026-08-11,2026-08-11 15:00:00,23.71,23.72,23.685,23.69,29690.0
2026-08-11,2026-08-11 15:05:00,23.695,23.695,23.635,23.66,70336.0
2026-08-11,2026-08-11 15:10:00,23.665,23.675,23.615,23.635,130346.0
2026-08-11,2026-08-11 15:15:00,23.635,23.675,23.625,23.675,146879.0
2026-08-11,2026-08-11 15:20:00,23.675,23.69,23.655,23.685,74442.0
2026-08-11,2026-08-11 15:25:00,23.685,23.785,23.6814,23.785,92512.0
2026-08-11,2026-08-11 15:30:00,23.785,23.9,23.76,23.895,167043.0
2026-08-11,2026-08-11 15:35:00,23.895,23.915,23.86,23.915,178906.0
2026-08-11,2026-08-11 15:40:00,23.92,23.965,23.87,23.965,232603.0
2026-08-11,2026-08-11 15:45:00,23.97,23.98,23.925,23.945,156098.0
2026-08-11,2026-08-11 15:50:00,23.945,23.945,23.85,23.85,205316.0
2026-08-11,2026-08-11 15:55:00,23.85,23.88,23.77,23.815,322096.0
2026-08-11,2026-08-11 16:00:00,23.81,23.825,23.74,23.75,3900819.0
2026-08-12,2026-08-12 09:35:00,23.57,23.58,23.23,23.38,260982.0
2026-08-12,2026-08-12 09:40:00,23.37,23.4,23.215,23.27,130138.0
2026-08-12,2026-08-12 09:45:00,23.275,23.325,23.09,23.11,178508.0
2026-08-12,2026-08-12 09:50:00,23.125,23.1735,23.05,23.09,100130.0
2026-08-12,2026-08-12 09:55:00,23.09,23.09,22.9342,22.965,180432.0
2026-08-12,2026-08-12 10:00:00,22.97,23.0,22.92,22.96,171919.0
2026-08-12,2026-08-12 10:05:00,22.97,22.97,22.77,22.825,243387.0
2026-08-12,2026-08-12 10:10:00,22.82,22.99,22.81,22.945,452291.0
2026-08-12,2026-08-12 10:15:00,22.945,23.0,22.92,22.9996,292433.0
2026-08-12,2026-08-12 10:20:00,22.98,22.9999,22.925,22.94,89312.0
2026-08-12,2026-08-12 10:25:00,22.94,23.01,22.91,22.965,74206.0
2026-08-12,2026-08-12 10:30:00,22.96,22.98,22.925,22.935,54524.0
2026-08-12,2026-08-12 10:35:00,22.94,22.96,22.9,22.93,124189.0
2026-08-12,2026-08-12 10:40:00,22.92,22.94,22.885,22.885,49798.0
2026-08-12,2026-08-12 10:45:00,22.885,22.93,22.845,22.8899,471479.0
2026-08-12,2026-08-12 10:50:00,22.89,22.915,22.845,22.895,214699.0
2026-08-12,2026-08-12 10:55:00,22.89,22.956,22.88,22.95,78592.0
2026-08-12,2026-08-12 11:00:00,22.955,22.9599,22.9,22.925,63455.0
2026-08-12,2026-08-12 11:05:00,22.925,22.96,22.885,22.895,40597.0
2026-08-12,2026-08-12 11:10:00,22.895,22.91,22.85,22.88,79568.0
2026-08-12,2026-08-12 11:15:00,22.875,22.9199,22.875,22.9199,35961.0
2026-08-12,2026-08-12 11:20:00,22.91,22.935,22.905,22.92,43317.0
2026-08-12,2026-08-12 11:25:00,22.92,22.99,22.9199,22.985,89296.0
2026-08-12,2026-08-12 11:30:00,22.985,23.005,22.945,22.96,112863.0
2026-08-12,2026-08-12 11:35:00,22.955,22.955,22.8899,22.9,56976.0
2026-08-12,2026-08-12 11:40:00,22.895,22.92,22.89,22.92,24244.0
2026-08-12,2026-08-12 11:45:00,22.915,22.95,22.885,22.925,60786.0
2026-08-12,2026-08-12 11:50:00,22.92,22.9799,22.915,22.97,33269.0
2026-08-12,2026-08-12 11:55:00,22.975,22.98,22.93,22.945,29744.0
2026-08-12,2026-08-12 12:00:00,22.95,22.96,22.87,22.875,48644.0
2026-08-12,2026-08-12 12:05:00,22.8798,22.93,22.87,22.89,59862.0
2026-08-12,2026-08-12 12:10:00,22.895,22.9,22.855,22.895,34261.0
2026-08-12,2026-08-12 12:15:00,22.9,22.92,22.89,22.92,28342.0
2026-08-12,2026-08-12 12:20:00,22.91,22.915,22.895,22.895,33728.0
2026-08-12,2026-08-12 12:25:00,22.89,22.915,22.885,22.91,39551.0
2026-08-12,2026-08-12 12:30:00,22.905,22.905,22.875,22.895,32759.0
2026-08-12,2026-08-12 12:35:00,22.895,22.904,22.87,22.87,46742.0
2026-08-12,2026-08-12 12:40:00,22.88,22.91,22.865,22.91,32271.0
2026-08-12,2026-08-12 12:45:00,22.905,22.93,22.895,22.925,31564.0
2026-08-12,2026-08-12 12:50:00,22.92,22.99,22.92,22.975,65586.0
2026-08-12,2026-08-12 12:55:00,22.975,22.99,22.965,22.965,25151.0
2026-08-12,2026-08-12 13:00:00,22.96,22.965,22.94,22.945,29473.0
2026-08-12,2026-08-12 13:05:00,22.945,22.945,22.9,22.9,21728.0
2026-08-12,2026-08-12 13:10:00,22.9,22.97,22.89,22.97,47172.0
2026-08-12,2026-08-12 13:15:00,22.97,22.985,22.96,22.97,28570.0
2026-08-12,2026-08-12 13:20:00,22.975,22.975,22.915,22.945,60845.0
2026-08-12,2026-08-12 13:25:00,22.945,22.96,22.94,22.96,23013.0
2026-08-12,2026-08-12 13:30:00,22.96,22.965,22.915,22.915,32344.0
2026-08-12,2026-08-12 13:35:00,22.915,22.965,22.915,22.955,32901.0
2026-08-12,2026-08-12 13:40:00,22.955,22.965,22.94,22.955,30586.0
2026-08-12,2026-08-12 13:45:00,22.955,22.96,22.905,22.905,23148.0
2026-08-12,2026-08-12 13:50:00,22.905,22.92,22.885,22.8864,24876.0
2026-08-12,2026-08-12 13:55:00,22.885,22.89,22.85,22.855,34418.0
2026-08-12,2026-08-12 14:00:00,22.855,22.87,22.85,22.865,19603.0
2026-08-12,2026-08-12 14:05:00,22.87,22.8799,22.84,22.8799,36600.0
2026-08-12,2026-08-12 14:10:00,22.87,22.875,22.84,22.845,45520.0
2026-08-12,2026-08-12 14:15:00,22.845,22.87,22.81,22.825,150653.0
2026-08-12,2026-08-12 14:20:00,22.8251,22.885,22.8251,22.865,75208.0
2026-08-12,2026-08-12 14:25:00,22.87,22.89,22.855,22.885,42539.0
2026-08-12,2026-08-12 14:30:00,22.89,22.89,22.835,22.8671,59447.0
2026-08-12,2026-08-12 14:35:00,22.87,22.9,22.865,22.885,42812.0
2026-08-12,2026-08-12 14:40:00,22.88,22.93,22.88,22.93,84831.0
2026-08-12,2026-08-12 14:45:00,22.93,22.9351,22.92,22.925,17082.0
2026-08-12,2026-08-12 14:50:00,22.925,22.945,22.9,22.935,46441.0
2026-08-12,2026-08-12 14:55:00,22.935,22.935,22.88,22.89,40642.0
2026-08-12,2026-08-12 15:00:00,22.885,22.905,22.88,22.89,49476.0
2026-08-12,2026-08-12 15:05:00,22.895,22.945,22.89,22.945,63176.0
2026-08-12,2026-08-12 15:10:00,22.945,22.945,22.93,22.93,43246.0
2026-08-12,2026-08-12 15:15:00,22.935,22.935,22.91,22.91,36775.0
2026-08-12,2026-08-12 15:20:00,22.91,22.935,22.895,22.895,102410.0
2026-08-12,2026-08-12 15:25:00,22.895,22.895,22.88,22.885,49630.0
2026-08-12,2026-08-12 15:30:00,22.89,22.915,22.885,22.89,96453.0
2026-08-12,2026-08-12 15:35:00,22.895,22.955,22.885,22.91,367199.0
2026-08-12,2026-08-12 15:40:00,22.91,22.915,22.855,22.865,104008.0
2026-08-12,2026-08-12 15:45:00,22.86,22.865,22.805,22.865,160585.0
2026-08-12,2026-08-12 15:50:00,22.865,23.0,22.865,22.955,166550.0
2026-08-12,2026-08-12 15:55:00,22.95,23.005,22.935,22.955,227533.0
2026-08-12,2026-08-12 16:00:00,22.955,22.97,22.88,22.9,3476383.0
2026-08-13,2026-08-13 09:35:00,23.0,23.1,22.92,23.06,94261.0
2026-08-13,2026-08-13 09:40:00,23.06,23.09,22.91,23.0112,63644.0
2026-08-13,2026-08-13 09:45:00,23.015,23.02,22.83,22.84,82933.0
2026-08-13,2026-08-13 09:50:00,22.84,22.91,22.78,22.905,55700.0
2026-08-13,2026-08-13 09:55:00,22.91,23.05,22.83,22.95,164277.0
2026-08-13,2026-08-13 10:00:00,22.96,22.96,22.845,22.85,44655.0
2026-08-13,2026-08-13 10:05:00,22.86,22.955,22.8452,22.94,107685.0
2026-08-13,2026-08-13 10:10:00,22.94,22.98,22.935,22.97,74382.0
2026-08-13,2026-08-13 10:15:00,22.9799,22.98,22.92,22.94,45243.0
2026-08-13,2026-08-13 10:20:00,22.935,22.96,22.9,22.92,83764.0
2026-08-13,2026-08-13 10:25:00,22.925,22.93,22.86,22.87,68756.0
2026-08-13,2026-08-13 10:30:00,22.87,22.875,22.65,22.705,241138.0
2026-08-13,2026-08-13 10:35:00,22.705,22.785,22.705,22.785,80427.0
2026-08-13,2026-08-13 10:40:00,22.785,22.81,22.725,22.73,66878.0
2026-08-13,2026-08-13 10:45:00,22.74,22.77,22.7301,22.7599,48707.0
2026-08-13,2026-08-13 10:50:00,22.75,22.765,22.71,22.755,98043.0
2026-08-13,2026-08-13 10:55:00,22.755,22.805,22.7501,22.79,41305.0
2026-08-13,2026-08-13 11:00:00,22.8,22.86,22.8,22.855,47707.0
2026-08-13,2026-08-13 11:05:00,22.85,22.875,22.8,22.8,49654.0
2026-08-13,2026-08-13 11:10:00,22.805,22.81,22.785,22.81,38038.0
2026-08-13,2026-08-13 11:15:00,22.825,22.825,22.78,22.81,35082.0
2026-08-13,2026-08-13 11:20:00,22.81,22.825,22.79,22.825,82783.0
2026-08-13,2026-08-13 11:25:00,22.82,22.82,22.735,22.75,70802.0
2026-08-13,2026-08-13 11:30:00,22.75,22.755,22.68,22.699,100761.0
2026-08-13,2026-08-13 11:35:00,22.7,22.77,22.7,22.765,45936.0
2026-08-13,2026-08-13 11:40:00,22.765,22.785,22.725,22.785,60656.0
2026-08-13,2026-08-13 11:45:00,22.79,22.8,22.76,22.76,49570.0
2026-08-13,2026-08-13 11:50:00,22.765,22.77,22.715,22.725,36239.0
2026-08-13,2026-08-13 11:55:00,22.72,22.7499,22.715,22.735,41562.0
2026-08-13,2026-08-13 12:00:00,22.73,22.74,22.71,22.725,26923.0
2026-08-13,2026-08-13 12:05:00,22.725,22.755,22.725,22.74,27439.0
2026-08-13,2026-08-13 12:10:00,22.745,22.775,22.74,22.74,36164.0
2026-08-13,2026-08-13 12:15:00,22.75,22.785,22.745,22.76,37101.0
2026-08-13,2026-08-13 12:20:00,22.76,22.785,22.755,22.785,35871.0
2026-08-13,2026-08-13 12:25:00,22.785,22.79,22.765,22.77,38853.0
2026-08-13,2026-08-13 12:30:00,22.77,22.805,22.77,22.8,23294.0
2026-08-13,2026-08-13 12:35:00,22.8,22.82,22.7901,22.8,32707.0
2026-08-13,2026-08-13 12:40:00,22.795,22.795,22.755,22.775,32790.0
2026-08-13,2026-08-13 12:45:00,22.775,22.79,22.76,22.77,24237.0
2026-08-13,2026-08-13 12:50:00,22.775,22.81,22.76,22.785,33869.0
2026-08-13,2026-08-13 12:55:00,22.785,22.83,22.785,22.825,24917.0
2026-08-13,2026-08-13 13:00:00,22.825,22.825,22.795,22.795,23493.0
2026-08-13,2026-08-13 13:05:00,22.795,22.805,22.785,22.805,23009.0
2026-08-13,2026-08-13 13:10:00,22.805,22.835,22.8,22.835,43185.0
2026-08-13,2026-08-13 13:15:00,22.835,22.86,22.82,22.85,39667.0
2026-08-13,2026-08-13 13:20:00,22.845,22.845,22.79,22.795,37599.0
2026-08-13,2026-08-13 13:25:00,22.795,22.815,22.77,22.775,40478.0
2026-08-13,2026-08-13 13:30:00,22.775,22.795,22.77,22.795,27567.0
2026-08-13,2026-08-13 13:35:00,22.8,22.83,22.79,22.815,96442.0
2026-08-13,2026-08-13 13:40:00,22.81,22.865,22.81,22.855,47895.0
2026-08-13,2026-08-13 13:45:00,22.855,22.875,22.845,22.855,70325.0
2026-08-13,2026-08-13 13:50:00,22.855,22.94,22.855,22.915,97989.0
2026-08-13,2026-08-13 13:55:00,22.915,22.935,22.89,22.895,64719.0
2026-08-13,2026-08-13 14:00:00,22.9,22.92,22.87,22.91,44505.0
2026-08-13,2026-08-13 14:05:00,22.91,22.935,22.91,22.925,49769.0
2026-08-13,2026-08-13 14:10:00,22.93,22.95,22.925,22.945,69056.0
2026-08-13,2026-08-13 14:15:00,22.945,22.95,22.93,22.935,50118.0
2026-08-13,2026-08-13 14:20:00,22.935,22.95,22.92,22.945,39453.0
2026-08-13,2026-08-13 14:25:00,22.945,22.95,22.93,22.935,58117.0
2026-08-13,2026-08-13 14:30:00,22.935,22.955,22.93,22.945,48232.0
2026-08-13,2026-08-13 14:35:00,22.945,22.985,22.94,22.985,47525.0
2026-08-13,2026-08-13 14:40:00,22.98,23.09,22.975,23.09,115800.0
2026-08-13,2026-08-13 14:45:00,23.095,23.215,23.09,23.215,108864.0
2026-08-13,2026-08-13 14:50:00,23.215,23.215,23.18,23.215,47530.0
2026-08-13,2026-08-13 14:55:00,23.22,23.3,23.21,23.275,141868.0
2026-08-13,2026-08-13 15:00:00,23.275,23.33,23.24,23.315,373898.0
2026-08-13,2026-08-13 15:05:00,23.315,23.395,23.3137,23.395,109531.0
2026-08-13,2026-08-13 15:10:00,23.395,23.48,23.39,23.48,109840.0
2026-08-13,2026-08-13 15:15:00,23.475,23.4907,23.435,23.455,96027.0
2026-08-13,2026-08-13 15:20:00,23.455,23.495,23.39,23.4,75482.0
2026-08-13,2026-08-13 15:25:00,23.4,23.4,23.34,23.4,111634.0
2026-08-13,2026-08-13 15:30:00,23.4,23.43,23.375,23.38,90137.0
2026-08-13,2026-08-13 15:35:00,23.385,23.49,23.3801,23.485,119251.0
2026-08-13,2026-08-13 15:40:00,23.485,23.485,23.39,23.395,172896.0
2026-08-13,2026-08-13 15:45:00,23.395,23.45,23.385,23.445,162501.0
2026-08-13,2026-08-13 15:50:00,23.45,23.48,23.43,23.445,169490.0
2026-08-13,2026-08-13 15:55:00,23.45,23.5,23.435,23.45,200228.0
2026-08-13,2026-08-13 16:00:00,23.45,23.455,23.29,23.32,2084374.0
2026-08-14,2026-08-14 09:35:00,23.26,23.98,23.15,23.98,251239.0
2026-08-14,2026-08-14 09:40:00,23.98,24.095,23.84,23.92,155263.0
2026-08-14,2026-08-14 09:45:00,23.9157,23.98,23.89,23.91,114299.0
2026-08-14,2026-08-14 09:50:00,23.92,24.1,23.905,24.03,141940.0
2026-08-14,2026-08-14 09:55:00,24.035,24.05,23.96,24.03,97442.0
2026-08-14,2026-08-14 10:00:00,24.04,24.1899,24.02,24.155,136810.0
2026-08-14,2026-08-14 10:05:00,24.18,24.23,24.1,24.115,117055.0
2026-08-14,2026-08-14 10:10:00,24.115,24.12,24.02,24.04,89353.0
2026-08-14,2026-08-14 10:15:00,24.04,24.17,24.035,24.095,64897.0
2026-08-14,2026-08-14 10:20:00,24.1,24.195,24.09,24.15,64553.0
2026-08-14,2026-08-14 10:25:00,24.14,24.15,24.09,24.13,54955.0
2026-08-14,2026-08-14 10:30:00,24.13,24.15,24.06,24.06,52161.0
2026-08-14,2026-08-14 10:35:00,24.06,24.125,24.01,24.025,47537.0
2026-08-14,2026-08-14 10:40:00,24.03,24.08,24.025,24.075,134978.0
2026-08-14,2026-08-14 10:45:00,24.07,24.07,24.0,24.035,56544.0
2026-08-14,2026-08-14 10:50:00,24.04,24.095,24.01,24.01,57641.0
2026-08-14,2026-08-14 10:55:00,24.0,24.045,23.99,23.995,53142.0
2026-08-14,2026-08-14 11:00:00,24.0,24.005,23.9401,23.97,51832.0
2026-08-14,2026-08-14 11:05:00,23.97,23.99,23.95,23.99,55383.0
2026-08-14,2026-08-14 11:10:00,23.995,24.035,23.995,24.0199,46967.0
2026-08-14,2026-08-14 11:15:00,24.01,24.02,23.965,23.9705,40874.0
2026-08-14,2026-08-14 11:20:00,23.975,23.995,23.97,23.99,29554.0
2026-08-14,2026-08-14 11:25:00,23.995,24.035,23.96,23.985,84480.0
2026-08-14,2026-08-14 11:30:00,23.985,24.055,23.96,24.045,143504.0
2026-08-14,2026-08-14 11:35:00,24.045,24.085,24.04,24.055,94130.0
2026-08-14,2026-08-14 11:40:00,24.055,24.08,24.05,24.07,58214.0
2026-08-14,2026-08-14 11:45:00,24.07,24.095,24.05,24.07,44917.0
2026-08-14,2026-08-14 11:50:00,24.075,24.085,24.05,24.08,65567.0
2026-08-14,2026-08-14 11:55:00,24.085,24.125,24.07,24.115,54415.0
2026-08-14,2026-08-14 12:00:00,24.115,24.1699,24.09,24.135,82372.0
2026-08-14,2026-08-14 12:05:00,24.135,24.155,24.09,24.1,47398.0
2026-08-14,2026-08-14 12:10:00,24.095,24.095,24.06,24.07,34352.0
2026-08-14,2026-08-14 12:15:00,24.075,24.1,24.055,24.06,83638.0
2026-08-14,2026-08-14 12:20:00,24.065,24.065,23.985,23.99,36278.0
2026-08-14,2026-08-14 12:25:00,23.995,24.015,23.98,24.005,46570.0
2026-08-14,2026-08-14 12:30:00,24.005,24.025,23.965,23.97,41533.0
2026-08-14,2026-08-14 12:35:00,23.965,23.9851,23.95,23.95,23822.0
2026-08-14,2026-08-14 12:40:00,23.96,23.96,23.935,23.95,21852.0
2026-08-14,2026-08-14 12:45:00,23.95,23.96,23.93,23.93,26514.0
2026-08-14,2026-08-14 12:50:00,23.935,23.935,23.92,23.92,18452.0
2026-08-14,2026-08-14 12:55:00,23.92,23.92,23.895,23.915,36713.0
2026-08-14,2026-08-14 13:00:00,23.915,23.935,23.905,23.91,21702.0
2026-08-14,2026-08-14 13:05:00,23.905,23.93,23.905,23.92,22634.0
2026-08-14,2026-08-14 13:10:00,23.925,23.95,23.89,23.8999,126018.0
2026-08-14,2026-08-14 13:15:00,23.8951,23.9,23.885,23.9,32675.0
2026-08-14,2026-08-14 13:20:00,23.9,23.905,23.86,23.86,27850.0
2026-08-14,2026-08-14 13:25:00,23.86,23.885,23.86,23.87,17252.0
2026-08-14,2026-08-14 13:30:00,23.875,23.89,23.865,23.865,41483.0
2026-08-14,2026-08-14 13:35:00,23.865,23.875,23.82,23.835,53597.0
2026-08-14,2026-08-14 13:40:00,23.83,23.84,23.81,23.84,23688.0
2026-08-14,2026-08-14 13:45:00,23.84,23.88,23.84,23.875,27058.0
2026-08-14,2026-08-14 13:50:00,23.87,23.88,23.85,23.85,32206.0
2026-08-14,2026-08-14 13:55:00,23.85,23.9,23.85,23.865,75986.0
2026-08-14,2026-08-14 14:00:00,23.865,23.9,23.86,23.885,31239.0
2026-08-14,2026-08-14 14:05:00,23.885,23.99,23.88,23.965,257195.0
2026-08-14,2026-08-14 14:10:00,23.965,23.98,23.94,23.945,51536.0
2026-08-14,2026-08-14 14:15:00,23.94,23.99,23.94,23.985,59989.0
2026-08-14,2026-08-14 14:20:00,23.985,23.995,23.98,23.995,43636.0
2026-08-14,2026-08-14 14:25:00,24.0,24.045,24.0,24.045,89619.0
2026-08-14,2026-08-14 14:30:00,24.045,24.045,24.0,24.025,61640.0
2026-08-14,2026-08-14 14:35:00,24.025,24.06,24.02,24.045,94387.0
2026-08-14,2026-08-14 14:40:00,24.045,24.08,24.045,24.065,72583.0
2026-08-14,2026-08-14 14:45:00,24.06,24.12,24.06,24.11,50102.0
2026-08-14,2026-08-14 14:50:00,24.1,24.105,24.03,24.05,72339.0
2026-08-14,2026-08-14 14:55:00,24.05,24.07,24.045,24.06,46056.0
2026-08-14,2026-08-14 15:00:00,24.05,24.07,24.025,24.035,76770.0
2026-08-14,2026-08-14 15:05:00,24.03,24.0599,24.025,24.0401,83570.0
2026-08-14,2026-08-14 15:10:00,24.045,24.045,24.0,24.025,78934.0
2026-08-14,2026-08-14 15:15:00,24.025,24.045,24.01,24.04,76143.0
2026-08-14,2026-08-14 15:20:00,24.045,24.045,23.98,23.995,211087.0
2026-08-14,2026-08-14 15:25:00,23.995,24.01,23.97,23.985,105041.0
2026-08-14,2026-08-14 15:30:00,23.985,24.005,23.94,23.9499,117846.0
2026-08-14,2026-08-14 15:35:00,23.9447,24.01,23.9447,23.96,214941.0
2026-08-14,2026-08-14 15:40:00,23.96,24.025,23.94,24.0,155697.0
2026-08-14,2026-08-14 15:45:00,24.005,24.01,23.95,23.975,179822.0
2026-08-14,2026-08-14 15:50:00,23.975,24.0,23.96,23.99,175803.0
2026-08-14,2026-08-14 15:55:00,23.99,24.005,23.96,23.985,330588.0
2026-08-14,2026-08-14 16:00:00,23.985,24.11,23.985,24.06,2332555.0
2026-08-17,2026-08-17 09:35:00,23.84,23.95,23.58,23.67,172399.0
2026-08-17,2026-08-17 09:40:00,23.65,23.775,23.49,23.52,46446.0
2026-08-17,2026-08-17 09:45:00,23.5,23.51,23.295,23.33,39743.0
2026-08-17,2026-08-17 09:50:00,23.34,23.36,23.15,23.2,81431.0
2026-08-17,2026-08-17 09:55:00,23.19,23.265,23.175,23.21,71080.0
2026-08-17,2026-08-17 10:00:00,23.21,23.21,23.155,23.17,31984.0
2026-08-17,2026-08-17 10:05:00,23.18,23.2,23.08,23.16,85662.0
2026-08-17,2026-08-17 10:10:00,23.16,23.215,23.12,23.21,39647.0
2026-08-17,2026-08-17 10:15:00,23.22,23.35,23.19,23.3414,174693.0
2026-08-17,2026-08-17 10:20:00,23.345,23.405,23.24,23.255,53626.0
2026-08-17,2026-08-17 10:25:00,23.26,23.3,23.205,23.21,26358.0
2026-08-17,2026-08-17 10:30:00,23.21,23.225,23.19,23.2,18712.0
2026-08-17,2026-08-17 10:35:00,23.2,23.23,23.18,23.19,40769.0
2026-08-17,2026-08-17 10:40:00,23.18,23.2,23.13,23.13,34485.0
2026-08-17,2026-08-17 10:45:00,23.14,23.17,23.125,23.14,33687.0
2026-08-17,2026-08-17 10:50:00,23.14,23.14,23.0601,23.13,29976.0
2026-08-17,2026-08-17 10:55:00,23.12,23.23,23.08,23.2,137122.0
2026-08-17,2026-08-17 11:00:00,23.19,23.19,23.13,23.155,57516.0
2026-08-17,2026-08-17 11:05:00,23.155,23.165,23.1,23.14,81097.0
2026-08-17,2026-08-17 11:10:00,23.135,23.21,23.135,23.19,38367.0
2026-08-17,2026-08-17 11:15:00,23.195,23.195,23.165,23.165,28899.0
2026-08-17,2026-08-17 11:20:00,23.16,23.1651,23.12,23.12,54641.0
2026-08-17,2026-08-17 11:25:00,23.135,23.18,23.11,23.13,34223.0
2026-08-17,2026-08-17 11:30:00,23.13,23.175,23.11,23.16,26154.0
2026-08-17,2026-08-17 11:35:00,23.17,23.175,23.13,23.14,31745.0
2026-08-17,2026-08-17 11:40:00,23.13,23.155,23.11,23.145,27804.0
2026-08-17,2026-08-17 11:45:00,23.14,23.175,23.13,23.165,69176.0
2026-08-17,2026-08-17 11:50:00,23.17,23.195,23.16,23.185,43841.0
2026-08-17,2026-08-17 11:55:00,23.185,23.21,23.17,23.1851,81536.0
2026-08-17,2026-08-17 12:00:00,23.18,23.215,23.17,23.2,45877.0
2026-08-17,2026-08-17 12:05:00,23.205,23.215,23.13,23.135,50147.0
2026-08-17,2026-08-17 12:10:00,23.135,23.145,23.12,23.12,28752.0
2026-08-17,2026-08-17 12:15:00,23.115,23.145,23.11,23.14,45371.0
2026-08-17,2026-08-17 12:20:00,23.135,23.1599,23.115,23.135,25458.0
2026-08-17,2026-08-17 12:25:00,23.13,23.14,23.105,23.105,18166.0
2026-08-17,2026-08-17 12:30:00,23.1,23.125,23.09,23.115,25612.0
2026-08-17,2026-08-17 12:35:00,23.12,23.195,23.12,23.165,76132.0
2026-08-17,2026-08-17 12:40:00,23.165,23.185,23.155,23.163,27996.0
2026-08-17,2026-08-17 12:45:00,23.17,23.175,23.135,23.15,42879.0
2026-08-17,2026-08-17 12:50:00,23.145,23.17,23.145,23.15,23162.0
2026-08-17,2026-08-17 12:55:00,23.145,23.15,23.06,23.09,45751.0
2026-08-17,2026-08-17 13:00:00,23.088,23.125,23.088,23.11,61050.0
2026-08-17,2026-08-17 13:05:00,23.105,23.135,23.1,23.115,54077.0
2026-08-17,2026-08-17 13:10:00,23.115,23.125,23.1,23.105,39232.0
2026-08-17,2026-08-17 13:15:00,23.105,23.12,23.085,23.085,26981.0
2026-08-17,2026-08-17 13:20:00,23.085,23.095,23.055,23.07,81754.0
2026-08-17,2026-08-17 13:25:00,23.08,23.125,23.08,23.095,45831.0
2026-08-17,2026-08-17 13:30:00,23.1,23.1,23.075,23.085,22726.0
2026-08-17,2026-08-17 13:35:00,23.085,23.14,23.075,23.125,38855.0
2026-08-17,2026-08-17 13:40:00,23.12,23.13,23.095,23.095,19473.0
2026-08-17,2026-08-17 13:45:00,23.095,23.105,23.065,23.075,38403.0
2026-08-17,2026-08-17 13:50:00,23.075,23.085,23.025,23.025,68162.0
2026-08-17,2026-08-17 13:55:00,23.025,23.04,22.99,23.01,98956.0
2026-08-17,2026-08-17 14:00:00,23.015,23.02,23.0,23.0099,64503.0
2026-08-17,2026-08-17 14:05:00,23.005,23.065,23.005,23.055,60082.0
2026-08-17,2026-08-17 14:10:00,23.05,23.09,23.045,23.085,28326.0
2026-08-17,2026-08-17 14:15:00,23.08,23.105,23.08,23.085,21171.0
2026-08-17,2026-08-17 14:20:00,23.085,23.0951,23.01,23.025,238278.0
2026-08-17,2026-08-17 14:25:00,23.02,23.075,23.005,23.07,76649.0
2026-08-17,2026-08-17 14:30:00,23.07,23.08,23.055,23.07,66067.0
2026-08-17,2026-08-17 14:35:00,23.07,23.09,23.06,23.085,43087.0
2026-08-17,2026-08-17 14:40:00,23.09,23.12,23.05,23.05,207242.0
2026-08-17,2026-08-17 14:45:00,23.055,23.07,23.04,23.05,31977.0
2026-08-17,2026-08-17 14:50:00,23.045,23.095,23.045,23.08,105490.0
2026-08-17,2026-08-17 14:55:00,23.08,23.09,23.07,23.08,26268.0
2026-08-17,2026-08-17 15:00:00,23.075,23.1,23.075,23.095,29066.0
2026-08-17,2026-08-17 15:05:00,23.09,23.1,23.07,23.095,37792.0
2026-08-17,2026-08-17 15:10:00,23.1,23.115,23.08,23.085,45274.0
2026-08-17,2026-08-17 15:15:00,23.08,23.085,23.035,23.065,56765.0
2026-08-17,2026-08-17 15:20:00,23.065,23.09,23.065,23.09,28909.0
2026-08-17,2026-08-17 15:25:00,23.085,23.1,23.075,23.085,37018.0
2026-08-17,2026-08-17 15:30:00,23.085,23.085,23.053,23.06,66286.0
2026-08-17,2026-08-17 15:35:00,23.06,23.11,23.035,23.04,130932.0
2026-08-17,2026-08-17 15:40:00,23.04,23.075,23.025,23.045,88021.0
2026-08-17,2026-08-17 15:45:00,23.045,23.1,23.035,23.1,136105.0
2026-08-17,2026-08-17 15:50:00,23.095,23.11,23.06,23.095,141379.0
2026-08-17,2026-08-17 15:55:00,23.09,23.125,23.072,23.09,227539.0
2026-08-17,2026-08-17 16:00:00,23.09,23.095,22.985,23.07,2460641.0
2026-08-18,2026-08-18 09:35:00,23.18,23.46,23.1527,23.305,241014.0
2026-08-18,2026-08-18 09:40:00,23.34,23.52,23.34,23.505,70092.0
2026-08-18,2026-08-18 09:45:00,23.5,23.52,23.4,23.48,75838.0
2026-08-18,2026-08-18 09:50:00,23.46,23.505,23.42,23.475,35998.0
2026-08-18,2026-08-18 09:55:00,23.48,23.665,23.48,23.645,158977.0
2026-08-18,2026-08-18 10:00:00,23.65,23.665,23.565,23.57,61700.0
2026-08-18,2026-08-18 10:05:00,23.57,23.695,23.57,23.65,134680.0
2026-08-18,2026-08-18 10:10:00,23.66,23.66,23.555,23.57,124561.0
2026-08-18,2026-08-18 10:15:00,23.57,23.62,23.535,23.61,98206.0
2026-08-18,2026-08-18 10:20:00,23.61,23.655,23.575,23.6,80460.0
2026-08-18,2026-08-18 10:25:00,23.6,23.665,23.6,23.66,45034.0
2026-08-18,2026-08-18 10:30:00,23.65,23.675,23.595,23.635,58825.0
2026-08-18,2026-08-18 10:35:00,23.635,23.675,23.625,23.625,96490.0
2026-08-18,2026-08-18 10:40:00,23.625,23.69,23.625,23.69,85633.0
2026-08-18,2026-08-18 10:45:00,23.685,23.695,23.625,23.665,45871.0
2026-08-18,2026-08-18 10:50:00,23.665,23.75,23.665,23.75,44111.0
2026-08-18,2026-08-18 10:55:00,23.75,23.75,23.605,23.605,51707.0
2026-08-18,2026-08-18 11:00:00,23.6,23.685,23.6,23.675,34856.0
2026-08-18,2026-08-18 11:05:00,23.68,23.71,23.66,23.66,39082.0
2026-08-18,2026-08-18 11:10:00,23.66,23.73,23.655,23.73,31898.0
2026-08-18,2026-08-18 11:15:00,23.74,23.795,23.735,23.785,39367.0
2026-08-18,2026-08-18 11:20:00,23.785,23.8,23.755,23.755,48203.0
2026-08-18,2026-08-18 11:25:00,23.76,23.765,23.645,23.645,104445.0
2026-08-18,2026-08-18 11:30:00,23.645,23.705,23.64,23.675,47678.0
2026-08-18,2026-08-18 11:35:00,23.675,23.675,23.58,23.59,121406.0
2026-08-18,2026-08-18 11:40:00,23.6,23.665,23.595,23.65,55543.0
2026-08-18,2026-08-18 11:45:00,23.65,23.66,23.63,23.635,27977.0
2026-08-18,2026-08-18 11:50:00,23.64,23.66,23.58,23.605,41410.0
2026-08-18,2026-08-18 11:55:00,23.61,23.66,23.61,23.64,92045.0
2026-08-18,2026-08-18 12:00:00,23.64,23.67,23.625,23.665,25740.0
2026-08-18,2026-08-18 12:05:00,23.665,23.67,23.61,23.66,65543.0
2026-08-18,2026-08-18 12:10:00,23.66,23.675,23.63,23.645,48368.0
2026-08-18,2026-08-18 12:15:00,23.645,23.72,23.645,23.715,40238.0
2026-08-18,2026-08-18 12:20:00,23.72,23.72,23.655,23.66,28847.0
2026-08-18,2026-08-18 12:25:00,23.66,23.675,23.65,23.675,16030.0
2026-08-18,2026-08-18 12:30:00,23.675,23.68,23.615,23.625,65065.0
2026-08-18,2026-08-18 12:35:00,23.625,23.625,23.575,23.575,24246.0
2026-08-18,2026-08-18 12:40:00,23.5751,23.5751,23.54,23.565,26252.0
2026-08-18,2026-08-18 12:45:00,23.57,23.5751,23.535,23.56,20010.0
2026-08-18,2026-08-18 12:50:00,23.56,23.595,23.54,23.545,55492.0
2026-08-18,2026-08-18 12:55:00,23.54,23.565,23.525,23.565,29531.0
2026-08-18,2026-08-18 13:00:00,23.565,23.605,23.56,23.575,26600.0
2026-08-18,2026-08-18 13:05:00,23.575,23.585,23.565,23.565,17664.0
2026-08-18,2026-08-18 13:10:00,23.565,23.575,23.54,23.575,19735.0
2026-08-18,2026-08-18 13:15:00,23.575,23.59,23.535,23.585,32486.0
2026-08-18,2026-08-18 13:20:00,23.585,23.59,23.555,23.57,21773.0
2026-08-18,2026-08-18 13:25:00,23.575,23.575,23.55,23.565,23111.0
2026-08-18,2026-08-18 13:30:00,23.57,23.57,23.535,23.54,80963.0
2026-08-18,2026-08-18 13:35:00,23.535,23.535,23.485,23.485,24843.0
2026-08-18,2026-08-18 13:40:00,23.485,23.5,23.475,23.475,23192.0
2026-08-18,2026-08-18 13:45:00,23.47,23.47,23.435,23.455,18879.0
2026-08-18,2026-08-18 13:50:00,23.455,23.5,23.45,23.49,65126.0
2026-08-18,2026-08-18 13:55:00,23.49,23.51,23.4803,23.495,59068.0
2026-08-18,2026-08-18 14:00:00,23.49,23.495,23.46,23.465,28436.0
2026-08-18,2026-08-18 14:05:00,23.465,23.465,23.445,23.46,30513.0
2026-08-18,2026-08-18 14:10:00,23.465,23.47,23.43,23.465,24508.0
2026-08-18,2026-08-18 14:15:00,23.47,23.495,23.46,23.485,32265.0
2026-08-18,2026-08-18 14:20:00,23.485,23.485,23.431,23.4551,24699.0
2026-08-18,2026-08-18 14:25:00,23.455,23.485,23.455,23.485,24674.0
2026-08-18,2026-08-18 14:30:00,23.48,23.48,23.46,23.475,33726.0
2026-08-18,2026-08-18 14:35:00,23.475,23.475,23.46,23.465,33766.0
2026-08-18,2026-08-18 14:40:00,23.465,23.47,23.39,23.39,41308.0
2026-08-18,2026-08-18 14:45:00,23.39,23.39,23.345,23.345,33012.0
2026-08-18,2026-08-18 14:50:00,23.345,23.38,23.34,23.375,55623.0
2026-08-18,2026-08-18 14:55:00,23.375,23.405,23.37,23.395,61467.0
2026-08-18,2026-08-18 15:00:00,23.395,23.405,23.385,23.395,75458.0
2026-08-18,2026-08-18 15:05:00,23.395,23.415,23.38,23.38,88694.0
2026-08-18,2026-08-18 15:10:00,23.385,23.445,23.37,23.425,119197.0
2026-08-18,2026-08-18 15:15:00,23.425,23.435,23.41,23.4343,48505.0
2026-08-18,2026-08-18 15:20:00,23.435,23.45,23.41,23.425,57628.0
2026-08-18,2026-08-18 15:25:00,23.42,23.42,23.37,23.375,51806.0
2026-08-18,2026-08-18 15:30:00,23.375,23.375,23.33,23.33,77100.0
2026-08-18,2026-08-18 15:35:00,23.34,23.38,23.31,23.32,114841.0
2026-08-18,2026-08-18 15:40:00,23.32,23.325,23.2423,23.25,123256.0
2026-08-18,2026-08-18 15:45:00,23.25,23.25,23.16,23.17,133106.0
2026-08-18,2026-08-18 15:50:00,23.175,23.2,23.155,23.195,161560.0
2026-08-18,2026-08-18 15:55:00,23.19,23.19,23.08,23.115,266862.0
2026-08-18,2026-08-18 16:00:00,23.11,23.12,23.06,23.06,2409865.0
2026-08-19,2026-08-19 09:35:00,23.15,23.18,22.96,23.18,162267.0
2026-08-19,2026-08-19 09:40:00,23.18,23.25,23.06,23.09,59093.0
2026-08-19,2026-08-19 09:45:00,23.095,23.2499,23.03,23.04,60055.0
2026-08-19,2026-08-19 09:50:00,23.04,23.17,22.99,23.03,48453.0
2026-08-19,2026-08-19 09:55:00,23.03,23.23,23.0,23.185,126411.0
2026-08-19,2026-08-19 10:00:00,23.185,23.25,23.155,23.18,49267.0
2026-08-19,2026-08-19 10:05:00,23.18,23.29,23.17,23.185,119683.0
2026-08-19,2026-08-19 10:10:00,23.19,23.23,23.15,23.23,52125.0
2026-08-19,2026-08-19 10:15:00,23.2405,23.2405,23.135,23.14,58096.0
2026-08-19,2026-08-19 10:20:00,23.14,23.24,23.14,23.22,106578.0
2026-08-19,2026-08-19 10:25:00,23.218756,23.255,23.175,23.235,49443.0
2026-08-19,2026-08-19 10:30:00,23.23,23.25,23.205,23.21,37439.0
2026-08-19,2026-08-19 10:35:00,23.215,23.255,23.2,23.25,44381.0
2026-08-19,2026-08-19 10:40:00,23.255,23.28,23.225,23.225,44585.0
2026-08-19,2026-08-19 10:45:00,23.23,23.32,23.23,23.32,133303.0
2026-08-19,2026-08-19 10:50:00,23.315,23.46,23.315,23.455,58708.0
2026-08-19,2026-08-19 10:55:00,23.465,23.535,23.465,23.51,86812.0
2026-08-19,2026-08-19 11:00:00,23.515,23.52,23.425,23.465,74138.0
2026-08-19,2026-08-19 11:05:00,23.465,23.525,23.465,23.49,121522.0
2026-08-19,2026-08-19 11:10:00,23.495,23.505,23.385,23.4,61357.0
2026-08-19,2026-08-19 11:15:00,23.4,23.405,23.335,23.385,80310.0
2026-08-19,2026-08-19 11:20:00,23.385,23.415,23.375,23.4,49071.0
2026-08-19,2026-08-19 11:25:00,23.395,23.405,23.33,23.395,44810.0
2026-08-19,2026-08-19 11:30:00,23.395,23.42,23.37,23.41,120871.0
2026-08-19,2026-08-19 11:35:00,23.415,23.48,23.41,23.46,47681.0
2026-08-19,2026-08-19 11:40:00,23.46,23.465,23.42,23.435,28156.0
2026-08-19,2026-08-19 11:45:00,23.435,23.485,23.41,23.475,62781.0
2026-08-19,2026-08-19 11:50:00,23.475,23.535,23.475,23.535,59067.0
2026-08-19,2026-08-19 11:55:00,23.535,23.545,23.515,23.535,85493.0
2026-08-19,2026-08-19 12:00:00,23.53,23.555,23.525,23.535,50517.0
2026-08-19,2026-08-19 12:05:00,23.54,23.64,23.54,23.62,52772.0
2026-08-19,2026-08-19 12:10:00,23.635,23.675,23.6,23.605,65710.0
2026-08-19,2026-08-19 12:15:00,23.605,23.605,23.54,23.6,135775.0
2026-08-19,2026-08-19 12:20:00,23.595,23.63,23.59,23.62,96315.0
2026-08-19,2026-08-19 12:25:00,23.6101,23.625,23.58,23.59,75080.0
2026-08-19,2026-08-19 12:30:00,23.585,23.615,23.58,23.58,52720.0
2026-08-19,2026-08-19 12:35:00,23.57,23.58,23.5,23.515,31110.0
2026-08-19,2026-08-19 12:40:00,23.52,23.52,23.43,23.435,43180.0
2026-08-19,2026-08-19 12:45:00,23.435,23.47,23.425,23.435,36142.0
2026-08-19,2026-08-19 12:50:00,23.435,23.455,23.42,23.425,32906.0
2026-08-19,2026-08-19 12:55:00,23.425,23.425,23.36,23.37,88994.0
2026-08-19,2026-08-19 13:00:00,23.385,23.415,23.38,23.385,81388.0
2026-08-19,2026-08-19 13:05:00,23.385,23.39,23.32,23.325,46673.0
2026-08-19,2026-08-19 13:10:00,23.325,23.35,23.305,23.34,53543.0
2026-08-19,2026-08-19 13:15:00,23.34,23.375,23.335,23.36,71016.0
2026-08-19,2026-08-19 13:20:00,23.355,23.36,23.3,23.31,42506.0
2026-08-19,2026-08-19 13:25:00,23.31,23.325,23.275,23.285,66802.0
2026-08-19,2026-08-19 13:30:00,23.285,23.345,23.28,23.345,38640.0
2026-08-19,2026-08-19 13:35:00,23.35,23.405,23.35,23.36,98033.0
2026-08-19,2026-08-19 13:40:00,23.36,23.37,23.33,23.355,50195.0
2026-08-19,2026-08-19 13:45:00,23.36,23.415,23.36,23.415,36761.0
2026-08-19,2026-08-19 13:50:00,23.42,23.425,23.375,23.385,33272.0
2026-08-19,2026-08-19 13:55:00,23.385,23.42,23.385,23.395,38251.0
2026-08-19,2026-08-19 14:00:00,23.395,23.41,23.385,23.395,33767.0
2026-08-19,2026-08-19 14:05:00,23.395,23.425,23.39,23.395,52041.0
2026-08-19,2026-08-19 14:10:00,23.395,23.395,23.32,23.335,35645.0
2026-08-19,2026-08-19 14:15:00,23.335,23.375,23.335,23.36,45230.0
2026-08-19,2026-08-19 14:20:00,23.36,23.39,23.35,23.365,35084.0
2026-08-19,2026-08-19 14:25:00,23.365,23.39,23.365,23.37,31586.0
2026-08-19,2026-08-19 14:30:00,23.37,23.405,23.36,23.36,30772.0
2026-08-19,2026-08-19 14:35:00,23.365,23.365,23.275,23.31,52281.0
2026-08-19,2026-08-19 14:40:00,23.3197,23.375,23.3,23.375,57984.0
2026-08-19,2026-08-19 14:45:00,23.375,23.375,23.335,23.345,31177.0
2026-08-19,2026-08-19 14:50:00,23.35,23.385,23.35,23.385,36863.0
2026-08-19,2026-08-19 14:55:00,23.395,23.41,23.355,23.405,197131.0
2026-08-19,2026-08-19 15:00:00,23.4,23.41,23.37,23.37,61838.0
2026-08-19,2026-08-19 15:05:00,23.38,23.415,23.375,23.385,58947.0
2026-08-19,2026-08-19 15:10:00,23.39,23.405,23.355,23.36,36400.0
2026-08-19,2026-08-19 15:15:00,23.355,23.37,23.32,23.325,41655.0
2026-08-19,2026-08-19 15:20:00,23.325,23.355,23.31,23.34,50221.0
2026-08-19,2026-08-19 15:25:00,23.34,23.345,23.29,23.295,45233.0
2026-08-19,2026-08-19 15:30:00,23.29,23.35,23.29,23.335,80831.0
2026-08-19,2026-08-19 15:35:00,23.33,23.38,23.29,23.295,134039.0
2026-08-19,2026-08-19 15:40:00,23.3,23.335,23.285,23.285,112494.0
2026-08-19,2026-08-19 15:45:00,23.29,23.3,23.26,23.265,141753.0
2026-08-19,2026-08-19 15:50:00,23.27,23.295,23.25,23.295,198273.0
2026-08-19,2026-08-19 15:55:00,23.29,23.3,23.225,23.235,226609.0
2026-08-19,2026-08-19 16:00:00,23.235,23.42,23.235,23.39,2003983.0
2026-08-20,2026-08-20 09:35:00,23.26,23.47,23.101,23.34,91101.0
2026-08-20,2026-08-20 09:40:00,23.31,23.4,23.19,23.19,115263.0
2026-08-20,2026-08-20 09:45:00,23.18,23.37,23.13,23.34,26271.0
2026-08-20,2026-08-20 09:50:00,23.33,23.48,23.33,23.48,61454.0
2026-08-20,2026-08-20 09:55:00,23.49,23.505,23.32,23.324,34643.0
2026-08-20,2026-08-20 10:00:00,23.35,23.39,23.27,23.39,61793.0
2026-08-20,2026-08-20 10:05:00,23.38,23.38,23.21,23.22,51759.0
2026-08-20,2026-08-20 10:10:00,23.23,23.23,23.12,23.16,44782.0
2026-08-20,2026-08-20 10:15:00,23.165,23.175,23.05,23.08,56491.0
2026-08-20,2026-08-20 10:20:00,23.08,23.1074,23.06,23.075,43425.0
2026-08-20,2026-08-20 10:25:00,23.07,23.13,23.06,23.12,79110.0
2026-08-20,2026-08-20 10:30:00,23.11,23.18,23.09,23.135,72222.0
2026-08-20,2026-08-20 10:35:00,23.15,23.185,23.025,23.04,90220.0
2026-08-20,2026-08-20 10:40:00,23.055,23.09,23.04,23.06,61478.0
2026-08-20,2026-08-20 10:45:00,23.05,23.06,23.0,23.02,56077.0
2026-08-20,2026-08-20 10:50:00,23.01,23.05,22.98,23.0,73136.0
2026-08-20,2026-08-20 10:55:00,23.0,23.0,22.925,22.96,54755.0
2026-08-20,2026-08-20 11:00:00,22.96,22.97,22.86,22.8899,53892.0
2026-08-20,2026-08-20 11:05:00,22.89,22.95,22.88,22.95,74511.0
2026-08-20,2026-08-20 11:10:00,22.95,22.955,22.87,22.88,75201.0
2026-08-20,2026-08-20 11:15:00,22.87,22.9,22.83,22.855,99591.0
2026-08-20,2026-08-20 11:20:00,22.85,22.875,22.8002,22.865,131328.0
2026-08-20,2026-08-20 11:25:00,22.86,22.9,22.83,22.86,57529.0
2026-08-20,2026-08-20 11:30:00,22.86,22.875,22.825,22.84,47377.0
2026-08-20,2026-08-20 11:35:00,22.845,22.85,22.81,22.835,66510.0
2026-08-20,2026-08-20 11:40:00,22.835,22.88,22.8,22.88,49860.0
2026-08-20,2026-08-20 11:45:00,22.86,22.89,22.845,22.86,47355.0
2026-08-20,2026-08-20 11:50:00,22.86,22.865,22.835,22.85,22157.0
2026-08-20,2026-08-20 11:55:00,22.855,22.87,22.84,22.855,35107.0
2026-08-20,2026-08-20 12:00:00,22.85,22.855,22.83,22.835,26777.0
2026-08-20,2026-08-20 12:05:00,22.84,22.92,22.83,22.915,44680.0
2026-08-20,2026-08-20 12:10:00,22.915,22.975,22.91,22.965,39424.0
2026-08-20,2026-08-20 12:15:00,22.965,23.02,22.965,23.015,94163.0
2026-08-20,2026-08-20 12:20:00,23.01,23.01,22.93,22.95,70418.0
2026-08-20,2026-08-20 12:25:00,22.95,22.955,22.91,22.955,53092.0
2026-08-20,2026-08-20 12:30:00,22.955,23.0,22.945,23.0,25107.0
2026-08-20,2026-08-20 12:35:00,22.99,23.035,22.98,23.035,27537.0
2026-08-20,2026-08-20 12:40:00,23.03,23.035,23.0,23.005,20760.0
2026-08-20,2026-08-20 12:45:00,23.005,23.0299,23.005,23.025,30614.0
2026-08-20,2026-08-20 12:50:00,23.02,23.025,23.0,23.005,27813.0
2026-08-20,2026-08-20 12:55:00,23.005,23.015,22.985,23.015,31876.0
2026-08-20,2026-08-20 13:00:00,23.01,23.015,22.99,23.005,23800.0
2026-08-20,2026-08-20 13:05:00,23.005,23.01,22.965,22.965,33779.0
2026-08-20,2026-08-20 13:10:00,22.96,23.025,22.94,23.02,36946.0
2026-08-20,2026-08-20 13:15:00,23.02,23.035,22.97,22.975,34530.0
2026-08-20,2026-08-20 13:20:00,22.97,22.99,22.95,22.965,21269.0
2026-08-20,2026-08-20 13:25:00,22.96,22.975,22.95,22.97,20399.0
2026-08-20,2026-08-20 13:30:00,22.98,22.98,22.94,22.965,27172.0
2026-08-20,2026-08-20 13:35:00,22.965,23.0,22.96,22.995,25806.0
2026-08-20,2026-08-20 13:40:00,22.99,22.99,22.94,22.95,29794.0
2026-08-20,2026-08-20 13:45:00,22.955,22.96,22.94,22.96,19298.0
2026-08-20,2026-08-20 13:50:00,22.965,22.995,22.95,22.995,24957.0
2026-08-20,2026-08-20 13:55:00,22.995,23.0,22.96,22.965,23523.0
2026-08-20,2026-08-20 14:00:00,22.96,22.99,22.95,22.975,29044.0
2026-08-20,2026-08-20 14:05:00,22.975,22.975,22.95,22.955,36291.0
2026-08-20,2026-08-20 14:10:00,22.95,22.98,22.94,22.965,36547.0
2026-08-20,2026-08-20 14:15:00,22.965,23.01,22.96,22.995,31268.0
2026-08-20,2026-08-20 14:20:00,22.995,23.005,22.98,23.005,27738.0
2026-08-20,2026-08-20 14:25:00,23.0,23.03,23.0,23.005,35718.0
2026-08-20,2026-08-20 14:30:00,23.005,23.08,23.0,23.075,36864.0
2026-08-20,2026-08-20 14:35:00,23.07,23.085,23.06,23.075,32287.0
2026-08-20,2026-08-20 14:40:00,23.075,23.085,23.043239,23.045,29749.0
2026-08-20,2026-08-20 14:45:00,23.04,23.06,23.02,23.05,30715.0
2026-08-20,2026-08-20 14:50:00,23.06,23.109,23.06,23.105,54943.0
2026-08-20,2026-08-20 14:55:00,23.1,23.155,23.08,23.155,218917.0
2026-08-20,2026-08-20 15:00:00,23.155,23.17,23.135,23.165,74286.0
2026-08-20,2026-08-20 15:05:00,23.165,23.205,23.15,23.185,60156.0
2026-08-20,2026-08-20 15:10:00,23.185,23.235,23.18,23.215,89022.0
2026-08-20,2026-08-20 15:15:00,23.21,23.225,23.19,23.225,52933.0
2026-08-20,2026-08-20 15:20:00,23.225,23.25,23.205,23.21,58975.0
2026-08-20,2026-08-20 15:25:00,23.2,23.25,23.2,23.235,55281.0
2026-08-20,2026-08-20 15:30:00,23.23,23.255,23.22,23.245,79431.0
2026-08-20,2026-08-20 15:35:00,23.245,23.295,23.2425,23.295,101362.0
2026-08-20,2026-08-20 15:40:00,23.295,23.3384,23.29,23.325,81986.0
2026-08-20,2026-08-20 15:45:00,23.325,23.345,23.3,23.34,94394.0
2026-08-20,2026-08-20 15:50:00,23.34,23.355,23.3,23.315,132743.0
2026-08-20,2026-08-20 15:55:00,23.32,23.355,23.28,23.315,159887.0
2026-08-20,2026-08-20 16:00:00,23.315,23.315,23.145,23.23,1789727.0
2026-08-21,2026-08-21 09:35:00,23.24,23.29,23.05,23.285,84748.0
2026-08-21,2026-08-21 09:40:00,23.29,23.49,23.28,23.43,67510.0
2026-08-21,2026-08-21 09:45:00,23.43,23.44,23.15,23.185,70682.0
2026-08-21,2026-08-21 09:50:00,23.175,23.19,23.02,23.06,65591.0
2026-08-21,2026-08-21 09:55:00,23.06,23.2,23.045,23.2,83002.0
2026-08-21,2026-08-21 10:00:00,23.21,23.285,23.1815,23.25,64617.0
2026-08-21,2026-08-21 10:05:00,23.25,23.28,23.185,23.27,51473.0
2026-08-21,2026-08-21 10:10:00,23.275,23.275,23.15,23.165,98893.0
2026-08-21,2026-08-21 10:15:00,23.165,23.26,23.15,23.23,77705.0
2026-08-21,2026-08-21 10:20:00,23.235,23.26,23.19,23.22,51773.0
2026-08-21,2026-08-21 10:25:00,23.225,23.245,23.17,23.245,30281.0
2026-08-21,2026-08-21 10:30:00,23.25,23.255,23.19,23.235,66106.0
2026-08-21,2026-08-21 10:35:00,23.23,23.365,23.225,23.335,192219.0
2026-08-21,2026-08-21 10:40:00,23.335,23.45,23.335,23.435,152610.0
2026-08-21,2026-08-21 10:45:00,23.44,23.46,23.415,23.435,41556.0
2026-08-21,2026-08-21 10:50:00,23.4351,23.46,23.38,23.44,83011.0
2026-08-21,2026-08-21 10:55:00,23.445,23.5605,23.445,23.56,103722.0
2026-08-21,2026-08-21 11:00:00,23.56,23.59,23.54,23.555,55950.0
2026-08-21,2026-08-21 11:05:00,23.555,23.58,23.515,23.53,58249.0
2026-08-21,2026-08-21 11:10:00,23.535,23.56,23.4601,23.48,36087.0
2026-08-21,2026-08-21 11:15:00,23.47,23.48,23.42,23.44,25728.0
2026-08-21,2026-08-21 11:20:00,23.43,23.46,23.41,23.43,18977.0
2026-08-21,2026-08-21 11:25:00,23.44,23.46,23.425,23.445,32537.0
2026-08-21,2026-08-21 11:30:00,23.44,23.56,23.435,23.54,91889.0
2026-08-21,2026-08-21 11:35:00,23.55,23.55,23.505,23.525,58122.0
2026-08-21,2026-08-21 11:40:00,23.525,23.53,23.5,23.52,44002.0
2026-08-21,2026-08-21 11:45:00,23.525,23.53,23.49,23.49,32357.0
2026-08-21,2026-08-21 11:50:00,23.495,23.53,23.49,23.515,46395.0
2026-08-21,2026-08-21 11:55:00,23.515,23.53,23.5,23.5,41911.0
2026-08-21,2026-08-21 12:00:00,23.5,23.555,23.485,23.545,42430.0
2026-08-21,2026-08-21 12:05:00,23.545,23.55,23.485,23.49,23915.0
2026-08-21,2026-08-21 12:10:00,23.482,23.51,23.48,23.485,33529.0
2026-08-21,2026-08-21 12:15:00,23.49,23.505,23.475,23.4901,25768.0
2026-08-21,2026-08-21 12:20:00,23.5,23.5051,23.45,23.465,101444.0
2026-08-21,2026-08-21 12:25:00,23.465,23.495,23.4425,23.465,32242.0
2026-08-21,2026-08-21 12:30:00,23.47,23.47,23.39,23.41,64453.0
2026-08-21,2026-08-21 12:35:00,23.41,23.445,23.4,23.435,32968.0
2026-08-21,2026-08-21 12:40:00,23.435,23.49,23.435,23.49,25806.0
2026-08-21,2026-08-21 12:45:00,23.5,23.5,23.465,23.475,24870.0
2026-08-21,2026-08-21 12:50:00,23.475,23.48,23.455,23.46,27135.0
2026-08-21,2026-08-21 12:55:00,23.465,23.465,23.44,23.465,35259.0
2026-08-21,2026-08-21 13:00:00,23.47,23.5,23.47,23.5,76503.0
2026-08-21,2026-08-21 13:05:00,23.495,23.5,23.475,23.495,24606.0
2026-08-21,2026-08-21 13:10:00,23.491,23.51,23.46,23.475,59014.0
2026-08-21,2026-08-21 13:15:00,23.48,23.5,23.475,23.495,33539.0
2026-08-21,2026-08-21 13:20:00,23.5,23.5,23.475,23.48,24306.0
2026-08-21,2026-08-21 13:25:00,23.48,23.485,23.465,23.47,27253.0
2026-08-21,2026-08-21 13:30:00,23.47,23.475,23.42,23.425,28050.0
2026-08-21,2026-08-21 13:35:00,23.42,23.425,23.395,23.42,31968.0
2026-08-21,2026-08-21 13:40:00,23.415,23.4373,23.385,23.405,116768.0
2026-08-21,2026-08-21 13:45:00,23.4,23.42,23.395,23.415,19280.0
2026-08-21,2026-08-21 13:50:00,23.415,23.44,23.395,23.3951,45970.0
2026-08-21,2026-08-21 13:55:00,23.395,23.405,23.36,23.37,28668.0
2026-08-21,2026-08-21 14:00:00,23.38,23.39,23.375,23.38,18603.0
2026-08-21,2026-08-21 14:05:00,23.38,23.38,23.355,23.36,27055.0
2026-08-21,2026-08-21 14:10:00,23.365,23.375,23.315,23.335,38822.0
2026-08-21,2026-08-21 14:15:00,23.34,23.375,23.3325,23.375,61811.0
2026-08-21,2026-08-21 14:20:00,23.37,23.375,23.3401,23.355,35206.0
2026-08-21,2026-08-21 14:25:00,23.355,23.36,23.31,23.31,33798.0
2026-08-21,2026-08-21 14:30:00,23.315,23.34,23.305,23.325,50278.0
2026-08-21,2026-08-21 14:35:00,23.33,23.33,23.31,23.33,38238.0
2026-08-21,2026-08-21 14:40:00,23.325,23.335,23.31,23.325,61006.0
2026-08-21,2026-08-21 14:45:00,23.32,23.365,23.315,23.36,76691.0
2026-08-21,2026-08-21 14:50:00,23.36,23.385,23.345,23.385,39508.0
2026-08-21,2026-08-21 14:55:00,23.385,23.415,23.375,23.405,50052.0
2026-08-21,2026-08-21 15:00:00,23.405,23.41,23.385,23.405,31739.0
2026-08-21,2026-08-21 15:05:00,23.4,23.41,23.365,23.365,37594.0
2026-08-21,2026-08-21 15:10:00,23.37,23.38,23.35,23.365,39805.0
2026-08-21,2026-08-21 15:15:00,23.36,23.385,23.33,23.335,54811.0
2026-08-21,2026-08-21 15:20:00,23.335,23.34,23.28,23.315,65806.0
2026-08-21,2026-08-21 15:25:00,23.32,23.325,23.285,23.315,71900.0
2026-08-21,2026-08-21 15:30:00,23.315,23.32,23.275,23.275,66213.0
2026-08-21,2026-08-21 15:35:00,23.28,23.305,23.275,23.295,69488.0
2026-08-21,2026-08-21 15:40:00,23.295,23.38,23.2901,23.375,147944.0
2026-08-21,2026-08-21 15:45:00,23.375,23.45,23.3725,23.425,210014.0
2026-08-21,2026-08-21 15:50:00,23.43,23.44,23.395,23.405,171069.0
2026-08-21,2026-08-21 15:55:00,23.4,23.4351,23.365,23.415,188057.0
2026-08-21,2026-08-21 16:00:00,23.415,23.425,23.3,23.4,1810812.0
2026-08-24,2026-08-24 09:35:00,23.23,23.4169,23.07,23.14,127945.0
2026-08-24,2026-08-24 09:40:00,23.14,23.25,23.075,23.235,89427.0
2026-08-24,2026-08-24 09:45:00,23.23,23.31,22.97,22.97,96271.0
2026-08-24,2026-08-24 09:50:00,22.97,23.11,22.86,23.07,82378.0
2026-08-24,2026-08-24 09:55:00,23.07,23.22,23.06,23.21,63619.0
2026-08-24,2026-08-24 10:00:00,23.23,23.28,23.14,23.21,105578.0
2026-08-24,2026-08-24 10:05:00,23.255,23.35,23.23,23.295,49914.0
2026-08-24,2026-08-24 10:10:00,23.31,23.36,23.28,23.34,67006.0
2026-08-24,2026-08-24 10:15:00,23.35,23.45,23.335,23.42,68881.0
2026-08-24,2026-08-24 10:20:00,23.42,23.475,23.4164,23.45,69366.0
2026-08-24,2026-08-24 10:25:00,23.46,23.498,23.43,23.465,51089.0
2026-08-24,2026-08-24 10:30:00,23.465,23.525,23.44,23.505,96944.0
2026-08-24,2026-08-24 10:35:00,23.505,23.51,23.41,23.435,45356.0
2026-08-24,2026-08-24 10:40:00,23.435,23.51,23.435,23.47,40935.0
2026-08-24,2026-08-24 10:45:00,23.48,23.505,23.425,23.445,45582.0
2026-08-24,2026-08-24 10:50:00,23.45,23.495,23.44,23.445,30502.0
2026-08-24,2026-08-24 10:55:00,23.45,23.47,23.42,23.46,50124.0
2026-08-24,2026-08-24 11:00:00,23.46,23.49,23.435,23.465,35831.0
2026-08-24,2026-08-24 11:05:00,23.465,23.495,23.405,23.405,42312.0
2026-08-24,2026-08-24 11:10:00,23.41,23.49,23.41,23.485,41996.0
2026-08-24,2026-08-24 11:15:00,23.48,23.485,23.435,23.445,37779.0
2026-08-24,2026-08-24 11:20:00,23.445,23.49,23.44,23.49,123168.0
2026-08-24,2026-08-24 11:25:00,23.49,23.49,23.43,23.45,31532.0
2026-08-24,2026-08-24 11:30:00,23.44,23.5,23.435,23.495,76001.0
2026-08-24,2026-08-24 11:35:00,23.49,23.49,23.42,23.45,60143.0
2026-08-24,2026-08-24 11:40:00,23.458,23.458,23.41,23.445,32993.0
2026-08-24,2026-08-24 11:45:00,23.45,23.455,23.38,23.385,48390.0
2026-08-24,2026-08-24 11:50:00,23.385,23.385,23.31,23.355,63862.0
2026-08-24,2026-08-24 11:55:00,23.36,23.405,23.36,23.37,45200.0
2026-08-24,2026-08-24 12:00:00,23.375,23.395,23.355,23.355,40317.0
2026-08-24,2026-08-24 12:05:00,23.355,23.42,23.355,23.395,66975.0
2026-08-24,2026-08-24 12:10:00,23.4,23.4,23.355,23.355,38189.0
2026-08-24,2026-08-24 12:15:00,23.355,23.36,23.31,23.315,36224.0
2026-08-24,2026-08-24 12:20:00,23.315,23.318,23.3,23.305,28124.0
2026-08-24,2026-08-24 12:25:00,23.3,23.33,23.3,23.315,41695.0
2026-08-24,2026-08-24 12:30:00,23.315,23.36,23.305,23.36,95650.0
2026-08-24,2026-08-24 12:35:00,23.36,23.37,23.33,23.345,52123.0
2026-08-24,2026-08-24 12:40:00,23.35,23.38,23.34,23.355,42418.0
2026-08-24,2026-08-24 12:45:00,23.356437,23.4,23.35,23.38,23913.0
2026-08-24,2026-08-24 12:50:00,23.385,23.435,23.385,23.43,35248.0
2026-08-24,2026-08-24 12:55:00,23.43,23.46,23.43,23.445,29639.0
2026-08-24,2026-08-24 13:00:00,23.45,23.47,23.445,23.455,23571.0
2026-08-24,2026-08-24 13:05:00,23.46,23.48,23.41,23.44,30795.0
2026-08-24,2026-08-24 13:10:00,23.44,23.455,23.419,23.435,20255.0
2026-08-24,2026-08-24 13:15:00,23.435,23.465,23.43,23.455,20505.0
2026-08-24,2026-08-24 13:20:00,23.455,23.68,23.445,23.605,297434.0
2026-08-24,2026-08-24 13:25:00,23.61,23.61,23.525,23.525,39328.0
2026-08-24,2026-08-24 13:30:00,23.525,23.56,23.515,23.54,42017.0
2026-08-24,2026-08-24 13:35:00,23.545,23.545,23.51,23.525,32533.0
2026-08-24,2026-08-24 13:40:00,23.525,23.535,23.49,23.5,37501.0
2026-08-24,2026-08-24 13:45:00,23.49,23.5,23.475,23.475,22045.0
2026-08-24,2026-08-24 13:50:00,23.475,23.48,23.44,23.445,25669.0
2026-08-24,2026-08-24 13:55:00,23.445,23.4551,23.415,23.425,32092.0
2026-08-24,2026-08-24 14:00:00,23.425,23.425,23.385,23.405,24846.0
2026-08-24,2026-08-24 14:05:00,23.405,23.47,23.405,23.465,23222.0
2026-08-24,2026-08-24 14:10:00,23.465,23.495,23.465,23.485,41650.0
2026-08-24,2026-08-24 14:15:00,23.485,23.515,23.47,23.515,80345.0
2026-08-24,2026-08-24 14:20:00,23.515,23.515,23.46,23.47,33972.0
2026-08-24,2026-08-24 14:25:00,23.46,23.515,23.46,23.5,29601.0
2026-08-24,2026-08-24 14:30:00,23.4999,23.555,23.495,23.53,74343.0
2026-08-24,2026-08-24 14:35:00,23.535,23.56,23.495,23.495,101426.0
2026-08-24,2026-08-24 14:40:00,23.495,23.505,23.425,23.43,64199.0
2026-08-24,2026-08-24 14:45:00,23.425,23.43,23.4,23.425,43419.0
2026-08-24,2026-08-24 14:50:00,23.43,23.46,23.43,23.455,34703.0
2026-08-24,2026-08-24 14:55:00,23.455,23.465,23.435,23.445,71130.0
2026-08-24,2026-08-24 15:00:00,23.445,23.4472,23.42,23.425,43478.0
2026-08-24,2026-08-24 15:05:00,23.425,23.45,23.42,23.435,67138.0
2026-08-24,2026-08-24 15:10:00,23.4306,23.45,23.43,23.445,45535.0
2026-08-24,2026-08-24 15:15:00,23.445,23.455,23.41,23.435,56389.0
2026-08-24,2026-08-24 15:20:00,23.435,23.44,23.4,23.415,73181.0
2026-08-24,2026-08-24 15:25:00,23.41,23.41,23.38,23.395,66741.0
2026-08-24,2026-08-24 15:30:00,23.395,23.42,23.395,23.41,87583.0
2026-08-24,2026-08-24 15:35:00,23.415,23.435,23.4,23.4012,145594.0
2026-08-24,2026-08-24 15:40:00,23.405,23.425,23.385,23.395,144527.0
2026-08-24,2026-08-24 15:45:00,23.395,23.405,23.365,23.39,105917.0
2026-08-24,2026-08-24 15:50:00,23.39,23.405,23.375,23.39,176777.0
2026-08-24,2026-08-24 15:55:00,23.38,23.435,23.38,23.415,403399.0
2026-08-24,2026-08-24 16:00:00,23.41,23.47,23.335,23.47,6399572.0
2026-08-25,2026-08-25 09:35:00,23.4,23.51,23.305,23.325,178368.0
2026-08-25,2026-08-25 09:40:00,23.35,23.5899,23.35,23.576,57748.0
2026-08-25,2026-08-25 09:45:00,23.59,23.63,23.5,23.61,207325.0
2026-08-25,2026-08-25 09:50:00,23.62,23.776,23.5819,23.625,73746.0
2026-08-25,2026-08-25 09:55:00,23.625,23.64,23.46,23.46,67471.0
2026-08-25,2026-08-25 10:00:00,23.465,23.52,23.435,23.505,43667.0
2026-08-25,2026-08-25 10:05:00,23.5,23.57,23.39,23.425,53915.0
2026-08-25,2026-08-25 10:10:00,23.415,23.49,23.36,23.49,65242.0
2026-08-25,2026-08-25 10:15:00,23.495,23.59,23.49,23.515,46557.0
2026-08-25,2026-08-25 10:20:00,23.515,23.54,23.475,23.515,43523.0
2026-08-25,2026-08-25 10:25:00,23.51,23.55,23.48,23.525,35861.0
2026-08-25,2026-08-25 10:30:00,23.53,23.615,23.53,23.57,65431.0
2026-08-25,2026-08-25 10:35:00,23.575,23.632613,23.54,23.545,70296.0
2026-08-25,2026-08-25 10:40:00,23.54,23.565,23.52,23.555,41447.0
2026-08-25,2026-08-25 10:45:00,23.56,23.565,23.4701,23.475,41484.0
2026-08-25,2026-08-25 10:50:00,23.475,23.53,23.46,23.47,38652.0
2026-08-25,2026-08-25 10:55:00,23.47,23.47,23.39,23.405,31268.0
2026-08-25,2026-08-25 11:00:00,23.405,23.415,23.33,23.33,56791.0
2026-08-25,2026-08-25 11:05:00,23.33,23.34,23.31,23.31,56912.0
2026-08-25,2026-08-25 11:10:00,23.32,23.36,23.3,23.33,44004.0
2026-08-25,2026-08-25 11:15:00,23.34,23.39,23.3,23.39,43931.0
2026-08-25,2026-08-25 11:20:00,23.39,23.445,23.385,23.41,104844.0
2026-08-25,2026-08-25 11:25:00,23.42,23.4399,23.4,23.42,34650.0
2026-08-25,2026-08-25 11:30:00,23.42,23.465,23.4101,23.45,54302.0
2026-08-25,2026-08-25 11:35:00,23.455,23.485,23.44,23.475,54044.0
2026-08-25,2026-08-25 11:40:00,23.475,23.6,23.465,23.595,124459.0
2026-08-25,2026-08-25 11:45:00,23.59,23.61,23.555,23.565,49413.0
2026-08-25,2026-08-25 11:50:00,23.565,23.565,23.4928,23.51,17561.0
2026-08-25,2026-08-25 11:55:00,23.53,23.555,23.515,23.525,39901.0
2026-08-25,2026-08-25 12:00:00,23.53,23.55,23.5,23.525,57414.0
2026-08-25,2026-08-25 12:05:00,23.53,23.555,23.52,23.525,51761.0
2026-08-25,2026-08-25 12:10:00,23.52,23.52,23.465,23.48,62452.0
2026-08-25,2026-08-25 12:15:00,23.475,23.49,23.465,23.475,37672.0
2026-08-25,2026-08-25 12:20:00,23.475,23.475,23.455,23.465,31250.0
2026-08-25,2026-08-25 12:25:00,23.465,23.475,23.415,23.475,96031.0
2026-08-25,2026-08-25 12:30:00,23.475,23.48,23.4603,23.47,23859.0
2026-08-25,2026-08-25 12:35:00,23.475,23.49,23.455,23.465,38868.0
2026-08-25,2026-08-25 12:40:00,23.46,23.485,23.455,23.475,25345.0
2026-08-25,2026-08-25 12:45:00,23.475,23.475,23.42,23.435,26969.0
2026-08-25,2026-08-25 12:50:00,23.435,23.44,23.415,23.415,44995.0
2026-08-25,2026-08-25 12:55:00,23.415,23.46,23.4049,23.46,83187.0
2026-08-25,2026-08-25 13:00:00,23.465,23.465,23.44,23.44,28643.0
2026-08-25,2026-08-25 13:05:00,23.445,23.475,23.445,23.47,54003.0
2026-08-25,2026-08-25 13:10:00,23.48,23.48,23.43,23.45,44215.0
2026-08-25,2026-08-25 13:15:00,23.45,23.45,23.42,23.435,51873.0
2026-08-25,2026-08-25 13:20:00,23.43,23.43,23.385,23.395,46948.0
2026-08-25,2026-08-25 13:25:00,23.395,23.395,23.355,23.375,36350.0
2026-08-25,2026-08-25 13:30:00,23.37,23.37,23.345,23.355,27689.0
2026-08-25,2026-08-25 13:35:00,23.355,23.378,23.35,23.355,39533.0
2026-08-25,2026-08-25 13:40:00,23.355,23.365,23.345,23.355,32763.0
2026-08-25,2026-08-25 13:45:00,23.355,23.385,23.355,23.365,34211.0
2026-08-25,2026-08-25 13:50:00,23.365,23.3851,23.355,23.355,32127.0
2026-08-25,2026-08-25 13:55:00,23.36,23.395,23.36,23.39,28852.0
2026-08-25,2026-08-25 14:00:00,23.385,23.4,23.375,23.39,32585.0
2026-08-25,2026-08-25 14:05:00,23.39,23.425,23.39,23.41,35493.0
2026-08-25,2026-08-25 14:10:00,23.415,23.415,23.37,23.39,38410.0
2026-08-25,2026-08-25 14:15:00,23.385,23.405,23.3801,23.389,28601.0
2026-08-25,2026-08-25 14:20:00,23.385,23.39,23.34,23.37,35392.0
2026-08-25,2026-08-25 14:25:00,23.37,23.4,23.37,23.38,43573.0
2026-08-25,2026-08-25 14:30:00,23.38,23.39,23.3525,23.385,27799.0
2026-08-25,2026-08-25 14:35:00,23.385,23.395,23.365,23.39,34123.0
2026-08-25,2026-08-25 14:40:00,23.385,23.44,23.355,23.435,47625.0
2026-08-25,2026-08-25 14:45:00,23.435,23.44,23.415,23.425,37213.0
2026-08-25,2026-08-25 14:50:00,23.425,23.49,23.425,23.475,39360.0
2026-08-25,2026-08-25 14:55:00,23.475,23.53,23.455,23.52,59701.0
2026-08-25,2026-08-25 15:00:00,23.515,23.615,23.515,23.615,176626.0
2026-08-25,2026-08-25 15:05:00,23.62,23.625,23.57,23.585,66138.0
2026-08-25,2026-08-25 15:10:00,23.585,23.595,23.525,23.525,72800.0
2026-08-25,2026-08-25 15:15:00,23.525,23.53,23.485,23.495,53964.0
2026-08-25,2026-08-25 15:20:00,23.4901,23.555,23.485,23.53,96030.0
2026-08-25,2026-08-25 15:25:00,23.53,23.58,23.5,23.545,157498.0
2026-08-25,2026-08-25 15:30:00,23.545,23.555,23.515,23.525,79468.0
2026-08-25,2026-08-25 15:35:00,23.52,23.565,23.52,23.55,160697.0
2026-08-25,2026-08-25 15:40:00,23.55,23.605,23.535,23.585,259545.0
2026-08-25,2026-08-25 15:45:00,23.585,23.615,23.57,23.595,132376.0
2026-08-25,2026-08-25 15:50:00,23.595,23.675,23.595,23.655,222534.0
2026-08-25,2026-08-25 15:55:00,23.65,23.725,23.64,23.725,205877.0
2026-08-25,2026-08-25 16:00:00,23.725,23.73,23.64,23.66,2500875.0
2026-08-26,2026-08-26 09:35:00,23.57,23.7,23.5,23.625,189231.0
2026-08-26,2026-08-26 09:40:00,23.61,23.79,23.32,23.35,322404.0
2026-08-26,2026-08-26 09:45:00,23.35,23.35,23.12,23.27,172565.0
2026-08-26,2026-08-26 09:50:00,23.3,23.5199,23.3,23.505,129593.0
2026-08-26,2026-08-26 09:55:00,23.53,23.57,23.44,23.45,62753.0
2026-08-26,2026-08-26 10:00:00,23.46,23.57,23.45,23.555,93695.0
2026-08-26,2026-08-26 10:05:00,23.57,23.59,23.5,23.545,68575.0
2026-08-26,2026-08-26 10:10:00,23.54,23.65,23.52,23.53,78689.0
2026-08-26,2026-08-26 10:15:00,23.53,23.56,23.255,23.32,203365.0
2026-08-26,2026-08-26 10:20:00,23.32,23.41,23.315,23.37,107980.0
2026-08-26,2026-08-26 10:25:00,23.37,23.47,23.37,23.415,37026.0
2026-08-26,2026-08-26 10:30:00,23.42,23.47,23.385,23.45,89594.0
2026-08-26,2026-08-26 10:35:00,23.44,23.47,23.41,23.47,44979.0
2026-08-26,2026-08-26 10:40:00,23.47,23.54,23.395,23.4,92769.0
2026-08-26,2026-08-26 10:45:00,23.4,23.41,23.35,23.38,42041.0
2026-08-26,2026-08-26 10:50:00,23.375,23.39,23.305,23.33,70789.0
2026-08-26,2026-08-26 10:55:00,23.33,23.34,23.265,23.33,60393.0
2026-08-26,2026-08-26 11:00:00,23.335,23.4,23.295,23.4,93997.0
2026-08-26,2026-08-26 11:05:00,23.39,23.41,23.315,23.34,49893.0
2026-08-26,2026-08-26 11:10:00,23.33,23.385,23.325,23.35,69558.0
2026-08-26,2026-08-26 11:15:00,23.355,23.405,23.345,23.395,80993.0
2026-08-26,2026-08-26 11:20:00,23.395,23.425,23.32,23.325,45718.0
2026-08-26,2026-08-26 11:25:00,23.33,23.35,23.24,23.27,93503.0
2026-08-26,2026-08-26 11:30:00,23.265,23.355,23.26,23.345,145553.0
2026-08-26,2026-08-26 11:35:00,23.345,23.36,23.33,23.335,57401.0
2026-08-26,2026-08-26 11:40:00,23.335,23.37,23.32,23.33,67687.0
2026-08-26,2026-08-26 11:45:00,23.325,23.37,23.315,23.33,89611.0
2026-08-26,2026-08-26 11:50:00,23.33,23.34,23.31,23.33,80151.0
2026-08-26,2026-08-26 11:55:00,23.33,23.34,23.3001,23.33,57137.0
2026-08-26,2026-08-26 12:00:00,23.33,23.335,23.26,23.265,75995.0
2026-08-26,2026-08-26 12:05:00,23.26,23.295,23.25,23.295,39335.0
2026-08-26,2026-08-26 12:10:00,23.295,23.295,23.265,23.285,57254.0
2026-08-26,2026-08-26 12:15:00,23.285,23.355,23.275,23.345,186689.0
2026-08-26,2026-08-26 12:20:00,23.345,23.35,23.3,23.305,78331.0
2026-08-26,2026-08-26 12:25:00,23.305,23.32,23.26,23.275,55091.0
2026-08-26,2026-08-26 12:30:00,23.275,23.285,23.255,23.275,94093.0
2026-08-26,2026-08-26 12:35:00,23.275,23.325,23.265,23.325,96689.0
2026-08-26,2026-08-26 12:40:00,23.325,23.33,23.305,23.305,105784.0
2026-08-26,2026-08-26 12:45:00,23.305,23.335,23.28,23.325,48291.0
2026-08-26,2026-08-26 12:50:00,23.3201,23.385,23.32,23.365,57836.0
2026-08-26,2026-08-26 12:55:00,23.365,23.375,23.345,23.345,34624.0
2026-08-26,2026-08-26 13:00:00,23.345,23.375,23.335,23.335,32012.0
2026-08-26,2026-08-26 13:05:00,23.33,23.375,23.325,23.375,36466.0
2026-08-26,2026-08-26 13:10:00,23.375,23.4,23.345,23.395,60442.0
2026-08-26,2026-08-26 13:15:00,23.39,23.395,23.34,23.37,66665.0
2026-08-26,2026-08-26 13:20:00,23.375,23.4,23.375,23.395,33353.0
2026-08-26,2026-08-26 13:25:00,23.395,23.4,23.28,23.28,126468.0
2026-08-26,2026-08-26 13:30:00,23.285,23.315,23.27,23.285,78195.0
2026-08-26,2026-08-26 13:35:00,23.28,23.315,23.275,23.295,56551.0
2026-08-26,2026-08-26 13:40:00,23.295,23.33,23.28,23.325,64303.0
2026-08-26,2026-08-26 13:45:00,23.33,23.36,23.325,23.335,130051.0
2026-08-26,2026-08-26 13:50:00,23.335,23.385,23.31,23.36,77824.0
2026-08-26,2026-08-26 13:55:00,23.355,23.425,23.35,23.425,94724.0
2026-08-26,2026-08-26 14:00:00,23.43,23.45,23.385,23.445,1099671.0
2026-08-26,2026-08-26 14:05:00,23.445,23.49,23.445,23.475,54665.0
2026-08-26,2026-08-26 14:10:00,23.475,23.5,23.44,23.455,62625.0
2026-08-26,2026-08-26 14:15:00,23.45,23.455,23.395,23.4245,42139.0
2026-08-26,2026-08-26 14:20:00,23.425,23.435,23.41,23.41,46666.0
2026-08-26,2026-08-26 14:25:00,23.415,23.44,23.405,23.405,35650.0
2026-08-26,2026-08-26 14:30:00,23.405,23.42,23.37,23.38,53066.0
2026-08-26,2026-08-26 14:35:00,23.38,23.45,23.38,23.42,44268.0
2026-08-26,2026-08-26 14:40:00,23.415,23.415,23.38,23.39,41417.0
2026-08-26,2026-08-26 14:45:00,23.39,23.405,23.375,23.395,49602.0
2026-08-26,2026-08-26 14:50:00,23.4,23.43,23.4,23.42,49004.0
2026-08-26,2026-08-26 14:55:00,23.42,23.425,23.385,23.425,54261.0
2026-08-26,2026-08-26 15:00:00,23.425,23.435,23.405,23.405,51440.0
2026-08-26,2026-08-26 15:05:00,23.41,23.475,23.41,23.45,42657.0
2026-08-26,2026-08-26 15:10:00,23.46,23.465,23.41,23.415,44796.0
2026-08-26,2026-08-26 15:15:00,23.41,23.43,23.395,23.405,51775.0
2026-08-26,2026-08-26 15:20:00,23.405,23.435,23.395,23.405,76546.0
2026-08-26,2026-08-26 15:25:00,23.405,23.425,23.39,23.415,70885.0
2026-08-26,2026-08-26 15:30:00,23.41,23.425,23.395,23.41,93227.0
2026-08-26,2026-08-26 15:35:00,23.405,23.415,23.355,23.355,157238.0
2026-08-26,2026-08-26 15:40:00,23.355,23.395,23.35,23.36,143814.0
2026-08-26,2026-08-26 15:45:00,23.36,23.385,23.35,23.385,134147.0
2026-08-26,2026-08-26 15:50:00,23.385,23.39,23.325,23.325,174992.0
2026-08-26,2026-08-26 15:55:00,23.33,23.43,23.305,23.365,564917.0
2026-08-26,2026-08-26 16:00:00,23.36,23.37,23.265,23.31,2449038.0
2026-08-27,2026-08-27 09:35:00,23.45,23.45,23.09,23.23,143340.0
2026-08-27,2026-08-27 09:40:00,23.23,23.285,23.17,23.185,52504.0
2026-08-27,2026-08-27 09:45:00,23.185,23.25,23.08,23.21,95664.0
2026-08-27,2026-08-27 09:50:00,23.225,23.45,23.225,23.41,92993.0
2026-08-27,2026-08-27 09:55:00,23.381,23.51,23.355,23.355,71512.0
2026-08-27,2026-08-27 10:00:00,23.36,23.46,23.355,23.41,48480.0
2026-08-27,2026-08-27 10:05:00,23.41,23.44,23.33,23.38,63395.0
2026-08-27,2026-08-27 10:10:00,23.39,23.48,23.39,23.45,89591.0
2026-08-27,2026-08-27 10:15:00,23.46,23.485,23.345,23.375,65875.0
2026-08-27,2026-08-27 10:20:00,23.38,23.43,23.37,23.37,54683.0
2026-08-27,2026-08-27 10:25:00,23.37,23.395,23.34,23.36,56492.0
2026-08-27,2026-08-27 10:30:00,23.355,23.36,23.085,23.1,151040.0
2026-08-27,2026-08-27 10:35:00,23.11,23.135,23.095,23.1,84312.0
2026-08-27,2026-08-27 10:40:00,23.1,23.2,23.1,23.115,69431.0
2026-08-27,2026-08-27 10:45:00,23.115,23.16,23.11,23.1173,61337.0
2026-08-27,2026-08-27 10:50:00,23.11,23.11,23.04,23.04,69974.0
2026-08-27,2026-08-27 10:55:00,23.035,23.075,23.0,23.05,39479.0
2026-08-27,2026-08-27 11:00:00,23.05,23.19,23.05,23.185,50366.0
2026-08-27,2026-08-27 11:05:00,23.185,23.26,23.16,23.255,61754.0
2026-08-27,2026-08-27 11:10:00,23.255,23.26,23.175,23.195,59228.0
2026-08-27,2026-08-27 11:15:00,23.2,23.24,23.17,23.19,45018.0
2026-08-27,2026-08-27 11:20:00,23.19,23.24,23.1635,23.21,43650.0
2026-08-27,2026-08-27 11:25:00,23.215,23.22,23.16,23.17,43041.0
2026-08-27,2026-08-27 11:30:00,23.17,23.17,23.12,23.125,50938.0
2026-08-27,2026-08-27 11:35:00,23.125,23.125,23.095,23.115,44547.0
2026-08-27,2026-08-27 11:40:00,23.11,23.185,23.11,23.145,36580.0
2026-08-27,2026-08-27 11:45:00,23.145,23.19,23.145,23.155,22109.0
2026-08-27,2026-08-27 11:50:00,23.155,23.185,23.12,23.175,42129.0
2026-08-27,2026-08-27 11:55:00,23.18,23.21,23.175,23.21,28606.0
2026-08-27,2026-08-27 12:00:00,23.205,23.27,23.205,23.245,57605.0
2026-08-27,2026-08-27 12:05:00,23.245,23.249,23.205,23.235,23985.0
2026-08-27,2026-08-27 12:10:00,23.235,23.255,23.23,23.245,29309.0
2026-08-27,2026-08-27 12:15:00,23.25,23.255,23.23,23.25,22855.0
2026-08-27,2026-08-27 12:20:00,23.25,23.25,23.2,23.225,26751.0
2026-08-27,2026-08-27 12:25:00,23.23,23.23,23.195,23.215,30639.0
2026-08-27,2026-08-27 12:30:00,23.215,23.24,23.21,23.2325,30167.0
2026-08-27,2026-08-27 12:35:00,23.235,23.265,23.235,23.255,32326.0
2026-08-27,2026-08-27 12:40:00,23.25,23.25,23.21,23.235,22579.0
2026-08-27,2026-08-27 12:45:00,23.235,23.24,23.215,23.215,23353.0
2026-08-27,2026-08-27 12:50:00,23.215,23.245,23.21,23.225,27692.0
2026-08-27,2026-08-27 12:55:00,23.225,23.229,23.21,23.215,35496.0
2026-08-27,2026-08-27 13:00:00,23.215,23.29,23.215,23.225,105614.0
2026-08-27,2026-08-27 13:05:00,23.225,23.245,23.215,23.235,30067.0
2026-08-27,2026-08-27 13:10:00,23.23,23.245,23.215,23.215,30026.0
2026-08-27,2026-08-27 13:15:00,23.215,23.225,23.19,23.195,36206.0
2026-08-27,2026-08-27 13:20:00,23.195,23.2,23.17,23.175,34667.0
2026-08-27,2026-08-27 13:25:00,23.175,23.185,23.17,23.175,21524.0
2026-08-27,2026-08-27 13:30:00,23.175,23.195,23.165,23.185,26525.0
2026-08-27,2026-08-27 13:35:00,23.185,23.215,23.182961,23.195,31114.0
2026-08-27,2026-08-27 13:40:00,23.195,23.195,23.145,23.195,40314.0
2026-08-27,2026-08-27 13:45:00,23.195,23.2,23.165,23.175,46167.0
2026-08-27,2026-08-27 13:50:00,23.175,23.185,23.17,23.175,21580.0
2026-08-27,2026-08-27 13:55:00,23.175,23.18,23.08,23.095,122540.0
2026-08-27,2026-08-27 14:00:00,23.09,23.09,23.04,23.045,47707.0
2026-08-27,2026-08-27 14:05:00,23.045,23.085,23.025,23.08,54974.0
2026-08-27,2026-08-27 14:10:00,23.075,23.09,23.02,23.03,52121.0
2026-08-27,2026-08-27 14:15:00,23.025,23.04,22.9505,22.9505,65394.0
2026-08-27,2026-08-27 14:20:00,22.955,22.965,22.93,22.965,68215.0
2026-08-27,2026-08-27 14:25:00,22.965,22.995,22.945,22.965,73757.0
2026-08-27,2026-08-27 14:30:00,22.965,22.965,22.91,22.935,42319.0
2026-08-27,2026-08-27 14:35:00,22.935,22.955,22.8547,22.855,237121.0
2026-08-27,2026-08-27 14:40:00,22.855,22.885,22.84,22.88,136718.0
2026-08-27,2026-08-27 14:45:00,22.88,22.885,22.855,22.865,82510.0
2026-08-27,2026-08-27 14:50:00,22.865,22.885,22.855,22.885,45078.0
2026-08-27,2026-08-27 14:55:00,22.88,22.915,22.875,22.905,60515.0
2026-08-27,2026-08-27 15:00:00,22.905,22.925,22.885,22.885,72108.0
2026-08-27,2026-08-27 15:05:00,22.885,22.92,22.885,22.895,54360.0
2026-08-27,2026-08-27 15:10:00,22.895,22.92,22.885,22.895,85515.0
2026-08-27,2026-08-27 15:15:00,22.895,22.895,22.865,22.875,71123.0
2026-08-27,2026-08-27 15:20:00,22.875,22.895,22.84,22.85,67955.0
2026-08-27,2026-08-27 15:25:00,22.855,22.875,22.84,22.86,68099.0
2026-08-27,2026-08-27 15:30:00,22.865,22.87,22.825,22.83,110376.0
2026-08-27,2026-08-27 15:35:00,22.825,22.889,22.825,22.865,118784.0
2026-08-27,2026-08-27 15:40:00,22.865,22.9,22.835,22.88,159115.0
2026-08-27,2026-08-27 15:45:00,22.875,22.88,22.845,22.86,131514.0
2026-08-27,2026-08-27 15:50:00,22.86,22.87,22.81,22.845,230049.0
2026-08-27,2026-08-27 15:55:00,22.84,22.85,22.805,22.835,242733.0
2026-08-27,2026-08-27 16:00:00,22.835,22.88,22.795,22.88,2174360.0
2026-08-28,2026-08-28 09:35:00,22.98,23.32,22.98,23.3099,92300.0
2026-08-28,2026-08-28 09:40:00,23.29,23.45,23.2637,23.36,174809.0
2026-08-28,2026-08-28 09:45:00,23.36,23.36,23.0985,23.15,27174.0
2026-08-28,2026-08-28 09:50:00,23.18,23.34,23.135,23.33,26905.0
2026-08-28,2026-08-28 09:55:00,23.33,23.38,23.29,23.305,26609.0
2026-08-28,2026-08-28 10:00:00,23.32,23.32,23.15,23.16,24013.0
2026-08-28,2026-08-28 10:05:00,23.15,23.25,23.13,23.25,50377.0
2026-08-28,2026-08-28 10:10:00,23.25,23.28,23.21,23.21,58562.0
2026-08-28,2026-08-28 10:15:00,23.215,23.23,23.175,23.18,26617.0
2026-08-28,2026-08-28 10:20:00,23.2,23.31,23.18,23.29,26619.0
2026-08-28,2026-08-28 10:25:00,23.29,23.35,23.25,23.26,46442.0
2026-08-28,2026-08-28 10:30:00,23.25,23.25,23.19,23.21,33496.0
2026-08-28,2026-08-28 10:35:00,23.22,23.23,23.18,23.195,24475.0
2026-08-28,2026-08-28 10:40:00,23.19,23.3,23.175,23.29,47219.0
2026-08-28,2026-08-28 10:45:00,23.29,23.336,23.28,23.32,19483.0
2026-08-28,2026-08-28 10:50:00,23.325,23.375,23.29,23.36,50817.0
2026-08-28,2026-08-28 10:55:00,23.365,23.41,23.35,23.355,61788.0
2026-08-28,2026-08-28 11:00:00,23.36,23.39,23.31,23.355,49269.0
2026-08-28,2026-08-28 11:05:00,23.355,23.45,23.35,23.44,152589.0
2026-08-28,2026-08-28 11:10:00,23.435,23.44,23.345,23.35,55150.0
2026-08-28,2026-08-28 11:15:00,23.355,23.37,23.32,23.345,69588.0
2026-08-28,2026-08-28 11:20:00,23.345,23.375,23.3,23.31,49044.0
2026-08-28,2026-08-28 11:25:00,23.31,23.36,23.3,23.33,53642.0
2026-08-28,2026-08-28 11:30:00,23.33,23.365,23.32,23.345,81085.0
2026-08-28,2026-08-28 11:35:00,23.345,23.355,23.33,23.355,35824.0
2026-08-28,2026-08-28 11:40:00,23.355,23.36,23.325,23.355,28758.0
2026-08-28,2026-08-28 11:45:00,23.36,23.38,23.34,23.345,23039.0
2026-08-28,2026-08-28 11:50:00,23.345,23.38,23.32,23.33,40304.0
2026-08-28,2026-08-28 11:55:00,23.33,23.34,23.26,23.28,40282.0
2026-08-28,2026-08-28 12:00:00,23.29,23.305,23.2514,23.255,22806.0
2026-08-28,2026-08-28 12:05:00,23.26,23.2771,23.23,23.245,24294.0
2026-08-28,2026-08-28 12:10:00,23.245,23.29,23.2,23.26,42199.0
2026-08-28,2026-08-28 12:15:00,23.26,23.28,23.24,23.245,24605.0
2026-08-28,2026-08-28 12:20:00,23.245,23.245,23.135,23.135,45696.0
2026-08-28,2026-08-28 12:25:00,23.135,23.15,23.045,23.065,32269.0
2026-08-28,2026-08-28 12:30:00,23.065,23.125,23.05,23.095,28493.0
2026-08-28,2026-08-28 12:35:00,23.095,23.205,23.095,23.165,35778.0
2026-08-28,2026-08-28 12:40:00,23.165,23.205,23.16,23.17,24972.0
2026-08-28,2026-08-28 12:45:00,23.16,23.17,23.11,23.13,31956.0
2026-08-28,2026-08-28 12:50:00,23.13,23.28,23.13,23.255,105359.0
2026-08-28,2026-08-28 12:55:00,23.255,23.255,23.175,23.185,31883.0
2026-08-28,2026-08-28 13:00:00,23.185,23.19,23.165,23.165,27181.0
2026-08-28,2026-08-28 13:05:00,23.16,23.165,23.125,23.135,27674.0
2026-08-28,2026-08-28 13:10:00,23.135,23.155,23.11,23.11,31917.0
2026-08-28,2026-08-28 13:15:00,23.11,23.19,23.11,23.19,26141.0
2026-08-28,2026-08-28 13:20:00,23.2,23.215,23.17,23.215,24535.0
2026-08-28,2026-08-28 13:25:00,23.215,23.22,23.195,23.21,21139.0
2026-08-28,2026-08-28 13:30:00,23.205,23.205,23.175,23.175,20966.0
2026-08-28,2026-08-28 13:35:00,23.175,23.21,23.16,23.205,29053.0
2026-08-28,2026-08-28 13:40:00,23.205,23.205,23.165,23.19,30531.0
2026-08-28,2026-08-28 13:45:00,23.18,23.19,23.155,23.17,16497.0
2026-08-28,2026-08-28 13:50:00,23.165,23.195,23.165,23.18,23920.0
2026-08-28,2026-08-28 13:55:00,23.185,23.2,23.16,23.19,42588.0
2026-08-28,2026-08-28 14:00:00,23.185,23.2,23.1701,23.185,28648.0
2026-08-28,2026-08-28 14:05:00,23.18,23.21,23.1725,23.205,23424.0
2026-08-28,2026-08-28 14:10:00,23.2,23.205,23.175,23.2,36318.0
2026-08-28,2026-08-28 14:15:00,23.2,23.205,23.155,23.175,30211.0
2026-08-28,2026-08-28 14:20:00,23.175,23.195,23.17,23.19,30714.0
2026-08-28,2026-08-28 14:25:00,23.19,23.195,23.14,23.14,28552.0
2026-08-28,2026-08-28 14:30:00,23.14,23.185,23.12,23.18,61617.0
2026-08-28,2026-08-28 14:35:00,23.18,23.2,23.17,23.18,70309.0
2026-08-28,2026-08-28 14:40:00,23.185,23.235,23.16,23.16,89539.0
2026-08-28,2026-08-28 14:45:00,23.165,23.2,23.165,23.175,47992.0
2026-08-28,2026-08-28 14:50:00,23.175,23.185,23.12,23.12,49705.0
2026-08-28,2026-08-28 14:55:00,23.125,23.135,23.1,23.125,86641.0
2026-08-28,2026-08-28 15:00:00,23.13,23.14,23.115,23.13,36311.0
2026-08-28,2026-08-28 15:05:00,23.135,23.17,23.135,23.165,41400.0
2026-08-28,2026-08-28 15:10:00,23.175,23.19,23.165,23.19,36163.0
2026-08-28,2026-08-28 15:15:00,23.185,23.205,23.165,23.185,43295.0
2026-08-28,2026-08-28 15:20:00,23.185,23.21,23.18,23.195,39142.0
2026-08-28,2026-08-28 15:25:00,23.195,23.225,23.185,23.19,52032.0
2026-08-28,2026-08-28 15:30:00,23.195,23.215,23.18,23.2,95277.0
2026-08-28,2026-08-28 15:35:00,23.195,23.225,23.17,23.205,102263.0
2026-08-28,2026-08-28 15:40:00,23.21,23.21,23.19,23.21,78466.0
2026-08-28,2026-08-28 15:45:00,23.21,23.22,23.18,23.185,79167.0
2026-08-28,2026-08-28 15:50:00,23.185,23.195,23.15,23.175,97733.0
2026-08-28,2026-08-28 15:55:00,23.18,23.24,23.165,23.205,139467.0
2026-08-28,2026-08-28 16:00:00,23.21,23.225,23.17,23.19,2770882.0
2026-08-31,2026-08-31 09:35:00,22.09,22.5,22.03,22.12,544562.0
2026-08-31,2026-08-31 09:40:00,22.14,22.32,22.07,22.3,134275.0
2026-08-31,2026-08-31 09:45:00,22.3,22.37,22.0719,22.215,152820.0
2026-08-31,2026-08-31 09:50:00,22.21,22.215,21.96,22.01,332449.0
2026-08-31,2026-08-31 09:55:00,22.0,22.15,21.965,22.14,103006.0
2026-08-31,2026-08-31 10:00:00,22.14,22.1862,22.05,22.09,253951.0
2026-08-31,2026-08-31 10:05:00,22.09,22.155,22.04,22.11,116478.0
2026-08-31,2026-08-31 10:10:00,22.1,22.1,21.95,21.96,146368.0
2026-08-31,2026-08-31 10:15:00,21.96,22.055,21.96,21.97,159804.0
2026-08-31,2026-08-31 10:20:00,21.98,22.065,21.97,22.065,102512.0
2026-08-31,2026-08-31 10:25:00,22.07,22.07,21.99,22.02,185439.0
2026-08-31,2026-08-31 10:30:00,22.02,22.115,21.955,22.055,242387.0
2026-08-31,2026-08-31 10:35:00,22.07,22.115,21.83,21.8399,333807.0
2026-08-31,2026-08-31 10:40:00,21.84,21.935,21.84,21.895,117714.0
2026-08-31,2026-08-31 10:45:00,21.895,21.925,21.78,21.795,187817.0
2026-08-31,2026-08-31 10:50:00,21.79,21.845,21.78,21.795,94493.0
2026-08-31,2026-08-31 10:55:00,21.795,21.805,21.725,21.735,234376.0
2026-08-31,2026-08-31 11:00:00,21.735,21.825,21.735,21.795,88030.0
2026-08-31,2026-08-31 11:05:00,21.79,21.815,21.67,21.675,156985.0
2026-08-31,2026-08-31 11:10:00,21.675,21.72,21.655,21.705,137503.0
2026-08-31,2026-08-31 11:15:00,21.705,21.77,21.69,21.735,445737.0
2026-08-31,2026-08-31 11:20:00,21.735,21.78,21.73,21.7588,81115.0
2026-08-31,2026-08-31 11:25:00,21.755,21.79,21.71,21.735,152073.0
2026-08-31,2026-08-31 11:30:00,21.73,21.735,21.67,21.675,106581.0
2026-08-31,2026-08-31 11:35:00,21.675,21.68,21.605,21.6399,109388.0
2026-08-31,2026-08-31 11:40:00,21.6395,21.66,21.615,21.63,363196.0
2026-08-31,2026-08-31 11:45:00,21.6303,21.6455,21.61,21.61,230523.0
2026-08-31,2026-08-31 11:50:00,21.615,21.645,21.615,21.645,119527.0
2026-08-31,2026-08-31 11:55:00,21.645,21.68,21.645,21.655,105938.0
2026-08-31,2026-08-31 12:00:00,21.655,21.655,21.56,21.56,106730.0
2026-08-31,2026-08-31 12:05:00,21.565,21.615,21.555,21.595,196787.0
2026-08-31,2026-08-31 12:10:00,21.595,21.67,21.585,21.665,470494.0
2026-08-31,2026-08-31 12:15:00,21.665,21.78,21.665,21.77,150003.0
2026-08-31,2026-08-31 12:20:00,21.775,21.79,21.63,21.635,167101.0
2026-08-31,2026-08-31 12:25:00,21.635,21.64,21.51,21.52,406110.0
2026-08-31,2026-08-31 12:30:00,21.515,21.62,21.505,21.585,479353.0
2026-08-31,2026-08-31 12:35:00,21.585,21.6651,21.58,21.625,342803.0
2026-08-31,2026-08-31 12:40:00,21.625,21.655,21.59,21.595,132370.0
2026-08-31,2026-08-31 12:45:00,21.595,21.715,21.595,21.715,242020.0
2026-08-31,2026-08-31 12:50:00,21.71,21.74,21.68,21.7,91847.0
2026-08-31,2026-08-31 12:55:00,21.69,21.7,21.64,21.645,77412.0
2026-08-31,2026-08-31 13:00:00,21.645,21.67,21.61,21.612,50484.0
2026-08-31,2026-08-31 13:05:00,21.61,21.625,21.575,21.585,137805.0
2026-08-31,2026-08-31 13:10:00,21.59,21.595,21.545,21.545,61712.0
2026-08-31,2026-08-31 13:15:00,21.55,21.64,21.545,21.64,453020.0
2026-08-31,2026-08-31 13:20:00,21.645,21.65,21.605,21.605,85977.0
2026-08-31,2026-08-31 13:25:00,21.605,21.64,21.585,21.635,259294.0
2026-08-31,2026-08-31 13:30:00,21.635,21.675,21.61,21.675,230351.0
2026-08-31,2026-08-31 13:35:00,21.6799,21.735,21.665,21.705,188214.0
2026-08-31,2026-08-31 13:40:00,21.701702,21.715,21.675,21.715,95810.0
2026-08-31,2026-08-31 13:45:00,21.715,21.77,21.71,21.755,183989.0
2026-08-31,2026-08-31 13:50:00,21.755,21.785,21.725,21.741,258840.0
2026-08-31,2026-08-31 13:55:00,21.745,21.78,21.675,21.675,126236.0
2026-08-31,2026-08-31 14:00:00,21.68,21.685,21.615,21.62,55184.0
2026-08-31,2026-08-31 14:05:00,21.615,21.72,21.605,21.67,157798.0
2026-08-31,2026-08-31 14:10:00,21.66,21.6699,21.62,21.64,106820.0
2026-08-31,2026-08-31 14:15:00,21.63,21.655,21.625,21.645,110133.0
2026-08-31,2026-08-31 14:20:00,21.6497,21.71,21.64,21.645,102617.0
2026-08-31,2026-08-31 14:25:00,21.64,21.655,21.54,21.541,154662.0
2026-08-31,2026-08-31 14:30:00,21.545,21.56,21.505,21.5153,92212.0
2026-08-31,2026-08-31 14:35:00,21.515,21.525,21.45,21.455,282936.0
2026-08-31,2026-08-31 14:40:00,21.455,21.52,21.4245,21.435,244123.0
2026-08-31,2026-08-31 14:45:00,21.435,21.44,21.39,21.4001,285195.0
2026-08-31,2026-08-31 14:50:00,21.405,21.465,21.382,21.435,171844.0
2026-08-31,2026-08-31 14:55:00,21.435,21.49,21.435,21.485,177687.0
2026-08-31,2026-08-31 15:00:00,21.485,21.4851,21.435,21.475,165552.0
2026-08-31,2026-08-31 15:05:00,21.475,21.58,21.46,21.535,243037.0
2026-08-31,2026-08-31 15:10:00,21.53,21.58,21.46,21.565,419812.0
2026-08-31,2026-08-31 15:15:00,21.57,21.75,21.56,21.675,738709.0
2026-08-31,2026-08-31 15:20:00,21.675,21.695,21.55,21.56,297759.0
2026-08-31,2026-08-31 15:25:00,21.55,21.579,21.515,21.545,230874.0
2026-08-31,2026-08-31 15:30:00,21.54,21.575,21.53,21.575,195322.0
2026-08-31,2026-08-31 15:35:00,21.575,21.655,21.545,21.63,313663.0
2026-08-31,2026-08-31 15:40:00,21.635,21.865,21.6,21.82,1382164.0
2026-08-31,2026-08-31 15:45:00,21.815,21.815,21.665,21.665,235200.0
2026-08-31,2026-08-31 15:50:00,21.665,21.705,21.63,21.675,321217.0
2026-08-31,2026-08-31 15:55:00,21.68,21.9,21.68,21.9,527684.0
2026-08-31,2026-08-31 16:00:00,21.9,21.914,21.575,21.71,5001377.0
2026-09-01,2026-09-01 09:35:00,21.61,21.725,21.48,21.7,161191.0
2026-09-01,2026-09-01 09:40:00,21.7,21.73,21.57,21.585,91660.0
2026-09-01,2026-09-01 09:45:00,21.58,21.65,21.53,21.545,75145.0
2026-09-01,2026-09-01 09:50:00,21.545,21.74,21.54,21.74,80922.0
2026-09-01,2026-09-01 09:55:00,21.75,21.77,21.615,21.615,79729.0
2026-09-01,2026-09-01 10:00:00,21.615,21.65,21.53,21.55,63454.0
2026-09-01,2026-09-01 10:05:00,21.54,21.57,21.46,21.47,86744.0
2026-09-01,2026-09-01 10:10:00,21.475,21.605,21.475,21.595,86835.0
2026-09-01,2026-09-01 10:15:00,21.5998,21.615,21.53,21.595,310028.0
2026-09-01,2026-09-01 10:20:00,21.595,21.62,21.5701,21.6,65697.0
2026-09-01,2026-09-01 10:25:00,21.595,21.63,21.565,21.605,84657.0
2026-09-01,2026-09-01 10:30:00,21.605,21.705,21.58,21.69,100613.0
2026-09-01,2026-09-01 10:35:00,21.685,21.85,21.675,21.85,137962.0
2026-09-01,2026-09-01 10:40:00,21.85,21.875,21.78,21.79,173873.0
2026-09-01,2026-09-01 10:45:00,21.795,21.86,21.79,21.85,75094.0
2026-09-01,2026-09-01 10:50:00,21.855,21.895,21.8327,21.85,100837.0
2026-09-01,2026-09-01 10:55:00,21.84,21.8599,21.775,21.785,117571.0
2026-09-01,2026-09-01 11:00:00,21.79,21.795,21.725,21.74,229218.0
2026-09-01,2026-09-01 11:05:00,21.74,21.745,21.61,21.61,106577.0
2026-09-01,2026-09-01 11:10:00,21.615,21.62,21.52,21.565,50979.0
2026-09-01,2026-09-01 11:15:00,21.56,21.605,21.55,21.575,51027.0
2026-09-01,2026-09-01 11:20:00,21.575,21.61,21.565,21.59,69934.0
2026-09-01,2026-09-01 11:25:00,21.5936,21.5936,21.535,21.56,43196.0
2026-09-01,2026-09-01 11:30:00,21.5614,21.59,21.555,21.57,40983.0
2026-09-01,2026-09-01 11:35:00,21.565,21.6,21.545,21.575,54940.0
2026-09-01,2026-09-01 11:40:00,21.575,21.59,21.56,21.58,59425.0
2026-09-01,2026-09-01 11:45:00,21.575,21.59,21.55,21.575,60101.0
2026-09-01,2026-09-01 11:50:00,21.575,21.6,21.57,21.585,40066.0
2026-09-01,2026-09-01 11:55:00,21.585,21.6,21.57,21.59,34001.0
2026-09-01,2026-09-01 12:00:00,21.59,21.6,21.575,21.59,42794.0
2026-09-01,2026-09-01 12:05:00,21.595,21.595,21.54,21.56,43270.0
2026-09-01,2026-09-01 12:10:00,21.56,21.58,21.54,21.545,58505.0
2026-09-01,2026-09-01 12:15:00,21.545,21.55,21.5,21.5,104500.0
2026-09-01,2026-09-01 12:20:00,21.5,21.52,21.48,21.5,116350.0
2026-09-01,2026-09-01 12:25:00,21.505,21.535,21.49,21.505,49100.0
2026-09-01,2026-09-01 12:30:00,21.505,21.52,21.5,21.515,36918.0
2026-09-01,2026-09-01 12:35:00,21.515,21.52,21.495,21.515,40228.0
2026-09-01,2026-09-01 12:40:00,21.52,21.5458,21.52,21.54,40863.0
2026-09-01,2026-09-01 12:45:00,21.54,21.54,21.505,21.51,32236.0
2026-09-01,2026-09-01 12:50:00,21.515,21.52,21.49,21.495,48405.0
2026-09-01,2026-09-01 12:55:00,21.495,21.507343,21.49,21.5,53666.0
2026-09-01,2026-09-01 13:00:00,21.505,21.52,21.49,21.505,53436.0
2026-09-01,2026-09-01 13:05:00,21.5,21.515,21.49,21.495,31041.0
2026-09-01,2026-09-01 13:10:00,21.495,21.505,21.48,21.5,35492.0
2026-09-01,2026-09-01 13:15:00,21.495,21.53,21.495,21.515,38312.0
2026-09-01,2026-09-01 13:20:00,21.515,21.549,21.51,21.549,51335.0
2026-09-01,2026-09-01 13:25:00,21.54,21.54,21.51,21.52,26465.0
2026-09-01,2026-09-01 13:30:00,21.515,21.515,21.49,21.495,32481.0
2026-09-01,2026-09-01 13:35:00,21.495,21.52,21.485,21.495,47951.0
2026-09-01,2026-09-01 13:40:00,21.495,21.495,21.48,21.485,17693.0
2026-09-01,2026-09-01 13:45:00,21.485,21.5,21.47,21.495,33298.0
2026-09-01,2026-09-01 13:50:00,21.495,21.5,21.455,21.455,46588.0
2026-09-01,2026-09-01 13:55:00,21.46,21.465,21.45,21.45,75282.0
2026-09-01,2026-09-01 14:00:00,21.455,21.46,21.44,21.445,58821.0
2026-09-01,2026-09-01 14:05:00,21.445,21.45,21.39,21.4,75054.0
2026-09-01,2026-09-01 14:10:00,21.405,21.41,21.395,21.395,33136.0
2026-09-01,2026-09-01 14:15:00,21.4,21.405,21.385,21.405,32212.0
2026-09-01,2026-09-01 14:20:00,21.405,21.415,21.37,21.395,39981.0
2026-09-01,2026-09-01 14:25:00,21.39,21.39,21.35,21.36,73931.0
2026-09-01,2026-09-01 14:30:00,21.36,21.365,21.28,21.295,95766.0
2026-09-01,2026-09-01 14:35:00,21.2965,21.3,21.28,21.295,56143.0
2026-09-01,2026-09-01 14:40:00,21.295,21.325,21.28,21.2801,69650.0
2026-09-01,2026-09-01 14:45:00,21.28,21.285,21.23,21.23,42161.0
2026-09-01,2026-09-01 14:50:00,21.225,21.24,21.22,21.2319,52626.0
2026-09-01,2026-09-01 14:55:00,21.235,21.25,21.22,21.245,57516.0
2026-09-01,2026-09-01 15:00:00,21.245,21.255,21.22,21.235,134947.0
2026-09-01,2026-09-01 15:05:00,21.23,21.26,21.23,21.23,88843.0
2026-09-01,2026-09-01 15:10:00,21.23,21.24,21.21,21.23,37557.0
2026-09-01,2026-09-01 15:15:00,21.24,21.2498,21.22,21.245,204168.0
2026-09-01,2026-09-01 15:20:00,21.24,21.245,21.21,21.225,83026.0
2026-09-01,2026-09-01 15:25:00,21.22,21.24,21.211,21.23,95080.0
2026-09-01,2026-09-01 15:30:00,21.235,21.28,21.23,21.235,147718.0
2026-09-01,2026-09-01 15:35:00,21.235,21.245,21.155,21.24,185490.0
2026-09-01,2026-09-01 15:40:00,21.245,21.265,21.23,21.245,157666.0
2026-09-01,2026-09-01 15:45:00,21.24,21.259,21.2125,21.225,180494.0
2026-09-01,2026-09-01 15:50:00,21.22,21.23,21.16,21.225,277853.0
2026-09-01,2026-09-01 15:55:00,21.23,21.255,21.175,21.24,344834.0
2026-09-01,2026-09-01 16:00:00,21.24,21.27,21.19,21.25,3131533.0
2026-09-02,2026-09-02 09:35:00,21.27,21.34,21.0,21.33,192494.0
2026-09-02,2026-09-02 09:40:00,21.3,21.305,21.03,21.07,84903.0
2026-09-02,2026-09-02 09:45:00,21.08,21.25,21.08,21.2115,82377.0
2026-09-02,2026-09-02 09:50:00,21.24,21.29,21.19,21.285,141430.0
2026-09-02,2026-09-02 09:55:00,21.295,21.35,21.29,21.32,113697.0
2026-09-02,2026-09-02 10:00:00,21.32,21.4,21.2403,21.3,201294.0
2026-09-02,2026-09-02 10:05:00,21.31,21.395,21.26,21.35,229642.0
2026-09-02,2026-09-02 10:10:00,21.36,21.42,21.34,21.34,61085.0
2026-09-02,2026-09-02 10:15:00,21.35,21.4,21.33,21.34,89712.0
2026-09-02,2026-09-02 10:20:00,21.34,21.355,21.28,21.285,91258.0
2026-09-02,2026-09-02 10:25:00,21.28,21.365,21.265,21.34,117303.0
2026-09-02,2026-09-02 10:30:00,21.32,21.33,21.28,21.29,43430.0
2026-09-02,2026-09-02 10:35:00,21.29,21.29,21.225,21.24,72608.0
2026-09-02,2026-09-02 10:40:00,21.245,21.3,21.245,21.275,44533.0
2026-09-02,2026-09-02 10:45:00,21.275,21.295,21.25,21.26,127419.0
2026-09-02,2026-09-02 10:50:00,21.265,21.27,21.19,21.23,36147.0
2026-09-02,2026-09-02 10:55:00,21.24,21.31,21.225,21.279,64289.0
2026-09-02,2026-09-02 11:00:00,21.28,21.3,21.25,21.3,46164.0
2026-09-02,2026-09-02 11:05:00,21.29,21.31,21.265,21.3,38518.0
2026-09-02,2026-09-02 11:10:00,21.29,21.315,21.225,21.255,67085.0
2026-09-02,2026-09-02 11:15:00,21.255,21.325,21.2508,21.32,57822.0
2026-09-02,2026-09-02 11:20:00,21.32,21.345,21.28,21.345,88575.0
2026-09-02,2026-09-02 11:25:00,21.345,21.37,21.335,21.365,75609.0
2026-09-02,2026-09-02 11:30:00,21.365,21.395,21.35,21.385,65666.0
2026-09-02,2026-09-02 11:35:00,21.385,21.385,21.165,21.205,183051.0
2026-09-02,2026-09-02 11:40:00,21.205,21.21,21.16,21.195,145501.0
2026-09-02,2026-09-02 11:45:00,21.2,21.215,21.165,21.17,77353.0
2026-09-02,2026-09-02 11:50:00,21.17,21.225,21.15,21.225,192162.0
2026-09-02,2026-09-02 11:55:00,21.225,21.23,21.18,21.18,116041.0
2026-09-02,2026-09-02 12:00:00,21.18,21.185,21.15,21.175,56383.0
2026-09-02,2026-09-02 12:05:00,21.17,21.225,21.15,21.21,278334.0
2026-09-02,2026-09-02 12:10:00,21.205,21.21,21.16,21.205,45354.0
2026-09-02,2026-09-02 12:15:00,21.205,21.23,21.205,21.215,135377.0
2026-09-02,2026-09-02 12:20:00,21.2101,21.25,21.19,21.205,140936.0
2026-09-02,2026-09-02 12:25:00,21.205,21.22,21.15,21.175,67428.0
2026-09-02,2026-09-02 12:30:00,21.18,21.21,21.16,21.205,61779.0
2026-09-02,2026-09-02 12:35:00,21.205,21.22,21.16,21.16,75939.0
2026-09-02,2026-09-02 12:40:00,21.165,21.215,21.1601,21.21,54450.0
2026-09-02,2026-09-02 12:45:00,21.205,21.21,21.18,21.185,49950.0
2026-09-02,2026-09-02 12:50:00,21.185,21.215,21.16,21.1823,134217.0
2026-09-02,2026-09-02 12:55:00,21.18,21.2799,21.17,21.265,308028.0
2026-09-02,2026-09-02 13:00:00,21.265,21.27,21.221,21.221,111034.0
2026-09-02,2026-09-02 13:05:00,21.225,21.245,21.22,21.225,83726.0
2026-09-02,2026-09-02 13:10:00,21.23,21.245,21.215,21.225,46597.0
2026-09-02,2026-09-02 13:15:00,21.225,21.245,21.22,21.2203,34093.0
2026-09-02,2026-09-02 13:20:00,21.22,21.22,21.19,21.195,86025.0
2026-09-02,2026-09-02 13:25:00,21.19,21.22,21.185,21.2,56587.0
2026-09-02,2026-09-02 13:30:00,21.205,21.23,21.18,21.22,66983.0
2026-09-02,2026-09-02 13:35:00,21.225,21.23,21.175,21.185,89443.0
2026-09-02,2026-09-02 13:40:00,21.185,21.195,21.155,21.175,71566.0
2026-09-02,2026-09-02 13:45:00,21.175,21.235,21.15,21.16,488130.0
2026-09-02,2026-09-02 13:50:00,21.16,21.255,21.16,21.235,141867.0
2026-09-02,2026-09-02 13:55:00,21.235,21.245,21.19,21.215,82015.0
2026-09-02,2026-09-02 14:00:00,21.21,21.26,21.195,21.24,122423.0
2026-09-02,2026-09-02 14:05:00,21.245,21.245,21.22,21.225,160158.0
2026-09-02,2026-09-02 14:10:00,21.225,21.23,21.205,21.225,80199.0
2026-09-02,2026-09-02 14:15:00,21.225,21.24,21.21,21.235,56511.0
2026-09-02,2026-09-02 14:20:00,21.235,21.255,21.2,21.255,114991.0
2026-09-02,2026-09-02 14:25:00,21.255,21.255,21.23,21.245,56640.0
2026-09-02,2026-09-02 14:30:00,21.245,21.245,21.205,21.225,81133.0
2026-09-02,2026-09-02 14:35:00,21.225,21.235,21.21,21.215,98877.0
2026-09-02,2026-09-02 14:40:00,21.22,21.24,21.21,21.235,79798.0
2026-09-02,2026-09-02 14:45:00,21.235,21.24,21.185,21.2,138745.0
2026-09-02,2026-09-02 14:50:00,21.205,21.21,21.1446,21.175,91855.0
2026-09-02,2026-09-02 14:55:00,21.175,21.185,21.12,21.125,119438.0
2026-09-02,2026-09-02 15:00:00,21.125,21.135,21.11,21.12,84549.0
2026-09-02,2026-09-02 15:05:00,21.125,21.145,21.105,21.115,118344.0
2026-09-02,2026-09-02 15:10:00,21.115,21.13,21.085,21.125,129088.0
2026-09-02,2026-09-02 15:15:00,21.13,21.1351,21.07,21.075,126745.0
2026-09-02,2026-09-02 15:20:00,21.075,21.11,21.055,21.105,124653.0
2026-09-02,2026-09-02 15:25:00,21.105,21.145,21.0901,21.115,189305.0
2026-09-02,2026-09-02 15:30:00,21.115,21.15,21.1,21.145,158104.0
2026-09-02,2026-09-02 15:35:00,21.145,21.15,21.075,21.105,256574.0
2026-09-02,2026-09-02 15:40:00,21.105,21.105,21.05,21.065,225255.0
2026-09-02,2026-09-02 15:45:00,21.06,21.17,21.06,21.17,238084.0
2026-09-02,2026-09-02 15:50:00,21.165,21.245,21.16,21.215,426254.0
2026-09-02,2026-09-02 15:55:00,21.21,21.28,21.16,21.265,416835.0
2026-09-02,2026-09-02 16:00:00,21.27,21.285,21.18,21.22,3372935.0
2026-09-03,2026-09-03 09:35:00,21.4,21.74,21.35,21.73,263193.0
2026-09-03,2026-09-03 09:40:00,21.73,21.75,21.605,21.7,161681.0
2026-09-03,2026-09-03 09:45:00,21.7,21.83,21.6,21.83,228859.0
2026-09-03,2026-09-03 09:50:00,21.84,21.916,21.78,21.815,175884.0
2026-09-03,2026-09-03 09:55:00,21.82,21.84,21.75,21.77,163792.0
2026-09-03,2026-09-03 10:00:00,21.77,21.78,21.7,21.73,99001.0
2026-09-03,2026-09-03 10:05:00,21.735,21.74,21.64,21.64,126360.0
2026-09-03,2026-09-03 10:10:00,21.65,21.67,21.49,21.52,265569.0
2026-09-03,2026-09-03 10:15:00,21.525,21.525,21.31,21.39,114196.0
2026-09-03,2026-09-03 10:20:00,21.38,21.38,21.225,21.225,130359.0
2026-09-03,2026-09-03 10:25:00,21.225,21.26,21.17,21.195,104807.0
2026-09-03,2026-09-03 10:30:00,21.195,21.23,21.175,21.2,129687.0
2026-09-03,2026-09-03 10:35:00,21.2,21.245,21.15,21.155,75372.0
2026-09-03,2026-09-03 10:40:00,21.16,21.175,21.04,21.045,56501.0
2026-09-03,2026-09-03 10:45:00,21.045,21.08,21.035,21.06,65858.0
2026-09-03,2026-09-03 10:50:00,21.06,21.075,21.015,21.055,67135.0
2026-09-03,2026-09-03 10:55:00,21.06,21.06,20.845,20.895,126419.0
2026-09-03,2026-09-03 11:00:00,20.895,20.94,20.86,20.915,109512.0
2026-09-03,2026-09-03 11:05:00,20.92,20.925,20.87,20.915,91981.0
2026-09-03,2026-09-03 11:10:00,20.92,20.97,20.91,20.9499,56357.0
2026-09-03,2026-09-03 11:15:00,20.945,20.99,20.92,20.945,104457.0
2026-09-03,2026-09-03 11:20:00,20.945,20.955,20.92,20.935,78501.0
2026-09-03,2026-09-03 11:25:00,20.935,20.945,20.9,20.905,68650.0
2026-09-03,2026-09-03 11:30:00,20.905,20.925,20.895,20.925,52593.0
2026-09-03,2026-09-03 11:35:00,20.925,20.955,20.91,20.945,79504.0
2026-09-03,2026-09-03 11:40:00,20.95,20.97,20.94,20.945,66461.0
2026-09-03,2026-09-03 11:45:00,20.945,20.95,20.915,20.915,40577.0
2026-09-03,2026-09-03 11:50:00,20.915,20.915,20.875,20.885,33419.0
2026-09-03,2026-09-03 11:55:00,20.89,20.895,20.87,20.875,39075.0
2026-09-03,2026-09-03 12:00:00,20.87,20.96,20.865,20.955,69824.0
2026-09-03,2026-09-03 12:05:00,20.955,20.9659,20.93,20.94,78534.0
2026-09-03,2026-09-03 12:10:00,20.945,20.96,20.93,20.945,47955.0
2026-09-03,2026-09-03 12:15:00,20.945,20.945,20.905,20.905,47392.0
2026-09-03,2026-09-03 12:20:00,20.905,20.905,20.87,20.885,50821.0
2026-09-03,2026-09-03 12:25:00,20.8837,20.89,20.86,20.88,59231.0
2026-09-03,2026-09-03 12:30:00,20.875,20.875,20.78,20.815,189402.0
2026-09-03,2026-09-03 12:35:00,20.815,20.825,20.73,20.7799,105527.0
2026-09-03,2026-09-03 12:40:00,20.77,20.775,20.69,20.725,123155.0
2026-09-03,2026-09-03 12:45:00,20.725,20.73,20.69,20.6999,57456.0
2026-09-03,2026-09-03 12:50:00,20.69,20.74,20.69,20.725,68102.0
2026-09-03,2026-09-03 12:55:00,20.7262,20.7262,20.665,20.68,202957.0
2026-09-03,2026-09-03 13:00:00,20.675,20.69,20.655,20.685,63143.0
2026-09-03,2026-09-03 13:05:00,20.685,20.695,20.65,20.655,87541.0
2026-09-03,2026-09-03 13:10:00,20.655,20.67,20.645,20.655,103404.0
2026-09-03,2026-09-03 13:15:00,20.65,20.6599,20.635,20.635,102015.0
2026-09-03,2026-09-03 13:20:00,20.635,20.645,20.595,20.595,57151.0
2026-09-03,2026-09-03 13:25:00,20.595,20.6262,20.59,20.62,48000.0
2026-09-03,2026-09-03 13:30:00,20.62,20.6299,20.6,20.615,48956.0
2026-09-03,2026-09-03 13:35:00,20.62,20.685,20.62,20.68,118213.0
2026-09-03,2026-09-03 13:40:00,20.685,20.78,20.675,20.73,334419.0
2026-09-03,2026-09-03 13:45:00,20.735,20.755,20.72,20.755,71023.0
2026-09-03,2026-09-03 13:50:00,20.755,20.755,20.715,20.725,79153.0
2026-09-03,2026-09-03 13:55:00,20.725,20.73,20.6801,20.685,73121.0
2026-09-03,2026-09-03 14:00:00,20.68,20.705,20.6701,20.705,63665.0
2026-09-03,2026-09-03 14:05:00,20.705,20.735,20.69,20.69,62863.0
2026-09-03,2026-09-03 14:10:00,20.68,20.7099,20.67,20.695,96684.0
2026-09-03,2026-09-03 14:15:00,20.695,20.7,20.65,20.695,157357.0
2026-09-03,2026-09-03 14:20:00,20.691,20.71,20.69,20.705,77905.0
2026-09-03,2026-09-03 14:25:00,20.71,20.71,20.685,20.685,54032.0
2026-09-03,2026-09-03 14:30:00,20.685,20.7,20.68,20.695,44007.0
2026-09-03,2026-09-03 14:35:00,20.695,20.7,20.675,20.675,61597.0
2026-09-03,2026-09-03 14:40:00,20.675,20.68,20.64,20.645,49460.0
2026-09-03,2026-09-03 14:45:00,20.64,20.65,20.59,20.605,146682.0
2026-09-03,2026-09-03 14:50:00,20.6004,20.6179,20.585,20.615,86336.0
2026-09-03,2026-09-03 14:55:00,20.615,20.63,20.61,20.61,70555.0
2026-09-03,2026-09-03 15:00:00,20.61,20.61,20.58,20.585,93853.0
2026-09-03,2026-09-03 15:05:00,20.585,20.615,20.57,20.6,107006.0
2026-09-03,2026-09-03 15:10:00,20.605,20.8,20.59,20.785,346812.0
2026-09-03,2026-09-03 15:15:00,20.785,20.84,20.785,20.815,178154.0
2026-09-03,2026-09-03 15:20:00,20.82,20.89,20.81,20.885,138269.0
2026-09-03,2026-09-03 15:25:00,20.885,20.945,20.87,20.935,224505.0
2026-09-03,2026-09-03 15:30:00,20.935,20.97,20.9012,20.905,223115.0
2026-09-03,2026-09-03 15:35:00,20.9,20.98,20.875,20.98,262101.0
2026-09-03,2026-09-03 15:40:00,20.975,21.07,20.935,20.96,321767.0
2026-09-03,2026-09-03 15:45:00,20.955,20.99,20.905,20.915,223511.0
2026-09-03,2026-09-03 15:50:00,20.92,20.945,20.845,20.85,390312.0
2026-09-03,2026-09-03 15:55:00,20.845,20.87,20.8,20.855,514423.0
2026-09-03,2026-09-03 16:00:00,20.855,20.9,20.75,20.85,3081244.0
2026-09-04,2026-09-04 09:35:00,20.7,20.74,20.5,20.52,180984.0
2026-09-04,2026-09-04 09:40:00,20.545,20.59,20.4,20.45,152611.0
2026-09-04,2026-09-04 09:45:00,20.445,20.505,20.38,20.495,117189.0
2026-09-04,2026-09-04 09:50:00,20.495,20.495,20.34,20.47,159489.0
2026-09-04,2026-09-04 09:55:00,20.47,20.48,20.39,20.41,56094.0
2026-09-04,2026-09-04 10:00:00,20.4228,20.44,20.38,20.38,80157.0
2026-09-04,2026-09-04 10:05:00,20.38,20.38,20.31,20.37,181931.0
2026-09-04,2026-09-04 10:10:00,20.37,20.45,20.37,20.39,69631.0
2026-09-04,2026-09-04 10:15:00,20.385,20.415,20.34,20.375,71991.0
2026-09-04,2026-09-04 10:20:00,20.375,20.415,20.36,20.385,61773.0
2026-09-04,2026-09-04 10:25:00,20.38,20.4,20.35,20.365,56007.0
2026-09-04,2026-09-04 10:30:00,20.365,20.395,20.33,20.36,142782.0
2026-09-04,2026-09-04 10:35:00,20.35,20.3801,20.33,20.34,91662.0
2026-09-04,2026-09-04 10:40:00,20.345,20.37,20.33,20.37,69102.0
2026-09-04,2026-09-04 10:45:00,20.37,20.375,20.34,20.345,41703.0
2026-09-04,2026-09-04 10:50:00,20.35,20.4399,20.35,20.405,51083.0
2026-09-04,2026-09-04 10:55:00,20.41,20.41,20.32,20.33,43286.0
2026-09-04,2026-09-04 11:00:00,20.33,20.335,20.25,20.275,103725.0
2026-09-04,2026-09-04 11:05:00,20.27,20.305,20.235,20.26,73475.0
2026-09-04,2026-09-04 11:10:00,20.27,20.275,20.235,20.26,33010.0
2026-09-04,2026-09-04 11:15:00,20.25,20.285,20.24,20.27,53826.0
2026-09-04,2026-09-04 11:20:00,20.27,20.27,20.24,20.25,33975.0
2026-09-04,2026-09-04 11:25:00,20.245,20.28,20.2,20.225,97918.0
2026-09-04,2026-09-04 11:30:00,20.225,20.235,20.19,20.195,67783.0
2026-09-04,2026-09-04 11:35:00,20.195,20.195,20.17,20.175,71054.0
2026-09-04,2026-09-04 11:40:00,20.18,20.2,20.175,20.195,43342.0
2026-09-04,2026-09-04 11:45:00,20.195,20.28,20.185,20.26,113005.0
2026-09-04,2026-09-04 11:50:00,20.26,20.26,20.21,20.24,40018.0
2026-09-04,2026-09-04 11:55:00,20.24,20.275,20.215,20.25,99468.0
2026-09-04,2026-09-04 12:00:00,20.26,20.305,20.255,20.285,105504.0
2026-09-04,2026-09-04 12:05:00,20.285,20.38,20.285,20.365,158856.0
2026-09-04,2026-09-04 12:10:00,20.365,20.41,20.36,20.405,92832.0
2026-09-04,2026-09-04 12:15:00,20.41,20.435,20.385,20.435,65522.0
2026-09-04,2026-09-04 12:20:00,20.43,20.44,20.415,20.44,66344.0
2026-09-04,2026-09-04 12:25:00,20.435,20.48,20.425,20.465,72430.0
2026-09-04,2026-09-04 12:30:00,20.47,20.475,20.395,20.395,89750.0
2026-09-04,2026-09-04 12:35:00,20.395,20.43,20.395,20.4275,25144.0
2026-09-04,2026-09-04 12:40:00,20.4288,20.44,20.405,20.435,29962.0
2026-09-04,2026-09-04 12:45:00,20.43,20.445,20.415,20.4352,40421.0
2026-09-04,2026-09-04 12:50:00,20.44,20.44,20.41,20.415,26506.0
2026-09-04,2026-09-04 12:55:00,20.415,20.42,20.405,20.42,17738.0
2026-09-04,2026-09-04 13:00:00,20.41,20.415,20.36,20.365,74681.0
2026-09-04,2026-09-04 13:05:00,20.36,20.37,20.35,20.35,69873.0
2026-09-04,2026-09-04 13:10:00,20.35,20.38,20.33,20.365,101088.0
2026-09-04,2026-09-04 13:15:00,20.365,20.365,20.32,20.325,21837.0
2026-09-04,2026-09-04 13:20:00,20.32,20.33,20.301,20.33,105313.0
2026-09-04,2026-09-04 13:25:00,20.34,20.35,20.2925,20.3,46290.0
2026-09-04,2026-09-04 13:30:00,20.3,20.335,20.29,20.325,71216.0
2026-09-04,2026-09-04 13:35:00,20.325,20.335,20.29,20.305,56497.0
2026-09-04,2026-09-04 13:40:00,20.3,20.305,20.28,20.295,48893.0
2026-09-04,2026-09-04 13:45:00,20.295,20.305,20.29,20.3,35475.0
2026-09-04,2026-09-04 13:50:00,20.295,20.295,20.27,20.275,40252.0
2026-09-04,2026-09-04 13:55:00,20.275,20.28,20.24,20.265,70653.0
2026-09-04,2026-09-04 14:00:00,20.26,20.29,20.26,20.275,80801.0
2026-09-04,2026-09-04 14:05:00,20.27,20.28,20.26,20.275,50355.0
2026-09-04,2026-09-04 14:10:00,20.28,20.285,20.25,20.275,77692.0
2026-09-04,2026-09-04 14:15:00,20.275,20.29,20.265,20.285,37858.0
2026-09-04,2026-09-04 14:20:00,20.28,20.295,20.28,20.285,44056.0
2026-09-04,2026-09-04 14:25:00,20.29,20.305,20.28,20.28,47382.0
2026-09-04,2026-09-04 14:30:00,20.285,20.29,20.27,20.28,60876.0
2026-09-04,2026-09-04 14:35:00,20.285,20.305,20.28,20.305,73327.0
2026-09-04,2026-09-04 14:40:00,20.3,20.3,20.265,20.275,48725.0
2026-09-04,2026-09-04 14:45:00,20.28,20.32,20.275,20.305,58190.0
2026-09-04,2026-09-04 14:50:00,20.305,20.31,20.294,20.294,36124.0
2026-09-04,2026-09-04 14:55:00,20.3,20.315,20.295,20.315,41346.0
2026-09-04,2026-09-04 15:00:00,20.315,20.315,20.275,20.285,62218.0
2026-09-04,2026-09-04 15:05:00,20.28,20.355,20.27,20.335,125033.0
2026-09-04,2026-09-04 15:10:00,20.335,20.335,20.3,20.305,77639.0
2026-09-04,2026-09-04 15:15:00,20.305,20.355,20.3,20.355,142062.0
2026-09-04,2026-09-04 15:20:00,20.355,20.405,20.335,20.385,97773.0
2026-09-04,2026-09-04 15:25:00,20.385,20.5251,20.385,20.49,233694.0
2026-09-04,2026-09-04 15:30:00,20.485,20.51,20.43,20.435,134867.0
2026-09-04,2026-09-04 15:35:00,20.435,20.445,20.42,20.425,109079.0
2026-09-04,2026-09-04 15:40:00,20.425,20.48,20.395,20.465,208618.0
2026-09-04,2026-09-04 15:45:00,20.46,20.4999,20.4301,20.465,276355.0
2026-09-04,2026-09-04 15:50:00,20.465,20.57,20.455,20.465,437064.0
2026-09-04,2026-09-04 15:55:00,20.465,20.53,20.465,20.495,360977.0
2026-09-04,2026-09-04 16:00:00,20.5,20.5,20.29,20.4,2583742.0
2026-09-08,2026-09-08 09:35:00,20.2,20.305,20.03,20.1299,288351.0
2026-09-08,2026-09-08 09:40:00,20.116,20.175,19.95,19.97,216463.0
2026-09-08,2026-09-08 09:45:00,19.975,20.195,19.975,20.145,135421.0
2026-09-08,2026-09-08 09:50:00,20.145,20.145,20.005,20.045,90590.0
2026-09-08,2026-09-08 09:55:00,20.04,20.07,19.925,19.9599,116550.0
2026-09-08,2026-09-08 10:00:00,19.96,20.035,19.955,20.025,89798.0
2026-09-08,2026-09-08 10:05:00,20.03,20.145,20.022,20.08,94604.0
2026-09-08,2026-09-08 10:10:00,20.08,20.11,19.995,20.01,132309.0
2026-09-08,2026-09-08 10:15:00,20.025,20.06,19.94,20.03,77707.0
2026-09-08,2026-09-08 10:20:00,20.02,20.1,20.015,20.1,73002.0
2026-09-08,2026-09-08 10:25:00,20.1,20.25,20.1,20.18,253114.0
2026-09-08,2026-09-08 10:30:00,20.18,20.19,20.075,20.075,146053.0
2026-09-08,2026-09-08 10:35:00,20.075,20.15,20.065,20.1,80929.0
2026-09-08,2026-09-08 10:40:00,20.105,20.13,20.095,20.12,85980.0
2026-09-08,2026-09-08 10:45:00,20.125,20.15,20.095,20.105,54781.0
2026-09-08,2026-09-08 10:50:00,20.11,20.14,20.105,20.12,87470.0
2026-09-08,2026-09-08 10:55:00,20.125,20.17,20.115,20.135,72469.0
2026-09-08,2026-09-08 11:00:00,20.135,20.17,20.135,20.17,98720.0
2026-09-08,2026-09-08 11:05:00,20.18,20.24,20.172968,20.22,49679.0
2026-09-08,2026-09-08 11:10:00,20.21,20.26,20.21,20.26,60283.0
2026-09-08,2026-09-08 11:15:00,20.26,20.28,20.245,20.275,55437.0
2026-09-08,2026-09-08 11:20:00,20.27,20.28,20.225,20.235,53468.0
2026-09-08,2026-09-08 11:25:00,20.235,20.24,20.155,20.185,69663.0
2026-09-08,2026-09-08 11:30:00,20.185,20.209,20.16,20.175,59975.0
2026-09-08,2026-09-08 11:35:00,20.175,20.195,20.14,20.175,88245.0
2026-09-08,2026-09-08 11:40:00,20.175,20.21,20.165,20.205,68797.0
2026-09-08,2026-09-08 11:45:00,20.2,20.21,20.19,20.205,45559.0
2026-09-08,2026-09-08 11:50:00,20.195,20.2,20.155,20.165,44700.0
2026-09-08,2026-09-08 11:55:00,20.17,20.185,20.16,20.165,47967.0
2026-09-08,2026-09-08 12:00:00,20.17,20.175,20.15,20.16,38697.0
2026-09-08,2026-09-08 12:05:00,20.16,20.165,20.12,20.145,59335.0
2026-09-08,2026-09-08 12:10:00,20.145,20.16,20.14,20.15,48011.0
2026-09-08,2026-09-08 12:15:00,20.15,20.16,20.13,20.14,63584.0
2026-09-08,2026-09-08 12:20:00,20.14,20.165,20.135,20.155,38845.0
2026-09-08,2026-09-08 12:25:00,20.155,20.16,20.14,20.145,44540.0
2026-09-08,2026-09-08 12:30:00,20.145,20.16,20.14,20.145,63772.0
2026-09-08,2026-09-08 12:35:00,20.15,20.165,20.15,20.165,40847.0
2026-09-08,2026-09-08 12:40:00,20.1646,20.195,20.1646,20.19,60891.0
2026-09-08,2026-09-08 12:45:00,20.19,20.215,20.19,20.205,51292.0
2026-09-08,2026-09-08 12:50:00,20.2051,20.21,20.195,20.205,39986.0
2026-09-08,2026-09-08 12:55:00,20.21,20.23,20.205,20.215,45478.0
2026-09-08,2026-09-08 13:00:00,20.2171,20.2171,20.19,20.205,47292.0
2026-09-08,2026-09-08 13:05:00,20.2001,20.21,20.195,20.205,37537.0
2026-09-08,2026-09-08 13:10:00,20.205,20.2351,20.2,20.225,64200.0
2026-09-08,2026-09-08 13:15:00,20.225,20.24,20.225,20.24,29970.0
2026-09-08,2026-09-08 13:20:00,20.235,20.24,20.2,20.2,32761.0
2026-09-08,2026-09-08 13:25:00,20.195,20.205506,20.175,20.175,45858.0
2026-09-08,2026-09-08 13:30:00,20.175,20.185,20.17,20.185,31867.0
2026-09-08,2026-09-08 13:35:00,20.18,20.21,20.18,20.185,67104.0
2026-09-08,2026-09-08 13:40:00,20.185,20.2,20.17,20.185,36658.0
2026-09-08,2026-09-08 13:45:00,20.185,20.19,20.16,20.16,53476.0
2026-09-08,2026-09-08 13:50:00,20.165,20.18,20.15,20.175,56021.0
2026-09-08,2026-09-08 13:55:00,20.18,20.195,20.1501,20.175,61512.0
2026-09-08,2026-09-08 14:00:00,20.175,20.175,20.1303,20.145,55772.0
2026-09-08,2026-09-08 14:05:00,20.14,20.155,20.14,20.145,56766.0
2026-09-08,2026-09-08 14:10:00,20.145,20.165,20.1302,20.155,53460.0
2026-09-08,2026-09-08 14:15:00,20.16,20.18,20.16,20.1697,62085.0
2026-09-08,2026-09-08 14:20:00,20.17,20.19,20.16,20.18,148580.0
2026-09-08,2026-09-08 14:25:00,20.175,20.18,20.165,20.17,48784.0
2026-09-08,2026-09-08 14:30:00,20.165,20.18,20.165,20.175,44667.0
2026-09-08,2026-09-08 14:35:00,20.18,20.185,20.15,20.175,68914.0
2026-09-08,2026-09-08 14:40:00,20.175,20.18,20.155,20.155,47602.0
2026-09-08,2026-09-08 14:45:00,20.155,20.18,20.1538,20.18,53842.0
2026-09-08,2026-09-08 14:50:00,20.18,20.2,20.12,20.125,82670.0
2026-09-08,2026-09-08 14:55:00,20.13,20.15,20.1101,20.135,68686.0
2026-09-08,2026-09-08 15:00:00,20.14,20.17,20.135,20.155,68159.0
2026-09-08,2026-09-08 15:05:00,20.15,20.21,20.15,20.205,75824.0
2026-09-08,2026-09-08 15:10:00,20.21,20.21,20.175,20.18,62889.0
2026-09-08,2026-09-08 15:15:00,20.18,20.18,20.145,20.165,89011.0
2026-09-08,2026-09-08 15:20:00,20.165,20.17,20.135,20.135,71431.0
2026-09-08,2026-09-08 15:25:00,20.14,20.15,20.09,20.135,117432.0
2026-09-08,2026-09-08 15:30:00,20.135,20.15,20.115,20.115,102994.0
2026-09-08,2026-09-08 15:35:00,20.12,20.17,20.12,20.15,173514.0
2026-09-08,2026-09-08 15:40:00,20.145,20.16,20.12,20.145,128037.0
2026-09-08,2026-09-08 15:45:00,20.14,20.155,20.13,20.15,162582.0
2026-09-08,2026-09-08 15:50:00,20.145,20.145,20.11,20.115,175618.0
2026-09-08,2026-09-08 15:55:00,20.11,20.14,20.09,20.105,356448.0
2026-09-08,2026-09-08 16:00:00,20.11,20.17,20.075,20.14,3979811.0
2026-09-09,2026-09-09 09:35:00,19.98,20.21,19.86,20.19,531378.0
2026-09-09,2026-09-09 09:40:00,20.18,20.2,19.98,20.065,231290.0
2026-09-09,2026-09-09 09:45:00,20.07,20.135,20.03,20.09,183464.0
2026-09-09,2026-09-09 09:50:00,20.09,20.185,20.06,20.155,168255.0
2026-09-09,2026-09-09 09:55:00,20.16,20.19,19.96,19.97,172087.0
2026-09-09,2026-09-09 10:00:00,19.97,20.07,19.81,19.825,358736.0
2026-09-09,2026-09-09 10:05:00,19.83,19.93,19.77,19.805,250017.0
2026-09-09,2026-09-09 10:10:00,19.805,19.83,19.7,19.83,376149.0
2026-09-09,2026-09-09 10:15:00,19.835,19.95,19.82,19.865,348070.0
2026-09-09,2026-09-09 10:20:00,19.865,19.875,19.77,19.85,159040.0
2026-09-09,2026-09-09 10:25:00,19.85,19.88,19.75,19.805,368343.0
2026-09-09,2026-09-09 10:30:00,19.805,19.805,19.74,19.75,85092.0
2026-09-09,2026-09-09 10:35:00,19.745,19.745,19.67,19.695,113826.0
2026-09-09,2026-09-09 10:40:00,19.7,19.765,19.7,19.73,129465.0
2026-09-09,2026-09-09 10:45:00,19.73,19.78,19.69,19.78,109454.0
2026-09-09,2026-09-09 10:50:00,19.78,19.79,19.72,19.76,79023.0
2026-09-09,2026-09-09 10:55:00,19.76,19.805,19.75,19.795,70449.0
2026-09-09,2026-09-09 11:00:00,19.795,19.905,19.765,19.865,325984.0
2026-09-09,2026-09-09 11:05:00,19.87,19.9,19.814154,19.815,305025.0
2026-09-09,2026-09-09 11:10:00,19.815,19.835,19.78,19.795,63492.0
2026-09-09,2026-09-09 11:15:00,19.795,19.795,19.655,19.68,153414.0
2026-09-09,2026-09-09 11:20:00,19.685,19.815,19.68,19.76,140924.0
2026-09-09,2026-09-09 11:25:00,19.755,19.83,19.685,19.685,147116.0
2026-09-09,2026-09-09 11:30:00,19.685,19.685,19.59,19.64,374190.0
2026-09-09,2026-09-09 11:35:00,19.645,19.655,19.06,19.09,1359310.0
2026-09-09,2026-09-09 11:40:00,19.09,19.105,18.9,19.02,1309034.0
2026-09-09,2026-09-09 11:45:00,19.015,19.06,18.83,18.9501,776217.0
2026-09-09,2026-09-09 11:50:00,18.95,19.06,18.895,19.005,598417.0
2026-09-09,2026-09-09 11:55:00,19.005,19.065,18.98,19.04,362475.0
2026-09-09,2026-09-09 12:00:00,19.05,19.085,18.89,18.925,287238.0
2026-09-09,2026-09-09 12:05:00,18.925,18.945,18.75,18.855,1140910.0
2026-09-09,2026-09-09 12:10:00,18.86,18.92,18.8,18.81,318638.0
2026-09-09,2026-09-09 12:15:00,18.81,18.825,18.745,18.81,282433.0
2026-09-09,2026-09-09 12:20:00,18.82,18.87,18.805,18.815,168642.0
2026-09-09,2026-09-09 12:25:00,18.815,18.83,18.775,18.785,121120.0
2026-09-09,2026-09-09 12:30:00,18.785,18.815,18.78,18.7988,126620.0
2026-09-09,2026-09-09 12:35:00,18.8,18.82,18.8,18.805,121927.0
2026-09-09,2026-09-09 12:40:00,18.8,18.82,18.765,18.805,261251.0
2026-09-09,2026-09-09 12:45:00,18.805,18.815,18.69,18.705,467915.0
2026-09-09,2026-09-09 12:50:00,18.705,18.755,18.665,18.675,373625.0
2026-09-09,2026-09-09 12:55:00,18.675,18.71,18.66,18.705,174592.0
2026-09-09,2026-09-09 13:00:00,18.7,18.71,18.47,18.5199,543092.0
2026-09-09,2026-09-09 13:05:00,18.515,18.515,18.405,18.445,316669.0
2026-09-09,2026-09-09 13:10:00,18.45,18.475,18.405,18.465,188281.0
2026-09-09,2026-09-09 13:15:00,18.465,18.75,18.465,18.75,668054.0
2026-09-09,2026-09-09 13:20:00,18.75,18.826603,18.7448,18.825,255722.0
2026-09-09,2026-09-09 13:25:00,18.825,18.85,18.765,18.785,122548.0
2026-09-09,2026-09-09 13:30:00,18.785,18.845,18.74,18.835,179803.0
2026-09-09,2026-09-09 13:35:00,18.825,18.85,18.775,18.795,98141.0
2026-09-09,2026-09-09 13:40:00,18.795,18.795,18.735,18.745,139473.0
2026-09-09,2026-09-09 13:45:00,18.74,18.75,18.725,18.735,93047.0
2026-09-09,2026-09-09 13:50:00,18.735,18.765,18.725,18.745,135228.0
2026-09-09,2026-09-09 13:55:00,18.745,18.745,18.65,18.655,110694.0
2026-09-09,2026-09-09 14:00:00,18.65,18.6851,18.63,18.665,102436.0
2026-09-09,2026-09-09 14:05:00,18.665,18.6799,18.625,18.675,123725.0
2026-09-09,2026-09-09 14:10:00,18.675,18.7,18.65,18.695,154075.0
2026-09-09,2026-09-09 14:15:00,18.695,18.73,18.685,18.725,112857.0
2026-09-09,2026-09-09 14:20:00,18.72,18.73,18.695,18.695,155070.0
2026-09-09,2026-09-09 14:25:00,18.695,18.72,18.69,18.7,101439.0
2026-09-09,2026-09-09 14:30:00,18.7,18.72,18.665,18.67,100391.0
2026-09-09,2026-09-09 14:35:00,18.675,18.675,18.565,18.575,183952.0
2026-09-09,2026-09-09 14:40:00,18.565,18.59,18.54,18.565,148068.0
2026-09-09,2026-09-09 14:45:00,18.56,18.595,18.56,18.57,72492.0
2026-09-09,2026-09-09 14:50:00,18.575,18.61,18.57,18.595,179248.0
2026-09-09,2026-09-09 14:55:00,18.595,18.6188,18.575,18.615,137444.0
2026-09-09,2026-09-09 15:00:00,18.615,18.62,18.575,18.605,92521.0
2026-09-09,2026-09-09 15:05:00,18.605,18.62,18.555,18.575,134427.0
2026-09-09,2026-09-09 15:10:00,18.575,18.595,18.54,18.585,107433.0
2026-09-09,2026-09-09 15:15:00,18.585,18.62,18.57,18.57,231261.0
2026-09-09,2026-09-09 15:20:00,18.57,18.66,18.56,18.63,230373.0
2026-09-09,2026-09-09 15:25:00,18.625,18.63,18.575,18.605,140192.0
2026-09-09,2026-09-09 15:30:00,18.6,18.6558,18.57,18.575,242717.0
2026-09-09,2026-09-09 15:35:00,18.58,18.59,18.52,18.54,376183.0
2026-09-09,2026-09-09 15:40:00,18.54,18.54,18.46,18.485,333290.0
2026-09-09,2026-09-09 15:45:00,18.49,18.555,18.47,18.525,665958.0
2026-09-09,2026-09-09 15:50:00,18.525,18.525,18.44,18.495,669057.0
2026-09-09,2026-09-09 15:55:00,18.5,18.545,18.43,18.455,535795.0
2026-09-09,2026-09-09 16:00:00,18.455,18.455,18.28,18.28,4774198.0
2026-09-10,2026-09-10 09:35:00,18.25,18.49,18.045,18.1234,365327.0
2026-09-10,2026-09-10 09:40:00,18.1,18.33,18.1,18.315,208901.0
2026-09-10,2026-09-10 09:45:00,18.32,18.495,18.32,18.47,196306.0
2026-09-10,2026-09-10 09:50:00,18.48,18.6501,18.455,18.6501,333159.0
2026-09-10,2026-09-10 09:55:00,18.655,18.82,18.645,18.76,436559.0
2026-09-10,2026-09-10 10:00:00,18.76,18.78,18.61,18.625,183021.0
2026-09-10,2026-09-10 10:05:00,18.63,18.66,18.546,18.605,164172.0
2026-09-10,2026-09-10 10:10:00,18.605,18.605,18.48,18.51,150787.0
2026-09-10,2026-09-10 10:15:00,18.505,18.675,18.495,18.625,228140.0
2026-09-10,2026-09-10 10:20:00,18.625,18.695,18.615,18.695,134700.0
2026-09-10,2026-09-10 10:25:00,18.695,18.78,18.655,18.755,217360.0
2026-09-10,2026-09-10 10:30:00,18.755,18.845,18.735,18.76,215957.0
2026-09-10,2026-09-10 10:35:00,18.76,18.82,18.76,18.78,131341.0
2026-09-10,2026-09-10 10:40:00,18.79,18.815,18.775,18.795,97440.0
2026-09-10,2026-09-10 10:45:00,18.795,18.825,18.765,18.781,147675.0
2026-09-10,2026-09-10 10:50:00,18.78,18.805,18.75,18.775,98417.0
2026-09-10,2026-09-10 10:55:00,18.775,18.835,18.76,18.785,133958.0
2026-09-10,2026-09-10 11:00:00,18.785,18.83,18.765,18.765,99647.0
2026-09-10,2026-09-10 11:05:00,18.765,18.775,18.675,18.69,152403.0
2026-09-10,2026-09-10 11:10:00,18.685,18.725,18.685,18.695,80761.0
2026-09-10,2026-09-10 11:15:00,18.692,18.735,18.69,18.735,75621.0
2026-09-10,2026-09-10 11:20:00,18.735,18.755,18.665,18.685,137609.0
2026-09-10,2026-09-10 11:25:00,18.685,18.715,18.66,18.705,81211.0
2026-09-10,2026-09-10 11:30:00,18.705,18.725,18.67,18.685,99579.0
2026-09-10,2026-09-10 11:35:00,18.685,18.69,18.635,18.675,91838.0
2026-09-10,2026-09-10 11:40:00,18.67,18.735,18.67,18.695,78051.0
2026-09-10,2026-09-10 11:45:00,18.69,18.745,18.69,18.715,93244.0
2026-09-10,2026-09-10 11:50:00,18.715,18.715,18.695,18.705,52881.0
2026-09-10,2026-09-10 11:55:00,18.705,18.73,18.69,18.715,67200.0
2026-09-10,2026-09-10 12:00:00,18.715,18.74,18.705,18.71,71069.0
2026-09-10,2026-09-10 12:05:00,18.71,18.73,18.68,18.73,98317.0
2026-09-10,2026-09-10 12:10:00,18.725,18.74,18.7,18.74,88870.0
2026-09-10,2026-09-10 12:15:00,18.74,18.789,18.74,18.789,92386.0
2026-09-10,2026-09-10 12:20:00,18.782,18.81,18.78,18.79,72797.0
2026-09-10,2026-09-10 12:25:00,18.785,18.82,18.77,18.77,114464.0
2026-09-10,2026-09-10 12:30:00,18.775,18.785,18.765,18.775,54546.0
2026-09-10,2026-09-10 12:35:00,18.775,18.84,18.76,18.785,81064.0
2026-09-10,2026-09-10 12:40:00,18.78,18.8,18.75,18.8,48758.0
2026-09-10,2026-09-10 12:45:00,18.795,18.86,18.78,18.835,125286.0
2026-09-10,2026-09-10 12:50:00,18.83,18.85,18.82,18.82,66011.0
2026-09-10,2026-09-10 12:55:00,18.82,18.845,18.805,18.845,46870.0
2026-09-10,2026-09-10 13:00:00,18.845,18.86,18.84,18.86,51737.0
2026-09-10,2026-09-10 13:05:00,18.855,18.89,18.815,18.89,113452.0
2026-09-10,2026-09-10 13:10:00,18.89,18.91,18.855,18.865,98292.0
2026-09-10,2026-09-10 13:15:00,18.86,18.92,18.86,18.91,84817.0
2026-09-10,2026-09-10 13:20:00,18.905,18.91,18.86,18.86,73205.0
2026-09-10,2026-09-10 13:25:00,18.865,18.87,18.84,18.87,114691.0
2026-09-10,2026-09-10 13:30:00,18.87,18.87,18.815,18.835,140665.0
2026-09-10,2026-09-10 13:35:00,18.835,18.865,18.82,18.86,62692.0
2026-09-10,2026-09-10 13:40:00,18.855,18.875,18.845,18.855,83073.0
2026-09-10,2026-09-10 13:45:00,18.85,18.86,18.825,18.8302,61984.0
2026-09-10,2026-09-10 13:50:00,18.83,18.855,18.805,18.805,90047.0
2026-09-10,2026-09-10 13:55:00,18.805,18.83,18.8,18.805,52032.0
2026-09-10,2026-09-10 14:00:00,18.805,18.83,18.8,18.825,57147.0
2026-09-10,2026-09-10 14:05:00,18.825,18.86,18.805,18.815,134450.0
2026-09-10,2026-09-10 14:10:00,18.815,18.8299,18.785,18.785,72907.0
2026-09-10,2026-09-10 14:15:00,18.78,18.79,18.695,18.695,87451.0
2026-09-10,2026-09-10 14:20:00,18.695,18.74,18.685,18.735,64827.0
2026-09-10,2026-09-10 14:25:00,18.735,18.745,18.72,18.721,73179.0
2026-09-10,2026-09-10 14:30:00,18.72,18.75,18.67,18.745,175049.0
2026-09-10,2026-09-10 14:35:00,18.745,18.745,18.685,18.69,96792.0
2026-09-10,2026-09-10 14:40:00,18.69,18.695,18.605,18.625,101731.0
2026-09-10,2026-09-10 14:45:00,18.625,18.635,18.59,18.595,79039.0
2026-09-10,2026-09-10 14:50:00,18.595,18.67,18.58,18.645,141655.0
2026-09-10,2026-09-10 14:55:00,18.645,18.675,18.635,18.65,69076.0
2026-09-10,2026-09-10 15:00:00,18.65,18.665,18.645,18.665,79160.0
2026-09-10,2026-09-10 15:05:00,18.67,18.705,18.63,18.631,139045.0
2026-09-10,2026-09-10 15:10:00,18.63,18.67,18.63,18.665,105937.0
2026-09-10,2026-09-10 15:15:00,18.66,18.695,18.65,18.685,188052.0
2026-09-10,2026-09-10 15:20:00,18.685,18.705,18.66,18.695,141499.0
2026-09-10,2026-09-10 15:25:00,18.695,18.74,18.675,18.735,149249.0
2026-09-10,2026-09-10 15:30:00,18.735,18.76,18.72,18.76,132616.0
2026-09-10,2026-09-10 15:35:00,18.75,18.785,18.72,18.775,176406.0
2026-09-10,2026-09-10 15:40:00,18.77,18.78,18.7146,18.75,257939.0
2026-09-10,2026-09-10 15:45:00,18.75,18.765,18.735,18.745,186990.0
2026-09-10,2026-09-10 15:50:00,18.745,18.745,18.63,18.655,276929.0
2026-09-10,2026-09-10 15:55:00,18.66,18.775,18.655,18.75,410320.0
2026-09-10,2026-09-10 16:00:00,18.755,18.84,18.75,18.78,3948096.0
