day,time,open,high,low,close,volume
2026-06-12,2026-06-12 09:35:00,23.5,23.5,23.39,23.42,10538.0
2026-06-12,2026-06-12 09:40:00,23.425,23.66,23.41,23.45,4996.0
2026-06-12,2026-06-12 09:45:00,23.47,23.47,23.27,23.44,11317.0
2026-06-12,2026-06-12 09:50:00,23.32,23.48,23.32,23.48,1964.0
2026-06-12,2026-06-12 09:55:00,23.48,23.48,23.31,23.425,7975.0
2026-06-12,2026-06-12 10:00:00,23.5,23.63,23.41,23.63,37929.0
2026-06-12,2026-06-12 10:05:00,23.63,23.63,23.41,23.4875,20682.0
2026-06-12,2026-06-12 10:10:00,23.43,23.66,23.385,23.55,42415.0
2026-06-12,2026-06-12 10:15:00,23.6,23.6,23.48,23.48,2477.0
2026-06-12,2026-06-12 10:20:00,23.525,23.61,23.47,23.585,18145.0
2026-06-12,2026-06-12 10:25:00,23.57,23.67,23.52,23.55,18223.0
2026-06-12,2026-06-12 10:30:00,23.61,23.7,23.58,23.67,31125.0
2026-06-12,2026-06-12 10:35:00,23.65,23.72,23.63,23.6725,6909.0
2026-06-12,2026-06-12 10:40:00,23.7,24.09,23.7,23.9825,47212.0
2026-06-12,2026-06-12 10:45:00,23.985,24.0,23.75,23.805,52442.0
2026-06-12,2026-06-12 10:50:00,23.81,23.88,23.78,23.855,38853.0
2026-06-12,2026-06-12 10:55:00,23.86,24.01,23.83,24.0,31701.0
2026-06-12,2026-06-12 11:00:00,24.1,24.105,23.97,23.97,6030.0
2026-06-12,2026-06-12 11:05:00,23.99,24.08,23.985,24.06,5285.0
2026-06-12,2026-06-12 11:10:00,24.09,24.1,24.04,24.05,6421.0
2026-06-12,2026-06-12 11:15:00,24.04,24.05,23.85,23.98,16399.0
2026-06-12,2026-06-12 11:20:00,24.025,24.06,23.93,24.055,4998.0
2026-06-12,2026-06-12 11:25:00,24.055,24.08,24.0,24.06,7993.0
2026-06-12,2026-06-12 11:30:00,24.06,24.075,23.96,23.96,14860.0
2026-06-12,2026-06-12 11:35:00,23.98,24.0,23.945,23.95,6811.0
2026-06-12,2026-06-12 11:40:00,23.95,24.02,23.92,23.99,9549.0
2026-06-12,2026-06-12 11:45:00,24.02,24.03,23.84,23.84,12969.0
2026-06-12,2026-06-12 11:50:00,23.89,23.965,23.84,23.84,10401.0
2026-06-12,2026-06-12 11:55:00,23.86,23.87,23.81,23.84,3023.0
2026-06-12,2026-06-12 12:00:00,23.9,23.935,23.84,23.87,12495.0
2026-06-12,2026-06-12 12:05:00,23.85,23.87,23.74,23.83,9151.0
2026-06-12,2026-06-12 12:10:00,23.845,23.845,23.72,23.77,5474.0
2026-06-12,2026-06-12 12:15:00,23.77,23.94,23.77,23.845,10395.0
2026-06-12,2026-06-12 12:20:00,23.87,23.88,23.69,23.69,3843.0
2026-06-12,2026-06-12 12:25:00,23.7,23.84,23.7,23.82,2427.0
2026-06-12,2026-06-12 12:30:00,23.82,23.825,23.73,23.775,4925.0
2026-06-12,2026-06-12 12:35:00,23.775,23.86,23.775,23.86,4218.0
2026-06-12,2026-06-12 12:40:00,23.855,23.91,23.83,23.895,3729.0
2026-06-12,2026-06-12 12:45:00,23.895,23.91,23.75,23.9075,10668.0
2026-06-12,2026-06-12 12:50:00,23.81,23.9,23.81,23.9,2315.0
2026-06-12,2026-06-12 12:55:00,23.88,24.0,23.88,24.0,5080.0
2026-06-12,2026-06-12 13:00:00,23.95,23.99,23.9,23.97,10635.0
2026-06-12,2026-06-12 13:05:00,23.96,23.9925,23.91,23.92,5616.0
2026-06-12,2026-06-12 13:10:00,23.915,23.98,23.915,23.955,5323.0
2026-06-12,2026-06-12 13:15:00,23.95,23.95,23.76,23.87,20729.0
2026-06-12,2026-06-12 13:20:00,23.84,23.865,23.79,23.85,2943.0
2026-06-12,2026-06-12 13:25:00,23.855,23.88,23.82,23.84,8602.0
2026-06-12,2026-06-12 13:30:00,23.82,23.86,23.78,23.805,6850.0
2026-06-12,2026-06-12 13:35:00,23.78,23.79,23.72,23.78,5843.0
2026-06-12,2026-06-12 13:40:00,23.76,23.78,23.75,23.77,5692.0
2026-06-12,2026-06-12 13:45:00,23.76,23.83,23.73,23.75,20024.0
2026-06-12,2026-06-12 13:50:00,23.73,23.8,23.7013,23.76,11067.0
2026-06-12,2026-06-12 13:55:00,23.77,23.77,23.735,23.75,3687.0
2026-06-12,2026-06-12 14:00:00,23.75,23.77,23.69,23.755,10510.0
2026-06-12,2026-06-12 14:05:00,23.765,23.765,23.72,23.73,4435.0
2026-06-12,2026-06-12 14:10:00,23.73,23.73,23.6201,23.69,7380.0
2026-06-12,2026-06-12 14:15:00,23.735,23.76,23.7,23.71,4882.0
2026-06-12,2026-06-12 14:20:00,23.7,23.7,23.64,23.67,4602.0
2026-06-12,2026-06-12 14:25:00,23.68,23.71,23.67,23.69,5700.0
2026-06-12,2026-06-12 14:30:00,23.69,23.73,23.655,23.73,7133.0
2026-06-12,2026-06-12 14:35:00,23.69,23.705,23.67,23.6975,5691.0
2026-06-12,2026-06-12 14:40:00,23.72,23.74,23.7,23.74,8510.0
2026-06-12,2026-06-12 14:45:00,23.73,23.77,23.7,23.76,7775.0
2026-06-12,2026-06-12 14:50:00,23.76,23.8,23.71,23.8,7586.0
2026-06-12,2026-06-12 14:55:00,23.76,23.76,23.66,23.755,81293.0
2026-06-12,2026-06-12 15:00:00,23.7,23.71,23.64,23.66,5575.0
2026-06-12,2026-06-12 15:05:00,23.63,23.71,23.63,23.71,3602.0
2026-06-12,2026-06-12 15:10:00,23.71,23.71,23.65,23.66,6032.0
2026-06-12,2026-06-12 15:15:00,23.675,23.71,23.64,23.67,8610.0
2026-06-12,2026-06-12 15:20:00,23.68,23.775,23.655,23.755,5865.0
2026-06-12,2026-06-12 15:25:00,23.755,23.82,23.74,23.82,7324.0
2026-06-12,2026-06-12 15:30:00,23.795,23.925,23.795,23.925,12149.0
2026-06-12,2026-06-12 15:35:00,23.98,23.98,23.75,23.81,38658.0
2026-06-12,2026-06-12 15:40:00,23.79,23.84,23.7,23.78,29630.0
2026-06-12,2026-06-12 15:45:00,23.78,23.92,23.78,23.885,15341.0
2026-06-12,2026-06-12 15:50:00,23.89,23.92,23.8,23.86,45214.0
2026-06-12,2026-06-12 15:55:00,23.86,23.9,23.7,23.7775,56053.0
2026-06-12,2026-06-12 16:00:00,23.74,23.9,23.73,23.8,382859.0
2026-06-15,2026-06-15 09:35:00,24.34,24.635,23.97,23.97,12143.0
2026-06-15,2026-06-15 09:40:00,24.04,24.11,23.86,23.89,13653.0
2026-06-15,2026-06-15 09:45:00,23.86,23.925,23.81,23.925,2407.0
2026-06-15,2026-06-15 09:50:00,23.93,23.94,23.81,23.91,3658.0
2026-06-15,2026-06-15 09:55:00,23.99,24.105,23.99,24.105,31038.0
2026-06-15,2026-06-15 10:00:00,24.105,24.12,24.105,24.12,14810.0
2026-06-15,2026-06-15 10:05:00,24.1,24.125,24.025,24.125,1758.0
2026-06-15,2026-06-15 10:10:00,24.03,24.03,23.845,23.95,18901.0
2026-06-15,2026-06-15 10:15:00,23.97,24.02,23.89,23.935,3171.0
2026-06-15,2026-06-15 10:20:00,23.85,23.9899,23.845,23.88,2675.0
2026-06-15,2026-06-15 10:25:00,23.82,23.8999,23.79,23.83,5718.0
2026-06-15,2026-06-15 10:30:00,23.83,23.92,23.83,23.895,3870.0
2026-06-15,2026-06-15 10:35:00,23.88,24.0,23.87,23.97,7151.0
2026-06-15,2026-06-15 10:40:00,24.0,24.0925,23.935,23.99,32345.0
2026-06-15,2026-06-15 10:45:00,24.005,24.09,24.005,24.07,3185.0
2026-06-15,2026-06-15 10:50:00,24.06,24.09,24.03,24.03,3437.0
2026-06-15,2026-06-15 10:55:00,24.01,24.08,24.01,24.07,3539.0
2026-06-15,2026-06-15 11:00:00,24.09,24.225,24.09,24.09,2893.0
2026-06-15,2026-06-15 11:05:00,24.15,24.2,24.15,24.155,3538.0
2026-06-15,2026-06-15 11:10:00,24.22,24.25,24.185,24.195,10031.0
2026-06-15,2026-06-15 11:15:00,24.17,24.21,24.13,24.16,25840.0
2026-06-15,2026-06-15 11:20:00,24.145,24.145,24.095,24.125,4150.0
2026-06-15,2026-06-15 11:25:00,24.13,24.195,24.13,24.16,4260.0
2026-06-15,2026-06-15 11:30:00,24.1101,24.23,24.1101,24.185,6307.0
2026-06-15,2026-06-15 11:35:00,24.185,24.25,24.185,24.2,3494.0
2026-06-15,2026-06-15 11:40:00,24.22,24.23,24.205,24.23,2992.0
2026-06-15,2026-06-15 11:45:00,24.24,24.25,24.22,24.225,3493.0
2026-06-15,2026-06-15 11:50:00,24.21,24.21,24.185,24.185,3230.0
2026-06-15,2026-06-15 11:55:00,24.21,24.23,24.2,24.215,2536.0
2026-06-15,2026-06-15 12:00:00,24.2,24.24,24.18,24.24,8146.0
2026-06-15,2026-06-15 12:05:00,24.275,24.28,24.17,24.22,7859.0
2026-06-15,2026-06-15 12:10:00,24.19,24.19,24.165,24.165,907.0
2026-06-15,2026-06-15 12:15:00,24.185,24.2,24.115,24.15,13549.0
2026-06-15,2026-06-15 12:20:00,24.15,24.15,24.07,24.09,7649.0
2026-06-15,2026-06-15 12:25:00,24.09,24.185,24.09,24.1301,6956.0
2026-06-15,2026-06-15 12:30:00,24.16,24.32,24.16,24.32,55459.0
2026-06-15,2026-06-15 12:35:00,24.3,24.3,24.22,24.22,22119.0
2026-06-15,2026-06-15 12:40:00,24.24,24.27,24.19,24.19,3457.0
2026-06-15,2026-06-15 12:45:00,24.23,24.23,24.14,24.14,9157.0
2026-06-15,2026-06-15 12:50:00,24.1,24.15,24.1,24.14,1449.0
2026-06-15,2026-06-15 12:55:00,24.15,24.15,24.09,24.105,2680.0
2026-06-15,2026-06-15 13:00:00,24.105,24.19,24.09,24.13,7657.0
2026-06-15,2026-06-15 13:05:00,24.13,24.13,24.13,24.13,1455.0
2026-06-15,2026-06-15 13:10:00,24.15,24.15,24.15,24.15,1409.0
2026-06-15,2026-06-15 13:15:00,24.135,24.16,24.09,24.11,5002.0
2026-06-15,2026-06-15 13:20:00,24.13,24.13,24.08,24.085,4832.0
2026-06-15,2026-06-15 13:25:00,24.0825,24.095,24.075,24.085,990.0
2026-06-15,2026-06-15 13:30:00,24.1,24.1,24.06,24.07,5769.0
2026-06-15,2026-06-15 13:35:00,24.09,24.11,24.07,24.09,5224.0
2026-06-15,2026-06-15 13:40:00,24.1,24.115,24.08,24.1,2306.0
2026-06-15,2026-06-15 13:45:00,24.1,24.1,24.05,24.07,4940.0
2026-06-15,2026-06-15 13:50:00,24.08,24.11,24.05,24.07,3522.0
2026-06-15,2026-06-15 13:55:00,24.06,24.065,24.02,24.065,8448.0
2026-06-15,2026-06-15 14:00:00,24.07,24.13,24.07,24.115,5029.0
2026-06-15,2026-06-15 14:05:00,24.12,24.13,24.06,24.075,7441.0
2026-06-15,2026-06-15 14:10:00,24.05,24.07,24.05,24.06,5514.0
2026-06-15,2026-06-15 14:15:00,24.06,24.09,24.05,24.05,5679.0
2026-06-15,2026-06-15 14:20:00,24.06,24.1,24.05,24.1,2593.0
2026-06-15,2026-06-15 14:25:00,24.13,24.14,24.105,24.14,3198.0
2026-06-15,2026-06-15 14:30:00,24.14,24.14,24.03,24.055,16618.0
2026-06-15,2026-06-15 14:35:00,24.055,24.06,24.03,24.06,2260.0
2026-06-15,2026-06-15 14:40:00,24.06,24.06,24.03,24.05,5828.0
2026-06-15,2026-06-15 14:45:00,24.04,24.04,24.02,24.02,3170.0
2026-06-15,2026-06-15 14:50:00,24.025,24.04,24.0,24.03,4553.0
2026-06-15,2026-06-15 14:55:00,24.035,24.035,23.9575,23.98,6542.0
2026-06-15,2026-06-15 15:00:00,23.98,24.135,23.98,24.095,7829.0
2026-06-15,2026-06-15 15:05:00,24.095,24.14,24.095,24.14,4882.0
2026-06-15,2026-06-15 15:10:00,24.08,24.095,24.06,24.08,3464.0
2026-06-15,2026-06-15 15:15:00,24.06,24.07,24.03,24.07,9636.0
2026-06-15,2026-06-15 15:20:00,24.065,24.135,24.065,24.135,4099.0
2026-06-15,2026-06-15 15:25:00,24.1,24.12,24.045,24.045,35577.0
2026-06-15,2026-06-15 15:30:00,24.045,24.045,23.93,23.963036,27063.0
2026-06-15,2026-06-15 15:35:00,23.94,24.095,23.94,24.04,39713.0
2026-06-15,2026-06-15 15:40:00,24.05,24.05,23.995,24.04,26869.0
2026-06-15,2026-06-15 15:45:00,24.03,24.03,23.95,23.995,12002.0
2026-06-15,2026-06-15 15:50:00,24.0275,24.05,23.98,24.03,15811.0
2026-06-15,2026-06-15 15:55:00,24.03,24.03,23.92,23.93,35854.0
2026-06-15,2026-06-15 16:00:00,23.93,24.22,23.93,24.18,479656.0
2026-06-16,2026-06-16 09:35:00,23.8,24.45,23.8,24.16,34756.0
2026-06-16,2026-06-16 09:40:00,24.16,24.16,24.0,24.0,2557.0
2026-06-16,2026-06-16 09:45:00,23.96,23.96,23.96,23.96,6653.0
2026-06-16,2026-06-16 09:50:00,23.96,23.965,23.96,23.965,1614.0
2026-06-16,2026-06-16 09:55:00,23.9,23.9,23.9,23.9,730.0
2026-06-16,2026-06-16 10:00:00,23.83,23.83,23.71,23.815,2097.0
2026-06-16,2026-06-16 10:05:00,23.71,23.86,23.625,23.86,9297.0
2026-06-16,2026-06-16 10:10:00,23.8,23.95,23.705,23.95,4474.0
2026-06-16,2026-06-16 10:15:00,23.99,24.02,23.925,23.925,21557.0
2026-06-16,2026-06-16 10:20:00,23.965,23.965,23.68,23.71,11704.0
2026-06-16,2026-06-16 10:25:00,23.725,23.725,23.725,23.725,1343.0
2026-06-16,2026-06-16 10:30:00,23.725,23.725,23.54,23.54,2980.0
2026-06-16,2026-06-16 10:35:00,23.58,23.61,23.545,23.61,3139.0
2026-06-16,2026-06-16 10:40:00,23.68,23.68,23.51,23.51,2633.0
2026-06-16,2026-06-16 10:45:00,23.48,23.48,23.37,23.37,2618.0
2026-06-16,2026-06-16 10:50:00,23.38,23.47,23.37,23.47,6810.0
2026-06-16,2026-06-16 10:55:00,23.425,23.425,23.385,23.385,1818.0
2026-06-16,2026-06-16 11:00:00,23.38,23.42,23.31,23.37,6582.0
2026-06-16,2026-06-16 11:05:00,23.405,23.42,23.35,23.4,3171.0
2026-06-16,2026-06-16 11:10:00,23.43,23.45,23.4,23.4,2524.0
2026-06-16,2026-06-16 11:15:00,23.41,23.49,23.385,23.49,3397.0
2026-06-16,2026-06-16 11:20:00,23.53,23.53,23.49,23.5,1727.0
2026-06-16,2026-06-16 11:25:00,23.46,23.46,23.42,23.46,3310.0
2026-06-16,2026-06-16 11:30:00,23.42,23.425,23.42,23.425,1785.0
2026-06-16,2026-06-16 11:35:00,23.425,23.54,23.425,23.54,4267.0
2026-06-16,2026-06-16 11:40:00,23.5,23.5,23.46,23.46,2191.0
2026-06-16,2026-06-16 11:45:00,23.48,23.48,23.48,23.48,1096.0
2026-06-16,2026-06-16 11:50:00,23.44,23.49,23.44,23.47,3767.0
2026-06-16,2026-06-16 11:55:00,23.51,23.55,23.51,23.55,2776.0
2026-06-16,2026-06-16 12:00:00,23.5375,23.54,23.48,23.48,5126.0
2026-06-16,2026-06-16 12:05:00,23.5,23.54,23.5,23.54,4224.0
2026-06-16,2026-06-16 12:10:00,23.54,23.5725,23.54,23.5725,3529.0
2026-06-16,2026-06-16 12:15:00,23.62,23.67,23.62,23.67,2260.0
2026-06-16,2026-06-16 12:20:00,23.63,23.63,23.625,23.63,1088.0
2026-06-16,2026-06-16 12:25:00,23.62,23.62,23.51,23.51,4406.0
2026-06-16,2026-06-16 12:30:00,23.55,23.55,23.52,23.52,1308.0
2026-06-16,2026-06-16 12:35:00,23.49,23.575,23.49,23.566,4943.0
2026-06-16,2026-06-16 12:40:00,23.57,23.57,23.545,23.545,1454.0
2026-06-16,2026-06-16 12:45:00,23.57,23.61,23.55,23.55,4615.0
2026-06-16,2026-06-16 12:50:00,23.61,23.61,23.575,23.575,1317.0
2026-06-16,2026-06-16 12:55:00,23.59,23.59,23.53,23.58,3245.0
2026-06-16,2026-06-16 13:00:00,23.585,23.6,23.55,23.575,4417.0
2026-06-16,2026-06-16 13:05:00,23.575,23.615,23.575,23.615,1990.0
2026-06-16,2026-06-16 13:10:00,23.6,23.62,23.58,23.62,2981.0
2026-06-16,2026-06-16 13:15:00,23.63,23.64,23.62,23.64,1665.0
2026-06-16,2026-06-16 13:20:00,23.64,23.69,23.64,23.64,2489.0
2026-06-16,2026-06-16 13:25:00,23.675,23.675,23.65,23.65,793.0
2026-06-16,2026-06-16 13:30:00,23.685,23.685,23.625,23.66,15533.0
2026-06-16,2026-06-16 13:35:00,23.64,23.66,23.62,23.66,2045.0
2026-06-16,2026-06-16 13:40:00,23.65,23.655,23.64,23.64,2605.0
2026-06-16,2026-06-16 13:45:00,23.68,23.74,23.68,23.74,7088.0
2026-06-16,2026-06-16 13:50:00,23.73,23.74,23.7,23.74,2451.0
2026-06-16,2026-06-16 13:55:00,23.78,23.78,23.7625,23.7625,8358.0
2026-06-16,2026-06-16 14:00:00,23.75,23.77,23.75,23.77,2065.0
2026-06-16,2026-06-16 14:05:00,23.7335,23.84,23.7335,23.84,17768.0
2026-06-16,2026-06-16 14:10:00,23.81,23.81,23.75,23.75,4111.0
2026-06-16,2026-06-16 14:15:00,23.745,23.765,23.7425,23.765,3936.0
2026-06-16,2026-06-16 14:20:00,23.745,23.745,23.71,23.74,3914.0
2026-06-16,2026-06-16 14:25:00,23.7,23.715,23.655,23.715,5463.0
2026-06-16,2026-06-16 14:30:00,23.715,23.715,23.715,23.715,675.0
2026-06-16,2026-06-16 14:35:00,23.67,23.67,23.58,23.58,10102.0
2026-06-16,2026-06-16 14:40:00,23.59,23.62,23.59,23.62,2658.0
2026-06-16,2026-06-16 14:45:00,23.62,23.62,23.62,23.62,1254.0
2026-06-16,2026-06-16 14:50:00,23.64,23.88,23.64,23.8175,24662.0
2026-06-16,2026-06-16 14:55:00,23.795,23.89,23.79,23.88,21946.0
2026-06-16,2026-06-16 15:00:00,23.89,23.915,23.8,23.8,10135.0
2026-06-16,2026-06-16 15:05:00,23.83,23.855,23.79,23.795,13976.0
2026-06-16,2026-06-16 15:10:00,23.795,23.835,23.78,23.815,8879.0
2026-06-16,2026-06-16 15:15:00,23.75,23.75,23.7488,23.75,2638.0
2026-06-16,2026-06-16 15:20:00,23.67,23.67,23.65,23.65,3993.0
2026-06-16,2026-06-16 15:25:00,23.64,23.66,23.63,23.66,3113.0
2026-06-16,2026-06-16 15:30:00,23.64,23.695,23.64,23.66,6718.0
2026-06-16,2026-06-16 15:35:00,23.665,23.7,23.64,23.655,13055.0
2026-06-16,2026-06-16 15:40:00,23.65,23.65,23.59,23.62,7356.0
2026-06-16,2026-06-16 15:45:00,23.63,23.67,23.63,23.66,7737.0
2026-06-16,2026-06-16 15:50:00,23.66,23.66,23.57,23.64,12903.0
2026-06-16,2026-06-16 15:55:00,23.62,23.675,23.59,23.675,15171.0
2026-06-16,2026-06-16 16:00:00,23.65,23.65,23.525,23.55,225766.0
2026-06-17,2026-06-17 09:35:00,23.8,23.8,23.6,23.6,7554.0
2026-06-17,2026-06-17 09:40:00,23.625,23.96,23.625,23.65,1135.0
2026-06-17,2026-06-17 09:45:00,23.67,24.09,23.67,24.09,7168.0
2026-06-17,2026-06-17 09:50:00,24.08,24.26,23.99,24.04,8134.0
2026-06-17,2026-06-17 09:55:00,24.1,24.13,23.97,23.97,16446.0
2026-06-17,2026-06-17 10:00:00,23.96,24.04,23.96,24.02,2906.0
2026-06-17,2026-06-17 10:05:00,23.99,24.05,23.92,24.0,14701.0
2026-06-17,2026-06-17 10:10:00,23.975017,24.02,23.95,23.95,8907.0
2026-06-17,2026-06-17 10:15:00,23.9251,23.955,23.9,23.94,6594.0
2026-06-17,2026-06-17 10:20:00,23.99,24.01,23.98,24.0,15587.0
2026-06-17,2026-06-17 10:25:00,23.97,24.04,23.97,24.005,3275.0
2026-06-17,2026-06-17 10:30:00,24.025,24.025,23.9,23.9,2533.0
2026-06-17,2026-06-17 10:35:00,23.96,23.99,23.93,23.93,2663.0
2026-06-17,2026-06-17 10:40:00,23.91,24.04,23.91,24.01,4012.0
2026-06-17,2026-06-17 10:45:00,23.98,23.98,23.96,23.96,1911.0
2026-06-17,2026-06-17 10:50:00,23.95,24.02,23.95,24.02,2370.0
2026-06-17,2026-06-17 10:55:00,24.025,24.11,24.025,24.11,8699.0
2026-06-17,2026-06-17 11:00:00,24.07,24.075,24.04,24.0675,2340.0
2026-06-17,2026-06-17 11:05:00,24.065,24.155,24.065,24.155,4190.0
2026-06-17,2026-06-17 11:10:00,24.18,24.18,24.1,24.1,4764.0
2026-06-17,2026-06-17 11:15:00,24.1,24.2,24.1,24.2,12991.0
2026-06-17,2026-06-17 11:20:00,24.25,24.38,24.22,24.27,35122.0
2026-06-17,2026-06-17 11:25:00,24.26,24.26,24.18,24.18,4226.0
2026-06-17,2026-06-17 11:30:00,24.18,24.265,24.18,24.265,5376.0
2026-06-17,2026-06-17 11:35:00,24.29,24.425,24.285,24.405,7490.0
2026-06-17,2026-06-17 11:40:00,24.45,24.52,24.445,24.48,5073.0
2026-06-17,2026-06-17 11:45:00,24.47,24.49,24.425,24.435,5898.0
2026-06-17,2026-06-17 11:50:00,24.375,24.44,24.35,24.435,4953.0
2026-06-17,2026-06-17 11:55:00,24.44,24.5,24.42,24.4975,2421.0
2026-06-17,2026-06-17 12:00:00,24.43,24.5,24.43,24.495,4643.0
2026-06-17,2026-06-17 12:05:00,24.51,24.51,24.5,24.51,2793.0
2026-06-17,2026-06-17 12:10:00,24.51,24.51,24.38,24.38,8660.0
2026-06-17,2026-06-17 12:15:00,24.36,24.38,24.275,24.32,6252.0
2026-06-17,2026-06-17 12:20:00,24.3,24.34,24.3,24.32,4878.0
2026-06-17,2026-06-17 12:25:00,24.315,24.37,24.315,24.335,4129.0
2026-06-17,2026-06-17 12:30:00,24.32,24.36,24.31,24.35,4228.0
2026-06-17,2026-06-17 12:35:00,24.34,24.35,24.26,24.26,3610.0
2026-06-17,2026-06-17 12:40:00,24.27,24.33,24.25,24.33,6359.0
2026-06-17,2026-06-17 12:45:00,24.31,24.31,24.27,24.3,4309.0
2026-06-17,2026-06-17 12:50:00,24.31,24.31,24.255,24.28,3327.0
2026-06-17,2026-06-17 12:55:00,24.28,24.36,24.275,24.36,5976.0
2026-06-17,2026-06-17 13:00:00,24.36,24.41,24.36,24.38,2611.0
2026-06-17,2026-06-17 13:05:00,24.37,24.4,24.35,24.4,3062.0
2026-06-17,2026-06-17 13:10:00,24.39,24.6,24.31,24.6,101130.0
2026-06-17,2026-06-17 13:15:00,24.6,24.665,24.6,24.635,6420.0
2026-06-17,2026-06-17 13:20:00,24.62,24.63,24.59,24.62,3085.0
2026-06-17,2026-06-17 13:25:00,24.615,24.64,24.615,24.63,2081.0
2026-06-17,2026-06-17 13:30:00,24.63,24.63,24.63,24.63,1089.0
2026-06-17,2026-06-17 13:35:00,24.625,24.685,24.62,24.68,5296.0
2026-06-17,2026-06-17 13:40:00,24.675,24.7,24.65,24.66,4045.0
2026-06-17,2026-06-17 13:45:00,24.66,24.75,24.65,24.75,11401.0
2026-06-17,2026-06-17 13:50:00,24.74,24.75,24.71,24.715,4966.0
2026-06-17,2026-06-17 13:55:00,24.72,24.75,24.665,24.665,3809.0
2026-06-17,2026-06-17 14:00:00,24.63,24.655,24.62,24.62,2671.0
2026-06-17,2026-06-17 14:05:00,24.62,24.62,24.29,24.33,16259.0
2026-06-17,2026-06-17 14:10:00,24.27,24.36,24.21,24.36,8445.0
2026-06-17,2026-06-17 14:15:00,24.38,24.51,24.37,24.4,8442.0
2026-06-17,2026-06-17 14:20:00,24.44,24.46,24.42,24.42,2117.0
2026-06-17,2026-06-17 14:25:00,24.52,24.52,24.35,24.35,3819.0
2026-06-17,2026-06-17 14:30:00,24.405,24.47,24.38,24.46,6364.0
2026-06-17,2026-06-17 14:35:00,24.445,24.55,24.365,24.39,9455.0
2026-06-17,2026-06-17 14:40:00,24.42,24.525,24.415,24.525,2700.0
2026-06-17,2026-06-17 14:45:00,24.525,24.59,24.525,24.59,4480.0
2026-06-17,2026-06-17 14:50:00,24.57,24.65,24.56,24.56,10680.0
2026-06-17,2026-06-17 14:55:00,24.535,24.6,24.525,24.6,6115.0
2026-06-17,2026-06-17 15:00:00,24.6,24.6,24.39,24.42,29937.0
2026-06-17,2026-06-17 15:05:00,24.45,24.52,24.38,24.41,16290.0
2026-06-17,2026-06-17 15:10:00,24.41,24.47,24.37,24.37,4776.0
2026-06-17,2026-06-17 15:15:00,24.33,24.365,24.26,24.36,7558.0
2026-06-17,2026-06-17 15:20:00,24.34,24.34,24.26,24.3,4836.0
2026-06-17,2026-06-17 15:25:00,24.28,24.28,24.11,24.11,12786.0
2026-06-17,2026-06-17 15:30:00,24.11,24.285,24.11,24.215,12658.0
2026-06-17,2026-06-17 15:35:00,24.215,24.215,24.11,24.11,13118.0
2026-06-17,2026-06-17 15:40:00,24.13,24.18,24.06,24.06,9525.0
2026-06-17,2026-06-17 15:45:00,24.09,24.1,24.03,24.05,12612.0
2026-06-17,2026-06-17 15:50:00,24.07,24.22,24.03,24.22,15614.0
2026-06-17,2026-06-17 15:55:00,24.2,24.24,24.13,24.15,25411.0
2026-06-17,2026-06-17 16:00:00,24.17,24.26,24.11,24.12,238124.0
2026-06-18,2026-06-18 09:35:00,24.5,24.835,24.41,24.6,190884.0
2026-06-18,2026-06-18 09:40:00,24.49,24.71,24.26,24.71,5436.0
2026-06-18,2026-06-18 09:45:00,24.7,24.81,24.69,24.69,2285.0
2026-06-18,2026-06-18 09:50:00,24.63,24.8,24.51,24.55,17200.0
2026-06-18,2026-06-18 09:55:00,24.59,24.59,24.48,24.545,3178.0
2026-06-18,2026-06-18 10:00:00,24.62,24.64,24.51,24.54,9533.0
2026-06-18,2026-06-18 10:05:00,24.54,24.55,24.39,24.395,6422.0
2026-06-18,2026-06-18 10:10:00,24.415,24.5,24.11,24.12,32854.0
2026-06-18,2026-06-18 10:15:00,24.14,24.14,24.0,24.065,78195.0
2026-06-18,2026-06-18 10:20:00,24.09,24.17,24.04,24.155,55238.0
2026-06-18,2026-06-18 10:25:00,24.155,24.2325,24.1,24.14,10678.0
2026-06-18,2026-06-18 10:30:00,24.1,24.26,24.075,24.2,17541.0
2026-06-18,2026-06-18 10:35:00,24.18,24.18,24.02,24.15,6256.0
2026-06-18,2026-06-18 10:40:00,24.18,24.18,24.16,24.16,1664.0
2026-06-18,2026-06-18 10:45:00,24.17,24.17,23.99,24.09,16881.0
2026-06-18,2026-06-18 10:50:00,24.0,24.03,23.92,24.01,5044.0
2026-06-18,2026-06-18 10:55:00,23.98,23.98,23.86,23.885,2071.0
2026-06-18,2026-06-18 11:00:00,23.895,24.09,23.8,24.09,12352.0
2026-06-18,2026-06-18 11:05:00,24.05,24.06,23.85,23.85,10464.0
2026-06-18,2026-06-18 11:10:00,23.89,23.97,23.85,23.93,21508.0
2026-06-18,2026-06-18 11:15:00,23.97,24.0,23.88,23.88,10603.0
2026-06-18,2026-06-18 11:20:00,23.89,23.895,23.825,23.895,3914.0
2026-06-18,2026-06-18 11:25:00,23.93,23.94,23.86,23.86,3133.0
2026-06-18,2026-06-18 11:30:00,23.84,23.9,23.81,23.81,2811.0
2026-06-18,2026-06-18 11:35:00,23.797,23.89,23.797,23.89,2567.0
2026-06-18,2026-06-18 11:40:00,23.87,23.88,23.85,23.86,2753.0
2026-06-18,2026-06-18 11:45:00,23.89,23.97,23.89,23.91,3863.0
2026-06-18,2026-06-18 11:50:00,23.94,23.99,23.91,23.99,3613.0
2026-06-18,2026-06-18 11:55:00,24.02,24.05,24.02,24.05,2090.0
2026-06-18,2026-06-18 12:00:00,24.06,24.165,24.06,24.11,6829.0
2026-06-18,2026-06-18 12:05:00,24.08,24.145,24.08,24.13,3913.0
2026-06-18,2026-06-18 12:10:00,24.0988,24.15,24.06,24.07,2734.0
2026-06-18,2026-06-18 12:15:00,24.08,24.08,24.03,24.06,3160.0
2026-06-18,2026-06-18 12:20:00,24.08,24.09,24.08,24.09,1677.0
2026-06-18,2026-06-18 12:25:00,24.1,24.125,24.07,24.12,5384.0
2026-06-18,2026-06-18 12:30:00,24.1001,24.115,24.03,24.03,4871.0
2026-06-18,2026-06-18 12:35:00,24.04,24.11,24.04,24.08,5530.0
2026-06-18,2026-06-18 12:40:00,24.1,24.12,23.91,23.91,20129.0
2026-06-18,2026-06-18 12:45:00,23.99,23.99,23.92,23.92,3386.0
2026-06-18,2026-06-18 12:50:00,23.905,23.97,23.9,23.925,4882.0
2026-06-18,2026-06-18 12:55:00,23.92,23.92,23.9,23.915,4387.0
2026-06-18,2026-06-18 13:00:00,23.94,23.94,23.9,23.9,4403.0
2026-06-18,2026-06-18 13:05:00,23.905,23.91,23.87,23.9,2987.0
2026-06-18,2026-06-18 13:10:00,23.93,24.01,23.93,23.98,4534.0
2026-06-18,2026-06-18 13:15:00,24.01,24.06,24.0,24.05,2686.0
2026-06-18,2026-06-18 13:20:00,24.04,24.04,24.03,24.03,1187.0
2026-06-18,2026-06-18 13:25:00,24.02,24.02,23.98,23.98,3348.0
2026-06-18,2026-06-18 13:30:00,23.96,24.01,23.96,24.0,2818.0
2026-06-18,2026-06-18 13:35:00,24.03,24.08,24.03,24.0601,3887.0
2026-06-18,2026-06-18 13:40:00,24.08,24.08,24.06,24.08,2588.0
2026-06-18,2026-06-18 13:45:00,24.09,24.135,24.075,24.11,2885.0
2026-06-18,2026-06-18 13:50:00,24.12,24.14,24.07,24.07,4642.0
2026-06-18,2026-06-18 13:55:00,24.11,24.14,24.11,24.14,3491.0
2026-06-18,2026-06-18 14:00:00,24.13,24.17,24.13,24.16,2688.0
2026-06-18,2026-06-18 14:05:00,24.16,24.16,24.1,24.1,4483.0
2026-06-18,2026-06-18 14:10:00,24.085,24.13,24.085,24.13,6267.0
2026-06-18,2026-06-18 14:15:00,24.14,24.15,24.13,24.13,3888.0
2026-06-18,2026-06-18 14:20:00,24.14,24.17,24.14,24.16,4147.0
2026-06-18,2026-06-18 14:25:00,24.16,24.2,24.155,24.19,2985.0
2026-06-18,2026-06-18 14:30:00,24.23,24.24,24.21,24.24,2958.0
2026-06-18,2026-06-18 14:35:00,24.24,24.26,24.23,24.26,2943.0
2026-06-18,2026-06-18 14:40:00,24.275,24.275,24.23,24.255,2638.0
2026-06-18,2026-06-18 14:45:00,24.26,24.27,24.26,24.27,2170.0
2026-06-18,2026-06-18 14:50:00,24.28,24.28,24.27,24.28,2173.0
2026-06-18,2026-06-18 14:55:00,24.28,24.3,24.28,24.28,1842.0
2026-06-18,2026-06-18 15:00:00,24.29,24.29,24.24,24.245,5713.0
2026-06-18,2026-06-18 15:05:00,24.24,24.28,24.24,24.24,8171.0
2026-06-18,2026-06-18 15:10:00,24.26,24.27,24.23,24.27,6996.0
2026-06-18,2026-06-18 15:15:00,24.26,24.3,24.24,24.28,6609.0
2026-06-18,2026-06-18 15:20:00,24.28,24.295,24.28,24.29,3752.0
2026-06-18,2026-06-18 15:25:00,24.285,24.4,24.28,24.4,8125.0
2026-06-18,2026-06-18 15:30:00,24.41,24.45,24.41,24.44,7965.0
2026-06-18,2026-06-18 15:35:00,24.45,24.45,24.29,24.29,35544.0
2026-06-18,2026-06-18 15:40:00,24.275,24.35,24.27,24.29,9154.0
2026-06-18,2026-06-18 15:45:00,24.3025,24.32,24.22,24.29,15090.0
2026-06-18,2026-06-18 15:50:00,24.285,24.47,24.26,24.395,63448.0
2026-06-18,2026-06-18 15:55:00,24.395,24.66,24.395,24.48,34314.0
2026-06-18,2026-06-18 16:00:00,24.49,24.5,24.24,24.31,1185787.0
2026-06-22,2026-06-22 09:35:00,24.89,25.865,24.59,25.615,67923.0
2026-06-22,2026-06-22 09:40:00,25.615,25.905,25.32,25.32,12163.0
2026-06-22,2026-06-22 09:45:00,25.44,25.56,25.42,25.42,3808.0
2026-06-22,2026-06-22 09:50:00,25.37,25.58,25.37,25.465,11016.0
2026-06-22,2026-06-22 09:55:00,25.445,25.87,25.44,25.84,29817.0
2026-06-22,2026-06-22 10:00:00,25.75,25.865,25.72,25.72,4851.0
2026-06-22,2026-06-22 10:05:00,25.79,25.79,25.64,25.7,8052.0
2026-06-22,2026-06-22 10:10:00,25.65,25.84,25.64,25.78,8148.0
2026-06-22,2026-06-22 10:15:00,25.78,25.88,25.71,25.725,17306.0
2026-06-22,2026-06-22 10:20:00,25.7201,25.8,25.66,25.71,9972.0
2026-06-22,2026-06-22 10:25:00,25.71,25.79,25.55,25.55,6547.0
2026-06-22,2026-06-22 10:30:00,25.55,25.635,25.51,25.555,5756.0
2026-06-22,2026-06-22 10:35:00,25.555,25.63,25.48,25.5,9954.0
2026-06-22,2026-06-22 10:40:00,25.495,25.64,25.49,25.64,6494.0
2026-06-22,2026-06-22 10:45:00,25.615,25.7,25.59,25.595,7249.0
2026-06-22,2026-06-22 10:50:00,25.645,25.68,25.55,25.57,4842.0
2026-06-22,2026-06-22 10:55:00,25.53,25.565,25.44,25.48,5640.0
2026-06-22,2026-06-22 11:00:00,25.5,25.89,25.49,25.815,14478.0
2026-06-22,2026-06-22 11:05:00,25.82,25.905,25.73,25.74,8048.0
2026-06-22,2026-06-22 11:10:00,25.71,25.74,25.64,25.69,10018.0
2026-06-22,2026-06-22 11:15:00,25.66,25.85,25.66,25.835,36347.0
2026-06-22,2026-06-22 11:20:00,25.835,25.89,25.76,25.76,8724.0
2026-06-22,2026-06-22 11:25:00,25.78,25.85,25.78,25.85,7016.0
2026-06-22,2026-06-22 11:30:00,25.88,25.965,25.81,25.84,9283.0
2026-06-22,2026-06-22 11:35:00,25.82,25.97,25.79,25.945,7323.0
2026-06-22,2026-06-22 11:40:00,25.98,26.145,25.95,26.02,78607.0
2026-06-22,2026-06-22 11:45:00,25.9901,26.24,25.9901,26.22,18630.0
2026-06-22,2026-06-22 11:50:00,26.21,26.24,26.1,26.1,25587.0
2026-06-22,2026-06-22 11:55:00,26.06,26.07,25.9689,25.985,13554.0
2026-06-22,2026-06-22 12:00:00,26.015,26.0599,25.9874,25.995,14649.0
2026-06-22,2026-06-22 12:05:00,25.98,25.98,25.82,25.87,7464.0
2026-06-22,2026-06-22 12:10:00,25.865,25.93,25.83,25.93,8267.0
2026-06-22,2026-06-22 12:15:00,25.915,25.95,25.895,25.94,10672.0
2026-06-22,2026-06-22 12:20:00,25.96,26.06,25.94,26.0,23812.0
2026-06-22,2026-06-22 12:25:00,26.01,26.04,25.9,25.92,16822.0
2026-06-22,2026-06-22 12:30:00,25.92,26.025,25.92,25.985,16674.0
2026-06-22,2026-06-22 12:35:00,25.99,25.99,25.87,25.89,7603.0
2026-06-22,2026-06-22 12:40:00,25.895,25.92,25.87,25.89,3549.0
2026-06-22,2026-06-22 12:45:00,25.88,25.8875,25.865,25.8875,2991.0
2026-06-22,2026-06-22 12:50:00,25.88,25.985,25.865,25.985,5007.0
2026-06-22,2026-06-22 12:55:00,25.99,25.99,25.945,25.96,4497.0
2026-06-22,2026-06-22 13:00:00,25.9899,26.01,25.92,25.96,17845.0
2026-06-22,2026-06-22 13:05:00,25.96,25.975,25.95,25.95,5291.0
2026-06-22,2026-06-22 13:10:00,25.965,25.965,25.8485,25.91,12616.0
2026-06-22,2026-06-22 13:15:00,25.93,25.93,25.75,25.85,26880.0
2026-06-22,2026-06-22 13:20:00,25.85,26.0,25.85,25.88,83374.0
2026-06-22,2026-06-22 13:25:00,25.865,25.94,25.82,25.87,10259.0
2026-06-22,2026-06-22 13:30:00,25.87,25.925,25.865,25.92,9457.0
2026-06-22,2026-06-22 13:35:00,25.93,26.14,25.93,26.14,17584.0
2026-06-22,2026-06-22 13:40:00,26.12,26.175,26.06,26.175,13654.0
2026-06-22,2026-06-22 13:45:00,26.15,26.2999,26.15,26.27,40931.0
2026-06-22,2026-06-22 13:50:00,26.26,26.28,26.19,26.24,10652.0
2026-06-22,2026-06-22 13:55:00,26.21,26.3,26.21,26.27,16891.0
2026-06-22,2026-06-22 14:00:00,26.27,26.29,26.141,26.16,22413.0
2026-06-22,2026-06-22 14:05:00,26.16,26.375,26.16,26.35,42121.0
2026-06-22,2026-06-22 14:10:00,26.355,26.5,26.315,26.465,35800.0
2026-06-22,2026-06-22 14:15:00,26.465,26.55,26.35,26.485,44801.0
2026-06-22,2026-06-22 14:20:00,26.485,26.535,26.46,26.47,12278.0
2026-06-22,2026-06-22 14:25:00,26.46,26.58,26.45,26.495,39784.0
2026-06-22,2026-06-22 14:30:00,26.495,26.61,26.45,26.6,690362.0
2026-06-22,2026-06-22 14:35:00,26.62,26.95,26.5,26.865,201920.0
2026-06-22,2026-06-22 14:40:00,26.865,27.0,26.83,26.83,24558.0
2026-06-22,2026-06-22 14:45:00,26.865,26.91,26.82,26.855,13133.0
2026-06-22,2026-06-22 14:50:00,26.875,27.08,26.85,27.0,50062.0
2026-06-22,2026-06-22 14:55:00,27.0,27.0416,26.955,26.955,23865.0
2026-06-22,2026-06-22 15:00:00,26.93,27.0,26.7,26.7,62024.0
2026-06-22,2026-06-22 15:05:00,26.73,26.965,26.69,26.96,23330.0
2026-06-22,2026-06-22 15:10:00,26.935,26.935,26.7301,26.865,27594.0
2026-06-22,2026-06-22 15:15:00,26.865,26.915,26.755,26.755,14849.0
2026-06-22,2026-06-22 15:20:00,26.775,26.79,26.53,26.6,175057.0
2026-06-22,2026-06-22 15:25:00,26.61,26.67,26.605,26.65,19731.0
2026-06-22,2026-06-22 15:30:00,26.62,26.78,26.61,26.74,22589.0
2026-06-22,2026-06-22 15:35:00,26.74,26.78,26.67,26.755,47352.0
2026-06-22,2026-06-22 15:40:00,26.765,26.88,26.605,26.605,47491.0
2026-06-22,2026-06-22 15:45:00,26.595,26.7,26.58,26.62,39649.0
2026-06-22,2026-06-22 15:50:00,26.635,26.805,26.61,26.78,61023.0
2026-06-22,2026-06-22 15:55:00,26.75,27.0375,26.72,27.02,64802.0
2026-06-22,2026-06-22 16:00:00,27.005,27.28,26.89,27.23,798606.0
2026-06-23,2026-06-23 09:35:00,26.72,27.42,26.72,27.31,30364.0
2026-06-23,2026-06-23 09:40:00,27.1401,27.48,27.11,27.11,14148.0
2026-06-23,2026-06-23 09:45:00,27.19,27.19,26.955,26.955,5724.0
2026-06-23,2026-06-23 09:50:00,27.03,27.36,27.01,27.36,10251.0
2026-06-23,2026-06-23 09:55:00,27.28,27.6,27.28,27.56,14198.0
2026-06-23,2026-06-23 10:00:00,27.59,27.62,27.49,27.62,3627.0
2026-06-23,2026-06-23 10:05:00,27.62,27.9744,27.62,27.875,14096.0
2026-06-23,2026-06-23 10:10:00,27.79,28.21,27.79,28.17,50026.0
2026-06-23,2026-06-23 10:15:00,28.19,28.2341,27.85,27.92,15646.0
2026-06-23,2026-06-23 10:20:00,27.83,28.06,27.8,28.025,49648.0
2026-06-23,2026-06-23 10:25:00,28.0,28.04,27.8,27.82,11004.0
2026-06-23,2026-06-23 10:30:00,27.79,27.795,27.6145,27.63,6574.0
2026-06-23,2026-06-23 10:35:00,27.69,27.69,27.62,27.635,2549.0
2026-06-23,2026-06-23 10:40:00,27.58,27.58,27.4598,27.46,5770.0
2026-06-23,2026-06-23 10:45:00,27.45,27.53,27.39,27.44,13130.0
2026-06-23,2026-06-23 10:50:00,27.39,27.51,27.39,27.51,3592.0
2026-06-23,2026-06-23 10:55:00,27.5,27.61,27.49,27.61,6051.0
2026-06-23,2026-06-23 11:00:00,27.63,27.7099,27.61,27.69,7126.0
2026-06-23,2026-06-23 11:05:00,27.7,27.85,27.7,27.805,10613.0
2026-06-23,2026-06-23 11:10:00,27.8,27.895,27.79,27.86,29648.0
2026-06-23,2026-06-23 11:15:00,27.84,27.86,27.71,27.78,14611.0
2026-06-23,2026-06-23 11:20:00,27.75,27.75,27.57,27.58,3973.0
2026-06-23,2026-06-23 11:25:00,27.63,27.65,27.52,27.62,12986.0
2026-06-23,2026-06-23 11:30:00,27.605,27.71,27.48,27.71,120763.0
2026-06-23,2026-06-23 11:35:00,27.66,27.76,27.56,27.73,13964.0
2026-06-23,2026-06-23 11:40:00,27.79,27.8,27.7,27.72,3585.0
2026-06-23,2026-06-23 11:45:00,27.68,27.8,27.68,27.69,7552.0
2026-06-23,2026-06-23 11:50:00,27.72,27.815,27.72,27.815,6128.0
2026-06-23,2026-06-23 11:55:00,27.77,27.8,27.77,27.78,3088.0
2026-06-23,2026-06-23 12:00:00,27.74,27.92,27.74,27.92,6829.0
2026-06-23,2026-06-23 12:05:00,27.89,28.0,27.86,28.0,10807.0
2026-06-23,2026-06-23 12:10:00,28.04,28.04,28.01,28.04,3601.0
2026-06-23,2026-06-23 12:15:00,28.08,28.13,28.07,28.125,9318.0
2026-06-23,2026-06-23 12:20:00,28.125,28.125,28.03,28.03,4789.0
2026-06-23,2026-06-23 12:25:00,28.04,28.06,27.98,28.045,7753.0
2026-06-23,2026-06-23 12:30:00,28.03,28.05,27.95,28.03,8604.0
2026-06-23,2026-06-23 12:35:00,28.05,28.07,28.0,28.05,13655.0
2026-06-23,2026-06-23 12:40:00,28.02,28.07,28.02,28.07,3039.0
2026-06-23,2026-06-23 12:45:00,28.045,28.11,28.02,28.1,7621.0
2026-06-23,2026-06-23 12:50:00,28.08,28.14,28.04,28.14,44852.0
2026-06-23,2026-06-23 12:55:00,28.145,28.23,28.14,28.215,8438.0
2026-06-23,2026-06-23 13:00:00,28.24,28.25,28.15,28.23,21246.0
2026-06-23,2026-06-23 13:05:00,28.23,28.23,28.15,28.15,4996.0
2026-06-23,2026-06-23 13:10:00,28.16,28.24,28.14,28.24,8438.0
2026-06-23,2026-06-23 13:15:00,28.24,28.27,28.21,28.25,6696.0
2026-06-23,2026-06-23 13:20:00,28.23,28.26,28.2,28.25,4781.0
2026-06-23,2026-06-23 13:25:00,28.265,28.27,28.19,28.21,13411.0
2026-06-23,2026-06-23 13:30:00,28.205,28.21,28.115,28.15,21035.0
2026-06-23,2026-06-23 13:35:00,28.09,28.15,28.09,28.11,16766.0
2026-06-23,2026-06-23 13:40:00,28.11,28.17,28.09,28.15,19790.0
2026-06-23,2026-06-23 13:45:00,28.15,28.16,28.12,28.125,13268.0
2026-06-23,2026-06-23 13:50:00,28.125,28.1699,28.1,28.1699,6252.0
2026-06-23,2026-06-23 13:55:00,28.15,28.15,28.01,28.01,15049.0
2026-06-23,2026-06-23 14:00:00,28.03,28.06,28.01,28.06,7877.0
2026-06-23,2026-06-23 14:05:00,28.05,28.08,28.02,28.025,15710.0
2026-06-23,2026-06-23 14:10:00,28.025,28.06,27.95,28.06,22208.0
2026-06-23,2026-06-23 14:15:00,28.02,28.02,27.955,27.965,4190.0
2026-06-23,2026-06-23 14:20:00,27.99,28.0,27.88,27.91,5465.0
2026-06-23,2026-06-23 14:25:00,27.88,27.92,27.88,27.905,2890.0
2026-06-23,2026-06-23 14:30:00,27.93,27.94,27.875,27.91,3753.0
2026-06-23,2026-06-23 14:35:00,27.86,27.91,27.85,27.9,6552.0
2026-06-23,2026-06-23 14:40:00,27.895,27.9,27.83,27.86,4563.0
2026-06-23,2026-06-23 14:45:00,27.81,27.825,27.765,27.775,9959.0
2026-06-23,2026-06-23 14:50:00,27.81,27.81,27.75,27.78,7529.0
2026-06-23,2026-06-23 14:55:00,27.77,27.86,27.75,27.86,12774.0
2026-06-23,2026-06-23 15:00:00,27.86,27.86,27.79,27.83,6716.0
2026-06-23,2026-06-23 15:05:00,27.85,27.94,27.825,27.93,10837.0
2026-06-23,2026-06-23 15:10:00,27.96,28.01,27.84,27.85,11678.0
2026-06-23,2026-06-23 15:15:00,27.845,27.87,27.83,27.855,9467.0
2026-06-23,2026-06-23 15:20:00,27.855,27.94,27.855,27.875,21221.0
2026-06-23,2026-06-23 15:25:00,27.875,27.96,27.875,27.955,10699.0
2026-06-23,2026-06-23 15:30:00,27.94,28.07,27.94,28.07,12019.0
2026-06-23,2026-06-23 15:35:00,28.09,28.12,28.04,28.07,15505.0
2026-06-23,2026-06-23 15:40:00,28.1,28.11,28.05,28.05,9434.0
2026-06-23,2026-06-23 15:45:00,28.085,28.11,27.985,28.005,16665.0
2026-06-23,2026-06-23 15:50:00,28.01,28.05,27.76,27.97,188694.0
2026-06-23,2026-06-23 15:55:00,27.98,28.165,27.975,28.16,28466.0
2026-06-23,2026-06-23 16:00:00,28.14,28.24,28.09,28.18,298183.0
2026-06-24,2026-06-24 09:35:00,28.52,29.04,28.36,28.765,50776.0
2026-06-24,2026-06-24 09:40:00,28.87,28.99,28.793,28.84,12840.0
2026-06-24,2026-06-24 09:45:00,28.838,28.843,28.545,28.545,7062.0
2026-06-24,2026-06-24 09:50:00,28.55,28.79,28.525,28.68,5535.0
2026-06-24,2026-06-24 09:55:00,28.595,28.67,28.4845,28.545,14565.0
2026-06-24,2026-06-24 10:00:00,28.548,28.72,28.5101,28.705,10624.0
2026-06-24,2026-06-24 10:05:00,28.65,28.725,28.28,28.34,9171.0
2026-06-24,2026-06-24 10:10:00,28.405,28.7,28.39,28.59,25823.0
2026-06-24,2026-06-24 10:15:00,28.57,28.75,28.55,28.75,5163.0
2026-06-24,2026-06-24 10:20:00,28.755,28.76,28.52,28.73,32322.0
2026-06-24,2026-06-24 10:25:00,28.745,28.88,28.64,28.875,34177.0
2026-06-24,2026-06-24 10:30:00,28.875,28.98,28.83,28.83,7639.0
2026-06-24,2026-06-24 10:35:00,28.88,28.96,28.86,28.96,2594.0
2026-06-24,2026-06-24 10:40:00,28.98,28.98,28.93,28.95,16007.0
2026-06-24,2026-06-24 10:45:00,28.92,29.14,28.9,29.14,25625.0
2026-06-24,2026-06-24 10:50:00,29.15,29.16,29.04,29.07,6492.0
2026-06-24,2026-06-24 10:55:00,29.065,29.09,29.05,29.05,1367.0
2026-06-24,2026-06-24 11:00:00,29.1,29.25,29.09,29.13,67576.0
2026-06-24,2026-06-24 11:05:00,29.09,29.14,29.055,29.09,8627.0
2026-06-24,2026-06-24 11:10:00,29.06,29.125,28.9525,29.125,8056.0
2026-06-24,2026-06-24 11:15:00,29.15,29.16,29.0,29.08,9671.0
2026-06-24,2026-06-24 11:20:00,29.08,29.085,29.0,29.0,9783.0
2026-06-24,2026-06-24 11:25:00,28.96,29.11,28.9,29.11,30814.0
2026-06-24,2026-06-24 11:30:00,29.08,29.165,29.01,29.01,26999.0
2026-06-24,2026-06-24 11:35:00,28.97,29.05,28.97,29.05,3132.0
2026-06-24,2026-06-24 11:40:00,29.14,29.145,29.09,29.09,6817.0
2026-06-24,2026-06-24 11:45:00,29.075,29.075,29.005,29.005,7142.0
2026-06-24,2026-06-24 11:50:00,29.0,29.125,29.0,29.1,5117.0
2026-06-24,2026-06-24 11:55:00,29.13,29.13,29.1,29.1,4250.0
2026-06-24,2026-06-24 12:00:00,29.095,29.2,29.095,29.16,13466.0
2026-06-24,2026-06-24 12:05:00,29.12,29.25,29.12,29.25,19809.0
2026-06-24,2026-06-24 12:10:00,29.2694,29.37,29.2,29.295,27806.0
2026-06-24,2026-06-24 12:15:00,29.295,29.325,29.26,29.305,11585.0
2026-06-24,2026-06-24 12:20:00,29.34,29.415,29.34,29.4132,6503.0
2026-06-24,2026-06-24 12:25:00,29.44,29.535,29.44,29.5,32544.0
2026-06-24,2026-06-24 12:30:00,29.5278,29.66,29.5278,29.645,17074.0
2026-06-24,2026-06-24 12:35:00,29.69,29.69,29.555,29.64,12506.0
2026-06-24,2026-06-24 12:40:00,29.63,29.82,29.5101,29.565,25446.0
2026-06-24,2026-06-24 12:45:00,29.61,29.69,29.61,29.62,8444.0
2026-06-24,2026-06-24 12:50:00,29.62,29.72,29.62,29.72,2366.0
2026-06-24,2026-06-24 12:55:00,29.675,29.72,29.58,29.58,7598.0
2026-06-24,2026-06-24 13:00:00,29.57,29.61,29.52,29.6,6298.0
2026-06-24,2026-06-24 13:05:00,29.62,29.81,29.62,29.79,14679.0
2026-06-24,2026-06-24 13:10:00,29.805,29.85,29.64,29.69,18044.0
2026-06-24,2026-06-24 13:15:00,29.67,29.69,29.59,29.6475,9381.0
2026-06-24,2026-06-24 13:20:00,29.69,29.69,29.61,29.635,6784.0
2026-06-24,2026-06-24 13:25:00,29.63,29.63,29.43,29.43,11867.0
2026-06-24,2026-06-24 13:30:00,29.42,29.475,29.34,29.355,11703.0
2026-06-24,2026-06-24 13:35:00,29.38,29.38,29.25,29.34,8813.0
2026-06-24,2026-06-24 13:40:00,29.39,29.43,29.21,29.43,42088.0
2026-06-24,2026-06-24 13:45:00,29.45,29.45,29.13,29.13,81574.0
2026-06-24,2026-06-24 13:50:00,29.13,29.21,29.06,29.21,19126.0
2026-06-24,2026-06-24 13:55:00,29.205,29.31,29.2,29.235,11393.0
2026-06-24,2026-06-24 14:00:00,29.235,29.27,29.08,29.085,9297.0
2026-06-24,2026-06-24 14:05:00,29.085,29.12,28.97,29.02,34995.0
2026-06-24,2026-06-24 14:10:00,29.02,29.14,29.02,29.13,10598.0
2026-06-24,2026-06-24 14:15:00,29.13,29.18,29.095,29.095,12191.0
2026-06-24,2026-06-24 14:20:00,29.105,29.255,29.105,29.255,19473.0
2026-06-24,2026-06-24 14:25:00,29.25,29.275,29.02,29.06,32381.0
2026-06-24,2026-06-24 14:30:00,29.09,29.25,29.06,29.23,25301.0
2026-06-24,2026-06-24 14:35:00,29.2,29.2,29.11,29.15,18392.0
2026-06-24,2026-06-24 14:40:00,29.14,29.19,29.11,29.175,5500.0
2026-06-24,2026-06-24 14:45:00,29.2,29.23,29.14,29.145,12267.0
2026-06-24,2026-06-24 14:50:00,29.145,29.145,29.03,29.055,12090.0
2026-06-24,2026-06-24 14:55:00,29.055,29.055,29.0,29.03,11173.0
2026-06-24,2026-06-24 15:00:00,29.02,29.05,28.97,28.98,24536.0
2026-06-24,2026-06-24 15:05:00,28.99,29.01,28.9601,29.01,22219.0
2026-06-24,2026-06-24 15:10:00,29.0,29.0,28.865,28.92,10642.0
2026-06-24,2026-06-24 15:15:00,28.9,28.99,28.9,28.99,22283.0
2026-06-24,2026-06-24 15:20:00,29.01,29.01,28.95,28.955,14361.0
2026-06-24,2026-06-24 15:25:00,28.94,29.02,28.93,28.965,17808.0
2026-06-24,2026-06-24 15:30:00,28.99,29.04,28.99,29.0225,11222.0
2026-06-24,2026-06-24 15:35:00,29.025,29.03,28.92,28.935,26331.0
2026-06-24,2026-06-24 15:40:00,28.935,28.97,28.92,28.92,16563.0
2026-06-24,2026-06-24 15:45:00,28.94,28.96,28.81,28.85,23187.0
2026-06-24,2026-06-24 15:50:00,28.85,28.87,28.82,28.87,30459.0
2026-06-24,2026-06-24 15:55:00,28.85,28.95,28.75,28.795,59248.0
2026-06-24,2026-06-24 16:00:00,28.8,28.83,28.65,28.8,354243.0
2026-06-25,2026-06-25 09:35:00,28.68,28.79,28.0,28.6,23997.0
2026-06-25,2026-06-25 09:40:00,29.01,29.31,28.94,29.02,14938.0
2026-06-25,2026-06-25 09:45:00,28.92,29.22,28.815,29.09,9401.0
2026-06-25,2026-06-25 09:50:00,29.06,29.15,28.925,28.95,9007.0
2026-06-25,2026-06-25 09:55:00,28.95,29.14,28.95,29.065,9336.0
2026-06-25,2026-06-25 10:00:00,29.08,29.08,28.89,28.97,6555.0
2026-06-25,2026-06-25 10:05:00,28.96,29.375,28.96,29.33,8917.0
2026-06-25,2026-06-25 10:10:00,29.3189,29.66,29.23,29.615,7402.0
2026-06-25,2026-06-25 10:15:00,29.68,29.95,29.59,29.845,20855.0
2026-06-25,2026-06-25 10:20:00,29.895,30.06,29.69,29.8,86207.0
2026-06-25,2026-06-25 10:25:00,29.87,30.14,29.86,30.03,62617.0
2026-06-25,2026-06-25 10:30:00,30.05,30.215,30.0,30.215,51838.0
2026-06-25,2026-06-25 10:35:00,30.19,30.335,30.17,30.32,16791.0
2026-06-25,2026-06-25 10:40:00,30.3,30.5,30.23,30.49,39357.0
2026-06-25,2026-06-25 10:45:00,30.49,30.83,30.49,30.8231,49769.0
2026-06-25,2026-06-25 10:50:00,30.84,31.1099,30.81,31.0787,18377.0
2026-06-25,2026-06-25 10:55:00,31.065,31.092,30.74,31.015,41114.0
2026-06-25,2026-06-25 11:00:00,30.96,31.16,30.74,31.09,28921.0
2026-06-25,2026-06-25 11:05:00,31.09,31.09,30.8,31.0551,69615.0
2026-06-25,2026-06-25 11:10:00,31.055,31.36,30.99,31.225,139803.0
2026-06-25,2026-06-25 11:15:00,31.23,31.44,30.95,31.105,172080.0
2026-06-25,2026-06-25 11:20:00,31.105,31.22,31.0349,31.12,15906.0
2026-06-25,2026-06-25 11:25:00,31.17,31.17,30.81,30.85,171984.0
2026-06-25,2026-06-25 11:30:00,30.885,30.95,30.72,30.73,44105.0
2026-06-25,2026-06-25 11:35:00,30.735,30.7456,30.62,30.655,11466.0
2026-06-25,2026-06-25 11:40:00,30.655,30.79,30.6101,30.65,27594.0
2026-06-25,2026-06-25 11:45:00,30.69,30.705,30.43,30.48,7956.0
2026-06-25,2026-06-25 11:50:00,30.5,30.64,30.485,30.575,18638.0
2026-06-25,2026-06-25 11:55:00,30.54,30.585,30.43,30.51,25750.0
2026-06-25,2026-06-25 12:00:00,30.52,30.63,30.42,30.455,7053.0
2026-06-25,2026-06-25 12:05:00,30.455,30.5,30.415,30.44,5992.0
2026-06-25,2026-06-25 12:10:00,30.465,30.465,30.29,30.38,11249.0
2026-06-25,2026-06-25 12:15:00,30.42,30.455,30.35,30.405,5690.0
2026-06-25,2026-06-25 12:20:00,30.41,30.46,30.255,30.255,76248.0
2026-06-25,2026-06-25 12:25:00,30.255,30.29,30.15,30.2,8702.0
2026-06-25,2026-06-25 12:30:00,30.22,30.25,30.2,30.225,5002.0
2026-06-25,2026-06-25 12:35:00,30.225,30.225,29.975,29.975,25841.0
2026-06-25,2026-06-25 12:40:00,29.975,29.9823,29.78,29.78,13042.0
2026-06-25,2026-06-25 12:45:00,29.78,29.89,29.75,29.82,10132.0
2026-06-25,2026-06-25 12:50:00,29.78,29.94,29.69,29.88,11024.0
2026-06-25,2026-06-25 12:55:00,29.885,30.01,29.795,30.005,45006.0
2026-06-25,2026-06-25 13:00:00,30.03,30.055,29.97,30.005,8115.0
2026-06-25,2026-06-25 13:05:00,29.98,29.995,29.875,29.895,8546.0
2026-06-25,2026-06-25 13:10:00,29.89,29.96,29.89,29.92,12871.0
2026-06-25,2026-06-25 13:15:00,29.9402,30.14,29.93,30.14,28132.0
2026-06-25,2026-06-25 13:20:00,30.14,30.48,30.11,30.11,16091.0
2026-06-25,2026-06-25 13:25:00,30.14,30.22,30.085,30.205,4440.0
2026-06-25,2026-06-25 13:30:00,30.205,30.24,30.14,30.21,6018.0
2026-06-25,2026-06-25 13:35:00,30.19,30.195,30.09,30.135,5149.0
2026-06-25,2026-06-25 13:40:00,30.135,30.27,30.135,30.26,10896.0
2026-06-25,2026-06-25 13:45:00,30.21,30.3493,30.21,30.27,6396.0
2026-06-25,2026-06-25 13:50:00,30.27,30.27,30.13,30.13,5208.0
2026-06-25,2026-06-25 13:55:00,30.13,30.21,30.13,30.205,11792.0
2026-06-25,2026-06-25 14:00:00,30.205,30.26,30.13,30.245,11906.0
2026-06-25,2026-06-25 14:05:00,30.235,30.28,30.115,30.115,47135.0
2026-06-25,2026-06-25 14:10:00,30.115,30.2,30.08,30.17,8236.0
2026-06-25,2026-06-25 14:15:00,30.17,30.17,30.1,30.1,5786.0
2026-06-25,2026-06-25 14:20:00,30.13,30.2725,30.1,30.255,10238.0
2026-06-25,2026-06-25 14:25:00,30.25,30.27,30.195,30.24,5963.0
2026-06-25,2026-06-25 14:30:00,30.24,30.37,30.24,30.35,7544.0
2026-06-25,2026-06-25 14:35:00,30.32,30.35,30.23,30.32,17026.0
2026-06-25,2026-06-25 14:40:00,30.33,30.48,30.3,30.44,80783.0
2026-06-25,2026-06-25 14:45:00,30.45,30.45,30.3,30.305,18173.0
2026-06-25,2026-06-25 14:50:00,30.305,30.385,30.24,30.385,36955.0
2026-06-25,2026-06-25 14:55:00,30.36,30.405,30.24,30.24,10172.0
2026-06-25,2026-06-25 15:00:00,30.255,30.255,30.06,30.195,27455.0
2026-06-25,2026-06-25 15:05:00,30.2,30.245,30.015,30.035,22412.0
2026-06-25,2026-06-25 15:10:00,30.06,30.14,30.045,30.08,9022.0
2026-06-25,2026-06-25 15:15:00,30.09,30.105,30.0,30.06,13736.0
2026-06-25,2026-06-25 15:20:00,30.065,30.12,30.065,30.08,7671.0
2026-06-25,2026-06-25 15:25:00,30.07,30.26,30.06,30.23,19932.0
2026-06-25,2026-06-25 15:30:00,30.22,30.25,30.12,30.13,12122.0
2026-06-25,2026-06-25 15:35:00,30.12,30.23,30.05,30.2,19404.0
2026-06-25,2026-06-25 15:40:00,30.195,30.23,30.11,30.145,15411.0
2026-06-25,2026-06-25 15:45:00,30.145,30.18,30.12,30.165,16117.0
2026-06-25,2026-06-25 15:50:00,30.165,30.26,30.165,30.24,42602.0
2026-06-25,2026-06-25 15:55:00,30.24,30.31,30.09,30.19,85289.0
2026-06-25,2026-06-25 16:00:00,30.19,30.305,30.09,30.25,373805.0
2026-06-26,2026-06-26 09:35:00,29.96,30.24,29.3,29.57,16979.0
2026-06-26,2026-06-26 09:40:00,29.56,29.92,29.51,29.81,9626.0
2026-06-26,2026-06-26 09:45:00,29.7703,30.02,29.76,29.94,20751.0
2026-06-26,2026-06-26 09:50:00,29.95,30.32,29.95,30.205,25330.0
2026-06-26,2026-06-26 09:55:00,30.21,30.63,30.21,30.51,36939.0
2026-06-26,2026-06-26 10:00:00,30.51,30.66,30.47,30.5975,15472.0
2026-06-26,2026-06-26 10:05:00,30.6075,30.76,30.605,30.71,16873.0
2026-06-26,2026-06-26 10:10:00,30.71,30.83,30.65,30.82,9836.0
2026-06-26,2026-06-26 10:15:00,30.82,30.97,30.8,30.885,12639.0
2026-06-26,2026-06-26 10:20:00,30.875,30.885,30.69,30.69,5395.0
2026-06-26,2026-06-26 10:25:00,30.7,30.94,30.7,30.925,7557.0
2026-06-26,2026-06-26 10:30:00,30.925,30.96,30.805,30.805,8124.0
2026-06-26,2026-06-26 10:35:00,30.8,30.93,30.78,30.87,65497.0
2026-06-26,2026-06-26 10:40:00,30.85,30.85,30.645,30.705,10579.0
2026-06-26,2026-06-26 10:45:00,30.66,30.74,30.38,30.38,42768.0
2026-06-26,2026-06-26 10:50:00,30.435,30.57,30.39,30.47,6329.0
2026-06-26,2026-06-26 10:55:00,30.48,30.54,30.22,30.265,31631.0
2026-06-26,2026-06-26 11:00:00,30.265,30.33,30.19,30.19,11281.0
2026-06-26,2026-06-26 11:05:00,30.185,30.28,30.185,30.22,19107.0
2026-06-26,2026-06-26 11:10:00,30.22,30.235,30.1201,30.17,20868.0
2026-06-26,2026-06-26 11:15:00,30.17,30.175,30.08,30.11,11364.0
2026-06-26,2026-06-26 11:20:00,30.11,30.2999,30.1,30.2999,5406.0
2026-06-26,2026-06-26 11:25:00,30.3,30.57,30.3,30.52,8090.0
2026-06-26,2026-06-26 11:30:00,30.52,30.57,30.43,30.46,6144.0
2026-06-26,2026-06-26 11:35:00,30.46,30.48,30.35,30.35,5890.0
2026-06-26,2026-06-26 11:40:00,30.395,30.43,30.3401,30.43,5842.0
2026-06-26,2026-06-26 11:45:00,30.415,30.52,30.415,30.515,13417.0
2026-06-26,2026-06-26 11:50:00,30.51,30.535,30.44,30.46,5924.0
2026-06-26,2026-06-26 11:55:00,30.465,30.465,30.33,30.33,4215.0
2026-06-26,2026-06-26 12:00:00,30.36,30.51,30.36,30.51,8277.0
2026-06-26,2026-06-26 12:05:00,30.5,30.59,30.4,30.51,21470.0
2026-06-26,2026-06-26 12:10:00,30.51,30.51,30.425,30.445,7701.0
2026-06-26,2026-06-26 12:15:00,30.4,30.51,30.4,30.445,2972.0
2026-06-26,2026-06-26 12:20:00,30.445,30.46,30.41,30.42,6963.0
2026-06-26,2026-06-26 12:25:00,30.42,30.46,30.33,30.43,6285.0
2026-06-26,2026-06-26 12:30:00,30.37,30.43,30.31,30.33,14587.0
2026-06-26,2026-06-26 12:35:00,30.36,30.45,30.36,30.43,6635.0
2026-06-26,2026-06-26 12:40:00,30.43,30.44,30.35,30.35,8379.0
2026-06-26,2026-06-26 12:45:00,30.36,30.43,30.36,30.375,10319.0
2026-06-26,2026-06-26 12:50:00,30.375,30.39,30.295,30.39,10577.0
2026-06-26,2026-06-26 12:55:00,30.39,30.4,30.34,30.36,4847.0
2026-06-26,2026-06-26 13:00:00,30.38,30.46,30.32,30.41,11879.0
2026-06-26,2026-06-26 13:05:00,30.38,30.48,30.38,30.48,6152.0
2026-06-26,2026-06-26 13:10:00,30.435,30.48,30.4,30.405,5085.0
2026-06-26,2026-06-26 13:15:00,30.45,30.45,30.395,30.395,3733.0
2026-06-26,2026-06-26 13:20:00,30.39,30.48,30.35,30.48,13532.0
2026-06-26,2026-06-26 13:25:00,30.445,30.48,30.265,30.29,21953.0
2026-06-26,2026-06-26 13:30:00,30.285,30.35,30.25,30.255,24592.0
2026-06-26,2026-06-26 13:35:00,30.29,30.38,30.26,30.29,9609.0
2026-06-26,2026-06-26 13:40:00,30.29,30.29,30.19,30.23,9050.0
2026-06-26,2026-06-26 13:45:00,30.23,30.25,30.2,30.23,6170.0
2026-06-26,2026-06-26 13:50:00,30.23,30.26,30.19,30.26,12688.0
2026-06-26,2026-06-26 13:55:00,30.29,30.36,30.23,30.28,13327.0
2026-06-26,2026-06-26 14:00:00,30.28,30.31,30.2,30.215,13507.0
2026-06-26,2026-06-26 14:05:00,30.215,30.25,30.1885,30.25,8599.0
2026-06-26,2026-06-26 14:10:00,30.25,30.29,30.1851,30.29,16818.0
2026-06-26,2026-06-26 14:15:00,30.3,30.36,30.275,30.35,12127.0
2026-06-26,2026-06-26 14:20:00,30.34,30.34,30.185,30.215,14583.0
2026-06-26,2026-06-26 14:25:00,30.25,30.37,30.215,30.34,6881.0
2026-06-26,2026-06-26 14:30:00,30.33,30.33,30.215,30.24,5970.0
2026-06-26,2026-06-26 14:35:00,30.24,30.33,30.21,30.3,7999.0
2026-06-26,2026-06-26 14:40:00,30.3,30.3,30.25,30.275,10006.0
2026-06-26,2026-06-26 14:45:00,30.3,30.32,30.25,30.32,7986.0
2026-06-26,2026-06-26 14:50:00,30.29,30.31,30.22,30.28,8213.0
2026-06-26,2026-06-26 14:55:00,30.25,30.32,30.22,30.28,28671.0
2026-06-26,2026-06-26 15:00:00,30.29,30.34,30.24,30.31,13881.0
2026-06-26,2026-06-26 15:05:00,30.32,30.42,30.32,30.38,24553.0
2026-06-26,2026-06-26 15:10:00,30.34,30.37,30.27,30.3,24951.0
2026-06-26,2026-06-26 15:15:00,30.3,30.35,30.25,30.34,31458.0
2026-06-26,2026-06-26 15:20:00,30.34,30.34,30.25,30.275,21607.0
2026-06-26,2026-06-26 15:25:00,30.275,30.44,30.275,30.44,76699.0
2026-06-26,2026-06-26 15:30:00,30.43,30.49,30.43,30.49,15177.0
2026-06-26,2026-06-26 15:35:00,30.49,30.59,30.4375,30.52,33301.0
2026-06-26,2026-06-26 15:40:00,30.5,30.63,30.42,30.62,45319.0
2026-06-26,2026-06-26 15:45:00,30.62,30.64,30.54,30.6,44014.0
2026-06-26,2026-06-26 15:50:00,30.58,30.66,30.43,30.48,102005.0
2026-06-26,2026-06-26 15:55:00,30.57,30.86,30.53,30.86,104117.0
2026-06-26,2026-06-26 16:00:00,30.875,31.03,30.78,31.0,2502473.0
2026-06-29,2026-06-29 09:35:00,30.96,31.25,30.5491,30.885,32288.0
2026-06-29,2026-06-29 09:40:00,30.77,31.065,30.66,30.85,3438.0
2026-06-29,2026-06-29 09:45:00,31.0,31.06,31.0,31.01,8621.0
2026-06-29,2026-06-29 09:50:00,31.03,31.04,30.73,30.73,8436.0
2026-06-29,2026-06-29 09:55:00,30.76,31.05,30.64,30.88,19428.0
2026-06-29,2026-06-29 10:00:00,30.86,31.035,30.61,30.89,9442.0
2026-06-29,2026-06-29 10:05:00,30.825,31.08,30.69,30.805,15814.0
2026-06-29,2026-06-29 10:10:00,30.78,30.86,30.65,30.8,6848.0
2026-06-29,2026-06-29 10:15:00,30.84,30.84,30.565,30.565,5963.0
2026-06-29,2026-06-29 10:20:00,30.58,30.81,30.505,30.7,11001.0
2026-06-29,2026-06-29 10:25:00,30.81,31.02,30.81,31.01,4171.0
2026-06-29,2026-06-29 10:30:00,31.01,31.155,30.94,31.13,10575.0
2026-06-29,2026-06-29 10:35:00,31.11,31.16,31.06,31.0775,8058.0
2026-06-29,2026-06-29 10:40:00,31.08,31.155,31.04,31.075,10946.0
2026-06-29,2026-06-29 10:45:00,31.02,31.09,30.97,31.045,8291.0
2026-06-29,2026-06-29 10:50:00,30.99,30.99,30.895,30.97,3866.0
2026-06-29,2026-06-29 10:55:00,31.015,31.0175,30.93,30.9725,3677.0
2026-06-29,2026-06-29 11:00:00,31.04,31.15,30.995,31.105,6519.0
2026-06-29,2026-06-29 11:05:00,31.16,31.22,30.94,30.94,8412.0
2026-06-29,2026-06-29 11:10:00,30.92,31.07,30.92,31.06,5091.0
2026-06-29,2026-06-29 11:15:00,31.06,31.06,30.835,30.87,20166.0
2026-06-29,2026-06-29 11:20:00,30.87,30.89,30.58,30.58,6718.0
2026-06-29,2026-06-29 11:25:00,30.5,30.67,30.5,30.53,3444.0
2026-06-29,2026-06-29 11:30:00,30.5,30.62,30.5,30.575,46020.0
2026-06-29,2026-06-29 11:35:00,30.61,30.69,30.59,30.61,4128.0
2026-06-29,2026-06-29 11:40:00,30.64,30.66,30.46,30.6575,15573.0
2026-06-29,2026-06-29 11:45:00,30.74,30.78,30.655,30.725,4506.0
2026-06-29,2026-06-29 11:50:00,30.725,30.96,30.725,30.77,4573.0
2026-06-29,2026-06-29 11:55:00,30.86,30.94,30.86,30.88,3198.0
2026-06-29,2026-06-29 12:00:00,30.84,30.93,30.8,30.915,3886.0
2026-06-29,2026-06-29 12:05:00,30.9,30.9,30.9,30.9,895.0
2026-06-29,2026-06-29 12:10:00,30.89,31.16,30.89,31.155,8359.0
2026-06-29,2026-06-29 12:15:00,31.155,31.25,31.15,31.24,7608.0
2026-06-29,2026-06-29 12:20:00,31.2,31.24,31.05,31.055,7360.0
2026-06-29,2026-06-29 12:25:00,31.11,31.165,31.105,31.165,3605.0
2026-06-29,2026-06-29 12:30:00,31.24,31.27,31.075,31.075,7631.0
2026-06-29,2026-06-29 12:35:00,31.07,31.07,31.01,31.015,4329.0
2026-06-29,2026-06-29 12:40:00,31.05,31.06,30.95,30.98,9509.0
2026-06-29,2026-06-29 12:45:00,30.965,31.0,30.96,30.98,6126.0
2026-06-29,2026-06-29 12:50:00,30.94,31.01,30.94,31.005,4211.0
2026-06-29,2026-06-29 12:55:00,30.99,30.99,30.935,30.935,3144.0
2026-06-29,2026-06-29 13:00:00,30.93,30.99,30.93,30.99,3455.0
2026-06-29,2026-06-29 13:05:00,30.98,31.03,30.98,31.01,8012.0
2026-06-29,2026-06-29 13:10:00,31.01,31.05,30.98,31.0225,5285.0
2026-06-29,2026-06-29 13:15:00,31.025,31.16,31.02,31.16,6754.0
2026-06-29,2026-06-29 13:20:00,31.12,31.17,31.115,31.15,3995.0
2026-06-29,2026-06-29 13:25:00,31.1,31.13,31.02,31.055,5423.0
2026-06-29,2026-06-29 13:30:00,31.05,31.12,31.04,31.04,4951.0
2026-06-29,2026-06-29 13:35:00,31.01,31.16,31.01,31.13,10713.0
2026-06-29,2026-06-29 13:40:00,31.115,31.115,31.05,31.05,2701.0
2026-06-29,2026-06-29 13:45:00,31.06,31.16,31.05,31.14,4758.0
2026-06-29,2026-06-29 13:50:00,31.06,31.2,31.05,31.14,8153.0
2026-06-29,2026-06-29 13:55:00,31.125,31.17,31.12,31.145,2532.0
2026-06-29,2026-06-29 14:00:00,31.155,31.24,31.11,31.18,10294.0
2026-06-29,2026-06-29 14:05:00,31.15,31.2,31.15,31.175,5627.0
2026-06-29,2026-06-29 14:10:00,31.175,31.175,30.79,30.865,77358.0
2026-06-29,2026-06-29 14:15:00,30.8725,30.93,30.865,30.93,5183.0
2026-06-29,2026-06-29 14:20:00,30.93,30.98,30.91,30.945,96787.0
2026-06-29,2026-06-29 14:25:00,30.98,31.05,30.98,31.005,11775.0
2026-06-29,2026-06-29 14:30:00,30.99,31.005,30.855,30.905,13143.0
2026-06-29,2026-06-29 14:35:00,30.905,30.98,30.905,30.975,6280.0
2026-06-29,2026-06-29 14:40:00,30.96,31.0099,30.91,30.92,12269.0
2026-06-29,2026-06-29 14:45:00,30.95,30.95,30.86,30.905,14373.0
2026-06-29,2026-06-29 14:50:00,30.88,30.92,30.76,30.76,9525.0
2026-06-29,2026-06-29 14:55:00,30.73,30.84,30.73,30.8,14693.0
2026-06-29,2026-06-29 15:00:00,30.805,30.91,30.805,30.83,16631.0
2026-06-29,2026-06-29 15:05:00,30.835,30.885,30.835,30.84,7456.0
2026-06-29,2026-06-29 15:10:00,30.84,30.92,30.84,30.87,8177.0
2026-06-29,2026-06-29 15:15:00,30.895,30.895,30.87,30.87,7026.0
2026-06-29,2026-06-29 15:20:00,30.875,30.875,30.67,30.67,40484.0
2026-06-29,2026-06-29 15:25:00,30.725,30.94,30.67,30.885,20771.0
2026-06-29,2026-06-29 15:30:00,30.91,31.0,30.885,30.94,19444.0
2026-06-29,2026-06-29 15:35:00,30.93,30.95,30.87,30.95,14585.0
2026-06-29,2026-06-29 15:40:00,30.955,31.08,30.955,31.07,20050.0
2026-06-29,2026-06-29 15:45:00,31.04,31.18,31.04,31.18,24768.0
2026-06-29,2026-06-29 15:50:00,31.18,31.19,31.05,31.17,28438.0
2026-06-29,2026-06-29 15:55:00,31.11,31.25,31.1,31.19,68045.0
2026-06-29,2026-06-29 16:00:00,31.21,31.26,31.04,31.08,491537.0
2026-06-30,2026-06-30 09:35:00,31.14,31.36,30.91,31.205,39853.0
2026-06-30,2026-06-30 09:40:00,31.2075,31.45,31.2075,31.36,3885.0
2026-06-30,2026-06-30 09:45:00,31.49,31.67,31.49,31.64,12359.0
2026-06-30,2026-06-30 09:50:00,31.69,31.735,31.58,31.65,11657.0
2026-06-30,2026-06-30 09:55:00,31.59,31.5925,31.53,31.53,4000.0
2026-06-30,2026-06-30 10:00:00,31.47,31.56,31.38,31.38,19033.0
2026-06-30,2026-06-30 10:05:00,31.38,31.5,31.35,31.5,9636.0
2026-06-30,2026-06-30 10:10:00,31.48,31.57,31.48,31.52,4808.0
2026-06-30,2026-06-30 10:15:00,31.52,31.52,31.51,31.51,1358.0
2026-06-30,2026-06-30 10:20:00,31.51,31.59,31.51,31.535,2136.0
2026-06-30,2026-06-30 10:25:00,31.535,31.7342,31.535,31.675,2496.0
2026-06-30,2026-06-30 10:30:00,31.61,31.675,31.51,31.51,5608.0
2026-06-30,2026-06-30 10:35:00,31.5,31.5,31.33,31.445,5474.0
2026-06-30,2026-06-30 10:40:00,31.425,31.54,31.425,31.495,3182.0
2026-06-30,2026-06-30 10:45:00,31.49,31.49,31.07,31.29,8552.0
2026-06-30,2026-06-30 10:50:00,31.2225,31.37,31.195,31.2125,9772.0
2026-06-30,2026-06-30 10:55:00,31.33,31.33,31.25,31.25,3711.0
2026-06-30,2026-06-30 11:00:00,31.21,31.28,31.21,31.25,6526.0
2026-06-30,2026-06-30 11:05:00,31.25,31.33,31.25,31.275,6623.0
2026-06-30,2026-06-30 11:10:00,31.27,31.34,31.2101,31.295,6195.0
2026-06-30,2026-06-30 11:15:00,31.305,31.37,31.305,31.35,6014.0
2026-06-30,2026-06-30 11:20:00,31.325,31.38,31.205,31.25,7926.0
2026-06-30,2026-06-30 11:25:00,31.3,31.32,31.23,31.27,5943.0
2026-06-30,2026-06-30 11:30:00,31.215,31.25,31.1028,31.13,19581.0
2026-06-30,2026-06-30 11:35:00,31.17,31.17,31.05,31.1,14276.0
2026-06-30,2026-06-30 11:40:00,31.095,31.095,30.9,30.915,5958.0
2026-06-30,2026-06-30 11:45:00,30.96,31.01,30.87,31.01,6187.0
2026-06-30,2026-06-30 11:50:00,30.99,31.0697,30.99,31.02,6522.0
2026-06-30,2026-06-30 11:55:00,31.01,31.045,30.985,30.99,5692.0
2026-06-30,2026-06-30 12:00:00,31.0,31.17,31.0,31.08,10070.0
2026-06-30,2026-06-30 12:05:00,31.05,31.13,31.035,31.08,10055.0
2026-06-30,2026-06-30 12:10:00,31.07,31.07,30.98,30.98,4729.0
2026-06-30,2026-06-30 12:15:00,30.96,31.015,30.95,30.98,4528.0
2026-06-30,2026-06-30 12:20:00,30.98,31.35,30.92,30.92,21543.0
2026-06-30,2026-06-30 12:25:00,30.92,31.01,30.905,31.01,7063.0
2026-06-30,2026-06-30 12:30:00,31.01,31.015,30.99,30.99,3686.0
2026-06-30,2026-06-30 12:35:00,31.005,31.02,30.945,31.0,10734.0
2026-06-30,2026-06-30 12:40:00,30.95,30.955,30.92,30.93,5017.0
2026-06-30,2026-06-30 12:45:00,30.9,30.995,30.9,30.995,8894.0
2026-06-30,2026-06-30 12:50:00,30.98,31.04,30.87,30.94,17255.0
2026-06-30,2026-06-30 12:55:00,30.91,30.91,30.83,30.88,9612.0
2026-06-30,2026-06-30 13:00:00,30.88,30.92,30.87,30.87,6542.0
2026-06-30,2026-06-30 13:05:00,30.895,30.92,30.87,30.89,5087.0
2026-06-30,2026-06-30 13:10:00,30.92,31.035,30.905,30.91,10586.0
2026-06-30,2026-06-30 13:15:00,30.9,30.99,30.9,30.96,9042.0
2026-06-30,2026-06-30 13:20:00,30.965,31.1,30.965,31.03,7818.0
2026-06-30,2026-06-30 13:25:00,31.075,31.075,30.97,31.03,8051.0
2026-06-30,2026-06-30 13:30:00,31.03,31.03,30.98,30.98,2490.0
2026-06-30,2026-06-30 13:35:00,30.98,31.02,30.97,30.97,3913.0
2026-06-30,2026-06-30 13:40:00,30.97,31.02,30.93,30.955,12259.0
2026-06-30,2026-06-30 13:45:00,30.93,30.96,30.91,30.94,3153.0
2026-06-30,2026-06-30 13:50:00,30.94,30.94,30.9,30.9,5695.0
2026-06-30,2026-06-30 13:55:00,30.895,30.94,30.87,30.89,10250.0
2026-06-30,2026-06-30 14:00:00,30.895,30.895,30.82,30.82,23986.0
2026-06-30,2026-06-30 14:05:00,30.845,30.925,30.83,30.85,11984.0
2026-06-30,2026-06-30 14:10:00,30.85,30.9,30.85,30.895,3602.0
2026-06-30,2026-06-30 14:15:00,30.9,30.92,30.875,30.875,4664.0
2026-06-30,2026-06-30 14:20:00,30.86,30.96,30.86,30.94,18581.0
2026-06-30,2026-06-30 14:25:00,30.95,31.01,30.89,30.89,55163.0
2026-06-30,2026-06-30 14:30:00,30.89,30.89,30.82,30.865,18432.0
2026-06-30,2026-06-30 14:35:00,30.865,30.89,30.82,30.84,19379.0
2026-06-30,2026-06-30 14:40:00,30.84,30.84,30.78,30.78,9876.0
2026-06-30,2026-06-30 14:45:00,30.78,30.79,30.74,30.745,9095.0
2026-06-30,2026-06-30 14:50:00,30.75,30.84,30.725,30.795,11926.0
2026-06-30,2026-06-30 14:55:00,30.78,30.78,30.71,30.775,6927.0
2026-06-30,2026-06-30 15:00:00,30.775,30.825,30.72,30.72,6635.0
2026-06-30,2026-06-30 15:05:00,30.74,30.805,30.715,30.74,9736.0
2026-06-30,2026-06-30 15:10:00,30.74,30.85,30.74,30.84,6367.0
2026-06-30,2026-06-30 15:15:00,30.835,30.885,30.82,30.85,17294.0
2026-06-30,2026-06-30 15:20:00,30.84,30.84,30.75,30.79,8291.0
2026-06-30,2026-06-30 15:25:00,30.78,30.8,30.74,30.79,10208.0
2026-06-30,2026-06-30 15:30:00,30.795,30.83,30.76,30.775,13730.0
2026-06-30,2026-06-30 15:35:00,30.74,30.8,30.715,30.75,16221.0
2026-06-30,2026-06-30 15:40:00,30.75,30.84,30.7,30.83,25059.0
2026-06-30,2026-06-30 15:45:00,30.82,30.82,30.72,30.74,17547.0
2026-06-30,2026-06-30 15:50:00,30.74,30.74,30.59,30.69,21864.0
2026-06-30,2026-06-30 15:55:00,30.65,30.75,30.6,30.73,36638.0
2026-06-30,2026-06-30 16:00:00,30.75,30.91,30.72,30.83,406416.0
2026-07-01,2026-07-01 09:35:00,30.98,31.32,30.88,31.32,20454.0
2026-07-01,2026-07-01 09:40:00,31.13,31.3,30.71,30.95,6813.0
2026-07-01,2026-07-01 09:45:00,30.95,31.3,30.95,30.95,6895.0
2026-07-01,2026-07-01 09:50:00,30.67,30.95,30.6,30.72,11285.0
2026-07-01,2026-07-01 09:55:00,30.72,30.87,30.65,30.85,14169.0
2026-07-01,2026-07-01 10:00:00,30.845,30.96,30.84,30.905,10868.0
2026-07-01,2026-07-01 10:05:00,30.79,31.03,30.74,30.88,7003.0
2026-07-01,2026-07-01 10:10:00,30.885,31.04,30.875,30.945,7609.0
2026-07-01,2026-07-01 10:15:00,30.98,31.07,30.805,30.805,11967.0
2026-07-01,2026-07-01 10:20:00,30.805,30.805,30.535,30.535,5736.0
2026-07-01,2026-07-01 10:25:00,30.46,30.53,30.18,30.18,17628.0
2026-07-01,2026-07-01 10:30:00,30.18,30.5,30.09,30.5,18706.0
2026-07-01,2026-07-01 10:35:00,30.5,30.5,30.305,30.33,5171.0
2026-07-01,2026-07-01 10:40:00,30.31,30.38,30.265,30.265,57022.0
2026-07-01,2026-07-01 10:45:00,30.2725,30.33,29.89,29.91,14785.0
2026-07-01,2026-07-01 10:50:00,30.0,30.0,29.6854,29.95,11566.0
2026-07-01,2026-07-01 10:55:00,29.94,30.055,29.94,29.97,7363.0
2026-07-01,2026-07-01 11:00:00,29.965,30.02,29.85,29.95,7136.0
2026-07-01,2026-07-01 11:05:00,30.03,30.13,29.98,30.11,6526.0
2026-07-01,2026-07-01 11:10:00,30.09,30.17,30.055,30.115,8929.0
2026-07-01,2026-07-01 11:15:00,30.105,30.105,30.09,30.09,2902.0
2026-07-01,2026-07-01 11:20:00,30.08,30.08,29.96,30.02,6474.0
2026-07-01,2026-07-01 11:25:00,30.0,30.02,29.885,29.885,3809.0
2026-07-01,2026-07-01 11:30:00,29.855,29.88,29.835,29.875,4626.0
2026-07-01,2026-07-01 11:35:00,29.85,29.88,29.81,29.81,5244.0
2026-07-01,2026-07-01 11:40:00,29.735,29.785,29.735,29.77,5368.0
2026-07-01,2026-07-01 11:45:00,29.76,29.76,29.44,29.71,57962.0
2026-07-01,2026-07-01 11:50:00,29.69,29.69,29.555,29.6,4840.0
2026-07-01,2026-07-01 11:55:00,29.61,29.61,29.52,29.52,6888.0
2026-07-01,2026-07-01 12:00:00,29.515,29.63,29.515,29.61,11749.0
2026-07-01,2026-07-01 12:05:00,29.63,29.75,29.62,29.62,8105.0
2026-07-01,2026-07-01 12:10:00,29.655,29.665,29.6,29.665,2987.0
2026-07-01,2026-07-01 12:15:00,29.61,29.76,29.6,29.685,35025.0
2026-07-01,2026-07-01 12:20:00,29.68,29.68,29.565,29.66,7456.0
2026-07-01,2026-07-01 12:25:00,29.67,29.755,29.67,29.755,4228.0
2026-07-01,2026-07-01 12:30:00,29.76,29.78,29.73,29.75,4482.0
2026-07-01,2026-07-01 12:35:00,29.75,29.75,29.57,29.6,14111.0
2026-07-01,2026-07-01 12:40:00,29.58,29.595,29.55,29.59,6148.0
2026-07-01,2026-07-01 12:45:00,29.59,29.69,29.57,29.635,8773.0
2026-07-01,2026-07-01 12:50:00,29.6,29.6,29.54,29.54,5267.0
2026-07-01,2026-07-01 12:55:00,29.5,29.5,29.45,29.45,9638.0
2026-07-01,2026-07-01 13:00:00,29.48,29.57,29.48,29.52,12864.0
2026-07-01,2026-07-01 13:05:00,29.5,29.525,29.42,29.42,6852.0
2026-07-01,2026-07-01 13:10:00,29.43,29.475,29.42,29.475,4499.0
2026-07-01,2026-07-01 13:15:00,29.46,29.46,29.36,29.42,7544.0
2026-07-01,2026-07-01 13:20:00,29.42,29.5,29.42,29.465,7150.0
2026-07-01,2026-07-01 13:25:00,29.4575,29.4575,29.44,29.44,2323.0
2026-07-01,2026-07-01 13:30:00,29.45,29.56,29.36,29.445,15668.0
2026-07-01,2026-07-01 13:35:00,29.41,29.48,29.32,29.32,11997.0
2026-07-01,2026-07-01 13:40:00,29.32,29.32,29.14,29.2,24795.0
2026-07-01,2026-07-01 13:45:00,29.2,29.26,29.14,29.24,11275.0
2026-07-01,2026-07-01 13:50:00,29.24,29.34,29.21,29.27,8294.0
2026-07-01,2026-07-01 13:55:00,29.24,29.33,29.18,29.18,35692.0
2026-07-01,2026-07-01 14:00:00,29.13,29.16,28.94,29.055,43171.0
2026-07-01,2026-07-01 14:05:00,29.015,29.28,29.015,29.28,15992.0
2026-07-01,2026-07-01 14:10:00,29.255,29.34,29.2,29.249,36912.0
2026-07-01,2026-07-01 14:15:00,29.22,29.22,29.025,29.025,10493.0
2026-07-01,2026-07-01 14:20:00,29.05,29.08,29.0,29.0,20782.0
2026-07-01,2026-07-01 14:25:00,29.0,29.0,28.86,28.98,8039.0
2026-07-01,2026-07-01 14:30:00,28.945,28.95,28.9,28.95,3474.0
2026-07-01,2026-07-01 14:35:00,28.95,29.04,28.94,28.94,16436.0
2026-07-01,2026-07-01 14:40:00,28.98,28.98,28.83,28.87,13477.0
2026-07-01,2026-07-01 14:45:00,28.875,28.875,28.83,28.86,6958.0
2026-07-01,2026-07-01 14:50:00,28.82,28.91,28.79,28.91,12474.0
2026-07-01,2026-07-01 14:55:00,28.88,28.97,28.86,28.9,9853.0
2026-07-01,2026-07-01 15:00:00,28.87,28.97,28.86,28.925,6728.0
2026-07-01,2026-07-01 15:05:00,28.95,28.98,28.9,28.9,11083.0
2026-07-01,2026-07-01 15:10:00,28.91,28.98,28.91,28.98,8102.0
2026-07-01,2026-07-01 15:15:00,28.97,29.01,28.93,29.01,10539.0
2026-07-01,2026-07-01 15:20:00,28.98,29.03,28.92,28.945,16504.0
2026-07-01,2026-07-01 15:25:00,28.93,28.96,28.775,28.84,31883.0
2026-07-01,2026-07-01 15:30:00,28.83,28.89,28.81,28.865,10985.0
2026-07-01,2026-07-01 15:35:00,28.87,28.97,28.83,28.885,22784.0
2026-07-01,2026-07-01 15:40:00,28.905,29.03,28.83,28.92,39965.0
2026-07-01,2026-07-01 15:45:00,28.93,28.97,28.82,28.945,22864.0
2026-07-01,2026-07-01 15:50:00,28.95,28.98,28.92,28.95,19359.0
2026-07-01,2026-07-01 15:55:00,28.95,29.1,28.91,29.1,32560.0
2026-07-01,2026-07-01 16:00:00,29.08,29.33,28.92,28.92,461331.0
2026-07-02,2026-07-02 09:35:00,29.23,29.53,29.15,29.175,13938.0
2026-07-02,2026-07-02 09:40:00,28.93,29.13,28.9,28.91,9676.0
2026-07-02,2026-07-02 09:45:00,29.04,29.2612,28.9501,29.2612,127293.0
2026-07-02,2026-07-02 09:50:00,29.2547,29.31,29.19,29.31,4562.0
2026-07-02,2026-07-02 09:55:00,29.43,29.75,29.4,29.73,8969.0
2026-07-02,2026-07-02 10:00:00,29.73,30.24,29.73,30.21,22830.0
2026-07-02,2026-07-02 10:05:00,30.15,30.55,30.13,30.54,11358.0
2026-07-02,2026-07-02 10:10:00,30.52,30.93,30.43,30.825,22039.0
2026-07-02,2026-07-02 10:15:00,30.665,30.78,30.61,30.705,9075.0
2026-07-02,2026-07-02 10:20:00,30.705,30.705,30.41,30.51,28980.0
2026-07-02,2026-07-02 10:25:00,30.48,30.49,30.32,30.375,6728.0
2026-07-02,2026-07-02 10:30:00,30.37,30.47,30.19,30.27,12789.0
2026-07-02,2026-07-02 10:35:00,30.31,30.36,30.11,30.14,8041.0
2026-07-02,2026-07-02 10:40:00,30.11,30.11,29.84,30.04,16838.0
2026-07-02,2026-07-02 10:45:00,30.035,30.035,29.88,29.91,4701.0
2026-07-02,2026-07-02 10:50:00,29.915,29.965,29.88,29.94,9570.0
2026-07-02,2026-07-02 10:55:00,29.925,29.93,29.79,29.8,5650.0
2026-07-02,2026-07-02 11:00:00,29.81,29.92,29.795,29.91,9433.0
2026-07-02,2026-07-02 11:05:00,29.91,29.94,29.78,29.79,4513.0
2026-07-02,2026-07-02 11:10:00,29.75,29.815,29.735,29.795,4396.0
2026-07-02,2026-07-02 11:15:00,29.82,29.98,29.82,29.87,43241.0
2026-07-02,2026-07-02 11:20:00,29.91,29.91,29.795,29.82,12595.0
2026-07-02,2026-07-02 11:25:00,29.7927,29.96,29.7927,29.93,6512.0
2026-07-02,2026-07-02 11:30:00,29.94,29.97,29.9,29.9,8005.0
2026-07-02,2026-07-02 11:35:00,29.89,30.04,29.89,30.03,6505.0
2026-07-02,2026-07-02 11:40:00,29.995,30.03,29.95,30.03,7436.0
2026-07-02,2026-07-02 11:45:00,30.03,30.05,29.99,30.035,13650.0
2026-07-02,2026-07-02 11:50:00,30.035,30.06,30.01,30.01,6407.0
2026-07-02,2026-07-02 11:55:00,29.995,30.03,29.995,30.03,1676.0
2026-07-02,2026-07-02 12:00:00,30.01,30.05,29.98,30.05,7601.0
2026-07-02,2026-07-02 12:05:00,30.04,30.04,29.89,29.94,9353.0
2026-07-02,2026-07-02 12:10:00,29.94,29.96,29.835,29.86,14207.0
2026-07-02,2026-07-02 12:15:00,29.89,29.95,29.88,29.94,3729.0
2026-07-02,2026-07-02 12:20:00,29.92,29.96,29.875,29.9,7677.0
2026-07-02,2026-07-02 12:25:00,29.86,29.86,29.802,29.81,5432.0
2026-07-02,2026-07-02 12:30:00,29.825,29.825,29.66,29.685,12319.0
2026-07-02,2026-07-02 12:35:00,29.685,29.685,29.615,29.615,9033.0
2026-07-02,2026-07-02 12:40:00,29.63,29.665,29.45,29.5025,3554.0
2026-07-02,2026-07-02 12:45:00,29.54,29.6,29.54,29.575,7478.0
2026-07-02,2026-07-02 12:50:00,29.565,29.6,29.545,29.56,3096.0
2026-07-02,2026-07-02 12:55:00,29.55,29.65,29.52,29.65,6084.0
2026-07-02,2026-07-02 13:00:00,29.625,29.625,29.5,29.525,5365.0
2026-07-02,2026-07-02 13:05:00,29.515,29.515,29.41,29.45,4584.0
2026-07-02,2026-07-02 13:10:00,29.44,29.585,29.44,29.505,2746.0
2026-07-02,2026-07-02 13:15:00,29.53,29.6,29.53,29.6,3360.0
2026-07-02,2026-07-02 13:20:00,29.575,29.6,29.535,29.535,3485.0
2026-07-02,2026-07-02 13:25:00,29.55,29.65,29.54,29.6,5397.0
2026-07-02,2026-07-02 13:30:00,29.6099,29.6099,29.54,29.56,2838.0
2026-07-02,2026-07-02 13:35:00,29.54,29.58,29.35,29.385,30639.0
2026-07-02,2026-07-02 13:40:00,29.385,29.45,29.3,29.45,7344.0
2026-07-02,2026-07-02 13:45:00,29.45,29.495,29.44,29.455,3778.0
2026-07-02,2026-07-02 13:50:00,29.455,29.55,29.455,29.5,11040.0
2026-07-02,2026-07-02 13:55:00,29.5,29.6,29.465,29.5275,6234.0
2026-07-02,2026-07-02 14:00:00,29.54,29.54,29.475,29.475,7496.0
2026-07-02,2026-07-02 14:05:00,29.48,29.57,29.48,29.54,12372.0
2026-07-02,2026-07-02 14:10:00,29.57,29.71,29.57,29.69,4761.0
2026-07-02,2026-07-02 14:15:00,29.71,29.77,29.635,29.635,5038.0
2026-07-02,2026-07-02 14:20:00,29.6,29.63,29.58,29.63,8007.0
2026-07-02,2026-07-02 14:25:00,29.59,29.63,29.59,29.63,2675.0
2026-07-02,2026-07-02 14:30:00,29.63,29.75,29.61,29.75,7678.0
2026-07-02,2026-07-02 14:35:00,29.77,29.805,29.685,29.745,25055.0
2026-07-02,2026-07-02 14:40:00,29.76,29.87,29.76,29.77,10692.0
2026-07-02,2026-07-02 14:45:00,29.785,29.86,29.785,29.86,2781.0
2026-07-02,2026-07-02 14:50:00,29.83,29.92,29.8125,29.905,5664.0
2026-07-02,2026-07-02 14:55:00,29.92,29.93,29.86,29.905,5725.0
2026-07-02,2026-07-02 15:00:00,29.93,29.93,29.87,29.92,8542.0
2026-07-02,2026-07-02 15:05:00,29.92,29.945,29.8775,29.9,9160.0
2026-07-02,2026-07-02 15:10:00,29.9,29.96,29.885,29.94,10683.0
2026-07-02,2026-07-02 15:15:00,29.92,29.96,29.88,29.96,12250.0
2026-07-02,2026-07-02 15:20:00,29.955,29.96,29.9,29.945,8911.0
2026-07-02,2026-07-02 15:25:00,29.91,29.98,29.91,29.96,14968.0
2026-07-02,2026-07-02 15:30:00,29.94,30.018,29.935,29.985,9974.0
2026-07-02,2026-07-02 15:35:00,29.98,30.16,29.97,30.16,15024.0
2026-07-02,2026-07-02 15:40:00,30.12,30.16,30.08,30.09,12684.0
2026-07-02,2026-07-02 15:45:00,30.11,30.18,30.09,30.16,20120.0
2026-07-02,2026-07-02 15:50:00,30.16,30.17,30.07,30.09,32205.0
2026-07-02,2026-07-02 15:55:00,30.09,30.26,30.06,30.105,54827.0
2026-07-02,2026-07-02 16:00:00,30.12,30.44,30.1,30.33,369169.0
2026-07-06,2026-07-06 09:35:00,30.42,30.73,30.37,30.73,17919.0
2026-07-06,2026-07-06 09:40:00,30.8,31.0,30.6575,30.73,3432.0
2026-07-06,2026-07-06 09:45:00,30.9999,31.23,30.8607,30.885,10616.0
2026-07-06,2026-07-06 09:50:00,30.83,30.865,30.59,30.59,2516.0
2026-07-06,2026-07-06 09:55:00,30.6,30.6,30.49,30.52,2866.0
2026-07-06,2026-07-06 10:00:00,30.49,30.49,30.375,30.375,2180.0
2026-07-06,2026-07-06 10:05:00,30.375,30.3935,30.29,30.3935,7898.0
2026-07-06,2026-07-06 10:10:00,30.365,30.5,30.28,30.5,8104.0
2026-07-06,2026-07-06 10:15:00,30.46,30.57,30.42,30.42,4136.0
2026-07-06,2026-07-06 10:20:00,30.405,30.47,30.38,30.445,5927.0
2026-07-06,2026-07-06 10:25:00,30.42,30.55,30.37,30.49,5983.0
2026-07-06,2026-07-06 10:30:00,30.49,30.54,30.305,30.375,23980.0
2026-07-06,2026-07-06 10:35:00,30.38,30.39,30.25,30.25,8240.0
2026-07-06,2026-07-06 10:40:00,30.25,30.315,30.25,30.26,6331.0
2026-07-06,2026-07-06 10:45:00,30.26,30.35,30.205,30.28,15813.0
2026-07-06,2026-07-06 10:50:00,30.285,30.64,30.285,30.64,34000.0
2026-07-06,2026-07-06 10:55:00,30.625,30.69,30.612,30.625,2727.0
2026-07-06,2026-07-06 11:00:00,30.54,30.58,30.48,30.5525,5566.0
2026-07-06,2026-07-06 11:05:00,30.565,30.565,30.45,30.48,5110.0
2026-07-06,2026-07-06 11:10:00,30.515,30.515,30.41,30.41,19181.0
2026-07-06,2026-07-06 11:15:00,30.44,30.48,30.34,30.42,11075.0
2026-07-06,2026-07-06 11:20:00,30.39,30.43,30.12,30.12,7755.0
2026-07-06,2026-07-06 11:25:00,30.12,30.2,30.07,30.16,2443.0
2026-07-06,2026-07-06 11:30:00,30.08,30.16,30.08,30.08,2093.0
2026-07-06,2026-07-06 11:35:00,30.08,30.15,30.075,30.075,4101.0
2026-07-06,2026-07-06 11:40:00,30.05,30.06,29.99,30.03,4038.0
2026-07-06,2026-07-06 11:45:00,30.025,30.105,30.025,30.03,5283.0
2026-07-06,2026-07-06 11:50:00,29.97,30.02,29.955,30.01,4370.0
2026-07-06,2026-07-06 11:55:00,30.01,30.01,29.93,29.98,4086.0
2026-07-06,2026-07-06 12:00:00,29.94,30.03,29.93,29.97,3010.0
2026-07-06,2026-07-06 12:05:00,30.03,30.03,29.92,30.015,22754.0
2026-07-06,2026-07-06 12:10:00,30.015,30.27,30.015,30.27,23552.0
2026-07-06,2026-07-06 12:15:00,30.21,30.235,30.185,30.2125,2977.0
2026-07-06,2026-07-06 12:20:00,30.16,30.2,30.1038,30.14,8433.0
2026-07-06,2026-07-06 12:25:00,30.14,30.19,30.14,30.19,1640.0
2026-07-06,2026-07-06 12:30:00,30.155,30.19,30.145,30.18,2131.0
2026-07-06,2026-07-06 12:35:00,30.11,30.11,30.06,30.09,4262.0
2026-07-06,2026-07-06 12:40:00,30.14,30.14,30.09,30.12,2731.0
2026-07-06,2026-07-06 12:45:00,30.12,30.12,29.97,30.01,37358.0
2026-07-06,2026-07-06 12:50:00,30.02,30.05,29.98,29.99,14663.0
2026-07-06,2026-07-06 12:55:00,30.0,30.01,29.955,30.0,5155.0
2026-07-06,2026-07-06 13:00:00,29.96,30.03,29.96,30.0,4589.0
2026-07-06,2026-07-06 13:05:00,29.97,30.01,29.95,29.975,5132.0
2026-07-06,2026-07-06 13:10:00,30.0,30.035,29.99,30.01,3633.0
2026-07-06,2026-07-06 13:15:00,30.01,30.04,30.01,30.03,2985.0
2026-07-06,2026-07-06 13:20:00,30.025,30.065,30.015,30.06,3144.0
2026-07-06,2026-07-06 13:25:00,30.09,30.145,30.07,30.11,3117.0
2026-07-06,2026-07-06 13:30:00,30.1103,30.15,30.04,30.04,4844.0
2026-07-06,2026-07-06 13:35:00,30.05,30.05,29.94,29.98,3491.0
2026-07-06,2026-07-06 13:40:00,29.95,29.97,29.855,29.9,4841.0
2026-07-06,2026-07-06 13:45:00,29.89,29.91,29.87,29.89,3308.0
2026-07-06,2026-07-06 13:50:00,29.91,29.935,29.91,29.935,1913.0
2026-07-06,2026-07-06 13:55:00,29.99,29.99,29.91,29.91,2418.0
2026-07-06,2026-07-06 14:00:00,29.89,29.89,29.85,29.87,3865.0
2026-07-06,2026-07-06 14:05:00,29.855,29.95,29.855,29.95,2497.0
2026-07-06,2026-07-06 14:10:00,29.96,29.97,29.92,29.96,5737.0
2026-07-06,2026-07-06 14:15:00,29.9775,30.005,29.93,29.93,5306.0
2026-07-06,2026-07-06 14:20:00,29.93,29.93,29.925,29.93,1456.0
2026-07-06,2026-07-06 14:25:00,29.93,29.93,29.88,29.91,2408.0
2026-07-06,2026-07-06 14:30:00,29.9199,29.9199,29.88,29.88,2460.0
2026-07-06,2026-07-06 14:35:00,29.88,29.89,29.85,29.87,3145.0
2026-07-06,2026-07-06 14:40:00,29.85,29.85,29.82,29.85,3739.0
2026-07-06,2026-07-06 14:45:00,29.825,29.825,29.825,29.825,747.0
2026-07-06,2026-07-06 14:50:00,29.79,29.89,29.79,29.89,3145.0
2026-07-06,2026-07-06 14:55:00,29.85,29.87,29.84,29.86,1199.0
2026-07-06,2026-07-06 15:00:00,29.8895,29.8895,29.78,29.82,4318.0
2026-07-06,2026-07-06 15:05:00,29.84,29.84,29.78,29.78,2347.0
2026-07-06,2026-07-06 15:10:00,29.8,29.83,29.8,29.82,2284.0
2026-07-06,2026-07-06 15:15:00,29.77,29.84,29.77,29.81,1719.0
2026-07-06,2026-07-06 15:20:00,29.83,29.87,29.8083,29.83,5451.0
2026-07-06,2026-07-06 15:25:00,29.8,29.81,29.76,29.81,3589.0
2026-07-06,2026-07-06 15:30:00,29.795,29.83,29.79,29.8025,2727.0
2026-07-06,2026-07-06 15:35:00,29.805,29.93,29.8,29.93,11981.0
2026-07-06,2026-07-06 15:40:00,29.92,29.93,29.895,29.92,4085.0
2026-07-06,2026-07-06 15:45:00,29.89,29.9,29.84,29.89,8932.0
2026-07-06,2026-07-06 15:50:00,29.88,29.9,29.865,29.9,6929.0
2026-07-06,2026-07-06 15:55:00,29.88,29.93,29.855,29.9,17609.0
2026-07-06,2026-07-06 16:00:00,29.88,30.07,29.81,29.98,211214.0
2026-07-07,2026-07-07 09:35:00,30.29,30.48,29.99,30.05,11348.0
2026-07-07,2026-07-07 09:40:00,30.05,30.075,29.9,30.06,3109.0
2026-07-07,2026-07-07 09:45:00,30.28,30.3,29.9,29.92,13591.0
2026-07-07,2026-07-07 09:50:00,30.04,30.15,30.025,30.025,3266.0
2026-07-07,2026-07-07 09:55:00,30.14,30.14,29.86,29.86,3519.0
2026-07-07,2026-07-07 10:00:00,29.8383,30.0,29.805,29.91,5756.0
2026-07-07,2026-07-07 10:05:00,29.91,30.19,29.88,29.98,7807.0
2026-07-07,2026-07-07 10:10:00,30.03,30.34,30.025,30.34,5742.0
2026-07-07,2026-07-07 10:15:00,30.18,30.18,29.88,29.88,6846.0
2026-07-07,2026-07-07 10:20:00,29.86,29.87,29.85,29.85,2105.0
2026-07-07,2026-07-07 10:25:00,29.92,29.92,29.73,29.81,3758.0
2026-07-07,2026-07-07 10:30:00,29.805,29.94,29.805,29.94,2925.0
2026-07-07,2026-07-07 10:35:00,29.97,30.11,29.97,30.08,3018.0
2026-07-07,2026-07-07 10:40:00,30.12,30.12,30.03,30.075,5377.0
2026-07-07,2026-07-07 10:45:00,30.075,30.21,30.075,30.15,6134.0
2026-07-07,2026-07-07 10:50:00,30.29,30.42,30.22,30.37,6500.0
2026-07-07,2026-07-07 10:55:00,30.41,30.53,30.325,30.53,6280.0
2026-07-07,2026-07-07 11:00:00,30.53,30.63,30.49,30.52,7109.0
2026-07-07,2026-07-07 11:05:00,30.52,30.52,30.43,30.43,9242.0
2026-07-07,2026-07-07 11:10:00,30.455,30.49,30.455,30.48,5368.0
2026-07-07,2026-07-07 11:15:00,30.45,30.45,30.39,30.4,5009.0
2026-07-07,2026-07-07 11:20:00,30.4,30.49,30.35,30.44,13767.0
2026-07-07,2026-07-07 11:25:00,30.44,30.44,30.32,30.32,6311.0
2026-07-07,2026-07-07 11:30:00,30.31,30.35,30.28,30.34,10018.0
2026-07-07,2026-07-07 11:35:00,30.35,30.41,30.32,30.41,4143.0
2026-07-07,2026-07-07 11:40:00,30.42,30.465,30.35,30.35,6145.0
2026-07-07,2026-07-07 11:45:00,30.3,30.36,30.3,30.32,8059.0
2026-07-07,2026-07-07 11:50:00,30.36,30.43,30.35,30.35,9717.0
2026-07-07,2026-07-07 11:55:00,30.33,30.41,30.33,30.375,4700.0
2026-07-07,2026-07-07 12:00:00,30.375,30.39,30.32,30.365,6718.0
2026-07-07,2026-07-07 12:05:00,30.365,30.41,30.28,30.35,9154.0
2026-07-07,2026-07-07 12:10:00,30.315,30.39,30.31,30.36,7080.0
2026-07-07,2026-07-07 12:15:00,30.4,30.43,30.295,30.43,23710.0
2026-07-07,2026-07-07 12:20:00,30.37,30.42,30.3,30.3,15342.0
2026-07-07,2026-07-07 12:25:00,30.35,30.44,30.285,30.405,14901.0
2026-07-07,2026-07-07 12:30:00,30.44,30.5,30.395,30.48,4826.0
2026-07-07,2026-07-07 12:35:00,30.51,30.57,30.45,30.45,4978.0
2026-07-07,2026-07-07 12:40:00,30.45,30.45,30.34,30.37,5651.0
2026-07-07,2026-07-07 12:45:00,30.37,30.41,30.33,30.4,9139.0
2026-07-07,2026-07-07 12:50:00,30.4,30.46,30.4,30.46,6306.0
2026-07-07,2026-07-07 12:55:00,30.465,30.55,30.435,30.495,4565.0
2026-07-07,2026-07-07 13:00:00,30.54,30.54,30.37,30.37,5884.0
2026-07-07,2026-07-07 13:05:00,30.385,30.385,30.345,30.375,2171.0
2026-07-07,2026-07-07 13:10:00,30.375,30.44,30.375,30.42,4016.0
2026-07-07,2026-07-07 13:15:00,30.415,30.48,30.39,30.465,7363.0
2026-07-07,2026-07-07 13:20:00,30.43,30.43,30.355,30.38,3065.0
2026-07-07,2026-07-07 13:25:00,30.36,30.41,30.36,30.41,1746.0
2026-07-07,2026-07-07 13:30:00,30.38,30.43,30.38,30.425,8902.0
2026-07-07,2026-07-07 13:35:00,30.435,30.435,30.37,30.39,4016.0
2026-07-07,2026-07-07 13:40:00,30.395,30.425,30.395,30.41,2899.0
2026-07-07,2026-07-07 13:45:00,30.44,30.449,30.44,30.449,1410.0
2026-07-07,2026-07-07 13:50:00,30.44,30.45,30.33,30.33,6647.0
2026-07-07,2026-07-07 13:55:00,30.325,30.4,30.325,30.4,4146.0
2026-07-07,2026-07-07 14:00:00,30.41,30.41,30.34,30.345,6796.0
2026-07-07,2026-07-07 14:05:00,30.37,30.4,30.34,30.34,7061.0
2026-07-07,2026-07-07 14:10:00,30.35,30.35,30.28,30.31,2692.0
2026-07-07,2026-07-07 14:15:00,30.295,30.38,30.29,30.38,3994.0
2026-07-07,2026-07-07 14:20:00,30.37,30.4,30.33,30.33,12882.0
2026-07-07,2026-07-07 14:25:00,30.33,30.36,30.33,30.345,3273.0
2026-07-07,2026-07-07 14:30:00,30.37,30.39,30.355,30.38,3984.0
2026-07-07,2026-07-07 14:35:00,30.385,30.41,30.37,30.4,9999.0
2026-07-07,2026-07-07 14:40:00,30.415,30.525,30.415,30.525,5537.0
2026-07-07,2026-07-07 14:45:00,30.55,30.55,30.39,30.395,7850.0
2026-07-07,2026-07-07 14:50:00,30.415,30.44,30.225,30.225,15841.0
2026-07-07,2026-07-07 14:55:00,30.26,30.29,30.26,30.26,3198.0
2026-07-07,2026-07-07 15:00:00,30.24,30.24,30.19,30.19,4984.0
2026-07-07,2026-07-07 15:05:00,30.19,30.25,30.165,30.25,3994.0
2026-07-07,2026-07-07 15:10:00,30.26,30.26,30.18,30.18,7508.0
2026-07-07,2026-07-07 15:15:00,30.15,30.19,30.1,30.125,7126.0
2026-07-07,2026-07-07 15:20:00,30.1,30.12,30.07,30.1,8502.0
2026-07-07,2026-07-07 15:25:00,30.095,30.15,30.095,30.13,4269.0
2026-07-07,2026-07-07 15:30:00,30.11,30.2,30.05,30.15,8408.0
2026-07-07,2026-07-07 15:35:00,30.17,30.32,30.17,30.32,8886.0
2026-07-07,2026-07-07 15:40:00,30.32,30.4,30.2857,30.35,13076.0
2026-07-07,2026-07-07 15:45:00,30.33,30.38,30.27,30.34,10268.0
2026-07-07,2026-07-07 15:50:00,30.34,30.5,30.34,30.5,11328.0
2026-07-07,2026-07-07 15:55:00,30.53,30.63,30.47,30.54,33722.0
2026-07-07,2026-07-07 16:00:00,30.53,30.58,30.25,30.25,222460.0
2026-07-08,2026-07-08 09:35:00,29.89,30.43,29.835,30.335,10554.0
2026-07-08,2026-07-08 09:40:00,30.51,30.58,30.255,30.47,3981.0
2026-07-08,2026-07-08 09:45:00,30.54,30.74,30.13,30.4,3343.0
2026-07-08,2026-07-08 09:50:00,30.4,30.55,30.13,30.34,4645.0
2026-07-08,2026-07-08 09:55:00,30.425,30.53,30.19,30.53,5561.0
2026-07-08,2026-07-08 10:00:00,30.52,30.52,30.16,30.305,3950.0
2026-07-08,2026-07-08 10:05:00,30.39,30.46,30.295,30.3,3422.0
2026-07-08,2026-07-08 10:10:00,30.305,30.43,30.08,30.13,20936.0
2026-07-08,2026-07-08 10:15:00,30.14,30.15,29.95,29.965,22911.0
2026-07-08,2026-07-08 10:20:00,29.97,29.97,29.7,29.7,3693.0
2026-07-08,2026-07-08 10:25:00,29.77,29.95,29.77,29.95,2398.0
2026-07-08,2026-07-08 10:30:00,29.95,29.95,29.72,29.72,2724.0
2026-07-08,2026-07-08 10:35:00,29.73,29.9,29.68,29.87,9590.0
2026-07-08,2026-07-08 10:40:00,29.82,29.83,29.66,29.74,6420.0
2026-07-08,2026-07-08 10:45:00,29.79,29.9,29.68,29.9,5862.0
2026-07-08,2026-07-08 10:50:00,29.77,29.77,29.4,29.41,6855.0
2026-07-08,2026-07-08 10:55:00,29.38,29.48,29.38,29.4,2170.0
2026-07-08,2026-07-08 11:00:00,29.54,29.57,29.34,29.45,6437.0
2026-07-08,2026-07-08 11:05:00,29.45,29.62,29.44,29.545,20734.0
2026-07-08,2026-07-08 11:10:00,29.545,29.71,29.48,29.64,3683.0
2026-07-08,2026-07-08 11:15:00,29.6,29.63,29.56,29.595,7397.0
2026-07-08,2026-07-08 11:20:00,29.595,29.735,29.49,29.67,14844.0
2026-07-08,2026-07-08 11:25:00,29.61,29.61,29.42,29.47,6649.0
2026-07-08,2026-07-08 11:30:00,29.46,29.49,29.41,29.49,4020.0
2026-07-08,2026-07-08 11:35:00,29.51,29.5175,29.43,29.5175,5716.0
2026-07-08,2026-07-08 11:40:00,29.55,29.69,29.51,29.51,5180.0
2026-07-08,2026-07-08 11:45:00,29.57,29.6,29.52,29.55,3781.0
2026-07-08,2026-07-08 11:50:00,29.55,29.56,29.43,29.44,4355.0
2026-07-08,2026-07-08 11:55:00,29.4,29.445,29.37,29.41,2448.0
2026-07-08,2026-07-08 12:00:00,29.45,29.45,29.31,29.31,4861.0
2026-07-08,2026-07-08 12:05:00,29.36,29.45,29.36,29.385,6765.0
2026-07-08,2026-07-08 12:10:00,29.42,29.56,29.42,29.51,4849.0
2026-07-08,2026-07-08 12:15:00,29.56,29.6,29.53,29.56,3176.0
2026-07-08,2026-07-08 12:20:00,29.56,29.62,29.5,29.58,4101.0
2026-07-08,2026-07-08 12:25:00,29.61,29.7,29.59,29.59,8045.0
2026-07-08,2026-07-08 12:30:00,29.59,29.76,29.59,29.76,17851.0
2026-07-08,2026-07-08 12:35:00,29.785,29.8,29.68,29.72,4857.0
2026-07-08,2026-07-08 12:40:00,29.69,29.72,29.61,29.7,5838.0
2026-07-08,2026-07-08 12:45:00,29.69,29.76,29.68,29.68,3272.0
2026-07-08,2026-07-08 12:50:00,29.72,29.78,29.71,29.72,1619.0
2026-07-08,2026-07-08 12:55:00,29.75,29.905,29.75,29.86,4018.0
2026-07-08,2026-07-08 13:00:00,29.905,29.97,29.8,29.92,11344.0
2026-07-08,2026-07-08 13:05:00,29.93,29.95,29.74,29.77,4235.0
2026-07-08,2026-07-08 13:10:00,29.7,29.76,29.7,29.75,2250.0
2026-07-08,2026-07-08 13:15:00,29.8,29.8,29.775,29.775,1690.0
2026-07-08,2026-07-08 13:20:00,29.78,29.78,29.78,29.78,955.0
2026-07-08,2026-07-08 13:25:00,29.86,29.87,29.805,29.86,2041.0
2026-07-08,2026-07-08 13:30:00,29.9,29.91,29.85,29.885,5382.0
2026-07-08,2026-07-08 13:35:00,29.86,29.86,29.81,29.81,4143.0
2026-07-08,2026-07-08 13:40:00,29.79,29.83,29.79,29.83,2180.0
2026-07-08,2026-07-08 13:45:00,29.83,29.85,29.83,29.85,6327.0
2026-07-08,2026-07-08 13:50:00,29.79,29.87,29.79,29.87,3829.0
2026-07-08,2026-07-08 13:55:00,29.83,30.0,29.83,29.9,9632.0
2026-07-08,2026-07-08 14:00:00,29.89,29.94,29.89,29.94,9097.0
2026-07-08,2026-07-08 14:05:00,29.88,29.96,29.86,29.96,3807.0
2026-07-08,2026-07-08 14:10:00,29.93,30.16,29.93,30.11,45656.0
2026-07-08,2026-07-08 14:15:00,30.11,30.16,30.11,30.135,3860.0
2026-07-08,2026-07-08 14:20:00,30.15,30.15,30.04,30.08,7729.0
2026-07-08,2026-07-08 14:25:00,30.11,30.13,30.07,30.13,2660.0
2026-07-08,2026-07-08 14:30:00,30.17,30.18,30.15,30.17,3420.0
2026-07-08,2026-07-08 14:35:00,30.16,30.17,30.08,30.17,11127.0
2026-07-08,2026-07-08 14:40:00,30.155,30.27,30.155,30.27,4515.0
2026-07-08,2026-07-08 14:45:00,30.26,30.26,30.21,30.22,4084.0
2026-07-08,2026-07-08 14:50:00,30.24,30.29,30.24,30.29,6366.0
2026-07-08,2026-07-08 14:55:00,30.32,30.32,30.21,30.265,23290.0
2026-07-08,2026-07-08 15:00:00,30.25,30.265,30.22,30.23,3518.0
2026-07-08,2026-07-08 15:05:00,30.25,30.27,30.13,30.17,10618.0
2026-07-08,2026-07-08 15:10:00,30.16,30.21,30.16,30.18,4650.0
2026-07-08,2026-07-08 15:15:00,30.2,30.2,30.14,30.14,5946.0
2026-07-08,2026-07-08 15:20:00,30.13,30.14,30.1,30.14,7384.0
2026-07-08,2026-07-08 15:25:00,30.14,30.16,30.07,30.09,8121.0
2026-07-08,2026-07-08 15:30:00,30.11,30.11,30.07,30.085,4255.0
2026-07-08,2026-07-08 15:35:00,30.1,30.19,30.1,30.165,10157.0
2026-07-08,2026-07-08 15:40:00,30.185,30.23,30.17,30.17,15342.0
2026-07-08,2026-07-08 15:45:00,30.17,30.21,30.16,30.2,8342.0
2026-07-08,2026-07-08 15:50:00,30.2,30.235,30.1,30.13,32963.0
2026-07-08,2026-07-08 15:55:00,30.13,30.37,30.13,30.36,38967.0
2026-07-08,2026-07-08 16:00:00,30.36,30.63,30.25,30.26,463665.0
2026-07-09,2026-07-09 09:35:00,30.15,30.72,29.82,30.555,9370.0
2026-07-09,2026-07-09 09:40:00,30.85,30.86,30.36,30.5,5160.0
2026-07-09,2026-07-09 09:45:00,30.5,30.5,30.29,30.415,4130.0
2026-07-09,2026-07-09 09:50:00,30.38,30.38,30.27,30.37,1617.0
2026-07-09,2026-07-09 09:55:00,30.305,30.58,30.305,30.58,2160.0
2026-07-09,2026-07-09 10:00:00,30.59,30.72,30.55,30.72,3201.0
2026-07-09,2026-07-09 10:05:00,30.55,30.56,30.44,30.56,8566.0
2026-07-09,2026-07-09 10:10:00,30.455,30.46,30.355,30.355,1373.0
2026-07-09,2026-07-09 10:15:00,30.27,30.29,30.21,30.29,1421.0
2026-07-09,2026-07-09 10:20:00,30.255,30.29,30.05,30.14,23626.0
2026-07-09,2026-07-09 10:25:00,30.14,30.16,29.99,30.16,14609.0
2026-07-09,2026-07-09 10:30:00,30.17,30.36,30.165,30.34,2817.0
2026-07-09,2026-07-09 10:35:00,30.3475,30.47,30.21,30.47,6512.0
2026-07-09,2026-07-09 10:40:00,30.4475,30.4475,30.18,30.235,5999.0
2026-07-09,2026-07-09 10:45:00,30.235,30.355,30.235,30.335,4517.0
2026-07-09,2026-07-09 10:50:00,30.3,30.3,30.205,30.255,6121.0
2026-07-09,2026-07-09 10:55:00,30.28,30.385,30.28,30.33,4328.0
2026-07-09,2026-07-09 11:00:00,30.38,30.42,30.32,30.42,10097.0
2026-07-09,2026-07-09 11:05:00,30.38,30.42,30.21,30.21,4521.0
2026-07-09,2026-07-09 11:10:00,30.23,30.25,30.21,30.25,5559.0
2026-07-09,2026-07-09 11:15:00,30.27,30.27,30.18,30.21,3026.0
2026-07-09,2026-07-09 11:20:00,30.18,30.21,30.15,30.16,5561.0
2026-07-09,2026-07-09 11:25:00,30.165,30.26,30.165,30.235,2286.0
2026-07-09,2026-07-09 11:30:00,30.235,30.235,30.13,30.13,5154.0
2026-07-09,2026-07-09 11:35:00,30.11,30.12,30.06,30.08,2557.0
2026-07-09,2026-07-09 11:40:00,30.075,30.09,30.0,30.065,13687.0
2026-07-09,2026-07-09 11:45:00,30.065,30.215,30.05,30.195,6684.0
2026-07-09,2026-07-09 11:50:00,30.195,30.2,30.12,30.13,4531.0
2026-07-09,2026-07-09 11:55:00,30.13,30.13,30.04,30.04,3006.0
2026-07-09,2026-07-09 12:00:00,30.04,30.07,29.98,30.07,3355.0
2026-07-09,2026-07-09 12:05:00,30.045,30.08,30.045,30.06,2950.0
2026-07-09,2026-07-09 12:10:00,30.08,30.11,30.04,30.105,5011.0
2026-07-09,2026-07-09 12:15:00,30.06,30.06,30.02,30.055,5224.0
2026-07-09,2026-07-09 12:20:00,30.055,30.07,30.04,30.05,1883.0
2026-07-09,2026-07-09 12:25:00,30.07,30.07,30.03,30.065,2961.0
2026-07-09,2026-07-09 12:30:00,30.06,30.06,29.99,30.02,3166.0
2026-07-09,2026-07-09 12:35:00,30.015,30.02,30.0,30.01,2719.0
2026-07-09,2026-07-09 12:40:00,30.0,30.02,29.96,30.0,7213.0
2026-07-09,2026-07-09 12:45:00,30.005,30.03,29.97,30.01,4194.0
2026-07-09,2026-07-09 12:50:00,30.02,30.05,30.02,30.05,1685.0
2026-07-09,2026-07-09 12:55:00,30.06,30.09,30.06,30.09,3311.0
2026-07-09,2026-07-09 13:00:00,30.11,30.13,30.09,30.09,3510.0
2026-07-09,2026-07-09 13:05:00,30.12,30.12,30.07,30.11,2885.0
2026-07-09,2026-07-09 13:10:00,30.125,30.13,30.125,30.13,2690.0
2026-07-09,2026-07-09 13:15:00,30.15,30.15,30.12,30.145,3956.0
2026-07-09,2026-07-09 13:20:00,30.12,30.12,29.88,29.91,32698.0
2026-07-09,2026-07-09 13:25:00,29.935,29.94,29.86,29.87,3707.0
2026-07-09,2026-07-09 13:30:00,29.8601,29.94,29.86,29.93,6553.0
2026-07-09,2026-07-09 13:35:00,29.91,29.9599,29.9,29.92,2730.0
2026-07-09,2026-07-09 13:40:00,29.915,29.95,29.875,29.885,4454.0
2026-07-09,2026-07-09 13:45:00,29.885,29.96,29.885,29.95,5441.0
2026-07-09,2026-07-09 13:50:00,29.96,29.985,29.96,29.985,1658.0
2026-07-09,2026-07-09 13:55:00,29.965,29.965,29.92,29.92,6193.0
2026-07-09,2026-07-09 14:00:00,29.925,29.925,29.89,29.89,3156.0
2026-07-09,2026-07-09 14:05:00,29.89,29.93,29.87,29.93,3275.0
2026-07-09,2026-07-09 14:10:00,29.925,29.94,29.925,29.935,2871.0
2026-07-09,2026-07-09 14:15:00,29.94,29.98,29.94,29.945,5486.0
2026-07-09,2026-07-09 14:20:00,29.95,29.96,29.94,29.95,2277.0
2026-07-09,2026-07-09 14:25:00,29.945,29.945,29.9,29.925,3424.0
2026-07-09,2026-07-09 14:30:00,29.915,30.0,29.91,29.975,4550.0
2026-07-09,2026-07-09 14:35:00,29.97,29.985,29.95,29.985,5145.0
2026-07-09,2026-07-09 14:40:00,29.97,30.0,29.97,29.975,4370.0
2026-07-09,2026-07-09 14:45:00,29.98,30.045,29.98,30.02,5800.0
2026-07-09,2026-07-09 14:50:00,30.0,30.02,29.975,30.02,6746.0
2026-07-09,2026-07-09 14:55:00,30.01,30.045,30.01,30.04,6020.0
2026-07-09,2026-07-09 15:00:00,30.04,30.04,30.0,30.01,6056.0
2026-07-09,2026-07-09 15:05:00,30.0,30.08,29.99,30.03,8214.0
2026-07-09,2026-07-09 15:10:00,30.03,30.035,29.995,29.9975,4077.0
2026-07-09,2026-07-09 15:15:00,30.02,30.06,30.02,30.06,2814.0
2026-07-09,2026-07-09 15:20:00,30.06,30.06,30.03,30.04,5864.0
2026-07-09,2026-07-09 15:25:00,30.04,30.06,30.035,30.04,8891.0
2026-07-09,2026-07-09 15:30:00,30.04,30.05,30.0075,30.025,10116.0
2026-07-09,2026-07-09 15:35:00,30.02,30.02,29.98,30.01,6875.0
2026-07-09,2026-07-09 15:40:00,30.03,30.04,29.99,30.0,7807.0
2026-07-09,2026-07-09 15:45:00,30.005,30.025,29.91,29.93,15708.0
2026-07-09,2026-07-09 15:50:00,29.93,30.01,29.88,29.955,19141.0
2026-07-09,2026-07-09 15:55:00,29.945,29.98,29.92,29.94,27082.0
2026-07-09,2026-07-09 16:00:00,29.96,30.07,29.86,29.96,254074.0
2026-07-10,2026-07-10 09:35:00,29.79,29.79,29.04,29.295,13122.0
2026-07-10,2026-07-10 09:40:00,29.3,29.3,28.46,28.61,18022.0
2026-07-10,2026-07-10 09:45:00,28.67,28.67,28.25,28.56,6312.0
2026-07-10,2026-07-10 09:50:00,28.44,29.06,28.44,28.95,4137.0
2026-07-10,2026-07-10 09:55:00,28.955,29.09,28.88,28.88,3422.0
2026-07-10,2026-07-10 10:00:00,28.85,28.85,28.64,28.66,2627.0
2026-07-10,2026-07-10 10:05:00,28.645,28.84,28.36,28.39,12443.0
2026-07-10,2026-07-10 10:10:00,28.31,28.42,28.23,28.4,8873.0
2026-07-10,2026-07-10 10:15:00,28.42,28.485,28.35,28.35,5005.0
2026-07-10,2026-07-10 10:20:00,28.35,28.42,28.28,28.325,6038.0
2026-07-10,2026-07-10 10:25:00,28.32,28.335,28.22,28.27,6822.0
2026-07-10,2026-07-10 10:30:00,28.24,28.48,28.23,28.48,3864.0
2026-07-10,2026-07-10 10:35:00,28.49,28.51,28.22,28.42,8404.0
2026-07-10,2026-07-10 10:40:00,28.28,28.42,28.28,28.35,2739.0
2026-07-10,2026-07-10 10:45:00,28.3,28.49,28.3,28.39,5787.0
2026-07-10,2026-07-10 10:50:00,28.425,28.48,28.37,28.48,1618.0
2026-07-10,2026-07-10 10:55:00,28.34,28.395,28.285,28.285,6136.0
2026-07-10,2026-07-10 11:00:00,28.24,28.24,28.13,28.14,7163.0
2026-07-10,2026-07-10 11:05:00,28.14,28.28,28.14,28.16,7339.0
2026-07-10,2026-07-10 11:10:00,28.18,28.34,28.165,28.28,3598.0
2026-07-10,2026-07-10 11:15:00,28.295,28.38,28.295,28.32,4550.0
2026-07-10,2026-07-10 11:20:00,28.36,28.36,28.26,28.26,2226.0
2026-07-10,2026-07-10 11:25:00,28.3,28.4,28.3,28.4,4973.0
2026-07-10,2026-07-10 11:30:00,28.42,28.5,28.42,28.46,3367.0
2026-07-10,2026-07-10 11:35:00,28.47,28.565,28.44,28.44,8565.0
2026-07-10,2026-07-10 11:40:00,28.43,28.45,28.3,28.385,16149.0
2026-07-10,2026-07-10 11:45:00,28.41,28.45,28.27,28.37,10519.0
2026-07-10,2026-07-10 11:50:00,28.37,28.37,28.31,28.34,2416.0
2026-07-10,2026-07-10 11:55:00,28.315,28.36,28.31,28.33,4992.0
2026-07-10,2026-07-10 12:00:00,28.335,28.36,28.315,28.35,2725.0
2026-07-10,2026-07-10 12:05:00,28.37,28.44,28.37,28.37,4412.0
2026-07-10,2026-07-10 12:10:00,28.39,28.41,28.355,28.41,2820.0
2026-07-10,2026-07-10 12:15:00,28.41,28.46,28.41,28.46,2996.0
2026-07-10,2026-07-10 12:20:00,28.48,28.49,28.42,28.445,5436.0
2026-07-10,2026-07-10 12:25:00,28.41,28.46,28.385,28.435,5138.0
2026-07-10,2026-07-10 12:30:00,28.4,28.47,28.39,28.47,3637.0
2026-07-10,2026-07-10 12:35:00,28.46,28.6,28.46,28.6,3628.0
2026-07-10,2026-07-10 12:40:00,28.59,28.6,28.59,28.6,2124.0
2026-07-10,2026-07-10 12:45:00,28.62,28.685,28.62,28.67,5618.0
2026-07-10,2026-07-10 12:50:00,28.68,28.7416,28.68,28.74,3396.0
2026-07-10,2026-07-10 12:55:00,28.73,28.8,28.73,28.74,3291.0
2026-07-10,2026-07-10 13:00:00,28.71,28.73,28.68,28.73,2337.0
2026-07-10,2026-07-10 13:05:00,28.71,28.74,28.71,28.73,2509.0
2026-07-10,2026-07-10 13:10:00,28.71,28.85,28.71,28.795,17600.0
2026-07-10,2026-07-10 13:15:00,28.77,28.78,28.755,28.755,1878.0
2026-07-10,2026-07-10 13:20:00,28.78,28.91,28.78,28.9,3386.0
2026-07-10,2026-07-10 13:25:00,28.9,29.06,28.87,28.89,15285.0
2026-07-10,2026-07-10 13:30:00,28.93,28.93,28.56,28.57,18238.0
2026-07-10,2026-07-10 13:35:00,28.6,28.71,28.565,28.67,20475.0
2026-07-10,2026-07-10 13:40:00,28.67,28.86,28.67,28.82,12950.0
2026-07-10,2026-07-10 13:45:00,28.79,28.905,28.79,28.88,9121.0
2026-07-10,2026-07-10 13:50:00,28.9,28.93,28.86,28.93,4381.0
2026-07-10,2026-07-10 13:55:00,28.93,28.96,28.84,28.865,14181.0
2026-07-10,2026-07-10 14:00:00,28.865,28.91,28.77,28.77,19262.0
2026-07-10,2026-07-10 14:05:00,28.75,28.87,28.75,28.805,16628.0
2026-07-10,2026-07-10 14:10:00,28.78,28.84,28.76,28.84,3945.0
2026-07-10,2026-07-10 14:15:00,28.87,28.92,28.85,28.92,4789.0
2026-07-10,2026-07-10 14:20:00,28.92,28.93,28.86,28.88,3739.0
2026-07-10,2026-07-10 14:25:00,28.89,28.89,28.84,28.87,3341.0
2026-07-10,2026-07-10 14:30:00,28.91,28.91,28.87,28.885,1457.0
2026-07-10,2026-07-10 14:35:00,28.88,28.95,28.87,28.95,10873.0
2026-07-10,2026-07-10 14:40:00,28.93,28.94,28.87,28.87,2258.0
2026-07-10,2026-07-10 14:45:00,28.89,28.94,28.89,28.91,4696.0
2026-07-10,2026-07-10 14:50:00,28.93,28.94,28.9,28.91,4795.0
2026-07-10,2026-07-10 14:55:00,28.92,28.945,28.92,28.93,6194.0
2026-07-10,2026-07-10 15:00:00,28.935,28.97,28.935,28.97,3090.0
2026-07-10,2026-07-10 15:05:00,28.94,29.04,28.93,29.04,10107.0
2026-07-10,2026-07-10 15:10:00,29.03,29.03,28.93,28.93,5624.0
2026-07-10,2026-07-10 15:15:00,28.96,28.99,28.96,28.975,4405.0
2026-07-10,2026-07-10 15:20:00,28.96,28.965,28.86,28.91,7444.0
2026-07-10,2026-07-10 15:25:00,28.92,28.95,28.92,28.95,4337.0
2026-07-10,2026-07-10 15:30:00,28.96,29.03,28.96,29.015,5954.0
2026-07-10,2026-07-10 15:35:00,29.03,29.07,29.0,29.02,12138.0
2026-07-10,2026-07-10 15:40:00,29.03,29.06,29.015,29.03,10905.0
2026-07-10,2026-07-10 15:45:00,29.03,29.05,28.9725,29.05,10832.0
2026-07-10,2026-07-10 15:50:00,29.07,29.09,29.01,29.01,11965.0
2026-07-10,2026-07-10 15:55:00,29.02,29.098,29.0,29.05,17708.0
2026-07-10,2026-07-10 16:00:00,29.03,29.25,28.9,28.92,251239.0
2026-07-13,2026-07-13 09:35:00,28.24,28.34,27.21,27.657,39757.0
2026-07-13,2026-07-13 09:40:00,27.89,27.96,27.65,27.95,6294.0
2026-07-13,2026-07-13 09:45:00,27.96,28.2,27.88,28.2,5977.0
2026-07-13,2026-07-13 09:50:00,28.18,28.54,28.18,28.54,3641.0
2026-07-13,2026-07-13 09:55:00,28.47,28.57,28.2,28.47,7675.0
2026-07-13,2026-07-13 10:00:00,28.4,28.48,28.299,28.299,1609.0
2026-07-13,2026-07-13 10:05:00,28.4,28.4,28.25,28.25,2892.0
2026-07-13,2026-07-13 10:10:00,28.14,28.28,28.06,28.28,6223.0
2026-07-13,2026-07-13 10:15:00,28.31,28.35,28.23,28.35,2515.0
2026-07-13,2026-07-13 10:20:00,28.3,28.3,28.06,28.13,7882.0
2026-07-13,2026-07-13 10:25:00,28.08,28.31,28.08,28.31,3885.0
2026-07-13,2026-07-13 10:30:00,28.32,28.395,28.24,28.395,4480.0
2026-07-13,2026-07-13 10:35:00,28.395,28.47,28.395,28.415,3508.0
2026-07-13,2026-07-13 10:40:00,28.44,28.44,28.275,28.385,4072.0
2026-07-13,2026-07-13 10:45:00,28.385,28.43,28.38,28.38,4101.0
2026-07-13,2026-07-13 10:50:00,28.39,28.53,28.32,28.53,3713.0
2026-07-13,2026-07-13 10:55:00,28.5,28.53,28.43,28.485,5640.0
2026-07-13,2026-07-13 11:00:00,28.46,28.58,28.46,28.58,4750.0
2026-07-13,2026-07-13 11:05:00,28.56,28.56,28.46,28.46,4406.0
2026-07-13,2026-07-13 11:10:00,28.54,28.55,28.505,28.55,2596.0
2026-07-13,2026-07-13 11:15:00,28.54,28.54,28.48,28.48,3874.0
2026-07-13,2026-07-13 11:20:00,28.55,28.55,28.42,28.42,4893.0
2026-07-13,2026-07-13 11:25:00,28.44,28.44,28.42,28.42,1312.0
2026-07-13,2026-07-13 11:30:00,28.47,28.53,28.38,28.49,6491.0
2026-07-13,2026-07-13 11:35:00,28.49,28.57,28.485,28.535,3190.0
2026-07-13,2026-07-13 11:40:00,28.535,28.535,28.44,28.5,5245.0
2026-07-13,2026-07-13 11:45:00,28.5,28.5,28.32,28.32,6547.0
2026-07-13,2026-07-13 11:50:00,28.32,28.42,28.32,28.405,9593.0
2026-07-13,2026-07-13 11:55:00,28.405,28.405,28.31,28.34,5904.0
2026-07-13,2026-07-13 12:00:00,28.42,28.42,28.33,28.405,7727.0
2026-07-13,2026-07-13 12:05:00,28.37,28.38,28.265,28.31,5325.0
2026-07-13,2026-07-13 12:10:00,28.3,28.41,28.3,28.37,8791.0
2026-07-13,2026-07-13 12:15:00,28.37,28.41,28.34,28.39,7548.0
2026-07-13,2026-07-13 12:20:00,28.38,28.38,28.29,28.29,4339.0
2026-07-13,2026-07-13 12:25:00,28.24,28.29,28.205,28.205,2754.0
2026-07-13,2026-07-13 12:30:00,28.24,28.25,28.205,28.24,5429.0
2026-07-13,2026-07-13 12:35:00,28.21,28.21,28.12,28.16,4680.0
2026-07-13,2026-07-13 12:40:00,28.165,28.19,28.08,28.12,7096.0
2026-07-13,2026-07-13 12:45:00,28.16,28.225,28.16,28.2,8028.0
2026-07-13,2026-07-13 12:50:00,28.225,28.29,28.19,28.19,5077.0
2026-07-13,2026-07-13 12:55:00,28.17,28.25,28.135,28.2,6678.0
2026-07-13,2026-07-13 13:00:00,28.23,28.25,28.2,28.2,8307.0
2026-07-13,2026-07-13 13:05:00,28.23,28.27,28.22,28.23,7945.0
2026-07-13,2026-07-13 13:10:00,28.22,28.26,28.22,28.26,1757.0
2026-07-13,2026-07-13 13:15:00,28.27,28.32,28.21,28.22,9795.0
2026-07-13,2026-07-13 13:20:00,28.22,28.265,28.19,28.265,4704.0
2026-07-13,2026-07-13 13:25:00,28.25,28.28,28.2,28.21,3805.0
2026-07-13,2026-07-13 13:30:00,28.18,28.2,28.145,28.2,2791.0
2026-07-13,2026-07-13 13:35:00,28.2,28.23,28.18,28.18,4622.0
2026-07-13,2026-07-13 13:40:00,28.17,28.17,28.13,28.135,2109.0
2026-07-13,2026-07-13 13:45:00,28.11,28.18,28.11,28.12,6371.0
2026-07-13,2026-07-13 13:50:00,28.13,28.13,28.0,28.0,4293.0
2026-07-13,2026-07-13 13:55:00,27.99,28.05,27.99,28.01,3072.0
2026-07-13,2026-07-13 14:00:00,28.03,28.1,28.01,28.07,5760.0
2026-07-13,2026-07-13 14:05:00,28.09,28.2,28.09,28.2,6019.0
2026-07-13,2026-07-13 14:10:00,28.22,28.26,28.16,28.16,4889.0
2026-07-13,2026-07-13 14:15:00,28.15,28.18,28.1,28.13,5713.0
2026-07-13,2026-07-13 14:20:00,28.145,28.15,28.055,28.055,3561.0
2026-07-13,2026-07-13 14:25:00,28.055,28.15,28.055,28.15,7845.0
2026-07-13,2026-07-13 14:30:00,28.145,28.15,27.97,27.98,8452.0
2026-07-13,2026-07-13 14:35:00,27.97,28.065,27.95,28.03,12614.0
2026-07-13,2026-07-13 14:40:00,28.05,28.07,28.04,28.05,8832.0
2026-07-13,2026-07-13 14:45:00,28.07,28.1,28.02,28.02,9059.0
2026-07-13,2026-07-13 14:50:00,28.025,28.09,28.025,28.04,10468.0
2026-07-13,2026-07-13 14:55:00,28.04,28.09,28.005,28.02,11083.0
2026-07-13,2026-07-13 15:00:00,28.02,28.04,28.005,28.015,6687.0
2026-07-13,2026-07-13 15:05:00,28.0,28.07,27.99,28.065,9500.0
2026-07-13,2026-07-13 15:10:00,28.065,28.09,28.05,28.09,10409.0
2026-07-13,2026-07-13 15:15:00,28.09,28.09,28.045,28.08,13435.0
2026-07-13,2026-07-13 15:20:00,28.08,28.15,28.08,28.13,13127.0
2026-07-13,2026-07-13 15:25:00,28.12,28.14,28.045,28.07,16063.0
2026-07-13,2026-07-13 15:30:00,28.07,28.11,28.045,28.09,14976.0
2026-07-13,2026-07-13 15:35:00,28.09,28.11,28.02,28.11,28853.0
2026-07-13,2026-07-13 15:40:00,28.105,28.11,28.02,28.07,14357.0
2026-07-13,2026-07-13 15:45:00,28.065,28.11,28.065,28.07,22567.0
2026-07-13,2026-07-13 15:50:00,28.09,28.15,28.03,28.14,35506.0
2026-07-13,2026-07-13 15:55:00,28.12,28.19,28.08,28.08,24667.0
2026-07-13,2026-07-13 16:00:00,28.085,28.2,28.05,28.07,288333.0
2026-07-14,2026-07-14 09:35:00,28.33,28.33,27.97,28.27,11518.0
2026-07-14,2026-07-14 09:40:00,28.09,28.47,28.05,28.265,5775.0
2026-07-14,2026-07-14 09:45:00,28.28,28.35,28.15,28.28,3734.0
2026-07-14,2026-07-14 09:50:00,28.28,28.38,28.14,28.165,2064.0
2026-07-14,2026-07-14 09:55:00,28.12,28.12,27.84,27.935,2848.0
2026-07-14,2026-07-14 10:00:00,27.98,28.08,27.98,28.055,2173.0
2026-07-14,2026-07-14 10:05:00,28.06,28.093,27.89,28.03,10700.0
2026-07-14,2026-07-14 10:10:00,27.995,28.18,27.93,28.11,11181.0
2026-07-14,2026-07-14 10:15:00,28.105,28.24,28.095,28.24,2825.0
2026-07-14,2026-07-14 10:20:00,28.2,28.33,28.165,28.29,4292.0
2026-07-14,2026-07-14 10:25:00,28.33,28.52,28.33,28.52,3418.0
2026-07-14,2026-07-14 10:30:00,28.45,28.45,28.45,28.45,1131.0
2026-07-14,2026-07-14 10:35:00,28.51,28.59,28.455,28.48,10243.0
2026-07-14,2026-07-14 10:40:00,28.5,28.56,28.5,28.55,2586.0
2026-07-14,2026-07-14 10:45:00,28.55,28.55,28.3,28.3,7448.0
2026-07-14,2026-07-14 10:50:00,28.31,28.34,28.1925,28.1925,4403.0
2026-07-14,2026-07-14 10:55:00,28.185,28.185,28.125,28.125,2144.0
2026-07-14,2026-07-14 11:00:00,28.17,28.17,28.14,28.16,2738.0
2026-07-14,2026-07-14 11:05:00,28.19,28.23,28.155,28.19,4328.0
2026-07-14,2026-07-14 11:10:00,28.1975,28.21,28.14,28.18,2382.0
2026-07-14,2026-07-14 11:15:00,28.175,28.2,28.175,28.19,1483.0
2026-07-14,2026-07-14 11:20:00,28.23,28.23,28.09,28.13,4761.0
2026-07-14,2026-07-14 11:25:00,28.07,28.23,28.07,28.21,7516.0
2026-07-14,2026-07-14 11:30:00,28.23,28.23,28.2,28.2,1894.0
2026-07-14,2026-07-14 11:35:00,28.2,28.2,28.18,28.18,2426.0
2026-07-14,2026-07-14 11:40:00,28.18,28.235,28.14,28.235,9387.0
2026-07-14,2026-07-14 11:45:00,28.235,28.31,28.21,28.3,6010.0
2026-07-14,2026-07-14 11:50:00,28.3,28.39,28.3,28.39,11193.0
2026-07-14,2026-07-14 11:55:00,28.35,28.39,28.32,28.35,2657.0
2026-07-14,2026-07-14 12:00:00,28.35,28.42,28.35,28.4,4699.0
2026-07-14,2026-07-14 12:05:00,28.405,28.405,28.28,28.285,5878.0
2026-07-14,2026-07-14 12:10:00,28.285,28.335,28.285,28.32,4446.0
2026-07-14,2026-07-14 12:15:00,28.34,28.37,28.31,28.315,2017.0
2026-07-14,2026-07-14 12:20:00,28.29,28.29,28.245,28.245,2470.0
2026-07-14,2026-07-14 12:25:00,28.21,28.22,28.17,28.17,4375.0
2026-07-14,2026-07-14 12:30:00,28.18,28.25,28.18,28.25,2472.0
2026-07-14,2026-07-14 12:35:00,28.25,28.27,28.23,28.235,2594.0
2026-07-14,2026-07-14 12:40:00,28.235,28.29,28.235,28.24,3800.0
2026-07-14,2026-07-14 12:45:00,28.23,28.25,28.18,28.25,5177.0
2026-07-14,2026-07-14 12:50:00,28.23,28.3,28.22,28.265,3947.0
2026-07-14,2026-07-14 12:55:00,28.295,28.32,28.28,28.28,2109.0
2026-07-14,2026-07-14 13:00:00,28.27,28.28,28.25,28.28,2134.0
2026-07-14,2026-07-14 13:05:00,28.29,28.31,28.275,28.28,1514.0
2026-07-14,2026-07-14 13:10:00,28.28,28.32,28.25,28.305,3638.0
2026-07-14,2026-07-14 13:15:00,28.32,28.35,28.295,28.295,3451.0
2026-07-14,2026-07-14 13:20:00,28.28,28.32,28.27,28.31,3560.0
2026-07-14,2026-07-14 13:25:00,28.29,28.34,28.29,28.31,2084.0
2026-07-14,2026-07-14 13:30:00,28.31,28.31,28.26,28.27,3180.0
2026-07-14,2026-07-14 13:35:00,28.27,28.3,28.27,28.27,1938.0
2026-07-14,2026-07-14 13:40:00,28.26,28.26,28.24,28.245,2049.0
2026-07-14,2026-07-14 13:45:00,28.245,28.26,28.23,28.23,5523.0
2026-07-14,2026-07-14 13:50:00,28.26,28.36,28.255,28.36,14642.0
2026-07-14,2026-07-14 13:55:00,28.375,28.5,28.365,28.385,11463.0
2026-07-14,2026-07-14 14:00:00,28.39,28.435,28.375,28.435,4437.0
2026-07-14,2026-07-14 14:05:00,28.425,28.425,28.38,28.385,6071.0
2026-07-14,2026-07-14 14:10:00,28.4,28.41,28.34,28.345,3482.0
2026-07-14,2026-07-14 14:15:00,28.34,28.385,28.34,28.345,3244.0
2026-07-14,2026-07-14 14:20:00,28.345,28.46,28.345,28.4084,2802.0
2026-07-14,2026-07-14 14:25:00,28.4,28.46,28.345,28.369,5237.0
2026-07-14,2026-07-14 14:30:00,28.35,28.36,28.25,28.27,17622.0
2026-07-14,2026-07-14 14:35:00,28.275,28.3,28.24,28.29,10418.0
2026-07-14,2026-07-14 14:40:00,28.29,28.29,28.23,28.265,3842.0
2026-07-14,2026-07-14 14:45:00,28.265,28.265,28.22,28.22,3917.0
2026-07-14,2026-07-14 14:50:00,28.24,28.309,28.24,28.285,5249.0
2026-07-14,2026-07-14 14:55:00,28.285,28.325,28.27,28.32,5385.0
2026-07-14,2026-07-14 15:00:00,28.32,28.32,28.27,28.29,5863.0
2026-07-14,2026-07-14 15:05:00,28.295,28.295,28.24,28.27,5168.0
2026-07-14,2026-07-14 15:10:00,28.27,28.3,28.26,28.3,6614.0
2026-07-14,2026-07-14 15:15:00,28.32,28.38,28.315,28.36,6313.0
2026-07-14,2026-07-14 15:20:00,28.35,28.35,28.24,28.27,11673.0
2026-07-14,2026-07-14 15:25:00,28.319,28.37,28.29,28.345,5432.0
2026-07-14,2026-07-14 15:30:00,28.369,28.369,28.31,28.31,6067.0
2026-07-14,2026-07-14 15:35:00,28.31,28.375,28.3,28.36,16004.0
2026-07-14,2026-07-14 15:40:00,28.345,28.38,28.345,28.36,6403.0
2026-07-14,2026-07-14 15:45:00,28.37,28.5,28.36,28.475,14085.0
2026-07-14,2026-07-14 15:50:00,28.499,28.535,28.41,28.425,20401.0
2026-07-14,2026-07-14 15:55:00,28.4275,28.465,28.39,28.44,21111.0
2026-07-14,2026-07-14 16:00:00,28.43,28.49,28.32,28.33,323926.0
2026-07-15,2026-07-15 09:35:00,28.26,28.27,27.93,27.94,7776.0
2026-07-15,2026-07-15 09:40:00,27.89,27.89,27.89,27.89,546.0
2026-07-15,2026-07-15 09:45:00,28.055,28.055,28.055,28.055,1051.0
2026-07-15,2026-07-15 09:50:00,28.16,28.16,28.09,28.09,2025.0
2026-07-15,2026-07-15 09:55:00,27.91,27.955,27.77,27.81,2656.0
2026-07-15,2026-07-15 10:00:00,27.81,28.025,27.81,28.02,5394.0
2026-07-15,2026-07-15 10:05:00,27.89,28.13,27.885,28.025,5230.0
2026-07-15,2026-07-15 10:10:00,27.94,27.94,27.92,27.92,958.0
2026-07-15,2026-07-15 10:15:00,27.94,27.995,27.92,27.995,3767.0
2026-07-15,2026-07-15 10:20:00,27.92,27.92,27.7,27.73,10368.0
2026-07-15,2026-07-15 10:25:00,27.73,27.845,27.68,27.805,5781.0
2026-07-15,2026-07-15 10:30:00,27.84,27.9,27.84,27.88,3890.0
2026-07-15,2026-07-15 10:35:00,27.9,27.99,27.9,27.96,2629.0
2026-07-15,2026-07-15 10:40:00,27.96,27.96,27.86,27.875,4737.0
2026-07-15,2026-07-15 10:45:00,27.83,27.85,27.765,27.85,5471.0
2026-07-15,2026-07-15 10:50:00,27.78,27.84,27.75,27.825,4187.0
2026-07-15,2026-07-15 10:55:00,27.8,27.815,27.765,27.765,3178.0
2026-07-15,2026-07-15 11:00:00,27.765,27.765,27.715,27.725,3193.0
2026-07-15,2026-07-15 11:05:00,27.715,27.845,27.715,27.825,6532.0
2026-07-15,2026-07-15 11:10:00,27.8,27.91,27.8,27.91,8101.0
2026-07-15,2026-07-15 11:15:00,27.9,27.9,27.85,27.85,5905.0
2026-07-15,2026-07-15 11:20:00,27.85,27.87,27.79,27.87,5310.0
2026-07-15,2026-07-15 11:25:00,27.83,27.84,27.78,27.83,5525.0
2026-07-15,2026-07-15 11:30:00,27.85,27.88,27.845,27.87,5545.0
2026-07-15,2026-07-15 11:35:00,27.86,27.88,27.84,27.88,2371.0
2026-07-15,2026-07-15 11:40:00,27.84,27.85,27.785,27.85,3985.0
2026-07-15,2026-07-15 11:45:00,27.89,27.945,27.89,27.895,6232.0
2026-07-15,2026-07-15 11:50:00,27.91,27.96,27.885,27.95,4463.0
2026-07-15,2026-07-15 11:55:00,27.93,27.93,27.93,27.93,1732.0
2026-07-15,2026-07-15 12:00:00,27.935,27.995,27.935,27.995,3036.0
2026-07-15,2026-07-15 12:05:00,28.0,28.0,27.93,27.97,3546.0
2026-07-15,2026-07-15 12:10:00,27.92,27.95,27.9,27.95,3083.0
2026-07-15,2026-07-15 12:15:00,27.94,27.95,27.87,27.88,5833.0
2026-07-15,2026-07-15 12:20:00,27.87,27.87,27.85,27.86,2550.0
2026-07-15,2026-07-15 12:25:00,27.87,27.87,27.77,27.77,5100.0
2026-07-15,2026-07-15 12:30:00,27.78,27.875,27.78,27.875,6385.0
2026-07-15,2026-07-15 12:35:00,27.875,27.88,27.835,27.84,3547.0
2026-07-15,2026-07-15 12:40:00,27.805,27.805,27.76,27.77,2435.0
2026-07-15,2026-07-15 12:45:00,27.77,27.95,27.77,27.94,9889.0
2026-07-15,2026-07-15 12:50:00,27.94,28.07,27.88,27.92,12363.0
2026-07-15,2026-07-15 12:55:00,27.89,27.995,27.89,27.95,2445.0
2026-07-15,2026-07-15 13:00:00,27.965,27.98,27.905,27.98,2513.0
2026-07-15,2026-07-15 13:05:00,27.99,28.02,27.95,27.95,4449.0
2026-07-15,2026-07-15 13:10:00,27.94,27.94,27.88,27.93,5085.0
2026-07-15,2026-07-15 13:15:00,27.9,27.9,27.87,27.87,4766.0
2026-07-15,2026-07-15 13:20:00,27.91,28.02,27.89,28.015,9991.0
2026-07-15,2026-07-15 13:25:00,28.03,28.04,27.985,27.99,2933.0
2026-07-15,2026-07-15 13:30:00,27.99,28.01,27.95,28.0,8153.0
2026-07-15,2026-07-15 13:35:00,28.0,28.0225,27.975,27.975,4872.0
2026-07-15,2026-07-15 13:40:00,27.975,28.01,27.89,27.94,12290.0
2026-07-15,2026-07-15 13:45:00,27.95,27.98,27.93,27.975,4304.0
2026-07-15,2026-07-15 13:50:00,27.98,27.98,27.955,27.97,3862.0
2026-07-15,2026-07-15 13:55:00,27.96,27.97,27.95,27.96,6366.0
2026-07-15,2026-07-15 14:00:00,27.95,27.95,27.9,27.92,5393.0
2026-07-15,2026-07-15 14:05:00,27.91,27.92,27.84,27.855,9239.0
2026-07-15,2026-07-15 14:10:00,27.855,27.895,27.855,27.87,10612.0
2026-07-15,2026-07-15 14:15:00,27.86,27.87,27.82,27.82,5299.0
2026-07-15,2026-07-15 14:20:00,27.82,27.86,27.81,27.825,10367.0
2026-07-15,2026-07-15 14:25:00,27.825,27.87,27.8,27.86,8172.0
2026-07-15,2026-07-15 14:30:00,27.87,27.9,27.87,27.9,6165.0
2026-07-15,2026-07-15 14:35:00,27.9,27.955,27.9,27.955,5023.0
2026-07-15,2026-07-15 14:40:00,27.94,27.97,27.92,27.965,5500.0
2026-07-15,2026-07-15 14:45:00,27.98,28.015,27.98,28.005,5139.0
2026-07-15,2026-07-15 14:50:00,28.03,28.0325,28.01,28.0325,1876.0
2026-07-15,2026-07-15 14:55:00,28.015,28.12,28.01,28.12,7508.0
2026-07-15,2026-07-15 15:00:00,28.11,28.11,28.06,28.06,4210.0
2026-07-15,2026-07-15 15:05:00,28.05,28.06,27.98,28.01,10077.0
2026-07-15,2026-07-15 15:10:00,27.99,28.02,27.97,28.02,7689.0
2026-07-15,2026-07-15 15:15:00,28.02,28.02,27.99,28.005,3841.0
2026-07-15,2026-07-15 15:20:00,28.005,28.005,27.93,27.98,10349.0
2026-07-15,2026-07-15 15:25:00,27.98,27.98,27.9,27.905,5622.0
2026-07-15,2026-07-15 15:30:00,27.905,27.91,27.85,27.89,8653.0
2026-07-15,2026-07-15 15:35:00,27.89,27.97,27.875,27.95,31005.0
2026-07-15,2026-07-15 15:40:00,27.93,27.93,27.85,27.87,8258.0
2026-07-15,2026-07-15 15:45:00,27.875,27.98,27.84,27.935,15611.0
2026-07-15,2026-07-15 15:50:00,27.935,27.96,27.895,27.945,14016.0
2026-07-15,2026-07-15 15:55:00,27.95,27.95,27.84,27.8625,16390.0
2026-07-15,2026-07-15 16:00:00,27.84,28.07,27.84,28.02,213242.0
2026-07-16,2026-07-16 09:35:00,27.52,27.635,27.04,27.04,16450.0
2026-07-16,2026-07-16 09:40:00,27.195,27.26,27.11,27.26,3811.0
2026-07-16,2026-07-16 09:45:00,27.275,27.47,27.21,27.36,4920.0
2026-07-16,2026-07-16 09:50:00,27.43,27.495,27.3,27.3,5084.0
2026-07-16,2026-07-16 09:55:00,27.395,27.49,27.26,27.385,6355.0
2026-07-16,2026-07-16 10:00:00,27.27,27.395,27.27,27.395,2901.0
2026-07-16,2026-07-16 10:05:00,27.405,27.53,27.405,27.465,6080.0
2026-07-16,2026-07-16 10:10:00,27.475,27.57,27.355,27.57,7946.0
2026-07-16,2026-07-16 10:15:00,27.625,27.75,27.565,27.565,5738.0
2026-07-16,2026-07-16 10:20:00,27.57,27.57,27.49,27.55,7720.0
2026-07-16,2026-07-16 10:25:00,27.56,27.56,27.37,27.385,6565.0
2026-07-16,2026-07-16 10:30:00,27.36,27.52,27.19,27.29,10992.0
2026-07-16,2026-07-16 10:35:00,27.17,27.175,27.02,27.02,30873.0
2026-07-16,2026-07-16 10:40:00,27.04,27.04,26.89,26.99,16246.0
2026-07-16,2026-07-16 10:45:00,26.99,27.06,26.9101,27.055,5240.0
2026-07-16,2026-07-16 10:50:00,27.055,27.055,26.91,27.01,6959.0
2026-07-16,2026-07-16 10:55:00,26.97,27.25,26.955,27.18,118750.0
2026-07-16,2026-07-16 11:00:00,27.15,27.22,27.15,27.2,2968.0
2026-07-16,2026-07-16 11:05:00,27.19,27.19,27.15,27.175,6321.0
2026-07-16,2026-07-16 11:10:00,27.175,27.185,27.155,27.17,5953.0
2026-07-16,2026-07-16 11:15:00,27.19,27.23,27.14,27.23,8631.0
2026-07-16,2026-07-16 11:20:00,27.24,27.24,27.19,27.22,2371.0
2026-07-16,2026-07-16 11:25:00,27.205,27.24,27.175,27.21,5584.0
2026-07-16,2026-07-16 11:30:00,27.23,27.34,27.21,27.21,9051.0
2026-07-16,2026-07-16 11:35:00,27.21,27.33,27.21,27.33,9276.0
2026-07-16,2026-07-16 11:40:00,27.34,27.35,27.31,27.33,3525.0
2026-07-16,2026-07-16 11:45:00,27.33,27.36,27.28,27.35,10044.0
2026-07-16,2026-07-16 11:50:00,27.35,27.45,27.29,27.45,5290.0
2026-07-16,2026-07-16 11:55:00,27.48,27.48,27.35,27.35,2806.0
2026-07-16,2026-07-16 12:00:00,27.34,27.34,27.28,27.28,3756.0
2026-07-16,2026-07-16 12:05:00,27.27,27.27,27.22,27.23,4455.0
2026-07-16,2026-07-16 12:10:00,27.23,27.24,27.2,27.22,5071.0
2026-07-16,2026-07-16 12:15:00,27.22,27.22,27.145,27.145,4716.0
2026-07-16,2026-07-16 12:20:00,27.1,27.16,27.1,27.105,5494.0
2026-07-16,2026-07-16 12:25:00,27.02,27.03,26.955,26.965,5882.0
2026-07-16,2026-07-16 12:30:00,26.95,26.97,26.895,26.935,5665.0
2026-07-16,2026-07-16 12:35:00,26.97,27.015,26.89,26.92,5968.0
2026-07-16,2026-07-16 12:40:00,26.89,26.91,26.865,26.91,2824.0
2026-07-16,2026-07-16 12:45:00,26.905,26.93,26.81,26.81,6350.0
2026-07-16,2026-07-16 12:50:00,26.78,26.82,26.76,26.77,14253.0
2026-07-16,2026-07-16 12:55:00,26.78,26.825,26.76,26.79,7338.0
2026-07-16,2026-07-16 13:00:00,26.81,26.87,26.775,26.87,4506.0
2026-07-16,2026-07-16 13:05:00,26.82,26.83,26.79,26.805,6093.0
2026-07-16,2026-07-16 13:10:00,26.805,26.895,26.76,26.87,8061.0
2026-07-16,2026-07-16 13:15:00,26.91,26.96,26.85,26.86,4650.0
2026-07-16,2026-07-16 13:20:00,26.86,26.89,26.79,26.79,8757.0
2026-07-16,2026-07-16 13:25:00,26.78,26.81,26.76,26.78,6213.0
2026-07-16,2026-07-16 13:30:00,26.8,26.8,26.71,26.755,15515.0
2026-07-16,2026-07-16 13:35:00,26.7475,26.78,26.69,26.77,12393.0
2026-07-16,2026-07-16 13:40:00,26.78,26.78,26.71,26.71,6044.0
2026-07-16,2026-07-16 13:45:00,26.72,26.72,26.69,26.69,2713.0
2026-07-16,2026-07-16 13:50:00,26.71,26.73,26.69,26.7,6232.0
2026-07-16,2026-07-16 13:55:00,26.72,26.72,26.6,26.6,9188.0
2026-07-16,2026-07-16 14:00:00,26.58,26.58,26.5,26.53,11426.0
2026-07-16,2026-07-16 14:05:00,26.53,26.56,26.47,26.545,22183.0
2026-07-16,2026-07-16 14:10:00,26.525,26.595,26.525,26.56,8512.0
2026-07-16,2026-07-16 14:15:00,26.58,26.675,26.58,26.58,12438.0
2026-07-16,2026-07-16 14:20:00,26.55,26.64,26.55,26.62,10369.0
2026-07-16,2026-07-16 14:25:00,26.64,26.69,26.64,26.665,10215.0
2026-07-16,2026-07-16 14:30:00,26.65,26.705,26.605,26.605,18277.0
2026-07-16,2026-07-16 14:35:00,26.6,26.85,26.55,26.85,15483.0
2026-07-16,2026-07-16 14:40:00,26.8,26.86,26.76,26.77,10570.0
2026-07-16,2026-07-16 14:45:00,26.77,26.79,26.73,26.73,7039.0
2026-07-16,2026-07-16 14:50:00,26.77,26.8,26.67,26.74,26195.0
2026-07-16,2026-07-16 14:55:00,26.73,26.78,26.67,26.75,14787.0
2026-07-16,2026-07-16 15:00:00,26.77,26.77,26.685,26.71,15746.0
2026-07-16,2026-07-16 15:05:00,26.69,26.72,26.68,26.695,7955.0
2026-07-16,2026-07-16 15:10:00,26.68,26.7275,26.63,26.65,7795.0
2026-07-16,2026-07-16 15:15:00,26.71,26.74,26.69,26.7,6287.0
2026-07-16,2026-07-16 15:20:00,26.705,26.74,26.7,26.7,7416.0
2026-07-16,2026-07-16 15:25:00,26.69,26.7,26.63,26.63,9217.0
2026-07-16,2026-07-16 15:30:00,26.635,26.725,26.6225,26.68,29478.0
2026-07-16,2026-07-16 15:35:00,26.665,26.68,26.63,26.68,18631.0
2026-07-16,2026-07-16 15:40:00,26.68,26.68,26.575,26.61,24455.0
2026-07-16,2026-07-16 15:45:00,26.6,26.61,26.5101,26.535,24188.0
2026-07-16,2026-07-16 15:50:00,26.54,26.61,26.52,26.59,27260.0
2026-07-16,2026-07-16 15:55:00,26.605,26.775,26.6,26.72,47438.0
2026-07-16,2026-07-16 16:00:00,26.74,26.87,26.59,26.64,377643.0
2026-07-17,2026-07-17 09:35:00,26.01,26.13,25.68,25.99,33533.0
2026-07-17,2026-07-17 09:40:00,25.82,26.19,25.77,26.125,4874.0
2026-07-17,2026-07-17 09:45:00,26.26,26.45,26.14,26.34,3600.0
2026-07-17,2026-07-17 09:50:00,26.34,26.58,26.29,26.54,4742.0
2026-07-17,2026-07-17 09:55:00,26.67,26.71,26.565,26.615,2879.0
2026-07-17,2026-07-17 10:00:00,26.625,26.75,26.615,26.62,5399.0
2026-07-17,2026-07-17 10:05:00,26.68,26.81,26.65,26.78,6498.0
2026-07-17,2026-07-17 10:10:00,26.72,26.92,26.67,26.82,7104.0
2026-07-17,2026-07-17 10:15:00,26.9,27.065,26.825,26.825,11226.0
2026-07-17,2026-07-17 10:20:00,26.82,27.27,26.805,27.27,34568.0
2026-07-17,2026-07-17 10:25:00,27.31,27.53,27.24,27.52,12141.0
2026-07-17,2026-07-17 10:30:00,27.51,27.73,27.51,27.53,14718.0
2026-07-17,2026-07-17 10:35:00,27.53,27.57,27.47,27.57,5724.0
2026-07-17,2026-07-17 10:40:00,27.57,27.84,27.57,27.76,9002.0
2026-07-17,2026-07-17 10:45:00,27.735,27.78,27.62,27.67,2902.0
2026-07-17,2026-07-17 10:50:00,27.62,27.71,27.62,27.655,5821.0
2026-07-17,2026-07-17 10:55:00,27.585,27.585,27.55,27.58,2045.0
2026-07-17,2026-07-17 11:00:00,27.63,27.72,27.63,27.71,3559.0
2026-07-17,2026-07-17 11:05:00,27.65,27.65,27.53,27.56,4301.0
2026-07-17,2026-07-17 11:10:00,27.6,27.65,27.595,27.65,2670.0
2026-07-17,2026-07-17 11:15:00,27.59,27.64,27.5,27.5,5356.0
2026-07-17,2026-07-17 11:20:00,27.54,27.58,27.5,27.58,6500.0
2026-07-17,2026-07-17 11:25:00,27.57,27.57,27.365,27.38,3547.0
2026-07-17,2026-07-17 11:30:00,27.35,27.52,27.35,27.48,4854.0
2026-07-17,2026-07-17 11:35:00,27.48,27.48,27.325,27.325,2965.0
2026-07-17,2026-07-17 11:40:00,27.25,27.41,27.25,27.41,4077.0
2026-07-17,2026-07-17 11:45:00,27.415,27.415,27.24,27.295,2401.0
2026-07-17,2026-07-17 11:50:00,27.295,27.295,27.28,27.28,2068.0
2026-07-17,2026-07-17 11:55:00,27.28,27.37,27.28,27.355,2518.0
2026-07-17,2026-07-17 12:00:00,27.38,27.515,27.38,27.46,2525.0
2026-07-17,2026-07-17 12:05:00,27.45,27.55,27.38,27.42,7522.0
2026-07-17,2026-07-17 12:10:00,27.47,27.63,27.42,27.63,3822.0
2026-07-17,2026-07-17 12:15:00,27.59,27.61,27.52,27.58,3068.0
2026-07-17,2026-07-17 12:20:00,27.5,27.53,27.49,27.49,1906.0
2026-07-17,2026-07-17 12:25:00,27.49,27.49,27.395,27.47,6194.0
2026-07-17,2026-07-17 12:30:00,27.475,27.54,27.38,27.38,7818.0
2026-07-17,2026-07-17 12:35:00,27.39,27.39,27.29,27.29,1382.0
2026-07-17,2026-07-17 12:40:00,27.27,27.34,27.27,27.34,2791.0
2026-07-17,2026-07-17 12:45:00,27.325,27.37,27.325,27.36,2565.0
2026-07-17,2026-07-17 12:50:00,27.34,27.34,27.34,27.34,780.0
2026-07-17,2026-07-17 12:55:00,27.36,27.385,27.36,27.38,1593.0
2026-07-17,2026-07-17 13:00:00,27.41,27.43,27.4,27.42,3050.0
2026-07-17,2026-07-17 13:05:00,27.4,27.505,27.38,27.405,7214.0
2026-07-17,2026-07-17 13:10:00,27.405,27.475,27.405,27.46,2479.0
2026-07-17,2026-07-17 13:15:00,27.46,27.49,27.44,27.49,1780.0
2026-07-17,2026-07-17 13:20:00,27.44,27.5,27.44,27.5,3025.0
2026-07-17,2026-07-17 13:25:00,27.48,27.55,27.48,27.5,2861.0
2026-07-17,2026-07-17 13:30:00,27.54,27.54,27.51,27.51,2514.0
2026-07-17,2026-07-17 13:35:00,27.49,27.49,27.47,27.47,2106.0
2026-07-17,2026-07-17 13:40:00,27.49,27.61,27.46,27.59,3576.0
2026-07-17,2026-07-17 13:45:00,27.58,27.71,27.58,27.69,15344.0
2026-07-17,2026-07-17 13:50:00,27.69,27.73,27.61,27.61,7520.0
2026-07-17,2026-07-17 13:55:00,27.6,27.6,27.52,27.52,2983.0
2026-07-17,2026-07-17 14:00:00,27.55,27.575,27.52,27.54,2215.0
2026-07-17,2026-07-17 14:05:00,27.52,27.71,27.505,27.675,5096.0
2026-07-17,2026-07-17 14:10:00,27.685,27.685,27.59,27.66,10554.0
2026-07-17,2026-07-17 14:15:00,27.66,27.68,27.58,27.64,4265.0
2026-07-17,2026-07-17 14:20:00,27.64,27.64,27.55,27.565,2631.0
2026-07-17,2026-07-17 14:25:00,27.565,27.69,27.565,27.69,4164.0
2026-07-17,2026-07-17 14:30:00,27.66,27.695,27.56,27.56,8115.0
2026-07-17,2026-07-17 14:35:00,27.655,27.655,27.57,27.59,3060.0
2026-07-17,2026-07-17 14:40:00,27.59,27.64,27.59,27.64,2426.0
2026-07-17,2026-07-17 14:45:00,27.62,27.655,27.6,27.625,2140.0
2026-07-17,2026-07-17 14:50:00,27.625,27.69,27.61,27.685,4002.0
2026-07-17,2026-07-17 14:55:00,27.67,27.67,27.605,27.635,4881.0
2026-07-17,2026-07-17 15:00:00,27.67,27.705,27.665,27.665,2289.0
2026-07-17,2026-07-17 15:05:00,27.66,27.66,27.61,27.64,3834.0
2026-07-17,2026-07-17 15:10:00,27.61,27.67,27.6,27.67,3002.0
2026-07-17,2026-07-17 15:15:00,27.68,27.69,27.63,27.64,5996.0
2026-07-17,2026-07-17 15:20:00,27.65,27.68,27.63,27.665,5155.0
2026-07-17,2026-07-17 15:25:00,27.665,27.685,27.58,27.58,7480.0
2026-07-17,2026-07-17 15:30:00,27.57,27.665,27.57,27.665,4920.0
2026-07-17,2026-07-17 15:35:00,27.66,27.72,27.59,27.72,15529.0
2026-07-17,2026-07-17 15:40:00,27.73,27.78,27.72,27.77,5173.0
2026-07-17,2026-07-17 15:45:00,27.78,27.81,27.645,27.665,16018.0
2026-07-17,2026-07-17 15:50:00,27.7,27.76,27.7,27.71,17501.0
2026-07-17,2026-07-17 15:55:00,27.71,27.71,27.4,27.41,66613.0
2026-07-17,2026-07-17 16:00:00,27.45,27.6,27.34,27.37,238638.0
2026-07-20,2026-07-20 09:35:00,28.01,29.09,28.01,28.7,45246.0
2026-07-20,2026-07-20 09:40:00,28.85,29.5,28.61,29.25,34428.0
2026-07-20,2026-07-20 09:45:00,29.36,29.54,29.13,29.24,16402.0
2026-07-20,2026-07-20 09:50:00,29.24,29.39,29.14,29.15,9995.0
2026-07-20,2026-07-20 09:55:00,29.19,29.45,29.15,29.4,14669.0
2026-07-20,2026-07-20 10:00:00,29.4,29.4,29.33,29.35,4342.0
2026-07-20,2026-07-20 10:05:00,29.345,29.42,28.97,29.23,31633.0
2026-07-20,2026-07-20 10:10:00,29.23,29.29,29.155,29.155,4921.0
2026-07-20,2026-07-20 10:15:00,29.07,29.17,28.935,28.94,51206.0
2026-07-20,2026-07-20 10:20:00,29.0,29.035,28.825,28.85,52196.0
2026-07-20,2026-07-20 10:25:00,28.84,28.85,28.52,28.67,15354.0
2026-07-20,2026-07-20 10:30:00,28.75,28.93,28.67,28.89,15766.0
2026-07-20,2026-07-20 10:35:00,28.87,28.915,28.7,28.915,16309.0
2026-07-20,2026-07-20 10:40:00,28.94,28.94,28.84,28.84,3305.0
2026-07-20,2026-07-20 10:45:00,28.855,28.855,28.67,28.745,14534.0
2026-07-20,2026-07-20 10:50:00,28.71,28.8,28.68,28.7,18871.0
2026-07-20,2026-07-20 10:55:00,28.71,28.72,28.67,28.695,14651.0
2026-07-20,2026-07-20 11:00:00,28.69,28.69,28.565,28.6,9336.0
2026-07-20,2026-07-20 11:05:00,28.57,28.66,28.55,28.58,27534.0
2026-07-20,2026-07-20 11:10:00,28.615,28.79,28.52,28.71,12715.0
2026-07-20,2026-07-20 11:15:00,28.71,28.71,28.61,28.68,6427.0
2026-07-20,2026-07-20 11:20:00,28.68,28.8,28.68,28.775,24629.0
2026-07-20,2026-07-20 11:25:00,28.775,28.8599,28.775,28.83,6952.0
2026-07-20,2026-07-20 11:30:00,28.84,28.9,28.84,28.9,4441.0
2026-07-20,2026-07-20 11:35:00,28.9,28.915,28.89,28.91,5570.0
2026-07-20,2026-07-20 11:40:00,28.9,28.91,28.735,28.75,12486.0
2026-07-20,2026-07-20 11:45:00,28.76,28.89,28.76,28.87,4811.0
2026-07-20,2026-07-20 11:50:00,28.855,28.9,28.845,28.87,2734.0
2026-07-20,2026-07-20 11:55:00,28.87,28.91,28.78,28.805,5047.0
2026-07-20,2026-07-20 12:00:00,28.81,28.875,28.81,28.825,3331.0
2026-07-20,2026-07-20 12:05:00,28.82,28.89,28.75,28.78,10876.0
2026-07-20,2026-07-20 12:10:00,28.78,28.81,28.75,28.78,4331.0
2026-07-20,2026-07-20 12:15:00,28.82,28.89,28.82,28.855,2973.0
2026-07-20,2026-07-20 12:20:00,28.855,28.88,28.795,28.825,2332.0
2026-07-20,2026-07-20 12:25:00,28.805,28.93,28.805,28.85,13390.0
2026-07-20,2026-07-20 12:30:00,28.85,28.88,28.795,28.88,7560.0
2026-07-20,2026-07-20 12:35:00,28.875,28.945,28.86,28.865,9743.0
2026-07-20,2026-07-20 12:40:00,28.865,28.865,28.815,28.85,4767.0
2026-07-20,2026-07-20 12:45:00,28.835,28.835,28.73,28.8,18576.0
2026-07-20,2026-07-20 12:50:00,28.76,28.8,28.705,28.705,1800.0
2026-07-20,2026-07-20 12:55:00,28.67,28.67,28.51,28.5175,3966.0
2026-07-20,2026-07-20 13:00:00,28.538,28.71,28.538,28.71,4539.0
2026-07-20,2026-07-20 13:05:00,28.75,28.75,28.64,28.64,1891.0
2026-07-20,2026-07-20 13:10:00,28.625,28.64,28.615,28.64,1516.0
2026-07-20,2026-07-20 13:15:00,28.635,28.635,28.635,28.635,880.0
2026-07-20,2026-07-20 13:20:00,28.6,28.69,28.59,28.69,4790.0
2026-07-20,2026-07-20 13:25:00,28.73,28.73,28.69,28.69,1617.0
2026-07-20,2026-07-20 13:30:00,28.65,28.685,28.59,28.685,11659.0
2026-07-20,2026-07-20 13:35:00,28.685,28.685,28.685,28.685,971.0
2026-07-20,2026-07-20 13:40:00,28.65,28.69,28.62,28.6475,23620.0
2026-07-20,2026-07-20 13:45:00,28.645,28.66,28.605,28.605,3711.0
2026-07-20,2026-07-20 13:50:00,28.605,28.61,28.52,28.52,6035.0
2026-07-20,2026-07-20 13:55:00,28.565,28.63,28.54,28.63,3016.0
2026-07-20,2026-07-20 14:00:00,28.6,28.62,28.565,28.6,3638.0
2026-07-20,2026-07-20 14:05:00,28.57,28.63,28.57,28.6,2034.0
2026-07-20,2026-07-20 14:10:00,28.6,28.61,28.55,28.61,2463.0
2026-07-20,2026-07-20 14:15:00,28.5801,28.61,28.57,28.59,2443.0
2026-07-20,2026-07-20 14:20:00,28.6,28.71,28.6,28.655,6596.0
2026-07-20,2026-07-20 14:25:00,28.6,28.62,28.595,28.6,3743.0
2026-07-20,2026-07-20 14:30:00,28.615,28.68,28.615,28.68,2935.0
2026-07-20,2026-07-20 14:35:00,28.65,28.655,28.61,28.625,2402.0
2026-07-20,2026-07-20 14:40:00,28.62,28.655,28.59,28.6,5665.0
2026-07-20,2026-07-20 14:45:00,28.595,28.625,28.59,28.625,3625.0
2026-07-20,2026-07-20 14:50:00,28.61,28.63,28.56,28.575,23972.0
2026-07-20,2026-07-20 14:55:00,28.575,28.59,28.515,28.54,10740.0
2026-07-20,2026-07-20 15:00:00,28.54,28.54,28.4,28.4,9030.0
2026-07-20,2026-07-20 15:05:00,28.42,28.48,28.36,28.36,3390.0
2026-07-20,2026-07-20 15:10:00,28.35,28.405,28.35,28.405,3046.0
2026-07-20,2026-07-20 15:15:00,28.38,28.42,28.298,28.298,4591.0
2026-07-20,2026-07-20 15:20:00,28.295,28.38,28.295,28.35,15417.0
2026-07-20,2026-07-20 15:25:00,28.35,28.38,28.33,28.35,9415.0
2026-07-20,2026-07-20 15:30:00,28.35,28.435,28.32,28.41,18351.0
2026-07-20,2026-07-20 15:35:00,28.43,28.43,28.34,28.38,9656.0
2026-07-20,2026-07-20 15:40:00,28.35,28.35,28.3,28.33,8033.0
2026-07-20,2026-07-20 15:45:00,28.33,28.395,28.33,28.38,6593.0
2026-07-20,2026-07-20 15:50:00,28.4,28.45,28.365,28.45,7950.0
2026-07-20,2026-07-20 15:55:00,28.45,28.45,28.14,28.22,21726.0
2026-07-20,2026-07-20 16:00:00,28.26,28.34,28.17,28.17,271131.0
2026-07-21,2026-07-21 09:35:00,28.56,28.69,28.21,28.21,6958.0
2026-07-21,2026-07-21 09:40:00,28.39,28.62,28.375,28.62,1973.0
2026-07-21,2026-07-21 09:45:00,28.41,28.42,28.255,28.42,1355.0
2026-07-21,2026-07-21 09:50:00,28.43,28.7,28.43,28.48,6612.0
2026-07-21,2026-07-21 09:55:00,28.535,28.88,28.535,28.845,22246.0
2026-07-21,2026-07-21 10:00:00,28.79,29.07,28.735,29.07,11501.0
2026-07-21,2026-07-21 10:05:00,29.05,29.08,28.895,29.01,5629.0
2026-07-21,2026-07-21 10:10:00,29.08,29.12,29.025,29.025,3999.0
2026-07-21,2026-07-21 10:15:00,29.07,29.09,29.0,29.055,5277.0
2026-07-21,2026-07-21 10:20:00,29.09,29.14,28.97,29.015,27966.0
2026-07-21,2026-07-21 10:25:00,29.015,29.2,28.95,29.2,10962.0
2026-07-21,2026-07-21 10:30:00,29.18,29.1924,29.03,29.035,6562.0
2026-07-21,2026-07-21 10:35:00,29.035,29.16,29.03,29.11,8493.0
2026-07-21,2026-07-21 10:40:00,29.11,29.115,28.865,28.865,24558.0
2026-07-21,2026-07-21 10:45:00,28.91,28.93,28.86,28.895,4329.0
2026-07-21,2026-07-21 10:50:00,28.895,28.9,28.86,28.865,4032.0
2026-07-21,2026-07-21 10:55:00,28.82,28.95,28.82,28.92,7862.0
2026-07-21,2026-07-21 11:00:00,28.845,28.89,28.845,28.89,2935.0
2026-07-21,2026-07-21 11:05:00,28.895,28.94,28.8201,28.8201,7404.0
2026-07-21,2026-07-21 11:10:00,28.86,28.94,28.86,28.925,4059.0
2026-07-21,2026-07-21 11:15:00,28.925,28.925,28.89,28.895,2132.0
2026-07-21,2026-07-21 11:20:00,28.92,29.035,28.92,29.03,6515.0
2026-07-21,2026-07-21 11:25:00,29.02,29.13,29.015,29.12,7251.0
2026-07-21,2026-07-21 11:30:00,29.12,29.165,29.1,29.12,10290.0
2026-07-21,2026-07-21 11:35:00,29.125,29.4,29.06,29.4,36477.0
2026-07-21,2026-07-21 11:40:00,29.35,29.35,29.23,29.27,7380.0
2026-07-21,2026-07-21 11:45:00,29.245,29.245,29.2,29.2,5268.0
2026-07-21,2026-07-21 11:50:00,29.2,29.22,29.155,29.18,3911.0
2026-07-21,2026-07-21 11:55:00,29.21,29.28,29.18,29.21,5808.0
2026-07-21,2026-07-21 12:00:00,29.185,29.185,29.1101,29.165,4942.0
2026-07-21,2026-07-21 12:05:00,29.17,29.2,29.14,29.2,3899.0
2026-07-21,2026-07-21 12:10:00,29.22,29.275,29.22,29.23,2514.0
2026-07-21,2026-07-21 12:15:00,29.23,29.24,29.23,29.24,2458.0
2026-07-21,2026-07-21 12:20:00,29.245,29.35,29.245,29.29,6443.0
2026-07-21,2026-07-21 12:25:00,29.31,29.31,29.23,29.285,5004.0
2026-07-21,2026-07-21 12:30:00,29.24,29.24,29.115,29.115,5884.0
2026-07-21,2026-07-21 12:35:00,29.205,29.3,29.16,29.275,6461.0
2026-07-21,2026-07-21 12:40:00,29.27,29.305,29.24,29.2725,3843.0
2026-07-21,2026-07-21 12:45:00,29.3,29.35,29.3,29.32,6100.0
2026-07-21,2026-07-21 12:50:00,29.32,29.32,29.3,29.3,1921.0
2026-07-21,2026-07-21 12:55:00,29.34,29.36,29.33,29.36,3222.0
2026-07-21,2026-07-21 13:00:00,29.365,29.4,29.32,29.4,9537.0
2026-07-21,2026-07-21 13:05:00,29.375,29.45,29.375,29.43,7389.0
2026-07-21,2026-07-21 13:10:00,29.43,29.565,29.43,29.53,5187.0
2026-07-21,2026-07-21 13:15:00,29.5,29.5,29.47,29.49,15085.0
2026-07-21,2026-07-21 13:20:00,29.49,29.51,29.475,29.475,6570.0
2026-07-21,2026-07-21 13:25:00,29.475,29.475,29.3,29.3,9534.0
2026-07-21,2026-07-21 13:30:00,29.295,29.295,29.16,29.165,4192.0
2026-07-21,2026-07-21 13:35:00,29.165,29.165,29.08,29.08,5127.0
2026-07-21,2026-07-21 13:40:00,29.08,29.125,29.08,29.125,3692.0
2026-07-21,2026-07-21 13:45:00,29.125,29.125,29.1,29.1,1908.0
2026-07-21,2026-07-21 13:50:00,29.1,29.12,29.06,29.06,2656.0
2026-07-21,2026-07-21 13:55:00,29.06,29.065,28.94,28.94,3791.0
2026-07-21,2026-07-21 14:00:00,28.925,29.02,28.9,28.975,7906.0
2026-07-21,2026-07-21 14:05:00,28.97,29.04,28.96,29.02,5453.0
2026-07-21,2026-07-21 14:10:00,29.03,29.05,29.025,29.025,3399.0
2026-07-21,2026-07-21 14:15:00,29.035,29.06,29.01,29.015,2520.0
2026-07-21,2026-07-21 14:20:00,29.015,29.03,29.015,29.03,705.0
2026-07-21,2026-07-21 14:25:00,29.03,29.07,29.03,29.06,4115.0
2026-07-21,2026-07-21 14:30:00,29.06,29.09,29.046,29.06,5775.0
2026-07-21,2026-07-21 14:35:00,29.06,29.06,28.98,29.025,10748.0
2026-07-21,2026-07-21 14:40:00,29.01,29.04,28.98,29.0,14371.0
2026-07-21,2026-07-21 14:45:00,29.0,29.03,28.985,29.025,8603.0
2026-07-21,2026-07-21 14:50:00,29.04,29.11,29.035,29.075,7305.0
2026-07-21,2026-07-21 14:55:00,29.095,29.13,29.08,29.115,8111.0
2026-07-21,2026-07-21 15:00:00,29.08,29.09,29.08,29.08,3269.0
2026-07-21,2026-07-21 15:05:00,29.09,29.14,29.08,29.13,8578.0
2026-07-21,2026-07-21 15:10:00,29.15,29.195,29.15,29.1502,4197.0
2026-07-21,2026-07-21 15:15:00,29.17,29.185,29.15,29.185,4340.0
2026-07-21,2026-07-21 15:20:00,29.185,29.41,29.18,29.38,27464.0
2026-07-21,2026-07-21 15:25:00,29.37,29.4,29.35,29.37,6586.0
2026-07-21,2026-07-21 15:30:00,29.39,29.41,29.345,29.405,9309.0
2026-07-21,2026-07-21 15:35:00,29.41,29.42,29.36,29.41,18141.0
2026-07-21,2026-07-21 15:40:00,29.43,29.43,29.355,29.38,25874.0
2026-07-21,2026-07-21 15:45:00,29.4,29.41,29.255,29.295,21381.0
2026-07-21,2026-07-21 15:50:00,29.295,29.48,29.295,29.43,26271.0
2026-07-21,2026-07-21 15:55:00,29.39,29.48,29.38,29.425,31719.0
2026-07-21,2026-07-21 16:00:00,29.44,29.52,29.38,29.48,410858.0
2026-07-22,2026-07-22 09:35:00,29.21,29.47,28.95,29.33,20816.0
2026-07-22,2026-07-22 09:40:00,29.25,29.25,29.05,29.21,2783.0
2026-07-22,2026-07-22 09:45:00,28.91,28.91,28.89,28.89,1241.0
2026-07-22,2026-07-22 09:50:00,28.98,28.98,28.755,28.84,3731.0
2026-07-22,2026-07-22 09:55:00,28.735,28.84,28.68,28.83,4100.0
2026-07-22,2026-07-22 10:00:00,28.83,29.09,28.83,29.03,5895.0
2026-07-22,2026-07-22 10:05:00,29.03,29.21,28.77,29.21,9203.0
2026-07-22,2026-07-22 10:10:00,29.18,29.215,29.16,29.215,10401.0
2026-07-22,2026-07-22 10:15:00,29.25,29.41,29.25,29.41,3956.0
2026-07-22,2026-07-22 10:20:00,29.29,29.37,29.28,29.315,2010.0
2026-07-22,2026-07-22 10:25:00,29.39,29.39,29.24,29.24,3798.0
2026-07-22,2026-07-22 10:30:00,29.285,29.31,29.23,29.285,4797.0
2026-07-22,2026-07-22 10:35:00,29.34,29.34,29.25,29.25,4090.0
2026-07-22,2026-07-22 10:40:00,29.22,29.22,29.22,29.22,871.0
2026-07-22,2026-07-22 10:45:00,29.23,29.305,29.22,29.305,4395.0
2026-07-22,2026-07-22 10:50:00,29.305,29.39,29.265,29.265,7106.0
2026-07-22,2026-07-22 10:55:00,29.26,29.29,29.21,29.26,3555.0
2026-07-22,2026-07-22 11:00:00,29.25,29.32,29.25,29.285,3402.0
2026-07-22,2026-07-22 11:05:00,29.285,29.48,29.285,29.48,4662.0
2026-07-22,2026-07-22 11:10:00,29.46,29.46,29.36,29.41,6038.0
2026-07-22,2026-07-22 11:15:00,29.47,29.5,29.44,29.44,4720.0
2026-07-22,2026-07-22 11:20:00,29.46,29.51,29.41,29.415,34698.0
2026-07-22,2026-07-22 11:25:00,29.4699,29.55,29.435,29.55,6027.0
2026-07-22,2026-07-22 11:30:00,29.51,29.53,29.51,29.53,1099.0
2026-07-22,2026-07-22 11:35:00,29.52,29.57,29.48,29.57,13548.0
2026-07-22,2026-07-22 11:40:00,29.59,29.7,29.58,29.63,4674.0
2026-07-22,2026-07-22 11:45:00,29.65,29.6578,29.55,29.55,6451.0
2026-07-22,2026-07-22 11:50:00,29.54,29.56,29.5,29.56,7218.0
2026-07-22,2026-07-22 11:55:00,29.515,29.54,29.475,29.475,5603.0
2026-07-22,2026-07-22 12:00:00,29.475,29.56,29.475,29.54,4565.0
2026-07-22,2026-07-22 12:05:00,29.54,29.54,29.44,29.44,13132.0
2026-07-22,2026-07-22 12:10:00,29.445,29.48,29.445,29.46,3623.0
2026-07-22,2026-07-22 12:15:00,29.46,29.46,29.38,29.38,1562.0
2026-07-22,2026-07-22 12:20:00,29.36,29.37,29.32,29.365,2681.0
2026-07-22,2026-07-22 12:25:00,29.355,29.355,29.33,29.35,1077.0
2026-07-22,2026-07-22 12:30:00,29.335,29.335,29.265,29.265,6307.0
2026-07-22,2026-07-22 12:35:00,29.255,29.255,29.18,29.21,10897.0
2026-07-22,2026-07-22 12:40:00,29.205,29.28,29.205,29.28,4151.0
2026-07-22,2026-07-22 12:45:00,29.24,29.26,29.23,29.245,2905.0
2026-07-22,2026-07-22 12:50:00,29.245,29.245,29.19,29.22,10368.0
2026-07-22,2026-07-22 12:55:00,29.21,29.21,29.12,29.12,2741.0
2026-07-22,2026-07-22 13:00:00,29.16,29.16,29.135,29.135,1449.0
2026-07-22,2026-07-22 13:05:00,29.135,29.135,29.105,29.105,1935.0
2026-07-22,2026-07-22 13:10:00,29.105,29.17,29.105,29.17,2440.0
2026-07-22,2026-07-22 13:15:00,29.16,29.16,29.14,29.14,1917.0
2026-07-22,2026-07-22 13:20:00,29.14,29.23,29.12,29.21,4908.0
2026-07-22,2026-07-22 13:25:00,29.21,29.39,29.21,29.39,5749.0
2026-07-22,2026-07-22 13:30:00,29.36,29.37,29.345,29.35,2209.0
2026-07-22,2026-07-22 13:35:00,29.35,29.36,29.32,29.35,2348.0
2026-07-22,2026-07-22 13:40:00,29.35,29.4,29.35,29.38,2300.0
2026-07-22,2026-07-22 13:45:00,29.35,29.395,29.35,29.395,1320.0
2026-07-22,2026-07-22 13:50:00,29.375,29.4,29.375,29.4,2815.0
2026-07-22,2026-07-22 13:55:00,29.4,29.41,29.385,29.385,1688.0
2026-07-22,2026-07-22 14:00:00,29.38,29.43,29.38,29.43,4690.0
2026-07-22,2026-07-22 14:05:00,29.42,29.44,29.38,29.44,8726.0
2026-07-22,2026-07-22 14:10:00,29.47,29.545,29.47,29.505,7204.0
2026-07-22,2026-07-22 14:15:00,29.49,29.84,29.49,29.54,12823.0
2026-07-22,2026-07-22 14:20:00,29.54,29.57,29.53,29.565,1638.0
2026-07-22,2026-07-22 14:25:00,29.54,29.55,29.5,29.505,3265.0
2026-07-22,2026-07-22 14:30:00,29.495,29.51,29.48,29.51,3025.0
2026-07-22,2026-07-22 14:35:00,29.515,29.515,29.46,29.49,10384.0
2026-07-22,2026-07-22 14:40:00,29.475,29.55,29.475,29.54,3856.0
2026-07-22,2026-07-22 14:45:00,29.545,29.545,29.52,29.535,3468.0
2026-07-22,2026-07-22 14:50:00,29.55,29.55,29.48,29.49,11884.0
2026-07-22,2026-07-22 14:55:00,29.48,29.58,29.48,29.58,4455.0
2026-07-22,2026-07-22 15:00:00,29.57,29.64,29.57,29.64,5334.0
2026-07-22,2026-07-22 15:05:00,29.635,29.77,29.63,29.71,23716.0
2026-07-22,2026-07-22 15:10:00,29.695,29.845,29.695,29.845,9778.0
2026-07-22,2026-07-22 15:15:00,29.78,29.79,29.75,29.78,4553.0
2026-07-22,2026-07-22 15:20:00,29.785,29.82,29.785,29.8,8895.0
2026-07-22,2026-07-22 15:25:00,29.77,29.82,29.76,29.805,18529.0
2026-07-22,2026-07-22 15:30:00,29.82,29.885,29.78,29.88,11650.0
2026-07-22,2026-07-22 15:35:00,29.86,29.9099,29.745,29.795,28449.0
2026-07-22,2026-07-22 15:40:00,29.81,29.85,29.78,29.85,43242.0
2026-07-22,2026-07-22 15:45:00,29.835,29.85,29.77,29.77,33825.0
2026-07-22,2026-07-22 15:50:00,29.77,29.81,29.625,29.78,29579.0
2026-07-22,2026-07-22 15:55:00,29.77,29.77,29.7,29.74,21213.0
2026-07-22,2026-07-22 16:00:00,29.74,30.02,29.69,29.97,383506.0
2026-07-23,2026-07-23 09:35:00,30.0,30.425,29.815,30.425,18437.0
2026-07-23,2026-07-23 09:40:00,30.4,30.6,30.355,30.6,5667.0
2026-07-23,2026-07-23 09:45:00,30.65,31.09,30.6,30.76,26444.0
2026-07-23,2026-07-23 09:50:00,30.69,30.8,30.52,30.53,15317.0
2026-07-23,2026-07-23 09:55:00,30.475,30.475,30.24,30.32,19870.0
2026-07-23,2026-07-23 10:00:00,30.315,30.34,30.195,30.3,11486.0
2026-07-23,2026-07-23 10:05:00,30.295,30.5,30.27,30.355,20138.0
2026-07-23,2026-07-23 10:10:00,30.31,30.44,30.24,30.37,7367.0
2026-07-23,2026-07-23 10:15:00,30.45,30.5,30.41,30.49,6958.0
2026-07-23,2026-07-23 10:20:00,30.49,30.64,30.49,30.515,11282.0
2026-07-23,2026-07-23 10:25:00,30.515,30.605,30.515,30.545,7128.0
2026-07-23,2026-07-23 10:30:00,30.56,30.63,30.53,30.63,3740.0
2026-07-23,2026-07-23 10:35:00,30.65,30.69,30.63,30.645,4639.0
2026-07-23,2026-07-23 10:40:00,30.63,30.95,30.61,30.95,19852.0
2026-07-23,2026-07-23 10:45:00,30.94,30.965,30.82,30.83,43014.0
2026-07-23,2026-07-23 10:50:00,30.87,30.895,30.8,30.83,9397.0
2026-07-23,2026-07-23 10:55:00,30.83,30.89,30.825,30.825,9030.0
2026-07-23,2026-07-23 11:00:00,30.86,30.86,30.69,30.81,12938.0
2026-07-23,2026-07-23 11:05:00,30.81,30.81,30.59,30.61,5050.0
2026-07-23,2026-07-23 11:10:00,30.6055,30.74,30.6055,30.69,12372.0
2026-07-23,2026-07-23 11:15:00,30.66,30.685,30.5,30.575,13584.0
2026-07-23,2026-07-23 11:20:00,30.61,30.655,30.52,30.555,5564.0
2026-07-23,2026-07-23 11:25:00,30.6,30.665,30.48,30.665,39970.0
2026-07-23,2026-07-23 11:30:00,30.66,30.66,30.5,30.53,6966.0
2026-07-23,2026-07-23 11:35:00,30.545,30.58,30.53,30.56,4792.0
2026-07-23,2026-07-23 11:40:00,30.56,30.57,30.49,30.53,18129.0
2026-07-23,2026-07-23 11:45:00,30.55,30.565,30.5,30.515,4609.0
2026-07-23,2026-07-23 11:50:00,30.49,30.52,30.415,30.415,19374.0
2026-07-23,2026-07-23 11:55:00,30.45,30.5,30.425,30.5,6263.0
2026-07-23,2026-07-23 12:00:00,30.495,30.55,30.47,30.55,2872.0
2026-07-23,2026-07-23 12:05:00,30.525,30.525,30.49,30.515,2318.0
2026-07-23,2026-07-23 12:10:00,30.51,30.6,30.485,30.59,4678.0
2026-07-23,2026-07-23 12:15:00,30.61,30.71,30.61,30.61,7420.0
2026-07-23,2026-07-23 12:20:00,30.58,30.58,30.435,30.435,3185.0
2026-07-23,2026-07-23 12:25:00,30.48,30.55,30.47,30.53,3777.0
2026-07-23,2026-07-23 12:30:00,30.55,30.56,30.5,30.5,2641.0
2026-07-23,2026-07-23 12:35:00,30.49,30.51,30.46,30.46,2387.0
2026-07-23,2026-07-23 12:40:00,30.475,30.53,30.46,30.53,8303.0
2026-07-23,2026-07-23 12:45:00,30.53,30.56,30.44,30.44,2526.0
2026-07-23,2026-07-23 12:50:00,30.4,30.45,30.4,30.45,2717.0
2026-07-23,2026-07-23 12:55:00,30.45,30.48,30.41,30.48,4513.0
2026-07-23,2026-07-23 13:00:00,30.49,30.52,30.47,30.47,3931.0
2026-07-23,2026-07-23 13:05:00,30.52,30.52,30.43,30.43,6008.0
2026-07-23,2026-07-23 13:10:00,30.4,30.49,30.4,30.49,8829.0
2026-07-23,2026-07-23 13:15:00,30.5,30.595,30.5,30.56,8676.0
2026-07-23,2026-07-23 13:20:00,30.6,30.625,30.55,30.55,4449.0
2026-07-23,2026-07-23 13:25:00,30.54,30.54,30.46,30.485,6736.0
2026-07-23,2026-07-23 13:30:00,30.53,30.55,30.5,30.5,4316.0
2026-07-23,2026-07-23 13:35:00,30.445,30.445,30.29,30.29,11858.0
2026-07-23,2026-07-23 13:40:00,30.305,30.305,30.28,30.28,2170.0
2026-07-23,2026-07-23 13:45:00,30.285,30.37,30.285,30.345,10060.0
2026-07-23,2026-07-23 13:50:00,30.31,30.36,30.2559,30.295,4772.0
2026-07-23,2026-07-23 13:55:00,30.295,30.295,30.27,30.28,2861.0
2026-07-23,2026-07-23 14:00:00,30.28,30.28,30.205,30.225,6373.0
2026-07-23,2026-07-23 14:05:00,30.225,30.225,30.14,30.16,6554.0
2026-07-23,2026-07-23 14:10:00,30.16,30.16,30.02,30.04,11914.0
2026-07-23,2026-07-23 14:15:00,30.05,30.07,30.025,30.055,3602.0
2026-07-23,2026-07-23 14:20:00,30.05,30.05,29.985,29.985,5756.0
2026-07-23,2026-07-23 14:25:00,30.0,30.06,30.0,30.03,10642.0
2026-07-23,2026-07-23 14:30:00,30.03,30.04,30.02,30.04,4086.0
2026-07-23,2026-07-23 14:35:00,30.03,30.03,29.95,30.0,28532.0
2026-07-23,2026-07-23 14:40:00,30.0,30.01,29.95,29.99,4672.0
2026-07-23,2026-07-23 14:45:00,30.0,30.09,30.0,30.09,4434.0
2026-07-23,2026-07-23 14:50:00,30.11,30.115,30.07,30.095,2515.0
2026-07-23,2026-07-23 14:55:00,30.07,30.09,30.04,30.065,4179.0
2026-07-23,2026-07-23 15:00:00,30.07,30.1,30.03,30.035,5734.0
2026-07-23,2026-07-23 15:05:00,30.05,30.065,30.03,30.065,5281.0
2026-07-23,2026-07-23 15:10:00,30.065,30.15,30.06,30.11,7232.0
2026-07-23,2026-07-23 15:15:00,30.1,30.15,30.1,30.145,4194.0
2026-07-23,2026-07-23 15:20:00,30.145,30.18,30.12,30.125,7449.0
2026-07-23,2026-07-23 15:25:00,30.105,30.105,29.97,29.995,9472.0
2026-07-23,2026-07-23 15:30:00,30.01,30.02,29.89,29.9,9626.0
2026-07-23,2026-07-23 15:35:00,29.93,29.97,29.77,29.8,10029.0
2026-07-23,2026-07-23 15:40:00,29.8,29.81,29.71,29.73,13493.0
2026-07-23,2026-07-23 15:45:00,29.725,29.8,29.69,29.79,14553.0
2026-07-23,2026-07-23 15:50:00,29.775,29.84,29.76,29.81,18067.0
2026-07-23,2026-07-23 15:55:00,29.8,29.8,29.645,29.695,26414.0
2026-07-23,2026-07-23 16:00:00,29.69,29.805,29.56,29.73,466856.0
2026-07-24,2026-07-24 09:35:00,30.02,30.17,29.09,29.09,9964.0
2026-07-24,2026-07-24 09:40:00,29.38,29.61,28.68,29.13,24173.0
2026-07-24,2026-07-24 09:45:00,29.0,29.25,28.8,28.8,269568.0
2026-07-24,2026-07-24 09:50:00,28.86,28.875,28.69,28.875,5855.0
2026-07-24,2026-07-24 09:55:00,28.74,28.78,28.62,28.77,3847.0
2026-07-24,2026-07-24 10:00:00,28.75,28.75,28.65,28.7,3149.0
2026-07-24,2026-07-24 10:05:00,28.7,28.81,28.49,28.49,12392.0
2026-07-24,2026-07-24 10:10:00,28.61,28.72,28.56,28.72,6582.0
2026-07-24,2026-07-24 10:15:00,28.73,28.93,28.73,28.93,17023.0
2026-07-24,2026-07-24 10:20:00,28.92,29.02,28.845,29.015,9645.0
2026-07-24,2026-07-24 10:25:00,29.06,29.08,29.025,29.04,5017.0
2026-07-24,2026-07-24 10:30:00,28.98,28.995,28.87,28.91,5023.0
2026-07-24,2026-07-24 10:35:00,28.91,28.91,28.68,28.73,4963.0
2026-07-24,2026-07-24 10:40:00,28.72,28.74,28.64,28.665,4760.0
2026-07-24,2026-07-24 10:45:00,28.6,28.76,28.6,28.715,4978.0
2026-07-24,2026-07-24 10:50:00,28.68,28.68,28.57,28.62,2573.0
2026-07-24,2026-07-24 10:55:00,28.655,28.655,28.55,28.55,1474.0
2026-07-24,2026-07-24 11:00:00,28.53,28.64,28.5,28.64,2646.0
2026-07-24,2026-07-24 11:05:00,28.635,28.635,28.47,28.47,8822.0
2026-07-24,2026-07-24 11:10:00,28.55,28.64,28.55,28.6,3640.0
2026-07-24,2026-07-24 11:15:00,28.605,28.82,28.56,28.805,4421.0
2026-07-24,2026-07-24 11:20:00,28.86,28.925,28.77,28.77,3724.0
2026-07-24,2026-07-24 11:25:00,28.77,28.81,28.625,28.64,7273.0
2026-07-24,2026-07-24 11:30:00,28.61,28.705,28.57,28.64,4449.0
2026-07-24,2026-07-24 11:35:00,28.64,28.68,28.59,28.68,1863.0
2026-07-24,2026-07-24 11:40:00,28.665,28.8,28.63,28.69,7185.0
2026-07-24,2026-07-24 11:45:00,28.69,28.7,28.61,28.63,3925.0
2026-07-24,2026-07-24 11:50:00,28.67,28.74,28.63,28.725,2640.0
2026-07-24,2026-07-24 11:55:00,28.735,28.75,28.69,28.75,3772.0
2026-07-24,2026-07-24 12:00:00,28.74,28.97,28.74,28.915,8741.0
2026-07-24,2026-07-24 12:05:00,28.88,29.03,28.87,29.0,5260.0
2026-07-24,2026-07-24 12:10:00,28.97,28.97,28.86,28.87,4857.0
2026-07-24,2026-07-24 12:15:00,28.89,28.89,28.82,28.82,2566.0
2026-07-24,2026-07-24 12:20:00,28.78,28.94,28.77,28.94,8968.0
2026-07-24,2026-07-24 12:25:00,29.0,29.065,29.0,29.04,22875.0
2026-07-24,2026-07-24 12:30:00,29.06,29.06,28.96,28.98,3308.0
2026-07-24,2026-07-24 12:35:00,28.95,28.96,28.89,28.89,5081.0
2026-07-24,2026-07-24 12:40:00,28.85,28.85,28.815,28.815,1528.0
2026-07-24,2026-07-24 12:45:00,28.83,28.88,28.8,28.88,8488.0
2026-07-24,2026-07-24 12:50:00,28.8775,28.93,28.86,28.86,2387.0
2026-07-24,2026-07-24 12:55:00,28.86,28.86,28.81,28.84,4248.0
2026-07-24,2026-07-24 13:00:00,28.84,28.895,28.84,28.8925,2897.0
2026-07-24,2026-07-24 13:05:00,28.91,28.91,28.84,28.895,3029.0
2026-07-24,2026-07-24 13:10:00,28.9,28.9,28.85,28.85,1934.0
2026-07-24,2026-07-24 13:15:00,28.88,28.88,28.86,28.88,2167.0
2026-07-24,2026-07-24 13:20:00,28.88,28.94,28.88,28.94,1350.0
2026-07-24,2026-07-24 13:25:00,28.96,28.96,28.89,28.89,3346.0
2026-07-24,2026-07-24 13:30:00,28.94,28.94,28.92,28.92,751.0
2026-07-24,2026-07-24 13:35:00,28.91,28.91,28.84,28.86,12846.0
2026-07-24,2026-07-24 13:40:00,28.865,28.88,28.84,28.84,2883.0
2026-07-24,2026-07-24 13:45:00,28.84,28.84,28.84,28.84,991.0
2026-07-24,2026-07-24 13:50:00,28.81,28.82,28.81,28.81,4228.0
2026-07-24,2026-07-24 13:55:00,28.82,28.83,28.8,28.83,1118.0
2026-07-24,2026-07-24 14:00:00,28.7701,28.82,28.7701,28.82,1963.0
2026-07-24,2026-07-24 14:05:00,28.8,28.84,28.78,28.82,4252.0
2026-07-24,2026-07-24 14:10:00,28.825,28.825,28.825,28.825,949.0
2026-07-24,2026-07-24 14:15:00,28.81,28.96,28.81,28.87,16471.0
2026-07-24,2026-07-24 14:20:00,28.87,28.87,28.87,28.87,1261.0
2026-07-24,2026-07-24 14:25:00,28.67,28.68,28.61,28.68,4908.0
2026-07-24,2026-07-24 14:30:00,28.63,28.63,28.57,28.57,1413.0
2026-07-24,2026-07-24 14:35:00,28.565,28.6,28.56,28.59,2029.0
2026-07-24,2026-07-24 14:40:00,28.61,28.63,28.58,28.58,2686.0
2026-07-24,2026-07-24 14:45:00,28.605,28.605,28.535,28.58,4961.0
2026-07-24,2026-07-24 14:50:00,28.61,28.66,28.6,28.66,4684.0
2026-07-24,2026-07-24 14:55:00,28.645,28.66,28.59,28.59,2824.0
2026-07-24,2026-07-24 15:00:00,28.62,28.65,28.6,28.65,4112.0
2026-07-24,2026-07-24 15:05:00,28.61,28.62,28.55,28.57,3043.0
2026-07-24,2026-07-24 15:10:00,28.57,28.57,28.475,28.475,8686.0
2026-07-24,2026-07-24 15:15:00,28.47,28.47,28.35,28.35,10008.0
2026-07-24,2026-07-24 15:20:00,28.34,28.435,28.33,28.435,8306.0
2026-07-24,2026-07-24 15:25:00,28.46,28.47,28.42,28.43,6143.0
2026-07-24,2026-07-24 15:30:00,28.42,28.42,28.37,28.37,7365.0
2026-07-24,2026-07-24 15:35:00,28.375,28.45,28.335,28.45,21909.0
2026-07-24,2026-07-24 15:40:00,28.455,28.52,28.455,28.49,21229.0
2026-07-24,2026-07-24 15:45:00,28.495,28.59,28.46,28.59,27483.0
2026-07-24,2026-07-24 15:50:00,28.595,28.595,28.47,28.47,18124.0
2026-07-24,2026-07-24 15:55:00,28.49,28.55,28.38,28.45,39867.0
2026-07-24,2026-07-24 16:00:00,28.43,28.46,28.36,28.42,302451.0
2026-07-27,2026-07-27 09:35:00,28.67,28.785,28.55,28.755,13828.0
2026-07-27,2026-07-27 09:40:00,28.732,29.61,28.73,29.5016,10627.0
2026-07-27,2026-07-27 09:45:00,29.545,29.63,29.31,29.33,5058.0
2026-07-27,2026-07-27 09:50:00,29.17,29.41,29.12,29.37,3791.0
2026-07-27,2026-07-27 09:55:00,29.34,29.43,29.25,29.33,2335.0
2026-07-27,2026-07-27 10:00:00,29.33,29.42,29.24,29.25,3360.0
2026-07-27,2026-07-27 10:05:00,29.21,29.21,29.08,29.08,3598.0
2026-07-27,2026-07-27 10:10:00,29.1,29.29,29.02,29.29,5373.0
2026-07-27,2026-07-27 10:15:00,29.29,29.4,29.26,29.3899,6180.0
2026-07-27,2026-07-27 10:20:00,29.235,29.255,29.04,29.04,5477.0
2026-07-27,2026-07-27 10:25:00,29.125,29.125,28.926204,28.926204,2981.0
2026-07-27,2026-07-27 10:30:00,28.81,28.965,28.7801,28.86,73393.0
2026-07-27,2026-07-27 10:35:00,28.86,28.86,28.75,28.77,14075.0
2026-07-27,2026-07-27 10:40:00,28.75,28.77,28.64,28.77,10234.0
2026-07-27,2026-07-27 10:45:00,28.66,28.67,28.52,28.61,6613.0
2026-07-27,2026-07-27 10:50:00,28.64,28.67,28.6,28.63,5129.0
2026-07-27,2026-07-27 10:55:00,28.635,28.74,28.635,28.73,5212.0
2026-07-27,2026-07-27 11:00:00,28.73,28.78,28.71,28.77,3458.0
2026-07-27,2026-07-27 11:05:00,28.775,28.775,28.62,28.64,6210.0
2026-07-27,2026-07-27 11:10:00,28.65,28.695,28.65,28.68,2610.0
2026-07-27,2026-07-27 11:15:00,28.675,28.69,28.64,28.69,2843.0
2026-07-27,2026-07-27 11:20:00,28.66,28.69,28.645,28.69,2139.0
2026-07-27,2026-07-27 11:25:00,28.705,28.76,28.705,28.74,2033.0
2026-07-27,2026-07-27 11:30:00,28.665,28.7,28.665,28.675,3414.0
2026-07-27,2026-07-27 11:35:00,28.655,28.655,28.55,28.58,3791.0
2026-07-27,2026-07-27 11:40:00,28.58,28.61,28.55,28.595,1619.0
2026-07-27,2026-07-27 11:45:00,28.615,28.615,28.54,28.59,5367.0
2026-07-27,2026-07-27 11:50:00,28.63,28.63,28.53,28.535,3575.0
2026-07-27,2026-07-27 11:55:00,28.525,28.56,28.5,28.5,3063.0
2026-07-27,2026-07-27 12:00:00,28.485,28.52,28.43,28.435,3569.0
2026-07-27,2026-07-27 12:05:00,28.435,28.435,28.06,28.09,12076.0
2026-07-27,2026-07-27 12:10:00,28.1,28.17,28.1,28.105,2921.0
2026-07-27,2026-07-27 12:15:00,28.11,28.35,28.1,28.335,8202.0
2026-07-27,2026-07-27 12:20:00,28.335,28.43,28.325,28.43,2911.0
2026-07-27,2026-07-27 12:25:00,28.43,28.46,28.42,28.455,3074.0
2026-07-27,2026-07-27 12:30:00,28.465,28.58,28.45,28.47,8235.0
2026-07-27,2026-07-27 12:35:00,28.48,28.525,28.44,28.485,4476.0
2026-07-27,2026-07-27 12:40:00,28.48,28.49,28.38,28.405,7205.0
2026-07-27,2026-07-27 12:45:00,28.405,28.405,28.395,28.395,4183.0
2026-07-27,2026-07-27 12:50:00,28.4,28.43,28.36,28.375,8443.0
2026-07-27,2026-07-27 12:55:00,28.355,28.3575,28.35,28.3575,3081.0
2026-07-27,2026-07-27 13:00:00,28.33,28.33,28.25,28.25,2659.0
2026-07-27,2026-07-27 13:05:00,28.23,28.23,28.15,28.2,5402.0
2026-07-27,2026-07-27 13:10:00,28.195,28.25,28.195,28.22,4478.0
2026-07-27,2026-07-27 13:15:00,28.225,28.23,28.17,28.22,6300.0
2026-07-27,2026-07-27 13:20:00,28.2,28.2,28.07,28.095,3616.0
2026-07-27,2026-07-27 13:25:00,28.13,28.175,28.13,28.155,3669.0
2026-07-27,2026-07-27 13:30:00,28.135,28.135,28.08,28.08,4265.0
2026-07-27,2026-07-27 13:35:00,28.09,28.135,28.075,28.135,5899.0
2026-07-27,2026-07-27 13:40:00,28.135,28.1375,28.075,28.075,4631.0
2026-07-27,2026-07-27 13:45:00,28.085,28.16,28.085,28.16,3312.0
2026-07-27,2026-07-27 13:50:00,28.165,28.175,28.0,28.075,21215.0
2026-07-27,2026-07-27 13:55:00,28.08,28.175,28.08,28.165,4657.0
2026-07-27,2026-07-27 14:00:00,28.165,28.2,28.165,28.17,3613.0
2026-07-27,2026-07-27 14:05:00,28.2,28.23,28.1,28.165,14201.0
2026-07-27,2026-07-27 14:10:00,28.14,28.16,28.135,28.15,6393.0
2026-07-27,2026-07-27 14:15:00,28.15,28.185,28.07,28.185,8672.0
2026-07-27,2026-07-27 14:20:00,28.16,28.19,28.145,28.19,3485.0
2026-07-27,2026-07-27 14:25:00,28.19,28.21,28.14,28.18,9457.0
2026-07-27,2026-07-27 14:30:00,28.2,28.2,28.15,28.185,6866.0
2026-07-27,2026-07-27 14:35:00,28.175,28.175,28.14,28.145,4494.0
2026-07-27,2026-07-27 14:40:00,28.15,28.185,28.15,28.185,9457.0
2026-07-27,2026-07-27 14:45:00,28.15,28.16,28.06,28.06,8889.0
2026-07-27,2026-07-27 14:50:00,28.05,28.13,28.02,28.11,10257.0
2026-07-27,2026-07-27 14:55:00,28.065,28.14,28.05,28.05,10368.0
2026-07-27,2026-07-27 15:00:00,28.055,28.09,28.02,28.02,8915.0
2026-07-27,2026-07-27 15:05:00,28.05,28.08,28.02,28.03,12001.0
2026-07-27,2026-07-27 15:10:00,28.015,28.08,28.0,28.08,6942.0
2026-07-27,2026-07-27 15:15:00,28.09,28.115,28.02,28.035,21734.0
2026-07-27,2026-07-27 15:20:00,28.02,28.16,27.99,28.14,65148.0
2026-07-27,2026-07-27 15:25:00,28.14,28.15,28.1,28.13,8425.0
2026-07-27,2026-07-27 15:30:00,28.125,28.19,28.06,28.115,34419.0
2026-07-27,2026-07-27 15:35:00,28.115,28.22,28.091,28.16,17031.0
2026-07-27,2026-07-27 15:40:00,28.18,28.18,28.0875,28.11,24114.0
2026-07-27,2026-07-27 15:45:00,28.061,28.15,28.05,28.13,24304.0
2026-07-27,2026-07-27 15:50:00,28.1,28.18,28.04,28.09,56194.0
2026-07-27,2026-07-27 15:55:00,28.11,28.15,27.95,28.065,99121.0
2026-07-27,2026-07-27 16:00:00,28.055,28.08,27.83,27.84,376761.0
2026-07-28,2026-07-28 09:35:00,27.59,27.59,27.05,27.2,14175.0
2026-07-28,2026-07-28 09:40:00,27.295,27.54,27.04,27.4,4740.0
2026-07-28,2026-07-28 09:45:00,27.35,27.54,27.24,27.54,8421.0
2026-07-28,2026-07-28 09:50:00,27.53,27.53,27.07,27.11,5924.0
2026-07-28,2026-07-28 09:55:00,27.195,27.22,26.94,27.015,4038.0
2026-07-28,2026-07-28 10:00:00,26.9,26.91,26.74,26.74,7240.0
2026-07-28,2026-07-28 10:05:00,26.93,26.93,26.66,26.79,6412.0
2026-07-28,2026-07-28 10:10:00,26.8,27.14,26.795,27.14,4714.0
2026-07-28,2026-07-28 10:15:00,27.035,27.0824,26.9301,27.005,6856.0
2026-07-28,2026-07-28 10:20:00,27.005,27.035,26.7586,26.7586,22189.0
2026-07-28,2026-07-28 10:25:00,26.74,26.83,26.71,26.715,8584.0
2026-07-28,2026-07-28 10:30:00,26.66,26.7275,26.52,26.52,14916.0
2026-07-28,2026-07-28 10:35:00,26.585,26.585,26.585,26.585,925.0
2026-07-28,2026-07-28 10:40:00,26.55,26.705,26.43,26.44,9150.0
2026-07-28,2026-07-28 10:45:00,26.5,26.67,26.48,26.67,24628.0
2026-07-28,2026-07-28 10:50:00,26.64,26.68,26.42,26.5225,24721.0
2026-07-28,2026-07-28 10:55:00,26.465,26.5799,26.41,26.555,13246.0
2026-07-28,2026-07-28 11:00:00,26.55,26.58,26.44,26.44,5600.0
2026-07-28,2026-07-28 11:05:00,26.435,26.56,26.435,26.46,5359.0
2026-07-28,2026-07-28 11:10:00,26.435,26.6025,26.39,26.55,32176.0
2026-07-28,2026-07-28 11:15:00,26.59,26.76,26.55,26.735,31154.0
2026-07-28,2026-07-28 11:20:00,26.76,26.79,26.69,26.7,12544.0
2026-07-28,2026-07-28 11:25:00,26.745,26.79,26.745,26.76,2324.0
2026-07-28,2026-07-28 11:30:00,26.76,26.86,26.71,26.8,14905.0
2026-07-28,2026-07-28 11:35:00,26.835,26.835,26.7201,26.74,1409.0
2026-07-28,2026-07-28 11:40:00,26.74,26.75,26.71,26.74,10991.0
2026-07-28,2026-07-28 11:45:00,26.735,26.78,26.735,26.74,4038.0
2026-07-28,2026-07-28 11:50:00,26.755,26.81,26.73,26.78,3835.0
2026-07-28,2026-07-28 11:55:00,26.76,26.775,26.7,26.7,14369.0
2026-07-28,2026-07-28 12:00:00,26.73,26.775,26.73,26.775,2234.0
2026-07-28,2026-07-28 12:05:00,26.7201,26.7599,26.66,26.66,6828.0
2026-07-28,2026-07-28 12:10:00,26.7,26.7,26.56,26.56,9321.0
2026-07-28,2026-07-28 12:15:00,26.56,26.64,26.555,26.595,11533.0
2026-07-28,2026-07-28 12:20:00,26.55,26.55,26.54,26.54,1317.0
2026-07-28,2026-07-28 12:25:00,26.55,26.61,26.53,26.57,8984.0
2026-07-28,2026-07-28 12:30:00,26.545,26.64,26.545,26.62,4698.0
2026-07-28,2026-07-28 12:35:00,26.58,26.62,26.552,26.62,6132.0
2026-07-28,2026-07-28 12:40:00,26.62,26.68,26.62,26.68,4534.0
2026-07-28,2026-07-28 12:45:00,26.72,26.82,26.71,26.82,12640.0
2026-07-28,2026-07-28 12:50:00,26.82,26.86,26.77,26.855,2947.0
2026-07-28,2026-07-28 12:55:00,26.82,27.06,26.8,27.06,102241.0
2026-07-28,2026-07-28 13:00:00,27.06,27.09,27.02,27.09,3420.0
2026-07-28,2026-07-28 13:05:00,27.04,27.12,27.01,27.11,6848.0
2026-07-28,2026-07-28 13:10:00,27.1,27.11,27.005,27.005,5946.0
2026-07-28,2026-07-28 13:15:00,26.97,27.05,26.96,27.045,13200.0
2026-07-28,2026-07-28 13:20:00,27.0575,27.09,27.055,27.075,3875.0
2026-07-28,2026-07-28 13:25:00,27.06,27.14,27.01,27.01,9585.0
2026-07-28,2026-07-28 13:30:00,27.03,27.03,26.99,27.015,4032.0
2026-07-28,2026-07-28 13:35:00,26.99,27.01,26.96,27.01,6431.0
2026-07-28,2026-07-28 13:40:00,27.03,27.05,26.96,26.96,5353.0
2026-07-28,2026-07-28 13:45:00,26.98,26.99,26.935,26.935,4422.0
2026-07-28,2026-07-28 13:50:00,26.89,26.95,26.89,26.95,4274.0
2026-07-28,2026-07-28 13:55:00,26.93,26.93,26.87,26.895,3020.0
2026-07-28,2026-07-28 14:00:00,26.89,26.925,26.84,26.84,8854.0
2026-07-28,2026-07-28 14:05:00,26.875,26.875,26.78,26.85,13200.0
2026-07-28,2026-07-28 14:10:00,26.88,26.89,26.8,26.8,4518.0
2026-07-28,2026-07-28 14:15:00,26.8,26.83,26.76,26.8,7183.0
2026-07-28,2026-07-28 14:20:00,26.78,26.81,26.78,26.78,4104.0
2026-07-28,2026-07-28 14:25:00,26.76,26.76,26.73,26.73,3796.0
2026-07-28,2026-07-28 14:30:00,26.75,26.78,26.74,26.77,5030.0
2026-07-28,2026-07-28 14:35:00,26.78,26.8,26.73,26.78,7044.0
2026-07-28,2026-07-28 14:40:00,26.78,26.81,26.77,26.77,10863.0
2026-07-28,2026-07-28 14:45:00,26.77,26.835,26.77,26.82,6404.0
2026-07-28,2026-07-28 14:50:00,26.84,26.95,26.84,26.915,8148.0
2026-07-28,2026-07-28 14:55:00,26.92,26.945,26.9,26.9,4250.0
2026-07-28,2026-07-28 15:00:00,26.89,26.925,26.89,26.915,6252.0
2026-07-28,2026-07-28 15:05:00,26.915,27.0,26.82,26.88,52678.0
2026-07-28,2026-07-28 15:10:00,26.86,26.88,26.82,26.88,21369.0
2026-07-28,2026-07-28 15:15:00,26.9,27.07,26.84,26.94,57489.0
2026-07-28,2026-07-28 15:20:00,26.92,26.985,26.87,26.98,21196.0
2026-07-28,2026-07-28 15:25:00,26.98,27.005,26.86,26.91,54724.0
2026-07-28,2026-07-28 15:30:00,26.9,27.03,26.85,26.93,99852.0
2026-07-28,2026-07-28 15:35:00,26.97,27.145,26.95,26.96,221881.0
2026-07-28,2026-07-28 15:40:00,27.08,27.17,27.05,27.14,15081.0
2026-07-28,2026-07-28 15:45:00,27.145,27.15,27.11,27.125,9357.0
2026-07-28,2026-07-28 15:50:00,27.125,27.255,27.125,27.24,12486.0
2026-07-28,2026-07-28 15:55:00,27.27,27.32,27.1,27.115,42107.0
2026-07-28,2026-07-28 16:00:00,27.09,27.15,26.99,27.05,299969.0
2026-07-29,2026-07-29 09:35:00,27.45,27.49,27.375,27.43,10003.0
2026-07-29,2026-07-29 09:40:00,27.76,27.8,27.43,27.54,2587.0
2026-07-29,2026-07-29 09:45:00,27.525,27.57,27.07,27.07,2699.0
2026-07-29,2026-07-29 09:50:00,27.06,27.27,27.04,27.27,4856.0
2026-07-29,2026-07-29 09:55:00,27.18,27.27,26.96,27.035,23673.0
2026-07-29,2026-07-29 10:00:00,26.97,26.97,26.85,26.895,12142.0
2026-07-29,2026-07-29 10:05:00,26.895,27.13,26.895,27.075,8465.0
2026-07-29,2026-07-29 10:10:00,27.0194,27.175,26.87,26.95,39166.0
2026-07-29,2026-07-29 10:15:00,26.95,26.95,26.71,26.71,11589.0
2026-07-29,2026-07-29 10:20:00,26.765,26.765,26.57,26.625,11108.0
2026-07-29,2026-07-29 10:25:00,26.68,26.75,26.67,26.7,4937.0
2026-07-29,2026-07-29 10:30:00,26.71,26.75,26.61,26.75,5226.0
2026-07-29,2026-07-29 10:35:00,26.75,26.8,26.63,26.63,5054.0
2026-07-29,2026-07-29 10:40:00,26.655,26.655,26.53,26.54,3029.0
2026-07-29,2026-07-29 10:45:00,26.5,26.62,26.42,26.62,9364.0
2026-07-29,2026-07-29 10:50:00,26.695,26.695,26.54,26.62,5196.0
2026-07-29,2026-07-29 10:55:00,26.63,26.755,26.63,26.71,3276.0
2026-07-29,2026-07-29 11:00:00,26.79,26.79,26.67,26.75,4113.0
2026-07-29,2026-07-29 11:05:00,26.78,26.86,26.76,26.84,2922.0
2026-07-29,2026-07-29 11:10:00,26.81,26.97,26.8,26.91,3427.0
2026-07-29,2026-07-29 11:15:00,26.895,26.895,26.79,26.79,5490.0
2026-07-29,2026-07-29 11:20:00,26.78,26.815,26.72,26.72,3946.0
2026-07-29,2026-07-29 11:25:00,26.75,26.83,26.735,26.735,3520.0
2026-07-29,2026-07-29 11:30:00,26.71,26.73,26.67,26.73,4062.0
2026-07-29,2026-07-29 11:35:00,26.725,26.73,26.7,26.705,1787.0
2026-07-29,2026-07-29 11:40:00,26.7,26.73,26.68,26.725,4523.0
2026-07-29,2026-07-29 11:45:00,26.69,26.735,26.69,26.69,2200.0
2026-07-29,2026-07-29 11:50:00,26.685,26.74,26.68,26.74,5335.0
2026-07-29,2026-07-29 11:55:00,26.715,26.74,26.61,26.61,7450.0
2026-07-29,2026-07-29 12:00:00,26.61,26.69,26.61,26.69,2858.0
2026-07-29,2026-07-29 12:05:00,26.67,26.67,26.55,26.565,5663.0
2026-07-29,2026-07-29 12:10:00,26.55,26.62,26.54,26.54,5889.0
2026-07-29,2026-07-29 12:15:00,26.545,26.545,26.46,26.46,2348.0
2026-07-29,2026-07-29 12:20:00,26.44,26.44,26.39,26.39,3199.0
2026-07-29,2026-07-29 12:25:00,26.405,26.44,26.22,26.245,12572.0
2026-07-29,2026-07-29 12:30:00,26.22,26.26,26.19,26.2,6755.0
2026-07-29,2026-07-29 12:35:00,26.2,26.275,26.2,26.275,3440.0
2026-07-29,2026-07-29 12:40:00,26.25,26.255,26.22,26.24,3383.0
2026-07-29,2026-07-29 12:45:00,26.27,26.325,26.21,26.22,5173.0
2026-07-29,2026-07-29 12:50:00,26.24,26.28,26.19,26.28,2465.0
2026-07-29,2026-07-29 12:55:00,26.27,26.27,26.23,26.25,3173.0
2026-07-29,2026-07-29 13:00:00,26.28,26.3,26.24,26.28,3776.0
2026-07-29,2026-07-29 13:05:00,26.28,26.33,26.27,26.33,3831.0
2026-07-29,2026-07-29 13:10:00,26.33,26.37,26.25,26.27,15391.0
2026-07-29,2026-07-29 13:15:00,26.27,26.34,26.27,26.33,2488.0
2026-07-29,2026-07-29 13:20:00,26.33,26.39,26.3,26.39,3873.0
2026-07-29,2026-07-29 13:25:00,26.4,26.46,26.39,26.4,13308.0
2026-07-29,2026-07-29 13:30:00,26.38,26.44,26.37,26.38,3043.0
2026-07-29,2026-07-29 13:35:00,26.38,26.445,26.37,26.41,5120.0
2026-07-29,2026-07-29 13:40:00,26.39,26.405,26.32,26.33,5165.0
2026-07-29,2026-07-29 13:45:00,26.34,26.37,26.34,26.34,1651.0
2026-07-29,2026-07-29 13:50:00,26.33,26.415,26.33,26.415,3285.0
2026-07-29,2026-07-29 13:55:00,26.43,26.44,26.385,26.44,4962.0
2026-07-29,2026-07-29 14:00:00,26.41,26.41,26.37,26.37,4705.0
2026-07-29,2026-07-29 14:05:00,26.4,26.68,26.4,26.53,14793.0
2026-07-29,2026-07-29 14:10:00,26.54,26.625,26.46,26.555,30503.0
2026-07-29,2026-07-29 14:15:00,26.51,26.58,26.42,26.48,13785.0
2026-07-29,2026-07-29 14:20:00,26.53,26.64,26.355,26.37,8557.0
2026-07-29,2026-07-29 14:25:00,26.375,26.39,26.34,26.39,7518.0
2026-07-29,2026-07-29 14:30:00,26.42,26.46,26.385,26.4,3039.0
2026-07-29,2026-07-29 14:35:00,26.41,26.47,26.31,26.39,10166.0
2026-07-29,2026-07-29 14:40:00,26.41,26.54,26.38,26.53,7896.0
2026-07-29,2026-07-29 14:45:00,26.56,26.65,26.56,26.65,7903.0
2026-07-29,2026-07-29 14:50:00,26.63,26.77,26.625,26.76,6628.0
2026-07-29,2026-07-29 14:55:00,26.77,26.78,26.7,26.78,6115.0
2026-07-29,2026-07-29 15:00:00,26.79,26.86,26.76,26.84,6305.0
2026-07-29,2026-07-29 15:05:00,26.855,26.855,26.67,26.67,16330.0
2026-07-29,2026-07-29 15:10:00,26.69,26.76,26.68,26.685,9198.0
2026-07-29,2026-07-29 15:15:00,26.675,26.835,26.64,26.835,20238.0
2026-07-29,2026-07-29 15:20:00,26.8,26.885,26.72,26.735,13055.0
2026-07-29,2026-07-29 15:25:00,26.73,26.85,26.675,26.77,20384.0
2026-07-29,2026-07-29 15:30:00,26.765,26.8,26.725,26.77,7929.0
2026-07-29,2026-07-29 15:35:00,26.77,26.81,26.63,26.66,17833.0
2026-07-29,2026-07-29 15:40:00,26.69,26.755,26.58,26.58,11009.0
2026-07-29,2026-07-29 15:45:00,26.58,26.62,26.52,26.58,15431.0
2026-07-29,2026-07-29 15:50:00,26.585,26.6,26.52,26.53,20107.0
2026-07-29,2026-07-29 15:55:00,26.53,26.53,26.43,26.45,23390.0
2026-07-29,2026-07-29 16:00:00,26.48,26.55,26.42,26.45,193647.0
2026-07-30,2026-07-30 09:35:00,27.31,27.51,27.14,27.51,11620.0
2026-07-30,2026-07-30 09:40:00,27.365,27.64,27.03,27.03,5350.0
2026-07-30,2026-07-30 09:45:00,26.925,27.09,26.91,27.09,837.0
2026-07-30,2026-07-30 09:50:00,27.13,27.13,27.13,27.13,402.0
2026-07-30,2026-07-30 09:55:00,26.915,27.41,26.915,27.41,10692.0
2026-07-30,2026-07-30 10:00:00,27.41,27.47,27.2361,27.2361,6030.0
2026-07-30,2026-07-30 10:05:00,27.29,27.48,27.23,27.37,5779.0
2026-07-30,2026-07-30 10:10:00,27.37,27.49,27.295,27.295,3561.0
2026-07-30,2026-07-30 10:15:00,27.36,27.3917,27.055,27.12,11301.0
2026-07-30,2026-07-30 10:20:00,27.15,27.206,27.0901,27.15,9334.0
2026-07-30,2026-07-30 10:25:00,27.19,27.255,27.155,27.255,4972.0
2026-07-30,2026-07-30 10:30:00,27.3,27.58,27.3,27.58,6535.0
2026-07-30,2026-07-30 10:35:00,27.59,27.765,27.535,27.76,12507.0
2026-07-30,2026-07-30 10:40:00,27.76,27.93,27.69,27.89,10836.0
2026-07-30,2026-07-30 10:45:00,27.85,28.16,27.85,28.02,13071.0
2026-07-30,2026-07-30 10:50:00,28.02,28.04,27.715,27.715,11552.0
2026-07-30,2026-07-30 10:55:00,27.67,27.7,27.59,27.61,4469.0
2026-07-30,2026-07-30 11:00:00,27.64,27.715,27.6,27.6,5075.0
2026-07-30,2026-07-30 11:05:00,27.635,27.72,27.59,27.69,8814.0
2026-07-30,2026-07-30 11:10:00,27.67,27.7,27.61,27.65,7583.0
2026-07-30,2026-07-30 11:15:00,27.61,27.64,27.47,27.49,5205.0
2026-07-30,2026-07-30 11:20:00,27.48,27.55,27.47,27.5,5285.0
2026-07-30,2026-07-30 11:25:00,27.57,27.57,27.45,27.45,6882.0
2026-07-30,2026-07-30 11:30:00,27.49,27.49,27.36,27.42,2524.0
2026-07-30,2026-07-30 11:35:00,27.445,27.595,27.435,27.595,9121.0
2026-07-30,2026-07-30 11:40:00,27.62,27.62,27.55,27.555,2015.0
2026-07-30,2026-07-30 11:45:00,27.61,27.68,27.59,27.66,4680.0
2026-07-30,2026-07-30 11:50:00,27.655,27.7,27.64,27.68,2752.0
2026-07-30,2026-07-30 11:55:00,27.715,27.715,27.715,27.715,1629.0
2026-07-30,2026-07-30 12:00:00,27.725,27.805,27.725,27.8,4102.0
2026-07-30,2026-07-30 12:05:00,27.8,27.99,27.79,27.99,8056.0
2026-07-30,2026-07-30 12:10:00,27.93,27.96,27.9,27.9,2932.0
2026-07-30,2026-07-30 12:15:00,27.84,27.9046,27.84,27.9046,1889.0
2026-07-30,2026-07-30 12:20:00,27.91,27.91,27.885,27.885,5572.0
2026-07-30,2026-07-30 12:25:00,27.885,27.97,27.885,27.92,5043.0
2026-07-30,2026-07-30 12:30:00,27.912,27.912,27.912,27.912,859.0
2026-07-30,2026-07-30 12:35:00,27.9,27.98,27.9,27.98,6443.0
2026-07-30,2026-07-30 12:40:00,27.99,28.02,27.88,27.89,5203.0
2026-07-30,2026-07-30 12:45:00,27.8814,27.92,27.8,27.8,6775.0
2026-07-30,2026-07-30 12:50:00,27.84,27.88,27.84,27.88,2820.0
2026-07-30,2026-07-30 12:55:00,27.88,27.98,27.87,27.87,7760.0
2026-07-30,2026-07-30 13:00:00,27.88,27.88,27.88,27.88,930.0
2026-07-30,2026-07-30 13:05:00,27.89,27.98,27.87,27.9,23298.0
2026-07-30,2026-07-30 13:10:00,27.92,27.92,27.87,27.87,2111.0
2026-07-30,2026-07-30 13:15:00,27.82,27.8375,27.81,27.8375,3222.0
2026-07-30,2026-07-30 13:20:00,27.87,27.99,27.835,27.99,9439.0
2026-07-30,2026-07-30 13:25:00,27.94,27.97,27.925,27.96,7929.0
2026-07-30,2026-07-30 13:30:00,27.93,27.97,27.93,27.97,1860.0
2026-07-30,2026-07-30 13:35:00,27.96,27.99,27.96,27.96,4772.0
2026-07-30,2026-07-30 13:40:00,27.97,27.97,27.945,27.945,1052.0
2026-07-30,2026-07-30 13:45:00,27.945,28.01,27.945,28.01,6712.0
2026-07-30,2026-07-30 13:50:00,28.02,28.035,28.02,28.035,1647.0
2026-07-30,2026-07-30 13:55:00,28.035,28.035,27.97,27.97,5383.0
2026-07-30,2026-07-30 14:00:00,27.98,27.99,27.98,27.985,2163.0
2026-07-30,2026-07-30 14:05:00,27.98,27.98,27.96,27.965,2654.0
2026-07-30,2026-07-30 14:10:00,27.95,27.96,27.935,27.96,4522.0
2026-07-30,2026-07-30 14:15:00,27.98,28.0099,27.95,27.99,10950.0
2026-07-30,2026-07-30 14:20:00,28.0,28.01,28.0,28.005,2117.0
2026-07-30,2026-07-30 14:25:00,27.975,28.02,27.96,28.01,5207.0
2026-07-30,2026-07-30 14:30:00,27.99,28.02,27.99,28.01,7526.0
2026-07-30,2026-07-30 14:35:00,27.97,27.97,27.93,27.93,4929.0
2026-07-30,2026-07-30 14:40:00,27.95,27.98,27.8801,27.98,9265.0
2026-07-30,2026-07-30 14:45:00,27.99,28.02,27.99,28.0,3291.0
2026-07-30,2026-07-30 14:50:00,28.02,28.02,27.97,28.02,7255.0
2026-07-30,2026-07-30 14:55:00,28.02,28.06,28.02,28.06,4684.0
2026-07-30,2026-07-30 15:00:00,28.08,28.09,28.04,28.04,4433.0
2026-07-30,2026-07-30 15:05:00,28.03,28.08,28.02,28.07,3779.0
2026-07-30,2026-07-30 15:10:00,28.07,28.1,28.035,28.06,12998.0
2026-07-30,2026-07-30 15:15:00,28.06,28.09,28.03,28.05,17821.0
2026-07-30,2026-07-30 15:20:00,28.07,28.14,28.055,28.11,15158.0
2026-07-30,2026-07-30 15:25:00,28.12,28.12,28.07,28.071,6165.0
2026-07-30,2026-07-30 15:30:00,28.05,28.11,28.05,28.105,12934.0
2026-07-30,2026-07-30 15:35:00,28.13,28.18,28.07,28.13,14629.0
2026-07-30,2026-07-30 15:40:00,28.12,28.22,28.095,28.22,11316.0
2026-07-30,2026-07-30 15:45:00,28.215,28.35,28.215,28.35,8633.0
2026-07-30,2026-07-30 15:50:00,28.32,28.55,28.32,28.55,16492.0
2026-07-30,2026-07-30 15:55:00,28.52,28.53,28.35,28.39,39614.0
2026-07-30,2026-07-30 16:00:00,28.44,28.44,28.19,28.25,232099.0
2026-07-31,2026-07-31 09:35:00,28.35,28.35,27.96,28.08,34811.0
2026-07-31,2026-07-31 09:40:00,27.86,28.16,27.85,27.91,38387.0
2026-07-31,2026-07-31 09:45:00,27.885,28.36,27.885,28.21,31601.0
2026-07-31,2026-07-31 09:50:00,28.2,28.33,27.8,27.86,100386.0
2026-07-31,2026-07-31 09:55:00,27.835,27.92,27.835,27.89,4395.0
2026-07-31,2026-07-31 10:00:00,27.89,28.02,27.79,28.02,5446.0
2026-07-31,2026-07-31 10:05:00,27.895,28.02,27.77,27.89,50302.0
2026-07-31,2026-07-31 10:10:00,27.77,27.885,27.44,27.47,17004.0
2026-07-31,2026-07-31 10:15:00,27.465,27.5,27.27,27.35,22522.0
2026-07-31,2026-07-31 10:20:00,27.35,27.6825,27.25,27.675,13344.0
2026-07-31,2026-07-31 10:25:00,27.7,27.87,27.69,27.73,16505.0
2026-07-31,2026-07-31 10:30:00,27.69,27.81,27.665,27.8,9583.0
2026-07-31,2026-07-31 10:35:00,27.81,27.83,27.76,27.8,2727.0
2026-07-31,2026-07-31 10:40:00,27.76,27.79,27.605,27.605,6387.0
2026-07-31,2026-07-31 10:45:00,27.605,27.74,27.56,27.74,13727.0
2026-07-31,2026-07-31 10:50:00,27.675,27.745,27.66,27.745,7992.0
2026-07-31,2026-07-31 10:55:00,27.74,27.9,27.71,27.88,4624.0
2026-07-31,2026-07-31 11:00:00,27.74,27.9,27.74,27.9,3899.0
2026-07-31,2026-07-31 11:05:00,27.84,27.9,27.75,27.82,8102.0
2026-07-31,2026-07-31 11:10:00,27.87,27.89,27.7301,27.79,10405.0
2026-07-31,2026-07-31 11:15:00,27.73,27.825,27.73,27.825,5935.0
2026-07-31,2026-07-31 11:20:00,27.78,27.78,27.69,27.735,3049.0
2026-07-31,2026-07-31 11:25:00,27.76,27.76,27.66,27.68,3735.0
2026-07-31,2026-07-31 11:30:00,27.675,27.72,27.67,27.72,3189.0
2026-07-31,2026-07-31 11:35:00,27.67,27.705,27.58,27.6625,21141.0
2026-07-31,2026-07-31 11:40:00,27.62,27.67,27.62,27.645,17483.0
2026-07-31,2026-07-31 11:45:00,27.57,27.615,27.49,27.54,10197.0
2026-07-31,2026-07-31 11:50:00,27.53,27.55,27.465,27.5,5719.0
2026-07-31,2026-07-31 11:55:00,27.475,27.6,27.475,27.6,2561.0
2026-07-31,2026-07-31 12:00:00,27.66,27.66,27.62,27.62,2379.0
2026-07-31,2026-07-31 12:05:00,27.615,27.65,27.5973,27.6,2557.0
2026-07-31,2026-07-31 12:10:00,27.56,27.59,27.555,27.59,4464.0
2026-07-31,2026-07-31 12:15:00,27.515,27.58,27.515,27.57,2221.0
2026-07-31,2026-07-31 12:20:00,27.545,27.63,27.5,27.61,6580.0
2026-07-31,2026-07-31 12:25:00,27.61,27.61,27.485,27.485,83068.0
2026-07-31,2026-07-31 12:30:00,27.485,27.56,27.485,27.56,3454.0
2026-07-31,2026-07-31 12:35:00,27.575,27.58,27.575,27.58,1664.0
2026-07-31,2026-07-31 12:40:00,27.64,27.69,27.64,27.69,2896.0
2026-07-31,2026-07-31 12:45:00,27.69,27.71,27.64,27.66,9780.0
2026-07-31,2026-07-31 12:50:00,27.68,27.74,27.68,27.74,6358.0
2026-07-31,2026-07-31 12:55:00,27.76,27.8,27.745,27.77,2926.0
2026-07-31,2026-07-31 13:00:00,27.77,27.8,27.765,27.79,2520.0
2026-07-31,2026-07-31 13:05:00,27.765,27.765,27.695,27.71,2684.0
2026-07-31,2026-07-31 13:10:00,27.68,27.68,27.6,27.62,22272.0
2026-07-31,2026-07-31 13:15:00,27.62,27.7,27.62,27.6301,4410.0
2026-07-31,2026-07-31 13:20:00,27.66,27.75,27.66,27.675,13464.0
2026-07-31,2026-07-31 13:25:00,27.665,27.75,27.66,27.75,3999.0
2026-07-31,2026-07-31 13:30:00,27.775,27.79,27.765,27.765,2467.0
2026-07-31,2026-07-31 13:35:00,27.78,27.78,27.74,27.74,1163.0
2026-07-31,2026-07-31 13:40:00,27.725,27.84,27.725,27.83,2502.0
2026-07-31,2026-07-31 13:45:00,27.815,27.89,27.815,27.89,1679.0
2026-07-31,2026-07-31 13:50:00,27.93,27.99,27.93,27.99,3071.0
2026-07-31,2026-07-31 13:55:00,27.99,28.04,27.9875,28.04,2016.0
2026-07-31,2026-07-31 14:00:00,28.04,28.05,28.0,28.04,2370.0
2026-07-31,2026-07-31 14:05:00,28.04,28.11,28.04,28.06,10278.0
2026-07-31,2026-07-31 14:10:00,28.04,28.17,28.04,28.155,2581.0
2026-07-31,2026-07-31 14:15:00,28.135,28.2,28.135,28.2,6552.0
2026-07-31,2026-07-31 14:20:00,28.195,28.3,28.195,28.27,2919.0
2026-07-31,2026-07-31 14:25:00,28.25,28.25,28.15,28.2,9237.0
2026-07-31,2026-07-31 14:30:00,28.22,28.33,28.22,28.3,19260.0
2026-07-31,2026-07-31 14:35:00,28.29,28.29,28.15,28.19,4140.0
2026-07-31,2026-07-31 14:40:00,28.16,28.18,28.12,28.18,3848.0
2026-07-31,2026-07-31 14:45:00,28.17,28.2,28.17,28.2,2368.0
2026-07-31,2026-07-31 14:50:00,28.21,28.23,28.185,28.225,3905.0
2026-07-31,2026-07-31 14:55:00,28.25,28.25,28.19,28.19,4738.0
2026-07-31,2026-07-31 15:00:00,28.23,28.24,28.17,28.24,3605.0
2026-07-31,2026-07-31 15:05:00,28.24,28.36,28.24,28.305,9233.0
2026-07-31,2026-07-31 15:10:00,28.3,28.3,28.275,28.28,2281.0
2026-07-31,2026-07-31 15:15:00,28.3,28.35,28.265,28.265,5071.0
2026-07-31,2026-07-31 15:20:00,28.3,28.35,28.3,28.34,4810.0
2026-07-31,2026-07-31 15:25:00,28.33,28.355,28.25,28.25,5108.0
2026-07-31,2026-07-31 15:30:00,28.25,28.37,28.24,28.31,12584.0
2026-07-31,2026-07-31 15:35:00,28.3,28.3,28.03,28.03,7206.0
2026-07-31,2026-07-31 15:40:00,28.02,28.1,28.0,28.045,12153.0
2026-07-31,2026-07-31 15:45:00,28.04,28.12,28.04,28.11,8191.0
2026-07-31,2026-07-31 15:50:00,28.11,28.2,28.02,28.115,84195.0
2026-07-31,2026-07-31 15:55:00,28.14,28.19,28.02,28.05,29923.0
2026-07-31,2026-07-31 16:00:00,28.08,28.26,27.99,28.19,314485.0
2026-08-03,2026-08-03 09:35:00,27.76,27.88,27.08,27.185,58890.0
2026-08-03,2026-08-03 09:40:00,27.185,27.62,27.185,27.415,17394.0
2026-08-03,2026-08-03 09:45:00,27.385,27.385,27.27,27.355,7094.0
2026-08-03,2026-08-03 09:50:00,27.35,27.35,27.345,27.345,1166.0
2026-08-03,2026-08-03 09:55:00,27.32,27.38,27.18,27.3,19231.0
2026-08-03,2026-08-03 10:00:00,27.12,27.325,27.02,27.21,16879.0
2026-08-03,2026-08-03 10:05:00,27.21,27.555,27.21,27.555,4626.0
2026-08-03,2026-08-03 10:10:00,27.55,27.82,27.55,27.82,4303.0
2026-08-03,2026-08-03 10:15:00,27.77,27.95,27.74,27.93,6071.0
2026-08-03,2026-08-03 10:20:00,27.945,28.08,27.83,27.88,14240.0
2026-08-03,2026-08-03 10:25:00,27.803798,27.85,27.6011,27.805,6059.0
2026-08-03,2026-08-03 10:30:00,27.815,27.87,27.77,27.77,2338.0
2026-08-03,2026-08-03 10:35:00,27.82,27.9,27.82,27.88,5271.0
2026-08-03,2026-08-03 10:40:00,27.905,27.946,27.905,27.946,1640.0
2026-08-03,2026-08-03 10:45:00,27.95,27.99,27.74,27.745,9743.0
2026-08-03,2026-08-03 10:50:00,27.7,27.83,27.69,27.83,2749.0
2026-08-03,2026-08-03 10:55:00,27.885,27.91,27.82,27.91,2970.0
2026-08-03,2026-08-03 11:00:00,28.11,28.11,28.01,28.01,2351.0
2026-08-03,2026-08-03 11:05:00,28.0,28.15,28.0,28.12,7483.0
2026-08-03,2026-08-03 11:10:00,28.08,28.08,28.03,28.03,1500.0
2026-08-03,2026-08-03 11:15:00,28.045,28.09,28.03,28.04,1797.0
2026-08-03,2026-08-03 11:20:00,28.04,28.04,28.04,28.04,832.0
2026-08-03,2026-08-03 11:25:00,28.0201,28.06,28.015,28.015,1662.0
2026-08-03,2026-08-03 11:30:00,28.015,28.015,27.7225,27.74,3933.0
2026-08-03,2026-08-03 11:35:00,27.72,27.855,27.63,27.63,13326.0
2026-08-03,2026-08-03 11:40:00,27.67,27.79,27.67,27.76,7457.0
2026-08-03,2026-08-03 11:45:00,27.775,27.775,27.73,27.73,756.0
2026-08-03,2026-08-03 11:50:00,27.77,27.83,27.77,27.825,2090.0
2026-08-03,2026-08-03 11:55:00,27.85,27.86,27.795,27.83,5660.0
2026-08-03,2026-08-03 12:00:00,27.84,27.84,27.76,27.76,1287.0
2026-08-03,2026-08-03 12:05:00,27.755,27.755,27.68,27.74,2649.0
2026-08-03,2026-08-03 12:10:00,27.705,27.705,27.67,27.67,2017.0
2026-08-03,2026-08-03 12:15:00,27.67,27.67,27.59,27.66,3183.0
2026-08-03,2026-08-03 12:20:00,27.625,27.635,27.48,27.485,35445.0
2026-08-03,2026-08-03 12:25:00,27.475,27.59,27.475,27.5775,5300.0
2026-08-03,2026-08-03 12:30:00,27.62,27.655,27.62,27.655,1910.0
2026-08-03,2026-08-03 12:35:00,27.63,27.65,27.61,27.625,5745.0
2026-08-03,2026-08-03 12:40:00,27.635,27.645,27.615,27.64,7414.0
2026-08-03,2026-08-03 12:45:00,27.67,27.73,27.6,27.65,32416.0
2026-08-03,2026-08-03 12:50:00,27.63,27.63,27.5625,27.6,5399.0
2026-08-03,2026-08-03 12:55:00,27.61,27.62,27.61,27.62,1568.0
2026-08-03,2026-08-03 13:00:00,27.64,27.67,27.62,27.66,5132.0
2026-08-03,2026-08-03 13:05:00,27.61,27.615,27.6075,27.615,2061.0
2026-08-03,2026-08-03 13:10:00,27.605,27.615,27.605,27.615,1006.0
2026-08-03,2026-08-03 13:15:00,27.615,27.63,27.51,27.52,45683.0
2026-08-03,2026-08-03 13:20:00,27.52,27.56,27.52,27.55,5515.0
2026-08-03,2026-08-03 13:25:00,27.55,27.55,27.475,27.5,7018.0
2026-08-03,2026-08-03 13:30:00,27.495,27.555,27.43,27.4375,16536.0
2026-08-03,2026-08-03 13:35:00,27.445,27.54,27.445,27.53,3904.0
2026-08-03,2026-08-03 13:40:00,27.52,27.53,27.51,27.51,1954.0
2026-08-03,2026-08-03 13:45:00,27.54,27.55,27.51,27.51,2022.0
2026-08-03,2026-08-03 13:50:00,27.54,27.595,27.54,27.59,2534.0
2026-08-03,2026-08-03 13:55:00,27.59,27.68,27.58,27.68,8765.0
2026-08-03,2026-08-03 14:00:00,27.695,27.76,27.695,27.75,4131.0
2026-08-03,2026-08-03 14:05:00,27.74,27.74,27.685,27.74,2678.0
2026-08-03,2026-08-03 14:10:00,27.75,27.76,27.665,27.685,2100.0
2026-08-03,2026-08-03 14:15:00,27.685,27.685,27.63,27.65,2936.0
2026-08-03,2026-08-03 14:20:00,27.66,27.71,27.66,27.71,5714.0
2026-08-03,2026-08-03 14:25:00,27.73,27.73,27.68,27.7,3552.0
2026-08-03,2026-08-03 14:30:00,27.68,27.705,27.66,27.67,7075.0
2026-08-03,2026-08-03 14:35:00,27.645,27.685,27.64,27.685,3978.0
2026-08-03,2026-08-03 14:40:00,27.71,27.71,27.65,27.65,1827.0
2026-08-03,2026-08-03 14:45:00,27.62,27.62,27.61,27.62,2075.0
2026-08-03,2026-08-03 14:50:00,27.62,27.62,27.56,27.61,10406.0
2026-08-03,2026-08-03 14:55:00,27.615,27.615,27.58,27.59,2056.0
2026-08-03,2026-08-03 15:00:00,27.59,27.64,27.585,27.64,5504.0
2026-08-03,2026-08-03 15:05:00,27.68,27.745,27.64,27.66,16428.0
2026-08-03,2026-08-03 15:10:00,27.64,27.725,27.625,27.665,5677.0
2026-08-03,2026-08-03 15:15:00,27.69,27.72,27.69,27.71,2171.0
2026-08-03,2026-08-03 15:20:00,27.74,27.77,27.715,27.715,4082.0
2026-08-03,2026-08-03 15:25:00,27.765,27.795,27.755,27.79,4526.0
2026-08-03,2026-08-03 15:30:00,27.8,27.8,27.77,27.77,3309.0
2026-08-03,2026-08-03 15:35:00,27.75,27.9,27.75,27.82,17778.0
2026-08-03,2026-08-03 15:40:00,27.81,27.84,27.78,27.81,8593.0
2026-08-03,2026-08-03 15:45:00,27.82,27.82,27.65,27.73,8330.0
2026-08-03,2026-08-03 15:50:00,27.715,27.885,27.685,27.76,23215.0
2026-08-03,2026-08-03 15:55:00,27.77,27.775,27.66,27.66,10453.0
2026-08-03,2026-08-03 16:00:00,27.69,27.805,27.61,27.62,239417.0
2026-08-04,2026-08-04 09:35:00,28.21,28.22,27.98,27.99,7990.0
2026-08-04,2026-08-04 09:40:00,27.99,28.33,27.99,28.31,1691.0
2026-08-04,2026-08-04 09:45:00,28.32,28.45,28.32,28.43,3211.0
2026-08-04,2026-08-04 09:50:00,28.345,28.36,28.26,28.36,1773.0
2026-08-04,2026-08-04 09:55:00,28.33,28.59,28.325,28.59,6180.0
2026-08-04,2026-08-04 10:00:00,28.57,28.57,28.35,28.4,10432.0
2026-08-04,2026-08-04 10:05:00,28.395,28.575,28.395,28.45,10607.0
2026-08-04,2026-08-04 10:10:00,28.49,28.6799,28.475,28.475,11479.0
2026-08-04,2026-08-04 10:15:00,28.51,28.51,28.28,28.375,3604.0
2026-08-04,2026-08-04 10:20:00,28.37,28.44,28.16,28.16,4360.0
2026-08-04,2026-08-04 10:25:00,28.14,28.165,28.08,28.12,7362.0
2026-08-04,2026-08-04 10:30:00,28.09,28.12,27.98,28.03,2752.0
2026-08-04,2026-08-04 10:35:00,28.1,28.22,28.1,28.165,5726.0
2026-08-04,2026-08-04 10:40:00,28.16,28.21,28.15,28.175,3596.0
2026-08-04,2026-08-04 10:45:00,28.14,28.21,28.14,28.21,8140.0
2026-08-04,2026-08-04 10:50:00,28.22,28.24,28.11,28.11,12325.0
2026-08-04,2026-08-04 10:55:00,28.14,28.16,28.09,28.13,6319.0
2026-08-04,2026-08-04 11:00:00,28.11,28.3,28.11,28.3,7372.0
2026-08-04,2026-08-04 11:05:00,28.28,28.29,28.135,28.26,9644.0
2026-08-04,2026-08-04 11:10:00,28.28,28.29,28.21,28.25,23688.0
2026-08-04,2026-08-04 11:15:00,28.25,28.27,28.21,28.24,1898.0
2026-08-04,2026-08-04 11:20:00,28.24,28.25,28.2,28.245,8652.0
2026-08-04,2026-08-04 11:25:00,28.29,28.4,28.29,28.3939,17319.0
2026-08-04,2026-08-04 11:30:00,28.4,28.48,28.35,28.35,5515.0
2026-08-04,2026-08-04 11:35:00,28.39,28.48,28.39,28.45,17263.0
2026-08-04,2026-08-04 11:40:00,28.43,28.45,28.41,28.42,3817.0
2026-08-04,2026-08-04 11:45:00,28.46,28.51,28.43,28.51,11486.0
2026-08-04,2026-08-04 11:50:00,28.49,28.53,28.48,28.53,3910.0
2026-08-04,2026-08-04 11:55:00,28.51,28.51,28.44,28.48,3252.0
2026-08-04,2026-08-04 12:00:00,28.53,28.55,28.51,28.51,2133.0
2026-08-04,2026-08-04 12:05:00,28.53,28.53,28.43,28.43,4559.0
2026-08-04,2026-08-04 12:10:00,28.465,28.465,28.38,28.39,12756.0
2026-08-04,2026-08-04 12:15:00,28.385,28.43,28.37,28.37,3090.0
2026-08-04,2026-08-04 12:20:00,28.4,28.4,28.34,28.355,2756.0
2026-08-04,2026-08-04 12:25:00,28.35,28.37,28.32,28.37,1959.0
2026-08-04,2026-08-04 12:30:00,28.4,28.465,28.38,28.46,3364.0
2026-08-04,2026-08-04 12:35:00,28.45,28.47,28.42,28.45,3982.0
2026-08-04,2026-08-04 12:40:00,28.45,28.45,28.41,28.42,3247.0
2026-08-04,2026-08-04 12:45:00,28.43,28.48,28.43,28.475,3690.0
2026-08-04,2026-08-04 12:50:00,28.48,28.49,28.44,28.49,3990.0
2026-08-04,2026-08-04 12:55:00,28.5,28.61,28.46,28.58,24186.0
2026-08-04,2026-08-04 13:00:00,28.57,28.59,28.52,28.59,3466.0
2026-08-04,2026-08-04 13:05:00,28.61,28.62,28.56,28.6,1828.0
2026-08-04,2026-08-04 13:10:00,28.6,28.61,28.53,28.53,3280.0
2026-08-04,2026-08-04 13:15:00,28.55,28.55,28.54,28.5475,1161.0
2026-08-04,2026-08-04 13:20:00,28.51,28.52,28.47,28.52,3334.0
2026-08-04,2026-08-04 13:25:00,28.495,28.495,28.4,28.425,15565.0
2026-08-04,2026-08-04 13:30:00,28.45,28.5,28.425,28.5,2186.0
2026-08-04,2026-08-04 13:35:00,28.48,28.515,28.47,28.515,3939.0
2026-08-04,2026-08-04 13:40:00,28.5,28.595,28.49,28.59,3278.0
2026-08-04,2026-08-04 13:45:00,28.595,28.605,28.55,28.58,6701.0
2026-08-04,2026-08-04 13:50:00,28.58,28.61,28.57,28.61,1737.0
2026-08-04,2026-08-04 13:55:00,28.59,28.64,28.54,28.635,6313.0
2026-08-04,2026-08-04 14:00:00,28.635,28.64,28.61,28.64,1731.0
2026-08-04,2026-08-04 14:05:00,28.64,28.64,28.59,28.595,5787.0
2026-08-04,2026-08-04 14:10:00,28.58,28.69,28.575,28.69,10707.0
2026-08-04,2026-08-04 14:15:00,28.66,28.69,28.63,28.67,5537.0
2026-08-04,2026-08-04 14:20:00,28.7,28.75,28.7,28.75,1592.0
2026-08-04,2026-08-04 14:25:00,28.735,28.76,28.73,28.76,2474.0
2026-08-04,2026-08-04 14:30:00,28.76,28.82,28.74,28.76,6387.0
2026-08-04,2026-08-04 14:35:00,28.77,28.78,28.76,28.78,3462.0
2026-08-04,2026-08-04 14:40:00,28.8,28.81,28.78,28.81,1630.0
2026-08-04,2026-08-04 14:45:00,28.77,28.77,28.66,28.675,11665.0
2026-08-04,2026-08-04 14:50:00,28.69,28.71,28.64,28.69,17010.0
2026-08-04,2026-08-04 14:55:00,28.7,28.72,28.65,28.65,4865.0
2026-08-04,2026-08-04 15:00:00,28.655,28.66,28.585,28.59,4855.0
2026-08-04,2026-08-04 15:05:00,28.625,28.64,28.61,28.64,6152.0
2026-08-04,2026-08-04 15:10:00,28.635,28.67,28.63,28.67,3098.0
2026-08-04,2026-08-04 15:15:00,28.645,28.68,28.645,28.67,4703.0
2026-08-04,2026-08-04 15:20:00,28.67,28.67,28.62,28.64,6180.0
2026-08-04,2026-08-04 15:25:00,28.63,28.66,28.62,28.64,3433.0
2026-08-04,2026-08-04 15:30:00,28.62,28.7,28.61,28.695,10162.0
2026-08-04,2026-08-04 15:35:00,28.695,28.7,28.61,28.65,11696.0
2026-08-04,2026-08-04 15:40:00,28.65,28.84,28.65,28.73,61655.0
2026-08-04,2026-08-04 15:45:00,28.735,28.74,28.695,28.725,6736.0
2026-08-04,2026-08-04 15:50:00,28.7,28.8,28.66,28.765,11733.0
2026-08-04,2026-08-04 15:55:00,28.73,28.745,28.66,28.69,23108.0
2026-08-04,2026-08-04 16:00:00,28.68,28.87,28.61,28.8,253800.0
2026-08-05,2026-08-05 09:35:00,28.89,29.43,28.88,29.04,9407.0
2026-08-05,2026-08-05 09:40:00,29.105,29.35,28.72,28.88,3064.0
2026-08-05,2026-08-05 09:45:00,28.72,28.875,28.71,28.75,2353.0
2026-08-05,2026-08-05 09:50:00,29.0,29.165,28.99,29.165,5549.0
2026-08-05,2026-08-05 09:55:00,29.145,29.27,29.145,29.27,2886.0
2026-08-05,2026-08-05 10:00:00,29.265,29.4,29.19,29.345,5137.0
2026-08-05,2026-08-05 10:05:00,29.32,29.35,29.18,29.225,2242.0
2026-08-05,2026-08-05 10:10:00,29.27,29.43,29.19,29.41,10228.0
2026-08-05,2026-08-05 10:15:00,29.44,29.44,29.13,29.15,4367.0
2026-08-05,2026-08-05 10:20:00,29.19,29.34,29.18,29.205,20213.0
2026-08-05,2026-08-05 10:25:00,29.11,29.11,28.92,28.94,2962.0
2026-08-05,2026-08-05 10:30:00,28.98,29.05,28.79,28.79,5499.0
2026-08-05,2026-08-05 10:35:00,28.86,28.86,28.7,28.71,5558.0
2026-08-05,2026-08-05 10:40:00,28.785,28.785,28.48,28.65,10502.0
2026-08-05,2026-08-05 10:45:00,28.56,28.69,28.48,28.5,2899.0
2026-08-05,2026-08-05 10:50:00,28.485,28.73,28.475,28.68,8276.0
2026-08-05,2026-08-05 10:55:00,28.71,28.725,28.63,28.69,5799.0
2026-08-05,2026-08-05 11:00:00,28.63,28.675,28.44,28.585,18933.0
2026-08-05,2026-08-05 11:05:00,28.585,28.69,28.52,28.68,6618.0
2026-08-05,2026-08-05 11:10:00,28.65,28.73,28.64,28.72,6601.0
2026-08-05,2026-08-05 11:15:00,28.68,28.68,28.555,28.555,3270.0
2026-08-05,2026-08-05 11:20:00,28.555,28.56,28.37,28.4,5961.0
2026-08-05,2026-08-05 11:25:00,28.36,28.41,28.34,28.41,2856.0
2026-08-05,2026-08-05 11:30:00,28.41,28.56,28.39,28.49,12951.0
2026-08-05,2026-08-05 11:35:00,28.51,28.51,28.51,28.51,1302.0
2026-08-05,2026-08-05 11:40:00,28.48,28.59,28.48,28.59,8192.0
2026-08-05,2026-08-05 11:45:00,28.66,28.66,28.58,28.595,3460.0
2026-08-05,2026-08-05 11:50:00,28.57,28.59,28.53,28.58,2929.0
2026-08-05,2026-08-05 11:55:00,28.6,28.6,28.425,28.425,11666.0
2026-08-05,2026-08-05 12:00:00,28.42,28.42,28.35,28.41,4945.0
2026-08-05,2026-08-05 12:05:00,28.43,28.46,28.405,28.46,6947.0
2026-08-05,2026-08-05 12:10:00,28.465,28.49,28.4075,28.425,3306.0
2026-08-05,2026-08-05 12:15:00,28.43,28.48,28.4,28.47,1643.0
2026-08-05,2026-08-05 12:20:00,28.49,28.535,28.49,28.535,4873.0
2026-08-05,2026-08-05 12:25:00,28.57,28.575,28.51,28.52,5600.0
2026-08-05,2026-08-05 12:30:00,28.5,28.56,28.5,28.53,13637.0
2026-08-05,2026-08-05 12:35:00,28.47,28.47,28.425,28.45,5967.0
2026-08-05,2026-08-05 12:40:00,28.45,28.48,28.42,28.48,2598.0
2026-08-05,2026-08-05 12:45:00,28.5,28.5,28.43,28.43,4342.0
2026-08-05,2026-08-05 12:50:00,28.42,28.49,28.42,28.49,2274.0
2026-08-05,2026-08-05 12:55:00,28.49,28.51,28.43,28.435,5777.0
2026-08-05,2026-08-05 13:00:00,28.45,28.46,28.37,28.43,23169.0
2026-08-05,2026-08-05 13:05:00,28.43,28.49,28.415,28.45,7054.0
2026-08-05,2026-08-05 13:10:00,28.47,28.54,28.47,28.54,3789.0
2026-08-05,2026-08-05 13:15:00,28.5,28.5,28.41,28.43,5144.0
2026-08-05,2026-08-05 13:20:00,28.44,28.445,28.43,28.445,4025.0
2026-08-05,2026-08-05 13:25:00,28.5,28.53,28.48,28.49,3290.0
2026-08-05,2026-08-05 13:30:00,28.54,28.58,28.51,28.53,3764.0
2026-08-05,2026-08-05 13:35:00,28.56,28.61,28.51,28.59,13486.0
2026-08-05,2026-08-05 13:40:00,28.61,28.66,28.555,28.58,19441.0
2026-08-05,2026-08-05 13:45:00,28.585,28.74,28.585,28.68,24280.0
2026-08-05,2026-08-05 13:50:00,28.675,28.71,28.62,28.62,6227.0
2026-08-05,2026-08-05 13:55:00,28.59,28.61,28.445,28.61,9043.0
2026-08-05,2026-08-05 14:00:00,28.6,28.6,28.49,28.535,19529.0
2026-08-05,2026-08-05 14:05:00,28.495,28.52,28.4278,28.4278,4527.0
2026-08-05,2026-08-05 14:10:00,28.485,28.53,28.45,28.45,1664.0
2026-08-05,2026-08-05 14:15:00,28.52,28.54,28.46,28.46,5643.0
2026-08-05,2026-08-05 14:20:00,28.46,28.54,28.415,28.54,7135.0
2026-08-05,2026-08-05 14:25:00,28.5,28.5,28.41,28.44,7750.0
2026-08-05,2026-08-05 14:30:00,28.47,28.49,28.39,28.39,5995.0
2026-08-05,2026-08-05 14:35:00,28.36,28.41,28.33,28.33,6135.0
2026-08-05,2026-08-05 14:40:00,28.3,28.33,28.245,28.26,7193.0
2026-08-05,2026-08-05 14:45:00,28.305,28.37,28.295,28.36,7493.0
2026-08-05,2026-08-05 14:50:00,28.36,28.36,28.305,28.33,5930.0
2026-08-05,2026-08-05 14:55:00,28.36,28.38,28.32,28.34,6131.0
2026-08-05,2026-08-05 15:00:00,28.34,28.34,28.29,28.3,4026.0
2026-08-05,2026-08-05 15:05:00,28.28,28.295,28.24,28.24,6560.0
2026-08-05,2026-08-05 15:10:00,28.235,28.25,28.19,28.19,4771.0
2026-08-05,2026-08-05 15:15:00,28.19,28.19,28.11,28.11,15171.0
2026-08-05,2026-08-05 15:20:00,28.13,28.13,28.085,28.1,5001.0
2026-08-05,2026-08-05 15:25:00,28.11,28.12,28.065,28.08,10353.0
2026-08-05,2026-08-05 15:30:00,28.08,28.21,28.08,28.15,16686.0
2026-08-05,2026-08-05 15:35:00,28.15,28.17,28.1,28.13,8969.0
2026-08-05,2026-08-05 15:40:00,28.11,28.11,28.025,28.025,10391.0
2026-08-05,2026-08-05 15:45:00,28.02,28.04,27.98,28.02,15427.0
2026-08-05,2026-08-05 15:50:00,28.02,28.045,27.94,28.03,17406.0
2026-08-05,2026-08-05 15:55:00,28.07,28.2299,28.07,28.15,26256.0
2026-08-05,2026-08-05 16:00:00,28.16,28.23,27.7,27.7,414811.0
2026-08-06,2026-08-06 09:35:00,29.4,29.43,27.88,27.91,21295.0
2026-08-06,2026-08-06 09:40:00,27.9,28.51,27.9,28.245,5260.0
2026-08-06,2026-08-06 09:45:00,28.245,28.94,28.08,28.81,13538.0
2026-08-06,2026-08-06 09:50:00,29.07,29.07,28.61,28.945,5799.0
2026-08-06,2026-08-06 09:55:00,28.945,28.945,28.64,28.64,1876.0
2026-08-06,2026-08-06 10:00:00,28.63,28.785,28.59,28.785,3812.0
2026-08-06,2026-08-06 10:05:00,28.78,28.98,28.64,28.98,3966.0
2026-08-06,2026-08-06 10:10:00,29.12,29.12,28.87,28.98,14625.0
2026-08-06,2026-08-06 10:15:00,28.87,29.05,28.66,28.77,13601.0
2026-08-06,2026-08-06 10:20:00,28.7675,28.91,28.45,28.49,13093.0
2026-08-06,2026-08-06 10:25:00,28.47,28.47,28.38,28.39,2887.0
2026-08-06,2026-08-06 10:30:00,28.39,28.58,28.39,28.475,5001.0
2026-08-06,2026-08-06 10:35:00,28.3352,28.45,28.33,28.355,4566.0
2026-08-06,2026-08-06 10:40:00,28.34,28.5,28.325,28.5,3890.0
2026-08-06,2026-08-06 10:45:00,28.39,28.45,28.22,28.425,69534.0
2026-08-06,2026-08-06 10:50:00,28.44,28.59,28.42,28.53,13681.0
2026-08-06,2026-08-06 10:55:00,28.44,28.76,28.43,28.665,9304.0
2026-08-06,2026-08-06 11:00:00,28.6575,28.665,28.46,28.565,8141.0
2026-08-06,2026-08-06 11:05:00,28.62,28.62,28.3,28.37,7018.0
2026-08-06,2026-08-06 11:10:00,28.31,28.58,28.31,28.52,21301.0
2026-08-06,2026-08-06 11:15:00,28.58,28.69,28.52,28.625,5766.0
2026-08-06,2026-08-06 11:20:00,28.625,28.625,28.39,28.39,22649.0
2026-08-06,2026-08-06 11:25:00,28.485,28.5,28.34,28.405,7797.0
2026-08-06,2026-08-06 11:30:00,28.39,28.41,28.14,28.14,4399.0
2026-08-06,2026-08-06 11:35:00,28.23,28.23,28.0,28.005,71618.0
2026-08-06,2026-08-06 11:40:00,27.96,27.96,27.86,27.89,3625.0
2026-08-06,2026-08-06 11:45:00,27.88,27.88,27.74,27.74,5071.0
2026-08-06,2026-08-06 11:50:00,27.75,27.9,27.74,27.87,4462.0
2026-08-06,2026-08-06 11:55:00,27.885,27.94,27.76,27.805,5424.0
2026-08-06,2026-08-06 12:00:00,27.75,27.88,27.6,27.7,67783.0
2026-08-06,2026-08-06 12:05:00,27.65,27.7,27.625,27.68,15876.0
2026-08-06,2026-08-06 12:10:00,27.65,27.86,27.57,27.735,294974.0
2026-08-06,2026-08-06 12:15:00,27.75,27.78,27.61,27.765,248103.0
2026-08-06,2026-08-06 12:20:00,27.765,27.85,27.67,27.715,378335.0
2026-08-06,2026-08-06 12:25:00,27.68,27.72,27.4,27.54,31276.0
2026-08-06,2026-08-06 12:30:00,27.53,27.61,27.44,27.44,24311.0
2026-08-06,2026-08-06 12:35:00,27.51,27.54,27.37,27.43,4469.0
2026-08-06,2026-08-06 12:40:00,27.425,27.5,27.29,27.41,6067.0
2026-08-06,2026-08-06 12:45:00,27.39,27.44,27.37,27.4,22206.0
2026-08-06,2026-08-06 12:50:00,27.44,27.48,27.3,27.385,20937.0
2026-08-06,2026-08-06 12:55:00,27.39,27.48,27.39,27.435,3917.0
2026-08-06,2026-08-06 13:00:00,27.44,27.47,27.41,27.445,4199.0
2026-08-06,2026-08-06 13:05:00,27.46,27.47,27.42,27.425,3030.0
2026-08-06,2026-08-06 13:10:00,27.45,27.45,27.395,27.43,5302.0
2026-08-06,2026-08-06 13:15:00,27.435,27.435,27.4,27.4,3595.0
2026-08-06,2026-08-06 13:20:00,27.43,27.48,27.355,27.48,7768.0
2026-08-06,2026-08-06 13:25:00,27.53,27.775,27.445,27.715,174676.0
2026-08-06,2026-08-06 13:30:00,27.715,27.72,27.67,27.72,7563.0
2026-08-06,2026-08-06 13:35:00,27.665,27.83,27.665,27.81,10930.0
2026-08-06,2026-08-06 13:40:00,27.79,27.82,27.75,27.795,3296.0
2026-08-06,2026-08-06 13:45:00,27.8,27.81,27.755,27.81,4561.0
2026-08-06,2026-08-06 13:50:00,27.78,27.78,27.59,27.635,5999.0
2026-08-06,2026-08-06 13:55:00,27.63,27.65,27.5975,27.5975,3654.0
2026-08-06,2026-08-06 14:00:00,27.56,27.62,27.55,27.615,7338.0
2026-08-06,2026-08-06 14:05:00,27.64,27.69,27.6,27.61,4006.0
2026-08-06,2026-08-06 14:10:00,27.62,27.69,27.53,27.68,5297.0
2026-08-06,2026-08-06 14:15:00,27.66,27.66,27.5001,27.5001,4975.0
2026-08-06,2026-08-06 14:20:00,27.56,27.63,27.53,27.575,4357.0
2026-08-06,2026-08-06 14:25:00,27.61,27.7,27.61,27.695,2846.0
2026-08-06,2026-08-06 14:30:00,27.69,27.72,27.64,27.66,4601.0
2026-08-06,2026-08-06 14:35:00,27.69,27.69,27.58,27.585,8398.0
2026-08-06,2026-08-06 14:40:00,27.62,27.62,27.58,27.59,4105.0
2026-08-06,2026-08-06 14:45:00,27.64,27.66,27.6,27.66,7740.0
2026-08-06,2026-08-06 14:50:00,27.64,27.69,27.605,27.645,4813.0
2026-08-06,2026-08-06 14:55:00,27.685,27.685,27.6,27.68,3359.0
2026-08-06,2026-08-06 15:00:00,27.6525,27.755,27.645,27.69,9769.0
2026-08-06,2026-08-06 15:05:00,27.685,27.685,27.53,27.575,7445.0
2026-08-06,2026-08-06 15:10:00,27.575,27.575,27.44,27.45,63536.0
2026-08-06,2026-08-06 15:15:00,27.455,27.53,27.43,27.52,5578.0
2026-08-06,2026-08-06 15:20:00,27.53,27.53,27.46,27.51,5652.0
2026-08-06,2026-08-06 15:25:00,27.52,27.6,27.49,27.58,70709.0
2026-08-06,2026-08-06 15:30:00,27.58,27.67,27.5,27.635,71954.0
2026-08-06,2026-08-06 15:35:00,27.635,27.67,27.485,27.65,15602.0
2026-08-06,2026-08-06 15:40:00,27.65,27.89,27.65,27.84,89778.0
2026-08-06,2026-08-06 15:45:00,27.85,27.8575,27.75,27.81,17154.0
2026-08-06,2026-08-06 15:50:00,27.76,27.82,27.67,27.68,17558.0
2026-08-06,2026-08-06 15:55:00,27.685,27.86,27.65,27.86,43590.0
2026-08-06,2026-08-06 16:00:00,27.93,28.41,27.85,28.33,457580.0
2026-08-07,2026-08-07 09:35:00,28.98,29.115,28.8,28.83,23874.0
2026-08-07,2026-08-07 09:40:00,28.835,28.835,28.53,28.65,22827.0
2026-08-07,2026-08-07 09:45:00,28.65,28.74,28.515,28.515,11124.0
2026-08-07,2026-08-07 09:50:00,28.445,28.64,28.35,28.64,7829.0
2026-08-07,2026-08-07 09:55:00,28.71,28.88,28.66,28.66,5759.0
2026-08-07,2026-08-07 10:00:00,28.67,28.67,28.55,28.65,2929.0
2026-08-07,2026-08-07 10:05:00,28.66,28.79,28.63,28.63,2116.0
2026-08-07,2026-08-07 10:10:00,28.77,28.81,28.36,28.36,7892.0
2026-08-07,2026-08-07 10:15:00,28.46,28.46,28.16,28.23,7563.0
2026-08-07,2026-08-07 10:20:00,28.24,28.27,28.145,28.25,6003.0
2026-08-07,2026-08-07 10:25:00,28.185,28.505,28.185,28.44,36921.0
2026-08-07,2026-08-07 10:30:00,28.415,28.52,28.415,28.52,4230.0
2026-08-07,2026-08-07 10:35:00,28.545,28.545,28.23,28.23,4424.0
2026-08-07,2026-08-07 10:40:00,28.21,28.29,28.21,28.29,3447.0
2026-08-07,2026-08-07 10:45:00,28.31,28.39,28.31,28.37,3633.0
2026-08-07,2026-08-07 10:50:00,28.375,28.45,28.375,28.425,4702.0
2026-08-07,2026-08-07 10:55:00,28.37,28.37,28.29,28.355,3660.0
2026-08-07,2026-08-07 11:00:00,28.38,28.48,28.38,28.48,4630.0
2026-08-07,2026-08-07 11:05:00,28.455,28.48,28.32,28.32,4319.0
2026-08-07,2026-08-07 11:10:00,28.325,28.4,28.32,28.4,2559.0
2026-08-07,2026-08-07 11:15:00,28.43,28.465,28.4,28.42,3583.0
2026-08-07,2026-08-07 11:20:00,28.445,28.445,28.3,28.33,3116.0
2026-08-07,2026-08-07 11:25:00,28.36,28.37,28.36,28.36,2468.0
2026-08-07,2026-08-07 11:30:00,28.39,28.455,28.24,28.24,52130.0
2026-08-07,2026-08-07 11:35:00,28.23,28.38,28.23,28.36,7823.0
2026-08-07,2026-08-07 11:40:00,28.32,28.35,28.32,28.34,3510.0
2026-08-07,2026-08-07 11:45:00,28.35,28.37,28.33,28.355,20251.0
2026-08-07,2026-08-07 11:50:00,28.34,28.46,28.31,28.46,6225.0
2026-08-07,2026-08-07 11:55:00,28.45,28.48,28.39,28.39,9705.0
2026-08-07,2026-08-07 12:00:00,28.385,28.385,28.38,28.38,1746.0
2026-08-07,2026-08-07 12:05:00,28.4,28.405,28.4,28.4,3343.0
2026-08-07,2026-08-07 12:10:00,28.4,28.48,28.39,28.39,40680.0
2026-08-07,2026-08-07 12:15:00,28.37,28.37,28.37,28.37,1517.0
2026-08-07,2026-08-07 12:20:00,28.37,28.39,28.32,28.32,4389.0
2026-08-07,2026-08-07 12:25:00,28.26,28.35,28.225,28.27,8324.0
2026-08-07,2026-08-07 12:30:00,28.25,28.265,28.23,28.255,3039.0
2026-08-07,2026-08-07 12:35:00,28.19,28.23,28.19,28.23,2410.0
2026-08-07,2026-08-07 12:40:00,28.215,28.215,28.2,28.2,1487.0
2026-08-07,2026-08-07 12:45:00,28.21,28.285,28.21,28.285,9331.0
2026-08-07,2026-08-07 12:50:00,28.29,28.29,28.26,28.27,4267.0
2026-08-07,2026-08-07 12:55:00,28.26,28.26,28.21,28.21,2771.0
2026-08-07,2026-08-07 13:00:00,28.23,28.23,28.19,28.19,5376.0
2026-08-07,2026-08-07 13:05:00,28.16,28.19,28.15,28.18,5186.0
2026-08-07,2026-08-07 13:10:00,28.185,28.185,28.16,28.16,1672.0
2026-08-07,2026-08-07 13:15:00,28.165,28.165,28.12,28.125,5268.0
2026-08-07,2026-08-07 13:20:00,28.15,28.2,28.15,28.19,2709.0
2026-08-07,2026-08-07 13:25:00,28.18,28.23,28.18,28.185,5556.0
2026-08-07,2026-08-07 13:30:00,28.18,28.2,28.155,28.2,7898.0
2026-08-07,2026-08-07 13:35:00,28.2,28.3,28.2,28.27,17888.0
2026-08-07,2026-08-07 13:40:00,28.29,28.35,28.28,28.31,4004.0
2026-08-07,2026-08-07 13:45:00,28.31,28.33,28.29,28.32,19576.0
2026-08-07,2026-08-07 13:50:00,28.34,28.34,28.34,28.34,1179.0
2026-08-07,2026-08-07 13:55:00,28.39,28.4,28.26,28.26,8605.0
2026-08-07,2026-08-07 14:00:00,28.235,28.28,28.235,28.25,25848.0
2026-08-07,2026-08-07 14:05:00,28.24,28.26,28.225,28.25,6848.0
2026-08-07,2026-08-07 14:10:00,28.25,28.25,28.16,28.16,4636.0
2026-08-07,2026-08-07 14:15:00,28.16,28.17,28.05,28.05,6556.0
2026-08-07,2026-08-07 14:20:00,28.045,28.07,28.0101,28.06,5735.0
2026-08-07,2026-08-07 14:25:00,28.08,28.28,28.07,28.28,34069.0
2026-08-07,2026-08-07 14:30:00,28.31,28.57,28.31,28.4,55809.0
2026-08-07,2026-08-07 14:35:00,28.395,28.395,28.26,28.28,35427.0
2026-08-07,2026-08-07 14:40:00,28.25,28.405,28.25,28.385,17824.0
2026-08-07,2026-08-07 14:45:00,28.41,28.4425,28.3,28.33,10350.0
2026-08-07,2026-08-07 14:50:00,28.33,28.445,28.33,28.445,2927.0
2026-08-07,2026-08-07 14:55:00,28.43,28.46,28.41,28.44,12479.0
2026-08-07,2026-08-07 15:00:00,28.41,28.46,28.395,28.46,6734.0
2026-08-07,2026-08-07 15:05:00,28.44,28.51,28.42,28.42,11771.0
2026-08-07,2026-08-07 15:10:00,28.38,28.47,28.355,28.435,6012.0
2026-08-07,2026-08-07 15:15:00,28.425,28.425,28.39,28.39,3559.0
2026-08-07,2026-08-07 15:20:00,28.4,28.42,28.4,28.42,2353.0
2026-08-07,2026-08-07 15:25:00,28.42,28.485,28.4,28.41,7249.0
2026-08-07,2026-08-07 15:30:00,28.42,28.44,28.4,28.42,3974.0
2026-08-07,2026-08-07 15:35:00,28.42,28.45,28.42,28.45,6717.0
2026-08-07,2026-08-07 15:40:00,28.46,28.49,28.4,28.4,13007.0
2026-08-07,2026-08-07 15:45:00,28.36,28.43,28.36,28.43,7538.0
2026-08-07,2026-08-07 15:50:00,28.435,28.62,28.435,28.62,18614.0
2026-08-07,2026-08-07 15:55:00,28.63,28.82,28.63,28.75,33350.0
2026-08-07,2026-08-07 16:00:00,28.76,28.76,28.61,28.62,256500.0
2026-08-10,2026-08-10 09:35:00,28.38,29.0,28.38,28.53,24543.0
2026-08-10,2026-08-10 09:40:00,28.685,28.91,28.45,28.5,9706.0
2026-08-10,2026-08-10 09:45:00,28.5,28.8572,28.48,28.57,19113.0
2026-08-10,2026-08-10 09:50:00,28.56,28.755,28.555,28.755,9744.0
2026-08-10,2026-08-10 09:55:00,28.755,28.755,28.62,28.735,10336.0
2026-08-10,2026-08-10 10:00:00,28.74,28.74,28.52,28.6,13507.0
2026-08-10,2026-08-10 10:05:00,28.59,28.7099,28.49,28.615,6670.0
2026-08-10,2026-08-10 10:10:00,28.56,28.625,28.46,28.48,4004.0
2026-08-10,2026-08-10 10:15:00,28.57,28.85,28.5645,28.61,19515.0
2026-08-10,2026-08-10 10:20:00,28.62,28.83,28.615,28.83,19455.0
2026-08-10,2026-08-10 10:25:00,28.88,28.91,28.74,28.78,8294.0
2026-08-10,2026-08-10 10:30:00,28.78,28.94,28.74,28.94,14411.0
2026-08-10,2026-08-10 10:35:00,28.7758,28.875,28.42,28.55,24864.0
2026-08-10,2026-08-10 10:40:00,28.58,28.58,28.4,28.44,9554.0
2026-08-10,2026-08-10 10:45:00,28.49,28.55,28.4664,28.47,6034.0
2026-08-10,2026-08-10 10:50:00,28.42,28.53,28.42,28.53,3524.0
2026-08-10,2026-08-10 10:55:00,28.58,28.66,28.58,28.66,3126.0
2026-08-10,2026-08-10 11:00:00,28.67,28.7,28.6,28.7,10140.0
2026-08-10,2026-08-10 11:05:00,28.71,28.73,28.655,28.73,3651.0
2026-08-10,2026-08-10 11:10:00,28.75,28.84,28.72,28.72,6110.0
2026-08-10,2026-08-10 11:15:00,28.695,28.78,28.695,28.78,1924.0
2026-08-10,2026-08-10 11:20:00,28.7739,28.81,28.7739,28.81,2652.0
2026-08-10,2026-08-10 11:25:00,28.79,28.93,28.79,28.865,6806.0
2026-08-10,2026-08-10 11:30:00,28.82,28.865,28.72,28.72,4519.0
2026-08-10,2026-08-10 11:35:00,28.72,28.75,28.69,28.73,3761.0
2026-08-10,2026-08-10 11:40:00,28.715,28.72,28.545,28.66,10013.0
2026-08-10,2026-08-10 11:45:00,28.62,28.62,28.6,28.61,1480.0
2026-08-10,2026-08-10 11:50:00,28.61,28.625,28.58,28.6,4197.0
2026-08-10,2026-08-10 11:55:00,28.66,28.665,28.6,28.63,4909.0
2026-08-10,2026-08-10 12:00:00,28.59,28.615,28.55,28.61,3930.0
2026-08-10,2026-08-10 12:05:00,28.57,28.57,28.5,28.55,2504.0
2026-08-10,2026-08-10 12:10:00,28.6,28.6,28.54,28.56,4321.0
2026-08-10,2026-08-10 12:15:00,28.56,28.58,28.5374,28.5374,2834.0
2026-08-10,2026-08-10 12:20:00,28.53,28.56,28.51,28.55,5650.0
2026-08-10,2026-08-10 12:25:00,28.53,28.6,28.53,28.6,2788.0
2026-08-10,2026-08-10 12:30:00,28.62,28.62,28.54,28.54,3491.0
2026-08-10,2026-08-10 12:35:00,28.56,28.56,28.45,28.53,6358.0
2026-08-10,2026-08-10 12:40:00,28.59,28.6,28.59,28.6,1559.0
2026-08-10,2026-08-10 12:45:00,28.59,28.605,28.59,28.605,2752.0
2026-08-10,2026-08-10 12:50:00,28.51,28.57,28.51,28.57,2998.0
2026-08-10,2026-08-10 12:55:00,28.57,28.57,28.53,28.53,2161.0
2026-08-10,2026-08-10 13:00:00,28.55,28.59,28.54,28.59,3973.0
2026-08-10,2026-08-10 13:05:00,28.57,28.575,28.525,28.525,5157.0
2026-08-10,2026-08-10 13:10:00,28.56,28.56,28.49,28.495,4024.0
2026-08-10,2026-08-10 13:15:00,28.54,28.56,28.535,28.56,2688.0
2026-08-10,2026-08-10 13:20:00,28.56,28.61,28.56,28.59,4370.0
2026-08-10,2026-08-10 13:25:00,28.59,28.59,28.56,28.5775,5943.0
2026-08-10,2026-08-10 13:30:00,28.6,28.715,28.5999,28.71,20363.0
2026-08-10,2026-08-10 13:35:00,28.729,28.85,28.68,28.78,24380.0
2026-08-10,2026-08-10 13:40:00,28.78,28.87,28.78,28.84,18336.0
2026-08-10,2026-08-10 13:45:00,28.825,28.85,28.82,28.83,5764.0
2026-08-10,2026-08-10 13:50:00,28.8399,28.86,28.77,28.795,8815.0
2026-08-10,2026-08-10 13:55:00,28.77,28.8,28.73,28.8,8319.0
2026-08-10,2026-08-10 14:00:00,28.76,28.76,28.69,28.71,9957.0
2026-08-10,2026-08-10 14:05:00,28.675,28.68,28.635,28.65,6411.0
2026-08-10,2026-08-10 14:10:00,28.66,28.66,28.59,28.605,5127.0
2026-08-10,2026-08-10 14:15:00,28.65,28.68,28.63,28.64,6274.0
2026-08-10,2026-08-10 14:20:00,28.65,28.67,28.645,28.6611,2207.0
2026-08-10,2026-08-10 14:25:00,28.645,28.67,28.59,28.64,8639.0
2026-08-10,2026-08-10 14:30:00,28.69,28.69,28.66,28.66,3918.0
2026-08-10,2026-08-10 14:35:00,28.66,28.69,28.65,28.67,6769.0
2026-08-10,2026-08-10 14:40:00,28.6999,28.6999,28.63,28.68,4420.0
2026-08-10,2026-08-10 14:45:00,28.685,28.685,28.61,28.63,8402.0
2026-08-10,2026-08-10 14:50:00,28.61,28.635,28.605,28.63,3864.0
2026-08-10,2026-08-10 14:55:00,28.64,28.68,28.64,28.68,3416.0
2026-08-10,2026-08-10 15:00:00,28.69,28.74,28.685,28.74,6203.0
2026-08-10,2026-08-10 15:05:00,28.71,28.72,28.7,28.705,6029.0
2026-08-10,2026-08-10 15:10:00,28.73,28.75,28.72,28.725,5153.0
2026-08-10,2026-08-10 15:15:00,28.73,28.73,28.69,28.73,8346.0
2026-08-10,2026-08-10 15:20:00,28.715,28.77,28.6825,28.77,5953.0
2026-08-10,2026-08-10 15:25:00,28.78,28.84,28.78,28.83,6730.0
2026-08-10,2026-08-10 15:30:00,28.85,28.95,28.83,28.9,13153.0
2026-08-10,2026-08-10 15:35:00,28.89,29.0,28.89,28.95,17616.0
2026-08-10,2026-08-10 15:40:00,28.97,29.03,28.78,28.78,46989.0
2026-08-10,2026-08-10 15:45:00,28.76,28.81,28.745,28.81,17456.0
2026-08-10,2026-08-10 15:50:00,28.82,28.9,28.79,28.82,10053.0
2026-08-10,2026-08-10 15:55:00,28.805,28.83,28.74,28.77,15946.0
2026-08-10,2026-08-10 16:00:00,28.77,28.83,28.66,28.72,228977.0
2026-08-11,2026-08-11 09:35:00,28.82,29.345,28.185,28.185,16880.0
2026-08-11,2026-08-11 09:40:00,28.185,28.51,28.05,28.07,4833.0
2026-08-11,2026-08-11 09:45:00,28.235,28.375,28.07,28.375,2533.0
2026-08-11,2026-08-11 09:50:00,28.49,28.77,28.48,28.77,3458.0
2026-08-11,2026-08-11 09:55:00,28.64,28.91,28.63,28.79,4491.0
2026-08-11,2026-08-11 10:00:00,28.65,28.77,28.54,28.565,6657.0
2026-08-11,2026-08-11 10:05:00,28.545,28.545,28.43,28.455,5033.0
2026-08-11,2026-08-11 10:10:00,28.45,28.46,28.35,28.35,10834.0
2026-08-11,2026-08-11 10:15:00,28.35,28.35,28.15,28.15,13344.0
2026-08-11,2026-08-11 10:20:00,28.05,28.23,27.95,27.955,8116.0
2026-08-11,2026-08-11 10:25:00,27.95,28.2,27.95,28.185,7970.0
2026-08-11,2026-08-11 10:30:00,28.21,28.21,28.05,28.13,6737.0
2026-08-11,2026-08-11 10:35:00,28.24,28.255,28.19,28.19,2237.0
2026-08-11,2026-08-11 10:40:00,28.17,28.23,28.11,28.11,6267.0
2026-08-11,2026-08-11 10:45:00,28.1753,28.24,28.17,28.23,3177.0
2026-08-11,2026-08-11 10:50:00,28.26,28.32,28.255,28.32,3690.0
2026-08-11,2026-08-11 10:55:00,28.36,28.45,28.35,28.45,4259.0
2026-08-11,2026-08-11 11:00:00,28.485,28.56,28.47,28.535,5834.0
2026-08-11,2026-08-11 11:05:00,28.52,28.52,28.44,28.51,5290.0
2026-08-11,2026-08-11 11:10:00,28.53,28.53,28.49,28.49,3701.0
2026-08-11,2026-08-11 11:15:00,28.54,28.54,28.45,28.465,29716.0
2026-08-11,2026-08-11 11:20:00,28.455,28.48,28.4,28.435,4731.0
2026-08-11,2026-08-11 11:25:00,28.43,28.45,28.4,28.42,5063.0
2026-08-11,2026-08-11 11:30:00,28.38,28.39,28.335,28.37,4180.0
2026-08-11,2026-08-11 11:35:00,28.365,28.37,28.33,28.34,3897.0
2026-08-11,2026-08-11 11:40:00,28.34,28.36,28.26,28.32,7736.0
2026-08-11,2026-08-11 11:45:00,28.34,28.35,28.29,28.35,11264.0
2026-08-11,2026-08-11 11:50:00,28.39,28.44,28.38,28.44,2109.0
2026-08-11,2026-08-11 11:55:00,28.43,28.43,28.39,28.4,2657.0
2026-08-11,2026-08-11 12:00:00,28.39,28.41,28.39,28.3951,2209.0
2026-08-11,2026-08-11 12:05:00,28.39,28.39,28.34,28.36,3527.0
2026-08-11,2026-08-11 12:10:00,28.36,28.36,28.3,28.31,7661.0
2026-08-11,2026-08-11 12:15:00,28.28,28.31,28.28,28.3,2960.0
2026-08-11,2026-08-11 12:20:00,28.31,28.37,28.3,28.37,4009.0
2026-08-11,2026-08-11 12:25:00,28.36,28.46,28.35,28.415,5746.0
2026-08-11,2026-08-11 12:30:00,28.4,28.45,28.39,28.39,3214.0
2026-08-11,2026-08-11 12:35:00,28.42,28.42,28.42,28.42,1596.0
2026-08-11,2026-08-11 12:40:00,28.415,28.44,28.415,28.43,1535.0
2026-08-11,2026-08-11 12:45:00,28.45,28.56,28.45,28.56,54164.0
2026-08-11,2026-08-11 12:50:00,28.6,28.65,28.57,28.63,3578.0
2026-08-11,2026-08-11 12:55:00,28.675,28.75,28.675,28.73,3962.0
2026-08-11,2026-08-11 13:00:00,28.73,28.73,28.7,28.73,2454.0
2026-08-11,2026-08-11 13:05:00,28.73,28.81,28.73,28.81,6149.0
2026-08-11,2026-08-11 13:10:00,28.82,28.82,28.78,28.81,5820.0
2026-08-11,2026-08-11 13:15:00,28.83,28.85,28.83,28.83,2036.0
2026-08-11,2026-08-11 13:20:00,28.83,28.87,28.83,28.87,3394.0
2026-08-11,2026-08-11 13:25:00,28.88,28.91,28.86,28.865,9749.0
2026-08-11,2026-08-11 13:30:00,28.88,28.88,28.85,28.85,3433.0
2026-08-11,2026-08-11 13:35:00,28.84,28.91,28.84,28.905,15946.0
2026-08-11,2026-08-11 13:40:00,28.91,28.91,28.8,28.8,6019.0
2026-08-11,2026-08-11 13:45:00,28.81,28.86,28.8,28.83,7135.0
2026-08-11,2026-08-11 13:50:00,28.91,28.91,28.8671,28.87,3701.0
2026-08-11,2026-08-11 13:55:00,28.865,28.865,28.83,28.865,2181.0
2026-08-11,2026-08-11 14:00:00,28.83,28.87,28.8,28.87,4871.0
2026-08-11,2026-08-11 14:05:00,28.825,28.87,28.7809,28.7809,3865.0
2026-08-11,2026-08-11 14:10:00,28.8,28.88,28.8,28.88,8806.0
2026-08-11,2026-08-11 14:15:00,28.89,28.97,28.87,28.935,11491.0
2026-08-11,2026-08-11 14:20:00,28.91,28.9706,28.91,28.965,5399.0
2026-08-11,2026-08-11 14:25:00,28.965,28.965,28.88,28.91,3881.0
2026-08-11,2026-08-11 14:30:00,28.885,28.91,28.84,28.855,7170.0
2026-08-11,2026-08-11 14:35:00,28.86,28.885,28.75,28.755,14379.0
2026-08-11,2026-08-11 14:40:00,28.78,28.8011,28.78,28.8011,3569.0
2026-08-11,2026-08-11 14:45:00,28.81,28.84,28.805,28.825,5535.0
2026-08-11,2026-08-11 14:50:00,28.86,28.9,28.85,28.89,7060.0
2026-08-11,2026-08-11 14:55:00,28.89,28.91,28.865,28.91,9768.0
2026-08-11,2026-08-11 15:00:00,28.94,28.95,28.92,28.94,5490.0
2026-08-11,2026-08-11 15:05:00,28.92,28.9425,28.825,28.825,10336.0
2026-08-11,2026-08-11 15:10:00,28.83,28.89,28.815,28.82,5564.0
2026-08-11,2026-08-11 15:15:00,28.82,28.8275,28.775,28.775,5024.0
2026-08-11,2026-08-11 15:20:00,28.78,28.96,28.78,28.87,15813.0
2026-08-11,2026-08-11 15:25:00,28.85,28.93,28.85,28.89,8314.0
2026-08-11,2026-08-11 15:30:00,28.88,28.89,28.79,28.85,12992.0
2026-08-11,2026-08-11 15:35:00,28.87,28.87,28.74,28.77,14998.0
2026-08-11,2026-08-11 15:40:00,28.74,28.75,28.67,28.75,9452.0
2026-08-11,2026-08-11 15:45:00,28.71,28.74,28.6725,28.71,10823.0
2026-08-11,2026-08-11 15:50:00,28.71,28.72,28.66,28.66,14239.0
2026-08-11,2026-08-11 15:55:00,28.68,28.77,28.67,28.74,18755.0
2026-08-11,2026-08-11 16:00:00,28.75,28.83,28.69,28.74,172404.0
2026-08-12,2026-08-12 09:35:00,28.87,28.93,28.87,28.925,7337.0
2026-08-12,2026-08-12 09:40:00,28.925,28.98,28.76,28.76,1520.0
2026-08-12,2026-08-12 09:45:00,28.67,28.96,28.67,28.82,15093.0
2026-08-12,2026-08-12 09:50:00,28.82,28.96,28.775,28.88,20054.0
2026-08-12,2026-08-12 09:55:00,28.91,28.99,28.88,28.94,13412.0
2026-08-12,2026-08-12 10:00:00,28.93,28.93,28.86,28.93,3229.0
2026-08-12,2026-08-12 10:05:00,28.89,28.97,28.89,28.95,8146.0
2026-08-12,2026-08-12 10:10:00,29.0,29.0,28.89,28.935,18152.0
2026-08-12,2026-08-12 10:15:00,28.88,28.88,28.79,28.8,6044.0
2026-08-12,2026-08-12 10:20:00,28.74,28.81,28.73,28.81,2207.0
2026-08-12,2026-08-12 10:25:00,28.805,28.88,28.805,28.88,728.0
2026-08-12,2026-08-12 10:30:00,28.74,28.8,28.67,28.75,10333.0
2026-08-12,2026-08-12 10:35:00,28.785,28.785,28.73,28.73,2945.0
2026-08-12,2026-08-12 10:40:00,28.735,28.81,28.685,28.7,4019.0
2026-08-12,2026-08-12 10:45:00,28.775,28.88,28.775,28.87,4864.0
2026-08-12,2026-08-12 10:50:00,28.93,28.99,28.9,28.99,2413.0
2026-08-12,2026-08-12 10:55:00,29.0,29.0,28.96,28.98,5545.0
2026-08-12,2026-08-12 11:00:00,28.99,28.99,28.96,28.97,2314.0
2026-08-12,2026-08-12 11:05:00,28.955,28.955,28.87,28.88,4229.0
2026-08-12,2026-08-12 11:10:00,28.9,28.97,28.9,28.97,5040.0
2026-08-12,2026-08-12 11:15:00,28.94,29.0,28.94,29.0,2095.0
2026-08-12,2026-08-12 11:20:00,28.965,28.97,28.94,28.96,3221.0
2026-08-12,2026-08-12 11:25:00,28.955,28.96,28.92,28.93,5424.0
2026-08-12,2026-08-12 11:30:00,28.945,28.98,28.945,28.955,6508.0
2026-08-12,2026-08-12 11:35:00,28.97,29.1,28.955,29.1,29759.0
2026-08-12,2026-08-12 11:40:00,29.12,29.12,29.08,29.08,2236.0
2026-08-12,2026-08-12 11:45:00,29.1,29.13,29.1,29.11,2858.0
2026-08-12,2026-08-12 11:50:00,29.11,29.11,29.04,29.07,4715.0
2026-08-12,2026-08-12 11:55:00,29.06,29.0749,29.04,29.0749,1780.0
2026-08-12,2026-08-12 12:00:00,29.09,29.2328,29.04,29.2328,9846.0
2026-08-12,2026-08-12 12:05:00,29.17,29.22,29.17,29.22,1457.0
2026-08-12,2026-08-12 12:10:00,29.25,29.25,29.2,29.24,6162.0
2026-08-12,2026-08-12 12:15:00,29.2,29.2,29.2,29.2,1797.0
2026-08-12,2026-08-12 12:20:00,29.2,29.2,29.16,29.16,2230.0
2026-08-12,2026-08-12 12:25:00,29.16,29.16,29.16,29.16,577.0
2026-08-12,2026-08-12 12:30:00,29.17,29.185,29.15,29.15,2912.0
2026-08-12,2026-08-12 12:35:00,29.14,29.14,29.095,29.13,7037.0
2026-08-12,2026-08-12 12:40:00,29.15,29.15,29.15,29.15,1130.0
2026-08-12,2026-08-12 12:45:00,29.11,29.11,29.07,29.07,1944.0
2026-08-12,2026-08-12 12:50:00,29.0717,29.09,29.06,29.09,2181.0
2026-08-12,2026-08-12 12:55:00,29.03,29.03,29.0,29.03,4224.0
2026-08-12,2026-08-12 13:00:00,29.04,29.055,29.02,29.04,2455.0
2026-08-12,2026-08-12 13:05:00,29.01,29.03,28.93,28.98,62363.0
2026-08-12,2026-08-12 13:10:00,28.95,29.055,28.95,29.035,7966.0
2026-08-12,2026-08-12 13:15:00,29.035,29.035,28.925,29.0,56173.0
2026-08-12,2026-08-12 13:20:00,28.99,29.0,28.96,29.0,4568.0
2026-08-12,2026-08-12 13:25:00,29.02,29.02,28.96,28.98,2291.0
2026-08-12,2026-08-12 13:30:00,29.0,29.08,29.0,29.055,4749.0
2026-08-12,2026-08-12 13:35:00,29.055,29.11,29.055,29.085,6976.0
2026-08-12,2026-08-12 13:40:00,29.085,29.085,28.98,28.995,6092.0
2026-08-12,2026-08-12 13:45:00,28.97,28.97,28.9,28.9,2724.0
2026-08-12,2026-08-12 13:50:00,28.875,28.92,28.87,28.92,6436.0
2026-08-12,2026-08-12 13:55:00,28.92,28.925,28.91,28.91,2346.0
2026-08-12,2026-08-12 14:00:00,28.91,28.91,28.8124,28.89,4900.0
2026-08-12,2026-08-12 14:05:00,28.89,28.93,28.86,28.93,4401.0
2026-08-12,2026-08-12 14:10:00,28.95,28.97,28.945,28.945,3500.0
2026-08-12,2026-08-12 14:15:00,28.96,29.005,28.96,28.9651,4192.0
2026-08-12,2026-08-12 14:20:00,28.94,28.955,28.92,28.92,3307.0
2026-08-12,2026-08-12 14:25:00,28.92,28.97,28.92,28.97,4042.0
2026-08-12,2026-08-12 14:30:00,28.98,28.98,28.93,28.93,4619.0
2026-08-12,2026-08-12 14:35:00,28.925,28.925,28.9,28.92,4311.0
2026-08-12,2026-08-12 14:40:00,28.925,28.945,28.92,28.945,3012.0
2026-08-12,2026-08-12 14:45:00,28.935,28.955,28.87,28.955,5415.0
2026-08-12,2026-08-12 14:50:00,28.955,28.98,28.955,28.98,4133.0
2026-08-12,2026-08-12 14:55:00,28.98,29.0,28.9,28.92,12476.0
2026-08-12,2026-08-12 15:00:00,28.92,28.985,28.91,28.96,15178.0
2026-08-12,2026-08-12 15:05:00,28.96,28.98,28.92,28.98,9201.0
2026-08-12,2026-08-12 15:10:00,28.965,28.99,28.96,28.97,4919.0
2026-08-12,2026-08-12 15:15:00,28.97,29.0,28.91,28.92,22505.0
2026-08-12,2026-08-12 15:20:00,28.925,28.96,28.92,28.96,4802.0
2026-08-12,2026-08-12 15:25:00,29.0,29.03,28.915,28.915,38544.0
2026-08-12,2026-08-12 15:30:00,28.91,28.94,28.87,28.88,5490.0
2026-08-12,2026-08-12 15:35:00,28.91,28.92,28.83,28.83,8926.0
2026-08-12,2026-08-12 15:40:00,28.83,28.87,28.81,28.86,10934.0
2026-08-12,2026-08-12 15:45:00,28.85,28.925,28.85,28.91,14259.0
2026-08-12,2026-08-12 15:50:00,28.895,28.895,28.81,28.82,12785.0
2026-08-12,2026-08-12 15:55:00,28.8,28.91,28.72,28.9,28695.0
2026-08-12,2026-08-12 16:00:00,28.9,28.98,28.82,28.96,264481.0
2026-08-13,2026-08-13 09:35:00,29.13,29.13,28.79,28.945,17533.0
2026-08-13,2026-08-13 09:40:00,28.945,29.15,28.945,29.135,19547.0
2026-08-13,2026-08-13 09:45:00,29.2,29.2,28.79,28.79,4676.0
2026-08-13,2026-08-13 09:50:00,28.88,28.88,28.88,28.88,2308.0
2026-08-13,2026-08-13 09:55:00,28.91,28.92,28.725,28.785,5865.0
2026-08-13,2026-08-13 10:00:00,28.75,28.89,28.615,28.85,10357.0
2026-08-13,2026-08-13 10:05:00,28.885,28.885,28.6801,28.8,8645.0
2026-08-13,2026-08-13 10:10:00,28.82,28.94,28.79,28.835,7485.0
2026-08-13,2026-08-13 10:15:00,28.835,28.835,28.835,28.835,613.0
2026-08-13,2026-08-13 10:20:00,28.835,28.87,28.77,28.87,2913.0
2026-08-13,2026-08-13 10:25:00,28.86,28.915,28.85,28.9,4131.0
2026-08-13,2026-08-13 10:30:00,28.89,28.96,28.86,28.9,7538.0
2026-08-13,2026-08-13 10:35:00,28.91,28.91,28.82,28.855,1296.0
2026-08-13,2026-08-13 10:40:00,28.88,28.905,28.88,28.905,2352.0
2026-08-13,2026-08-13 10:45:00,28.905,28.94,28.88,28.9,2710.0
2026-08-13,2026-08-13 10:50:00,28.94,28.94,28.9,28.91,2746.0
2026-08-13,2026-08-13 10:55:00,28.9,28.9,28.81,28.85,11534.0
2026-08-13,2026-08-13 11:00:00,28.87,28.9,28.855,28.87,2279.0
2026-08-13,2026-08-13 11:05:00,28.91,28.96,28.91,28.94,2675.0
2026-08-13,2026-08-13 11:10:00,28.96,29.08,28.945,29.045,35678.0
2026-08-13,2026-08-13 11:15:00,29.045,29.14,29.045,29.14,3987.0
2026-08-13,2026-08-13 11:20:00,29.09,29.12,28.99,28.99,4756.0
2026-08-13,2026-08-13 11:25:00,29.0018,29.0018,28.89,28.89,3923.0
2026-08-13,2026-08-13 11:30:00,28.91,28.91,28.72,28.75,4266.0
2026-08-13,2026-08-13 11:35:00,28.785,28.84,28.75,28.83,11708.0
2026-08-13,2026-08-13 11:40:00,28.85,28.86,28.8,28.83,2717.0
2026-08-13,2026-08-13 11:45:00,28.84,28.84,28.76,28.76,5514.0
2026-08-13,2026-08-13 11:50:00,28.7494,28.79,28.74,28.77,3505.0
2026-08-13,2026-08-13 11:55:00,28.8,28.83,28.78,28.83,3841.0
2026-08-13,2026-08-13 12:00:00,28.86,28.95,28.86,28.91,2303.0
2026-08-13,2026-08-13 12:05:00,28.91,29.14,28.88,29.08,41159.0
2026-08-13,2026-08-13 12:10:00,29.03,29.08,29.02,29.055,7477.0
2026-08-13,2026-08-13 12:15:00,29.04,29.07,29.03,29.03,3278.0
2026-08-13,2026-08-13 12:20:00,29.01,29.14,28.98,29.14,33843.0
2026-08-13,2026-08-13 12:25:00,29.11,29.18,29.07,29.15,34221.0
2026-08-13,2026-08-13 12:30:00,29.15,29.19,29.14,29.19,5779.0
2026-08-13,2026-08-13 12:35:00,29.19,29.3,29.19,29.24,7554.0
2026-08-13,2026-08-13 12:40:00,29.23,29.26,29.23,29.26,1793.0
2026-08-13,2026-08-13 12:45:00,29.25,29.255,29.21,29.225,12303.0
2026-08-13,2026-08-13 12:50:00,29.225,29.225,29.145,29.18,9973.0
2026-08-13,2026-08-13 12:55:00,29.19,29.215,29.155,29.165,9724.0
2026-08-13,2026-08-13 13:00:00,29.11,29.13,29.095,29.13,4307.0
2026-08-13,2026-08-13 13:05:00,29.14,29.16,29.13,29.13,1750.0
2026-08-13,2026-08-13 13:10:00,29.15,29.16,29.08,29.08,13747.0
2026-08-13,2026-08-13 13:15:00,29.05,29.06,29.03,29.06,1996.0
2026-08-13,2026-08-13 13:20:00,29.04,29.06,29.04,29.06,2549.0
2026-08-13,2026-08-13 13:25:00,29.045,29.1,29.03,29.045,9547.0
2026-08-13,2026-08-13 13:30:00,29.045,29.07,29.0,29.05,27583.0
2026-08-13,2026-08-13 13:35:00,29.07,29.27,29.04,29.2,86562.0
2026-08-13,2026-08-13 13:40:00,29.2,29.22,29.1,29.13,54548.0
2026-08-13,2026-08-13 13:45:00,29.16,29.17,29.11,29.12,5803.0
2026-08-13,2026-08-13 13:50:00,29.09,29.09,29.005,29.01,7757.0
2026-08-13,2026-08-13 13:55:00,29.03,29.08,28.99,29.0,11839.0
2026-08-13,2026-08-13 14:00:00,28.965,29.02,28.96,29.02,5225.0
2026-08-13,2026-08-13 14:05:00,29.02,29.02,28.955,28.98,4646.0
2026-08-13,2026-08-13 14:10:00,28.95,28.95,28.92,28.92,1825.0
2026-08-13,2026-08-13 14:15:00,28.88,28.88,28.85,28.88,4302.0
2026-08-13,2026-08-13 14:20:00,28.87,28.9,28.87,28.89,2983.0
2026-08-13,2026-08-13 14:25:00,28.9,28.905,28.885,28.885,2722.0
2026-08-13,2026-08-13 14:30:00,28.84,28.85,28.82,28.83,4094.0
2026-08-13,2026-08-13 14:35:00,28.835,28.835,28.8,28.81,4201.0
2026-08-13,2026-08-13 14:40:00,28.78,28.79,28.76,28.785,4094.0
2026-08-13,2026-08-13 14:45:00,28.78,28.8,28.75,28.8,7155.0
2026-08-13,2026-08-13 14:50:00,28.8,28.855,28.8,28.855,4134.0
2026-08-13,2026-08-13 14:55:00,28.86,28.87,28.83,28.85,5214.0
2026-08-13,2026-08-13 15:00:00,28.87,28.94,28.87,28.89,4762.0
2026-08-13,2026-08-13 15:05:00,28.89,28.92,28.89,28.89,2777.0
2026-08-13,2026-08-13 15:10:00,28.87,28.93,28.87,28.88,7516.0
2026-08-13,2026-08-13 15:15:00,28.86,28.89,28.83,28.865,5459.0
2026-08-13,2026-08-13 15:20:00,28.85,28.865,28.81,28.81,8544.0
2026-08-13,2026-08-13 15:25:00,28.825,28.825,28.73,28.77,7086.0
2026-08-13,2026-08-13 15:30:00,28.76,28.77,28.73,28.74,5046.0
2026-08-13,2026-08-13 15:35:00,28.74,28.75,28.69,28.705,9141.0
2026-08-13,2026-08-13 15:40:00,28.72,28.78,28.7151,28.75,12441.0
2026-08-13,2026-08-13 15:45:00,28.765,28.765,28.7,28.72,13058.0
2026-08-13,2026-08-13 15:50:00,28.71,28.78,28.68,28.74,23106.0
2026-08-13,2026-08-13 15:55:00,28.72,28.75,28.67,28.73,14278.0
2026-08-13,2026-08-13 16:00:00,28.73,28.88,28.73,28.86,218212.0
2026-08-14,2026-08-14 09:35:00,28.55,28.595,28.25,28.55,8849.0
2026-08-14,2026-08-14 09:40:00,28.29,28.335,28.2,28.22,2754.0
2026-08-14,2026-08-14 09:45:00,28.2,28.32,28.15,28.245,3486.0
2026-08-14,2026-08-14 09:50:00,28.255,28.35,27.97,28.105,5761.0
2026-08-14,2026-08-14 09:55:00,28.115,28.29,28.115,28.205,2617.0
2026-08-14,2026-08-14 10:00:00,28.26,28.44,28.21,28.2201,9977.0
2026-08-14,2026-08-14 10:05:00,28.22,28.22,28.088,28.18,6986.0
2026-08-14,2026-08-14 10:10:00,28.24,28.42,28.24,28.255,2397.0
2026-08-14,2026-08-14 10:15:00,28.38,28.53,28.33,28.465,9966.0
2026-08-14,2026-08-14 10:20:00,28.43,28.54,28.395,28.535,7725.0
2026-08-14,2026-08-14 10:25:00,28.4828,28.58,28.4828,28.53,5813.0
2026-08-14,2026-08-14 10:30:00,28.55,28.55,28.46,28.525,14126.0
2026-08-14,2026-08-14 10:35:00,28.52,28.53,28.43,28.495,4452.0
2026-08-14,2026-08-14 10:40:00,28.5,28.54,28.41,28.41,2125.0
2026-08-14,2026-08-14 10:45:00,28.395,28.5,28.395,28.5,7882.0
2026-08-14,2026-08-14 10:50:00,28.55,28.55,28.465,28.465,4924.0
2026-08-14,2026-08-14 10:55:00,28.475,28.58,28.475,28.58,6662.0
2026-08-14,2026-08-14 11:00:00,28.555,28.57,28.52,28.53,2492.0
2026-08-14,2026-08-14 11:05:00,28.56,28.68,28.56,28.625,4188.0
2026-08-14,2026-08-14 11:10:00,28.66,28.66,28.585,28.625,11106.0
2026-08-14,2026-08-14 11:15:00,28.625,28.65,28.61,28.625,1623.0
2026-08-14,2026-08-14 11:20:00,28.66,28.73,28.66,28.69,3196.0
2026-08-14,2026-08-14 11:25:00,28.75,28.75,28.73,28.75,1878.0
2026-08-14,2026-08-14 11:30:00,28.725,28.73,28.67,28.67,8199.0
2026-08-14,2026-08-14 11:35:00,28.695,28.72,28.55,28.55,18067.0
2026-08-14,2026-08-14 11:40:00,28.555,28.58,28.485,28.5,14180.0
2026-08-14,2026-08-14 11:45:00,28.5,28.52,28.48,28.5,5629.0
2026-08-14,2026-08-14 11:50:00,28.53,28.535,28.43,28.44,15061.0
2026-08-14,2026-08-14 11:55:00,28.43,28.48,28.405,28.44,4597.0
2026-08-14,2026-08-14 12:00:00,28.44,28.45,28.43,28.445,2608.0
2026-08-14,2026-08-14 12:05:00,28.46,28.5,28.45,28.48,7821.0
2026-08-14,2026-08-14 12:10:00,28.47,28.525,28.47,28.5,3040.0
2026-08-14,2026-08-14 12:15:00,28.51,28.59,28.51,28.59,2569.0
2026-08-14,2026-08-14 12:20:00,28.615,28.65,28.615,28.63,1918.0
2026-08-14,2026-08-14 12:25:00,28.61,28.61,28.61,28.61,1210.0
2026-08-14,2026-08-14 12:30:00,28.61,28.69,28.61,28.69,3156.0
2026-08-14,2026-08-14 12:35:00,28.69,28.69,28.66,28.66,1402.0
2026-08-14,2026-08-14 12:40:00,28.65,28.66,28.635,28.645,1842.0
2026-08-14,2026-08-14 12:45:00,28.65,28.67,28.64,28.645,838.0
2026-08-14,2026-08-14 12:50:00,28.65,28.66,28.63,28.645,3450.0
2026-08-14,2026-08-14 12:55:00,28.64,28.67,28.61,28.61,10265.0
2026-08-14,2026-08-14 13:00:00,28.62,28.625,28.62,28.625,1204.0
2026-08-14,2026-08-14 13:05:00,28.625,28.7,28.625,28.695,5824.0
2026-08-14,2026-08-14 13:10:00,28.73,28.73,28.69,28.69,2318.0
2026-08-14,2026-08-14 13:15:00,28.71,28.83,28.71,28.83,3775.0
2026-08-14,2026-08-14 13:20:00,28.84,29.02,28.83,29.005,11079.0
2026-08-14,2026-08-14 13:25:00,29.005,29.13,29.005,29.09,6777.0
2026-08-14,2026-08-14 13:30:00,29.107,29.68,29.107,29.6733,84180.0
2026-08-14,2026-08-14 13:35:00,29.64,29.64,29.365,29.365,24646.0
2026-08-14,2026-08-14 13:40:00,29.36,29.39,29.19,29.19,56733.0
2026-08-14,2026-08-14 13:45:00,29.18,29.18,29.12,29.12,10126.0
2026-08-14,2026-08-14 13:50:00,29.1,29.17,29.09,29.09,10283.0
2026-08-14,2026-08-14 13:55:00,29.05,29.08,29.0,29.025,9322.0
2026-08-14,2026-08-14 14:00:00,29.025,29.1,29.025,29.045,8204.0
2026-08-14,2026-08-14 14:05:00,29.1,29.1,29.05,29.085,7693.0
2026-08-14,2026-08-14 14:10:00,29.07,29.11,29.07,29.11,6548.0
2026-08-14,2026-08-14 14:15:00,29.11,29.165,29.1,29.15,6155.0
2026-08-14,2026-08-14 14:20:00,29.15,29.185,29.14,29.14,4753.0
2026-08-14,2026-08-14 14:25:00,29.14,29.17,29.12,29.17,6710.0
2026-08-14,2026-08-14 14:30:00,29.17,29.2,29.16,29.17,8400.0
2026-08-14,2026-08-14 14:35:00,29.18,29.2,29.14,29.15,5203.0
2026-08-14,2026-08-14 14:40:00,29.125,29.145,29.1,29.125,3092.0
2026-08-14,2026-08-14 14:45:00,29.125,29.13,29.11,29.125,5113.0
2026-08-14,2026-08-14 14:50:00,29.125,29.17,29.11,29.145,6523.0
2026-08-14,2026-08-14 14:55:00,29.125,29.13,29.09,29.13,6821.0
2026-08-14,2026-08-14 15:00:00,29.135,29.15,29.13,29.145,3057.0
2026-08-14,2026-08-14 15:05:00,29.13,29.14,29.1,29.13,7832.0
2026-08-14,2026-08-14 15:10:00,29.13,29.15,29.13,29.145,4275.0
2026-08-14,2026-08-14 15:15:00,29.145,29.18,29.13,29.165,6118.0
2026-08-14,2026-08-14 15:20:00,29.165,29.185,29.105,29.185,8612.0
2026-08-14,2026-08-14 15:25:00,29.16,29.315,29.16,29.3,9457.0
2026-08-14,2026-08-14 15:30:00,29.315,29.3304,29.285,29.295,27482.0
2026-08-14,2026-08-14 15:35:00,29.285,29.33,29.28,29.305,30887.0
2026-08-14,2026-08-14 15:40:00,29.33,29.455,29.285,29.455,51621.0
2026-08-14,2026-08-14 15:45:00,29.4686,29.48,29.4,29.425,20755.0
2026-08-14,2026-08-14 15:50:00,29.425,29.56,29.32,29.36,67551.0
2026-08-14,2026-08-14 15:55:00,29.36,29.52,29.36,29.415,41542.0
2026-08-14,2026-08-14 16:00:00,29.415,29.54,29.38,29.48,321113.0
2026-08-17,2026-08-17 09:35:00,29.32,29.98,28.9233,29.865,40320.0
2026-08-17,2026-08-17 09:40:00,29.77,29.82,29.3898,29.42,8776.0
2026-08-17,2026-08-17 09:45:00,29.635,29.81,29.58,29.745,8052.0
2026-08-17,2026-08-17 09:50:00,29.71,29.79,29.625,29.6803,12525.0
2026-08-17,2026-08-17 09:55:00,29.7499,29.75,29.64,29.675,2776.0
2026-08-17,2026-08-17 10:00:00,29.65,29.65,29.65,29.65,950.0
2026-08-17,2026-08-17 10:05:00,29.65,29.77,29.57,29.71,32565.0
2026-08-17,2026-08-17 10:10:00,29.71,29.77,29.56,29.575,8447.0
2026-08-17,2026-08-17 10:15:00,29.57,29.67,29.53,29.605,3358.0
2026-08-17,2026-08-17 10:20:00,29.56,29.78,29.56,29.63,33284.0
2026-08-17,2026-08-17 10:25:00,29.625,29.655,29.58,29.65,2635.0
2026-08-17,2026-08-17 10:30:00,29.65,29.6801,29.565,29.64,20765.0
2026-08-17,2026-08-17 10:35:00,29.64,29.65,29.575,29.61,20212.0
2026-08-17,2026-08-17 10:40:00,29.58,29.596,29.3801,29.43,9096.0
2026-08-17,2026-08-17 10:45:00,29.35,29.35,29.28,29.33,4216.0
2026-08-17,2026-08-17 10:50:00,29.36,29.64,29.32,29.51,74051.0
2026-08-17,2026-08-17 10:55:00,29.5225,29.6,29.46,29.465,55369.0
2026-08-17,2026-08-17 11:00:00,29.465,29.465,29.34,29.39,10135.0
2026-08-17,2026-08-17 11:05:00,29.42,29.455,29.4,29.4,4944.0
2026-08-17,2026-08-17 11:10:00,29.42,29.52,29.42,29.49,5103.0
2026-08-17,2026-08-17 11:15:00,29.48,29.48,29.43,29.43,3958.0
2026-08-17,2026-08-17 11:20:00,29.42,29.505,29.42,29.46,6342.0
2026-08-17,2026-08-17 11:25:00,29.485,29.54,29.45,29.52,15306.0
2026-08-17,2026-08-17 11:30:00,29.53,29.84,29.52,29.82,80487.0
2026-08-17,2026-08-17 11:35:00,29.84,29.955,29.84,29.88,13445.0
2026-08-17,2026-08-17 11:40:00,29.9,29.9,29.67,29.67,12232.0
2026-08-17,2026-08-17 11:45:00,29.7,29.74,29.68,29.725,47320.0
2026-08-17,2026-08-17 11:50:00,29.75,29.81,29.72,29.78,26061.0
2026-08-17,2026-08-17 11:55:00,29.785,29.785,29.72,29.72,22310.0
2026-08-17,2026-08-17 12:00:00,29.695,29.84,29.69,29.7825,65837.0
2026-08-17,2026-08-17 12:05:00,29.785,29.925,29.77,29.925,5526.0
2026-08-17,2026-08-17 12:10:00,29.915,29.92,29.87,29.92,5738.0
2026-08-17,2026-08-17 12:15:00,29.905,29.91,29.8346,29.91,6200.0
2026-08-17,2026-08-17 12:20:00,29.91,29.91,29.87,29.88,2364.0
2026-08-17,2026-08-17 12:25:00,29.8775,29.885,29.67,29.73,12307.0
2026-08-17,2026-08-17 12:30:00,29.76,29.8,29.745,29.76,35541.0
2026-08-17,2026-08-17 12:35:00,29.77,29.84,29.75,29.83,124054.0
2026-08-17,2026-08-17 12:40:00,29.83,29.835,29.8,29.825,6369.0
2026-08-17,2026-08-17 12:45:00,29.83,30.045,29.8,30.045,27389.0
2026-08-17,2026-08-17 12:50:00,30.02,30.02,29.87,29.87,7620.0
2026-08-17,2026-08-17 12:55:00,29.87,29.9199,29.87,29.87,4587.0
2026-08-17,2026-08-17 13:00:00,29.87,29.87,29.85,29.85,2557.0
2026-08-17,2026-08-17 13:05:00,29.84,29.8475,29.75,29.77,42407.0
2026-08-17,2026-08-17 13:10:00,29.76,29.8,29.735,29.76,134521.0
2026-08-17,2026-08-17 13:15:00,29.77,29.77,29.66,29.6625,47251.0
2026-08-17,2026-08-17 13:20:00,29.65,29.66,29.59,29.6,9218.0
2026-08-17,2026-08-17 13:25:00,29.59,29.595,29.52,29.55,9985.0
2026-08-17,2026-08-17 13:30:00,29.55,29.595,29.55,29.585,5326.0
2026-08-17,2026-08-17 13:35:00,29.59,29.76,29.57,29.71,43389.0
2026-08-17,2026-08-17 13:40:00,29.71,29.85,29.71,29.78,11651.0
2026-08-17,2026-08-17 13:45:00,29.85,29.91,29.83,29.88,5399.0
2026-08-17,2026-08-17 13:50:00,29.89,29.91,29.84,29.91,2941.0
2026-08-17,2026-08-17 13:55:00,29.94,30.0,29.89,29.89,6338.0
2026-08-17,2026-08-17 14:00:00,29.89,29.91,29.835,29.89,5572.0
2026-08-17,2026-08-17 14:05:00,29.86,29.89,29.575,29.605,40246.0
2026-08-17,2026-08-17 14:10:00,29.605,29.655,29.605,29.62,5736.0
2026-08-17,2026-08-17 14:15:00,29.58,29.6,29.56,29.58,4975.0
2026-08-17,2026-08-17 14:20:00,29.53,29.61,29.53,29.58,5339.0
2026-08-17,2026-08-17 14:25:00,29.55,29.58,29.54,29.58,2276.0
2026-08-17,2026-08-17 14:30:00,29.58,29.58,29.52,29.53,16404.0
2026-08-17,2026-08-17 14:35:00,29.53,29.56,29.5,29.55,54219.0
2026-08-17,2026-08-17 14:40:00,29.54,29.57,29.53,29.57,7582.0
2026-08-17,2026-08-17 14:45:00,29.56,29.56,29.53,29.54,2725.0
2026-08-17,2026-08-17 14:50:00,29.54,29.54,29.51,29.535,3526.0
2026-08-17,2026-08-17 14:55:00,29.53,29.535,29.515,29.515,3349.0
2026-08-17,2026-08-17 15:00:00,29.52,29.52,29.46,29.51,8464.0
2026-08-17,2026-08-17 15:05:00,29.52,29.52,29.48,29.52,5204.0
2026-08-17,2026-08-17 15:10:00,29.5,29.51,29.46,29.475,6806.0
2026-08-17,2026-08-17 15:15:00,29.465,29.48,29.445,29.48,4084.0
2026-08-17,2026-08-17 15:20:00,29.465,29.505,29.43,29.4525,11152.0
2026-08-17,2026-08-17 15:25:00,29.41,29.43,29.35,29.43,7284.0
2026-08-17,2026-08-17 15:30:00,29.42,29.43,29.4,29.4,8334.0
2026-08-17,2026-08-17 15:35:00,29.4,29.43,29.4,29.42,8069.0
2026-08-17,2026-08-17 15:40:00,29.415,29.46,29.37,29.42,12257.0
2026-08-17,2026-08-17 15:45:00,29.44,29.44,29.38,29.39,10707.0
2026-08-17,2026-08-17 15:50:00,29.38,29.485,29.335,29.44,42913.0
2026-08-17,2026-08-17 15:55:00,29.43,29.58,29.39,29.55,82113.0
2026-08-17,2026-08-17 16:00:00,29.51,29.6,29.41,29.56,509165.0
2026-08-18,2026-08-18 09:35:00,29.23,29.79,28.94,29.47,10109.0
2026-08-18,2026-08-18 09:40:00,29.695,29.695,29.39,29.42,3091.0
2026-08-18,2026-08-18 09:45:00,29.34,29.66,29.26,29.55,20489.0
2026-08-18,2026-08-18 09:50:00,29.5,29.63,29.485,29.62,18786.0
2026-08-18,2026-08-18 09:55:00,29.6,29.615,29.47,29.47,3093.0
2026-08-18,2026-08-18 10:00:00,29.63,29.8625,29.585,29.63,5859.0
2026-08-18,2026-08-18 10:05:00,29.705,29.71,29.5201,29.5201,2924.0
2026-08-18,2026-08-18 10:10:00,29.62,29.635,29.43,29.455,13292.0
2026-08-18,2026-08-18 10:15:00,29.42,29.5,29.32,29.355,8269.0
2026-08-18,2026-08-18 10:20:00,29.34,29.395,29.325,29.35,2035.0
2026-08-18,2026-08-18 10:25:00,29.37,29.399705,29.31,29.39,3053.0
2026-08-18,2026-08-18 10:30:00,29.37,29.44,29.33,29.42,3382.0
2026-08-18,2026-08-18 10:35:00,29.45,29.59,29.415,29.44,31368.0
2026-08-18,2026-08-18 10:40:00,29.41,29.45,29.33,29.45,8561.0
2026-08-18,2026-08-18 10:45:00,29.39,29.42,29.29,29.31,5542.0
2026-08-18,2026-08-18 10:50:00,29.335,29.47,29.3,29.415,7438.0
2026-08-18,2026-08-18 10:55:00,29.33,29.3884,29.24,29.275,5252.0
2026-08-18,2026-08-18 11:00:00,29.25,29.26,29.04,29.04,12811.0
2026-08-18,2026-08-18 11:05:00,29.03,29.07,28.95,29.065,4143.0
2026-08-18,2026-08-18 11:10:00,29.11,29.11,29.04,29.04,1394.0
2026-08-18,2026-08-18 11:15:00,29.04,29.15,29.04,29.09,18806.0
2026-08-18,2026-08-18 11:20:00,29.09,29.195,29.09,29.195,60979.0
2026-08-18,2026-08-18 11:25:00,29.17,29.235,29.12,29.235,63160.0
2026-08-18,2026-08-18 11:30:00,29.24,29.355,29.24,29.355,3340.0
2026-08-18,2026-08-18 11:35:00,29.36,29.37,29.32,29.34,5211.0
2026-08-18,2026-08-18 11:40:00,29.33,29.3325,29.23,29.23,5046.0
2026-08-18,2026-08-18 11:45:00,29.22,29.315,29.22,29.315,4476.0
2026-08-18,2026-08-18 11:50:00,29.28,29.4,29.28,29.4,2274.0
2026-08-18,2026-08-18 11:55:00,29.38,29.49,29.38,29.475,4096.0
2026-08-18,2026-08-18 12:00:00,29.4758,29.4758,29.415,29.415,2125.0
2026-08-18,2026-08-18 12:05:00,29.375,29.48,29.375,29.39,5416.0
2026-08-18,2026-08-18 12:10:00,29.4,29.415,29.38,29.39,2286.0
2026-08-18,2026-08-18 12:15:00,29.38,29.425,29.36,29.38,3604.0
2026-08-18,2026-08-18 12:20:00,29.415,29.42,29.415,29.42,1182.0
2026-08-18,2026-08-18 12:25:00,29.45,29.47,29.41,29.42,3172.0
2026-08-18,2026-08-18 12:30:00,29.4,29.4,29.4,29.4,1788.0
2026-08-18,2026-08-18 12:35:00,29.44,29.61,29.44,29.59,8054.0
2026-08-18,2026-08-18 12:40:00,29.55,29.55,29.415,29.415,4652.0
2026-08-18,2026-08-18 12:45:00,29.405,29.51,29.39,29.5,14369.0
2026-08-18,2026-08-18 12:50:00,29.51,29.535,29.51,29.53,1791.0
2026-08-18,2026-08-18 12:55:00,29.52,29.52,29.52,29.52,1199.0
2026-08-18,2026-08-18 13:00:00,29.5,29.505,29.495,29.495,1805.0
2026-08-18,2026-08-18 13:05:00,29.47,29.49,29.455,29.48,5128.0
2026-08-18,2026-08-18 13:10:00,29.455,29.455,29.385,29.385,3002.0
2026-08-18,2026-08-18 13:15:00,29.4,29.51,29.4,29.49,4994.0
2026-08-18,2026-08-18 13:20:00,29.47,29.47,29.33,29.375,4642.0
2026-08-18,2026-08-18 13:25:00,29.37,29.4,29.37,29.4,1483.0
2026-08-18,2026-08-18 13:30:00,29.365,29.405,29.365,29.405,1676.0
2026-08-18,2026-08-18 13:35:00,29.44,29.54,29.42,29.54,3462.0
2026-08-18,2026-08-18 13:40:00,29.535,29.535,29.43,29.44,3709.0
2026-08-18,2026-08-18 13:45:00,29.43,29.49,29.41,29.43,3345.0
2026-08-18,2026-08-18 13:50:00,29.45,29.54,29.45,29.54,2388.0
2026-08-18,2026-08-18 13:55:00,29.53,29.6,29.53,29.555,7441.0
2026-08-18,2026-08-18 14:00:00,29.52,29.535,29.475,29.495,6762.0
2026-08-18,2026-08-18 14:05:00,29.45,29.485,29.45,29.485,4135.0
2026-08-18,2026-08-18 14:10:00,29.44,29.48,29.41,29.41,2816.0
2026-08-18,2026-08-18 14:15:00,29.4,29.43,29.395,29.4,1951.0
2026-08-18,2026-08-18 14:20:00,29.41,29.66,29.41,29.59,24371.0
2026-08-18,2026-08-18 14:25:00,29.6,29.62,29.54,29.55,42167.0
2026-08-18,2026-08-18 14:30:00,29.555,29.58,29.52,29.555,3147.0
2026-08-18,2026-08-18 14:35:00,29.57,29.6,29.52,29.57,8563.0
2026-08-18,2026-08-18 14:40:00,29.6,29.6,29.59,29.6,2337.0
2026-08-18,2026-08-18 14:45:00,29.6,29.65,29.6,29.62,2430.0
2026-08-18,2026-08-18 14:50:00,29.625,29.71,29.625,29.63,8426.0
2026-08-18,2026-08-18 14:55:00,29.63,29.635,29.58,29.6,4588.0
2026-08-18,2026-08-18 15:00:00,29.6,29.635,29.6,29.62,2632.0
2026-08-18,2026-08-18 15:05:00,29.62,29.62,29.59,29.59,1633.0
2026-08-18,2026-08-18 15:10:00,29.59,29.64,29.58,29.64,5393.0
2026-08-18,2026-08-18 15:15:00,29.645,29.675,29.645,29.65,4595.0
2026-08-18,2026-08-18 15:20:00,29.665,29.665,29.64,29.64,3893.0
2026-08-18,2026-08-18 15:25:00,29.65,29.68,29.64,29.665,4324.0
2026-08-18,2026-08-18 15:30:00,29.68,29.68,29.63,29.655,6280.0
2026-08-18,2026-08-18 15:35:00,29.67,29.8,29.67,29.765,11024.0
2026-08-18,2026-08-18 15:40:00,29.765,29.7925,29.74,29.74,11117.0
2026-08-18,2026-08-18 15:45:00,29.72,29.77,29.715,29.745,13789.0
2026-08-18,2026-08-18 15:50:00,29.73,29.735,29.67,29.71,11813.0
2026-08-18,2026-08-18 15:55:00,29.72,29.74,29.61,29.63,20589.0
2026-08-18,2026-08-18 16:00:00,29.62,29.64,29.48,29.51,221618.0
2026-08-19,2026-08-19 09:35:00,30.44,30.45,30.04,30.265,14014.0
2026-08-19,2026-08-19 09:40:00,30.27,30.68,30.27,30.62,5107.0
2026-08-19,2026-08-19 09:45:00,30.51,30.79,30.485,30.71,8852.0
2026-08-19,2026-08-19 09:50:00,30.81,31.19,30.72,31.06,9019.0
2026-08-19,2026-08-19 09:55:00,31.09,31.105,30.5801,31.08,17690.0
2026-08-19,2026-08-19 10:00:00,31.07,31.09,30.7106,30.7106,11842.0
2026-08-19,2026-08-19 10:05:00,30.74,30.98,30.6477,30.875,5189.0
2026-08-19,2026-08-19 10:10:00,30.875,31.09,30.81,30.985,8464.0
2026-08-19,2026-08-19 10:15:00,30.88,30.9,30.69,30.79,8202.0
2026-08-19,2026-08-19 10:20:00,30.79,31.02,30.7199,30.995,7573.0
2026-08-19,2026-08-19 10:25:00,31.05,31.05,30.91,30.945,8439.0
2026-08-19,2026-08-19 10:30:00,30.94,31.13,30.905,31.03,37493.0
2026-08-19,2026-08-19 10:35:00,31.015,31.17,30.9,30.945,56014.0
2026-08-19,2026-08-19 10:40:00,30.98,31.215,30.9401,31.215,98716.0
2026-08-19,2026-08-19 10:45:00,31.18,31.25,30.91,30.91,15558.0
2026-08-19,2026-08-19 10:50:00,30.91,31.1,30.83,31.055,17423.0
2026-08-19,2026-08-19 10:55:00,31.1,31.11,31.02,31.0375,82071.0
2026-08-19,2026-08-19 11:00:00,31.08,31.19,31.08,31.115,10045.0
2026-08-19,2026-08-19 11:05:00,31.11,31.28,31.02,31.02,13727.0
2026-08-19,2026-08-19 11:10:00,31.07,31.09,30.97,31.005,10505.0
2026-08-19,2026-08-19 11:15:00,31.0,31.04,30.85,30.935,53567.0
2026-08-19,2026-08-19 11:20:00,30.98,31.005,30.87,30.87,6098.0
2026-08-19,2026-08-19 11:25:00,30.94,30.95,30.92,30.92,2816.0
2026-08-19,2026-08-19 11:30:00,30.92,30.92,30.71,30.71,11055.0
2026-08-19,2026-08-19 11:35:00,30.7,30.7,30.575,30.58,3121.0
2026-08-19,2026-08-19 11:40:00,30.58,30.61,30.36,30.36,4601.0
2026-08-19,2026-08-19 11:45:00,30.42,30.43,30.3,30.32,5964.0
2026-08-19,2026-08-19 11:50:00,30.315,30.315,30.19,30.275,6417.0
2026-08-19,2026-08-19 11:55:00,30.275,30.31,30.235,30.25,6263.0
2026-08-19,2026-08-19 12:00:00,30.25,30.31,30.2,30.28,5099.0
2026-08-19,2026-08-19 12:05:00,30.31,30.34,30.28,30.31,4009.0
2026-08-19,2026-08-19 12:10:00,30.35,30.38,30.315,30.38,4181.0
2026-08-19,2026-08-19 12:15:00,30.4,30.455,30.37,30.37,6990.0
2026-08-19,2026-08-19 12:20:00,30.4,30.41,30.35,30.38,5853.0
2026-08-19,2026-08-19 12:25:00,30.39,30.42,30.33,30.415,10329.0
2026-08-19,2026-08-19 12:30:00,30.37,30.405,30.27,30.31,7493.0
2026-08-19,2026-08-19 12:35:00,30.24,30.35,30.24,30.34,4523.0
2026-08-19,2026-08-19 12:40:00,30.34,30.38,30.28,30.38,2916.0
2026-08-19,2026-08-19 12:45:00,30.38,30.38,30.33,30.37,3731.0
2026-08-19,2026-08-19 12:50:00,30.37,30.39,30.33,30.33,4160.0
2026-08-19,2026-08-19 12:55:00,30.37,30.645,30.37,30.615,15812.0
2026-08-19,2026-08-19 13:00:00,30.59,30.62,30.51,30.615,3587.0
2026-08-19,2026-08-19 13:05:00,30.47,30.625,30.47,30.625,3368.0
2026-08-19,2026-08-19 13:10:00,30.625,30.625,30.52,30.56,3393.0
2026-08-19,2026-08-19 13:15:00,30.56,30.65,30.51,30.65,2430.0
2026-08-19,2026-08-19 13:20:00,30.59,30.63,30.55,30.55,3568.0
2026-08-19,2026-08-19 13:25:00,30.57,30.57,30.52,30.57,3140.0
2026-08-19,2026-08-19 13:30:00,30.58,30.58,30.56,30.58,2514.0
2026-08-19,2026-08-19 13:35:00,30.588,30.66,30.588,30.65,6725.0
2026-08-19,2026-08-19 13:40:00,30.605,30.64,30.605,30.64,2081.0
2026-08-19,2026-08-19 13:45:00,30.63,30.725,30.63,30.715,4987.0
2026-08-19,2026-08-19 13:50:00,30.69,30.705,30.62,30.67,5493.0
2026-08-19,2026-08-19 13:55:00,30.65,30.655,30.5,30.51,4741.0
2026-08-19,2026-08-19 14:00:00,30.51,30.51,30.46,30.46,2997.0
2026-08-19,2026-08-19 14:05:00,30.465,30.68,30.465,30.57,15550.0
2026-08-19,2026-08-19 14:10:00,30.575,30.615,30.53,30.545,7197.0
2026-08-19,2026-08-19 14:15:00,30.51,30.51,30.34,30.415,10893.0
2026-08-19,2026-08-19 14:20:00,30.41,30.45,30.38,30.435,6802.0
2026-08-19,2026-08-19 14:25:00,30.43,30.45,30.39,30.445,11178.0
2026-08-19,2026-08-19 14:30:00,30.445,30.465,30.39,30.39,12228.0
2026-08-19,2026-08-19 14:35:00,30.41,30.44,30.37,30.42,15592.0
2026-08-19,2026-08-19 14:40:00,30.43,30.44,30.4,30.44,8755.0
2026-08-19,2026-08-19 14:45:00,30.425,30.45,30.41,30.41,18942.0
2026-08-19,2026-08-19 14:50:00,30.435,30.44,30.41,30.435,16530.0
2026-08-19,2026-08-19 14:55:00,30.43,30.685,30.43,30.52,72806.0
2026-08-19,2026-08-19 15:00:00,30.52,30.55,30.49,30.5,114825.0
2026-08-19,2026-08-19 15:05:00,30.495,30.52,30.44,30.45,46561.0
2026-08-19,2026-08-19 15:10:00,30.455,30.5,30.45,30.49,87951.0
2026-08-19,2026-08-19 15:15:00,30.5,30.5,30.45,30.45,10183.0
2026-08-19,2026-08-19 15:20:00,30.46,30.57,30.405,30.55,21020.0
2026-08-19,2026-08-19 15:25:00,30.555,30.605,30.535,30.59,10740.0
2026-08-19,2026-08-19 15:30:00,30.61,30.63,30.38,30.39,19770.0
2026-08-19,2026-08-19 15:35:00,30.39,30.47,30.39,30.435,60851.0
2026-08-19,2026-08-19 15:40:00,30.44,30.44,30.4,30.415,52996.0
2026-08-19,2026-08-19 15:45:00,30.4,30.465,30.38,30.435,106905.0
2026-08-19,2026-08-19 15:50:00,30.435,30.435,30.37,30.41,14771.0
2026-08-19,2026-08-19 15:55:00,30.39,30.39,30.3,30.32,38585.0
2026-08-19,2026-08-19 16:00:00,30.305,30.35,30.23,30.35,326065.0
2026-08-20,2026-08-20 09:35:00,29.88,30.077,29.59,29.94,8638.0
2026-08-20,2026-08-20 09:40:00,30.0,30.22,29.61,29.61,6985.0
2026-08-20,2026-08-20 09:45:00,29.75,29.75,29.26,29.26,6962.0
2026-08-20,2026-08-20 09:50:00,29.16,29.49,29.16,29.49,20236.0
2026-08-20,2026-08-20 09:55:00,29.435,29.435,29.16,29.215,18209.0
2026-08-20,2026-08-20 10:00:00,29.25,29.34,29.03,29.06,54099.0
2026-08-20,2026-08-20 10:05:00,29.16,29.19,29.035,29.08,6188.0
2026-08-20,2026-08-20 10:10:00,29.02,29.18,28.94,29.18,6767.0
2026-08-20,2026-08-20 10:15:00,29.16,29.1998,29.09,29.09,3266.0
2026-08-20,2026-08-20 10:20:00,29.12,29.13,28.99,29.03,3006.0
2026-08-20,2026-08-20 10:25:00,29.1,29.475,29.055,29.43,258033.0
2026-08-20,2026-08-20 10:30:00,29.49,29.61,29.48,29.53,7474.0
2026-08-20,2026-08-20 10:35:00,29.585,29.585,29.43,29.48,3955.0
2026-08-20,2026-08-20 10:40:00,29.44,29.51,29.37,29.41,4204.0
2026-08-20,2026-08-20 10:45:00,29.45,29.57,29.42,29.57,4407.0
2026-08-20,2026-08-20 10:50:00,29.565,29.61,29.48,29.595,4900.0
2026-08-20,2026-08-20 10:55:00,29.595,29.595,29.55,29.56,2805.0
2026-08-20,2026-08-20 11:00:00,29.58,29.61,29.54,29.61,4707.0
2026-08-20,2026-08-20 11:05:00,29.605,29.78,29.605,29.77,5782.0
2026-08-20,2026-08-20 11:10:00,29.795,29.815,29.75,29.78,10830.0
2026-08-20,2026-08-20 11:15:00,29.76,29.91,29.76,29.905,4949.0
2026-08-20,2026-08-20 11:20:00,29.885,29.93,29.88,29.89,7247.0
2026-08-20,2026-08-20 11:25:00,29.88,30.21,29.84,30.19,277250.0
2026-08-20,2026-08-20 11:30:00,30.195,30.34,30.15,30.15,25464.0
2026-08-20,2026-08-20 11:35:00,30.14,30.14,29.95,29.955,12025.0
2026-08-20,2026-08-20 11:40:00,29.96,30.17,29.9,30.17,50788.0
2026-08-20,2026-08-20 11:45:00,30.15,30.17,30.04,30.13,16179.0
2026-08-20,2026-08-20 11:50:00,30.14,30.23,30.14,30.23,1835.0
2026-08-20,2026-08-20 11:55:00,30.215,30.27,30.19,30.27,5896.0
2026-08-20,2026-08-20 12:00:00,30.24,30.2701,30.24,30.2701,2642.0
2026-08-20,2026-08-20 12:05:00,30.27,30.285,30.175,30.22,107272.0
2026-08-20,2026-08-20 12:10:00,30.22,30.39,30.08,30.09,10778.0
2026-08-20,2026-08-20 12:15:00,30.06,30.08,29.96,29.97,5208.0
2026-08-20,2026-08-20 12:20:00,29.99,30.14,29.96,30.04,6198.0
2026-08-20,2026-08-20 12:25:00,30.02,30.03,29.81,29.905,7877.0
2026-08-20,2026-08-20 12:30:00,29.91,29.94,29.81,29.81,6880.0
2026-08-20,2026-08-20 12:35:00,29.79,29.89,29.77,29.86,3895.0
2026-08-20,2026-08-20 12:40:00,29.82,29.89,29.82,29.865,3786.0
2026-08-20,2026-08-20 12:45:00,29.89,29.92,29.81,29.84,5211.0
2026-08-20,2026-08-20 12:50:00,29.85,29.95,29.82,29.95,4887.0
2026-08-20,2026-08-20 12:55:00,29.955,30.03,29.895,29.895,3549.0
2026-08-20,2026-08-20 13:00:00,29.91,29.91,29.83,29.85,3583.0
2026-08-20,2026-08-20 13:05:00,29.85,29.85,29.79,29.835,4125.0
2026-08-20,2026-08-20 13:10:00,29.855,29.945,29.8,29.82,8473.0
2026-08-20,2026-08-20 13:15:00,29.79,29.8,29.77,29.8,3361.0
2026-08-20,2026-08-20 13:20:00,29.77,29.7725,29.7,29.7,2590.0
2026-08-20,2026-08-20 13:25:00,29.71,29.74,29.71,29.725,3046.0
2026-08-20,2026-08-20 13:30:00,29.73,29.75,29.66,29.66,4864.0
2026-08-20,2026-08-20 13:35:00,29.64,29.71,29.64,29.71,6058.0
2026-08-20,2026-08-20 13:40:00,29.7,29.75,29.68,29.715,4255.0
2026-08-20,2026-08-20 13:45:00,29.715,29.715,29.68,29.7,1981.0
2026-08-20,2026-08-20 13:50:00,29.72,29.785,29.72,29.785,3373.0
2026-08-20,2026-08-20 13:55:00,29.78,29.785,29.74,29.74,4172.0
2026-08-20,2026-08-20 14:00:00,29.78,29.785,29.74,29.74,4811.0
2026-08-20,2026-08-20 14:05:00,29.73,29.74,29.68,29.73,18977.0
2026-08-20,2026-08-20 14:10:00,29.75,29.77,29.75,29.77,1872.0
2026-08-20,2026-08-20 14:15:00,29.75,29.76,29.69,29.72,4451.0
2026-08-20,2026-08-20 14:20:00,29.71,29.73,29.69,29.73,2671.0
2026-08-20,2026-08-20 14:25:00,29.76,29.82,29.73,29.82,4021.0
2026-08-20,2026-08-20 14:30:00,29.83,29.88,29.81,29.83,5435.0
2026-08-20,2026-08-20 14:35:00,29.8,29.8,29.76,29.78,3286.0
2026-08-20,2026-08-20 14:40:00,29.77,29.77,29.74,29.74,2487.0
2026-08-20,2026-08-20 14:45:00,29.73,29.81,29.72,29.81,4542.0
2026-08-20,2026-08-20 14:50:00,29.79,29.84,29.775,29.775,5142.0
2026-08-20,2026-08-20 14:55:00,29.76,29.765,29.74,29.745,3331.0
2026-08-20,2026-08-20 15:00:00,29.77,29.79,29.72,29.74,4784.0
2026-08-20,2026-08-20 15:05:00,29.74,29.835,29.74,29.79,6574.0
2026-08-20,2026-08-20 15:10:00,29.79,29.82,29.765,29.77,5975.0
2026-08-20,2026-08-20 15:15:00,29.78,29.86,29.78,29.86,5269.0
2026-08-20,2026-08-20 15:20:00,29.87,29.91,29.85,29.88,6518.0
2026-08-20,2026-08-20 15:25:00,29.87,29.9,29.86,29.88,6936.0
2026-08-20,2026-08-20 15:30:00,29.88,29.8825,29.79,29.79,6411.0
2026-08-20,2026-08-20 15:35:00,29.78,29.78,29.705,29.72,12736.0
2026-08-20,2026-08-20 15:40:00,29.725,29.74,29.66,29.71,10321.0
2026-08-20,2026-08-20 15:45:00,29.715,29.76,29.66,29.71,18884.0
2026-08-20,2026-08-20 15:50:00,29.68,29.72,29.59,29.69,14703.0
2026-08-20,2026-08-20 15:55:00,29.7,29.775,29.66,29.66,20293.0
2026-08-20,2026-08-20 16:00:00,29.68,29.72,29.49,29.52,273401.0
2026-08-21,2026-08-21 09:35:00,29.89,29.955,29.89,29.94,25302.0
2026-08-21,2026-08-21 09:40:00,29.955,30.19,29.94,30.115,5939.0
2026-08-21,2026-08-21 09:45:00,30.212222,30.212222,29.85,30.1,4416.0
2026-08-21,2026-08-21 09:50:00,30.08,30.14,29.835,29.84,12433.0
2026-08-21,2026-08-21 09:55:00,29.84,30.19,29.83,30.1,3009.0
2026-08-21,2026-08-21 10:00:00,30.15,30.16,29.94,30.16,2644.0
2026-08-21,2026-08-21 10:05:00,29.955,30.1,29.945,29.945,2585.0
2026-08-21,2026-08-21 10:10:00,29.945,29.945,29.945,29.945,442.0
2026-08-21,2026-08-21 10:15:00,29.945,30.05,29.74,29.74,4128.0
2026-08-21,2026-08-21 10:20:00,30.08,30.135,30.02,30.09,4703.0
2026-08-21,2026-08-21 10:25:00,30.09,30.3099,29.99,30.2,9873.0
2026-08-21,2026-08-21 10:30:00,30.2,30.2,30.2,30.2,585.0
2026-08-21,2026-08-21 10:35:00,30.31,30.38,30.27,30.31,4165.0
2026-08-21,2026-08-21 10:40:00,30.34,30.34,30.335,30.34,1172.0
2026-08-21,2026-08-21 10:45:00,30.26,30.27,30.18,30.191,2117.0
2026-08-21,2026-08-21 10:50:00,30.18,30.19,29.97,30.01,4742.0
2026-08-21,2026-08-21 10:55:00,30.0,30.0,29.95,29.98,2110.0
2026-08-21,2026-08-21 11:00:00,29.98,29.98,29.94,29.94,910.0
2026-08-21,2026-08-21 11:05:00,29.97,29.97,29.97,29.97,1051.0
2026-08-21,2026-08-21 11:10:00,29.95,30.0,29.88,29.915,3653.0
2026-08-21,2026-08-21 11:15:00,29.96,30.04,29.96,30.02,1884.0
2026-08-21,2026-08-21 11:20:00,30.02,30.04,30.02,30.04,849.0
2026-08-21,2026-08-21 11:25:00,30.05,30.05,30.0,30.02,1279.0
2026-08-21,2026-08-21 11:30:00,30.04,30.14,30.04,30.11,4857.0
2026-08-21,2026-08-21 11:35:00,30.09,30.28,30.09,30.28,4074.0
2026-08-21,2026-08-21 11:40:00,30.335,30.42,30.3,30.41,4014.0
2026-08-21,2026-08-21 11:45:00,30.38,30.39,30.3,30.31,2886.0
2026-08-21,2026-08-21 11:50:00,30.34,30.4,30.32,30.32,2694.0
2026-08-21,2026-08-21 11:55:00,30.36,30.365,30.32,30.35,2558.0
2026-08-21,2026-08-21 12:00:00,30.35,30.35,30.295,30.34,3916.0
2026-08-21,2026-08-21 12:05:00,30.36,30.39,30.32,30.38,3463.0
2026-08-21,2026-08-21 12:10:00,30.35,30.38,30.32,30.365,3013.0
2026-08-21,2026-08-21 12:15:00,30.365,30.41,30.34,30.365,5284.0
2026-08-21,2026-08-21 12:20:00,30.34,30.365,30.34,30.345,2951.0
2026-08-21,2026-08-21 12:25:00,30.32,30.38,30.32,30.365,4759.0
2026-08-21,2026-08-21 12:30:00,30.365,30.41,30.36,30.41,1752.0
2026-08-21,2026-08-21 12:35:00,30.39,30.455,30.36,30.36,6380.0
2026-08-21,2026-08-21 12:40:00,30.38,30.46,30.38,30.46,7728.0
2026-08-21,2026-08-21 12:45:00,30.48,30.52,30.48,30.51,5507.0
2026-08-21,2026-08-21 12:50:00,30.505,30.56,30.49,30.5,5969.0
2026-08-21,2026-08-21 12:55:00,30.48,30.54,30.42,30.54,4215.0
2026-08-21,2026-08-21 13:00:00,30.54,30.55,30.48,30.48,3009.0
2026-08-21,2026-08-21 13:05:00,30.485,30.485,30.45,30.46,1684.0
2026-08-21,2026-08-21 13:10:00,30.47,30.47,30.43,30.43,2032.0
2026-08-21,2026-08-21 13:15:00,30.455,30.455,30.38,30.38,1100.0
2026-08-21,2026-08-21 13:20:00,30.4,30.4,30.39,30.4,2382.0
2026-08-21,2026-08-21 13:25:00,30.3999,30.41,30.385,30.41,1968.0
2026-08-21,2026-08-21 13:30:00,30.42,30.42,30.335,30.35,3281.0
2026-08-21,2026-08-21 13:35:00,30.3525,30.48,30.3525,30.425,14420.0
2026-08-21,2026-08-21 13:40:00,30.43,30.43,30.37,30.37,2907.0
2026-08-21,2026-08-21 13:45:00,30.37,30.385,30.36,30.385,1377.0
2026-08-21,2026-08-21 13:50:00,30.36,30.48,30.29,30.41,273914.0
2026-08-21,2026-08-21 13:55:00,30.425,30.455,30.37,30.375,3501.0
2026-08-21,2026-08-21 14:00:00,30.41,30.43,30.32,30.43,172049.0
2026-08-21,2026-08-21 14:05:00,30.43,30.43,30.36,30.4,4285.0
2026-08-21,2026-08-21 14:10:00,30.43,30.43,30.37,30.38,2647.0
2026-08-21,2026-08-21 14:15:00,30.37,30.42,30.37,30.37,5902.0
2026-08-21,2026-08-21 14:20:00,30.34,30.34,30.28,30.28,3181.0
2026-08-21,2026-08-21 14:25:00,30.3,30.355,30.3,30.33,5061.0
2026-08-21,2026-08-21 14:30:00,30.3,30.3,30.23,30.25,2489.0
2026-08-21,2026-08-21 14:35:00,30.23,30.23,30.18,30.18,2491.0
2026-08-21,2026-08-21 14:40:00,30.19,30.195,30.12,30.13,2006.0
2026-08-21,2026-08-21 14:45:00,30.11,30.115,30.11,30.115,2076.0
2026-08-21,2026-08-21 14:50:00,30.14,30.195,30.13,30.175,7569.0
2026-08-21,2026-08-21 14:55:00,30.21,30.255,30.21,30.22,2699.0
2026-08-21,2026-08-21 15:00:00,30.225,30.23,30.21,30.225,3013.0
2026-08-21,2026-08-21 15:05:00,30.225,30.3,30.2,30.2,6052.0
2026-08-21,2026-08-21 15:10:00,30.19,30.195,30.14,30.18,4637.0
2026-08-21,2026-08-21 15:15:00,30.21,30.265,30.19,30.24,3095.0
2026-08-21,2026-08-21 15:20:00,30.19,30.33,30.18,30.29,6533.0
2026-08-21,2026-08-21 15:25:00,30.28,30.38,30.28,30.38,2910.0
2026-08-21,2026-08-21 15:30:00,30.37,30.37,30.31,30.35,5731.0
2026-08-21,2026-08-21 15:35:00,30.33,30.335,30.301,30.301,4635.0
2026-08-21,2026-08-21 15:40:00,30.3,30.3,30.145,30.145,7547.0
2026-08-21,2026-08-21 15:45:00,30.145,30.17,30.12,30.13,6990.0
2026-08-21,2026-08-21 15:50:00,30.11,30.18,30.03,30.12,10513.0
2026-08-21,2026-08-21 15:55:00,30.125,30.15,30.1,30.15,6950.0
2026-08-21,2026-08-21 16:00:00,30.14,30.37,30.105,30.34,247339.0
2026-08-24,2026-08-24 09:35:00,30.27,30.53,29.38,30.13,22525.0
2026-08-24,2026-08-24 09:40:00,30.165,30.165,29.82,29.82,2101.0
2026-08-24,2026-08-24 09:45:00,29.76,29.815,29.72,29.805,2828.0
2026-08-24,2026-08-24 09:50:00,29.69,29.91,29.69,29.78,2467.0
2026-08-24,2026-08-24 09:55:00,29.63,29.645,29.57,29.58,1276.0
2026-08-24,2026-08-24 10:00:00,29.69,29.86,29.68,29.705,3003.0
2026-08-24,2026-08-24 10:05:00,29.74,29.78,29.55,29.725,3289.0
2026-08-24,2026-08-24 10:10:00,29.71,29.8,29.7,29.7,2365.0
2026-08-24,2026-08-24 10:15:00,29.715,29.825,29.705,29.78,5206.0
2026-08-24,2026-08-24 10:20:00,29.785,29.97,29.785,29.97,6184.0
2026-08-24,2026-08-24 10:25:00,29.92,29.97,29.765,29.77,3977.0
2026-08-24,2026-08-24 10:30:00,29.73,29.955,29.73,29.905,4122.0
2026-08-24,2026-08-24 10:35:00,30.025,30.025,30.025,30.025,852.0
2026-08-24,2026-08-24 10:40:00,29.99,29.99,29.93,29.93,2633.0
2026-08-24,2026-08-24 10:45:00,29.8801,30.09,29.8801,30.09,5012.0
2026-08-24,2026-08-24 10:50:00,30.105,30.28,30.105,30.255,31510.0
2026-08-24,2026-08-24 10:55:00,30.18,30.29,30.17,30.29,2993.0
2026-08-24,2026-08-24 11:00:00,30.38,30.42,30.36,30.36,3962.0
2026-08-24,2026-08-24 11:05:00,30.37,30.46,30.37,30.39,3265.0
2026-08-24,2026-08-24 11:10:00,30.435,30.435,30.3,30.36,4724.0
2026-08-24,2026-08-24 11:15:00,30.34,30.59,30.34,30.59,6182.0
2026-08-24,2026-08-24 11:20:00,30.555,30.68,30.55,30.665,6351.0
2026-08-24,2026-08-24 11:25:00,30.69,30.81,30.65,30.81,7047.0
2026-08-24,2026-08-24 11:30:00,30.81,30.9,30.63,30.86,16056.0
2026-08-24,2026-08-24 11:35:00,30.83,30.87,30.76,30.805,17068.0
2026-08-24,2026-08-24 11:40:00,30.83,30.91,30.71,30.82,10398.0
2026-08-24,2026-08-24 11:45:00,30.77,30.87,30.73,30.76,12234.0
2026-08-24,2026-08-24 11:50:00,30.755,30.825,30.67,30.7,19234.0
2026-08-24,2026-08-24 11:55:00,30.695,30.695,30.54,30.61,27674.0
2026-08-24,2026-08-24 12:00:00,30.585,30.585,30.585,30.585,2536.0
2026-08-24,2026-08-24 12:05:00,30.59,30.61,30.51,30.515,2801.0
2026-08-24,2026-08-24 12:10:00,30.495,30.575,30.495,30.57,11628.0
2026-08-24,2026-08-24 12:15:00,30.565,30.565,30.52,30.55,3936.0
2026-08-24,2026-08-24 12:20:00,30.54,30.77,30.54,30.76,6336.0
2026-08-24,2026-08-24 12:25:00,30.835,30.835,30.7,30.7,3585.0
2026-08-24,2026-08-24 12:30:00,30.72,30.74,30.715,30.74,1801.0
2026-08-24,2026-08-24 12:35:00,30.71,30.72,30.705,30.72,1376.0
2026-08-24,2026-08-24 12:40:00,30.74,30.815,30.74,30.815,8142.0
2026-08-24,2026-08-24 12:45:00,30.76,30.775,30.71,30.73,5301.0
2026-08-24,2026-08-24 12:50:00,30.67,30.6925,30.67,30.69,4439.0
2026-08-24,2026-08-24 12:55:00,30.675,30.69,30.66,30.69,4020.0
2026-08-24,2026-08-24 13:00:00,30.67,30.69,30.63,30.645,3568.0
2026-08-24,2026-08-24 13:05:00,30.62,30.62,30.585,30.61,2049.0
2026-08-24,2026-08-24 13:10:00,30.63,30.81,30.63,30.77,5146.0
2026-08-24,2026-08-24 13:15:00,30.76,30.79,30.72,30.74,4584.0
2026-08-24,2026-08-24 13:20:00,30.72,30.74,30.715,30.74,1069.0
2026-08-24,2026-08-24 13:25:00,30.715,30.715,30.68,30.68,1704.0
2026-08-24,2026-08-24 13:30:00,30.71,30.71,30.64,30.64,1906.0
2026-08-24,2026-08-24 13:35:00,30.64,30.65,30.61,30.65,3237.0
2026-08-24,2026-08-24 13:40:00,30.615,30.645,30.61,30.63,3201.0
2026-08-24,2026-08-24 13:45:00,30.66,30.66,30.61,30.66,2509.0
2026-08-24,2026-08-24 13:50:00,30.65,30.715,30.65,30.66,5432.0
2026-08-24,2026-08-24 13:55:00,30.632,30.64,30.55,30.625,4799.0
2026-08-24,2026-08-24 14:00:00,30.58,30.69,30.58,30.69,2325.0
2026-08-24,2026-08-24 14:05:00,30.67,30.72,30.6,30.62,8299.0
2026-08-24,2026-08-24 14:10:00,30.62,30.645,30.62,30.62,1831.0
2026-08-24,2026-08-24 14:15:00,30.655,30.655,30.58,30.58,2322.0
2026-08-24,2026-08-24 14:20:00,30.62,30.639,30.6,30.6,1785.0
2026-08-24,2026-08-24 14:25:00,30.62,30.63,30.62,30.625,989.0
2026-08-24,2026-08-24 14:30:00,30.65,30.68,30.645,30.68,2162.0
2026-08-24,2026-08-24 14:35:00,30.67,30.69,30.6371,30.66,5261.0
2026-08-24,2026-08-24 14:40:00,30.64,30.66,30.555,30.555,4491.0
2026-08-24,2026-08-24 14:45:00,30.575,30.58,30.55,30.55,1794.0
2026-08-24,2026-08-24 14:50:00,30.57,30.58,30.51,30.51,3275.0
2026-08-24,2026-08-24 14:55:00,30.51,30.51,30.34,30.465,25697.0
2026-08-24,2026-08-24 15:00:00,30.465,30.475,30.415,30.44,2737.0
2026-08-24,2026-08-24 15:05:00,30.44,30.46,30.44,30.46,2093.0
2026-08-24,2026-08-24 15:10:00,30.46,30.49,30.455,30.49,5078.0
2026-08-24,2026-08-24 15:15:00,30.465,30.49,30.43,30.46,4391.0
2026-08-24,2026-08-24 15:20:00,30.435,30.475,30.435,30.475,1622.0
2026-08-24,2026-08-24 15:25:00,30.49,30.51,30.43,30.445,8898.0
2026-08-24,2026-08-24 15:30:00,30.45,30.45,30.27,30.275,5783.0
2026-08-24,2026-08-24 15:35:00,30.275,30.4,30.275,30.35,9574.0
2026-08-24,2026-08-24 15:40:00,30.34,30.39,30.27,30.36,12213.0
2026-08-24,2026-08-24 15:45:00,30.37,30.3875,30.33,30.335,10043.0
2026-08-24,2026-08-24 15:50:00,30.355,30.37,30.26,30.33,14798.0
2026-08-24,2026-08-24 15:55:00,30.3,30.38,30.27,30.315,13156.0
2026-08-24,2026-08-24 16:00:00,30.3,30.3,30.12,30.12,382704.0
2026-08-25,2026-08-25 09:35:00,30.11,30.91,30.11,30.9,13041.0
2026-08-25,2026-08-25 09:40:00,30.865,31.0,30.83,30.83,1021.0
2026-08-25,2026-08-25 09:45:00,30.83,30.83,30.83,30.83,286.0
2026-08-25,2026-08-25 09:50:00,31.08,31.08,31.08,31.08,785.0
2026-08-25,2026-08-25 09:55:00,30.93,30.94,30.765,30.765,1921.0
2026-08-25,2026-08-25 10:00:00,30.88,31.06,30.775,30.775,12356.0
2026-08-25,2026-08-25 10:05:00,30.78,31.18,30.78,31.12,7763.0
2026-08-25,2026-08-25 10:10:00,31.125,31.125,30.93,30.93,11760.0
2026-08-25,2026-08-25 10:15:00,31.03,31.04,30.92,30.92,1995.0
2026-08-25,2026-08-25 10:20:00,30.915,31.285,30.915,31.16,7202.0
2026-08-25,2026-08-25 10:25:00,31.265,31.32,31.22,31.27,6994.0
2026-08-25,2026-08-25 10:30:00,31.26,31.26,31.2,31.2,1614.0
2026-08-25,2026-08-25 10:35:00,31.16,31.23,31.1,31.185,4454.0
2026-08-25,2026-08-25 10:40:00,31.13,31.325,31.09,31.315,8792.0
2026-08-25,2026-08-25 10:45:00,31.31,31.31,31.16,31.16,3193.0
2026-08-25,2026-08-25 10:50:00,31.205,31.285,31.205,31.22,5777.0
2026-08-25,2026-08-25 10:55:00,31.24,31.44,31.24,31.44,20185.0
2026-08-25,2026-08-25 11:00:00,31.38,31.425,31.33,31.37,2710.0
2026-08-25,2026-08-25 11:05:00,31.38,31.41,31.38,31.4,2683.0
2026-08-25,2026-08-25 11:10:00,31.385,31.42,31.37,31.37,4891.0
2026-08-25,2026-08-25 11:15:00,31.33,31.33,31.24,31.24,5157.0
2026-08-25,2026-08-25 11:20:00,31.26,31.27,31.2,31.2,3107.0
2026-08-25,2026-08-25 11:25:00,31.24,31.26,31.19,31.19,2226.0
2026-08-25,2026-08-25 11:30:00,31.26,31.33,31.26,31.32,3971.0
2026-08-25,2026-08-25 11:35:00,31.3,31.31,31.26,31.26,3145.0
2026-08-25,2026-08-25 11:40:00,31.26,31.26,31.26,31.26,958.0
2026-08-25,2026-08-25 11:45:00,31.18,31.19,31.135,31.135,2871.0
2026-08-25,2026-08-25 11:50:00,31.16,31.16,31.1545,31.1545,1763.0
2026-08-25,2026-08-25 11:55:00,31.14,31.14,31.055,31.085,5639.0
2026-08-25,2026-08-25 12:00:00,31.1,31.15,31.1,31.15,4737.0
2026-08-25,2026-08-25 12:05:00,31.17,31.23,31.16,31.18,6292.0
2026-08-25,2026-08-25 12:10:00,31.17,31.185,31.125,31.185,4899.0
2026-08-25,2026-08-25 12:15:00,31.15,31.15,31.085,31.085,1491.0
2026-08-25,2026-08-25 12:20:00,31.105,31.12,31.1,31.1,4447.0
2026-08-25,2026-08-25 12:25:00,31.08,31.08,31.06,31.06,4150.0
2026-08-25,2026-08-25 12:30:00,31.055,31.06,31.04,31.04,2231.0
2026-08-25,2026-08-25 12:35:00,31.05,31.175,31.035,31.175,8068.0
2026-08-25,2026-08-25 12:40:00,31.19,31.195,31.08,31.1072,15122.0
2026-08-25,2026-08-25 12:45:00,31.12,31.12,31.12,31.12,1328.0
2026-08-25,2026-08-25 12:50:00,31.12,31.13,31.1,31.1,2882.0
2026-08-25,2026-08-25 12:55:00,31.1,31.21,31.1,31.19,7671.0
2026-08-25,2026-08-25 13:00:00,31.18,31.18,31.13,31.155,2134.0
2026-08-25,2026-08-25 13:05:00,31.13,31.1415,31.12,31.135,1269.0
2026-08-25,2026-08-25 13:10:00,31.16,31.16,31.085,31.085,1804.0
2026-08-25,2026-08-25 13:15:00,31.1,31.15,31.1,31.13,2724.0
2026-08-25,2026-08-25 13:20:00,31.12,31.17,31.1,31.16,2599.0
2026-08-25,2026-08-25 13:25:00,31.14,31.18,31.14,31.18,3240.0
2026-08-25,2026-08-25 13:30:00,31.22,31.25,31.21,31.25,3282.0
2026-08-25,2026-08-25 13:35:00,31.25,31.32,31.24,31.315,4215.0
2026-08-25,2026-08-25 13:40:00,31.315,31.34,31.24,31.25,6534.0
2026-08-25,2026-08-25 13:45:00,31.235,31.25,31.17,31.17,4262.0
2026-08-25,2026-08-25 13:50:00,31.18,31.2,31.155,31.2,3103.0
2026-08-25,2026-08-25 13:55:00,31.21,31.23,31.19,31.19,3192.0
2026-08-25,2026-08-25 14:00:00,31.2,31.235,31.2,31.23,3778.0
2026-08-25,2026-08-25 14:05:00,31.22,31.22,31.2,31.2,2874.0
2026-08-25,2026-08-25 14:10:00,31.2,31.29,31.18,31.29,6972.0
2026-08-25,2026-08-25 14:15:00,31.28,31.28,31.2,31.25,4690.0
2026-08-25,2026-08-25 14:20:00,31.24,31.24,31.23,31.23,1527.0
2026-08-25,2026-08-25 14:25:00,31.23,31.29,31.2,31.26,13433.0
2026-08-25,2026-08-25 14:30:00,31.28,31.35,31.28,31.335,2902.0
2026-08-25,2026-08-25 14:35:00,31.34,31.35,31.33,31.34,4610.0
2026-08-25,2026-08-25 14:40:00,31.34,31.36,31.31,31.32,4714.0
2026-08-25,2026-08-25 14:45:00,31.295,31.36,31.26,31.26,12040.0
2026-08-25,2026-08-25 14:50:00,31.28,31.3,31.27,31.3,2603.0
2026-08-25,2026-08-25 14:55:00,31.295,31.32,31.285,31.31,4695.0
2026-08-25,2026-08-25 15:00:00,31.32,31.32,31.2,31.2,3140.0
2026-08-25,2026-08-25 15:05:00,31.195,31.195,31.18,31.1801,1976.0
2026-08-25,2026-08-25 15:10:00,31.18,31.21,31.165,31.165,3397.0
2026-08-25,2026-08-25 15:15:00,31.16,31.16,31.135,31.135,2844.0
2026-08-25,2026-08-25 15:20:00,31.15,31.31,31.135,31.31,11549.0
2026-08-25,2026-08-25 15:25:00,31.35,31.36,31.325,31.34,5767.0
2026-08-25,2026-08-25 15:30:00,31.366,31.37,31.34,31.355,7919.0
2026-08-25,2026-08-25 15:35:00,31.37,31.439,31.36,31.395,11933.0
2026-08-25,2026-08-25 15:40:00,31.39,31.39,31.275,31.32,11823.0
2026-08-25,2026-08-25 15:45:00,31.35,31.4,31.35,31.4,4151.0
2026-08-25,2026-08-25 15:50:00,31.405,31.43,31.33,31.41,17484.0
2026-08-25,2026-08-25 15:55:00,31.4,31.4525,31.36,31.39,15842.0
2026-08-25,2026-08-25 16:00:00,31.39,31.58,31.37,31.57,211485.0
2026-08-26,2026-08-26 09:35:00,31.34,31.455,30.98,31.13,19977.0
2026-08-26,2026-08-26 09:40:00,31.01,31.01,30.78,30.81,2570.0
2026-08-26,2026-08-26 09:45:00,30.93,30.945,30.81,30.81,2128.0
2026-08-26,2026-08-26 09:50:00,30.795,30.935,30.49,30.72,5417.0
2026-08-26,2026-08-26 09:55:00,30.6,30.875,30.6,30.875,29948.0
2026-08-26,2026-08-26 10:00:00,30.885,30.945,30.86,30.865,2325.0
2026-08-26,2026-08-26 10:05:00,30.8725,31.08,30.865,31.08,4564.0
2026-08-26,2026-08-26 10:10:00,31.02,31.03,30.94,30.985,19722.0
2026-08-26,2026-08-26 10:15:00,31.04,31.09,30.87,30.905,35008.0
2026-08-26,2026-08-26 10:20:00,30.95,30.96,30.54,30.54,8938.0
2026-08-26,2026-08-26 10:25:00,30.59,30.665,30.53,30.635,9789.0
2026-08-26,2026-08-26 10:30:00,30.63,30.63,30.455,30.455,7852.0
2026-08-26,2026-08-26 10:35:00,30.455,30.51,30.35,30.36,8308.0
2026-08-26,2026-08-26 10:40:00,30.3,30.34,30.3,30.34,1547.0
2026-08-26,2026-08-26 10:45:00,30.34,30.43,30.33,30.37,8512.0
2026-08-26,2026-08-26 10:50:00,30.32,30.41,30.31,30.41,2935.0
2026-08-26,2026-08-26 10:55:00,30.41,30.55,30.37,30.545,3390.0
2026-08-26,2026-08-26 11:00:00,30.65,30.72,30.63,30.66,6593.0
2026-08-26,2026-08-26 11:05:00,30.64,30.665,30.52,30.52,4108.0
2026-08-26,2026-08-26 11:10:00,30.47,30.625,30.47,30.625,11956.0
2026-08-26,2026-08-26 11:15:00,30.63,30.63,30.57,30.61,3586.0
2026-08-26,2026-08-26 11:20:00,30.605,30.74,30.605,30.74,3672.0
2026-08-26,2026-08-26 11:25:00,30.715,30.715,30.62,30.65,5409.0
2026-08-26,2026-08-26 11:30:00,30.64,30.68,30.59,30.64,5990.0
2026-08-26,2026-08-26 11:35:00,30.61,30.61,30.51,30.51,1977.0
2026-08-26,2026-08-26 11:40:00,30.53,30.63,30.53,30.615,3196.0
2026-08-26,2026-08-26 11:45:00,30.6,30.61,30.58,30.6,3570.0
2026-08-26,2026-08-26 11:50:00,30.59,30.64,30.59,30.615,5769.0
2026-08-26,2026-08-26 11:55:00,30.59,30.59,30.52,30.52,1558.0
2026-08-26,2026-08-26 12:00:00,30.52,30.6,30.52,30.6,3396.0
2026-08-26,2026-08-26 12:05:00,30.58,30.63,30.58,30.63,1885.0
2026-08-26,2026-08-26 12:10:00,30.62,30.69,30.605,30.69,4007.0
2026-08-26,2026-08-26 12:15:00,30.69,30.715,30.67,30.715,10542.0
2026-08-26,2026-08-26 12:20:00,30.7,30.7,30.66,30.66,1515.0
2026-08-26,2026-08-26 12:25:00,30.6873,30.88,30.6873,30.845,11665.0
2026-08-26,2026-08-26 12:30:00,30.83,30.84,30.79,30.84,2011.0
2026-08-26,2026-08-26 12:35:00,30.85,30.93,30.85,30.93,4411.0
2026-08-26,2026-08-26 12:40:00,30.91,30.91,30.86,30.87,2270.0
2026-08-26,2026-08-26 12:45:00,30.9,30.93,30.89,30.89,1618.0
2026-08-26,2026-08-26 12:50:00,30.88,30.88,30.875,30.875,1606.0
2026-08-26,2026-08-26 12:55:00,30.86,30.88,30.85,30.88,2138.0
2026-08-26,2026-08-26 13:00:00,30.88,30.945,30.88,30.945,2405.0
2026-08-26,2026-08-26 13:05:00,30.96,31.02,30.96,31.02,3254.0
2026-08-26,2026-08-26 13:10:00,31.03,31.03,31.0,31.0,1386.0
2026-08-26,2026-08-26 13:15:00,31.0,31.0,30.97,30.97,1757.0
2026-08-26,2026-08-26 13:20:00,30.95,30.97,30.93,30.94,3145.0
2026-08-26,2026-08-26 13:25:00,30.92,30.92,30.89,30.91,2425.0
2026-08-26,2026-08-26 13:30:00,30.89,30.9,30.89,30.9,683.0
2026-08-26,2026-08-26 13:35:00,30.91,30.95,30.89,30.9,3497.0
2026-08-26,2026-08-26 13:40:00,30.88,30.89,30.87,30.87,971.0
2026-08-26,2026-08-26 13:45:00,30.885,30.99,30.86,30.99,9365.0
2026-08-26,2026-08-26 13:50:00,30.99,31.015,30.97,30.97,1980.0
2026-08-26,2026-08-26 13:55:00,30.95,30.97,30.89,30.89,2617.0
2026-08-26,2026-08-26 14:00:00,30.89,30.94,30.88,30.91,6614.0
2026-08-26,2026-08-26 14:05:00,30.91,30.92,30.88,30.88,2536.0
2026-08-26,2026-08-26 14:10:00,30.92,30.9699,30.91,30.955,5997.0
2026-08-26,2026-08-26 14:15:00,30.955,31.02,30.955,31.02,3470.0
2026-08-26,2026-08-26 14:20:00,31.05,31.06,31.03,31.03,2455.0
2026-08-26,2026-08-26 14:25:00,31.02,31.05,31.0,31.04,2360.0
2026-08-26,2026-08-26 14:30:00,31.03,31.04,30.91,30.91,2378.0
2026-08-26,2026-08-26 14:35:00,30.94,30.94,30.88,30.91,3260.0
2026-08-26,2026-08-26 14:40:00,30.91,30.94,30.91,30.94,2287.0
2026-08-26,2026-08-26 14:45:00,30.91,30.92,30.86,30.86,2001.0
2026-08-26,2026-08-26 14:50:00,30.86,30.99,30.86,30.885,6905.0
2026-08-26,2026-08-26 14:55:00,30.87,30.88,30.82,30.83,2541.0
2026-08-26,2026-08-26 15:00:00,30.848,30.92,30.83,30.9,7086.0
2026-08-26,2026-08-26 15:05:00,30.89,30.93,30.82,30.82,6795.0
2026-08-26,2026-08-26 15:10:00,30.79,30.86,30.76,30.86,4257.0
2026-08-26,2026-08-26 15:15:00,30.88,30.91,30.8601,30.87,2125.0
2026-08-26,2026-08-26 15:20:00,30.875,30.875,30.83,30.84,5682.0
2026-08-26,2026-08-26 15:25:00,30.855,30.875,30.825,30.825,7268.0
2026-08-26,2026-08-26 15:30:00,30.825,30.86,30.74,30.76,7903.0
2026-08-26,2026-08-26 15:35:00,30.78,30.84,30.745,30.84,13283.0
2026-08-26,2026-08-26 15:40:00,30.86,30.91,30.84,30.9,7777.0
2026-08-26,2026-08-26 15:45:00,30.91,30.91,30.83,30.84,10739.0
2026-08-26,2026-08-26 15:50:00,30.835,30.88,30.7801,30.865,21106.0
2026-08-26,2026-08-26 15:55:00,30.85,30.88,30.805,30.86,16156.0
2026-08-26,2026-08-26 16:00:00,30.88,30.92,30.74,30.76,209446.0
2026-08-27,2026-08-27 09:35:00,30.75,30.81,30.42,30.79,17456.0
2026-08-27,2026-08-27 09:40:00,30.605,30.99,30.605,30.98,4108.0
2026-08-27,2026-08-27 09:45:00,30.98,31.01,30.83,30.83,1482.0
2026-08-27,2026-08-27 09:50:00,30.83,30.83,30.69,30.69,774.0
2026-08-27,2026-08-27 09:55:00,30.68,30.75,30.68,30.69,842.0
2026-08-27,2026-08-27 10:00:00,30.63,30.67,30.49,30.49,1239.0
2026-08-27,2026-08-27 10:05:00,30.48,30.49,30.47,30.49,2214.0
2026-08-27,2026-08-27 10:10:00,30.515,30.515,30.515,30.515,776.0
2026-08-27,2026-08-27 10:15:00,30.525,30.525,30.405,30.44,1732.0
2026-08-27,2026-08-27 10:20:00,30.535,30.57,30.535,30.57,5147.0
2026-08-27,2026-08-27 10:25:00,30.585,30.66,30.54,30.5925,8909.0
2026-08-27,2026-08-27 10:30:00,30.59,30.6699,30.59,30.61,5748.0
2026-08-27,2026-08-27 10:35:00,30.55,30.61,30.49,30.585,10545.0
2026-08-27,2026-08-27 10:40:00,30.605,30.655,30.5601,30.62,6019.0
2026-08-27,2026-08-27 10:45:00,30.7,30.7,30.595,30.595,3457.0
2026-08-27,2026-08-27 10:50:00,30.61,30.69,30.61,30.68,4897.0
2026-08-27,2026-08-27 10:55:00,30.69,30.72,30.68,30.72,3297.0
2026-08-27,2026-08-27 11:00:00,30.725,30.82,30.725,30.8,10549.0
2026-08-27,2026-08-27 11:05:00,30.8,30.88,30.75,30.76,12404.0
2026-08-27,2026-08-27 11:10:00,30.72,30.85,30.7,30.81,6972.0
2026-08-27,2026-08-27 11:15:00,30.79,30.79,30.73,30.79,2875.0
2026-08-27,2026-08-27 11:20:00,30.76,30.815,30.76,30.77,3142.0
2026-08-27,2026-08-27 11:25:00,30.78,30.78,30.715,30.715,3520.0
2026-08-27,2026-08-27 11:30:00,30.715,30.75,30.705,30.705,3324.0
2026-08-27,2026-08-27 11:35:00,30.705,30.74,30.56,30.56,6535.0
2026-08-27,2026-08-27 11:40:00,30.555,30.555,30.49,30.49,3197.0
2026-08-27,2026-08-27 11:45:00,30.5,30.535,30.46,30.47,5517.0
2026-08-27,2026-08-27 11:50:00,30.47,30.47,30.36,30.385,31657.0
2026-08-27,2026-08-27 11:55:00,30.39,30.455,30.37,30.43,6619.0
2026-08-27,2026-08-27 12:00:00,30.43,30.58,30.43,30.58,14712.0
2026-08-27,2026-08-27 12:05:00,30.58,30.59,30.52,30.56,3500.0
2026-08-27,2026-08-27 12:10:00,30.58,30.6,30.58,30.6,2530.0
2026-08-27,2026-08-27 12:15:00,30.605,30.615,30.59,30.6,3894.0
2026-08-27,2026-08-27 12:20:00,30.5601,30.585,30.54,30.57,5486.0
2026-08-27,2026-08-27 12:25:00,30.6,30.6825,30.59,30.65,13442.0
2026-08-27,2026-08-27 12:30:00,30.63,30.67,30.63,30.67,6325.0
2026-08-27,2026-08-27 12:35:00,30.665,30.67,30.605,30.61,7821.0
2026-08-27,2026-08-27 12:40:00,30.64,30.725,30.58,30.585,19898.0
2026-08-27,2026-08-27 12:45:00,30.58,30.665,30.56,30.665,11891.0
2026-08-27,2026-08-27 12:50:00,30.655,30.69,30.655,30.66,2223.0
2026-08-27,2026-08-27 12:55:00,30.63,30.64,30.5784,30.64,4928.0
2026-08-27,2026-08-27 13:00:00,30.61,30.67,30.61,30.67,4788.0
2026-08-27,2026-08-27 13:05:00,30.68,30.705,30.65,30.65,2350.0
2026-08-27,2026-08-27 13:10:00,30.645,30.67,30.645,30.67,1151.0
2026-08-27,2026-08-27 13:15:00,30.68,30.77,30.68,30.72,3390.0
2026-08-27,2026-08-27 13:20:00,30.745,30.81,30.745,30.8,3580.0
2026-08-27,2026-08-27 13:25:00,30.78,30.795,30.69,30.73,7221.0
2026-08-27,2026-08-27 13:30:00,30.74,30.74,30.665,30.665,3576.0
2026-08-27,2026-08-27 13:35:00,30.665,30.71,30.64,30.71,4732.0
2026-08-27,2026-08-27 13:40:00,30.71,30.745,30.71,30.73,3105.0
2026-08-27,2026-08-27 13:45:00,30.72,30.72,30.67,30.685,1945.0
2026-08-27,2026-08-27 13:50:00,30.68,30.68,30.64,30.65,3516.0
2026-08-27,2026-08-27 13:55:00,30.65,30.66,30.62,30.63,4016.0
2026-08-27,2026-08-27 14:00:00,30.63,30.63,30.59,30.6,1452.0
2026-08-27,2026-08-27 14:05:00,30.58,30.59,30.56,30.575,6415.0
2026-08-27,2026-08-27 14:10:00,30.57,30.605,30.57,30.59,4388.0
2026-08-27,2026-08-27 14:15:00,30.6,30.61,30.56,30.59,5260.0
2026-08-27,2026-08-27 14:20:00,30.61,30.68,30.605,30.675,2892.0
2026-08-27,2026-08-27 14:25:00,30.685,30.695,30.635,30.64,3130.0
2026-08-27,2026-08-27 14:30:00,30.64,30.645,30.59,30.62,5610.0
2026-08-27,2026-08-27 14:35:00,30.63,30.635,30.62,30.63,3160.0
2026-08-27,2026-08-27 14:40:00,30.63,30.63,30.63,30.63,576.0
2026-08-27,2026-08-27 14:45:00,30.62,30.63,30.51,30.51,8162.0
2026-08-27,2026-08-27 14:50:00,30.505,30.57,30.5,30.57,4762.0
2026-08-27,2026-08-27 14:55:00,30.56,30.56,30.52,30.52,3944.0
2026-08-27,2026-08-27 15:00:00,30.53,30.53,30.53,30.53,1605.0
2026-08-27,2026-08-27 15:05:00,30.55,30.57,30.53,30.57,4800.0
2026-08-27,2026-08-27 15:10:00,30.57,30.57,30.525,30.53,2696.0
2026-08-27,2026-08-27 15:15:00,30.53,30.5625,30.51,30.545,6970.0
2026-08-27,2026-08-27 15:20:00,30.55,30.56,30.545,30.56,4059.0
2026-08-27,2026-08-27 15:25:00,30.58,30.595,30.55,30.58,6564.0
2026-08-27,2026-08-27 15:30:00,30.58,30.675,30.575,30.67,16155.0
2026-08-27,2026-08-27 15:35:00,30.65,30.7,30.65,30.7,7057.0
2026-08-27,2026-08-27 15:40:00,30.68,30.72,30.665,30.665,10952.0
2026-08-27,2026-08-27 15:45:00,30.665,30.665,30.57,30.65,19761.0
2026-08-27,2026-08-27 15:50:00,30.65,30.66,30.575,30.58,9191.0
2026-08-27,2026-08-27 15:55:00,30.6,30.665,30.56,30.615,38478.0
2026-08-27,2026-08-27 16:00:00,30.64,30.81,30.59,30.59,229543.0
2026-08-28,2026-08-28 09:35:00,30.13,30.435,29.73,29.96,12553.0
2026-08-28,2026-08-28 09:40:00,29.91,30.26,29.91,29.95,8082.0
2026-08-28,2026-08-28 09:45:00,30.1,30.2,29.91,29.97,13673.0
2026-08-28,2026-08-28 09:50:00,29.9775,30.24,29.9775,30.0675,7503.0
2026-08-28,2026-08-28 09:55:00,30.08,30.15,30.025,30.13,9087.0
2026-08-28,2026-08-28 10:00:00,30.15,30.15,30.15,30.15,1105.0
2026-08-28,2026-08-28 10:05:00,30.26,30.29,29.95,29.95,8174.0
2026-08-28,2026-08-28 10:10:00,29.88,29.955,29.85,29.9,29941.0
2026-08-28,2026-08-28 10:15:00,29.92,29.92,29.74,29.84,10594.0
2026-08-28,2026-08-28 10:20:00,29.85,29.995,29.85,29.93,3592.0
2026-08-28,2026-08-28 10:25:00,29.92,29.96,29.91,29.93,2094.0
2026-08-28,2026-08-28 10:30:00,29.955,30.04,29.92,30.04,24262.0
2026-08-28,2026-08-28 10:35:00,30.065,30.11,29.99,30.11,8164.0
2026-08-28,2026-08-28 10:40:00,30.17,30.21,30.17,30.21,4285.0
2026-08-28,2026-08-28 10:45:00,30.21,30.21,30.1194,30.15,4525.0
2026-08-28,2026-08-28 10:50:00,30.11,30.14,30.0,30.03,3216.0
2026-08-28,2026-08-28 10:55:00,30.025,30.125,30.0,30.075,32220.0
2026-08-28,2026-08-28 11:00:00,30.11,30.16,30.08,30.115,6173.0
2026-08-28,2026-08-28 11:05:00,30.075,30.075,30.0,30.0,2600.0
2026-08-28,2026-08-28 11:10:00,30.0,30.035,29.95,29.95,9415.0
2026-08-28,2026-08-28 11:15:00,29.925,29.98,29.885,29.98,2547.0
2026-08-28,2026-08-28 11:20:00,29.96,29.98,29.9376,29.97,3912.0
2026-08-28,2026-08-28 11:25:00,29.985,29.99,29.86,29.86,3620.0
2026-08-28,2026-08-28 11:30:00,29.91,29.92,29.85,29.92,4142.0
2026-08-28,2026-08-28 11:35:00,29.925,30.0,29.89,29.92,46947.0
2026-08-28,2026-08-28 11:40:00,29.96,29.9699,29.89,29.9699,3812.0
2026-08-28,2026-08-28 11:45:00,29.9,29.93,29.81,29.81,4859.0
2026-08-28,2026-08-28 11:50:00,29.835,29.835,29.73,29.73,5169.0
2026-08-28,2026-08-28 11:55:00,29.69,29.71,29.62,29.62,5253.0
2026-08-28,2026-08-28 12:00:00,29.6,29.61,29.435,29.44,6132.0
2026-08-28,2026-08-28 12:05:00,29.42,29.5,29.2801,29.5,40007.0
2026-08-28,2026-08-28 12:10:00,29.56,29.63,29.545,29.595,18822.0
2026-08-28,2026-08-28 12:15:00,29.615,29.615,29.49,29.49,5283.0
2026-08-28,2026-08-28 12:20:00,29.495,29.495,29.47,29.47,2384.0
2026-08-28,2026-08-28 12:25:00,29.46,29.49,29.46,29.49,3143.0
2026-08-28,2026-08-28 12:30:00,29.49,29.49,29.45,29.46,3063.0
2026-08-28,2026-08-28 12:35:00,29.45,29.46,29.37,29.39,4025.0
2026-08-28,2026-08-28 12:40:00,29.43,29.45,29.43,29.45,2352.0
2026-08-28,2026-08-28 12:45:00,29.41,29.46,29.41,29.42,2584.0
2026-08-28,2026-08-28 12:50:00,29.435,29.435,29.435,29.435,1215.0
2026-08-28,2026-08-28 12:55:00,29.39,29.4,29.36,29.36,2299.0
2026-08-28,2026-08-28 13:00:00,29.35,29.39,29.28,29.28,9819.0
2026-08-28,2026-08-28 13:05:00,29.235,29.27,29.22,29.22,11226.0
2026-08-28,2026-08-28 13:10:00,29.27,29.27,29.19,29.22,5759.0
2026-08-28,2026-08-28 13:15:00,29.1902,29.23,29.1902,29.23,2086.0
2026-08-28,2026-08-28 13:20:00,29.23,29.245,29.22,29.22,3164.0
2026-08-28,2026-08-28 13:25:00,29.21,29.27,29.21,29.25,4449.0
2026-08-28,2026-08-28 13:30:00,29.28,29.31,29.27,29.27,4875.0
2026-08-28,2026-08-28 13:35:00,29.27,29.285,29.2,29.23,5051.0
2026-08-28,2026-08-28 13:40:00,29.26,29.275,29.25,29.25,3881.0
2026-08-28,2026-08-28 13:45:00,29.22,29.25,29.21,29.21,2431.0
2026-08-28,2026-08-28 13:50:00,29.19,29.19,29.18,29.18,2411.0
2026-08-28,2026-08-28 13:55:00,29.17,29.19,29.17,29.17,3094.0
2026-08-28,2026-08-28 14:00:00,29.18,29.2,29.18,29.18,2319.0
2026-08-28,2026-08-28 14:05:00,29.17,29.17,29.1,29.15,7948.0
2026-08-28,2026-08-28 14:10:00,29.16,29.16,29.06,29.1,3790.0
2026-08-28,2026-08-28 14:15:00,29.08,29.15,29.065,29.15,5327.0
2026-08-28,2026-08-28 14:20:00,29.17,29.34,29.17,29.3125,31885.0
2026-08-28,2026-08-28 14:25:00,29.28,29.32,29.24,29.32,8405.0
2026-08-28,2026-08-28 14:30:00,29.27,29.27,29.21,29.21,3014.0
2026-08-28,2026-08-28 14:35:00,29.21,29.21,29.2,29.2,2389.0
2026-08-28,2026-08-28 14:40:00,29.23,29.34,29.23,29.23,37640.0
2026-08-28,2026-08-28 14:45:00,29.23,29.25,29.21,29.215,12634.0
2026-08-28,2026-08-28 14:50:00,29.23,29.25,29.22,29.23,7196.0
2026-08-28,2026-08-28 14:55:00,29.24,29.35,29.2375,29.315,12300.0
2026-08-28,2026-08-28 15:00:00,29.33,29.33,29.27,29.27,3980.0
2026-08-28,2026-08-28 15:05:00,29.27,29.32,29.23,29.29,5754.0
2026-08-28,2026-08-28 15:10:00,29.26,29.28,29.25,29.25,2608.0
2026-08-28,2026-08-28 15:15:00,29.275,29.31,29.275,29.31,6813.0
2026-08-28,2026-08-28 15:20:00,29.31,29.36,29.285,29.36,10031.0
2026-08-28,2026-08-28 15:25:00,29.39,29.44,29.375,29.44,5809.0
2026-08-28,2026-08-28 15:30:00,29.43,29.52,29.43,29.515,36713.0
2026-08-28,2026-08-28 15:35:00,29.53,29.535,29.455,29.46,31528.0
2026-08-28,2026-08-28 15:40:00,29.455,29.54,29.44,29.515,28237.0
2026-08-28,2026-08-28 15:45:00,29.515,29.53,29.455,29.47,12078.0
2026-08-28,2026-08-28 15:50:00,29.5,29.61,29.47,29.54,60724.0
2026-08-28,2026-08-28 15:55:00,29.56,29.59,29.445,29.45,41009.0
2026-08-28,2026-08-28 16:00:00,29.47,29.47,29.16,29.21,236076.0
2026-08-31,2026-08-31 09:35:00,28.89,29.03,28.2274,28.6832,12310.0
2026-08-31,2026-08-31 09:40:00,28.747,28.747,28.48,28.74,7771.0
2026-08-31,2026-08-31 09:45:00,28.75,28.9,28.75,28.792,2146.0
2026-08-31,2026-08-31 09:50:00,28.795,28.94,28.6,28.6,2962.0
2026-08-31,2026-08-31 09:55:00,28.58,28.58,28.42,28.57,3269.0
2026-08-31,2026-08-31 10:00:00,28.5525,28.5525,28.5525,28.5525,958.0
2026-08-31,2026-08-31 10:05:00,28.57,28.65,28.525,28.65,3955.0
2026-08-31,2026-08-31 10:10:00,28.65,28.786,28.6,28.73,14639.0
2026-08-31,2026-08-31 10:15:00,28.726,28.73,28.5,28.5,8539.0
2026-08-31,2026-08-31 10:20:00,28.47,28.56,28.41,28.47,7131.0
2026-08-31,2026-08-31 10:25:00,28.45,28.45,28.3201,28.446,8586.0
2026-08-31,2026-08-31 10:30:00,28.46,28.55,28.46,28.54,1921.0
2026-08-31,2026-08-31 10:35:00,28.54,28.58,28.5,28.5,3274.0
2026-08-31,2026-08-31 10:40:00,28.58,28.62,28.555,28.62,2867.0
2026-08-31,2026-08-31 10:45:00,28.59,28.655,28.49,28.49,10238.0
2026-08-31,2026-08-31 10:50:00,28.45,28.5,28.44,28.475,4170.0
2026-08-31,2026-08-31 10:55:00,28.46,28.46,28.38,28.39,3600.0
2026-08-31,2026-08-31 11:00:00,28.41,28.435,28.41,28.435,2381.0
2026-08-31,2026-08-31 11:05:00,28.47,28.48,28.3401,28.3401,4744.0
2026-08-31,2026-08-31 11:10:00,28.37,28.51,28.37,28.49,15335.0
2026-08-31,2026-08-31 11:15:00,28.52,28.53,28.47,28.47,3661.0
2026-08-31,2026-08-31 11:20:00,28.49,28.52,28.49,28.52,2877.0
2026-08-31,2026-08-31 11:25:00,28.52,28.55,28.52,28.53,6200.0
2026-08-31,2026-08-31 11:30:00,28.54,28.58,28.54,28.57,3428.0
2026-08-31,2026-08-31 11:35:00,28.55,28.57,28.55,28.565,1929.0
2026-08-31,2026-08-31 11:40:00,28.59,28.59,28.55,28.55,3418.0
2026-08-31,2026-08-31 11:45:00,28.565,28.57,28.52,28.52,5320.0
2026-08-31,2026-08-31 11:50:00,28.535,28.59,28.535,28.56,2991.0
2026-08-31,2026-08-31 11:55:00,28.565,28.635,28.565,28.635,8553.0
2026-08-31,2026-08-31 12:00:00,28.66,28.66,28.63,28.63,6937.0
2026-08-31,2026-08-31 12:05:00,28.62,28.63,28.6,28.63,3109.0
2026-08-31,2026-08-31 12:10:00,28.62,28.63,28.59,28.59,2293.0
2026-08-31,2026-08-31 12:15:00,28.57,28.585,28.47,28.58,16269.0
2026-08-31,2026-08-31 12:20:00,28.56,28.56,28.56,28.56,1046.0
2026-08-31,2026-08-31 12:25:00,28.545,28.55,28.52,28.52,3202.0
2026-08-31,2026-08-31 12:30:00,28.53,28.55,28.53,28.55,1330.0
2026-08-31,2026-08-31 12:35:00,28.52,28.6,28.52,28.6,14467.0
2026-08-31,2026-08-31 12:40:00,28.58,28.58,28.55,28.55,2769.0
2026-08-31,2026-08-31 12:45:00,28.54,28.57,28.54,28.55,2414.0
2026-08-31,2026-08-31 12:50:00,28.549,28.65,28.54,28.64,15159.0
2026-08-31,2026-08-31 12:55:00,28.61,28.705,28.61,28.68,14851.0
2026-08-31,2026-08-31 13:00:00,28.68,28.685,28.65,28.685,2712.0
2026-08-31,2026-08-31 13:05:00,28.68,28.69,28.68,28.68,1851.0
2026-08-31,2026-08-31 13:10:00,28.7,28.725,28.68,28.725,2902.0
2026-08-31,2026-08-31 13:15:00,28.75,28.75,28.7,28.7,4871.0
2026-08-31,2026-08-31 13:20:00,28.71,28.71,28.66,28.66,1664.0
2026-08-31,2026-08-31 13:25:00,28.65,28.65,28.62,28.65,3048.0
2026-08-31,2026-08-31 13:30:00,28.63,28.64,28.61,28.62,2219.0
2026-08-31,2026-08-31 13:35:00,28.62,28.65,28.6,28.65,3720.0
2026-08-31,2026-08-31 13:40:00,28.64,28.66,28.63,28.63,1212.0
2026-08-31,2026-08-31 13:45:00,28.61,28.64,28.605,28.63,4261.0
2026-08-31,2026-08-31 13:50:00,28.62,28.62,28.59,28.6,2885.0
2026-08-31,2026-08-31 13:55:00,28.605,28.67,28.605,28.67,3171.0
2026-08-31,2026-08-31 14:00:00,28.69,28.69,28.645,28.665,4745.0
2026-08-31,2026-08-31 14:05:00,28.68,28.75,28.68,28.73,18916.0
2026-08-31,2026-08-31 14:10:00,28.71,28.755,28.71,28.7525,3929.0
2026-08-31,2026-08-31 14:15:00,28.74,28.75,28.72,28.72,2921.0
2026-08-31,2026-08-31 14:20:00,28.725,28.725,28.695,28.695,1710.0
2026-08-31,2026-08-31 14:25:00,28.7,28.735,28.7,28.73,2736.0
2026-08-31,2026-08-31 14:30:00,28.73,28.77,28.7,28.77,15591.0
2026-08-31,2026-08-31 14:35:00,28.78,28.79,28.77,28.79,4485.0
2026-08-31,2026-08-31 14:40:00,28.79,28.8,28.78,28.79,6547.0
2026-08-31,2026-08-31 14:45:00,28.77,28.78,28.765,28.775,3413.0
2026-08-31,2026-08-31 14:50:00,28.79,28.8,28.79,28.8,2886.0
2026-08-31,2026-08-31 14:55:00,28.79,28.845,28.79,28.845,15465.0
2026-08-31,2026-08-31 15:00:00,28.845,28.85,28.84,28.84,8301.0
2026-08-31,2026-08-31 15:05:00,28.84,28.84,28.8,28.8,2388.0
2026-08-31,2026-08-31 15:10:00,28.8,28.84,28.8,28.83,3406.0
2026-08-31,2026-08-31 15:15:00,28.825,28.84,28.825,28.83,3049.0
2026-08-31,2026-08-31 15:20:00,28.85,28.86,28.82,28.85,6042.0
2026-08-31,2026-08-31 15:25:00,28.85,28.9,28.85,28.9,6937.0
2026-08-31,2026-08-31 15:30:00,28.939,29.03,28.925,29.02,24367.0
2026-08-31,2026-08-31 15:35:00,29.02,29.06,28.99,29.02,9040.0
2026-08-31,2026-08-31 15:40:00,29.03,29.07,29.015,29.07,17276.0
2026-08-31,2026-08-31 15:45:00,29.08,29.1,28.99,28.99,6970.0
2026-08-31,2026-08-31 15:50:00,28.98,29.12,28.97,29.07,34680.0
2026-08-31,2026-08-31 15:55:00,29.09,29.345,29.09,29.31,36653.0
2026-08-31,2026-08-31 16:00:00,29.31,29.335,29.19,29.28,464570.0
2026-09-01,2026-09-01 09:35:00,29.18,29.68,29.18,29.23,11899.0
2026-09-01,2026-09-01 09:40:00,29.23,29.23,28.9,28.96,5777.0
2026-09-01,2026-09-01 09:45:00,29.095,29.095,29.095,29.095,967.0
2026-09-01,2026-09-01 09:50:00,28.91,28.985,28.81,28.985,3058.0
2026-09-01,2026-09-01 09:55:00,29.05,29.25,29.05,29.25,5739.0
2026-09-01,2026-09-01 10:00:00,29.17,29.25,28.82,28.95,25679.0
2026-09-01,2026-09-01 10:05:00,28.73,28.78,28.68,28.753,4011.0
2026-09-01,2026-09-01 10:10:00,28.79,28.89,28.785,28.8,3468.0
2026-09-01,2026-09-01 10:15:00,28.8,28.87,28.75,28.86,6957.0
2026-09-01,2026-09-01 10:20:00,28.88,29.0,28.85,28.98,21981.0
2026-09-01,2026-09-01 10:25:00,28.95,29.0,28.91,28.98,4989.0
2026-09-01,2026-09-01 10:30:00,29.02,29.07,28.99,28.99,3920.0
2026-09-01,2026-09-01 10:35:00,29.04,29.18,29.04,29.13,3144.0
2026-09-01,2026-09-01 10:40:00,29.16,29.22,29.16,29.22,5582.0
2026-09-01,2026-09-01 10:45:00,29.225,29.41,29.225,29.4,23692.0
2026-09-01,2026-09-01 10:50:00,29.4,29.49,29.4,29.475,6892.0
2026-09-01,2026-09-01 10:55:00,29.475,29.475,29.4,29.41,6258.0
2026-09-01,2026-09-01 11:00:00,29.405,29.41,29.375,29.41,4768.0
2026-09-01,2026-09-01 11:05:00,29.41,29.49,29.39,29.49,3865.0
2026-09-01,2026-09-01 11:10:00,29.465,29.51,29.43,29.445,11003.0
2026-09-01,2026-09-01 11:15:00,29.46,29.54,29.46,29.54,1799.0
2026-09-01,2026-09-01 11:20:00,29.5,29.5,29.37,29.38,7028.0
2026-09-01,2026-09-01 11:25:00,29.37,29.42,29.35,29.42,5388.0
2026-09-01,2026-09-01 11:30:00,29.45,29.5,29.45,29.5,1897.0
2026-09-01,2026-09-01 11:35:00,29.5,29.57,29.47,29.49,7664.0
2026-09-01,2026-09-01 11:40:00,29.51,29.54,29.51,29.54,1003.0
2026-09-01,2026-09-01 11:45:00,29.515,29.54,29.515,29.54,1287.0
2026-09-01,2026-09-01 11:50:00,29.525,29.58,29.525,29.58,6039.0
2026-09-01,2026-09-01 11:55:00,29.595,29.6,29.56,29.57,4765.0
2026-09-01,2026-09-01 12:00:00,29.6,29.62,29.58,29.58,5457.0
2026-09-01,2026-09-01 12:05:00,29.56,29.59,29.56,29.58,5059.0
2026-09-01,2026-09-01 12:10:00,29.55,29.56,29.485,29.56,5793.0
2026-09-01,2026-09-01 12:15:00,29.543825,29.61,29.543825,29.57,4632.0
2026-09-01,2026-09-01 12:20:00,29.55,29.55,29.51,29.52,6150.0
2026-09-01,2026-09-01 12:25:00,29.54,29.58,29.51,29.58,7533.0
2026-09-01,2026-09-01 12:30:00,29.54,29.55,29.43,29.44,6684.0
2026-09-01,2026-09-01 12:35:00,29.445,29.445,29.37,29.42,3551.0
2026-09-01,2026-09-01 12:40:00,29.43,29.49,29.41,29.49,4022.0
2026-09-01,2026-09-01 12:45:00,29.48,29.49,29.451,29.46,3811.0
2026-09-01,2026-09-01 12:50:00,29.49,29.555,29.49,29.54,6852.0
2026-09-01,2026-09-01 12:55:00,29.58,29.72,29.58,29.72,11558.0
2026-09-01,2026-09-01 13:00:00,29.77,29.83,29.755,29.81,6404.0
2026-09-01,2026-09-01 13:05:00,29.81,29.82,29.76,29.76,11781.0
2026-09-01,2026-09-01 13:10:00,29.79,29.84,29.77,29.82,9950.0
2026-09-01,2026-09-01 13:15:00,29.8,29.87,29.8,29.81,4026.0
2026-09-01,2026-09-01 13:20:00,29.82,29.83,29.74,29.765,13065.0
2026-09-01,2026-09-01 13:25:00,29.78,29.78,29.715,29.715,3295.0
2026-09-01,2026-09-01 13:30:00,29.71,29.71,29.68,29.7,4759.0
2026-09-01,2026-09-01 13:35:00,29.71,29.73,29.7,29.71,4729.0
2026-09-01,2026-09-01 13:40:00,29.7,29.73,29.67,29.67,8654.0
2026-09-01,2026-09-01 13:45:00,29.68,29.7,29.67,29.67,1472.0
2026-09-01,2026-09-01 13:50:00,29.67,29.7,29.67,29.7,2619.0
2026-09-01,2026-09-01 13:55:00,29.685,29.73,29.685,29.725,2601.0
2026-09-01,2026-09-01 14:00:00,29.71,29.72,29.67,29.68,4591.0
2026-09-01,2026-09-01 14:05:00,29.69,29.69,29.655,29.68,5347.0
2026-09-01,2026-09-01 14:10:00,29.65,29.695,29.64,29.695,3817.0
2026-09-01,2026-09-01 14:15:00,29.67,29.67,29.59,29.63,7170.0
2026-09-01,2026-09-01 14:20:00,29.63,29.675,29.625,29.65,6326.0
2026-09-01,2026-09-01 14:25:00,29.64,29.745,29.64,29.7,13475.0
2026-09-01,2026-09-01 14:30:00,29.72,29.74,29.71,29.72,3845.0
2026-09-01,2026-09-01 14:35:00,29.73,29.76,29.7,29.71,8191.0
2026-09-01,2026-09-01 14:40:00,29.695,29.7,29.295,29.315,112732.0
2026-09-01,2026-09-01 14:45:00,29.33,29.47,29.24,29.26,213554.0
2026-09-01,2026-09-01 14:50:00,29.24,29.24,28.93,29.11,270716.0
2026-09-01,2026-09-01 14:55:00,29.11,29.23,29.11,29.15,12453.0
2026-09-01,2026-09-01 15:00:00,29.13,29.34,29.13,29.26,20463.0
2026-09-01,2026-09-01 15:05:00,29.29,29.31,29.2,29.31,14461.0
2026-09-01,2026-09-01 15:10:00,29.26,29.26,29.16,29.185,4581.0
2026-09-01,2026-09-01 15:15:00,29.185,29.34,29.185,29.34,9369.0
2026-09-01,2026-09-01 15:20:00,29.315,29.51,29.29,29.45,50110.0
2026-09-01,2026-09-01 15:25:00,29.435,29.45,29.42,29.42,5364.0
2026-09-01,2026-09-01 15:30:00,29.4,29.45,29.4,29.45,7676.0
2026-09-01,2026-09-01 15:35:00,29.45,29.46,29.425,29.46,9359.0
2026-09-01,2026-09-01 15:40:00,29.47,29.5,29.405,29.45,30918.0
2026-09-01,2026-09-01 15:45:00,29.46,29.54,29.46,29.52,9827.0
2026-09-01,2026-09-01 15:50:00,29.53,29.57,29.47,29.53,15114.0
2026-09-01,2026-09-01 15:55:00,29.49,29.59,29.46,29.59,24166.0
2026-09-01,2026-09-01 16:00:00,29.575,29.76,29.485,29.71,273265.0
2026-09-02,2026-09-02 09:35:00,30.17,30.7,30.17,30.69,16960.0
2026-09-02,2026-09-02 09:40:00,30.92,31.47,30.92,31.21,7506.0
2026-09-02,2026-09-02 09:45:00,31.47,31.47,30.81,30.935,7502.0
2026-09-02,2026-09-02 09:50:00,31.01,31.01,30.7759,30.835,3135.0
2026-09-02,2026-09-02 09:55:00,30.82,30.82,30.415,30.44,5184.0
2026-09-02,2026-09-02 10:00:00,30.32,30.36,29.99,29.99,9357.0
2026-09-02,2026-09-02 10:05:00,30.0,30.14,29.9,29.9,17641.0
2026-09-02,2026-09-02 10:10:00,29.99,30.04,29.95,29.96,5647.0
2026-09-02,2026-09-02 10:15:00,30.03,30.03,29.8,29.8,14132.0
2026-09-02,2026-09-02 10:20:00,29.85,29.86,29.73,29.8,31910.0
2026-09-02,2026-09-02 10:25:00,29.765,29.81,29.6,29.67,14442.0
2026-09-02,2026-09-02 10:30:00,29.67,29.67,29.57,29.59,6955.0
2026-09-02,2026-09-02 10:35:00,29.61,29.61,29.38,29.38,6402.0
2026-09-02,2026-09-02 10:40:00,29.39,29.49,29.35,29.41,12466.0
2026-09-02,2026-09-02 10:45:00,29.41,29.7,29.36,29.68,18566.0
2026-09-02,2026-09-02 10:50:00,29.75,29.77,29.585,29.62,32088.0
2026-09-02,2026-09-02 10:55:00,29.56,29.63,29.49,29.54,19678.0
2026-09-02,2026-09-02 11:00:00,29.57,29.61,29.505,29.56,7074.0
2026-09-02,2026-09-02 11:05:00,29.55,29.56,29.47,29.49,18250.0
2026-09-02,2026-09-02 11:10:00,29.6,29.66,29.49,29.635,8177.0
2026-09-02,2026-09-02 11:15:00,29.635,29.66,29.395,29.395,23656.0
2026-09-02,2026-09-02 11:20:00,29.42,29.53,29.395,29.53,22972.0
2026-09-02,2026-09-02 11:25:00,29.53,29.56,29.46,29.49,50420.0
2026-09-02,2026-09-02 11:30:00,29.51,29.54,29.41,29.505,6071.0
2026-09-02,2026-09-02 11:35:00,29.54,29.57,29.44,29.49,6296.0
2026-09-02,2026-09-02 11:40:00,29.495,29.5,29.41,29.44,12666.0
2026-09-02,2026-09-02 11:45:00,29.48,29.61,29.48,29.58,3928.0
2026-09-02,2026-09-02 11:50:00,29.585,29.585,29.52,29.535,13115.0
2026-09-02,2026-09-02 11:55:00,29.56,29.62,29.5,29.62,3864.0
2026-09-02,2026-09-02 12:00:00,29.585,29.66,29.585,29.64,4238.0
2026-09-02,2026-09-02 12:05:00,29.75,29.785,29.655,29.705,13839.0
2026-09-02,2026-09-02 12:10:00,29.705,29.73,29.7,29.72,1642.0
2026-09-02,2026-09-02 12:15:00,29.73,29.81,29.72,29.81,4894.0
2026-09-02,2026-09-02 12:20:00,29.81,29.81,29.72,29.77,2704.0
2026-09-02,2026-09-02 12:25:00,29.745,29.76,29.63,29.665,6135.0
2026-09-02,2026-09-02 12:30:00,29.65,29.65,29.61,29.62,2286.0
2026-09-02,2026-09-02 12:35:00,29.615,29.73,29.615,29.68,14546.0
2026-09-02,2026-09-02 12:40:00,29.68,29.7,29.68,29.7,2585.0
2026-09-02,2026-09-02 12:45:00,29.66,29.67,29.63,29.67,8620.0
2026-09-02,2026-09-02 12:50:00,29.65,29.67,29.61,29.61,9044.0
2026-09-02,2026-09-02 12:55:00,29.61,29.65,29.61,29.64,7770.0
2026-09-02,2026-09-02 13:00:00,29.625,29.64,29.6,29.615,6002.0
2026-09-02,2026-09-02 13:05:00,29.64,29.66,29.63,29.64,8864.0
2026-09-02,2026-09-02 13:10:00,29.64,29.71,29.64,29.71,2925.0
2026-09-02,2026-09-02 13:15:00,29.71,29.71,29.63,29.64,4669.0
2026-09-02,2026-09-02 13:20:00,29.64,29.69,29.635,29.64,8628.0
2026-09-02,2026-09-02 13:25:00,29.63,29.65,29.59,29.59,4679.0
2026-09-02,2026-09-02 13:30:00,29.58,29.58,29.32,29.46,10574.0
2026-09-02,2026-09-02 13:35:00,29.465,29.55,29.465,29.54,2255.0
2026-09-02,2026-09-02 13:40:00,29.55,29.6,29.52,29.54,6176.0
2026-09-02,2026-09-02 13:45:00,29.54,29.54,29.51,29.53,6462.0
2026-09-02,2026-09-02 13:50:00,29.54,29.59,29.53,29.57,5375.0
2026-09-02,2026-09-02 13:55:00,29.57,29.61,29.57,29.585,4221.0
2026-09-02,2026-09-02 14:00:00,29.57,29.64,29.55,29.61,7047.0
2026-09-02,2026-09-02 14:05:00,29.61,29.63,29.54,29.55,10000.0
2026-09-02,2026-09-02 14:10:00,29.545,29.58,29.53,29.58,7861.0
2026-09-02,2026-09-02 14:15:00,29.6,29.615,29.59,29.615,3045.0
2026-09-02,2026-09-02 14:20:00,29.615,29.66,29.615,29.65,6761.0
2026-09-02,2026-09-02 14:25:00,29.67,29.67,29.605,29.62,6564.0
2026-09-02,2026-09-02 14:30:00,29.65,29.67,29.64,29.65,5548.0
2026-09-02,2026-09-02 14:35:00,29.66,29.73,29.66,29.705,11737.0
2026-09-02,2026-09-02 14:40:00,29.73,29.73,29.71,29.72,4227.0
2026-09-02,2026-09-02 14:45:00,29.72,29.73,29.65,29.665,9114.0
2026-09-02,2026-09-02 14:50:00,29.69,29.71,29.66,29.69,4397.0
2026-09-02,2026-09-02 14:55:00,29.72,29.82,29.72,29.72,33106.0
2026-09-02,2026-09-02 15:00:00,29.71,29.71,29.665,29.7,16709.0
2026-09-02,2026-09-02 15:05:00,29.71,29.71,29.61,29.63,15909.0
2026-09-02,2026-09-02 15:10:00,29.64,29.69,29.63,29.63,8946.0
2026-09-02,2026-09-02 15:15:00,29.63,29.66,29.63,29.66,4600.0
2026-09-02,2026-09-02 15:20:00,29.66,29.69,29.65,29.67,8349.0
2026-09-02,2026-09-02 15:25:00,29.66,29.755,29.65,29.715,10668.0
2026-09-02,2026-09-02 15:30:00,29.715,29.72,29.68,29.69,14995.0
2026-09-02,2026-09-02 15:35:00,29.7,29.71,29.61,29.61,13371.0
2026-09-02,2026-09-02 15:40:00,29.63,29.71,29.63,29.7,7270.0
2026-09-02,2026-09-02 15:45:00,29.68,29.78,29.68,29.78,15667.0
2026-09-02,2026-09-02 15:50:00,29.78,29.82,29.76,29.8,17445.0
2026-09-02,2026-09-02 15:55:00,29.77,29.85,29.68,29.8,41783.0
2026-09-02,2026-09-02 16:00:00,29.81,30.02,29.77,29.85,380310.0
2026-09-03,2026-09-03 09:35:00,29.92,29.93,29.62,29.62,7112.0
2026-09-03,2026-09-03 09:40:00,29.625,29.625,29.615,29.615,11526.0
2026-09-03,2026-09-03 09:45:00,29.39,29.45,29.31,29.33,2296.0
2026-09-03,2026-09-03 09:50:00,29.37,29.42,29.195,29.42,18614.0
2026-09-03,2026-09-03 09:55:00,29.4,29.43,29.39,29.43,3015.0
2026-09-03,2026-09-03 10:00:00,29.59,29.59,29.55,29.55,599.0
2026-09-03,2026-09-03 10:05:00,29.46,29.635,29.41,29.635,5358.0
2026-09-03,2026-09-03 10:10:00,29.65,29.8599,29.65,29.8599,13366.0
2026-09-03,2026-09-03 10:15:00,29.84,29.875,29.75,29.845,9070.0
2026-09-03,2026-09-03 10:20:00,29.845,29.875,29.76,29.76,7787.0
2026-09-03,2026-09-03 10:25:00,29.77,29.77,29.61,29.675,4614.0
2026-09-03,2026-09-03 10:30:00,29.695,29.695,29.625,29.625,2337.0
2026-09-03,2026-09-03 10:35:00,29.64,29.71,29.64,29.69,2981.0
2026-09-03,2026-09-03 10:40:00,29.7,29.8,29.7,29.76,2837.0
2026-09-03,2026-09-03 10:45:00,29.76,29.78,29.76,29.78,1085.0
2026-09-03,2026-09-03 10:50:00,29.78,29.85,29.78,29.82,4002.0
2026-09-03,2026-09-03 10:55:00,29.8,29.895,29.8,29.895,3476.0
2026-09-03,2026-09-03 11:00:00,29.85,29.89,29.8,29.88,3032.0
2026-09-03,2026-09-03 11:05:00,29.875,29.93,29.83,29.85,5034.0
2026-09-03,2026-09-03 11:10:00,29.85,29.87,29.77,29.77,3446.0
2026-09-03,2026-09-03 11:15:00,29.76,29.79,29.76,29.79,4119.0
2026-09-03,2026-09-03 11:20:00,29.82,29.84,29.8,29.8,3543.0
2026-09-03,2026-09-03 11:25:00,29.81,29.83,29.78,29.815,5325.0
2026-09-03,2026-09-03 11:30:00,29.84,29.89,29.79,29.875,4395.0
2026-09-03,2026-09-03 11:35:00,29.85,29.85,29.82,29.82,2598.0
2026-09-03,2026-09-03 11:40:00,29.8,29.82,29.79,29.8,4078.0
2026-09-03,2026-09-03 11:45:00,29.82,29.935,29.82,29.91,9011.0
2026-09-03,2026-09-03 11:50:00,29.92,29.96,29.9,29.95,7624.0
2026-09-03,2026-09-03 11:55:00,29.95,29.985,29.95,29.985,3752.0
2026-09-03,2026-09-03 12:00:00,29.96,29.96,29.94,29.96,5240.0
2026-09-03,2026-09-03 12:05:00,29.97,30.0,29.97,30.0,3469.0
2026-09-03,2026-09-03 12:10:00,30.0,30.0,29.98,29.99,2288.0
2026-09-03,2026-09-03 12:15:00,29.99,30.1,29.99,30.04,30506.0
2026-09-03,2026-09-03 12:20:00,30.0649,30.0649,30.01,30.03,4056.0
2026-09-03,2026-09-03 12:25:00,30.03,30.075,30.01,30.075,8191.0
2026-09-03,2026-09-03 12:30:00,30.085,30.09,30.06,30.07,12936.0
2026-09-03,2026-09-03 12:35:00,30.075,30.14,30.075,30.125,10383.0
2026-09-03,2026-09-03 12:40:00,30.15,30.17,30.12,30.17,2937.0
2026-09-03,2026-09-03 12:45:00,30.2,30.2,30.16,30.17,5012.0
2026-09-03,2026-09-03 12:50:00,30.15,30.16,30.13,30.13,3050.0
2026-09-03,2026-09-03 12:55:00,30.15,30.15,30.15,30.15,794.0
2026-09-03,2026-09-03 13:00:00,30.13,30.15,30.13,30.15,1581.0
2026-09-03,2026-09-03 13:05:00,30.11,30.12,30.07,30.1,6018.0
2026-09-03,2026-09-03 13:10:00,30.11,30.11,29.99,29.99,3755.0
2026-09-03,2026-09-03 13:15:00,29.99,30.01,29.98,29.99,3707.0
2026-09-03,2026-09-03 13:20:00,30.01,30.01,29.98,30.01,3339.0
2026-09-03,2026-09-03 13:25:00,30.01,30.01,29.995,30.01,1107.0
2026-09-03,2026-09-03 13:30:00,30.01,30.02,29.995,30.02,1769.0
2026-09-03,2026-09-03 13:35:00,30.025,30.025,29.98,29.98,2868.0
2026-09-03,2026-09-03 13:40:00,29.96,30.0,29.935,29.97,5557.0
2026-09-03,2026-09-03 13:45:00,30.0,30.0,29.98,29.98,1119.0
2026-09-03,2026-09-03 13:50:00,30.0,30.0,29.955,29.955,1674.0
2026-09-03,2026-09-03 13:55:00,29.955,29.955,29.955,29.955,761.0
2026-09-03,2026-09-03 14:00:00,29.94,29.94,29.895,29.895,1595.0
2026-09-03,2026-09-03 14:05:00,29.91,29.92,29.86,29.87,8827.0
2026-09-03,2026-09-03 14:10:00,29.85,29.86,29.835,29.86,1865.0
2026-09-03,2026-09-03 14:15:00,29.8301,29.86,29.78,29.78,5914.0
2026-09-03,2026-09-03 14:20:00,29.785,29.79,29.78,29.78,1058.0
2026-09-03,2026-09-03 14:25:00,29.76,29.785,29.76,29.78,905.0
2026-09-03,2026-09-03 14:30:00,29.76,29.77,29.745,29.75,2963.0
2026-09-03,2026-09-03 14:35:00,29.75,29.79,29.75,29.77,2339.0
2026-09-03,2026-09-03 14:40:00,29.78,29.78,29.75,29.75,1356.0
2026-09-03,2026-09-03 14:45:00,29.75,29.76,29.6,29.68,13042.0
2026-09-03,2026-09-03 14:50:00,29.69,29.7,29.69,29.695,3133.0
2026-09-03,2026-09-03 14:55:00,29.71,29.73,29.69,29.71,3749.0
2026-09-03,2026-09-03 15:00:00,29.72,29.73,29.72,29.73,1645.0
2026-09-03,2026-09-03 15:05:00,29.73,29.73,29.71,29.73,1219.0
2026-09-03,2026-09-03 15:10:00,29.725,29.75,29.67,29.68,7165.0
2026-09-03,2026-09-03 15:15:00,29.68,29.72,29.655,29.66,2958.0
2026-09-03,2026-09-03 15:20:00,29.64,29.66,29.615,29.615,1239.0
2026-09-03,2026-09-03 15:25:00,29.64,29.72,29.64,29.72,5545.0
2026-09-03,2026-09-03 15:30:00,29.7,29.79,29.7,29.79,10156.0
2026-09-03,2026-09-03 15:35:00,29.78,29.82,29.67,29.69,16040.0
2026-09-03,2026-09-03 15:40:00,29.725,29.765,29.725,29.735,6336.0
2026-09-03,2026-09-03 15:45:00,29.73,29.78,29.73,29.75,9695.0
2026-09-03,2026-09-03 15:50:00,29.77,29.8,29.755,29.775,3959.0
2026-09-03,2026-09-03 15:55:00,29.79,29.97,29.79,29.97,21035.0
2026-09-03,2026-09-03 16:00:00,30.03,30.14,29.97,30.13,235198.0
2026-09-04,2026-09-04 09:35:00,29.64,30.1,29.64,29.76,12760.0
2026-09-04,2026-09-04 09:40:00,29.74,30.035,29.74,30.035,5632.0
2026-09-04,2026-09-04 09:45:00,30.065,30.065,29.7,29.7,10641.0
2026-09-04,2026-09-04 09:50:00,29.69,29.705,29.69,29.705,3676.0
2026-09-04,2026-09-04 09:55:00,29.72,29.7393,29.53,29.55,3650.0
2026-09-04,2026-09-04 10:00:00,29.58,29.58,29.58,29.58,1514.0
2026-09-04,2026-09-04 10:05:00,29.46,29.63,29.46,29.6,8229.0
2026-09-04,2026-09-04 10:10:00,29.6,29.845,29.6,29.845,12300.0
2026-09-04,2026-09-04 10:15:00,29.845,29.85,29.74,29.85,15270.0
2026-09-04,2026-09-04 10:20:00,29.855,29.9099,29.79,29.855,4671.0
2026-09-04,2026-09-04 10:25:00,29.8,29.88,29.79,29.815,8095.0
2026-09-04,2026-09-04 10:30:00,29.79,29.8,29.79,29.8,1558.0
2026-09-04,2026-09-04 10:35:00,29.8,29.801,29.8,29.8,1383.0
2026-09-04,2026-09-04 10:40:00,29.8,29.805,29.78,29.805,2091.0
2026-09-04,2026-09-04 10:45:00,29.805,29.805,29.61,29.61,5666.0
2026-09-04,2026-09-04 10:50:00,29.65,29.66,29.53,29.555,4271.0
2026-09-04,2026-09-04 10:55:00,29.55,29.55,29.49,29.5,2249.0
2026-09-04,2026-09-04 11:00:00,29.53,29.57,29.53,29.54,3294.0
2026-09-04,2026-09-04 11:05:00,29.545,29.63,29.53,29.63,3694.0
2026-09-04,2026-09-04 11:10:00,29.66,29.66,29.59,29.61,2580.0
2026-09-04,2026-09-04 11:15:00,29.59,29.6,29.54,29.57,2896.0
2026-09-04,2026-09-04 11:20:00,29.51,29.54,29.51,29.525,2096.0
2026-09-04,2026-09-04 11:25:00,29.525,29.58,29.52,29.52,5528.0
2026-09-04,2026-09-04 11:30:00,29.52,29.545,29.52,29.53,2253.0
2026-09-04,2026-09-04 11:35:00,29.52,29.54,29.51,29.54,2673.0
2026-09-04,2026-09-04 11:40:00,29.57,29.61,29.545,29.58,3724.0
2026-09-04,2026-09-04 11:45:00,29.56,29.6,29.56,29.59,2205.0
2026-09-04,2026-09-04 11:50:00,29.5817,29.6,29.58,29.58,7105.0
2026-09-04,2026-09-04 11:55:00,29.565,29.57,29.44,29.44,15802.0
2026-09-04,2026-09-04 12:00:00,29.42,29.53,29.4,29.47,16375.0
2026-09-04,2026-09-04 12:05:00,29.45,29.5,29.45,29.5,3209.0
2026-09-04,2026-09-04 12:10:00,29.49,29.5,29.49,29.5,2736.0
2026-09-04,2026-09-04 12:15:00,29.545,29.545,29.545,29.545,2204.0
2026-09-04,2026-09-04 12:20:00,29.555,29.555,29.555,29.555,1619.0
2026-09-04,2026-09-04 12:25:00,29.555,29.58,29.52,29.535,4971.0
2026-09-04,2026-09-04 12:30:00,29.52,29.52,29.52,29.52,1814.0
2026-09-04,2026-09-04 12:35:00,29.52,29.52,29.52,29.52,1293.0
2026-09-04,2026-09-04 12:40:00,29.515,29.61,29.515,29.61,5368.0
2026-09-04,2026-09-04 12:45:00,29.61,29.61,29.59,29.595,10726.0
2026-09-04,2026-09-04 12:50:00,29.61,29.68,29.56,29.62,65773.0
2026-09-04,2026-09-04 12:55:00,29.61,29.61,29.48,29.48,3892.0
2026-09-04,2026-09-04 13:00:00,29.45,29.51,29.45,29.51,1897.0
2026-09-04,2026-09-04 13:05:00,29.54,29.57,29.5,29.57,6399.0
2026-09-04,2026-09-04 13:10:00,29.615,29.67,29.615,29.64,1461.0
2026-09-04,2026-09-04 13:15:00,29.67,29.68,29.65,29.68,2064.0
2026-09-04,2026-09-04 13:20:00,29.68,29.72,29.68,29.72,1728.0
2026-09-04,2026-09-04 13:25:00,29.73,29.76,29.715,29.755,2880.0
2026-09-04,2026-09-04 13:30:00,29.75,29.75,29.69,29.69,4297.0
2026-09-04,2026-09-04 13:35:00,29.69,29.7,29.66,29.69,3934.0
2026-09-04,2026-09-04 13:40:00,29.695,29.7,29.65,29.66,3583.0
2026-09-04,2026-09-04 13:45:00,29.66,29.69,29.66,29.69,2842.0
2026-09-04,2026-09-04 13:50:00,29.71,29.71,29.635,29.65,4920.0
2026-09-04,2026-09-04 13:55:00,29.62,29.65,29.62,29.65,4076.0
2026-09-04,2026-09-04 14:00:00,29.66,29.68,29.66,29.68,3706.0
2026-09-04,2026-09-04 14:05:00,29.69,29.7,29.675,29.675,2806.0
2026-09-04,2026-09-04 14:10:00,29.68,29.68,29.6,29.615,5125.0
2026-09-04,2026-09-04 14:15:00,29.6,29.62,29.58,29.58,4536.0
2026-09-04,2026-09-04 14:20:00,29.575,29.575,29.575,29.575,2054.0
2026-09-04,2026-09-04 14:25:00,29.56,29.58,29.56,29.58,2861.0
2026-09-04,2026-09-04 14:30:00,29.58,29.58,29.55,29.55,3858.0
2026-09-04,2026-09-04 14:35:00,29.55,29.55,29.54,29.54,2474.0
2026-09-04,2026-09-04 14:40:00,29.54,29.555,29.53,29.555,4013.0
2026-09-04,2026-09-04 14:45:00,29.54,29.55,29.54,29.54,3961.0
2026-09-04,2026-09-04 14:50:00,29.56,29.56,29.56,29.56,3123.0
2026-09-04,2026-09-04 14:55:00,29.56,29.57,29.54,29.57,6615.0
2026-09-04,2026-09-04 15:00:00,29.56,29.575,29.54,29.54,3970.0
2026-09-04,2026-09-04 15:05:00,29.53,29.545,29.53,29.54,3613.0
2026-09-04,2026-09-04 15:10:00,29.53,29.53,29.49,29.49,5119.0
2026-09-04,2026-09-04 15:15:00,29.49,29.56,29.49,29.55,5017.0
2026-09-04,2026-09-04 15:20:00,29.55,29.56,29.55,29.55,1740.0
2026-09-04,2026-09-04 15:25:00,29.54,29.62,29.54,29.62,6594.0
2026-09-04,2026-09-04 15:30:00,29.63,29.68,29.63,29.66,9677.0
2026-09-04,2026-09-04 15:35:00,29.665,29.69,29.64,29.68,10728.0
2026-09-04,2026-09-04 15:40:00,29.67,29.67,29.58,29.58,11086.0
2026-09-04,2026-09-04 15:45:00,29.58,29.58,29.56,29.57,8099.0
2026-09-04,2026-09-04 15:50:00,29.58,29.59,29.5,29.555,26633.0
2026-09-04,2026-09-04 15:55:00,29.57,29.66,29.555,29.66,19236.0
2026-09-04,2026-09-04 16:00:00,29.66,29.735,29.6,29.66,218309.0
2026-09-08,2026-09-08 09:35:00,29.21,29.41,28.8,28.805,20905.0
2026-09-08,2026-09-08 09:40:00,28.835,29.25,28.835,29.14,9226.0
2026-09-08,2026-09-08 09:45:00,29.02,29.22,29.02,29.175,13435.0
2026-09-08,2026-09-08 09:50:00,29.14,29.215,28.94,28.94,11042.0
2026-09-08,2026-09-08 09:55:00,28.94,29.05,28.88,29.01,3875.0
2026-09-08,2026-09-08 10:00:00,28.995,28.995,28.84,28.88,5833.0
2026-09-08,2026-09-08 10:05:00,28.885,29.0,28.85,28.895,8519.0
2026-09-08,2026-09-08 10:10:00,28.905,28.96,28.86,28.86,4445.0
2026-09-08,2026-09-08 10:15:00,28.9103,28.9103,28.81,28.84,3874.0
2026-09-08,2026-09-08 10:20:00,28.84,28.93,28.79,28.93,5001.0
2026-09-08,2026-09-08 10:25:00,28.93,28.96,28.9,28.96,3394.0
2026-09-08,2026-09-08 10:30:00,28.945,29.09,28.9,29.09,7134.0
2026-09-08,2026-09-08 10:35:00,29.055,29.21,29.055,29.2,13645.0
2026-09-08,2026-09-08 10:40:00,29.3,29.49,29.2,29.2,60461.0
2026-09-08,2026-09-08 10:45:00,29.24,29.5,29.24,29.42,188415.0
2026-09-08,2026-09-08 10:50:00,29.42,29.45,29.32,29.41,5436.0
2026-09-08,2026-09-08 10:55:00,29.43,29.43,29.41,29.41,2803.0
2026-09-08,2026-09-08 11:00:00,29.44,29.495,29.36,29.36,6383.0
2026-09-08,2026-09-08 11:05:00,29.36,29.36,29.31,29.345,3027.0
2026-09-08,2026-09-08 11:10:00,29.345,29.38,29.24,29.24,5176.0
2026-09-08,2026-09-08 11:15:00,29.23,29.23,29.09,29.14,4013.0
2026-09-08,2026-09-08 11:20:00,29.145,29.25,29.145,29.21,4584.0
2026-09-08,2026-09-08 11:25:00,29.21,29.24,29.205,29.225,4632.0
2026-09-08,2026-09-08 11:30:00,29.215,29.23,29.215,29.23,2173.0
2026-09-08,2026-09-08 11:35:00,29.23,29.23,29.23,29.23,2696.0
2026-09-08,2026-09-08 11:40:00,29.2,29.31,29.2,29.295,6310.0
2026-09-08,2026-09-08 11:45:00,29.335,29.46,29.335,29.46,2362.0
2026-09-08,2026-09-08 11:50:00,29.45,29.45,29.4,29.4,4638.0
2026-09-08,2026-09-08 11:55:00,29.43,29.45,29.375,29.375,3527.0
2026-09-08,2026-09-08 12:00:00,29.4,29.47,29.4,29.445,2783.0
2026-09-08,2026-09-08 12:05:00,29.4,29.4,29.4,29.4,2501.0
2026-09-08,2026-09-08 12:10:00,29.415,29.48,29.415,29.44,126286.0
2026-09-08,2026-09-08 12:15:00,29.44,29.45,29.39,29.435,27346.0
2026-09-08,2026-09-08 12:20:00,29.435,29.49,29.42,29.435,225213.0
2026-09-08,2026-09-08 12:25:00,29.45,29.45,29.39,29.39,4705.0
2026-09-08,2026-09-08 12:30:00,29.395,29.395,29.335,29.39,3461.0
2026-09-08,2026-09-08 12:35:00,29.35,29.365,29.335,29.335,2673.0
2026-09-08,2026-09-08 12:40:00,29.35,29.35,29.2,29.23,9732.0
2026-09-08,2026-09-08 12:45:00,29.25,29.28,29.21,29.21,1733.0
2026-09-08,2026-09-08 12:50:00,29.2,29.24,29.2,29.21,2487.0
2026-09-08,2026-09-08 12:55:00,29.2,29.21,29.2,29.2,3521.0
2026-09-08,2026-09-08 13:00:00,29.205,29.24,29.18,29.24,2322.0
2026-09-08,2026-09-08 13:05:00,29.27,29.27,29.26,29.265,2313.0
2026-09-08,2026-09-08 13:10:00,29.27,29.35,29.27,29.31,5203.0
2026-09-08,2026-09-08 13:15:00,29.34,29.43,29.34,29.4,9725.0
2026-09-08,2026-09-08 13:20:00,29.41,29.42,29.39,29.41,2346.0
2026-09-08,2026-09-08 13:25:00,29.415,29.415,29.27,29.32,5892.0
2026-09-08,2026-09-08 13:30:00,29.35,29.38,29.34,29.345,1311.0
2026-09-08,2026-09-08 13:35:00,29.38,29.4,29.345,29.355,3121.0
2026-09-08,2026-09-08 13:40:00,29.355,29.36,29.33,29.36,4582.0
2026-09-08,2026-09-08 13:45:00,29.35,29.365,29.275,29.275,4846.0
2026-09-08,2026-09-08 13:50:00,29.26,29.28,29.26,29.28,852.0
2026-09-08,2026-09-08 13:55:00,29.3,29.38,29.3,29.38,3758.0
2026-09-08,2026-09-08 14:00:00,29.385,29.385,29.325,29.334,6766.0
2026-09-08,2026-09-08 14:05:00,29.35,29.35,29.3,29.32,3265.0
2026-09-08,2026-09-08 14:10:00,29.33,29.37,29.3,29.31,1787.0
2026-09-08,2026-09-08 14:15:00,29.35,29.35,29.27,29.295,10707.0
2026-09-08,2026-09-08 14:20:00,29.28,29.28,29.2,29.23,4188.0
2026-09-08,2026-09-08 14:25:00,29.245,29.245,29.245,29.245,1987.0
2026-09-08,2026-09-08 14:30:00,29.25,29.31,29.25,29.31,2776.0
2026-09-08,2026-09-08 14:35:00,29.3,29.34,29.3,29.315,3689.0
2026-09-08,2026-09-08 14:40:00,29.315,29.35,29.315,29.32,8372.0
2026-09-08,2026-09-08 14:45:00,29.33,29.35,29.33,29.35,3824.0
2026-09-08,2026-09-08 14:50:00,29.355,29.37,29.3,29.31,7503.0
2026-09-08,2026-09-08 14:55:00,29.31,29.33,29.3,29.3,2677.0
2026-09-08,2026-09-08 15:00:00,29.33,29.34,29.31,29.31,2119.0
2026-09-08,2026-09-08 15:05:00,29.33,29.365,29.31,29.35,6312.0
2026-09-08,2026-09-08 15:10:00,29.34,29.35,29.33,29.34,6500.0
2026-09-08,2026-09-08 15:15:00,29.34,29.36,29.33,29.335,4022.0
2026-09-08,2026-09-08 15:20:00,29.32,29.33,29.275,29.275,7699.0
2026-09-08,2026-09-08 15:25:00,29.26,29.29,29.2,29.21,11345.0
2026-09-08,2026-09-08 15:30:00,29.21,29.23,29.18,29.195,7844.0
2026-09-08,2026-09-08 15:35:00,29.21,29.26,29.19,29.26,7061.0
2026-09-08,2026-09-08 15:40:00,29.28,29.28,29.21,29.21,7517.0
2026-09-08,2026-09-08 15:45:00,29.2293,29.2293,29.135,29.175,16835.0
2026-09-08,2026-09-08 15:50:00,29.16,29.175,29.11,29.13,16203.0
2026-09-08,2026-09-08 15:55:00,29.14,29.17,29.08,29.15,29034.0
2026-09-08,2026-09-08 16:00:00,29.13,29.21,28.99,29.06,280755.0
2026-09-09,2026-09-09 09:35:00,28.71,29.3,28.71,29.06,24354.0
2026-09-09,2026-09-09 09:40:00,29.2,29.3,28.94,29.01,30052.0
2026-09-09,2026-09-09 09:45:00,29.065,29.17,28.95,29.04,36377.0
2026-09-09,2026-09-09 09:50:00,29.0,29.14,28.93,29.035,150778.0
2026-09-09,2026-09-09 09:55:00,28.98,29.13,28.95,29.11,14074.0
2026-09-09,2026-09-09 10:00:00,29.17,29.2095,28.97,28.985,26323.0
2026-09-09,2026-09-09 10:05:00,28.985,29.09,28.97,29.03,179018.0
2026-09-09,2026-09-09 10:10:00,29.03,29.03,28.91,28.91,5844.0
2026-09-09,2026-09-09 10:15:00,28.9,28.9399,28.85,28.865,6605.0
2026-09-09,2026-09-09 10:20:00,28.81,28.845,28.52,28.585,12681.0
2026-09-09,2026-09-09 10:25:00,28.585,28.63,28.53,28.53,6884.0
2026-09-09,2026-09-09 10:30:00,28.53,28.59,28.53,28.56,3242.0
2026-09-09,2026-09-09 10:35:00,28.53,28.54,28.44,28.44,8639.0
2026-09-09,2026-09-09 10:40:00,28.46,28.48,28.41,28.4225,9537.0
2026-09-09,2026-09-09 10:45:00,28.4,28.44,28.37,28.37,99459.0
2026-09-09,2026-09-09 10:50:00,28.355,28.355,28.285,28.3,7548.0
2026-09-09,2026-09-09 10:55:00,28.28,28.29,28.26,28.27,3932.0
2026-09-09,2026-09-09 11:00:00,28.27,28.31,28.27,28.31,3114.0
2026-09-09,2026-09-09 11:05:00,28.34,28.39,28.28,28.29,10979.0
2026-09-09,2026-09-09 11:10:00,28.32,28.4,28.32,28.355,4667.0
2026-09-09,2026-09-09 11:15:00,28.33,28.35,28.28,28.34,8635.0
2026-09-09,2026-09-09 11:20:00,28.32,28.325,28.3,28.325,3873.0
2026-09-09,2026-09-09 11:25:00,28.31,28.37,28.31,28.37,5921.0
2026-09-09,2026-09-09 11:30:00,28.365,28.385,28.34,28.36,5774.0
2026-09-09,2026-09-09 11:35:00,28.4,28.4,28.37,28.39,4520.0
2026-09-09,2026-09-09 11:40:00,28.37,28.4,28.35,28.39,5508.0
2026-09-09,2026-09-09 11:45:00,28.38,28.46,28.37,28.45,5384.0
2026-09-09,2026-09-09 11:50:00,28.45,28.45,28.4,28.42,4219.0
2026-09-09,2026-09-09 11:55:00,28.44,28.49,28.44,28.47,3237.0
2026-09-09,2026-09-09 12:00:00,28.45,28.45,28.37,28.37,7248.0
2026-09-09,2026-09-09 12:05:00,28.37,28.44,28.37,28.44,6237.0
2026-09-09,2026-09-09 12:10:00,28.45,28.45,28.32,28.33,5572.0
2026-09-09,2026-09-09 12:15:00,28.32,28.34,28.29,28.325,6461.0
2026-09-09,2026-09-09 12:20:00,28.31,28.31,28.23,28.26,9871.0
2026-09-09,2026-09-09 12:25:00,28.24,28.27,28.24,28.27,3101.0
2026-09-09,2026-09-09 12:30:00,28.26,28.27,28.2,28.21,16292.0
2026-09-09,2026-09-09 12:35:00,28.23,28.255,28.23,28.255,2645.0
2026-09-09,2026-09-09 12:40:00,28.25,28.27,28.24,28.27,11650.0
2026-09-09,2026-09-09 12:45:00,28.27,28.35,28.27,28.35,9356.0
2026-09-09,2026-09-09 12:50:00,28.37,28.425,28.37,28.41,3057.0
2026-09-09,2026-09-09 12:55:00,28.4,28.42,28.39,28.4,5764.0
2026-09-09,2026-09-09 13:00:00,28.41,28.675,28.4,28.67,93022.0
2026-09-09,2026-09-09 13:05:00,28.68,28.71,28.5,28.525,13503.0
2026-09-09,2026-09-09 13:10:00,28.53,28.58,28.5,28.5525,6080.0
2026-09-09,2026-09-09 13:15:00,28.54,28.55,28.45,28.49,19724.0
2026-09-09,2026-09-09 13:20:00,28.51,28.51,28.44,28.44,8247.0
2026-09-09,2026-09-09 13:25:00,28.425,28.47,28.425,28.46,5128.0
2026-09-09,2026-09-09 13:30:00,28.46,28.49,28.46,28.49,3230.0
2026-09-09,2026-09-09 13:35:00,28.49,28.52,28.475,28.49,6217.0
2026-09-09,2026-09-09 13:40:00,28.495,28.53,28.48,28.5,5323.0
2026-09-09,2026-09-09 13:45:00,28.52,28.52,28.45,28.45,5969.0
2026-09-09,2026-09-09 13:50:00,28.46,28.5,28.44,28.445,5718.0
2026-09-09,2026-09-09 13:55:00,28.46,28.47,28.46,28.46,1901.0
2026-09-09,2026-09-09 14:00:00,28.45,28.46,28.44,28.44,5475.0
2026-09-09,2026-09-09 14:05:00,28.44,28.47,28.42,28.47,13166.0
2026-09-09,2026-09-09 14:10:00,28.45,28.46,28.42,28.43,4718.0
2026-09-09,2026-09-09 14:15:00,28.42,28.43,28.39,28.43,9853.0
2026-09-09,2026-09-09 14:20:00,28.43,28.48,28.41,28.46,6078.0
2026-09-09,2026-09-09 14:25:00,28.45,28.455,28.42,28.42,9424.0
2026-09-09,2026-09-09 14:30:00,28.42,28.425,28.36,28.38,11314.0
2026-09-09,2026-09-09 14:35:00,28.38,28.45,28.38,28.42,12561.0
2026-09-09,2026-09-09 14:40:00,28.41,28.48,28.39,28.435,32716.0
2026-09-09,2026-09-09 14:45:00,28.45,28.58,28.45,28.575,8341.0
2026-09-09,2026-09-09 14:50:00,28.57,28.64,28.54,28.625,6233.0
2026-09-09,2026-09-09 14:55:00,28.63,28.68,28.58,28.68,8991.0
2026-09-09,2026-09-09 15:00:00,28.66,28.66,28.48,28.48,28100.0
2026-09-09,2026-09-09 15:05:00,28.47,28.47,28.39,28.39,7238.0
2026-09-09,2026-09-09 15:10:00,28.39,28.49,28.37,28.49,80187.0
2026-09-09,2026-09-09 15:15:00,28.495,28.5425,28.495,28.51,3672.0
2026-09-09,2026-09-09 15:20:00,28.5,28.53,28.4,28.485,92878.0
2026-09-09,2026-09-09 15:25:00,28.49,28.56,28.44,28.56,37360.0
2026-09-09,2026-09-09 15:30:00,28.54,28.58,28.5,28.5,84121.0
2026-09-09,2026-09-09 15:35:00,28.585,28.635,28.56,28.56,10633.0
2026-09-09,2026-09-09 15:40:00,28.59,28.61,28.54,28.61,12722.0
2026-09-09,2026-09-09 15:45:00,28.625,28.625,28.39,28.41,22160.0
2026-09-09,2026-09-09 15:50:00,28.39,28.43,28.37,28.41,12470.0
2026-09-09,2026-09-09 15:55:00,28.43,28.45,28.37,28.41,24363.0
2026-09-09,2026-09-09 16:00:00,28.38,28.51,28.38,28.49,305533.0
2026-09-10,2026-09-10 09:35:00,28.02,28.455,27.6,27.7525,23168.0
2026-09-10,2026-09-10 09:40:00,27.745,27.89,27.27,27.34,9847.0
2026-09-10,2026-09-10 09:45:00,27.35,27.52,27.34,27.51,23919.0
2026-09-10,2026-09-10 09:50:00,27.51,27.645,27.475,27.475,41994.0
2026-09-10,2026-09-10 09:55:00,27.41,27.55,27.4,27.49,9788.0
2026-09-10,2026-09-10 10:00:00,27.48,27.48,27.21,27.21,14655.0
2026-09-10,2026-09-10 10:05:00,27.265,27.56,27.21,27.5,51049.0
2026-09-10,2026-09-10 10:10:00,27.565,27.7,27.405,27.7,13013.0
2026-09-10,2026-09-10 10:15:00,27.7,27.7,27.57,27.585,5534.0
2026-09-10,2026-09-10 10:20:00,27.56,27.6,27.5,27.55,9075.0
2026-09-10,2026-09-10 10:25:00,27.49,27.54,27.395,27.49,91069.0
2026-09-10,2026-09-10 10:30:00,27.51,27.54,27.36,27.39,92731.0
2026-09-10,2026-09-10 10:35:00,27.36,27.405,27.16,27.2,13265.0
2026-09-10,2026-09-10 10:40:00,27.2,27.285,27.2,27.255,9366.0
2026-09-10,2026-09-10 10:45:00,27.23,27.27,27.19,27.19,10695.0
2026-09-10,2026-09-10 10:50:00,27.2,27.26,27.2,27.255,4555.0
2026-09-10,2026-09-10 10:55:00,27.28,27.285,27.22,27.235,7764.0
2026-09-10,2026-09-10 11:00:00,27.21,27.275,27.18,27.275,6814.0
2026-09-10,2026-09-10 11:05:00,27.275,27.29,27.15,27.15,9783.0
2026-09-10,2026-09-10 11:10:00,27.15,27.44,27.12,27.27,44746.0
2026-09-10,2026-09-10 11:15:00,27.28,27.36,27.24,27.3,71119.0
2026-09-10,2026-09-10 11:20:00,27.34,27.34,27.25,27.29,34107.0
2026-09-10,2026-09-10 11:25:00,27.275,27.35,27.275,27.3,9355.0
2026-09-10,2026-09-10 11:30:00,27.32,27.38,27.3,27.3,11762.0
2026-09-10,2026-09-10 11:35:00,27.27,27.27,27.24,27.24,5981.0
2026-09-10,2026-09-10 11:40:00,27.264,27.264,27.08,27.13,43153.0
2026-09-10,2026-09-10 11:45:00,27.14,27.25,27.13,27.23,74616.0
2026-09-10,2026-09-10 11:50:00,27.26,27.31,27.24,27.25,14214.0
2026-09-10,2026-09-10 11:55:00,27.29,27.35,27.29,27.31,7034.0
2026-09-10,2026-09-10 12:00:00,27.28,27.32,27.28,27.295,7457.0
2026-09-10,2026-09-10 12:05:00,27.28,27.3,27.25,27.3,7803.0
2026-09-10,2026-09-10 12:10:00,27.3,27.345,27.3,27.34,8149.0
2026-09-10,2026-09-10 12:15:00,27.335,27.38,27.25,27.26,21163.0
2026-09-10,2026-09-10 12:20:00,27.255,27.255,27.15,27.175,6204.0
2026-09-10,2026-09-10 12:25:00,27.2,27.24,27.2,27.235,6166.0
2026-09-10,2026-09-10 12:30:00,27.2,27.2,27.185,27.19,4909.0
2026-09-10,2026-09-10 12:35:00,27.21,27.225,27.19,27.19,6247.0
2026-09-10,2026-09-10 12:40:00,27.18,27.195,27.1501,27.195,7914.0
2026-09-10,2026-09-10 12:45:00,27.195,27.255,27.195,27.24,4108.0
2026-09-10,2026-09-10 12:50:00,27.245,27.27,27.145,27.15,9356.0
2026-09-10,2026-09-10 12:55:00,27.17,27.18,27.13,27.13,5536.0
2026-09-10,2026-09-10 13:00:00,27.15,27.16,27.12,27.12,5560.0
2026-09-10,2026-09-10 13:05:00,27.14,27.18,27.13,27.17,8156.0
2026-09-10,2026-09-10 13:10:00,27.17,27.19,27.16,27.17,4940.0
2026-09-10,2026-09-10 13:15:00,27.16,27.185,27.16,27.185,4044.0
2026-09-10,2026-09-10 13:20:00,27.185,27.2,27.13,27.2,10841.0
2026-09-10,2026-09-10 13:25:00,27.21,27.22,27.17,27.185,5357.0
2026-09-10,2026-09-10 13:30:00,27.16,27.165,27.14,27.14,3463.0
2026-09-10,2026-09-10 13:35:00,27.13,27.13,27.07,27.11,12493.0
2026-09-10,2026-09-10 13:40:00,27.11,27.15,27.11,27.14,6183.0
2026-09-10,2026-09-10 13:45:00,27.12,27.12,27.095,27.11,5924.0
2026-09-10,2026-09-10 13:50:00,27.105,27.105,27.02,27.059,8490.0
2026-09-10,2026-09-10 13:55:00,27.04,27.07,27.02,27.06,6518.0
2026-09-10,2026-09-10 14:00:00,27.04,27.05,26.97,26.97,26270.0
2026-09-10,2026-09-10 14:05:00,26.95,26.98,26.865,26.87,12119.0
2026-09-10,2026-09-10 14:10:00,26.85,26.85,26.74,26.76,21699.0
2026-09-10,2026-09-10 14:15:00,26.75,26.775,26.645,26.775,15100.0
2026-09-10,2026-09-10 14:20:00,26.75,26.775,26.72,26.775,21803.0
2026-09-10,2026-09-10 14:25:00,26.76,26.79,26.76,26.76,8920.0
2026-09-10,2026-09-10 14:30:00,26.77,26.81,26.75,26.77,9115.0
2026-09-10,2026-09-10 14:35:00,26.78,26.79,26.71,26.71,9028.0
2026-09-10,2026-09-10 14:40:00,26.71,26.75,26.556,26.575,29281.0
2026-09-10,2026-09-10 14:45:00,26.57,26.6,26.57,26.6,9279.0
2026-09-10,2026-09-10 14:50:00,26.6,26.64,26.57,26.6,10925.0
2026-09-10,2026-09-10 14:55:00,26.6,26.66,26.6,26.62,10136.0
2026-09-10,2026-09-10 15:00:00,26.625,26.625,26.57,26.57,8879.0
2026-09-10,2026-09-10 15:05:00,26.57,26.62,26.56,26.56,59528.0
2026-09-10,2026-09-10 15:10:00,26.57,26.58,26.44,26.44,46519.0
2026-09-10,2026-09-10 15:15:00,26.425,26.48,26.425,26.48,12221.0
2026-09-10,2026-09-10 15:20:00,26.49,26.52,26.46,26.51,36907.0
2026-09-10,2026-09-10 15:25:00,26.5,26.515,26.4,26.4262,52046.0
2026-09-10,2026-09-10 15:30:00,26.41,26.46,26.38,26.4,20355.0
2026-09-10,2026-09-10 15:35:00,26.39,26.43,26.32,26.42,107685.0
2026-09-10,2026-09-10 15:40:00,26.41,26.57,26.37,26.425,68613.0
2026-09-10,2026-09-10 15:45:00,26.425,26.44,26.34,26.38,32800.0
2026-09-10,2026-09-10 15:50:00,26.39,26.43,26.305,26.39,37488.0
2026-09-10,2026-09-10 15:55:00,26.38,26.47,26.06,26.13,129953.0
2026-09-10,2026-09-10 16:00:00,26.13,26.16,25.91,26.15,589610.0
