day,time,open,high,low,close,volume
2026-06-12,2026-06-12 09:35:00,8.62,9.01,8.62,9.01,42601.0
2026-06-12,2026-06-12 09:40:00,9.01,9.2,8.96,9.1299,69461.0
2026-06-12,2026-06-12 09:45:00,9.0893,9.1175,8.83,8.88,43107.0
2026-06-12,2026-06-12 09:50:00,8.91,8.98,8.85,8.8831,27632.0
2026-06-12,2026-06-12 09:55:00,8.875,9.08,8.875,9.06,36937.0
2026-06-12,2026-06-12 10:00:00,9.06,9.13,8.95,8.985,31576.0
2026-06-12,2026-06-12 10:05:00,8.98,9.19,8.95,9.16,23117.0
2026-06-12,2026-06-12 10:10:00,9.14,9.22,9.1,9.135,24048.0
2026-06-12,2026-06-12 10:15:00,9.15,9.2,9.01,9.0399,33811.0
2026-06-12,2026-06-12 10:20:00,9.02,9.05,8.945,8.9566,21512.0
2026-06-12,2026-06-12 10:25:00,9.005,9.09,9.005,9.025,16794.0
2026-06-12,2026-06-12 10:30:00,9.04,9.08,9.02,9.05,8557.0
2026-06-12,2026-06-12 10:35:00,9.04,9.12,9.02,9.12,16796.0
2026-06-12,2026-06-12 10:40:00,9.14,9.2199,9.1217,9.2,56932.0
2026-06-12,2026-06-12 10:45:00,9.195,9.2069,9.13,9.15,15909.0
2026-06-12,2026-06-12 10:50:00,9.12,9.14,9.08,9.1119,13082.0
2026-06-12,2026-06-12 10:55:00,9.1305,9.22,9.075,9.22,18484.0
2026-06-12,2026-06-12 11:00:00,9.24,9.27,9.17,9.17,23920.0
2026-06-12,2026-06-12 11:05:00,9.1635,9.24,9.16,9.24,28539.0
2026-06-12,2026-06-12 11:10:00,9.2302,9.27,9.22,9.23,7909.0
2026-06-12,2026-06-12 11:15:00,9.23,9.23,9.14,9.16,18327.0
2026-06-12,2026-06-12 11:20:00,9.175,9.175,9.0796,9.17,24513.0
2026-06-12,2026-06-12 11:25:00,9.16,9.1799,9.13,9.15,25185.0
2026-06-12,2026-06-12 11:30:00,9.15,9.15,9.09,9.09,7340.0
2026-06-12,2026-06-12 11:35:00,9.1,9.1,9.05,9.065,5163.0
2026-06-12,2026-06-12 11:40:00,9.08,9.08,8.995,9.03,16941.0
2026-06-12,2026-06-12 11:45:00,9.035,9.035,8.985,9.0,4375.0
2026-06-12,2026-06-12 11:50:00,9.02,9.03,8.7432,8.76,158593.0
2026-06-12,2026-06-12 11:55:00,8.75,9.0399,8.69,8.69,61051.0
2026-06-12,2026-06-12 12:00:00,8.71,8.72,8.65,8.65,11836.0
2026-06-12,2026-06-12 12:05:00,8.65,8.66,8.56,8.62,24365.0
2026-06-12,2026-06-12 12:10:00,8.62,8.74,8.6062,8.7,75579.0
2026-06-12,2026-06-12 12:15:00,8.7,8.78,8.69,8.705,32564.0
2026-06-12,2026-06-12 12:20:00,8.7258,8.7279,8.615,8.63,47991.0
2026-06-12,2026-06-12 12:25:00,8.64,8.69,8.63,8.67,19724.0
2026-06-12,2026-06-12 12:30:00,8.66,8.71,8.66,8.71,11434.0
2026-06-12,2026-06-12 12:35:00,8.705,8.76,8.67,8.76,13245.0
2026-06-12,2026-06-12 12:40:00,8.75,8.78,8.74,8.78,7389.0
2026-06-12,2026-06-12 12:45:00,8.78,8.79,8.76,8.78,12881.0
2026-06-12,2026-06-12 12:50:00,8.785,8.85,8.785,8.84,9035.0
2026-06-12,2026-06-12 12:55:00,8.85,8.88,8.84,8.85,15008.0
2026-06-12,2026-06-12 13:00:00,8.84,8.86,8.79,8.84,26083.0
2026-06-12,2026-06-12 13:05:00,8.835,8.88,8.81,8.85,22777.0
2026-06-12,2026-06-12 13:10:00,8.85,8.91,8.85,8.86,17008.0
2026-06-12,2026-06-12 13:15:00,8.88,8.89,8.83,8.87,14670.0
2026-06-12,2026-06-12 13:20:00,8.87,8.91,8.86,8.875,11371.0
2026-06-12,2026-06-12 13:25:00,8.87,8.94,8.81,8.91,50115.0
2026-06-12,2026-06-12 13:30:00,8.91,8.91,8.89,8.9,7616.0
2026-06-12,2026-06-12 13:35:00,8.9,8.9,8.8656,8.87,6774.0
2026-06-12,2026-06-12 13:40:00,8.87,8.87,8.85,8.865,6921.0
2026-06-12,2026-06-12 13:45:00,8.86,8.88,8.85,8.87,5545.0
2026-06-12,2026-06-12 13:50:00,8.87,8.87,8.845,8.86,8322.0
2026-06-12,2026-06-12 13:55:00,8.86,8.88,8.85,8.87,9200.0
2026-06-12,2026-06-12 14:00:00,8.865,8.865,8.82,8.84,7764.0
2026-06-12,2026-06-12 14:05:00,8.85,8.855,8.83,8.845,6922.0
2026-06-12,2026-06-12 14:10:00,8.84,8.84,8.79,8.82,6909.0
2026-06-12,2026-06-12 14:15:00,8.82,8.84,8.81,8.8101,4308.0
2026-06-12,2026-06-12 14:20:00,8.82,8.83,8.79,8.82,6219.0
2026-06-12,2026-06-12 14:25:00,8.81,8.81,8.795,8.81,2804.0
2026-06-12,2026-06-12 14:30:00,8.8,8.83,8.79,8.82,8611.0
2026-06-12,2026-06-12 14:35:00,8.82,8.84,8.8,8.815,7174.0
2026-06-12,2026-06-12 14:40:00,8.82,8.835,8.82,8.83,4175.0
2026-06-12,2026-06-12 14:45:00,8.83,8.87,8.825,8.85,17398.0
2026-06-12,2026-06-12 14:50:00,8.845,8.87,8.8201,8.8201,6805.0
2026-06-12,2026-06-12 14:55:00,8.82,8.84,8.805,8.84,9200.0
2026-06-12,2026-06-12 15:00:00,8.83,8.835,8.76,8.77,8664.0
2026-06-12,2026-06-12 15:05:00,8.78,8.81,8.78,8.81,4455.0
2026-06-12,2026-06-12 15:10:00,8.8,8.805,8.755,8.8,12772.0
2026-06-12,2026-06-12 15:15:00,8.8,8.8,8.76,8.78,11102.0
2026-06-12,2026-06-12 15:20:00,8.78,8.795,8.76,8.795,5933.0
2026-06-12,2026-06-12 15:25:00,8.79,8.84,8.7603,8.81,21260.0
2026-06-12,2026-06-12 15:30:00,8.82,8.83,8.795,8.8,8738.0
2026-06-12,2026-06-12 15:35:00,8.8,8.835,8.775,8.81,39157.0
2026-06-12,2026-06-12 15:40:00,8.81,8.89,8.81,8.86,18770.0
2026-06-12,2026-06-12 15:45:00,8.855,8.92,8.855,8.875,21086.0
2026-06-12,2026-06-12 15:50:00,8.875,8.875,8.845,8.87,14986.0
2026-06-12,2026-06-12 15:55:00,8.87,8.91,8.86,8.89,50542.0
2026-06-12,2026-06-12 16:00:00,8.885,8.92,8.825,8.88,302017.0
2026-06-15,2026-06-15 09:35:00,8.81,8.9,8.694,8.83,65976.0
2026-06-15,2026-06-15 09:40:00,8.865,8.94,8.7814,8.82,23820.0
2026-06-15,2026-06-15 09:45:00,8.81,8.81,8.735,8.755,12130.0
2026-06-15,2026-06-15 09:50:00,8.76,8.86,8.73,8.84,23475.0
2026-06-15,2026-06-15 09:55:00,8.85,8.85,8.81,8.83,13110.0
2026-06-15,2026-06-15 10:00:00,8.8101,8.88,8.81,8.8764,20250.0
2026-06-15,2026-06-15 10:05:00,8.85,8.905,8.82,8.9,50212.0
2026-06-15,2026-06-15 10:10:00,8.89,8.89,8.81,8.8214,19253.0
2026-06-15,2026-06-15 10:15:00,8.82,8.9099,8.81,8.84,18011.0
2026-06-15,2026-06-15 10:20:00,8.835,8.875,8.81,8.86,27577.0
2026-06-15,2026-06-15 10:25:00,8.85,8.9,8.84,8.895,12672.0
2026-06-15,2026-06-15 10:30:00,8.88,8.915,8.83,8.865,38556.0
2026-06-15,2026-06-15 10:35:00,8.864,8.89,8.82,8.88,52163.0
2026-06-15,2026-06-15 10:40:00,8.88,8.89,8.84,8.86,14823.0
2026-06-15,2026-06-15 10:45:00,8.86,8.9,8.86,8.9,10615.0
2026-06-15,2026-06-15 10:50:00,8.905,8.97,8.905,8.94,33429.0
2026-06-15,2026-06-15 10:55:00,8.93,8.94,8.814,8.82,20612.0
2026-06-15,2026-06-15 11:00:00,8.81,8.81,8.725,8.78,46103.0
2026-06-15,2026-06-15 11:05:00,8.78,8.855,8.78,8.84,10584.0
2026-06-15,2026-06-15 11:10:00,8.84,8.84,8.77,8.77,55479.0
2026-06-15,2026-06-15 11:15:00,8.75,8.76,8.74,8.745,5774.0
2026-06-15,2026-06-15 11:20:00,8.7397,8.8,8.7,8.79,28538.0
2026-06-15,2026-06-15 11:25:00,8.7814,8.82,8.7814,8.82,6039.0
2026-06-15,2026-06-15 11:30:00,8.82,8.855,8.82,8.845,5963.0
2026-06-15,2026-06-15 11:35:00,8.85,8.915,8.84,8.915,24148.0
2026-06-15,2026-06-15 11:40:00,8.91,8.9218,8.895,8.91,14811.0
2026-06-15,2026-06-15 11:45:00,8.91,8.92,8.8945,8.91,15841.0
2026-06-15,2026-06-15 11:50:00,8.91,8.91,8.88,8.91,12408.0
2026-06-15,2026-06-15 11:55:00,8.91,8.91,8.88,8.91,5801.0
2026-06-15,2026-06-15 12:00:00,8.9,8.925,8.9,8.9212,10360.0
2026-06-15,2026-06-15 12:05:00,8.93,8.93,8.9,8.91,4701.0
2026-06-15,2026-06-15 12:10:00,8.915,8.94,8.89,8.92,17376.0
2026-06-15,2026-06-15 12:15:00,8.93,8.95,8.9108,8.915,7444.0
2026-06-15,2026-06-15 12:20:00,8.9,8.92,8.89,8.92,4455.0
2026-06-15,2026-06-15 12:25:00,8.93,8.94,8.91,8.94,6667.0
2026-06-15,2026-06-15 12:30:00,8.935,9.02,8.92,8.99,56075.0
2026-06-15,2026-06-15 12:35:00,8.985,9.01,8.985,8.985,7254.0
2026-06-15,2026-06-15 12:40:00,8.99,9.0013,8.985,8.99,5011.0
2026-06-15,2026-06-15 12:45:00,8.995,8.995,8.98,8.985,3962.0
2026-06-15,2026-06-15 12:50:00,8.9805,8.9805,8.91,8.935,32700.0
2026-06-15,2026-06-15 12:55:00,8.94,8.95,8.85,8.87,33026.0
2026-06-15,2026-06-15 13:00:00,8.88,8.91,8.8758,8.88,25348.0
2026-06-15,2026-06-15 13:05:00,8.8709,8.8709,8.83,8.855,25537.0
2026-06-15,2026-06-15 13:10:00,8.86,8.86,8.84,8.85,33506.0
2026-06-15,2026-06-15 13:15:00,8.85,8.8799,8.84,8.875,17751.0
2026-06-15,2026-06-15 13:20:00,8.875,8.875,8.825,8.84,13302.0
2026-06-15,2026-06-15 13:25:00,8.845,8.86,8.83,8.86,10515.0
2026-06-15,2026-06-15 13:30:00,8.86,8.87,8.86,8.865,7099.0
2026-06-15,2026-06-15 13:35:00,8.875,8.88,8.86,8.86,5623.0
2026-06-15,2026-06-15 13:40:00,8.865,8.87,8.855,8.865,6917.0
2026-06-15,2026-06-15 13:45:00,8.865,8.935,8.865,8.88,44336.0
2026-06-15,2026-06-15 13:50:00,8.89,8.9,8.86,8.86,13675.0
2026-06-15,2026-06-15 13:55:00,8.87,8.885,8.86,8.88,9558.0
2026-06-15,2026-06-15 14:00:00,8.88,8.88,8.865,8.875,7975.0
2026-06-15,2026-06-15 14:05:00,8.88,8.89,8.84,8.88,10736.0
2026-06-15,2026-06-15 14:10:00,8.88,8.885,8.864,8.864,8007.0
2026-06-15,2026-06-15 14:15:00,8.87,8.885,8.855,8.86,10585.0
2026-06-15,2026-06-15 14:20:00,8.86,8.87,8.85,8.86,8593.0
2026-06-15,2026-06-15 14:25:00,8.87,8.875,8.864,8.875,7231.0
2026-06-15,2026-06-15 14:30:00,8.87,8.88,8.855,8.87,16483.0
2026-06-15,2026-06-15 14:35:00,8.865,8.885,8.845,8.885,11412.0
2026-06-15,2026-06-15 14:40:00,8.88,8.89,8.855,8.855,13114.0
2026-06-15,2026-06-15 14:45:00,8.856321,8.856321,8.835,8.845,7813.0
2026-06-15,2026-06-15 14:50:00,8.845,8.8499,8.82,8.835,17211.0
2026-06-15,2026-06-15 14:55:00,8.84,8.8737,8.84,8.855,32840.0
2026-06-15,2026-06-15 15:00:00,8.855,8.865,8.835,8.85,19414.0
2026-06-15,2026-06-15 15:05:00,8.85,8.865,8.815,8.86,32031.0
2026-06-15,2026-06-15 15:10:00,8.86,8.875,8.84,8.855,11615.0
2026-06-15,2026-06-15 15:15:00,8.855,8.865,8.845,8.855,11679.0
2026-06-15,2026-06-15 15:20:00,8.855,8.88,8.845,8.875,22480.0
2026-06-15,2026-06-15 15:25:00,8.875,8.88,8.86,8.88,17536.0
2026-06-15,2026-06-15 15:30:00,8.875,8.92,8.875,8.885,26325.0
2026-06-15,2026-06-15 15:35:00,8.885,8.95,8.885,8.94,25233.0
2026-06-15,2026-06-15 15:40:00,8.935,8.955,8.92,8.925,17584.0
2026-06-15,2026-06-15 15:45:00,8.925,8.955,8.915,8.95,34587.0
2026-06-15,2026-06-15 15:50:00,8.955,9.05,8.95,9.045,46938.0
2026-06-15,2026-06-15 15:55:00,9.04,9.08,8.99,8.995,76173.0
2026-06-15,2026-06-15 16:00:00,9.0,9.055,8.92,8.96,358568.0
2026-06-16,2026-06-16 09:35:00,8.905,8.96,8.8,8.88,40735.0
2026-06-16,2026-06-16 09:40:00,8.88,8.96,8.85,8.85,8812.0
2026-06-16,2026-06-16 09:45:00,8.84,8.9,8.84,8.88,14983.0
2026-06-16,2026-06-16 09:50:00,8.89,8.93,8.875,8.91,16850.0
2026-06-16,2026-06-16 09:55:00,8.91,8.93,8.89,8.89,10007.0
2026-06-16,2026-06-16 10:00:00,8.87,8.875,8.78,8.8149,17652.0
2026-06-16,2026-06-16 10:05:00,8.82,8.839,8.7301,8.81,27284.0
2026-06-16,2026-06-16 10:10:00,8.79,8.8365,8.75,8.8,20309.0
2026-06-16,2026-06-16 10:15:00,8.8,8.82,8.74,8.77,38509.0
2026-06-16,2026-06-16 10:20:00,8.77,8.7854,8.745,8.77,15300.0
2026-06-16,2026-06-16 10:25:00,8.77,8.78,8.74,8.75,15592.0
2026-06-16,2026-06-16 10:30:00,8.755,8.76,8.695,8.75,32692.0
2026-06-16,2026-06-16 10:35:00,8.75,8.805,8.75,8.805,13537.0
2026-06-16,2026-06-16 10:40:00,8.805,8.805,8.75,8.75,13040.0
2026-06-16,2026-06-16 10:45:00,8.745,8.77,8.71,8.7127,35796.0
2026-06-16,2026-06-16 10:50:00,8.7,8.755,8.7,8.73,14037.0
2026-06-16,2026-06-16 10:55:00,8.72,8.72,8.64,8.64,21756.0
2026-06-16,2026-06-16 11:00:00,8.64,8.69,8.625,8.685,16386.0
2026-06-16,2026-06-16 11:05:00,8.685,8.69,8.65,8.65,38694.0
2026-06-16,2026-06-16 11:10:00,8.65,8.68,8.635,8.663,15346.0
2026-06-16,2026-06-16 11:15:00,8.66,8.705,8.66,8.7,20651.0
2026-06-16,2026-06-16 11:20:00,8.7,8.74,8.7,8.73,9016.0
2026-06-16,2026-06-16 11:25:00,8.72,8.755,8.72,8.755,8054.0
2026-06-16,2026-06-16 11:30:00,8.75,8.76,8.7201,8.73,15718.0
2026-06-16,2026-06-16 11:35:00,8.74,8.74,8.72,8.72,10745.0
2026-06-16,2026-06-16 11:40:00,8.725,8.725,8.69,8.69,9209.0
2026-06-16,2026-06-16 11:45:00,8.695,8.72,8.69,8.7,18051.0
2026-06-16,2026-06-16 11:50:00,8.7,8.71,8.68,8.71,15708.0
2026-06-16,2026-06-16 11:55:00,8.71,8.73,8.68,8.73,31495.0
2026-06-16,2026-06-16 12:00:00,8.73,8.74,8.71,8.72,10688.0
2026-06-16,2026-06-16 12:05:00,8.7291,8.745,8.71,8.72,7923.0
2026-06-16,2026-06-16 12:10:00,8.72,8.79,8.71,8.715,28415.0
2026-06-16,2026-06-16 12:15:00,8.73,8.74,8.72,8.73,5871.0
2026-06-16,2026-06-16 12:20:00,8.73,8.74,8.715,8.72,12791.0
2026-06-16,2026-06-16 12:25:00,8.72,8.72,8.69,8.7,8650.0
2026-06-16,2026-06-16 12:30:00,8.7,8.71,8.68,8.695,13611.0
2026-06-16,2026-06-16 12:35:00,8.69,8.72,8.68,8.72,9750.0
2026-06-16,2026-06-16 12:40:00,8.715,8.73,8.71,8.71,8070.0
2026-06-16,2026-06-16 12:45:00,8.7111,8.715,8.7,8.71,17901.0
2026-06-16,2026-06-16 12:50:00,8.715,8.73,8.715,8.73,7317.0
2026-06-16,2026-06-16 12:55:00,8.74,8.75,8.72,8.75,7385.0
2026-06-16,2026-06-16 13:00:00,8.75,8.76,8.75,8.755,3610.0
2026-06-16,2026-06-16 13:05:00,8.75,8.775,8.74,8.775,10576.0
2026-06-16,2026-06-16 13:10:00,8.77,8.79,8.745,8.79,8778.0
2026-06-16,2026-06-16 13:15:00,8.8,8.8,8.78,8.79,7614.0
2026-06-16,2026-06-16 13:20:00,8.79,8.8,8.78,8.78,12975.0
2026-06-16,2026-06-16 13:25:00,8.78,8.78,8.76,8.77,14455.0
2026-06-16,2026-06-16 13:30:00,8.78,8.78,8.725,8.74,19034.0
2026-06-16,2026-06-16 13:35:00,8.755,8.76,8.745,8.75,5331.0
2026-06-16,2026-06-16 13:40:00,8.74,8.74,8.72,8.73,6787.0
2026-06-16,2026-06-16 13:45:00,8.73,8.765,8.73,8.75,8052.0
2026-06-16,2026-06-16 13:50:00,8.74,8.77,8.74,8.76,7780.0
2026-06-16,2026-06-16 13:55:00,8.76,8.76,8.755,8.76,8917.0
2026-06-16,2026-06-16 14:00:00,8.765,8.765,8.735,8.755,12426.0
2026-06-16,2026-06-16 14:05:00,8.76,8.82,8.76,8.81,16678.0
2026-06-16,2026-06-16 14:10:00,8.82,8.835,8.79,8.8,12306.0
2026-06-16,2026-06-16 14:15:00,8.795,8.795,8.77,8.78,10916.0
2026-06-16,2026-06-16 14:20:00,8.79,8.815,8.79,8.8,12446.0
2026-06-16,2026-06-16 14:25:00,8.79,8.79,8.78,8.79,7365.0
2026-06-16,2026-06-16 14:30:00,8.795,8.795,8.78,8.79,5479.0
2026-06-16,2026-06-16 14:35:00,8.78,8.78,8.76,8.76,11332.0
2026-06-16,2026-06-16 14:40:00,8.77,8.7853,8.77,8.775,5951.0
2026-06-16,2026-06-16 14:45:00,8.77,8.775,8.765,8.765,5646.0
2026-06-16,2026-06-16 14:50:00,8.77,8.8,8.765,8.77,16772.0
2026-06-16,2026-06-16 14:55:00,8.77,8.785,8.77,8.77,8255.0
2026-06-16,2026-06-16 15:00:00,8.768,8.82,8.76,8.82,20799.0
2026-06-16,2026-06-16 15:05:00,8.81,8.81,8.78,8.78,8845.0
2026-06-16,2026-06-16 15:10:00,8.78,8.805,8.76,8.805,14366.0
2026-06-16,2026-06-16 15:15:00,8.8,8.8,8.78,8.795,10978.0
2026-06-16,2026-06-16 15:20:00,8.79,8.805,8.77,8.805,15230.0
2026-06-16,2026-06-16 15:25:00,8.805,8.805,8.785,8.785,9269.0
2026-06-16,2026-06-16 15:30:00,8.785,8.85,8.785,8.815,40210.0
2026-06-16,2026-06-16 15:35:00,8.82,8.85,8.805,8.82,29441.0
2026-06-16,2026-06-16 15:40:00,8.825,8.825,8.77,8.78,17944.0
2026-06-16,2026-06-16 15:45:00,8.785,8.825,8.78,8.825,18127.0
2026-06-16,2026-06-16 15:50:00,8.825,8.83,8.78,8.8,21872.0
2026-06-16,2026-06-16 15:55:00,8.795,8.83,8.785,8.8,59721.0
2026-06-16,2026-06-16 16:00:00,8.795,8.865,8.75,8.78,317031.0
2026-06-17,2026-06-17 09:35:00,9.49,9.515,9.12,9.12,234974.0
2026-06-17,2026-06-17 09:40:00,9.179,9.29,9.14,9.23,26162.0
2026-06-17,2026-06-17 09:45:00,9.25,9.43,9.25,9.385,49845.0
2026-06-17,2026-06-17 09:50:00,9.37,9.41,9.27,9.36,31795.0
2026-06-17,2026-06-17 09:55:00,9.36,9.45,9.3,9.32,26996.0
2026-06-17,2026-06-17 10:00:00,9.32,9.44,9.32,9.37,25651.0
2026-06-17,2026-06-17 10:05:00,9.35,9.36,9.25,9.345,33762.0
2026-06-17,2026-06-17 10:10:00,9.33,9.43,9.29,9.42,33711.0
2026-06-17,2026-06-17 10:15:00,9.425,9.49,9.36,9.48,80122.0
2026-06-17,2026-06-17 10:20:00,9.48,9.55,9.48,9.535,53217.0
2026-06-17,2026-06-17 10:25:00,9.53,9.64,9.515,9.6,50517.0
2026-06-17,2026-06-17 10:30:00,9.59,9.68,9.57,9.655,32579.0
2026-06-17,2026-06-17 10:35:00,9.64,9.705,9.635,9.69,41924.0
2026-06-17,2026-06-17 10:40:00,9.68,9.71,9.66,9.67,125396.0
2026-06-17,2026-06-17 10:45:00,9.66,9.78,9.634,9.77,51984.0
2026-06-17,2026-06-17 10:50:00,9.765,9.87,9.7,9.73,114719.0
2026-06-17,2026-06-17 10:55:00,9.73,9.99,9.73,9.94,107839.0
2026-06-17,2026-06-17 11:00:00,9.98,10.2,9.93,10.1841,255769.0
2026-06-17,2026-06-17 11:05:00,10.19,10.2798,10.13,10.25,103612.0
2026-06-17,2026-06-17 11:10:00,10.24,10.25,10.13,10.175,78837.0
2026-06-17,2026-06-17 11:15:00,10.175,10.32,10.13,10.31,66865.0
2026-06-17,2026-06-17 11:20:00,10.31,10.32,10.2,10.31,65271.0
2026-06-17,2026-06-17 11:25:00,10.31,10.31,10.2101,10.2355,38700.0
2026-06-17,2026-06-17 11:30:00,10.23,10.35,10.11,10.23,152369.0
2026-06-17,2026-06-17 11:35:00,10.23,10.37,10.22,10.325,45243.0
2026-06-17,2026-06-17 11:40:00,10.325,10.401,10.3,10.3999,90266.0
2026-06-17,2026-06-17 11:45:00,10.38,10.38,10.1501,10.16,80498.0
2026-06-17,2026-06-17 11:50:00,10.17,10.37,10.13,10.35,65655.0
2026-06-17,2026-06-17 11:55:00,10.365,10.39,10.285,10.295,32483.0
2026-06-17,2026-06-17 12:00:00,10.295,10.3,10.2401,10.3,21556.0
2026-06-17,2026-06-17 12:05:00,10.29,10.29,10.22,10.255,32979.0
2026-06-17,2026-06-17 12:10:00,10.25,10.26,10.045,10.06,38709.0
2026-06-17,2026-06-17 12:15:00,10.04,10.1,9.9612,9.97,60477.0
2026-06-17,2026-06-17 12:20:00,9.98,10.0089,9.95,9.955,27193.0
2026-06-17,2026-06-17 12:25:00,9.96,9.98,9.93,9.94,19118.0
2026-06-17,2026-06-17 12:30:00,9.93,9.9401,9.89,9.93,27603.0
2026-06-17,2026-06-17 12:35:00,9.93,9.93,9.88,9.89,22978.0
2026-06-17,2026-06-17 12:40:00,9.89,9.8994,9.86,9.89,20317.0
2026-06-17,2026-06-17 12:45:00,9.9,9.9,9.85,9.85,23287.0
2026-06-17,2026-06-17 12:50:00,9.85,9.88,9.85,9.86,30551.0
2026-06-17,2026-06-17 12:55:00,9.8608,9.92,9.855,9.88,35922.0
2026-06-17,2026-06-17 13:00:00,9.8899,9.93,9.88,9.8999,18262.0
2026-06-17,2026-06-17 13:05:00,9.88,9.895,9.86,9.89,13381.0
2026-06-17,2026-06-17 13:10:00,9.89,9.895,9.85,9.885,14206.0
2026-06-17,2026-06-17 13:15:00,9.89,9.9,9.87,9.88,14560.0
2026-06-17,2026-06-17 13:20:00,9.8872,10.03,9.87,10.02,59948.0
2026-06-17,2026-06-17 13:25:00,10.0201,10.055,10.0,10.04,45247.0
2026-06-17,2026-06-17 13:30:00,10.04,10.09,10.0,10.05,59256.0
2026-06-17,2026-06-17 13:35:00,10.05,10.11,10.045,10.1,28286.0
2026-06-17,2026-06-17 13:40:00,10.095,10.13,10.095,10.11,19564.0
2026-06-17,2026-06-17 13:45:00,10.11,10.12,10.09,10.11,11191.0
2026-06-17,2026-06-17 13:50:00,10.11,10.12,10.08,10.11,13270.0
2026-06-17,2026-06-17 13:55:00,10.109,10.12,10.09,10.1,12270.0
2026-06-17,2026-06-17 14:00:00,10.1,10.11,10.07,10.09,14109.0
2026-06-17,2026-06-17 14:05:00,10.08,10.09,9.92,9.92,43853.0
2026-06-17,2026-06-17 14:10:00,9.92,9.94,9.87,9.915,29540.0
2026-06-17,2026-06-17 14:15:00,9.92,10.0,9.91,9.99,50129.0
2026-06-17,2026-06-17 14:20:00,9.99,10.05,9.98,10.01,32131.0
2026-06-17,2026-06-17 14:25:00,10.03,10.04,9.98,9.99,32530.0
2026-06-17,2026-06-17 14:30:00,9.99,10.025,9.98,10.018,17484.0
2026-06-17,2026-06-17 14:35:00,10.01,10.08,9.97,9.985,34232.0
2026-06-17,2026-06-17 14:40:00,9.99,10.11,9.99,10.07,88715.0
2026-06-17,2026-06-17 14:45:00,10.08,10.14,10.04,10.1,34719.0
2026-06-17,2026-06-17 14:50:00,10.09,10.15,10.09,10.13,29093.0
2026-06-17,2026-06-17 14:55:00,10.12,10.145,10.11,10.13,20457.0
2026-06-17,2026-06-17 15:00:00,10.125,10.13,10.0,10.05,44553.0
2026-06-17,2026-06-17 15:05:00,10.06,10.11,10.03,10.0356,28616.0
2026-06-17,2026-06-17 15:10:00,10.04,10.07,10.02,10.02,17546.0
2026-06-17,2026-06-17 15:15:00,10.01,10.11,9.85,10.06,106268.0
2026-06-17,2026-06-17 15:20:00,10.06,10.08,9.94,10.03,27813.0
2026-06-17,2026-06-17 15:25:00,10.03,10.05,9.94,9.98,83643.0
2026-06-17,2026-06-17 15:30:00,9.99,10.0,9.88,9.91,60393.0
2026-06-17,2026-06-17 15:35:00,9.91,9.92,9.86,9.865,21366.0
2026-06-17,2026-06-17 15:40:00,9.865,9.88,9.77,9.8,25579.0
2026-06-17,2026-06-17 15:45:00,9.78,9.85,9.76,9.83,50691.0
2026-06-17,2026-06-17 15:50:00,9.84,9.94,9.84,9.91,44897.0
2026-06-17,2026-06-17 15:55:00,9.9,9.95,9.88,9.895,52094.0
2026-06-17,2026-06-17 16:00:00,9.905,10.045,9.905,10.0,306626.0
2026-06-18,2026-06-18 09:35:00,9.985,10.44,9.985,10.34,203924.0
2026-06-18,2026-06-18 09:40:00,10.26,10.43,10.2265,10.33,35806.0
2026-06-18,2026-06-18 09:45:00,10.35,10.43,10.295,10.3,70685.0
2026-06-18,2026-06-18 09:50:00,10.27,10.38,10.23,10.304,26530.0
2026-06-18,2026-06-18 09:55:00,10.3,10.37,10.255,10.255,14559.0
2026-06-18,2026-06-18 10:00:00,10.24,10.34,10.23,10.32,20926.0
2026-06-18,2026-06-18 10:05:00,10.32,10.32,10.14,10.15,17741.0
2026-06-18,2026-06-18 10:10:00,10.155,10.2,10.135,10.18,22003.0
2026-06-18,2026-06-18 10:15:00,10.15,10.25,10.12,10.13,25165.0
2026-06-18,2026-06-18 10:20:00,10.13,10.18,10.065,10.1,25852.0
2026-06-18,2026-06-18 10:25:00,10.14,10.26,10.125,10.21,18116.0
2026-06-18,2026-06-18 10:30:00,10.19,10.24,10.0528,10.0528,20538.0
2026-06-18,2026-06-18 10:35:00,10.05,10.1047,10.04,10.085,18124.0
2026-06-18,2026-06-18 10:40:00,10.085,10.21,10.07,10.2,20902.0
2026-06-18,2026-06-18 10:45:00,10.18,10.19,10.125,10.13,15974.0
2026-06-18,2026-06-18 10:50:00,10.11,10.19,10.07,10.19,11281.0
2026-06-18,2026-06-18 10:55:00,10.16,10.175,10.1,10.135,23162.0
2026-06-18,2026-06-18 11:00:00,10.12,10.15,10.1,10.1,11640.0
2026-06-18,2026-06-18 11:05:00,10.095,10.095,10.05,10.06,6156.0
2026-06-18,2026-06-18 11:10:00,10.07,10.12,10.0484,10.1,12027.0
2026-06-18,2026-06-18 11:15:00,10.1074,10.14,10.01,10.03,47362.0
2026-06-18,2026-06-18 11:20:00,10.03,10.06,10.0175,10.06,21065.0
2026-06-18,2026-06-18 11:25:00,10.06,10.12,10.0,10.0943,70404.0
2026-06-18,2026-06-18 11:30:00,10.11,10.15,10.03,10.0373,28555.0
2026-06-18,2026-06-18 11:35:00,10.025,10.04,9.965,10.04,40927.0
2026-06-18,2026-06-18 11:40:00,10.045,10.063707,10.012,10.05,14627.0
2026-06-18,2026-06-18 11:45:00,10.1,10.103697,10.04,10.07,20185.0
2026-06-18,2026-06-18 11:50:00,10.065,10.11,10.05,10.1,7282.0
2026-06-18,2026-06-18 11:55:00,10.105,10.207,10.1,10.17,25015.0
2026-06-18,2026-06-18 12:00:00,10.2,10.21,10.19,10.205,3724.0
2026-06-18,2026-06-18 12:05:00,10.2,10.21,10.16,10.16,9437.0
2026-06-18,2026-06-18 12:10:00,10.16,10.18,10.155,10.16,6291.0
2026-06-18,2026-06-18 12:15:00,10.17,10.19,10.17,10.185,7576.0
2026-06-18,2026-06-18 12:20:00,10.17,10.1789,10.15,10.16,5682.0
2026-06-18,2026-06-18 12:25:00,10.17,10.2,10.15,10.18,6266.0
2026-06-18,2026-06-18 12:30:00,10.1899,10.1899,10.135,10.135,7025.0
2026-06-18,2026-06-18 12:35:00,10.14,10.14,10.102,10.12,6177.0
2026-06-18,2026-06-18 12:40:00,10.13,10.135,10.115,10.12,3897.0
2026-06-18,2026-06-18 12:45:00,10.13,10.16,10.125,10.13,17179.0
2026-06-18,2026-06-18 12:50:00,10.14,10.16,10.1201,10.135,5566.0
2026-06-18,2026-06-18 12:55:00,10.135,10.14,10.08,10.125,23478.0
2026-06-18,2026-06-18 13:00:00,10.12,10.14,10.12,10.13,4498.0
2026-06-18,2026-06-18 13:05:00,10.12,10.13,10.11,10.12,4365.0
2026-06-18,2026-06-18 13:10:00,10.1101,10.19,10.1101,10.18,6141.0
2026-06-18,2026-06-18 13:15:00,10.185,10.29,10.185,10.19,31742.0
2026-06-18,2026-06-18 13:20:00,10.2,10.2,10.162,10.162,7049.0
2026-06-18,2026-06-18 13:25:00,10.16,10.18,10.12,10.1553,7100.0
2026-06-18,2026-06-18 13:30:00,10.15,10.15,10.12,10.15,5980.0
2026-06-18,2026-06-18 13:35:00,10.15,10.235,10.15,10.23,23149.0
2026-06-18,2026-06-18 13:40:00,10.22,10.22,10.18,10.18,11291.0
2026-06-18,2026-06-18 13:45:00,10.19,10.215,10.19,10.215,5846.0
2026-06-18,2026-06-18 13:50:00,10.21,10.23,10.19,10.19,5596.0
2026-06-18,2026-06-18 13:55:00,10.18,10.215,10.18,10.21,4819.0
2026-06-18,2026-06-18 14:00:00,10.21,10.21,10.19,10.21,11330.0
2026-06-18,2026-06-18 14:05:00,10.21,10.21,10.175,10.18,4958.0
2026-06-18,2026-06-18 14:10:00,10.18,10.19,10.165,10.17,8586.0
2026-06-18,2026-06-18 14:15:00,10.17,10.17,10.14,10.145,8732.0
2026-06-18,2026-06-18 14:20:00,10.15,10.16,10.08,10.13,17444.0
2026-06-18,2026-06-18 14:25:00,10.14,10.15,10.12,10.14,8266.0
2026-06-18,2026-06-18 14:30:00,10.14,10.15,10.12,10.14,8267.0
2026-06-18,2026-06-18 14:35:00,10.13,10.15,10.05,10.05,24225.0
2026-06-18,2026-06-18 14:40:00,10.05,10.06,9.95,9.975,15122.0
2026-06-18,2026-06-18 14:45:00,9.98,10.0,9.98,10.0,17637.0
2026-06-18,2026-06-18 14:50:00,9.9948,10.04,9.96,10.02,46936.0
2026-06-18,2026-06-18 14:55:00,10.02,10.1,10.02,10.08,17906.0
2026-06-18,2026-06-18 15:00:00,10.09,10.1,10.04,10.05,26036.0
2026-06-18,2026-06-18 15:05:00,10.045,10.055,10.01,10.03,22122.0
2026-06-18,2026-06-18 15:10:00,10.03,10.05,10.015,10.05,19501.0
2026-06-18,2026-06-18 15:15:00,10.04,10.04,9.91,9.95,47444.0
2026-06-18,2026-06-18 15:20:00,9.94,9.95,9.905,9.95,22736.0
2026-06-18,2026-06-18 15:25:00,9.95,10.02,9.94,10.02,42747.0
2026-06-18,2026-06-18 15:30:00,10.015,10.04,10.01,10.04,12166.0
2026-06-18,2026-06-18 15:35:00,10.03,10.08,9.945,10.08,45073.0
2026-06-18,2026-06-18 15:40:00,10.085,10.1,10.025,10.05,15049.0
2026-06-18,2026-06-18 15:45:00,10.05,10.08,10.03,10.06,41181.0
2026-06-18,2026-06-18 15:50:00,10.06,10.115,10.04,10.08,61047.0
2026-06-18,2026-06-18 15:55:00,10.09,10.2229,10.09,10.2,96903.0
2026-06-18,2026-06-18 16:00:00,10.2,10.29,10.13,10.19,695821.0
2026-06-22,2026-06-22 09:35:00,10.22,10.6344,10.19,10.56,119783.0
2026-06-22,2026-06-22 09:40:00,10.534,10.58,10.4,10.56,41576.0
2026-06-22,2026-06-22 09:45:00,10.58,10.85,10.58,10.74,60835.0
2026-06-22,2026-06-22 09:50:00,10.77,10.83,10.67,10.74,35142.0
2026-06-22,2026-06-22 09:55:00,10.75,10.77,10.6829,10.7501,15196.0
2026-06-22,2026-06-22 10:00:00,10.77,10.85,10.7344,10.78,64235.0
2026-06-22,2026-06-22 10:05:00,10.78,10.82,10.7335,10.79,14336.0
2026-06-22,2026-06-22 10:10:00,10.78,10.78,10.68,10.695,10973.0
2026-06-22,2026-06-22 10:15:00,10.73,10.766,10.6717,10.766,26652.0
2026-06-22,2026-06-22 10:20:00,10.7442,10.845,10.71,10.75,30240.0
2026-06-22,2026-06-22 10:25:00,10.75,10.87,10.75,10.775,39357.0
2026-06-22,2026-06-22 10:30:00,10.775,10.89,10.72,10.81,61244.0
2026-06-22,2026-06-22 10:35:00,10.79,10.86,10.785,10.83,13558.0
2026-06-22,2026-06-22 10:40:00,10.82,10.835,10.77,10.8,23617.0
2026-06-22,2026-06-22 10:45:00,10.78,10.825,10.75,10.77,17039.0
2026-06-22,2026-06-22 10:50:00,10.75,10.77,10.68,10.695,14922.0
2026-06-22,2026-06-22 10:55:00,10.7,10.71,10.64,10.66,20232.0
2026-06-22,2026-06-22 11:00:00,10.66,10.77,10.65,10.75,11101.0
2026-06-22,2026-06-22 11:05:00,10.76,10.8,10.76,10.78,14849.0
2026-06-22,2026-06-22 11:10:00,10.78,10.78,10.71,10.76,18056.0
2026-06-22,2026-06-22 11:15:00,10.75,10.77,10.72,10.73,12838.0
2026-06-22,2026-06-22 11:20:00,10.75,10.8,10.745,10.78,7767.0
2026-06-22,2026-06-22 11:25:00,10.79,10.95,10.78,10.92,62515.0
2026-06-22,2026-06-22 11:30:00,10.9499,10.97,10.9223,10.955,16980.0
2026-06-22,2026-06-22 11:35:00,10.955,10.96,10.88,10.91,31299.0
2026-06-22,2026-06-22 11:40:00,10.92,11.195,10.92,11.15,82401.0
2026-06-22,2026-06-22 11:45:00,11.1546,11.2,11.1546,11.2,29022.0
2026-06-22,2026-06-22 11:50:00,11.2,11.25,11.1631,11.1631,35249.0
2026-06-22,2026-06-22 11:55:00,11.17,11.2483,11.17,11.24,22950.0
2026-06-22,2026-06-22 12:00:00,11.2499,11.25,11.2,11.22,29843.0
2026-06-22,2026-06-22 12:05:00,11.235,11.25,11.13,11.22,29596.0
2026-06-22,2026-06-22 12:10:00,11.22,11.2665,11.2,11.2409,14777.0
2026-06-22,2026-06-22 12:15:00,11.26,11.32,11.25,11.32,36932.0
2026-06-22,2026-06-22 12:20:00,11.32,11.33,11.25,11.27,24392.0
2026-06-22,2026-06-22 12:25:00,11.28,11.33,11.25,11.25,16731.0
2026-06-22,2026-06-22 12:30:00,11.25,11.25,11.22,11.24,12929.0
2026-06-22,2026-06-22 12:35:00,11.235,11.235,11.055,11.06,47048.0
2026-06-22,2026-06-22 12:40:00,11.06,11.09,11.05,11.09,11200.0
2026-06-22,2026-06-22 12:45:00,11.09,11.11,11.0778,11.105,10140.0
2026-06-22,2026-06-22 12:50:00,11.105,11.18,11.0901,11.18,14660.0
2026-06-22,2026-06-22 12:55:00,11.18,11.18,11.16,11.18,12381.0
2026-06-22,2026-06-22 13:00:00,11.19,11.19,11.125,11.14,12647.0
2026-06-22,2026-06-22 13:05:00,11.14,11.16,11.125,11.15,11001.0
2026-06-22,2026-06-22 13:10:00,11.13,11.14,11.095,11.11,21700.0
2026-06-22,2026-06-22 13:15:00,11.11,11.24,11.095,11.169,26216.0
2026-06-22,2026-06-22 13:20:00,11.1743,11.24,11.1743,11.24,28394.0
2026-06-22,2026-06-22 13:25:00,11.25,11.29,11.18,11.275,27214.0
2026-06-22,2026-06-22 13:30:00,11.26,11.29,11.2056,11.24,54442.0
2026-06-22,2026-06-22 13:35:00,11.24,11.26,11.19,11.245,50786.0
2026-06-22,2026-06-22 13:40:00,11.2549,11.4,11.21,11.31,93693.0
2026-06-22,2026-06-22 13:45:00,11.31,11.31,11.14,11.164,70622.0
2026-06-22,2026-06-22 13:50:00,11.1739,11.2,11.14,11.1739,36511.0
2026-06-22,2026-06-22 13:55:00,11.19,11.23,11.17,11.2113,37959.0
2026-06-22,2026-06-22 14:00:00,11.2009,11.2009,11.1,11.105,25007.0
2026-06-22,2026-06-22 14:05:00,11.105,11.15,11.1,11.115,32767.0
2026-06-22,2026-06-22 14:10:00,11.115,11.2,11.1,11.177,67667.0
2026-06-22,2026-06-22 14:15:00,11.16,11.2,11.12,11.19,28638.0
2026-06-22,2026-06-22 14:20:00,11.18,11.2,11.16,11.17,9544.0
2026-06-22,2026-06-22 14:25:00,11.19,11.25,11.17,11.17,79306.0
2026-06-22,2026-06-22 14:30:00,11.175,11.2,11.15,11.185,34046.0
2026-06-22,2026-06-22 14:35:00,11.2,11.215,11.145,11.15,29305.0
2026-06-22,2026-06-22 14:40:00,11.145,11.16,11.125,11.1338,13318.0
2026-06-22,2026-06-22 14:45:00,11.13,11.18,11.13,11.16,33629.0
2026-06-22,2026-06-22 14:50:00,11.16,11.1999,11.16,11.17,14147.0
2026-06-22,2026-06-22 14:55:00,11.16,11.16,11.125,11.125,17869.0
2026-06-22,2026-06-22 15:00:00,11.125,11.14,11.08,11.095,12714.0
2026-06-22,2026-06-22 15:05:00,11.09,11.1399,11.05,11.1055,45916.0
2026-06-22,2026-06-22 15:10:00,11.11,11.12,11.0814,11.115,18618.0
2026-06-22,2026-06-22 15:15:00,11.1192,11.1593,11.1192,11.125,29732.0
2026-06-22,2026-06-22 15:20:00,11.125,11.2,11.125,11.16,44146.0
2026-06-22,2026-06-22 15:25:00,11.16,11.16,11.09,11.15,37412.0
2026-06-22,2026-06-22 15:30:00,11.16,11.43,11.15,11.415,79162.0
2026-06-22,2026-06-22 15:35:00,11.43,11.43,11.33,11.33,40242.0
2026-06-22,2026-06-22 15:40:00,11.33,11.34,11.18,11.1883,38966.0
2026-06-22,2026-06-22 15:45:00,11.18,11.216,11.155,11.1671,25081.0
2026-06-22,2026-06-22 15:50:00,11.16,11.23,11.15,11.17,38619.0
2026-06-22,2026-06-22 15:55:00,11.18,11.205,11.1173,11.13,70009.0
2026-06-22,2026-06-22 16:00:00,11.14,11.195,11.125,11.18,484642.0
2026-06-23,2026-06-23 09:35:00,10.88,11.78,10.8601,11.68,127652.0
2026-06-23,2026-06-23 09:40:00,11.68,11.68,11.47,11.63,52363.0
2026-06-23,2026-06-23 09:45:00,11.595,11.61,11.385,11.39,14879.0
2026-06-23,2026-06-23 09:50:00,11.375,11.67,11.375,11.65,41816.0
2026-06-23,2026-06-23 09:55:00,11.655,11.78,11.64,11.76,34943.0
2026-06-23,2026-06-23 10:00:00,11.755,12.05,11.755,11.9851,133385.0
2026-06-23,2026-06-23 10:05:00,11.9501,12.2,11.9501,12.2,76512.0
2026-06-23,2026-06-23 10:10:00,12.2,12.23,11.88,11.929,99160.0
2026-06-23,2026-06-23 10:15:00,11.96,12.1,11.95,12.03,65035.0
2026-06-23,2026-06-23 10:20:00,12.0399,12.05,11.87,11.9121,34799.0
2026-06-23,2026-06-23 10:25:00,11.915,11.95,11.885,11.885,25900.0
2026-06-23,2026-06-23 10:30:00,11.91,12.03,11.895,12.03,19570.0
2026-06-23,2026-06-23 10:35:00,12.029,12.06,11.97,11.97,15272.0
2026-06-23,2026-06-23 10:40:00,11.97,12.03,11.89,11.8964,41040.0
2026-06-23,2026-06-23 10:45:00,11.8741,11.93,11.8588,11.905,31969.0
2026-06-23,2026-06-23 10:50:00,11.8901,11.95,11.8717,11.88,22584.0
2026-06-23,2026-06-23 10:55:00,11.865,11.9,11.84,11.85,35705.0
2026-06-23,2026-06-23 11:00:00,11.83,11.92,11.83,11.9,22357.0
2026-06-23,2026-06-23 11:05:00,11.9,11.935,11.8,11.84,46287.0
2026-06-23,2026-06-23 11:10:00,11.84,11.88,11.7901,11.86,20872.0
2026-06-23,2026-06-23 11:15:00,11.88,11.88,11.845,11.845,5528.0
2026-06-23,2026-06-23 11:20:00,11.86,11.865,11.7807,11.81,31170.0
2026-06-23,2026-06-23 11:25:00,11.83,11.86,11.795,11.81,10059.0
2026-06-23,2026-06-23 11:30:00,11.8,11.8,11.69,11.69,31998.0
2026-06-23,2026-06-23 11:35:00,11.6864,11.73,11.67,11.73,34495.0
2026-06-23,2026-06-23 11:40:00,11.75,11.78,11.72,11.72,6152.0
2026-06-23,2026-06-23 11:45:00,11.73,11.775,11.72,11.74,5905.0
2026-06-23,2026-06-23 11:50:00,11.75,11.7832,11.7301,11.7301,23366.0
2026-06-23,2026-06-23 11:55:00,11.75,11.75,11.6,11.62,59844.0
2026-06-23,2026-06-23 12:00:00,11.615,11.7,11.6,11.7,14681.0
2026-06-23,2026-06-23 12:05:00,11.7,11.72,11.67,11.7,13826.0
2026-06-23,2026-06-23 12:10:00,11.69,11.78,11.69,11.76,13308.0
2026-06-23,2026-06-23 12:15:00,11.77,11.8017,11.73,11.77,33437.0
2026-06-23,2026-06-23 12:20:00,11.77,11.8,11.7,11.72,49195.0
2026-06-23,2026-06-23 12:25:00,11.73,11.8,11.7,11.7704,47668.0
2026-06-23,2026-06-23 12:30:00,11.765,11.83,11.765,11.824,36791.0
2026-06-23,2026-06-23 12:35:00,11.83,12.005,11.82,11.99,33673.0
2026-06-23,2026-06-23 12:40:00,12.0,12.125,11.9806,12.065,77396.0
2026-06-23,2026-06-23 12:45:00,12.065,12.11,11.95,11.965,36642.0
2026-06-23,2026-06-23 12:50:00,11.965,11.965,11.845,11.86,31149.0
2026-06-23,2026-06-23 12:55:00,11.89,11.89,11.82,11.87,21558.0
2026-06-23,2026-06-23 13:00:00,11.885,11.95,11.86,11.92,6933.0
2026-06-23,2026-06-23 13:05:00,11.93,11.93,11.88,11.88,10406.0
2026-06-23,2026-06-23 13:10:00,11.88,11.88,11.85,11.865,7155.0
2026-06-23,2026-06-23 13:15:00,11.87,11.92,11.86,11.89,15438.0
2026-06-23,2026-06-23 13:20:00,11.89,11.94,11.89,11.93,8615.0
2026-06-23,2026-06-23 13:25:00,11.93,12.01,11.9,12.0,14693.0
2026-06-23,2026-06-23 13:30:00,12.0,12.0,11.9179,11.92,13879.0
2026-06-23,2026-06-23 13:35:00,11.915,11.94,11.89,11.93,13243.0
2026-06-23,2026-06-23 13:40:00,11.935,11.94,11.91,11.91,12130.0
2026-06-23,2026-06-23 13:45:00,11.9,11.91,11.86,11.86,17992.0
2026-06-23,2026-06-23 13:50:00,11.88,11.88,11.86,11.86,6354.0
2026-06-23,2026-06-23 13:55:00,11.85,11.86,11.81,11.81,7592.0
2026-06-23,2026-06-23 14:00:00,11.81,11.82,11.77,11.78,9281.0
2026-06-23,2026-06-23 14:05:00,11.7801,11.7801,11.66,11.705,35763.0
2026-06-23,2026-06-23 14:10:00,11.705,11.71,11.62,11.6863,22926.0
2026-06-23,2026-06-23 14:15:00,11.6951,11.7,11.67,11.69,6457.0
2026-06-23,2026-06-23 14:20:00,11.675,11.675,11.44,11.47,32823.0
2026-06-23,2026-06-23 14:25:00,11.475,11.475,11.31,11.365,58156.0
2026-06-23,2026-06-23 14:30:00,11.365,11.44,11.33,11.41,49962.0
2026-06-23,2026-06-23 14:35:00,11.39,11.407,11.37,11.395,12580.0
2026-06-23,2026-06-23 14:40:00,11.39,11.45,11.3701,11.385,24953.0
2026-06-23,2026-06-23 14:45:00,11.38,11.3899,11.35,11.36,19452.0
2026-06-23,2026-06-23 14:50:00,11.36,11.38,11.35,11.37,21702.0
2026-06-23,2026-06-23 14:55:00,11.38,11.41,11.36,11.39,15923.0
2026-06-23,2026-06-23 15:00:00,11.385,11.395,11.33,11.39,37556.0
2026-06-23,2026-06-23 15:05:00,11.4099,11.4099,11.3592,11.36,15916.0
2026-06-23,2026-06-23 15:10:00,11.37,11.42,11.345,11.36,36064.0
2026-06-23,2026-06-23 15:15:00,11.36,11.37,11.305,11.35,25426.0
2026-06-23,2026-06-23 15:20:00,11.35,11.365,11.28,11.29,21740.0
2026-06-23,2026-06-23 15:25:00,11.28,11.35,11.28,11.35,28660.0
2026-06-23,2026-06-23 15:30:00,11.3563,11.39,11.35,11.37,30950.0
2026-06-23,2026-06-23 15:35:00,11.38,11.39,11.29,11.3005,39450.0
2026-06-23,2026-06-23 15:40:00,11.3,11.3799,11.28,11.35,31136.0
2026-06-23,2026-06-23 15:45:00,11.355,11.39,11.3,11.325,48085.0
2026-06-23,2026-06-23 15:50:00,11.33,11.34,11.23,11.28,85842.0
2026-06-23,2026-06-23 15:55:00,11.27,11.4,11.25,11.37,64137.0
2026-06-23,2026-06-23 16:00:00,11.355,11.48,11.29,11.42,400929.0
2026-06-24,2026-06-24 09:35:00,11.46,11.84,11.4,11.805,105451.0
2026-06-24,2026-06-24 09:40:00,11.8,11.86,11.66,11.82,32960.0
2026-06-24,2026-06-24 09:45:00,11.83,11.84,11.7,11.7,44808.0
2026-06-24,2026-06-24 09:50:00,11.695,11.75,11.55,11.605,32830.0
2026-06-24,2026-06-24 09:55:00,11.605,11.61,11.44,11.59,48556.0
2026-06-24,2026-06-24 10:00:00,11.6,11.68,11.57,11.68,23717.0
2026-06-24,2026-06-24 10:05:00,11.67,11.68,11.39,11.39,43640.0
2026-06-24,2026-06-24 10:10:00,11.4,11.46,11.39,11.4,28351.0
2026-06-24,2026-06-24 10:15:00,11.41,11.44,11.3512,11.3512,29066.0
2026-06-24,2026-06-24 10:20:00,11.38,11.475,11.365,11.43,34090.0
2026-06-24,2026-06-24 10:25:00,11.42,11.5,11.37,11.5,31548.0
2026-06-24,2026-06-24 10:30:00,11.5,11.57,11.4801,11.545,42614.0
2026-06-24,2026-06-24 10:35:00,11.54,11.63,11.54,11.6,28058.0
2026-06-24,2026-06-24 10:40:00,11.61,11.65,11.5747,11.595,21141.0
2026-06-24,2026-06-24 10:45:00,11.58,11.615,11.58,11.615,22350.0
2026-06-24,2026-06-24 10:50:00,11.62,11.67,11.61,11.66,25257.0
2026-06-24,2026-06-24 10:55:00,11.65,11.71,11.63,11.7,32190.0
2026-06-24,2026-06-24 11:00:00,11.7,11.77,11.7,11.7495,18554.0
2026-06-24,2026-06-24 11:05:00,11.75,11.8,11.695,11.72,20956.0
2026-06-24,2026-06-24 11:10:00,11.7,11.7799,11.68,11.7,36433.0
2026-06-24,2026-06-24 11:15:00,11.71,11.71,11.56,11.58,46747.0
2026-06-24,2026-06-24 11:20:00,11.58,11.59,11.51,11.52,32146.0
2026-06-24,2026-06-24 11:25:00,11.52,11.53,11.475,11.4801,18778.0
2026-06-24,2026-06-24 11:30:00,11.48,11.53,11.45,11.53,31081.0
2026-06-24,2026-06-24 11:35:00,11.53,11.55,11.47,11.48,15346.0
2026-06-24,2026-06-24 11:40:00,11.49,11.54,11.47,11.505,32343.0
2026-06-24,2026-06-24 11:45:00,11.5,11.53,11.5,11.52,18041.0
2026-06-24,2026-06-24 11:50:00,11.51,11.53,11.49,11.505,22588.0
2026-06-24,2026-06-24 11:55:00,11.505,11.52,11.49,11.505,14559.0
2026-06-24,2026-06-24 12:00:00,11.51,11.51,11.465,11.47,26365.0
2026-06-24,2026-06-24 12:05:00,11.47,11.49,11.46,11.475,13211.0
2026-06-24,2026-06-24 12:10:00,11.47,11.49,11.45,11.475,19464.0
2026-06-24,2026-06-24 12:15:00,11.47,11.5,11.465,11.48,19066.0
2026-06-24,2026-06-24 12:20:00,11.48,11.53,11.48,11.52,22833.0
2026-06-24,2026-06-24 12:25:00,11.52,11.57,11.52,11.55,21666.0
2026-06-24,2026-06-24 12:30:00,11.55,11.5983,11.535,11.5983,17350.0
2026-06-24,2026-06-24 12:35:00,11.582,11.6,11.52,11.6,17420.0
2026-06-24,2026-06-24 12:40:00,11.58,11.59,11.52,11.53,18394.0
2026-06-24,2026-06-24 12:45:00,11.52,11.57,11.515,11.55,18001.0
2026-06-24,2026-06-24 12:50:00,11.54,11.575,11.505,11.56,24275.0
2026-06-24,2026-06-24 12:55:00,11.55,11.555,11.53,11.53,10894.0
2026-06-24,2026-06-24 13:00:00,11.52,11.54,11.51,11.51,13463.0
2026-06-24,2026-06-24 13:05:00,11.51,11.556816,11.5,11.545,14477.0
2026-06-24,2026-06-24 13:10:00,11.55,11.55,11.485,11.5,18906.0
2026-06-24,2026-06-24 13:15:00,11.5,11.51,11.455,11.475,39789.0
2026-06-24,2026-06-24 13:20:00,11.48,11.49,11.445,11.475,12706.0
2026-06-24,2026-06-24 13:25:00,11.475,11.475,11.385,11.46,36974.0
2026-06-24,2026-06-24 13:30:00,11.43,11.44,11.395,11.395,14528.0
2026-06-24,2026-06-24 13:35:00,11.4,11.46,11.4,11.455,27272.0
2026-06-24,2026-06-24 13:40:00,11.47,11.47,11.34,11.41,68672.0
2026-06-24,2026-06-24 13:45:00,11.4272,11.43,11.4,11.4,15740.0
2026-06-24,2026-06-24 13:50:00,11.4,11.475,11.365,11.44,26450.0
2026-06-24,2026-06-24 13:55:00,11.445,11.49,11.4322,11.49,12808.0
2026-06-24,2026-06-24 14:00:00,11.49,11.51,11.47,11.47,13742.0
2026-06-24,2026-06-24 14:05:00,11.47,11.5,11.46,11.5,12923.0
2026-06-24,2026-06-24 14:10:00,11.48,11.54,11.47,11.54,22682.0
2026-06-24,2026-06-24 14:15:00,11.54,11.56,11.52,11.53,17938.0
2026-06-24,2026-06-24 14:20:00,11.55,11.58,11.53,11.58,16780.0
2026-06-24,2026-06-24 14:25:00,11.58,11.59,11.56,11.59,12314.0
2026-06-24,2026-06-24 14:30:00,11.58,11.59,11.525,11.525,31364.0
2026-06-24,2026-06-24 14:35:00,11.525,11.525,11.43,11.44,31806.0
2026-06-24,2026-06-24 14:40:00,11.455,11.5,11.44,11.485,24382.0
2026-06-24,2026-06-24 14:45:00,11.485,11.495,11.45,11.45,34617.0
2026-06-24,2026-06-24 14:50:00,11.46,11.46,11.36,11.37,35900.0
2026-06-24,2026-06-24 14:55:00,11.38,11.3872,11.29,11.38,55998.0
2026-06-24,2026-06-24 15:00:00,11.39,11.41,11.37,11.39,24490.0
2026-06-24,2026-06-24 15:05:00,11.37,11.42,11.35,11.41,32368.0
2026-06-24,2026-06-24 15:10:00,11.41,11.41,11.31,11.32,62932.0
2026-06-24,2026-06-24 15:15:00,11.32,11.32,11.27,11.27,38638.0
2026-06-24,2026-06-24 15:20:00,11.27,11.29,11.25,11.285,40225.0
2026-06-24,2026-06-24 15:25:00,11.29,11.345,11.27,11.345,40918.0
2026-06-24,2026-06-24 15:30:00,11.35,11.38,11.265,11.27,38332.0
2026-06-24,2026-06-24 15:35:00,11.26,11.289,11.21,11.26,64050.0
2026-06-24,2026-06-24 15:40:00,11.27,11.31,11.25,11.31,47754.0
2026-06-24,2026-06-24 15:45:00,11.3,11.31,11.28,11.295,37156.0
2026-06-24,2026-06-24 15:50:00,11.295,11.34,11.28,11.34,65835.0
2026-06-24,2026-06-24 15:55:00,11.34,11.39,11.3,11.3,110164.0
2026-06-24,2026-06-24 16:00:00,11.29,11.31,11.235,11.27,433715.0
2026-06-25,2026-06-25 09:35:00,11.29,11.3699,11.215,11.305,24366.0
2026-06-25,2026-06-25 09:40:00,11.35,11.54,11.34,11.405,14154.0
2026-06-25,2026-06-25 09:45:00,11.38,11.58,11.335,11.537,28929.0
2026-06-25,2026-06-25 09:50:00,11.555,11.6629,11.5097,11.62,55991.0
2026-06-25,2026-06-25 09:55:00,11.59,11.75,11.58,11.64,95249.0
2026-06-25,2026-06-25 10:00:00,11.67,11.745,11.6048,11.695,28972.0
2026-06-25,2026-06-25 10:05:00,11.695,11.745,11.64,11.71,29135.0
2026-06-25,2026-06-25 10:10:00,11.74,11.74,11.645,11.65,30180.0
2026-06-25,2026-06-25 10:15:00,11.67,11.67,11.45,11.45,22337.0
2026-06-25,2026-06-25 10:20:00,11.44,11.48,11.365,11.4,19626.0
2026-06-25,2026-06-25 10:25:00,11.395,11.4498,11.36,11.39,15733.0
2026-06-25,2026-06-25 10:30:00,11.39,11.45,11.375,11.43,18614.0
2026-06-25,2026-06-25 10:35:00,11.43,11.5,11.395,11.5,19097.0
2026-06-25,2026-06-25 10:40:00,11.5,11.545,11.47,11.54,12159.0
2026-06-25,2026-06-25 10:45:00,11.54,11.56,11.5,11.53,9753.0
2026-06-25,2026-06-25 10:50:00,11.54,11.62,11.54,11.615,13723.0
2026-06-25,2026-06-25 10:55:00,11.615,11.7,11.61,11.695,13271.0
2026-06-25,2026-06-25 11:00:00,11.695,11.73,11.65,11.68,17967.0
2026-06-25,2026-06-25 11:05:00,11.68,11.75,11.65,11.74,13346.0
2026-06-25,2026-06-25 11:10:00,11.75,11.8,11.68,11.68,24035.0
2026-06-25,2026-06-25 11:15:00,11.695,11.695,11.58,11.595,32712.0
2026-06-25,2026-06-25 11:20:00,11.585,11.6699,11.57,11.66,25840.0
2026-06-25,2026-06-25 11:25:00,11.665,11.665,11.535,11.535,18498.0
2026-06-25,2026-06-25 11:30:00,11.54,11.55,11.52,11.545,12018.0
2026-06-25,2026-06-25 11:35:00,11.535,11.55,11.49,11.49,8186.0
2026-06-25,2026-06-25 11:40:00,11.485,11.53,11.47,11.495,10577.0
2026-06-25,2026-06-25 11:45:00,11.49,11.52,11.47,11.52,12242.0
2026-06-25,2026-06-25 11:50:00,11.51,11.545,11.48,11.495,6618.0
2026-06-25,2026-06-25 11:55:00,11.48,11.55,11.475,11.475,23676.0
2026-06-25,2026-06-25 12:00:00,11.475,11.49,11.42,11.46,10438.0
2026-06-25,2026-06-25 12:05:00,11.46,11.46,11.41,11.43,9427.0
2026-06-25,2026-06-25 12:10:00,11.43,11.44,11.34,11.36,36540.0
2026-06-25,2026-06-25 12:15:00,11.37,11.4,11.355,11.385,16028.0
2026-06-25,2026-06-25 12:20:00,11.385,11.41,11.34,11.39,15884.0
2026-06-25,2026-06-25 12:25:00,11.38,11.395,11.36,11.365,9528.0
2026-06-25,2026-06-25 12:30:00,11.35,11.38,11.3206,11.33,28467.0
2026-06-25,2026-06-25 12:35:00,11.32,11.3468,11.31,11.32,16158.0
2026-06-25,2026-06-25 12:40:00,11.33,11.35,11.2801,11.3,26648.0
2026-06-25,2026-06-25 12:45:00,11.285,11.3087,11.2401,11.265,19110.0
2026-06-25,2026-06-25 12:50:00,11.265,11.28,11.22,11.255,30617.0
2026-06-25,2026-06-25 12:55:00,11.255,11.289,11.2101,11.265,21745.0
2026-06-25,2026-06-25 13:00:00,11.26,11.28,11.24,11.275,14222.0
2026-06-25,2026-06-25 13:05:00,11.27,11.27,11.2295,11.25,11374.0
2026-06-25,2026-06-25 13:10:00,11.26,11.27,11.24,11.25,6792.0
2026-06-25,2026-06-25 13:15:00,11.25,11.42,11.25,11.32,123403.0
2026-06-25,2026-06-25 13:20:00,11.33,11.395,11.31,11.32,16211.0
2026-06-25,2026-06-25 13:25:00,11.31,11.34,11.28,11.285,17944.0
2026-06-25,2026-06-25 13:30:00,11.285,11.34,11.27,11.33,25226.0
2026-06-25,2026-06-25 13:35:00,11.335,11.34,11.26,11.29,34873.0
2026-06-25,2026-06-25 13:40:00,11.32,11.32,11.27,11.31,15558.0
2026-06-25,2026-06-25 13:45:00,11.32,11.34,11.31,11.315,12398.0
2026-06-25,2026-06-25 13:50:00,11.315,11.315,11.2712,11.285,9235.0
2026-06-25,2026-06-25 13:55:00,11.29,11.29,11.1505,11.175,69192.0
2026-06-25,2026-06-25 14:00:00,11.16,11.18,11.12,11.145,21892.0
2026-06-25,2026-06-25 14:05:00,11.11,11.15,11.05,11.0799,23649.0
2026-06-25,2026-06-25 14:10:00,11.07,11.095,11.04,11.095,12252.0
2026-06-25,2026-06-25 14:15:00,11.095,11.095,11.06,11.06,3912.0
2026-06-25,2026-06-25 14:20:00,11.08,11.1,11.06,11.085,12791.0
2026-06-25,2026-06-25 14:25:00,11.085,11.09,11.03,11.085,31108.0
2026-06-25,2026-06-25 14:30:00,11.08,11.1099,11.08,11.1,10779.0
2026-06-25,2026-06-25 14:35:00,11.09,11.1,11.06,11.06,25686.0
2026-06-25,2026-06-25 14:40:00,11.08,11.09,11.05,11.085,14762.0
2026-06-25,2026-06-25 14:45:00,11.085,11.09,11.05,11.06,15699.0
2026-06-25,2026-06-25 14:50:00,11.07,11.09,11.04,11.075,21274.0
2026-06-25,2026-06-25 14:55:00,11.08,11.16,11.08,11.16,30397.0
2026-06-25,2026-06-25 15:00:00,11.16,11.2,11.14,11.185,29579.0
2026-06-25,2026-06-25 15:05:00,11.18,11.18,11.12,11.13,11588.0
2026-06-25,2026-06-25 15:10:00,11.13,11.145,11.09,11.11,17073.0
2026-06-25,2026-06-25 15:15:00,11.11,11.15,11.1,11.14,14300.0
2026-06-25,2026-06-25 15:20:00,11.145,11.145,11.1,11.12,19332.0
2026-06-25,2026-06-25 15:25:00,11.12,11.13,11.105,11.12,15252.0
2026-06-25,2026-06-25 15:30:00,11.12,11.16,11.12,11.145,18639.0
2026-06-25,2026-06-25 15:35:00,11.145,11.145,11.09,11.105,30220.0
2026-06-25,2026-06-25 15:40:00,11.1,11.115,11.085,11.11,20893.0
2026-06-25,2026-06-25 15:45:00,11.11,11.145,11.11,11.125,20066.0
2026-06-25,2026-06-25 15:50:00,11.125,11.205,11.125,11.19,37964.0
2026-06-25,2026-06-25 15:55:00,11.19,11.19,11.11,11.14,45321.0
2026-06-25,2026-06-25 16:00:00,11.14,11.155,11.07,11.13,428143.0
2026-06-26,2026-06-26 09:35:00,10.222,10.49,10.01,10.03,215640.0
2026-06-26,2026-06-26 09:40:00,10.05,10.39,9.88,9.995,413255.0
2026-06-26,2026-06-26 09:45:00,9.97,10.7595,9.9001,10.67,484135.0
2026-06-26,2026-06-26 09:50:00,10.67,10.72,10.56,10.68,208773.0
2026-06-26,2026-06-26 09:55:00,10.68,10.91,10.56,10.695,133720.0
2026-06-26,2026-06-26 10:00:00,10.695,10.83,10.674,10.715,84284.0
2026-06-26,2026-06-26 10:05:00,10.7,10.9299,10.68,10.9,65502.0
2026-06-26,2026-06-26 10:10:00,10.9199,10.9199,10.815,10.86,46181.0
2026-06-26,2026-06-26 10:15:00,10.849,11.0,10.78,10.95174,62837.0
2026-06-26,2026-06-26 10:20:00,10.98,10.98,10.78,10.815,48034.0
2026-06-26,2026-06-26 10:25:00,10.8352,10.8599,10.635,10.64,105129.0
2026-06-26,2026-06-26 10:30:00,10.64,10.7499,10.63,10.72,70765.0
2026-06-26,2026-06-26 10:35:00,10.7,10.8,10.7,10.8,28376.0
2026-06-26,2026-06-26 10:40:00,10.805,10.9,10.73,10.75,57517.0
2026-06-26,2026-06-26 10:45:00,10.77,11.02,10.77,10.915,64221.0
2026-06-26,2026-06-26 10:50:00,10.92,11.0199,10.89,11.0,152666.0
2026-06-26,2026-06-26 10:55:00,10.9801,11.0,10.7601,10.79,113403.0
2026-06-26,2026-06-26 11:00:00,10.8399,10.9199,10.79,10.905,15310.0
2026-06-26,2026-06-26 11:05:00,10.905,10.98,10.905,10.96,27717.0
2026-06-26,2026-06-26 11:10:00,10.9502,10.9999,10.95,10.98,13787.0
2026-06-26,2026-06-26 11:15:00,11.0,11.03,10.62,10.625,188056.0
2026-06-26,2026-06-26 11:20:00,10.61,10.7898,10.5653,10.76,37682.0
2026-06-26,2026-06-26 11:25:00,10.76,11.18,10.64,10.99,252874.0
2026-06-26,2026-06-26 11:30:00,10.99,11.06,10.76,10.79,189519.0
2026-06-26,2026-06-26 11:35:00,10.81,10.88,10.71,10.85,90419.0
2026-06-26,2026-06-26 11:40:00,10.86,11.01,10.82,10.92,203649.0
2026-06-26,2026-06-26 11:45:00,10.925,11.03,10.88,11.025,137925.0
2026-06-26,2026-06-26 11:50:00,11.025,11.04,10.91,10.92,58822.0
2026-06-26,2026-06-26 11:55:00,10.92,11.0,10.92,10.97,43663.0
2026-06-26,2026-06-26 12:00:00,10.99,11.0074,10.935,10.95,23466.0
2026-06-26,2026-06-26 12:05:00,10.96,11.25,10.96,11.2,123295.0
2026-06-26,2026-06-26 12:10:00,11.2,11.2,11.08,11.095,43094.0
2026-06-26,2026-06-26 12:15:00,11.11,11.16,10.95,11.145,150885.0
2026-06-26,2026-06-26 12:20:00,11.145,11.145,10.95,11.07,46882.0
2026-06-26,2026-06-26 12:25:00,11.06,11.15,11.045,11.12,120231.0
2026-06-26,2026-06-26 12:30:00,11.13,11.13,10.985,10.985,43998.0
2026-06-26,2026-06-26 12:35:00,11.0,11.1,10.975,10.99,51728.0
2026-06-26,2026-06-26 12:40:00,10.985,11.005,10.94,10.95,20452.0
2026-06-26,2026-06-26 12:45:00,10.95,11.0,10.93,10.96,12726.0
2026-06-26,2026-06-26 12:50:00,10.965,11.045,10.93,11.04,58137.0
2026-06-26,2026-06-26 12:55:00,11.05,11.1,10.985,11.005,24449.0
2026-06-26,2026-06-26 13:00:00,11.01,11.02,10.965,10.98,16726.0
2026-06-26,2026-06-26 13:05:00,10.97,11.02,10.97,11.0,23567.0
2026-06-26,2026-06-26 13:10:00,10.995,11.16,10.9901,11.135,58611.0
2026-06-26,2026-06-26 13:15:00,11.13,11.14,11.105,11.12,22317.0
2026-06-26,2026-06-26 13:20:00,11.11,11.16,11.075,11.14,30104.0
2026-06-26,2026-06-26 13:25:00,11.14,11.201,11.11,11.13,52909.0
2026-06-26,2026-06-26 13:30:00,11.12,11.17,11.12,11.16,24113.0
2026-06-26,2026-06-26 13:35:00,11.16,11.18,11.055,11.055,28583.0
2026-06-26,2026-06-26 13:40:00,11.055,11.065,11.0,11.05,39789.0
2026-06-26,2026-06-26 13:45:00,11.05,11.05,10.955,11.01,27281.0
2026-06-26,2026-06-26 13:50:00,11.02,11.05,11.02,11.04,6752.0
2026-06-26,2026-06-26 13:55:00,11.05,11.09,11.0,11.06,68734.0
2026-06-26,2026-06-26 14:00:00,11.06,11.08,11.055,11.08,20264.0
2026-06-26,2026-06-26 14:05:00,11.0849,11.11,11.07,11.1,18767.0
2026-06-26,2026-06-26 14:10:00,11.1,11.145,11.06,11.06,86965.0
2026-06-26,2026-06-26 14:15:00,11.06,11.07,10.92,10.94,32446.0
2026-06-26,2026-06-26 14:20:00,10.94,10.94,10.78,10.895,72471.0
2026-06-26,2026-06-26 14:25:00,10.91,10.91,10.845,10.885,14899.0
2026-06-26,2026-06-26 14:30:00,10.9,10.93,10.885,10.92,28838.0
2026-06-26,2026-06-26 14:35:00,10.92,10.92,10.85,10.89,46729.0
2026-06-26,2026-06-26 14:40:00,10.9,10.93,10.83,10.875,25989.0
2026-06-26,2026-06-26 14:45:00,10.86,10.9,10.84,10.8999,13402.0
2026-06-26,2026-06-26 14:50:00,10.9,10.9001,10.871,10.895,15853.0
2026-06-26,2026-06-26 14:55:00,10.895,10.98,10.89,10.97,70693.0
2026-06-26,2026-06-26 15:00:00,10.97,10.98,10.94,10.95,22184.0
2026-06-26,2026-06-26 15:05:00,10.95,10.97,10.9,10.91,120478.0
2026-06-26,2026-06-26 15:10:00,10.92,10.925,10.875,10.88,71054.0
2026-06-26,2026-06-26 15:15:00,10.8791,11.11,10.855,11.06,97872.0
2026-06-26,2026-06-26 15:20:00,11.06,11.22,11.02,11.205,131122.0
2026-06-26,2026-06-26 15:25:00,11.22,11.28,11.19,11.28,129598.0
2026-06-26,2026-06-26 15:30:00,11.275,11.335,11.26,11.29,80659.0
2026-06-26,2026-06-26 15:35:00,11.28,11.45,11.26,11.43,108110.0
2026-06-26,2026-06-26 15:40:00,11.425,11.425,11.395,11.4,45259.0
2026-06-26,2026-06-26 15:45:00,11.39,11.39,11.34,11.39,219068.0
2026-06-26,2026-06-26 15:50:00,11.385,11.39,11.145,11.19,91570.0
2026-06-26,2026-06-26 15:55:00,11.2,11.725,11.2,11.48,213820.0
2026-06-26,2026-06-26 16:00:00,11.5,11.69,11.4516,11.63,3245839.0
2026-06-29,2026-06-29 09:35:00,11.4,11.7,11.0817,11.245,127589.0
2026-06-29,2026-06-29 09:40:00,11.245,11.5,11.2,11.4029,79782.0
2026-06-29,2026-06-29 09:45:00,11.4,11.74,11.3939,11.505,58025.0
2026-06-29,2026-06-29 09:50:00,11.53,11.53,11.26,11.3344,29869.0
2026-06-29,2026-06-29 09:55:00,11.33,11.45,11.32,11.32,45014.0
2026-06-29,2026-06-29 10:00:00,11.305,11.32,11.2201,11.3,32904.0
2026-06-29,2026-06-29 10:05:00,11.31,11.63,11.3,11.5,60515.0
2026-06-29,2026-06-29 10:10:00,11.46,11.605,11.42,11.435,42465.0
2026-06-29,2026-06-29 10:15:00,11.43,11.43,11.11,11.16,50482.0
2026-06-29,2026-06-29 10:20:00,11.17,11.275,11.145,11.19,56824.0
2026-06-29,2026-06-29 10:25:00,11.18,11.28,11.17,11.23,33539.0
2026-06-29,2026-06-29 10:30:00,11.24,11.355,11.23,11.25,35864.0
2026-06-29,2026-06-29 10:35:00,11.25,11.27,11.16,11.225,71787.0
2026-06-29,2026-06-29 10:40:00,11.225,11.28,11.17,11.26,35059.0
2026-06-29,2026-06-29 10:45:00,11.25,11.32,11.24,11.28,22672.0
2026-06-29,2026-06-29 10:50:00,11.27,11.32,11.24,11.31,26252.0
2026-06-29,2026-06-29 10:55:00,11.3127,11.33,11.245,11.29,31179.0
2026-06-29,2026-06-29 11:00:00,11.29,11.42,11.29,11.4,37563.0
2026-06-29,2026-06-29 11:05:00,11.39,11.4,11.25,11.32,43653.0
2026-06-29,2026-06-29 11:10:00,11.31,11.33,11.27,11.29,23481.0
2026-06-29,2026-06-29 11:15:00,11.289,11.33,11.26,11.305,26453.0
2026-06-29,2026-06-29 11:20:00,11.31,11.34,11.28,11.31,34974.0
2026-06-29,2026-06-29 11:25:00,11.32,11.43,11.13,11.14,125824.0
2026-06-29,2026-06-29 11:30:00,11.14,11.1799,11.07,11.0978,25354.0
2026-06-29,2026-06-29 11:35:00,11.095,11.12,11.02,11.04,46697.0
2026-06-29,2026-06-29 11:40:00,11.0201,11.1,11.02,11.09,26783.0
2026-06-29,2026-06-29 11:45:00,11.105,11.115,11.06,11.07,13760.0
2026-06-29,2026-06-29 11:50:00,11.07,11.09,11.0,11.01,42068.0
2026-06-29,2026-06-29 11:55:00,11.02,11.07,11.02,11.04,24517.0
2026-06-29,2026-06-29 12:00:00,11.05,11.08,11.03,11.075,23457.0
2026-06-29,2026-06-29 12:05:00,11.08,11.11,11.07,11.08,18086.0
2026-06-29,2026-06-29 12:10:00,11.09,11.125,11.05,11.065,33942.0
2026-06-29,2026-06-29 12:15:00,11.07,11.26,11.07,11.235,110338.0
2026-06-29,2026-06-29 12:20:00,11.24,11.25,11.2,11.23,11817.0
2026-06-29,2026-06-29 12:25:00,11.2204,11.24,11.2204,11.23,11653.0
2026-06-29,2026-06-29 12:30:00,11.23,11.24,11.18,11.18,20142.0
2026-06-29,2026-06-29 12:35:00,11.19,11.21,11.17,11.195,20627.0
2026-06-29,2026-06-29 12:40:00,11.195,11.37,11.18,11.26,66396.0
2026-06-29,2026-06-29 12:45:00,11.26,11.26,11.205,11.22,18264.0
2026-06-29,2026-06-29 12:50:00,11.21,11.275,11.17,11.275,97472.0
2026-06-29,2026-06-29 12:55:00,11.275,11.275,11.225,11.23,21777.0
2026-06-29,2026-06-29 13:00:00,11.2299,11.27,11.225,11.24,23259.0
2026-06-29,2026-06-29 13:05:00,11.24,11.26,11.235,11.255,17482.0
2026-06-29,2026-06-29 13:10:00,11.255,11.26,11.24,11.255,16677.0
2026-06-29,2026-06-29 13:15:00,11.255,11.28,11.25,11.28,18524.0
2026-06-29,2026-06-29 13:20:00,11.27,11.27,11.21,11.21,22513.0
2026-06-29,2026-06-29 13:25:00,11.21,11.22,11.1835,11.2118,28541.0
2026-06-29,2026-06-29 13:30:00,11.21,11.2498,11.205,11.23,21469.0
2026-06-29,2026-06-29 13:35:00,11.23,11.28,11.22,11.26,36912.0
2026-06-29,2026-06-29 13:40:00,11.255,11.255,11.215,11.24,12845.0
2026-06-29,2026-06-29 13:45:00,11.231,11.271,11.23,11.245,14899.0
2026-06-29,2026-06-29 13:50:00,11.24,11.28,11.23,11.265,22795.0
2026-06-29,2026-06-29 13:55:00,11.26,11.275,11.25,11.26,11737.0
2026-06-29,2026-06-29 14:00:00,11.26,11.3,11.225,11.245,53271.0
2026-06-29,2026-06-29 14:05:00,11.25,11.3,11.205,11.205,75125.0
2026-06-29,2026-06-29 14:10:00,11.205,11.25,11.205,11.23,19983.0
2026-06-29,2026-06-29 14:15:00,11.24,11.2491,11.23,11.24,10748.0
2026-06-29,2026-06-29 14:20:00,11.24,11.3,11.215,11.235,92089.0
2026-06-29,2026-06-29 14:25:00,11.24,11.26,11.22,11.25,12289.0
2026-06-29,2026-06-29 14:30:00,11.245,11.28,11.24,11.265,34060.0
2026-06-29,2026-06-29 14:35:00,11.265,11.35,11.265,11.32,53220.0
2026-06-29,2026-06-29 14:40:00,11.32,11.325,11.26,11.26,25250.0
2026-06-29,2026-06-29 14:45:00,11.27,11.29,11.255,11.29,44605.0
2026-06-29,2026-06-29 14:50:00,11.28,11.33,11.27,11.3,24800.0
2026-06-29,2026-06-29 14:55:00,11.3,11.3397,11.3,11.32,16306.0
2026-06-29,2026-06-29 15:00:00,11.32,11.385,11.29,11.295,47410.0
2026-06-29,2026-06-29 15:05:00,11.295,11.3,11.26,11.28,32638.0
2026-06-29,2026-06-29 15:10:00,11.28,11.299,11.255,11.29,20097.0
2026-06-29,2026-06-29 15:15:00,11.29,11.29,11.26,11.26,17099.0
2026-06-29,2026-06-29 15:20:00,11.25,11.38,11.25,11.37,45743.0
2026-06-29,2026-06-29 15:25:00,11.37,11.39,11.36,11.39,14361.0
2026-06-29,2026-06-29 15:30:00,11.39,11.4,11.375,11.38,21854.0
2026-06-29,2026-06-29 15:35:00,11.37,11.37,11.26,11.31,38256.0
2026-06-29,2026-06-29 15:40:00,11.31,11.335,11.27,11.27,36018.0
2026-06-29,2026-06-29 15:45:00,11.28,11.32,11.25,11.311,46417.0
2026-06-29,2026-06-29 15:50:00,11.315,11.345,11.285,11.3,75511.0
2026-06-29,2026-06-29 15:55:00,11.29,11.295,11.235,11.25,165572.0
2026-06-29,2026-06-29 16:00:00,11.25,11.26,11.125,11.2,646650.0
2026-06-30,2026-06-30 09:35:00,12.0,12.5,11.705,12.4086,329890.0
2026-06-30,2026-06-30 09:40:00,12.415,12.44,11.915,11.921,166577.0
2026-06-30,2026-06-30 09:45:00,11.95,11.95,11.52,11.5347,88615.0
2026-06-30,2026-06-30 09:50:00,11.525,11.69,11.525,11.6,41945.0
2026-06-30,2026-06-30 09:55:00,11.58,11.69,11.57,11.58,42524.0
2026-06-30,2026-06-30 10:00:00,11.58,11.615,11.34,11.45,100370.0
2026-06-30,2026-06-30 10:05:00,11.41,11.436,11.18,11.26,58438.0
2026-06-30,2026-06-30 10:10:00,11.255,11.3699,11.21,11.315,74208.0
2026-06-30,2026-06-30 10:15:00,11.32,11.32,11.05,11.17,106978.0
2026-06-30,2026-06-30 10:20:00,11.2,11.2,11.04,11.12,75925.0
2026-06-30,2026-06-30 10:25:00,11.135,11.22,11.0,11.16,76468.0
2026-06-30,2026-06-30 10:30:00,11.165,11.22,11.125,11.14,30316.0
2026-06-30,2026-06-30 10:35:00,11.14,11.16,10.97,11.03,125033.0
2026-06-30,2026-06-30 10:40:00,11.03,11.24,11.03,11.23,46370.0
2026-06-30,2026-06-30 10:45:00,11.23,11.37,11.23,11.35,51459.0
2026-06-30,2026-06-30 10:50:00,11.34,11.455,11.32,11.4,30941.0
2026-06-30,2026-06-30 10:55:00,11.4,11.4,11.34,11.35,16286.0
2026-06-30,2026-06-30 11:00:00,11.35,11.43,11.345,11.36,31838.0
2026-06-30,2026-06-30 11:05:00,11.37,11.4,11.35,11.36,14787.0
2026-06-30,2026-06-30 11:10:00,11.36,11.37,11.255,11.32,33503.0
2026-06-30,2026-06-30 11:15:00,11.3,11.33,11.065,11.065,23962.0
2026-06-30,2026-06-30 11:20:00,11.08,11.2,11.0591,11.16,89064.0
2026-06-30,2026-06-30 11:25:00,11.14,11.17,11.12,11.135,17273.0
2026-06-30,2026-06-30 11:30:00,11.13,11.21,11.13,11.21,12400.0
2026-06-30,2026-06-30 11:35:00,11.21,11.22,11.12,11.12,24260.0
2026-06-30,2026-06-30 11:40:00,11.13,11.14,11.095,11.12,35175.0
2026-06-30,2026-06-30 11:45:00,11.13,11.1433,11.09,11.13,22349.0
2026-06-30,2026-06-30 11:50:00,11.13,11.22,11.12,11.22,21912.0
2026-06-30,2026-06-30 11:55:00,11.23,11.25,11.2,11.22,22156.0
2026-06-30,2026-06-30 12:00:00,11.21,11.289,11.19,11.24,21188.0
2026-06-30,2026-06-30 12:05:00,11.245,11.29,11.23,11.235,20453.0
2026-06-30,2026-06-30 12:10:00,11.22,11.335,11.205,11.25,38678.0
2026-06-30,2026-06-30 12:15:00,11.245,11.3,11.2306,11.285,18855.0
2026-06-30,2026-06-30 12:20:00,11.28,11.28,11.23,11.25,16302.0
2026-06-30,2026-06-30 12:25:00,11.24,11.24,11.2,11.235,11782.0
2026-06-30,2026-06-30 12:30:00,11.235,11.235,11.16,11.16,16989.0
2026-06-30,2026-06-30 12:35:00,11.16,11.2,11.16,11.2,11096.0
2026-06-30,2026-06-30 12:40:00,11.21,11.24,11.19,11.2,24341.0
2026-06-30,2026-06-30 12:45:00,11.195,11.22,11.18,11.21,10344.0
2026-06-30,2026-06-30 12:50:00,11.22,11.2258,11.2,11.22,9475.0
2026-06-30,2026-06-30 12:55:00,11.23,11.23,11.195,11.2,8753.0
2026-06-30,2026-06-30 13:00:00,11.205,11.26,11.19,11.25,24128.0
2026-06-30,2026-06-30 13:05:00,11.25,11.26,11.22,11.24,15510.0
2026-06-30,2026-06-30 13:10:00,11.25,11.275,11.24,11.25,16110.0
2026-06-30,2026-06-30 13:15:00,11.24,11.24,11.18,11.2,28964.0
2026-06-30,2026-06-30 13:20:00,11.2,11.205,11.185,11.2,16883.0
2026-06-30,2026-06-30 13:25:00,11.2,11.245,11.2,11.235,14053.0
2026-06-30,2026-06-30 13:30:00,11.23,11.23,11.21,11.23,11155.0
2026-06-30,2026-06-30 13:35:00,11.23,11.29,11.23,11.27,29152.0
2026-06-30,2026-06-30 13:40:00,11.27,11.29,11.23,11.26,18510.0
2026-06-30,2026-06-30 13:45:00,11.26,11.37,11.26,11.35,16089.0
2026-06-30,2026-06-30 13:50:00,11.35,11.355,11.3,11.3,18293.0
2026-06-30,2026-06-30 13:55:00,11.302,11.302,11.27,11.29,11908.0
2026-06-30,2026-06-30 14:00:00,11.28,11.29,11.23,11.23,25930.0
2026-06-30,2026-06-30 14:05:00,11.24,11.28,11.24,11.275,13736.0
2026-06-30,2026-06-30 14:10:00,11.27,11.3,11.26,11.295,16576.0
2026-06-30,2026-06-30 14:15:00,11.29,11.3,11.29,11.29,10062.0
2026-06-30,2026-06-30 14:20:00,11.28,11.28,11.25,11.25,13853.0
2026-06-30,2026-06-30 14:25:00,11.25,11.28,11.23,11.28,15079.0
2026-06-30,2026-06-30 14:30:00,11.28,11.295,11.19,11.21,43089.0
2026-06-30,2026-06-30 14:35:00,11.21,11.23,11.2,11.225,15511.0
2026-06-30,2026-06-30 14:40:00,11.22,11.235,11.175,11.18,17417.0
2026-06-30,2026-06-30 14:45:00,11.18,11.21,11.16,11.19,46666.0
2026-06-30,2026-06-30 14:50:00,11.19,11.19,11.17,11.19,14189.0
2026-06-30,2026-06-30 14:55:00,11.19,11.23,11.185,11.225,15699.0
2026-06-30,2026-06-30 15:00:00,11.225,11.28,11.21,11.21,31932.0
2026-06-30,2026-06-30 15:05:00,11.21,11.225,11.18,11.2,31720.0
2026-06-30,2026-06-30 15:10:00,11.2001,11.2001,11.18,11.185,14465.0
2026-06-30,2026-06-30 15:15:00,11.19,11.23,11.185,11.21,38726.0
2026-06-30,2026-06-30 15:20:00,11.2,11.24,11.175,11.24,23976.0
2026-06-30,2026-06-30 15:25:00,11.24,11.265,11.2,11.215,41673.0
2026-06-30,2026-06-30 15:30:00,11.215,11.25,11.175,11.175,29218.0
2026-06-30,2026-06-30 15:35:00,11.18,11.21,11.16,11.195,41251.0
2026-06-30,2026-06-30 15:40:00,11.21,11.21,11.175,11.195,27021.0
2026-06-30,2026-06-30 15:45:00,11.19,11.205,11.15,11.175,45071.0
2026-06-30,2026-06-30 15:50:00,11.18,11.185,11.1,11.16,106019.0
2026-06-30,2026-06-30 15:55:00,11.17,11.29,11.0801,11.0801,148331.0
2026-06-30,2026-06-30 16:00:00,11.1,11.205,11.01,11.07,1093958.0
2026-07-01,2026-07-01 09:35:00,11.1,11.64,11.1,11.565,98978.0
2026-07-01,2026-07-01 09:40:00,11.51,11.5699,11.39,11.41,73872.0
2026-07-01,2026-07-01 09:45:00,11.415,11.51,11.33,11.45,44928.0
2026-07-01,2026-07-01 09:50:00,11.45,11.62,11.44,11.45,43901.0
2026-07-01,2026-07-01 09:55:00,11.45,11.4899,11.43,11.465,23013.0
2026-07-01,2026-07-01 10:00:00,11.465,11.535,11.42,11.43,55816.0
2026-07-01,2026-07-01 10:05:00,11.435,11.58,11.435,11.58,54215.0
2026-07-01,2026-07-01 10:10:00,11.59,11.68,11.59,11.59,65070.0
2026-07-01,2026-07-01 10:15:00,11.6283,11.7,11.5921,11.63,44929.0
2026-07-01,2026-07-01 10:20:00,11.6379,11.645,11.46,11.485,52500.0
2026-07-01,2026-07-01 10:25:00,11.48,11.5494,11.4701,11.54,24145.0
2026-07-01,2026-07-01 10:30:00,11.54,11.585,11.515,11.54,28980.0
2026-07-01,2026-07-01 10:35:00,11.54,11.56,11.48,11.5,17802.0
2026-07-01,2026-07-01 10:40:00,11.49,11.54,11.425,11.52,39027.0
2026-07-01,2026-07-01 10:45:00,11.52,11.52,11.435,11.435,12254.0
2026-07-01,2026-07-01 10:50:00,11.43,11.43,11.37,11.37,24169.0
2026-07-01,2026-07-01 10:55:00,11.38,11.4,11.26,11.28,19920.0
2026-07-01,2026-07-01 11:00:00,11.27,11.28,11.22,11.25,28205.0
2026-07-01,2026-07-01 11:05:00,11.26,11.42,11.26,11.4,35176.0
2026-07-01,2026-07-01 11:10:00,11.4,11.4,11.3647,11.38,21473.0
2026-07-01,2026-07-01 11:15:00,11.37,11.37,11.31,11.32,22535.0
2026-07-01,2026-07-01 11:20:00,11.32,11.36,11.31,11.36,9268.0
2026-07-01,2026-07-01 11:25:00,11.35,11.43,11.35,11.36,50652.0
2026-07-01,2026-07-01 11:30:00,11.36,11.41,11.36,11.375,14677.0
2026-07-01,2026-07-01 11:35:00,11.38,11.39,11.31,11.31,23604.0
2026-07-01,2026-07-01 11:40:00,11.29,11.29,11.15,11.23,15130.0
2026-07-01,2026-07-01 11:45:00,11.21,11.25,11.19,11.24,10440.0
2026-07-01,2026-07-01 11:50:00,11.23,11.285,11.23,11.27,12515.0
2026-07-01,2026-07-01 11:55:00,11.28,11.28,11.225,11.24,15805.0
2026-07-01,2026-07-01 12:00:00,11.23,11.285,11.22,11.285,11143.0
2026-07-01,2026-07-01 12:05:00,11.285,11.33,11.28,11.3,10165.0
2026-07-01,2026-07-01 12:10:00,11.3,11.34,11.3,11.3,23372.0
2026-07-01,2026-07-01 12:15:00,11.31,11.31,11.23,11.27,22319.0
2026-07-01,2026-07-01 12:20:00,11.28,11.28,11.2301,11.24,13043.0
2026-07-01,2026-07-01 12:25:00,11.25,11.325,11.25,11.31,13042.0
2026-07-01,2026-07-01 12:30:00,11.3275,11.3275,11.27,11.285,10026.0
2026-07-01,2026-07-01 12:35:00,11.28,11.32,11.275,11.275,19969.0
2026-07-01,2026-07-01 12:40:00,11.28,11.32,11.27,11.3,10686.0
2026-07-01,2026-07-01 12:45:00,11.3,11.31,11.27,11.3,8062.0
2026-07-01,2026-07-01 12:50:00,11.29,11.29,11.26,11.26,37802.0
2026-07-01,2026-07-01 12:55:00,11.27,11.37,11.255,11.36,30767.0
2026-07-01,2026-07-01 13:00:00,11.38,11.41,11.33,11.34,37814.0
2026-07-01,2026-07-01 13:05:00,11.34,11.35,11.31,11.32,17245.0
2026-07-01,2026-07-01 13:10:00,11.32,11.34,11.3,11.34,19654.0
2026-07-01,2026-07-01 13:15:00,11.34,11.36,11.32,11.35,18706.0
2026-07-01,2026-07-01 13:20:00,11.37,11.4,11.35,11.395,9012.0
2026-07-01,2026-07-01 13:25:00,11.395,11.4,11.37,11.4,8678.0
2026-07-01,2026-07-01 13:30:00,11.4,11.41,11.37,11.39,14918.0
2026-07-01,2026-07-01 13:35:00,11.39,11.39,11.35,11.36,23231.0
2026-07-01,2026-07-01 13:40:00,11.35,11.35,11.31,11.32,11354.0
2026-07-01,2026-07-01 13:45:00,11.33,11.335,11.3,11.31,11992.0
2026-07-01,2026-07-01 13:50:00,11.31,11.32,11.06,11.08,78149.0
2026-07-01,2026-07-01 13:55:00,11.08,11.13,11.05,11.13,26553.0
2026-07-01,2026-07-01 14:00:00,11.13,11.165,11.13,11.15,22623.0
2026-07-01,2026-07-01 14:05:00,11.15,11.18,11.09,11.18,45564.0
2026-07-01,2026-07-01 14:10:00,11.18,11.19,11.14,11.1601,18778.0
2026-07-01,2026-07-01 14:15:00,11.16,11.17,11.14,11.15,10665.0
2026-07-01,2026-07-01 14:20:00,11.15,11.175,11.15,11.17,12095.0
2026-07-01,2026-07-01 14:25:00,11.18,11.18,11.15,11.15,13781.0
2026-07-01,2026-07-01 14:30:00,11.14,11.15,11.125,11.15,10265.0
2026-07-01,2026-07-01 14:35:00,11.14,11.155,11.04,11.155,34590.0
2026-07-01,2026-07-01 14:40:00,11.15,11.18,11.12,11.12,12096.0
2026-07-01,2026-07-01 14:45:00,11.11,11.11,11.07,11.09,20276.0
2026-07-01,2026-07-01 14:50:00,11.08,11.09,11.0407,11.09,23866.0
2026-07-01,2026-07-01 14:55:00,11.09,11.1399,11.08,11.08,27741.0
2026-07-01,2026-07-01 15:00:00,11.08,11.115,11.08,11.115,18677.0
2026-07-01,2026-07-01 15:05:00,11.1189,11.13,11.09,11.13,12328.0
2026-07-01,2026-07-01 15:10:00,11.13,11.14,11.08,11.105,16888.0
2026-07-01,2026-07-01 15:15:00,11.1,11.13,11.09,11.12,12772.0
2026-07-01,2026-07-01 15:20:00,11.125,11.15,11.12,11.13,17340.0
2026-07-01,2026-07-01 15:25:00,11.13,11.175,11.13,11.15,22821.0
2026-07-01,2026-07-01 15:30:00,11.155,11.23,11.15,11.17,45885.0
2026-07-01,2026-07-01 15:35:00,11.17,11.28,11.17,11.24,98431.0
2026-07-01,2026-07-01 15:40:00,11.24,11.24,11.18,11.2,22519.0
2026-07-01,2026-07-01 15:45:00,11.19,11.22,11.18,11.22,15467.0
2026-07-01,2026-07-01 15:50:00,11.23,11.36,11.23,11.3,41183.0
2026-07-01,2026-07-01 15:55:00,11.3,11.375,11.24,11.37,162305.0
2026-07-01,2026-07-01 16:00:00,11.38,11.47,11.2,11.22,709118.0
2026-07-02,2026-07-02 09:35:00,11.24,11.56,11.24,11.41,80991.0
2026-07-02,2026-07-02 09:40:00,11.4,11.425,11.32,11.36,20143.0
2026-07-02,2026-07-02 09:45:00,11.44,11.475,11.34,11.34,33635.0
2026-07-02,2026-07-02 09:50:00,11.35,11.535,11.35,11.5101,90680.0
2026-07-02,2026-07-02 09:55:00,11.5175,11.725,11.5175,11.705,126414.0
2026-07-02,2026-07-02 10:00:00,11.705,11.83,11.6902,11.79,65103.0
2026-07-02,2026-07-02 10:05:00,11.8,11.94,11.74,11.9201,59599.0
2026-07-02,2026-07-02 10:10:00,11.95,11.95,11.665,11.665,48813.0
2026-07-02,2026-07-02 10:15:00,11.66,11.7,11.55,11.55,30960.0
2026-07-02,2026-07-02 10:20:00,11.57,11.64,11.55,11.59,27277.0
2026-07-02,2026-07-02 10:25:00,11.6,11.64,11.51,11.515,33456.0
2026-07-02,2026-07-02 10:30:00,11.515,11.53,11.38,11.415,32044.0
2026-07-02,2026-07-02 10:35:00,11.4,11.465,11.38,11.415,29152.0
2026-07-02,2026-07-02 10:40:00,11.4,11.47,11.375,11.39,14070.0
2026-07-02,2026-07-02 10:45:00,11.395,11.405,11.29,11.37,55728.0
2026-07-02,2026-07-02 10:50:00,11.37,11.41,11.3,11.345,13460.0
2026-07-02,2026-07-02 10:55:00,11.345,11.36,11.29,11.305,43236.0
2026-07-02,2026-07-02 11:00:00,11.305,11.365,11.305,11.345,14839.0
2026-07-02,2026-07-02 11:05:00,11.355,11.37,11.33,11.33,10930.0
2026-07-02,2026-07-02 11:10:00,11.32,11.34,11.27,11.325,29920.0
2026-07-02,2026-07-02 11:15:00,11.325,11.42,11.325,11.37,23441.0
2026-07-02,2026-07-02 11:20:00,11.37,11.405,11.34,11.34,16227.0
2026-07-02,2026-07-02 11:25:00,11.35,11.42,11.35,11.42,26998.0
2026-07-02,2026-07-02 11:30:00,11.42,11.46,11.395,11.44,33847.0
2026-07-02,2026-07-02 11:35:00,11.44,11.48,11.4339,11.465,12867.0
2026-07-02,2026-07-02 11:40:00,11.47,11.5,11.46,11.5,30170.0
2026-07-02,2026-07-02 11:45:00,11.495,11.545,11.495,11.51,8303.0
2026-07-02,2026-07-02 11:50:00,11.5,11.5,11.44,11.44,39331.0
2026-07-02,2026-07-02 11:55:00,11.44,11.46,11.43,11.445,14340.0
2026-07-02,2026-07-02 12:00:00,11.46,11.49,11.44,11.47,10336.0
2026-07-02,2026-07-02 12:05:00,11.475,11.49,11.43,11.46,7179.0
2026-07-02,2026-07-02 12:10:00,11.465,11.47,11.44,11.44,12068.0
2026-07-02,2026-07-02 12:15:00,11.43,11.49,11.39,11.485,19537.0
2026-07-02,2026-07-02 12:20:00,11.47,11.47,11.45,11.45,8496.0
2026-07-02,2026-07-02 12:25:00,11.43,11.44,11.39,11.4,10501.0
2026-07-02,2026-07-02 12:30:00,11.41,11.41,11.38,11.4,11089.0
2026-07-02,2026-07-02 12:35:00,11.4,11.4,11.26,11.28,55047.0
2026-07-02,2026-07-02 12:40:00,11.285,11.32,11.27,11.3,17443.0
2026-07-02,2026-07-02 12:45:00,11.305,11.34,11.29,11.33,17159.0
2026-07-02,2026-07-02 12:50:00,11.34,11.41,11.33,11.4,30992.0
2026-07-02,2026-07-02 12:55:00,11.385,11.415,11.36,11.415,9494.0
2026-07-02,2026-07-02 13:00:00,11.4,11.4,11.37,11.38,11506.0
2026-07-02,2026-07-02 13:05:00,11.37,11.39,11.35,11.38,17542.0
2026-07-02,2026-07-02 13:10:00,11.37,11.41,11.36,11.41,9773.0
2026-07-02,2026-07-02 13:15:00,11.405,11.45,11.39,11.45,8621.0
2026-07-02,2026-07-02 13:20:00,11.44,11.44,11.39,11.4,21661.0
2026-07-02,2026-07-02 13:25:00,11.4,11.455,11.4,11.415,9753.0
2026-07-02,2026-07-02 13:30:00,11.415,11.415,11.365,11.37,20913.0
2026-07-02,2026-07-02 13:35:00,11.38,11.39,11.345,11.368,14725.0
2026-07-02,2026-07-02 13:40:00,11.37,11.37,11.31,11.31,19076.0
2026-07-02,2026-07-02 13:45:00,11.32,11.35,11.31,11.32,16304.0
2026-07-02,2026-07-02 13:50:00,11.32,11.32,11.223,11.24,28856.0
2026-07-02,2026-07-02 13:55:00,11.24,11.31,11.21,11.22,37908.0
2026-07-02,2026-07-02 14:00:00,11.215,11.25,11.09,11.155,104520.0
2026-07-02,2026-07-02 14:05:00,11.16,11.22,11.12,11.21,30900.0
2026-07-02,2026-07-02 14:10:00,11.22,11.35,11.2178,11.345,25433.0
2026-07-02,2026-07-02 14:15:00,11.37,11.37,11.3306,11.34,10040.0
2026-07-02,2026-07-02 14:20:00,11.335,11.35,11.28,11.29,52710.0
2026-07-02,2026-07-02 14:25:00,11.29,11.31,11.2736,11.3,11205.0
2026-07-02,2026-07-02 14:30:00,11.3,11.34,11.3,11.34,20219.0
2026-07-02,2026-07-02 14:35:00,11.35,11.375,11.33,11.335,17867.0
2026-07-02,2026-07-02 14:40:00,11.34,11.36,11.29,11.3,24584.0
2026-07-02,2026-07-02 14:45:00,11.295,11.315,11.285,11.3,12034.0
2026-07-02,2026-07-02 14:50:00,11.29,11.33,11.275,11.305,19807.0
2026-07-02,2026-07-02 14:55:00,11.305,11.31,11.2848,11.285,21594.0
2026-07-02,2026-07-02 15:00:00,11.285,11.3599,11.275,11.355,24438.0
2026-07-02,2026-07-02 15:05:00,11.36,11.38,11.335,11.375,12718.0
2026-07-02,2026-07-02 15:10:00,11.37,11.43,11.37,11.41,41710.0
2026-07-02,2026-07-02 15:15:00,11.4,11.46,11.39,11.46,7727.0
2026-07-02,2026-07-02 15:20:00,11.46,11.47,11.41,11.425,54571.0
2026-07-02,2026-07-02 15:25:00,11.42,11.42,11.38,11.38,15655.0
2026-07-02,2026-07-02 15:30:00,11.385,11.46,11.385,11.4,39024.0
2026-07-02,2026-07-02 15:35:00,11.4002,11.41,11.34,11.37,38349.0
2026-07-02,2026-07-02 15:40:00,11.3777,11.43,11.36,11.425,31815.0
2026-07-02,2026-07-02 15:45:00,11.425,11.48,11.425,11.47,53848.0
2026-07-02,2026-07-02 15:50:00,11.4595,11.495,11.4,11.48,61181.0
2026-07-02,2026-07-02 15:55:00,11.48,11.54,11.445,11.52,83688.0
2026-07-02,2026-07-02 16:00:00,11.53,11.6,11.505,11.58,490429.0
2026-07-06,2026-07-06 09:35:00,11.53,11.626,11.5,11.6075,35366.0
2026-07-06,2026-07-06 09:40:00,11.61,11.7,11.55,11.6579,26649.0
2026-07-06,2026-07-06 09:45:00,11.68,11.75,11.6,11.605,47800.0
2026-07-06,2026-07-06 09:50:00,11.64,11.65,11.545,11.56,17989.0
2026-07-06,2026-07-06 09:55:00,11.53,11.58,11.49,11.58,27147.0
2026-07-06,2026-07-06 10:00:00,11.58,11.645,11.555,11.615,17901.0
2026-07-06,2026-07-06 10:05:00,11.615,11.66,11.38,11.41,25206.0
2026-07-06,2026-07-06 10:10:00,11.41,11.4634,11.35,11.4634,29610.0
2026-07-06,2026-07-06 10:15:00,11.4761,11.5,11.4601,11.47,12249.0
2026-07-06,2026-07-06 10:20:00,11.47,11.52,11.3801,11.39,43024.0
2026-07-06,2026-07-06 10:25:00,11.39,11.415,11.33,11.385,25825.0
2026-07-06,2026-07-06 10:30:00,11.4099,11.41,11.37,11.39,12253.0
2026-07-06,2026-07-06 10:35:00,11.4,11.42,11.37,11.38,19446.0
2026-07-06,2026-07-06 10:40:00,11.37,11.43,11.3402,11.36,27217.0
2026-07-06,2026-07-06 10:45:00,11.36,11.37,11.3392,11.37,8336.0
2026-07-06,2026-07-06 10:50:00,11.3731,11.45,11.37,11.44,36851.0
2026-07-06,2026-07-06 10:55:00,11.45,11.47,11.45,11.46,12443.0
2026-07-06,2026-07-06 11:00:00,11.46,11.47,11.425,11.46,13461.0
2026-07-06,2026-07-06 11:05:00,11.46,11.47,11.4,11.4,8001.0
2026-07-06,2026-07-06 11:10:00,11.4,11.415,11.375,11.41,20017.0
2026-07-06,2026-07-06 11:15:00,11.41,11.425,11.38,11.41,15939.0
2026-07-06,2026-07-06 11:20:00,11.41,11.42,11.3503,11.37,11108.0
2026-07-06,2026-07-06 11:25:00,11.37,11.37,11.34,11.3473,18012.0
2026-07-06,2026-07-06 11:30:00,11.35,11.4,11.35,11.38,22931.0
2026-07-06,2026-07-06 11:35:00,11.39,11.46,11.38,11.46,27500.0
2026-07-06,2026-07-06 11:40:00,11.46,11.505,11.46,11.5,8682.0
2026-07-06,2026-07-06 11:45:00,11.505,11.55,11.505,11.54,16513.0
2026-07-06,2026-07-06 11:50:00,11.54,11.58,11.54,11.56,21228.0
2026-07-06,2026-07-06 11:55:00,11.56,11.56,11.5107,11.55,18040.0
2026-07-06,2026-07-06 12:00:00,11.55,11.58,11.54,11.57,10664.0
2026-07-06,2026-07-06 12:05:00,11.58,11.59,11.54,11.585,16828.0
2026-07-06,2026-07-06 12:10:00,11.58,11.65,11.58,11.65,7086.0
2026-07-06,2026-07-06 12:15:00,11.6599,11.6599,11.595,11.61,35518.0
2026-07-06,2026-07-06 12:20:00,11.61,11.61,11.55,11.55,12604.0
2026-07-06,2026-07-06 12:25:00,11.55,11.58,11.55,11.57,7273.0
2026-07-06,2026-07-06 12:30:00,11.57,11.61,11.57,11.61,9344.0
2026-07-06,2026-07-06 12:35:00,11.61,11.615,11.59,11.6,8783.0
2026-07-06,2026-07-06 12:40:00,11.6,11.6,11.57,11.57,10850.0
2026-07-06,2026-07-06 12:45:00,11.56,11.6,11.5,11.545,36332.0
2026-07-06,2026-07-06 12:50:00,11.55,11.59,11.545,11.56,14479.0
2026-07-06,2026-07-06 12:55:00,11.57,11.61,11.57,11.575,21171.0
2026-07-06,2026-07-06 13:00:00,11.56,11.575,11.515,11.55,22694.0
2026-07-06,2026-07-06 13:05:00,11.54,11.54,11.51,11.54,9175.0
2026-07-06,2026-07-06 13:10:00,11.535,11.55,11.535,11.54,8641.0
2026-07-06,2026-07-06 13:15:00,11.53,11.55,11.51,11.55,12220.0
2026-07-06,2026-07-06 13:20:00,11.55,11.57,11.54,11.545,4658.0
2026-07-06,2026-07-06 13:25:00,11.54,11.545,11.52,11.53,5760.0
2026-07-06,2026-07-06 13:30:00,11.54,11.55,11.52,11.535,8939.0
2026-07-06,2026-07-06 13:35:00,11.54,11.54,11.525,11.53,9082.0
2026-07-06,2026-07-06 13:40:00,11.52,11.53,11.48,11.48,5812.0
2026-07-06,2026-07-06 13:45:00,11.49,11.5,11.46,11.5,10633.0
2026-07-06,2026-07-06 13:50:00,11.5,11.51,11.46,11.46,9794.0
2026-07-06,2026-07-06 13:55:00,11.46,11.47,11.43,11.435,6007.0
2026-07-06,2026-07-06 14:00:00,11.435,11.49,11.43,11.47,8075.0
2026-07-06,2026-07-06 14:05:00,11.48,11.52,11.48,11.52,7284.0
2026-07-06,2026-07-06 14:10:00,11.525,11.535,11.52,11.535,8843.0
2026-07-06,2026-07-06 14:15:00,11.53,11.55,11.51,11.52,9630.0
2026-07-06,2026-07-06 14:20:00,11.53,11.53,11.52,11.53,4716.0
2026-07-06,2026-07-06 14:25:00,11.53,11.55,11.52,11.54,10403.0
2026-07-06,2026-07-06 14:30:00,11.54,11.56,11.535,11.54,6707.0
2026-07-06,2026-07-06 14:35:00,11.54,11.54,11.47,11.5,40683.0
2026-07-06,2026-07-06 14:40:00,11.5,11.5,11.47,11.47,6207.0
2026-07-06,2026-07-06 14:45:00,11.47,11.48,11.47,11.47,4283.0
2026-07-06,2026-07-06 14:50:00,11.465,11.49,11.46,11.475,6858.0
2026-07-06,2026-07-06 14:55:00,11.48,11.49,11.46,11.47,8169.0
2026-07-06,2026-07-06 15:00:00,11.47,11.49,11.47,11.47,7323.0
2026-07-06,2026-07-06 15:05:00,11.475,11.495,11.475,11.49,8224.0
2026-07-06,2026-07-06 15:10:00,11.5,11.515,11.46,11.48,12738.0
2026-07-06,2026-07-06 15:15:00,11.48,11.49,11.45,11.475,17300.0
2026-07-06,2026-07-06 15:20:00,11.48,11.48,11.475,11.475,4643.0
2026-07-06,2026-07-06 15:25:00,11.475,11.53,11.475,11.525,22786.0
2026-07-06,2026-07-06 15:30:00,11.53,11.53,11.46,11.47,17881.0
2026-07-06,2026-07-06 15:35:00,11.475,11.495,11.46,11.475,31298.0
2026-07-06,2026-07-06 15:40:00,11.47,11.48,11.42,11.42,15310.0
2026-07-06,2026-07-06 15:45:00,11.42,11.425,11.39,11.39,18944.0
2026-07-06,2026-07-06 15:50:00,11.39,11.46,11.39,11.455,30142.0
2026-07-06,2026-07-06 15:55:00,11.45,11.465,11.42,11.445,44815.0
2026-07-06,2026-07-06 16:00:00,11.45,11.47,11.43,11.47,335887.0
2026-07-07,2026-07-07 09:35:00,11.61,11.75,11.45,11.57,27840.0
2026-07-07,2026-07-07 09:40:00,11.6,11.6,11.53,11.59,8107.0
2026-07-07,2026-07-07 09:45:00,11.59,11.62,11.47,11.48,16991.0
2026-07-07,2026-07-07 09:50:00,11.475,11.65,11.39,11.43,41651.0
2026-07-07,2026-07-07 09:55:00,11.43,11.5,11.24,11.345,58050.0
2026-07-07,2026-07-07 10:00:00,11.37,11.46,11.35,11.46,66905.0
2026-07-07,2026-07-07 10:05:00,11.455,11.46,11.36,11.42,43471.0
2026-07-07,2026-07-07 10:10:00,11.4,11.48,11.39,11.48,18215.0
2026-07-07,2026-07-07 10:15:00,11.46,11.46,11.345,11.35,12522.0
2026-07-07,2026-07-07 10:20:00,11.33,11.35,11.27,11.31,25593.0
2026-07-07,2026-07-07 10:25:00,11.33,11.375,11.285,11.29,14164.0
2026-07-07,2026-07-07 10:30:00,11.28,11.345,11.28,11.3317,13170.0
2026-07-07,2026-07-07 10:35:00,11.36,11.435,11.3401,11.4299,30673.0
2026-07-07,2026-07-07 10:40:00,11.44,11.44,11.37,11.37,8688.0
2026-07-07,2026-07-07 10:45:00,11.36,11.39,11.32,11.365,15785.0
2026-07-07,2026-07-07 10:50:00,11.38,11.49,11.37,11.485,10471.0
2026-07-07,2026-07-07 10:55:00,11.49,11.58,11.46,11.545,54575.0
2026-07-07,2026-07-07 11:00:00,11.56,11.63,11.535,11.59,36321.0
2026-07-07,2026-07-07 11:05:00,11.56,11.57,11.53,11.54,19753.0
2026-07-07,2026-07-07 11:10:00,11.55,11.57,11.53,11.5463,10078.0
2026-07-07,2026-07-07 11:15:00,11.56,11.63,11.55,11.57,25922.0
2026-07-07,2026-07-07 11:20:00,11.545,11.56,11.54,11.56,4148.0
2026-07-07,2026-07-07 11:25:00,11.56,11.59,11.54,11.585,14714.0
2026-07-07,2026-07-07 11:30:00,11.6,11.63,11.59,11.6101,21211.0
2026-07-07,2026-07-07 11:35:00,11.615,11.615,11.54,11.55,25597.0
2026-07-07,2026-07-07 11:40:00,11.55,11.57,11.5,11.5,28316.0
2026-07-07,2026-07-07 11:45:00,11.5,11.55,11.49,11.55,7898.0
2026-07-07,2026-07-07 11:50:00,11.54,11.57,11.52,11.52,8902.0
2026-07-07,2026-07-07 11:55:00,11.54,11.58,11.53,11.55,6160.0
2026-07-07,2026-07-07 12:00:00,11.55,11.55,11.52,11.53,8859.0
2026-07-07,2026-07-07 12:05:00,11.54,11.59,11.54,11.59,24234.0
2026-07-07,2026-07-07 12:10:00,11.58,11.6,11.57,11.59,33271.0
2026-07-07,2026-07-07 12:15:00,11.5905,11.63,11.5805,11.61,39535.0
2026-07-07,2026-07-07 12:20:00,11.61,11.67,11.59,11.67,66688.0
2026-07-07,2026-07-07 12:25:00,11.68,11.72,11.68,11.72,16477.0
2026-07-07,2026-07-07 12:30:00,11.71,11.77,11.71,11.75,59469.0
2026-07-07,2026-07-07 12:35:00,11.76,11.85,11.74,11.74,75640.0
2026-07-07,2026-07-07 12:40:00,11.745,11.7551,11.69,11.69,14299.0
2026-07-07,2026-07-07 12:45:00,11.6802,11.705,11.62,11.62,16245.0
2026-07-07,2026-07-07 12:50:00,11.62,11.68,11.62,11.67,10274.0
2026-07-07,2026-07-07 12:55:00,11.67,11.69,11.65,11.65,15945.0
2026-07-07,2026-07-07 13:00:00,11.64,11.64,11.59,11.609,18814.0
2026-07-07,2026-07-07 13:05:00,11.61,11.64,11.6,11.64,6292.0
2026-07-07,2026-07-07 13:10:00,11.62,11.65,11.61,11.64,12178.0
2026-07-07,2026-07-07 13:15:00,11.63,11.65,11.6275,11.63,11144.0
2026-07-07,2026-07-07 13:20:00,11.61,11.63,11.6,11.62,10538.0
2026-07-07,2026-07-07 13:25:00,11.62,11.65,11.61,11.64,8856.0
2026-07-07,2026-07-07 13:30:00,11.63,11.63,11.6002,11.62,8207.0
2026-07-07,2026-07-07 13:35:00,11.62,11.63,11.61,11.62,9217.0
2026-07-07,2026-07-07 13:40:00,11.6299,11.63,11.59,11.61,21553.0
2026-07-07,2026-07-07 13:45:00,11.615,11.65,11.61,11.645,9539.0
2026-07-07,2026-07-07 13:50:00,11.65,11.66,11.63,11.635,5394.0
2026-07-07,2026-07-07 13:55:00,11.63,11.7,11.63,11.67,18662.0
2026-07-07,2026-07-07 14:00:00,11.66,11.69,11.64,11.66,18527.0
2026-07-07,2026-07-07 14:05:00,11.66,11.72,11.66,11.67,24892.0
2026-07-07,2026-07-07 14:10:00,11.65,11.68,11.64,11.65,8755.0
2026-07-07,2026-07-07 14:15:00,11.67,11.69,11.635,11.64,13456.0
2026-07-07,2026-07-07 14:20:00,11.64,11.67,11.62,11.6275,12862.0
2026-07-07,2026-07-07 14:25:00,11.635,11.66,11.625,11.65,8118.0
2026-07-07,2026-07-07 14:30:00,11.65,11.7,11.64,11.67,28501.0
2026-07-07,2026-07-07 14:35:00,11.69,11.7,11.65,11.68,11767.0
2026-07-07,2026-07-07 14:40:00,11.68,11.7,11.675,11.7,17767.0
2026-07-07,2026-07-07 14:45:00,11.7,11.7,11.64,11.65,17778.0
2026-07-07,2026-07-07 14:50:00,11.64,11.65,11.587,11.6,20674.0
2026-07-07,2026-07-07 14:55:00,11.59,11.595,11.535,11.535,20864.0
2026-07-07,2026-07-07 15:00:00,11.53,11.55,11.51,11.52,9495.0
2026-07-07,2026-07-07 15:05:00,11.52,11.52,11.43,11.43,34407.0
2026-07-07,2026-07-07 15:10:00,11.43,11.47,11.41,11.42,27099.0
2026-07-07,2026-07-07 15:15:00,11.425,11.43,11.41,11.415,24536.0
2026-07-07,2026-07-07 15:20:00,11.42,11.43,11.395,11.43,27593.0
2026-07-07,2026-07-07 15:25:00,11.43,11.44,11.4,11.435,16661.0
2026-07-07,2026-07-07 15:30:00,11.435,11.47,11.4,11.43,39405.0
2026-07-07,2026-07-07 15:35:00,11.43,11.48,11.43,11.46,31022.0
2026-07-07,2026-07-07 15:40:00,11.47,11.5,11.46,11.495,22603.0
2026-07-07,2026-07-07 15:45:00,11.495,11.5299,11.48,11.5,31971.0
2026-07-07,2026-07-07 15:50:00,11.5,11.5,11.45,11.48,29518.0
2026-07-07,2026-07-07 15:55:00,11.48,11.515,11.42,11.515,69654.0
2026-07-07,2026-07-07 16:00:00,11.51,11.56,11.465,11.51,293502.0
2026-07-08,2026-07-08 09:35:00,11.48,11.63,11.44,11.52,55746.0
2026-07-08,2026-07-08 09:40:00,11.55,11.68,11.53,11.645,43808.0
2026-07-08,2026-07-08 09:45:00,11.63,11.63,11.47,11.475,15172.0
2026-07-08,2026-07-08 09:50:00,11.465,11.59,11.465,11.52,34619.0
2026-07-08,2026-07-08 09:55:00,11.53,11.57,11.49,11.54,11015.0
2026-07-08,2026-07-08 10:00:00,11.54,11.61,11.4,11.4,26589.0
2026-07-08,2026-07-08 10:05:00,11.38,11.46,11.32,11.3793,59890.0
2026-07-08,2026-07-08 10:10:00,11.365,11.41,11.22,11.3398,57349.0
2026-07-08,2026-07-08 10:15:00,11.325,11.36,11.235,11.3,89547.0
2026-07-08,2026-07-08 10:20:00,11.3,11.32,11.17,11.23,54415.0
2026-07-08,2026-07-08 10:25:00,11.225,11.2777,11.2,11.21,37971.0
2026-07-08,2026-07-08 10:30:00,11.215,11.26,11.1,11.12,51502.0
2026-07-08,2026-07-08 10:35:00,11.11,11.25,11.1,11.24,52951.0
2026-07-08,2026-07-08 10:40:00,11.24,11.29,11.22,11.24,28474.0
2026-07-08,2026-07-08 10:45:00,11.24,11.28,11.24,11.26,21068.0
2026-07-08,2026-07-08 10:50:00,11.25,11.25,11.115,11.17,30495.0
2026-07-08,2026-07-08 10:55:00,11.16,11.175,11.14,11.17,22249.0
2026-07-08,2026-07-08 11:00:00,11.16,11.16,11.0,11.02,51453.0
2026-07-08,2026-07-08 11:05:00,11.03,11.14,11.02,11.045,68779.0
2026-07-08,2026-07-08 11:10:00,11.05,11.08,11.04,11.06,23268.0
2026-07-08,2026-07-08 11:15:00,11.05,11.1099,11.04,11.065,30873.0
2026-07-08,2026-07-08 11:20:00,11.07,11.1001,11.025,11.1001,21500.0
2026-07-08,2026-07-08 11:25:00,11.09,11.1,11.035,11.05,22008.0
2026-07-08,2026-07-08 11:30:00,11.04,11.07,11.025,11.07,21533.0
2026-07-08,2026-07-08 11:35:00,11.07,11.1,11.045,11.095,18590.0
2026-07-08,2026-07-08 11:40:00,11.09,11.1,11.05,11.05,15056.0
2026-07-08,2026-07-08 11:45:00,11.06,11.09,11.05,11.065,27100.0
2026-07-08,2026-07-08 11:50:00,11.06,11.06,11.02,11.025,14397.0
2026-07-08,2026-07-08 11:55:00,11.025,11.04,10.965,10.99,59680.0
2026-07-08,2026-07-08 12:00:00,10.99,11.02,10.97,11.01,20653.0
2026-07-08,2026-07-08 12:05:00,11.0,11.05,11.0,11.05,14624.0
2026-07-08,2026-07-08 12:10:00,11.055,11.1,11.05,11.085,23013.0
2026-07-08,2026-07-08 12:15:00,11.09,11.14,11.09,11.125,16355.0
2026-07-08,2026-07-08 12:20:00,11.125,11.125,11.05,11.05,21303.0
2026-07-08,2026-07-08 12:25:00,11.06,11.125,11.06,11.1,19244.0
2026-07-08,2026-07-08 12:30:00,11.1,11.12,11.08,11.1,21535.0
2026-07-08,2026-07-08 12:35:00,11.08,11.0999,11.04,11.06,31184.0
2026-07-08,2026-07-08 12:40:00,11.06,11.06,10.96,10.9947,44294.0
2026-07-08,2026-07-08 12:45:00,11.0,11.02,10.96,10.97,14202.0
2026-07-08,2026-07-08 12:50:00,10.97,11.0,10.92,10.99,30634.0
2026-07-08,2026-07-08 12:55:00,10.99,11.02,10.98,11.02,22992.0
2026-07-08,2026-07-08 13:00:00,11.015,11.015,10.99,11.0,12320.0
2026-07-08,2026-07-08 13:05:00,11.005,11.03,10.92,10.945,32524.0
2026-07-08,2026-07-08 13:10:00,10.96,11.0,10.9388,10.95,16105.0
2026-07-08,2026-07-08 13:15:00,10.96,10.96,10.87,10.905,33802.0
2026-07-08,2026-07-08 13:20:00,10.89,10.925,10.86,10.925,25459.0
2026-07-08,2026-07-08 13:25:00,10.92,10.94,10.895,10.93,22788.0
2026-07-08,2026-07-08 13:30:00,10.94,10.94,10.905,10.906,31371.0
2026-07-08,2026-07-08 13:35:00,10.91,10.96,10.91,10.93,28872.0
2026-07-08,2026-07-08 13:40:00,10.92,10.93,10.86,10.875,19663.0
2026-07-08,2026-07-08 13:45:00,10.875,10.89,10.87,10.89,12225.0
2026-07-08,2026-07-08 13:50:00,10.88,10.9,10.87,10.9,23075.0
2026-07-08,2026-07-08 13:55:00,10.895,10.975,10.895,10.931,22672.0
2026-07-08,2026-07-08 14:00:00,10.93,10.97,10.93,10.97,12453.0
2026-07-08,2026-07-08 14:05:00,10.97,11.11,10.945,11.095,42042.0
2026-07-08,2026-07-08 14:10:00,11.095,11.11,11.06,11.0613,16047.0
2026-07-08,2026-07-08 14:15:00,11.06,11.06,11.015,11.035,23407.0
2026-07-08,2026-07-08 14:20:00,11.04,11.045,10.98,10.995,16870.0
2026-07-08,2026-07-08 14:25:00,10.99,11.03,10.985,11.005,16330.0
2026-07-08,2026-07-08 14:30:00,11.01,11.02,10.99,11.005,19140.0
2026-07-08,2026-07-08 14:35:00,11.0,11.01,10.98,10.995,16811.0
2026-07-08,2026-07-08 14:40:00,11.0,11.04,11.0,11.025,13442.0
2026-07-08,2026-07-08 14:45:00,11.025,11.04,11.005,11.01,36523.0
2026-07-08,2026-07-08 14:50:00,11.01,11.01,10.935,10.97,28568.0
2026-07-08,2026-07-08 14:55:00,10.97,10.98,10.94,10.95,15136.0
2026-07-08,2026-07-08 15:00:00,10.945,10.945,10.9,10.915,29891.0
2026-07-08,2026-07-08 15:05:00,10.915,10.93,10.89,10.9,27211.0
2026-07-08,2026-07-08 15:10:00,10.9,10.935,10.9,10.925,22426.0
2026-07-08,2026-07-08 15:15:00,10.925,10.94,10.84,10.845,49758.0
2026-07-08,2026-07-08 15:20:00,10.845,10.965,10.84,10.96,36197.0
2026-07-08,2026-07-08 15:25:00,10.965,10.985,10.93,10.935,22996.0
2026-07-08,2026-07-08 15:30:00,10.935,10.96,10.935,10.955,26440.0
2026-07-08,2026-07-08 15:35:00,10.96,10.975,10.94,10.945,45090.0
2026-07-08,2026-07-08 15:40:00,10.94,10.97,10.93,10.93,30271.0
2026-07-08,2026-07-08 15:45:00,10.93,10.94,10.865,10.865,106639.0
2026-07-08,2026-07-08 15:50:00,10.86,10.925,10.855,10.92,75786.0
2026-07-08,2026-07-08 15:55:00,10.91,11.0,10.86,10.97,154265.0
2026-07-08,2026-07-08 16:00:00,10.98,11.14,10.98,11.12,731022.0
2026-07-09,2026-07-09 09:35:00,11.18,11.24,10.97,11.125,55074.0
2026-07-09,2026-07-09 09:40:00,11.14,11.25,11.09,11.2246,29287.0
2026-07-09,2026-07-09 09:45:00,11.26,11.32,11.12,11.23,45945.0
2026-07-09,2026-07-09 09:50:00,11.22,11.25,11.12,11.135,21221.0
2026-07-09,2026-07-09 09:55:00,11.12,11.24,11.1,11.24,35478.0
2026-07-09,2026-07-09 10:00:00,11.225,11.24,11.15,11.15,18819.0
2026-07-09,2026-07-09 10:05:00,11.14,11.24,11.105,11.105,119088.0
2026-07-09,2026-07-09 10:10:00,11.1,11.13,10.9502,10.96,31074.0
2026-07-09,2026-07-09 10:15:00,10.95,11.0099,10.895,11.0099,20717.0
2026-07-09,2026-07-09 10:20:00,10.9902,11.02,10.95,11.01,19334.0
2026-07-09,2026-07-09 10:25:00,11.01,11.05,10.9575,11.035,21736.0
2026-07-09,2026-07-09 10:30:00,11.035,11.04,10.985,11.01,21502.0
2026-07-09,2026-07-09 10:35:00,11.02,11.04,10.985,11.01,16516.0
2026-07-09,2026-07-09 10:40:00,11.0,11.0,10.96,11.0,29256.0
2026-07-09,2026-07-09 10:45:00,10.995,11.05,10.995,11.02,35697.0
2026-07-09,2026-07-09 10:50:00,11.01,11.02,10.98,11.015,31321.0
2026-07-09,2026-07-09 10:55:00,11.02,11.19,10.985,11.175,95124.0
2026-07-09,2026-07-09 11:00:00,11.175,11.25,11.15,11.23,100825.0
2026-07-09,2026-07-09 11:05:00,11.21,11.21,11.14,11.17,42366.0
2026-07-09,2026-07-09 11:10:00,11.17,11.175,11.095,11.14,29335.0
2026-07-09,2026-07-09 11:15:00,11.13,11.24,11.125,11.17,46184.0
2026-07-09,2026-07-09 11:20:00,11.16,11.175,11.13,11.13,10626.0
2026-07-09,2026-07-09 11:25:00,11.1317,11.185,11.125,11.1791,20101.0
2026-07-09,2026-07-09 11:30:00,11.17,11.17,11.115,11.115,17216.0
2026-07-09,2026-07-09 11:35:00,11.11,11.1289,11.1,11.11,18321.0
2026-07-09,2026-07-09 11:40:00,11.12,11.135,11.1,11.11,39980.0
2026-07-09,2026-07-09 11:45:00,11.115,11.18,11.115,11.175,18548.0
2026-07-09,2026-07-09 11:50:00,11.17,11.17,11.13,11.1308,17220.0
2026-07-09,2026-07-09 11:55:00,11.13,11.13,11.1,11.11,12029.0
2026-07-09,2026-07-09 12:00:00,11.11,11.15,11.09,11.145,17772.0
2026-07-09,2026-07-09 12:05:00,11.155,11.17,11.14,11.16,15030.0
2026-07-09,2026-07-09 12:10:00,11.16,11.2,11.15,11.175,32377.0
2026-07-09,2026-07-09 12:15:00,11.16,11.16,11.115,11.115,14446.0
2026-07-09,2026-07-09 12:20:00,11.11,11.13,11.1,11.11,20701.0
2026-07-09,2026-07-09 12:25:00,11.1,11.11,11.07,11.09,12977.0
2026-07-09,2026-07-09 12:30:00,11.09,11.09,11.05,11.07,9140.0
2026-07-09,2026-07-09 12:35:00,11.065,11.08,11.055,11.06,21351.0
2026-07-09,2026-07-09 12:40:00,11.06,11.09,11.05,11.09,14888.0
2026-07-09,2026-07-09 12:45:00,11.08,11.09,11.05,11.075,13447.0
2026-07-09,2026-07-09 12:50:00,11.075,11.1,11.075,11.09,11857.0
2026-07-09,2026-07-09 12:55:00,11.09,11.1085,11.08,11.095,9153.0
2026-07-09,2026-07-09 13:00:00,11.09,11.125,11.09,11.1,14690.0
2026-07-09,2026-07-09 13:05:00,11.09,11.1,11.08,11.095,10349.0
2026-07-09,2026-07-09 13:10:00,11.1,11.11,11.09,11.11,12093.0
2026-07-09,2026-07-09 13:15:00,11.11,11.12,11.095,11.115,8050.0
2026-07-09,2026-07-09 13:20:00,11.1199,11.1199,11.085,11.09,9621.0
2026-07-09,2026-07-09 13:25:00,11.1,11.1,11.07,11.1,24262.0
2026-07-09,2026-07-09 13:30:00,11.105,11.21,11.095,11.145,49784.0
2026-07-09,2026-07-09 13:35:00,11.145,11.2,11.11,11.18,29958.0
2026-07-09,2026-07-09 13:40:00,11.16,11.21,11.14,11.16,21951.0
2026-07-09,2026-07-09 13:45:00,11.15,11.16,11.13,11.16,17211.0
2026-07-09,2026-07-09 13:50:00,11.155,11.24,11.085,11.125,67239.0
2026-07-09,2026-07-09 13:55:00,11.13,11.16,11.12,11.12,18879.0
2026-07-09,2026-07-09 14:00:00,11.12,11.12,11.0405,11.09,64212.0
2026-07-09,2026-07-09 14:05:00,11.095,11.1,11.065,11.07,12818.0
2026-07-09,2026-07-09 14:10:00,11.075,11.1,11.06,11.065,15225.0
2026-07-09,2026-07-09 14:15:00,11.065,11.08,11.055,11.06,17195.0
2026-07-09,2026-07-09 14:20:00,11.05,11.08,11.05,11.07,13207.0
2026-07-09,2026-07-09 14:25:00,11.065,11.065,11.035,11.06,18365.0
2026-07-09,2026-07-09 14:30:00,11.05,11.055,11.04,11.04,13209.0
2026-07-09,2026-07-09 14:35:00,11.045,11.0901,11.045,11.09,16451.0
2026-07-09,2026-07-09 14:40:00,11.09,11.11,11.08,11.09,6634.0
2026-07-09,2026-07-09 14:45:00,11.08,11.08,11.06,11.06,18262.0
2026-07-09,2026-07-09 14:50:00,11.06,11.075,11.05,11.055,13602.0
2026-07-09,2026-07-09 14:55:00,11.05,11.0703,11.05,11.07,8129.0
2026-07-09,2026-07-09 15:00:00,11.065,11.07,11.0501,11.06,16589.0
2026-07-09,2026-07-09 15:05:00,11.055,11.08,11.03,11.0736,29904.0
2026-07-09,2026-07-09 15:10:00,11.0742,11.095,11.07,11.09,22684.0
2026-07-09,2026-07-09 15:15:00,11.09,11.1,11.08,11.085,13265.0
2026-07-09,2026-07-09 15:20:00,11.08,11.09,11.07,11.075,15197.0
2026-07-09,2026-07-09 15:25:00,11.08,11.09,11.065,11.08,20477.0
2026-07-09,2026-07-09 15:30:00,11.085,11.12,11.08,11.11,19606.0
2026-07-09,2026-07-09 15:35:00,11.12,11.125,11.08,11.095,26138.0
2026-07-09,2026-07-09 15:40:00,11.0926,11.1099,11.05,11.075,33164.0
2026-07-09,2026-07-09 15:45:00,11.07,11.08,11.02,11.04,64403.0
2026-07-09,2026-07-09 15:50:00,11.045,11.06,10.95,10.9964,47674.0
2026-07-09,2026-07-09 15:55:00,10.99,11.07,10.93,11.06,96745.0
2026-07-09,2026-07-09 16:00:00,11.055,11.135,11.055,11.11,601312.0
2026-07-10,2026-07-10 09:35:00,11.1,11.11,10.78,10.8001,41408.0
2026-07-10,2026-07-10 09:40:00,10.85,10.85,10.72,10.73,75638.0
2026-07-10,2026-07-10 09:45:00,10.7,10.75,10.6,10.69,34305.0
2026-07-10,2026-07-10 09:50:00,10.72,10.735,10.585,10.66,38304.0
2026-07-10,2026-07-10 09:55:00,10.67,10.75,10.665,10.73,23320.0
2026-07-10,2026-07-10 10:00:00,10.73,10.73,10.6,10.6,44901.0
2026-07-10,2026-07-10 10:05:00,10.59,10.61,10.48,10.6,79756.0
2026-07-10,2026-07-10 10:10:00,10.6,10.69,10.58,10.62,45565.0
2026-07-10,2026-07-10 10:15:00,10.61,10.61,10.5375,10.54,33787.0
2026-07-10,2026-07-10 10:20:00,10.53,10.54,10.47,10.52,28079.0
2026-07-10,2026-07-10 10:25:00,10.51,10.54,10.46,10.525,37389.0
2026-07-10,2026-07-10 10:30:00,10.52,10.555,10.51,10.55,26545.0
2026-07-10,2026-07-10 10:35:00,10.55,10.59,10.5,10.55,23546.0
2026-07-10,2026-07-10 10:40:00,10.535,10.55,10.48,10.54,35236.0
2026-07-10,2026-07-10 10:45:00,10.55,10.62,10.5337,10.615,30908.0
2026-07-10,2026-07-10 10:50:00,10.62,10.665,10.61,10.64,20202.0
2026-07-10,2026-07-10 10:55:00,10.65,10.65,10.59,10.59,26340.0
2026-07-10,2026-07-10 11:00:00,10.59,10.64,10.58,10.63,29232.0
2026-07-10,2026-07-10 11:05:00,10.635,10.66,10.615,10.615,24745.0
2026-07-10,2026-07-10 11:10:00,10.62,10.65,10.55,10.63,35664.0
2026-07-10,2026-07-10 11:15:00,10.64,10.6699,10.6,10.62,19982.0
2026-07-10,2026-07-10 11:20:00,10.63,10.64,10.6,10.61,10074.0
2026-07-10,2026-07-10 11:25:00,10.61,10.63,10.565,10.62,16089.0
2026-07-10,2026-07-10 11:30:00,10.63,10.67,10.6169,10.65,14205.0
2026-07-10,2026-07-10 11:35:00,10.65,10.65,10.61,10.62,22173.0
2026-07-10,2026-07-10 11:40:00,10.62,10.65,10.575,10.62,21659.0
2026-07-10,2026-07-10 11:45:00,10.61,10.68,10.61,10.68,18206.0
2026-07-10,2026-07-10 11:50:00,10.68,10.7,10.64,10.7,17362.0
2026-07-10,2026-07-10 11:55:00,10.71,10.71,10.67,10.68,14235.0
2026-07-10,2026-07-10 12:00:00,10.68,10.7174,10.675,10.685,13611.0
2026-07-10,2026-07-10 12:05:00,10.69,10.695,10.64,10.645,18822.0
2026-07-10,2026-07-10 12:10:00,10.64,10.72,10.63,10.72,37606.0
2026-07-10,2026-07-10 12:15:00,10.72,10.77,10.72,10.76,12610.0
2026-07-10,2026-07-10 12:20:00,10.77,10.785,10.715,10.7388,25344.0
2026-07-10,2026-07-10 12:25:00,10.74,10.75,10.72,10.72,15104.0
2026-07-10,2026-07-10 12:30:00,10.72,10.77,10.705,10.765,16393.0
2026-07-10,2026-07-10 12:35:00,10.765,10.82,10.765,10.81,21375.0
2026-07-10,2026-07-10 12:40:00,10.805,10.83,10.805,10.82,13666.0
2026-07-10,2026-07-10 12:45:00,10.83,10.865,10.83,10.85,19733.0
2026-07-10,2026-07-10 12:50:00,10.85,10.89,10.85,10.87,13098.0
2026-07-10,2026-07-10 12:55:00,10.875,10.9,10.855,10.86,10179.0
2026-07-10,2026-07-10 13:00:00,10.855,10.89,10.845,10.865,13611.0
2026-07-10,2026-07-10 13:05:00,10.87,10.89,10.8645,10.875,10467.0
2026-07-10,2026-07-10 13:10:00,10.86,10.915,10.855,10.88,22374.0
2026-07-10,2026-07-10 13:15:00,10.875,10.91,10.87,10.91,10556.0
2026-07-10,2026-07-10 13:20:00,10.91,10.94,10.9,10.915,16942.0
2026-07-10,2026-07-10 13:25:00,10.92,10.99,10.92,10.98,17258.0
2026-07-10,2026-07-10 13:30:00,10.97,10.98,10.95,10.95,12444.0
2026-07-10,2026-07-10 13:35:00,10.96,10.98,10.96,10.965,10905.0
2026-07-10,2026-07-10 13:40:00,10.96,11.0,10.96,10.97,14111.0
2026-07-10,2026-07-10 13:45:00,10.97,11.03,10.97,11.02,17284.0
2026-07-10,2026-07-10 13:50:00,11.01,11.05,10.99,11.045,35403.0
2026-07-10,2026-07-10 13:55:00,11.06,11.07,11.03,11.055,20000.0
2026-07-10,2026-07-10 14:00:00,11.055,11.07,11.03,11.05,12998.0
2026-07-10,2026-07-10 14:05:00,11.03,11.04,11.0,11.03,28403.0
2026-07-10,2026-07-10 14:10:00,11.03,11.06,11.02,11.04,12602.0
2026-07-10,2026-07-10 14:15:00,11.035,11.07,10.99,11.07,26787.0
2026-07-10,2026-07-10 14:20:00,11.06,11.06,11.03,11.045,15119.0
2026-07-10,2026-07-10 14:25:00,11.05,11.08,11.035,11.08,17684.0
2026-07-10,2026-07-10 14:30:00,11.09,11.1,11.07,11.075,14238.0
2026-07-10,2026-07-10 14:35:00,11.08,11.1,11.07,11.085,26311.0
2026-07-10,2026-07-10 14:40:00,11.085,11.09,11.065,11.075,18564.0
2026-07-10,2026-07-10 14:45:00,11.075,11.095,11.06,11.08,15014.0
2026-07-10,2026-07-10 14:50:00,11.08,11.1,11.055,11.055,33041.0
2026-07-10,2026-07-10 14:55:00,11.055,11.07,11.04,11.055,19106.0
2026-07-10,2026-07-10 15:00:00,11.05,11.06,11.005,11.02,31384.0
2026-07-10,2026-07-10 15:05:00,11.02,11.05,11.01,11.035,16167.0
2026-07-10,2026-07-10 15:10:00,11.035,11.04,11.01,11.025,18767.0
2026-07-10,2026-07-10 15:15:00,11.015,11.03,11.01,11.01,13572.0
2026-07-10,2026-07-10 15:20:00,11.015,11.04,11.005,11.025,35475.0
2026-07-10,2026-07-10 15:25:00,11.02,11.03,11.015,11.03,8788.0
2026-07-10,2026-07-10 15:30:00,11.03,11.05,11.03,11.045,21754.0
2026-07-10,2026-07-10 15:35:00,11.0432,11.055,11.03,11.05,30783.0
2026-07-10,2026-07-10 15:40:00,11.045,11.05,11.01,11.02,27273.0
2026-07-10,2026-07-10 15:45:00,11.02,11.035,10.96,10.97,41378.0
2026-07-10,2026-07-10 15:50:00,10.97,11.0,10.96,10.975,39709.0
2026-07-10,2026-07-10 15:55:00,10.99,11.075,10.98,11.025,75095.0
2026-07-10,2026-07-10 16:00:00,11.02,11.055,10.97,10.99,364810.0
2026-07-13,2026-07-13 09:35:00,10.91,10.91,10.725,10.75,72377.0
2026-07-13,2026-07-13 09:40:00,10.74,10.745,10.515,10.625,24674.0
2026-07-13,2026-07-13 09:45:00,10.63,10.7399,10.585,10.7,38539.0
2026-07-13,2026-07-13 09:50:00,10.68,10.73,10.56,10.56,65197.0
2026-07-13,2026-07-13 09:55:00,10.55,10.56,10.44,10.515,43302.0
2026-07-13,2026-07-13 10:00:00,10.53,10.57,10.475,10.52,20016.0
2026-07-13,2026-07-13 10:05:00,10.52,10.5599,10.3314,10.34,42043.0
2026-07-13,2026-07-13 10:10:00,10.34,10.36,10.24,10.27,54890.0
2026-07-13,2026-07-13 10:15:00,10.27,10.27,10.11,10.18,55148.0
2026-07-13,2026-07-13 10:20:00,10.22,10.22,10.07,10.0701,25342.0
2026-07-13,2026-07-13 10:25:00,10.07,10.11,9.94,9.99,57568.0
2026-07-13,2026-07-13 10:30:00,9.98,10.05,9.89,10.025,77371.0
2026-07-13,2026-07-13 10:35:00,10.025,10.0513,9.9,9.9,70748.0
2026-07-13,2026-07-13 10:40:00,9.9,9.9,9.79,9.875,102022.0
2026-07-13,2026-07-13 10:45:00,9.875,9.98,9.875,9.94,103508.0
2026-07-13,2026-07-13 10:50:00,9.94,10.1899,9.94,10.18,55430.0
2026-07-13,2026-07-13 10:55:00,10.19,10.19,9.9708,9.9708,29576.0
2026-07-13,2026-07-13 11:00:00,9.97,10.09,9.97,10.09,53084.0
2026-07-13,2026-07-13 11:05:00,10.09,10.1193,10.01,10.01,32796.0
2026-07-13,2026-07-13 11:10:00,10.005,10.09,10.005,10.06,26670.0
2026-07-13,2026-07-13 11:15:00,10.06,10.11,10.05,10.11,27119.0
2026-07-13,2026-07-13 11:20:00,10.1,10.115,10.06,10.06,26809.0
2026-07-13,2026-07-13 11:25:00,10.06,10.1,10.025,10.065,27517.0
2026-07-13,2026-07-13 11:30:00,10.06,10.07,10.035,10.0502,21611.0
2026-07-13,2026-07-13 11:35:00,10.055,10.095,10.05,10.07,16660.0
2026-07-13,2026-07-13 11:40:00,10.07,10.075,10.03,10.065,16650.0
2026-07-13,2026-07-13 11:45:00,10.0601,10.08,10.06,10.07,18310.0
2026-07-13,2026-07-13 11:50:00,10.075,10.075,10.035,10.07,19295.0
2026-07-13,2026-07-13 11:55:00,10.07,10.08,10.05,10.0752,20652.0
2026-07-13,2026-07-13 12:00:00,10.08,10.1,10.08,10.1,9541.0
2026-07-13,2026-07-13 12:05:00,10.095,10.105,10.07,10.105,30046.0
2026-07-13,2026-07-13 12:10:00,10.105,10.17,10.105,10.13,33016.0
2026-07-13,2026-07-13 12:15:00,10.1374,10.155,10.115,10.125,16910.0
2026-07-13,2026-07-13 12:20:00,10.12,10.12,10.045,10.055,24123.0
2026-07-13,2026-07-13 12:25:00,10.055,10.09,10.035,10.07,16832.0
2026-07-13,2026-07-13 12:30:00,10.07,10.16,10.04,10.155,36127.0
2026-07-13,2026-07-13 12:35:00,10.16,10.225,10.135,10.225,47663.0
2026-07-13,2026-07-13 12:40:00,10.21,10.25,10.175,10.21,41929.0
2026-07-13,2026-07-13 12:45:00,10.22,10.23,10.195,10.21,15647.0
2026-07-13,2026-07-13 12:50:00,10.21,10.25,10.21,10.21,11995.0
2026-07-13,2026-07-13 12:55:00,10.2,10.21,10.185,10.195,16870.0
2026-07-13,2026-07-13 13:00:00,10.19,10.2,10.16,10.18,16120.0
2026-07-13,2026-07-13 13:05:00,10.18,10.205,10.175,10.185,22211.0
2026-07-13,2026-07-13 13:10:00,10.18,10.195,10.165,10.18,16677.0
2026-07-13,2026-07-13 13:15:00,10.18,10.19,10.115,10.115,12124.0
2026-07-13,2026-07-13 13:20:00,10.11,10.115,10.08,10.11,19767.0
2026-07-13,2026-07-13 13:25:00,10.12,10.125,10.045,10.05,40126.0
2026-07-13,2026-07-13 13:30:00,10.045,10.07,10.045,10.065,10337.0
2026-07-13,2026-07-13 13:35:00,10.06,10.09,10.035,10.07,25277.0
2026-07-13,2026-07-13 13:40:00,10.07,10.075,10.035,10.04,18032.0
2026-07-13,2026-07-13 13:45:00,10.03,10.0886,10.025,10.08,16547.0
2026-07-13,2026-07-13 13:50:00,10.075,10.08,10.015,10.03,19426.0
2026-07-13,2026-07-13 13:55:00,10.03,10.035,9.95,9.97,33171.0
2026-07-13,2026-07-13 14:00:00,9.98,9.9999,9.88,9.94,64344.0
2026-07-13,2026-07-13 14:05:00,9.94,10.025,9.94,10.0,16823.0
2026-07-13,2026-07-13 14:10:00,10.0,10.02,9.98,9.985,13759.0
2026-07-13,2026-07-13 14:15:00,9.99,9.99,9.9601,9.975,16961.0
2026-07-13,2026-07-13 14:20:00,9.975,9.98,9.955,9.955,7649.0
2026-07-13,2026-07-13 14:25:00,9.9517,9.98,9.935,9.98,26924.0
2026-07-13,2026-07-13 14:30:00,9.99,10.03,9.975,10.025,21338.0
2026-07-13,2026-07-13 14:35:00,10.02,10.08,10.02,10.045,13815.0
2026-07-13,2026-07-13 14:40:00,10.06,10.08,10.05,10.05,17494.0
2026-07-13,2026-07-13 14:45:00,10.05,10.0891,10.045,10.065,22591.0
2026-07-13,2026-07-13 14:50:00,10.065,10.085,10.045,10.05,20776.0
2026-07-13,2026-07-13 14:55:00,10.045,10.05,10.025,10.025,19957.0
2026-07-13,2026-07-13 15:00:00,10.02,10.03,10.005,10.015,22046.0
2026-07-13,2026-07-13 15:05:00,10.015,10.015,9.945,10.0,23163.0
2026-07-13,2026-07-13 15:10:00,10.0,10.0,9.965,9.965,11566.0
2026-07-13,2026-07-13 15:15:00,9.96,9.965,9.94,9.965,13731.0
2026-07-13,2026-07-13 15:20:00,9.965,10.02,9.965,10.015,33118.0
2026-07-13,2026-07-13 15:25:00,10.015,10.015,9.985,10.0,21846.0
2026-07-13,2026-07-13 15:30:00,10.005,10.03,10.0,10.025,26619.0
2026-07-13,2026-07-13 15:35:00,10.025,10.06,10.015,10.055,32880.0
2026-07-13,2026-07-13 15:40:00,10.05,10.05,10.005,10.05,33792.0
2026-07-13,2026-07-13 15:45:00,10.05,10.06,10.025,10.05,33814.0
2026-07-13,2026-07-13 15:50:00,10.055,10.065,10.0425,10.065,45480.0
2026-07-13,2026-07-13 15:55:00,10.07,10.08,9.975,9.99,86478.0
2026-07-13,2026-07-13 16:00:00,9.985,10.04,9.92,9.935,365139.0
2026-07-14,2026-07-14 09:35:00,9.935,10.11,9.935,10.0,101495.0
2026-07-14,2026-07-14 09:40:00,9.98,10.3,9.975,10.22,72057.0
2026-07-14,2026-07-14 09:45:00,10.225,10.32,10.18,10.295,27349.0
2026-07-14,2026-07-14 09:50:00,10.2801,10.4025,10.23,10.255,36627.0
2026-07-14,2026-07-14 09:55:00,10.24,10.315,10.205,10.22,30586.0
2026-07-14,2026-07-14 10:00:00,10.215,10.31,10.17,10.17,55717.0
2026-07-14,2026-07-14 10:05:00,10.15,10.17,10.075,10.1,247975.0
2026-07-14,2026-07-14 10:10:00,10.09,10.15,10.025,10.105,33889.0
2026-07-14,2026-07-14 10:15:00,10.105,10.165,10.095,10.16,27670.0
2026-07-14,2026-07-14 10:20:00,10.16,10.19,10.11,10.12,25998.0
2026-07-14,2026-07-14 10:25:00,10.11,10.18,10.07,10.18,31583.0
2026-07-14,2026-07-14 10:30:00,10.17,10.205,10.15,10.17,21672.0
2026-07-14,2026-07-14 10:35:00,10.18,10.21,10.13,10.14,29741.0
2026-07-14,2026-07-14 10:40:00,10.15,10.15,10.115,10.115,35638.0
2026-07-14,2026-07-14 10:45:00,10.1101,10.16,10.1,10.11,27775.0
2026-07-14,2026-07-14 10:50:00,10.11,10.135,9.905,9.95,110440.0
2026-07-14,2026-07-14 10:55:00,9.96,10.0,9.9101,9.97,45682.0
2026-07-14,2026-07-14 11:00:00,9.98,10.04,9.92,9.94,33301.0
2026-07-14,2026-07-14 11:05:00,9.95,10.02,9.94,10.01,36609.0
2026-07-14,2026-07-14 11:10:00,10.0,10.025,9.99,10.01,20881.0
2026-07-14,2026-07-14 11:15:00,10.005,10.04,9.995,10.04,16013.0
2026-07-14,2026-07-14 11:20:00,10.03,10.045,9.98,9.985,20524.0
2026-07-14,2026-07-14 11:25:00,9.995,10.0696,9.985,10.0696,24469.0
2026-07-14,2026-07-14 11:30:00,10.06,10.1,10.06,10.095,15685.0
2026-07-14,2026-07-14 11:35:00,10.095,10.11,10.08,10.08,20440.0
2026-07-14,2026-07-14 11:40:00,10.08,10.105,10.065,10.1,27441.0
2026-07-14,2026-07-14 11:45:00,10.1,10.1,9.98,10.08,30763.0
2026-07-14,2026-07-14 11:50:00,10.08,10.125,10.08,10.09,18495.0
2026-07-14,2026-07-14 11:55:00,10.08,10.08,10.01,10.01,23967.0
2026-07-14,2026-07-14 12:00:00,10.01,10.075,10.01,10.075,40243.0
2026-07-14,2026-07-14 12:05:00,10.08,10.085,10.0101,10.045,21735.0
2026-07-14,2026-07-14 12:10:00,10.05,10.05,10.0,10.0,129865.0
2026-07-14,2026-07-14 12:15:00,10.0,10.005,9.925,9.95,25308.0
2026-07-14,2026-07-14 12:20:00,9.955,9.955,9.92,9.94,10372.0
2026-07-14,2026-07-14 12:25:00,9.935,9.955,9.935,9.95,12256.0
2026-07-14,2026-07-14 12:30:00,9.95,9.965,9.935,9.965,17803.0
2026-07-14,2026-07-14 12:35:00,9.965,9.985,9.96,9.965,12529.0
2026-07-14,2026-07-14 12:40:00,9.965,10.0,9.965,9.9651,29169.0
2026-07-14,2026-07-14 12:45:00,9.965,9.965,9.925,9.96,28559.0
2026-07-14,2026-07-14 12:50:00,9.955,9.99,9.86,9.96,72793.0
2026-07-14,2026-07-14 12:55:00,9.96,9.96,9.935,9.935,10434.0
2026-07-14,2026-07-14 13:00:00,9.935,9.945,9.905,9.94,14973.0
2026-07-14,2026-07-14 13:05:00,9.94,9.96,9.9326,9.955,8815.0
2026-07-14,2026-07-14 13:10:00,9.955,9.955,9.88,9.9,30733.0
2026-07-14,2026-07-14 13:15:00,9.9,9.91,9.87,9.87,15931.0
2026-07-14,2026-07-14 13:20:00,9.865,9.89,9.855,9.885,28014.0
2026-07-14,2026-07-14 13:25:00,9.885,9.92,9.87,9.87,29775.0
2026-07-14,2026-07-14 13:30:00,9.87,9.89,9.85,9.87,30885.0
2026-07-14,2026-07-14 13:35:00,9.875,9.88,9.8,9.8699,48070.0
2026-07-14,2026-07-14 13:40:00,9.86,9.89,9.855,9.875,10866.0
2026-07-14,2026-07-14 13:45:00,9.88,9.9,9.8401,9.85,16074.0
2026-07-14,2026-07-14 13:50:00,9.85,9.8699,9.84,9.845,17329.0
2026-07-14,2026-07-14 13:55:00,9.845,9.86,9.84,9.845,12642.0
2026-07-14,2026-07-14 14:00:00,9.845,9.86,9.835,9.855,20693.0
2026-07-14,2026-07-14 14:05:00,9.86,9.91,9.855,9.895,21029.0
2026-07-14,2026-07-14 14:10:00,9.89,9.9,9.865,9.875,17665.0
2026-07-14,2026-07-14 14:15:00,9.875,9.892,9.875,9.885,13065.0
2026-07-14,2026-07-14 14:20:00,9.885,9.895,9.87,9.88,14733.0
2026-07-14,2026-07-14 14:25:00,9.87,9.87,9.82,9.83,19246.0
2026-07-14,2026-07-14 14:30:00,9.82,9.86,9.815,9.86,25975.0
2026-07-14,2026-07-14 14:35:00,9.855,9.855,9.815,9.835,23022.0
2026-07-14,2026-07-14 14:40:00,9.835,9.835,9.78,9.835,45923.0
2026-07-14,2026-07-14 14:45:00,9.83,9.835,9.815,9.835,21467.0
2026-07-14,2026-07-14 14:50:00,9.835,9.87,9.835,9.865,31822.0
2026-07-14,2026-07-14 14:55:00,9.86,9.87,9.845,9.865,13182.0
2026-07-14,2026-07-14 15:00:00,9.865,9.87,9.85,9.855,28623.0
2026-07-14,2026-07-14 15:05:00,9.855,9.87,9.82,9.842,30758.0
2026-07-14,2026-07-14 15:10:00,9.85,9.855,9.82,9.825,20641.0
2026-07-14,2026-07-14 15:15:00,9.83,9.84,9.815,9.84,24202.0
2026-07-14,2026-07-14 15:20:00,9.83,9.845,9.82,9.825,25344.0
2026-07-14,2026-07-14 15:25:00,9.825,9.84,9.81,9.83,38542.0
2026-07-14,2026-07-14 15:30:00,9.83,9.86,9.825,9.83,33180.0
2026-07-14,2026-07-14 15:35:00,9.83,9.83,9.79,9.805,87852.0
2026-07-14,2026-07-14 15:40:00,9.8,9.83,9.79,9.825,25443.0
2026-07-14,2026-07-14 15:45:00,9.83,9.835,9.805,9.815,40530.0
2026-07-14,2026-07-14 15:50:00,9.815,9.815,9.74,9.755,76815.0
2026-07-14,2026-07-14 15:55:00,9.755,9.78,9.74,9.755,82029.0
2026-07-14,2026-07-14 16:00:00,9.75,9.88,9.745,9.87,407815.0
2026-07-15,2026-07-15 09:35:00,9.72,9.76,9.55,9.58,49623.0
2026-07-15,2026-07-15 09:40:00,9.55,9.55,9.41,9.43,38711.0
2026-07-15,2026-07-15 09:45:00,9.43,9.55,9.3605,9.4,63704.0
2026-07-15,2026-07-15 09:50:00,9.4,9.46,9.33,9.425,68056.0
2026-07-15,2026-07-15 09:55:00,9.45,9.5,9.43,9.5,29810.0
2026-07-15,2026-07-15 10:00:00,9.5,9.56,9.5,9.52,21212.0
2026-07-15,2026-07-15 10:05:00,9.52,9.605,9.52,9.565,12666.0
2026-07-15,2026-07-15 10:10:00,9.55,9.6145,9.55,9.55,20948.0
2026-07-15,2026-07-15 10:15:00,9.56,9.66,9.54,9.62,56123.0
2026-07-15,2026-07-15 10:20:00,9.62,9.635,9.59,9.635,11395.0
2026-07-15,2026-07-15 10:25:00,9.62,9.7101,9.61,9.7101,25855.0
2026-07-15,2026-07-15 10:30:00,9.73,9.75,9.72,9.74,14485.0
2026-07-15,2026-07-15 10:35:00,9.73,9.75,9.71,9.73,9650.0
2026-07-15,2026-07-15 10:40:00,9.71,9.72,9.67,9.67,7895.0
2026-07-15,2026-07-15 10:45:00,9.67,9.715,9.645,9.69,24412.0
2026-07-15,2026-07-15 10:50:00,9.7,9.7,9.67,9.7,8946.0
2026-07-15,2026-07-15 10:55:00,9.7,9.7,9.655,9.68,11843.0
2026-07-15,2026-07-15 11:00:00,9.685,9.69,9.64,9.68,8319.0
2026-07-15,2026-07-15 11:05:00,9.68,9.68,9.67,9.67,6217.0
2026-07-15,2026-07-15 11:10:00,9.68,9.71,9.66,9.71,8958.0
2026-07-15,2026-07-15 11:15:00,9.72,9.72,9.68,9.68,19109.0
2026-07-15,2026-07-15 11:20:00,9.67,9.72,9.66,9.72,7282.0
2026-07-15,2026-07-15 11:25:00,9.71,9.72,9.66,9.69,9407.0
2026-07-15,2026-07-15 11:30:00,9.69,9.74,9.69,9.73,9316.0
2026-07-15,2026-07-15 11:35:00,9.72,9.72,9.695,9.7001,7573.0
2026-07-15,2026-07-15 11:40:00,9.7,9.71,9.7,9.71,5672.0
2026-07-15,2026-07-15 11:45:00,9.71,9.73,9.7001,9.71,9181.0
2026-07-15,2026-07-15 11:50:00,9.72,9.77,9.71,9.76,16403.0
2026-07-15,2026-07-15 11:55:00,9.75,9.76,9.74,9.755,5690.0
2026-07-15,2026-07-15 12:00:00,9.76,9.78,9.76,9.78,4216.0
2026-07-15,2026-07-15 12:05:00,9.77,9.77,9.74,9.76,5348.0
2026-07-15,2026-07-15 12:10:00,9.76,9.76,9.735,9.75,8348.0
2026-07-15,2026-07-15 12:15:00,9.745,9.745,9.73,9.73,3667.0
2026-07-15,2026-07-15 12:20:00,9.725,9.745,9.71,9.745,8401.0
2026-07-15,2026-07-15 12:25:00,9.74,9.77,9.74,9.74,11038.0
2026-07-15,2026-07-15 12:30:00,9.77,9.78,9.76,9.78,5620.0
2026-07-15,2026-07-15 12:35:00,9.79,9.8,9.78,9.78,5829.0
2026-07-15,2026-07-15 12:40:00,9.78,9.79,9.72,9.73,18433.0
2026-07-15,2026-07-15 12:45:00,9.7306,9.795,9.7306,9.795,10027.0
2026-07-15,2026-07-15 12:50:00,9.81,9.89,9.81,9.82,21609.0
2026-07-15,2026-07-15 12:55:00,9.82,9.84,9.81,9.83,7382.0
2026-07-15,2026-07-15 13:00:00,9.82,9.87,9.81,9.87,7974.0
2026-07-15,2026-07-15 13:05:00,9.88,9.9,9.86,9.86,8085.0
2026-07-15,2026-07-15 13:10:00,9.86,9.86,9.8442,9.85,10777.0
2026-07-15,2026-07-15 13:15:00,9.85,9.86,9.79,9.8,25106.0
2026-07-15,2026-07-15 13:20:00,9.8,9.83,9.79,9.79,15379.0
2026-07-15,2026-07-15 13:25:00,9.8,9.8,9.73,9.74,19188.0
2026-07-15,2026-07-15 13:30:00,9.75,9.76,9.74,9.76,4677.0
2026-07-15,2026-07-15 13:35:00,9.76,9.78,9.7386,9.7386,10135.0
2026-07-15,2026-07-15 13:40:00,9.725,9.755,9.725,9.755,8767.0
2026-07-15,2026-07-15 13:45:00,9.75,9.755,9.74,9.74,6069.0
2026-07-15,2026-07-15 13:50:00,9.73,9.79,9.73,9.79,20404.0
2026-07-15,2026-07-15 13:55:00,9.79,9.81,9.79,9.8,7963.0
2026-07-15,2026-07-15 14:00:00,9.8,9.81,9.79,9.795,6166.0
2026-07-15,2026-07-15 14:05:00,9.8,9.83,9.8,9.83,8648.0
2026-07-15,2026-07-15 14:10:00,9.83,9.84,9.81,9.83,7027.0
2026-07-15,2026-07-15 14:15:00,9.8389,9.8389,9.82,9.83,6291.0
2026-07-15,2026-07-15 14:20:00,9.835,9.87,9.835,9.87,11343.0
2026-07-15,2026-07-15 14:25:00,9.86,9.86,9.85,9.86,16066.0
2026-07-15,2026-07-15 14:30:00,9.865,9.865,9.83,9.8499,5426.0
2026-07-15,2026-07-15 14:35:00,9.845,9.865,9.845,9.865,11160.0
2026-07-15,2026-07-15 14:40:00,9.865,9.865,9.835,9.85,9083.0
2026-07-15,2026-07-15 14:45:00,9.85,9.88,9.85,9.85,10853.0
2026-07-15,2026-07-15 14:50:00,9.85,9.8999,9.85,9.87,16910.0
2026-07-15,2026-07-15 14:55:00,9.87,9.88,9.865,9.87,8832.0
2026-07-15,2026-07-15 15:00:00,9.8601,9.8601,9.85,9.855,7041.0
2026-07-15,2026-07-15 15:05:00,9.855,9.86,9.845,9.86,14382.0
2026-07-15,2026-07-15 15:10:00,9.87,9.87,9.79,9.79,27708.0
2026-07-15,2026-07-15 15:15:00,9.79,9.79,9.775,9.79,9769.0
2026-07-15,2026-07-15 15:20:00,9.785,9.8,9.785,9.8,8339.0
2026-07-15,2026-07-15 15:25:00,9.79,9.79,9.765,9.77,11767.0
2026-07-15,2026-07-15 15:30:00,9.77,9.78,9.74,9.77,21430.0
2026-07-15,2026-07-15 15:35:00,9.765,9.7802,9.755,9.78,18612.0
2026-07-15,2026-07-15 15:40:00,9.77,9.805,9.7572,9.7572,26930.0
2026-07-15,2026-07-15 15:45:00,9.75,9.79,9.725,9.78,30100.0
2026-07-15,2026-07-15 15:50:00,9.785,9.8,9.77,9.785,23196.0
2026-07-15,2026-07-15 15:55:00,9.79,9.8,9.74,9.765,51596.0
2026-07-15,2026-07-15 16:00:00,9.77,9.77,9.66,9.68,323107.0
2026-07-16,2026-07-16 09:35:00,9.47,9.6,9.41,9.48,44171.0
2026-07-16,2026-07-16 09:40:00,9.48,9.5499,9.38,9.425,47250.0
2026-07-16,2026-07-16 09:45:00,9.41,9.47,9.38,9.39,16550.0
2026-07-16,2026-07-16 09:50:00,9.38,9.4479,9.36,9.36,18256.0
2026-07-16,2026-07-16 09:55:00,9.36,9.5,9.36,9.4912,36990.0
2026-07-16,2026-07-16 10:00:00,9.52,9.52,9.44,9.4979,17843.0
2026-07-16,2026-07-16 10:05:00,9.495,9.495,9.415,9.44,25963.0
2026-07-16,2026-07-16 10:10:00,9.43,9.435,9.39,9.41,21956.0
2026-07-16,2026-07-16 10:15:00,9.42,9.51,9.42,9.47,13115.0
2026-07-16,2026-07-16 10:20:00,9.46,9.46,9.42,9.42,10414.0
2026-07-16,2026-07-16 10:25:00,9.41,9.415,9.36,9.375,14650.0
2026-07-16,2026-07-16 10:30:00,9.37,9.41,9.335,9.35,14519.0
2026-07-16,2026-07-16 10:35:00,9.355,9.38,9.35,9.38,10935.0
2026-07-16,2026-07-16 10:40:00,9.37,9.4,9.35,9.39,10481.0
2026-07-16,2026-07-16 10:45:00,9.3999,9.49,9.3999,9.48,20295.0
2026-07-16,2026-07-16 10:50:00,9.47,9.475,9.41,9.42,12951.0
2026-07-16,2026-07-16 10:55:00,9.4,9.46,9.39,9.43,9982.0
2026-07-16,2026-07-16 11:00:00,9.42,9.46,9.4166,9.445,7588.0
2026-07-16,2026-07-16 11:05:00,9.44,9.44,9.3963,9.41,9226.0
2026-07-16,2026-07-16 11:10:00,9.4,9.43,9.39,9.43,6202.0
2026-07-16,2026-07-16 11:15:00,9.45,9.45,9.3,9.31,122150.0
2026-07-16,2026-07-16 11:20:00,9.33,9.335,9.265,9.275,19577.0
2026-07-16,2026-07-16 11:25:00,9.27,9.3522,9.24,9.335,42240.0
2026-07-16,2026-07-16 11:30:00,9.335,9.35,9.32,9.32,7710.0
2026-07-16,2026-07-16 11:35:00,9.33,9.35,9.29,9.345,17504.0
2026-07-16,2026-07-16 11:40:00,9.345,9.35,9.18,9.1824,61426.0
2026-07-16,2026-07-16 11:45:00,9.18,9.1994,9.15,9.195,23036.0
2026-07-16,2026-07-16 11:50:00,9.19,9.21,9.115,9.21,91286.0
2026-07-16,2026-07-16 11:55:00,9.22,9.23,9.2,9.2,14081.0
2026-07-16,2026-07-16 12:00:00,9.2,9.2,9.16,9.1771,8292.0
2026-07-16,2026-07-16 12:05:00,9.17,9.19,9.17,9.19,21935.0
2026-07-16,2026-07-16 12:10:00,9.19,9.235,9.1809,9.21,20546.0
2026-07-16,2026-07-16 12:15:00,9.21,9.21,9.16,9.1689,21040.0
2026-07-16,2026-07-16 12:20:00,9.16,9.18,9.14,9.155,13637.0
2026-07-16,2026-07-16 12:25:00,9.15,9.15,9.1,9.105,63301.0
2026-07-16,2026-07-16 12:30:00,9.105,9.15,9.08,9.15,16727.0
2026-07-16,2026-07-16 12:35:00,9.14,9.15,9.13,9.15,15578.0
2026-07-16,2026-07-16 12:40:00,9.17,9.17,9.1,9.11,21736.0
2026-07-16,2026-07-16 12:45:00,9.115,9.1299,9.08,9.1,15041.0
2026-07-16,2026-07-16 12:50:00,9.09,9.09,9.0301,9.045,34261.0
2026-07-16,2026-07-16 12:55:00,9.04,9.04,9.02,9.035,16217.0
2026-07-16,2026-07-16 13:00:00,9.03,9.03,8.95,9.0,67509.0
2026-07-16,2026-07-16 13:05:00,9.005,9.005,8.91,8.96,24077.0
2026-07-16,2026-07-16 13:10:00,8.9694,9.02,8.92,8.97,62302.0
2026-07-16,2026-07-16 13:15:00,8.99,9.0249,8.99,9.0,25156.0
2026-07-16,2026-07-16 13:20:00,9.0,9.035,8.99,9.01,20017.0
2026-07-16,2026-07-16 13:25:00,9.015,9.02,8.975,9.01,28418.0
2026-07-16,2026-07-16 13:30:00,9.0,9.015,8.97,9.01,21806.0
2026-07-16,2026-07-16 13:35:00,9.01,9.015,8.96,8.97,12597.0
2026-07-16,2026-07-16 13:40:00,8.97,8.99,8.92,8.92,27887.0
2026-07-16,2026-07-16 13:45:00,8.925,9.005,8.91,9.0,39189.0
2026-07-16,2026-07-16 13:50:00,9.01,9.17,8.99,9.15,69949.0
2026-07-16,2026-07-16 13:55:00,9.14,9.17,9.14,9.15,17242.0
2026-07-16,2026-07-16 14:00:00,9.15,9.165,9.11,9.16,38350.0
2026-07-16,2026-07-16 14:05:00,9.155,9.185,9.15,9.16,16149.0
2026-07-16,2026-07-16 14:10:00,9.15,9.17,9.15,9.15,14626.0
2026-07-16,2026-07-16 14:15:00,9.16,9.17,9.145,9.15,10628.0
2026-07-16,2026-07-16 14:20:00,9.145,9.27,9.145,9.27,34697.0
2026-07-16,2026-07-16 14:25:00,9.26,9.32,9.245,9.285,26473.0
2026-07-16,2026-07-16 14:30:00,9.29,9.29,9.26,9.285,14524.0
2026-07-16,2026-07-16 14:35:00,9.28,9.295,9.27,9.29,17178.0
2026-07-16,2026-07-16 14:40:00,9.29,9.29,9.27,9.285,11848.0
2026-07-16,2026-07-16 14:45:00,9.28,9.29,9.265,9.29,13045.0
2026-07-16,2026-07-16 14:50:00,9.29,9.36,9.275,9.33,23668.0
2026-07-16,2026-07-16 14:55:00,9.33,9.33,9.295,9.31,10659.0
2026-07-16,2026-07-16 15:00:00,9.315,9.315,9.3,9.305,19420.0
2026-07-16,2026-07-16 15:05:00,9.31,9.31,9.24,9.29,42934.0
2026-07-16,2026-07-16 15:10:00,9.29,9.29,9.24,9.26,32211.0
2026-07-16,2026-07-16 15:15:00,9.26,9.34,9.26,9.32,15597.0
2026-07-16,2026-07-16 15:20:00,9.32,9.335,9.3,9.31,20721.0
2026-07-16,2026-07-16 15:25:00,9.31,9.3333,9.31,9.33,21917.0
2026-07-16,2026-07-16 15:30:00,9.33,9.39,9.325,9.355,65232.0
2026-07-16,2026-07-16 15:35:00,9.355,9.38,9.345,9.355,29987.0
2026-07-16,2026-07-16 15:40:00,9.355,9.39,9.35,9.37,45246.0
2026-07-16,2026-07-16 15:45:00,9.37,9.445,9.36,9.435,54426.0
2026-07-16,2026-07-16 15:50:00,9.435,9.52,9.425,9.52,72637.0
2026-07-16,2026-07-16 15:55:00,9.52,9.55,9.445,9.525,222335.0
2026-07-16,2026-07-16 16:00:00,9.52,9.545,9.48,9.52,537567.0
2026-07-17,2026-07-17 09:35:00,9.37,9.57,9.31,9.5,114438.0
2026-07-17,2026-07-17 09:40:00,9.53,9.72,9.5,9.5901,55780.0
2026-07-17,2026-07-17 09:45:00,9.615,9.83,9.615,9.74,46543.0
2026-07-17,2026-07-17 09:50:00,9.75,9.81,9.7047,9.78,62118.0
2026-07-17,2026-07-17 09:55:00,9.77,9.79,9.68,9.7,41540.0
2026-07-17,2026-07-17 10:00:00,9.68,9.72,9.63,9.67,18416.0
2026-07-17,2026-07-17 10:05:00,9.695,9.77,9.695,9.77,42305.0
2026-07-17,2026-07-17 10:10:00,9.79,9.806898,9.61,9.655,80752.0
2026-07-17,2026-07-17 10:15:00,9.66,9.68,9.58,9.58,18116.0
2026-07-17,2026-07-17 10:20:00,9.58,9.74,9.555,9.72,61519.0
2026-07-17,2026-07-17 10:25:00,9.745,9.99,9.745,9.91,143228.0
2026-07-17,2026-07-17 10:30:00,9.92,9.925,9.795,9.825,34414.0
2026-07-17,2026-07-17 10:35:00,9.805,9.82,9.72,9.75,24863.0
2026-07-17,2026-07-17 10:40:00,9.755,9.8356,9.755,9.82,28733.0
2026-07-17,2026-07-17 10:45:00,9.82,9.84,9.76,9.7985,48519.0
2026-07-17,2026-07-17 10:50:00,9.805,9.84,9.79,9.83,11888.0
2026-07-17,2026-07-17 10:55:00,9.82,9.85,9.78,9.85,24000.0
2026-07-17,2026-07-17 11:00:00,9.85,9.87,9.83,9.84,9878.0
2026-07-17,2026-07-17 11:05:00,9.84,9.9,9.815,9.845,58870.0
2026-07-17,2026-07-17 11:10:00,9.85,9.86,9.83,9.83,17400.0
2026-07-17,2026-07-17 11:15:00,9.84,10.05,9.84,10.0239,53172.0
2026-07-17,2026-07-17 11:20:00,10.03,10.08,10.01,10.07,23933.0
2026-07-17,2026-07-17 11:25:00,10.09,10.09,10.05,10.0599,13740.0
2026-07-17,2026-07-17 11:30:00,10.05,10.12,10.05,10.11,12159.0
2026-07-17,2026-07-17 11:35:00,10.11,10.12,10.04,10.04,18263.0
2026-07-17,2026-07-17 11:40:00,10.04,10.045,10.02,10.04,22411.0
2026-07-17,2026-07-17 11:45:00,10.05,10.09,10.05,10.0847,16107.0
2026-07-17,2026-07-17 11:50:00,10.08,10.08,10.05,10.06,8388.0
2026-07-17,2026-07-17 11:55:00,10.06,10.09,10.06,10.09,12641.0
2026-07-17,2026-07-17 12:00:00,10.095,10.15,10.095,10.125,27039.0
2026-07-17,2026-07-17 12:05:00,10.13,10.15,10.08,10.11,23793.0
2026-07-17,2026-07-17 12:10:00,10.1099,10.2,10.105,10.2,14092.0
2026-07-17,2026-07-17 12:15:00,10.2099,10.2099,10.15,10.1626,19993.0
2026-07-17,2026-07-17 12:20:00,10.16,10.19,10.145,10.16,21994.0
2026-07-17,2026-07-17 12:25:00,10.165,10.165,10.12,10.125,14638.0
2026-07-17,2026-07-17 12:30:00,10.1277,10.135,10.1,10.125,19252.0
2026-07-17,2026-07-17 12:35:00,10.12,10.1252,10.095,10.115,28374.0
2026-07-17,2026-07-17 12:40:00,10.11,10.1228,10.08,10.085,23209.0
2026-07-17,2026-07-17 12:45:00,10.09,10.11,10.07,10.09,9081.0
2026-07-17,2026-07-17 12:50:00,10.1,10.16,10.095,10.14,33119.0
2026-07-17,2026-07-17 12:55:00,10.14,10.15,10.125,10.135,15397.0
2026-07-17,2026-07-17 13:00:00,10.14,10.215,10.13,10.19,83498.0
2026-07-17,2026-07-17 13:05:00,10.2,10.3,10.2,10.25,28749.0
2026-07-17,2026-07-17 13:10:00,10.26,10.27,10.24,10.25,14729.0
2026-07-17,2026-07-17 13:15:00,10.255,10.3,10.24,10.28,52175.0
2026-07-17,2026-07-17 13:20:00,10.28,10.31,10.26,10.3,23160.0
2026-07-17,2026-07-17 13:25:00,10.31,10.31,10.265,10.27,11647.0
2026-07-17,2026-07-17 13:30:00,10.27,10.27,10.1,10.1,39294.0
2026-07-17,2026-07-17 13:35:00,10.11,10.12,10.03,10.07,31284.0
2026-07-17,2026-07-17 13:40:00,10.07,10.07,10.02,10.07,44679.0
2026-07-17,2026-07-17 13:45:00,10.07,10.12,10.03,10.09,47515.0
2026-07-17,2026-07-17 13:50:00,10.09,10.1,10.03,10.09,57503.0
2026-07-17,2026-07-17 13:55:00,10.09,10.125,10.055,10.08,42757.0
2026-07-17,2026-07-17 14:00:00,10.07,10.1,10.055,10.1,55410.0
2026-07-17,2026-07-17 14:05:00,10.1,10.12,10.1,10.105,17122.0
2026-07-17,2026-07-17 14:10:00,10.1,10.15,10.08,10.15,32232.0
2026-07-17,2026-07-17 14:15:00,10.14,10.14,10.1101,10.12,33784.0
2026-07-17,2026-07-17 14:20:00,10.12,10.15,10.105,10.15,20956.0
2026-07-17,2026-07-17 14:25:00,10.15,10.18,10.15,10.16,29483.0
2026-07-17,2026-07-17 14:30:00,10.16,10.17,10.13,10.14,9855.0
2026-07-17,2026-07-17 14:35:00,10.14,10.14,10.105,10.12,27001.0
2026-07-17,2026-07-17 14:40:00,10.115,10.14,10.115,10.13,17361.0
2026-07-17,2026-07-17 14:45:00,10.125,10.135,10.08,10.1,34787.0
2026-07-17,2026-07-17 14:50:00,10.1,10.13,10.085,10.12,15884.0
2026-07-17,2026-07-17 14:55:00,10.11,10.12,10.1,10.12,24974.0
2026-07-17,2026-07-17 15:00:00,10.13,10.17,10.13,10.135,22494.0
2026-07-17,2026-07-17 15:05:00,10.135,10.19,10.11,10.18,53979.0
2026-07-17,2026-07-17 15:10:00,10.18,10.18,10.15,10.17,28436.0
2026-07-17,2026-07-17 15:15:00,10.17,10.19,10.165,10.175,19942.0
2026-07-17,2026-07-17 15:20:00,10.175,10.195,10.15,10.195,55084.0
2026-07-17,2026-07-17 15:25:00,10.19,10.24,10.18,10.2148,44164.0
2026-07-17,2026-07-17 15:30:00,10.21,10.24,10.2,10.23,19681.0
2026-07-17,2026-07-17 15:35:00,10.23,10.24,10.17,10.175,55155.0
2026-07-17,2026-07-17 15:40:00,10.17,10.275,10.1601,10.27,60469.0
2026-07-17,2026-07-17 15:45:00,10.265,10.295,10.25,10.26,107911.0
2026-07-17,2026-07-17 15:50:00,10.24,10.295,10.225,10.235,104813.0
2026-07-17,2026-07-17 15:55:00,10.23,10.231,10.1,10.16,118012.0
2026-07-17,2026-07-17 16:00:00,10.17,10.29,10.165,10.23,573606.0
2026-07-20,2026-07-20 09:35:00,10.28,10.455,10.142,10.4,203670.0
2026-07-20,2026-07-20 09:40:00,10.37,10.425,10.34,10.38,33959.0
2026-07-20,2026-07-20 09:45:00,10.39,10.399,10.29,10.305,32037.0
2026-07-20,2026-07-20 09:50:00,10.305,10.4,10.28,10.33,33947.0
2026-07-20,2026-07-20 09:55:00,10.31,10.37,10.31,10.33,20375.0
2026-07-20,2026-07-20 10:00:00,10.35,10.36,10.29,10.33,25020.0
2026-07-20,2026-07-20 10:05:00,10.315,10.325,10.195,10.2,64815.0
2026-07-20,2026-07-20 10:10:00,10.2,10.22,10.17,10.195,20264.0
2026-07-20,2026-07-20 10:15:00,10.19,10.23,10.14,10.14,36099.0
2026-07-20,2026-07-20 10:20:00,10.145,10.18,10.13,10.13,13621.0
2026-07-20,2026-07-20 10:25:00,10.14,10.19,10.07,10.18,25259.0
2026-07-20,2026-07-20 10:30:00,10.18,10.18,10.065,10.13,35703.0
2026-07-20,2026-07-20 10:35:00,10.13,10.13,9.99,10.035,47307.0
2026-07-20,2026-07-20 10:40:00,10.05,10.08,10.034,10.06,13694.0
2026-07-20,2026-07-20 10:45:00,10.07,10.07,9.96,10.03,54094.0
2026-07-20,2026-07-20 10:50:00,10.02,10.09,10.02,10.035,25676.0
2026-07-20,2026-07-20 10:55:00,10.04,10.05,10.0,10.0154,16270.0
2026-07-20,2026-07-20 11:00:00,10.01,10.06,9.96,10.06,44356.0
2026-07-20,2026-07-20 11:05:00,10.03,10.11,10.03,10.105,25270.0
2026-07-20,2026-07-20 11:10:00,10.11,10.17,10.1,10.15,16991.0
2026-07-20,2026-07-20 11:15:00,10.155,10.155,10.12,10.14,13901.0
2026-07-20,2026-07-20 11:20:00,10.13,10.14,10.08,10.14,35216.0
2026-07-20,2026-07-20 11:25:00,10.13,10.2,10.13,10.2,33638.0
2026-07-20,2026-07-20 11:30:00,10.2,10.4,10.195,10.37,248266.0
2026-07-20,2026-07-20 11:35:00,10.37,10.52,10.36,10.47,169142.0
2026-07-20,2026-07-20 11:40:00,10.475,10.5099,10.47,10.48,23797.0
2026-07-20,2026-07-20 11:45:00,10.475,10.53,10.47,10.48,54846.0
2026-07-20,2026-07-20 11:50:00,10.485,10.495,10.475,10.485,12730.0
2026-07-20,2026-07-20 11:55:00,10.485,10.495,10.45,10.45,44318.0
2026-07-20,2026-07-20 12:00:00,10.45,10.455,10.4,10.435,94020.0
2026-07-20,2026-07-20 12:05:00,10.435,10.62,10.4201,10.4201,289030.0
2026-07-20,2026-07-20 12:10:00,10.445,10.505,10.445,10.48,33368.0
2026-07-20,2026-07-20 12:15:00,10.49,10.54,10.47,10.51,25503.0
2026-07-20,2026-07-20 12:20:00,10.52,10.535,10.47,10.47,25668.0
2026-07-20,2026-07-20 12:25:00,10.47,10.51,10.43,10.43,62356.0
2026-07-20,2026-07-20 12:30:00,10.44,10.445,10.41,10.44,249141.0
2026-07-20,2026-07-20 12:35:00,10.45,10.5,10.45,10.49,41820.0
2026-07-20,2026-07-20 12:40:00,10.49,10.53,10.48,10.525,15776.0
2026-07-20,2026-07-20 12:45:00,10.52,10.52,10.47,10.5,21812.0
2026-07-20,2026-07-20 12:50:00,10.5,10.55,10.495,10.535,18690.0
2026-07-20,2026-07-20 12:55:00,10.53,10.53,10.51,10.53,15520.0
2026-07-20,2026-07-20 13:00:00,10.53,10.6,10.53,10.5781,21548.0
2026-07-20,2026-07-20 13:05:00,10.59,10.6,10.55,10.5699,34861.0
2026-07-20,2026-07-20 13:10:00,10.57,10.57,10.53,10.53,16190.0
2026-07-20,2026-07-20 13:15:00,10.5395,10.5395,10.48,10.5,32996.0
2026-07-20,2026-07-20 13:20:00,10.499125,10.53,10.499125,10.52,15825.0
2026-07-20,2026-07-20 13:25:00,10.5101,10.53,10.5,10.51,7839.0
2026-07-20,2026-07-20 13:30:00,10.51,10.52,10.495,10.52,8640.0
2026-07-20,2026-07-20 13:35:00,10.52,10.58,10.505,10.55,21518.0
2026-07-20,2026-07-20 13:40:00,10.54,10.555,10.53,10.54,10592.0
2026-07-20,2026-07-20 13:45:00,10.54,10.56,10.5101,10.56,16238.0
2026-07-20,2026-07-20 13:50:00,10.555,10.575,10.5201,10.57,34181.0
2026-07-20,2026-07-20 13:55:00,10.57,10.595,10.57,10.595,12816.0
2026-07-20,2026-07-20 14:00:00,10.6,10.64,10.56,10.63,92834.0
2026-07-20,2026-07-20 14:05:00,10.63,10.665,10.63,10.66,17694.0
2026-07-20,2026-07-20 14:10:00,10.655,10.675,10.615,10.675,31610.0
2026-07-20,2026-07-20 14:15:00,10.68,10.72,10.6601,10.69,25483.0
2026-07-20,2026-07-20 14:20:00,10.7,10.71,10.67,10.68,13934.0
2026-07-20,2026-07-20 14:25:00,10.68,10.69,10.67,10.68,17373.0
2026-07-20,2026-07-20 14:30:00,10.67,10.7,10.655,10.66,15116.0
2026-07-20,2026-07-20 14:35:00,10.655,10.655,10.61,10.61,11030.0
2026-07-20,2026-07-20 14:40:00,10.62,10.6399,10.59,10.59,13252.0
2026-07-20,2026-07-20 14:45:00,10.6,10.6,10.58,10.5806,11828.0
2026-07-20,2026-07-20 14:50:00,10.59,10.59,10.58,10.59,10388.0
2026-07-20,2026-07-20 14:55:00,10.5854,10.6,10.57,10.58,16146.0
2026-07-20,2026-07-20 15:00:00,10.575,10.66,10.57,10.62,45686.0
2026-07-20,2026-07-20 15:05:00,10.62,10.63,10.585,10.585,11634.0
2026-07-20,2026-07-20 15:10:00,10.59,10.595,10.52,10.54,17452.0
2026-07-20,2026-07-20 15:15:00,10.54,10.54,10.465,10.47,42524.0
2026-07-20,2026-07-20 15:20:00,10.47,10.5,10.47,10.49,16645.0
2026-07-20,2026-07-20 15:25:00,10.49,10.5,10.47,10.48,20477.0
2026-07-20,2026-07-20 15:30:00,10.48,10.49,10.465,10.49,40576.0
2026-07-20,2026-07-20 15:35:00,10.49,10.52,10.49,10.505,30909.0
2026-07-20,2026-07-20 15:40:00,10.51,10.52,10.48,10.49,34549.0
2026-07-20,2026-07-20 15:45:00,10.5,10.53,10.495,10.5,93001.0
2026-07-20,2026-07-20 15:50:00,10.51,10.58,10.48,10.565,43354.0
2026-07-20,2026-07-20 15:55:00,10.56,10.58,10.5,10.52,159131.0
2026-07-20,2026-07-20 16:00:00,10.52,10.54,10.5,10.51,407036.0
2026-07-21,2026-07-21 09:35:00,10.73,10.75,10.3801,10.44,70508.0
2026-07-21,2026-07-21 09:40:00,10.44,10.6,10.44,10.52,19843.0
2026-07-21,2026-07-21 09:45:00,10.5323,10.6296,10.482,10.56,22853.0
2026-07-21,2026-07-21 09:50:00,10.58,10.7,10.58,10.685,13182.0
2026-07-21,2026-07-21 09:55:00,10.685,10.71,10.64,10.665,48398.0
2026-07-21,2026-07-21 10:00:00,10.665,10.78,10.65,10.78,164067.0
2026-07-21,2026-07-21 10:05:00,10.77,10.85,10.762,10.762,40551.0
2026-07-21,2026-07-21 10:10:00,10.77,10.83,10.75,10.81,21245.0
2026-07-21,2026-07-21 10:15:00,10.8298,10.87,10.7901,10.85,71185.0
2026-07-21,2026-07-21 10:20:00,10.85,10.85,10.73,10.75,54904.0
2026-07-21,2026-07-21 10:25:00,10.75,10.8,10.7407,10.7407,16791.0
2026-07-21,2026-07-21 10:30:00,10.74,10.75,10.65,10.65,15978.0
2026-07-21,2026-07-21 10:35:00,10.69,10.7299,10.69,10.7,14942.0
2026-07-21,2026-07-21 10:40:00,10.7,10.81,10.7,10.745,36796.0
2026-07-21,2026-07-21 10:45:00,10.745,11.18,10.745,10.94,525427.0
2026-07-21,2026-07-21 10:50:00,10.91,10.98,10.9,10.945,25482.0
2026-07-21,2026-07-21 10:55:00,10.945,10.9499,10.89,10.9,66202.0
2026-07-21,2026-07-21 11:00:00,10.9199,10.94,10.86,10.9299,80276.0
2026-07-21,2026-07-21 11:05:00,10.92,11.05,10.92,11.01,24047.0
2026-07-21,2026-07-21 11:10:00,11.015,11.0753,10.995,11.04,34926.0
2026-07-21,2026-07-21 11:15:00,11.06,11.06,11.03,11.0499,11221.0
2026-07-21,2026-07-21 11:20:00,11.04,11.09,11.03,11.07,45249.0
2026-07-21,2026-07-21 11:25:00,11.08,11.08,11.02,11.03,15803.0
2026-07-21,2026-07-21 11:30:00,11.0399,11.05,10.98,10.99,21739.0
2026-07-21,2026-07-21 11:35:00,10.98,11.0,10.95,10.96,39564.0
2026-07-21,2026-07-21 11:40:00,10.96,10.97,10.92,10.95,20811.0
2026-07-21,2026-07-21 11:45:00,10.9401,10.96,10.92,10.95,10394.0
2026-07-21,2026-07-21 11:50:00,10.95,10.95,10.8975,10.92,31190.0
2026-07-21,2026-07-21 11:55:00,10.925,10.93,10.91,10.92,9420.0
2026-07-21,2026-07-21 12:00:00,10.915,10.94,10.85,10.89,140174.0
2026-07-21,2026-07-21 12:05:00,10.9,10.97,10.89,10.955,226020.0
2026-07-21,2026-07-21 12:10:00,10.96,10.96,10.905,10.92,14196.0
2026-07-21,2026-07-21 12:15:00,10.92,10.93,10.91,10.92,16103.0
2026-07-21,2026-07-21 12:20:00,10.92,10.94,10.92,10.92,8544.0
2026-07-21,2026-07-21 12:25:00,10.91,10.925,10.9039,10.905,10573.0
2026-07-21,2026-07-21 12:30:00,10.9,10.905,10.87,10.88,104132.0
2026-07-21,2026-07-21 12:35:00,10.88,10.8837,10.86,10.875,19954.0
2026-07-21,2026-07-21 12:40:00,10.875,10.885,10.845,10.86,47561.0
2026-07-21,2026-07-21 12:45:00,10.865,10.8699,10.83,10.84,11025.0
2026-07-21,2026-07-21 12:50:00,10.84,10.84,10.8,10.8199,9099.0
2026-07-21,2026-07-21 12:55:00,10.814,10.89,10.81,10.89,18585.0
2026-07-21,2026-07-21 13:00:00,10.88,10.92,10.81,10.89,37465.0
2026-07-21,2026-07-21 13:05:00,10.895,10.915,10.87,10.89,15806.0
2026-07-21,2026-07-21 13:10:00,10.89,10.95,10.87,10.945,31878.0
2026-07-21,2026-07-21 13:15:00,10.94,10.94,10.9,10.9,8561.0
2026-07-21,2026-07-21 13:20:00,10.91,10.92,10.9,10.91,8363.0
2026-07-21,2026-07-21 13:25:00,10.91,10.93,10.91,10.91,8644.0
2026-07-21,2026-07-21 13:30:00,10.91,10.925,10.91,10.925,7259.0
2026-07-21,2026-07-21 13:35:00,10.93,10.935,10.91,10.92,11501.0
2026-07-21,2026-07-21 13:40:00,10.925,10.935,10.91,10.92,6181.0
2026-07-21,2026-07-21 13:45:00,10.92,10.94,10.92,10.92,6846.0
2026-07-21,2026-07-21 13:50:00,10.93,10.9327,10.91,10.91,10551.0
2026-07-21,2026-07-21 13:55:00,10.915,10.9357,10.91,10.92,13414.0
2026-07-21,2026-07-21 14:00:00,10.92,10.92,10.87,10.89,60849.0
2026-07-21,2026-07-21 14:05:00,10.87,10.91,10.87,10.875,17898.0
2026-07-21,2026-07-21 14:10:00,10.875,10.885,10.83,10.845,48376.0
2026-07-21,2026-07-21 14:15:00,10.845,10.86,10.825,10.84,17290.0
2026-07-21,2026-07-21 14:20:00,10.85,10.85,10.84,10.85,4380.0
2026-07-21,2026-07-21 14:25:00,10.85,10.88,10.845,10.87,40107.0
2026-07-21,2026-07-21 14:30:00,10.87,10.89,10.865,10.87,39151.0
2026-07-21,2026-07-21 14:35:00,10.87,10.88,10.86,10.87,20644.0
2026-07-21,2026-07-21 14:40:00,10.87,10.885,10.86,10.88,27886.0
2026-07-21,2026-07-21 14:45:00,10.875,10.895,10.875,10.895,21200.0
2026-07-21,2026-07-21 14:50:00,10.895,10.905,10.85,10.86,94439.0
2026-07-21,2026-07-21 14:55:00,10.8428,10.855,10.8,10.8157,18288.0
2026-07-21,2026-07-21 15:00:00,10.815,10.87,10.805,10.8502,29519.0
2026-07-21,2026-07-21 15:05:00,10.8502,10.86,10.84,10.86,22946.0
2026-07-21,2026-07-21 15:10:00,10.85,10.86,10.84,10.85,29925.0
2026-07-21,2026-07-21 15:15:00,10.85,10.855,10.845,10.855,12832.0
2026-07-21,2026-07-21 15:20:00,10.86,10.86,10.76,10.79,119164.0
2026-07-21,2026-07-21 15:25:00,10.79,10.87,10.77,10.85,131663.0
2026-07-21,2026-07-21 15:30:00,10.86,10.86,10.815,10.815,13769.0
2026-07-21,2026-07-21 15:35:00,10.82,10.82,10.74,10.74,30024.0
2026-07-21,2026-07-21 15:40:00,10.73,10.83,10.73,10.82,51495.0
2026-07-21,2026-07-21 15:45:00,10.835,10.98,10.82,10.98,144943.0
2026-07-21,2026-07-21 15:50:00,10.99,11.01,10.955,10.955,54052.0
2026-07-21,2026-07-21 15:55:00,10.95,11.04,10.92,11.01,140661.0
2026-07-21,2026-07-21 16:00:00,11.01,11.05,10.985,11.0,491949.0
2026-07-22,2026-07-22 09:35:00,10.97,11.03,10.86,10.975,32361.0
2026-07-22,2026-07-22 09:40:00,10.99,11.11,10.99,11.08,14995.0
2026-07-22,2026-07-22 09:45:00,11.06,11.14,11.0,11.12,17245.0
2026-07-22,2026-07-22 09:50:00,11.15,11.18,11.016,11.04,17173.0
2026-07-22,2026-07-22 09:55:00,11.045,11.07,11.0,11.035,30435.0
2026-07-22,2026-07-22 10:00:00,11.04,11.1192,11.04,11.095,12439.0
2026-07-22,2026-07-22 10:05:00,11.095,11.11,11.05,11.095,13541.0
2026-07-22,2026-07-22 10:10:00,11.1,11.12,11.1,11.12,4720.0
2026-07-22,2026-07-22 10:15:00,11.16,11.235,11.16,11.21,38923.0
2026-07-22,2026-07-22 10:20:00,11.22,11.22,11.16,11.16,11293.0
2026-07-22,2026-07-22 10:25:00,11.175,11.1966,11.15,11.17,15707.0
2026-07-22,2026-07-22 10:30:00,11.18,11.19,11.155,11.165,11094.0
2026-07-22,2026-07-22 10:35:00,11.16,11.21,11.13,11.14,30830.0
2026-07-22,2026-07-22 10:40:00,11.13,11.155,11.11,11.14,13416.0
2026-07-22,2026-07-22 10:45:00,11.15,11.2,11.085,11.12,39187.0
2026-07-22,2026-07-22 10:50:00,11.13,11.14,11.09,11.09,8941.0
2026-07-22,2026-07-22 10:55:00,11.085,11.1,11.07,11.0918,23712.0
2026-07-22,2026-07-22 11:00:00,11.095,11.095,11.07,11.07,5640.0
2026-07-22,2026-07-22 11:05:00,11.075,11.0909,11.06,11.0859,13460.0
2026-07-22,2026-07-22 11:10:00,11.09,11.095,11.06,11.08,13065.0
2026-07-22,2026-07-22 11:15:00,11.08,11.1,11.08,11.085,9432.0
2026-07-22,2026-07-22 11:20:00,11.085,11.09,11.07,11.08,6702.0
2026-07-22,2026-07-22 11:25:00,11.09,11.13,11.08,11.12,22192.0
2026-07-22,2026-07-22 11:30:00,11.12,11.12,11.05,11.05,13646.0
2026-07-22,2026-07-22 11:35:00,11.06,11.06,11.03,11.045,22719.0
2026-07-22,2026-07-22 11:40:00,11.05,11.06,11.05,11.05,6487.0
2026-07-22,2026-07-22 11:45:00,11.04,11.04,11.02,11.02,7826.0
2026-07-22,2026-07-22 11:50:00,11.04,11.04,11.03,11.035,3336.0
2026-07-22,2026-07-22 11:55:00,11.035,11.04,11.02,11.0325,16908.0
2026-07-22,2026-07-22 12:00:00,11.03,11.04,11.02,11.02,20372.0
2026-07-22,2026-07-22 12:05:00,11.025,11.03,11.01,11.03,14373.0
2026-07-22,2026-07-22 12:10:00,11.03,11.035,11.0201,11.025,6094.0
2026-07-22,2026-07-22 12:15:00,11.03,11.045,11.02,11.045,8629.0
2026-07-22,2026-07-22 12:20:00,11.045,11.045,11.025,11.03,5439.0
2026-07-22,2026-07-22 12:25:00,11.03,11.045,11.02,11.035,14892.0
2026-07-22,2026-07-22 12:30:00,11.035,11.035,11.0,11.0,8221.0
2026-07-22,2026-07-22 12:35:00,11.0017,11.025,10.99,11.005,32825.0
2026-07-22,2026-07-22 12:40:00,11.01,11.035,11.01,11.03,7727.0
2026-07-22,2026-07-22 12:45:00,11.025,11.025,11.02,11.025,2894.0
2026-07-22,2026-07-22 12:50:00,11.03,11.03,11.0,11.01,5904.0
2026-07-22,2026-07-22 12:55:00,11.0,11.055,10.98,11.03,90365.0
2026-07-22,2026-07-22 13:00:00,11.03,11.04,11.0,11.005,19014.0
2026-07-22,2026-07-22 13:05:00,11.005,11.01,10.995,11.0,7908.0
2026-07-22,2026-07-22 13:10:00,11.0,11.025,11.0,11.02,8575.0
2026-07-22,2026-07-22 13:15:00,11.025,11.025,11.0,11.01,6074.0
2026-07-22,2026-07-22 13:20:00,11.0,11.055,10.99,11.055,31402.0
2026-07-22,2026-07-22 13:25:00,11.06,11.075,11.055,11.07,12293.0
2026-07-22,2026-07-22 13:30:00,11.07,11.085,11.07,11.075,9773.0
2026-07-22,2026-07-22 13:35:00,11.075,11.075,11.01,11.025,13905.0
2026-07-22,2026-07-22 13:40:00,11.03,11.035,11.03,11.035,3708.0
2026-07-22,2026-07-22 13:45:00,11.03,11.03,11.025,11.03,5080.0
2026-07-22,2026-07-22 13:50:00,11.04,11.045,11.035,11.045,2650.0
2026-07-22,2026-07-22 13:55:00,11.0402,11.07,11.0402,11.05,11652.0
2026-07-22,2026-07-22 14:00:00,11.05,11.065,11.04,11.05,7584.0
2026-07-22,2026-07-22 14:05:00,11.05,11.065,11.045,11.065,12447.0
2026-07-22,2026-07-22 14:10:00,11.06,11.065,11.04,11.04,6180.0
2026-07-22,2026-07-22 14:15:00,11.04,11.04,11.03,11.04,5230.0
2026-07-22,2026-07-22 14:20:00,11.04,11.065,11.04,11.06,5583.0
2026-07-22,2026-07-22 14:25:00,11.05,11.06,11.04,11.04,5943.0
2026-07-22,2026-07-22 14:30:00,11.04,11.08,11.04,11.05,27765.0
2026-07-22,2026-07-22 14:35:00,11.05,11.05,11.025,11.03,14800.0
2026-07-22,2026-07-22 14:40:00,11.025,11.04,11.025,11.04,6513.0
2026-07-22,2026-07-22 14:45:00,11.04,11.045,11.0,11.01,20232.0
2026-07-22,2026-07-22 14:50:00,11.01,11.03,11.0,11.02,9174.0
2026-07-22,2026-07-22 14:55:00,11.02,11.035,11.01,11.035,3957.0
2026-07-22,2026-07-22 15:00:00,11.04,11.04,11.02,11.02,6538.0
2026-07-22,2026-07-22 15:05:00,11.02,11.04,11.01,11.04,13142.0
2026-07-22,2026-07-22 15:10:00,11.035,11.04,11.015,11.02,7438.0
2026-07-22,2026-07-22 15:15:00,11.025,11.035,11.015,11.015,15785.0
2026-07-22,2026-07-22 15:20:00,11.015,11.04,11.01,11.03,7955.0
2026-07-22,2026-07-22 15:25:00,11.035,11.055,11.03,11.035,11464.0
2026-07-22,2026-07-22 15:30:00,11.04,11.05,11.035,11.04,17701.0
2026-07-22,2026-07-22 15:35:00,11.035,11.035,11.0,11.0,39947.0
2026-07-22,2026-07-22 15:40:00,11.0,11.015,10.98,11.01,15843.0
2026-07-22,2026-07-22 15:45:00,11.0,11.015,10.93,10.935,38572.0
2026-07-22,2026-07-22 15:50:00,10.94,10.945,10.85,10.855,42101.0
2026-07-22,2026-07-22 15:55:00,10.86,10.86,10.79,10.79,50748.0
2026-07-22,2026-07-22 16:00:00,10.8,10.82,10.685,10.75,363472.0
2026-07-23,2026-07-23 09:35:00,10.71,10.885,10.64,10.8502,51873.0
2026-07-23,2026-07-23 09:40:00,10.91,10.93,10.795,10.86,27389.0
2026-07-23,2026-07-23 09:45:00,10.87,10.9,10.795,10.795,7898.0
2026-07-23,2026-07-23 09:50:00,10.79,10.82,10.72,10.72,23481.0
2026-07-23,2026-07-23 09:55:00,10.74,10.78,10.7,10.755,11301.0
2026-07-23,2026-07-23 10:00:00,10.755,10.81,10.72,10.75,13042.0
2026-07-23,2026-07-23 10:05:00,10.74,10.83,10.74,10.83,7042.0
2026-07-23,2026-07-23 10:10:00,10.82,10.855,10.8,10.84,8321.0
2026-07-23,2026-07-23 10:15:00,10.83,10.87,10.82,10.87,5165.0
2026-07-23,2026-07-23 10:20:00,10.87,10.89,10.85,10.87,9343.0
2026-07-23,2026-07-23 10:25:00,10.88,10.93,10.88,10.925,6181.0
2026-07-23,2026-07-23 10:30:00,10.93,10.97,10.92,10.97,8449.0
2026-07-23,2026-07-23 10:35:00,10.97,10.98,10.9021,10.915,9289.0
2026-07-23,2026-07-23 10:40:00,10.91,10.98,10.9,10.93,47782.0
2026-07-23,2026-07-23 10:45:00,10.935,10.95,10.91,10.925,24876.0
2026-07-23,2026-07-23 10:50:00,10.935,10.98,10.91,10.925,15789.0
2026-07-23,2026-07-23 10:55:00,10.915,10.92,10.86,10.86,10916.0
2026-07-23,2026-07-23 11:00:00,10.88,10.9,10.87,10.875,10114.0
2026-07-23,2026-07-23 11:05:00,10.87,10.87,10.81,10.82,10335.0
2026-07-23,2026-07-23 11:10:00,10.82,10.835,10.8,10.82,5157.0
2026-07-23,2026-07-23 11:15:00,10.81,10.82,10.73,10.76,25202.0
2026-07-23,2026-07-23 11:20:00,10.76,10.77,10.74,10.755,7566.0
2026-07-23,2026-07-23 11:25:00,10.76,10.77,10.72,10.76,11549.0
2026-07-23,2026-07-23 11:30:00,10.75,10.75,10.73,10.745,18447.0
2026-07-23,2026-07-23 11:35:00,10.74,10.75,10.71,10.73,44542.0
2026-07-23,2026-07-23 11:40:00,10.73,10.76,10.71,10.75,36844.0
2026-07-23,2026-07-23 11:45:00,10.75,10.76,10.725,10.73,9477.0
2026-07-23,2026-07-23 11:50:00,10.723,10.76,10.72,10.74,58356.0
2026-07-23,2026-07-23 11:55:00,10.74,10.74,10.71,10.715,16739.0
2026-07-23,2026-07-23 12:00:00,10.72,10.74,10.72,10.735,11892.0
2026-07-23,2026-07-23 12:05:00,10.73,10.8,10.72,10.78,41560.0
2026-07-23,2026-07-23 12:10:00,10.77,10.795,10.74,10.79,68886.0
2026-07-23,2026-07-23 12:15:00,10.79,10.81,10.73,10.74,16333.0
2026-07-23,2026-07-23 12:20:00,10.72,10.77,10.68,10.68,90120.0
2026-07-23,2026-07-23 12:25:00,10.678,10.678,10.58,10.585,18066.0
2026-07-23,2026-07-23 12:30:00,10.585,10.63,10.58,10.6,19560.0
2026-07-23,2026-07-23 12:35:00,10.59,10.59,10.52,10.54,22767.0
2026-07-23,2026-07-23 12:40:00,10.5206,10.5399,10.5,10.5289,28291.0
2026-07-23,2026-07-23 12:45:00,10.54,10.56,10.53,10.54,17179.0
2026-07-23,2026-07-23 12:50:00,10.54,10.55,10.525,10.53,15821.0
2026-07-23,2026-07-23 12:55:00,10.52,10.525,10.5,10.52,7517.0
2026-07-23,2026-07-23 13:00:00,10.52,10.53,10.51,10.52,14020.0
2026-07-23,2026-07-23 13:05:00,10.51,10.53,10.48,10.48,15705.0
2026-07-23,2026-07-23 13:10:00,10.49,10.49,10.45,10.48,14528.0
2026-07-23,2026-07-23 13:15:00,10.48,10.5,10.35,10.35,176930.0
2026-07-23,2026-07-23 13:20:00,10.35,10.4,10.27,10.3,61204.0
2026-07-23,2026-07-23 13:25:00,10.32,10.3599,10.31,10.3299,9891.0
2026-07-23,2026-07-23 13:30:00,10.32,10.48,10.31,10.44,48700.0
2026-07-23,2026-07-23 13:35:00,10.45,10.57,10.44,10.535,138974.0
2026-07-23,2026-07-23 13:40:00,10.535,10.58,10.53,10.57,37438.0
2026-07-23,2026-07-23 13:45:00,10.555,10.57,10.47,10.54,93280.0
2026-07-23,2026-07-23 13:50:00,10.56,10.56,10.44,10.52,450511.0
2026-07-23,2026-07-23 13:55:00,10.51,10.55,10.45,10.53,35067.0
2026-07-23,2026-07-23 14:00:00,10.52,10.52,10.5,10.51,44120.0
2026-07-23,2026-07-23 14:05:00,10.51,10.56,10.495,10.53,311712.0
2026-07-23,2026-07-23 14:10:00,10.53,10.57,10.43,10.44,35990.0
2026-07-23,2026-07-23 14:15:00,10.45,10.45,10.395,10.415,21749.0
2026-07-23,2026-07-23 14:20:00,10.41,10.41,10.38,10.38,8770.0
2026-07-23,2026-07-23 14:25:00,10.39,10.4,10.38,10.39,11195.0
2026-07-23,2026-07-23 14:30:00,10.39,10.405,10.39,10.4,12342.0
2026-07-23,2026-07-23 14:35:00,10.39,10.405,10.3656,10.37,13914.0
2026-07-23,2026-07-23 14:40:00,10.37,10.395,10.33,10.35,22480.0
2026-07-23,2026-07-23 14:45:00,10.35,10.36,10.34,10.35,8800.0
2026-07-23,2026-07-23 14:50:00,10.35,10.3895,10.35,10.38,8142.0
2026-07-23,2026-07-23 14:55:00,10.38,10.39,10.37,10.38,5806.0
2026-07-23,2026-07-23 15:00:00,10.37,10.38,10.3562,10.365,21195.0
2026-07-23,2026-07-23 15:05:00,10.37,10.38,10.35,10.35,10353.0
2026-07-23,2026-07-23 15:10:00,10.35,10.365,10.35,10.365,7772.0
2026-07-23,2026-07-23 15:15:00,10.365,10.395,10.355,10.37,11092.0
2026-07-23,2026-07-23 15:20:00,10.38,10.385,10.31,10.34,21468.0
2026-07-23,2026-07-23 15:25:00,10.34,10.37,10.325,10.33,31742.0
2026-07-23,2026-07-23 15:30:00,10.33,10.355,10.33,10.34,16234.0
2026-07-23,2026-07-23 15:35:00,10.345,10.46,10.345,10.46,42185.0
2026-07-23,2026-07-23 15:40:00,10.46,10.49,10.455,10.485,22210.0
2026-07-23,2026-07-23 15:45:00,10.485,10.5,10.46,10.47,36804.0
2026-07-23,2026-07-23 15:50:00,10.47,10.54,10.47,10.51,245780.0
2026-07-23,2026-07-23 15:55:00,10.5,10.56,10.45,10.45,462215.0
2026-07-23,2026-07-23 16:00:00,10.46,10.505,10.44,10.46,309480.0
2026-07-24,2026-07-24 09:35:00,10.3,10.375,10.05,10.085,57899.0
2026-07-24,2026-07-24 09:40:00,10.085,10.2,9.975,10.2,43626.0
2026-07-24,2026-07-24 09:45:00,10.19,10.2,10.14,10.16,12910.0
2026-07-24,2026-07-24 09:50:00,10.165,10.175,10.1337,10.155,9969.0
2026-07-24,2026-07-24 09:55:00,10.155,10.155,10.095,10.1,18488.0
2026-07-24,2026-07-24 10:00:00,10.03,10.06,9.985,10.035,28273.0
2026-07-24,2026-07-24 10:05:00,10.04,10.07,9.98,9.985,84726.0
2026-07-24,2026-07-24 10:10:00,9.985,10.13,9.985,10.12,20748.0
2026-07-24,2026-07-24 10:15:00,10.1,10.145,10.09,10.145,18345.0
2026-07-24,2026-07-24 10:20:00,10.1499,10.165,9.98,10.0,31111.0
2026-07-24,2026-07-24 10:25:00,10.01,10.03,9.99,10.005,17373.0
2026-07-24,2026-07-24 10:30:00,10.0,10.0,9.955,9.97,23885.0
2026-07-24,2026-07-24 10:35:00,9.97,10.04,9.965,10.03,26962.0
2026-07-24,2026-07-24 10:40:00,10.04,10.05,9.985,10.02,23368.0
2026-07-24,2026-07-24 10:45:00,10.01,10.03,10.01,10.02,19479.0
2026-07-24,2026-07-24 10:50:00,10.0101,10.0101,9.96,10.01,16771.0
2026-07-24,2026-07-24 10:55:00,10.015,10.07,10.015,10.06,29058.0
2026-07-24,2026-07-24 11:00:00,10.0629,10.12,10.06,10.12,22106.0
2026-07-24,2026-07-24 11:05:00,10.13,10.155,10.08,10.095,16369.0
2026-07-24,2026-07-24 11:10:00,10.095,10.155,10.095,10.15,24039.0
2026-07-24,2026-07-24 11:15:00,10.15,10.215,10.145,10.17,52003.0
2026-07-24,2026-07-24 11:20:00,10.17,10.21,10.11,10.11,15017.0
2026-07-24,2026-07-24 11:25:00,10.11,10.16,10.11,10.11,13851.0
2026-07-24,2026-07-24 11:30:00,10.105,10.14,10.105,10.12,13756.0
2026-07-24,2026-07-24 11:35:00,10.11,10.12,10.1,10.11,9954.0
2026-07-24,2026-07-24 11:40:00,10.11,10.17,10.11,10.15,15156.0
2026-07-24,2026-07-24 11:45:00,10.1401,10.1401,10.06,10.07,18946.0
2026-07-24,2026-07-24 11:50:00,10.07,10.11,10.07,10.1,8708.0
2026-07-24,2026-07-24 11:55:00,10.105,10.125,10.08,10.08,17618.0
2026-07-24,2026-07-24 12:00:00,10.075,10.075,10.005,10.03,17653.0
2026-07-24,2026-07-24 12:05:00,10.03,10.03,9.99,10.01,16477.0
2026-07-24,2026-07-24 12:10:00,10.01,10.01,9.96,9.97,19475.0
2026-07-24,2026-07-24 12:15:00,9.98,9.98,9.94,9.96,21089.0
2026-07-24,2026-07-24 12:20:00,9.95,10.02,9.94,10.01,42488.0
2026-07-24,2026-07-24 12:25:00,10.01,10.01,9.96,9.97,27321.0
2026-07-24,2026-07-24 12:30:00,9.9734,9.9734,9.95,9.9699,14558.0
2026-07-24,2026-07-24 12:35:00,9.96,9.96,9.935,9.94,10181.0
2026-07-24,2026-07-24 12:40:00,9.938,9.938,9.905,9.91,31172.0
2026-07-24,2026-07-24 12:45:00,9.9,9.93,9.88,9.91,21448.0
2026-07-24,2026-07-24 12:50:00,9.9,9.98,9.9,9.95,20327.0
2026-07-24,2026-07-24 12:55:00,9.94,9.94,9.895,9.915,18017.0
2026-07-24,2026-07-24 13:00:00,9.92,9.93,9.905,9.93,7469.0
2026-07-24,2026-07-24 13:05:00,9.93,9.94,9.9,9.94,15446.0
2026-07-24,2026-07-24 13:10:00,9.9499,10.04,9.9499,9.98,23732.0
2026-07-24,2026-07-24 13:15:00,9.98,10.0,9.95,10.0,169838.0
2026-07-24,2026-07-24 13:20:00,10.01,10.08,9.98,10.08,33243.0
2026-07-24,2026-07-24 13:25:00,10.085,10.085,10.025,10.05,45660.0
2026-07-24,2026-07-24 13:30:00,10.04,10.14,10.01,10.03,239531.0
2026-07-24,2026-07-24 13:35:00,10.035,10.07,10.035,10.05,38613.0
2026-07-24,2026-07-24 13:40:00,10.05,10.11,10.05,10.06,18637.0
2026-07-24,2026-07-24 13:45:00,10.065,10.09,10.05,10.065,21649.0
2026-07-24,2026-07-24 13:50:00,10.065,10.09,10.06,10.08,36607.0
2026-07-24,2026-07-24 13:55:00,10.08,10.09,10.04,10.09,31561.0
2026-07-24,2026-07-24 14:00:00,10.09,10.105,10.05,10.1,25799.0
2026-07-24,2026-07-24 14:05:00,10.1,10.1,10.08,10.095,13460.0
2026-07-24,2026-07-24 14:10:00,10.09,10.105,10.07,10.08,13326.0
2026-07-24,2026-07-24 14:15:00,10.09,10.09,10.07,10.07,7375.0
2026-07-24,2026-07-24 14:20:00,10.07,10.07,10.05,10.05,17602.0
2026-07-24,2026-07-24 14:25:00,10.05,10.055,10.04,10.055,8974.0
2026-07-24,2026-07-24 14:30:00,10.055,10.055,10.01,10.015,12798.0
2026-07-24,2026-07-24 14:35:00,10.015,10.035,10.0,10.035,18889.0
2026-07-24,2026-07-24 14:40:00,10.035,10.055,10.03,10.05,14591.0
2026-07-24,2026-07-24 14:45:00,10.05,10.06,10.01,10.01,28426.0
2026-07-24,2026-07-24 14:50:00,10.01,10.04,10.01,10.02,23355.0
2026-07-24,2026-07-24 14:55:00,10.02,10.055,10.02,10.035,32067.0
2026-07-24,2026-07-24 15:00:00,10.035,10.04,10.025,10.025,12063.0
2026-07-24,2026-07-24 15:05:00,10.02,10.025,9.96,9.975,15811.0
2026-07-24,2026-07-24 15:10:00,9.975,9.985,9.93,9.935,20261.0
2026-07-24,2026-07-24 15:15:00,9.935,9.95,9.9147,9.93,30348.0
2026-07-24,2026-07-24 15:20:00,9.93,9.93,9.89,9.91,18475.0
2026-07-24,2026-07-24 15:25:00,9.91,9.92,9.89,9.92,25118.0
2026-07-24,2026-07-24 15:30:00,9.92,9.93,9.9,9.905,20314.0
2026-07-24,2026-07-24 15:35:00,9.9,9.925,9.88,9.88,51713.0
2026-07-24,2026-07-24 15:40:00,9.88,9.885,9.84,9.845,29747.0
2026-07-24,2026-07-24 15:45:00,9.85,9.85,9.785,9.79,42687.0
2026-07-24,2026-07-24 15:50:00,9.8,9.83,9.7501,9.765,77180.0
2026-07-24,2026-07-24 15:55:00,9.765,9.765,9.71,9.745,76701.0
2026-07-24,2026-07-24 16:00:00,9.75,9.755,9.65,9.7,434296.0
2026-07-27,2026-07-27 09:35:00,8.685,8.69,7.37,8.225,562831.0
2026-07-27,2026-07-27 09:40:00,8.1844,8.74,8.18,8.7,263799.0
2026-07-27,2026-07-27 09:45:00,8.68,8.78,8.325,8.41,349675.0
2026-07-27,2026-07-27 09:50:00,8.4,8.41,8.11,8.16,166668.0
2026-07-27,2026-07-27 09:55:00,8.16,8.23,8.061,8.17,158925.0
2026-07-27,2026-07-27 10:00:00,8.17,8.5527,8.14,8.495,592110.0
2026-07-27,2026-07-27 10:05:00,8.495,8.6828,8.47,8.6399,194041.0
2026-07-27,2026-07-27 10:10:00,8.6,8.64,8.425,8.5,102501.0
2026-07-27,2026-07-27 10:15:00,8.495,8.53,8.42,8.45,99625.0
2026-07-27,2026-07-27 10:20:00,8.45,8.495,8.35,8.44,72669.0
2026-07-27,2026-07-27 10:25:00,8.46,8.57,8.4499,8.55,229196.0
2026-07-27,2026-07-27 10:30:00,8.575,8.67,8.53,8.6446,109137.0
2026-07-27,2026-07-27 10:35:00,8.64,8.645,8.46,8.48,91576.0
2026-07-27,2026-07-27 10:40:00,8.49,8.545,8.44,8.45,72632.0
2026-07-27,2026-07-27 10:45:00,8.45,8.6,8.37,8.555,73839.0
2026-07-27,2026-07-27 10:50:00,8.56,8.57,8.45,8.49,40839.0
2026-07-27,2026-07-27 10:55:00,8.48,8.576,8.47,8.5063,218462.0
2026-07-27,2026-07-27 11:00:00,8.5069,8.52,8.49,8.5,110899.0
2026-07-27,2026-07-27 11:05:00,8.5,8.57,8.48,8.49,103372.0
2026-07-27,2026-07-27 11:10:00,8.49,8.6099,8.44,8.4499,120680.0
2026-07-27,2026-07-27 11:15:00,8.43,8.5284,8.43,8.435,53062.0
2026-07-27,2026-07-27 11:20:00,8.435,8.5,8.425,8.4907,27167.0
2026-07-27,2026-07-27 11:25:00,8.49,8.5,8.45,8.5,48520.0
2026-07-27,2026-07-27 11:30:00,8.5,8.615,8.45,8.45,128053.0
2026-07-27,2026-07-27 11:35:00,8.45,8.5,8.42,8.47,52601.0
2026-07-27,2026-07-27 11:40:00,8.47,8.75,8.46,8.69,330900.0
2026-07-27,2026-07-27 11:45:00,8.71,8.7908,8.67,8.79,59845.0
2026-07-27,2026-07-27 11:50:00,8.79,8.88,8.73,8.88,55752.0
2026-07-27,2026-07-27 11:55:00,8.89,8.8999,8.7501,8.77,66641.0
2026-07-27,2026-07-27 12:00:00,8.77,8.87,8.77,8.86,34801.0
2026-07-27,2026-07-27 12:05:00,8.86,8.89,8.79,8.88,37385.0
2026-07-27,2026-07-27 12:10:00,8.875,8.91,8.79,8.87,50247.0
2026-07-27,2026-07-27 12:15:00,8.87,8.975,8.87,8.92,44162.0
2026-07-27,2026-07-27 12:20:00,8.9298,8.95,8.89,8.9299,34448.0
2026-07-27,2026-07-27 12:25:00,8.91,8.97,8.89,8.94,41811.0
2026-07-27,2026-07-27 12:30:00,8.94,8.98,8.9,8.94,40688.0
2026-07-27,2026-07-27 12:35:00,8.93,9.1199,8.915,9.06,168500.0
2026-07-27,2026-07-27 12:40:00,9.06,9.0799,9.035,9.055,29545.0
2026-07-27,2026-07-27 12:45:00,9.0599,9.11,9.0399,9.04,43133.0
2026-07-27,2026-07-27 12:50:00,9.04,9.15,9.0301,9.125,42904.0
2026-07-27,2026-07-27 12:55:00,9.13,9.13,8.84,8.87,116982.0
2026-07-27,2026-07-27 13:00:00,8.87,8.87,8.525,8.55,72683.0
2026-07-27,2026-07-27 13:05:00,8.55,8.64,8.49,8.61,39521.0
2026-07-27,2026-07-27 13:10:00,8.61,8.71,8.57,8.7,60448.0
2026-07-27,2026-07-27 13:15:00,8.7008,8.72,8.685,8.7,21451.0
2026-07-27,2026-07-27 13:20:00,8.68,8.68,8.53,8.64,45285.0
2026-07-27,2026-07-27 13:25:00,8.64,8.65,8.61,8.625,30050.0
2026-07-27,2026-07-27 13:30:00,8.625,8.63,8.57,8.57,55379.0
2026-07-27,2026-07-27 13:35:00,8.575,8.64,8.54,8.625,33535.0
2026-07-27,2026-07-27 13:40:00,8.625,8.69,8.58,8.675,69023.0
2026-07-27,2026-07-27 13:45:00,8.675,8.7799,8.675,8.755,57286.0
2026-07-27,2026-07-27 13:50:00,8.755,8.755,8.69,8.71,50113.0
2026-07-27,2026-07-27 13:55:00,8.7099,8.765,8.7,8.75,44667.0
2026-07-27,2026-07-27 14:00:00,8.75,8.795,8.735,8.79,24532.0
2026-07-27,2026-07-27 14:05:00,8.8,8.835,8.75,8.76,63908.0
2026-07-27,2026-07-27 14:10:00,8.755,8.755,8.65,8.73,70665.0
2026-07-27,2026-07-27 14:15:00,8.74,8.755,8.7,8.75,38256.0
2026-07-27,2026-07-27 14:20:00,8.75,8.75,8.66,8.69,24926.0
2026-07-27,2026-07-27 14:25:00,8.7,8.71,8.655,8.655,44078.0
2026-07-27,2026-07-27 14:30:00,8.66,8.67,8.6225,8.625,34390.0
2026-07-27,2026-07-27 14:35:00,8.625,8.63,8.565,8.58,56841.0
2026-07-27,2026-07-27 14:40:00,8.57,8.605,8.555,8.555,40854.0
2026-07-27,2026-07-27 14:45:00,8.555,8.585,8.505,8.505,56913.0
2026-07-27,2026-07-27 14:50:00,8.505,8.58,8.505,8.565,52939.0
2026-07-27,2026-07-27 14:55:00,8.56,8.56,8.525,8.555,45471.0
2026-07-27,2026-07-27 15:00:00,8.555,8.59,8.54,8.545,40986.0
2026-07-27,2026-07-27 15:05:00,8.55,8.6285,8.53,8.56,71048.0
2026-07-27,2026-07-27 15:10:00,8.55,8.58,8.535,8.55,42744.0
2026-07-27,2026-07-27 15:15:00,8.55,8.55,8.5091,8.545,30377.0
2026-07-27,2026-07-27 15:20:00,8.545,8.63,8.54,8.62,88235.0
2026-07-27,2026-07-27 15:25:00,8.63,8.785,8.605,8.7834,84717.0
2026-07-27,2026-07-27 15:30:00,8.7899,8.84,8.765,8.795,71348.0
2026-07-27,2026-07-27 15:35:00,8.795,8.8099,8.71,8.71,77580.0
2026-07-27,2026-07-27 15:40:00,8.72,8.76,8.675,8.7,81767.0
2026-07-27,2026-07-27 15:45:00,8.7,8.75,8.6,8.735,192767.0
2026-07-27,2026-07-27 15:50:00,8.735,8.85,8.7301,8.825,144538.0
2026-07-27,2026-07-27 15:55:00,8.82,8.82,8.685,8.695,239361.0
2026-07-27,2026-07-27 16:00:00,8.695,8.7,8.63,8.63,737642.0
2026-07-28,2026-07-28 09:35:00,6.61,6.62,5.665,5.84,1597470.0
2026-07-28,2026-07-28 09:40:00,5.84,6.03,5.78,5.92,363857.0
2026-07-28,2026-07-28 09:45:00,5.915,6.29,5.9,6.165,687783.0
2026-07-28,2026-07-28 09:50:00,6.165,6.19,5.9305,5.975,236601.0
2026-07-28,2026-07-28 09:55:00,5.975,6.01,5.76,5.82,401522.0
2026-07-28,2026-07-28 10:00:00,5.82,5.9,5.765,5.8999,275500.0
2026-07-28,2026-07-28 10:05:00,5.89,5.97,5.78,5.82,211164.0
2026-07-28,2026-07-28 10:10:00,5.81,5.8796,5.7165,5.72,351670.0
2026-07-28,2026-07-28 10:15:00,5.71,5.89,5.7001,5.825,282084.0
2026-07-28,2026-07-28 10:20:00,5.8201,5.9797,5.78,5.93,304326.0
2026-07-28,2026-07-28 10:25:00,5.935,6.0,5.8701,5.95,237311.0
2026-07-28,2026-07-28 10:30:00,5.95,6.0,5.8501,5.8805,279273.0
2026-07-28,2026-07-28 10:35:00,5.89,5.92,5.835,5.85,203441.0
2026-07-28,2026-07-28 10:40:00,5.85,5.895,5.8201,5.83,136036.0
2026-07-28,2026-07-28 10:45:00,5.8202,5.95,5.76,5.9339,178292.0
2026-07-28,2026-07-28 10:50:00,5.94,6.08,5.92,5.995,377770.0
2026-07-28,2026-07-28 10:55:00,6.0,6.15,5.96,6.08,330096.0
2026-07-28,2026-07-28 11:00:00,6.08,6.08,6.0,6.04,121496.0
2026-07-28,2026-07-28 11:05:00,6.035,6.06,6.01,6.015,119202.0
2026-07-28,2026-07-28 11:10:00,6.02,6.12,6.00005,6.11,147655.0
2026-07-28,2026-07-28 11:15:00,6.12,6.32,6.0901,6.285,352422.0
2026-07-28,2026-07-28 11:20:00,6.28,6.35,6.17,6.26,237996.0
2026-07-28,2026-07-28 11:25:00,6.265,6.3023,6.23,6.29,99376.0
2026-07-28,2026-07-28 11:30:00,6.285,6.49,6.275,6.42,226524.0
2026-07-28,2026-07-28 11:35:00,6.4135,6.42,6.21,6.305,388853.0
2026-07-28,2026-07-28 11:40:00,6.305,6.305,6.1601,6.185,400537.0
2026-07-28,2026-07-28 11:45:00,6.1836,6.185,6.07,6.08,83327.0
2026-07-28,2026-07-28 11:50:00,6.085,6.12,6.03,6.1,149458.0
2026-07-28,2026-07-28 11:55:00,6.1,6.155,6.07,6.155,82091.0
2026-07-28,2026-07-28 12:00:00,6.15,6.195,6.135,6.195,82569.0
2026-07-28,2026-07-28 12:05:00,6.195,6.245,6.185,6.2,87321.0
2026-07-28,2026-07-28 12:10:00,6.195,6.22,6.1501,6.155,55483.0
2026-07-28,2026-07-28 12:15:00,6.15,6.1799,6.14,6.17,51668.0
2026-07-28,2026-07-28 12:20:00,6.17,6.215,6.16,6.2,65609.0
2026-07-28,2026-07-28 12:25:00,6.19,6.235,6.15,6.155,60327.0
2026-07-28,2026-07-28 12:30:00,6.1585,6.165,6.075,6.075,93106.0
2026-07-28,2026-07-28 12:35:00,6.0744,6.075,6.02,6.03,122082.0
2026-07-28,2026-07-28 12:40:00,6.03,6.06,6.021,6.0396,77949.0
2026-07-28,2026-07-28 12:45:00,6.035,6.04,5.99,6.01,79443.0
2026-07-28,2026-07-28 12:50:00,6.0069,6.0199,5.915,5.9777,88452.0
2026-07-28,2026-07-28 12:55:00,5.975,5.99,5.94,5.985,61843.0
2026-07-28,2026-07-28 13:00:00,5.98,5.99,5.965,5.975,51886.0
2026-07-28,2026-07-28 13:05:00,5.9745,6.0,5.965,5.985,58595.0
2026-07-28,2026-07-28 13:10:00,5.985,5.985,5.91,5.9129,48971.0
2026-07-28,2026-07-28 13:15:00,5.91,6.02,5.905,6.02,86759.0
2026-07-28,2026-07-28 13:20:00,6.015,6.025,5.935,6.025,137884.0
2026-07-28,2026-07-28 13:25:00,6.02,6.14,6.0,6.07,356949.0
2026-07-28,2026-07-28 13:30:00,6.065,6.065,5.925,5.95,87586.0
2026-07-28,2026-07-28 13:35:00,5.945,5.975,5.88,5.885,95993.0
2026-07-28,2026-07-28 13:40:00,5.88,5.885,5.84,5.86,84919.0
2026-07-28,2026-07-28 13:45:00,5.85,5.875,5.775,5.78,74183.0
2026-07-28,2026-07-28 13:50:00,5.78,5.8,5.75,5.765,66448.0
2026-07-28,2026-07-28 13:55:00,5.76,5.76,5.64,5.64,328138.0
2026-07-28,2026-07-28 14:00:00,5.645,5.71,5.625,5.685,153113.0
2026-07-28,2026-07-28 14:05:00,5.68,5.7499,5.62,5.7281,111815.0
2026-07-28,2026-07-28 14:10:00,5.725,5.7399,5.655,5.66,106205.0
2026-07-28,2026-07-28 14:15:00,5.665,5.665,5.58,5.585,98277.0
2026-07-28,2026-07-28 14:20:00,5.58,5.585,5.3532,5.3532,271329.0
2026-07-28,2026-07-28 14:25:00,5.35,5.36,5.205,5.29,416756.0
2026-07-28,2026-07-28 14:30:00,5.28,5.435,5.25,5.41,385331.0
2026-07-28,2026-07-28 14:35:00,5.405,5.42,5.35,5.37,168415.0
2026-07-28,2026-07-28 14:40:00,5.365,5.365,5.23,5.28,212541.0
2026-07-28,2026-07-28 14:45:00,5.275,5.2899,5.2201,5.265,150724.0
2026-07-28,2026-07-28 14:50:00,5.265,5.265,5.16,5.175,186662.0
2026-07-28,2026-07-28 14:55:00,5.17,5.21,5.135,5.1501,345007.0
2026-07-28,2026-07-28 15:00:00,5.15,5.3,5.15,5.25,259385.0
2026-07-28,2026-07-28 15:05:00,5.25,5.26,5.15,5.21,215698.0
2026-07-28,2026-07-28 15:10:00,5.205,5.37,5.205,5.316,184990.0
2026-07-28,2026-07-28 15:15:00,5.315,5.36,5.305,5.325,119044.0
2026-07-28,2026-07-28 15:20:00,5.325,5.35,5.28,5.32,179359.0
2026-07-28,2026-07-28 15:25:00,5.33,5.38,5.285,5.31,155386.0
2026-07-28,2026-07-28 15:30:00,5.31,5.34,5.28,5.325,240116.0
2026-07-28,2026-07-28 15:35:00,5.325,5.37,5.315,5.35,220045.0
2026-07-28,2026-07-28 15:40:00,5.36,5.45,5.28,5.295,309654.0
2026-07-28,2026-07-28 15:45:00,5.295,5.295,5.18,5.18,481907.0
2026-07-28,2026-07-28 15:50:00,5.19,5.315,5.175,5.23,1012518.0
2026-07-28,2026-07-28 15:55:00,5.24,5.31,5.22,5.265,740391.0
2026-07-28,2026-07-28 16:00:00,5.265,5.36,5.25,5.35,2010925.0
2026-07-29,2026-07-29 09:35:00,5.25,5.31,5.14,5.22,235704.0
2026-07-29,2026-07-29 09:40:00,5.22,5.24,5.14,5.18,92216.0
2026-07-29,2026-07-29 09:45:00,5.17,5.175,5.05,5.06,143370.0
2026-07-29,2026-07-29 09:50:00,5.06,5.0899,5.0,5.0245,155610.0
2026-07-29,2026-07-29 09:55:00,5.03,5.03,4.93,4.965,72223.0
2026-07-29,2026-07-29 10:00:00,4.965,5.01,4.9405,4.975,98158.0
2026-07-29,2026-07-29 10:05:00,4.98,5.055,4.905,4.905,227892.0
2026-07-29,2026-07-29 10:10:00,4.905,4.9796,4.905,4.9412,91443.0
2026-07-29,2026-07-29 10:15:00,4.94,4.94,4.815,4.815,156638.0
2026-07-29,2026-07-29 10:20:00,4.82,4.85,4.81,4.825,87766.0
2026-07-29,2026-07-29 10:25:00,4.825,4.85,4.81,4.845,46120.0
2026-07-29,2026-07-29 10:30:00,4.845,4.85,4.78,4.785,124615.0
2026-07-29,2026-07-29 10:35:00,4.785,4.845,4.7801,4.81,175033.0
2026-07-29,2026-07-29 10:40:00,4.82,4.82,4.7648,4.77,307432.0
2026-07-29,2026-07-29 10:45:00,4.765,4.89,4.765,4.89,176062.0
2026-07-29,2026-07-29 10:50:00,4.8999,5.04,4.8983,5.0266,491893.0
2026-07-29,2026-07-29 10:55:00,5.03,5.08,5.0,5.065,102971.0
2026-07-29,2026-07-29 11:00:00,5.0601,5.07,5.025,5.05,55134.0
2026-07-29,2026-07-29 11:05:00,5.045,5.165,5.045,5.1,133607.0
2026-07-29,2026-07-29 11:10:00,5.0999,5.14,5.0792,5.135,43210.0
2026-07-29,2026-07-29 11:15:00,5.135,5.17,5.1,5.16,69398.0
2026-07-29,2026-07-29 11:20:00,5.165,5.31,5.155,5.25,286011.0
2026-07-29,2026-07-29 11:25:00,5.255,5.285,5.22,5.22,271170.0
2026-07-29,2026-07-29 11:30:00,5.23,5.28,5.2,5.245,152464.0
2026-07-29,2026-07-29 11:35:00,5.245,5.26,5.2001,5.2001,47481.0
2026-07-29,2026-07-29 11:40:00,5.205,5.205,5.18,5.185,23289.0
2026-07-29,2026-07-29 11:45:00,5.185,5.23,5.1501,5.155,85954.0
2026-07-29,2026-07-29 11:50:00,5.155,5.27,5.145,5.2301,409858.0
2026-07-29,2026-07-29 11:55:00,5.235,5.29,5.2323,5.25,72686.0
2026-07-29,2026-07-29 12:00:00,5.24,5.25,5.2,5.23,93789.0
2026-07-29,2026-07-29 12:05:00,5.2351,5.2366,5.175,5.175,128153.0
2026-07-29,2026-07-29 12:10:00,5.175,5.185,5.14,5.175,48860.0
2026-07-29,2026-07-29 12:15:00,5.1702,5.1702,5.0901,5.095,109559.0
2026-07-29,2026-07-29 12:20:00,5.095,5.1,5.03,5.035,79548.0
2026-07-29,2026-07-29 12:25:00,5.035,5.07,5.025,5.045,92015.0
2026-07-29,2026-07-29 12:30:00,5.045,5.135,5.045,5.115,141778.0
2026-07-29,2026-07-29 12:35:00,5.11,5.1199,5.07,5.08,105902.0
2026-07-29,2026-07-29 12:40:00,5.075,5.08,5.015,5.065,110510.0
2026-07-29,2026-07-29 12:45:00,5.065,5.13,5.045,5.055,65340.0
2026-07-29,2026-07-29 12:50:00,5.06,5.105,5.055,5.085,36867.0
2026-07-29,2026-07-29 12:55:00,5.08,5.12,5.05,5.05,83427.0
2026-07-29,2026-07-29 13:00:00,5.0521,5.09,5.0521,5.085,82030.0
2026-07-29,2026-07-29 13:05:00,5.09,5.135,5.08,5.135,123555.0
2026-07-29,2026-07-29 13:10:00,5.14,5.16,5.13,5.135,49673.0
2026-07-29,2026-07-29 13:15:00,5.135,5.15,5.135,5.15,30178.0
2026-07-29,2026-07-29 13:20:00,5.15,5.18,5.15,5.165,31015.0
2026-07-29,2026-07-29 13:25:00,5.17,5.1776,5.14,5.145,51018.0
2026-07-29,2026-07-29 13:30:00,5.14,5.14,5.11,5.115,65222.0
2026-07-29,2026-07-29 13:35:00,5.115,5.15,5.115,5.135,61030.0
2026-07-29,2026-07-29 13:40:00,5.135,5.22,5.125,5.2172,97924.0
2026-07-29,2026-07-29 13:45:00,5.215,5.35,5.215,5.35,314966.0
2026-07-29,2026-07-29 13:50:00,5.3499,5.46,5.32,5.45,571174.0
2026-07-29,2026-07-29 13:55:00,5.45,5.57,5.4101,5.54,170589.0
2026-07-29,2026-07-29 14:00:00,5.53,5.54,5.5005,5.51,43465.0
2026-07-29,2026-07-29 14:05:00,5.51,5.55,5.48,5.485,90302.0
2026-07-29,2026-07-29 14:10:00,5.485,5.485,5.425,5.425,84085.0
2026-07-29,2026-07-29 14:15:00,5.425,5.47,5.4001,5.465,132238.0
2026-07-29,2026-07-29 14:20:00,5.465,5.4899,5.38,5.3899,112376.0
2026-07-29,2026-07-29 14:25:00,5.39,5.43,5.3701,5.425,42981.0
2026-07-29,2026-07-29 14:30:00,5.42,5.425,5.315,5.325,186073.0
2026-07-29,2026-07-29 14:35:00,5.325,5.35,5.325,5.33,71332.0
2026-07-29,2026-07-29 14:40:00,5.325,5.34,5.28,5.295,393063.0
2026-07-29,2026-07-29 14:45:00,5.29,5.42,5.29,5.41,88715.0
2026-07-29,2026-07-29 14:50:00,5.405,5.49,5.38,5.485,96352.0
2026-07-29,2026-07-29 14:55:00,5.48,5.54,5.46,5.505,86755.0
2026-07-29,2026-07-29 15:00:00,5.505,5.525,5.41,5.425,118166.0
2026-07-29,2026-07-29 15:05:00,5.425,5.435,5.3604,5.3851,121945.0
2026-07-29,2026-07-29 15:10:00,5.38,5.405,5.365,5.37,68551.0
2026-07-29,2026-07-29 15:15:00,5.37,5.405,5.3675,5.375,77431.0
2026-07-29,2026-07-29 15:20:00,5.375,5.385,5.3,5.3,73108.0
2026-07-29,2026-07-29 15:25:00,5.3,5.31,5.28,5.285,183902.0
2026-07-29,2026-07-29 15:30:00,5.285,5.3,5.255,5.26,139594.0
2026-07-29,2026-07-29 15:35:00,5.27,5.27,5.2,5.235,221526.0
2026-07-29,2026-07-29 15:40:00,5.235,5.3,5.235,5.275,810029.0
2026-07-29,2026-07-29 15:45:00,5.275,5.3,5.235,5.238,254000.0
2026-07-29,2026-07-29 15:50:00,5.24,5.34,5.23,5.3,309780.0
2026-07-29,2026-07-29 15:55:00,5.3,5.305,5.205,5.265,650391.0
2026-07-29,2026-07-29 16:00:00,5.26,5.495,5.17,5.41,2184586.0
2026-07-31,2026-07-31 09:35:00,11.379,12.5,11.0,12.26,1373359.0
2026-07-31,2026-07-31 09:40:00,12.278,12.46,11.93,12.1088,764748.0
2026-07-31,2026-07-31 09:45:00,12.11,12.125,11.49,11.51,680588.0
2026-07-31,2026-07-31 09:50:00,11.49,11.66,11.03,11.24,821674.0
2026-07-31,2026-07-31 09:55:00,11.285,11.51,10.92,10.96,743063.0
2026-07-31,2026-07-31 10:00:00,10.96,11.06,10.68,10.96,487599.0
2026-07-31,2026-07-31 10:05:00,10.979,11.04,10.71,10.7306,582785.0
2026-07-31,2026-07-31 10:10:00,10.785,10.8,10.28,10.3253,412197.0
2026-07-31,2026-07-31 10:15:00,10.3123,10.65,10.07,10.135,416837.0
2026-07-31,2026-07-31 10:20:00,10.135,10.2,9.99,10.11,392459.0
2026-07-31,2026-07-31 10:25:00,10.09,10.1099,9.4949,9.5077,634566.0
2026-07-31,2026-07-31 10:30:00,9.495,10.14,9.43,10.0,1022098.0
2026-07-31,2026-07-31 10:35:00,10.01,10.77,9.95,10.72,1323494.0
2026-07-31,2026-07-31 10:40:00,10.73,11.0999,10.5,10.68,1057639.0
2026-07-31,2026-07-31 10:45:00,10.7,11.07,10.68,10.77,390579.0
2026-07-31,2026-07-31 10:50:00,10.7749,11.12,10.72,10.95,596233.0
2026-07-31,2026-07-31 10:55:00,10.9547,11.07,10.72,10.9446,414248.0
2026-07-31,2026-07-31 11:00:00,10.95,11.0,10.8501,10.8606,283553.0
2026-07-31,2026-07-31 11:05:00,10.86,11.16,10.77,10.9399,447384.0
2026-07-31,2026-07-31 11:10:00,10.92,10.93,10.74,10.7798,186849.0
2026-07-31,2026-07-31 11:15:00,10.775,11.0,10.74,10.9,186324.0
2026-07-31,2026-07-31 11:20:00,10.895,10.9,10.72,10.77,151501.0
2026-07-31,2026-07-31 11:25:00,10.7799,10.79,10.53,10.65,332243.0
2026-07-31,2026-07-31 11:30:00,10.6455,10.6547,10.48,10.5493,189692.0
2026-07-31,2026-07-31 11:35:00,10.55,10.56,10.21,10.229,279421.0
2026-07-31,2026-07-31 11:40:00,10.2249,10.35,10.09,10.25,288080.0
2026-07-31,2026-07-31 11:45:00,10.26,10.26,10.06,10.21,284692.0
2026-07-31,2026-07-31 11:50:00,10.22,10.39,10.095,10.265,600454.0
2026-07-31,2026-07-31 11:55:00,10.265,10.7,10.21,10.675,791435.0
2026-07-31,2026-07-31 12:00:00,10.6714,10.7699,10.52,10.57,156900.0
2026-07-31,2026-07-31 12:05:00,10.55,10.7,10.4803,10.64,282373.0
2026-07-31,2026-07-31 12:10:00,10.64,10.64,10.38,10.46,191493.0
2026-07-31,2026-07-31 12:15:00,10.46,10.5699,10.41,10.49,118900.0
2026-07-31,2026-07-31 12:20:00,10.5,10.605,10.4954,10.54,108473.0
2026-07-31,2026-07-31 12:25:00,10.52,10.65,10.51,10.5544,76003.0
2026-07-31,2026-07-31 12:30:00,10.55,10.565,10.4101,10.44,163899.0
2026-07-31,2026-07-31 12:35:00,10.42,10.5,10.4,10.48,61975.0
2026-07-31,2026-07-31 12:40:00,10.48,10.56,10.4503,10.53,435844.0
2026-07-31,2026-07-31 12:45:00,10.52,10.62,10.52,10.615,70667.0
2026-07-31,2026-07-31 12:50:00,10.62,10.62,10.5,10.57,116002.0
2026-07-31,2026-07-31 12:55:00,10.57,10.63,10.53,10.62,83059.0
2026-07-31,2026-07-31 13:00:00,10.64,10.71,10.5302,10.5401,103218.0
2026-07-31,2026-07-31 13:05:00,10.54,10.64,10.54,10.56,107525.0
2026-07-31,2026-07-31 13:10:00,10.5642,10.57,10.5,10.52,103642.0
2026-07-31,2026-07-31 13:15:00,10.52,10.575,10.39,10.52,376561.0
2026-07-31,2026-07-31 13:20:00,10.5128,10.55,10.46,10.52,69128.0
2026-07-31,2026-07-31 13:25:00,10.52,10.58,10.51,10.565,62495.0
2026-07-31,2026-07-31 13:30:00,10.565,10.6904,10.565,10.685,77783.0
2026-07-31,2026-07-31 13:35:00,10.6886,10.78,10.67,10.76,107823.0
2026-07-31,2026-07-31 13:40:00,10.77,10.78,10.65,10.715,99652.0
2026-07-31,2026-07-31 13:45:00,10.7,10.73,10.67,10.72,62935.0
2026-07-31,2026-07-31 13:50:00,10.72,10.82,10.71,10.8,103978.0
2026-07-31,2026-07-31 13:55:00,10.81,10.8896,10.8,10.8896,99669.0
2026-07-31,2026-07-31 14:00:00,10.885,10.8884,10.75,10.8199,167156.0
2026-07-31,2026-07-31 14:05:00,10.815,10.83,10.7,10.75,71825.0
2026-07-31,2026-07-31 14:10:00,10.7483,10.755,10.68,10.7,105503.0
2026-07-31,2026-07-31 14:15:00,10.7,10.7,10.64,10.65,67775.0
2026-07-31,2026-07-31 14:20:00,10.655,10.69,10.6,10.645,74734.0
2026-07-31,2026-07-31 14:25:00,10.64,10.83,10.61,10.81,196505.0
2026-07-31,2026-07-31 14:30:00,10.81,10.8998,10.81,10.83,107419.0
2026-07-31,2026-07-31 14:35:00,10.82,10.93,10.82,10.84,187389.0
2026-07-31,2026-07-31 14:40:00,10.84,10.97,10.825,10.96,103875.0
2026-07-31,2026-07-31 14:45:00,10.97,10.9799,10.86,10.955,182537.0
2026-07-31,2026-07-31 14:50:00,10.96,11.12,10.94,11.08,345076.0
2026-07-31,2026-07-31 14:55:00,11.09,11.14,11.0,11.01,230266.0
2026-07-31,2026-07-31 15:00:00,11.012,11.06,10.82,10.82,215968.0
2026-07-31,2026-07-31 15:05:00,10.82,10.89,10.79,10.87,138906.0
2026-07-31,2026-07-31 15:10:00,10.87,11.03,10.87,10.995,261803.0
2026-07-31,2026-07-31 15:15:00,11.0,11.0,10.9032,10.905,203003.0
2026-07-31,2026-07-31 15:20:00,10.91,10.95,10.89,10.905,162201.0
2026-07-31,2026-07-31 15:25:00,10.905,11.045,10.885,11.005,344440.0
2026-07-31,2026-07-31 15:30:00,11.005,11.018,10.92,11.015,150768.0
2026-07-31,2026-07-31 15:35:00,11.0147,11.19,10.91,11.1148,294308.0
2026-07-31,2026-07-31 15:40:00,11.11,11.25,11.08,11.1302,436149.0
2026-07-31,2026-07-31 15:45:00,11.135,11.39,11.0701,11.37,559892.0
2026-07-31,2026-07-31 15:50:00,11.36,11.48,11.32,11.425,509711.0
2026-07-31,2026-07-31 15:55:00,11.43,11.49,11.04,11.1199,642137.0
2026-07-31,2026-07-31 16:00:00,11.125,11.305,11.09,11.2,1613819.0
2026-08-03,2026-08-03 09:35:00,10.995,11.3,10.3,10.37,287659.0
2026-08-03,2026-08-03 09:40:00,10.35,10.59,10.13,10.4654,164660.0
2026-08-03,2026-08-03 09:45:00,10.4699,10.58,10.175,10.58,144162.0
2026-08-03,2026-08-03 09:50:00,10.59,10.77,10.4715,10.525,157437.0
2026-08-03,2026-08-03 09:55:00,10.55,10.58,10.25,10.26,141401.0
2026-08-03,2026-08-03 10:00:00,10.23,10.43,10.2,10.405,156676.0
2026-08-03,2026-08-03 10:05:00,10.39,10.45,10.2752,10.31,74649.0
2026-08-03,2026-08-03 10:10:00,10.3,10.57,10.23,10.56,77417.0
2026-08-03,2026-08-03 10:15:00,10.57,10.6,10.44,10.44,63522.0
2026-08-03,2026-08-03 10:20:00,10.465,10.619,10.4,10.57,76546.0
2026-08-03,2026-08-03 10:25:00,10.57,10.71,10.49,10.705,74315.0
2026-08-03,2026-08-03 10:30:00,10.69,10.88,10.69,10.755,77077.0
2026-08-03,2026-08-03 10:35:00,10.755,10.87,10.735,10.83,56635.0
2026-08-03,2026-08-03 10:40:00,10.82,10.83,10.57,10.585,65367.0
2026-08-03,2026-08-03 10:45:00,10.585,10.75,10.52,10.715,78735.0
2026-08-03,2026-08-03 10:50:00,10.73,11.07,10.6,11.04,115873.0
2026-08-03,2026-08-03 10:55:00,11.05,11.27,11.0212,11.24,127961.0
2026-08-03,2026-08-03 11:00:00,11.22,11.7,11.21,11.665,168943.0
2026-08-03,2026-08-03 11:05:00,11.665,11.71,11.56,11.57,103578.0
2026-08-03,2026-08-03 11:10:00,11.59,11.72,11.55,11.69,68730.0
2026-08-03,2026-08-03 11:15:00,11.69,11.75,11.57,11.7,74983.0
2026-08-03,2026-08-03 11:20:00,11.695,11.75,11.5,11.65,171675.0
2026-08-03,2026-08-03 11:25:00,11.625,11.67,11.53,11.62,102636.0
2026-08-03,2026-08-03 11:30:00,11.615,11.63,11.47,11.56,69677.0
2026-08-03,2026-08-03 11:35:00,11.56,11.56,11.35,11.39,77848.0
2026-08-03,2026-08-03 11:40:00,11.39,11.465,11.36,11.445,40837.0
2026-08-03,2026-08-03 11:45:00,11.44,11.54,11.41,11.48,51291.0
2026-08-03,2026-08-03 11:50:00,11.45,11.51,11.45,11.505,35450.0
2026-08-03,2026-08-03 11:55:00,11.5,11.5,11.32,11.4,64856.0
2026-08-03,2026-08-03 12:00:00,11.4,11.49,11.4,11.48,38116.0
2026-08-03,2026-08-03 12:05:00,11.48,11.6,11.47,11.5,51532.0
2026-08-03,2026-08-03 12:10:00,11.51,11.525,11.44,11.47,45166.0
2026-08-03,2026-08-03 12:15:00,11.46,11.47,11.3,11.3,55932.0
2026-08-03,2026-08-03 12:20:00,11.315,11.3899,11.29,11.345,44934.0
2026-08-03,2026-08-03 12:25:00,11.345,11.35,11.281,11.295,38655.0
2026-08-03,2026-08-03 12:30:00,11.3,11.31,11.26,11.29,38078.0
2026-08-03,2026-08-03 12:35:00,11.275,11.275,11.12,11.17,61973.0
2026-08-03,2026-08-03 12:40:00,11.17,11.27,11.14,11.14,63255.0
2026-08-03,2026-08-03 12:45:00,11.13,11.24,11.1,11.12,64344.0
2026-08-03,2026-08-03 12:50:00,11.11,11.2,11.0205,11.2,74568.0
2026-08-03,2026-08-03 12:55:00,11.185,11.2,11.14,11.18,39824.0
2026-08-03,2026-08-03 13:00:00,11.19,11.4332,11.19,11.37,111726.0
2026-08-03,2026-08-03 13:05:00,11.37,11.41,11.32,11.36,80544.0
2026-08-03,2026-08-03 13:10:00,11.35,11.5,11.34,11.464,83744.0
2026-08-03,2026-08-03 13:15:00,11.45,11.45,11.34,11.34,72749.0
2026-08-03,2026-08-03 13:20:00,11.345,11.41,11.3354,11.36,42119.0
2026-08-03,2026-08-03 13:25:00,11.365,11.42,11.3406,11.4,31108.0
2026-08-03,2026-08-03 13:30:00,11.4,11.45,11.3301,11.4298,50687.0
2026-08-03,2026-08-03 13:35:00,11.4,11.45,11.38,11.395,39338.0
2026-08-03,2026-08-03 13:40:00,11.39,11.5,11.39,11.43,64289.0
2026-08-03,2026-08-03 13:45:00,11.42,11.49,11.42,11.485,39544.0
2026-08-03,2026-08-03 13:50:00,11.485,11.59,11.485,11.55,43395.0
2026-08-03,2026-08-03 13:55:00,11.53,11.57,11.48,11.57,50127.0
2026-08-03,2026-08-03 14:00:00,11.57,11.71,11.57,11.64,79461.0
2026-08-03,2026-08-03 14:05:00,11.64,11.8,11.62,11.7994,112513.0
2026-08-03,2026-08-03 14:10:00,11.8,11.92,11.78,11.92,59325.0
2026-08-03,2026-08-03 14:15:00,11.92,12.14,11.8625,12.1254,152029.0
2026-08-03,2026-08-03 14:20:00,12.12,12.15,11.96,12.075,162668.0
2026-08-03,2026-08-03 14:25:00,12.075,12.14,11.985,12.03,116774.0
2026-08-03,2026-08-03 14:30:00,12.04,12.1199,11.97,12.02,137020.0
2026-08-03,2026-08-03 14:35:00,12.02,12.1,11.97,12.0899,89816.0
2026-08-03,2026-08-03 14:40:00,12.075,12.1399,11.91,12.125,180980.0
2026-08-03,2026-08-03 14:45:00,12.125,12.25,12.01,12.15,185168.0
2026-08-03,2026-08-03 14:50:00,12.125,12.24,12.09,12.2347,191996.0
2026-08-03,2026-08-03 14:55:00,12.23,12.32,12.1,12.21,292379.0
2026-08-03,2026-08-03 15:00:00,12.21,12.5,12.2,12.46,168427.0
2026-08-03,2026-08-03 15:05:00,12.46,12.49,12.2,12.2101,175131.0
2026-08-03,2026-08-03 15:10:00,12.23,12.3186,12.12,12.16,363039.0
2026-08-03,2026-08-03 15:15:00,12.155,12.28,12.13,12.25,431394.0
2026-08-03,2026-08-03 15:20:00,12.245,12.31,12.19,12.28,67343.0
2026-08-03,2026-08-03 15:25:00,12.27,12.34,12.22,12.335,86822.0
2026-08-03,2026-08-03 15:30:00,12.335,12.36,12.21,12.27,151218.0
2026-08-03,2026-08-03 15:35:00,12.27,12.37,12.27,12.36,154923.0
2026-08-03,2026-08-03 15:40:00,12.345,12.6,12.335,12.48,495292.0
2026-08-03,2026-08-03 15:45:00,12.47,12.56,12.4101,12.51,83449.0
2026-08-03,2026-08-03 15:50:00,12.51,12.55,12.48,12.54,123484.0
2026-08-03,2026-08-03 15:55:00,12.53,12.54,12.3,12.375,360846.0
2026-08-03,2026-08-03 16:00:00,12.36,12.375,11.9,11.91,1395435.0
2026-08-04,2026-08-04 09:35:00,12.67,13.86,12.67,13.3371,441137.0
2026-08-04,2026-08-04 09:40:00,13.36,13.36,12.89,12.96,162353.0
2026-08-04,2026-08-04 09:45:00,12.995,13.1,12.6805,12.83,174475.0
2026-08-04,2026-08-04 09:50:00,12.81,12.9999,12.56,12.68,218521.0
2026-08-04,2026-08-04 09:55:00,12.68,12.74,12.42,12.45,134003.0
2026-08-04,2026-08-04 10:00:00,12.45,12.55,12.11,12.4744,155446.0
2026-08-04,2026-08-04 10:05:00,12.5,12.75,12.48,12.54,138713.0
2026-08-04,2026-08-04 10:10:00,12.5483,12.56,12.2,12.2,97093.0
2026-08-04,2026-08-04 10:15:00,12.1992,12.28,11.99,12.18,171001.0
2026-08-04,2026-08-04 10:20:00,12.17,12.19,11.9201,11.95,137340.0
2026-08-04,2026-08-04 10:25:00,11.945,12.1199,11.88,12.1,118335.0
2026-08-04,2026-08-04 10:30:00,12.08,12.18,12.02,12.1,65698.0
2026-08-04,2026-08-04 10:35:00,12.095,12.095,11.92,11.94,106941.0
2026-08-04,2026-08-04 10:40:00,11.94,12.0,11.925,11.985,42096.0
2026-08-04,2026-08-04 10:45:00,11.975,11.985,11.85,11.889,64863.0
2026-08-04,2026-08-04 10:50:00,11.89,11.905,11.8,11.8794,66753.0
2026-08-04,2026-08-04 10:55:00,11.86,11.88,11.81,11.86,28780.0
2026-08-04,2026-08-04 11:00:00,11.84,11.95,11.8027,11.82,68583.0
2026-08-04,2026-08-04 11:05:00,11.82,11.84,11.71,11.7801,84802.0
2026-08-04,2026-08-04 11:10:00,11.78,11.87,11.76,11.85,66494.0
2026-08-04,2026-08-04 11:15:00,11.855,11.92,11.79,11.915,106252.0
2026-08-04,2026-08-04 11:20:00,11.915,11.94,11.87,11.88,59005.0
2026-08-04,2026-08-04 11:25:00,11.87,11.87,11.68,11.6999,103960.0
2026-08-04,2026-08-04 11:30:00,11.7,11.855,11.7,11.81,44728.0
2026-08-04,2026-08-04 11:35:00,11.8,11.85,11.79,11.8294,25679.0
2026-08-04,2026-08-04 11:40:00,11.83,11.85,11.76,11.78,35866.0
2026-08-04,2026-08-04 11:45:00,11.78,11.79,11.725,11.76,37563.0
2026-08-04,2026-08-04 11:50:00,11.76,11.79,11.75,11.755,21673.0
2026-08-04,2026-08-04 11:55:00,11.755,11.79,11.7,11.7089,34600.0
2026-08-04,2026-08-04 12:00:00,11.73,11.76,11.645,11.65,71829.0
2026-08-04,2026-08-04 12:05:00,11.66,11.73,11.61,11.65,40078.0
2026-08-04,2026-08-04 12:10:00,11.64,11.67,11.615,11.6298,24584.0
2026-08-04,2026-08-04 12:15:00,11.62,11.62,11.5141,11.53,44998.0
2026-08-04,2026-08-04 12:20:00,11.535,11.585,11.5,11.54,58876.0
2026-08-04,2026-08-04 12:25:00,11.54,11.5608,11.5002,11.5608,52791.0
2026-08-04,2026-08-04 12:30:00,11.56,11.57,11.53,11.56,22957.0
2026-08-04,2026-08-04 12:35:00,11.5628,11.69,11.56,11.6853,60894.0
2026-08-04,2026-08-04 12:40:00,11.6946,11.72,11.65,11.705,44996.0
2026-08-04,2026-08-04 12:45:00,11.6974,11.7233,11.67,11.67,25002.0
2026-08-04,2026-08-04 12:50:00,11.67,11.84,11.65,11.8298,108242.0
2026-08-04,2026-08-04 12:55:00,11.83,11.87,11.67,11.6772,48067.0
2026-08-04,2026-08-04 13:00:00,11.66,11.71,11.6,11.705,37081.0
2026-08-04,2026-08-04 13:05:00,11.7099,11.73,11.67,11.71,28160.0
2026-08-04,2026-08-04 13:10:00,11.73,11.73,11.635,11.65,40039.0
2026-08-04,2026-08-04 13:15:00,11.6359,11.665,11.6359,11.66,17302.0
2026-08-04,2026-08-04 13:20:00,11.665,11.68,11.64,11.65,33232.0
2026-08-04,2026-08-04 13:25:00,11.652941,12.08,11.64,12.04,143878.0
2026-08-04,2026-08-04 13:30:00,12.045,12.1,12.01,12.02,31314.0
2026-08-04,2026-08-04 13:35:00,12.02,12.1299,11.99,12.02,76996.0
2026-08-04,2026-08-04 13:40:00,12.02,12.11,12.0,12.07,23630.0
2026-08-04,2026-08-04 13:45:00,12.07,12.1,12.05,12.09,35216.0
2026-08-04,2026-08-04 13:50:00,12.095,12.11,12.07,12.085,21238.0
2026-08-04,2026-08-04 13:55:00,12.085,12.16,11.97,11.99,27516.0
2026-08-04,2026-08-04 14:00:00,11.99,12.0,11.96,11.9701,27457.0
2026-08-04,2026-08-04 14:05:00,11.98,11.98,11.92,11.98,23198.0
2026-08-04,2026-08-04 14:10:00,11.98,12.0,11.94,11.99,27113.0
2026-08-04,2026-08-04 14:15:00,12.0,12.0,11.94,11.96,35819.0
2026-08-04,2026-08-04 14:20:00,11.95,12.07,11.95,12.0646,28025.0
2026-08-04,2026-08-04 14:25:00,12.06,12.07,12.01,12.03,21204.0
2026-08-04,2026-08-04 14:30:00,12.03,12.05,12.01,12.03,22625.0
2026-08-04,2026-08-04 14:35:00,12.03,12.08,12.02,12.03,20997.0
2026-08-04,2026-08-04 14:40:00,12.02,12.04,12.01,12.025,22826.0
2026-08-04,2026-08-04 14:45:00,12.03,12.06,12.0,12.025,27918.0
2026-08-04,2026-08-04 14:50:00,12.03,12.04,11.95,11.9801,33473.0
2026-08-04,2026-08-04 14:55:00,11.98,12.01,11.97,11.99,25898.0
2026-08-04,2026-08-04 15:00:00,11.99,11.9916,11.92,11.95,45447.0
2026-08-04,2026-08-04 15:05:00,11.95,12.09,11.94,12.09,35121.0
2026-08-04,2026-08-04 15:10:00,12.08,12.1,12.05,12.075,29789.0
2026-08-04,2026-08-04 15:15:00,12.07,12.09,12.04,12.06,25124.0
2026-08-04,2026-08-04 15:20:00,12.06,12.18,12.05,12.05,45248.0
2026-08-04,2026-08-04 15:25:00,12.05,12.1811,12.0,12.16,51174.0
2026-08-04,2026-08-04 15:30:00,12.1692,12.1799,12.02,12.03,48642.0
2026-08-04,2026-08-04 15:35:00,12.025,12.025,11.96,11.99,41224.0
2026-08-04,2026-08-04 15:40:00,11.99,11.99,11.91,11.92,42545.0
2026-08-04,2026-08-04 15:45:00,11.92,11.94,11.875,11.915,77591.0
2026-08-04,2026-08-04 15:50:00,11.92,11.93,11.75,11.785,115114.0
2026-08-04,2026-08-04 15:55:00,11.78,11.84,11.74,11.83,103969.0
2026-08-04,2026-08-04 16:00:00,11.835,11.945,11.8,11.92,658259.0
2026-08-05,2026-08-05 09:35:00,11.96,12.1,11.6,11.89,98710.0
2026-08-05,2026-08-05 09:40:00,11.85,12.05,11.8,11.8,62365.0
2026-08-05,2026-08-05 09:45:00,11.8,11.805,11.6601,11.74,44271.0
2026-08-05,2026-08-05 09:50:00,11.75,11.91,11.75,11.835,43830.0
2026-08-05,2026-08-05 09:55:00,11.83,11.915,11.77,11.82,34046.0
2026-08-05,2026-08-05 10:00:00,11.805,12.09,11.7468,11.99,70194.0
2026-08-05,2026-08-05 10:05:00,11.96,12.12,11.85,12.08,82623.0
2026-08-05,2026-08-05 10:10:00,12.12,12.35,12.09,12.35,46386.0
2026-08-05,2026-08-05 10:15:00,12.33,12.33,12.05,12.058715,32829.0
2026-08-05,2026-08-05 10:20:00,12.065,12.27,12.06,12.19,71396.0
2026-08-05,2026-08-05 10:25:00,12.1995,12.23,12.09,12.13,23345.0
2026-08-05,2026-08-05 10:30:00,12.125,12.17,12.015,12.015,35562.0
2026-08-05,2026-08-05 10:35:00,12.03,12.03,11.845,11.85,26612.0
2026-08-05,2026-08-05 10:40:00,11.85,11.94,11.83,11.83,24160.0
2026-08-05,2026-08-05 10:45:00,11.83,11.83,11.74,11.8,26890.0
2026-08-05,2026-08-05 10:50:00,11.8,11.8,11.63,11.64,56279.0
2026-08-05,2026-08-05 10:55:00,11.6499,11.8,11.6499,11.73,23585.0
2026-08-05,2026-08-05 11:00:00,11.73,11.85,11.73,11.75,20397.0
2026-08-05,2026-08-05 11:05:00,11.76,11.77,11.7101,11.75,14778.0
2026-08-05,2026-08-05 11:10:00,11.75,11.815,11.71,11.795,16963.0
2026-08-05,2026-08-05 11:15:00,11.8,11.84,11.8,11.83,15249.0
2026-08-05,2026-08-05 11:20:00,11.83,11.84,11.72,11.73,18818.0
2026-08-05,2026-08-05 11:25:00,11.74,11.76,11.63,11.63,23509.0
2026-08-05,2026-08-05 11:30:00,11.62,11.62,11.5,11.53,60240.0
2026-08-05,2026-08-05 11:35:00,11.54,11.65,11.54,11.59,28521.0
2026-08-05,2026-08-05 11:40:00,11.6,11.7,11.595,11.68,19886.0
2026-08-05,2026-08-05 11:45:00,11.6742,11.71,11.59,11.63,12959.0
2026-08-05,2026-08-05 11:50:00,11.62,11.77,11.62,11.73,50463.0
2026-08-05,2026-08-05 11:55:00,11.745,11.78,11.71,11.72,10164.0
2026-08-05,2026-08-05 12:00:00,11.735,11.825,11.69,11.8002,25113.0
2026-08-05,2026-08-05 12:05:00,11.84,11.89,11.81,11.89,20119.0
2026-08-05,2026-08-05 12:10:00,11.88,11.95,11.76,11.815,27856.0
2026-08-05,2026-08-05 12:15:00,11.82,11.86,11.8,11.845,11551.0
2026-08-05,2026-08-05 12:20:00,11.86,11.89,11.85,11.875,26365.0
2026-08-05,2026-08-05 12:25:00,11.87,11.99,11.87,11.965,23001.0
2026-08-05,2026-08-05 12:30:00,11.97,12.025,11.96,12.025,15812.0
2026-08-05,2026-08-05 12:35:00,12.0326,12.035,11.9,11.9,27565.0
2026-08-05,2026-08-05 12:40:00,11.89,12.0099,11.88,11.99,18625.0
2026-08-05,2026-08-05 12:45:00,11.99,12.01,11.96,11.96,16869.0
2026-08-05,2026-08-05 12:50:00,11.96,11.99,11.945,11.98,23508.0
2026-08-05,2026-08-05 12:55:00,11.98,12.02,11.975,11.99,19019.0
2026-08-05,2026-08-05 13:00:00,12.0,12.06,12.0,12.045,17752.0
2026-08-05,2026-08-05 13:05:00,12.045,12.085,12.04,12.06,16975.0
2026-08-05,2026-08-05 13:10:00,12.07,12.1,12.05,12.07,17138.0
2026-08-05,2026-08-05 13:15:00,12.06,12.07,11.89,11.89,30122.0
2026-08-05,2026-08-05 13:20:00,11.89,11.98,11.89,11.98,11752.0
2026-08-05,2026-08-05 13:25:00,11.99,11.99,11.97,11.975,14986.0
2026-08-05,2026-08-05 13:30:00,11.98,11.98,11.92,11.92,17643.0
2026-08-05,2026-08-05 13:35:00,11.9195,11.94,11.9,11.94,15753.0
2026-08-05,2026-08-05 13:40:00,11.95,11.98,11.94,11.95,11188.0
2026-08-05,2026-08-05 13:45:00,11.945,11.97,11.935,11.95,10765.0
2026-08-05,2026-08-05 13:50:00,11.945,11.96,11.93,11.96,10966.0
2026-08-05,2026-08-05 13:55:00,11.955,12.01,11.93,11.95,30071.0
2026-08-05,2026-08-05 14:00:00,11.9737,12.07,11.97,12.04,20074.0
2026-08-05,2026-08-05 14:05:00,12.035,12.035,11.96,11.99,20618.0
2026-08-05,2026-08-05 14:10:00,11.98,11.99,11.98,11.985,6597.0
2026-08-05,2026-08-05 14:15:00,11.99,12.0,11.95,11.96,18995.0
2026-08-05,2026-08-05 14:20:00,11.96,11.98,11.95,11.975,11745.0
2026-08-05,2026-08-05 14:25:00,11.97,11.975,11.94,11.9699,13652.0
2026-08-05,2026-08-05 14:30:00,11.9699,12.0,11.9699,11.975,13326.0
2026-08-05,2026-08-05 14:35:00,11.97,11.99,11.91,11.91,18389.0
2026-08-05,2026-08-05 14:40:00,11.91,11.935,11.87,11.9,13491.0
2026-08-05,2026-08-05 14:45:00,11.89,11.905,11.87,11.89,9887.0
2026-08-05,2026-08-05 14:50:00,11.9,11.935,11.89,11.91,22365.0
2026-08-05,2026-08-05 14:55:00,11.9,11.92,11.89,11.92,12350.0
2026-08-05,2026-08-05 15:00:00,11.92,11.93,11.855,11.855,25646.0
2026-08-05,2026-08-05 15:05:00,11.86,11.87,11.82,11.82,25042.0
2026-08-05,2026-08-05 15:10:00,11.83,11.87,11.825,11.86,13269.0
2026-08-05,2026-08-05 15:15:00,11.85,11.87,11.84,11.86,15325.0
2026-08-05,2026-08-05 15:20:00,11.86,11.86,11.825,11.83,15291.0
2026-08-05,2026-08-05 15:25:00,11.83,11.88,11.81,11.88,23686.0
2026-08-05,2026-08-05 15:30:00,11.8741,11.92,11.8708,11.8708,33302.0
2026-08-05,2026-08-05 15:35:00,11.87,11.9,11.85,11.88,36932.0
2026-08-05,2026-08-05 15:40:00,11.88,11.94,11.85,11.94,56189.0
2026-08-05,2026-08-05 15:45:00,11.94,11.96,11.84,11.94,71149.0
2026-08-05,2026-08-05 15:50:00,11.94,11.95,11.8405,11.89,55842.0
2026-08-05,2026-08-05 15:55:00,11.9,11.92,11.77,11.83,141935.0
2026-08-05,2026-08-05 16:00:00,11.83,11.85,11.72,11.83,530086.0
2026-08-06,2026-08-06 09:35:00,11.78,12.0,11.58,11.72,62647.0
2026-08-06,2026-08-06 09:40:00,11.725,12.15,11.685,12.03,38230.0
2026-08-06,2026-08-06 09:45:00,12.0,12.35,12.0,12.17,57533.0
2026-08-06,2026-08-06 09:50:00,12.1511,12.37,12.1,12.31,50875.0
2026-08-06,2026-08-06 09:55:00,12.33,12.37,12.21,12.21,37160.0
2026-08-06,2026-08-06 10:00:00,12.21,12.27,12.12,12.13,30410.0
2026-08-06,2026-08-06 10:05:00,12.16,12.325,12.089,12.325,34267.0
2026-08-06,2026-08-06 10:10:00,12.325,12.35,12.05,12.2,314889.0
2026-08-06,2026-08-06 10:15:00,12.21,12.46,12.18,12.23,47624.0
2026-08-06,2026-08-06 10:20:00,12.22,12.27,12.13,12.155,42644.0
2026-08-06,2026-08-06 10:25:00,12.17,12.27,12.05,12.0645,19627.0
2026-08-06,2026-08-06 10:30:00,12.06,12.155,12.05,12.055,28697.0
2026-08-06,2026-08-06 10:35:00,12.05,12.12,12.0405,12.12,17987.0
2026-08-06,2026-08-06 10:40:00,12.1,12.155,12.07,12.13,10944.0
2026-08-06,2026-08-06 10:45:00,12.13,12.17,12.03,12.04,14068.0
2026-08-06,2026-08-06 10:50:00,12.03,12.04,11.94,12.025,34589.0
2026-08-06,2026-08-06 10:55:00,12.02,12.1,12.0,12.04,20620.0
2026-08-06,2026-08-06 11:00:00,12.0325,12.09,12.03,12.09,10979.0
2026-08-06,2026-08-06 11:05:00,12.07,12.08,11.98,12.01,18711.0
2026-08-06,2026-08-06 11:10:00,12.02,12.09,12.0001,12.085,15032.0
2026-08-06,2026-08-06 11:15:00,12.1,12.14,12.08,12.13,30267.0
2026-08-06,2026-08-06 11:20:00,12.14,12.21,12.11,12.11,11200.0
2026-08-06,2026-08-06 11:25:00,12.11,12.14,12.1,12.11,19314.0
2026-08-06,2026-08-06 11:30:00,12.105,12.28,12.105,12.28,14890.0
2026-08-06,2026-08-06 11:35:00,12.285,12.32,12.18,12.195,28424.0
2026-08-06,2026-08-06 11:40:00,12.2,12.2,12.07,12.095,27846.0
2026-08-06,2026-08-06 11:45:00,12.1,12.1,11.99,11.995,16109.0
2026-08-06,2026-08-06 11:50:00,11.99,12.07,11.96,12.03,14600.0
2026-08-06,2026-08-06 11:55:00,12.0205,12.055,11.95,11.96,14120.0
2026-08-06,2026-08-06 12:00:00,11.95,11.95,11.84,11.85,21785.0
2026-08-06,2026-08-06 12:05:00,11.86,11.880937,11.83,11.880937,20141.0
2026-08-06,2026-08-06 12:10:00,11.88,11.89,11.8005,11.88,18665.0
2026-08-06,2026-08-06 12:15:00,11.88,11.9,11.83,11.83,14787.0
2026-08-06,2026-08-06 12:20:00,11.83,11.84,11.81,11.84,11154.0
2026-08-06,2026-08-06 12:25:00,11.83,11.86,11.81,11.84,24713.0
2026-08-06,2026-08-06 12:30:00,11.84,11.84,11.79,11.79,7407.0
2026-08-06,2026-08-06 12:35:00,11.8,11.85,11.8,11.81,15393.0
2026-08-06,2026-08-06 12:40:00,11.81,11.875,11.81,11.87,11039.0
2026-08-06,2026-08-06 12:45:00,11.87,11.87,11.825,11.8401,17977.0
2026-08-06,2026-08-06 12:50:00,11.85,11.865,11.83,11.845,14402.0
2026-08-06,2026-08-06 12:55:00,11.84,11.92,11.84,11.9011,23265.0
2026-08-06,2026-08-06 13:00:00,11.88,11.89,11.87,11.89,12226.0
2026-08-06,2026-08-06 13:05:00,11.91,11.92,11.9,11.9,6420.0
2026-08-06,2026-08-06 13:10:00,11.9,11.95,11.9,11.94,13457.0
2026-08-06,2026-08-06 13:15:00,11.93,12.16,11.88,12.12,32820.0
2026-08-06,2026-08-06 13:20:00,12.13,12.17,12.07,12.07,17722.0
2026-08-06,2026-08-06 13:25:00,12.075,12.12,12.04,12.12,15702.0
2026-08-06,2026-08-06 13:30:00,12.13,12.215,12.13,12.17,23462.0
2026-08-06,2026-08-06 13:35:00,12.17,12.17,12.08,12.12,22651.0
2026-08-06,2026-08-06 13:40:00,12.1155,12.12,12.06,12.08,12282.0
2026-08-06,2026-08-06 13:45:00,12.07,12.09,12.07,12.085,9524.0
2026-08-06,2026-08-06 13:50:00,12.085,12.09,12.045,12.07,12167.0
2026-08-06,2026-08-06 13:55:00,12.07,12.07,12.02,12.03,8313.0
2026-08-06,2026-08-06 14:00:00,12.04,12.08,12.01,12.065,9884.0
2026-08-06,2026-08-06 14:05:00,12.07,12.105,12.042,12.0928,12776.0
2026-08-06,2026-08-06 14:10:00,12.0946,12.16,12.08,12.14,30889.0
2026-08-06,2026-08-06 14:15:00,12.14,12.14,12.0301,12.05,21927.0
2026-08-06,2026-08-06 14:20:00,12.05,12.065,12.04,12.06,12427.0
2026-08-06,2026-08-06 14:25:00,12.07,12.115,12.05,12.11,7687.0
2026-08-06,2026-08-06 14:30:00,12.11,12.11,12.04,12.04,12701.0
2026-08-06,2026-08-06 14:35:00,12.04,12.045,12.02,12.03,9040.0
2026-08-06,2026-08-06 14:40:00,12.0373,12.05,12.01,12.03,17573.0
2026-08-06,2026-08-06 14:45:00,12.04,12.14,12.04,12.11,24818.0
2026-08-06,2026-08-06 14:50:00,12.1146,12.1146,12.07,12.07,6497.0
2026-08-06,2026-08-06 14:55:00,12.075,12.09,12.05,12.085,18029.0
2026-08-06,2026-08-06 15:00:00,12.0896,12.16,12.085,12.15,80095.0
2026-08-06,2026-08-06 15:05:00,12.15,12.165,12.14,12.16,29212.0
2026-08-06,2026-08-06 15:10:00,12.16,12.16,12.115,12.125,21949.0
2026-08-06,2026-08-06 15:15:00,12.125,12.13,12.0952,12.0952,15014.0
2026-08-06,2026-08-06 15:20:00,12.09,12.17,12.08,12.15,17005.0
2026-08-06,2026-08-06 15:25:00,12.15,12.15,12.105,12.14,22213.0
2026-08-06,2026-08-06 15:30:00,12.13,12.17,12.12,12.15,18092.0
2026-08-06,2026-08-06 15:35:00,12.145,12.17,12.12,12.17,35321.0
2026-08-06,2026-08-06 15:40:00,12.17,12.2,12.165,12.19,25598.0
2026-08-06,2026-08-06 15:45:00,12.19,12.25,12.18,12.23,27472.0
2026-08-06,2026-08-06 15:50:00,12.23,12.3109,12.195,12.3084,64196.0
2026-08-06,2026-08-06 15:55:00,12.31,12.3387,12.235,12.245,70771.0
2026-08-06,2026-08-06 16:00:00,12.25,13.9,12.16,12.86,3623717.0
2026-08-07,2026-08-07 09:35:00,13.0,13.4,12.81,13.1,1056258.0
2026-08-07,2026-08-07 09:40:00,13.1,13.1,12.25,12.39,436411.0
2026-08-07,2026-08-07 09:45:00,12.38,12.55,12.1,12.2299,322345.0
2026-08-07,2026-08-07 09:50:00,12.11,12.4,11.95,12.4,276336.0
2026-08-07,2026-08-07 09:55:00,12.3501,12.42,12.05,12.06,175618.0
2026-08-07,2026-08-07 10:00:00,12.0703,12.19,11.7504,11.83,286830.0
2026-08-07,2026-08-07 10:05:00,11.8222,12.15,11.8222,11.92,204164.0
2026-08-07,2026-08-07 10:10:00,11.9,11.935,11.42,11.57,302420.0
2026-08-07,2026-08-07 10:15:00,11.565,11.865,11.53,11.84,148899.0
2026-08-07,2026-08-07 10:20:00,11.845,12.14,11.765,12.14,191294.0
2026-08-07,2026-08-07 10:25:00,12.13,12.22,12.08,12.145,83354.0
2026-08-07,2026-08-07 10:30:00,12.17,12.33,12.12,12.23,80279.0
2026-08-07,2026-08-07 10:35:00,12.21,12.21,12.01,12.08,52466.0
2026-08-07,2026-08-07 10:40:00,12.07,12.25,12.01,12.25,68053.0
2026-08-07,2026-08-07 10:45:00,12.24,12.29,12.165,12.27,91962.0
2026-08-07,2026-08-07 10:50:00,12.27,12.53,12.27,12.47,160146.0
2026-08-07,2026-08-07 10:55:00,12.46,12.5,12.41,12.43,59674.0
2026-08-07,2026-08-07 11:00:00,12.44,12.505,12.34,12.39,62447.0
2026-08-07,2026-08-07 11:05:00,12.4,12.5,12.305,12.325,105085.0
2026-08-07,2026-08-07 11:10:00,12.325,12.36,12.20005,12.2142,104887.0
2026-08-07,2026-08-07 11:15:00,12.229,12.27,12.155,12.22,58440.0
2026-08-07,2026-08-07 11:20:00,12.2,12.2147,12.16,12.2,52251.0
2026-08-07,2026-08-07 11:25:00,12.2,12.2099,12.1,12.155,100608.0
2026-08-07,2026-08-07 11:30:00,12.15,12.18,12.15,12.1595,22757.0
2026-08-07,2026-08-07 11:35:00,12.155,12.25,12.14,12.14,62282.0
2026-08-07,2026-08-07 11:40:00,12.15,12.24,12.15,12.19,30096.0
2026-08-07,2026-08-07 11:45:00,12.2,12.28,12.2,12.245,33820.0
2026-08-07,2026-08-07 11:50:00,12.235,12.3,12.235,12.27,25547.0
2026-08-07,2026-08-07 11:55:00,12.275,12.33,12.215,12.245,43615.0
2026-08-07,2026-08-07 12:00:00,12.245,12.28,12.14,12.23,84518.0
2026-08-07,2026-08-07 12:05:00,12.23,12.23,12.13,12.2,34045.0
2026-08-07,2026-08-07 12:10:00,12.2,12.3108,12.19,12.25,48823.0
2026-08-07,2026-08-07 12:15:00,12.25,12.295,12.23,12.235,41049.0
2026-08-07,2026-08-07 12:20:00,12.235,12.265,12.23,12.24,34590.0
2026-08-07,2026-08-07 12:25:00,12.25,12.2667,12.22,12.255,34495.0
2026-08-07,2026-08-07 12:30:00,12.25,12.255,12.12,12.125,45359.0
2026-08-07,2026-08-07 12:35:00,12.125,12.16,12.11,12.12,35721.0
2026-08-07,2026-08-07 12:40:00,12.125,12.26,12.085,12.25,42660.0
2026-08-07,2026-08-07 12:45:00,12.26,12.26,12.18,12.19,34831.0
2026-08-07,2026-08-07 12:50:00,12.195,12.38,12.195,12.35,78478.0
2026-08-07,2026-08-07 12:55:00,12.35,12.3598,12.255,12.255,56398.0
2026-08-07,2026-08-07 13:00:00,12.26,12.28,12.1701,12.18,29843.0
2026-08-07,2026-08-07 13:05:00,12.175,12.19,12.12,12.15,51843.0
2026-08-07,2026-08-07 13:10:00,12.14,12.18,12.08,12.09,62402.0
2026-08-07,2026-08-07 13:15:00,12.1,12.11,12.03,12.035,147179.0
2026-08-07,2026-08-07 13:20:00,12.04,12.105,11.86,12.03,93877.0
2026-08-07,2026-08-07 13:25:00,12.03,12.12,12.0,12.03,113659.0
2026-08-07,2026-08-07 13:30:00,12.03,12.07,11.99,12.06,55267.0
2026-08-07,2026-08-07 13:35:00,12.06,12.08,12.04,12.04,46499.0
2026-08-07,2026-08-07 13:40:00,12.04,12.0699,12.03,12.03,45777.0
2026-08-07,2026-08-07 13:45:00,12.04,12.07,11.96,12.06,40366.0
2026-08-07,2026-08-07 13:50:00,12.06,12.06,12.01,12.03,35892.0
2026-08-07,2026-08-07 13:55:00,12.0346,12.04,11.915,11.98,146152.0
2026-08-07,2026-08-07 14:00:00,11.98,12.01,11.9,11.95,68154.0
2026-08-07,2026-08-07 14:05:00,11.95,12.06,11.93,12.05,44117.0
2026-08-07,2026-08-07 14:10:00,12.045,12.07,12.03,12.05,48812.0
2026-08-07,2026-08-07 14:15:00,12.05,12.08,12.0101,12.02,30612.0
2026-08-07,2026-08-07 14:20:00,12.02,12.13,12.01,12.085,76487.0
2026-08-07,2026-08-07 14:25:00,12.0908,12.12,12.07,12.08,31918.0
2026-08-07,2026-08-07 14:30:00,12.08,12.1,12.06,12.075,33442.0
2026-08-07,2026-08-07 14:35:00,12.075,12.1,12.045,12.055,40712.0
2026-08-07,2026-08-07 14:40:00,12.0599,12.07,12.01,12.06,66363.0
2026-08-07,2026-08-07 14:45:00,12.07,12.07,12.025,12.05,46304.0
2026-08-07,2026-08-07 14:50:00,12.0499,12.11,12.025,12.075,80825.0
2026-08-07,2026-08-07 14:55:00,12.08,12.15,12.06,12.08,50843.0
2026-08-07,2026-08-07 15:00:00,12.08,12.1,12.06,12.08,26421.0
2026-08-07,2026-08-07 15:05:00,12.08,12.19,12.055,12.175,79859.0
2026-08-07,2026-08-07 15:10:00,12.175,12.19,12.09,12.115,54249.0
2026-08-07,2026-08-07 15:15:00,12.115,12.17,11.96,11.975,105037.0
2026-08-07,2026-08-07 15:20:00,11.98,12.06,11.96,12.01,63382.0
2026-08-07,2026-08-07 15:25:00,12.015,12.05,12.015,12.025,26574.0
2026-08-07,2026-08-07 15:30:00,12.025,12.03,11.995,12.03,30563.0
2026-08-07,2026-08-07 15:35:00,12.03,12.03,11.91,11.98,124732.0
2026-08-07,2026-08-07 15:40:00,12.0,12.07,11.965,11.98,173987.0
2026-08-07,2026-08-07 15:45:00,12.0,12.03,11.955,11.965,71851.0
2026-08-07,2026-08-07 15:50:00,11.965,12.07,11.94,12.03,109872.0
2026-08-07,2026-08-07 15:55:00,12.02,12.05,11.92,11.95,145497.0
2026-08-07,2026-08-07 16:00:00,11.95,12.09,11.88,12.06,602989.0
2026-08-10,2026-08-10 09:35:00,12.64,12.91,12.27,12.5276,836479.0
2026-08-10,2026-08-10 09:40:00,12.58,13.43,12.53,13.13,645463.0
2026-08-10,2026-08-10 09:45:00,13.165,13.25,12.64,12.645,267762.0
2026-08-10,2026-08-10 09:50:00,12.64,13.06,12.5,12.83,212872.0
2026-08-10,2026-08-10 09:55:00,12.85,12.98,12.805,12.82,49895.0
2026-08-10,2026-08-10 10:00:00,12.85,13.39,12.8,13.37,246271.0
2026-08-10,2026-08-10 10:05:00,13.37,13.66,13.24,13.59,217875.0
2026-08-10,2026-08-10 10:10:00,13.59,13.59,13.2227,13.295,163284.0
2026-08-10,2026-08-10 10:15:00,13.295,13.4,13.265,13.35,68789.0
2026-08-10,2026-08-10 10:20:00,13.35,13.5569,13.35,13.46,140510.0
2026-08-10,2026-08-10 10:25:00,13.49,13.68,13.41,13.435,133836.0
2026-08-10,2026-08-10 10:30:00,13.42,13.48,13.3601,13.44,113162.0
2026-08-10,2026-08-10 10:35:00,13.44,13.49,13.325,13.3402,90439.0
2026-08-10,2026-08-10 10:40:00,13.37,13.4099,13.3206,13.35,89397.0
2026-08-10,2026-08-10 10:45:00,13.34,13.48,13.34,13.42,39773.0
2026-08-10,2026-08-10 10:50:00,13.4,13.46,13.395,13.4483,32189.0
2026-08-10,2026-08-10 10:55:00,13.45,13.52,13.405,13.515,48877.0
2026-08-10,2026-08-10 11:00:00,13.515,13.525,13.43,13.43,29602.0
2026-08-10,2026-08-10 11:05:00,13.44,13.59,13.38,13.5,56260.0
2026-08-10,2026-08-10 11:10:00,13.52,13.65,13.475,13.58,63463.0
2026-08-10,2026-08-10 11:15:00,13.575,13.59,13.535,13.54,32739.0
2026-08-10,2026-08-10 11:20:00,13.55,13.63,13.5455,13.61,39871.0
2026-08-10,2026-08-10 11:25:00,13.61,14.0,13.61,13.7601,236100.0
2026-08-10,2026-08-10 11:30:00,13.7811,13.81,13.625,13.7406,266327.0
2026-08-10,2026-08-10 11:35:00,13.74,13.95,13.709,13.77,106111.0
2026-08-10,2026-08-10 11:40:00,13.77,13.94,13.74,13.79,103139.0
2026-08-10,2026-08-10 11:45:00,13.78,13.83,13.75,13.81,48416.0
2026-08-10,2026-08-10 11:50:00,13.82,13.88,13.75,13.86,100086.0
2026-08-10,2026-08-10 11:55:00,13.87,13.88,13.815,13.83,28989.0
2026-08-10,2026-08-10 12:00:00,13.83,13.93,13.755,13.82,76841.0
2026-08-10,2026-08-10 12:05:00,13.82,13.89,13.8,13.89,44288.0
2026-08-10,2026-08-10 12:10:00,13.9,13.94,13.8,13.85,56445.0
2026-08-10,2026-08-10 12:15:00,13.8388,13.8447,13.78,13.82,46958.0
2026-08-10,2026-08-10 12:20:00,13.82,13.835,13.8,13.83,25455.0
2026-08-10,2026-08-10 12:25:00,13.84,13.85,13.73,13.7689,49485.0
2026-08-10,2026-08-10 12:30:00,13.78,13.8199,13.7644,13.79,37874.0
2026-08-10,2026-08-10 12:35:00,13.79,13.81,13.68,13.8,30948.0
2026-08-10,2026-08-10 12:40:00,13.8,13.81,13.785,13.81,30602.0
2026-08-10,2026-08-10 12:45:00,13.82,13.835,13.79,13.7939,23554.0
2026-08-10,2026-08-10 12:50:00,13.795,13.86,13.7525,13.815,35203.0
2026-08-10,2026-08-10 12:55:00,13.81,13.83,13.78,13.795,16638.0
2026-08-10,2026-08-10 13:00:00,13.795,13.81,13.775,13.79,28777.0
2026-08-10,2026-08-10 13:05:00,13.795,13.795,13.7105,13.79,49709.0
2026-08-10,2026-08-10 13:10:00,13.7846,13.8099,13.7846,13.785,31754.0
2026-08-10,2026-08-10 13:15:00,13.79,13.81,13.745,13.78,19733.0
2026-08-10,2026-08-10 13:20:00,13.78,13.82,13.77,13.79,24552.0
2026-08-10,2026-08-10 13:25:00,13.81,13.84,13.8,13.815,33827.0
2026-08-10,2026-08-10 13:30:00,13.82,13.83,13.78,13.785,33959.0
2026-08-10,2026-08-10 13:35:00,13.785,13.92,13.785,13.88,46789.0
2026-08-10,2026-08-10 13:40:00,13.88,13.97,13.88,13.9326,59972.0
2026-08-10,2026-08-10 13:45:00,13.925,14.0,13.885,13.96,116709.0
2026-08-10,2026-08-10 13:50:00,13.96,14.0,13.835,13.91,102719.0
2026-08-10,2026-08-10 13:55:00,13.91,13.93,13.87,13.92,43331.0
2026-08-10,2026-08-10 14:00:00,13.92,13.955,13.9,13.955,27037.0
2026-08-10,2026-08-10 14:05:00,13.9496,14.01,13.89,13.9959,147126.0
2026-08-10,2026-08-10 14:10:00,14.0,14.12,13.9704,14.045,344395.0
2026-08-10,2026-08-10 14:15:00,14.03,14.03,13.92,13.925,75647.0
2026-08-10,2026-08-10 14:20:00,13.92,13.9283,13.81,13.845,59452.0
2026-08-10,2026-08-10 14:25:00,13.845,13.87,13.83,13.87,37286.0
2026-08-10,2026-08-10 14:30:00,13.865,13.87,13.785,13.79,42948.0
2026-08-10,2026-08-10 14:35:00,13.79,13.7901,13.63,13.63,86520.0
2026-08-10,2026-08-10 14:40:00,13.63,13.69,13.55,13.585,95771.0
2026-08-10,2026-08-10 14:45:00,13.58,13.625,13.56,13.565,82542.0
2026-08-10,2026-08-10 14:50:00,13.565,13.59,13.515,13.57,45401.0
2026-08-10,2026-08-10 14:55:00,13.58,13.6,13.57,13.57,36520.0
2026-08-10,2026-08-10 15:00:00,13.575,13.61,13.545,13.575,38942.0
2026-08-10,2026-08-10 15:05:00,13.57,13.58,13.54,13.555,40107.0
2026-08-10,2026-08-10 15:10:00,13.555,13.62,13.55,13.585,48420.0
2026-08-10,2026-08-10 15:15:00,13.58,13.59,13.525,13.59,49038.0
2026-08-10,2026-08-10 15:20:00,13.59,13.66,13.535,13.63,42793.0
2026-08-10,2026-08-10 15:25:00,13.635,13.8452,13.635,13.76,90550.0
2026-08-10,2026-08-10 15:30:00,13.76,13.83,13.73,13.81,149633.0
2026-08-10,2026-08-10 15:35:00,13.805,13.86,13.72,13.78,117819.0
2026-08-10,2026-08-10 15:40:00,13.79,13.865,13.785,13.81,82525.0
2026-08-10,2026-08-10 15:45:00,13.81,13.84,13.795,13.795,87700.0
2026-08-10,2026-08-10 15:50:00,13.79,13.795,13.71,13.7799,127048.0
2026-08-10,2026-08-10 15:55:00,13.775,13.85,13.735,13.795,158219.0
2026-08-10,2026-08-10 16:00:00,13.8,13.828,13.65,13.67,612219.0
2026-08-11,2026-08-11 09:35:00,13.755,13.835,13.32,13.365,98866.0
2026-08-11,2026-08-11 09:40:00,13.36,13.5824,13.3,13.335,44248.0
2026-08-11,2026-08-11 09:45:00,13.3,13.45,13.2,13.35,39901.0
2026-08-11,2026-08-11 09:50:00,13.37,13.61,13.37,13.545,31165.0
2026-08-11,2026-08-11 09:55:00,13.545,13.73,13.53,13.72,28539.0
2026-08-11,2026-08-11 10:00:00,13.7,13.7,13.54,13.58,25320.0
2026-08-11,2026-08-11 10:05:00,13.61,13.63,13.53,13.58,41043.0
2026-08-11,2026-08-11 10:10:00,13.585,13.61,13.55,13.61,21287.0
2026-08-11,2026-08-11 10:15:00,13.58,13.6,13.41,13.43,47583.0
2026-08-11,2026-08-11 10:20:00,13.44,13.645,13.38,13.62,70701.0
2026-08-11,2026-08-11 10:25:00,13.64,13.72,13.485,13.57,55271.0
2026-08-11,2026-08-11 10:30:00,13.57,13.61,13.38,13.4,39548.0
2026-08-11,2026-08-11 10:35:00,13.41,13.5,13.39,13.42,32091.0
2026-08-11,2026-08-11 10:40:00,13.43,13.49,13.4,13.48,65625.0
2026-08-11,2026-08-11 10:45:00,13.49,13.58,13.47,13.58,51301.0
2026-08-11,2026-08-11 10:50:00,13.55,13.69,13.51,13.675,29152.0
2026-08-11,2026-08-11 10:55:00,13.68,13.85,13.66,13.805,48309.0
2026-08-11,2026-08-11 11:00:00,13.805,13.95,13.79,13.88,58657.0
2026-08-11,2026-08-11 11:05:00,13.885,13.98,13.88,13.965,103453.0
2026-08-11,2026-08-11 11:10:00,13.98,14.0,13.88,13.91,76625.0
2026-08-11,2026-08-11 11:15:00,13.9,13.99,13.895,13.965,50462.0
2026-08-11,2026-08-11 11:20:00,13.965,14.0,13.887,13.98,25263.0
2026-08-11,2026-08-11 11:25:00,13.96,14.0,13.915,13.915,60782.0
2026-08-11,2026-08-11 11:30:00,13.915,14.14,13.915,14.05,286937.0
2026-08-11,2026-08-11 11:35:00,14.04,14.1,14.02,14.06,73346.0
2026-08-11,2026-08-11 11:40:00,14.0676,14.1,13.96,14.04,90651.0
2026-08-11,2026-08-11 11:45:00,14.02,14.09,14.02,14.07,36297.0
2026-08-11,2026-08-11 11:50:00,14.06,14.1,14.03,14.0941,131139.0
2026-08-11,2026-08-11 11:55:00,14.09,14.1,14.01,14.03,22316.0
2026-08-11,2026-08-11 12:00:00,14.0248,14.0301,13.965,13.97,43449.0
2026-08-11,2026-08-11 12:05:00,13.96,14.05,13.96,14.045,30225.0
2026-08-11,2026-08-11 12:10:00,14.04,14.05,14.02,14.04,24271.0
2026-08-11,2026-08-11 12:15:00,14.04,14.04,13.95,13.985,103412.0
2026-08-11,2026-08-11 12:20:00,13.985,14.065,13.985,14.04,36790.0
2026-08-11,2026-08-11 12:25:00,14.05,14.095,14.04,14.06,67233.0
2026-08-11,2026-08-11 12:30:00,14.055,14.08,14.03,14.05,32098.0
2026-08-11,2026-08-11 12:35:00,14.035,14.07,13.9,13.92,114115.0
2026-08-11,2026-08-11 12:40:00,13.925,13.93,13.84,13.84,48042.0
2026-08-11,2026-08-11 12:45:00,13.85,13.9099,13.85,13.85,33566.0
2026-08-11,2026-08-11 12:50:00,13.84,13.975,13.8,13.925,41840.0
2026-08-11,2026-08-11 12:55:00,13.92,13.94,13.91,13.92,14565.0
2026-08-11,2026-08-11 13:00:00,13.935,13.97,13.83,13.86,64188.0
2026-08-11,2026-08-11 13:05:00,13.86,13.86,13.78,13.83,94172.0
2026-08-11,2026-08-11 13:10:00,13.84,14.09,13.83,14.07,119883.0
2026-08-11,2026-08-11 13:15:00,14.07,14.1,14.04,14.05,47481.0
2026-08-11,2026-08-11 13:20:00,14.04,14.04,13.97,14.03,16686.0
2026-08-11,2026-08-11 13:25:00,14.03,14.04,13.99,14.0,14861.0
2026-08-11,2026-08-11 13:30:00,14.005,14.03,13.95,13.96,18148.0
2026-08-11,2026-08-11 13:35:00,13.96,13.98,13.92,13.95,18149.0
2026-08-11,2026-08-11 13:40:00,13.94,13.95,13.91,13.92,13297.0
2026-08-11,2026-08-11 13:45:00,13.9159,13.9159,13.85,13.85,19488.0
2026-08-11,2026-08-11 13:50:00,13.85,13.887,13.83,13.865,19502.0
2026-08-11,2026-08-11 13:55:00,13.865,13.865,13.81,13.85,19556.0
2026-08-11,2026-08-11 14:00:00,13.85,13.89,13.82,13.82,35824.0
2026-08-11,2026-08-11 14:05:00,13.835,13.915,13.82,13.88,40563.0
2026-08-11,2026-08-11 14:10:00,13.88,13.89,13.83,13.85,9859.0
2026-08-11,2026-08-11 14:15:00,13.85,13.94,13.84,13.92,62363.0
2026-08-11,2026-08-11 14:20:00,13.92,13.93,13.9,13.93,15281.0
2026-08-11,2026-08-11 14:25:00,13.92,13.92,13.83,13.83,15229.0
2026-08-11,2026-08-11 14:30:00,13.84,13.88,13.78,13.84,45353.0
2026-08-11,2026-08-11 14:35:00,13.855,13.88,13.81,13.845,20656.0
2026-08-11,2026-08-11 14:40:00,13.83,13.9,13.8216,13.85,48221.0
2026-08-11,2026-08-11 14:45:00,13.84,13.91,13.84,13.89,54495.0
2026-08-11,2026-08-11 14:50:00,13.9,13.98,13.89,13.94,32224.0
2026-08-11,2026-08-11 14:55:00,13.955,13.98,13.94,13.97,20131.0
2026-08-11,2026-08-11 15:00:00,13.97,13.97,13.92,13.92,26785.0
2026-08-11,2026-08-11 15:05:00,13.93,13.95,13.87,13.87,45342.0
2026-08-11,2026-08-11 15:10:00,13.86,13.875,13.79,13.79,35999.0
2026-08-11,2026-08-11 15:15:00,13.8099,13.84,13.8,13.82,27886.0
2026-08-11,2026-08-11 15:20:00,13.83,13.91,13.78,13.9,139734.0
2026-08-11,2026-08-11 15:25:00,13.905,13.95,13.89,13.93,48161.0
2026-08-11,2026-08-11 15:30:00,13.92,13.95,13.78,13.835,119182.0
2026-08-11,2026-08-11 15:35:00,13.84,13.91,13.83,13.87,35233.0
2026-08-11,2026-08-11 15:40:00,13.865,13.88,13.8,13.82,26228.0
2026-08-11,2026-08-11 15:45:00,13.81,13.82,13.72,13.74,64755.0
2026-08-11,2026-08-11 15:50:00,13.73,13.73,13.6,13.625,57066.0
2026-08-11,2026-08-11 15:55:00,13.63,13.66,13.51,13.52,125504.0
2026-08-11,2026-08-11 16:00:00,13.52,13.69,13.5,13.65,732448.0
2026-08-12,2026-08-12 09:35:00,13.62,14.15,13.62,14.14,81949.0
2026-08-12,2026-08-12 09:40:00,14.14,14.42,14.14,14.32,152963.0
2026-08-12,2026-08-12 09:45:00,14.35,14.76,14.18,14.66,173059.0
2026-08-12,2026-08-12 09:50:00,14.67,14.735,14.57,14.605,71260.0
2026-08-12,2026-08-12 09:55:00,14.605,14.84,14.58,14.79,114756.0
2026-08-12,2026-08-12 10:00:00,14.83,14.95,14.715,14.9,127491.0
2026-08-12,2026-08-12 10:05:00,14.9,15.0,14.84,14.95,271907.0
2026-08-12,2026-08-12 10:10:00,14.965,15.06,14.9,15.04,431314.0
2026-08-12,2026-08-12 10:15:00,15.06,15.08,14.95,15.005,325017.0
2026-08-12,2026-08-12 10:20:00,15.02,15.07,14.96,15.0093,128823.0
2026-08-12,2026-08-12 10:25:00,15.01,15.05,14.91,14.975,117004.0
2026-08-12,2026-08-12 10:30:00,14.98,15.09,14.97,15.07,89854.0
2026-08-12,2026-08-12 10:35:00,15.07,15.28,15.05,15.275,166980.0
2026-08-12,2026-08-12 10:40:00,15.27,15.36,15.25,15.28,206225.0
2026-08-12,2026-08-12 10:45:00,15.28,15.3698,15.24,15.28,106204.0
2026-08-12,2026-08-12 10:50:00,15.255,15.37,15.2212,15.353,104186.0
2026-08-12,2026-08-12 10:55:00,15.355,15.37,15.28,15.32,76635.0
2026-08-12,2026-08-12 11:00:00,15.32,15.43,15.3,15.35,75664.0
2026-08-12,2026-08-12 11:05:00,15.35,15.44,15.34,15.4101,76672.0
2026-08-12,2026-08-12 11:10:00,15.44,15.45,15.342,15.37,57208.0
2026-08-12,2026-08-12 11:15:00,15.37,15.39,15.3,15.31,76768.0
2026-08-12,2026-08-12 11:20:00,15.31,15.41,15.295,15.34,32149.0
2026-08-12,2026-08-12 11:25:00,15.34,15.38,15.3201,15.375,32592.0
2026-08-12,2026-08-12 11:30:00,15.37,15.4,15.33,15.335,42797.0
2026-08-12,2026-08-12 11:35:00,15.335,15.43,15.3,15.43,41536.0
2026-08-12,2026-08-12 11:40:00,15.4272,15.48,15.36,15.41,86133.0
2026-08-12,2026-08-12 11:45:00,15.405,15.47,15.38,15.45,19697.0
2026-08-12,2026-08-12 11:50:00,15.4499,15.615,15.37,15.58,206568.0
2026-08-12,2026-08-12 11:55:00,15.58,15.645,15.5,15.6301,180483.0
2026-08-12,2026-08-12 12:00:00,15.64,15.68,15.54,15.55,60022.0
2026-08-12,2026-08-12 12:05:00,15.55,15.605,15.51,15.6,77312.0
2026-08-12,2026-08-12 12:10:00,15.5808,15.6,15.5,15.56,48212.0
2026-08-12,2026-08-12 12:15:00,15.545,15.62,15.4879,15.4879,111719.0
2026-08-12,2026-08-12 12:20:00,15.5,15.57,15.49,15.56,31605.0
2026-08-12,2026-08-12 12:25:00,15.565,15.605,15.54,15.59,23234.0
2026-08-12,2026-08-12 12:30:00,15.58,15.59,15.41,15.52,52615.0
2026-08-12,2026-08-12 12:35:00,15.5,15.53,15.41,15.47,30455.0
2026-08-12,2026-08-12 12:40:00,15.48,15.51,15.48,15.495,15956.0
2026-08-12,2026-08-12 12:45:00,15.49,15.52,15.38,15.395,86742.0
2026-08-12,2026-08-12 12:50:00,15.38,15.41,15.25,15.25,108152.0
2026-08-12,2026-08-12 12:55:00,15.24,15.275,15.15,15.22,65763.0
2026-08-12,2026-08-12 13:00:00,15.21,15.225,15.06,15.1,63340.0
2026-08-12,2026-08-12 13:05:00,15.1,15.23,15.07,15.16,97207.0
2026-08-12,2026-08-12 13:10:00,15.17,15.2,15.1,15.115,41847.0
2026-08-12,2026-08-12 13:15:00,15.115,15.15,15.04,15.095,45874.0
2026-08-12,2026-08-12 13:20:00,15.1,15.13,15.07,15.12,24898.0
2026-08-12,2026-08-12 13:25:00,15.125,15.13,15.08,15.12,28578.0
2026-08-12,2026-08-12 13:30:00,15.12,15.17,15.105,15.105,35699.0
2026-08-12,2026-08-12 13:35:00,15.1,15.14,15.09,15.1396,19413.0
2026-08-12,2026-08-12 13:40:00,15.135,15.16,15.04,15.04,54296.0
2026-08-12,2026-08-12 13:45:00,15.04,15.15,15.02,15.15,44102.0
2026-08-12,2026-08-12 13:50:00,15.15,15.15,15.07,15.13,56761.0
2026-08-12,2026-08-12 13:55:00,15.13,15.18,15.1276,15.17,19101.0
2026-08-12,2026-08-12 14:00:00,15.17,15.17,15.1,15.13,45318.0
2026-08-12,2026-08-12 14:05:00,15.13,15.13,15.07,15.1,33587.0
2026-08-12,2026-08-12 14:10:00,15.1,15.14,15.1,15.12,16726.0
2026-08-12,2026-08-12 14:15:00,15.11,15.145,15.11,15.115,18930.0
2026-08-12,2026-08-12 14:20:00,15.115,15.115,15.06,15.1,53001.0
2026-08-12,2026-08-12 14:25:00,15.105,15.145,15.0952,15.145,27659.0
2026-08-12,2026-08-12 14:30:00,15.15,15.2,15.11,15.16,36686.0
2026-08-12,2026-08-12 14:35:00,15.15,15.18,15.11,15.14,37332.0
2026-08-12,2026-08-12 14:40:00,15.14,15.215,15.13,15.195,29594.0
2026-08-12,2026-08-12 14:45:00,15.19,15.225,15.19,15.2,30724.0
2026-08-12,2026-08-12 14:50:00,15.2,15.29,15.2,15.2654,62628.0
2026-08-12,2026-08-12 14:55:00,15.27,15.29,15.25,15.29,30761.0
2026-08-12,2026-08-12 15:00:00,15.29,15.358,15.28,15.35,41021.0
2026-08-12,2026-08-12 15:05:00,15.34,15.34,15.3,15.32,36070.0
2026-08-12,2026-08-12 15:10:00,15.32,15.34,15.31,15.34,35566.0
2026-08-12,2026-08-12 15:15:00,15.33,15.37,15.32,15.37,52033.0
2026-08-12,2026-08-12 15:20:00,15.37,15.4,15.34,15.36,43291.0
2026-08-12,2026-08-12 15:25:00,15.36,15.375,15.34,15.3595,25597.0
2026-08-12,2026-08-12 15:30:00,15.35,15.35,15.32,15.34,31682.0
2026-08-12,2026-08-12 15:35:00,15.34,15.355,15.2849,15.31,66777.0
2026-08-12,2026-08-12 15:40:00,15.31,15.39,15.29,15.3,72898.0
2026-08-12,2026-08-12 15:45:00,15.3,15.32,15.2075,15.2075,85248.0
2026-08-12,2026-08-12 15:50:00,15.21,15.22,15.15,15.15,75539.0
2026-08-12,2026-08-12 15:55:00,15.15,15.25,15.07,15.19,149775.0
2026-08-12,2026-08-12 16:00:00,15.21,15.26,15.08,15.24,1533932.0
2026-08-13,2026-08-13 09:35:00,15.0,15.25,15.0,15.07,137987.0
2026-08-13,2026-08-13 09:40:00,15.09,15.25,15.03,15.22,148547.0
2026-08-13,2026-08-13 09:45:00,15.19,15.24,15.03,15.05,189069.0
2026-08-13,2026-08-13 09:50:00,15.07,15.15,15.02,15.13,124064.0
2026-08-13,2026-08-13 09:55:00,15.14,15.18,14.98,15.12,50537.0
2026-08-13,2026-08-13 10:00:00,15.15,15.25,15.12,15.24,30724.0
2026-08-13,2026-08-13 10:05:00,15.24,15.36,15.22,15.27,67964.0
2026-08-13,2026-08-13 10:10:00,15.25,15.34,15.24,15.295,15333.0
2026-08-13,2026-08-13 10:15:00,15.2912,15.37,15.28,15.365,12925.0
2026-08-13,2026-08-13 10:20:00,15.37,15.3813,15.295,15.295,28123.0
2026-08-13,2026-08-13 10:25:00,15.3,15.44,15.29,15.4,17820.0
2026-08-13,2026-08-13 10:30:00,15.385,15.385,15.32,15.335,13851.0
2026-08-13,2026-08-13 10:35:00,15.35,15.38,15.33,15.36,26351.0
2026-08-13,2026-08-13 10:40:00,15.3799,15.44,15.37,15.39,13877.0
2026-08-13,2026-08-13 10:45:00,15.39,15.39,15.3,15.33,19207.0
2026-08-13,2026-08-13 10:50:00,15.32,15.3241,15.24,15.255,15478.0
2026-08-13,2026-08-13 10:55:00,15.27,15.28,15.24,15.255,9677.0
2026-08-13,2026-08-13 11:00:00,15.22,15.28,15.21,15.26,12307.0
2026-08-13,2026-08-13 11:05:00,15.27,15.32,15.26,15.285,13573.0
2026-08-13,2026-08-13 11:10:00,15.27,15.325,15.26,15.325,13287.0
2026-08-13,2026-08-13 11:15:00,15.33,15.6,15.33,15.6,52763.0
2026-08-13,2026-08-13 11:20:00,15.59,15.59,15.53,15.54,28363.0
2026-08-13,2026-08-13 11:25:00,15.54,15.555,15.51,15.535,15522.0
2026-08-13,2026-08-13 11:30:00,15.535,15.535,15.33,15.33,24091.0
2026-08-13,2026-08-13 11:35:00,15.34,15.36,15.31,15.34,17730.0
2026-08-13,2026-08-13 11:40:00,15.34,15.41,15.34,15.36,22702.0
2026-08-13,2026-08-13 11:45:00,15.38,15.44,15.365,15.42,30209.0
2026-08-13,2026-08-13 11:50:00,15.4,15.425,15.4,15.42,13998.0
2026-08-13,2026-08-13 11:55:00,15.43,15.43,15.39,15.395,13583.0
2026-08-13,2026-08-13 12:00:00,15.395,15.4399,15.395,15.43,11878.0
2026-08-13,2026-08-13 12:05:00,15.4399,15.45,15.43,15.435,14199.0
2026-08-13,2026-08-13 12:10:00,15.435,15.5999,15.43,15.575,56779.0
2026-08-13,2026-08-13 12:15:00,15.59,15.705,15.45,15.46,79265.0
2026-08-13,2026-08-13 12:20:00,15.48,15.5399,15.39,15.5399,44639.0
2026-08-13,2026-08-13 12:25:00,15.525,15.525,15.45,15.465,15589.0
2026-08-13,2026-08-13 12:30:00,15.475,15.52,15.45,15.52,9988.0
2026-08-13,2026-08-13 12:35:00,15.52,15.55,15.51,15.54,22067.0
2026-08-13,2026-08-13 12:40:00,15.54,15.56,15.54,15.54,26328.0
2026-08-13,2026-08-13 12:45:00,15.53,15.57,15.53,15.56,23596.0
2026-08-13,2026-08-13 12:50:00,15.55,15.56,15.54,15.55,11332.0
2026-08-13,2026-08-13 12:55:00,15.54,15.55,15.52,15.54,16191.0
2026-08-13,2026-08-13 13:00:00,15.535,15.54,15.5,15.54,15227.0
2026-08-13,2026-08-13 13:05:00,15.54,15.565,15.49,15.51,22100.0
2026-08-13,2026-08-13 13:10:00,15.51,15.525,15.4301,15.4301,15303.0
2026-08-13,2026-08-13 13:15:00,15.45,15.49,15.44,15.46,12566.0
2026-08-13,2026-08-13 13:20:00,15.45,15.48,15.45,15.46,9438.0
2026-08-13,2026-08-13 13:25:00,15.47,15.479,15.37,15.43,25339.0
2026-08-13,2026-08-13 13:30:00,15.43,15.43,15.34,15.34,9011.0
2026-08-13,2026-08-13 13:35:00,15.36,15.37,15.35,15.35,13142.0
2026-08-13,2026-08-13 13:40:00,15.345,15.41,15.33,15.38,35748.0
2026-08-13,2026-08-13 13:45:00,15.38,15.38,15.28,15.28,9300.0
2026-08-13,2026-08-13 13:50:00,15.295,15.33,15.28,15.29,22692.0
2026-08-13,2026-08-13 13:55:00,15.29,15.33,15.25,15.3,23802.0
2026-08-13,2026-08-13 14:00:00,15.3,15.33,15.3,15.32,15148.0
2026-08-13,2026-08-13 14:05:00,15.33,15.34,15.3,15.34,13548.0
2026-08-13,2026-08-13 14:10:00,15.34,15.36,15.32,15.34,10923.0
2026-08-13,2026-08-13 14:15:00,15.34,15.365,15.34,15.36,9176.0
2026-08-13,2026-08-13 14:20:00,15.3659,15.42,15.34,15.41,27689.0
2026-08-13,2026-08-13 14:25:00,15.41,15.43,15.4,15.4172,7998.0
2026-08-13,2026-08-13 14:30:00,15.41,15.415,15.36,15.39,11917.0
2026-08-13,2026-08-13 14:35:00,15.4,15.4,15.36,15.38,7966.0
2026-08-13,2026-08-13 14:40:00,15.38,15.4,15.37,15.375,14690.0
2026-08-13,2026-08-13 14:45:00,15.37,15.375,15.35,15.36,8703.0
2026-08-13,2026-08-13 14:50:00,15.36,15.37,15.325,15.345,18078.0
2026-08-13,2026-08-13 14:55:00,15.345,15.365,15.34,15.36,12403.0
2026-08-13,2026-08-13 15:00:00,15.36,15.365,15.28,15.28,11051.0
2026-08-13,2026-08-13 15:05:00,15.29,15.29,15.26,15.27,11278.0
2026-08-13,2026-08-13 15:10:00,15.28,15.36,15.28,15.33,27942.0
2026-08-13,2026-08-13 15:15:00,15.32,15.35,15.28,15.29,14571.0
2026-08-13,2026-08-13 15:20:00,15.3,15.31,15.27,15.27,16102.0
2026-08-13,2026-08-13 15:25:00,15.26,15.28,15.25,15.25,18612.0
2026-08-13,2026-08-13 15:30:00,15.25,15.2899,15.25,15.26,15949.0
2026-08-13,2026-08-13 15:35:00,15.24,15.265,15.21,15.24,26827.0
2026-08-13,2026-08-13 15:40:00,15.23,15.24,15.21,15.23,30446.0
2026-08-13,2026-08-13 15:45:00,15.229,15.23,15.19,15.21,51399.0
2026-08-13,2026-08-13 15:50:00,15.2,15.22,15.14,15.18,37206.0
2026-08-13,2026-08-13 15:55:00,15.18,15.18,15.08,15.09,91380.0
2026-08-13,2026-08-13 16:00:00,15.09,15.22,15.01,15.19,939988.0
2026-08-14,2026-08-14 09:35:00,15.19,15.32,15.1,15.15,72993.0
2026-08-14,2026-08-14 09:40:00,15.19,15.23,14.91,14.96,67946.0
2026-08-14,2026-08-14 09:45:00,14.98,15.18,14.96,15.035,68547.0
2026-08-14,2026-08-14 09:50:00,15.05,15.05,14.83,14.98,51973.0
2026-08-14,2026-08-14 09:55:00,14.99,15.135,14.94,15.11,34723.0
2026-08-14,2026-08-14 10:00:00,15.09,15.135,15.07,15.115,22409.0
2026-08-14,2026-08-14 10:05:00,15.09,15.14,14.92,15.14,47838.0
2026-08-14,2026-08-14 10:10:00,15.135,15.3,15.135,15.21,26783.0
2026-08-14,2026-08-14 10:15:00,15.197,15.24,15.14,15.14,12610.0
2026-08-14,2026-08-14 10:20:00,15.15,15.19,15.02,15.12,28486.0
2026-08-14,2026-08-14 10:25:00,15.12,15.18,15.115,15.16,24780.0
2026-08-14,2026-08-14 10:30:00,15.17,15.18,15.13,15.16,15240.0
2026-08-14,2026-08-14 10:35:00,15.15,15.2,15.1,15.195,12301.0
2026-08-14,2026-08-14 10:40:00,15.2,15.24,15.16,15.16,17688.0
2026-08-14,2026-08-14 10:45:00,15.17,15.235,15.16,15.18,18431.0
2026-08-14,2026-08-14 10:50:00,15.185,15.19,15.05,15.085,21796.0
2026-08-14,2026-08-14 10:55:00,15.08,15.08,15.015,15.025,22280.0
2026-08-14,2026-08-14 11:00:00,15.04,15.12,15.03,15.1,12172.0
2026-08-14,2026-08-14 11:05:00,15.095,15.11,15.06,15.07,10491.0
2026-08-14,2026-08-14 11:10:00,15.07,15.115,15.06,15.115,15459.0
2026-08-14,2026-08-14 11:15:00,15.12,15.17,15.12,15.16,10410.0
2026-08-14,2026-08-14 11:20:00,15.165,15.29,15.15,15.235,70020.0
2026-08-14,2026-08-14 11:25:00,15.25,15.36,15.24,15.33,83135.0
2026-08-14,2026-08-14 11:30:00,15.34,15.39,15.31,15.33,31152.0
2026-08-14,2026-08-14 11:35:00,15.32,15.345,15.27,15.2805,19602.0
2026-08-14,2026-08-14 11:40:00,15.3,15.325,15.26,15.285,26621.0
2026-08-14,2026-08-14 11:45:00,15.29,15.29,15.2401,15.27,14266.0
2026-08-14,2026-08-14 11:50:00,15.26,15.27,15.175,15.18,23215.0
2026-08-14,2026-08-14 11:55:00,15.175,15.25,15.175,15.245,9332.0
2026-08-14,2026-08-14 12:00:00,15.25,15.265,15.245,15.25,12647.0
2026-08-14,2026-08-14 12:05:00,15.25,15.29,15.22,15.22,14731.0
2026-08-14,2026-08-14 12:10:00,15.22,15.275,15.22,15.24,10493.0
2026-08-14,2026-08-14 12:15:00,15.235,15.29,15.2314,15.29,5606.0
2026-08-14,2026-08-14 12:20:00,15.285,15.33,15.285,15.33,9155.0
2026-08-14,2026-08-14 12:25:00,15.325,15.325,15.28,15.289,9056.0
2026-08-14,2026-08-14 12:30:00,15.29,15.3,15.27,15.27,12418.0
2026-08-14,2026-08-14 12:35:00,15.26,15.26,15.19,15.22,23107.0
2026-08-14,2026-08-14 12:40:00,15.22,15.25,15.215,15.245,10475.0
2026-08-14,2026-08-14 12:45:00,15.245,15.245,15.185,15.185,12488.0
2026-08-14,2026-08-14 12:50:00,15.19,15.19,15.0451,15.05,22669.0
2026-08-14,2026-08-14 12:55:00,15.05,15.1,15.05,15.09,6610.0
2026-08-14,2026-08-14 13:00:00,15.09,15.105,15.05,15.06,14502.0
2026-08-14,2026-08-14 13:05:00,15.06,15.06,15.01,15.05,16680.0
2026-08-14,2026-08-14 13:10:00,15.06,15.12,15.05,15.12,17351.0
2026-08-14,2026-08-14 13:15:00,15.115,15.12,15.1092,15.11,8848.0
2026-08-14,2026-08-14 13:20:00,15.119,15.15,15.11,15.11,10430.0
2026-08-14,2026-08-14 13:25:00,15.1,15.105,15.08,15.08,7498.0
2026-08-14,2026-08-14 13:30:00,15.075,15.095,15.0554,15.095,7637.0
2026-08-14,2026-08-14 13:35:00,15.095,15.105,15.07,15.085,9536.0
2026-08-14,2026-08-14 13:40:00,15.09,15.125,15.08,15.125,12487.0
2026-08-14,2026-08-14 13:45:00,15.125,15.125,15.05,15.09,19888.0
2026-08-14,2026-08-14 13:50:00,15.07,15.07,15.05,15.055,8353.0
2026-08-14,2026-08-14 13:55:00,15.055,15.085,15.055,15.06,7960.0
2026-08-14,2026-08-14 14:00:00,15.06,15.08,15.05,15.075,11716.0
2026-08-14,2026-08-14 14:05:00,15.07,15.095,15.06,15.09,7354.0
2026-08-14,2026-08-14 14:10:00,15.09,15.09,15.06,15.065,10437.0
2026-08-14,2026-08-14 14:15:00,15.06,15.06,15.02,15.04,12662.0
2026-08-14,2026-08-14 14:20:00,15.05,15.09,15.05,15.065,8689.0
2026-08-14,2026-08-14 14:25:00,15.05,15.0896,15.05,15.0896,5545.0
2026-08-14,2026-08-14 14:30:00,15.085,15.09,15.06,15.09,10603.0
2026-08-14,2026-08-14 14:35:00,15.09,15.095,15.06,15.06,5856.0
2026-08-14,2026-08-14 14:40:00,15.07,15.08,15.06,15.075,9739.0
2026-08-14,2026-08-14 14:45:00,15.08,15.085,15.0101,15.04,18968.0
2026-08-14,2026-08-14 14:50:00,15.03,15.075,15.015,15.015,13170.0
2026-08-14,2026-08-14 14:55:00,15.015,15.015,14.985,15.005,11591.0
2026-08-14,2026-08-14 15:00:00,15.005,15.025,15.005,15.01,11664.0
2026-08-14,2026-08-14 15:05:00,15.0,15.02,14.99,15.0,9733.0
2026-08-14,2026-08-14 15:10:00,14.99,15.005,14.98,15.005,10355.0
2026-08-14,2026-08-14 15:15:00,14.99,15.015,14.97,14.99,15475.0
2026-08-14,2026-08-14 15:20:00,14.985,15.02,14.96,14.9751,15905.0
2026-08-14,2026-08-14 15:25:00,14.98,15.015,14.9602,14.99,17349.0
2026-08-14,2026-08-14 15:30:00,14.97,15.04,14.95,14.99,35899.0
2026-08-14,2026-08-14 15:35:00,14.98,14.985,14.88,14.9,39333.0
2026-08-14,2026-08-14 15:40:00,14.895,14.95,14.89,14.89,49450.0
2026-08-14,2026-08-14 15:45:00,14.895,14.93,14.87,14.91,45251.0
2026-08-14,2026-08-14 15:50:00,14.9,14.9015,14.84,14.855,53214.0
2026-08-14,2026-08-14 15:55:00,14.84,14.88,14.765,14.77,96115.0
2026-08-14,2026-08-14 16:00:00,14.77,14.99,14.685,14.97,595856.0
2026-08-17,2026-08-17 09:35:00,14.65,14.69,14.15,14.4,133816.0
2026-08-17,2026-08-17 09:40:00,14.355,14.43,14.3,14.36,28058.0
2026-08-17,2026-08-17 09:45:00,14.41,14.41,14.11,14.1232,36638.0
2026-08-17,2026-08-17 09:50:00,14.12,14.24,14.05,14.2353,50315.0
2026-08-17,2026-08-17 09:55:00,14.225,14.29,14.19,14.225,18653.0
2026-08-17,2026-08-17 10:00:00,14.225,14.25,14.1352,14.245,21977.0
2026-08-17,2026-08-17 10:05:00,14.245,14.3895,14.21,14.2698,27792.0
2026-08-17,2026-08-17 10:10:00,14.29,14.298,14.185,14.23,24723.0
2026-08-17,2026-08-17 10:15:00,14.23,14.28,14.22,14.24,17023.0
2026-08-17,2026-08-17 10:20:00,14.248,14.29,14.215,14.27,16928.0
2026-08-17,2026-08-17 10:25:00,14.27,14.29,14.19,14.23,26477.0
2026-08-17,2026-08-17 10:30:00,14.23,14.29,14.17,14.28,107356.0
2026-08-17,2026-08-17 10:35:00,14.28,14.37,14.26,14.31,18792.0
2026-08-17,2026-08-17 10:40:00,14.28,14.29,14.12,14.12,290836.0
2026-08-17,2026-08-17 10:45:00,14.135,14.17,14.12,14.135,29643.0
2026-08-17,2026-08-17 10:50:00,14.15,14.17,14.12,14.14,42425.0
2026-08-17,2026-08-17 10:55:00,14.14,14.16,14.1,14.16,47595.0
2026-08-17,2026-08-17 11:00:00,14.185,14.24,14.185,14.21,20982.0
2026-08-17,2026-08-17 11:05:00,14.21,14.3,14.1,14.235,139306.0
2026-08-17,2026-08-17 11:10:00,14.24,14.29,14.165,14.18,126548.0
2026-08-17,2026-08-17 11:15:00,14.18,14.29,14.18,14.24,67126.0
2026-08-17,2026-08-17 11:20:00,14.24,14.29,14.21,14.285,34663.0
2026-08-17,2026-08-17 11:25:00,14.3,14.32,14.27,14.31,9999.0
2026-08-17,2026-08-17 11:30:00,14.33,14.5,14.33,14.49,58524.0
2026-08-17,2026-08-17 11:35:00,14.465,14.49,14.41,14.46,37270.0
2026-08-17,2026-08-17 11:40:00,14.46,14.46,14.39,14.4,22215.0
2026-08-17,2026-08-17 11:45:00,14.4,14.41,14.35,14.35,27107.0
2026-08-17,2026-08-17 11:50:00,14.35,14.37,14.255,14.28,25707.0
2026-08-17,2026-08-17 11:55:00,14.29,14.32,14.29,14.3,16622.0
2026-08-17,2026-08-17 12:00:00,14.3,14.35,14.3,14.32,26366.0
2026-08-17,2026-08-17 12:05:00,14.32,14.335,14.315,14.32,15183.0
2026-08-17,2026-08-17 12:10:00,14.315,14.35,14.315,14.34,11456.0
2026-08-17,2026-08-17 12:15:00,14.34,14.34,14.305,14.34,19410.0
2026-08-17,2026-08-17 12:20:00,14.345,14.35,14.265,14.32,28564.0
2026-08-17,2026-08-17 12:25:00,14.33,14.36,14.32,14.335,16736.0
2026-08-17,2026-08-17 12:30:00,14.3301,14.39,14.3301,14.39,16363.0
2026-08-17,2026-08-17 12:35:00,14.38,14.445,14.36,14.405,42326.0
2026-08-17,2026-08-17 12:40:00,14.4194,14.425,14.385,14.39,40579.0
2026-08-17,2026-08-17 12:45:00,14.41,14.44,14.37,14.37,35637.0
2026-08-17,2026-08-17 12:50:00,14.37,14.38,14.27,14.29,15328.0
2026-08-17,2026-08-17 12:55:00,14.29,14.32,14.275,14.32,11887.0
2026-08-17,2026-08-17 13:00:00,14.33,14.33,14.22,14.23,20456.0
2026-08-17,2026-08-17 13:05:00,14.23,14.35,14.205,14.338,23853.0
2026-08-17,2026-08-17 13:10:00,14.335,14.36,14.32,14.355,20066.0
2026-08-17,2026-08-17 13:15:00,14.355,14.3739,14.3,14.3,40511.0
2026-08-17,2026-08-17 13:20:00,14.3,14.325,14.29,14.32,13471.0
2026-08-17,2026-08-17 13:25:00,14.315,14.33,14.28,14.28,14606.0
2026-08-17,2026-08-17 13:30:00,14.28,14.315,14.27,14.3,18477.0
2026-08-17,2026-08-17 13:35:00,14.3,14.345,14.3,14.32,16340.0
2026-08-17,2026-08-17 13:40:00,14.31,14.38,14.31,14.38,17684.0
2026-08-17,2026-08-17 13:45:00,14.39,14.44,14.38,14.43,12562.0
2026-08-17,2026-08-17 13:50:00,14.43,14.48,14.43,14.47,23859.0
2026-08-17,2026-08-17 13:55:00,14.46,14.47,14.33,14.345,14094.0
2026-08-17,2026-08-17 14:00:00,14.34,14.36,14.33,14.35,24029.0
2026-08-17,2026-08-17 14:05:00,14.35,14.42,14.325,14.385,14584.0
2026-08-17,2026-08-17 14:10:00,14.385,14.41,14.37,14.37,10907.0
2026-08-17,2026-08-17 14:15:00,14.37,14.44,14.35,14.405,20804.0
2026-08-17,2026-08-17 14:20:00,14.4001,14.41,14.355,14.385,21312.0
2026-08-17,2026-08-17 14:25:00,14.385,14.395,14.36,14.39,21778.0
2026-08-17,2026-08-17 14:30:00,14.39,14.4,14.36,14.38,29071.0
2026-08-17,2026-08-17 14:35:00,14.38,14.4,14.36,14.385,112942.0
2026-08-17,2026-08-17 14:40:00,14.385,14.39,14.3,14.31,18642.0
2026-08-17,2026-08-17 14:45:00,14.315,14.4,14.3,14.4,29841.0
2026-08-17,2026-08-17 14:50:00,14.395,14.4,14.345,14.38,28828.0
2026-08-17,2026-08-17 14:55:00,14.38,14.4,14.38,14.395,12435.0
2026-08-17,2026-08-17 15:00:00,14.4,14.52,14.4,14.52,61655.0
2026-08-17,2026-08-17 15:05:00,14.52,14.57,14.52,14.57,19647.0
2026-08-17,2026-08-17 15:10:00,14.57,14.59,14.545,14.5623,27154.0
2026-08-17,2026-08-17 15:15:00,14.565,14.59,14.5615,14.5615,16746.0
2026-08-17,2026-08-17 15:20:00,14.57,14.61,14.5644,14.59,17704.0
2026-08-17,2026-08-17 15:25:00,14.59,14.59,14.46,14.49,42702.0
2026-08-17,2026-08-17 15:30:00,14.49,14.49,14.385,14.39,55069.0
2026-08-17,2026-08-17 15:35:00,14.385,14.44,14.28,14.395,136436.0
2026-08-17,2026-08-17 15:40:00,14.41,14.46,14.32,14.41,92967.0
2026-08-17,2026-08-17 15:45:00,14.41,14.58,14.38,14.57,115027.0
2026-08-17,2026-08-17 15:50:00,14.56,14.68,14.56,14.64,123224.0
2026-08-17,2026-08-17 15:55:00,14.63,14.675,14.62,14.673,102123.0
2026-08-17,2026-08-17 16:00:00,14.66,14.67,14.59,14.63,475594.0
2026-08-18,2026-08-18 09:35:00,14.6,14.97,14.5,14.815,44809.0
2026-08-18,2026-08-18 09:40:00,14.82,15.0,14.82,14.84,46628.0
2026-08-18,2026-08-18 09:45:00,14.86,14.93,14.81,14.8473,13840.0
2026-08-18,2026-08-18 09:50:00,14.88,14.88,14.77,14.795,25712.0
2026-08-18,2026-08-18 09:55:00,14.79,14.863,14.7,14.855,18183.0
2026-08-18,2026-08-18 10:00:00,14.89,15.0,14.8527,14.885,39823.0
2026-08-18,2026-08-18 10:05:00,14.885,14.98,14.88,14.94,12788.0
2026-08-18,2026-08-18 10:10:00,14.935,15.1338,14.935,15.06,33225.0
2026-08-18,2026-08-18 10:15:00,15.045,15.0842,15.0,15.06,29354.0
2026-08-18,2026-08-18 10:20:00,15.07,15.105,15.04,15.05,26734.0
2026-08-18,2026-08-18 10:25:00,15.06,15.09,15.05,15.07,10999.0
2026-08-18,2026-08-18 10:30:00,15.065,15.11,15.06,15.0745,14151.0
2026-08-18,2026-08-18 10:35:00,15.08,15.21,15.08,15.16,18811.0
2026-08-18,2026-08-18 10:40:00,15.15,15.15,15.115,15.13,8792.0
2026-08-18,2026-08-18 10:45:00,15.14,15.14,15.02,15.03,22540.0
2026-08-18,2026-08-18 10:50:00,15.04,15.0581,15.0108,15.03,13545.0
2026-08-18,2026-08-18 10:55:00,15.035,15.08,15.02,15.055,9320.0
2026-08-18,2026-08-18 11:00:00,15.04,15.0478,14.99,15.01,15777.0
2026-08-18,2026-08-18 11:05:00,15.005,15.15,15.005,15.12,9912.0
2026-08-18,2026-08-18 11:10:00,15.135,15.15,15.1,15.15,8805.0
2026-08-18,2026-08-18 11:15:00,15.145,15.2,15.145,15.18,6962.0
2026-08-18,2026-08-18 11:20:00,15.175,15.24,15.17,15.23,36477.0
2026-08-18,2026-08-18 11:25:00,15.22,15.32,15.2106,15.31,8942.0
2026-08-18,2026-08-18 11:30:00,15.315,15.315,15.25,15.29,23565.0
2026-08-18,2026-08-18 11:35:00,15.31,15.43,15.29,15.4269,28549.0
2026-08-18,2026-08-18 11:40:00,15.43,15.43,15.345,15.3992,22013.0
2026-08-18,2026-08-18 11:45:00,15.405,15.44,15.36,15.42,26796.0
2026-08-18,2026-08-18 11:50:00,15.42,15.44,15.32,15.37,26897.0
2026-08-18,2026-08-18 11:55:00,15.37,15.4732,15.37,15.43,15706.0
2026-08-18,2026-08-18 12:00:00,15.43,15.45,15.395,15.45,15537.0
2026-08-18,2026-08-18 12:05:00,15.45,15.46,15.33,15.33,29910.0
2026-08-18,2026-08-18 12:10:00,15.335,15.36,15.315,15.345,8264.0
2026-08-18,2026-08-18 12:15:00,15.355,15.365,15.32,15.32,7207.0
2026-08-18,2026-08-18 12:20:00,15.32,15.39,15.32,15.37,12373.0
2026-08-18,2026-08-18 12:25:00,15.36,15.37,15.28,15.3396,18432.0
2026-08-18,2026-08-18 12:30:00,15.34,15.36,15.31,15.32,12746.0
2026-08-18,2026-08-18 12:35:00,15.33,15.3846,15.33,15.35,11542.0
2026-08-18,2026-08-18 12:40:00,15.35,15.36,15.186,15.305,60864.0
2026-08-18,2026-08-18 12:45:00,15.305,15.33,15.265,15.33,10186.0
2026-08-18,2026-08-18 12:50:00,15.34,15.44,15.325,15.39,19548.0
2026-08-18,2026-08-18 12:55:00,15.3977,15.425,15.37,15.41,8398.0
2026-08-18,2026-08-18 13:00:00,15.42,15.4204,15.4,15.4,6350.0
2026-08-18,2026-08-18 13:05:00,15.4,15.42,15.385,15.39,9893.0
2026-08-18,2026-08-18 13:10:00,15.38,15.41,15.37,15.38,3461.0
2026-08-18,2026-08-18 13:15:00,15.4,15.44,15.3954,15.435,7111.0
2026-08-18,2026-08-18 13:20:00,15.44,15.44,15.3105,15.335,9926.0
2026-08-18,2026-08-18 13:25:00,15.33,15.35,15.32,15.34,7779.0
2026-08-18,2026-08-18 13:30:00,15.34,15.39,15.33,15.36,20138.0
2026-08-18,2026-08-18 13:35:00,15.3601,15.3601,15.32,15.33,12599.0
2026-08-18,2026-08-18 13:40:00,15.32,15.37,15.3,15.3,25401.0
2026-08-18,2026-08-18 13:45:00,15.2501,15.31,15.2501,15.31,7159.0
2026-08-18,2026-08-18 13:50:00,15.31,15.39,15.3,15.37,29844.0
2026-08-18,2026-08-18 13:55:00,15.39,15.39,15.335,15.335,8182.0
2026-08-18,2026-08-18 14:00:00,15.33,15.34,15.32,15.33,8645.0
2026-08-18,2026-08-18 14:05:00,15.325,15.35,15.32,15.34,12364.0
2026-08-18,2026-08-18 14:10:00,15.34,15.35,15.25,15.25,8048.0
2026-08-18,2026-08-18 14:15:00,15.25,15.25,15.18,15.19,15103.0
2026-08-18,2026-08-18 14:20:00,15.19,15.23,15.185,15.23,6481.0
2026-08-18,2026-08-18 14:25:00,15.23,15.23,15.2,15.21,5658.0
2026-08-18,2026-08-18 14:30:00,15.21,15.22,15.19,15.21,5363.0
2026-08-18,2026-08-18 14:35:00,15.215,15.22,15.2,15.21,9554.0
2026-08-18,2026-08-18 14:40:00,15.21,15.25,15.195,15.25,11300.0
2026-08-18,2026-08-18 14:45:00,15.2431,15.27,15.215,15.265,12516.0
2026-08-18,2026-08-18 14:50:00,15.26,15.29,15.255,15.27,11238.0
2026-08-18,2026-08-18 14:55:00,15.26,15.29,15.26,15.28,5857.0
2026-08-18,2026-08-18 15:00:00,15.275,15.28,15.27,15.275,7449.0
2026-08-18,2026-08-18 15:05:00,15.275,15.48,15.275,15.45,51384.0
2026-08-18,2026-08-18 15:10:00,15.44,15.49,15.41,15.47,18919.0
2026-08-18,2026-08-18 15:15:00,15.46,15.48,15.41,15.425,15890.0
2026-08-18,2026-08-18 15:20:00,15.43,15.435,15.4,15.405,13213.0
2026-08-18,2026-08-18 15:25:00,15.405,15.54,15.3901,15.5395,33427.0
2026-08-18,2026-08-18 15:30:00,15.535,15.56,15.52,15.54,18694.0
2026-08-18,2026-08-18 15:35:00,15.54,15.615,15.48,15.48,54678.0
2026-08-18,2026-08-18 15:40:00,15.48,15.52,15.4582,15.49,66940.0
2026-08-18,2026-08-18 15:45:00,15.495,15.56,15.48,15.54,43694.0
2026-08-18,2026-08-18 15:50:00,15.55,15.585,15.5,15.5624,129626.0
2026-08-18,2026-08-18 15:55:00,15.57,15.6,15.54,15.54,74300.0
2026-08-18,2026-08-18 16:00:00,15.55,15.6,15.55,15.58,593766.0
2026-08-19,2026-08-19 09:35:00,15.17,15.325,14.905,15.045,151289.0
2026-08-19,2026-08-19 09:40:00,15.09,15.38,15.07,15.34,92423.0
2026-08-19,2026-08-19 09:45:00,15.36,15.48,15.345,15.38,82809.0
2026-08-19,2026-08-19 09:50:00,15.4,15.54,15.385,15.42,78747.0
2026-08-19,2026-08-19 09:55:00,15.42,15.57,15.375,15.555,52062.0
2026-08-19,2026-08-19 10:00:00,15.555,15.64,15.52,15.535,42466.0
2026-08-19,2026-08-19 10:05:00,15.535,15.63,15.52,15.5727,157127.0
2026-08-19,2026-08-19 10:10:00,15.567028,15.63,15.29,15.34,147150.0
2026-08-19,2026-08-19 10:15:00,15.34,15.365,15.2,15.255,70857.0
2026-08-19,2026-08-19 10:20:00,15.24,15.24,15.13,15.19,114217.0
2026-08-19,2026-08-19 10:25:00,15.2,15.21,15.1,15.21,26980.0
2026-08-19,2026-08-19 10:30:00,15.22,15.26,15.15,15.2,24487.0
2026-08-19,2026-08-19 10:35:00,15.19,15.205,15.11,15.17,14329.0
2026-08-19,2026-08-19 10:40:00,15.165,15.21,15.075,15.1,24737.0
2026-08-19,2026-08-19 10:45:00,15.09,15.1,15.045,15.075,18071.0
2026-08-19,2026-08-19 10:50:00,15.082386,15.082386,15.0,15.0528,27290.0
2026-08-19,2026-08-19 10:55:00,15.06,15.075,15.04,15.05,27519.0
2026-08-19,2026-08-19 11:00:00,15.05,15.085,15.03,15.039,51710.0
2026-08-19,2026-08-19 11:05:00,15.03,15.03,14.895,14.97,58927.0
2026-08-19,2026-08-19 11:10:00,14.975,15.0,14.9201,14.96,34418.0
2026-08-19,2026-08-19 11:15:00,14.95,15.07,14.93,15.07,20750.0
2026-08-19,2026-08-19 11:20:00,15.07,15.08,15.02,15.06,25300.0
2026-08-19,2026-08-19 11:25:00,15.06,15.11,15.025,15.03,29165.0
2026-08-19,2026-08-19 11:30:00,15.035,15.05,15.0,15.025,25971.0
2026-08-19,2026-08-19 11:35:00,15.03,15.03,14.92,15.0,85748.0
2026-08-19,2026-08-19 11:40:00,14.985,15.0,14.94,14.94,15782.0
2026-08-19,2026-08-19 11:45:00,14.94,14.99,14.92,14.99,12547.0
2026-08-19,2026-08-19 11:50:00,14.99,15.0,14.945,14.98,19762.0
2026-08-19,2026-08-19 11:55:00,14.97,14.98,14.93,14.93,41962.0
2026-08-19,2026-08-19 12:00:00,14.93,15.005,14.9,15.005,34014.0
2026-08-19,2026-08-19 12:05:00,15.0,15.05,14.97,15.0101,72308.0
2026-08-19,2026-08-19 12:10:00,15.02,15.06,15.02,15.045,13830.0
2026-08-19,2026-08-19 12:15:00,15.04,15.06,14.97,14.97,21949.0
2026-08-19,2026-08-19 12:20:00,14.97,14.98,14.95,14.975,10258.0
2026-08-19,2026-08-19 12:25:00,14.97,14.975,14.87,14.935,32537.0
2026-08-19,2026-08-19 12:30:00,14.9325,14.9325,14.9,14.92,12838.0
2026-08-19,2026-08-19 12:35:00,14.91,14.99,14.9088,14.96,16073.0
2026-08-19,2026-08-19 12:40:00,14.96,14.96,14.92,14.96,12862.0
2026-08-19,2026-08-19 12:45:00,14.96,14.965,14.93,14.94,5684.0
2026-08-19,2026-08-19 12:50:00,14.93,14.95,14.92,14.93,11111.0
2026-08-19,2026-08-19 12:55:00,14.93,14.94,14.93,14.94,1904.0
2026-08-19,2026-08-19 13:00:00,14.94,14.95,14.93,14.95,4358.0
2026-08-19,2026-08-19 13:05:00,14.94,15.015,14.9,15.015,29740.0
2026-08-19,2026-08-19 13:10:00,15.015,15.0207,14.96,15.02,36562.0
2026-08-19,2026-08-19 13:15:00,15.02,15.03,14.975,15.025,16626.0
2026-08-19,2026-08-19 13:20:00,15.025,15.03,14.99,14.99,45858.0
2026-08-19,2026-08-19 13:25:00,15.0,15.02,15.0,15.0199,9675.0
2026-08-19,2026-08-19 13:30:00,15.015,15.015,14.96,14.99,32853.0
2026-08-19,2026-08-19 13:35:00,14.99,15.06,14.98,15.02,100197.0
2026-08-19,2026-08-19 13:40:00,15.045,15.045,14.95,14.985,48934.0
2026-08-19,2026-08-19 13:45:00,14.99,15.0,14.935,14.965,54985.0
2026-08-19,2026-08-19 13:50:00,14.97,15.0,14.97,14.995,40683.0
2026-08-19,2026-08-19 13:55:00,14.9901,14.995,14.9712,14.99,12770.0
2026-08-19,2026-08-19 14:00:00,14.99,15.0,14.96,14.97,31685.0
2026-08-19,2026-08-19 14:05:00,14.97,15.0,14.97,14.985,7923.0
2026-08-19,2026-08-19 14:10:00,14.99,15.0,14.94,14.94,43038.0
2026-08-19,2026-08-19 14:15:00,14.935,14.935,14.8512,14.91,26718.0
2026-08-19,2026-08-19 14:20:00,14.91,14.925,14.89,14.915,7020.0
2026-08-19,2026-08-19 14:25:00,14.93,14.94,14.905,14.92,14902.0
2026-08-19,2026-08-19 14:30:00,14.93,14.94,14.85,14.86,15427.0
2026-08-19,2026-08-19 14:35:00,14.86,15.0,14.85,14.9,24841.0
2026-08-19,2026-08-19 14:40:00,14.9,14.9,14.89,14.89,3773.0
2026-08-19,2026-08-19 14:45:00,14.89,14.9,14.88,14.89,13930.0
2026-08-19,2026-08-19 14:50:00,14.89,14.925,14.89,14.92,11058.0
2026-08-19,2026-08-19 14:55:00,14.93,14.94,14.925,14.93,9894.0
2026-08-19,2026-08-19 15:00:00,14.93,14.94,14.87,14.87,18015.0
2026-08-19,2026-08-19 15:05:00,14.87,14.87,14.86,14.87,7030.0
2026-08-19,2026-08-19 15:10:00,14.87,14.9,14.855,14.9,9748.0
2026-08-19,2026-08-19 15:15:00,14.89,14.9,14.86,14.87,18942.0
2026-08-19,2026-08-19 15:20:00,14.86,14.87,14.85,14.86,12409.0
2026-08-19,2026-08-19 15:25:00,14.86,14.87,14.845,14.865,15497.0
2026-08-19,2026-08-19 15:30:00,14.87,14.9,14.86,14.86,19346.0
2026-08-19,2026-08-19 15:35:00,14.87,14.89,14.855,14.875,29591.0
2026-08-19,2026-08-19 15:40:00,14.87,14.88,14.805,14.81,37739.0
2026-08-19,2026-08-19 15:45:00,14.81,14.85,14.81,14.8311,49596.0
2026-08-19,2026-08-19 15:50:00,14.83,14.83,14.78,14.815,36252.0
2026-08-19,2026-08-19 15:55:00,14.81,14.83,14.77,14.81,89475.0
2026-08-19,2026-08-19 16:00:00,14.81,14.88,14.73,14.81,481985.0
2026-08-20,2026-08-20 09:35:00,14.55,14.765,14.35,14.5,92257.0
2026-08-20,2026-08-20 09:40:00,14.5,14.7,14.4707,14.68,36185.0
2026-08-20,2026-08-20 09:45:00,14.72,14.72,14.49,14.5,42526.0
2026-08-20,2026-08-20 09:50:00,14.5,14.5,14.23,14.27,66589.0
2026-08-20,2026-08-20 09:55:00,14.28,14.2951,14.2,14.22,26393.0
2026-08-20,2026-08-20 10:00:00,14.24,14.3135,14.22,14.29,54519.0
2026-08-20,2026-08-20 10:05:00,14.28,14.32,14.23,14.28,20755.0
2026-08-20,2026-08-20 10:10:00,14.285,14.31,14.23,14.24,16523.0
2026-08-20,2026-08-20 10:15:00,14.23,14.279,14.17,14.22,25402.0
2026-08-20,2026-08-20 10:20:00,14.23,14.25,14.175,14.175,13154.0
2026-08-20,2026-08-20 10:25:00,14.19,14.29,14.175,14.27,14632.0
2026-08-20,2026-08-20 10:30:00,14.28,14.34,14.23,14.25,13672.0
2026-08-20,2026-08-20 10:35:00,14.235,14.31,14.14,14.17,33386.0
2026-08-20,2026-08-20 10:40:00,14.16,14.16,13.94,14.02,151202.0
2026-08-20,2026-08-20 10:45:00,14.01,14.12,13.985,14.07,146351.0
2026-08-20,2026-08-20 10:50:00,14.07,14.095,13.98,14.0016,30855.0
2026-08-20,2026-08-20 10:55:00,14.0,14.0,13.92,13.92,43937.0
2026-08-20,2026-08-20 11:00:00,13.93,14.05,13.92,14.01,34135.0
2026-08-20,2026-08-20 11:05:00,14.03,14.13,13.98,14.11,76193.0
2026-08-20,2026-08-20 11:10:00,14.1,14.27,14.02,14.26,147637.0
2026-08-20,2026-08-20 11:15:00,14.26,14.75,14.14,14.72,146167.0
2026-08-20,2026-08-20 11:20:00,14.72,14.72,14.46,14.51,57687.0
2026-08-20,2026-08-20 11:25:00,14.52,14.53,14.42,14.435,40298.0
2026-08-20,2026-08-20 11:30:00,14.435,14.445,14.34,14.34,55932.0
2026-08-20,2026-08-20 11:35:00,14.33,14.35,14.31,14.3231,23828.0
2026-08-20,2026-08-20 11:40:00,14.32,14.3656,14.2,14.36,70694.0
2026-08-20,2026-08-20 11:45:00,14.365,14.395,14.3015,14.3015,35794.0
2026-08-20,2026-08-20 11:50:00,14.305,14.32,14.22,14.23,40961.0
2026-08-20,2026-08-20 11:55:00,14.22,14.25,14.21,14.235,43139.0
2026-08-20,2026-08-20 12:00:00,14.23,14.23,14.2,14.22,16917.0
2026-08-20,2026-08-20 12:05:00,14.21,14.22,14.14,14.15,20939.0
2026-08-20,2026-08-20 12:10:00,14.15,14.16,14.11,14.12,15706.0
2026-08-20,2026-08-20 12:15:00,14.11,14.11,14.06,14.1,46781.0
2026-08-20,2026-08-20 12:20:00,14.085,14.1,14.06,14.07,19256.0
2026-08-20,2026-08-20 12:25:00,14.075,14.11,14.0381,14.0831,28179.0
2026-08-20,2026-08-20 12:30:00,14.07,14.15,14.05,14.1183,24197.0
2026-08-20,2026-08-20 12:35:00,14.11,14.25,14.1,14.21,38770.0
2026-08-20,2026-08-20 12:40:00,14.21,14.27,14.2,14.26,32965.0
2026-08-20,2026-08-20 12:45:00,14.285,14.375,14.27,14.3499,43220.0
2026-08-20,2026-08-20 12:50:00,14.35,14.37,14.34,14.3587,9097.0
2026-08-20,2026-08-20 12:55:00,14.37,14.385,14.35,14.36,7979.0
2026-08-20,2026-08-20 13:00:00,14.3699,14.37,14.335,14.3498,7779.0
2026-08-20,2026-08-20 13:05:00,14.335,14.3606,14.315,14.3606,17904.0
2026-08-20,2026-08-20 13:10:00,14.355,14.375,14.3,14.31,49046.0
2026-08-20,2026-08-20 13:15:00,14.31,14.39,14.31,14.38,92949.0
2026-08-20,2026-08-20 13:20:00,14.355,14.355,14.225,14.2387,32203.0
2026-08-20,2026-08-20 13:25:00,14.25,14.3,14.224,14.2283,65629.0
2026-08-20,2026-08-20 13:30:00,14.225,14.3,14.225,14.26,19276.0
2026-08-20,2026-08-20 13:35:00,14.25,14.3,14.25,14.3,15429.0
2026-08-20,2026-08-20 13:40:00,14.3,14.32,14.29,14.2931,13556.0
2026-08-20,2026-08-20 13:45:00,14.2988,14.3231,14.2988,14.3231,7988.0
2026-08-20,2026-08-20 13:50:00,14.33,14.35,14.32,14.34,6133.0
2026-08-20,2026-08-20 13:55:00,14.35,14.36,14.32,14.34,13939.0
2026-08-20,2026-08-20 14:00:00,14.33,14.35,14.31,14.33,12762.0
2026-08-20,2026-08-20 14:05:00,14.32,14.38,14.31,14.34,35473.0
2026-08-20,2026-08-20 14:10:00,14.33,14.35,14.3231,14.3488,13425.0
2026-08-20,2026-08-20 14:15:00,14.34,14.38,14.34,14.3799,30718.0
2026-08-20,2026-08-20 14:20:00,14.37,14.45,14.35,14.38,105646.0
2026-08-20,2026-08-20 14:25:00,14.38,14.48,14.37,14.4688,168734.0
2026-08-20,2026-08-20 14:30:00,14.465,14.47,14.445,14.46,35566.0
2026-08-20,2026-08-20 14:35:00,14.445,14.46,14.38,14.43,29229.0
2026-08-20,2026-08-20 14:40:00,14.43,14.57,14.425,14.57,36074.0
2026-08-20,2026-08-20 14:45:00,14.57,14.5899,14.56,14.58,8092.0
2026-08-20,2026-08-20 14:50:00,14.59,14.6,14.49,14.515,31986.0
2026-08-20,2026-08-20 14:55:00,14.515,14.515,14.38,14.38,91816.0
2026-08-20,2026-08-20 15:00:00,14.39,14.415,14.37,14.39,42026.0
2026-08-20,2026-08-20 15:05:00,14.39,14.4,14.35,14.355,39209.0
2026-08-20,2026-08-20 15:10:00,14.355,14.355,14.245,14.285,49853.0
2026-08-20,2026-08-20 15:15:00,14.29,14.35,14.29,14.34,37791.0
2026-08-20,2026-08-20 15:20:00,14.36,14.405,14.335,14.345,33015.0
2026-08-20,2026-08-20 15:25:00,14.345,14.375,14.32,14.375,35778.0
2026-08-20,2026-08-20 15:30:00,14.375,14.375,14.33,14.37,36069.0
2026-08-20,2026-08-20 15:35:00,14.37,14.375,14.28,14.335,224685.0
2026-08-20,2026-08-20 15:40:00,14.335,14.335,14.26,14.275,189684.0
2026-08-20,2026-08-20 15:45:00,14.27,14.29,14.175,14.24,99747.0
2026-08-20,2026-08-20 15:50:00,14.23,14.285,14.1401,14.19,86744.0
2026-08-20,2026-08-20 15:55:00,14.18,14.195,14.14,14.14,67434.0
2026-08-20,2026-08-20 16:00:00,14.14,14.17,14.02,14.05,444453.0
2026-08-21,2026-08-21 09:35:00,13.88,14.15,13.81,14.115,109259.0
2026-08-21,2026-08-21 09:40:00,14.115,14.22,14.02,14.2,75786.0
2026-08-21,2026-08-21 09:45:00,14.2,14.625,14.2,14.58,74460.0
2026-08-21,2026-08-21 09:50:00,14.615,14.66,14.5,14.625,77595.0
2026-08-21,2026-08-21 09:55:00,14.6,14.65,14.52,14.65,76139.0
2026-08-21,2026-08-21 10:00:00,14.65,14.75,14.61,14.66,25685.0
2026-08-21,2026-08-21 10:05:00,14.7,14.74,14.49,14.52,32486.0
2026-08-21,2026-08-21 10:10:00,14.52,14.58,14.47,14.565,23904.0
2026-08-21,2026-08-21 10:15:00,14.536,14.565,14.517,14.54,14446.0
2026-08-21,2026-08-21 10:20:00,14.51,14.59,14.51,14.55,33405.0
2026-08-21,2026-08-21 10:25:00,14.54,14.68,14.52,14.665,33391.0
2026-08-21,2026-08-21 10:30:00,14.665,14.665,14.53,14.535,41416.0
2026-08-21,2026-08-21 10:35:00,14.57,14.73,14.45,14.67,62540.0
2026-08-21,2026-08-21 10:40:00,14.645,14.81,14.645,14.79,25832.0
2026-08-21,2026-08-21 10:45:00,14.79,14.8999,14.76,14.835,23939.0
2026-08-21,2026-08-21 10:50:00,14.835,14.86,14.66,14.705,64429.0
2026-08-21,2026-08-21 10:55:00,14.72,14.86,14.7,14.855,18399.0
2026-08-21,2026-08-21 11:00:00,14.87,14.88,14.77,14.815,22033.0
2026-08-21,2026-08-21 11:05:00,14.815,14.815,14.755,14.77,10341.0
2026-08-21,2026-08-21 11:10:00,14.755,14.81,14.74,14.81,20261.0
2026-08-21,2026-08-21 11:15:00,14.79,14.8646,14.79,14.79,11230.0
2026-08-21,2026-08-21 11:20:00,14.82,14.84,14.75,14.77,13919.0
2026-08-21,2026-08-21 11:25:00,14.755,14.82,14.755,14.8,9857.0
2026-08-21,2026-08-21 11:30:00,14.79,14.815,14.77,14.8,8709.0
2026-08-21,2026-08-21 11:35:00,14.795,14.83,14.795,14.83,6527.0
2026-08-21,2026-08-21 11:40:00,14.83,14.98,14.83,14.9,68881.0
2026-08-21,2026-08-21 11:45:00,14.915,14.95,14.83,14.87,112779.0
2026-08-21,2026-08-21 11:50:00,14.885,14.92,14.82,14.86,21261.0
2026-08-21,2026-08-21 11:55:00,14.875,14.9,14.85,14.885,12274.0
2026-08-21,2026-08-21 12:00:00,14.92,14.92,14.87,14.89,12552.0
2026-08-21,2026-08-21 12:05:00,14.895,14.895,14.845,14.87,30693.0
2026-08-21,2026-08-21 12:10:00,14.87,14.87,14.695,14.7,28119.0
2026-08-21,2026-08-21 12:15:00,14.7,14.84,14.7,14.84,20440.0
2026-08-21,2026-08-21 12:20:00,14.845,14.87,14.825,14.85,6958.0
2026-08-21,2026-08-21 12:25:00,14.85,14.88,14.8217,14.8217,7393.0
2026-08-21,2026-08-21 12:30:00,14.84,14.91,14.84,14.89,50717.0
2026-08-21,2026-08-21 12:35:00,14.89,14.9,14.88,14.895,9011.0
2026-08-21,2026-08-21 12:40:00,14.895,14.93,14.895,14.9,17100.0
2026-08-21,2026-08-21 12:45:00,14.9036,14.925,14.84,14.88,26731.0
2026-08-21,2026-08-21 12:50:00,14.855,14.93,14.83,14.925,11833.0
2026-08-21,2026-08-21 12:55:00,14.91,14.91,14.88,14.89,11220.0
2026-08-21,2026-08-21 13:00:00,14.8839,14.895,14.88,14.895,9625.0
2026-08-21,2026-08-21 13:05:00,14.89,14.91,14.875,14.91,14841.0
2026-08-21,2026-08-21 13:10:00,14.91,14.955,14.86,14.87,20665.0
2026-08-21,2026-08-21 13:15:00,14.87,14.89,14.85,14.86,9988.0
2026-08-21,2026-08-21 13:20:00,14.87,14.87,14.8105,14.815,25283.0
2026-08-21,2026-08-21 13:25:00,14.815,14.85,14.8,14.85,9994.0
2026-08-21,2026-08-21 13:30:00,14.85,14.86,14.72,14.86,92876.0
2026-08-21,2026-08-21 13:35:00,14.84,14.9,14.8175,14.86,18963.0
2026-08-21,2026-08-21 13:40:00,14.86,14.87,14.8,14.815,12623.0
2026-08-21,2026-08-21 13:45:00,14.815,14.88,14.8,14.85,35284.0
2026-08-21,2026-08-21 13:50:00,14.845,14.89,14.83,14.89,6869.0
2026-08-21,2026-08-21 13:55:00,14.89,14.89,14.82,14.82,31201.0
2026-08-21,2026-08-21 14:00:00,14.8,14.8,14.75,14.75,11712.0
2026-08-21,2026-08-21 14:05:00,14.73,14.73,14.7,14.73,13151.0
2026-08-21,2026-08-21 14:10:00,14.72,14.875,14.72,14.755,33617.0
2026-08-21,2026-08-21 14:15:00,14.74,14.74,14.66,14.66,7422.0
2026-08-21,2026-08-21 14:20:00,14.655,14.77,14.64,14.74,14608.0
2026-08-21,2026-08-21 14:25:00,14.74,14.79,14.74,14.76,14825.0
2026-08-21,2026-08-21 14:30:00,14.77,14.77,14.64,14.645,19041.0
2026-08-21,2026-08-21 14:35:00,14.66,14.7,14.64,14.665,22117.0
2026-08-21,2026-08-21 14:40:00,14.665,14.665,14.6,14.615,16723.0
2026-08-21,2026-08-21 14:45:00,14.6,14.63,14.59,14.63,25801.0
2026-08-21,2026-08-21 14:50:00,14.63,14.64,14.56,14.56,22092.0
2026-08-21,2026-08-21 14:55:00,14.56,14.67,14.555,14.66,39206.0
2026-08-21,2026-08-21 15:00:00,14.665,14.67,14.59,14.59,52231.0
2026-08-21,2026-08-21 15:05:00,14.575,14.725,14.57,14.61,75874.0
2026-08-21,2026-08-21 15:10:00,14.63,14.66,14.605,14.605,45288.0
2026-08-21,2026-08-21 15:15:00,14.605,14.63,14.56,14.63,28591.0
2026-08-21,2026-08-21 15:20:00,14.625,14.67,14.625,14.67,11428.0
2026-08-21,2026-08-21 15:25:00,14.69,14.71,14.665,14.7,13707.0
2026-08-21,2026-08-21 15:30:00,14.74,14.74,14.71,14.71,13781.0
2026-08-21,2026-08-21 15:35:00,14.72,14.76,14.7,14.75,24156.0
2026-08-21,2026-08-21 15:40:00,14.74,14.775,14.7,14.755,62355.0
2026-08-21,2026-08-21 15:45:00,14.75,14.9,14.74,14.86,42347.0
2026-08-21,2026-08-21 15:50:00,14.86,14.868,14.7,14.715,149421.0
2026-08-21,2026-08-21 15:55:00,14.73,14.78,14.69,14.71,68253.0
2026-08-21,2026-08-21 16:00:00,14.69,14.78,14.68,14.77,455409.0
2026-08-24,2026-08-24 09:35:00,14.63,14.63,14.11,14.2423,52165.0
2026-08-24,2026-08-24 09:40:00,14.22,14.35,14.14,14.195,13853.0
2026-08-24,2026-08-24 09:45:00,14.18,14.25,14.14,14.145,32814.0
2026-08-24,2026-08-24 09:50:00,14.145,14.22,14.13,14.195,51911.0
2026-08-24,2026-08-24 09:55:00,14.195,14.2,14.135,14.175,10345.0
2026-08-24,2026-08-24 10:00:00,14.2439,14.275,14.2,14.25,12194.0
2026-08-24,2026-08-24 10:05:00,14.25,14.27,14.14,14.2,6558.0
2026-08-24,2026-08-24 10:10:00,14.205,14.295,14.205,14.26,6168.0
2026-08-24,2026-08-24 10:15:00,14.28,14.45,14.2676,14.405,21124.0
2026-08-24,2026-08-24 10:20:00,14.405,14.5499,14.395,14.51,13421.0
2026-08-24,2026-08-24 10:25:00,14.5498,14.5498,14.48,14.5,22528.0
2026-08-24,2026-08-24 10:30:00,14.5,14.55,14.47,14.55,10329.0
2026-08-24,2026-08-24 10:35:00,14.57,14.63,14.54,14.54,13190.0
2026-08-24,2026-08-24 10:40:00,14.565,14.57,14.52,14.54,7059.0
2026-08-24,2026-08-24 10:45:00,14.54,14.58,14.51,14.55,14915.0
2026-08-24,2026-08-24 10:50:00,14.53,14.57,14.51,14.545,16232.0
2026-08-24,2026-08-24 10:55:00,14.55,14.615,14.55,14.615,10586.0
2026-08-24,2026-08-24 11:00:00,14.628,14.66,14.628,14.63,12760.0
2026-08-24,2026-08-24 11:05:00,14.645,14.645,14.57,14.62,16405.0
2026-08-24,2026-08-24 11:10:00,14.62,14.62,14.59,14.6,11885.0
2026-08-24,2026-08-24 11:15:00,14.6,14.82,14.6,14.8,38614.0
2026-08-24,2026-08-24 11:20:00,14.8,14.8,14.71,14.785,14743.0
2026-08-24,2026-08-24 11:25:00,14.795,14.89,14.78,14.83,27579.0
2026-08-24,2026-08-24 11:30:00,14.82,14.89,14.8,14.89,24327.0
2026-08-24,2026-08-24 11:35:00,14.89,14.95,14.88,14.95,22983.0
2026-08-24,2026-08-24 11:40:00,14.94,14.96,14.91,14.935,17901.0
2026-08-24,2026-08-24 11:45:00,14.91,14.91,14.78,14.8,21063.0
2026-08-24,2026-08-24 11:50:00,14.775,14.8491,14.77,14.8491,28126.0
2026-08-24,2026-08-24 11:55:00,14.845,14.845,14.81,14.81,8860.0
2026-08-24,2026-08-24 12:00:00,14.81,14.84,14.8,14.83,14053.0
2026-08-24,2026-08-24 12:05:00,14.83,14.83,14.77,14.8,14439.0
2026-08-24,2026-08-24 12:10:00,14.815,14.86,14.8,14.86,11282.0
2026-08-24,2026-08-24 12:15:00,14.875,14.92,14.85,14.86,56905.0
2026-08-24,2026-08-24 12:20:00,14.88,14.96,14.88,14.955,6689.0
2026-08-24,2026-08-24 12:25:00,14.955,14.96,14.925,14.95,6506.0
2026-08-24,2026-08-24 12:30:00,14.955,14.97,14.95,14.95,5629.0
2026-08-24,2026-08-24 12:35:00,14.95,14.955,14.89,14.895,7630.0
2026-08-24,2026-08-24 12:40:00,14.895,14.93,14.89,14.91,13837.0
2026-08-24,2026-08-24 12:45:00,14.91,14.96,14.91,14.94,6054.0
2026-08-24,2026-08-24 12:50:00,14.94,14.94,14.91,14.935,6278.0
2026-08-24,2026-08-24 12:55:00,14.935,14.94,14.9,14.94,6344.0
2026-08-24,2026-08-24 13:00:00,14.94,14.965,14.9,14.9,7715.0
2026-08-24,2026-08-24 13:05:00,14.88,14.91,14.875,14.91,4179.0
2026-08-24,2026-08-24 13:10:00,14.915,14.97,14.89,14.9673,18072.0
2026-08-24,2026-08-24 13:15:00,14.97,15.03,14.97,14.981,82079.0
2026-08-24,2026-08-24 13:20:00,14.975,15.0,14.9,14.95,40605.0
2026-08-24,2026-08-24 13:25:00,14.955,15.0,14.915,14.945,40511.0
2026-08-24,2026-08-24 13:30:00,14.945,14.945,14.915,14.93,9421.0
2026-08-24,2026-08-24 13:35:00,14.935,14.94,14.84,14.855,44355.0
2026-08-24,2026-08-24 13:40:00,14.87,15.0,14.87,14.99,13201.0
2026-08-24,2026-08-24 13:45:00,14.99,15.0,14.94,14.955,23862.0
2026-08-24,2026-08-24 13:50:00,14.97,15.005,14.96,14.99,33458.0
2026-08-24,2026-08-24 13:55:00,14.99,15.0,14.98,15.0,33194.0
2026-08-24,2026-08-24 14:00:00,14.995,15.015,14.955,14.97,48057.0
2026-08-24,2026-08-24 14:05:00,14.97,15.005,14.97,15.005,14576.0
2026-08-24,2026-08-24 14:10:00,15.0141,15.04,14.96,14.98,56666.0
2026-08-24,2026-08-24 14:15:00,14.98,14.985,14.93,14.93,20674.0
2026-08-24,2026-08-24 14:20:00,14.94,15.0,14.91,14.92,36147.0
2026-08-24,2026-08-24 14:25:00,14.92,14.94,14.92,14.93,8901.0
2026-08-24,2026-08-24 14:30:00,14.93,14.93,14.88,14.89,11181.0
2026-08-24,2026-08-24 14:35:00,14.9,14.94,14.87,14.91,11547.0
2026-08-24,2026-08-24 14:40:00,14.91,14.915,14.91,14.91,5372.0
2026-08-24,2026-08-24 14:45:00,14.905,14.96,14.88,14.96,22656.0
2026-08-24,2026-08-24 14:50:00,14.965,14.965,14.92,14.92,7442.0
2026-08-24,2026-08-24 14:55:00,14.92,14.94,14.91,14.93,11316.0
2026-08-24,2026-08-24 15:00:00,14.94,14.94,14.9201,14.94,21756.0
2026-08-24,2026-08-24 15:05:00,14.94,14.94,14.915,14.94,22745.0
2026-08-24,2026-08-24 15:10:00,14.925,14.935,14.92,14.925,25564.0
2026-08-24,2026-08-24 15:15:00,14.92,14.93,14.915,14.92,11359.0
2026-08-24,2026-08-24 15:20:00,14.92,14.92,14.9135,14.92,8279.0
2026-08-24,2026-08-24 15:25:00,14.92,14.94,14.91,14.94,18399.0
2026-08-24,2026-08-24 15:30:00,14.93,14.95,14.93,14.935,22562.0
2026-08-24,2026-08-24 15:35:00,14.94,14.97,14.94,14.95,26921.0
2026-08-24,2026-08-24 15:40:00,14.94,14.9599,14.905,14.91,22079.0
2026-08-24,2026-08-24 15:45:00,14.91,14.91,14.815,14.82,61997.0
2026-08-24,2026-08-24 15:50:00,14.82,14.92,14.78,14.78,59664.0
2026-08-24,2026-08-24 15:55:00,14.77,14.79,14.69,14.69,62392.0
2026-08-24,2026-08-24 16:00:00,14.68,14.75,14.675,14.71,342855.0
2026-08-25,2026-08-25 09:35:00,14.63,14.92,14.59,14.89,56007.0
2026-08-25,2026-08-25 09:40:00,14.9,15.4,14.89,15.34,416204.0
2026-08-25,2026-08-25 09:45:00,15.345,15.455,15.14,15.14,61467.0
2026-08-25,2026-08-25 09:50:00,15.13,15.275,15.11,15.23,139459.0
2026-08-25,2026-08-25 09:55:00,15.23,15.26,15.1,15.125,27629.0
2026-08-25,2026-08-25 10:00:00,15.11,15.19,15.11,15.13,11703.0
2026-08-25,2026-08-25 10:05:00,15.12,15.35,15.095,15.26,79618.0
2026-08-25,2026-08-25 10:10:00,15.25,15.25,15.01,15.04,19392.0
2026-08-25,2026-08-25 10:15:00,15.08,15.21,15.08,15.0901,18424.0
2026-08-25,2026-08-25 10:20:00,15.12,15.19,15.12,15.15,19478.0
2026-08-25,2026-08-25 10:25:00,15.155,15.26,15.13,15.21,31594.0
2026-08-25,2026-08-25 10:30:00,15.23,15.2821,15.205,15.26,18176.0
2026-08-25,2026-08-25 10:35:00,15.25,15.36,15.24,15.3,23508.0
2026-08-25,2026-08-25 10:40:00,15.31,15.4395,15.31,15.4,11838.0
2026-08-25,2026-08-25 10:45:00,15.39,15.46,15.2557,15.2557,30078.0
2026-08-25,2026-08-25 10:50:00,15.27,15.32,15.26,15.26,17418.0
2026-08-25,2026-08-25 10:55:00,15.2632,15.275,15.235,15.275,18373.0
2026-08-25,2026-08-25 11:00:00,15.275,15.36,15.26,15.36,16984.0
2026-08-25,2026-08-25 11:05:00,15.36,15.36,15.29,15.32,16990.0
2026-08-25,2026-08-25 11:10:00,15.31,15.31,15.24,15.245,13323.0
2026-08-25,2026-08-25 11:15:00,15.25,15.33,15.24,15.33,11758.0
2026-08-25,2026-08-25 11:20:00,15.34,15.42,15.28,15.38,65215.0
2026-08-25,2026-08-25 11:25:00,15.37,15.43,15.37,15.4112,11620.0
2026-08-25,2026-08-25 11:30:00,15.41,15.48,15.39,15.45,19590.0
2026-08-25,2026-08-25 11:35:00,15.46,15.53,15.42,15.52,65123.0
2026-08-25,2026-08-25 11:40:00,15.5399,15.5399,15.43,15.505,30039.0
2026-08-25,2026-08-25 11:45:00,15.53,15.55,15.485,15.485,11632.0
2026-08-25,2026-08-25 11:50:00,15.485,15.54,15.48,15.52,34998.0
2026-08-25,2026-08-25 11:55:00,15.52,15.52,15.47,15.5,7316.0
2026-08-25,2026-08-25 12:00:00,15.51,15.52,15.4835,15.495,10799.0
2026-08-25,2026-08-25 12:05:00,15.495,15.54,15.495,15.53,12188.0
2026-08-25,2026-08-25 12:10:00,15.53,15.5795,15.52,15.55,7713.0
2026-08-25,2026-08-25 12:15:00,15.55,15.58,15.53,15.56,13141.0
2026-08-25,2026-08-25 12:20:00,15.5601,15.57,15.5513,15.57,13390.0
2026-08-25,2026-08-25 12:25:00,15.5669,15.66,15.52,15.625,190946.0
2026-08-25,2026-08-25 12:30:00,15.62,15.645,15.5891,15.6,32129.0
2026-08-25,2026-08-25 12:35:00,15.61,15.655,15.61,15.62,14954.0
2026-08-25,2026-08-25 12:40:00,15.62,15.65,15.61,15.63,21789.0
2026-08-25,2026-08-25 12:45:00,15.63,15.665,15.63,15.64,14405.0
2026-08-25,2026-08-25 12:50:00,15.63,15.63,15.6128,15.62,5770.0
2026-08-25,2026-08-25 12:55:00,15.63,15.66,15.58,15.635,77187.0
2026-08-25,2026-08-25 13:00:00,15.635,15.635,15.6,15.63,9268.0
2026-08-25,2026-08-25 13:05:00,15.6327,15.6399,15.605,15.61,11146.0
2026-08-25,2026-08-25 13:10:00,15.6,15.625,15.5673,15.59,17509.0
2026-08-25,2026-08-25 13:15:00,15.59,15.6,15.51,15.58,48740.0
2026-08-25,2026-08-25 13:20:00,15.59,15.65,15.59,15.62,102148.0
2026-08-25,2026-08-25 13:25:00,15.62,15.65,15.62,15.645,35576.0
2026-08-25,2026-08-25 13:30:00,15.65,15.655,15.55,15.585,84838.0
2026-08-25,2026-08-25 13:35:00,15.6,15.705,15.6,15.69,30913.0
2026-08-25,2026-08-25 13:40:00,15.67,15.7199,15.65,15.68,17962.0
2026-08-25,2026-08-25 13:45:00,15.68,15.79,15.68,15.77,31004.0
2026-08-25,2026-08-25 13:50:00,15.765,15.84,15.74,15.7456,54103.0
2026-08-25,2026-08-25 13:55:00,15.76,15.76,15.72,15.72,9425.0
2026-08-25,2026-08-25 14:00:00,15.73,15.8787,15.705,15.865,52559.0
2026-08-25,2026-08-25 14:05:00,15.87,15.87,15.84,15.86,14245.0
2026-08-25,2026-08-25 14:10:00,15.86,15.875,15.85,15.87,9763.0
2026-08-25,2026-08-25 14:15:00,15.87,15.87,15.82,15.87,8218.0
2026-08-25,2026-08-25 14:20:00,15.87,15.89,15.8541,15.875,12778.0
2026-08-25,2026-08-25 14:25:00,15.88,15.88,15.8,15.8017,16072.0
2026-08-25,2026-08-25 14:30:00,15.82,15.86,15.815,15.83,10521.0
2026-08-25,2026-08-25 14:35:00,15.8332,15.85,15.83,15.85,10345.0
2026-08-25,2026-08-25 14:40:00,15.855,15.88,15.83,15.83,18736.0
2026-08-25,2026-08-25 14:45:00,15.835,15.88,15.83,15.845,14324.0
2026-08-25,2026-08-25 14:50:00,15.87,15.89,15.815,15.83,14544.0
2026-08-25,2026-08-25 14:55:00,15.82,15.89,15.79,15.875,31748.0
2026-08-25,2026-08-25 15:00:00,15.875,15.875,15.81,15.81,15261.0
2026-08-25,2026-08-25 15:05:00,15.823,15.84,15.73,15.73,25951.0
2026-08-25,2026-08-25 15:10:00,15.74,15.74,15.6401,15.66,28406.0
2026-08-25,2026-08-25 15:15:00,15.66,15.7,15.66,15.695,16074.0
2026-08-25,2026-08-25 15:20:00,15.68,15.7,15.67,15.685,13793.0
2026-08-25,2026-08-25 15:25:00,15.69,15.71,15.685,15.685,13639.0
2026-08-25,2026-08-25 15:30:00,15.68,15.735,15.6468,15.67,37299.0
2026-08-25,2026-08-25 15:35:00,15.675,15.77,15.67,15.71,52087.0
2026-08-25,2026-08-25 15:40:00,15.701,15.701,15.625,15.635,17272.0
2026-08-25,2026-08-25 15:45:00,15.63,15.665,15.61,15.66,15108.0
2026-08-25,2026-08-25 15:50:00,15.66,15.765,15.66,15.75,27839.0
2026-08-25,2026-08-25 15:55:00,15.76,15.79,15.71,15.79,52387.0
2026-08-25,2026-08-25 16:00:00,15.77,15.81,15.7,15.8,420672.0
2026-08-26,2026-08-26 09:35:00,15.6,15.76,15.38,15.5,57408.0
2026-08-26,2026-08-26 09:40:00,15.47,15.48,15.35,15.44,14656.0
2026-08-26,2026-08-26 09:45:00,15.33,15.45,15.28,15.28,16217.0
2026-08-26,2026-08-26 09:50:00,15.3,15.41,15.28,15.31,23658.0
2026-08-26,2026-08-26 09:55:00,15.29,15.33,15.25,15.325,13392.0
2026-08-26,2026-08-26 10:00:00,15.31,15.32,15.14,15.205,12253.0
2026-08-26,2026-08-26 10:05:00,15.18,15.41,15.18,15.39,26799.0
2026-08-26,2026-08-26 10:10:00,15.36,15.3604,15.285,15.32,6537.0
2026-08-26,2026-08-26 10:15:00,15.32,15.39,15.32,15.3799,8549.0
2026-08-26,2026-08-26 10:20:00,15.36,15.39,15.29,15.375,14855.0
2026-08-26,2026-08-26 10:25:00,15.36,15.36,15.13,15.13,10272.0
2026-08-26,2026-08-26 10:30:00,15.125,15.13,15.08,15.105,15152.0
2026-08-26,2026-08-26 10:35:00,15.1,15.28,15.045,15.28,85642.0
2026-08-26,2026-08-26 10:40:00,15.27,15.36,15.25,15.36,24590.0
2026-08-26,2026-08-26 10:45:00,15.37,15.4,15.27,15.295,8710.0
2026-08-26,2026-08-26 10:50:00,15.28,15.355,15.28,15.35,11319.0
2026-08-26,2026-08-26 10:55:00,15.355,15.365,15.325,15.33,5498.0
2026-08-26,2026-08-26 11:00:00,15.33,15.39,15.33,15.37,10358.0
2026-08-26,2026-08-26 11:05:00,15.36,15.37,15.32,15.32,10646.0
2026-08-26,2026-08-26 11:10:00,15.32,15.335,15.3,15.3,14492.0
2026-08-26,2026-08-26 11:15:00,15.3,15.37,15.3,15.37,31253.0
2026-08-26,2026-08-26 11:20:00,15.37,15.41,15.36,15.41,18366.0
2026-08-26,2026-08-26 11:25:00,15.39,15.47,15.36,15.46,9648.0
2026-08-26,2026-08-26 11:30:00,15.45,15.5843,15.435,15.56,12063.0
2026-08-26,2026-08-26 11:35:00,15.56,15.56,15.505,15.505,5849.0
2026-08-26,2026-08-26 11:40:00,15.51,15.55,15.49,15.55,10278.0
2026-08-26,2026-08-26 11:45:00,15.55,15.57,15.52,15.53,9301.0
2026-08-26,2026-08-26 11:50:00,15.54,15.54,15.5,15.51,10869.0
2026-08-26,2026-08-26 11:55:00,15.52,15.57,15.5,15.515,21151.0
2026-08-26,2026-08-26 12:00:00,15.5186,15.53,15.515,15.53,2137.0
2026-08-26,2026-08-26 12:05:00,15.515,15.555,15.51,15.5405,13024.0
2026-08-26,2026-08-26 12:10:00,15.54,15.58,15.54,15.58,7076.0
2026-08-26,2026-08-26 12:15:00,15.58,15.6,15.57,15.59,5901.0
2026-08-26,2026-08-26 12:20:00,15.6,15.63,15.5,15.5,47774.0
2026-08-26,2026-08-26 12:25:00,15.4975,15.53,15.495,15.51,21595.0
2026-08-26,2026-08-26 12:30:00,15.5199,15.58,15.505,15.575,9736.0
2026-08-26,2026-08-26 12:35:00,15.575,15.63,15.57,15.63,9708.0
2026-08-26,2026-08-26 12:40:00,15.63,15.63,15.62,15.62,2856.0
2026-08-26,2026-08-26 12:45:00,15.62,15.66,15.62,15.655,8014.0
2026-08-26,2026-08-26 12:50:00,15.65,15.65,15.62,15.625,4675.0
2026-08-26,2026-08-26 12:55:00,15.6299,15.64,15.6,15.64,11965.0
2026-08-26,2026-08-26 13:00:00,15.64,15.66,15.63,15.63,5313.0
2026-08-26,2026-08-26 13:05:00,15.64,15.66,15.64,15.66,4529.0
2026-08-26,2026-08-26 13:10:00,15.67,15.71,15.645,15.685,14198.0
2026-08-26,2026-08-26 13:15:00,15.71,15.79,15.71,15.75,18053.0
2026-08-26,2026-08-26 13:20:00,15.75,15.77,15.73,15.73,15501.0
2026-08-26,2026-08-26 13:25:00,15.735,15.745,15.715,15.715,73297.0
2026-08-26,2026-08-26 13:30:00,15.71,15.72,15.695,15.7,11778.0
2026-08-26,2026-08-26 13:35:00,15.7,15.735,15.7,15.725,13825.0
2026-08-26,2026-08-26 13:40:00,15.7128,15.76,15.695,15.76,17621.0
2026-08-26,2026-08-26 13:45:00,15.76,15.77,15.71,15.76,20061.0
2026-08-26,2026-08-26 13:50:00,15.765,15.78,15.73,15.76,21614.0
2026-08-26,2026-08-26 13:55:00,15.76,15.76,15.725,15.73,6442.0
2026-08-26,2026-08-26 14:00:00,15.73,15.755,15.7,15.7,15374.0
2026-08-26,2026-08-26 14:05:00,15.72,15.73,15.685,15.71,31420.0
2026-08-26,2026-08-26 14:10:00,15.68,15.75,15.68,15.75,6811.0
2026-08-26,2026-08-26 14:15:00,15.74,15.745,15.7101,15.745,12862.0
2026-08-26,2026-08-26 14:20:00,15.75,15.765,15.74,15.75,8911.0
2026-08-26,2026-08-26 14:25:00,15.76,15.775,15.74,15.76,12176.0
2026-08-26,2026-08-26 14:30:00,15.77,15.775,15.71,15.72,8257.0
2026-08-26,2026-08-26 14:35:00,15.72,15.74,15.7,15.71,11341.0
2026-08-26,2026-08-26 14:40:00,15.72,15.75,15.705,15.75,16796.0
2026-08-26,2026-08-26 14:45:00,15.735,15.7994,15.715,15.76,31625.0
2026-08-26,2026-08-26 14:50:00,15.755,15.77,15.755,15.77,6725.0
2026-08-26,2026-08-26 14:55:00,15.775,15.78,15.74,15.77,11234.0
2026-08-26,2026-08-26 15:00:00,15.76,15.77,15.75,15.765,4890.0
2026-08-26,2026-08-26 15:05:00,15.77,15.77,15.72,15.73,28176.0
2026-08-26,2026-08-26 15:10:00,15.73,15.8,15.73,15.79,15769.0
2026-08-26,2026-08-26 15:15:00,15.79,15.82,15.785523,15.805,14101.0
2026-08-26,2026-08-26 15:20:00,15.805,15.81,15.765,15.785,42094.0
2026-08-26,2026-08-26 15:25:00,15.79,15.81,15.785,15.81,23968.0
2026-08-26,2026-08-26 15:30:00,15.81,15.85,15.805,15.84,9863.0
2026-08-26,2026-08-26 15:35:00,15.845,15.855,15.8,15.815,33474.0
2026-08-26,2026-08-26 15:40:00,15.815,15.925,15.81,15.925,54138.0
2026-08-26,2026-08-26 15:45:00,15.925,15.95,15.875,15.95,55992.0
2026-08-26,2026-08-26 15:50:00,15.96,15.99,15.875,15.875,113605.0
2026-08-26,2026-08-26 15:55:00,15.86,15.86,15.7,15.8,120914.0
2026-08-26,2026-08-26 16:00:00,15.79,15.93,15.765,15.88,769371.0
2026-08-27,2026-08-27 09:35:00,15.76,15.88,15.6,15.72,28864.0
2026-08-27,2026-08-27 09:40:00,15.72,15.81,15.66,15.81,14995.0
2026-08-27,2026-08-27 09:45:00,15.74,15.76,15.65,15.735,6423.0
2026-08-27,2026-08-27 09:50:00,15.78,15.84,15.6501,15.78,20841.0
2026-08-27,2026-08-27 09:55:00,15.79,15.79,15.69,15.75,29636.0
2026-08-27,2026-08-27 10:00:00,15.75,15.76,15.66,15.73,10473.0
2026-08-27,2026-08-27 10:05:00,15.76,15.77,15.71,15.725,12607.0
2026-08-27,2026-08-27 10:10:00,15.75,15.81,15.74,15.81,7656.0
2026-08-27,2026-08-27 10:15:00,15.82,15.835,15.71,15.76,17108.0
2026-08-27,2026-08-27 10:20:00,15.76,15.88,15.76,15.83,31016.0
2026-08-27,2026-08-27 10:25:00,15.8315,15.89,15.7901,15.84,12942.0
2026-08-27,2026-08-27 10:30:00,15.84,15.87,15.79,15.815,11098.0
2026-08-27,2026-08-27 10:35:00,15.8,15.89,15.78,15.89,26296.0
2026-08-27,2026-08-27 10:40:00,15.9,15.93,15.855,15.9,17603.0
2026-08-27,2026-08-27 10:45:00,15.91,15.96,15.9096,15.935,36672.0
2026-08-27,2026-08-27 10:50:00,15.93,15.95,15.91,15.95,9226.0
2026-08-27,2026-08-27 10:55:00,15.95,16.04,15.86,15.91,95384.0
2026-08-27,2026-08-27 11:00:00,15.9,15.9,15.87,15.87,5780.0
2026-08-27,2026-08-27 11:05:00,15.87,15.9,15.83,15.83,10878.0
2026-08-27,2026-08-27 11:10:00,15.82,15.84,15.8,15.825,7892.0
2026-08-27,2026-08-27 11:15:00,15.825,15.8425,15.78,15.835,10509.0
2026-08-27,2026-08-27 11:20:00,15.82,15.85,15.8,15.83,11576.0
2026-08-27,2026-08-27 11:25:00,15.825,15.825,15.71,15.775,58148.0
2026-08-27,2026-08-27 11:30:00,15.78,15.82,15.77,15.78,13944.0
2026-08-27,2026-08-27 11:35:00,15.78,15.785,15.77,15.78,15349.0
2026-08-27,2026-08-27 11:40:00,15.77,15.795,15.77,15.78,7069.0
2026-08-27,2026-08-27 11:45:00,15.78,15.835,15.78,15.82,9654.0
2026-08-27,2026-08-27 11:50:00,15.82,15.825,15.78,15.815,8040.0
2026-08-27,2026-08-27 11:55:00,15.83,15.85,15.82,15.85,6546.0
2026-08-27,2026-08-27 12:00:00,15.85,15.92,15.845,15.92,7283.0
2026-08-27,2026-08-27 12:05:00,15.9,16.04,15.89,16.04,9485.0
2026-08-27,2026-08-27 12:10:00,16.05,16.11,15.955,15.955,60832.0
2026-08-27,2026-08-27 12:15:00,15.97,16.12,15.97,16.11,73493.0
2026-08-27,2026-08-27 12:20:00,16.11,16.12,16.06,16.0962,9322.0
2026-08-27,2026-08-27 12:25:00,16.08,16.08,16.0401,16.06,6512.0
2026-08-27,2026-08-27 12:30:00,16.06,16.14,16.035,16.14,21249.0
2026-08-27,2026-08-27 12:35:00,16.125,16.15,16.11,16.135,11455.0
2026-08-27,2026-08-27 12:40:00,16.12,16.12,16.055,16.055,9935.0
2026-08-27,2026-08-27 12:45:00,16.0525,16.08,16.05,16.05,5743.0
2026-08-27,2026-08-27 12:50:00,16.07,16.11,16.055,16.09,10152.0
2026-08-27,2026-08-27 12:55:00,16.07,16.09,16.06,16.09,4152.0
2026-08-27,2026-08-27 13:00:00,16.09,16.12,16.07,16.12,8955.0
2026-08-27,2026-08-27 13:05:00,16.12,16.13,16.0,16.01,11342.0
2026-08-27,2026-08-27 13:10:00,16.04,16.08,15.96,15.96,11469.0
2026-08-27,2026-08-27 13:15:00,15.99,16.02,15.96,16.01,13775.0
2026-08-27,2026-08-27 13:20:00,16.0,16.03,15.99,16.01,13857.0
2026-08-27,2026-08-27 13:25:00,16.005,16.0131,16.0,16.01,3439.0
2026-08-27,2026-08-27 13:30:00,16.01,16.07,15.915,15.97,79142.0
2026-08-27,2026-08-27 13:35:00,15.95,15.96,15.9304,15.94,5147.0
2026-08-27,2026-08-27 13:40:00,15.945,15.96,15.925,15.96,4641.0
2026-08-27,2026-08-27 13:45:00,15.96,15.96,15.95,15.96,5150.0
2026-08-27,2026-08-27 13:50:00,15.95,15.96,15.95,15.95,6093.0
2026-08-27,2026-08-27 13:55:00,15.95,15.95,15.9256,15.95,4091.0
2026-08-27,2026-08-27 14:00:00,15.94,15.94,15.86,15.86,9591.0
2026-08-27,2026-08-27 14:05:00,15.865,15.87,15.845,15.85,4086.0
2026-08-27,2026-08-27 14:10:00,15.85,15.875,15.84,15.87,8059.0
2026-08-27,2026-08-27 14:15:00,15.87,15.87,15.84,15.86,3827.0
2026-08-27,2026-08-27 14:20:00,15.88,15.89,15.86,15.89,9478.0
2026-08-27,2026-08-27 14:25:00,15.89,15.89,15.84,15.84,6813.0
2026-08-27,2026-08-27 14:30:00,15.86,15.86,15.8,15.82,7540.0
2026-08-27,2026-08-27 14:35:00,15.81,15.82,15.785,15.8,11399.0
2026-08-27,2026-08-27 14:40:00,15.8024,15.8024,15.8,15.8,2693.0
2026-08-27,2026-08-27 14:45:00,15.8,15.8,15.76,15.775,6812.0
2026-08-27,2026-08-27 14:50:00,15.775,15.805,15.755,15.8012,10193.0
2026-08-27,2026-08-27 14:55:00,15.8,15.82,15.8,15.82,6929.0
2026-08-27,2026-08-27 15:00:00,15.81,15.83,15.81,15.81,5830.0
2026-08-27,2026-08-27 15:05:00,15.83,15.86,15.83,15.8501,6886.0
2026-08-27,2026-08-27 15:10:00,15.86,15.86,15.815,15.8299,7704.0
2026-08-27,2026-08-27 15:15:00,15.83,15.845,15.78,15.78,9699.0
2026-08-27,2026-08-27 15:20:00,15.77,15.78,15.74,15.74,10231.0
2026-08-27,2026-08-27 15:25:00,15.74,15.75,15.7,15.705,13080.0
2026-08-27,2026-08-27 15:30:00,15.7,15.71,15.64,15.7,19989.0
2026-08-27,2026-08-27 15:35:00,15.7,15.76,15.66,15.67,16152.0
2026-08-27,2026-08-27 15:40:00,15.67,15.68,15.64,15.675,11370.0
2026-08-27,2026-08-27 15:45:00,15.66,15.675,15.61,15.67,24259.0
2026-08-27,2026-08-27 15:50:00,15.67,15.68,15.555,15.59,20160.0
2026-08-27,2026-08-27 15:55:00,15.61,15.69,15.58,15.65,45568.0
2026-08-27,2026-08-27 16:00:00,15.64,15.65,15.59,15.6,421834.0
2026-08-28,2026-08-28 09:35:00,15.402,15.7,15.4001,15.49,26444.0
2026-08-28,2026-08-28 09:40:00,15.495,15.656,15.495,15.6391,9743.0
2026-08-28,2026-08-28 09:45:00,15.61,15.6499,15.4,15.51,22637.0
2026-08-28,2026-08-28 09:50:00,15.61,15.6494,15.41,15.595,11593.0
2026-08-28,2026-08-28 09:55:00,15.595,15.7499,15.54,15.7499,64492.0
2026-08-28,2026-08-28 10:00:00,15.695,15.7,15.66,15.66,7592.0
2026-08-28,2026-08-28 10:05:00,15.665,15.69,15.62,15.66,13899.0
2026-08-28,2026-08-28 10:10:00,15.66,15.66,15.5,15.556,47538.0
2026-08-28,2026-08-28 10:15:00,15.53,15.59,15.42,15.535,94959.0
2026-08-28,2026-08-28 10:20:00,15.525,15.6,15.5,15.58,37601.0
2026-08-28,2026-08-28 10:25:00,15.575,15.585,15.51,15.585,11182.0
2026-08-28,2026-08-28 10:30:00,15.59,15.76,15.59,15.69,27358.0
2026-08-28,2026-08-28 10:35:00,15.685,15.685,15.58,15.65,25697.0
2026-08-28,2026-08-28 10:40:00,15.665,15.74,15.665,15.72,21571.0
2026-08-28,2026-08-28 10:45:00,15.72,15.8,15.6804,15.77,26470.0
2026-08-28,2026-08-28 10:50:00,15.7799,15.7799,15.72,15.72,10307.0
2026-08-28,2026-08-28 10:55:00,15.705,15.71,15.69,15.705,4832.0
2026-08-28,2026-08-28 11:00:00,15.73,15.75,15.64,15.655,32601.0
2026-08-28,2026-08-28 11:05:00,15.64,15.68,15.635,15.64,7426.0
2026-08-28,2026-08-28 11:10:00,15.665,15.69,15.63,15.665,31599.0
2026-08-28,2026-08-28 11:15:00,15.68,15.69,15.68,15.69,7752.0
2026-08-28,2026-08-28 11:20:00,15.7,15.72,15.68,15.72,10928.0
2026-08-28,2026-08-28 11:25:00,15.74,15.7731,15.7,15.705,18798.0
2026-08-28,2026-08-28 11:30:00,15.705,15.765,15.705,15.765,9293.0
2026-08-28,2026-08-28 11:35:00,15.7635,15.77,15.73,15.76,15025.0
2026-08-28,2026-08-28 11:40:00,15.75,15.785,15.74,15.78,18034.0
2026-08-28,2026-08-28 11:45:00,15.78,15.78,15.74,15.76,9145.0
2026-08-28,2026-08-28 11:50:00,15.76,15.77,15.705,15.705,12201.0
2026-08-28,2026-08-28 11:55:00,15.67,15.67,15.62,15.65,7462.0
2026-08-28,2026-08-28 12:00:00,15.65,15.65,15.575,15.585,61313.0
2026-08-28,2026-08-28 12:05:00,15.57,15.6,15.51,15.53,184664.0
2026-08-28,2026-08-28 12:10:00,15.52,15.58,15.4701,15.55,96262.0
2026-08-28,2026-08-28 12:15:00,15.55,15.62,15.545,15.62,15765.0
2026-08-28,2026-08-28 12:20:00,15.61,15.66,15.58,15.585,37809.0
2026-08-28,2026-08-28 12:25:00,15.59,15.72,15.59,15.7,24916.0
2026-08-28,2026-08-28 12:30:00,15.69,15.71,15.69,15.695,10926.0
2026-08-28,2026-08-28 12:35:00,15.695,15.72,15.62,15.68,26744.0
2026-08-28,2026-08-28 12:40:00,15.69,15.75,15.69,15.74,5851.0
2026-08-28,2026-08-28 12:45:00,15.74,15.78,15.74,15.745,10485.0
2026-08-28,2026-08-28 12:50:00,15.74,15.77,15.73,15.75,31981.0
2026-08-28,2026-08-28 12:55:00,15.74,15.74,15.62,15.7,8514.0
2026-08-28,2026-08-28 13:00:00,15.7,15.71,15.67,15.6992,6151.0
2026-08-28,2026-08-28 13:05:00,15.7025,15.72,15.68,15.72,6074.0
2026-08-28,2026-08-28 13:10:00,15.73,15.74,15.7,15.73,9388.0
2026-08-28,2026-08-28 13:15:00,15.73,15.83,15.73,15.8,10490.0
2026-08-28,2026-08-28 13:20:00,15.805,15.82,15.69,15.715,7102.0
2026-08-28,2026-08-28 13:25:00,15.74,15.8,15.74,15.8,9240.0
2026-08-28,2026-08-28 13:30:00,15.8,15.85,15.79,15.83,17376.0
2026-08-28,2026-08-28 13:35:00,15.8277,15.83,15.78,15.81,7965.0
2026-08-28,2026-08-28 13:40:00,15.82,15.84,15.785,15.785,7085.0
2026-08-28,2026-08-28 13:45:00,15.78,15.78,15.7501,15.775,5186.0
2026-08-28,2026-08-28 13:50:00,15.78,15.86,15.77,15.86,34347.0
2026-08-28,2026-08-28 13:55:00,15.855,15.87,15.82,15.84,8445.0
2026-08-28,2026-08-28 14:00:00,15.835,15.84,15.78,15.82,12985.0
2026-08-28,2026-08-28 14:05:00,15.8,15.81,15.75,15.77,8362.0
2026-08-28,2026-08-28 14:10:00,15.765,15.78,15.68,15.7,52941.0
2026-08-28,2026-08-28 14:15:00,15.675,15.7,15.66,15.66,34608.0
2026-08-28,2026-08-28 14:20:00,15.65,15.66,15.63,15.64,15692.0
2026-08-28,2026-08-28 14:25:00,15.65,15.66,15.62,15.64,16502.0
2026-08-28,2026-08-28 14:30:00,15.64,15.685,15.63,15.63,24820.0
2026-08-28,2026-08-28 14:35:00,15.62,15.65,15.6,15.65,11109.0
2026-08-28,2026-08-28 14:40:00,15.66,15.67,15.62,15.62,17858.0
2026-08-28,2026-08-28 14:45:00,15.63,15.68,15.6,15.68,21847.0
2026-08-28,2026-08-28 14:50:00,15.69,15.71,15.67,15.705,44628.0
2026-08-28,2026-08-28 14:55:00,15.7,15.72,15.685,15.69,15574.0
2026-08-28,2026-08-28 15:00:00,15.69,15.7,15.59,15.6,42113.0
2026-08-28,2026-08-28 15:05:00,15.594,15.675,15.594,15.62,128538.0
2026-08-28,2026-08-28 15:10:00,15.62,15.635,15.62,15.62,8802.0
2026-08-28,2026-08-28 15:15:00,15.625,15.645,15.62,15.645,6186.0
2026-08-28,2026-08-28 15:20:00,15.64,15.665,15.62,15.62,12837.0
2026-08-28,2026-08-28 15:25:00,15.625,15.66,15.61,15.66,9613.0
2026-08-28,2026-08-28 15:30:00,15.67,15.67,15.63,15.635,15405.0
2026-08-28,2026-08-28 15:35:00,15.62,15.66,15.61,15.66,14718.0
2026-08-28,2026-08-28 15:40:00,15.66,15.67,15.6269,15.63,13592.0
2026-08-28,2026-08-28 15:45:00,15.6325,15.635,15.5,15.52,155264.0
2026-08-28,2026-08-28 15:50:00,15.51,15.57,15.5,15.52,52193.0
2026-08-28,2026-08-28 15:55:00,15.51,15.535,15.44,15.44,49726.0
2026-08-28,2026-08-28 16:00:00,15.45,15.525,15.43,15.5,292429.0
2026-08-31,2026-08-31 09:35:00,15.36,15.38,14.97,15.045,55096.0
2026-08-31,2026-08-31 09:40:00,15.1,15.235,14.9,15.235,41837.0
2026-08-31,2026-08-31 09:45:00,15.22,15.235,15.15,15.16,5064.0
2026-08-31,2026-08-31 09:50:00,15.17,15.22,15.11,15.135,8170.0
2026-08-31,2026-08-31 09:55:00,15.149,15.16,15.1,15.14,12671.0
2026-08-31,2026-08-31 10:00:00,15.134,15.16,15.11,15.15,7290.0
2026-08-31,2026-08-31 10:05:00,15.155,15.36,15.155,15.35,16550.0
2026-08-31,2026-08-31 10:10:00,15.355,15.355,15.3,15.315,4758.0
2026-08-31,2026-08-31 10:15:00,15.32,15.32,15.225,15.25,22943.0
2026-08-31,2026-08-31 10:20:00,15.26,15.27,15.185,15.185,13760.0
2026-08-31,2026-08-31 10:25:00,15.18,15.24,15.18,15.24,15439.0
2026-08-31,2026-08-31 10:30:00,15.25,15.26,15.24,15.26,3818.0
2026-08-31,2026-08-31 10:35:00,15.28,15.34,15.23,15.34,30824.0
2026-08-31,2026-08-31 10:40:00,15.39,15.5,15.38,15.485,9994.0
2026-08-31,2026-08-31 10:45:00,15.5,15.52,15.37,15.37,10831.0
2026-08-31,2026-08-31 10:50:00,15.35,15.38,15.29,15.305,11209.0
2026-08-31,2026-08-31 10:55:00,15.295,15.32,15.22,15.245,10769.0
2026-08-31,2026-08-31 11:00:00,15.24,15.29,15.23,15.265,11164.0
2026-08-31,2026-08-31 11:05:00,15.25,15.25,15.14,15.17,19575.0
2026-08-31,2026-08-31 11:10:00,15.17,15.23,15.1501,15.22,11908.0
2026-08-31,2026-08-31 11:15:00,15.22,15.22,15.165,15.165,4473.0
2026-08-31,2026-08-31 11:20:00,15.18,15.22,15.1473,15.181,23438.0
2026-08-31,2026-08-31 11:25:00,15.19,15.2,15.14,15.19,13432.0
2026-08-31,2026-08-31 11:30:00,15.19,15.27,15.19,15.235,4391.0
2026-08-31,2026-08-31 11:35:00,15.235,15.275,15.21,15.275,13976.0
2026-08-31,2026-08-31 11:40:00,15.275,15.29,15.275,15.285,2317.0
2026-08-31,2026-08-31 11:45:00,15.28,15.29,15.27,15.28,4010.0
2026-08-31,2026-08-31 11:50:00,15.275,15.285,15.265,15.27,6624.0
2026-08-31,2026-08-31 11:55:00,15.275,15.29,15.27,15.27,4402.0
2026-08-31,2026-08-31 12:00:00,15.269,15.27,15.21,15.21,13293.0
2026-08-31,2026-08-31 12:05:00,15.229,15.3,15.229,15.2951,20718.0
2026-08-31,2026-08-31 12:10:00,15.295,15.295,15.29,15.29,1951.0
2026-08-31,2026-08-31 12:15:00,15.28,15.29,15.27,15.29,5249.0
2026-08-31,2026-08-31 12:20:00,15.29,15.29,15.25,15.26,4477.0
2026-08-31,2026-08-31 12:25:00,15.26,15.26,15.25,15.2514,6531.0
2026-08-31,2026-08-31 12:30:00,15.255,15.265,15.255,15.26,3356.0
2026-08-31,2026-08-31 12:35:00,15.25,15.31,15.23,15.31,26553.0
2026-08-31,2026-08-31 12:40:00,15.3,15.3,15.28,15.28,2599.0
2026-08-31,2026-08-31 12:45:00,15.3,15.31,15.3,15.31,2731.0
2026-08-31,2026-08-31 12:50:00,15.3,15.35,15.3,15.32,32988.0
2026-08-31,2026-08-31 12:55:00,15.32,15.325,15.3,15.32,4377.0
2026-08-31,2026-08-31 13:00:00,15.305,15.31,15.305,15.31,2056.0
2026-08-31,2026-08-31 13:05:00,15.31,15.31,15.305,15.305,2695.0
2026-08-31,2026-08-31 13:10:00,15.3,15.35,15.3,15.33,11861.0
2026-08-31,2026-08-31 13:15:00,15.34,15.36,15.32,15.34,12502.0
2026-08-31,2026-08-31 13:20:00,15.34,15.34,15.295,15.33,8117.0
2026-08-31,2026-08-31 13:25:00,15.29,15.29,15.25,15.25,5694.0
2026-08-31,2026-08-31 13:30:00,15.25,15.25,15.23,15.24,2261.0
2026-08-31,2026-08-31 13:35:00,15.24,15.29,15.24,15.29,8184.0
2026-08-31,2026-08-31 13:40:00,15.29,15.31,15.25,15.27,5699.0
2026-08-31,2026-08-31 13:45:00,15.28,15.29,15.27,15.27,5369.0
2026-08-31,2026-08-31 13:50:00,15.27,15.32,15.26,15.31,13307.0
2026-08-31,2026-08-31 13:55:00,15.33,15.33,15.32,15.32,2420.0
2026-08-31,2026-08-31 14:00:00,15.31,15.325,15.305,15.305,3988.0
2026-08-31,2026-08-31 14:05:00,15.305,15.34,15.305,15.34,6953.0
2026-08-31,2026-08-31 14:10:00,15.35,15.35,15.33,15.335,3805.0
2026-08-31,2026-08-31 14:15:00,15.34,15.34,15.31,15.32,6270.0
2026-08-31,2026-08-31 14:20:00,15.32,15.32,15.25,15.25,6905.0
2026-08-31,2026-08-31 14:25:00,15.24,15.25,15.195,15.195,17536.0
2026-08-31,2026-08-31 14:30:00,15.195,15.2,15.175,15.18,7066.0
2026-08-31,2026-08-31 14:35:00,15.18,15.18,15.155,15.165,4970.0
2026-08-31,2026-08-31 14:40:00,15.17,15.18,15.17,15.17,5559.0
2026-08-31,2026-08-31 14:45:00,15.16,15.16,15.155,15.155,1986.0
2026-08-31,2026-08-31 14:50:00,15.16,15.205,15.13,15.2,12139.0
2026-08-31,2026-08-31 14:55:00,15.18,15.18,15.155,15.165,3324.0
2026-08-31,2026-08-31 15:00:00,15.18,15.185,15.16,15.16,9154.0
2026-08-31,2026-08-31 15:05:00,15.16,15.165,15.11,15.11,18448.0
2026-08-31,2026-08-31 15:10:00,15.11,15.16,15.11,15.1425,11960.0
2026-08-31,2026-08-31 15:15:00,15.14,15.175,15.135,15.145,14686.0
2026-08-31,2026-08-31 15:20:00,15.145,15.16,15.115,15.14,15104.0
2026-08-31,2026-08-31 15:25:00,15.14,15.17,15.14,15.17,17439.0
2026-08-31,2026-08-31 15:30:00,15.16,15.18,15.15,15.16,16602.0
2026-08-31,2026-08-31 15:35:00,15.17,15.175,15.115,15.15,25753.0
2026-08-31,2026-08-31 15:40:00,15.15,15.16,15.12,15.15,24757.0
2026-08-31,2026-08-31 15:45:00,15.15,15.2,15.14,15.16,38250.0
2026-08-31,2026-08-31 15:50:00,15.15,15.195,15.14,15.18,31501.0
2026-08-31,2026-08-31 15:55:00,15.21,15.33,15.2,15.33,75924.0
2026-08-31,2026-08-31 16:00:00,15.31,15.335,15.23,15.3,658936.0
2026-09-01,2026-09-01 09:35:00,15.24,15.49,15.15,15.275,43492.0
2026-09-01,2026-09-01 09:40:00,15.32,15.32,15.02,15.12,19258.0
2026-09-01,2026-09-01 09:45:00,15.125,15.15,15.01,15.095,18535.0
2026-09-01,2026-09-01 09:50:00,15.08,15.13,15.02,15.13,27977.0
2026-09-01,2026-09-01 09:55:00,15.1,15.18,15.05,15.155,10769.0
2026-09-01,2026-09-01 10:00:00,15.11,15.11,15.02,15.02,4307.0
2026-09-01,2026-09-01 10:05:00,15.045,15.16,14.97,15.155,10709.0
2026-09-01,2026-09-01 10:10:00,15.18,15.21,15.07,15.08,25254.0
2026-09-01,2026-09-01 10:15:00,15.07,15.12,15.04,15.1,13005.0
2026-09-01,2026-09-01 10:20:00,15.13,15.14,15.08,15.09,7973.0
2026-09-01,2026-09-01 10:25:00,15.08,15.1646,15.08,15.155,14737.0
2026-09-01,2026-09-01 10:30:00,15.145,15.145,15.1,15.105,9756.0
2026-09-01,2026-09-01 10:35:00,15.09,15.13,15.09,15.095,16971.0
2026-09-01,2026-09-01 10:40:00,15.12,15.12,15.02,15.025,10769.0
2026-09-01,2026-09-01 10:45:00,15.025,15.08,15.025,15.075,6330.0
2026-09-01,2026-09-01 10:50:00,15.07,15.23,15.07,15.19,32383.0
2026-09-01,2026-09-01 10:55:00,15.19,15.19,15.12,15.1629,13549.0
2026-09-01,2026-09-01 11:00:00,15.175,15.22,15.13,15.22,21488.0
2026-09-01,2026-09-01 11:05:00,15.22,15.24,15.2,15.24,10327.0
2026-09-01,2026-09-01 11:10:00,15.24,15.24,15.161,15.21,6585.0
2026-09-01,2026-09-01 11:15:00,15.2,15.26,15.2,15.21,21536.0
2026-09-01,2026-09-01 11:20:00,15.22,15.27,15.21,15.21,26939.0
2026-09-01,2026-09-01 11:25:00,15.19,15.249,15.19,15.249,13453.0
2026-09-01,2026-09-01 11:30:00,15.24,15.245,15.18,15.18,12391.0
2026-09-01,2026-09-01 11:35:00,15.2,15.22,15.1825,15.2,13790.0
2026-09-01,2026-09-01 11:40:00,15.22,15.23,15.18,15.23,8744.0
2026-09-01,2026-09-01 11:45:00,15.24,15.26,15.22,15.24,6004.0
2026-09-01,2026-09-01 11:50:00,15.25,15.28,15.22,15.23,10594.0
2026-09-01,2026-09-01 11:55:00,15.21,15.26,15.21,15.23,8506.0
2026-09-01,2026-09-01 12:00:00,15.29,15.3,15.28,15.295,15462.0
2026-09-01,2026-09-01 12:05:00,15.28,15.28,15.24,15.265,9138.0
2026-09-01,2026-09-01 12:10:00,15.26,15.29,15.25,15.29,9430.0
2026-09-01,2026-09-01 12:15:00,15.27,15.32,15.27,15.285,6625.0
2026-09-01,2026-09-01 12:20:00,15.26,15.26,15.0605,15.13,42449.0
2026-09-01,2026-09-01 12:25:00,15.11,15.1995,15.09,15.1995,31340.0
2026-09-01,2026-09-01 12:30:00,15.175,15.205,15.14,15.15,21020.0
2026-09-01,2026-09-01 12:35:00,15.15,15.15,15.12,15.13,6570.0
2026-09-01,2026-09-01 12:40:00,15.14,15.2,15.135,15.2,12738.0
2026-09-01,2026-09-01 12:45:00,15.2,15.205,15.17,15.18,25217.0
2026-09-01,2026-09-01 12:50:00,15.19,15.235,15.185,15.215,26875.0
2026-09-01,2026-09-01 12:55:00,15.21,15.25,15.2096,15.225,109912.0
2026-09-01,2026-09-01 13:00:00,15.23,15.3,15.23,15.3,9057.0
2026-09-01,2026-09-01 13:05:00,15.32,15.34,15.3,15.3,4713.0
2026-09-01,2026-09-01 13:10:00,15.32,15.35,15.245,15.245,10825.0
2026-09-01,2026-09-01 13:15:00,15.245,15.27,15.2305,15.255,4498.0
2026-09-01,2026-09-01 13:20:00,15.24,15.295,15.24,15.29,7596.0
2026-09-01,2026-09-01 13:25:00,15.3,15.3,15.23,15.239,17903.0
2026-09-01,2026-09-01 13:30:00,15.24,15.33,15.22,15.33,19460.0
2026-09-01,2026-09-01 13:35:00,15.32,15.32,15.29,15.31,5332.0
2026-09-01,2026-09-01 13:40:00,15.315,15.315,15.275,15.285,8271.0
2026-09-01,2026-09-01 13:45:00,15.2951,15.31,15.28,15.3,8497.0
2026-09-01,2026-09-01 13:50:00,15.3,15.33,15.285,15.33,5111.0
2026-09-01,2026-09-01 13:55:00,15.325,15.349,15.32,15.33,4424.0
2026-09-01,2026-09-01 14:00:00,15.32,15.33,15.3,15.325,8023.0
2026-09-01,2026-09-01 14:05:00,15.32,15.37,15.32,15.35,12126.0
2026-09-01,2026-09-01 14:10:00,15.36,15.4,15.36,15.4,9207.0
2026-09-01,2026-09-01 14:15:00,15.39,15.3997,15.3628,15.37,10515.0
2026-09-01,2026-09-01 14:20:00,15.37,15.41,15.33,15.37,50676.0
2026-09-01,2026-09-01 14:25:00,15.37,15.37,15.345,15.35,7300.0
2026-09-01,2026-09-01 14:30:00,15.35,15.39,15.34,15.35,21001.0
2026-09-01,2026-09-01 14:35:00,15.355,15.38,15.34,15.36,7960.0
2026-09-01,2026-09-01 14:40:00,15.36,15.415,15.34,15.38,18353.0
2026-09-01,2026-09-01 14:45:00,15.38,15.39,15.35,15.37,6885.0
2026-09-01,2026-09-01 14:50:00,15.375,15.41,15.37,15.4,7355.0
2026-09-01,2026-09-01 14:55:00,15.41,15.43,15.405,15.42,5138.0
2026-09-01,2026-09-01 15:00:00,15.42,15.42,15.4,15.405,11293.0
2026-09-01,2026-09-01 15:05:00,15.405,15.44,15.399,15.435,21605.0
2026-09-01,2026-09-01 15:10:00,15.435,15.44,15.4,15.4,11251.0
2026-09-01,2026-09-01 15:15:00,15.4,15.46,15.4,15.46,8722.0
2026-09-01,2026-09-01 15:20:00,15.45,15.515,15.44,15.49,24693.0
2026-09-01,2026-09-01 15:25:00,15.49,15.51,15.49,15.5,22528.0
2026-09-01,2026-09-01 15:30:00,15.51,15.57,15.5,15.54,18885.0
2026-09-01,2026-09-01 15:35:00,15.53,15.54,15.48,15.53,43275.0
2026-09-01,2026-09-01 15:40:00,15.539,15.56,15.52,15.54,26123.0
2026-09-01,2026-09-01 15:45:00,15.53,15.585,15.53,15.58,20053.0
2026-09-01,2026-09-01 15:50:00,15.58,15.59,15.52,15.55,58853.0
2026-09-01,2026-09-01 15:55:00,15.53,15.58,15.515,15.575,48722.0
2026-09-01,2026-09-01 16:00:00,15.58,15.71,15.58,15.67,398427.0
2026-09-02,2026-09-02 09:35:00,15.65,16.1,15.5001,16.035,45015.0
2026-09-02,2026-09-02 09:40:00,16.055,16.33,16.055,16.255,40604.0
2026-09-02,2026-09-02 09:45:00,16.3,16.305,16.04,16.105,22410.0
2026-09-02,2026-09-02 09:50:00,16.1052,16.1052,16.0,16.03,15816.0
2026-09-02,2026-09-02 09:55:00,16.03,16.13,15.91,15.949,48046.0
2026-09-02,2026-09-02 10:00:00,15.965,15.97,15.805,15.805,24410.0
2026-09-02,2026-09-02 10:05:00,15.84,15.9,15.74,15.9,26830.0
2026-09-02,2026-09-02 10:10:00,15.97,15.97,15.86,15.96,8136.0
2026-09-02,2026-09-02 10:15:00,15.96,15.96,15.77,15.77,9383.0
2026-09-02,2026-09-02 10:20:00,15.8,15.86,15.79,15.79,13176.0
2026-09-02,2026-09-02 10:25:00,15.7724,15.805,15.72,15.79,12458.0
2026-09-02,2026-09-02 10:30:00,15.805,15.89,15.75,15.89,16559.0
2026-09-02,2026-09-02 10:35:00,15.9,16.0,15.9,15.93,21831.0
2026-09-02,2026-09-02 10:40:00,15.925,15.945,15.83,15.84,14603.0
2026-09-02,2026-09-02 10:45:00,15.84,15.86,15.76,15.76,8705.0
2026-09-02,2026-09-02 10:50:00,15.75,15.79,15.65,15.7,16066.0
2026-09-02,2026-09-02 10:55:00,15.67,15.67,15.56,15.58,9102.0
2026-09-02,2026-09-02 11:00:00,15.59,15.6,15.54,15.595,5213.0
2026-09-02,2026-09-02 11:05:00,15.58,15.58,15.54,15.545,7384.0
2026-09-02,2026-09-02 11:10:00,15.57,15.6,15.54,15.57,9369.0
2026-09-02,2026-09-02 11:15:00,15.6,15.61,15.54,15.55,4981.0
2026-09-02,2026-09-02 11:20:00,15.54,15.6052,15.54,15.6052,7266.0
2026-09-02,2026-09-02 11:25:00,15.57,15.57,15.5,15.53,7245.0
2026-09-02,2026-09-02 11:30:00,15.53,15.6,15.51,15.57,15176.0
2026-09-02,2026-09-02 11:35:00,15.577,15.63,15.57,15.6107,34118.0
2026-09-02,2026-09-02 11:40:00,15.61,15.64,15.6,15.6,8452.0
2026-09-02,2026-09-02 11:45:00,15.64,15.68,15.61,15.66,10488.0
2026-09-02,2026-09-02 11:50:00,15.68,15.69,15.66,15.67,9495.0
2026-09-02,2026-09-02 11:55:00,15.7,15.72,15.66,15.69,13486.0
2026-09-02,2026-09-02 12:00:00,15.69,15.77,15.67,15.77,15487.0
2026-09-02,2026-09-02 12:05:00,15.77,15.78,15.71,15.78,15023.0
2026-09-02,2026-09-02 12:10:00,15.76,15.77,15.73,15.77,13981.0
2026-09-02,2026-09-02 12:15:00,15.76,15.775,15.73,15.75,18304.0
2026-09-02,2026-09-02 12:20:00,15.745,15.7552,15.7,15.72,23646.0
2026-09-02,2026-09-02 12:25:00,15.715,15.715,15.675,15.71,8089.0
2026-09-02,2026-09-02 12:30:00,15.6993,15.7096,15.645,15.65,4834.0
2026-09-02,2026-09-02 12:35:00,15.65,15.72,15.625,15.72,25298.0
2026-09-02,2026-09-02 12:40:00,15.725,15.7397,15.665,15.7397,23564.0
2026-09-02,2026-09-02 12:45:00,15.74,15.74,15.715,15.73,3806.0
2026-09-02,2026-09-02 12:50:00,15.74,15.75,15.73,15.73,4365.0
2026-09-02,2026-09-02 12:55:00,15.735,15.79,15.735,15.7748,7332.0
2026-09-02,2026-09-02 13:00:00,15.76,15.77,15.725,15.77,13728.0
2026-09-02,2026-09-02 13:05:00,15.79,15.875,15.7701,15.875,13578.0
2026-09-02,2026-09-02 13:10:00,15.85,15.85,15.82,15.84,3924.0
2026-09-02,2026-09-02 13:15:00,15.835,15.909,15.825,15.89,15982.0
2026-09-02,2026-09-02 13:20:00,15.88,15.885,15.88,15.88,3869.0
2026-09-02,2026-09-02 13:25:00,15.88,15.9257,15.86,15.86,19004.0
2026-09-02,2026-09-02 13:30:00,15.84,15.85,15.79,15.8,11122.0
2026-09-02,2026-09-02 13:35:00,15.81,15.835,15.81,15.82,4988.0
2026-09-02,2026-09-02 13:40:00,15.82,15.84,15.77,15.8025,12196.0
2026-09-02,2026-09-02 13:45:00,15.81,15.84,15.81,15.825,6876.0
2026-09-02,2026-09-02 13:50:00,15.83,15.87,15.83,15.85,17073.0
2026-09-02,2026-09-02 13:55:00,15.865,15.91,15.865,15.88,17605.0
2026-09-02,2026-09-02 14:00:00,15.86,15.93,15.86,15.9,11104.0
2026-09-02,2026-09-02 14:05:00,15.91,15.94,15.89,15.9,12173.0
2026-09-02,2026-09-02 14:10:00,15.9,15.93,15.9,15.915,6746.0
2026-09-02,2026-09-02 14:15:00,15.915,15.96,15.91,15.91,34657.0
2026-09-02,2026-09-02 14:20:00,15.9223,15.96,15.9,15.915,26815.0
2026-09-02,2026-09-02 14:25:00,15.92,15.925,15.905,15.92,8414.0
2026-09-02,2026-09-02 14:30:00,15.94,15.96,15.92,15.935,21268.0
2026-09-02,2026-09-02 14:35:00,15.92,16.055,15.915,16.025,115873.0
2026-09-02,2026-09-02 14:40:00,16.025,16.04,15.98,16.025,30948.0
2026-09-02,2026-09-02 14:45:00,16.01,16.06,16.01,16.0508,10744.0
2026-09-02,2026-09-02 14:50:00,16.065,16.1,16.06,16.09,15409.0
2026-09-02,2026-09-02 14:55:00,16.1,16.115,16.09,16.1,14654.0
2026-09-02,2026-09-02 15:00:00,16.1,16.11,16.09,16.09,8915.0
2026-09-02,2026-09-02 15:05:00,16.09,16.11,16.05,16.1,20792.0
2026-09-02,2026-09-02 15:10:00,16.105,16.12,16.085,16.1,12707.0
2026-09-02,2026-09-02 15:15:00,16.085,16.11,16.08,16.1,18139.0
2026-09-02,2026-09-02 15:20:00,16.1,16.12,16.085,16.09,11049.0
2026-09-02,2026-09-02 15:25:00,16.08,16.11,16.06,16.06,11214.0
2026-09-02,2026-09-02 15:30:00,16.06,16.07,16.04,16.07,7450.0
2026-09-02,2026-09-02 15:35:00,16.06,16.09,16.05,16.075,18139.0
2026-09-02,2026-09-02 15:40:00,16.08,16.08,16.05,16.06,14012.0
2026-09-02,2026-09-02 15:45:00,16.05,16.06,16.01,16.05,44403.0
2026-09-02,2026-09-02 15:50:00,16.055,16.1,16.05,16.09,20392.0
2026-09-02,2026-09-02 15:55:00,16.08,16.08,15.94,16.03,236957.0
2026-09-02,2026-09-02 16:00:00,16.035,16.035,15.9,15.98,429791.0
2026-09-03,2026-09-03 09:35:00,15.99,15.99,15.72,15.93,23053.0
2026-09-03,2026-09-03 09:40:00,15.89,16.0,15.84,15.91,10409.0
2026-09-03,2026-09-03 09:45:00,15.84,16.025,15.84,15.9999,6856.0
2026-09-03,2026-09-03 09:50:00,15.95,15.95,15.81,15.855,7236.0
2026-09-03,2026-09-03 09:55:00,15.8563,15.88,15.85,15.85,4483.0
2026-09-03,2026-09-03 10:00:00,15.88,15.97,15.87,15.88,5000.0
2026-09-03,2026-09-03 10:05:00,15.88,15.88,15.82,15.85,8347.0
2026-09-03,2026-09-03 10:10:00,15.845,15.855,15.77,15.78,18102.0
2026-09-03,2026-09-03 10:15:00,15.79,15.79,15.71,15.79,16227.0
2026-09-03,2026-09-03 10:20:00,15.815,15.815,15.71,15.76,9891.0
2026-09-03,2026-09-03 10:25:00,15.76,15.775,15.66,15.665,9776.0
2026-09-03,2026-09-03 10:30:00,15.6641,15.6734,15.57,15.6,21422.0
2026-09-03,2026-09-03 10:35:00,15.59,15.5986,15.54,15.55,8844.0
2026-09-03,2026-09-03 10:40:00,15.55,15.68,15.55,15.65,10477.0
2026-09-03,2026-09-03 10:45:00,15.64,15.64,15.6,15.6,8008.0
2026-09-03,2026-09-03 10:50:00,15.6,15.62,15.59,15.59,5299.0
2026-09-03,2026-09-03 10:55:00,15.585,15.63,15.58,15.63,10606.0
2026-09-03,2026-09-03 11:00:00,15.63,15.63,15.48,15.57,75451.0
2026-09-03,2026-09-03 11:05:00,15.59,15.62,15.55,15.6,11521.0
2026-09-03,2026-09-03 11:10:00,15.59,15.6098,15.53,15.53,21423.0
2026-09-03,2026-09-03 11:15:00,15.52,15.55,15.51,15.51,8124.0
2026-09-03,2026-09-03 11:20:00,15.5,15.51,15.47,15.47,12298.0
2026-09-03,2026-09-03 11:25:00,15.47,15.48,15.41,15.4362,23029.0
2026-09-03,2026-09-03 11:30:00,15.44,15.46,15.425,15.44,12510.0
2026-09-03,2026-09-03 11:35:00,15.43,15.445,15.42,15.44,6772.0
2026-09-03,2026-09-03 11:40:00,15.43,15.43,15.415,15.425,9607.0
2026-09-03,2026-09-03 11:45:00,15.44,15.46,15.44,15.44,7777.0
2026-09-03,2026-09-03 11:50:00,15.445,15.47,15.445,15.45,9742.0
2026-09-03,2026-09-03 11:55:00,15.435,15.435,15.41,15.415,4367.0
2026-09-03,2026-09-03 12:00:00,15.425,15.43,15.4196,15.425,5518.0
2026-09-03,2026-09-03 12:05:00,15.425,15.43,15.4,15.425,3716.0
2026-09-03,2026-09-03 12:10:00,15.43,15.43,15.41,15.42,7587.0
2026-09-03,2026-09-03 12:15:00,15.415,15.435,15.4068,15.435,12720.0
2026-09-03,2026-09-03 12:20:00,15.425,15.435,15.425,15.43,3767.0
2026-09-03,2026-09-03 12:25:00,15.425,15.4599,15.42,15.4599,8313.0
2026-09-03,2026-09-03 12:30:00,15.43,15.445,15.29,15.3,16571.0
2026-09-03,2026-09-03 12:35:00,15.3098,15.34,15.28,15.34,8147.0
2026-09-03,2026-09-03 12:40:00,15.3599,15.37,15.35,15.37,3714.0
2026-09-03,2026-09-03 12:45:00,15.38,15.38,15.36,15.38,3627.0
2026-09-03,2026-09-03 12:50:00,15.385,15.385,15.34,15.355,3591.0
2026-09-03,2026-09-03 12:55:00,15.345,15.37,15.34,15.35,3391.0
2026-09-03,2026-09-03 13:00:00,15.355,15.38,15.345,15.345,9936.0
2026-09-03,2026-09-03 13:05:00,15.34,15.36,15.33,15.36,5030.0
2026-09-03,2026-09-03 13:10:00,15.36,15.365,15.29,15.3,7904.0
2026-09-03,2026-09-03 13:15:00,15.31,15.32,15.28,15.3,7035.0
2026-09-03,2026-09-03 13:20:00,15.3,15.32,15.29,15.32,4078.0
2026-09-03,2026-09-03 13:25:00,15.29,15.32,15.29,15.305,2818.0
2026-09-03,2026-09-03 13:30:00,15.305,15.33,15.305,15.32,7872.0
2026-09-03,2026-09-03 13:35:00,15.315,15.33,15.3,15.305,8186.0
2026-09-03,2026-09-03 13:40:00,15.305,15.305,15.27,15.295,6500.0
2026-09-03,2026-09-03 13:45:00,15.29,15.3,15.28,15.2897,9092.0
2026-09-03,2026-09-03 13:50:00,15.28,15.29,15.28,15.29,3087.0
2026-09-03,2026-09-03 13:55:00,15.28,15.37,15.28,15.36,9145.0
2026-09-03,2026-09-03 14:00:00,15.36,15.4,15.3,15.33,21424.0
2026-09-03,2026-09-03 14:05:00,15.32,15.37,15.32,15.36,11991.0
2026-09-03,2026-09-03 14:10:00,15.35,15.37,15.35,15.355,4351.0
2026-09-03,2026-09-03 14:15:00,15.355,15.375,15.325,15.33,14374.0
2026-09-03,2026-09-03 14:20:00,15.33,15.33,15.29,15.29,5672.0
2026-09-03,2026-09-03 14:25:00,15.29,15.2925,15.24,15.265,13748.0
2026-09-03,2026-09-03 14:30:00,15.265,15.27,15.25,15.26,5729.0
2026-09-03,2026-09-03 14:35:00,15.255,15.27,15.255,15.27,4336.0
2026-09-03,2026-09-03 14:40:00,15.26,15.27,15.235,15.235,7273.0
2026-09-03,2026-09-03 14:45:00,15.235,15.24,15.23,15.23,6412.0
2026-09-03,2026-09-03 14:50:00,15.235,15.24,15.23,15.23,7127.0
2026-09-03,2026-09-03 14:55:00,15.24,15.24,15.22,15.23,7354.0
2026-09-03,2026-09-03 15:00:00,15.235,15.2399,15.22,15.225,8248.0
2026-09-03,2026-09-03 15:05:00,15.22,15.22,15.165,15.19,17339.0
2026-09-03,2026-09-03 15:10:00,15.19,15.22,15.15,15.17,44863.0
2026-09-03,2026-09-03 15:15:00,15.17,15.195,15.15,15.17,10493.0
2026-09-03,2026-09-03 15:20:00,15.17,15.17,15.13,15.15,19108.0
2026-09-03,2026-09-03 15:25:00,15.13,15.16,15.1,15.125,21701.0
2026-09-03,2026-09-03 15:30:00,15.13,15.14,15.12,15.13,10217.0
2026-09-03,2026-09-03 15:35:00,15.13,15.14,15.1,15.11,28265.0
2026-09-03,2026-09-03 15:40:00,15.1,15.13,15.0825,15.11,17156.0
2026-09-03,2026-09-03 15:45:00,15.1,15.13,15.02,15.1,34233.0
2026-09-03,2026-09-03 15:50:00,15.1,15.14,15.05,15.14,36520.0
2026-09-03,2026-09-03 15:55:00,15.11,15.25,15.1,15.23,50495.0
2026-09-03,2026-09-03 16:00:00,15.25,15.305,15.235,15.29,358181.0
2026-09-04,2026-09-04 09:35:00,15.22,15.3313,15.1,15.1,34525.0
2026-09-04,2026-09-04 09:40:00,15.21,15.28,15.17,15.19,11153.0
2026-09-04,2026-09-04 09:45:00,15.23,15.235,15.09,15.09,11715.0
2026-09-04,2026-09-04 09:50:00,15.09,15.1,14.93,15.04,18753.0
2026-09-04,2026-09-04 09:55:00,15.072,15.09,14.94,14.99,15369.0
2026-09-04,2026-09-04 10:00:00,15.005,15.08,14.985,14.985,10831.0
2026-09-04,2026-09-04 10:05:00,14.98,15.04,14.98,15.01,5132.0
2026-09-04,2026-09-04 10:10:00,15.06,15.165,15.05,15.165,12686.0
2026-09-04,2026-09-04 10:15:00,15.18,15.23,15.06,15.16,9103.0
2026-09-04,2026-09-04 10:20:00,15.13,15.13,15.08,15.095,3329.0
2026-09-04,2026-09-04 10:25:00,15.101,15.125,15.09,15.11,4599.0
2026-09-04,2026-09-04 10:30:00,15.115,15.115,15.1,15.1,3943.0
2026-09-04,2026-09-04 10:35:00,15.09,15.11,15.06,15.06,6240.0
2026-09-04,2026-09-04 10:40:00,15.065,15.095,15.05,15.09,8184.0
2026-09-04,2026-09-04 10:45:00,15.08,15.08,15.01,15.04,4736.0
2026-09-04,2026-09-04 10:50:00,15.045,15.05,14.99,14.99,6176.0
2026-09-04,2026-09-04 10:55:00,14.99,15.01,14.99,14.99,4112.0
2026-09-04,2026-09-04 11:00:00,15.0,15.03,15.0,15.011,6132.0
2026-09-04,2026-09-04 11:05:00,15.04,15.045,15.02,15.04,11680.0
2026-09-04,2026-09-04 11:10:00,15.0386,15.05,15.02,15.05,3138.0
2026-09-04,2026-09-04 11:15:00,15.045,15.05,15.01,15.01,8162.0
2026-09-04,2026-09-04 11:20:00,15.01,15.02,14.99,14.995,8341.0
2026-09-04,2026-09-04 11:25:00,15.0,15.01,14.9501,14.9501,3460.0
2026-09-04,2026-09-04 11:30:00,14.98,15.01,14.98,15.01,6118.0
2026-09-04,2026-09-04 11:35:00,15.01,15.04,15.0,15.04,6329.0
2026-09-04,2026-09-04 11:40:00,15.05,15.09,15.05,15.085,8382.0
2026-09-04,2026-09-04 11:45:00,15.09,15.09,15.02,15.02,7929.0
2026-09-04,2026-09-04 11:50:00,15.02,15.04,15.02,15.03,9313.0
2026-09-04,2026-09-04 11:55:00,15.03,15.03,15.025,15.03,1250.0
2026-09-04,2026-09-04 12:00:00,15.03,15.05347,15.02,15.02,5708.0
2026-09-04,2026-09-04 12:05:00,15.03,15.03,14.99,14.995,11703.0
2026-09-04,2026-09-04 12:10:00,14.995,14.995,14.955,14.975,14259.0
2026-09-04,2026-09-04 12:15:00,14.98,15.005,14.98,15.005,5882.0
2026-09-04,2026-09-04 12:20:00,15.005,15.025,14.99,15.015,7547.0
2026-09-04,2026-09-04 12:25:00,15.01,15.06,15.01,15.03,9656.0
2026-09-04,2026-09-04 12:30:00,15.03,15.04,15.01,15.01,2588.0
2026-09-04,2026-09-04 12:35:00,15.015,15.03,15.01,15.02,3999.0
2026-09-04,2026-09-04 12:40:00,15.03,15.035,15.01,15.035,5197.0
2026-09-04,2026-09-04 12:45:00,15.035,15.04,15.025,15.03,8540.0
2026-09-04,2026-09-04 12:50:00,15.025,15.04,15.01,15.03,5714.0
2026-09-04,2026-09-04 12:55:00,15.025,15.025,15.01,15.02,3523.0
2026-09-04,2026-09-04 13:00:00,15.02,15.03,15.01,15.02,3946.0
2026-09-04,2026-09-04 13:05:00,15.0102,15.0102,14.97,14.975,5076.0
2026-09-04,2026-09-04 13:10:00,14.98,15.01,14.98,15.0,4633.0
2026-09-04,2026-09-04 13:15:00,15.0,15.0,14.995,15.0,3609.0
2026-09-04,2026-09-04 13:20:00,15.01,15.045,14.99,15.045,4876.0
2026-09-04,2026-09-04 13:25:00,15.06,15.06,15.02,15.0376,7647.0
2026-09-04,2026-09-04 13:30:00,15.035,15.04,15.03,15.04,3892.0
2026-09-04,2026-09-04 13:35:00,15.04,15.04,15.04,15.04,1414.0
2026-09-04,2026-09-04 13:40:00,15.04,15.04,15.03,15.035,3808.0
2026-09-04,2026-09-04 13:45:00,15.04,15.06,15.035,15.06,5584.0
2026-09-04,2026-09-04 13:50:00,15.05,15.05,15.01,15.03,5077.0
2026-09-04,2026-09-04 13:55:00,15.02,15.04,15.01,15.03,4361.0
2026-09-04,2026-09-04 14:00:00,15.04,15.04,15.03,15.035,2955.0
2026-09-04,2026-09-04 14:05:00,15.035,15.045,15.035,15.04,3853.0
2026-09-04,2026-09-04 14:10:00,15.03,15.03,15.01,15.01,8796.0
2026-09-04,2026-09-04 14:15:00,15.02,15.02,15.02,15.02,2429.0
2026-09-04,2026-09-04 14:20:00,15.02,15.02,15.0,15.02,5184.0
2026-09-04,2026-09-04 14:25:00,15.02,15.02,15.0,15.01,6741.0
2026-09-04,2026-09-04 14:30:00,15.002,15.01,15.0,15.0095,8328.0
2026-09-04,2026-09-04 14:35:00,15.02,15.03,15.0197,15.02,8054.0
2026-09-04,2026-09-04 14:40:00,15.015,15.02,15.01,15.01,4083.0
2026-09-04,2026-09-04 14:45:00,15.02,15.02,15.0,15.0,2634.0
2026-09-04,2026-09-04 14:50:00,15.02,15.02,14.99,14.99,7057.0
2026-09-04,2026-09-04 14:55:00,14.99,15.005,14.99,15.005,4511.0
2026-09-04,2026-09-04 15:00:00,15.0,15.005,14.99,15.0,4804.0
2026-09-04,2026-09-04 15:05:00,15.0,15.0,14.825,14.825,45909.0
2026-09-04,2026-09-04 15:10:00,14.81,14.91,14.8,14.8987,34458.0
2026-09-04,2026-09-04 15:15:00,14.9,14.94,14.89,14.94,14518.0
2026-09-04,2026-09-04 15:20:00,14.94,14.97,14.93,14.96,17716.0
2026-09-04,2026-09-04 15:25:00,14.96,15.0,14.94,15.0,9831.0
2026-09-04,2026-09-04 15:30:00,15.0,15.0,14.96,14.97,8291.0
2026-09-04,2026-09-04 15:35:00,14.96,15.0,14.95,14.995,16346.0
2026-09-04,2026-09-04 15:40:00,14.99,14.99,14.98,14.98,6109.0
2026-09-04,2026-09-04 15:45:00,14.98,14.995,14.96,14.97,19037.0
2026-09-04,2026-09-04 15:50:00,14.98,15.0,14.96,14.995,11938.0
2026-09-04,2026-09-04 15:55:00,15.0,15.05,14.99,15.03,34898.0
2026-09-04,2026-09-04 16:00:00,15.035,15.07,14.99,15.04,215012.0
2026-09-08,2026-09-08 09:35:00,14.9,14.9,14.61,14.634,37340.0
2026-09-08,2026-09-08 09:40:00,14.635,14.845,14.635,14.84,9581.0
2026-09-08,2026-09-08 09:45:00,14.84,14.93,14.79,14.87,8156.0
2026-09-08,2026-09-08 09:50:00,14.92,14.97,14.85,14.85,15083.0
2026-09-08,2026-09-08 09:55:00,14.88,14.9,14.7,14.9,16679.0
2026-09-08,2026-09-08 10:00:00,14.9,14.9,14.7174,14.78,12536.0
2026-09-08,2026-09-08 10:05:00,14.76,14.78,14.7,14.77,10465.0
2026-09-08,2026-09-08 10:10:00,14.76,14.855,14.76,14.81,4321.0
2026-09-08,2026-09-08 10:15:00,14.79,14.82,14.72,14.7301,7037.0
2026-09-08,2026-09-08 10:20:00,14.75,14.75,14.62,14.69,6220.0
2026-09-08,2026-09-08 10:25:00,14.71,14.76,14.7,14.76,10374.0
2026-09-08,2026-09-08 10:30:00,14.77,14.79,14.72,14.79,9475.0
2026-09-08,2026-09-08 10:35:00,14.8,14.985,14.8,14.98,9148.0
2026-09-08,2026-09-08 10:40:00,14.98,14.99,14.94,14.945,12069.0
2026-09-08,2026-09-08 10:45:00,14.945,14.945,14.89,14.945,7547.0
2026-09-08,2026-09-08 10:50:00,14.92,14.935,14.92,14.93,2839.0
2026-09-08,2026-09-08 10:55:00,14.93,14.955,14.84,14.845,13676.0
2026-09-08,2026-09-08 11:00:00,14.86,14.86,14.84,14.84,2210.0
2026-09-08,2026-09-08 11:05:00,14.84,14.84,14.82,14.835,3120.0
2026-09-08,2026-09-08 11:10:00,14.845,14.86,14.8,14.8,4262.0
2026-09-08,2026-09-08 11:15:00,14.825,14.84,14.79,14.831,7484.0
2026-09-08,2026-09-08 11:20:00,14.85,14.87,14.83,14.85,7555.0
2026-09-08,2026-09-08 11:25:00,14.84,14.855,14.805,14.85,14805.0
2026-09-08,2026-09-08 11:30:00,14.85,14.85,14.77,14.77,8582.0
2026-09-08,2026-09-08 11:35:00,14.795,14.825,14.795,14.81,7122.0
2026-09-08,2026-09-08 11:40:00,14.8,14.83,14.79,14.83,5389.0
2026-09-08,2026-09-08 11:45:00,14.845,14.89,14.83,14.89,5906.0
2026-09-08,2026-09-08 11:50:00,14.9,14.91,14.8751,14.88,7730.0
2026-09-08,2026-09-08 11:55:00,14.87,14.87,14.84,14.85,4952.0
2026-09-08,2026-09-08 12:00:00,14.86,14.905,14.86,14.905,5397.0
2026-09-08,2026-09-08 12:05:00,14.905,14.955,14.88,14.88,10786.0
2026-09-08,2026-09-08 12:10:00,14.885,14.8851,14.84,14.84,19579.0
2026-09-08,2026-09-08 12:15:00,14.82,14.84,14.82,14.8305,9132.0
2026-09-08,2026-09-08 12:20:00,14.82,14.84,14.82,14.83,3889.0
2026-09-08,2026-09-08 12:25:00,14.84,14.84,14.81,14.82,5431.0
2026-09-08,2026-09-08 12:30:00,14.83,14.89,14.83,14.85,11070.0
2026-09-08,2026-09-08 12:35:00,14.845,14.85,14.84,14.845,3430.0
2026-09-08,2026-09-08 12:40:00,14.86,14.86,14.81,14.81,5411.0
2026-09-08,2026-09-08 12:45:00,14.81,14.83,14.81,14.81,9624.0
2026-09-08,2026-09-08 12:50:00,14.815,14.86,14.815,14.85,6256.0
2026-09-08,2026-09-08 12:55:00,14.86,14.86,14.78,14.795,12306.0
2026-09-08,2026-09-08 13:00:00,14.8,14.81,14.75,14.805,11469.0
2026-09-08,2026-09-08 13:05:00,14.8,14.8374,14.785,14.8374,5720.0
2026-09-08,2026-09-08 13:10:00,14.85,14.85,14.815,14.82,5501.0
2026-09-08,2026-09-08 13:15:00,14.83,14.86,14.83,14.855,3965.0
2026-09-08,2026-09-08 13:20:00,14.86,14.88,14.86,14.87,6207.0
2026-09-08,2026-09-08 13:25:00,14.87,14.87,14.795,14.82,18704.0
2026-09-08,2026-09-08 13:30:00,14.83,14.8327,14.82,14.83,3432.0
2026-09-08,2026-09-08 13:35:00,14.84,14.865,14.84,14.85,5095.0
2026-09-08,2026-09-08 13:40:00,14.8758,14.8758,14.8101,14.8101,5109.0
2026-09-08,2026-09-08 13:45:00,14.82,14.83,14.785,14.785,10436.0
2026-09-08,2026-09-08 13:50:00,14.785,14.79,14.76,14.765,6636.0
2026-09-08,2026-09-08 13:55:00,14.77,14.815,14.76,14.81,8666.0
2026-09-08,2026-09-08 14:00:00,14.81,14.81,14.785,14.795,5263.0
2026-09-08,2026-09-08 14:05:00,14.79,14.82,14.78,14.82,7680.0
2026-09-08,2026-09-08 14:10:00,14.825,14.84,14.82,14.84,4678.0
2026-09-08,2026-09-08 14:15:00,14.845,14.885,14.81,14.83,16158.0
2026-09-08,2026-09-08 14:20:00,14.82,14.83,14.82,14.83,4152.0
2026-09-08,2026-09-08 14:25:00,14.82,14.83,14.805,14.805,5641.0
2026-09-08,2026-09-08 14:30:00,14.805,14.84,14.805,14.83,3938.0
2026-09-08,2026-09-08 14:35:00,14.83,14.84,14.83,14.83,3744.0
2026-09-08,2026-09-08 14:40:00,14.83,14.84,14.745,14.75,11835.0
2026-09-08,2026-09-08 14:45:00,14.745,14.81,14.745,14.81,8629.0
2026-09-08,2026-09-08 14:50:00,14.8,14.84,14.755,14.78,8655.0
2026-09-08,2026-09-08 14:55:00,14.775,14.775,14.755,14.76,4901.0
2026-09-08,2026-09-08 15:00:00,14.76,14.78,14.76,14.77,5880.0
2026-09-08,2026-09-08 15:05:00,14.76,14.775,14.75,14.75,7257.0
2026-09-08,2026-09-08 15:10:00,14.7501,14.785,14.73,14.78,9842.0
2026-09-08,2026-09-08 15:15:00,14.78,14.82,14.78,14.82,8955.0
2026-09-08,2026-09-08 15:20:00,14.83,14.87,14.83,14.84,19442.0
2026-09-08,2026-09-08 15:25:00,14.84,14.86,14.82,14.86,15649.0
2026-09-08,2026-09-08 15:30:00,14.855,14.855,14.81,14.82,14234.0
2026-09-08,2026-09-08 15:35:00,14.82,14.85,14.8,14.81,19543.0
2026-09-08,2026-09-08 15:40:00,14.8,14.8,14.75,14.76,14658.0
2026-09-08,2026-09-08 15:45:00,14.75,14.775,14.725,14.77,27890.0
2026-09-08,2026-09-08 15:50:00,14.77,14.79,14.74,14.76,27266.0
2026-09-08,2026-09-08 15:55:00,14.77,14.78,14.69,14.74,68104.0
2026-09-08,2026-09-08 16:00:00,14.73,14.79,14.72,14.77,678581.0
2026-09-09,2026-09-09 09:35:00,14.54,14.65,14.5,14.58,31898.0
2026-09-09,2026-09-09 09:40:00,14.57,14.64,14.51,14.61,17599.0
2026-09-09,2026-09-09 09:45:00,14.615,14.69,14.59,14.69,9094.0
2026-09-09,2026-09-09 09:50:00,14.7,14.75,14.68,14.6934,11985.0
2026-09-09,2026-09-09 09:55:00,14.67,14.75,14.65,14.75,4771.0
2026-09-09,2026-09-09 10:00:00,14.76,14.76,14.68,14.68,3562.0
2026-09-09,2026-09-09 10:05:00,14.7,14.72,14.68,14.715,6555.0
2026-09-09,2026-09-09 10:10:00,14.715,14.725,14.65,14.65,4008.0
2026-09-09,2026-09-09 10:15:00,14.63,14.66,14.545,14.57,20554.0
2026-09-09,2026-09-09 10:20:00,14.585,14.585,14.485,14.49,6518.0
2026-09-09,2026-09-09 10:25:00,14.49,14.49,14.38,14.405,22940.0
2026-09-09,2026-09-09 10:30:00,14.39,14.46,14.39,14.42,15830.0
2026-09-09,2026-09-09 10:35:00,14.41,14.41,14.301,14.32,26367.0
2026-09-09,2026-09-09 10:40:00,14.32,14.39,14.3,14.38,20630.0
2026-09-09,2026-09-09 10:45:00,14.39,14.44,14.355,14.44,13229.0
2026-09-09,2026-09-09 10:50:00,14.45,14.465,14.44,14.455,5579.0
2026-09-09,2026-09-09 10:55:00,14.45,14.48,14.45,14.48,3439.0
2026-09-09,2026-09-09 11:00:00,14.49,14.52,14.49,14.52,5593.0
2026-09-09,2026-09-09 11:05:00,14.53,14.6,14.5,14.53,22330.0
2026-09-09,2026-09-09 11:10:00,14.52,14.555,14.52,14.545,7445.0
2026-09-09,2026-09-09 11:15:00,14.545,14.545,14.545,14.545,1398.0
2026-09-09,2026-09-09 11:20:00,14.54,14.56,14.53,14.56,14872.0
2026-09-09,2026-09-09 11:25:00,14.56,14.56,14.5226,14.54,18968.0
2026-09-09,2026-09-09 11:30:00,14.54,14.56,14.53,14.545,8705.0
2026-09-09,2026-09-09 11:35:00,14.56,14.585,14.56,14.57,9625.0
2026-09-09,2026-09-09 11:40:00,14.58,14.58,14.54,14.55,7985.0
2026-09-09,2026-09-09 11:45:00,14.555,14.555,14.515,14.55,6526.0
2026-09-09,2026-09-09 11:50:00,14.55,14.59,14.55,14.59,9077.0
2026-09-09,2026-09-09 11:55:00,14.59,14.59,14.5771,14.5771,5381.0
2026-09-09,2026-09-09 12:00:00,14.58,14.58,14.555,14.555,7213.0
2026-09-09,2026-09-09 12:05:00,14.555,14.565,14.55,14.56,5113.0
2026-09-09,2026-09-09 12:10:00,14.54,14.54,14.519498,14.52,11594.0
2026-09-09,2026-09-09 12:15:00,14.52,14.531,14.52,14.53,5578.0
2026-09-09,2026-09-09 12:20:00,14.53,14.57,14.52,14.56,10956.0
2026-09-09,2026-09-09 12:25:00,14.56,14.575,14.56,14.575,5075.0
2026-09-09,2026-09-09 12:30:00,14.57,14.58,14.55,14.57,8339.0
2026-09-09,2026-09-09 12:35:00,14.58,14.6,14.545,14.545,15310.0
2026-09-09,2026-09-09 12:40:00,14.545,14.585,14.545,14.58,4017.0
2026-09-09,2026-09-09 12:45:00,14.59,14.63,14.59,14.63,5515.0
2026-09-09,2026-09-09 12:50:00,14.625,14.64,14.625,14.64,4205.0
2026-09-09,2026-09-09 12:55:00,14.63,14.63,14.6,14.615,7246.0
2026-09-09,2026-09-09 13:00:00,14.62,14.635,14.62,14.63,4979.0
2026-09-09,2026-09-09 13:05:00,14.63,14.655,14.63,14.65,10770.0
2026-09-09,2026-09-09 13:10:00,14.65,14.67,14.65,14.66,6936.0
2026-09-09,2026-09-09 13:15:00,14.66,14.67,14.66,14.67,3587.0
2026-09-09,2026-09-09 13:20:00,14.67,14.67,14.64,14.65,6678.0
2026-09-09,2026-09-09 13:25:00,14.645,14.645,14.645,14.645,2090.0
2026-09-09,2026-09-09 13:30:00,14.645,14.66,14.63,14.65,10869.0
2026-09-09,2026-09-09 13:35:00,14.65,14.65,14.625,14.63,5573.0
2026-09-09,2026-09-09 13:40:00,14.63,14.64,14.615,14.63,7043.0
2026-09-09,2026-09-09 13:45:00,14.635,14.65,14.635,14.64,4923.0
2026-09-09,2026-09-09 13:50:00,14.65,14.66,14.63,14.63,5010.0
2026-09-09,2026-09-09 13:55:00,14.635,14.645,14.63,14.63,6488.0
2026-09-09,2026-09-09 14:00:00,14.62,14.62,14.605,14.615,5629.0
2026-09-09,2026-09-09 14:05:00,14.615,14.615,14.605,14.605,5564.0
2026-09-09,2026-09-09 14:10:00,14.61,14.61,14.58,14.5835,6694.0
2026-09-09,2026-09-09 14:15:00,14.58,14.59,14.55,14.55,7308.0
2026-09-09,2026-09-09 14:20:00,14.56,14.57,14.55,14.56,6538.0
2026-09-09,2026-09-09 14:25:00,14.555,14.555,14.5201,14.53,5894.0
2026-09-09,2026-09-09 14:30:00,14.525,14.535,14.525,14.53,5157.0
2026-09-09,2026-09-09 14:35:00,14.53,14.54,14.51,14.51,9202.0
2026-09-09,2026-09-09 14:40:00,14.505,14.51,14.505,14.51,6349.0
2026-09-09,2026-09-09 14:45:00,14.51,14.52,14.51,14.51,7909.0
2026-09-09,2026-09-09 14:50:00,14.52,14.52,14.51,14.51,6775.0
2026-09-09,2026-09-09 14:55:00,14.5068,14.54,14.505,14.54,9977.0
2026-09-09,2026-09-09 15:00:00,14.54,14.54,14.54,14.54,3560.0
2026-09-09,2026-09-09 15:05:00,14.54,14.54,14.47,14.47,13825.0
2026-09-09,2026-09-09 15:10:00,14.47,14.4914,14.46,14.4914,17457.0
2026-09-09,2026-09-09 15:15:00,14.4998,14.525,14.4998,14.51,9035.0
2026-09-09,2026-09-09 15:20:00,14.51,14.52,14.505,14.515,7323.0
2026-09-09,2026-09-09 15:25:00,14.51,14.52,14.51,14.52,7354.0
2026-09-09,2026-09-09 15:30:00,14.525,14.525,14.495,14.495,11332.0
2026-09-09,2026-09-09 15:35:00,14.495,14.51,14.4701,14.4951,22452.0
2026-09-09,2026-09-09 15:40:00,14.5,14.5,14.465,14.485,13520.0
2026-09-09,2026-09-09 15:45:00,14.485,14.4986,14.475,14.49,16654.0
2026-09-09,2026-09-09 15:50:00,14.5,14.5,14.46,14.48,18615.0
2026-09-09,2026-09-09 15:55:00,14.49,14.52,14.46,14.47,30328.0
2026-09-09,2026-09-09 16:00:00,14.48,14.505,14.43,14.45,282366.0
2026-09-10,2026-09-10 09:35:00,14.47,14.47,14.02,14.06,37339.0
2026-09-10,2026-09-10 09:40:00,14.09,14.155,13.95,13.995,13459.0
2026-09-10,2026-09-10 09:45:00,13.97,14.0383,13.95,13.97,13064.0
2026-09-10,2026-09-10 09:50:00,14.02,14.16,13.98,14.095,27260.0
2026-09-10,2026-09-10 09:55:00,14.085,14.17,14.0,14.12,30034.0
2026-09-10,2026-09-10 10:00:00,14.08,14.14,14.05,14.13,22257.0
2026-09-10,2026-09-10 10:05:00,14.125,14.18,14.1,14.165,19796.0
2026-09-10,2026-09-10 10:10:00,14.18,14.19,14.075,14.18,34642.0
2026-09-10,2026-09-10 10:15:00,14.18,14.29,14.18,14.23,21145.0
2026-09-10,2026-09-10 10:20:00,14.225,14.26,14.1,14.1,36326.0
2026-09-10,2026-09-10 10:25:00,14.1,14.19,13.97,14.11,161787.0
2026-09-10,2026-09-10 10:30:00,14.13,14.2,14.06,14.09,19980.0
2026-09-10,2026-09-10 10:35:00,14.05,14.06,13.85,13.89,171577.0
2026-09-10,2026-09-10 10:40:00,13.895,13.95,13.85,13.875,16142.0
2026-09-10,2026-09-10 10:45:00,13.85,13.88,13.83,13.865,19435.0
2026-09-10,2026-09-10 10:50:00,13.9,13.97,13.87,13.95,9689.0
2026-09-10,2026-09-10 10:55:00,13.95,13.96,13.9,13.9,10345.0
2026-09-10,2026-09-10 11:00:00,13.91,13.93,13.87,13.87,9561.0
2026-09-10,2026-09-10 11:05:00,13.87,13.885,13.79,13.83,41536.0
2026-09-10,2026-09-10 11:10:00,13.83,13.838,13.765,13.775,16991.0
2026-09-10,2026-09-10 11:15:00,13.77,13.83,13.745,13.77,31384.0
2026-09-10,2026-09-10 11:20:00,13.76,13.76,13.705,13.725,26142.0
2026-09-10,2026-09-10 11:25:00,13.72,13.735,13.68,13.685,24275.0
2026-09-10,2026-09-10 11:30:00,13.69,13.74,13.66,13.73,23308.0
2026-09-10,2026-09-10 11:35:00,13.73,13.76,13.62,13.64,58992.0
2026-09-10,2026-09-10 11:40:00,13.65,13.7,13.63,13.67,29130.0
2026-09-10,2026-09-10 11:45:00,13.67,13.77,13.65,13.7628,40546.0
2026-09-10,2026-09-10 11:50:00,13.78,13.795,13.65,13.72,110691.0
2026-09-10,2026-09-10 11:55:00,13.71,13.785,13.71,13.74,18136.0
2026-09-10,2026-09-10 12:00:00,13.72,13.72,13.69,13.69,16170.0
2026-09-10,2026-09-10 12:05:00,13.685,13.715,13.625,13.63,20493.0
2026-09-10,2026-09-10 12:10:00,13.63,13.65,13.6,13.6,18182.0
2026-09-10,2026-09-10 12:15:00,13.6,13.68,13.6,13.66,15510.0
2026-09-10,2026-09-10 12:20:00,13.66,13.68,13.53,13.55,25342.0
2026-09-10,2026-09-10 12:25:00,13.55,13.585,13.53,13.57,19554.0
2026-09-10,2026-09-10 12:30:00,13.56,13.56,13.515,13.55,15517.0
2026-09-10,2026-09-10 12:35:00,13.535,13.57,13.52,13.57,14995.0
2026-09-10,2026-09-10 12:40:00,13.56,13.57,13.54,13.57,13909.0
2026-09-10,2026-09-10 12:45:00,13.58,13.61,13.58,13.61,8700.0
2026-09-10,2026-09-10 12:50:00,13.59,13.6,13.55,13.56,9893.0
2026-09-10,2026-09-10 12:55:00,13.56,13.58,13.55,13.575,6908.0
2026-09-10,2026-09-10 13:00:00,13.575,13.6,13.57,13.6,8328.0
2026-09-10,2026-09-10 13:05:00,13.6,13.64,13.6,13.62,12767.0
2026-09-10,2026-09-10 13:10:00,13.625,13.625,13.59,13.6,11979.0
2026-09-10,2026-09-10 13:15:00,13.6,13.61,13.565,13.61,28783.0
2026-09-10,2026-09-10 13:20:00,13.6,13.6,13.43,13.44,39553.0
2026-09-10,2026-09-10 13:25:00,13.45,13.4725,13.45,13.46,15333.0
2026-09-10,2026-09-10 13:30:00,13.46,13.48,13.45,13.46,13602.0
2026-09-10,2026-09-10 13:35:00,13.46,13.47,13.445,13.45,7271.0
2026-09-10,2026-09-10 13:40:00,13.45,13.47,13.44,13.46,16899.0
2026-09-10,2026-09-10 13:45:00,13.45,13.4582,13.43,13.45,11076.0
2026-09-10,2026-09-10 13:50:00,13.45,13.455,13.37,13.37,30277.0
2026-09-10,2026-09-10 13:55:00,13.38,13.41,13.35,13.41,19146.0
2026-09-10,2026-09-10 14:00:00,13.4,13.4,13.37,13.38,11570.0
2026-09-10,2026-09-10 14:05:00,13.39,13.44,13.37,13.39,23862.0
2026-09-10,2026-09-10 14:10:00,13.4,13.4,13.33,13.33,38760.0
2026-09-10,2026-09-10 14:15:00,13.36,13.425,13.36,13.425,38693.0
2026-09-10,2026-09-10 14:20:00,13.42,13.445,13.42,13.43,17213.0
2026-09-10,2026-09-10 14:25:00,13.42,13.44,13.38,13.425,25253.0
2026-09-10,2026-09-10 14:30:00,13.425,13.45,13.4,13.4,25460.0
2026-09-10,2026-09-10 14:35:00,13.41,13.51,13.41,13.505,19305.0
2026-09-10,2026-09-10 14:40:00,13.51,13.53,13.5,13.52,22571.0
2026-09-10,2026-09-10 14:45:00,13.51,13.52,13.47,13.48,11060.0
2026-09-10,2026-09-10 14:50:00,13.48,13.555,13.48,13.52,46364.0
2026-09-10,2026-09-10 14:55:00,13.51,13.515,13.435,13.46,32671.0
2026-09-10,2026-09-10 15:00:00,13.46,13.46,13.425,13.43,21533.0
2026-09-10,2026-09-10 15:05:00,13.42,13.46,13.405,13.41,32359.0
2026-09-10,2026-09-10 15:10:00,13.41,13.415,13.37,13.37,27985.0
2026-09-10,2026-09-10 15:15:00,13.37,13.47,13.37,13.47,40827.0
2026-09-10,2026-09-10 15:20:00,13.47,13.49,13.41,13.45,31064.0
2026-09-10,2026-09-10 15:25:00,13.45,13.49,13.415,13.47,29464.0
2026-09-10,2026-09-10 15:30:00,13.47,13.47,13.435,13.45,32857.0
2026-09-10,2026-09-10 15:35:00,13.445,13.47,13.43,13.435,51358.0
2026-09-10,2026-09-10 15:40:00,13.435,13.435,13.33,13.345,81587.0
2026-09-10,2026-09-10 15:45:00,13.345,13.355,13.3,13.3,48179.0
2026-09-10,2026-09-10 15:50:00,13.3,13.375,13.3,13.375,123304.0
2026-09-10,2026-09-10 15:55:00,13.39,13.5,13.26,13.28,359603.0
2026-09-10,2026-09-10 16:00:00,13.29,13.38,13.21,13.24,916824.0
