day,time,open,high,low,close,volume
2026-06-12,2026-06-12 09:35:00,7.07,7.08,7.04,7.06,54991.0
2026-06-12,2026-06-12 09:40:00,7.059,7.08,7.039,7.045,22529.0
2026-06-12,2026-06-12 09:45:00,7.044,7.044,7.02,7.04,10061.0
2026-06-12,2026-06-12 09:50:00,7.045,7.065,7.03,7.035,9291.0
2026-06-12,2026-06-12 09:55:00,7.035,7.035,7.01,7.025,19344.0
2026-06-12,2026-06-12 10:00:00,7.03,7.035,7.0,7.035,18467.0
2026-06-12,2026-06-12 10:05:00,7.0399,7.075,7.0399,7.065,13415.0
2026-06-12,2026-06-12 10:10:00,7.065,7.0799,7.045,7.045,17557.0
2026-06-12,2026-06-12 10:15:00,7.045,7.05,7.01,7.0201,11158.0
2026-06-12,2026-06-12 10:20:00,7.02,7.03,7.005,7.02,11975.0
2026-06-12,2026-06-12 10:25:00,7.025,7.035,7.02,7.035,7456.0
2026-06-12,2026-06-12 10:30:00,7.035,7.055,7.02,7.02,19743.0
2026-06-12,2026-06-12 10:35:00,7.02,7.025,7.0,7.02,27734.0
2026-06-12,2026-06-12 10:40:00,7.025,7.03,7.015,7.03,10795.0
2026-06-12,2026-06-12 10:45:00,7.035,7.035,7.0,7.0,12282.0
2026-06-12,2026-06-12 10:50:00,7.0,7.025,6.99,7.0,106738.0
2026-06-12,2026-06-12 10:55:00,7.0,7.005,6.98,7.005,51908.0
2026-06-12,2026-06-12 11:00:00,7.005,7.015,7.005,7.015,9017.0
2026-06-12,2026-06-12 11:05:00,7.015,7.0294,6.975,6.985,29479.0
2026-06-12,2026-06-12 11:10:00,6.98,6.99,6.98,6.985,5359.0
2026-06-12,2026-06-12 11:15:00,6.985,6.99,6.965,6.98,23771.0
2026-06-12,2026-06-12 11:20:00,6.97,6.97,6.95,6.95,13878.0
2026-06-12,2026-06-12 11:25:00,6.95,6.965,6.945,6.945,21018.0
2026-06-12,2026-06-12 11:30:00,6.94,6.975,6.94,6.965,9449.0
2026-06-12,2026-06-12 11:35:00,6.965,6.965,6.94,6.95,17700.0
2026-06-12,2026-06-12 11:40:00,6.95,6.965,6.945,6.955,11566.0
2026-06-12,2026-06-12 11:45:00,6.955,6.955,6.945,6.95,10604.0
2026-06-12,2026-06-12 11:50:00,6.95,6.96,6.912,6.912,12187.0
2026-06-12,2026-06-12 11:55:00,6.915,6.925,6.9,6.92,11165.0
2026-06-12,2026-06-12 12:00:00,6.92,6.925,6.89,6.89,14389.0
2026-06-12,2026-06-12 12:05:00,6.885,6.895,6.87,6.88,12705.0
2026-06-12,2026-06-12 12:10:00,6.88,6.885,6.8601,6.885,10632.0
2026-06-12,2026-06-12 12:15:00,6.88,6.9501,6.87,6.875,23489.0
2026-06-12,2026-06-12 12:20:00,6.88,6.9,6.865,6.865,31320.0
2026-06-12,2026-06-12 12:25:00,6.86,6.88,6.86,6.875,11861.0
2026-06-12,2026-06-12 12:30:00,6.875,6.88,6.87,6.875,9215.0
2026-06-12,2026-06-12 12:35:00,6.875,6.88,6.875,6.875,6120.0
2026-06-12,2026-06-12 12:40:00,6.875,6.88,6.87,6.875,8816.0
2026-06-12,2026-06-12 12:45:00,6.875,6.885,6.875,6.88,8401.0
2026-06-12,2026-06-12 12:50:00,6.8839,6.905,6.8839,6.895,12046.0
2026-06-12,2026-06-12 12:55:00,6.8911,6.9,6.8911,6.9,2882.0
2026-06-12,2026-06-12 13:00:00,6.89,6.895,6.885,6.885,8496.0
2026-06-12,2026-06-12 13:05:00,6.89,6.893645,6.88,6.885,8496.0
2026-06-12,2026-06-12 13:10:00,6.885,6.9,6.885,6.895,9442.0
2026-06-12,2026-06-12 13:15:00,6.895,6.895,6.88,6.885,7437.0
2026-06-12,2026-06-12 13:20:00,6.885,6.89,6.8801,6.89,4208.0
2026-06-12,2026-06-12 13:25:00,6.885,6.89,6.875,6.875,13143.0
2026-06-12,2026-06-12 13:30:00,6.875,6.88,6.87,6.88,3175.0
2026-06-12,2026-06-12 13:35:00,6.87,6.875,6.85,6.8608,12585.0
2026-06-12,2026-06-12 13:40:00,6.866374,6.866374,6.86,6.865,8122.0
2026-06-12,2026-06-12 13:45:00,6.8623,6.875,6.86,6.875,5950.0
2026-06-12,2026-06-12 13:50:00,6.875,6.875,6.865,6.865,5963.0
2026-06-12,2026-06-12 13:55:00,6.86,6.87,6.86,6.87,2317.0
2026-06-12,2026-06-12 14:00:00,6.865,6.87,6.8401,6.85,16817.0
2026-06-12,2026-06-12 14:05:00,6.845,6.855,6.845,6.855,14123.0
2026-06-12,2026-06-12 14:10:00,6.855,6.855,6.8428,6.855,7261.0
2026-06-12,2026-06-12 14:15:00,6.855,6.86,6.85,6.85,11541.0
2026-06-12,2026-06-12 14:20:00,6.845,6.86,6.84,6.85,14411.0
2026-06-12,2026-06-12 14:25:00,6.855,6.855,6.8401,6.8401,7041.0
2026-06-12,2026-06-12 14:30:00,6.84,6.86,6.84,6.86,6445.0
2026-06-12,2026-06-12 14:35:00,6.86,6.86,6.855,6.86,2047.0
2026-06-12,2026-06-12 14:40:00,6.86,6.899,6.85,6.885,42861.0
2026-06-12,2026-06-12 14:45:00,6.89,6.9,6.88,6.9,10163.0
2026-06-12,2026-06-12 14:50:00,6.89,6.905,6.89,6.895,25093.0
2026-06-12,2026-06-12 14:55:00,6.9,6.92,6.9,6.905,21577.0
2026-06-12,2026-06-12 15:00:00,6.905,6.91,6.905,6.905,15811.0
2026-06-12,2026-06-12 15:05:00,6.91,6.935,6.905,6.93,27832.0
2026-06-12,2026-06-12 15:10:00,6.9203,6.925,6.915,6.925,41448.0
2026-06-12,2026-06-12 15:15:00,6.925,6.935,6.925,6.925,18711.0
2026-06-12,2026-06-12 15:20:00,6.925,6.94,6.925,6.94,13228.0
2026-06-12,2026-06-12 15:25:00,6.94,6.94,6.925,6.935,23456.0
2026-06-12,2026-06-12 15:30:00,6.94,6.95,6.905,6.905,73242.0
2026-06-12,2026-06-12 15:35:00,6.905,6.92,6.905,6.92,15938.0
2026-06-12,2026-06-12 15:40:00,6.915,6.925,6.915,6.915,16943.0
2026-06-12,2026-06-12 15:45:00,6.915,6.9199,6.91,6.9199,12373.0
2026-06-12,2026-06-12 15:50:00,6.915,6.925,6.9,6.915,35358.0
2026-06-12,2026-06-12 15:55:00,6.91,6.91,6.88,6.88,33522.0
2026-06-12,2026-06-12 16:00:00,6.87,6.875,6.79,6.79,271749.0
2026-06-15,2026-06-15 09:35:00,6.87,6.875,6.76,6.76,43485.0
2026-06-15,2026-06-15 09:40:00,6.76,6.81,6.759,6.795,10611.0
2026-06-15,2026-06-15 09:45:00,6.795,6.795,6.74,6.78,17109.0
2026-06-15,2026-06-15 09:50:00,6.79,6.83,6.785,6.82,12403.0
2026-06-15,2026-06-15 09:55:00,6.83,6.85,6.81,6.81,11791.0
2026-06-15,2026-06-15 10:00:00,6.805,6.815,6.78,6.805,7786.0
2026-06-15,2026-06-15 10:05:00,6.805,6.815,6.79,6.805,12836.0
2026-06-15,2026-06-15 10:10:00,6.8,6.8,6.78,6.79,18201.0
2026-06-15,2026-06-15 10:15:00,6.8,6.82,6.8,6.82,27139.0
2026-06-15,2026-06-15 10:20:00,6.825,6.8364,6.82,6.83,7663.0
2026-06-15,2026-06-15 10:25:00,6.83,6.835,6.8125,6.8311,9220.0
2026-06-15,2026-06-15 10:30:00,6.8301,6.845,6.825,6.835,13568.0
2026-06-15,2026-06-15 10:35:00,6.835,6.845,6.825,6.831,16625.0
2026-06-15,2026-06-15 10:40:00,6.835,6.845,6.825,6.8309,15406.0
2026-06-15,2026-06-15 10:45:00,6.8399,6.84,6.83,6.84,4918.0
2026-06-15,2026-06-15 10:50:00,6.84,6.87,6.835,6.865,10376.0
2026-06-15,2026-06-15 10:55:00,6.865,6.865,6.855,6.855,6140.0
2026-06-15,2026-06-15 11:00:00,6.855,6.865,6.805,6.815,36211.0
2026-06-15,2026-06-15 11:05:00,6.81,6.81,6.79,6.795,7482.0
2026-06-15,2026-06-15 11:10:00,6.8,6.825,6.8,6.825,16206.0
2026-06-15,2026-06-15 11:15:00,6.8211,6.8211,6.8,6.81,9638.0
2026-06-15,2026-06-15 11:20:00,6.815,6.815,6.81,6.815,4562.0
2026-06-15,2026-06-15 11:25:00,6.815,6.82,6.815,6.815,4007.0
2026-06-15,2026-06-15 11:30:00,6.815,6.835,6.815,6.825,10789.0
2026-06-15,2026-06-15 11:35:00,6.83,6.83,6.81,6.815,11207.0
2026-06-15,2026-06-15 11:40:00,6.81,6.845,6.81,6.84,11487.0
2026-06-15,2026-06-15 11:45:00,6.84,6.845,6.84,6.845,1776.0
2026-06-15,2026-06-15 11:50:00,6.845,6.8474,6.84,6.845,3633.0
2026-06-15,2026-06-15 11:55:00,6.845,6.845,6.81,6.815,19415.0
2026-06-15,2026-06-15 12:00:00,6.81,6.82,6.805,6.82,8163.0
2026-06-15,2026-06-15 12:05:00,6.815,6.815,6.805,6.805,4982.0
2026-06-15,2026-06-15 12:10:00,6.8,6.8,6.79,6.79,9505.0
2026-06-15,2026-06-15 12:15:00,6.79,6.795,6.785,6.785,6567.0
2026-06-15,2026-06-15 12:20:00,6.785,6.8,6.785,6.8,5226.0
2026-06-15,2026-06-15 12:25:00,6.8,6.81,6.8,6.8,10574.0
2026-06-15,2026-06-15 12:30:00,6.8,6.81,6.785,6.79,17246.0
2026-06-15,2026-06-15 12:35:00,6.79,6.8,6.78,6.79,9374.0
2026-06-15,2026-06-15 12:40:00,6.785,6.79,6.785,6.785,1922.0
2026-06-15,2026-06-15 12:45:00,6.785,6.795,6.7847,6.7847,10669.0
2026-06-15,2026-06-15 12:50:00,6.785,6.79,6.763,6.765,13817.0
2026-06-15,2026-06-15 12:55:00,6.76,6.76,6.75,6.755,6944.0
2026-06-15,2026-06-15 13:00:00,6.75,6.765,6.75,6.765,9185.0
2026-06-15,2026-06-15 13:05:00,6.765,6.765,6.75,6.759,7390.0
2026-06-15,2026-06-15 13:10:00,6.76,6.765,6.76,6.765,7467.0
2026-06-15,2026-06-15 13:15:00,6.76,6.76,6.74,6.755,22245.0
2026-06-15,2026-06-15 13:20:00,6.755,6.785,6.755,6.77,27257.0
2026-06-15,2026-06-15 13:25:00,6.765,6.77,6.76,6.77,8876.0
2026-06-15,2026-06-15 13:30:00,6.765,6.77,6.76,6.765,11874.0
2026-06-15,2026-06-15 13:35:00,6.765,6.77,6.765,6.77,8203.0
2026-06-15,2026-06-15 13:40:00,6.7745,6.785,6.7745,6.775,11299.0
2026-06-15,2026-06-15 13:45:00,6.78,6.785,6.78,6.785,3926.0
2026-06-15,2026-06-15 13:50:00,6.785,6.785,6.785,6.785,5474.0
2026-06-15,2026-06-15 13:55:00,6.785,6.785,6.76,6.785,17021.0
2026-06-15,2026-06-15 14:00:00,6.7888,6.79,6.78,6.785,16219.0
2026-06-15,2026-06-15 14:05:00,6.785,6.785,6.765,6.775,12822.0
2026-06-15,2026-06-15 14:10:00,6.772,6.775,6.772,6.775,3626.0
2026-06-15,2026-06-15 14:15:00,6.775,6.775,6.775,6.775,3001.0
2026-06-15,2026-06-15 14:20:00,6.775,6.78,6.77,6.775,5922.0
2026-06-15,2026-06-15 14:25:00,6.77,6.78,6.77,6.7782,5937.0
2026-06-15,2026-06-15 14:30:00,6.775,6.795,6.77,6.79,11717.0
2026-06-15,2026-06-15 14:35:00,6.795,6.8,6.795,6.795,15907.0
2026-06-15,2026-06-15 14:40:00,6.8,6.8053,6.795,6.805,19624.0
2026-06-15,2026-06-15 14:45:00,6.805,6.805,6.795,6.795,16253.0
2026-06-15,2026-06-15 14:50:00,6.7909,6.805,6.78,6.805,22553.0
2026-06-15,2026-06-15 14:55:00,6.805,6.815,6.8,6.815,18814.0
2026-06-15,2026-06-15 15:00:00,6.82,6.825,6.81,6.815,14717.0
2026-06-15,2026-06-15 15:05:00,6.815,6.825,6.805,6.825,22311.0
2026-06-15,2026-06-15 15:10:00,6.83,6.83,6.815,6.815,10256.0
2026-06-15,2026-06-15 15:15:00,6.82,6.82,6.805,6.81,17074.0
2026-06-15,2026-06-15 15:20:00,6.815,6.825,6.81,6.8108,17391.0
2026-06-15,2026-06-15 15:25:00,6.815,6.875,6.805,6.86,66285.0
2026-06-15,2026-06-15 15:30:00,6.86,6.865,6.855,6.855,19754.0
2026-06-15,2026-06-15 15:35:00,6.855,6.86,6.835,6.845,30350.0
2026-06-15,2026-06-15 15:40:00,6.845,6.855,6.84,6.855,18609.0
2026-06-15,2026-06-15 15:45:00,6.855,6.865,6.845,6.86,26857.0
2026-06-15,2026-06-15 15:50:00,6.855,6.865,6.855,6.86,26963.0
2026-06-15,2026-06-15 15:55:00,6.855,6.865,6.835,6.85,88078.0
2026-06-15,2026-06-15 16:00:00,6.855,6.885,6.855,6.88,794458.0
2026-06-16,2026-06-16 09:35:00,6.89,6.93,6.85,6.87,29995.0
2026-06-16,2026-06-16 09:40:00,6.87,6.915,6.8684,6.89,13743.0
2026-06-16,2026-06-16 09:45:00,6.89,6.9,6.86,6.865,7035.0
2026-06-16,2026-06-16 09:50:00,6.87,6.89,6.87,6.88,7132.0
2026-06-16,2026-06-16 09:55:00,6.86,6.87,6.86,6.86,6184.0
2026-06-16,2026-06-16 10:00:00,6.86,6.8623,6.83,6.835,12696.0
2026-06-16,2026-06-16 10:05:00,6.845,6.87,6.83,6.865,18598.0
2026-06-16,2026-06-16 10:10:00,6.865,6.895,6.85,6.895,10844.0
2026-06-16,2026-06-16 10:15:00,6.895,6.9,6.865,6.89,6816.0
2026-06-16,2026-06-16 10:20:00,6.895,6.895,6.875,6.895,9411.0
2026-06-16,2026-06-16 10:25:00,6.895,6.895,6.861,6.8911,8069.0
2026-06-16,2026-06-16 10:30:00,6.891,6.895,6.865,6.865,5203.0
2026-06-16,2026-06-16 10:35:00,6.86,6.875,6.855,6.875,10101.0
2026-06-16,2026-06-16 10:40:00,6.875,6.88,6.855,6.86,7141.0
2026-06-16,2026-06-16 10:45:00,6.865,6.87,6.85,6.85,9477.0
2026-06-16,2026-06-16 10:50:00,6.85,6.855,6.845,6.845,4663.0
2026-06-16,2026-06-16 10:55:00,6.845,6.8499,6.835,6.8499,6211.0
2026-06-16,2026-06-16 11:00:00,6.845,6.865,6.845,6.865,8753.0
2026-06-16,2026-06-16 11:05:00,6.865,6.87,6.86,6.86,6573.0
2026-06-16,2026-06-16 11:10:00,6.855,6.86,6.8517,6.86,4236.0
2026-06-16,2026-06-16 11:15:00,6.86,6.88,6.86,6.88,4261.0
2026-06-16,2026-06-16 11:20:00,6.88,6.885,6.875,6.885,7413.0
2026-06-16,2026-06-16 11:25:00,6.885,6.889,6.87,6.885,18428.0
2026-06-16,2026-06-16 11:30:00,6.885,6.895,6.88,6.895,3056.0
2026-06-16,2026-06-16 11:35:00,6.895,6.905,6.89,6.895,14593.0
2026-06-16,2026-06-16 11:40:00,6.89,6.89,6.86,6.87,12499.0
2026-06-16,2026-06-16 11:45:00,6.875,6.885,6.875,6.885,3317.0
2026-06-16,2026-06-16 11:50:00,6.885,6.885,6.875,6.885,8024.0
2026-06-16,2026-06-16 11:55:00,6.89,6.9,6.89,6.895,3398.0
2026-06-16,2026-06-16 12:00:00,6.895,6.9,6.87,6.87,12100.0
2026-06-16,2026-06-16 12:05:00,6.875,6.8773,6.87,6.8773,5694.0
2026-06-16,2026-06-16 12:10:00,6.875,6.88,6.86,6.87,9936.0
2026-06-16,2026-06-16 12:15:00,6.865,6.875,6.865,6.875,4405.0
2026-06-16,2026-06-16 12:20:00,6.875,6.88,6.865,6.865,13082.0
2026-06-16,2026-06-16 12:25:00,6.86,6.865,6.86,6.865,4107.0
2026-06-16,2026-06-16 12:30:00,6.86,6.86,6.83,6.8399,31055.0
2026-06-16,2026-06-16 12:35:00,6.835,6.855,6.83,6.855,6142.0
2026-06-16,2026-06-16 12:40:00,6.855,6.865,6.845,6.865,15543.0
2026-06-16,2026-06-16 12:45:00,6.865,6.865,6.86,6.865,7101.0
2026-06-16,2026-06-16 12:50:00,6.865,6.865,6.854,6.854,12954.0
2026-06-16,2026-06-16 12:55:00,6.86,6.865,6.84,6.85,14368.0
2026-06-16,2026-06-16 13:00:00,6.86,6.865,6.86,6.865,5043.0
2026-06-16,2026-06-16 13:05:00,6.865,6.87,6.86,6.87,9273.0
2026-06-16,2026-06-16 13:10:00,6.865,6.875,6.845,6.845,32557.0
2026-06-16,2026-06-16 13:15:00,6.85,6.85,6.84,6.845,4879.0
2026-06-16,2026-06-16 13:20:00,6.85,6.85,6.84,6.845,6672.0
2026-06-16,2026-06-16 13:25:00,6.845,6.845,6.84,6.845,2501.0
2026-06-16,2026-06-16 13:30:00,6.845,6.855,6.84,6.845,15719.0
2026-06-16,2026-06-16 13:35:00,6.845,6.855,6.845,6.855,7421.0
2026-06-16,2026-06-16 13:40:00,6.855,6.855,6.835,6.835,8920.0
2026-06-16,2026-06-16 13:45:00,6.84,6.84,6.835,6.84,3358.0
2026-06-16,2026-06-16 13:50:00,6.845,6.855,6.845,6.85,15702.0
2026-06-16,2026-06-16 13:55:00,6.855,6.865,6.855,6.86,8515.0
2026-06-16,2026-06-16 14:00:00,6.865,6.865,6.855,6.865,11148.0
2026-06-16,2026-06-16 14:05:00,6.865,6.885,6.865,6.87,10305.0
2026-06-16,2026-06-16 14:10:00,6.865,6.865,6.8401,6.8401,7784.0
2026-06-16,2026-06-16 14:15:00,6.845,6.845,6.8411,6.845,1582.0
2026-06-16,2026-06-16 14:20:00,6.845,6.865,6.845,6.8592,10238.0
2026-06-16,2026-06-16 14:25:00,6.855,6.8598,6.845,6.8598,5944.0
2026-06-16,2026-06-16 14:30:00,6.855,6.855,6.855,6.855,2034.0
2026-06-16,2026-06-16 14:35:00,6.855,6.86,6.85,6.855,6616.0
2026-06-16,2026-06-16 14:40:00,6.855,6.86,6.855,6.855,4800.0
2026-06-16,2026-06-16 14:45:00,6.855,6.86,6.855,6.855,3647.0
2026-06-16,2026-06-16 14:50:00,6.855,6.86,6.845,6.845,11122.0
2026-06-16,2026-06-16 14:55:00,6.85,6.865,6.84,6.865,14777.0
2026-06-16,2026-06-16 15:00:00,6.86,6.865,6.86,6.86,7047.0
2026-06-16,2026-06-16 15:05:00,6.86,6.865,6.84,6.84,13662.0
2026-06-16,2026-06-16 15:10:00,6.845,6.845,6.835,6.845,7670.0
2026-06-16,2026-06-16 15:15:00,6.845,6.85,6.8401,6.85,4814.0
2026-06-16,2026-06-16 15:20:00,6.845,6.85,6.835,6.85,11678.0
2026-06-16,2026-06-16 15:25:00,6.845,6.865,6.845,6.855,18122.0
2026-06-16,2026-06-16 15:30:00,6.855,6.855,6.84,6.85,19656.0
2026-06-16,2026-06-16 15:35:00,6.845,6.865,6.845,6.865,18814.0
2026-06-16,2026-06-16 15:40:00,6.865,6.865,6.85,6.865,14221.0
2026-06-16,2026-06-16 15:45:00,6.865,6.865,6.855,6.865,17362.0
2026-06-16,2026-06-16 15:50:00,6.86,6.865,6.85,6.855,24300.0
2026-06-16,2026-06-16 15:55:00,6.86,6.865,6.855,6.855,29388.0
2026-06-16,2026-06-16 16:00:00,6.858,6.925,6.855,6.9,606100.0
2026-06-17,2026-06-17 09:35:00,6.9,6.97,6.9,6.945,21134.0
2026-06-17,2026-06-17 09:40:00,6.96,6.99,6.95,6.99,14308.0
2026-06-17,2026-06-17 09:45:00,6.9804,6.99,6.95,6.955,16157.0
2026-06-17,2026-06-17 09:50:00,6.955,6.99,6.955,6.975,17180.0
2026-06-17,2026-06-17 09:55:00,6.975,6.98,6.95,6.95,23772.0
2026-06-17,2026-06-17 10:00:00,6.945,6.985,6.945,6.985,10061.0
2026-06-17,2026-06-17 10:05:00,6.98,6.98,6.95,6.9503,6361.0
2026-06-17,2026-06-17 10:10:00,6.955,6.965,6.9305,6.965,10978.0
2026-06-17,2026-06-17 10:15:00,6.965,6.97,6.935,6.935,6514.0
2026-06-17,2026-06-17 10:20:00,6.93,6.94,6.92,6.925,10143.0
2026-06-17,2026-06-17 10:25:00,6.92,6.92,6.91,6.91,8370.0
2026-06-17,2026-06-17 10:30:00,6.91,6.91,6.88,6.91,25172.0
2026-06-17,2026-06-17 10:35:00,6.92,6.925,6.91,6.915,6654.0
2026-06-17,2026-06-17 10:40:00,6.91,6.92,6.9,6.92,8082.0
2026-06-17,2026-06-17 10:45:00,6.92,6.93,6.915,6.93,5848.0
2026-06-17,2026-06-17 10:50:00,6.93,6.93,6.91,6.93,10021.0
2026-06-17,2026-06-17 10:55:00,6.935,6.935,6.92,6.93,2518.0
2026-06-17,2026-06-17 11:00:00,6.93,6.93,6.9,6.915,24325.0
2026-06-17,2026-06-17 11:05:00,6.915,6.925,6.915,6.915,8462.0
2026-06-17,2026-06-17 11:10:00,6.92,6.93,6.92,6.9201,8403.0
2026-06-17,2026-06-17 11:15:00,6.92,6.9499,6.92,6.9499,18007.0
2026-06-17,2026-06-17 11:20:00,6.9458,6.965,6.9458,6.9611,15917.0
2026-06-17,2026-06-17 11:25:00,6.97,6.99,6.965,6.9863,27654.0
2026-06-17,2026-06-17 11:30:00,6.985,7.0,6.985,7.0,6018.0
2026-06-17,2026-06-17 11:35:00,6.995,7.05,6.995,7.05,14638.0
2026-06-17,2026-06-17 11:40:00,7.045,7.055,7.03,7.05,21589.0
2026-06-17,2026-06-17 11:45:00,7.0464,7.05,6.94,6.95,74395.0
2026-06-17,2026-06-17 11:50:00,6.955,6.9699,6.94,6.9699,20350.0
2026-06-17,2026-06-17 11:55:00,6.965,6.985,6.965,6.975,6438.0
2026-06-17,2026-06-17 12:00:00,6.97,6.97,6.955,6.96,8340.0
2026-06-17,2026-06-17 12:05:00,6.965,6.9675,6.91,6.911,23173.0
2026-06-17,2026-06-17 12:10:00,6.915,6.9199,6.91,6.915,8926.0
2026-06-17,2026-06-17 12:15:00,6.915,6.945,6.905,6.935,25996.0
2026-06-17,2026-06-17 12:20:00,6.94,6.955,6.9301,6.95,24010.0
2026-06-17,2026-06-17 12:25:00,6.945,6.945,6.935,6.935,4863.0
2026-06-17,2026-06-17 12:30:00,6.93,6.935,6.925,6.925,8150.0
2026-06-17,2026-06-17 12:35:00,6.925,6.925,6.92,6.92,4015.0
2026-06-17,2026-06-17 12:40:00,6.925,6.935,6.925,6.935,6310.0
2026-06-17,2026-06-17 12:45:00,6.939,6.94,6.935,6.935,3453.0
2026-06-17,2026-06-17 12:50:00,6.94,6.9545,6.94,6.9545,23401.0
2026-06-17,2026-06-17 12:55:00,6.955,6.97,6.9501,6.965,12536.0
2026-06-17,2026-06-17 13:00:00,6.965,6.98,6.96,6.965,14324.0
2026-06-17,2026-06-17 13:05:00,6.96,6.96,6.95,6.95,5465.0
2026-06-17,2026-06-17 13:10:00,6.95,6.965,6.95,6.965,12900.0
2026-06-17,2026-06-17 13:15:00,6.965,6.97,6.965,6.97,2607.0
2026-06-17,2026-06-17 13:20:00,6.965,6.97,6.965,6.965,2322.0
2026-06-17,2026-06-17 13:25:00,6.965,6.98,6.955,6.955,11645.0
2026-06-17,2026-06-17 13:30:00,6.96,6.965,6.96,6.965,2388.0
2026-06-17,2026-06-17 13:35:00,6.96,6.97,6.96,6.965,9675.0
2026-06-17,2026-06-17 13:40:00,6.965,6.965,6.965,6.965,1073.0
2026-06-17,2026-06-17 13:45:00,6.965,6.975,6.965,6.965,5739.0
2026-06-17,2026-06-17 13:50:00,6.96,6.9601,6.95,6.96,13781.0
2026-06-17,2026-06-17 13:55:00,6.96,6.96,6.95,6.95,4213.0
2026-06-17,2026-06-17 14:00:00,6.955,6.955,6.94,6.94,4396.0
2026-06-17,2026-06-17 14:05:00,6.94,6.94,6.85,6.86,39279.0
2026-06-17,2026-06-17 14:10:00,6.855,6.87,6.845,6.87,18193.0
2026-06-17,2026-06-17 14:15:00,6.87,6.875,6.8618,6.87,20741.0
2026-06-17,2026-06-17 14:20:00,6.87,6.895,6.87,6.8942,15093.0
2026-06-17,2026-06-17 14:25:00,6.895,6.895,6.865,6.87,6145.0
2026-06-17,2026-06-17 14:30:00,6.87,6.885,6.87,6.885,14557.0
2026-06-17,2026-06-17 14:35:00,6.88,6.895,6.86,6.865,20377.0
2026-06-17,2026-06-17 14:40:00,6.865,6.895,6.865,6.895,9973.0
2026-06-17,2026-06-17 14:45:00,6.895,6.905,6.885,6.895,10058.0
2026-06-17,2026-06-17 14:50:00,6.895,6.9,6.89,6.895,6315.0
2026-06-17,2026-06-17 14:55:00,6.89,6.895,6.88,6.895,9313.0
2026-06-17,2026-06-17 15:00:00,6.89,6.89,6.855,6.86,11243.0
2026-06-17,2026-06-17 15:05:00,6.865,6.88,6.85,6.85,10490.0
2026-06-17,2026-06-17 15:10:00,6.855,6.8689,6.85,6.855,10367.0
2026-06-17,2026-06-17 15:15:00,6.855,6.865,6.8301,6.865,11351.0
2026-06-17,2026-06-17 15:20:00,6.865,6.865,6.845,6.845,8117.0
2026-06-17,2026-06-17 15:25:00,6.84,6.84,6.81,6.81,19582.0
2026-06-17,2026-06-17 15:30:00,6.805,6.8399,6.805,6.8199,16481.0
2026-06-17,2026-06-17 15:35:00,6.81,6.81,6.785,6.785,29811.0
2026-06-17,2026-06-17 15:40:00,6.79,6.83,6.79,6.825,23910.0
2026-06-17,2026-06-17 15:45:00,6.82,6.835,6.82,6.835,19297.0
2026-06-17,2026-06-17 15:50:00,6.835,6.85,6.8313,6.85,16191.0
2026-06-17,2026-06-17 15:55:00,6.85,6.885,6.85,6.885,38548.0
2026-06-17,2026-06-17 16:00:00,6.89,6.91,6.875,6.9,363723.0
2026-06-18,2026-06-18 09:35:00,7.03,7.04,6.985,6.995,261841.0
2026-06-18,2026-06-18 09:40:00,6.995,7.03,6.995,7.02,14499.0
2026-06-18,2026-06-18 09:45:00,7.02,7.03,7.005,7.0293,5198.0
2026-06-18,2026-06-18 09:50:00,7.02,7.06,7.02,7.04,18380.0
2026-06-18,2026-06-18 09:55:00,7.04,7.05,7.03,7.03,10630.0
2026-06-18,2026-06-18 10:00:00,7.02,7.03,7.02,7.03,5823.0
2026-06-18,2026-06-18 10:05:00,7.02,7.02,6.995,6.995,10291.0
2026-06-18,2026-06-18 10:10:00,7.0,7.005,6.99,7.0,12063.0
2026-06-18,2026-06-18 10:15:00,7.0007,7.0007,6.965,6.97,11558.0
2026-06-18,2026-06-18 10:20:00,6.975,6.995,6.975,6.985,8945.0
2026-06-18,2026-06-18 10:25:00,6.985,7.005,6.9709,6.9709,18271.0
2026-06-18,2026-06-18 10:30:00,6.97,6.97,6.945,6.945,8044.0
2026-06-18,2026-06-18 10:35:00,6.945,6.97,6.935,6.97,8689.0
2026-06-18,2026-06-18 10:40:00,6.975,6.975,6.965,6.965,7060.0
2026-06-18,2026-06-18 10:45:00,6.965,6.975,6.96,6.975,5367.0
2026-06-18,2026-06-18 10:50:00,6.98,6.99,6.975,6.99,4154.0
2026-06-18,2026-06-18 10:55:00,6.985,7.005,6.97,6.995,27233.0
2026-06-18,2026-06-18 11:00:00,6.9911,7.0,6.99,7.0,4701.0
2026-06-18,2026-06-18 11:05:00,7.0,7.0,6.985,6.985,6785.0
2026-06-18,2026-06-18 11:10:00,6.98,6.985,6.975,6.975,7547.0
2026-06-18,2026-06-18 11:15:00,6.985,7.0,6.985,6.985,7518.0
2026-06-18,2026-06-18 11:20:00,6.99,6.99,6.965,6.965,14227.0
2026-06-18,2026-06-18 11:25:00,6.965,6.98,6.965,6.975,3175.0
2026-06-18,2026-06-18 11:30:00,6.975,6.975,6.9301,6.935,34090.0
2026-06-18,2026-06-18 11:35:00,6.935,6.95,6.935,6.95,6009.0
2026-06-18,2026-06-18 11:40:00,6.955,6.96,6.945,6.96,10096.0
2026-06-18,2026-06-18 11:45:00,6.955,6.9693,6.955,6.955,9497.0
2026-06-18,2026-06-18 11:50:00,6.955,6.97,6.955,6.97,4493.0
2026-06-18,2026-06-18 11:55:00,6.975,6.99,6.97,6.975,27595.0
2026-06-18,2026-06-18 12:00:00,6.98,6.99,6.9793,6.985,6060.0
2026-06-18,2026-06-18 12:05:00,6.985,6.985,6.975,6.9801,17242.0
2026-06-18,2026-06-18 12:10:00,6.99,6.995,6.99,6.995,2190.0
2026-06-18,2026-06-18 12:15:00,6.995,7.02,6.995,7.015,21241.0
2026-06-18,2026-06-18 12:20:00,7.015,7.025,7.01,7.015,21205.0
2026-06-18,2026-06-18 12:25:00,7.015,7.015,6.985,6.985,49134.0
2026-06-18,2026-06-18 12:30:00,6.98,6.98,6.975,6.975,2304.0
2026-06-18,2026-06-18 12:35:00,6.97,6.97,6.97,6.97,3230.0
2026-06-18,2026-06-18 12:40:00,6.98,6.99,6.975,6.99,7848.0
2026-06-18,2026-06-18 12:45:00,6.995,6.9951,6.975,6.975,8947.0
2026-06-18,2026-06-18 12:50:00,6.975,6.975,6.975,6.975,1212.0
2026-06-18,2026-06-18 12:55:00,6.97,6.97,6.965,6.965,5906.0
2026-06-18,2026-06-18 13:00:00,6.965,6.97,6.96,6.97,12510.0
2026-06-18,2026-06-18 13:05:00,6.965,6.9665,6.965,6.965,1829.0
2026-06-18,2026-06-18 13:10:00,6.965,6.98,6.965,6.975,6291.0
2026-06-18,2026-06-18 13:15:00,6.975,6.98,6.97,6.98,5706.0
2026-06-18,2026-06-18 13:20:00,6.975,6.975,6.975,6.975,2352.0
2026-06-18,2026-06-18 13:25:00,6.975,6.98,6.97,6.975,7230.0
2026-06-18,2026-06-18 13:30:00,6.975,6.98,6.97,6.98,10913.0
2026-06-18,2026-06-18 13:35:00,6.975,6.99,6.975,6.99,12110.0
2026-06-18,2026-06-18 13:40:00,6.99,7.0,6.98,6.995,9633.0
2026-06-18,2026-06-18 13:45:00,6.995,7.0,6.995,7.0,3197.0
2026-06-18,2026-06-18 13:50:00,7.0,7.0,6.995,6.995,2792.0
2026-06-18,2026-06-18 13:55:00,6.995,7.0,6.9824,6.99,19602.0
2026-06-18,2026-06-18 14:00:00,6.985,6.99,6.985,6.99,714.0
2026-06-18,2026-06-18 14:05:00,6.985,6.985,6.97,6.975,6618.0
2026-06-18,2026-06-18 14:10:00,6.975,6.975,6.97,6.975,2364.0
2026-06-18,2026-06-18 14:15:00,6.9738,6.98,6.9738,6.98,1660.0
2026-06-18,2026-06-18 14:20:00,6.975,6.98,6.975,6.975,2245.0
2026-06-18,2026-06-18 14:25:00,6.98,6.98,6.975,6.9799,1905.0
2026-06-18,2026-06-18 14:30:00,6.98,6.99,6.98,6.99,15833.0
2026-06-18,2026-06-18 14:35:00,6.985,7.015,6.98,7.005,64562.0
2026-06-18,2026-06-18 14:40:00,7.005,7.01,7.0,7.0,11299.0
2026-06-18,2026-06-18 14:45:00,7.0,7.02,7.0,7.015,27180.0
2026-06-18,2026-06-18 14:50:00,7.0171,7.02,7.015,7.015,5949.0
2026-06-18,2026-06-18 14:55:00,7.015,7.03,7.005,7.03,45591.0
2026-06-18,2026-06-18 15:00:00,7.025,7.025,7.015,7.015,8819.0
2026-06-18,2026-06-18 15:05:00,7.015,7.02,7.015,7.015,4597.0
2026-06-18,2026-06-18 15:10:00,7.015,7.015,7.01,7.015,2433.0
2026-06-18,2026-06-18 15:15:00,7.015,7.015,6.995,6.995,16813.0
2026-06-18,2026-06-18 15:20:00,6.995,7.0,6.995,6.998,1599.0
2026-06-18,2026-06-18 15:25:00,6.9935,6.9979,6.98,6.98,17874.0
2026-06-18,2026-06-18 15:30:00,6.975,6.985,6.975,6.984,6024.0
2026-06-18,2026-06-18 15:35:00,6.98,6.99,6.98,6.985,4809.0
2026-06-18,2026-06-18 15:40:00,6.985,6.99,6.98,6.98,6133.0
2026-06-18,2026-06-18 15:45:00,6.99,6.99,6.965,6.97,33508.0
2026-06-18,2026-06-18 15:50:00,6.965,6.979,6.95,6.975,37699.0
2026-06-18,2026-06-18 15:55:00,6.975,6.975,6.935,6.965,175919.0
2026-06-18,2026-06-18 16:00:00,6.965,6.97,6.925,6.95,911966.0
2026-06-22,2026-06-22 09:35:00,6.98,7.0883,6.975,7.0883,27152.0
2026-06-22,2026-06-22 09:40:00,7.08,7.09,7.0601,7.0602,27782.0
2026-06-22,2026-06-22 09:45:00,7.065,7.075,7.04,7.04,35492.0
2026-06-22,2026-06-22 09:50:00,7.05,7.11,7.05,7.07,62637.0
2026-06-22,2026-06-22 09:55:00,7.06,7.065,7.04,7.06,10774.0
2026-06-22,2026-06-22 10:00:00,7.06,7.09,7.06,7.07,10241.0
2026-06-22,2026-06-22 10:05:00,7.06,7.06,7.01,7.02,14144.0
2026-06-22,2026-06-22 10:10:00,7.02,7.0293,7.005,7.01,15483.0
2026-06-22,2026-06-22 10:15:00,7.005,7.01,6.99,7.005,11671.0
2026-06-22,2026-06-22 10:20:00,7.005,7.01,6.98,6.98,10342.0
2026-06-22,2026-06-22 10:25:00,6.985,7.0,6.975,6.975,23904.0
2026-06-22,2026-06-22 10:30:00,6.97,6.97,6.955,6.955,12249.0
2026-06-22,2026-06-22 10:35:00,6.95,6.955,6.925,6.945,21301.0
2026-06-22,2026-06-22 10:40:00,6.945,6.955,6.94,6.95,9823.0
2026-06-22,2026-06-22 10:45:00,6.95,6.95,6.93,6.935,7361.0
2026-06-22,2026-06-22 10:50:00,6.93,6.945,6.93,6.94,13525.0
2026-06-22,2026-06-22 10:55:00,6.94,6.94,6.87,6.895,48731.0
2026-06-22,2026-06-22 11:00:00,6.89,6.895,6.885,6.8924,6964.0
2026-06-22,2026-06-22 11:05:00,6.9,6.92,6.9,6.915,10239.0
2026-06-22,2026-06-22 11:10:00,6.91,6.91,6.9,6.905,6562.0
2026-06-22,2026-06-22 11:15:00,6.905,6.95,6.9,6.95,19517.0
2026-06-22,2026-06-22 11:20:00,6.945,6.95,6.945,6.945,5037.0
2026-06-22,2026-06-22 11:25:00,6.945,6.945,6.925,6.945,17513.0
2026-06-22,2026-06-22 11:30:00,6.95,6.95,6.93,6.935,13248.0
2026-06-22,2026-06-22 11:35:00,6.935,6.935,6.925,6.925,8458.0
2026-06-22,2026-06-22 11:40:00,6.93,6.965,6.93,6.965,10326.0
2026-06-22,2026-06-22 11:45:00,6.965,6.97,6.955,6.955,5479.0
2026-06-22,2026-06-22 11:50:00,6.955,6.96,6.9501,6.9501,5637.0
2026-06-22,2026-06-22 11:55:00,6.96,6.96,6.95,6.96,5330.0
2026-06-22,2026-06-22 12:00:00,6.965,6.97,6.96,6.965,5231.0
2026-06-22,2026-06-22 12:05:00,6.965,6.965,6.935,6.94,6227.0
2026-06-22,2026-06-22 12:10:00,6.9301,6.945,6.92,6.945,18111.0
2026-06-22,2026-06-22 12:15:00,6.945,6.95,6.935,6.95,9367.0
2026-06-22,2026-06-22 12:20:00,6.945,6.975,6.945,6.965,23440.0
2026-06-22,2026-06-22 12:25:00,6.965,6.97,6.955,6.955,6474.0
2026-06-22,2026-06-22 12:30:00,6.955,6.955,6.95,6.95,3832.0
2026-06-22,2026-06-22 12:35:00,6.94,6.945,6.94,6.94,2657.0
2026-06-22,2026-06-22 12:40:00,6.94,6.945,6.935,6.945,8038.0
2026-06-22,2026-06-22 12:45:00,6.945,6.95,6.945,6.945,7357.0
2026-06-22,2026-06-22 12:50:00,6.945,6.955,6.945,6.945,10032.0
2026-06-22,2026-06-22 12:55:00,6.945,6.95,6.945,6.945,5392.0
2026-06-22,2026-06-22 13:00:00,6.945,6.945,6.93,6.935,12595.0
2026-06-22,2026-06-22 13:05:00,6.935,6.955,6.935,6.955,9148.0
2026-06-22,2026-06-22 13:10:00,6.95,6.955,6.93,6.935,7875.0
2026-06-22,2026-06-22 13:15:00,6.935,6.955,6.935,6.95,18661.0
2026-06-22,2026-06-22 13:20:00,6.945,6.945,6.945,6.945,1121.0
2026-06-22,2026-06-22 13:25:00,6.95,6.955,6.95,6.955,5967.0
2026-06-22,2026-06-22 13:30:00,6.95,6.955,6.95,6.955,2460.0
2026-06-22,2026-06-22 13:35:00,6.955,6.955,6.94,6.945,5834.0
2026-06-22,2026-06-22 13:40:00,6.945,6.965,6.94,6.965,14865.0
2026-06-22,2026-06-22 13:45:00,6.965,6.97,6.965,6.97,1400.0
2026-06-22,2026-06-22 13:50:00,6.965,6.985,6.965,6.985,8812.0
2026-06-22,2026-06-22 13:55:00,6.985,6.995,6.985,6.985,18883.0
2026-06-22,2026-06-22 14:00:00,6.985,6.985,6.97,6.98,5426.0
2026-06-22,2026-06-22 14:05:00,6.975,6.975,6.9716,6.975,3470.0
2026-06-22,2026-06-22 14:10:00,6.975,6.98,6.96,6.97,18490.0
2026-06-22,2026-06-22 14:15:00,6.97,6.976,6.96,6.965,11356.0
2026-06-22,2026-06-22 14:20:00,6.97,6.97,6.955,6.965,13122.0
2026-06-22,2026-06-22 14:25:00,6.96,6.97,6.96,6.96,3435.0
2026-06-22,2026-06-22 14:30:00,6.9623,6.9658,6.96,6.965,3761.0
2026-06-22,2026-06-22 14:35:00,6.97,6.975,6.93,6.935,41685.0
2026-06-22,2026-06-22 14:40:00,6.935,6.935,6.93,6.93,11892.0
2026-06-22,2026-06-22 14:45:00,6.93,6.935,6.93,6.935,6766.0
2026-06-22,2026-06-22 14:50:00,6.93,6.945,6.93,6.94,16312.0
2026-06-22,2026-06-22 14:55:00,6.945,6.9453,6.93,6.94,22640.0
2026-06-22,2026-06-22 15:00:00,6.945,6.945,6.945,6.945,6458.0
2026-06-22,2026-06-22 15:05:00,6.945,6.945,6.94,6.94,9149.0
2026-06-22,2026-06-22 15:10:00,6.945,6.945,6.94,6.94,5210.0
2026-06-22,2026-06-22 15:15:00,6.94,6.945,6.94,6.945,3276.0
2026-06-22,2026-06-22 15:20:00,6.94,6.94,6.935,6.935,10570.0
2026-06-22,2026-06-22 15:25:00,6.935,6.94,6.935,6.935,4259.0
2026-06-22,2026-06-22 15:30:00,6.935,6.935,6.93,6.935,8625.0
2026-06-22,2026-06-22 15:35:00,6.93,6.945,6.93,6.945,16773.0
2026-06-22,2026-06-22 15:40:00,6.945,6.975,6.945,6.975,101356.0
2026-06-22,2026-06-22 15:45:00,6.975,6.975,6.955,6.955,37925.0
2026-06-22,2026-06-22 15:50:00,6.955,6.96,6.95,6.96,11116.0
2026-06-22,2026-06-22 15:55:00,6.955,6.965,6.95,6.955,50374.0
2026-06-22,2026-06-22 16:00:00,6.955,6.965,6.88,6.9,478217.0
2026-06-23,2026-06-23 09:35:00,6.9,6.97,6.86,6.935,59810.0
2026-06-23,2026-06-23 09:40:00,6.948,7.001,6.93,6.98,12751.0
2026-06-23,2026-06-23 09:45:00,6.98,7.02,6.9713,7.015,6791.0
2026-06-23,2026-06-23 09:50:00,7.01,7.0411,7.01,7.04,25678.0
2026-06-23,2026-06-23 09:55:00,7.05,7.16,7.05,7.16,72492.0
2026-06-23,2026-06-23 10:00:00,7.16,7.24,7.16,7.195,106762.0
2026-06-23,2026-06-23 10:05:00,7.185,7.19,7.135,7.145,26817.0
2026-06-23,2026-06-23 10:10:00,7.145,7.17,7.1201,7.13,42853.0
2026-06-23,2026-06-23 10:15:00,7.14,7.15,7.102,7.125,61717.0
2026-06-23,2026-06-23 10:20:00,7.125,7.185,7.115,7.175,45407.0
2026-06-23,2026-06-23 10:25:00,7.175,7.175,7.155,7.17,7846.0
2026-06-23,2026-06-23 10:30:00,7.17,7.21,7.165,7.195,28784.0
2026-06-23,2026-06-23 10:35:00,7.2,7.225,7.2,7.21,8093.0
2026-06-23,2026-06-23 10:40:00,7.21,7.22,7.21,7.215,4467.0
2026-06-23,2026-06-23 10:45:00,7.215,7.23,7.21,7.22,10724.0
2026-06-23,2026-06-23 10:50:00,7.225,7.2291,7.195,7.221,30031.0
2026-06-23,2026-06-23 10:55:00,7.225,7.24,7.225,7.24,16102.0
2026-06-23,2026-06-23 11:00:00,7.245,7.295,7.245,7.295,62671.0
2026-06-23,2026-06-23 11:05:00,7.295,7.3,7.275,7.2853,16699.0
2026-06-23,2026-06-23 11:10:00,7.285,7.285,7.245,7.245,27197.0
2026-06-23,2026-06-23 11:15:00,7.245,7.245,7.21,7.22,12806.0
2026-06-23,2026-06-23 11:20:00,7.22,7.245,7.19,7.215,72373.0
2026-06-23,2026-06-23 11:25:00,7.22,7.23,7.2107,7.215,10155.0
2026-06-23,2026-06-23 11:30:00,7.215,7.225,7.175,7.19,26764.0
2026-06-23,2026-06-23 11:35:00,7.19,7.2095,7.19,7.205,4641.0
2026-06-23,2026-06-23 11:40:00,7.205,7.215,7.195,7.205,18341.0
2026-06-23,2026-06-23 11:45:00,7.205,7.215,7.185,7.185,22506.0
2026-06-23,2026-06-23 11:50:00,7.18,7.1855,7.17,7.18,20485.0
2026-06-23,2026-06-23 11:55:00,7.1801,7.19,7.17,7.19,7262.0
2026-06-23,2026-06-23 12:00:00,7.19,7.2,7.19,7.195,7810.0
2026-06-23,2026-06-23 12:05:00,7.195,7.205,7.19,7.195,25558.0
2026-06-23,2026-06-23 12:10:00,7.195,7.22,7.185,7.22,22133.0
2026-06-23,2026-06-23 12:15:00,7.215,7.225,7.205,7.225,15625.0
2026-06-23,2026-06-23 12:20:00,7.225,7.225,7.195,7.2,11180.0
2026-06-23,2026-06-23 12:25:00,7.205,7.22,7.2,7.215,4100.0
2026-06-23,2026-06-23 12:30:00,7.215,7.225,7.215,7.22,4668.0
2026-06-23,2026-06-23 12:35:00,7.225,7.23,7.195,7.2,13789.0
2026-06-23,2026-06-23 12:40:00,7.205,7.215,7.202449,7.21,10004.0
2026-06-23,2026-06-23 12:45:00,7.21,7.215,7.19,7.19,7698.0
2026-06-23,2026-06-23 12:50:00,7.195,7.205,7.19,7.205,18488.0
2026-06-23,2026-06-23 12:55:00,7.205,7.2199,7.19,7.195,7955.0
2026-06-23,2026-06-23 13:00:00,7.2,7.2,7.195,7.195,9905.0
2026-06-23,2026-06-23 13:05:00,7.195,7.198,7.19,7.195,3942.0
2026-06-23,2026-06-23 13:10:00,7.195,7.2,7.195,7.195,3585.0
2026-06-23,2026-06-23 13:15:00,7.2,7.21,7.195,7.205,7031.0
2026-06-23,2026-06-23 13:20:00,7.21,7.235,7.205,7.235,22411.0
2026-06-23,2026-06-23 13:25:00,7.235,7.245,7.23,7.2407,13553.0
2026-06-23,2026-06-23 13:30:00,7.24,7.24,7.21,7.215,13670.0
2026-06-23,2026-06-23 13:35:00,7.215,7.2194,7.21,7.215,3457.0
2026-06-23,2026-06-23 13:40:00,7.21,7.215,7.205,7.21,8229.0
2026-06-23,2026-06-23 13:45:00,7.21,7.21,7.19,7.19,4713.0
2026-06-23,2026-06-23 13:50:00,7.2,7.205,7.2,7.205,5302.0
2026-06-23,2026-06-23 13:55:00,7.205,7.205,7.205,7.205,1953.0
2026-06-23,2026-06-23 14:00:00,7.205,7.21,7.19,7.205,10796.0
2026-06-23,2026-06-23 14:05:00,7.205,7.21,7.2,7.205,5007.0
2026-06-23,2026-06-23 14:10:00,7.205,7.205,7.19,7.1908,7095.0
2026-06-23,2026-06-23 14:15:00,7.2,7.2,7.185,7.195,12024.0
2026-06-23,2026-06-23 14:20:00,7.2,7.205,7.19,7.19,9280.0
2026-06-23,2026-06-23 14:25:00,7.195,7.195,7.18,7.185,2125.0
2026-06-23,2026-06-23 14:30:00,7.185,7.185,7.17,7.17,7999.0
2026-06-23,2026-06-23 14:35:00,7.17,7.175,7.17,7.175,3878.0
2026-06-23,2026-06-23 14:40:00,7.18,7.18,7.1504,7.155,20937.0
2026-06-23,2026-06-23 14:45:00,7.155,7.155,7.14,7.15,11717.0
2026-06-23,2026-06-23 14:50:00,7.15,7.155,7.135,7.135,20753.0
2026-06-23,2026-06-23 14:55:00,7.14,7.145,7.135,7.145,12027.0
2026-06-23,2026-06-23 15:00:00,7.14,7.1699,7.135,7.16,30126.0
2026-06-23,2026-06-23 15:05:00,7.16,7.17,7.155,7.17,9190.0
2026-06-23,2026-06-23 15:10:00,7.17,7.17,7.15,7.15,9579.0
2026-06-23,2026-06-23 15:15:00,7.15,7.155,7.135,7.145,12762.0
2026-06-23,2026-06-23 15:20:00,7.145,7.15,7.13,7.13,20735.0
2026-06-23,2026-06-23 15:25:00,7.135,7.155,7.135,7.155,32463.0
2026-06-23,2026-06-23 15:30:00,7.155,7.16,7.155,7.155,4618.0
2026-06-23,2026-06-23 15:35:00,7.155,7.1699,7.15,7.155,20250.0
2026-06-23,2026-06-23 15:40:00,7.155,7.185,7.15,7.175,41789.0
2026-06-23,2026-06-23 15:45:00,7.18,7.19,7.175,7.185,15498.0
2026-06-23,2026-06-23 15:50:00,7.185,7.21,7.185,7.21,20450.0
2026-06-23,2026-06-23 15:55:00,7.205,7.205,7.18,7.185,71839.0
2026-06-23,2026-06-23 16:00:00,7.185,7.22,7.18,7.2,402340.0
2026-06-24,2026-06-24 09:35:00,7.28,7.395,7.2796,7.39,37839.0
2026-06-24,2026-06-24 09:40:00,7.39,7.47,7.39,7.41,19266.0
2026-06-24,2026-06-24 09:45:00,7.4,7.4451,7.3801,7.435,18372.0
2026-06-24,2026-06-24 09:50:00,7.435,7.435,7.3354,7.34,22149.0
2026-06-24,2026-06-24 09:55:00,7.34,7.3499,7.325,7.335,24628.0
2026-06-24,2026-06-24 10:00:00,7.335,7.42,7.335,7.42,25295.0
2026-06-24,2026-06-24 10:05:00,7.44,7.44,7.395,7.4,28418.0
2026-06-24,2026-06-24 10:10:00,7.395,7.405,7.39,7.395,17625.0
2026-06-24,2026-06-24 10:15:00,7.39,7.395,7.37,7.37,26682.0
2026-06-24,2026-06-24 10:20:00,7.37,7.3975,7.36,7.391,16452.0
2026-06-24,2026-06-24 10:25:00,7.395,7.44,7.385,7.44,19193.0
2026-06-24,2026-06-24 10:30:00,7.445,7.475,7.415,7.475,27117.0
2026-06-24,2026-06-24 10:35:00,7.475,7.485,7.47,7.485,34496.0
2026-06-24,2026-06-24 10:40:00,7.49,7.495,7.445,7.46,28275.0
2026-06-24,2026-06-24 10:45:00,7.455,7.48,7.455,7.48,5829.0
2026-06-24,2026-06-24 10:50:00,7.485,7.49,7.465,7.4736,14600.0
2026-06-24,2026-06-24 10:55:00,7.47,7.49,7.445,7.475,23044.0
2026-06-24,2026-06-24 11:00:00,7.4742,7.495,7.4742,7.485,10661.0
2026-06-24,2026-06-24 11:05:00,7.485,7.495,7.4716,7.475,17964.0
2026-06-24,2026-06-24 11:10:00,7.47,7.475,7.46,7.475,5795.0
2026-06-24,2026-06-24 11:15:00,7.475,7.485,7.465,7.47,15735.0
2026-06-24,2026-06-24 11:20:00,7.47,7.495,7.465,7.495,15802.0
2026-06-24,2026-06-24 11:25:00,7.495,7.495,7.4803,7.485,6996.0
2026-06-24,2026-06-24 11:30:00,7.485,7.495,7.475,7.475,12089.0
2026-06-24,2026-06-24 11:35:00,7.4714,7.4714,7.46,7.46,4495.0
2026-06-24,2026-06-24 11:40:00,7.46,7.47,7.455,7.465,6875.0
2026-06-24,2026-06-24 11:45:00,7.47,7.48,7.465,7.465,12958.0
2026-06-24,2026-06-24 11:50:00,7.47,7.475,7.47,7.47,5091.0
2026-06-24,2026-06-24 11:55:00,7.475,7.485,7.465,7.475,17911.0
2026-06-24,2026-06-24 12:00:00,7.475,7.475,7.475,7.475,5430.0
2026-06-24,2026-06-24 12:05:00,7.475,7.475,7.475,7.475,5235.0
2026-06-24,2026-06-24 12:10:00,7.471,7.48,7.455,7.465,18046.0
2026-06-24,2026-06-24 12:15:00,7.47,7.48,7.46,7.475,19398.0
2026-06-24,2026-06-24 12:20:00,7.475,7.485,7.465,7.47,14629.0
2026-06-24,2026-06-24 12:25:00,7.475,7.49,7.47,7.485,10599.0
2026-06-24,2026-06-24 12:30:00,7.4809,7.49,7.475,7.475,24390.0
2026-06-24,2026-06-24 12:35:00,7.475,7.495,7.475,7.495,12148.0
2026-06-24,2026-06-24 12:40:00,7.495,7.505,7.475,7.475,77029.0
2026-06-24,2026-06-24 12:45:00,7.47,7.475,7.47,7.475,8832.0
2026-06-24,2026-06-24 12:50:00,7.48,7.485,7.471,7.475,11542.0
2026-06-24,2026-06-24 12:55:00,7.4722,7.475,7.45,7.45,16166.0
2026-06-24,2026-06-24 13:00:00,7.45,7.465,7.445,7.465,8444.0
2026-06-24,2026-06-24 13:05:00,7.465,7.465,7.455,7.46,8639.0
2026-06-24,2026-06-24 13:10:00,7.465,7.465,7.4401,7.4526,9596.0
2026-06-24,2026-06-24 13:15:00,7.4511,7.455,7.445,7.455,9299.0
2026-06-24,2026-06-24 13:20:00,7.455,7.46,7.445,7.455,9011.0
2026-06-24,2026-06-24 13:25:00,7.45,7.45,7.435,7.445,5973.0
2026-06-24,2026-06-24 13:30:00,7.44,7.4403,7.425,7.425,9999.0
2026-06-24,2026-06-24 13:35:00,7.425,7.435,7.415,7.425,15752.0
2026-06-24,2026-06-24 13:40:00,7.425,7.425,7.385,7.39,28023.0
2026-06-24,2026-06-24 13:45:00,7.395,7.3999,7.38,7.389,18382.0
2026-06-24,2026-06-24 13:50:00,7.385,7.39,7.38,7.385,5571.0
2026-06-24,2026-06-24 13:55:00,7.39,7.4,7.39,7.4,5476.0
2026-06-24,2026-06-24 14:00:00,7.4,7.405,7.39,7.395,7995.0
2026-06-24,2026-06-24 14:05:00,7.395,7.395,7.385,7.385,19297.0
2026-06-24,2026-06-24 14:10:00,7.385,7.3964,7.385,7.395,5560.0
2026-06-24,2026-06-24 14:15:00,7.395,7.4078,7.395,7.405,5480.0
2026-06-24,2026-06-24 14:20:00,7.405,7.425,7.405,7.425,14618.0
2026-06-24,2026-06-24 14:25:00,7.425,7.43,7.425,7.425,9406.0
2026-06-24,2026-06-24 14:30:00,7.425,7.445,7.425,7.435,18193.0
2026-06-24,2026-06-24 14:35:00,7.435,7.435,7.43,7.4322,5406.0
2026-06-24,2026-06-24 14:40:00,7.435,7.465,7.435,7.465,25461.0
2026-06-24,2026-06-24 14:45:00,7.46,7.465,7.4537,7.455,11641.0
2026-06-24,2026-06-24 14:50:00,7.455,7.4599,7.43,7.435,15771.0
2026-06-24,2026-06-24 14:55:00,7.435,7.4591,7.435,7.45,7501.0
2026-06-24,2026-06-24 15:00:00,7.456,7.465,7.445,7.45,22562.0
2026-06-24,2026-06-24 15:05:00,7.45,7.45,7.435,7.44,12868.0
2026-06-24,2026-06-24 15:10:00,7.435,7.4352,7.4295,7.435,8490.0
2026-06-24,2026-06-24 15:15:00,7.435,7.435,7.425,7.435,13677.0
2026-06-24,2026-06-24 15:20:00,7.435,7.435,7.42,7.42,7787.0
2026-06-24,2026-06-24 15:25:00,7.42,7.425,7.395,7.4093,13087.0
2026-06-24,2026-06-24 15:30:00,7.405,7.41,7.4,7.405,6295.0
2026-06-24,2026-06-24 15:35:00,7.405,7.405,7.385,7.385,15726.0
2026-06-24,2026-06-24 15:40:00,7.385,7.3877,7.34,7.355,15699.0
2026-06-24,2026-06-24 15:45:00,7.3599,7.375,7.355,7.365,20574.0
2026-06-24,2026-06-24 15:50:00,7.365,7.37,7.365,7.365,16819.0
2026-06-24,2026-06-24 15:55:00,7.36,7.365,7.345,7.345,51174.0
2026-06-24,2026-06-24 16:00:00,7.34,7.4,7.32,7.4,324595.0
2026-06-25,2026-06-25 09:35:00,7.41,7.52,7.38,7.505,61115.0
2026-06-25,2026-06-25 09:40:00,7.529,7.56,7.5001,7.52,30762.0
2026-06-25,2026-06-25 09:45:00,7.5,7.53,7.495,7.5023,12485.0
2026-06-25,2026-06-25 09:50:00,7.5,7.5,7.3701,7.39,47224.0
2026-06-25,2026-06-25 09:55:00,7.39,7.49,7.39,7.475,58553.0
2026-06-25,2026-06-25 10:00:00,7.48,7.505,7.47,7.5,31780.0
2026-06-25,2026-06-25 10:05:00,7.5,7.565,7.49,7.561,16790.0
2026-06-25,2026-06-25 10:10:00,7.565,7.595,7.56,7.575,52873.0
2026-06-25,2026-06-25 10:15:00,7.575,7.59,7.575,7.58,23022.0
2026-06-25,2026-06-25 10:20:00,7.575,7.58,7.554,7.57,14511.0
2026-06-25,2026-06-25 10:25:00,7.57,7.5768,7.565,7.565,10126.0
2026-06-25,2026-06-25 10:30:00,7.5601,7.57,7.56,7.565,7200.0
2026-06-25,2026-06-25 10:35:00,7.565,7.575,7.56,7.575,6188.0
2026-06-25,2026-06-25 10:40:00,7.575,7.595,7.5501,7.59,17678.0
2026-06-25,2026-06-25 10:45:00,7.59,7.605,7.56,7.56,52419.0
2026-06-25,2026-06-25 10:50:00,7.565,7.585,7.565,7.585,11115.0
2026-06-25,2026-06-25 10:55:00,7.585,7.615,7.57,7.585,79445.0
2026-06-25,2026-06-25 11:00:00,7.585,7.585,7.565,7.565,5947.0
2026-06-25,2026-06-25 11:05:00,7.56,7.57,7.5501,7.555,13691.0
2026-06-25,2026-06-25 11:10:00,7.56,7.56,7.53,7.53,10137.0
2026-06-25,2026-06-25 11:15:00,7.53,7.53,7.49,7.495,21816.0
2026-06-25,2026-06-25 11:20:00,7.49,7.505,7.475,7.505,30115.0
2026-06-25,2026-06-25 11:25:00,7.505,7.505,7.485,7.5,8369.0
2026-06-25,2026-06-25 11:30:00,7.495,7.5,7.491,7.495,5692.0
2026-06-25,2026-06-25 11:35:00,7.5,7.505,7.475,7.475,9221.0
2026-06-25,2026-06-25 11:40:00,7.48,7.48,7.475,7.48,4317.0
2026-06-25,2026-06-25 11:45:00,7.48,7.485,7.475,7.485,8400.0
2026-06-25,2026-06-25 11:50:00,7.49,7.5,7.475,7.475,20189.0
2026-06-25,2026-06-25 11:55:00,7.47,7.48,7.47,7.48,4200.0
2026-06-25,2026-06-25 12:00:00,7.475,7.48,7.47,7.475,3529.0
2026-06-25,2026-06-25 12:05:00,7.47,7.47,7.44,7.45,10022.0
2026-06-25,2026-06-25 12:10:00,7.445,7.45,7.435,7.45,6585.0
2026-06-25,2026-06-25 12:15:00,7.45,7.465,7.45,7.455,13667.0
2026-06-25,2026-06-25 12:20:00,7.46,7.49,7.4599,7.47,26479.0
2026-06-25,2026-06-25 12:25:00,7.475,7.475,7.445,7.455,15915.0
2026-06-25,2026-06-25 12:30:00,7.455,7.455,7.445,7.45,5840.0
2026-06-25,2026-06-25 12:35:00,7.45,7.455,7.44,7.45,10413.0
2026-06-25,2026-06-25 12:40:00,7.45,7.455,7.425,7.4259,10852.0
2026-06-25,2026-06-25 12:45:00,7.425,7.425,7.42,7.42,5869.0
2026-06-25,2026-06-25 12:50:00,7.415,7.4206,7.395,7.405,48527.0
2026-06-25,2026-06-25 12:55:00,7.4003,7.41,7.4001,7.405,9319.0
2026-06-25,2026-06-25 13:00:00,7.405,7.41,7.385,7.41,18230.0
2026-06-25,2026-06-25 13:05:00,7.405,7.415,7.405,7.405,5660.0
2026-06-25,2026-06-25 13:10:00,7.41,7.4199,7.41,7.415,5660.0
2026-06-25,2026-06-25 13:15:00,7.415,7.42,7.41,7.415,8342.0
2026-06-25,2026-06-25 13:20:00,7.415,7.42,7.395,7.395,15068.0
2026-06-25,2026-06-25 13:25:00,7.395,7.4,7.39,7.395,3479.0
2026-06-25,2026-06-25 13:30:00,7.395,7.405,7.395,7.405,2678.0
2026-06-25,2026-06-25 13:35:00,7.405,7.405,7.4,7.405,10916.0
2026-06-25,2026-06-25 13:40:00,7.405,7.41,7.395,7.405,10461.0
2026-06-25,2026-06-25 13:45:00,7.4036,7.405,7.395,7.4,5360.0
2026-06-25,2026-06-25 13:50:00,7.39,7.39,7.34,7.355,41419.0
2026-06-25,2026-06-25 13:55:00,7.355,7.3823,7.35,7.3823,37823.0
2026-06-25,2026-06-25 14:00:00,7.385,7.395,7.3811,7.395,5773.0
2026-06-25,2026-06-25 14:05:00,7.39,7.39,7.365,7.365,12674.0
2026-06-25,2026-06-25 14:10:00,7.365,7.37,7.3602,7.365,15887.0
2026-06-25,2026-06-25 14:15:00,7.365,7.375,7.365,7.365,7350.0
2026-06-25,2026-06-25 14:20:00,7.365,7.37,7.35,7.36,13192.0
2026-06-25,2026-06-25 14:25:00,7.365,7.365,7.345,7.3599,7068.0
2026-06-25,2026-06-25 14:30:00,7.355,7.365,7.355,7.365,2674.0
2026-06-25,2026-06-25 14:35:00,7.365,7.365,7.355,7.355,6666.0
2026-06-25,2026-06-25 14:40:00,7.355,7.36,7.355,7.355,2656.0
2026-06-25,2026-06-25 14:45:00,7.355,7.37,7.355,7.36,19704.0
2026-06-25,2026-06-25 14:50:00,7.365,7.375,7.355,7.375,11362.0
2026-06-25,2026-06-25 14:55:00,7.375,7.38,7.375,7.375,8405.0
2026-06-25,2026-06-25 15:00:00,7.38,7.38,7.37,7.375,7852.0
2026-06-25,2026-06-25 15:05:00,7.375,7.375,7.375,7.375,2374.0
2026-06-25,2026-06-25 15:10:00,7.375,7.395,7.375,7.385,9966.0
2026-06-25,2026-06-25 15:15:00,7.385,7.415,7.385,7.405,25559.0
2026-06-25,2026-06-25 15:20:00,7.41,7.415,7.41,7.415,4395.0
2026-06-25,2026-06-25 15:25:00,7.415,7.42,7.405,7.4107,14351.0
2026-06-25,2026-06-25 15:30:00,7.415,7.42,7.395,7.395,13739.0
2026-06-25,2026-06-25 15:35:00,7.395,7.405,7.395,7.405,22235.0
2026-06-25,2026-06-25 15:40:00,7.405,7.415,7.39,7.395,19333.0
2026-06-25,2026-06-25 15:45:00,7.4,7.41,7.395,7.405,17867.0
2026-06-25,2026-06-25 15:50:00,7.41,7.425,7.4,7.41,33134.0
2026-06-25,2026-06-25 15:55:00,7.41,7.41,7.39,7.405,35234.0
2026-06-25,2026-06-25 16:00:00,7.405,7.415,7.39,7.4,307682.0
2026-06-26,2026-06-26 09:35:00,7.52,7.535,7.4901,7.52,49407.0
2026-06-26,2026-06-26 09:40:00,7.52,7.55,7.52,7.526,25869.0
2026-06-26,2026-06-26 09:45:00,7.54,7.58,7.53,7.57,19117.0
2026-06-26,2026-06-26 09:50:00,7.57,7.57,7.53,7.54,26748.0
2026-06-26,2026-06-26 09:55:00,7.555,7.555,7.54,7.55,9082.0
2026-06-26,2026-06-26 10:00:00,7.55,7.6,7.55,7.585,17932.0
2026-06-26,2026-06-26 10:05:00,7.58,7.6,7.58,7.581,8982.0
2026-06-26,2026-06-26 10:10:00,7.59,7.6,7.565,7.6,8596.0
2026-06-26,2026-06-26 10:15:00,7.604,7.61,7.59,7.6,13635.0
2026-06-26,2026-06-26 10:20:00,7.6,7.63,7.6,7.61,25189.0
2026-06-26,2026-06-26 10:25:00,7.6001,7.625,7.6,7.615,26720.0
2026-06-26,2026-06-26 10:30:00,7.6189,7.625,7.615,7.625,17888.0
2026-06-26,2026-06-26 10:35:00,7.63,7.63,7.605,7.605,6289.0
2026-06-26,2026-06-26 10:40:00,7.61,7.61,7.5911,7.605,20042.0
2026-06-26,2026-06-26 10:45:00,7.605,7.63,7.59,7.615,12934.0
2026-06-26,2026-06-26 10:50:00,7.61,7.635,7.61,7.635,15659.0
2026-06-26,2026-06-26 10:55:00,7.63,7.64,7.6201,7.625,21605.0
2026-06-26,2026-06-26 11:00:00,7.625,7.64,7.6203,7.6301,12562.0
2026-06-26,2026-06-26 11:05:00,7.6311,7.665,7.63,7.6411,20173.0
2026-06-26,2026-06-26 11:10:00,7.645,7.655,7.64,7.655,8477.0
2026-06-26,2026-06-26 11:15:00,7.655,7.655,7.635,7.65,6790.0
2026-06-26,2026-06-26 11:20:00,7.66,7.685,7.66,7.67,23502.0
2026-06-26,2026-06-26 11:25:00,7.67,7.695,7.67,7.695,8894.0
2026-06-26,2026-06-26 11:30:00,7.7,7.705,7.6909,7.695,7528.0
2026-06-26,2026-06-26 11:35:00,7.7,7.705,7.695,7.705,12569.0
2026-06-26,2026-06-26 11:40:00,7.71,7.71,7.7011,7.705,5148.0
2026-06-26,2026-06-26 11:45:00,7.71,7.71,7.68,7.685,14637.0
2026-06-26,2026-06-26 11:50:00,7.68,7.68,7.675,7.675,3444.0
2026-06-26,2026-06-26 11:55:00,7.675,7.675,7.645,7.65,8678.0
2026-06-26,2026-06-26 12:00:00,7.6401,7.655,7.64,7.65,10158.0
2026-06-26,2026-06-26 12:05:00,7.645,7.645,7.635,7.64,4835.0
2026-06-26,2026-06-26 12:10:00,7.64,7.65,7.635,7.635,4356.0
2026-06-26,2026-06-26 12:15:00,7.635,7.635,7.58,7.58,25590.0
2026-06-26,2026-06-26 12:20:00,7.575,7.575,7.565,7.565,6305.0
2026-06-26,2026-06-26 12:25:00,7.56,7.56,7.545,7.545,15141.0
2026-06-26,2026-06-26 12:30:00,7.54,7.54,7.53,7.5389,8174.0
2026-06-26,2026-06-26 12:35:00,7.535,7.555,7.535,7.55,15848.0
2026-06-26,2026-06-26 12:40:00,7.56,7.56,7.55,7.55,4275.0
2026-06-26,2026-06-26 12:45:00,7.555,7.565,7.545,7.55,8984.0
2026-06-26,2026-06-26 12:50:00,7.55,7.55,7.53,7.535,6699.0
2026-06-26,2026-06-26 12:55:00,7.535,7.535,7.52,7.52,3376.0
2026-06-26,2026-06-26 13:00:00,7.52,7.535,7.505,7.52,29645.0
2026-06-26,2026-06-26 13:05:00,7.52,7.525,7.515,7.525,10536.0
2026-06-26,2026-06-26 13:10:00,7.52,7.5499,7.515,7.54,27158.0
2026-06-26,2026-06-26 13:15:00,7.54,7.54,7.52,7.525,10042.0
2026-06-26,2026-06-26 13:20:00,7.52,7.52,7.505,7.505,7869.0
2026-06-26,2026-06-26 13:25:00,7.505,7.505,7.475,7.48,19987.0
2026-06-26,2026-06-26 13:30:00,7.47,7.47,7.46,7.465,5174.0
2026-06-26,2026-06-26 13:35:00,7.465,7.4999,7.465,7.485,17258.0
2026-06-26,2026-06-26 13:40:00,7.4898,7.4898,7.475,7.475,7745.0
2026-06-26,2026-06-26 13:45:00,7.47,7.475,7.46,7.465,6990.0
2026-06-26,2026-06-26 13:50:00,7.465,7.475,7.46,7.475,8426.0
2026-06-26,2026-06-26 13:55:00,7.48,7.48,7.46,7.47,7028.0
2026-06-26,2026-06-26 14:00:00,7.465,7.465,7.45,7.455,8746.0
2026-06-26,2026-06-26 14:05:00,7.455,7.46,7.45,7.455,3813.0
2026-06-26,2026-06-26 14:10:00,7.455,7.475,7.4501,7.475,16790.0
2026-06-26,2026-06-26 14:15:00,7.47,7.48,7.465,7.475,11300.0
2026-06-26,2026-06-26 14:20:00,7.47,7.475,7.465,7.47,7982.0
2026-06-26,2026-06-26 14:25:00,7.47,7.4911,7.47,7.4901,9691.0
2026-06-26,2026-06-26 14:30:00,7.495,7.495,7.48,7.485,3755.0
2026-06-26,2026-06-26 14:35:00,7.485,7.59,7.48,7.55,128458.0
2026-06-26,2026-06-26 14:40:00,7.54,7.555,7.5289,7.545,13412.0
2026-06-26,2026-06-26 14:45:00,7.5457,7.58,7.545,7.58,14138.0
2026-06-26,2026-06-26 14:50:00,7.5799,7.585,7.57,7.575,16987.0
2026-06-26,2026-06-26 14:55:00,7.57,7.595,7.57,7.585,22266.0
2026-06-26,2026-06-26 15:00:00,7.59,7.59,7.5711,7.575,6803.0
2026-06-26,2026-06-26 15:05:00,7.58,7.6,7.58,7.6,26331.0
2026-06-26,2026-06-26 15:10:00,7.595,7.5999,7.5809,7.585,11838.0
2026-06-26,2026-06-26 15:15:00,7.585,7.61,7.565,7.59,53966.0
2026-06-26,2026-06-26 15:20:00,7.585,7.6,7.585,7.6,6960.0
2026-06-26,2026-06-26 15:25:00,7.595,7.615,7.595,7.61,19696.0
2026-06-26,2026-06-26 15:30:00,7.61,7.61,7.605,7.61,8241.0
2026-06-26,2026-06-26 15:35:00,7.61,7.645,7.6,7.64,25756.0
2026-06-26,2026-06-26 15:40:00,7.64,7.64,7.62,7.63,20120.0
2026-06-26,2026-06-26 15:45:00,7.625,7.64,7.615,7.625,28774.0
2026-06-26,2026-06-26 15:50:00,7.63,7.645,7.625,7.635,30221.0
2026-06-26,2026-06-26 15:55:00,7.64,7.75,7.64,7.675,393983.0
2026-06-26,2026-06-26 16:00:00,7.68,7.7,7.65,7.69,3816671.0
2026-06-29,2026-06-29 09:35:00,7.68,7.7329,7.65,7.665,59005.0
2026-06-29,2026-06-29 09:40:00,7.63,7.715,7.63,7.715,13754.0
2026-06-29,2026-06-29 09:45:00,7.73,7.73,7.7,7.705,23510.0
2026-06-29,2026-06-29 09:50:00,7.71,7.715,7.67,7.67,56698.0
2026-06-29,2026-06-29 09:55:00,7.67,7.69,7.635,7.67,28079.0
2026-06-29,2026-06-29 10:00:00,7.67,7.68,7.62,7.68,30953.0
2026-06-29,2026-06-29 10:05:00,7.675,7.69,7.65,7.665,41756.0
2026-06-29,2026-06-29 10:10:00,7.67,7.7,7.655,7.655,18164.0
2026-06-29,2026-06-29 10:15:00,7.655,7.655,7.625,7.625,22880.0
2026-06-29,2026-06-29 10:20:00,7.625,7.655,7.615,7.65,37278.0
2026-06-29,2026-06-29 10:25:00,7.65,7.665,7.65,7.655,10802.0
2026-06-29,2026-06-29 10:30:00,7.66,7.685,7.66,7.685,12251.0
2026-06-29,2026-06-29 10:35:00,7.68,7.715,7.68,7.7,14690.0
2026-06-29,2026-06-29 10:40:00,7.705,7.705,7.695,7.7,17538.0
2026-06-29,2026-06-29 10:45:00,7.695,7.705,7.68,7.68,13122.0
2026-06-29,2026-06-29 10:50:00,7.68,7.6882,7.675,7.685,9933.0
2026-06-29,2026-06-29 10:55:00,7.683731,7.695,7.67,7.68,24862.0
2026-06-29,2026-06-29 11:00:00,7.67,7.73,7.665,7.73,26787.0
2026-06-29,2026-06-29 11:05:00,7.735,7.795,7.735,7.775,152065.0
2026-06-29,2026-06-29 11:10:00,7.77,7.84,7.765,7.8,56816.0
2026-06-29,2026-06-29 11:15:00,7.8,7.815,7.79,7.8,40747.0
2026-06-29,2026-06-29 11:20:00,7.795,7.795,7.73,7.73,65032.0
2026-06-29,2026-06-29 11:25:00,7.735,7.755,7.721,7.755,39391.0
2026-06-29,2026-06-29 11:30:00,7.755,7.775,7.745,7.775,41508.0
2026-06-29,2026-06-29 11:35:00,7.77,7.79,7.755,7.79,78395.0
2026-06-29,2026-06-29 11:40:00,7.79,7.795,7.775,7.79,23119.0
2026-06-29,2026-06-29 11:45:00,7.795,7.8,7.785,7.795,17972.0
2026-06-29,2026-06-29 11:50:00,7.79,7.795,7.775,7.775,20906.0
2026-06-29,2026-06-29 11:55:00,7.775,7.785,7.77,7.785,9747.0
2026-06-29,2026-06-29 12:00:00,7.785,7.785,7.76,7.765,17960.0
2026-06-29,2026-06-29 12:05:00,7.77,7.775,7.75,7.76,10966.0
2026-06-29,2026-06-29 12:10:00,7.76,7.78,7.76,7.775,17547.0
2026-06-29,2026-06-29 12:15:00,7.775,7.78,7.775,7.78,4053.0
2026-06-29,2026-06-29 12:20:00,7.78,7.79,7.76,7.76,30166.0
2026-06-29,2026-06-29 12:25:00,7.76,7.77,7.755,7.77,4939.0
2026-06-29,2026-06-29 12:30:00,7.765,7.775,7.745,7.755,42630.0
2026-06-29,2026-06-29 12:35:00,7.75,7.755,7.75,7.755,7910.0
2026-06-29,2026-06-29 12:40:00,7.755,7.76,7.745,7.745,11926.0
2026-06-29,2026-06-29 12:45:00,7.745,7.745,7.74,7.74,14471.0
2026-06-29,2026-06-29 12:50:00,7.735,7.745,7.735,7.745,7429.0
2026-06-29,2026-06-29 12:55:00,7.745,7.75,7.7433,7.75,6473.0
2026-06-29,2026-06-29 13:00:00,7.745,7.77,7.745,7.77,26425.0
2026-06-29,2026-06-29 13:05:00,7.765,7.775,7.755,7.755,24770.0
2026-06-29,2026-06-29 13:10:00,7.755,7.76,7.745,7.745,12524.0
2026-06-29,2026-06-29 13:15:00,7.745,7.765,7.745,7.765,8438.0
2026-06-29,2026-06-29 13:20:00,7.77,7.77,7.745,7.745,20681.0
2026-06-29,2026-06-29 13:25:00,7.745,7.745,7.7301,7.735,6407.0
2026-06-29,2026-06-29 13:30:00,7.74,7.75,7.725,7.725,20337.0
2026-06-29,2026-06-29 13:35:00,7.72,7.725,7.685,7.685,22409.0
2026-06-29,2026-06-29 13:40:00,7.685,7.6899,7.685,7.685,5306.0
2026-06-29,2026-06-29 13:45:00,7.69,7.695,7.67,7.675,27456.0
2026-06-29,2026-06-29 13:50:00,7.67,7.675,7.6609,7.665,14353.0
2026-06-29,2026-06-29 13:55:00,7.67,7.67,7.66,7.67,6353.0
2026-06-29,2026-06-29 14:00:00,7.665,7.67,7.645,7.645,15789.0
2026-06-29,2026-06-29 14:05:00,7.6493,7.665,7.645,7.665,14853.0
2026-06-29,2026-06-29 14:10:00,7.67,7.67,7.6529,7.655,17685.0
2026-06-29,2026-06-29 14:15:00,7.655,7.66,7.6511,7.655,4302.0
2026-06-29,2026-06-29 14:20:00,7.655,7.665,7.6547,7.655,32398.0
2026-06-29,2026-06-29 14:25:00,7.66,7.69,7.66,7.68,33298.0
2026-06-29,2026-06-29 14:30:00,7.685,7.7,7.68,7.7,9904.0
2026-06-29,2026-06-29 14:35:00,7.7,7.71,7.69,7.71,11417.0
2026-06-29,2026-06-29 14:40:00,7.705,7.71,7.685,7.7,30253.0
2026-06-29,2026-06-29 14:45:00,7.7,7.72,7.7,7.72,20397.0
2026-06-29,2026-06-29 14:50:00,7.71,7.735,7.71,7.73,41579.0
2026-06-29,2026-06-29 14:55:00,7.72,7.75,7.72,7.75,28950.0
2026-06-29,2026-06-29 15:00:00,7.745,7.75,7.73,7.74,25445.0
2026-06-29,2026-06-29 15:05:00,7.74,7.74,7.735,7.735,10366.0
2026-06-29,2026-06-29 15:10:00,7.74,7.75,7.73,7.735,27234.0
2026-06-29,2026-06-29 15:15:00,7.7393,7.74,7.73,7.735,24911.0
2026-06-29,2026-06-29 15:20:00,7.735,7.74,7.725,7.74,16132.0
2026-06-29,2026-06-29 15:25:00,7.735,7.755,7.7301,7.735,39192.0
2026-06-29,2026-06-29 15:30:00,7.735,7.735,7.715,7.72,15149.0
2026-06-29,2026-06-29 15:35:00,7.715,7.72,7.705,7.715,18374.0
2026-06-29,2026-06-29 15:40:00,7.71,7.73,7.7,7.73,19138.0
2026-06-29,2026-06-29 15:45:00,7.7201,7.745,7.72,7.74,42673.0
2026-06-29,2026-06-29 15:50:00,7.74,7.75,7.73,7.745,69303.0
2026-06-29,2026-06-29 15:55:00,7.74,7.75,7.725,7.75,70769.0
2026-06-29,2026-06-29 16:00:00,7.745,7.765,7.73,7.74,459367.0
2026-06-30,2026-06-30 09:35:00,7.76,7.82,7.74,7.74,53291.0
2026-06-30,2026-06-30 09:40:00,7.74,7.79,7.735,7.76,56108.0
2026-06-30,2026-06-30 09:45:00,7.755,7.785,7.745,7.78,43002.0
2026-06-30,2026-06-30 09:50:00,7.78,7.85,7.775,7.84,33856.0
2026-06-30,2026-06-30 09:55:00,7.8401,7.88,7.8401,7.87,41594.0
2026-06-30,2026-06-30 10:00:00,7.87,7.87,7.84,7.85,9210.0
2026-06-30,2026-06-30 10:05:00,7.85,7.87,7.825,7.845,37936.0
2026-06-30,2026-06-30 10:10:00,7.845,7.885,7.8201,7.855,45077.0
2026-06-30,2026-06-30 10:15:00,7.855,7.86,7.85,7.85,8411.0
2026-06-30,2026-06-30 10:20:00,7.85,7.895,7.845,7.885,38668.0
2026-06-30,2026-06-30 10:25:00,7.885,7.895,7.84,7.895,40084.0
2026-06-30,2026-06-30 10:30:00,7.895,7.895,7.875,7.875,12825.0
2026-06-30,2026-06-30 10:35:00,7.875,7.897,7.875,7.8804,10607.0
2026-06-30,2026-06-30 10:40:00,7.885,7.895,7.885,7.895,7709.0
2026-06-30,2026-06-30 10:45:00,7.9,7.915,7.8936,7.905,40812.0
2026-06-30,2026-06-30 10:50:00,7.9092,7.925,7.9092,7.925,18493.0
2026-06-30,2026-06-30 10:55:00,7.925,7.965,7.915,7.955,55661.0
2026-06-30,2026-06-30 11:00:00,7.95,7.955,7.942,7.955,14081.0
2026-06-30,2026-06-30 11:05:00,7.955,7.965,7.95,7.95,19628.0
2026-06-30,2026-06-30 11:10:00,7.945,7.945,7.88,7.885,34152.0
2026-06-30,2026-06-30 11:15:00,7.8801,7.96,7.8801,7.949,69495.0
2026-06-30,2026-06-30 11:20:00,7.95,7.955,7.875,7.875,22867.0
2026-06-30,2026-06-30 11:25:00,7.875,7.88,7.875,7.875,3295.0
2026-06-30,2026-06-30 11:30:00,7.875,7.885,7.86,7.865,14341.0
2026-06-30,2026-06-30 11:35:00,7.865,7.8694,7.84,7.85,20793.0
2026-06-30,2026-06-30 11:40:00,7.855,7.86,7.841,7.86,7122.0
2026-06-30,2026-06-30 11:45:00,7.86,7.86,7.835,7.855,24697.0
2026-06-30,2026-06-30 11:50:00,7.855,7.855,7.855,7.855,12433.0
2026-06-30,2026-06-30 11:55:00,7.85,7.869,7.845,7.8501,28362.0
2026-06-30,2026-06-30 12:00:00,7.855,7.87,7.855,7.855,13355.0
2026-06-30,2026-06-30 12:05:00,7.855,7.875,7.855,7.855,15922.0
2026-06-30,2026-06-30 12:10:00,7.8599,7.865,7.8599,7.865,4837.0
2026-06-30,2026-06-30 12:15:00,7.865,7.885,7.865,7.885,8111.0
2026-06-30,2026-06-30 12:20:00,7.885,7.89,7.88,7.885,11627.0
2026-06-30,2026-06-30 12:25:00,7.88,7.88,7.875,7.88,6482.0
2026-06-30,2026-06-30 12:30:00,7.88,7.885,7.875,7.885,13830.0
2026-06-30,2026-06-30 12:35:00,7.885,7.885,7.865,7.875,28444.0
2026-06-30,2026-06-30 12:40:00,7.88,7.885,7.875,7.885,7542.0
2026-06-30,2026-06-30 12:45:00,7.885,7.885,7.88,7.8824,5994.0
2026-06-30,2026-06-30 12:50:00,7.8899,7.8899,7.8809,7.885,5875.0
2026-06-30,2026-06-30 12:55:00,7.885,7.885,7.875,7.885,12901.0
2026-06-30,2026-06-30 13:00:00,7.88,7.895,7.875,7.885,36934.0
2026-06-30,2026-06-30 13:05:00,7.895,7.9,7.8848,7.9,8666.0
2026-06-30,2026-06-30 13:10:00,7.895,7.9,7.885,7.885,8544.0
2026-06-30,2026-06-30 13:15:00,7.885,7.885,7.875,7.875,8441.0
2026-06-30,2026-06-30 13:20:00,7.88,7.885,7.88,7.885,7141.0
2026-06-30,2026-06-30 13:25:00,7.88,7.9,7.88,7.895,13216.0
2026-06-30,2026-06-30 13:30:00,7.895,7.9,7.885,7.89,13725.0
2026-06-30,2026-06-30 13:35:00,7.9,7.9,7.885,7.885,6795.0
2026-06-30,2026-06-30 13:40:00,7.885,7.885,7.875,7.875,7388.0
2026-06-30,2026-06-30 13:45:00,7.875,7.875,7.855,7.865,22732.0
2026-06-30,2026-06-30 13:50:00,7.865,7.89,7.865,7.885,29369.0
2026-06-30,2026-06-30 13:55:00,7.885,7.885,7.865,7.865,12218.0
2026-06-30,2026-06-30 14:00:00,7.865,7.865,7.855,7.855,11412.0
2026-06-30,2026-06-30 14:05:00,7.855,7.865,7.855,7.855,9918.0
2026-06-30,2026-06-30 14:10:00,7.86,7.8699,7.86,7.865,4663.0
2026-06-30,2026-06-30 14:15:00,7.865,7.87,7.865,7.865,3175.0
2026-06-30,2026-06-30 14:20:00,7.87,7.87,7.86,7.86,12383.0
2026-06-30,2026-06-30 14:25:00,7.86,7.885,7.8538,7.88,23755.0
2026-06-30,2026-06-30 14:30:00,7.875,7.88,7.875,7.875,2958.0
2026-06-30,2026-06-30 14:35:00,7.875,7.878,7.865,7.875,21558.0
2026-06-30,2026-06-30 14:40:00,7.87,7.875,7.87,7.875,4921.0
2026-06-30,2026-06-30 14:45:00,7.87,7.875,7.865,7.87,10245.0
2026-06-30,2026-06-30 14:50:00,7.865,7.885,7.865,7.88,22000.0
2026-06-30,2026-06-30 14:55:00,7.88,7.895,7.87,7.895,17853.0
2026-06-30,2026-06-30 15:00:00,7.895,7.935,7.8911,7.915,42002.0
2026-06-30,2026-06-30 15:05:00,7.9101,7.915,7.91,7.915,6391.0
2026-06-30,2026-06-30 15:10:00,7.915,7.915,7.88,7.8889,33957.0
2026-06-30,2026-06-30 15:15:00,7.885,7.895,7.885,7.895,10390.0
2026-06-30,2026-06-30 15:20:00,7.89,7.89,7.88,7.8856,15885.0
2026-06-30,2026-06-30 15:25:00,7.885,7.885,7.87,7.875,19051.0
2026-06-30,2026-06-30 15:30:00,7.875,7.9,7.875,7.9,16115.0
2026-06-30,2026-06-30 15:35:00,7.895,7.9,7.895,7.895,10649.0
2026-06-30,2026-06-30 15:40:00,7.895,7.915,7.895,7.91,33334.0
2026-06-30,2026-06-30 15:45:00,7.905,7.93,7.9,7.93,30870.0
2026-06-30,2026-06-30 15:50:00,7.93,7.94,7.91,7.94,35668.0
2026-06-30,2026-06-30 15:55:00,7.935,7.935,7.915,7.92,69989.0
2026-06-30,2026-06-30 16:00:00,7.92,7.93,7.9,7.92,508744.0
2026-07-01,2026-07-01 09:35:00,8.0,8.01,7.915,7.99,101483.0
2026-07-01,2026-07-01 09:40:00,7.95,7.9799,7.92,7.925,19036.0
2026-07-01,2026-07-01 09:45:00,7.93,7.965,7.925,7.94,16669.0
2026-07-01,2026-07-01 09:50:00,7.94,7.96,7.93,7.945,7917.0
2026-07-01,2026-07-01 09:55:00,7.945,7.975,7.945,7.975,24935.0
2026-07-01,2026-07-01 10:00:00,7.97,7.97,7.9228,7.925,34967.0
2026-07-01,2026-07-01 10:05:00,7.93,7.945,7.91,7.935,20121.0
2026-07-01,2026-07-01 10:10:00,7.93,7.95,7.925,7.945,13447.0
2026-07-01,2026-07-01 10:15:00,7.945,7.995,7.94,7.985,46164.0
2026-07-01,2026-07-01 10:20:00,7.985,7.997355,7.985,7.995,24156.0
2026-07-01,2026-07-01 10:25:00,7.995,8.06,7.995,8.045,125922.0
2026-07-01,2026-07-01 10:30:00,8.045,8.08,8.045,8.075,18450.0
2026-07-01,2026-07-01 10:35:00,8.075,8.0893,8.055,8.075,50244.0
2026-07-01,2026-07-01 10:40:00,8.0791,8.095,8.075,8.095,15001.0
2026-07-01,2026-07-01 10:45:00,8.095,8.105,8.085,8.095,28494.0
2026-07-01,2026-07-01 10:50:00,8.095,8.095,8.065,8.075,23937.0
2026-07-01,2026-07-01 10:55:00,8.0785,8.125,8.0785,8.115,49230.0
2026-07-01,2026-07-01 11:00:00,8.115,8.13,8.105,8.13,57283.0
2026-07-01,2026-07-01 11:05:00,8.13,8.14,8.1237,8.1237,21033.0
2026-07-01,2026-07-01 11:10:00,8.13,8.135,8.12,8.125,14996.0
2026-07-01,2026-07-01 11:15:00,8.125,8.13,8.1,8.115,34648.0
2026-07-01,2026-07-01 11:20:00,8.1101,8.115,8.095,8.095,7587.0
2026-07-01,2026-07-01 11:25:00,8.1,8.15,8.1,8.145,40898.0
2026-07-01,2026-07-01 11:30:00,8.145,8.15,8.135,8.15,10118.0
2026-07-01,2026-07-01 11:35:00,8.15,8.165,8.1401,8.1485,42733.0
2026-07-01,2026-07-01 11:40:00,8.145,8.145,8.11,8.12,19543.0
2026-07-01,2026-07-01 11:45:00,8.11,8.15,8.1,8.145,23813.0
2026-07-01,2026-07-01 11:50:00,8.145,8.16,8.145,8.155,9396.0
2026-07-01,2026-07-01 11:55:00,8.16,8.17,8.155,8.165,19632.0
2026-07-01,2026-07-01 12:00:00,8.17,8.185,8.1634,8.18,23769.0
2026-07-01,2026-07-01 12:05:00,8.175,8.19,8.1712,8.179,11796.0
2026-07-01,2026-07-01 12:10:00,8.1712,8.18,8.17,8.175,7755.0
2026-07-01,2026-07-01 12:15:00,8.18,8.18,8.15,8.15,58380.0
2026-07-01,2026-07-01 12:20:00,8.1424,8.1599,8.13,8.155,26995.0
2026-07-01,2026-07-01 12:25:00,8.155,8.17,8.15,8.17,23109.0
2026-07-01,2026-07-01 12:30:00,8.17,8.18,8.165,8.175,13008.0
2026-07-01,2026-07-01 12:35:00,8.175,8.195,8.17,8.185,28121.0
2026-07-01,2026-07-01 12:40:00,8.182,8.19,8.145,8.145,92287.0
2026-07-01,2026-07-01 12:45:00,8.15,8.155,8.135,8.155,20799.0
2026-07-01,2026-07-01 12:50:00,8.15,8.15,8.075,8.105,168359.0
2026-07-01,2026-07-01 12:55:00,8.105,8.125,8.095,8.125,29731.0
2026-07-01,2026-07-01 13:00:00,8.125,8.145,8.1201,8.135,19585.0
2026-07-01,2026-07-01 13:05:00,8.14,8.14,8.105,8.13,37263.0
2026-07-01,2026-07-01 13:10:00,8.125,8.14,8.125,8.135,18962.0
2026-07-01,2026-07-01 13:15:00,8.13,8.13,8.105,8.12,15144.0
2026-07-01,2026-07-01 13:20:00,8.115,8.115,8.09,8.1,9247.0
2026-07-01,2026-07-01 13:25:00,8.095,8.125,8.095,8.12,39441.0
2026-07-01,2026-07-01 13:30:00,8.125,8.125,8.06,8.06,21678.0
2026-07-01,2026-07-01 13:35:00,8.05,8.05,7.975,7.975,26159.0
2026-07-01,2026-07-01 13:40:00,7.975,7.985,7.95,7.965,17542.0
2026-07-01,2026-07-01 13:45:00,7.965,7.975,7.95,7.95,25998.0
2026-07-01,2026-07-01 13:50:00,7.945,7.955,7.94,7.95,8811.0
2026-07-01,2026-07-01 13:55:00,7.95,7.96,7.95,7.955,5228.0
2026-07-01,2026-07-01 14:00:00,7.955,7.98,7.955,7.98,20060.0
2026-07-01,2026-07-01 14:05:00,7.975,7.995,7.945,7.995,48780.0
2026-07-01,2026-07-01 14:10:00,8.0,8.0187,8.0,8.0187,10908.0
2026-07-01,2026-07-01 14:15:00,8.015,8.02,7.99,8.0,28782.0
2026-07-01,2026-07-01 14:20:00,7.995,8.0,7.985,7.985,15327.0
2026-07-01,2026-07-01 14:25:00,7.985,7.995,7.975,7.995,18482.0
2026-07-01,2026-07-01 14:30:00,8.0,8.0,7.975,7.98,9304.0
2026-07-01,2026-07-01 14:35:00,7.975,7.995,7.975,7.975,15120.0
2026-07-01,2026-07-01 14:40:00,7.975,7.985,7.9701,7.9701,10550.0
2026-07-01,2026-07-01 14:45:00,7.975,7.975,7.955,7.955,9315.0
2026-07-01,2026-07-01 14:50:00,7.955,7.97,7.95,7.955,25655.0
2026-07-01,2026-07-01 14:55:00,7.9588,7.975,7.95,7.965,13587.0
2026-07-01,2026-07-01 15:00:00,7.96,7.965,7.95,7.955,7655.0
2026-07-01,2026-07-01 15:05:00,7.955,7.97,7.955,7.97,12761.0
2026-07-01,2026-07-01 15:10:00,7.9601,7.965,7.95,7.95,23956.0
2026-07-01,2026-07-01 15:15:00,7.955,7.97,7.955,7.97,19277.0
2026-07-01,2026-07-01 15:20:00,7.965,7.99,7.965,7.99,11243.0
2026-07-01,2026-07-01 15:25:00,7.985,7.99,7.9835,7.99,11543.0
2026-07-01,2026-07-01 15:30:00,7.9899,8.0,7.985,7.995,10485.0
2026-07-01,2026-07-01 15:35:00,7.9911,8.01,7.9911,8.005,15767.0
2026-07-01,2026-07-01 15:40:00,8.01,8.01,8.0,8.005,18600.0
2026-07-01,2026-07-01 15:45:00,8.005,8.025,8.0,8.01,38776.0
2026-07-01,2026-07-01 15:50:00,8.015,8.015,7.98,7.98,50594.0
2026-07-01,2026-07-01 15:55:00,7.975,7.995,7.965,7.995,113931.0
2026-07-01,2026-07-01 16:00:00,7.995,8.005,7.96,8.0,405840.0
2026-07-02,2026-07-02 09:35:00,8.05,8.11,7.96,7.96,54130.0
2026-07-02,2026-07-02 09:40:00,7.94,7.94,7.85,7.9,14496.0
2026-07-02,2026-07-02 09:45:00,7.9,7.94,7.9,7.9,45489.0
2026-07-02,2026-07-02 09:50:00,7.9,7.955,7.885,7.955,53702.0
2026-07-02,2026-07-02 09:55:00,7.95,7.995,7.945,7.985,31125.0
2026-07-02,2026-07-02 10:00:00,7.99,8.03,7.99,8.03,14285.0
2026-07-02,2026-07-02 10:05:00,8.04,8.05,8.03,8.04,16272.0
2026-07-02,2026-07-02 10:10:00,8.05,8.0589,7.975,7.975,60230.0
2026-07-02,2026-07-02 10:15:00,7.975,8.025,7.9727,8.025,18329.0
2026-07-02,2026-07-02 10:20:00,8.025,8.055,8.025,8.045,33594.0
2026-07-02,2026-07-02 10:25:00,8.04,8.045,8.03,8.03,8584.0
2026-07-02,2026-07-02 10:30:00,8.025,8.045,8.015,8.015,10009.0
2026-07-02,2026-07-02 10:35:00,8.03,8.045,8.015,8.04,33713.0
2026-07-02,2026-07-02 10:40:00,8.04,8.075,8.04,8.065,8502.0
2026-07-02,2026-07-02 10:45:00,8.06,8.06,8.03,8.03,10040.0
2026-07-02,2026-07-02 10:50:00,8.04,8.075,8.04,8.075,16515.0
2026-07-02,2026-07-02 10:55:00,8.075,8.0773,8.065,8.07,15272.0
2026-07-02,2026-07-02 11:00:00,8.075,8.105,8.075,8.075,38479.0
2026-07-02,2026-07-02 11:05:00,8.07,8.075,8.045,8.05,13612.0
2026-07-02,2026-07-02 11:10:00,8.04,8.04,8.02,8.02,8153.0
2026-07-02,2026-07-02 11:15:00,8.0117,8.11,8.0,8.07,47809.0
2026-07-02,2026-07-02 11:20:00,8.07,8.11,8.07,8.11,21446.0
2026-07-02,2026-07-02 11:25:00,8.1087,8.14,8.1007,8.135,14168.0
2026-07-02,2026-07-02 11:30:00,8.135,8.15,8.12,8.125,50779.0
2026-07-02,2026-07-02 11:35:00,8.13,8.18,8.13,8.175,69899.0
2026-07-02,2026-07-02 11:40:00,8.1786,8.19,8.15,8.185,38008.0
2026-07-02,2026-07-02 11:45:00,8.185,8.2,8.185,8.2,11501.0
2026-07-02,2026-07-02 11:50:00,8.195,8.275,8.195,8.26,150820.0
2026-07-02,2026-07-02 11:55:00,8.26,8.265,8.25,8.265,56857.0
2026-07-02,2026-07-02 12:00:00,8.27,8.27,8.25,8.255,19132.0
2026-07-02,2026-07-02 12:05:00,8.26,8.275,8.23,8.24,12267.0
2026-07-02,2026-07-02 12:10:00,8.245,8.255,8.2448,8.245,8017.0
2026-07-02,2026-07-02 12:15:00,8.24,8.25,8.215,8.24,19245.0
2026-07-02,2026-07-02 12:20:00,8.235,8.24,8.195,8.205,22057.0
2026-07-02,2026-07-02 12:25:00,8.205,8.26,8.205,8.2499,83289.0
2026-07-02,2026-07-02 12:30:00,8.25,8.265,8.245,8.245,27600.0
2026-07-02,2026-07-02 12:35:00,8.25,8.26,8.235,8.235,18083.0
2026-07-02,2026-07-02 12:40:00,8.2361,8.25,8.205,8.25,73232.0
2026-07-02,2026-07-02 12:45:00,8.25,8.2509,8.2313,8.245,30060.0
2026-07-02,2026-07-02 12:50:00,8.2432,8.25,8.24,8.245,17325.0
2026-07-02,2026-07-02 12:55:00,8.24,8.255,8.235,8.25,19452.0
2026-07-02,2026-07-02 13:00:00,8.25,8.275,8.25,8.265,16563.0
2026-07-02,2026-07-02 13:05:00,8.26,8.265,8.22,8.23,13741.0
2026-07-02,2026-07-02 13:10:00,8.22,8.245,8.22,8.23,7633.0
2026-07-02,2026-07-02 13:15:00,8.23,8.235,8.22,8.235,23553.0
2026-07-02,2026-07-02 13:20:00,8.235,8.2385,8.2201,8.225,6703.0
2026-07-02,2026-07-02 13:25:00,8.23,8.27,8.225,8.255,16285.0
2026-07-02,2026-07-02 13:30:00,8.2584,8.2584,8.235,8.245,9060.0
2026-07-02,2026-07-02 13:35:00,8.245,8.255,8.245,8.255,9555.0
2026-07-02,2026-07-02 13:40:00,8.255,8.26,8.235,8.245,16195.0
2026-07-02,2026-07-02 13:45:00,8.245,8.255,8.195,8.205,190425.0
2026-07-02,2026-07-02 13:50:00,8.205,8.235,8.14,8.22,124500.0
2026-07-02,2026-07-02 13:55:00,8.23,8.26,8.23,8.255,16183.0
2026-07-02,2026-07-02 14:00:00,8.255,8.265,8.225,8.255,35128.0
2026-07-02,2026-07-02 14:05:00,8.25,8.25,8.23,8.23,9654.0
2026-07-02,2026-07-02 14:10:00,8.2297,8.25,8.225,8.25,20753.0
2026-07-02,2026-07-02 14:15:00,8.25,8.26,8.245,8.245,10128.0
2026-07-02,2026-07-02 14:20:00,8.245,8.25,8.24,8.25,11097.0
2026-07-02,2026-07-02 14:25:00,8.25,8.26,8.2411,8.245,9050.0
2026-07-02,2026-07-02 14:30:00,8.25,8.275,8.25,8.265,21158.0
2026-07-02,2026-07-02 14:35:00,8.2698,8.295,8.26,8.27,24559.0
2026-07-02,2026-07-02 14:40:00,8.27,8.275,8.2636,8.265,3922.0
2026-07-02,2026-07-02 14:45:00,8.27,8.285,8.27,8.285,28148.0
2026-07-02,2026-07-02 14:50:00,8.28,8.3,8.275,8.295,17570.0
2026-07-02,2026-07-02 14:55:00,8.2901,8.305,8.29,8.295,24392.0
2026-07-02,2026-07-02 15:00:00,8.29,8.305,8.285,8.305,11736.0
2026-07-02,2026-07-02 15:05:00,8.305,8.315,8.295,8.295,37604.0
2026-07-02,2026-07-02 15:10:00,8.2912,8.325,8.2912,8.325,56038.0
2026-07-02,2026-07-02 15:15:00,8.3214,8.35,8.305,8.34,44854.0
2026-07-02,2026-07-02 15:20:00,8.34,8.375,8.33,8.365,84181.0
2026-07-02,2026-07-02 15:25:00,8.365,8.375,8.355,8.355,21581.0
2026-07-02,2026-07-02 15:30:00,8.355,8.37,8.35,8.365,58590.0
2026-07-02,2026-07-02 15:35:00,8.36,8.365,8.35,8.3587,26871.0
2026-07-02,2026-07-02 15:40:00,8.36,8.36,8.295,8.295,57101.0
2026-07-02,2026-07-02 15:45:00,8.29,8.31,8.225,8.245,85444.0
2026-07-02,2026-07-02 15:50:00,8.245,8.265,8.215,8.22,69842.0
2026-07-02,2026-07-02 15:55:00,8.23,8.285,8.225,8.2636,149829.0
2026-07-02,2026-07-02 16:00:00,8.255,8.295,8.22,8.28,947648.0
2026-07-06,2026-07-06 09:35:00,8.2,8.47,8.2,8.425,126149.0
2026-07-06,2026-07-06 09:40:00,8.43,8.5,8.43,8.48,78358.0
2026-07-06,2026-07-06 09:45:00,8.485,8.485,8.4501,8.46,22351.0
2026-07-06,2026-07-06 09:50:00,8.45,8.46,8.405,8.45,46969.0
2026-07-06,2026-07-06 09:55:00,8.44,8.44,8.3801,8.41,35124.0
2026-07-06,2026-07-06 10:00:00,8.41,8.41,8.36,8.365,19217.0
2026-07-06,2026-07-06 10:05:00,8.365,8.37,8.345,8.35,49350.0
2026-07-06,2026-07-06 10:10:00,8.35,8.385,8.34,8.385,37809.0
2026-07-06,2026-07-06 10:15:00,8.385,8.3895,8.345,8.38,37650.0
2026-07-06,2026-07-06 10:20:00,8.38,8.415,8.38,8.41,31050.0
2026-07-06,2026-07-06 10:25:00,8.41,8.425,8.405,8.42,11687.0
2026-07-06,2026-07-06 10:30:00,8.4201,8.43,8.4128,8.415,14590.0
2026-07-06,2026-07-06 10:35:00,8.42,8.43,8.41,8.41,15145.0
2026-07-06,2026-07-06 10:40:00,8.41,8.425,8.41,8.425,8564.0
2026-07-06,2026-07-06 10:45:00,8.42,8.43,8.42,8.425,5498.0
2026-07-06,2026-07-06 10:50:00,8.43,8.45,8.425,8.44,62822.0
2026-07-06,2026-07-06 10:55:00,8.44,8.4554,8.435,8.455,15733.0
2026-07-06,2026-07-06 11:00:00,8.455,8.475,8.4544,8.455,24162.0
2026-07-06,2026-07-06 11:05:00,8.455,8.465,8.4515,8.46,17072.0
2026-07-06,2026-07-06 11:10:00,8.455,8.475,8.4415,8.4415,23837.0
2026-07-06,2026-07-06 11:15:00,8.445,8.47,8.4403,8.465,20286.0
2026-07-06,2026-07-06 11:20:00,8.465,8.47,8.4617,8.47,13274.0
2026-07-06,2026-07-06 11:25:00,8.465,8.47,8.455,8.455,22319.0
2026-07-06,2026-07-06 11:30:00,8.455,8.455,8.425,8.425,18483.0
2026-07-06,2026-07-06 11:35:00,8.44,8.445,8.435,8.435,11759.0
2026-07-06,2026-07-06 11:40:00,8.43,8.435,8.425,8.43,8481.0
2026-07-06,2026-07-06 11:45:00,8.435,8.45,8.42,8.42,23971.0
2026-07-06,2026-07-06 11:50:00,8.425,8.43,8.375,8.375,29471.0
2026-07-06,2026-07-06 11:55:00,8.375,8.38,8.3507,8.355,9804.0
2026-07-06,2026-07-06 12:00:00,8.355,8.4,8.355,8.4,10512.0
2026-07-06,2026-07-06 12:05:00,8.395,8.4,8.39,8.4,10146.0
2026-07-06,2026-07-06 12:10:00,8.3999,8.405,8.395,8.4,9801.0
2026-07-06,2026-07-06 12:15:00,8.405,8.405,8.39,8.3985,7489.0
2026-07-06,2026-07-06 12:20:00,8.39,8.395,8.385,8.3887,8763.0
2026-07-06,2026-07-06 12:25:00,8.39,8.395,8.385,8.395,4971.0
2026-07-06,2026-07-06 12:30:00,8.395,8.4,8.385,8.385,5249.0
2026-07-06,2026-07-06 12:35:00,8.39,8.395,8.3801,8.3928,6850.0
2026-07-06,2026-07-06 12:40:00,8.395,8.4,8.385,8.395,11228.0
2026-07-06,2026-07-06 12:45:00,8.4,8.4,8.395,8.4,2299.0
2026-07-06,2026-07-06 12:50:00,8.395,8.4199,8.39,8.4199,6508.0
2026-07-06,2026-07-06 12:55:00,8.42,8.437,8.42,8.435,14703.0
2026-07-06,2026-07-06 13:00:00,8.43,8.45,8.43,8.445,9505.0
2026-07-06,2026-07-06 13:05:00,8.445,8.445,8.425,8.44,22280.0
2026-07-06,2026-07-06 13:10:00,8.435,8.445,8.435,8.445,13302.0
2026-07-06,2026-07-06 13:15:00,8.4492,8.45,8.445,8.445,9514.0
2026-07-06,2026-07-06 13:20:00,8.44,8.445,8.41,8.43,32055.0
2026-07-06,2026-07-06 13:25:00,8.43,8.45,8.425,8.445,13756.0
2026-07-06,2026-07-06 13:30:00,8.445,8.46,8.445,8.45,13247.0
2026-07-06,2026-07-06 13:35:00,8.445,8.45,8.445,8.445,4599.0
2026-07-06,2026-07-06 13:40:00,8.44,8.44,8.42,8.42,10749.0
2026-07-06,2026-07-06 13:45:00,8.425,8.425,8.41,8.42,8927.0
2026-07-06,2026-07-06 13:50:00,8.415,8.42,8.405,8.415,14234.0
2026-07-06,2026-07-06 13:55:00,8.415,8.42,8.41,8.41,2773.0
2026-07-06,2026-07-06 14:00:00,8.415,8.42,8.41,8.4186,8208.0
2026-07-06,2026-07-06 14:05:00,8.415,8.44,8.415,8.44,8207.0
2026-07-06,2026-07-06 14:10:00,8.435,8.44,8.432,8.435,6036.0
2026-07-06,2026-07-06 14:15:00,8.435,8.435,8.43,8.435,9514.0
2026-07-06,2026-07-06 14:20:00,8.44,8.44,8.42,8.425,13887.0
2026-07-06,2026-07-06 14:25:00,8.4299,8.44,8.425,8.435,5362.0
2026-07-06,2026-07-06 14:30:00,8.44,8.44,8.43,8.435,4861.0
2026-07-06,2026-07-06 14:35:00,8.435,8.435,8.425,8.43,12091.0
2026-07-06,2026-07-06 14:40:00,8.435,8.44,8.435,8.435,3489.0
2026-07-06,2026-07-06 14:45:00,8.435,8.44,8.43,8.435,8557.0
2026-07-06,2026-07-06 14:50:00,8.44,8.44,8.435,8.435,6024.0
2026-07-06,2026-07-06 14:55:00,8.4386,8.4386,8.3934,8.405,37562.0
2026-07-06,2026-07-06 15:00:00,8.41,8.41,8.4015,8.405,5258.0
2026-07-06,2026-07-06 15:05:00,8.4,8.4,8.375,8.38,18058.0
2026-07-06,2026-07-06 15:10:00,8.375,8.38,8.36,8.36,11477.0
2026-07-06,2026-07-06 15:15:00,8.36,8.385,8.355,8.385,11761.0
2026-07-06,2026-07-06 15:20:00,8.385,8.385,8.375,8.38,6373.0
2026-07-06,2026-07-06 15:25:00,8.38,8.39,8.38,8.39,6532.0
2026-07-06,2026-07-06 15:30:00,8.385,8.415,8.385,8.41,22305.0
2026-07-06,2026-07-06 15:35:00,8.405,8.415,8.385,8.395,20923.0
2026-07-06,2026-07-06 15:40:00,8.4,8.41,8.4,8.405,18881.0
2026-07-06,2026-07-06 15:45:00,8.41,8.41,8.385,8.4,20898.0
2026-07-06,2026-07-06 15:50:00,8.4,8.415,8.395,8.405,21520.0
2026-07-06,2026-07-06 15:55:00,8.4,8.4,8.375,8.395,49643.0
2026-07-06,2026-07-06 16:00:00,8.395,8.41,8.35,8.37,416528.0
2026-07-07,2026-07-07 09:35:00,8.42,8.5,8.42,8.47,64985.0
2026-07-07,2026-07-07 09:40:00,8.4626,8.4799,8.45,8.46,12488.0
2026-07-07,2026-07-07 09:45:00,8.47,8.48,8.45,8.455,46944.0
2026-07-07,2026-07-07 09:50:00,8.455,8.465,8.42,8.42,12889.0
2026-07-07,2026-07-07 09:55:00,8.43,8.48,8.43,8.445,39377.0
2026-07-07,2026-07-07 10:00:00,8.445,8.48,8.445,8.48,27048.0
2026-07-07,2026-07-07 10:05:00,8.475,8.475,8.45,8.465,19361.0
2026-07-07,2026-07-07 10:10:00,8.47,8.525,8.47,8.485,98354.0
2026-07-07,2026-07-07 10:15:00,8.485,8.505,8.4812,8.495,10434.0
2026-07-07,2026-07-07 10:20:00,8.495,8.555,8.485,8.555,19201.0
2026-07-07,2026-07-07 10:25:00,8.555,8.555,8.53,8.535,21276.0
2026-07-07,2026-07-07 10:30:00,8.531,8.555,8.525,8.555,12653.0
2026-07-07,2026-07-07 10:35:00,8.555,8.65,8.555,8.645,68601.0
2026-07-07,2026-07-07 10:40:00,8.64,8.655,8.63,8.65,11388.0
2026-07-07,2026-07-07 10:45:00,8.655,8.705,8.645,8.695,39784.0
2026-07-07,2026-07-07 10:50:00,8.695,8.725,8.655,8.715,42556.0
2026-07-07,2026-07-07 10:55:00,8.715,8.775,8.7099,8.76,61972.0
2026-07-07,2026-07-07 11:00:00,8.755,8.8,8.755,8.8,36814.0
2026-07-07,2026-07-07 11:05:00,8.8,8.8199,8.795,8.805,33278.0
2026-07-07,2026-07-07 11:10:00,8.805,8.83,8.8,8.825,27397.0
2026-07-07,2026-07-07 11:15:00,8.82,8.84,8.7701,8.7815,42982.0
2026-07-07,2026-07-07 11:20:00,8.78,8.798,8.76,8.761,22463.0
2026-07-07,2026-07-07 11:25:00,8.765,8.78,8.7613,8.7712,27399.0
2026-07-07,2026-07-07 11:30:00,8.775,8.825,8.765,8.825,32524.0
2026-07-07,2026-07-07 11:35:00,8.82,8.825,8.805,8.82,13404.0
2026-07-07,2026-07-07 11:40:00,8.8174,8.86,8.815,8.855,45877.0
2026-07-07,2026-07-07 11:45:00,8.855,8.856,8.845,8.845,22765.0
2026-07-07,2026-07-07 11:50:00,8.85,8.87,8.85,8.87,22529.0
2026-07-07,2026-07-07 11:55:00,8.865,8.88,8.855,8.865,16288.0
2026-07-07,2026-07-07 12:00:00,8.865,8.87,8.84,8.855,42630.0
2026-07-07,2026-07-07 12:05:00,8.855,8.87,8.845,8.8677,8902.0
2026-07-07,2026-07-07 12:10:00,8.8649,8.9,8.8601,8.885,49715.0
2026-07-07,2026-07-07 12:15:00,8.89,8.895,8.8805,8.895,16644.0
2026-07-07,2026-07-07 12:20:00,8.89,8.89,8.8701,8.88,23795.0
2026-07-07,2026-07-07 12:25:00,8.89,8.93,8.89,8.915,68765.0
2026-07-07,2026-07-07 12:30:00,8.92,8.965,8.9105,8.955,70916.0
2026-07-07,2026-07-07 12:35:00,8.955,9.015,8.95,8.975,185176.0
2026-07-07,2026-07-07 12:40:00,8.975,9.02,8.975,9.01,49288.0
2026-07-07,2026-07-07 12:45:00,9.0,9.015,8.965,8.9701,99785.0
2026-07-07,2026-07-07 12:50:00,8.975,8.975,8.885,8.885,45245.0
2026-07-07,2026-07-07 12:55:00,8.885,8.9,8.8701,8.9,19112.0
2026-07-07,2026-07-07 13:00:00,8.9,8.905,8.8901,8.9,14220.0
2026-07-07,2026-07-07 13:05:00,8.8987,8.8987,8.8814,8.885,22498.0
2026-07-07,2026-07-07 13:10:00,8.885,8.9,8.8714,8.8788,24294.0
2026-07-07,2026-07-07 13:15:00,8.875,8.905,8.875,8.9,38791.0
2026-07-07,2026-07-07 13:20:00,8.895,8.895,8.875,8.885,11864.0
2026-07-07,2026-07-07 13:25:00,8.885,8.885,8.845,8.85,34527.0
2026-07-07,2026-07-07 13:30:00,8.8514,8.87,8.8514,8.865,9539.0
2026-07-07,2026-07-07 13:35:00,8.865,8.88,8.865,8.875,9886.0
2026-07-07,2026-07-07 13:40:00,8.875,8.875,8.845,8.85,21414.0
2026-07-07,2026-07-07 13:45:00,8.855,8.855,8.81,8.845,56199.0
2026-07-07,2026-07-07 13:50:00,8.845,8.885,8.845,8.865,26788.0
2026-07-07,2026-07-07 13:55:00,8.865,8.88,8.865,8.875,7801.0
2026-07-07,2026-07-07 14:00:00,8.875,8.885,8.865,8.8776,28556.0
2026-07-07,2026-07-07 14:05:00,8.875,8.88,8.875,8.88,10990.0
2026-07-07,2026-07-07 14:10:00,8.875,8.88,8.85,8.875,63231.0
2026-07-07,2026-07-07 14:15:00,8.875,8.885,8.875,8.885,16707.0
2026-07-07,2026-07-07 14:20:00,8.885,8.9,8.885,8.9,8656.0
2026-07-07,2026-07-07 14:25:00,8.8999,8.9,8.875,8.875,11868.0
2026-07-07,2026-07-07 14:30:00,8.8712,8.875,8.85,8.855,14886.0
2026-07-07,2026-07-07 14:35:00,8.855,8.855,8.845,8.845,13608.0
2026-07-07,2026-07-07 14:40:00,8.845,8.91,8.84,8.905,43605.0
2026-07-07,2026-07-07 14:45:00,8.905,8.905,8.89,8.895,16229.0
2026-07-07,2026-07-07 14:50:00,8.895,8.8969,8.87,8.875,18999.0
2026-07-07,2026-07-07 14:55:00,8.875,8.875,8.855,8.865,13030.0
2026-07-07,2026-07-07 15:00:00,8.865,8.865,8.835,8.8395,24725.0
2026-07-07,2026-07-07 15:05:00,8.835,8.835,8.8108,8.825,19574.0
2026-07-07,2026-07-07 15:10:00,8.82,8.845,8.82,8.835,14036.0
2026-07-07,2026-07-07 15:15:00,8.83,8.845,8.815,8.835,27041.0
2026-07-07,2026-07-07 15:20:00,8.835,8.8387,8.815,8.825,22288.0
2026-07-07,2026-07-07 15:25:00,8.82,8.845,8.815,8.845,26681.0
2026-07-07,2026-07-07 15:30:00,8.845,8.87,8.825,8.8673,49437.0
2026-07-07,2026-07-07 15:35:00,8.865,8.9,8.865,8.8911,53894.0
2026-07-07,2026-07-07 15:40:00,8.895,8.915,8.875,8.895,38421.0
2026-07-07,2026-07-07 15:45:00,8.895,8.915,8.885,8.905,30265.0
2026-07-07,2026-07-07 15:50:00,8.905,8.93,8.905,8.925,34280.0
2026-07-07,2026-07-07 15:55:00,8.93,8.945,8.9201,8.925,66240.0
2026-07-07,2026-07-07 16:00:00,8.925,8.95,8.9,8.94,831099.0
2026-07-08,2026-07-08 09:35:00,8.82,8.915,8.73,8.785,67927.0
2026-07-08,2026-07-08 09:40:00,8.785,8.83,8.75,8.76,38347.0
2026-07-08,2026-07-08 09:45:00,8.755,8.7843,8.73,8.74,29493.0
2026-07-08,2026-07-08 09:50:00,8.7486,8.7999,8.72,8.7277,25914.0
2026-07-08,2026-07-08 09:55:00,8.73,8.7499,8.72,8.745,16245.0
2026-07-08,2026-07-08 10:00:00,8.745,8.785,8.73,8.78,28457.0
2026-07-08,2026-07-08 10:05:00,8.77,8.77,8.71,8.75,28902.0
2026-07-08,2026-07-08 10:10:00,8.76,8.78,8.74,8.775,42165.0
2026-07-08,2026-07-08 10:15:00,8.77,8.775,8.735,8.735,20990.0
2026-07-08,2026-07-08 10:20:00,8.74,8.775,8.725,8.735,87436.0
2026-07-08,2026-07-08 10:25:00,8.735,8.755,8.67,8.705,105011.0
2026-07-08,2026-07-08 10:30:00,8.71,8.715,8.66,8.685,40655.0
2026-07-08,2026-07-08 10:35:00,8.685,8.7,8.66,8.675,61432.0
2026-07-08,2026-07-08 10:40:00,8.68,8.68,8.635,8.635,37666.0
2026-07-08,2026-07-08 10:45:00,8.64,8.67,8.64,8.66,25832.0
2026-07-08,2026-07-08 10:50:00,8.66,8.69,8.625,8.635,44772.0
2026-07-08,2026-07-08 10:55:00,8.635,8.67,8.6311,8.655,13517.0
2026-07-08,2026-07-08 11:00:00,8.655,8.665,8.6348,8.65,19975.0
2026-07-08,2026-07-08 11:05:00,8.65,8.675,8.61,8.6392,49182.0
2026-07-08,2026-07-08 11:10:00,8.635,8.6599,8.605,8.605,23293.0
2026-07-08,2026-07-08 11:15:00,8.6001,8.62,8.59,8.605,14347.0
2026-07-08,2026-07-08 11:20:00,8.605,8.615,8.59,8.615,38367.0
2026-07-08,2026-07-08 11:25:00,8.615,8.62,8.6,8.6,11169.0
2026-07-08,2026-07-08 11:30:00,8.595,8.6,8.56,8.6,50122.0
2026-07-08,2026-07-08 11:35:00,8.595,8.6,8.57,8.57,31153.0
2026-07-08,2026-07-08 11:40:00,8.575,8.58,8.56,8.56,10808.0
2026-07-08,2026-07-08 11:45:00,8.565,8.565,8.531,8.545,33586.0
2026-07-08,2026-07-08 11:50:00,8.545,8.5469,8.525,8.53,14224.0
2026-07-08,2026-07-08 11:55:00,8.53,8.535,8.485,8.515,85664.0
2026-07-08,2026-07-08 12:00:00,8.52,8.53,8.5,8.525,61782.0
2026-07-08,2026-07-08 12:05:00,8.525,8.53,8.51,8.525,31133.0
2026-07-08,2026-07-08 12:10:00,8.53,8.5499,8.53,8.535,10138.0
2026-07-08,2026-07-08 12:15:00,8.535,8.56,8.53,8.56,7794.0
2026-07-08,2026-07-08 12:20:00,8.555,8.585,8.555,8.5702,24393.0
2026-07-08,2026-07-08 12:25:00,8.57,8.595,8.565,8.575,19774.0
2026-07-08,2026-07-08 12:30:00,8.58,8.6,8.58,8.5859,13748.0
2026-07-08,2026-07-08 12:35:00,8.585,8.59,8.58,8.585,13452.0
2026-07-08,2026-07-08 12:40:00,8.585,8.595,8.585,8.595,14572.0
2026-07-08,2026-07-08 12:45:00,8.6,8.615,8.6,8.605,31950.0
2026-07-08,2026-07-08 12:50:00,8.605,8.62,8.605,8.615,16872.0
2026-07-08,2026-07-08 12:55:00,8.615,8.615,8.5913,8.6099,17152.0
2026-07-08,2026-07-08 13:00:00,8.605,8.6199,8.6,8.615,4049.0
2026-07-08,2026-07-08 13:05:00,8.615,8.616,8.595,8.6,15697.0
2026-07-08,2026-07-08 13:10:00,8.595,8.61,8.595,8.605,10547.0
2026-07-08,2026-07-08 13:15:00,8.6,8.615,8.59,8.605,43424.0
2026-07-08,2026-07-08 13:20:00,8.6099,8.6099,8.59,8.595,13956.0
2026-07-08,2026-07-08 13:25:00,8.595,8.595,8.565,8.58,27877.0
2026-07-08,2026-07-08 13:30:00,8.585,8.585,8.575,8.58,13076.0
2026-07-08,2026-07-08 13:35:00,8.575,8.59,8.575,8.59,12467.0
2026-07-08,2026-07-08 13:40:00,8.58,8.585,8.575,8.585,8643.0
2026-07-08,2026-07-08 13:45:00,8.59,8.595,8.585,8.59,13177.0
2026-07-08,2026-07-08 13:50:00,8.59,8.59,8.555,8.565,37733.0
2026-07-08,2026-07-08 13:55:00,8.565,8.565,8.525,8.565,55612.0
2026-07-08,2026-07-08 14:00:00,8.565,8.57,8.56,8.565,8036.0
2026-07-08,2026-07-08 14:05:00,8.56,8.575,8.555,8.5701,9564.0
2026-07-08,2026-07-08 14:10:00,8.57,8.58,8.555,8.575,10040.0
2026-07-08,2026-07-08 14:15:00,8.575,8.585,8.565,8.585,17525.0
2026-07-08,2026-07-08 14:20:00,8.585,8.595,8.56,8.595,17624.0
2026-07-08,2026-07-08 14:25:00,8.595,8.595,8.58,8.59,12564.0
2026-07-08,2026-07-08 14:30:00,8.5999,8.6168,8.595,8.61,26204.0
2026-07-08,2026-07-08 14:35:00,8.615,8.62,8.605,8.605,16694.0
2026-07-08,2026-07-08 14:40:00,8.605,8.615,8.585,8.605,41527.0
2026-07-08,2026-07-08 14:45:00,8.6,8.6,8.545,8.57,34707.0
2026-07-08,2026-07-08 14:50:00,8.58,8.585,8.565,8.585,12107.0
2026-07-08,2026-07-08 14:55:00,8.59,8.5999,8.59,8.595,11340.0
2026-07-08,2026-07-08 15:00:00,8.59,8.59,8.56,8.585,55206.0
2026-07-08,2026-07-08 15:05:00,8.59,8.6,8.575,8.575,14846.0
2026-07-08,2026-07-08 15:10:00,8.58,8.595,8.575,8.575,13425.0
2026-07-08,2026-07-08 15:15:00,8.575,8.58,8.565,8.575,8848.0
2026-07-08,2026-07-08 15:20:00,8.575,8.58,8.565,8.565,14418.0
2026-07-08,2026-07-08 15:25:00,8.565,8.565,8.545,8.545,24195.0
2026-07-08,2026-07-08 15:30:00,8.545,8.5499,8.52,8.52,21282.0
2026-07-08,2026-07-08 15:35:00,8.525,8.55,8.525,8.55,24615.0
2026-07-08,2026-07-08 15:40:00,8.55,8.61,8.55,8.605,30725.0
2026-07-08,2026-07-08 15:45:00,8.601,8.61,8.5901,8.595,17485.0
2026-07-08,2026-07-08 15:50:00,8.6,8.61,8.585,8.585,44495.0
2026-07-08,2026-07-08 15:55:00,8.59,8.645,8.59,8.635,114607.0
2026-07-08,2026-07-08 16:00:00,8.635,8.68,8.62,8.67,1198338.0
2026-07-09,2026-07-09 09:35:00,8.58,8.72,8.49,8.53,53134.0
2026-07-09,2026-07-09 09:40:00,8.53,8.54,8.48,8.5,21773.0
2026-07-09,2026-07-09 09:45:00,8.49,8.5433,8.46,8.54,21778.0
2026-07-09,2026-07-09 09:50:00,8.54,8.6,8.54,8.57,10152.0
2026-07-09,2026-07-09 09:55:00,8.57,8.635,8.57,8.63,8387.0
2026-07-09,2026-07-09 10:00:00,8.63,8.67,8.62,8.64,32009.0
2026-07-09,2026-07-09 10:05:00,8.639,8.685,8.639,8.675,11743.0
2026-07-09,2026-07-09 10:10:00,8.675,8.675,8.645,8.655,16773.0
2026-07-09,2026-07-09 10:15:00,8.655,8.67,8.625,8.665,24876.0
2026-07-09,2026-07-09 10:20:00,8.665,8.665,8.655,8.665,19530.0
2026-07-09,2026-07-09 10:25:00,8.66,8.69,8.64,8.69,6441.0
2026-07-09,2026-07-09 10:30:00,8.69,8.715,8.675,8.715,22417.0
2026-07-09,2026-07-09 10:35:00,8.71,8.71,8.68,8.685,8617.0
2026-07-09,2026-07-09 10:40:00,8.685,8.7,8.685,8.69,7569.0
2026-07-09,2026-07-09 10:45:00,8.685,8.685,8.665,8.665,7843.0
2026-07-09,2026-07-09 10:50:00,8.665,8.67,8.635,8.635,16029.0
2026-07-09,2026-07-09 10:55:00,8.63,8.635,8.6,8.635,9142.0
2026-07-09,2026-07-09 11:00:00,8.63,8.65,8.625,8.645,12585.0
2026-07-09,2026-07-09 11:05:00,8.64,8.645,8.605,8.6087,14946.0
2026-07-09,2026-07-09 11:10:00,8.6095,8.65,8.605,8.63,21889.0
2026-07-09,2026-07-09 11:15:00,8.625,8.625,8.595,8.595,8737.0
2026-07-09,2026-07-09 11:20:00,8.595,8.6,8.58,8.585,8339.0
2026-07-09,2026-07-09 11:25:00,8.58,8.595,8.575,8.585,5230.0
2026-07-09,2026-07-09 11:30:00,8.585,8.595,8.575,8.575,6830.0
2026-07-09,2026-07-09 11:35:00,8.575,8.59,8.575,8.575,7987.0
2026-07-09,2026-07-09 11:40:00,8.575,8.58,8.565,8.58,3647.0
2026-07-09,2026-07-09 11:45:00,8.58,8.595,8.58,8.595,8566.0
2026-07-09,2026-07-09 11:50:00,8.5999,8.61,8.585,8.585,13819.0
2026-07-09,2026-07-09 11:55:00,8.59,8.59,8.575,8.585,6679.0
2026-07-09,2026-07-09 12:00:00,8.59,8.595,8.5811,8.59,8792.0
2026-07-09,2026-07-09 12:05:00,8.585,8.59,8.535,8.535,54634.0
2026-07-09,2026-07-09 12:10:00,8.5314,8.55,8.5314,8.535,12726.0
2026-07-09,2026-07-09 12:15:00,8.535,8.545,8.525,8.545,12955.0
2026-07-09,2026-07-09 12:20:00,8.54,8.57,8.54,8.56,26006.0
2026-07-09,2026-07-09 12:25:00,8.56,8.565,8.55,8.565,14268.0
2026-07-09,2026-07-09 12:30:00,8.56,8.56,8.535,8.545,21877.0
2026-07-09,2026-07-09 12:35:00,8.545,8.565,8.54,8.565,18981.0
2026-07-09,2026-07-09 12:40:00,8.565,8.57,8.555,8.565,4837.0
2026-07-09,2026-07-09 12:45:00,8.565,8.57,8.545,8.555,8135.0
2026-07-09,2026-07-09 12:50:00,8.55,8.55,8.535,8.535,5355.0
2026-07-09,2026-07-09 12:55:00,8.535,8.535,8.5,8.505,9379.0
2026-07-09,2026-07-09 13:00:00,8.5,8.505,8.5,8.505,6638.0
2026-07-09,2026-07-09 13:05:00,8.505,8.5099,8.5,8.505,4916.0
2026-07-09,2026-07-09 13:10:00,8.505,8.51,8.475,8.49,19600.0
2026-07-09,2026-07-09 13:15:00,8.49,8.4995,8.4812,8.4995,7541.0
2026-07-09,2026-07-09 13:20:00,8.495,8.495,8.485,8.49,7693.0
2026-07-09,2026-07-09 13:25:00,8.495,8.495,8.485,8.485,3421.0
2026-07-09,2026-07-09 13:30:00,8.49,8.495,8.485,8.495,4709.0
2026-07-09,2026-07-09 13:35:00,8.49,8.505,8.465,8.49,32403.0
2026-07-09,2026-07-09 13:40:00,8.49,8.495,8.48,8.48,11754.0
2026-07-09,2026-07-09 13:45:00,8.485,8.485,8.47,8.475,12109.0
2026-07-09,2026-07-09 13:50:00,8.4787,8.48,8.475,8.475,3345.0
2026-07-09,2026-07-09 13:55:00,8.475,8.4763,8.472983,8.475,6334.0
2026-07-09,2026-07-09 14:00:00,8.47,8.485,8.455,8.485,21196.0
2026-07-09,2026-07-09 14:05:00,8.485,8.485,8.4814,8.485,2445.0
2026-07-09,2026-07-09 14:10:00,8.49,8.515,8.49,8.515,20849.0
2026-07-09,2026-07-09 14:15:00,8.515,8.535,8.515,8.53,20348.0
2026-07-09,2026-07-09 14:20:00,8.525,8.525,8.52,8.52,5550.0
2026-07-09,2026-07-09 14:25:00,8.515,8.525,8.505,8.505,15539.0
2026-07-09,2026-07-09 14:30:00,8.51,8.52,8.51,8.52,8349.0
2026-07-09,2026-07-09 14:35:00,8.52,8.52,8.5111,8.5111,4079.0
2026-07-09,2026-07-09 14:40:00,8.52,8.525,8.515,8.525,10338.0
2026-07-09,2026-07-09 14:45:00,8.525,8.535,8.525,8.5317,6110.0
2026-07-09,2026-07-09 14:50:00,8.53,8.54,8.525,8.53,14617.0
2026-07-09,2026-07-09 14:55:00,8.5387,8.5387,8.53,8.535,6098.0
2026-07-09,2026-07-09 15:00:00,8.535,8.57,8.53,8.565,28024.0
2026-07-09,2026-07-09 15:05:00,8.565,8.57,8.545,8.555,25937.0
2026-07-09,2026-07-09 15:10:00,8.555,8.555,8.545,8.555,13854.0
2026-07-09,2026-07-09 15:15:00,8.555,8.565,8.52,8.555,37079.0
2026-07-09,2026-07-09 15:20:00,8.555,8.565,8.545,8.565,17396.0
2026-07-09,2026-07-09 15:25:00,8.565,8.565,8.56,8.56,4035.0
2026-07-09,2026-07-09 15:30:00,8.56,8.57,8.56,8.56,13023.0
2026-07-09,2026-07-09 15:35:00,8.565,8.565,8.55,8.56,60479.0
2026-07-09,2026-07-09 15:40:00,8.565,8.6,8.555,8.595,201721.0
2026-07-09,2026-07-09 15:45:00,8.5955,8.5955,8.52,8.525,83421.0
2026-07-09,2026-07-09 15:50:00,8.525,8.575,8.525,8.555,47857.0
2026-07-09,2026-07-09 15:55:00,8.555,8.575,8.525,8.525,96987.0
2026-07-09,2026-07-09 16:00:00,8.53,8.63,8.515,8.62,403963.0
2026-07-10,2026-07-10 09:35:00,8.62,8.62,8.46,8.48,16867.0
2026-07-10,2026-07-10 09:40:00,8.485,8.485,8.4,8.405,44029.0
2026-07-10,2026-07-10 09:45:00,8.405,8.415,8.34,8.37,30878.0
2026-07-10,2026-07-10 09:50:00,8.375,8.5,8.375,8.49,27627.0
2026-07-10,2026-07-10 09:55:00,8.49,8.53,8.49,8.49,21090.0
2026-07-10,2026-07-10 10:00:00,8.49,8.49,8.445,8.445,15228.0
2026-07-10,2026-07-10 10:05:00,8.44,8.455,8.42,8.42,22933.0
2026-07-10,2026-07-10 10:10:00,8.415,8.4199,8.375,8.4,15140.0
2026-07-10,2026-07-10 10:15:00,8.395,8.395,8.36,8.365,41325.0
2026-07-10,2026-07-10 10:20:00,8.365,8.365,8.3,8.325,15991.0
2026-07-10,2026-07-10 10:25:00,8.325,8.365,8.325,8.365,21582.0
2026-07-10,2026-07-10 10:30:00,8.365,8.395,8.36,8.395,35685.0
2026-07-10,2026-07-10 10:35:00,8.3914,8.3953,8.35,8.375,22086.0
2026-07-10,2026-07-10 10:40:00,8.375,8.375,8.345,8.355,11257.0
2026-07-10,2026-07-10 10:45:00,8.355,8.375,8.351,8.3701,7968.0
2026-07-10,2026-07-10 10:50:00,8.38,8.395,8.35,8.365,45071.0
2026-07-10,2026-07-10 10:55:00,8.365,8.365,8.345,8.345,8330.0
2026-07-10,2026-07-10 11:00:00,8.34,8.34,8.305,8.315,16288.0
2026-07-10,2026-07-10 11:05:00,8.315,8.325,8.31,8.315,15858.0
2026-07-10,2026-07-10 11:10:00,8.32,8.345,8.32,8.34,6512.0
2026-07-10,2026-07-10 11:15:00,8.335,8.36,8.325,8.36,12203.0
2026-07-10,2026-07-10 11:20:00,8.36,8.365,8.32,8.32,17986.0
2026-07-10,2026-07-10 11:25:00,8.3177,8.325,8.29,8.325,24208.0
2026-07-10,2026-07-10 11:30:00,8.325,8.325,8.315,8.315,9285.0
2026-07-10,2026-07-10 11:35:00,8.315,8.325,8.315,8.32,8220.0
2026-07-10,2026-07-10 11:40:00,8.32,8.33,8.3099,8.325,8036.0
2026-07-10,2026-07-10 11:45:00,8.33,8.335,8.305,8.315,13035.0
2026-07-10,2026-07-10 11:50:00,8.315,8.315,8.3009,8.305,7883.0
2026-07-10,2026-07-10 11:55:00,8.305,8.306,8.295,8.305,13454.0
2026-07-10,2026-07-10 12:00:00,8.305,8.305,8.29,8.295,28238.0
2026-07-10,2026-07-10 12:05:00,8.295,8.305,8.27,8.275,18938.0
2026-07-10,2026-07-10 12:10:00,8.275,8.29,8.275,8.29,10726.0
2026-07-10,2026-07-10 12:15:00,8.29,8.305,8.285,8.305,10555.0
2026-07-10,2026-07-10 12:20:00,8.305,8.315,8.305,8.305,12256.0
2026-07-10,2026-07-10 12:25:00,8.305,8.305,8.295,8.295,7513.0
2026-07-10,2026-07-10 12:30:00,8.295,8.3,8.295,8.3,6520.0
2026-07-10,2026-07-10 12:35:00,8.3,8.325,8.3,8.315,12786.0
2026-07-10,2026-07-10 12:40:00,8.315,8.325,8.315,8.325,10528.0
2026-07-10,2026-07-10 12:45:00,8.33,8.345,8.3276,8.335,29292.0
2026-07-10,2026-07-10 12:50:00,8.34,8.35,8.34,8.345,8829.0
2026-07-10,2026-07-10 12:55:00,8.345,8.345,8.31,8.31,11359.0
2026-07-10,2026-07-10 13:00:00,8.305,8.305,8.295,8.295,7455.0
2026-07-10,2026-07-10 13:05:00,8.295,8.295,8.255,8.265,16358.0
2026-07-10,2026-07-10 13:10:00,8.265,8.275,8.26,8.26,6169.0
2026-07-10,2026-07-10 13:15:00,8.255,8.26,8.24,8.245,11337.0
2026-07-10,2026-07-10 13:20:00,8.25,8.29,8.25,8.285,36601.0
2026-07-10,2026-07-10 13:25:00,8.285,8.315,8.265,8.315,24943.0
2026-07-10,2026-07-10 13:30:00,8.31,8.315,8.31,8.315,10054.0
2026-07-10,2026-07-10 13:35:00,8.315,8.335,8.315,8.325,6056.0
2026-07-10,2026-07-10 13:40:00,8.325,8.325,8.32,8.32,3779.0
2026-07-10,2026-07-10 13:45:00,8.315,8.325,8.31,8.315,6867.0
2026-07-10,2026-07-10 13:50:00,8.32,8.335,8.32,8.33,8417.0
2026-07-10,2026-07-10 13:55:00,8.33,8.335,8.33,8.335,2395.0
2026-07-10,2026-07-10 14:00:00,8.335,8.335,8.315,8.3198,5419.0
2026-07-10,2026-07-10 14:05:00,8.32,8.345,8.315,8.3313,12418.0
2026-07-10,2026-07-10 14:10:00,8.335,8.34,8.335,8.335,2373.0
2026-07-10,2026-07-10 14:15:00,8.34,8.365,8.34,8.365,21069.0
2026-07-10,2026-07-10 14:20:00,8.365,8.37,8.35,8.355,7810.0
2026-07-10,2026-07-10 14:25:00,8.35,8.35,8.345,8.345,3372.0
2026-07-10,2026-07-10 14:30:00,8.35,8.35,8.335,8.335,3687.0
2026-07-10,2026-07-10 14:35:00,8.335,8.35,8.335,8.345,11782.0
2026-07-10,2026-07-10 14:40:00,8.34,8.346317,8.34,8.345,4545.0
2026-07-10,2026-07-10 14:45:00,8.345,8.355,8.34,8.345,11130.0
2026-07-10,2026-07-10 14:50:00,8.342,8.345,8.33,8.33,16465.0
2026-07-10,2026-07-10 14:55:00,8.33,8.34,8.325,8.33,10641.0
2026-07-10,2026-07-10 15:00:00,8.33,8.3387,8.3272,8.3387,13541.0
2026-07-10,2026-07-10 15:05:00,8.335,8.345,8.335,8.34,6666.0
2026-07-10,2026-07-10 15:10:00,8.345,8.36,8.345,8.355,9834.0
2026-07-10,2026-07-10 15:15:00,8.36,8.36,8.345,8.345,7643.0
2026-07-10,2026-07-10 15:20:00,8.345,8.355,8.345,8.3512,17078.0
2026-07-10,2026-07-10 15:25:00,8.355,8.355,8.35,8.35,4735.0
2026-07-10,2026-07-10 15:30:00,8.355,8.355,8.33,8.355,21542.0
2026-07-10,2026-07-10 15:35:00,8.35,8.355,8.331,8.335,22451.0
2026-07-10,2026-07-10 15:40:00,8.335,8.3399,8.33,8.335,3491.0
2026-07-10,2026-07-10 15:45:00,8.335,8.34,8.33,8.335,23413.0
2026-07-10,2026-07-10 15:50:00,8.34,8.35,8.32,8.325,25618.0
2026-07-10,2026-07-10 15:55:00,8.33,8.375,8.33,8.34,60094.0
2026-07-10,2026-07-10 16:00:00,8.34,8.385,8.335,8.34,279176.0
2026-07-13,2026-07-13 09:35:00,8.345,8.345,8.13,8.175,61646.0
2026-07-13,2026-07-13 09:40:00,8.175,8.175,8.11,8.155,22688.0
2026-07-13,2026-07-13 09:45:00,8.16,8.235,8.155,8.21,36980.0
2026-07-13,2026-07-13 09:50:00,8.21,8.295,8.21,8.26,13417.0
2026-07-13,2026-07-13 09:55:00,8.26,8.27,8.245,8.27,5941.0
2026-07-13,2026-07-13 10:00:00,8.29,8.295,8.255,8.255,11236.0
2026-07-13,2026-07-13 10:05:00,8.255,8.26,8.16,8.16,14862.0
2026-07-13,2026-07-13 10:10:00,8.165,8.17,8.145,8.15,9513.0
2026-07-13,2026-07-13 10:15:00,8.15,8.17,8.15,8.17,4387.0
2026-07-13,2026-07-13 10:20:00,8.18,8.205,8.14,8.165,27436.0
2026-07-13,2026-07-13 10:25:00,8.17,8.185,8.165,8.175,7605.0
2026-07-13,2026-07-13 10:30:00,8.175,8.19,8.15,8.19,9854.0
2026-07-13,2026-07-13 10:35:00,8.185,8.2,8.1702,8.175,7949.0
2026-07-13,2026-07-13 10:40:00,8.17,8.18,8.165,8.17,4750.0
2026-07-13,2026-07-13 10:45:00,8.165,8.1691,8.11,8.125,17829.0
2026-07-13,2026-07-13 10:50:00,8.125,8.125,8.05,8.07,31452.0
2026-07-13,2026-07-13 10:55:00,8.075,8.075,8.06,8.07,3087.0
2026-07-13,2026-07-13 11:00:00,8.0756,8.105,8.075,8.105,7042.0
2026-07-13,2026-07-13 11:05:00,8.105,8.115,8.075,8.0785,24407.0
2026-07-13,2026-07-13 11:10:00,8.0786,8.105,8.075,8.105,15598.0
2026-07-13,2026-07-13 11:15:00,8.105,8.1199,8.1,8.1,22074.0
2026-07-13,2026-07-13 11:20:00,8.105,8.11,8.095,8.105,10880.0
2026-07-13,2026-07-13 11:25:00,8.105,8.115,8.105,8.115,6714.0
2026-07-13,2026-07-13 11:30:00,8.11,8.12,8.095,8.12,8109.0
2026-07-13,2026-07-13 11:35:00,8.1186,8.125,8.11,8.125,3516.0
2026-07-13,2026-07-13 11:40:00,8.1203,8.13,8.105,8.125,5297.0
2026-07-13,2026-07-13 11:45:00,8.12,8.135,8.115,8.135,7389.0
2026-07-13,2026-07-13 11:50:00,8.135,8.15,8.135,8.145,4046.0
2026-07-13,2026-07-13 11:55:00,8.145,8.16,8.145,8.1501,6821.0
2026-07-13,2026-07-13 12:00:00,8.155,8.16,8.15,8.16,21992.0
2026-07-13,2026-07-13 12:05:00,8.155,8.155,8.125,8.135,22136.0
2026-07-13,2026-07-13 12:10:00,8.14,8.15,8.14,8.145,8683.0
2026-07-13,2026-07-13 12:15:00,8.1414,8.16,8.13,8.13,18568.0
2026-07-13,2026-07-13 12:20:00,8.13,8.13,8.12,8.1287,4998.0
2026-07-13,2026-07-13 12:25:00,8.125,8.1285,8.115,8.115,4179.0
2026-07-13,2026-07-13 12:30:00,8.115,8.125,8.1116,8.12,6572.0
2026-07-13,2026-07-13 12:35:00,8.125,8.125,8.115,8.115,3631.0
2026-07-13,2026-07-13 12:40:00,8.1101,8.125,8.105,8.125,11565.0
2026-07-13,2026-07-13 12:45:00,8.12,8.125,8.12,8.125,1406.0
2026-07-13,2026-07-13 12:50:00,8.13,8.145,8.13,8.135,6071.0
2026-07-13,2026-07-13 12:55:00,8.13,8.14,8.125,8.1306,6386.0
2026-07-13,2026-07-13 13:00:00,8.135,8.135,8.12,8.125,3782.0
2026-07-13,2026-07-13 13:05:00,8.13,8.135,8.13,8.135,2897.0
2026-07-13,2026-07-13 13:10:00,8.135,8.135,8.125,8.125,4450.0
2026-07-13,2026-07-13 13:15:00,8.13,8.145,8.13,8.13,3927.0
2026-07-13,2026-07-13 13:20:00,8.13,8.135,8.13,8.135,3301.0
2026-07-13,2026-07-13 13:25:00,8.135,8.1401,8.13,8.135,6582.0
2026-07-13,2026-07-13 13:30:00,8.135,8.135,8.13,8.13,1469.0
2026-07-13,2026-07-13 13:35:00,8.135,8.135,8.12,8.12,7584.0
2026-07-13,2026-07-13 13:40:00,8.125,8.125,8.095,8.095,7834.0
2026-07-13,2026-07-13 13:45:00,8.1,8.11,8.1,8.11,1937.0
2026-07-13,2026-07-13 13:50:00,8.105,8.11,8.08,8.095,20423.0
2026-07-13,2026-07-13 13:55:00,8.09,8.09,8.08,8.085,4897.0
2026-07-13,2026-07-13 14:00:00,8.085,8.085,8.08,8.085,1832.0
2026-07-13,2026-07-13 14:05:00,8.085,8.1,8.085,8.1,5401.0
2026-07-13,2026-07-13 14:10:00,8.105,8.115,8.1,8.1,7435.0
2026-07-13,2026-07-13 14:15:00,8.1,8.105,8.1,8.1,2668.0
2026-07-13,2026-07-13 14:20:00,8.09,8.0988,8.08,8.08,7632.0
2026-07-13,2026-07-13 14:25:00,8.08,8.09,8.075,8.09,16367.0
2026-07-13,2026-07-13 14:30:00,8.1,8.11,8.1,8.105,4780.0
2026-07-13,2026-07-13 14:35:00,8.105,8.115,8.1,8.115,16390.0
2026-07-13,2026-07-13 14:40:00,8.115,8.13,8.115,8.125,5066.0
2026-07-13,2026-07-13 14:45:00,8.13,8.135,8.1201,8.125,9502.0
2026-07-13,2026-07-13 14:50:00,8.125,8.13,8.115,8.115,11758.0
2026-07-13,2026-07-13 14:55:00,8.115,8.12,8.11,8.115,6180.0
2026-07-13,2026-07-13 15:00:00,8.11,8.125,8.11,8.125,10501.0
2026-07-13,2026-07-13 15:05:00,8.125,8.125,8.115,8.125,11270.0
2026-07-13,2026-07-13 15:10:00,8.13,8.15,8.13,8.145,5304.0
2026-07-13,2026-07-13 15:15:00,8.145,8.15,8.1401,8.145,3604.0
2026-07-13,2026-07-13 15:20:00,8.145,8.16,8.145,8.15,6576.0
2026-07-13,2026-07-13 15:25:00,8.155,8.155,8.135,8.135,9184.0
2026-07-13,2026-07-13 15:30:00,8.13,8.13,8.115,8.115,19629.0
2026-07-13,2026-07-13 15:35:00,8.115,8.12,8.085,8.09,31417.0
2026-07-13,2026-07-13 15:40:00,8.09,8.101,8.085,8.101,16831.0
2026-07-13,2026-07-13 15:45:00,8.1,8.135,8.091,8.135,18322.0
2026-07-13,2026-07-13 15:50:00,8.135,8.155,8.1301,8.15,25508.0
2026-07-13,2026-07-13 15:55:00,8.145,8.155,8.125,8.13,76038.0
2026-07-13,2026-07-13 16:00:00,8.125,8.185,8.125,8.16,479467.0
2026-07-14,2026-07-14 09:35:00,8.11,8.155,8.05,8.06,36292.0
2026-07-14,2026-07-14 09:40:00,8.05,8.055,8.0,8.02,19384.0
2026-07-14,2026-07-14 09:45:00,8.02,8.09,8.0107,8.045,23459.0
2026-07-14,2026-07-14 09:50:00,8.06,8.1,8.05,8.085,57667.0
2026-07-14,2026-07-14 09:55:00,8.08,8.08,8.04,8.05,19569.0
2026-07-14,2026-07-14 10:00:00,8.0572,8.07,8.04,8.06,16095.0
2026-07-14,2026-07-14 10:05:00,8.065,8.065,8.005,8.005,19101.0
2026-07-14,2026-07-14 10:10:00,8.005,8.07,8.005,8.07,20409.0
2026-07-14,2026-07-14 10:15:00,8.0778,8.085,8.065,8.085,12528.0
2026-07-14,2026-07-14 10:20:00,8.095,8.1073,8.09,8.095,9058.0
2026-07-14,2026-07-14 10:25:00,8.1,8.14,8.1,8.13,9325.0
2026-07-14,2026-07-14 10:30:00,8.125,8.125,8.1,8.11,5209.0
2026-07-14,2026-07-14 10:35:00,8.115,8.155,8.11,8.14,12798.0
2026-07-14,2026-07-14 10:40:00,8.13,8.13,8.12,8.13,6521.0
2026-07-14,2026-07-14 10:45:00,8.135,8.135,8.12,8.1213,6867.0
2026-07-14,2026-07-14 10:50:00,8.12,8.125,8.12,8.12,1903.0
2026-07-14,2026-07-14 10:55:00,8.12,8.125,8.11,8.125,2111.0
2026-07-14,2026-07-14 11:00:00,8.14,8.145,8.125,8.1386,8002.0
2026-07-14,2026-07-14 11:05:00,8.1314,8.17,8.105,8.155,25699.0
2026-07-14,2026-07-14 11:10:00,8.155,8.2199,8.155,8.1902,52563.0
2026-07-14,2026-07-14 11:15:00,8.19,8.23,8.18,8.23,12035.0
2026-07-14,2026-07-14 11:20:00,8.236,8.236,8.2,8.205,8231.0
2026-07-14,2026-07-14 11:25:00,8.205,8.2399,8.205,8.235,9232.0
2026-07-14,2026-07-14 11:30:00,8.24,8.24,8.23,8.235,5295.0
2026-07-14,2026-07-14 11:35:00,8.2361,8.25,8.22,8.22,7373.0
2026-07-14,2026-07-14 11:40:00,8.22,8.22,8.2,8.215,9260.0
2026-07-14,2026-07-14 11:45:00,8.22,8.24,8.22,8.24,3684.0
2026-07-14,2026-07-14 11:50:00,8.24,8.25,8.24,8.25,5172.0
2026-07-14,2026-07-14 11:55:00,8.25,8.25,8.22,8.22,5469.0
2026-07-14,2026-07-14 12:00:00,8.22,8.23,8.22,8.22,4320.0
2026-07-14,2026-07-14 12:05:00,8.225,8.225,8.21,8.215,3344.0
2026-07-14,2026-07-14 12:10:00,8.215,8.23,8.215,8.23,2747.0
2026-07-14,2026-07-14 12:15:00,8.235,8.245,8.235,8.245,7175.0
2026-07-14,2026-07-14 12:20:00,8.245,8.245,8.22,8.22,6302.0
2026-07-14,2026-07-14 12:25:00,8.225,8.225,8.215,8.22,4193.0
2026-07-14,2026-07-14 12:30:00,8.225,8.225,8.22,8.225,4658.0
2026-07-14,2026-07-14 12:35:00,8.225,8.24,8.22,8.235,8048.0
2026-07-14,2026-07-14 12:40:00,8.235,8.255,8.23,8.24,13964.0
2026-07-14,2026-07-14 12:45:00,8.23897,8.2566,8.23897,8.255,6956.0
2026-07-14,2026-07-14 12:50:00,8.255,8.265,8.255,8.265,4168.0
2026-07-14,2026-07-14 12:55:00,8.265,8.265,8.265,8.265,2737.0
2026-07-14,2026-07-14 13:00:00,8.265,8.265,8.255,8.26,5154.0
2026-07-14,2026-07-14 13:05:00,8.26,8.275,8.255,8.275,9853.0
2026-07-14,2026-07-14 13:10:00,8.265,8.27,8.265,8.27,4453.0
2026-07-14,2026-07-14 13:15:00,8.275,8.278,8.26,8.26,6735.0
2026-07-14,2026-07-14 13:20:00,8.265,8.265,8.2502,8.2502,2421.0
2026-07-14,2026-07-14 13:25:00,8.2505,8.255,8.25,8.255,3578.0
2026-07-14,2026-07-14 13:30:00,8.255,8.255,8.25,8.255,2501.0
2026-07-14,2026-07-14 13:35:00,8.26,8.27,8.2513,8.265,5056.0
2026-07-14,2026-07-14 13:40:00,8.26,8.26,8.24,8.24,5619.0
2026-07-14,2026-07-14 13:45:00,8.245,8.245,8.245,8.245,1601.0
2026-07-14,2026-07-14 13:50:00,8.245,8.27,8.245,8.255,11486.0
2026-07-14,2026-07-14 13:55:00,8.26,8.27,8.26,8.27,3758.0
2026-07-14,2026-07-14 14:00:00,8.265,8.27,8.26,8.265,3979.0
2026-07-14,2026-07-14 14:05:00,8.265,8.275,8.23,8.275,50322.0
2026-07-14,2026-07-14 14:10:00,8.275,8.275,8.26,8.265,4976.0
2026-07-14,2026-07-14 14:15:00,8.2699,8.29,8.2699,8.29,7571.0
2026-07-14,2026-07-14 14:20:00,8.3,8.305,8.295,8.2984,5047.0
2026-07-14,2026-07-14 14:25:00,8.295,8.295,8.285,8.285,6839.0
2026-07-14,2026-07-14 14:30:00,8.28,8.28,8.27,8.275,5945.0
2026-07-14,2026-07-14 14:35:00,8.27,8.2774,8.27,8.275,6584.0
2026-07-14,2026-07-14 14:40:00,8.275,8.28,8.265,8.265,4947.0
2026-07-14,2026-07-14 14:45:00,8.265,8.265,8.26,8.265,2610.0
2026-07-14,2026-07-14 14:50:00,8.265,8.295,8.265,8.2749,11564.0
2026-07-14,2026-07-14 14:55:00,8.275,8.29,8.27,8.282,9136.0
2026-07-14,2026-07-14 15:00:00,8.28,8.28,8.27,8.28,5251.0
2026-07-14,2026-07-14 15:05:00,8.285,8.285,8.2713,8.28,10027.0
2026-07-14,2026-07-14 15:10:00,8.28,8.29,8.28,8.285,9040.0
2026-07-14,2026-07-14 15:15:00,8.285,8.301,8.285,8.301,10875.0
2026-07-14,2026-07-14 15:20:00,8.305,8.315,8.3,8.31,6921.0
2026-07-14,2026-07-14 15:25:00,8.305,8.305,8.28,8.2903,9754.0
2026-07-14,2026-07-14 15:30:00,8.2953,8.2953,8.285,8.285,7978.0
2026-07-14,2026-07-14 15:35:00,8.28,8.29,8.265,8.275,13547.0
2026-07-14,2026-07-14 15:40:00,8.275,8.275,8.25,8.255,9558.0
2026-07-14,2026-07-14 15:45:00,8.255,8.26,8.25,8.26,9663.0
2026-07-14,2026-07-14 15:50:00,8.26,8.27,8.255,8.265,18091.0
2026-07-14,2026-07-14 15:55:00,8.26,8.265,8.25,8.255,25023.0
2026-07-14,2026-07-14 16:00:00,8.255,8.295,8.255,8.28,343606.0
2026-07-15,2026-07-15 09:35:00,8.26,8.26,8.18,8.21,27072.0
2026-07-15,2026-07-15 09:40:00,8.19,8.22,8.18,8.22,6278.0
2026-07-15,2026-07-15 09:45:00,8.225,8.25,8.2,8.245,11332.0
2026-07-15,2026-07-15 09:50:00,8.25,8.28,8.235,8.27,40132.0
2026-07-15,2026-07-15 09:55:00,8.26,8.27,8.25,8.26,14376.0
2026-07-15,2026-07-15 10:00:00,8.27,8.32,8.27,8.3,8423.0
2026-07-15,2026-07-15 10:05:00,8.3,8.3371,8.29,8.3,8039.0
2026-07-15,2026-07-15 10:10:00,8.29,8.32,8.29,8.32,6627.0
2026-07-15,2026-07-15 10:15:00,8.325,8.325,8.315,8.315,8271.0
2026-07-15,2026-07-15 10:20:00,8.32,8.355,8.32,8.345,13770.0
2026-07-15,2026-07-15 10:25:00,8.345,8.3886,8.345,8.3886,14224.0
2026-07-15,2026-07-15 10:30:00,8.39,8.415,8.365,8.365,34869.0
2026-07-15,2026-07-15 10:35:00,8.365,8.37,8.34,8.34,6305.0
2026-07-15,2026-07-15 10:40:00,8.345,8.36,8.345,8.35,9450.0
2026-07-15,2026-07-15 10:45:00,8.35,8.355,8.345,8.345,6085.0
2026-07-15,2026-07-15 10:50:00,8.34,8.35,8.337,8.35,5757.0
2026-07-15,2026-07-15 10:55:00,8.345,8.355,8.34,8.355,17683.0
2026-07-15,2026-07-15 11:00:00,8.355,8.37,8.3503,8.365,5254.0
2026-07-15,2026-07-15 11:05:00,8.37,8.375,8.355,8.37,7099.0
2026-07-15,2026-07-15 11:10:00,8.37,8.395,8.365,8.385,6153.0
2026-07-15,2026-07-15 11:15:00,8.385,8.405,8.385,8.395,6426.0
2026-07-15,2026-07-15 11:20:00,8.39,8.43,8.39,8.425,12785.0
2026-07-15,2026-07-15 11:25:00,8.425,8.425,8.3915,8.4,8482.0
2026-07-15,2026-07-15 11:30:00,8.4,8.42,8.4,8.415,4970.0
2026-07-15,2026-07-15 11:35:00,8.415,8.435,8.41,8.43,5350.0
2026-07-15,2026-07-15 11:40:00,8.425,8.435,8.425,8.435,5231.0
2026-07-15,2026-07-15 11:45:00,8.44,8.45,8.44,8.4446,5876.0
2026-07-15,2026-07-15 11:50:00,8.445,8.485,8.445,8.485,18361.0
2026-07-15,2026-07-15 11:55:00,8.48,8.5,8.475,8.5,19952.0
2026-07-15,2026-07-15 12:00:00,8.495,8.535,8.495,8.525,25417.0
2026-07-15,2026-07-15 12:05:00,8.525,8.53,8.505,8.525,10385.0
2026-07-15,2026-07-15 12:10:00,8.525,8.55,8.52,8.5412,15789.0
2026-07-15,2026-07-15 12:15:00,8.545,8.5488,8.525,8.525,14175.0
2026-07-15,2026-07-15 12:20:00,8.53,8.535,8.515,8.53,11288.0
2026-07-15,2026-07-15 12:25:00,8.525,8.54,8.51,8.525,12154.0
2026-07-15,2026-07-15 12:30:00,8.53,8.535,8.52,8.535,8324.0
2026-07-15,2026-07-15 12:35:00,8.535,8.535,8.515,8.52,9128.0
2026-07-15,2026-07-15 12:40:00,8.52,8.525,8.5,8.505,24873.0
2026-07-15,2026-07-15 12:45:00,8.505,8.52,8.5036,8.52,8929.0
2026-07-15,2026-07-15 12:50:00,8.525,8.555,8.5211,8.535,19828.0
2026-07-15,2026-07-15 12:55:00,8.535,8.54,8.53,8.5317,6300.0
2026-07-15,2026-07-15 13:00:00,8.535,8.55,8.53,8.55,4524.0
2026-07-15,2026-07-15 13:05:00,8.55,8.555,8.5401,8.545,8732.0
2026-07-15,2026-07-15 13:10:00,8.545,8.55,8.5419,8.545,7336.0
2026-07-15,2026-07-15 13:15:00,8.545,8.55,8.545,8.545,2534.0
2026-07-15,2026-07-15 13:20:00,8.55,8.55,8.545,8.545,3047.0
2026-07-15,2026-07-15 13:25:00,8.55,8.55,8.525,8.525,9374.0
2026-07-15,2026-07-15 13:30:00,8.525,8.54,8.52,8.525,22896.0
2026-07-15,2026-07-15 13:35:00,8.525,8.54,8.525,8.535,4845.0
2026-07-15,2026-07-15 13:40:00,8.53,8.54,8.525,8.54,8081.0
2026-07-15,2026-07-15 13:45:00,8.54,8.54,8.5316,8.535,8850.0
2026-07-15,2026-07-15 13:50:00,8.535,8.535,8.53,8.535,7664.0
2026-07-15,2026-07-15 13:55:00,8.54,8.545,8.535,8.545,5327.0
2026-07-15,2026-07-15 14:00:00,8.545,8.545,8.53,8.5304,6540.0
2026-07-15,2026-07-15 14:05:00,8.5305,8.535,8.525,8.525,8330.0
2026-07-15,2026-07-15 14:10:00,8.52,8.535,8.512,8.53,19133.0
2026-07-15,2026-07-15 14:15:00,8.535,8.535,8.52,8.525,7762.0
2026-07-15,2026-07-15 14:20:00,8.5212,8.53,8.52,8.525,6941.0
2026-07-15,2026-07-15 14:25:00,8.53,8.53,8.525,8.53,4326.0
2026-07-15,2026-07-15 14:30:00,8.535,8.535,8.525,8.53,4182.0
2026-07-15,2026-07-15 14:35:00,8.53,8.54,8.525,8.525,8374.0
2026-07-15,2026-07-15 14:40:00,8.525,8.53,8.525,8.53,2081.0
2026-07-15,2026-07-15 14:45:00,8.525,8.535,8.52,8.535,7521.0
2026-07-15,2026-07-15 14:50:00,8.53,8.535,8.53,8.535,5070.0
2026-07-15,2026-07-15 14:55:00,8.535,8.535,8.5218,8.535,11261.0
2026-07-15,2026-07-15 15:00:00,8.531,8.535,8.51,8.51,18358.0
2026-07-15,2026-07-15 15:05:00,8.505,8.5288,8.5,8.525,15890.0
2026-07-15,2026-07-15 15:10:00,8.525,8.525,8.525,8.525,3842.0
2026-07-15,2026-07-15 15:15:00,8.53,8.54,8.53,8.5311,6519.0
2026-07-15,2026-07-15 15:20:00,8.5301,8.55,8.5301,8.55,9747.0
2026-07-15,2026-07-15 15:25:00,8.545,8.545,8.53,8.535,10998.0
2026-07-15,2026-07-15 15:30:00,8.535,8.54,8.535,8.54,6733.0
2026-07-15,2026-07-15 15:35:00,8.54,8.545,8.535,8.535,24872.0
2026-07-15,2026-07-15 15:40:00,8.53,8.54,8.52,8.535,19937.0
2026-07-15,2026-07-15 15:45:00,8.53,8.575,8.525,8.57,29288.0
2026-07-15,2026-07-15 15:50:00,8.575,8.58,8.545,8.5664,24506.0
2026-07-15,2026-07-15 15:55:00,8.565,8.605,8.56,8.605,39435.0
2026-07-15,2026-07-15 16:00:00,8.61,8.715,8.605,8.7,444701.0
2026-07-16,2026-07-16 09:35:00,8.7,8.72,8.68,8.69,24628.0
2026-07-16,2026-07-16 09:40:00,8.68,8.82,8.68,8.8,47631.0
2026-07-16,2026-07-16 09:45:00,8.79,8.85,8.74,8.74,60102.0
2026-07-16,2026-07-16 09:50:00,8.75,8.81,8.75,8.77,13433.0
2026-07-16,2026-07-16 09:55:00,8.7512,8.78,8.7512,8.78,12259.0
2026-07-16,2026-07-16 10:00:00,8.76,8.76,8.69,8.74,22663.0
2026-07-16,2026-07-16 10:05:00,8.74,8.79,8.74,8.75,12358.0
2026-07-16,2026-07-16 10:10:00,8.755,8.785,8.755,8.78,16468.0
2026-07-16,2026-07-16 10:15:00,8.785,8.835,8.785,8.835,12646.0
2026-07-16,2026-07-16 10:20:00,8.84,8.85,8.83,8.85,38557.0
2026-07-16,2026-07-16 10:25:00,8.85,8.865,8.845,8.855,10362.0
2026-07-16,2026-07-16 10:30:00,8.86,8.875,8.85,8.8695,16109.0
2026-07-16,2026-07-16 10:35:00,8.86,8.86,8.81,8.81,13893.0
2026-07-16,2026-07-16 10:40:00,8.8,8.8,8.77,8.77,14511.0
2026-07-16,2026-07-16 10:45:00,8.765,8.805,8.765,8.805,8322.0
2026-07-16,2026-07-16 10:50:00,8.805,8.81,8.79,8.805,14374.0
2026-07-16,2026-07-16 10:55:00,8.805,8.8115,8.79,8.79,8999.0
2026-07-16,2026-07-16 11:00:00,8.785,8.785,8.7713,8.7713,10583.0
2026-07-16,2026-07-16 11:05:00,8.77,8.77,8.7541,8.755,5313.0
2026-07-16,2026-07-16 11:10:00,8.7513,8.775,8.7513,8.7694,10694.0
2026-07-16,2026-07-16 11:15:00,8.77,8.785,8.765,8.785,6701.0
2026-07-16,2026-07-16 11:20:00,8.79,8.79,8.77,8.7701,11897.0
2026-07-16,2026-07-16 11:25:00,8.775,8.78,8.775,8.78,5974.0
2026-07-16,2026-07-16 11:30:00,8.78,8.79,8.775,8.775,5951.0
2026-07-16,2026-07-16 11:35:00,8.77,8.78,8.7612,8.775,7003.0
2026-07-16,2026-07-16 11:40:00,8.77,8.77,8.765,8.77,4381.0
2026-07-16,2026-07-16 11:45:00,8.77,8.77,8.765,8.765,2046.0
2026-07-16,2026-07-16 11:50:00,8.765,8.77,8.755,8.77,5422.0
2026-07-16,2026-07-16 11:55:00,8.775,8.775,8.77,8.77,2011.0
2026-07-16,2026-07-16 12:00:00,8.765,8.765,8.735,8.735,4885.0
2026-07-16,2026-07-16 12:05:00,8.735,8.74,8.7301,8.735,7124.0
2026-07-16,2026-07-16 12:10:00,8.735,8.755,8.73,8.755,5285.0
2026-07-16,2026-07-16 12:15:00,8.755,8.755,8.73,8.73,6479.0
2026-07-16,2026-07-16 12:20:00,8.735,8.765,8.735,8.765,7726.0
2026-07-16,2026-07-16 12:25:00,8.76,8.765,8.735,8.735,5590.0
2026-07-16,2026-07-16 12:30:00,8.735,8.735,8.715,8.725,8740.0
2026-07-16,2026-07-16 12:35:00,8.73,8.75,8.73,8.745,4613.0
2026-07-16,2026-07-16 12:40:00,8.75,8.755,8.745,8.745,6109.0
2026-07-16,2026-07-16 12:45:00,8.745,8.75,8.72,8.725,4729.0
2026-07-16,2026-07-16 12:50:00,8.72,8.725,8.705,8.72,16908.0
2026-07-16,2026-07-16 12:55:00,8.725,8.725,8.71,8.715,4703.0
2026-07-16,2026-07-16 13:00:00,8.72,8.725,8.715,8.725,4945.0
2026-07-16,2026-07-16 13:05:00,8.72,8.73,8.715,8.7201,3738.0
2026-07-16,2026-07-16 13:10:00,8.72,8.75,8.72,8.745,7874.0
2026-07-16,2026-07-16 13:15:00,8.745,8.745,8.725,8.725,3549.0
2026-07-16,2026-07-16 13:20:00,8.725,8.745,8.72,8.735,8110.0
2026-07-16,2026-07-16 13:25:00,8.735,8.745,8.73,8.745,4947.0
2026-07-16,2026-07-16 13:30:00,8.74,8.74,8.7313,8.74,5085.0
2026-07-16,2026-07-16 13:35:00,8.735,8.7385,8.705,8.725,12779.0
2026-07-16,2026-07-16 13:40:00,8.72,8.725,8.705,8.725,7833.0
2026-07-16,2026-07-16 13:45:00,8.725,8.73,8.72,8.7214,3392.0
2026-07-16,2026-07-16 13:50:00,8.725,8.745,8.715,8.745,7562.0
2026-07-16,2026-07-16 13:55:00,8.74,8.745,8.735,8.74,14491.0
2026-07-16,2026-07-16 14:00:00,8.735,8.735,8.725,8.725,4706.0
2026-07-16,2026-07-16 14:05:00,8.73,8.73,8.685,8.695,39265.0
2026-07-16,2026-07-16 14:10:00,8.69,8.71,8.69,8.695,12396.0
2026-07-16,2026-07-16 14:15:00,8.7,8.72,8.7,8.71,7403.0
2026-07-16,2026-07-16 14:20:00,8.715,8.73,8.705,8.7299,9994.0
2026-07-16,2026-07-16 14:25:00,8.73,8.74,8.73,8.735,5469.0
2026-07-16,2026-07-16 14:30:00,8.7399,8.76,8.735,8.75,9046.0
2026-07-16,2026-07-16 14:35:00,8.7512,8.755,8.745,8.755,7243.0
2026-07-16,2026-07-16 14:40:00,8.755,8.755,8.735,8.7387,9240.0
2026-07-16,2026-07-16 14:45:00,8.73,8.735,8.72,8.72,18094.0
2026-07-16,2026-07-16 14:50:00,8.72,8.725,8.685,8.6998,16320.0
2026-07-16,2026-07-16 14:55:00,8.7,8.715,8.695,8.705,40082.0
2026-07-16,2026-07-16 15:00:00,8.705,8.725,8.685,8.685,38661.0
2026-07-16,2026-07-16 15:05:00,8.685,8.7,8.67,8.7,15381.0
2026-07-16,2026-07-16 15:10:00,8.69,8.695,8.67,8.67,7275.0
2026-07-16,2026-07-16 15:15:00,8.675,8.675,8.662,8.6687,12459.0
2026-07-16,2026-07-16 15:20:00,8.665,8.675,8.665,8.675,5402.0
2026-07-16,2026-07-16 15:25:00,8.675,8.68,8.66,8.665,9851.0
2026-07-16,2026-07-16 15:30:00,8.665,8.67,8.665,8.665,4308.0
2026-07-16,2026-07-16 15:35:00,8.67,8.685,8.67,8.68,10154.0
2026-07-16,2026-07-16 15:40:00,8.681,8.7099,8.68,8.7099,14374.0
2026-07-16,2026-07-16 15:45:00,8.71,8.71,8.69,8.705,25495.0
2026-07-16,2026-07-16 15:50:00,8.705,8.705,8.68,8.681,29081.0
2026-07-16,2026-07-16 15:55:00,8.68,8.685,8.6501,8.675,39103.0
2026-07-16,2026-07-16 16:00:00,8.67,8.7,8.655,8.69,476771.0
2026-07-17,2026-07-17 09:35:00,8.61,8.685,8.49,8.68,70384.0
2026-07-17,2026-07-17 09:40:00,8.7,8.84,8.7,8.78,74735.0
2026-07-17,2026-07-17 09:45:00,8.784,8.8,8.75,8.75,45281.0
2026-07-17,2026-07-17 09:50:00,8.76,8.82,8.75,8.76,30001.0
2026-07-17,2026-07-17 09:55:00,8.7513,8.76,8.73,8.75,12261.0
2026-07-17,2026-07-17 10:00:00,8.75,8.77,8.75,8.77,4505.0
2026-07-17,2026-07-17 10:05:00,8.77,8.795,8.755,8.795,24389.0
2026-07-17,2026-07-17 10:10:00,8.795,8.885,8.795,8.87,55100.0
2026-07-17,2026-07-17 10:15:00,8.86,8.99,8.8514,8.99,82137.0
2026-07-17,2026-07-17 10:20:00,8.99,9.0,8.945,8.95,68912.0
2026-07-17,2026-07-17 10:25:00,8.9502,8.985,8.9502,8.975,17782.0
2026-07-17,2026-07-17 10:30:00,8.98,8.99,8.9312,8.935,41405.0
2026-07-17,2026-07-17 10:35:00,8.94,8.955,8.905,8.905,20594.0
2026-07-17,2026-07-17 10:40:00,8.91,8.93,8.91,8.91,14475.0
2026-07-17,2026-07-17 10:45:00,8.9104,8.9104,8.885,8.89,25102.0
2026-07-17,2026-07-17 10:50:00,8.88,8.9,8.865,8.875,14519.0
2026-07-17,2026-07-17 10:55:00,8.875,8.88,8.86,8.88,14429.0
2026-07-17,2026-07-17 11:00:00,8.89,8.905,8.89,8.905,16825.0
2026-07-17,2026-07-17 11:05:00,8.91,8.91,8.895,8.9,15622.0
2026-07-17,2026-07-17 11:10:00,8.895,8.905,8.895,8.8977,11531.0
2026-07-17,2026-07-17 11:15:00,8.9,8.9,8.86,8.87,20386.0
2026-07-17,2026-07-17 11:20:00,8.87,8.882,8.865,8.875,10191.0
2026-07-17,2026-07-17 11:25:00,8.87,8.8737,8.82,8.835,28821.0
2026-07-17,2026-07-17 11:30:00,8.835,8.85,8.835,8.85,5897.0
2026-07-17,2026-07-17 11:35:00,8.845,8.845,8.832,8.832,13109.0
2026-07-17,2026-07-17 11:40:00,8.83,8.855,8.815,8.845,53894.0
2026-07-17,2026-07-17 11:45:00,8.855,8.8586,8.825,8.84,12656.0
2026-07-17,2026-07-17 11:50:00,8.84,8.845,8.8305,8.8305,5240.0
2026-07-17,2026-07-17 11:55:00,8.84,8.85,8.835,8.85,2479.0
2026-07-17,2026-07-17 12:00:00,8.85,8.865,8.85,8.86,6089.0
2026-07-17,2026-07-17 12:05:00,8.865,8.865,8.84,8.845,9358.0
2026-07-17,2026-07-17 12:10:00,8.845,8.86,8.845,8.86,3415.0
2026-07-17,2026-07-17 12:15:00,8.86,8.86,8.845,8.845,7437.0
2026-07-17,2026-07-17 12:20:00,8.85,8.85,8.835,8.845,8036.0
2026-07-17,2026-07-17 12:25:00,8.845,8.845,8.835,8.835,3902.0
2026-07-17,2026-07-17 12:30:00,8.83,8.84,8.825,8.84,6116.0
2026-07-17,2026-07-17 12:35:00,8.845,8.85,8.84,8.84,6337.0
2026-07-17,2026-07-17 12:40:00,8.84,8.845,8.82,8.82,20735.0
2026-07-17,2026-07-17 12:45:00,8.8201,8.83,8.815,8.83,9199.0
2026-07-17,2026-07-17 12:50:00,8.825,8.83,8.81,8.8187,11477.0
2026-07-17,2026-07-17 12:55:00,8.825,8.825,8.82,8.825,3353.0
2026-07-17,2026-07-17 13:00:00,8.8286,8.83,8.825,8.83,1747.0
2026-07-17,2026-07-17 13:05:00,8.825,8.835,8.825,8.825,4504.0
2026-07-17,2026-07-17 13:10:00,8.83,8.8489,8.83,8.84,10762.0
2026-07-17,2026-07-17 13:15:00,8.84,8.84,8.83,8.835,5603.0
2026-07-17,2026-07-17 13:20:00,8.84,8.855,8.835,8.8401,11482.0
2026-07-17,2026-07-17 13:25:00,8.8401,8.861,8.8401,8.85,8146.0
2026-07-17,2026-07-17 13:30:00,8.855,8.855,8.845,8.855,4670.0
2026-07-17,2026-07-17 13:35:00,8.855,8.855,8.8401,8.845,3156.0
2026-07-17,2026-07-17 13:40:00,8.845,8.855,8.84,8.84,6208.0
2026-07-17,2026-07-17 13:45:00,8.85,8.85,8.845,8.845,1514.0
2026-07-17,2026-07-17 13:50:00,8.84,8.855,8.84,8.845,5896.0
2026-07-17,2026-07-17 13:55:00,8.845,8.845,8.835,8.835,2887.0
2026-07-17,2026-07-17 14:00:00,8.84,8.84,8.83,8.8301,8535.0
2026-07-17,2026-07-17 14:05:00,8.84,8.845,8.8,8.8,23426.0
2026-07-17,2026-07-17 14:10:00,8.79,8.8,8.785,8.8,3426.0
2026-07-17,2026-07-17 14:15:00,8.795,8.795,8.785,8.785,5925.0
2026-07-17,2026-07-17 14:20:00,8.785,8.79,8.775,8.785,4504.0
2026-07-17,2026-07-17 14:25:00,8.785,8.7913,8.775,8.785,9779.0
2026-07-17,2026-07-17 14:30:00,8.785,8.785,8.755,8.755,7314.0
2026-07-17,2026-07-17 14:35:00,8.755,8.76,8.75,8.76,10652.0
2026-07-17,2026-07-17 14:40:00,8.76,8.77,8.745,8.76,13768.0
2026-07-17,2026-07-17 14:45:00,8.755,8.755,8.745,8.745,3023.0
2026-07-17,2026-07-17 14:50:00,8.745,8.77,8.745,8.7686,10232.0
2026-07-17,2026-07-17 14:55:00,8.76,8.76,8.7511,8.76,7279.0
2026-07-17,2026-07-17 15:00:00,8.765,8.77,8.76,8.77,3577.0
2026-07-17,2026-07-17 15:05:00,8.76,8.78,8.76,8.78,13317.0
2026-07-17,2026-07-17 15:10:00,8.78,8.78,8.755,8.765,22419.0
2026-07-17,2026-07-17 15:15:00,8.77,8.78,8.765,8.77,7557.0
2026-07-17,2026-07-17 15:20:00,8.77,8.78,8.765,8.775,6330.0
2026-07-17,2026-07-17 15:25:00,8.775,8.7988,8.775,8.795,8802.0
2026-07-17,2026-07-17 15:30:00,8.795,8.8,8.785,8.795,16689.0
2026-07-17,2026-07-17 15:35:00,8.8,8.8,8.79,8.79,6606.0
2026-07-17,2026-07-17 15:40:00,8.795,8.8,8.785,8.795,16801.0
2026-07-17,2026-07-17 15:45:00,8.792,8.81,8.79,8.805,14344.0
2026-07-17,2026-07-17 15:50:00,8.81,8.82,8.805,8.805,14358.0
2026-07-17,2026-07-17 15:55:00,8.8,8.8025,8.78,8.78,36291.0
2026-07-17,2026-07-17 16:00:00,8.785,8.81,8.785,8.8,293456.0
2026-07-20,2026-07-20 09:35:00,8.8,8.9,8.8,8.83,29518.0
2026-07-20,2026-07-20 09:40:00,8.83,8.86,8.83,8.83,9708.0
2026-07-20,2026-07-20 09:45:00,8.85,8.9,8.82,8.82,19609.0
2026-07-20,2026-07-20 09:50:00,8.82,8.8495,8.82,8.82,10740.0
2026-07-20,2026-07-20 09:55:00,8.825,8.835,8.77,8.785,35843.0
2026-07-20,2026-07-20 10:00:00,8.785,8.805,8.785,8.8,8354.0
2026-07-20,2026-07-20 10:05:00,8.8,8.83,8.77,8.77,17594.0
2026-07-20,2026-07-20 10:10:00,8.76,8.795,8.76,8.785,41446.0
2026-07-20,2026-07-20 10:15:00,8.785,8.8,8.78,8.8,7718.0
2026-07-20,2026-07-20 10:20:00,8.795,8.8,8.785,8.785,4485.0
2026-07-20,2026-07-20 10:25:00,8.785,8.789,8.78,8.789,3486.0
2026-07-20,2026-07-20 10:30:00,8.785,8.7899,8.77,8.78,6400.0
2026-07-20,2026-07-20 10:35:00,8.7854,8.79,8.76,8.76,12069.0
2026-07-20,2026-07-20 10:40:00,8.76,8.785,8.76,8.775,9581.0
2026-07-20,2026-07-20 10:45:00,8.775,8.775,8.74,8.74,7152.0
2026-07-20,2026-07-20 10:50:00,8.75,8.755,8.71,8.71,13348.0
2026-07-20,2026-07-20 10:55:00,8.715,8.725,8.7,8.705,9956.0
2026-07-20,2026-07-20 11:00:00,8.7,8.705,8.665,8.665,10846.0
2026-07-20,2026-07-20 11:05:00,8.67,8.6887,8.665,8.685,11533.0
2026-07-20,2026-07-20 11:10:00,8.685,8.715,8.675,8.71,20302.0
2026-07-20,2026-07-20 11:15:00,8.705,8.74,8.7,8.7214,30943.0
2026-07-20,2026-07-20 11:20:00,8.725,8.75,8.725,8.745,8065.0
2026-07-20,2026-07-20 11:25:00,8.7413,8.745,8.735,8.745,6769.0
2026-07-20,2026-07-20 11:30:00,8.745,8.7487,8.74,8.7446,5690.0
2026-07-20,2026-07-20 11:35:00,8.745,8.75,8.73,8.745,7431.0
2026-07-20,2026-07-20 11:40:00,8.74,8.74,8.71,8.715,8405.0
2026-07-20,2026-07-20 11:45:00,8.715,8.715,8.71,8.71,7208.0
2026-07-20,2026-07-20 11:50:00,8.71,8.71,8.695,8.7,6647.0
2026-07-20,2026-07-20 11:55:00,8.7,8.7072,8.695,8.705,5053.0
2026-07-20,2026-07-20 12:00:00,8.71,8.71,8.685,8.69,5804.0
2026-07-20,2026-07-20 12:05:00,8.695,8.71,8.695,8.71,2194.0
2026-07-20,2026-07-20 12:10:00,8.705,8.72,8.705,8.72,1908.0
2026-07-20,2026-07-20 12:15:00,8.72,8.73,8.72,8.73,3317.0
2026-07-20,2026-07-20 12:20:00,8.73,8.73,8.7201,8.7201,6629.0
2026-07-20,2026-07-20 12:25:00,8.73,8.735,8.73,8.735,1554.0
2026-07-20,2026-07-20 12:30:00,8.73,8.73,8.715,8.715,5417.0
2026-07-20,2026-07-20 12:35:00,8.71,8.72,8.71,8.71,3810.0
2026-07-20,2026-07-20 12:40:00,8.705,8.707,8.705,8.705,6920.0
2026-07-20,2026-07-20 12:45:00,8.7,8.7011,8.68,8.695,11987.0
2026-07-20,2026-07-20 12:50:00,8.695,8.705,8.685,8.705,7832.0
2026-07-20,2026-07-20 12:55:00,8.7,8.72,8.69,8.71,5824.0
2026-07-20,2026-07-20 13:00:00,8.71,8.72,8.705,8.7102,6824.0
2026-07-20,2026-07-20 13:05:00,8.715,8.715,8.71,8.71,2338.0
2026-07-20,2026-07-20 13:10:00,8.7,8.71,8.7,8.705,1385.0
2026-07-20,2026-07-20 13:15:00,8.705,8.71,8.685,8.685,9354.0
2026-07-20,2026-07-20 13:20:00,8.685,8.685,8.685,8.685,2459.0
2026-07-20,2026-07-20 13:25:00,8.69,8.695,8.69,8.69,5976.0
2026-07-20,2026-07-20 13:30:00,8.69,8.69,8.685,8.69,2142.0
2026-07-20,2026-07-20 13:35:00,8.69,8.69,8.67,8.6797,5166.0
2026-07-20,2026-07-20 13:40:00,8.67,8.67,8.66,8.665,3304.0
2026-07-20,2026-07-20 13:45:00,8.665,8.67,8.665,8.67,2045.0
2026-07-20,2026-07-20 13:50:00,8.67,8.68,8.67,8.67,10769.0
2026-07-20,2026-07-20 13:55:00,8.675,8.685,8.675,8.675,9285.0
2026-07-20,2026-07-20 14:00:00,8.675,8.68,8.67,8.68,2208.0
2026-07-20,2026-07-20 14:05:00,8.68,8.71,8.68,8.71,7149.0
2026-07-20,2026-07-20 14:10:00,8.71,8.7111,8.705,8.7111,6705.0
2026-07-20,2026-07-20 14:15:00,8.71,8.7186,8.71,8.71,4683.0
2026-07-20,2026-07-20 14:20:00,8.705,8.7099,8.695,8.7,7204.0
2026-07-20,2026-07-20 14:25:00,8.695,8.695,8.685,8.685,4853.0
2026-07-20,2026-07-20 14:30:00,8.685,8.695,8.685,8.695,3318.0
2026-07-20,2026-07-20 14:35:00,8.69,8.695,8.69,8.69,6166.0
2026-07-20,2026-07-20 14:40:00,8.695,8.695,8.68,8.68,6221.0
2026-07-20,2026-07-20 14:45:00,8.68,8.6877,8.68,8.685,2553.0
2026-07-20,2026-07-20 14:50:00,8.69,8.7,8.69,8.695,6594.0
2026-07-20,2026-07-20 14:55:00,8.695,8.72,8.69,8.72,4068.0
2026-07-20,2026-07-20 15:00:00,8.72,8.72,8.715,8.715,3425.0
2026-07-20,2026-07-20 15:05:00,8.715,8.73,8.7147,8.7188,12465.0
2026-07-20,2026-07-20 15:10:00,8.72,8.72,8.715,8.715,2736.0
2026-07-20,2026-07-20 15:15:00,8.72,8.72,8.69,8.69,9279.0
2026-07-20,2026-07-20 15:20:00,8.685,8.69,8.675,8.685,12245.0
2026-07-20,2026-07-20 15:25:00,8.69,8.69,8.665,8.67,12369.0
2026-07-20,2026-07-20 15:30:00,8.675,8.675,8.66,8.665,9959.0
2026-07-20,2026-07-20 15:35:00,8.67,8.68,8.665,8.67,11312.0
2026-07-20,2026-07-20 15:40:00,8.665,8.665,8.6312,8.635,16428.0
2026-07-20,2026-07-20 15:45:00,8.63,8.63,8.61,8.625,14115.0
2026-07-20,2026-07-20 15:50:00,8.625,8.63,8.61,8.615,13970.0
2026-07-20,2026-07-20 15:55:00,8.62,8.63,8.605,8.62,32963.0
2026-07-20,2026-07-20 16:00:00,8.62,8.62,8.59,8.6,271168.0
2026-07-21,2026-07-21 09:35:00,8.6,8.69,8.6,8.65,30029.0
2026-07-21,2026-07-21 09:40:00,8.66,8.68,8.65,8.67,5251.0
2026-07-21,2026-07-21 09:45:00,8.665,8.6799,8.63,8.63,6439.0
2026-07-21,2026-07-21 09:50:00,8.63,8.695,8.63,8.66,37144.0
2026-07-21,2026-07-21 09:55:00,8.67,8.675,8.655,8.665,8854.0
2026-07-21,2026-07-21 10:00:00,8.66,8.68,8.655,8.67,8703.0
2026-07-21,2026-07-21 10:05:00,8.675,8.72,8.645,8.72,10097.0
2026-07-21,2026-07-21 10:10:00,8.73,8.742,8.71,8.7287,9575.0
2026-07-21,2026-07-21 10:15:00,8.73,8.77,8.73,8.765,9557.0
2026-07-21,2026-07-21 10:20:00,8.765,8.775,8.76,8.77,22177.0
2026-07-21,2026-07-21 10:25:00,8.78,8.805,8.77,8.8,15793.0
2026-07-21,2026-07-21 10:30:00,8.8,8.8079,8.77,8.77,7768.0
2026-07-21,2026-07-21 10:35:00,8.775,8.805,8.775,8.805,20425.0
2026-07-21,2026-07-21 10:40:00,8.81,8.81,8.765,8.77,15629.0
2026-07-21,2026-07-21 10:45:00,8.76,8.77,8.735,8.77,26390.0
2026-07-21,2026-07-21 10:50:00,8.7646,8.765,8.75,8.76,10539.0
2026-07-21,2026-07-21 10:55:00,8.755,8.755,8.725,8.73,9348.0
2026-07-21,2026-07-21 11:00:00,8.73,8.75,8.73,8.75,3246.0
2026-07-21,2026-07-21 11:05:00,8.75,8.75,8.72,8.725,6867.0
2026-07-21,2026-07-21 11:10:00,8.72,8.725,8.705,8.725,6908.0
2026-07-21,2026-07-21 11:15:00,8.725,8.725,8.701,8.705,10036.0
2026-07-21,2026-07-21 11:20:00,8.71,8.715,8.705,8.715,3725.0
2026-07-21,2026-07-21 11:25:00,8.71,8.715,8.71,8.71,2717.0
2026-07-21,2026-07-21 11:30:00,8.71,8.74,8.71,8.7349,14388.0
2026-07-21,2026-07-21 11:35:00,8.74,8.765,8.74,8.75,8317.0
2026-07-21,2026-07-21 11:40:00,8.755,8.755,8.74,8.745,6479.0
2026-07-21,2026-07-21 11:45:00,8.745,8.76,8.735,8.735,19066.0
2026-07-21,2026-07-21 11:50:00,8.735,8.74,8.7212,8.74,7349.0
2026-07-21,2026-07-21 11:55:00,8.74,8.745,8.74,8.745,2224.0
2026-07-21,2026-07-21 12:00:00,8.74,8.745,8.73,8.735,4251.0
2026-07-21,2026-07-21 12:05:00,8.73,8.75,8.73,8.75,3304.0
2026-07-21,2026-07-21 12:10:00,8.76,8.7699,8.76,8.765,3783.0
2026-07-21,2026-07-21 12:15:00,8.7608,8.81,8.7602,8.8046,24395.0
2026-07-21,2026-07-21 12:20:00,8.805,8.8298,8.805,8.8201,32049.0
2026-07-21,2026-07-21 12:25:00,8.82,8.825,8.81,8.81,4654.0
2026-07-21,2026-07-21 12:30:00,8.81,8.81,8.805,8.81,3496.0
2026-07-21,2026-07-21 12:35:00,8.815,8.815,8.7901,8.795,6529.0
2026-07-21,2026-07-21 12:40:00,8.795,8.795,8.7813,8.7813,5320.0
2026-07-21,2026-07-21 12:45:00,8.7801,8.79,8.78,8.79,3527.0
2026-07-21,2026-07-21 12:50:00,8.785,8.79,8.785,8.785,1819.0
2026-07-21,2026-07-21 12:55:00,8.79,8.8,8.79,8.8,7324.0
2026-07-21,2026-07-21 13:00:00,8.8,8.81,8.8,8.805,3393.0
2026-07-21,2026-07-21 13:05:00,8.81,8.825,8.805,8.822,7962.0
2026-07-21,2026-07-21 13:10:00,8.825,8.83,8.82,8.82,3791.0
2026-07-21,2026-07-21 13:15:00,8.825,8.825,8.82,8.825,4877.0
2026-07-21,2026-07-21 13:20:00,8.82,8.82,8.805,8.805,10953.0
2026-07-21,2026-07-21 13:25:00,8.8003,8.8003,8.7919,8.795,4746.0
2026-07-21,2026-07-21 13:30:00,8.7919,8.7919,8.79,8.79,2270.0
2026-07-21,2026-07-21 13:35:00,8.79,8.7925,8.7817,8.7817,5164.0
2026-07-21,2026-07-21 13:40:00,8.785,8.79,8.78,8.79,2971.0
2026-07-21,2026-07-21 13:45:00,8.79,8.795,8.78,8.795,9110.0
2026-07-21,2026-07-21 13:50:00,8.7901,8.795,8.775,8.78,9421.0
2026-07-21,2026-07-21 13:55:00,8.775,8.785,8.775,8.785,3160.0
2026-07-21,2026-07-21 14:00:00,8.79,8.8,8.785,8.785,11938.0
2026-07-21,2026-07-21 14:05:00,8.79,8.79,8.79,8.79,2970.0
2026-07-21,2026-07-21 14:10:00,8.79,8.8,8.79,8.8,2677.0
2026-07-21,2026-07-21 14:15:00,8.7904,8.8,8.79,8.79,9254.0
2026-07-21,2026-07-21 14:20:00,8.79,8.795,8.78,8.785,4960.0
2026-07-21,2026-07-21 14:25:00,8.785,8.785,8.78,8.785,1869.0
2026-07-21,2026-07-21 14:30:00,8.785,8.785,8.785,8.785,1872.0
2026-07-21,2026-07-21 14:35:00,8.78,8.78,8.72,8.725,39187.0
2026-07-21,2026-07-21 14:40:00,8.73,8.735,8.725,8.73,7560.0
2026-07-21,2026-07-21 14:45:00,8.73,8.745,8.73,8.745,5227.0
2026-07-21,2026-07-21 14:50:00,8.745,8.76,8.7436,8.755,6742.0
2026-07-21,2026-07-21 14:55:00,8.76,8.775,8.76,8.775,19316.0
2026-07-21,2026-07-21 15:00:00,8.775,8.785,8.77,8.785,4760.0
2026-07-21,2026-07-21 15:05:00,8.785,8.785,8.78,8.785,4262.0
2026-07-21,2026-07-21 15:10:00,8.785,8.785,8.775,8.775,6355.0
2026-07-21,2026-07-21 15:15:00,8.775,8.775,8.77,8.77,2479.0
2026-07-21,2026-07-21 15:20:00,8.775,8.775,8.765,8.77,11303.0
2026-07-21,2026-07-21 15:25:00,8.77,8.77,8.76,8.76,8443.0
2026-07-21,2026-07-21 15:30:00,8.76,8.775,8.76,8.775,8693.0
2026-07-21,2026-07-21 15:35:00,8.775,8.785,8.77,8.775,13286.0
2026-07-21,2026-07-21 15:40:00,8.775,8.785,8.77,8.775,11002.0
2026-07-21,2026-07-21 15:45:00,8.77,8.77,8.735,8.755,61319.0
2026-07-21,2026-07-21 15:50:00,8.7522,8.78,8.745,8.775,37186.0
2026-07-21,2026-07-21 15:55:00,8.78,8.79,8.77,8.77,54008.0
2026-07-21,2026-07-21 16:00:00,8.78,8.815,8.76,8.78,309500.0
2026-07-22,2026-07-22 09:35:00,8.75,8.76,8.62,8.7,85826.0
2026-07-22,2026-07-22 09:40:00,8.7,8.76,8.62,8.62,23573.0
2026-07-22,2026-07-22 09:45:00,8.62,8.6299,8.6,8.605,16496.0
2026-07-22,2026-07-22 09:50:00,8.61,8.61,8.505,8.57,189111.0
2026-07-22,2026-07-22 09:55:00,8.56,8.57,8.49,8.526,27268.0
2026-07-22,2026-07-22 10:00:00,8.525,8.54,8.5,8.5099,20286.0
2026-07-22,2026-07-22 10:05:00,8.5099,8.52,8.4,8.44,83733.0
2026-07-22,2026-07-22 10:10:00,8.43,8.465,8.42,8.435,33877.0
2026-07-22,2026-07-22 10:15:00,8.44,8.48,8.44,8.45,10107.0
2026-07-22,2026-07-22 10:20:00,8.45,8.465,8.42,8.465,28731.0
2026-07-22,2026-07-22 10:25:00,8.47,8.47,8.42,8.42,14555.0
2026-07-22,2026-07-22 10:30:00,8.42,8.4287,8.39,8.39,8524.0
2026-07-22,2026-07-22 10:35:00,8.39,8.4001,8.385,8.395,11491.0
2026-07-22,2026-07-22 10:40:00,8.3901,8.45,8.39,8.45,11716.0
2026-07-22,2026-07-22 10:45:00,8.44,8.465,8.435,8.455,12779.0
2026-07-22,2026-07-22 10:50:00,8.455,8.48,8.435,8.435,13159.0
2026-07-22,2026-07-22 10:55:00,8.43,8.435,8.41,8.415,15700.0
2026-07-22,2026-07-22 11:00:00,8.415,8.465,8.415,8.445,14719.0
2026-07-22,2026-07-22 11:05:00,8.45,8.48,8.445,8.475,12090.0
2026-07-22,2026-07-22 11:10:00,8.47,8.475,8.445,8.47,7515.0
2026-07-22,2026-07-22 11:15:00,8.47,8.49,8.4656,8.48,8079.0
2026-07-22,2026-07-22 11:20:00,8.475,8.495,8.475,8.49,13639.0
2026-07-22,2026-07-22 11:25:00,8.495,8.5,8.475,8.485,10235.0
2026-07-22,2026-07-22 11:30:00,8.49,8.525,8.49,8.51,28622.0
2026-07-22,2026-07-22 11:35:00,8.505,8.515,8.5,8.51,9031.0
2026-07-22,2026-07-22 11:40:00,8.52,8.5293,8.51,8.515,10706.0
2026-07-22,2026-07-22 11:45:00,8.52,8.535,8.52,8.525,11385.0
2026-07-22,2026-07-22 11:50:00,8.52,8.525,8.51,8.52,14800.0
2026-07-22,2026-07-22 11:55:00,8.5201,8.525,8.505,8.515,11877.0
2026-07-22,2026-07-22 12:00:00,8.52,8.53,8.515,8.525,4457.0
2026-07-22,2026-07-22 12:05:00,8.525,8.575,8.52,8.575,25872.0
2026-07-22,2026-07-22 12:10:00,8.5713,8.585,8.57,8.585,5327.0
2026-07-22,2026-07-22 12:15:00,8.59,8.595,8.56,8.56,9895.0
2026-07-22,2026-07-22 12:20:00,8.565,8.565,8.54,8.565,17296.0
2026-07-22,2026-07-22 12:25:00,8.565,8.57,8.565,8.57,4913.0
2026-07-22,2026-07-22 12:30:00,8.57,8.57,8.565,8.5698,4531.0
2026-07-22,2026-07-22 12:35:00,8.57,8.575,8.555,8.555,12924.0
2026-07-22,2026-07-22 12:40:00,8.555,8.58,8.555,8.5713,8267.0
2026-07-22,2026-07-22 12:45:00,8.575,8.58,8.565,8.565,11693.0
2026-07-22,2026-07-22 12:50:00,8.565,8.565,8.54,8.545,6828.0
2026-07-22,2026-07-22 12:55:00,8.545,8.545,8.53,8.535,25286.0
2026-07-22,2026-07-22 13:00:00,8.53,8.535,8.51,8.51,9427.0
2026-07-22,2026-07-22 13:05:00,8.505,8.505,8.48,8.49,12220.0
2026-07-22,2026-07-22 13:10:00,8.495,8.51,8.495,8.505,8344.0
2026-07-22,2026-07-22 13:15:00,8.5012,8.51,8.5,8.51,5449.0
2026-07-22,2026-07-22 13:20:00,8.51,8.52,8.5,8.52,4122.0
2026-07-22,2026-07-22 13:25:00,8.515,8.52,8.51,8.515,7649.0
2026-07-22,2026-07-22 13:30:00,8.52,8.52,8.515,8.515,2217.0
2026-07-22,2026-07-22 13:35:00,8.52,8.54,8.52,8.535,10054.0
2026-07-22,2026-07-22 13:40:00,8.535,8.535,8.515,8.525,14585.0
2026-07-22,2026-07-22 13:45:00,8.525,8.5301,8.52,8.525,12021.0
2026-07-22,2026-07-22 13:50:00,8.52,8.525,8.45,8.455,61172.0
2026-07-22,2026-07-22 13:55:00,8.455,8.47,8.455,8.455,8649.0
2026-07-22,2026-07-22 14:00:00,8.455,8.455,8.415,8.435,17592.0
2026-07-22,2026-07-22 14:05:00,8.44,8.44,8.39,8.3919,48737.0
2026-07-22,2026-07-22 14:10:00,8.395,8.415,8.39,8.41,9979.0
2026-07-22,2026-07-22 14:15:00,8.41,8.41,8.385,8.395,28785.0
2026-07-22,2026-07-22 14:20:00,8.395,8.42,8.395,8.415,7697.0
2026-07-22,2026-07-22 14:25:00,8.415,8.415,8.405,8.405,7285.0
2026-07-22,2026-07-22 14:30:00,8.405,8.405,8.385,8.399,8429.0
2026-07-22,2026-07-22 14:35:00,8.395,8.395,8.37,8.38,16322.0
2026-07-22,2026-07-22 14:40:00,8.3801,8.41,8.3801,8.41,10715.0
2026-07-22,2026-07-22 14:45:00,8.4,8.405,8.395,8.4,8386.0
2026-07-22,2026-07-22 14:50:00,8.4,8.41,8.4,8.41,12576.0
2026-07-22,2026-07-22 14:55:00,8.405,8.405,8.385,8.4,20099.0
2026-07-22,2026-07-22 15:00:00,8.4,8.4,8.3701,8.3701,19578.0
2026-07-22,2026-07-22 15:05:00,8.375,8.375,8.29,8.335,69587.0
2026-07-22,2026-07-22 15:10:00,8.33,8.355,8.3299,8.335,24093.0
2026-07-22,2026-07-22 15:15:00,8.338,8.375,8.338,8.345,34817.0
2026-07-22,2026-07-22 15:20:00,8.345,8.345,8.325,8.335,18476.0
2026-07-22,2026-07-22 15:25:00,8.335,8.36,8.33,8.355,22081.0
2026-07-22,2026-07-22 15:30:00,8.36,8.37,8.355,8.365,13076.0
2026-07-22,2026-07-22 15:35:00,8.365,8.375,8.35,8.365,38411.0
2026-07-22,2026-07-22 15:40:00,8.36,8.375,8.355,8.365,29835.0
2026-07-22,2026-07-22 15:45:00,8.3613,8.38,8.35,8.365,26579.0
2026-07-22,2026-07-22 15:50:00,8.365,8.37,8.355,8.36,26533.0
2026-07-22,2026-07-22 15:55:00,8.365,8.365,8.34,8.365,47471.0
2026-07-22,2026-07-22 16:00:00,8.3613,8.405,8.36,8.38,334633.0
2026-07-23,2026-07-23 09:35:00,8.29,8.3,8.2,8.28,37748.0
2026-07-23,2026-07-23 09:40:00,8.3,8.33,8.29,8.31,12526.0
2026-07-23,2026-07-23 09:45:00,8.3,8.31,8.16,8.24,53663.0
2026-07-23,2026-07-23 09:50:00,8.25,8.26,8.18,8.18,23517.0
2026-07-23,2026-07-23 09:55:00,8.18,8.2,8.1425,8.165,13938.0
2026-07-23,2026-07-23 10:00:00,8.18,8.24,8.18,8.24,23496.0
2026-07-23,2026-07-23 10:05:00,8.23,8.25,8.225,8.235,24889.0
2026-07-23,2026-07-23 10:10:00,8.23,8.255,8.205,8.2413,47174.0
2026-07-23,2026-07-23 10:15:00,8.25,8.29,8.245,8.25,14174.0
2026-07-23,2026-07-23 10:20:00,8.25,8.255,8.22,8.24,11611.0
2026-07-23,2026-07-23 10:25:00,8.25,8.255,8.215,8.2215,19623.0
2026-07-23,2026-07-23 10:30:00,8.23,8.24,8.225,8.24,8974.0
2026-07-23,2026-07-23 10:35:00,8.24,8.25,8.225,8.225,7909.0
2026-07-23,2026-07-23 10:40:00,8.225,8.265,8.19,8.255,41111.0
2026-07-23,2026-07-23 10:45:00,8.26,8.285,8.26,8.2818,5418.0
2026-07-23,2026-07-23 10:50:00,8.29,8.32,8.28,8.295,52800.0
2026-07-23,2026-07-23 10:55:00,8.295,8.3201,8.295,8.3201,10845.0
2026-07-23,2026-07-23 11:00:00,8.33,8.345,8.33,8.345,17466.0
2026-07-23,2026-07-23 11:05:00,8.345,8.346,8.32,8.325,5067.0
2026-07-23,2026-07-23 11:10:00,8.3205,8.365,8.32,8.355,16667.0
2026-07-23,2026-07-23 11:15:00,8.35,8.355,8.325,8.355,9835.0
2026-07-23,2026-07-23 11:20:00,8.36,8.36,8.33,8.33,20901.0
2026-07-23,2026-07-23 11:25:00,8.33,8.34,8.305,8.335,9260.0
2026-07-23,2026-07-23 11:30:00,8.335,8.34,8.325,8.34,6235.0
2026-07-23,2026-07-23 11:35:00,8.345,8.345,8.325,8.33,3958.0
2026-07-23,2026-07-23 11:40:00,8.34,8.365,8.335,8.365,7083.0
2026-07-23,2026-07-23 11:45:00,8.37,8.38,8.28,8.34,601190.0
2026-07-23,2026-07-23 11:50:00,8.335,8.36,8.33,8.35,20321.0
2026-07-23,2026-07-23 11:55:00,8.35,8.37,8.345,8.3489,16092.0
2026-07-23,2026-07-23 12:00:00,8.35,8.355,8.342,8.345,14968.0
2026-07-23,2026-07-23 12:05:00,8.345,8.35,8.34,8.34,4594.0
2026-07-23,2026-07-23 12:10:00,8.33,8.335,8.315,8.335,37924.0
2026-07-23,2026-07-23 12:15:00,8.335,8.345,8.335,8.345,15478.0
2026-07-23,2026-07-23 12:20:00,8.35,8.355,8.33,8.335,11852.0
2026-07-23,2026-07-23 12:25:00,8.335,8.35,8.32,8.35,21092.0
2026-07-23,2026-07-23 12:30:00,8.35,8.35,8.33,8.335,10861.0
2026-07-23,2026-07-23 12:35:00,8.335,8.335,8.295,8.325,25937.0
2026-07-23,2026-07-23 12:40:00,8.325,8.33,8.31,8.32,5901.0
2026-07-23,2026-07-23 12:45:00,8.33,8.335,8.325,8.33,5861.0
2026-07-23,2026-07-23 12:50:00,8.33,8.33,8.3,8.325,29814.0
2026-07-23,2026-07-23 12:55:00,8.32,8.34,8.32,8.34,5084.0
2026-07-23,2026-07-23 13:00:00,8.335,8.35,8.335,8.345,11180.0
2026-07-23,2026-07-23 13:05:00,8.355,8.355,8.315,8.325,10030.0
2026-07-23,2026-07-23 13:10:00,8.325,8.345,8.3214,8.3399,5173.0
2026-07-23,2026-07-23 13:15:00,8.34,8.345,8.335,8.34,6185.0
2026-07-23,2026-07-23 13:20:00,8.345,8.365,8.345,8.36,10272.0
2026-07-23,2026-07-23 13:25:00,8.365,8.375,8.365,8.375,7507.0
2026-07-23,2026-07-23 13:30:00,8.375,8.4,8.375,8.395,11773.0
2026-07-23,2026-07-23 13:35:00,8.395,8.3989,8.385,8.385,10483.0
2026-07-23,2026-07-23 13:40:00,8.39,8.395,8.385,8.395,3536.0
2026-07-23,2026-07-23 13:45:00,8.39,8.39,8.38,8.38,4872.0
2026-07-23,2026-07-23 13:50:00,8.385,8.395,8.3803,8.39,14365.0
2026-07-23,2026-07-23 13:55:00,8.385,8.39,8.385,8.3897,4493.0
2026-07-23,2026-07-23 14:00:00,8.39,8.39,8.3601,8.37,10552.0
2026-07-23,2026-07-23 14:05:00,8.37,8.375,8.36,8.365,11227.0
2026-07-23,2026-07-23 14:10:00,8.365,8.3689,8.36,8.36,5110.0
2026-07-23,2026-07-23 14:15:00,8.36,8.36,8.35,8.355,6214.0
2026-07-23,2026-07-23 14:20:00,8.35,8.36,8.35,8.355,5121.0
2026-07-23,2026-07-23 14:25:00,8.355,8.365,8.355,8.365,7935.0
2026-07-23,2026-07-23 14:30:00,8.365,8.37,8.355,8.37,11212.0
2026-07-23,2026-07-23 14:35:00,8.3636,8.3636,8.355,8.355,8466.0
2026-07-23,2026-07-23 14:40:00,8.355,8.355,8.35,8.35,7266.0
2026-07-23,2026-07-23 14:45:00,8.355,8.37,8.33,8.36,25283.0
2026-07-23,2026-07-23 14:50:00,8.3612,8.365,8.34,8.34,10927.0
2026-07-23,2026-07-23 14:55:00,8.33,8.34,8.33,8.33,15650.0
2026-07-23,2026-07-23 15:00:00,8.335,8.335,8.325,8.325,10916.0
2026-07-23,2026-07-23 15:05:00,8.325,8.33,8.32,8.325,7304.0
2026-07-23,2026-07-23 15:10:00,8.325,8.33,8.31,8.325,18593.0
2026-07-23,2026-07-23 15:15:00,8.325,8.325,8.315,8.325,9394.0
2026-07-23,2026-07-23 15:20:00,8.325,8.36,8.325,8.355,13869.0
2026-07-23,2026-07-23 15:25:00,8.35,8.36,8.34,8.345,8296.0
2026-07-23,2026-07-23 15:30:00,8.345,8.35,8.34,8.35,9721.0
2026-07-23,2026-07-23 15:35:00,8.35,8.365,8.34,8.365,21563.0
2026-07-23,2026-07-23 15:40:00,8.37,8.39,8.35,8.385,43486.0
2026-07-23,2026-07-23 15:45:00,8.385,8.4,8.38,8.4,11430.0
2026-07-23,2026-07-23 15:50:00,8.395,8.41,8.39,8.395,27912.0
2026-07-23,2026-07-23 15:55:00,8.4,8.41,8.395,8.405,54928.0
2026-07-23,2026-07-23 16:00:00,8.4,8.435,8.39,8.41,318559.0
2026-07-24,2026-07-24 09:35:00,8.42,8.51,8.4,8.445,28916.0
2026-07-24,2026-07-24 09:40:00,8.46,8.53,8.45,8.5001,16004.0
2026-07-24,2026-07-24 09:45:00,8.505,8.54,8.4901,8.5,15897.0
2026-07-24,2026-07-24 09:50:00,8.51,8.515,8.45,8.45,12757.0
2026-07-24,2026-07-24 09:55:00,8.44,8.44,8.41,8.42,6996.0
2026-07-24,2026-07-24 10:00:00,8.41,8.43,8.4,8.43,4644.0
2026-07-24,2026-07-24 10:05:00,8.435,8.435,8.4,8.4,40562.0
2026-07-24,2026-07-24 10:10:00,8.405,8.415,8.375,8.405,13651.0
2026-07-24,2026-07-24 10:15:00,8.405,8.42,8.395,8.41,16064.0
2026-07-24,2026-07-24 10:20:00,8.4199,8.43,8.4,8.42,11100.0
2026-07-24,2026-07-24 10:25:00,8.415,8.435,8.41,8.435,3144.0
2026-07-24,2026-07-24 10:30:00,8.435,8.435,8.4,8.4014,8215.0
2026-07-24,2026-07-24 10:35:00,8.405,8.405,8.38,8.38,12952.0
2026-07-24,2026-07-24 10:40:00,8.385,8.39,8.365,8.365,12349.0
2026-07-24,2026-07-24 10:45:00,8.365,8.375,8.36,8.365,11102.0
2026-07-24,2026-07-24 10:50:00,8.36,8.36,8.33,8.335,8136.0
2026-07-24,2026-07-24 10:55:00,8.345,8.35,8.3398,8.34,5007.0
2026-07-24,2026-07-24 11:00:00,8.335,8.3499,8.335,8.335,4109.0
2026-07-24,2026-07-24 11:05:00,8.335,8.345,8.3295,8.345,9289.0
2026-07-24,2026-07-24 11:10:00,8.35,8.355,8.34,8.34,6141.0
2026-07-24,2026-07-24 11:15:00,8.36,8.405,8.36,8.405,13167.0
2026-07-24,2026-07-24 11:20:00,8.405,8.415,8.38,8.3837,15217.0
2026-07-24,2026-07-24 11:25:00,8.39,8.4001,8.37,8.37,6240.0
2026-07-24,2026-07-24 11:30:00,8.37,8.39,8.35,8.37,51321.0
2026-07-24,2026-07-24 11:35:00,8.36,8.36,8.3311,8.34,4138.0
2026-07-24,2026-07-24 11:40:00,8.34,8.345,8.34,8.345,4588.0
2026-07-24,2026-07-24 11:45:00,8.34,8.345,8.33,8.345,6371.0
2026-07-24,2026-07-24 11:50:00,8.345,8.365,8.345,8.36,14680.0
2026-07-24,2026-07-24 11:55:00,8.36,8.36,8.315,8.325,17629.0
2026-07-24,2026-07-24 12:00:00,8.325,8.345,8.31,8.335,19335.0
2026-07-24,2026-07-24 12:05:00,8.33,8.335,8.32,8.33,4707.0
2026-07-24,2026-07-24 12:10:00,8.32,8.335,8.315,8.335,9250.0
2026-07-24,2026-07-24 12:15:00,8.33,8.335,8.31,8.335,10632.0
2026-07-24,2026-07-24 12:20:00,8.335,8.335,8.325,8.335,10429.0
2026-07-24,2026-07-24 12:25:00,8.335,8.34,8.325,8.335,5571.0
2026-07-24,2026-07-24 12:30:00,8.335,8.345,8.335,8.335,4873.0
2026-07-24,2026-07-24 12:35:00,8.3323,8.345,8.3323,8.335,5004.0
2026-07-24,2026-07-24 12:40:00,8.335,8.335,8.315,8.325,4565.0
2026-07-24,2026-07-24 12:45:00,8.32,8.32,8.31,8.32,5031.0
2026-07-24,2026-07-24 12:50:00,8.32,8.32,8.31,8.31,3626.0
2026-07-24,2026-07-24 12:55:00,8.32,8.32,8.31,8.315,2633.0
2026-07-24,2026-07-24 13:00:00,8.315,8.325,8.315,8.325,5685.0
2026-07-24,2026-07-24 13:05:00,8.325,8.325,8.31,8.315,4063.0
2026-07-24,2026-07-24 13:10:00,8.315,8.315,8.29,8.305,15103.0
2026-07-24,2026-07-24 13:15:00,8.31,8.325,8.31,8.325,3961.0
2026-07-24,2026-07-24 13:20:00,8.3214,8.34,8.32,8.335,4701.0
2026-07-24,2026-07-24 13:25:00,8.3313,8.335,8.33,8.335,8493.0
2026-07-24,2026-07-24 13:30:00,8.335,8.345,8.335,8.345,2637.0
2026-07-24,2026-07-24 13:35:00,8.345,8.345,8.335,8.335,5454.0
2026-07-24,2026-07-24 13:40:00,8.34,8.345,8.335,8.335,6115.0
2026-07-24,2026-07-24 13:45:00,8.335,8.35,8.3,8.35,29916.0
2026-07-24,2026-07-24 13:50:00,8.35,8.355,8.345,8.355,5586.0
2026-07-24,2026-07-24 13:55:00,8.355,8.355,8.35,8.355,2810.0
2026-07-24,2026-07-24 14:00:00,8.355,8.36,8.345,8.355,5209.0
2026-07-24,2026-07-24 14:05:00,8.35,8.355,8.35,8.3501,1693.0
2026-07-24,2026-07-24 14:10:00,8.355,8.365,8.35,8.36,14127.0
2026-07-24,2026-07-24 14:15:00,8.36,8.36,8.34,8.345,8677.0
2026-07-24,2026-07-24 14:20:00,8.345,8.345,8.33,8.33,5527.0
2026-07-24,2026-07-24 14:25:00,8.33,8.33,8.325,8.33,4651.0
2026-07-24,2026-07-24 14:30:00,8.335,8.335,8.31,8.31,10089.0
2026-07-24,2026-07-24 14:35:00,8.31,8.315,8.3,8.315,14366.0
2026-07-24,2026-07-24 14:40:00,8.32,8.325,8.32,8.325,5101.0
2026-07-24,2026-07-24 14:45:00,8.33,8.335,8.33,8.335,5096.0
2026-07-24,2026-07-24 14:50:00,8.3301,8.35,8.3301,8.345,9207.0
2026-07-24,2026-07-24 14:55:00,8.345,8.345,8.325,8.325,6146.0
2026-07-24,2026-07-24 15:00:00,8.33,8.345,8.33,8.33,7484.0
2026-07-24,2026-07-24 15:05:00,8.335,8.345,8.33,8.335,6534.0
2026-07-24,2026-07-24 15:10:00,8.33,8.33,8.31,8.31,4547.0
2026-07-24,2026-07-24 15:15:00,8.31,8.315,8.3,8.305,7824.0
2026-07-24,2026-07-24 15:20:00,8.305,8.325,8.305,8.325,11973.0
2026-07-24,2026-07-24 15:25:00,8.325,8.33,8.3211,8.3211,6249.0
2026-07-24,2026-07-24 15:30:00,8.325,8.325,8.3,8.31,22380.0
2026-07-24,2026-07-24 15:35:00,8.315,8.33,8.315,8.33,5204.0
2026-07-24,2026-07-24 15:40:00,8.33,8.35,8.32,8.32,12746.0
2026-07-24,2026-07-24 15:45:00,8.325,8.335,8.32,8.335,10527.0
2026-07-24,2026-07-24 15:50:00,8.34,8.37,8.33,8.355,25731.0
2026-07-24,2026-07-24 15:55:00,8.35,8.355,8.33,8.34,22622.0
2026-07-24,2026-07-24 16:00:00,8.34,8.35,8.31,8.32,328351.0
2026-07-27,2026-07-27 09:35:00,8.4,8.42,8.29,8.31,12205.0
2026-07-27,2026-07-27 09:40:00,8.36,8.43,8.36,8.43,2788.0
2026-07-27,2026-07-27 09:45:00,8.4272,8.445,8.395,8.4,6364.0
2026-07-27,2026-07-27 09:50:00,8.41,8.41,8.39,8.41,7980.0
2026-07-27,2026-07-27 09:55:00,8.4199,8.44,8.405,8.44,6458.0
2026-07-27,2026-07-27 10:00:00,8.43,8.43,8.41,8.41,3458.0
2026-07-27,2026-07-27 10:05:00,8.42,8.42,8.39,8.39,7943.0
2026-07-27,2026-07-27 10:10:00,8.395,8.435,8.395,8.435,36180.0
2026-07-27,2026-07-27 10:15:00,8.435,8.445,8.425,8.435,7160.0
2026-07-27,2026-07-27 10:20:00,8.435,8.435,8.405,8.415,5629.0
2026-07-27,2026-07-27 10:25:00,8.42,8.4231,8.4,8.4,2543.0
2026-07-27,2026-07-27 10:30:00,8.395,8.395,8.37,8.37,3224.0
2026-07-27,2026-07-27 10:35:00,8.36,8.365,8.3401,8.355,9423.0
2026-07-27,2026-07-27 10:40:00,8.35,8.35,8.335,8.345,17903.0
2026-07-27,2026-07-27 10:45:00,8.34,8.34,8.3015,8.325,13687.0
2026-07-27,2026-07-27 10:50:00,8.33,8.33,8.31,8.31,5415.0
2026-07-27,2026-07-27 10:55:00,8.3194,8.34,8.315,8.3386,6923.0
2026-07-27,2026-07-27 11:00:00,8.34,8.355,8.34,8.35,6019.0
2026-07-27,2026-07-27 11:05:00,8.35,8.355,8.335,8.349,6354.0
2026-07-27,2026-07-27 11:10:00,8.34,8.345,8.34,8.345,1702.0
2026-07-27,2026-07-27 11:15:00,8.345,8.36,8.345,8.36,9250.0
2026-07-27,2026-07-27 11:20:00,8.35,8.35,8.335,8.34,2755.0
2026-07-27,2026-07-27 11:25:00,8.34,8.36,8.335,8.345,9644.0
2026-07-27,2026-07-27 11:30:00,8.3488,8.36,8.3404,8.355,6201.0
2026-07-27,2026-07-27 11:35:00,8.355,8.355,8.345,8.35,2834.0
2026-07-27,2026-07-27 11:40:00,8.35,8.35,8.32,8.33,6679.0
2026-07-27,2026-07-27 11:45:00,8.33,8.335,8.33,8.335,1428.0
2026-07-27,2026-07-27 11:50:00,8.33,8.3315,8.3199,8.325,4374.0
2026-07-27,2026-07-27 11:55:00,8.325,8.325,8.31,8.31,1846.0
2026-07-27,2026-07-27 12:00:00,8.315,8.32,8.31,8.32,2753.0
2026-07-27,2026-07-27 12:05:00,8.31,8.32,8.305,8.32,20186.0
2026-07-27,2026-07-27 12:10:00,8.33,8.3499,8.325,8.3499,7598.0
2026-07-27,2026-07-27 12:15:00,8.35,8.39,8.35,8.375,20800.0
2026-07-27,2026-07-27 12:20:00,8.38,8.4399,8.38,8.435,18402.0
2026-07-27,2026-07-27 12:25:00,8.44,8.44,8.43,8.435,5327.0
2026-07-27,2026-07-27 12:30:00,8.4389,8.465,8.4389,8.46,10925.0
2026-07-27,2026-07-27 12:35:00,8.46,8.46,8.445,8.445,3058.0
2026-07-27,2026-07-27 12:40:00,8.45,8.46,8.435,8.435,7309.0
2026-07-27,2026-07-27 12:45:00,8.43,8.43,8.42,8.42,8815.0
2026-07-27,2026-07-27 12:50:00,8.425,8.43,8.421,8.43,2788.0
2026-07-27,2026-07-27 12:55:00,8.42,8.445,8.42,8.425,7719.0
2026-07-27,2026-07-27 13:00:00,8.425,8.425,8.425,8.425,949.0
2026-07-27,2026-07-27 13:05:00,8.42,8.42,8.405,8.415,4753.0
2026-07-27,2026-07-27 13:10:00,8.415,8.4199,8.415,8.415,1643.0
2026-07-27,2026-07-27 13:15:00,8.415,8.425,8.415,8.425,2338.0
2026-07-27,2026-07-27 13:20:00,8.425,8.43,8.3908,8.3908,16504.0
2026-07-27,2026-07-27 13:25:00,8.4,8.405,8.38,8.3893,4977.0
2026-07-27,2026-07-27 13:30:00,8.38,8.38,8.38,8.38,1435.0
2026-07-27,2026-07-27 13:35:00,8.37,8.37,8.355,8.365,6917.0
2026-07-27,2026-07-27 13:40:00,8.36,8.36,8.355,8.355,2786.0
2026-07-27,2026-07-27 13:45:00,8.355,8.365,8.355,8.365,3006.0
2026-07-27,2026-07-27 13:50:00,8.37,8.375,8.36,8.36,7212.0
2026-07-27,2026-07-27 13:55:00,8.37,8.38,8.37,8.38,3199.0
2026-07-27,2026-07-27 14:00:00,8.38,8.385,8.375,8.385,4015.0
2026-07-27,2026-07-27 14:05:00,8.39,8.39,8.385,8.39,4158.0
2026-07-27,2026-07-27 14:10:00,8.39,8.39,8.36,8.375,18448.0
2026-07-27,2026-07-27 14:15:00,8.37,8.37,8.36,8.37,5142.0
2026-07-27,2026-07-27 14:20:00,8.37,8.37,8.3615,8.3615,2645.0
2026-07-27,2026-07-27 14:25:00,8.37,8.37,8.365,8.365,2245.0
2026-07-27,2026-07-27 14:30:00,8.37,8.375,8.365,8.365,3161.0
2026-07-27,2026-07-27 14:35:00,8.36,8.36,8.335,8.34,6609.0
2026-07-27,2026-07-27 14:40:00,8.345,8.345,8.345,8.345,1430.0
2026-07-27,2026-07-27 14:45:00,8.34,8.345,8.34,8.345,1493.0
2026-07-27,2026-07-27 14:50:00,8.34,8.34,8.335,8.335,5221.0
2026-07-27,2026-07-27 14:55:00,8.34,8.35,8.34,8.345,4585.0
2026-07-27,2026-07-27 15:00:00,8.35,8.355,8.34,8.345,5236.0
2026-07-27,2026-07-27 15:05:00,8.345,8.345,8.34,8.34,3224.0
2026-07-27,2026-07-27 15:10:00,8.335,8.345,8.335,8.345,5247.0
2026-07-27,2026-07-27 15:15:00,8.345,8.35,8.335,8.335,7038.0
2026-07-27,2026-07-27 15:20:00,8.335,8.345,8.335,8.335,5409.0
2026-07-27,2026-07-27 15:25:00,8.34,8.34,8.335,8.335,2452.0
2026-07-27,2026-07-27 15:30:00,8.335,8.34,8.33,8.335,4839.0
2026-07-27,2026-07-27 15:35:00,8.34,8.35,8.335,8.345,12645.0
2026-07-27,2026-07-27 15:40:00,8.345,8.35,8.32,8.33,14894.0
2026-07-27,2026-07-27 15:45:00,8.335,8.34,8.33,8.33,11374.0
2026-07-27,2026-07-27 15:50:00,8.33,8.33,8.31,8.315,14214.0
2026-07-27,2026-07-27 15:55:00,8.31,8.31,8.25,8.255,46577.0
2026-07-27,2026-07-27 16:00:00,8.255,8.265,8.2,8.21,260378.0
2026-07-28,2026-07-28 09:35:00,8.28,8.28,8.25,8.25,18880.0
2026-07-28,2026-07-28 09:40:00,8.24,8.33,8.24,8.33,5956.0
2026-07-28,2026-07-28 09:45:00,8.32,8.33,8.31,8.3168,7340.0
2026-07-28,2026-07-28 09:50:00,8.32,8.32,8.22,8.23,7520.0
2026-07-28,2026-07-28 09:55:00,8.23,8.23,8.15,8.1605,9094.0
2026-07-28,2026-07-28 10:00:00,8.165,8.17,8.14,8.16,7801.0
2026-07-28,2026-07-28 10:05:00,8.1677,8.17,8.125,8.16,19338.0
2026-07-28,2026-07-28 10:10:00,8.165,8.25,8.155,8.235,17506.0
2026-07-28,2026-07-28 10:15:00,8.235,8.235,8.21,8.215,14808.0
2026-07-28,2026-07-28 10:20:00,8.225,8.23,8.185,8.205,5865.0
2026-07-28,2026-07-28 10:25:00,8.205,8.21,8.18,8.18,9314.0
2026-07-28,2026-07-28 10:30:00,8.18,8.18,8.145,8.15,9986.0
2026-07-28,2026-07-28 10:35:00,8.16,8.165,8.13,8.135,9281.0
2026-07-28,2026-07-28 10:40:00,8.145,8.175,8.145,8.155,7757.0
2026-07-28,2026-07-28 10:45:00,8.155,8.16,8.15,8.16,4489.0
2026-07-28,2026-07-28 10:50:00,8.165,8.165,8.16,8.16,2889.0
2026-07-28,2026-07-28 10:55:00,8.16,8.165,8.14,8.165,8378.0
2026-07-28,2026-07-28 11:00:00,8.17,8.175,8.165,8.17,3511.0
2026-07-28,2026-07-28 11:05:00,8.1714,8.175,8.145,8.145,3959.0
2026-07-28,2026-07-28 11:10:00,8.14,8.155,8.14,8.145,5643.0
2026-07-28,2026-07-28 11:15:00,8.145,8.2,8.145,8.175,13578.0
2026-07-28,2026-07-28 11:20:00,8.175,8.2,8.175,8.2,7736.0
2026-07-28,2026-07-28 11:25:00,8.205,8.23,8.205,8.21,7685.0
2026-07-28,2026-07-28 11:30:00,8.21,8.22,8.2001,8.215,9415.0
2026-07-28,2026-07-28 11:35:00,8.21,8.21,8.205,8.205,7858.0
2026-07-28,2026-07-28 11:40:00,8.21,8.21,8.205,8.205,3562.0
2026-07-28,2026-07-28 11:45:00,8.205,8.215,8.205,8.205,6449.0
2026-07-28,2026-07-28 11:50:00,8.22,8.245,8.22,8.2405,6922.0
2026-07-28,2026-07-28 11:55:00,8.24,8.245,8.235,8.24,3348.0
2026-07-28,2026-07-28 12:00:00,8.24,8.24,8.235,8.235,2872.0
2026-07-28,2026-07-28 12:05:00,8.23,8.23,8.225,8.225,1569.0
2026-07-28,2026-07-28 12:10:00,8.225,8.225,8.225,8.225,3247.0
2026-07-28,2026-07-28 12:15:00,8.22,8.255,8.21,8.25,12938.0
2026-07-28,2026-07-28 12:20:00,8.25,8.25,8.235,8.24,2618.0
2026-07-28,2026-07-28 12:25:00,8.235,8.235,8.2274,8.2274,2536.0
2026-07-28,2026-07-28 12:30:00,8.23,8.235,8.225,8.235,2916.0
2026-07-28,2026-07-28 12:35:00,8.235,8.235,8.2301,8.235,1815.0
2026-07-28,2026-07-28 12:40:00,8.235,8.24,8.235,8.24,4362.0
2026-07-28,2026-07-28 12:45:00,8.235,8.255,8.235,8.255,6080.0
2026-07-28,2026-07-28 12:50:00,8.255,8.255,8.25,8.2501,3718.0
2026-07-28,2026-07-28 12:55:00,8.252,8.28,8.252,8.28,5760.0
2026-07-28,2026-07-28 13:00:00,8.275,8.285,8.275,8.275,5507.0
2026-07-28,2026-07-28 13:05:00,8.28,8.28,8.27,8.275,3851.0
2026-07-28,2026-07-28 13:10:00,8.275,8.275,8.255,8.255,2812.0
2026-07-28,2026-07-28 13:15:00,8.255,8.265,8.255,8.255,3442.0
2026-07-28,2026-07-28 13:20:00,8.2559,8.26,8.25,8.26,2981.0
2026-07-28,2026-07-28 13:25:00,8.25,8.275,8.25,8.26,7080.0
2026-07-28,2026-07-28 13:30:00,8.25,8.25,8.24,8.24,4790.0
2026-07-28,2026-07-28 13:35:00,8.24,8.245,8.215,8.2287,10766.0
2026-07-28,2026-07-28 13:40:00,8.225,8.235,8.225,8.23,6089.0
2026-07-28,2026-07-28 13:45:00,8.225,8.23,8.215,8.215,5731.0
2026-07-28,2026-07-28 13:50:00,8.22,8.225,8.205,8.225,13316.0
2026-07-28,2026-07-28 13:55:00,8.225,8.225,8.205,8.205,3933.0
2026-07-28,2026-07-28 14:00:00,8.2001,8.215,8.2001,8.215,3927.0
2026-07-28,2026-07-28 14:05:00,8.215,8.22,8.2,8.2,7241.0
2026-07-28,2026-07-28 14:10:00,8.21,8.21,8.195,8.205,5651.0
2026-07-28,2026-07-28 14:15:00,8.205,8.2091,8.2,8.205,2256.0
2026-07-28,2026-07-28 14:20:00,8.2,8.2,8.195,8.195,4128.0
2026-07-28,2026-07-28 14:25:00,8.195,8.195,8.175,8.18,7294.0
2026-07-28,2026-07-28 14:30:00,8.18,8.185,8.18,8.185,794.0
2026-07-28,2026-07-28 14:35:00,8.185,8.195,8.185,8.19,9658.0
2026-07-28,2026-07-28 14:40:00,8.195,8.195,8.19,8.195,2202.0
2026-07-28,2026-07-28 14:45:00,8.195,8.195,8.19,8.19,2811.0
2026-07-28,2026-07-28 14:50:00,8.19,8.215,8.19,8.215,6631.0
2026-07-28,2026-07-28 14:55:00,8.2188,8.225,8.21,8.21,7613.0
2026-07-28,2026-07-28 15:00:00,8.205,8.205,8.205,8.205,3352.0
2026-07-28,2026-07-28 15:05:00,8.205,8.21,8.2,8.2089,6689.0
2026-07-28,2026-07-28 15:10:00,8.205,8.225,8.205,8.225,5428.0
2026-07-28,2026-07-28 15:15:00,8.22,8.225,8.1942,8.195,14184.0
2026-07-28,2026-07-28 15:20:00,8.2,8.21,8.195,8.205,5860.0
2026-07-28,2026-07-28 15:25:00,8.205,8.215,8.205,8.205,9480.0
2026-07-28,2026-07-28 15:30:00,8.21,8.225,8.21,8.215,12848.0
2026-07-28,2026-07-28 15:35:00,8.215,8.225,8.21,8.225,9433.0
2026-07-28,2026-07-28 15:40:00,8.225,8.235,8.215,8.225,22030.0
2026-07-28,2026-07-28 15:45:00,8.22,8.23,8.22,8.2215,6311.0
2026-07-28,2026-07-28 15:50:00,8.225,8.235,8.225,8.235,23965.0
2026-07-28,2026-07-28 15:55:00,8.23,8.25,8.23,8.245,54070.0
2026-07-28,2026-07-28 16:00:00,8.245,8.26,8.23,8.24,187007.0
2026-07-29,2026-07-29 09:35:00,8.23,8.335,8.23,8.335,24306.0
2026-07-29,2026-07-29 09:40:00,8.34,8.43,8.34,8.38,11414.0
2026-07-29,2026-07-29 09:45:00,8.35,8.37,8.335,8.365,5694.0
2026-07-29,2026-07-29 09:50:00,8.355,8.36,8.32,8.34,8164.0
2026-07-29,2026-07-29 09:55:00,8.34,8.345,8.3207,8.325,6437.0
2026-07-29,2026-07-29 10:00:00,8.32,8.335,8.31,8.31,15964.0
2026-07-29,2026-07-29 10:05:00,8.32,8.36,8.32,8.36,10017.0
2026-07-29,2026-07-29 10:10:00,8.37,8.37,8.33,8.33,8898.0
2026-07-29,2026-07-29 10:15:00,8.325,8.325,8.3,8.31,10533.0
2026-07-29,2026-07-29 10:20:00,8.31,8.315,8.295,8.295,9287.0
2026-07-29,2026-07-29 10:25:00,8.295,8.33,8.295,8.31,8876.0
2026-07-29,2026-07-29 10:30:00,8.31,8.31,8.2999,8.31,5177.0
2026-07-29,2026-07-29 10:35:00,8.305,8.32,8.305,8.31,6799.0
2026-07-29,2026-07-29 10:40:00,8.31,8.31,8.3,8.3,4864.0
2026-07-29,2026-07-29 10:45:00,8.3,8.305,8.29,8.29,5095.0
2026-07-29,2026-07-29 10:50:00,8.29,8.295,8.28,8.285,8387.0
2026-07-29,2026-07-29 10:55:00,8.29,8.32,8.29,8.32,3816.0
2026-07-29,2026-07-29 11:00:00,8.315,8.33,8.305,8.33,8096.0
2026-07-29,2026-07-29 11:05:00,8.33,8.355,8.325,8.35,19160.0
2026-07-29,2026-07-29 11:10:00,8.35,8.365,8.345,8.365,6979.0
2026-07-29,2026-07-29 11:15:00,8.36,8.39,8.36,8.39,24118.0
2026-07-29,2026-07-29 11:20:00,8.39,8.395,8.37,8.38,15112.0
2026-07-29,2026-07-29 11:25:00,8.39,8.395,8.38,8.38,5597.0
2026-07-29,2026-07-29 11:30:00,8.38,8.395,8.38,8.39,4828.0
2026-07-29,2026-07-29 11:35:00,8.395,8.425,8.395,8.415,6764.0
2026-07-29,2026-07-29 11:40:00,8.42,8.42,8.41,8.42,3766.0
2026-07-29,2026-07-29 11:45:00,8.415,8.42,8.415,8.42,2218.0
2026-07-29,2026-07-29 11:50:00,8.42,8.43,8.415,8.43,4245.0
2026-07-29,2026-07-29 11:55:00,8.435,8.435,8.39,8.395,7846.0
2026-07-29,2026-07-29 12:00:00,8.4,8.41,8.395,8.395,5217.0
2026-07-29,2026-07-29 12:05:00,8.4,8.4051,8.38,8.38,6751.0
2026-07-29,2026-07-29 12:10:00,8.39,8.4,8.385,8.385,5212.0
2026-07-29,2026-07-29 12:15:00,8.385,8.385,8.365,8.365,6906.0
2026-07-29,2026-07-29 12:20:00,8.36,8.365,8.35,8.355,4877.0
2026-07-29,2026-07-29 12:25:00,8.355,8.39,8.355,8.385,10410.0
2026-07-29,2026-07-29 12:30:00,8.39,8.405,8.381,8.405,8680.0
2026-07-29,2026-07-29 12:35:00,8.405,8.41,8.4009,8.4009,11884.0
2026-07-29,2026-07-29 12:40:00,8.4,8.405,8.4,8.4002,7719.0
2026-07-29,2026-07-29 12:45:00,8.41,8.419,8.395,8.395,6583.0
2026-07-29,2026-07-29 12:50:00,8.395,8.395,8.385,8.385,4929.0
2026-07-29,2026-07-29 12:55:00,8.39,8.39,8.38,8.38,12187.0
2026-07-29,2026-07-29 13:00:00,8.39,8.39,8.385,8.385,2835.0
2026-07-29,2026-07-29 13:05:00,8.385,8.405,8.385,8.405,4246.0
2026-07-29,2026-07-29 13:10:00,8.41,8.41,8.39,8.39,6817.0
2026-07-29,2026-07-29 13:15:00,8.3899,8.405,8.3899,8.405,5394.0
2026-07-29,2026-07-29 13:20:00,8.41,8.41,8.4,8.405,2349.0
2026-07-29,2026-07-29 13:25:00,8.405,8.43,8.405,8.42,5337.0
2026-07-29,2026-07-29 13:30:00,8.415,8.435,8.415,8.43,6193.0
2026-07-29,2026-07-29 13:35:00,8.435,8.435,8.405,8.4137,9848.0
2026-07-29,2026-07-29 13:40:00,8.415,8.415,8.405,8.405,4789.0
2026-07-29,2026-07-29 13:45:00,8.405,8.42,8.4,8.41,14273.0
2026-07-29,2026-07-29 13:50:00,8.415,8.42,8.4,8.42,14304.0
2026-07-29,2026-07-29 13:55:00,8.415,8.415,8.4043,8.405,7664.0
2026-07-29,2026-07-29 14:00:00,8.405,8.415,8.405,8.405,6544.0
2026-07-29,2026-07-29 14:05:00,8.41,8.48,8.405,8.45,21423.0
2026-07-29,2026-07-29 14:10:00,8.455,8.46,8.415,8.415,14150.0
2026-07-29,2026-07-29 14:15:00,8.415,8.425,8.4,8.415,14311.0
2026-07-29,2026-07-29 14:20:00,8.415,8.42,8.385,8.39,11299.0
2026-07-29,2026-07-29 14:25:00,8.39,8.395,8.37,8.385,8446.0
2026-07-29,2026-07-29 14:30:00,8.385,8.4,8.385,8.395,6571.0
2026-07-29,2026-07-29 14:35:00,8.395,8.405,8.365,8.375,13168.0
2026-07-29,2026-07-29 14:40:00,8.375,8.405,8.37,8.405,13383.0
2026-07-29,2026-07-29 14:45:00,8.41,8.44,8.41,8.435,14558.0
2026-07-29,2026-07-29 14:50:00,8.43,8.46,8.425,8.46,18152.0
2026-07-29,2026-07-29 14:55:00,8.465,8.48,8.46,8.475,34418.0
2026-07-29,2026-07-29 15:00:00,8.47,8.47,8.465,8.465,6837.0
2026-07-29,2026-07-29 15:05:00,8.465,8.485,8.445,8.45,18208.0
2026-07-29,2026-07-29 15:10:00,8.44,8.445,8.43,8.43,15718.0
2026-07-29,2026-07-29 15:15:00,8.435,8.46,8.425,8.4501,13552.0
2026-07-29,2026-07-29 15:20:00,8.4505,8.465,8.425,8.425,13176.0
2026-07-29,2026-07-29 15:25:00,8.425,8.43,8.405,8.425,22469.0
2026-07-29,2026-07-29 15:30:00,8.425,8.43,8.415,8.425,11395.0
2026-07-29,2026-07-29 15:35:00,8.425,8.43,8.385,8.39,19873.0
2026-07-29,2026-07-29 15:40:00,8.395,8.425,8.37,8.375,28104.0
2026-07-29,2026-07-29 15:45:00,8.375,8.385,8.375,8.375,20341.0
2026-07-29,2026-07-29 15:50:00,8.375,8.415,8.375,8.39,30262.0
2026-07-29,2026-07-29 15:55:00,8.38,8.385,8.335,8.355,74587.0
2026-07-29,2026-07-29 16:00:00,8.36,8.39,8.36,8.38,261194.0
2026-07-30,2026-07-30 09:35:00,8.38,8.43,8.38,8.42,15400.0
2026-07-30,2026-07-30 09:40:00,8.4,8.42,8.39,8.39,4804.0
2026-07-30,2026-07-30 09:45:00,8.39,8.4,8.35,8.35,28404.0
2026-07-30,2026-07-30 09:50:00,8.33,8.405,8.32,8.405,14498.0
2026-07-30,2026-07-30 09:55:00,8.41,8.425,8.38,8.39,20898.0
2026-07-30,2026-07-30 10:00:00,8.386,8.4,8.37,8.37,4293.0
2026-07-30,2026-07-30 10:05:00,8.375,8.405,8.36,8.405,22859.0
2026-07-30,2026-07-30 10:10:00,8.4,8.4,8.36,8.365,10508.0
2026-07-30,2026-07-30 10:15:00,8.365,8.38,8.3501,8.3501,8011.0
2026-07-30,2026-07-30 10:20:00,8.355,8.36,8.325,8.325,20217.0
2026-07-30,2026-07-30 10:25:00,8.3299,8.355,8.32,8.345,8060.0
2026-07-30,2026-07-30 10:30:00,8.3541,8.395,8.345,8.39,8704.0
2026-07-30,2026-07-30 10:35:00,8.39,8.39,8.365,8.365,5869.0
2026-07-30,2026-07-30 10:40:00,8.37,8.405,8.37,8.405,9575.0
2026-07-30,2026-07-30 10:45:00,8.4057,8.435,8.4009,8.425,6986.0
2026-07-30,2026-07-30 10:50:00,8.42,8.425,8.39,8.395,12231.0
2026-07-30,2026-07-30 10:55:00,8.395,8.4,8.39,8.395,3962.0
2026-07-30,2026-07-30 11:00:00,8.4,8.41,8.395,8.4001,6680.0
2026-07-30,2026-07-30 11:05:00,8.4,8.415,8.395,8.415,11180.0
2026-07-30,2026-07-30 11:10:00,8.41,8.41,8.4,8.405,3690.0
2026-07-30,2026-07-30 11:15:00,8.405,8.405,8.375,8.38,9801.0
2026-07-30,2026-07-30 11:20:00,8.37,8.39,8.37,8.385,5826.0
2026-07-30,2026-07-30 11:25:00,8.39,8.39,8.365,8.365,12349.0
2026-07-30,2026-07-30 11:30:00,8.365,8.37,8.355,8.365,6794.0
2026-07-30,2026-07-30 11:35:00,8.37,8.37,8.355,8.365,4529.0
2026-07-30,2026-07-30 11:40:00,8.365,8.37,8.355,8.355,4808.0
2026-07-30,2026-07-30 11:45:00,8.35,8.375,8.345,8.37,8014.0
2026-07-30,2026-07-30 11:50:00,8.37,8.385,8.365,8.385,4232.0
2026-07-30,2026-07-30 11:55:00,8.39,8.395,8.385,8.385,2687.0
2026-07-30,2026-07-30 12:00:00,8.385,8.385,8.375,8.375,3309.0
2026-07-30,2026-07-30 12:05:00,8.38,8.405,8.375,8.405,7044.0
2026-07-30,2026-07-30 12:10:00,8.4,8.4,8.39,8.39,3070.0
2026-07-30,2026-07-30 12:15:00,8.4,8.409,8.39,8.395,7174.0
2026-07-30,2026-07-30 12:20:00,8.4,8.41,8.385,8.385,11477.0
2026-07-30,2026-07-30 12:25:00,8.385,8.4,8.38,8.4,4159.0
2026-07-30,2026-07-30 12:30:00,8.395,8.4,8.385,8.385,5519.0
2026-07-30,2026-07-30 12:35:00,8.385,8.415,8.385,8.415,8503.0
2026-07-30,2026-07-30 12:40:00,8.42,8.44,8.42,8.425,6734.0
2026-07-30,2026-07-30 12:45:00,8.425,8.425,8.405,8.405,5702.0
2026-07-30,2026-07-30 12:50:00,8.405,8.42,8.405,8.41,4449.0
2026-07-30,2026-07-30 12:55:00,8.4,8.405,8.4,8.405,1466.0
2026-07-30,2026-07-30 13:00:00,8.4,8.4,8.38,8.38,4936.0
2026-07-30,2026-07-30 13:05:00,8.38,8.38,8.365,8.365,4199.0
2026-07-30,2026-07-30 13:10:00,8.37,8.37,8.365,8.365,1886.0
2026-07-30,2026-07-30 13:15:00,8.365,8.365,8.355,8.3589,2081.0
2026-07-30,2026-07-30 13:20:00,8.355,8.375,8.355,8.375,4416.0
2026-07-30,2026-07-30 13:25:00,8.375,8.38,8.37,8.375,6988.0
2026-07-30,2026-07-30 13:30:00,8.375,8.375,8.375,8.375,1759.0
2026-07-30,2026-07-30 13:35:00,8.38,8.38,8.37,8.37,2298.0
2026-07-30,2026-07-30 13:40:00,8.37,8.385,8.365,8.375,8001.0
2026-07-30,2026-07-30 13:45:00,8.37,8.38,8.37,8.375,4232.0
2026-07-30,2026-07-30 13:50:00,8.37,8.375,8.37,8.37,1163.0
2026-07-30,2026-07-30 13:55:00,8.375,8.375,8.375,8.375,639.0
2026-07-30,2026-07-30 14:00:00,8.375,8.38,8.375,8.38,1850.0
2026-07-30,2026-07-30 14:05:00,8.375,8.395,8.375,8.379,10893.0
2026-07-30,2026-07-30 14:10:00,8.375,8.385,8.375,8.385,3252.0
2026-07-30,2026-07-30 14:15:00,8.385,8.39,8.3822,8.385,7766.0
2026-07-30,2026-07-30 14:20:00,8.385,8.395,8.385,8.395,3544.0
2026-07-30,2026-07-30 14:25:00,8.4,8.405,8.395,8.405,7201.0
2026-07-30,2026-07-30 14:30:00,8.405,8.4099,8.4,8.405,2271.0
2026-07-30,2026-07-30 14:35:00,8.4,8.4,8.4,8.4,1228.0
2026-07-30,2026-07-30 14:40:00,8.405,8.41,8.4001,8.4001,3229.0
2026-07-30,2026-07-30 14:45:00,8.405,8.41,8.4,8.405,2288.0
2026-07-30,2026-07-30 14:50:00,8.41,8.41,8.405,8.405,11316.0
2026-07-30,2026-07-30 14:55:00,8.41,8.42,8.4,8.42,11079.0
2026-07-30,2026-07-30 15:00:00,8.41,8.415,8.4,8.405,8741.0
2026-07-30,2026-07-30 15:05:00,8.4,8.4,8.385,8.385,11577.0
2026-07-30,2026-07-30 15:10:00,8.385,8.415,8.385,8.415,5969.0
2026-07-30,2026-07-30 15:15:00,8.415,8.415,8.4,8.405,7963.0
2026-07-30,2026-07-30 15:20:00,8.405,8.42,8.405,8.415,4481.0
2026-07-30,2026-07-30 15:25:00,8.419,8.42,8.41,8.41,5316.0
2026-07-30,2026-07-30 15:30:00,8.4111,8.415,8.4,8.415,9655.0
2026-07-30,2026-07-30 15:35:00,8.415,8.415,8.385,8.405,22700.0
2026-07-30,2026-07-30 15:40:00,8.405,8.405,8.395,8.395,10520.0
2026-07-30,2026-07-30 15:45:00,8.395,8.405,8.395,8.405,18578.0
2026-07-30,2026-07-30 15:50:00,8.405,8.445,8.405,8.445,25931.0
2026-07-30,2026-07-30 15:55:00,8.445,8.455,8.41,8.41,40922.0
2026-07-30,2026-07-30 16:00:00,8.41,8.43,8.385,8.42,253436.0
2026-07-31,2026-07-31 09:35:00,8.34,8.405,8.33,8.345,20478.0
2026-07-31,2026-07-31 09:40:00,8.33,8.33,8.26,8.266,7355.0
2026-07-31,2026-07-31 09:45:00,8.266,8.3,8.26,8.295,13389.0
2026-07-31,2026-07-31 09:50:00,8.295,8.3072,8.19,8.19,66447.0
2026-07-31,2026-07-31 09:55:00,8.19,8.19,8.145,8.1697,20280.0
2026-07-31,2026-07-31 10:00:00,8.16,8.165,8.08,8.08,22934.0
2026-07-31,2026-07-31 10:05:00,8.075,8.085,8.031,8.035,34798.0
2026-07-31,2026-07-31 10:10:00,8.03,8.0499,7.99,8.0,70139.0
2026-07-31,2026-07-31 10:15:00,8.005,8.03,8.005,8.03,19990.0
2026-07-31,2026-07-31 10:20:00,8.03,8.06,8.03,8.03,26786.0
2026-07-31,2026-07-31 10:25:00,8.03,8.085,8.025,8.061,22764.0
2026-07-31,2026-07-31 10:30:00,8.0625,8.11,8.06,8.1,16279.0
2026-07-31,2026-07-31 10:35:00,8.105,8.105,8.095,8.0991,9064.0
2026-07-31,2026-07-31 10:40:00,8.095,8.11,8.095,8.105,10284.0
2026-07-31,2026-07-31 10:45:00,8.105,8.105,8.0801,8.085,9693.0
2026-07-31,2026-07-31 10:50:00,8.08,8.09,8.08,8.085,5915.0
2026-07-31,2026-07-31 10:55:00,8.085,8.14,8.075,8.135,16948.0
2026-07-31,2026-07-31 11:00:00,8.135,8.145,8.1,8.1,22888.0
2026-07-31,2026-07-31 11:05:00,8.105,8.125,8.1,8.125,16778.0
2026-07-31,2026-07-31 11:10:00,8.13,8.185,8.12,8.185,19258.0
2026-07-31,2026-07-31 11:15:00,8.1805,8.195,8.175,8.175,20287.0
2026-07-31,2026-07-31 11:20:00,8.17,8.17,8.135,8.135,17190.0
2026-07-31,2026-07-31 11:25:00,8.13,8.13,8.11,8.11,5785.0
2026-07-31,2026-07-31 11:30:00,8.11,8.11,8.085,8.095,15049.0
2026-07-31,2026-07-31 11:35:00,8.095,8.095,8.06,8.065,6305.0
2026-07-31,2026-07-31 11:40:00,8.06,8.079,8.06,8.075,5715.0
2026-07-31,2026-07-31 11:45:00,8.07,8.075,8.045,8.055,15050.0
2026-07-31,2026-07-31 11:50:00,8.0597,8.0597,8.035,8.05,10380.0
2026-07-31,2026-07-31 11:55:00,8.05,8.065,8.05,8.06,5428.0
2026-07-31,2026-07-31 12:00:00,8.06,8.0799,8.06,8.075,5674.0
2026-07-31,2026-07-31 12:05:00,8.075,8.075,8.05,8.05,5802.0
2026-07-31,2026-07-31 12:10:00,8.05,8.059,8.03,8.03,19334.0
2026-07-31,2026-07-31 12:15:00,8.03,8.035,8.02,8.025,9753.0
2026-07-31,2026-07-31 12:20:00,8.02,8.045,8.02,8.045,7982.0
2026-07-31,2026-07-31 12:25:00,8.045,8.065,8.041404,8.065,10124.0
2026-07-31,2026-07-31 12:30:00,8.06,8.06,8.05,8.05,7267.0
2026-07-31,2026-07-31 12:35:00,8.05,8.065,8.045,8.065,5383.0
2026-07-31,2026-07-31 12:40:00,8.06,8.0602,8.06,8.06,3821.0
2026-07-31,2026-07-31 12:45:00,8.065,8.079,8.06,8.07,7136.0
2026-07-31,2026-07-31 12:50:00,8.065,8.07,8.06,8.065,6636.0
2026-07-31,2026-07-31 12:55:00,8.065,8.07,8.06,8.065,7767.0
2026-07-31,2026-07-31 13:00:00,8.065,8.065,8.06,8.06,4338.0
2026-07-31,2026-07-31 13:05:00,8.06,8.08,8.06,8.075,13593.0
2026-07-31,2026-07-31 13:10:00,8.075,8.075,8.07,8.07,4952.0
2026-07-31,2026-07-31 13:15:00,8.07,8.095,8.07,8.095,9314.0
2026-07-31,2026-07-31 13:20:00,8.09,8.11,8.08,8.095,7996.0
2026-07-31,2026-07-31 13:25:00,8.095,8.115,8.095,8.115,11045.0
2026-07-31,2026-07-31 13:30:00,8.115,8.125,8.115,8.125,24141.0
2026-07-31,2026-07-31 13:35:00,8.12,8.12,8.08,8.1,22833.0
2026-07-31,2026-07-31 13:40:00,8.095,8.1,8.08,8.08,3868.0
2026-07-31,2026-07-31 13:45:00,8.08,8.085,8.07,8.075,6263.0
2026-07-31,2026-07-31 13:50:00,8.08,8.1,8.075,8.095,11139.0
2026-07-31,2026-07-31 13:55:00,8.09,8.11,8.085,8.105,7778.0
2026-07-31,2026-07-31 14:00:00,8.1,8.105,8.1,8.1,3862.0
2026-07-31,2026-07-31 14:05:00,8.105,8.125,8.1,8.1,11532.0
2026-07-31,2026-07-31 14:10:00,8.1,8.115,8.095,8.111,5177.0
2026-07-31,2026-07-31 14:15:00,8.11,8.115,8.1,8.105,22391.0
2026-07-31,2026-07-31 14:20:00,8.105,8.125,8.105,8.125,5485.0
2026-07-31,2026-07-31 14:25:00,8.12,8.12,8.085,8.095,16076.0
2026-07-31,2026-07-31 14:30:00,8.095,8.1,8.09,8.095,6077.0
2026-07-31,2026-07-31 14:35:00,8.09,8.095,8.09,8.095,4841.0
2026-07-31,2026-07-31 14:40:00,8.095,8.115,8.095,8.11,5413.0
2026-07-31,2026-07-31 14:45:00,8.11,8.115,8.11,8.115,3464.0
2026-07-31,2026-07-31 14:50:00,8.11,8.12,8.11,8.12,5816.0
2026-07-31,2026-07-31 14:55:00,8.12,8.1202,8.11,8.12,11633.0
2026-07-31,2026-07-31 15:00:00,8.115,8.125,8.11,8.11,13962.0
2026-07-31,2026-07-31 15:05:00,8.115,8.125,8.11,8.1201,10369.0
2026-07-31,2026-07-31 15:10:00,8.125,8.14,8.125,8.135,11831.0
2026-07-31,2026-07-31 15:15:00,8.135,8.14,8.12,8.12,12084.0
2026-07-31,2026-07-31 15:20:00,8.12,8.13,8.12,8.125,6767.0
2026-07-31,2026-07-31 15:25:00,8.12,8.125,8.1,8.1098,13532.0
2026-07-31,2026-07-31 15:30:00,8.1099,8.11,8.1,8.105,10173.0
2026-07-31,2026-07-31 15:35:00,8.1,8.1,8.065,8.065,29983.0
2026-07-31,2026-07-31 15:40:00,8.065,8.0699,8.055,8.065,10552.0
2026-07-31,2026-07-31 15:45:00,8.065,8.065,8.03,8.055,48788.0
2026-07-31,2026-07-31 15:50:00,8.056,8.06,8.03,8.035,36073.0
2026-07-31,2026-07-31 15:55:00,8.035,8.045,8.02,8.035,118160.0
2026-07-31,2026-07-31 16:00:00,8.035,8.08,8.03,8.08,376823.0
2026-08-03,2026-08-03 09:35:00,8.135,8.171,8.03,8.04,20516.0
2026-08-03,2026-08-03 09:40:00,8.02,8.05,7.95,7.97,43620.0
2026-08-03,2026-08-03 09:45:00,7.965,7.9763,7.92,7.97,23330.0
2026-08-03,2026-08-03 09:50:00,7.965,7.965,7.92,7.93,27947.0
2026-08-03,2026-08-03 09:55:00,7.925,7.929,7.87,7.89,69228.0
2026-08-03,2026-08-03 10:00:00,7.885,7.89,7.865,7.89,10831.0
2026-08-03,2026-08-03 10:05:00,7.88,7.96,7.87,7.95,21419.0
2026-08-03,2026-08-03 10:10:00,7.94,7.95,7.935,7.945,8054.0
2026-08-03,2026-08-03 10:15:00,7.94,8.055,7.935,8.015,51689.0
2026-08-03,2026-08-03 10:20:00,8.02,8.04,7.995,7.995,13802.0
2026-08-03,2026-08-03 10:25:00,7.99,7.995,7.945,7.945,13148.0
2026-08-03,2026-08-03 10:30:00,7.945,7.98,7.945,7.98,14311.0
2026-08-03,2026-08-03 10:35:00,7.98,7.98,7.96,7.965,7816.0
2026-08-03,2026-08-03 10:40:00,7.96,7.96,7.94,7.95,4242.0
2026-08-03,2026-08-03 10:45:00,7.945,7.945,7.93,7.94,11915.0
2026-08-03,2026-08-03 10:50:00,7.935,7.955,7.92,7.955,12189.0
2026-08-03,2026-08-03 10:55:00,7.95,7.955,7.94,7.95,11098.0
2026-08-03,2026-08-03 11:00:00,7.96,7.99,7.96,7.98,6561.0
2026-08-03,2026-08-03 11:05:00,7.985,8.04,7.985,8.02,16356.0
2026-08-03,2026-08-03 11:10:00,8.015,8.035,8.005,8.02,12668.0
2026-08-03,2026-08-03 11:15:00,8.025,8.03,8.02,8.025,2521.0
2026-08-03,2026-08-03 11:20:00,8.03,8.037,8.03,8.03,12393.0
2026-08-03,2026-08-03 11:25:00,8.025,8.04,8.01,8.03,5308.0
2026-08-03,2026-08-03 11:30:00,8.03,8.03,8.01,8.01,10618.0
2026-08-03,2026-08-03 11:35:00,8.015,8.015,7.99,7.99,7345.0
2026-08-03,2026-08-03 11:40:00,7.995,8.005,7.995,8.005,10092.0
2026-08-03,2026-08-03 11:45:00,8.01,8.025,8.005,8.025,6334.0
2026-08-03,2026-08-03 11:50:00,8.025,8.055,8.025,8.035,18717.0
2026-08-03,2026-08-03 11:55:00,8.035,8.04,8.02,8.035,5030.0
2026-08-03,2026-08-03 12:00:00,8.04,8.045,8.04,8.045,3114.0
2026-08-03,2026-08-03 12:05:00,8.05,8.06,8.05,8.06,3410.0
2026-08-03,2026-08-03 12:10:00,8.055,8.055,8.025,8.025,12313.0
2026-08-03,2026-08-03 12:15:00,8.025,8.03,8.02,8.025,3755.0
2026-08-03,2026-08-03 12:20:00,8.025,8.04,8.025,8.035,4685.0
2026-08-03,2026-08-03 12:25:00,8.035,8.04,8.025,8.035,10426.0
2026-08-03,2026-08-03 12:30:00,8.035,8.065,8.035,8.055,12628.0
2026-08-03,2026-08-03 12:35:00,8.055,8.055,8.045,8.055,6668.0
2026-08-03,2026-08-03 12:40:00,8.055,8.06,8.05,8.055,6699.0
2026-08-03,2026-08-03 12:45:00,8.055,8.055,8.045,8.05,10049.0
2026-08-03,2026-08-03 12:50:00,8.05,8.05,8.03,8.03,9552.0
2026-08-03,2026-08-03 12:55:00,8.03,8.03,8.02,8.02,9982.0
2026-08-03,2026-08-03 13:00:00,8.025,8.0299,8.025,8.0299,2819.0
2026-08-03,2026-08-03 13:05:00,8.02,8.02,8.0,8.02,13030.0
2026-08-03,2026-08-03 13:10:00,8.025,8.025,8.015,8.015,4230.0
2026-08-03,2026-08-03 13:15:00,8.015,8.03,8.005,8.025,7084.0
2026-08-03,2026-08-03 13:20:00,8.025,8.03,8.02,8.03,6271.0
2026-08-03,2026-08-03 13:25:00,8.025,8.025,8.02,8.02,3223.0
2026-08-03,2026-08-03 13:30:00,8.025,8.03,8.015,8.015,13590.0
2026-08-03,2026-08-03 13:35:00,8.015,8.025,8.005,8.015,16487.0
2026-08-03,2026-08-03 13:40:00,8.015,8.04,8.015,8.035,3857.0
2026-08-03,2026-08-03 13:45:00,8.035,8.05,8.035,8.045,6361.0
2026-08-03,2026-08-03 13:50:00,8.045,8.055,8.045,8.055,10128.0
2026-08-03,2026-08-03 13:55:00,8.06,8.06,8.045,8.06,10333.0
2026-08-03,2026-08-03 14:00:00,8.055,8.0789,8.05,8.075,18792.0
2026-08-03,2026-08-03 14:05:00,8.075,8.085,8.07,8.075,10365.0
2026-08-03,2026-08-03 14:10:00,8.08,8.08,8.07,8.08,5218.0
2026-08-03,2026-08-03 14:15:00,8.075,8.08,8.075,8.075,3293.0
2026-08-03,2026-08-03 14:20:00,8.075,8.08,8.075,8.075,5208.0
2026-08-03,2026-08-03 14:25:00,8.08,8.085,8.04,8.04,27080.0
2026-08-03,2026-08-03 14:30:00,8.045,8.045,8.015,8.015,14006.0
2026-08-03,2026-08-03 14:35:00,8.01,8.01,7.995,8.005,5410.0
2026-08-03,2026-08-03 14:40:00,8.005,8.005,7.97,7.99,24867.0
2026-08-03,2026-08-03 14:45:00,8.0,8.0,7.965,7.975,13618.0
2026-08-03,2026-08-03 14:50:00,7.975,7.99,7.975,7.98,11221.0
2026-08-03,2026-08-03 14:55:00,7.9799,7.99,7.9701,7.985,10301.0
2026-08-03,2026-08-03 15:00:00,7.9897,7.99,7.97,7.97,10366.0
2026-08-03,2026-08-03 15:05:00,7.98,7.985,7.97,7.975,17076.0
2026-08-03,2026-08-03 15:10:00,7.977,7.995,7.975,7.99,25077.0
2026-08-03,2026-08-03 15:15:00,7.98,8.02,7.98,8.015,14972.0
2026-08-03,2026-08-03 15:20:00,8.015,8.03,8.015,8.03,9767.0
2026-08-03,2026-08-03 15:25:00,8.03,8.035,8.015,8.02,24792.0
2026-08-03,2026-08-03 15:30:00,8.025,8.03,8.01,8.02,29763.0
2026-08-03,2026-08-03 15:35:00,8.02,8.03,7.995,8.029,20280.0
2026-08-03,2026-08-03 15:40:00,8.03,8.065,8.021,8.03,67437.0
2026-08-03,2026-08-03 15:45:00,8.02,8.04,8.005,8.0375,37209.0
2026-08-03,2026-08-03 15:50:00,8.035,8.07,8.035,8.065,24032.0
2026-08-03,2026-08-03 15:55:00,8.07,8.145,8.066,8.14,88321.0
2026-08-03,2026-08-03 16:00:00,8.14,8.14,8.085,8.13,733976.0
2026-08-04,2026-08-04 09:35:00,8.13,8.1599,8.11,8.14,20863.0
2026-08-04,2026-08-04 09:40:00,8.12,8.175,8.11,8.175,9493.0
2026-08-04,2026-08-04 09:45:00,8.17,8.17,8.13,8.15,12318.0
2026-08-04,2026-08-04 09:50:00,8.145,8.17,8.139,8.155,10709.0
2026-08-04,2026-08-04 09:55:00,8.15,8.17,8.15,8.165,15553.0
2026-08-04,2026-08-04 10:00:00,8.17,8.1888,8.17,8.17,8670.0
2026-08-04,2026-08-04 10:05:00,8.18,8.18,8.135,8.135,12130.0
2026-08-04,2026-08-04 10:10:00,8.135,8.136,8.11,8.115,8085.0
2026-08-04,2026-08-04 10:15:00,8.1197,8.1288,8.085,8.125,28714.0
2026-08-04,2026-08-04 10:20:00,8.12,8.125,8.085,8.085,9643.0
2026-08-04,2026-08-04 10:25:00,8.0801,8.095,8.065,8.075,16898.0
2026-08-04,2026-08-04 10:30:00,8.065,8.07,8.05,8.055,6846.0
2026-08-04,2026-08-04 10:35:00,8.055,8.0697,8.055,8.065,3267.0
2026-08-04,2026-08-04 10:40:00,8.065,8.075,8.065,8.065,6467.0
2026-08-04,2026-08-04 10:45:00,8.065,8.075,8.0618,8.0618,6377.0
2026-08-04,2026-08-04 10:50:00,8.065,8.07,8.04,8.065,7577.0
2026-08-04,2026-08-04 10:55:00,8.065,8.085,8.065,8.085,6807.0
2026-08-04,2026-08-04 11:00:00,8.085,8.115,8.085,8.115,5627.0
2026-08-04,2026-08-04 11:05:00,8.1188,8.139,8.105,8.105,7008.0
2026-08-04,2026-08-04 11:10:00,8.1,8.1,8.085,8.09,9918.0
2026-08-04,2026-08-04 11:15:00,8.085,8.085,8.06,8.06,4390.0
2026-08-04,2026-08-04 11:20:00,8.06,8.06,8.055,8.055,4538.0
2026-08-04,2026-08-04 11:25:00,8.05,8.059,8.045,8.055,6327.0
2026-08-04,2026-08-04 11:30:00,8.055,8.07,8.055,8.055,6710.0
2026-08-04,2026-08-04 11:35:00,8.0588,8.069,8.055,8.06,5190.0
2026-08-04,2026-08-04 11:40:00,8.07,8.0791,8.065,8.075,13686.0
2026-08-04,2026-08-04 11:45:00,8.075,8.105,8.07,8.095,13448.0
2026-08-04,2026-08-04 11:50:00,8.095,8.095,8.08,8.095,6899.0
2026-08-04,2026-08-04 11:55:00,8.09,8.095,8.09,8.095,5563.0
2026-08-04,2026-08-04 12:00:00,8.1,8.11,8.1,8.105,9705.0
2026-08-04,2026-08-04 12:05:00,8.105,8.1095,8.105,8.105,3639.0
2026-08-04,2026-08-04 12:10:00,8.105,8.11,8.095,8.11,17744.0
2026-08-04,2026-08-04 12:15:00,8.115,8.115,8.1,8.105,3800.0
2026-08-04,2026-08-04 12:20:00,8.1095,8.11,8.1095,8.11,2950.0
2026-08-04,2026-08-04 12:25:00,8.11,8.12,8.11,8.115,8043.0
2026-08-04,2026-08-04 12:30:00,8.115,8.12,8.1,8.12,15411.0
2026-08-04,2026-08-04 12:35:00,8.115,8.175,8.115,8.17,19719.0
2026-08-04,2026-08-04 12:40:00,8.1705,8.175,8.16,8.165,11617.0
2026-08-04,2026-08-04 12:45:00,8.165,8.165,8.155,8.155,5317.0
2026-08-04,2026-08-04 12:50:00,8.155,8.155,8.135,8.135,10184.0
2026-08-04,2026-08-04 12:55:00,8.135,8.15,8.13,8.145,4173.0
2026-08-04,2026-08-04 13:00:00,8.14,8.15,8.14,8.15,2605.0
2026-08-04,2026-08-04 13:05:00,8.145,8.245,8.145,8.22,145690.0
2026-08-04,2026-08-04 13:10:00,8.2291,8.24,8.19,8.204,48722.0
2026-08-04,2026-08-04 13:15:00,8.205,8.22,8.195,8.21,31997.0
2026-08-04,2026-08-04 13:20:00,8.21,8.21,8.185,8.2,14517.0
2026-08-04,2026-08-04 13:25:00,8.1903,8.195,8.17,8.175,63079.0
2026-08-04,2026-08-04 13:30:00,8.185,8.185,8.175,8.185,5720.0
2026-08-04,2026-08-04 13:35:00,8.19,8.27,8.18,8.25,48910.0
2026-08-04,2026-08-04 13:40:00,8.25,8.27,8.24,8.255,24894.0
2026-08-04,2026-08-04 13:45:00,8.256321,8.28,8.255,8.265,20576.0
2026-08-04,2026-08-04 13:50:00,8.265,8.2688,8.255,8.259,12410.0
2026-08-04,2026-08-04 13:55:00,8.25,8.25,8.24,8.24,7804.0
2026-08-04,2026-08-04 14:00:00,8.245,8.255,8.24,8.245,10619.0
2026-08-04,2026-08-04 14:05:00,8.25,8.255,8.245,8.245,6814.0
2026-08-04,2026-08-04 14:10:00,8.245,8.245,8.22,8.225,42372.0
2026-08-04,2026-08-04 14:15:00,8.225,8.2274,8.205,8.215,7006.0
2026-08-04,2026-08-04 14:20:00,8.215,8.245,8.21,8.245,21008.0
2026-08-04,2026-08-04 14:25:00,8.245,8.245,8.191,8.191,41818.0
2026-08-04,2026-08-04 14:30:00,8.195,8.2,8.17,8.175,35126.0
2026-08-04,2026-08-04 14:35:00,8.18,8.185,8.16,8.175,20218.0
2026-08-04,2026-08-04 14:40:00,8.179,8.195,8.17,8.18,29161.0
2026-08-04,2026-08-04 14:45:00,8.18,8.19,8.165,8.185,18071.0
2026-08-04,2026-08-04 14:50:00,8.18,8.195,8.18,8.185,11245.0
2026-08-04,2026-08-04 14:55:00,8.19,8.2,8.175,8.175,9092.0
2026-08-04,2026-08-04 15:00:00,8.17,8.17,8.16,8.165,9101.0
2026-08-04,2026-08-04 15:05:00,8.165,8.18,8.16,8.16,12423.0
2026-08-04,2026-08-04 15:10:00,8.16,8.1699,8.155,8.165,8267.0
2026-08-04,2026-08-04 15:15:00,8.165,8.165,8.15,8.155,7950.0
2026-08-04,2026-08-04 15:20:00,8.15,8.15,8.13,8.13,9192.0
2026-08-04,2026-08-04 15:25:00,8.13,8.145,8.12,8.145,28592.0
2026-08-04,2026-08-04 15:30:00,8.145,8.168,8.145,8.165,28083.0
2026-08-04,2026-08-04 15:35:00,8.165,8.185,8.155,8.185,29127.0
2026-08-04,2026-08-04 15:40:00,8.185,8.19,8.18,8.185,8716.0
2026-08-04,2026-08-04 15:45:00,8.185,8.195,8.184,8.185,20817.0
2026-08-04,2026-08-04 15:50:00,8.185,8.19,8.18,8.185,9491.0
2026-08-04,2026-08-04 15:55:00,8.185,8.185,8.15,8.175,47817.0
2026-08-04,2026-08-04 16:00:00,8.175,8.21,8.17,8.19,423581.0
2026-08-05,2026-08-05 09:35:00,8.21,8.3,8.21,8.3,26056.0
2026-08-05,2026-08-05 09:40:00,8.29,8.37,8.28,8.32,43411.0
2026-08-05,2026-08-05 09:45:00,8.32,8.325,8.29,8.299,6686.0
2026-08-05,2026-08-05 09:50:00,8.3,8.315,8.27,8.295,35068.0
2026-08-05,2026-08-05 09:55:00,8.305,8.32,8.295,8.3,10255.0
2026-08-05,2026-08-05 10:00:00,8.305,8.33,8.305,8.315,11907.0
2026-08-05,2026-08-05 10:05:00,8.31,8.33,8.295,8.32,7225.0
2026-08-05,2026-08-05 10:10:00,8.33,8.36,8.32,8.33,26413.0
2026-08-05,2026-08-05 10:15:00,8.325,8.325,8.26,8.275,37130.0
2026-08-05,2026-08-05 10:20:00,8.275,8.29,8.275,8.28,10367.0
2026-08-05,2026-08-05 10:25:00,8.28,8.28,8.2525,8.275,7836.0
2026-08-05,2026-08-05 10:30:00,8.275,8.28,8.245,8.245,6320.0
2026-08-05,2026-08-05 10:35:00,8.25,8.259,8.23,8.23,7394.0
2026-08-05,2026-08-05 10:40:00,8.231,8.24,8.22,8.23,8154.0
2026-08-05,2026-08-05 10:45:00,8.23,8.235,8.18,8.18,29088.0
2026-08-05,2026-08-05 10:50:00,8.175,8.205,8.175,8.1998,11366.0
2026-08-05,2026-08-05 10:55:00,8.2,8.205,8.2,8.2,6520.0
2026-08-05,2026-08-05 11:00:00,8.21,8.225,8.21,8.22,6001.0
2026-08-05,2026-08-05 11:05:00,8.21,8.21,8.205,8.21,7243.0
2026-08-05,2026-08-05 11:10:00,8.205,8.205,8.185,8.2,9755.0
2026-08-05,2026-08-05 11:15:00,8.2,8.2,8.19,8.19,3074.0
2026-08-05,2026-08-05 11:20:00,8.195,8.195,8.155,8.155,18390.0
2026-08-05,2026-08-05 11:25:00,8.155,8.155,8.135,8.135,10067.0
2026-08-05,2026-08-05 11:30:00,8.13,8.145,8.13,8.145,6606.0
2026-08-05,2026-08-05 11:35:00,8.15,8.1577,8.14,8.14,5322.0
2026-08-05,2026-08-05 11:40:00,8.145,8.165,8.145,8.165,4236.0
2026-08-05,2026-08-05 11:45:00,8.165,8.185,8.1609,8.185,10671.0
2026-08-05,2026-08-05 11:50:00,8.17,8.18,8.165,8.175,6073.0
2026-08-05,2026-08-05 11:55:00,8.175,8.21,8.175,8.2,21711.0
2026-08-05,2026-08-05 12:00:00,8.195,8.225,8.1899,8.215,21338.0
2026-08-05,2026-08-05 12:05:00,8.21,8.215,8.2,8.215,5973.0
2026-08-05,2026-08-05 12:10:00,8.21,8.22,8.205,8.215,10706.0
2026-08-05,2026-08-05 12:15:00,8.215,8.23,8.215,8.23,15012.0
2026-08-05,2026-08-05 12:20:00,8.23,8.235,8.205,8.205,17614.0
2026-08-05,2026-08-05 12:25:00,8.21,8.22,8.205,8.205,11040.0
2026-08-05,2026-08-05 12:30:00,8.205,8.225,8.2,8.22,9201.0
2026-08-05,2026-08-05 12:35:00,8.225,8.23,8.205,8.205,5091.0
2026-08-05,2026-08-05 12:40:00,8.205,8.205,8.195,8.205,6615.0
2026-08-05,2026-08-05 12:45:00,8.205,8.205,8.185,8.205,6841.0
2026-08-05,2026-08-05 12:50:00,8.2,8.2091,8.2,8.2091,4725.0
2026-08-05,2026-08-05 12:55:00,8.205,8.215,8.205,8.21,4009.0
2026-08-05,2026-08-05 13:00:00,8.215,8.235,8.215,8.235,12845.0
2026-08-05,2026-08-05 13:05:00,8.235,8.235,8.225,8.225,5523.0
2026-08-05,2026-08-05 13:10:00,8.225,8.225,8.215,8.215,11259.0
2026-08-05,2026-08-05 13:15:00,8.215,8.215,8.205,8.205,3218.0
2026-08-05,2026-08-05 13:20:00,8.21,8.22,8.21,8.22,7397.0
2026-08-05,2026-08-05 13:25:00,8.215,8.215,8.165,8.185,105243.0
2026-08-05,2026-08-05 13:30:00,8.18,8.18,8.16,8.165,10179.0
2026-08-05,2026-08-05 13:35:00,8.165,8.175,8.15,8.155,38820.0
2026-08-05,2026-08-05 13:40:00,8.155,8.16,8.15,8.155,21970.0
2026-08-05,2026-08-05 13:45:00,8.15,8.16,8.135,8.15,44076.0
2026-08-05,2026-08-05 13:50:00,8.15,8.17,8.14,8.165,17700.0
2026-08-05,2026-08-05 13:55:00,8.165,8.185,8.165,8.175,14617.0
2026-08-05,2026-08-05 14:00:00,8.17,8.189,8.17,8.1725,7590.0
2026-08-05,2026-08-05 14:05:00,8.18,8.18,8.17,8.175,5793.0
2026-08-05,2026-08-05 14:10:00,8.175,8.18,8.1701,8.175,6762.0
2026-08-05,2026-08-05 14:15:00,8.17,8.175,8.145,8.15,37877.0
2026-08-05,2026-08-05 14:20:00,8.145,8.1495,8.14,8.145,10262.0
2026-08-05,2026-08-05 14:25:00,8.145,8.155,8.14,8.155,28202.0
2026-08-05,2026-08-05 14:30:00,8.155,8.155,8.155,8.155,9983.0
2026-08-05,2026-08-05 14:35:00,8.15,8.17,8.145,8.155,14362.0
2026-08-05,2026-08-05 14:40:00,8.155,8.155,8.14,8.145,3193.0
2026-08-05,2026-08-05 14:45:00,8.145,8.15,8.14,8.145,4260.0
2026-08-05,2026-08-05 14:50:00,8.145,8.155,8.14,8.155,5993.0
2026-08-05,2026-08-05 14:55:00,8.155,8.17,8.155,8.17,9258.0
2026-08-05,2026-08-05 15:00:00,8.165,8.175,8.165,8.165,14028.0
2026-08-05,2026-08-05 15:05:00,8.165,8.17,8.15,8.15,3600.0
2026-08-05,2026-08-05 15:10:00,8.15,8.16,8.14,8.15,9656.0
2026-08-05,2026-08-05 15:15:00,8.145,8.145,8.135,8.135,4835.0
2026-08-05,2026-08-05 15:20:00,8.13,8.13,8.1,8.105,23474.0
2026-08-05,2026-08-05 15:25:00,8.105,8.105,8.08,8.085,28411.0
2026-08-05,2026-08-05 15:30:00,8.08,8.09,8.08,8.08,22331.0
2026-08-05,2026-08-05 15:35:00,8.0899,8.0899,8.06,8.065,14812.0
2026-08-05,2026-08-05 15:40:00,8.06,8.075,8.06,8.065,17808.0
2026-08-05,2026-08-05 15:45:00,8.065,8.065,8.055,8.065,26774.0
2026-08-05,2026-08-05 15:50:00,8.065,8.085,8.055,8.065,34101.0
2026-08-05,2026-08-05 15:55:00,8.07,8.1,8.07,8.085,57706.0
2026-08-05,2026-08-05 16:00:00,8.08,8.12,8.08,8.11,389682.0
2026-08-06,2026-08-06 09:35:00,7.19,7.435,7.1637,7.26,186135.0
2026-08-06,2026-08-06 09:40:00,7.24,7.25,7.1114,7.195,185760.0
2026-08-06,2026-08-06 09:45:00,7.2,7.3,7.1695,7.3,93383.0
2026-08-06,2026-08-06 09:50:00,7.3,7.3562,7.23,7.32,108805.0
2026-08-06,2026-08-06 09:55:00,7.328,7.358,7.26,7.26,76692.0
2026-08-06,2026-08-06 10:00:00,7.26,7.325,7.25,7.2803,65534.0
2026-08-06,2026-08-06 10:05:00,7.28,7.345,7.26,7.32,75558.0
2026-08-06,2026-08-06 10:10:00,7.33,7.34,7.27,7.305,47618.0
2026-08-06,2026-08-06 10:15:00,7.3001,7.3391,7.24,7.26,85644.0
2026-08-06,2026-08-06 10:20:00,7.255,7.26,7.1,7.115,108732.0
2026-08-06,2026-08-06 10:25:00,7.11,7.115,7.06,7.0609,105026.0
2026-08-06,2026-08-06 10:30:00,7.065,7.09,7.05,7.07,62553.0
2026-08-06,2026-08-06 10:35:00,7.0799,7.125,7.07,7.105,48948.0
2026-08-06,2026-08-06 10:40:00,7.105,7.175,7.1,7.175,44170.0
2026-08-06,2026-08-06 10:45:00,7.17,7.22,7.14,7.145,56951.0
2026-08-06,2026-08-06 10:50:00,7.145,7.156,7.125,7.145,24919.0
2026-08-06,2026-08-06 10:55:00,7.145,7.199,7.135,7.165,42403.0
2026-08-06,2026-08-06 11:00:00,7.165,7.195,7.165,7.185,31375.0
2026-08-06,2026-08-06 11:05:00,7.19,7.2,7.0802,7.0999,64393.0
2026-08-06,2026-08-06 11:10:00,7.095,7.2,7.075,7.125,91464.0
2026-08-06,2026-08-06 11:15:00,7.13,7.185,7.13,7.145,31273.0
2026-08-06,2026-08-06 11:20:00,7.145,7.165,7.14,7.149,46041.0
2026-08-06,2026-08-06 11:25:00,7.145,7.205,7.145,7.185,34974.0
2026-08-06,2026-08-06 11:30:00,7.18,7.22,7.165,7.205,31468.0
2026-08-06,2026-08-06 11:35:00,7.205,7.23,7.189,7.22,31343.0
2026-08-06,2026-08-06 11:40:00,7.22,7.285,7.215,7.285,88891.0
2026-08-06,2026-08-06 11:45:00,7.289,7.34,7.265,7.265,81889.0
2026-08-06,2026-08-06 11:50:00,7.27,7.305,7.27,7.305,26300.0
2026-08-06,2026-08-06 11:55:00,7.309,7.31,7.26,7.2666,16155.0
2026-08-06,2026-08-06 12:00:00,7.265,7.265,7.225,7.26,25252.0
2026-08-06,2026-08-06 12:05:00,7.2699,7.295,7.2699,7.27,28019.0
2026-08-06,2026-08-06 12:10:00,7.26,7.3,7.255,7.295,9259.0
2026-08-06,2026-08-06 12:15:00,7.295,7.315,7.275,7.275,14343.0
2026-08-06,2026-08-06 12:20:00,7.28,7.295,7.275,7.28,13138.0
2026-08-06,2026-08-06 12:25:00,7.29,7.305,7.285,7.295,19487.0
2026-08-06,2026-08-06 12:30:00,7.295,7.3,7.24,7.275,21210.0
2026-08-06,2026-08-06 12:35:00,7.28,7.295,7.275,7.28,10347.0
2026-08-06,2026-08-06 12:40:00,7.285,7.285,7.2501,7.265,12299.0
2026-08-06,2026-08-06 12:45:00,7.265,7.265,7.245,7.245,12026.0
2026-08-06,2026-08-06 12:50:00,7.25,7.255,7.235,7.235,11025.0
2026-08-06,2026-08-06 12:55:00,7.23,7.25,7.225,7.25,15536.0
2026-08-06,2026-08-06 13:00:00,7.2499,7.2499,7.235,7.235,10183.0
2026-08-06,2026-08-06 13:05:00,7.2328,7.25,7.23,7.25,14966.0
2026-08-06,2026-08-06 13:10:00,7.25,7.26,7.2394,7.2394,15247.0
2026-08-06,2026-08-06 13:15:00,7.24,7.24,7.21,7.2199,8548.0
2026-08-06,2026-08-06 13:20:00,7.215,7.24,7.195,7.235,27067.0
2026-08-06,2026-08-06 13:25:00,7.23,7.23,7.205,7.225,16559.0
2026-08-06,2026-08-06 13:30:00,7.225,7.225,7.195,7.2,21492.0
2026-08-06,2026-08-06 13:35:00,7.2,7.219,7.2,7.215,9955.0
2026-08-06,2026-08-06 13:40:00,7.2101,7.215,7.165,7.175,28506.0
2026-08-06,2026-08-06 13:45:00,7.175,7.175,7.1309,7.1411,29627.0
2026-08-06,2026-08-06 13:50:00,7.14,7.155,7.14,7.155,13173.0
2026-08-06,2026-08-06 13:55:00,7.155,7.175,7.15,7.175,16050.0
2026-08-06,2026-08-06 14:00:00,7.18,7.19,7.18,7.18,11809.0
2026-08-06,2026-08-06 14:05:00,7.19,7.19,7.17,7.17,3721.0
2026-08-06,2026-08-06 14:10:00,7.175,7.195,7.17,7.17,17054.0
2026-08-06,2026-08-06 14:15:00,7.17,7.17,7.15,7.16,7952.0
2026-08-06,2026-08-06 14:20:00,7.1599,7.2,7.1599,7.185,11121.0
2026-08-06,2026-08-06 14:25:00,7.185,7.215,7.185,7.205,10694.0
2026-08-06,2026-08-06 14:30:00,7.205,7.21,7.195,7.21,8620.0
2026-08-06,2026-08-06 14:35:00,7.21,7.225,7.205,7.205,12467.0
2026-08-06,2026-08-06 14:40:00,7.205,7.21,7.19,7.21,23189.0
2026-08-06,2026-08-06 14:45:00,7.205,7.215,7.195,7.205,15902.0
2026-08-06,2026-08-06 14:50:00,7.205,7.205,7.1901,7.195,16354.0
2026-08-06,2026-08-06 14:55:00,7.195,7.2,7.18,7.185,37675.0
2026-08-06,2026-08-06 15:00:00,7.185,7.22,7.17,7.19,49975.0
2026-08-06,2026-08-06 15:05:00,7.2,7.205,7.18,7.191,27128.0
2026-08-06,2026-08-06 15:10:00,7.195,7.195,7.185,7.19,14461.0
2026-08-06,2026-08-06 15:15:00,7.185,7.215,7.185,7.215,27169.0
2026-08-06,2026-08-06 15:20:00,7.22,7.245,7.22,7.22,24361.0
2026-08-06,2026-08-06 15:25:00,7.225,7.225,7.205,7.215,29060.0
2026-08-06,2026-08-06 15:30:00,7.215,7.22,7.175,7.185,29357.0
2026-08-06,2026-08-06 15:35:00,7.185,7.27,7.175,7.265,45601.0
2026-08-06,2026-08-06 15:40:00,7.26,7.27,7.225,7.245,58252.0
2026-08-06,2026-08-06 15:45:00,7.25,7.255,7.225,7.23,30328.0
2026-08-06,2026-08-06 15:50:00,7.23,7.255,7.215,7.255,67681.0
2026-08-06,2026-08-06 15:55:00,7.26,7.315,7.26,7.315,153140.0
2026-08-06,2026-08-06 16:00:00,7.315,7.36,7.26,7.36,498274.0
2026-08-07,2026-08-07 09:35:00,7.43,7.6,7.43,7.59,101486.0
2026-08-07,2026-08-07 09:40:00,7.59,7.7256,7.5501,7.665,31503.0
2026-08-07,2026-08-07 09:45:00,7.665,7.73,7.61,7.635,30875.0
2026-08-07,2026-08-07 09:50:00,7.62,7.6937,7.61,7.67,39600.0
2026-08-07,2026-08-07 09:55:00,7.675,7.675,7.61,7.61,20171.0
2026-08-07,2026-08-07 10:00:00,7.6,7.6,7.555,7.58,10408.0
2026-08-07,2026-08-07 10:05:00,7.59,7.7,7.59,7.7,17603.0
2026-08-07,2026-08-07 10:10:00,7.695,7.705,7.645,7.645,37747.0
2026-08-07,2026-08-07 10:15:00,7.641,7.679,7.635,7.655,14968.0
2026-08-07,2026-08-07 10:20:00,7.655,7.775,7.655,7.745,97739.0
2026-08-07,2026-08-07 10:25:00,7.7401,7.78,7.725,7.765,39573.0
2026-08-07,2026-08-07 10:30:00,7.765,7.821,7.755,7.805,26695.0
2026-08-07,2026-08-07 10:35:00,7.8,7.8,7.775,7.79,16670.0
2026-08-07,2026-08-07 10:40:00,7.81,7.82,7.805,7.82,13648.0
2026-08-07,2026-08-07 10:45:00,7.81,7.825,7.81,7.825,17392.0
2026-08-07,2026-08-07 10:50:00,7.83,7.9,7.7901,7.7901,51584.0
2026-08-07,2026-08-07 10:55:00,7.795,7.805,7.76,7.805,11228.0
2026-08-07,2026-08-07 11:00:00,7.805,7.805,7.765,7.765,10283.0
2026-08-07,2026-08-07 11:05:00,7.765,7.785,7.76,7.77,11567.0
2026-08-07,2026-08-07 11:10:00,7.77,7.79,7.77,7.785,8933.0
2026-08-07,2026-08-07 11:15:00,7.785,7.7988,7.775,7.785,9935.0
2026-08-07,2026-08-07 11:20:00,7.785,7.79,7.78,7.785,8217.0
2026-08-07,2026-08-07 11:25:00,7.785,7.7992,7.781,7.7992,7550.0
2026-08-07,2026-08-07 11:30:00,7.81,7.84,7.795,7.8,26102.0
2026-08-07,2026-08-07 11:35:00,7.795,7.82,7.775,7.78,42056.0
2026-08-07,2026-08-07 11:40:00,7.7709,7.84,7.7709,7.825,31156.0
2026-08-07,2026-08-07 11:45:00,7.8201,7.8201,7.755,7.76,15872.0
2026-08-07,2026-08-07 11:50:00,7.75,7.76,7.74,7.76,9754.0
2026-08-07,2026-08-07 11:55:00,7.765,7.79,7.76,7.77,9324.0
2026-08-07,2026-08-07 12:00:00,7.77,7.78,7.75,7.77,8372.0
2026-08-07,2026-08-07 12:05:00,7.775,7.82,7.775,7.805,10535.0
2026-08-07,2026-08-07 12:10:00,7.8,7.815,7.795,7.81,9653.0
2026-08-07,2026-08-07 12:15:00,7.81,7.815,7.805,7.805,5880.0
2026-08-07,2026-08-07 12:20:00,7.805,7.82,7.798,7.8,16631.0
2026-08-07,2026-08-07 12:25:00,7.795,7.795,7.785,7.785,8619.0
2026-08-07,2026-08-07 12:30:00,7.781,7.781,7.755,7.765,14600.0
2026-08-07,2026-08-07 12:35:00,7.761,7.77,7.7501,7.765,12547.0
2026-08-07,2026-08-07 12:40:00,7.77,7.775,7.765,7.775,4832.0
2026-08-07,2026-08-07 12:45:00,7.785,7.79,7.78,7.785,4982.0
2026-08-07,2026-08-07 12:50:00,7.79,7.79,7.755,7.76,13410.0
2026-08-07,2026-08-07 12:55:00,7.77,7.78,7.765,7.78,10746.0
2026-08-07,2026-08-07 13:00:00,7.775,7.785,7.775,7.785,5300.0
2026-08-07,2026-08-07 13:05:00,7.78,7.785,7.775,7.785,5684.0
2026-08-07,2026-08-07 13:10:00,7.78,7.79,7.78,7.785,3107.0
2026-08-07,2026-08-07 13:15:00,7.78,7.79,7.765,7.79,19568.0
2026-08-07,2026-08-07 13:20:00,7.8,7.815,7.8,7.815,13376.0
2026-08-07,2026-08-07 13:25:00,7.8191,7.83,7.815,7.815,15072.0
2026-08-07,2026-08-07 13:30:00,7.82,7.855,7.82,7.84,30106.0
2026-08-07,2026-08-07 13:35:00,7.845,7.855,7.84,7.849,14880.0
2026-08-07,2026-08-07 13:40:00,7.845,7.855,7.835,7.855,10374.0
2026-08-07,2026-08-07 13:45:00,7.8501,7.852,7.841,7.8499,8795.0
2026-08-07,2026-08-07 13:50:00,7.845,7.865,7.845,7.865,10921.0
2026-08-07,2026-08-07 13:55:00,7.87,7.87,7.865,7.865,8328.0
2026-08-07,2026-08-07 14:00:00,7.865,7.87,7.8601,7.865,8862.0
2026-08-07,2026-08-07 14:05:00,7.865,7.87,7.845,7.845,15058.0
2026-08-07,2026-08-07 14:10:00,7.845,7.845,7.845,7.845,10886.0
2026-08-07,2026-08-07 14:15:00,7.845,7.85,7.8,7.84,22931.0
2026-08-07,2026-08-07 14:20:00,7.83,7.85,7.83,7.83,15899.0
2026-08-07,2026-08-07 14:25:00,7.835,7.8399,7.82,7.835,7104.0
2026-08-07,2026-08-07 14:30:00,7.835,7.84,7.825,7.825,7651.0
2026-08-07,2026-08-07 14:35:00,7.825,7.83,7.825,7.825,4346.0
2026-08-07,2026-08-07 14:40:00,7.825,7.85,7.825,7.835,21199.0
2026-08-07,2026-08-07 14:45:00,7.835,7.845,7.82,7.82,16194.0
2026-08-07,2026-08-07 14:50:00,7.82,7.84,7.82,7.84,10781.0
2026-08-07,2026-08-07 14:55:00,7.85,7.86,7.845,7.85,15779.0
2026-08-07,2026-08-07 15:00:00,7.845,7.879,7.845,7.875,34291.0
2026-08-07,2026-08-07 15:05:00,7.875,7.879,7.85,7.855,13868.0
2026-08-07,2026-08-07 15:10:00,7.855,7.86,7.851,7.855,7769.0
2026-08-07,2026-08-07 15:15:00,7.85,7.8599,7.835,7.855,22279.0
2026-08-07,2026-08-07 15:20:00,7.855,7.885,7.8501,7.885,20136.0
2026-08-07,2026-08-07 15:25:00,7.89,7.91,7.89,7.91,25202.0
2026-08-07,2026-08-07 15:30:00,7.911,7.93,7.86,7.88,121191.0
2026-08-07,2026-08-07 15:35:00,7.88,7.895,7.875,7.895,32187.0
2026-08-07,2026-08-07 15:40:00,7.89,7.9,7.875,7.895,94394.0
2026-08-07,2026-08-07 15:45:00,7.9,7.9,7.875,7.885,30637.0
2026-08-07,2026-08-07 15:50:00,7.885,7.955,7.885,7.935,45357.0
2026-08-07,2026-08-07 15:55:00,7.94,7.99,7.94,7.99,83555.0
2026-08-07,2026-08-07 16:00:00,7.99,8.02,7.9101,7.93,514799.0
2026-08-10,2026-08-10 09:35:00,7.96,7.96,7.8,7.93,59264.0
2026-08-10,2026-08-10 09:40:00,7.935,7.971,7.916,7.93,15257.0
2026-08-10,2026-08-10 09:45:00,7.93,7.93,7.85,7.855,12229.0
2026-08-10,2026-08-10 09:50:00,7.855,7.875,7.83,7.83,14926.0
2026-08-10,2026-08-10 09:55:00,7.83,7.85,7.822,7.84,25593.0
2026-08-10,2026-08-10 10:00:00,7.848,7.865,7.82,7.82,26945.0
2026-08-10,2026-08-10 10:05:00,7.82,7.9,7.81,7.895,20594.0
2026-08-10,2026-08-10 10:10:00,7.895,7.91,7.8899,7.905,12591.0
2026-08-10,2026-08-10 10:15:00,7.905,7.94,7.895,7.93,26215.0
2026-08-10,2026-08-10 10:20:00,7.935,7.94,7.93,7.94,7328.0
2026-08-10,2026-08-10 10:25:00,7.95,7.985,7.95,7.985,12979.0
2026-08-10,2026-08-10 10:30:00,7.985,8.005,7.975,8.0,20936.0
2026-08-10,2026-08-10 10:35:00,7.995,7.995,7.945,7.95,9060.0
2026-08-10,2026-08-10 10:40:00,7.955,7.9691,7.95,7.965,8105.0
2026-08-10,2026-08-10 10:45:00,7.965,7.965,7.95,7.955,9398.0
2026-08-10,2026-08-10 10:50:00,7.955,7.96,7.945,7.95,11506.0
2026-08-10,2026-08-10 10:55:00,7.955,7.96,7.9356,7.94,28990.0
2026-08-10,2026-08-10 11:00:00,7.94,7.9404,7.9309,7.94,16306.0
2026-08-10,2026-08-10 11:05:00,7.94,7.945,7.93,7.94,6784.0
2026-08-10,2026-08-10 11:10:00,7.94,7.975,7.94,7.965,12056.0
2026-08-10,2026-08-10 11:15:00,7.965,7.975,7.9609,7.975,7528.0
2026-08-10,2026-08-10 11:20:00,7.975,8.02,7.975,8.015,30713.0
2026-08-10,2026-08-10 11:25:00,8.015,8.0499,8.01,8.045,24682.0
2026-08-10,2026-08-10 11:30:00,8.045,8.055,8.025,8.035,26723.0
2026-08-10,2026-08-10 11:35:00,8.035,8.035,8.015,8.02,12420.0
2026-08-10,2026-08-10 11:40:00,8.0299,8.0699,8.0287,8.06,28758.0
2026-08-10,2026-08-10 11:45:00,8.055,8.06,8.04,8.055,18862.0
2026-08-10,2026-08-10 11:50:00,8.06,8.065,8.045,8.055,15671.0
2026-08-10,2026-08-10 11:55:00,8.05,8.07,8.05,8.065,14351.0
2026-08-10,2026-08-10 12:00:00,8.07,8.07,8.065,8.07,4024.0
2026-08-10,2026-08-10 12:05:00,8.065,8.07,8.04,8.04,7897.0
2026-08-10,2026-08-10 12:10:00,8.035,8.04,8.035,8.04,4773.0
2026-08-10,2026-08-10 12:15:00,8.0399,8.0491,8.035,8.0491,8408.0
2026-08-10,2026-08-10 12:20:00,8.045,8.055,8.045,8.045,4850.0
2026-08-10,2026-08-10 12:25:00,8.045,8.05,8.035,8.045,22888.0
2026-08-10,2026-08-10 12:30:00,8.04,8.045,7.995,8.0,16948.0
2026-08-10,2026-08-10 12:35:00,8.005,8.005,7.985,8.005,9778.0
2026-08-10,2026-08-10 12:40:00,8.005,8.005,7.9891,8.0029,11483.0
2026-08-10,2026-08-10 12:45:00,8.005,8.005,8.005,8.005,3870.0
2026-08-10,2026-08-10 12:50:00,8.0027,8.0027,7.98,7.98,12068.0
2026-08-10,2026-08-10 12:55:00,7.985,7.99,7.98,7.985,15354.0
2026-08-10,2026-08-10 13:00:00,7.985,7.99,7.98,7.9899,4088.0
2026-08-10,2026-08-10 13:05:00,7.98,7.99,7.965,7.965,10774.0
2026-08-10,2026-08-10 13:10:00,7.96,7.965,7.96,7.96,5075.0
2026-08-10,2026-08-10 13:15:00,7.97,7.97,7.955,7.965,11913.0
2026-08-10,2026-08-10 13:20:00,7.97,7.97,7.96,7.96,11990.0
2026-08-10,2026-08-10 13:25:00,7.955,7.959,7.945,7.945,8041.0
2026-08-10,2026-08-10 13:30:00,7.945,7.95,7.945,7.95,5451.0
2026-08-10,2026-08-10 13:35:00,7.945,7.955,7.941,7.955,6036.0
2026-08-10,2026-08-10 13:40:00,7.955,7.955,7.9412,7.9412,7878.0
2026-08-10,2026-08-10 13:45:00,7.94,7.94,7.9309,7.935,6153.0
2026-08-10,2026-08-10 13:50:00,7.935,7.945,7.9311,7.94,8422.0
2026-08-10,2026-08-10 13:55:00,7.94,7.9456,7.935,7.945,5522.0
2026-08-10,2026-08-10 14:00:00,7.945,7.9452,7.935,7.935,8727.0
2026-08-10,2026-08-10 14:05:00,7.94,7.945,7.93,7.9323,13325.0
2026-08-10,2026-08-10 14:10:00,7.93,7.935,7.9295,7.9295,3292.0
2026-08-10,2026-08-10 14:15:00,7.9209,7.935,7.92,7.935,9640.0
2026-08-10,2026-08-10 14:20:00,7.93,7.935,7.93,7.935,7368.0
2026-08-10,2026-08-10 14:25:00,7.94,7.95,7.94,7.9491,8226.0
2026-08-10,2026-08-10 14:30:00,7.95,7.965,7.95,7.965,5364.0
2026-08-10,2026-08-10 14:35:00,7.9601,7.965,7.95,7.955,25492.0
2026-08-10,2026-08-10 14:40:00,7.955,7.96,7.955,7.96,4175.0
2026-08-10,2026-08-10 14:45:00,7.96,7.96,7.945,7.945,9798.0
2026-08-10,2026-08-10 14:50:00,7.95,7.95,7.94,7.945,9847.0
2026-08-10,2026-08-10 14:55:00,7.9405,7.945,7.94,7.9409,8370.0
2026-08-10,2026-08-10 15:00:00,7.9401,7.95,7.93,7.93,9623.0
2026-08-10,2026-08-10 15:05:00,7.93,7.945,7.925,7.925,17772.0
2026-08-10,2026-08-10 15:10:00,7.925,7.93,7.915,7.915,14667.0
2026-08-10,2026-08-10 15:15:00,7.91,7.92,7.905,7.905,13778.0
2026-08-10,2026-08-10 15:20:00,7.91,7.915,7.905,7.911,8271.0
2026-08-10,2026-08-10 15:25:00,7.91,7.919,7.905,7.91,7292.0
2026-08-10,2026-08-10 15:30:00,7.91,7.925,7.91,7.925,9249.0
2026-08-10,2026-08-10 15:35:00,7.925,7.925,7.875,7.8797,33590.0
2026-08-10,2026-08-10 15:40:00,7.875,7.8764,7.87,7.875,8530.0
2026-08-10,2026-08-10 15:45:00,7.875,7.8889,7.87,7.8889,18712.0
2026-08-10,2026-08-10 15:50:00,7.885,7.895,7.88,7.881,13939.0
2026-08-10,2026-08-10 15:55:00,7.88,7.895,7.855,7.87,63058.0
2026-08-10,2026-08-10 16:00:00,7.88,7.99,7.875,7.99,432579.0
2026-08-11,2026-08-11 09:35:00,8.0,8.08,7.96,7.96,154407.0
2026-08-11,2026-08-11 09:40:00,8.07,8.07,7.965,8.03,1606.0
2026-08-11,2026-08-11 09:45:00,8.03,8.04,8.025,8.03,2282.0
2026-08-11,2026-08-11 09:50:00,8.04,8.11,8.04,8.1,28439.0
2026-08-11,2026-08-11 09:55:00,8.107,8.15,8.107,8.15,29622.0
2026-08-11,2026-08-11 10:00:00,8.16,8.165,8.147585,8.16,14816.0
2026-08-11,2026-08-11 10:05:00,8.16,8.22,8.16,8.215,21143.0
2026-08-11,2026-08-11 10:10:00,8.215,8.2597,8.215,8.25,40979.0
2026-08-11,2026-08-11 10:15:00,8.255,8.27,8.23,8.23,18890.0
2026-08-11,2026-08-11 10:20:00,8.235,8.24,8.185,8.195,62721.0
2026-08-11,2026-08-11 10:25:00,8.195,8.215,8.191,8.215,12107.0
2026-08-11,2026-08-11 10:30:00,8.22,8.255,8.22,8.225,25953.0
2026-08-11,2026-08-11 10:35:00,8.23,8.235,8.21,8.22,24478.0
2026-08-11,2026-08-11 10:40:00,8.23,8.24,8.23,8.235,7875.0
2026-08-11,2026-08-11 10:45:00,8.2309,8.255,8.2301,8.235,15025.0
2026-08-11,2026-08-11 10:50:00,8.24,8.24,8.23,8.24,9169.0
2026-08-11,2026-08-11 10:55:00,8.235,8.27,8.231,8.25,16236.0
2026-08-11,2026-08-11 11:00:00,8.25,8.27,8.25,8.255,14547.0
2026-08-11,2026-08-11 11:05:00,8.255,8.265,8.245,8.255,37595.0
2026-08-11,2026-08-11 11:10:00,8.255,8.26,8.245,8.245,18701.0
2026-08-11,2026-08-11 11:15:00,8.24,8.25,8.24,8.245,20322.0
2026-08-11,2026-08-11 11:20:00,8.245,8.255,8.24,8.255,13981.0
2026-08-11,2026-08-11 11:25:00,8.25,8.26,8.245,8.255,5893.0
2026-08-11,2026-08-11 11:30:00,8.26,8.28,8.255,8.28,9084.0
2026-08-11,2026-08-11 11:35:00,8.28,8.285,8.255,8.255,13532.0
2026-08-11,2026-08-11 11:40:00,8.26,8.265,8.26,8.265,2673.0
2026-08-11,2026-08-11 11:45:00,8.265,8.2788,8.265,8.2788,5219.0
2026-08-11,2026-08-11 11:50:00,8.28,8.285,8.2705,8.28,13190.0
2026-08-11,2026-08-11 11:55:00,8.275,8.28,8.275,8.275,16156.0
2026-08-11,2026-08-11 12:00:00,8.275,8.275,8.255,8.265,15331.0
2026-08-11,2026-08-11 12:05:00,8.27,8.28,8.265,8.265,10367.0
2026-08-11,2026-08-11 12:10:00,8.27,8.285,8.265,8.275,11817.0
2026-08-11,2026-08-11 12:15:00,8.275,8.275,8.265,8.265,8031.0
2026-08-11,2026-08-11 12:20:00,8.265,8.27,8.2601,8.265,3384.0
2026-08-11,2026-08-11 12:25:00,8.265,8.28,8.265,8.275,6453.0
2026-08-11,2026-08-11 12:30:00,8.275,8.285,8.2731,8.28,10160.0
2026-08-11,2026-08-11 12:35:00,8.275,8.275,8.265,8.265,9132.0
2026-08-11,2026-08-11 12:40:00,8.26,8.27,8.255,8.27,7263.0
2026-08-11,2026-08-11 12:45:00,8.27,8.29,8.27,8.285,7905.0
2026-08-11,2026-08-11 12:50:00,8.29,8.295,8.281,8.295,27103.0
2026-08-11,2026-08-11 12:55:00,8.295,8.31,8.29,8.305,12654.0
2026-08-11,2026-08-11 13:00:00,8.301,8.305,8.295,8.295,7175.0
2026-08-11,2026-08-11 13:05:00,8.3,8.305,8.2905,8.305,8189.0
2026-08-11,2026-08-11 13:10:00,8.3001,8.31,8.3001,8.31,4734.0
2026-08-11,2026-08-11 13:15:00,8.3091,8.32,8.305,8.305,28013.0
2026-08-11,2026-08-11 13:20:00,8.305,8.325,8.305,8.325,9232.0
2026-08-11,2026-08-11 13:25:00,8.3246,8.325,8.315,8.32,12878.0
2026-08-11,2026-08-11 13:30:00,8.315,8.32,8.31,8.315,3972.0
2026-08-11,2026-08-11 13:35:00,8.32,8.33,8.32,8.33,9205.0
2026-08-11,2026-08-11 13:40:00,8.325,8.3489,8.325,8.345,23817.0
2026-08-11,2026-08-11 13:45:00,8.3444,8.37,8.3444,8.365,15102.0
2026-08-11,2026-08-11 13:50:00,8.365,8.4,8.365,8.4,21406.0
2026-08-11,2026-08-11 13:55:00,8.395,8.405,8.38,8.395,20182.0
2026-08-11,2026-08-11 14:00:00,8.4,8.41,8.39,8.39,5703.0
2026-08-11,2026-08-11 14:05:00,8.395,8.425,8.395,8.425,7889.0
2026-08-11,2026-08-11 14:10:00,8.43,8.436,8.4109,8.4109,12758.0
2026-08-11,2026-08-11 14:15:00,8.42,8.425,8.415,8.4167,10945.0
2026-08-11,2026-08-11 14:20:00,8.42,8.425,8.395,8.395,18134.0
2026-08-11,2026-08-11 14:25:00,8.395,8.395,8.36,8.375,22899.0
2026-08-11,2026-08-11 14:30:00,8.375,8.375,8.355,8.36,16544.0
2026-08-11,2026-08-11 14:35:00,8.365,8.385,8.365,8.375,13443.0
2026-08-11,2026-08-11 14:40:00,8.3705,8.38,8.365,8.37,15309.0
2026-08-11,2026-08-11 14:45:00,8.3791,8.3791,8.355,8.365,11122.0
2026-08-11,2026-08-11 14:50:00,8.36,8.37,8.36,8.365,4347.0
2026-08-11,2026-08-11 14:55:00,8.365,8.385,8.355,8.375,27533.0
2026-08-11,2026-08-11 15:00:00,8.375,8.385,8.3711,8.3751,19358.0
2026-08-11,2026-08-11 15:05:00,8.375,8.38,8.365,8.375,15052.0
2026-08-11,2026-08-11 15:10:00,8.375,8.385,8.365,8.385,12351.0
2026-08-11,2026-08-11 15:15:00,8.385,8.385,8.32,8.325,34233.0
2026-08-11,2026-08-11 15:20:00,8.325,8.33,8.315,8.325,9505.0
2026-08-11,2026-08-11 15:25:00,8.325,8.33,8.325,8.3263,5160.0
2026-08-11,2026-08-11 15:30:00,8.325,8.355,8.31,8.31,58721.0
2026-08-11,2026-08-11 15:35:00,8.31,8.32,8.305,8.315,13656.0
2026-08-11,2026-08-11 15:40:00,8.315,8.325,8.315,8.325,9598.0
2026-08-11,2026-08-11 15:45:00,8.325,8.33,8.31,8.31,18023.0
2026-08-11,2026-08-11 15:50:00,8.31,8.31,8.28,8.285,22147.0
2026-08-11,2026-08-11 15:55:00,8.29,8.365,8.285,8.35,49867.0
2026-08-11,2026-08-11 16:00:00,8.345,8.39,8.335,8.39,346500.0
2026-08-12,2026-08-12 09:35:00,8.365,8.47,8.26,8.355,39996.0
2026-08-12,2026-08-12 09:40:00,8.355,8.358,8.3052,8.3052,5050.0
2026-08-12,2026-08-12 09:45:00,8.32,8.32,8.285,8.285,16462.0
2026-08-12,2026-08-12 09:50:00,8.28,8.28,8.235,8.24,22704.0
2026-08-12,2026-08-12 09:55:00,8.24,8.285,8.24,8.255,17448.0
2026-08-12,2026-08-12 10:00:00,8.254,8.33,8.254,8.3,40784.0
2026-08-12,2026-08-12 10:05:00,8.305,8.395,8.3,8.371,11178.0
2026-08-12,2026-08-12 10:10:00,8.375,8.395,8.365,8.385,9989.0
2026-08-12,2026-08-12 10:15:00,8.38,8.405,8.365,8.385,13873.0
2026-08-12,2026-08-12 10:20:00,8.39,8.4,8.39,8.395,7850.0
2026-08-12,2026-08-12 10:25:00,8.395,8.4,8.36,8.4,14571.0
2026-08-12,2026-08-12 10:30:00,8.391,8.4053,8.39,8.405,8097.0
2026-08-12,2026-08-12 10:35:00,8.4,8.415,8.39,8.415,39186.0
2026-08-12,2026-08-12 10:40:00,8.41,8.459,8.405,8.45,11445.0
2026-08-12,2026-08-12 10:45:00,8.46,8.465,8.4598,8.465,4272.0
2026-08-12,2026-08-12 10:50:00,8.47,8.51,8.465,8.5,43481.0
2026-08-12,2026-08-12 10:55:00,8.505,8.51,8.4445,8.445,18191.0
2026-08-12,2026-08-12 11:00:00,8.4499,8.45,8.44,8.44,9895.0
2026-08-12,2026-08-12 11:05:00,8.435,8.44,8.4301,8.4335,8522.0
2026-08-12,2026-08-12 11:10:00,8.435,8.46,8.435,8.445,10883.0
2026-08-12,2026-08-12 11:15:00,8.445,8.45,8.435,8.435,9300.0
2026-08-12,2026-08-12 11:20:00,8.435,8.46,8.43,8.445,8638.0
2026-08-12,2026-08-12 11:25:00,8.445,8.45,8.415,8.445,67924.0
2026-08-12,2026-08-12 11:30:00,8.445,8.51,8.445,8.4919,41443.0
2026-08-12,2026-08-12 11:35:00,8.4909,8.4909,8.46,8.465,21089.0
2026-08-12,2026-08-12 11:40:00,8.47,8.47,8.45,8.455,4964.0
2026-08-12,2026-08-12 11:45:00,8.46,8.485,8.46,8.465,22471.0
2026-08-12,2026-08-12 11:50:00,8.465,8.465,8.455,8.465,5336.0
2026-08-12,2026-08-12 11:55:00,8.46,8.46,8.435,8.44,20522.0
2026-08-12,2026-08-12 12:00:00,8.44,8.445,8.4311,8.445,22090.0
2026-08-12,2026-08-12 12:05:00,8.45,8.46,8.445,8.455,6815.0
2026-08-12,2026-08-12 12:10:00,8.46,8.465,8.45,8.465,8946.0
2026-08-12,2026-08-12 12:15:00,8.465,8.47,8.46,8.46,3702.0
2026-08-12,2026-08-12 12:20:00,8.465,8.465,8.405,8.415,26505.0
2026-08-12,2026-08-12 12:25:00,8.4113,8.46,8.385,8.455,21712.0
2026-08-12,2026-08-12 12:30:00,8.45,8.45,8.441,8.445,5292.0
2026-08-12,2026-08-12 12:35:00,8.445,8.4478,8.415,8.425,10128.0
2026-08-12,2026-08-12 12:40:00,8.425,8.425,8.405,8.405,7831.0
2026-08-12,2026-08-12 12:45:00,8.405,8.405,8.4009,8.405,3743.0
2026-08-12,2026-08-12 12:50:00,8.4037,8.415,8.401,8.405,13472.0
2026-08-12,2026-08-12 12:55:00,8.4046,8.405,8.375,8.375,8910.0
2026-08-12,2026-08-12 13:00:00,8.38,8.386,8.38,8.385,8353.0
2026-08-12,2026-08-12 13:05:00,8.385,8.39,8.38,8.385,12812.0
2026-08-12,2026-08-12 13:10:00,8.3855,8.405,8.3855,8.4,12015.0
2026-08-12,2026-08-12 13:15:00,8.405,8.41,8.401,8.405,4789.0
2026-08-12,2026-08-12 13:20:00,8.405,8.405,8.375,8.405,27704.0
2026-08-12,2026-08-12 13:25:00,8.405,8.435,8.405,8.435,22505.0
2026-08-12,2026-08-12 13:30:00,8.4311,8.45,8.4301,8.435,9919.0
2026-08-12,2026-08-12 13:35:00,8.43,8.44,8.41,8.41,66831.0
2026-08-12,2026-08-12 13:40:00,8.415,8.4177,8.41,8.415,6212.0
2026-08-12,2026-08-12 13:45:00,8.42,8.42,8.405,8.405,10180.0
2026-08-12,2026-08-12 13:50:00,8.401,8.405,8.4001,8.405,3239.0
2026-08-12,2026-08-12 13:55:00,8.405,8.415,8.4001,8.415,11975.0
2026-08-12,2026-08-12 14:00:00,8.41,8.42,8.41,8.41,5851.0
2026-08-12,2026-08-12 14:05:00,8.415,8.43,8.415,8.425,7310.0
2026-08-12,2026-08-12 14:10:00,8.425,8.435,8.425,8.4311,8527.0
2026-08-12,2026-08-12 14:15:00,8.435,8.44,8.4311,8.4311,4627.0
2026-08-12,2026-08-12 14:20:00,8.43,8.43,8.4,8.401,18303.0
2026-08-12,2026-08-12 14:25:00,8.4,8.415,8.395,8.415,21726.0
2026-08-12,2026-08-12 14:30:00,8.415,8.42,8.4,8.415,15384.0
2026-08-12,2026-08-12 14:35:00,8.42,8.42,8.41,8.415,12080.0
2026-08-12,2026-08-12 14:40:00,8.41,8.415,8.395,8.41,14428.0
2026-08-12,2026-08-12 14:45:00,8.4,8.4,8.38,8.385,18812.0
2026-08-12,2026-08-12 14:50:00,8.3891,8.3895,8.385,8.385,3585.0
2026-08-12,2026-08-12 14:55:00,8.385,8.385,8.355,8.375,24454.0
2026-08-12,2026-08-12 15:00:00,8.37,8.375,8.345,8.375,25784.0
2026-08-12,2026-08-12 15:05:00,8.37,8.4,8.37,8.395,9575.0
2026-08-12,2026-08-12 15:10:00,8.39,8.4,8.385,8.395,7405.0
2026-08-12,2026-08-12 15:15:00,8.4,8.41,8.395,8.405,11408.0
2026-08-12,2026-08-12 15:20:00,8.405,8.405,8.395,8.4,16561.0
2026-08-12,2026-08-12 15:25:00,8.4,8.4091,8.395,8.405,8018.0
2026-08-12,2026-08-12 15:30:00,8.4,8.405,8.395,8.4,21710.0
2026-08-12,2026-08-12 15:35:00,8.4,8.43,8.4,8.415,21678.0
2026-08-12,2026-08-12 15:40:00,8.42,8.43,8.415,8.43,9438.0
2026-08-12,2026-08-12 15:45:00,8.425,8.43,8.42,8.425,16357.0
2026-08-12,2026-08-12 15:50:00,8.425,8.49,8.425,8.49,67742.0
2026-08-12,2026-08-12 15:55:00,8.485,8.5,8.465,8.5,76577.0
2026-08-12,2026-08-12 16:00:00,8.5,8.52,8.48,8.49,358027.0
2026-08-13,2026-08-13 09:35:00,8.59,8.7,8.58,8.62,63806.0
2026-08-13,2026-08-13 09:40:00,8.63,8.63,8.56,8.62,17058.0
2026-08-13,2026-08-13 09:45:00,8.61,8.63,8.55,8.55,19805.0
2026-08-13,2026-08-13 09:50:00,8.53,8.63,8.525,8.61,16240.0
2026-08-13,2026-08-13 09:55:00,8.6195,8.65,8.61,8.65,6538.0
2026-08-13,2026-08-13 10:00:00,8.659,8.69,8.6316,8.64,14334.0
2026-08-13,2026-08-13 10:05:00,8.65,8.6799,8.635,8.645,26142.0
2026-08-13,2026-08-13 10:10:00,8.64,8.65,8.6,8.61,17116.0
2026-08-13,2026-08-13 10:15:00,8.61,8.615,8.575,8.605,16641.0
2026-08-13,2026-08-13 10:20:00,8.595,8.595,8.55,8.575,32558.0
2026-08-13,2026-08-13 10:25:00,8.5709,8.6,8.57,8.59,34910.0
2026-08-13,2026-08-13 10:30:00,8.585,8.61,8.585,8.61,24115.0
2026-08-13,2026-08-13 10:35:00,8.605,8.615,8.595,8.595,11523.0
2026-08-13,2026-08-13 10:40:00,8.595,8.6,8.57,8.575,6584.0
2026-08-13,2026-08-13 10:45:00,8.575,8.595,8.575,8.58,8855.0
2026-08-13,2026-08-13 10:50:00,8.58,8.585,8.535,8.555,34021.0
2026-08-13,2026-08-13 10:55:00,8.555,8.56,8.551,8.555,8940.0
2026-08-13,2026-08-13 11:00:00,8.56,8.58,8.545,8.575,27755.0
2026-08-13,2026-08-13 11:05:00,8.575,8.595,8.575,8.585,7777.0
2026-08-13,2026-08-13 11:10:00,8.585,8.585,8.56,8.56,11297.0
2026-08-13,2026-08-13 11:15:00,8.565,8.575,8.56,8.57,17263.0
2026-08-13,2026-08-13 11:20:00,8.565,8.575,8.565,8.57,8193.0
2026-08-13,2026-08-13 11:25:00,8.565,8.565,8.525,8.525,14652.0
2026-08-13,2026-08-13 11:30:00,8.525,8.525,8.47,8.495,176742.0
2026-08-13,2026-08-13 11:35:00,8.495,8.52,8.495,8.52,20293.0
2026-08-13,2026-08-13 11:40:00,8.52,8.525,8.505,8.505,7206.0
2026-08-13,2026-08-13 11:45:00,8.505,8.535,8.505,8.52,17808.0
2026-08-13,2026-08-13 11:50:00,8.525,8.545,8.52,8.545,9743.0
2026-08-13,2026-08-13 11:55:00,8.55,8.555,8.545,8.545,7045.0
2026-08-13,2026-08-13 12:00:00,8.55,8.55,8.54,8.54,7954.0
2026-08-13,2026-08-13 12:05:00,8.545,8.55,8.535,8.535,6639.0
2026-08-13,2026-08-13 12:10:00,8.535,8.535,8.515,8.52,7183.0
2026-08-13,2026-08-13 12:15:00,8.51,8.515,8.505,8.515,6474.0
2026-08-13,2026-08-13 12:20:00,8.51,8.519,8.485,8.519,12804.0
2026-08-13,2026-08-13 12:25:00,8.52,8.52,8.505,8.505,2740.0
2026-08-13,2026-08-13 12:30:00,8.505,8.515,8.505,8.515,7221.0
2026-08-13,2026-08-13 12:35:00,8.52,8.52,8.515,8.515,4129.0
2026-08-13,2026-08-13 12:40:00,8.515,8.525,8.515,8.515,6313.0
2026-08-13,2026-08-13 12:45:00,8.515,8.515,8.5,8.505,13871.0
2026-08-13,2026-08-13 12:50:00,8.505,8.505,8.495,8.5,10530.0
2026-08-13,2026-08-13 12:55:00,8.495,8.495,8.485,8.4888,6968.0
2026-08-13,2026-08-13 13:00:00,8.48,8.49,8.46,8.465,11255.0
2026-08-13,2026-08-13 13:05:00,8.465,8.4691,8.451,8.455,9254.0
2026-08-13,2026-08-13 13:10:00,8.455,8.465,8.455,8.465,8578.0
2026-08-13,2026-08-13 13:15:00,8.469,8.469,8.455,8.465,8492.0
2026-08-13,2026-08-13 13:20:00,8.465,8.48,8.46,8.479,6226.0
2026-08-13,2026-08-13 13:25:00,8.475,8.48,8.47,8.475,4430.0
2026-08-13,2026-08-13 13:30:00,8.475,8.485,8.465,8.465,16443.0
2026-08-13,2026-08-13 13:35:00,8.465,8.47,8.45,8.455,8821.0
2026-08-13,2026-08-13 13:40:00,8.45,8.46,8.44,8.445,17556.0
2026-08-13,2026-08-13 13:45:00,8.441,8.455,8.441,8.445,7588.0
2026-08-13,2026-08-13 13:50:00,8.445,8.445,8.41,8.41,18778.0
2026-08-13,2026-08-13 13:55:00,8.415,8.42,8.395,8.395,9115.0
2026-08-13,2026-08-13 14:00:00,8.395,8.415,8.395,8.41,9490.0
2026-08-13,2026-08-13 14:05:00,8.415,8.429,8.4111,8.425,11130.0
2026-08-13,2026-08-13 14:10:00,8.425,8.425,8.415,8.415,9423.0
2026-08-13,2026-08-13 14:15:00,8.415,8.425,8.405,8.405,11663.0
2026-08-13,2026-08-13 14:20:00,8.405,8.415,8.405,8.415,6839.0
2026-08-13,2026-08-13 14:25:00,8.415,8.42,8.4,8.415,11626.0
2026-08-13,2026-08-13 14:30:00,8.415,8.425,8.41,8.415,6889.0
2026-08-13,2026-08-13 14:35:00,8.415,8.425,8.4,8.405,11072.0
2026-08-13,2026-08-13 14:40:00,8.405,8.405,8.385,8.39,22220.0
2026-08-13,2026-08-13 14:45:00,8.385,8.405,8.375,8.395,11558.0
2026-08-13,2026-08-13 14:50:00,8.395,8.405,8.39,8.405,7433.0
2026-08-13,2026-08-13 14:55:00,8.405,8.41,8.4,8.405,7607.0
2026-08-13,2026-08-13 15:00:00,8.405,8.416,8.395,8.4,17515.0
2026-08-13,2026-08-13 15:05:00,8.395,8.41,8.395,8.405,8741.0
2026-08-13,2026-08-13 15:10:00,8.405,8.405,8.4,8.405,4449.0
2026-08-13,2026-08-13 15:15:00,8.405,8.405,8.385,8.385,12487.0
2026-08-13,2026-08-13 15:20:00,8.385,8.39,8.38,8.39,8965.0
2026-08-13,2026-08-13 15:25:00,8.39,8.39,8.36,8.3695,11478.0
2026-08-13,2026-08-13 15:30:00,8.365,8.365,8.345,8.35,25241.0
2026-08-13,2026-08-13 15:35:00,8.345,8.355,8.34,8.35,12393.0
2026-08-13,2026-08-13 15:40:00,8.345,8.36,8.345,8.3511,11234.0
2026-08-13,2026-08-13 15:45:00,8.35,8.35,8.325,8.335,27945.0
2026-08-13,2026-08-13 15:50:00,8.335,8.335,8.305,8.31,20916.0
2026-08-13,2026-08-13 15:55:00,8.305,8.33,8.305,8.315,38341.0
2026-08-13,2026-08-13 16:00:00,8.32,8.35,8.3,8.33,596994.0
2026-08-14,2026-08-14 09:35:00,8.33,8.38,8.25,8.28,24689.0
2026-08-14,2026-08-14 09:40:00,8.275,8.39,8.26,8.385,10653.0
2026-08-14,2026-08-14 09:45:00,8.379,8.4,8.35,8.35,8349.0
2026-08-14,2026-08-14 09:50:00,8.355,8.355,8.29,8.325,16545.0
2026-08-14,2026-08-14 09:55:00,8.325,8.325,8.305,8.305,3449.0
2026-08-14,2026-08-14 10:00:00,8.305,8.33,8.305,8.33,12462.0
2026-08-14,2026-08-14 10:05:00,8.329,8.36,8.329,8.36,3731.0
2026-08-14,2026-08-14 10:10:00,8.355,8.365,8.35,8.365,10022.0
2026-08-14,2026-08-14 10:15:00,8.37,8.405,8.365,8.37,14502.0
2026-08-14,2026-08-14 10:20:00,8.38,8.46,8.38,8.455,13923.0
2026-08-14,2026-08-14 10:25:00,8.45,8.465,8.45,8.465,7207.0
2026-08-14,2026-08-14 10:30:00,8.46,8.46,8.4241,8.435,10987.0
2026-08-14,2026-08-14 10:35:00,8.431,8.435,8.42,8.43,2958.0
2026-08-14,2026-08-14 10:40:00,8.431,8.435,8.405,8.405,7040.0
2026-08-14,2026-08-14 10:45:00,8.405,8.405,8.395,8.405,6637.0
2026-08-14,2026-08-14 10:50:00,8.41,8.42,8.41,8.415,5438.0
2026-08-14,2026-08-14 10:55:00,8.415,8.415,8.41,8.41,4065.0
2026-08-14,2026-08-14 11:00:00,8.415,8.4499,8.415,8.44,20450.0
2026-08-14,2026-08-14 11:05:00,8.445,8.47,8.445,8.465,7545.0
2026-08-14,2026-08-14 11:10:00,8.47,8.485,8.46,8.46,6496.0
2026-08-14,2026-08-14 11:15:00,8.47,8.47,8.46,8.46,2701.0
2026-08-14,2026-08-14 11:20:00,8.47,8.47,8.465,8.465,3832.0
2026-08-14,2026-08-14 11:25:00,8.47,8.495,8.425,8.425,24026.0
2026-08-14,2026-08-14 11:30:00,8.43,8.52,8.415,8.52,22841.0
2026-08-14,2026-08-14 11:35:00,8.52,8.555,8.52,8.54,18645.0
2026-08-14,2026-08-14 11:40:00,8.535,8.56,8.531,8.56,10318.0
2026-08-14,2026-08-14 11:45:00,8.56,8.56,8.54,8.545,7771.0
2026-08-14,2026-08-14 11:50:00,8.545,8.55,8.54,8.54,9366.0
2026-08-14,2026-08-14 11:55:00,8.545,8.605,8.53,8.605,28420.0
2026-08-14,2026-08-14 12:00:00,8.605,8.62,8.59,8.595,11794.0
2026-08-14,2026-08-14 12:05:00,8.595,8.6,8.59,8.59,12237.0
2026-08-14,2026-08-14 12:10:00,8.59,8.59,8.565,8.59,31731.0
2026-08-14,2026-08-14 12:15:00,8.585,8.595,8.57,8.575,23393.0
2026-08-14,2026-08-14 12:20:00,8.58,8.605,8.58,8.605,8403.0
2026-08-14,2026-08-14 12:25:00,8.601,8.601,8.5923,8.6,5870.0
2026-08-14,2026-08-14 12:30:00,8.595,8.6,8.595,8.595,2858.0
2026-08-14,2026-08-14 12:35:00,8.59,8.5912,8.5801,8.585,5689.0
2026-08-14,2026-08-14 12:40:00,8.585,8.6,8.585,8.595,8943.0
2026-08-14,2026-08-14 12:45:00,8.595,8.6,8.595,8.6,7548.0
2026-08-14,2026-08-14 12:50:00,8.595,8.6,8.59,8.595,6907.0
2026-08-14,2026-08-14 12:55:00,8.59,8.61,8.585,8.61,23332.0
2026-08-14,2026-08-14 13:00:00,8.6091,8.615,8.6058,8.61,7939.0
2026-08-14,2026-08-14 13:05:00,8.615,8.63,8.615,8.625,20629.0
2026-08-14,2026-08-14 13:10:00,8.625,8.635,8.625,8.635,11872.0
2026-08-14,2026-08-14 13:15:00,8.64,8.65,8.635,8.65,7462.0
2026-08-14,2026-08-14 13:20:00,8.65,8.65,8.641,8.645,4255.0
2026-08-14,2026-08-14 13:25:00,8.645,8.67,8.645,8.655,15664.0
2026-08-14,2026-08-14 13:30:00,8.65,8.655,8.62,8.645,25073.0
2026-08-14,2026-08-14 13:35:00,8.645,8.645,8.62,8.62,3995.0
2026-08-14,2026-08-14 13:40:00,8.625,8.63,8.62,8.625,11854.0
2026-08-14,2026-08-14 13:45:00,8.62,8.62,8.605,8.61,9714.0
2026-08-14,2026-08-14 13:50:00,8.615,8.62,8.605,8.61,7666.0
2026-08-14,2026-08-14 13:55:00,8.61,8.615,8.61,8.615,3773.0
2026-08-14,2026-08-14 14:00:00,8.61,8.62,8.58,8.595,68836.0
2026-08-14,2026-08-14 14:05:00,8.595,8.6,8.585,8.59,6617.0
2026-08-14,2026-08-14 14:10:00,8.585,8.595,8.585,8.595,8150.0
2026-08-14,2026-08-14 14:15:00,8.59,8.59,8.585,8.585,3573.0
2026-08-14,2026-08-14 14:20:00,8.585,8.59,8.57,8.57,7651.0
2026-08-14,2026-08-14 14:25:00,8.57,8.58,8.565,8.58,15456.0
2026-08-14,2026-08-14 14:30:00,8.575,8.59,8.575,8.575,11431.0
2026-08-14,2026-08-14 14:35:00,8.575,8.58,8.57,8.575,3175.0
2026-08-14,2026-08-14 14:40:00,8.575,8.585,8.575,8.58,12593.0
2026-08-14,2026-08-14 14:45:00,8.575,8.575,8.56,8.565,15780.0
2026-08-14,2026-08-14 14:50:00,8.565,8.565,8.55,8.56,4244.0
2026-08-14,2026-08-14 14:55:00,8.555,8.555,8.54,8.545,30176.0
2026-08-14,2026-08-14 15:00:00,8.545,8.545,8.535,8.535,7948.0
2026-08-14,2026-08-14 15:05:00,8.535,8.545,8.52,8.525,12824.0
2026-08-14,2026-08-14 15:10:00,8.525,8.535,8.525,8.53,9064.0
2026-08-14,2026-08-14 15:15:00,8.53,8.53,8.5201,8.525,8673.0
2026-08-14,2026-08-14 15:20:00,8.525,8.529,8.52,8.525,5316.0
2026-08-14,2026-08-14 15:25:00,8.525,8.545,8.52,8.54,25507.0
2026-08-14,2026-08-14 15:30:00,8.54,8.545,8.515,8.515,15040.0
2026-08-14,2026-08-14 15:35:00,8.52,8.525,8.51,8.525,15173.0
2026-08-14,2026-08-14 15:40:00,8.525,8.53,8.515,8.515,12506.0
2026-08-14,2026-08-14 15:45:00,8.52,8.52,8.495,8.51,25432.0
2026-08-14,2026-08-14 15:50:00,8.51,8.54,8.505,8.535,32507.0
2026-08-14,2026-08-14 15:55:00,8.535,8.565,8.52,8.53,74074.0
2026-08-14,2026-08-14 16:00:00,8.525,8.6,8.525,8.6,313778.0
2026-08-17,2026-08-17 09:35:00,8.45,8.479,8.34,8.45,64660.0
2026-08-17,2026-08-17 09:40:00,8.43,8.43,8.2589,8.27,29159.0
2026-08-17,2026-08-17 09:45:00,8.27,8.32,8.27,8.31,8233.0
2026-08-17,2026-08-17 09:50:00,8.31,8.35,8.28,8.33,13163.0
2026-08-17,2026-08-17 09:55:00,8.33,8.365,8.33,8.3509,17511.0
2026-08-17,2026-08-17 10:00:00,8.35,8.37,8.34,8.37,6806.0
2026-08-17,2026-08-17 10:05:00,8.365,8.459,8.365,8.459,13767.0
2026-08-17,2026-08-17 10:10:00,8.455,8.465,8.44,8.455,16125.0
2026-08-17,2026-08-17 10:15:00,8.455,8.495,8.455,8.485,9128.0
2026-08-17,2026-08-17 10:20:00,8.48,8.495,8.475,8.48,6831.0
2026-08-17,2026-08-17 10:25:00,8.475,8.495,8.47,8.4724,17104.0
2026-08-17,2026-08-17 10:30:00,8.475,8.505,8.475,8.5,9981.0
2026-08-17,2026-08-17 10:35:00,8.505,8.505,8.495,8.495,3131.0
2026-08-17,2026-08-17 10:40:00,8.495,8.51,8.495,8.505,10630.0
2026-08-17,2026-08-17 10:45:00,8.505,8.505,8.48,8.485,8556.0
2026-08-17,2026-08-17 10:50:00,8.49,8.5,8.475,8.485,7545.0
2026-08-17,2026-08-17 10:55:00,8.485,8.495,8.485,8.495,5412.0
2026-08-17,2026-08-17 11:00:00,8.495,8.5,8.48,8.485,9450.0
2026-08-17,2026-08-17 11:05:00,8.485,8.5,8.48,8.5,4457.0
2026-08-17,2026-08-17 11:10:00,8.5,8.52,8.491,8.5,11650.0
2026-08-17,2026-08-17 11:15:00,8.5,8.505,8.495,8.495,3210.0
2026-08-17,2026-08-17 11:20:00,8.495,8.5,8.485,8.5,9035.0
2026-08-17,2026-08-17 11:25:00,8.495,8.5,8.485,8.5,6437.0
2026-08-17,2026-08-17 11:30:00,8.5,8.5,8.455,8.465,15149.0
2026-08-17,2026-08-17 11:35:00,8.47,8.47,8.455,8.465,9339.0
2026-08-17,2026-08-17 11:40:00,8.47,8.47,8.455,8.465,8792.0
2026-08-17,2026-08-17 11:45:00,8.4699,8.47,8.465,8.465,10167.0
2026-08-17,2026-08-17 11:50:00,8.465,8.47,8.45,8.465,7031.0
2026-08-17,2026-08-17 11:55:00,8.465,8.47,8.465,8.47,4283.0
2026-08-17,2026-08-17 12:00:00,8.47,8.47,8.46,8.46,6203.0
2026-08-17,2026-08-17 12:05:00,8.47,8.475,8.4601,8.475,6827.0
2026-08-17,2026-08-17 12:10:00,8.475,8.48,8.465,8.475,9402.0
2026-08-17,2026-08-17 12:15:00,8.475,8.49,8.475,8.485,5086.0
2026-08-17,2026-08-17 12:20:00,8.49,8.49,8.48,8.485,5739.0
2026-08-17,2026-08-17 12:25:00,8.485,8.485,8.46,8.465,10811.0
2026-08-17,2026-08-17 12:30:00,8.465,8.48,8.465,8.475,7906.0
2026-08-17,2026-08-17 12:35:00,8.475,8.48,8.47,8.475,3414.0
2026-08-17,2026-08-17 12:40:00,8.475,8.475,8.455,8.465,9434.0
2026-08-17,2026-08-17 12:45:00,8.465,8.465,8.4623,8.465,1728.0
2026-08-17,2026-08-17 12:50:00,8.4629,8.465,8.43,8.43,14462.0
2026-08-17,2026-08-17 12:55:00,8.435,8.44,8.435,8.44,2027.0
2026-08-17,2026-08-17 13:00:00,8.43,8.435,8.43,8.435,9763.0
2026-08-17,2026-08-17 13:05:00,8.43,8.44,8.42,8.425,10436.0
2026-08-17,2026-08-17 13:10:00,8.425,8.44,8.42,8.435,64793.0
2026-08-17,2026-08-17 13:15:00,8.44,8.445,8.435,8.435,6501.0
2026-08-17,2026-08-17 13:20:00,8.435,8.435,8.4211,8.425,5634.0
2026-08-17,2026-08-17 13:25:00,8.425,8.45,8.425,8.44,11479.0
2026-08-17,2026-08-17 13:30:00,8.445,8.445,8.43,8.435,13578.0
2026-08-17,2026-08-17 13:35:00,8.435,8.435,8.435,8.435,1974.0
2026-08-17,2026-08-17 13:40:00,8.435,8.435,8.42,8.42,8865.0
2026-08-17,2026-08-17 13:45:00,8.43,8.44,8.425,8.435,9194.0
2026-08-17,2026-08-17 13:50:00,8.44,8.445,8.435,8.44,6387.0
2026-08-17,2026-08-17 13:55:00,8.44,8.44,8.43,8.435,4671.0
2026-08-17,2026-08-17 14:00:00,8.435,8.455,8.43,8.45,11810.0
2026-08-17,2026-08-17 14:05:00,8.455,8.46,8.44,8.455,11585.0
2026-08-17,2026-08-17 14:10:00,8.455,8.466,8.455,8.465,4212.0
2026-08-17,2026-08-17 14:15:00,8.465,8.4688,8.46,8.465,4021.0
2026-08-17,2026-08-17 14:20:00,8.46,8.48,8.46,8.4791,8976.0
2026-08-17,2026-08-17 14:25:00,8.475,8.49,8.475,8.49,7246.0
2026-08-17,2026-08-17 14:30:00,8.49,8.5,8.49,8.49,13663.0
2026-08-17,2026-08-17 14:35:00,8.4901,8.5,8.4901,8.5,5111.0
2026-08-17,2026-08-17 14:40:00,8.5,8.505,8.5,8.505,6292.0
2026-08-17,2026-08-17 14:45:00,8.505,8.505,8.495,8.5,11159.0
2026-08-17,2026-08-17 14:50:00,8.49,8.5,8.49,8.495,3884.0
2026-08-17,2026-08-17 14:55:00,8.495,8.5,8.4901,8.5,3694.0
2026-08-17,2026-08-17 15:00:00,8.5,8.505,8.495,8.5,10575.0
2026-08-17,2026-08-17 15:05:00,8.5,8.505,8.49,8.495,4714.0
2026-08-17,2026-08-17 15:10:00,8.5,8.5,8.495,8.5,5219.0
2026-08-17,2026-08-17 15:15:00,8.5,8.53,8.5,8.53,12223.0
2026-08-17,2026-08-17 15:20:00,8.53,8.535,8.52,8.525,17997.0
2026-08-17,2026-08-17 15:25:00,8.525,8.53,8.505,8.505,17029.0
2026-08-17,2026-08-17 15:30:00,8.505,8.505,8.5,8.505,8329.0
2026-08-17,2026-08-17 15:35:00,8.505,8.505,8.485,8.485,15882.0
2026-08-17,2026-08-17 15:40:00,8.48,8.48,8.47,8.475,10054.0
2026-08-17,2026-08-17 15:45:00,8.47,8.4788,8.47,8.475,9213.0
2026-08-17,2026-08-17 15:50:00,8.475,8.4889,8.475,8.48,17488.0
2026-08-17,2026-08-17 15:55:00,8.48,8.4962,8.455,8.465,48434.0
2026-08-17,2026-08-17 16:00:00,8.465,8.545,8.465,8.52,444054.0
2026-08-18,2026-08-18 09:35:00,8.58,8.7,8.47,8.7,86525.0
2026-08-18,2026-08-18 09:40:00,8.67,8.74,8.67,8.69,16180.0
2026-08-18,2026-08-18 09:45:00,8.68,8.7146,8.66,8.67,13920.0
2026-08-18,2026-08-18 09:50:00,8.71,8.7646,8.71,8.75,12529.0
2026-08-18,2026-08-18 09:55:00,8.74,8.7975,8.74,8.7975,22189.0
2026-08-18,2026-08-18 10:00:00,8.79,8.83,8.78,8.78,28997.0
2026-08-18,2026-08-18 10:05:00,8.78,8.79,8.73,8.79,18480.0
2026-08-18,2026-08-18 10:10:00,8.7909,8.7909,8.755,8.76,17124.0
2026-08-18,2026-08-18 10:15:00,8.76,8.76,8.695,8.71,51807.0
2026-08-18,2026-08-18 10:20:00,8.71,8.745,8.71,8.735,29904.0
2026-08-18,2026-08-18 10:25:00,8.735,8.75,8.72,8.74,8358.0
2026-08-18,2026-08-18 10:30:00,8.74,8.76,8.7299,8.73,7147.0
2026-08-18,2026-08-18 10:35:00,8.74,8.77,8.74,8.75,11453.0
2026-08-18,2026-08-18 10:40:00,8.7517,8.7517,8.725,8.74,8179.0
2026-08-18,2026-08-18 10:45:00,8.745,8.755,8.73,8.735,9955.0
2026-08-18,2026-08-18 10:50:00,8.74,8.745,8.7301,8.745,12614.0
2026-08-18,2026-08-18 10:55:00,8.745,8.745,8.715,8.72,8947.0
2026-08-18,2026-08-18 11:00:00,8.72,8.72,8.65,8.655,61331.0
2026-08-18,2026-08-18 11:05:00,8.655,8.66,8.635,8.645,14195.0
2026-08-18,2026-08-18 11:10:00,8.65,8.65,8.64,8.645,4892.0
2026-08-18,2026-08-18 11:15:00,8.645,8.655,8.645,8.655,8547.0
2026-08-18,2026-08-18 11:20:00,8.655,8.66,8.64,8.645,6283.0
2026-08-18,2026-08-18 11:25:00,8.645,8.655,8.635,8.655,7953.0
2026-08-18,2026-08-18 11:30:00,8.65,8.665,8.645,8.65,4319.0
2026-08-18,2026-08-18 11:35:00,8.66,8.67,8.6509,8.665,7435.0
2026-08-18,2026-08-18 11:40:00,8.665,8.67,8.66,8.665,3624.0
2026-08-18,2026-08-18 11:45:00,8.665,8.695,8.665,8.695,7987.0
2026-08-18,2026-08-18 11:50:00,8.69,8.695,8.685,8.69,7632.0
2026-08-18,2026-08-18 11:55:00,8.7,8.705,8.69,8.695,10434.0
2026-08-18,2026-08-18 12:00:00,8.695,8.695,8.675,8.675,7432.0
2026-08-18,2026-08-18 12:05:00,8.6711,8.68,8.67,8.675,4865.0
2026-08-18,2026-08-18 12:10:00,8.67,8.675,8.66,8.665,5281.0
2026-08-18,2026-08-18 12:15:00,8.66,8.66,8.65,8.65,5657.0
2026-08-18,2026-08-18 12:20:00,8.65,8.7,8.65,8.695,26101.0
2026-08-18,2026-08-18 12:25:00,8.69,8.695,8.685,8.69,5242.0
2026-08-18,2026-08-18 12:30:00,8.685,8.7,8.6701,8.69,9873.0
2026-08-18,2026-08-18 12:35:00,8.695,8.705,8.6901,8.6901,4611.0
2026-08-18,2026-08-18 12:40:00,8.7,8.71,8.695,8.7,3674.0
2026-08-18,2026-08-18 12:45:00,8.705,8.705,8.7,8.7,3927.0
2026-08-18,2026-08-18 12:50:00,8.695,8.705,8.695,8.705,4588.0
2026-08-18,2026-08-18 12:55:00,8.705,8.71,8.705,8.71,5734.0
2026-08-18,2026-08-18 13:00:00,8.705,8.71,8.7,8.71,8070.0
2026-08-18,2026-08-18 13:05:00,8.705,8.71,8.7001,8.71,2123.0
2026-08-18,2026-08-18 13:10:00,8.71,8.725,8.705,8.7124,8160.0
2026-08-18,2026-08-18 13:15:00,8.715,8.715,8.705,8.705,8514.0
2026-08-18,2026-08-18 13:20:00,8.705,8.71,8.7,8.705,3685.0
2026-08-18,2026-08-18 13:25:00,8.7089,8.72,8.695,8.695,9396.0
2026-08-18,2026-08-18 13:30:00,8.695,8.695,8.685,8.695,6050.0
2026-08-18,2026-08-18 13:35:00,8.695,8.695,8.695,8.695,2374.0
2026-08-18,2026-08-18 13:40:00,8.695,8.695,8.675,8.685,6666.0
2026-08-18,2026-08-18 13:45:00,8.685,8.69,8.685,8.685,3601.0
2026-08-18,2026-08-18 13:50:00,8.685,8.71,8.685,8.71,5840.0
2026-08-18,2026-08-18 13:55:00,8.71,8.72,8.7004,8.705,8599.0
2026-08-18,2026-08-18 14:00:00,8.705,8.71,8.7,8.705,3289.0
2026-08-18,2026-08-18 14:05:00,8.705,8.715,8.705,8.715,4540.0
2026-08-18,2026-08-18 14:10:00,8.715,8.715,8.645,8.67,20765.0
2026-08-18,2026-08-18 14:15:00,8.67,8.685,8.67,8.685,4404.0
2026-08-18,2026-08-18 14:20:00,8.685,8.695,8.68,8.69,5261.0
2026-08-18,2026-08-18 14:25:00,8.685,8.685,8.675,8.68,5414.0
2026-08-18,2026-08-18 14:30:00,8.675,8.68,8.675,8.68,6088.0
2026-08-18,2026-08-18 14:35:00,8.685,8.695,8.6838,8.695,4044.0
2026-08-18,2026-08-18 14:40:00,8.69,8.705,8.69,8.705,7338.0
2026-08-18,2026-08-18 14:45:00,8.705,8.705,8.691,8.705,10931.0
2026-08-18,2026-08-18 14:50:00,8.71,8.71,8.7,8.7,6767.0
2026-08-18,2026-08-18 14:55:00,8.705,8.705,8.69,8.7,8232.0
2026-08-18,2026-08-18 15:00:00,8.705,8.71,8.7,8.7,4500.0
2026-08-18,2026-08-18 15:05:00,8.71,8.71,8.7,8.7,9003.0
2026-08-18,2026-08-18 15:10:00,8.705,8.705,8.68,8.68,5294.0
2026-08-18,2026-08-18 15:15:00,8.685,8.705,8.685,8.705,6815.0
2026-08-18,2026-08-18 15:20:00,8.705,8.75,8.705,8.735,80652.0
2026-08-18,2026-08-18 15:25:00,8.73,8.75,8.73,8.745,14925.0
2026-08-18,2026-08-18 15:30:00,8.75,8.795,8.745,8.775,44244.0
2026-08-18,2026-08-18 15:35:00,8.775,8.79,8.77,8.775,44150.0
2026-08-18,2026-08-18 15:40:00,8.775,8.87,8.775,8.825,136426.0
2026-08-18,2026-08-18 15:45:00,8.825,8.835,8.815,8.822,38271.0
2026-08-18,2026-08-18 15:50:00,8.82,8.83,8.815,8.83,39397.0
2026-08-18,2026-08-18 15:55:00,8.825,8.88,8.82,8.86,128677.0
2026-08-18,2026-08-18 16:00:00,8.86,8.87,8.83,8.85,799373.0
2026-08-19,2026-08-19 09:35:00,8.93,9.02,8.87,8.87,139776.0
2026-08-19,2026-08-19 09:40:00,8.895,8.96,8.88,8.89,34731.0
2026-08-19,2026-08-19 09:45:00,8.92,8.94,8.8816,8.8816,9598.0
2026-08-19,2026-08-19 09:50:00,8.89,8.94,8.89,8.905,10842.0
2026-08-19,2026-08-19 09:55:00,8.915,8.93,8.8623,8.93,14840.0
2026-08-19,2026-08-19 10:00:00,8.945,8.9699,8.945,8.95,6669.0
2026-08-19,2026-08-19 10:05:00,8.94,8.969,8.94,8.96,21591.0
2026-08-19,2026-08-19 10:10:00,8.955,8.97,8.92,8.945,12512.0
2026-08-19,2026-08-19 10:15:00,8.94,8.955,8.93,8.945,19016.0
2026-08-19,2026-08-19 10:20:00,8.94,8.975,8.93,8.975,23343.0
2026-08-19,2026-08-19 10:25:00,8.975,8.975,8.95,8.96,13362.0
2026-08-19,2026-08-19 10:30:00,8.965,8.975,8.95,8.95,18189.0
2026-08-19,2026-08-19 10:35:00,8.94,8.95,8.9,8.9,18835.0
2026-08-19,2026-08-19 10:40:00,8.895,8.905,8.895,8.905,11286.0
2026-08-19,2026-08-19 10:45:00,8.9,8.9,8.8701,8.875,15485.0
2026-08-19,2026-08-19 10:50:00,8.875,8.875,8.8505,8.855,6136.0
2026-08-19,2026-08-19 10:55:00,8.855,8.8562,8.82,8.825,27616.0
2026-08-19,2026-08-19 11:00:00,8.825,8.825,8.815,8.825,7666.0
2026-08-19,2026-08-19 11:05:00,8.825,8.84,8.782,8.825,24865.0
2026-08-19,2026-08-19 11:10:00,8.825,8.83,8.815,8.8299,6274.0
2026-08-19,2026-08-19 11:15:00,8.825,8.855,8.825,8.855,10613.0
2026-08-19,2026-08-19 11:20:00,8.85,8.859,8.845,8.855,9683.0
2026-08-19,2026-08-19 11:25:00,8.86,8.915,8.86,8.885,40837.0
2026-08-19,2026-08-19 11:30:00,8.88,8.88,8.85,8.855,15853.0
2026-08-19,2026-08-19 11:35:00,8.855,8.855,8.805,8.815,24552.0
2026-08-19,2026-08-19 11:40:00,8.82,8.825,8.81,8.81,9008.0
2026-08-19,2026-08-19 11:45:00,8.8,8.8,8.79,8.791,7750.0
2026-08-19,2026-08-19 11:50:00,8.795,8.82,8.795,8.82,16391.0
2026-08-19,2026-08-19 11:55:00,8.815,8.8271,8.8,8.825,20071.0
2026-08-19,2026-08-19 12:00:00,8.83,8.83,8.825,8.825,3786.0
2026-08-19,2026-08-19 12:05:00,8.825,8.84,8.82,8.82,12529.0
2026-08-19,2026-08-19 12:10:00,8.815,8.8251,8.81,8.815,14311.0
2026-08-19,2026-08-19 12:15:00,8.8151,8.825,8.815,8.815,9643.0
2026-08-19,2026-08-19 12:20:00,8.815,8.8278,8.815,8.8278,3578.0
2026-08-19,2026-08-19 12:25:00,8.83,8.85,8.825,8.85,4931.0
2026-08-19,2026-08-19 12:30:00,8.845,8.85,8.825,8.825,6694.0
2026-08-19,2026-08-19 12:35:00,8.82,8.82,8.805,8.815,10296.0
2026-08-19,2026-08-19 12:40:00,8.81,8.815,8.78,8.785,16590.0
2026-08-19,2026-08-19 12:45:00,8.79,8.795,8.79,8.795,9548.0
2026-08-19,2026-08-19 12:50:00,8.79,8.79,8.775,8.785,18026.0
2026-08-19,2026-08-19 12:55:00,8.79,8.805,8.79,8.805,5610.0
2026-08-19,2026-08-19 13:00:00,8.81,8.815,8.805,8.805,8037.0
2026-08-19,2026-08-19 13:05:00,8.805,8.825,8.805,8.825,6940.0
2026-08-19,2026-08-19 13:10:00,8.825,8.825,8.81,8.825,8448.0
2026-08-19,2026-08-19 13:15:00,8.83,8.845,8.83,8.845,3858.0
2026-08-19,2026-08-19 13:20:00,8.845,8.855,8.84,8.845,10951.0
2026-08-19,2026-08-19 13:25:00,8.845,8.845,8.8411,8.845,6354.0
2026-08-19,2026-08-19 13:30:00,8.845,8.86,8.845,8.845,8479.0
2026-08-19,2026-08-19 13:35:00,8.85,8.86,8.85,8.86,5531.0
2026-08-19,2026-08-19 13:40:00,8.86,8.865,8.855,8.86,7530.0
2026-08-19,2026-08-19 13:45:00,8.87,8.89,8.87,8.885,11152.0
2026-08-19,2026-08-19 13:50:00,8.885,8.895,8.885,8.89,8818.0
2026-08-19,2026-08-19 13:55:00,8.885,8.89,8.875,8.89,8778.0
2026-08-19,2026-08-19 14:00:00,8.88,8.88,8.86,8.875,20779.0
2026-08-19,2026-08-19 14:05:00,8.88,8.905,8.88,8.885,14689.0
2026-08-19,2026-08-19 14:10:00,8.89,8.89,8.88,8.882,18343.0
2026-08-19,2026-08-19 14:15:00,8.88,8.88,8.875,8.875,7551.0
2026-08-19,2026-08-19 14:20:00,8.875,8.875,8.865,8.87,15415.0
2026-08-19,2026-08-19 14:25:00,8.87,8.87,8.86,8.87,8131.0
2026-08-19,2026-08-19 14:30:00,8.865,8.87,8.8601,8.87,5263.0
2026-08-19,2026-08-19 14:35:00,8.875,8.885,8.875,8.885,13104.0
2026-08-19,2026-08-19 14:40:00,8.885,8.885,8.87,8.88,8451.0
2026-08-19,2026-08-19 14:45:00,8.8709,8.8709,8.835,8.845,35234.0
2026-08-19,2026-08-19 14:50:00,8.845,8.87,8.845,8.855,13462.0
2026-08-19,2026-08-19 14:55:00,8.855,8.87,8.851,8.865,8757.0
2026-08-19,2026-08-19 15:00:00,8.865,8.88,8.865,8.875,7839.0
2026-08-19,2026-08-19 15:05:00,8.875,8.88,8.86,8.87,9829.0
2026-08-19,2026-08-19 15:10:00,8.86,8.88,8.855,8.87,18119.0
2026-08-19,2026-08-19 15:15:00,8.865,8.87,8.86,8.86,2726.0
2026-08-19,2026-08-19 15:20:00,8.865,8.87,8.865,8.865,4729.0
2026-08-19,2026-08-19 15:25:00,8.865,8.88,8.86,8.88,14153.0
2026-08-19,2026-08-19 15:30:00,8.88,8.885,8.8509,8.855,29842.0
2026-08-19,2026-08-19 15:35:00,8.85,8.86,8.835,8.8499,22507.0
2026-08-19,2026-08-19 15:40:00,8.84,8.855,8.835,8.835,19818.0
2026-08-19,2026-08-19 15:45:00,8.835,8.84,8.81,8.815,18041.0
2026-08-19,2026-08-19 15:50:00,8.815,8.815,8.785,8.795,31266.0
2026-08-19,2026-08-19 15:55:00,8.79,8.795,8.77,8.775,58745.0
2026-08-19,2026-08-19 16:00:00,8.77,8.8,8.77,8.78,328296.0
2026-08-20,2026-08-20 09:35:00,8.91,8.97,8.855,8.925,67368.0
2026-08-20,2026-08-20 09:40:00,8.96,8.98,8.9,8.9199,9709.0
2026-08-20,2026-08-20 09:45:00,8.91,8.93,8.83,8.93,46139.0
2026-08-20,2026-08-20 09:50:00,8.925,8.98,8.9201,8.9605,38370.0
2026-08-20,2026-08-20 09:55:00,8.965,8.985,8.945,8.945,26395.0
2026-08-20,2026-08-20 10:00:00,8.94,8.95,8.9243,8.935,12584.0
2026-08-20,2026-08-20 10:05:00,8.93,8.93,8.885,8.9,11993.0
2026-08-20,2026-08-20 10:10:00,8.89,8.905,8.87,8.9,13936.0
2026-08-20,2026-08-20 10:15:00,8.895,8.895,8.885,8.89,4167.0
2026-08-20,2026-08-20 10:20:00,8.88,8.88,8.855,8.86,10455.0
2026-08-20,2026-08-20 10:25:00,8.87,8.885,8.86,8.875,9166.0
2026-08-20,2026-08-20 10:30:00,8.875,8.875,8.8,8.81,11103.0
2026-08-20,2026-08-20 10:35:00,8.81,8.81,8.785,8.79,14947.0
2026-08-20,2026-08-20 10:40:00,8.79,8.79,8.735,8.735,9735.0
2026-08-20,2026-08-20 10:45:00,8.735,8.755,8.73,8.73,28759.0
2026-08-20,2026-08-20 10:50:00,8.735,8.735,8.712,8.725,23223.0
2026-08-20,2026-08-20 10:55:00,8.725,8.7299,8.705,8.715,11731.0
2026-08-20,2026-08-20 11:00:00,8.715,8.715,8.695,8.705,15732.0
2026-08-20,2026-08-20 11:05:00,8.705,8.73,8.705,8.71,14916.0
2026-08-20,2026-08-20 11:10:00,8.705,8.705,8.665,8.675,13505.0
2026-08-20,2026-08-20 11:15:00,8.675,8.675,8.65,8.665,11423.0
2026-08-20,2026-08-20 11:20:00,8.665,8.68,8.655,8.665,14242.0
2026-08-20,2026-08-20 11:25:00,8.665,8.665,8.65,8.665,19834.0
2026-08-20,2026-08-20 11:30:00,8.665,8.675,8.66,8.675,6596.0
2026-08-20,2026-08-20 11:35:00,8.675,8.675,8.65,8.65,17353.0
2026-08-20,2026-08-20 11:40:00,8.6409,8.6409,8.61,8.635,35929.0
2026-08-20,2026-08-20 11:45:00,8.64,8.65,8.635,8.635,15392.0
2026-08-20,2026-08-20 11:50:00,8.635,8.665,8.635,8.665,7992.0
2026-08-20,2026-08-20 11:55:00,8.66,8.675,8.66,8.665,8943.0
2026-08-20,2026-08-20 12:00:00,8.665,8.665,8.645,8.655,8137.0
2026-08-20,2026-08-20 12:05:00,8.66,8.67,8.64,8.64,5844.0
2026-08-20,2026-08-20 12:10:00,8.649,8.655,8.64,8.65,7330.0
2026-08-20,2026-08-20 12:15:00,8.6491,8.68,8.6491,8.675,11860.0
2026-08-20,2026-08-20 12:20:00,8.67,8.695,8.665,8.69,6018.0
2026-08-20,2026-08-20 12:25:00,8.685,8.705,8.67,8.705,8379.0
2026-08-20,2026-08-20 12:30:00,8.7,8.7,8.69,8.695,4495.0
2026-08-20,2026-08-20 12:35:00,8.69,8.705,8.685,8.7,6716.0
2026-08-20,2026-08-20 12:40:00,8.7,8.74,8.7,8.735,9535.0
2026-08-20,2026-08-20 12:45:00,8.735,8.745,8.725,8.735,11485.0
2026-08-20,2026-08-20 12:50:00,8.735,8.745,8.73,8.745,7606.0
2026-08-20,2026-08-20 12:55:00,8.745,8.75,8.74,8.74,7248.0
2026-08-20,2026-08-20 13:00:00,8.74,8.755,8.74,8.755,16972.0
2026-08-20,2026-08-20 13:05:00,8.75,8.75,8.735,8.745,6146.0
2026-08-20,2026-08-20 13:10:00,8.745,8.755,8.72,8.72,7445.0
2026-08-20,2026-08-20 13:15:00,8.725,8.725,8.7,8.705,7572.0
2026-08-20,2026-08-20 13:20:00,8.705,8.705,8.69,8.695,6526.0
2026-08-20,2026-08-20 13:25:00,8.7,8.7,8.69,8.69,3781.0
2026-08-20,2026-08-20 13:30:00,8.69,8.69,8.67,8.67,7951.0
2026-08-20,2026-08-20 13:35:00,8.67,8.675,8.66,8.675,8645.0
2026-08-20,2026-08-20 13:40:00,8.675,8.695,8.67,8.69,9174.0
2026-08-20,2026-08-20 13:45:00,8.69,8.715,8.69,8.715,6602.0
2026-08-20,2026-08-20 13:50:00,8.71,8.715,8.71,8.715,5287.0
2026-08-20,2026-08-20 13:55:00,8.72,8.72,8.7101,8.715,6500.0
2026-08-20,2026-08-20 14:00:00,8.715,8.72,8.705,8.705,6495.0
2026-08-20,2026-08-20 14:05:00,8.705,8.705,8.695,8.695,5747.0
2026-08-20,2026-08-20 14:10:00,8.695,8.7,8.695,8.695,5080.0
2026-08-20,2026-08-20 14:15:00,8.7,8.7,8.67,8.675,10728.0
2026-08-20,2026-08-20 14:20:00,8.675,8.685,8.665,8.685,10812.0
2026-08-20,2026-08-20 14:25:00,8.69,8.69,8.685,8.69,3073.0
2026-08-20,2026-08-20 14:30:00,8.69,8.7,8.69,8.695,6541.0
2026-08-20,2026-08-20 14:35:00,8.695,8.7,8.695,8.7,5522.0
2026-08-20,2026-08-20 14:40:00,8.7,8.7,8.69,8.695,10220.0
2026-08-20,2026-08-20 14:45:00,8.695,8.695,8.675,8.695,20371.0
2026-08-20,2026-08-20 14:50:00,8.7,8.7,8.685,8.685,5047.0
2026-08-20,2026-08-20 14:55:00,8.685,8.695,8.685,8.685,8251.0
2026-08-20,2026-08-20 15:00:00,8.685,8.695,8.685,8.69,9637.0
2026-08-20,2026-08-20 15:05:00,8.685,8.69,8.675,8.685,9317.0
2026-08-20,2026-08-20 15:10:00,8.685,8.695,8.68,8.685,10350.0
2026-08-20,2026-08-20 15:15:00,8.69,8.695,8.681,8.695,12307.0
2026-08-20,2026-08-20 15:20:00,8.695,8.695,8.685,8.685,8678.0
2026-08-20,2026-08-20 15:25:00,8.69,8.7,8.69,8.695,9403.0
2026-08-20,2026-08-20 15:30:00,8.695,8.695,8.685,8.69,11547.0
2026-08-20,2026-08-20 15:35:00,8.685,8.69,8.65,8.66,32056.0
2026-08-20,2026-08-20 15:40:00,8.66,8.665,8.645,8.65,15498.0
2026-08-20,2026-08-20 15:45:00,8.65,8.655,8.64,8.655,17079.0
2026-08-20,2026-08-20 15:50:00,8.65,8.655,8.63,8.645,24762.0
2026-08-20,2026-08-20 15:55:00,8.65,8.65,8.575,8.579,89091.0
2026-08-20,2026-08-20 16:00:00,8.57,8.61,8.56,8.6,393440.0
2026-08-21,2026-08-21 09:35:00,8.61,8.63,8.56,8.6,63824.0
2026-08-21,2026-08-21 09:40:00,8.59,8.605,8.54,8.545,6998.0
2026-08-21,2026-08-21 09:45:00,8.535,8.6,8.535,8.5938,8683.0
2026-08-21,2026-08-21 09:50:00,8.6,8.62,8.6,8.61,7782.0
2026-08-21,2026-08-21 09:55:00,8.61,8.63,8.61,8.62,6630.0
2026-08-21,2026-08-21 10:00:00,8.6299,8.63,8.595,8.595,9245.0
2026-08-21,2026-08-21 10:05:00,8.595,8.605,8.59,8.6,5454.0
2026-08-21,2026-08-21 10:10:00,8.6,8.6697,8.595,8.655,15687.0
2026-08-21,2026-08-21 10:15:00,8.655,8.665,8.655,8.665,5291.0
2026-08-21,2026-08-21 10:20:00,8.665,8.745,8.665,8.74,28182.0
2026-08-21,2026-08-21 10:25:00,8.7398,8.81,8.7398,8.785,26404.0
2026-08-21,2026-08-21 10:30:00,8.78,8.79,8.775,8.785,12117.0
2026-08-21,2026-08-21 10:35:00,8.79,8.8091,8.785,8.8,19764.0
2026-08-21,2026-08-21 10:40:00,8.805,8.809,8.77,8.775,19240.0
2026-08-21,2026-08-21 10:45:00,8.77,8.775,8.765,8.765,6038.0
2026-08-21,2026-08-21 10:50:00,8.765,8.775,8.735,8.735,14489.0
2026-08-21,2026-08-21 10:55:00,8.73,8.73,8.7,8.715,12461.0
2026-08-21,2026-08-21 11:00:00,8.715,8.72,8.7,8.7,17424.0
2026-08-21,2026-08-21 11:05:00,8.7,8.74,8.7,8.735,7166.0
2026-08-21,2026-08-21 11:10:00,8.73,8.74,8.712,8.725,11312.0
2026-08-21,2026-08-21 11:15:00,8.725,8.725,8.71,8.725,19722.0
2026-08-21,2026-08-21 11:20:00,8.725,8.725,8.715,8.715,4873.0
2026-08-21,2026-08-21 11:25:00,8.715,8.73,8.695,8.695,12644.0
2026-08-21,2026-08-21 11:30:00,8.695,8.705,8.695,8.695,6034.0
2026-08-21,2026-08-21 11:35:00,8.695,8.715,8.695,8.715,5773.0
2026-08-21,2026-08-21 11:40:00,8.72,8.73,8.72,8.73,7263.0
2026-08-21,2026-08-21 11:45:00,8.725,8.7299,8.71,8.71,13049.0
2026-08-21,2026-08-21 11:50:00,8.715,8.72,8.71,8.715,3257.0
2026-08-21,2026-08-21 11:55:00,8.715,8.72,8.69,8.69,7781.0
2026-08-21,2026-08-21 12:00:00,8.691,8.691,8.68,8.68,3753.0
2026-08-21,2026-08-21 12:05:00,8.685,8.685,8.675,8.685,5890.0
2026-08-21,2026-08-21 12:10:00,8.685,8.69,8.6845,8.685,2339.0
2026-08-21,2026-08-21 12:15:00,8.69,8.69,8.675,8.685,8641.0
2026-08-21,2026-08-21 12:20:00,8.685,8.6891,8.685,8.685,4695.0
2026-08-21,2026-08-21 12:25:00,8.685,8.71,8.685,8.7001,9624.0
2026-08-21,2026-08-21 12:30:00,8.705,8.71,8.7,8.7,4344.0
2026-08-21,2026-08-21 12:35:00,8.705,8.71,8.695,8.695,18184.0
2026-08-21,2026-08-21 12:40:00,8.695,8.72,8.695,8.72,5896.0
2026-08-21,2026-08-21 12:45:00,8.7109,8.73,8.7109,8.725,6984.0
2026-08-21,2026-08-21 12:50:00,8.725,8.725,8.715,8.715,4750.0
2026-08-21,2026-08-21 12:55:00,8.715,8.72,8.715,8.715,3308.0
2026-08-21,2026-08-21 13:00:00,8.72,8.73,8.705,8.705,4973.0
2026-08-21,2026-08-21 13:05:00,8.705,8.745,8.701,8.7413,9963.0
2026-08-21,2026-08-21 13:10:00,8.745,8.745,8.735,8.735,7391.0
2026-08-21,2026-08-21 13:15:00,8.73,8.73,8.725,8.725,4772.0
2026-08-21,2026-08-21 13:20:00,8.725,8.725,8.715,8.72,6225.0
2026-08-21,2026-08-21 13:25:00,8.715,8.725,8.715,8.725,6521.0
2026-08-21,2026-08-21 13:30:00,8.729,8.73,8.725,8.725,6940.0
2026-08-21,2026-08-21 13:35:00,8.725,8.73,8.715,8.715,5391.0
2026-08-21,2026-08-21 13:40:00,8.715,8.72,8.715,8.715,2196.0
2026-08-21,2026-08-21 13:45:00,8.715,8.72,8.715,8.72,5043.0
2026-08-21,2026-08-21 13:50:00,8.715,8.72,8.715,8.715,5428.0
2026-08-21,2026-08-21 13:55:00,8.71,8.71,8.69,8.695,11492.0
2026-08-21,2026-08-21 14:00:00,8.695,8.7,8.69,8.695,4511.0
2026-08-21,2026-08-21 14:05:00,8.695,8.705,8.695,8.705,7722.0
2026-08-21,2026-08-21 14:10:00,8.71,8.72,8.709,8.715,8637.0
2026-08-21,2026-08-21 14:15:00,8.715,8.715,8.67,8.675,14497.0
2026-08-21,2026-08-21 14:20:00,8.675,8.685,8.675,8.685,10072.0
2026-08-21,2026-08-21 14:25:00,8.68,8.685,8.675,8.675,5836.0
2026-08-21,2026-08-21 14:30:00,8.675,8.675,8.655,8.66,18213.0
2026-08-21,2026-08-21 14:35:00,8.655,8.67,8.655,8.665,10532.0
2026-08-21,2026-08-21 14:40:00,8.665,8.665,8.65,8.655,13111.0
2026-08-21,2026-08-21 14:45:00,8.66,8.665,8.655,8.665,5935.0
2026-08-21,2026-08-21 14:50:00,8.665,8.675,8.665,8.675,5539.0
2026-08-21,2026-08-21 14:55:00,8.675,8.688,8.675,8.685,6754.0
2026-08-21,2026-08-21 15:00:00,8.685,8.6899,8.68,8.685,7560.0
2026-08-21,2026-08-21 15:05:00,8.685,8.69,8.6805,8.685,6022.0
2026-08-21,2026-08-21 15:10:00,8.685,8.69,8.685,8.685,4102.0
2026-08-21,2026-08-21 15:15:00,8.686213,8.7,8.68,8.685,12578.0
2026-08-21,2026-08-21 15:20:00,8.685,8.695,8.685,8.695,4368.0
2026-08-21,2026-08-21 15:25:00,8.695,8.7,8.69,8.7,5098.0
2026-08-21,2026-08-21 15:30:00,8.695,8.705,8.67,8.675,18904.0
2026-08-21,2026-08-21 15:35:00,8.675,8.685,8.675,8.685,12553.0
2026-08-21,2026-08-21 15:40:00,8.69,8.69,8.66,8.66,12800.0
2026-08-21,2026-08-21 15:45:00,8.66,8.695,8.65,8.695,18675.0
2026-08-21,2026-08-21 15:50:00,8.69,8.69,8.67,8.67,20541.0
2026-08-21,2026-08-21 15:55:00,8.68,8.7,8.655,8.695,45305.0
2026-08-21,2026-08-21 16:00:00,8.69,8.75,8.69,8.7,619333.0
2026-08-24,2026-08-24 09:35:00,8.66,8.7,8.539,8.575,22675.0
2026-08-24,2026-08-24 09:40:00,8.574,8.6,8.544,8.544,6589.0
2026-08-24,2026-08-24 09:45:00,8.54,8.575,8.54,8.56,17035.0
2026-08-24,2026-08-24 09:50:00,8.55,8.58,8.548,8.57,8326.0
2026-08-24,2026-08-24 09:55:00,8.57,8.58,8.55,8.58,12195.0
2026-08-24,2026-08-24 10:00:00,8.58,8.6,8.58,8.58,18072.0
2026-08-24,2026-08-24 10:05:00,8.58,8.58,8.5401,8.55,4616.0
2026-08-24,2026-08-24 10:10:00,8.565,8.58,8.565,8.565,3781.0
2026-08-24,2026-08-24 10:15:00,8.57,8.59,8.565,8.585,6628.0
2026-08-24,2026-08-24 10:20:00,8.5842,8.589,8.575,8.585,3675.0
2026-08-24,2026-08-24 10:25:00,8.59,8.6,8.56,8.56,12354.0
2026-08-24,2026-08-24 10:30:00,8.56,8.585,8.56,8.58,7642.0
2026-08-24,2026-08-24 10:35:00,8.59,8.625,8.59,8.61,18635.0
2026-08-24,2026-08-24 10:40:00,8.62,8.645,8.62,8.635,4190.0
2026-08-24,2026-08-24 10:45:00,8.635,8.635,8.625,8.63,7809.0
2026-08-24,2026-08-24 10:50:00,8.63,8.63,8.605,8.615,11224.0
2026-08-24,2026-08-24 10:55:00,8.6142,8.645,8.6142,8.645,9802.0
2026-08-24,2026-08-24 11:00:00,8.65,8.675,8.65,8.675,8728.0
2026-08-24,2026-08-24 11:05:00,8.67,8.67,8.6505,8.6505,6037.0
2026-08-24,2026-08-24 11:10:00,8.65,8.67,8.65,8.67,7580.0
2026-08-24,2026-08-24 11:15:00,8.68,8.69,8.68,8.69,8332.0
2026-08-24,2026-08-24 11:20:00,8.69,8.71,8.685,8.7049,25299.0
2026-08-24,2026-08-24 11:25:00,8.705,8.71,8.705,8.71,3465.0
2026-08-24,2026-08-24 11:30:00,8.71,8.715,8.7,8.7109,7627.0
2026-08-24,2026-08-24 11:35:00,8.715,8.7599,8.715,8.745,8786.0
2026-08-24,2026-08-24 11:40:00,8.745,8.775,8.745,8.775,3899.0
2026-08-24,2026-08-24 11:45:00,8.775,8.775,8.76,8.76,15277.0
2026-08-24,2026-08-24 11:50:00,8.75,8.775,8.75,8.775,6853.0
2026-08-24,2026-08-24 11:55:00,8.775,8.775,8.755,8.755,3412.0
2026-08-24,2026-08-24 12:00:00,8.76,8.78,8.76,8.775,7151.0
2026-08-24,2026-08-24 12:05:00,8.775,8.775,8.765,8.77,5246.0
2026-08-24,2026-08-24 12:10:00,8.765,8.775,8.7612,8.765,4770.0
2026-08-24,2026-08-24 12:15:00,8.765,8.79,8.765,8.785,9291.0
2026-08-24,2026-08-24 12:20:00,8.785,8.8,8.785,8.795,3916.0
2026-08-24,2026-08-24 12:25:00,8.795,8.795,8.785,8.79,4628.0
2026-08-24,2026-08-24 12:30:00,8.785,8.79,8.78,8.78,4765.0
2026-08-24,2026-08-24 12:35:00,8.78,8.785,8.78,8.785,3049.0
2026-08-24,2026-08-24 12:40:00,8.78,8.78,8.78,8.78,2362.0
2026-08-24,2026-08-24 12:45:00,8.78,8.78,8.775,8.775,3407.0
2026-08-24,2026-08-24 12:50:00,8.775,8.775,8.77,8.77,4490.0
2026-08-24,2026-08-24 12:55:00,8.77,8.77,8.745,8.755,9481.0
2026-08-24,2026-08-24 13:00:00,8.752,8.752,8.75,8.75,3510.0
2026-08-24,2026-08-24 13:05:00,8.749,8.755,8.746,8.755,2824.0
2026-08-24,2026-08-24 13:10:00,8.76,8.765,8.755,8.76,4344.0
2026-08-24,2026-08-24 13:15:00,8.77,8.775,8.77,8.77,5047.0
2026-08-24,2026-08-24 13:20:00,8.7701,8.775,8.77,8.77,1296.0
2026-08-24,2026-08-24 13:25:00,8.77,8.775,8.77,8.775,3362.0
2026-08-24,2026-08-24 13:30:00,8.771,8.772,8.765,8.765,3094.0
2026-08-24,2026-08-24 13:35:00,8.76,8.76,8.75,8.75,3248.0
2026-08-24,2026-08-24 13:40:00,8.755,8.755,8.755,8.755,1618.0
2026-08-24,2026-08-24 13:45:00,8.755,8.755,8.745,8.754,7391.0
2026-08-24,2026-08-24 13:50:00,8.755,8.765,8.755,8.765,2724.0
2026-08-24,2026-08-24 13:55:00,8.76,8.76,8.75,8.75,3098.0
2026-08-24,2026-08-24 14:00:00,8.74,8.75,8.74,8.745,6146.0
2026-08-24,2026-08-24 14:05:00,8.745,8.745,8.73,8.74,6633.0
2026-08-24,2026-08-24 14:10:00,8.74,8.755,8.74,8.755,2623.0
2026-08-24,2026-08-24 14:15:00,8.755,8.765,8.75,8.765,15416.0
2026-08-24,2026-08-24 14:20:00,8.76,8.76,8.755,8.755,2563.0
2026-08-24,2026-08-24 14:25:00,8.755,8.765,8.755,8.765,2819.0
2026-08-24,2026-08-24 14:30:00,8.765,8.775,8.765,8.775,2462.0
2026-08-24,2026-08-24 14:35:00,8.775,8.775,8.765,8.77,7724.0
2026-08-24,2026-08-24 14:40:00,8.775,8.775,8.765,8.765,4234.0
2026-08-24,2026-08-24 14:45:00,8.765,8.775,8.765,8.765,2934.0
2026-08-24,2026-08-24 14:50:00,8.765,8.765,8.755,8.755,4579.0
2026-08-24,2026-08-24 14:55:00,8.76,8.765,8.755,8.765,3142.0
2026-08-24,2026-08-24 15:00:00,8.77,8.775,8.76,8.76,11309.0
2026-08-24,2026-08-24 15:05:00,8.76,8.77,8.75,8.77,8327.0
2026-08-24,2026-08-24 15:10:00,8.765,8.765,8.76,8.76,3647.0
2026-08-24,2026-08-24 15:15:00,8.76,8.76,8.76,8.76,1665.0
2026-08-24,2026-08-24 15:20:00,8.755,8.765,8.75,8.765,8975.0
2026-08-24,2026-08-24 15:25:00,8.765,8.765,8.755,8.755,5494.0
2026-08-24,2026-08-24 15:30:00,8.76,8.77,8.755,8.755,11668.0
2026-08-24,2026-08-24 15:35:00,8.755,8.77,8.75,8.75,35398.0
2026-08-24,2026-08-24 15:40:00,8.745,8.76,8.745,8.755,6219.0
2026-08-24,2026-08-24 15:45:00,8.76,8.765,8.745,8.765,17999.0
2026-08-24,2026-08-24 15:50:00,8.765,8.769,8.75,8.76,18963.0
2026-08-24,2026-08-24 15:55:00,8.755,8.76,8.73,8.73,64765.0
2026-08-24,2026-08-24 16:00:00,8.735,8.765,8.71,8.74,206016.0
2026-08-25,2026-08-25 09:35:00,8.81,8.9,8.77,8.88,27364.0
2026-08-25,2026-08-25 09:40:00,8.88,8.94,8.8738,8.94,31634.0
2026-08-25,2026-08-25 09:45:00,8.94,8.95,8.89,8.89,16087.0
2026-08-25,2026-08-25 09:50:00,8.855,8.855,8.83,8.85,3431.0
2026-08-25,2026-08-25 09:55:00,8.86,8.86,8.849,8.855,2622.0
2026-08-25,2026-08-25 10:00:00,8.8501,8.86,8.815,8.815,9965.0
2026-08-25,2026-08-25 10:05:00,8.815,8.845,8.8,8.805,21391.0
2026-08-25,2026-08-25 10:10:00,8.81,8.815,8.79,8.79,6484.0
2026-08-25,2026-08-25 10:15:00,8.795,8.81,8.79,8.79,9745.0
2026-08-25,2026-08-25 10:20:00,8.795,8.825,8.79,8.815,20273.0
2026-08-25,2026-08-25 10:25:00,8.815,8.82,8.81,8.82,6868.0
2026-08-25,2026-08-25 10:30:00,8.815,8.825,8.815,8.82,7085.0
2026-08-25,2026-08-25 10:35:00,8.82,8.82,8.78,8.795,10592.0
2026-08-25,2026-08-25 10:40:00,8.795,8.825,8.795,8.815,6938.0
2026-08-25,2026-08-25 10:45:00,8.815,8.819,8.795,8.8,7265.0
2026-08-25,2026-08-25 10:50:00,8.805,8.815,8.78,8.78,9919.0
2026-08-25,2026-08-25 10:55:00,8.775,8.785,8.76,8.785,18589.0
2026-08-25,2026-08-25 11:00:00,8.7802,8.7802,8.765,8.765,18795.0
2026-08-25,2026-08-25 11:05:00,8.765,8.77,8.755,8.765,9013.0
2026-08-25,2026-08-25 11:10:00,8.765,8.78,8.76,8.78,5361.0
2026-08-25,2026-08-25 11:15:00,8.7899,8.81,8.785,8.795,6771.0
2026-08-25,2026-08-25 11:20:00,8.795,8.795,8.77,8.77,6956.0
2026-08-25,2026-08-25 11:25:00,8.779,8.779,8.77,8.77,3282.0
2026-08-25,2026-08-25 11:30:00,8.77,8.77,8.765,8.77,5328.0
2026-08-25,2026-08-25 11:35:00,8.765,8.765,8.72,8.725,15213.0
2026-08-25,2026-08-25 11:40:00,8.72,8.735,8.715,8.735,11948.0
2026-08-25,2026-08-25 11:45:00,8.735,8.74,8.725,8.74,9747.0
2026-08-25,2026-08-25 11:50:00,8.735,8.76,8.735,8.75,8858.0
2026-08-25,2026-08-25 11:55:00,8.745,8.755,8.74,8.755,21507.0
2026-08-25,2026-08-25 12:00:00,8.755,8.76,8.755,8.755,2043.0
2026-08-25,2026-08-25 12:05:00,8.755,8.76,8.75,8.755,4909.0
2026-08-25,2026-08-25 12:10:00,8.755,8.76,8.755,8.755,2742.0
2026-08-25,2026-08-25 12:15:00,8.755,8.76,8.755,8.755,11564.0
2026-08-25,2026-08-25 12:20:00,8.755,8.755,8.745,8.755,9707.0
2026-08-25,2026-08-25 12:25:00,8.755,8.755,8.74,8.745,5714.0
2026-08-25,2026-08-25 12:30:00,8.745,8.7491,8.735,8.735,5800.0
2026-08-25,2026-08-25 12:35:00,8.735,8.74,8.735,8.74,3286.0
2026-08-25,2026-08-25 12:40:00,8.745,8.745,8.714,8.725,8256.0
2026-08-25,2026-08-25 12:45:00,8.72,8.7295,8.72,8.725,1901.0
2026-08-25,2026-08-25 12:50:00,8.7295,8.7295,8.7219,8.725,2224.0
2026-08-25,2026-08-25 12:55:00,8.725,8.73,8.725,8.725,1367.0
2026-08-25,2026-08-25 13:00:00,8.725,8.73,8.72,8.725,5527.0
2026-08-25,2026-08-25 13:05:00,8.73,8.736,8.72,8.72,5622.0
2026-08-25,2026-08-25 13:10:00,8.72,8.72,8.71,8.7105,7939.0
2026-08-25,2026-08-25 13:15:00,8.715,8.715,8.715,8.715,659.0
2026-08-25,2026-08-25 13:20:00,8.7188,8.7188,8.71,8.715,3169.0
2026-08-25,2026-08-25 13:25:00,8.715,8.735,8.71,8.73,6916.0
2026-08-25,2026-08-25 13:30:00,8.735,8.74,8.735,8.735,2176.0
2026-08-25,2026-08-25 13:35:00,8.735,8.735,8.735,8.735,1848.0
2026-08-25,2026-08-25 13:40:00,8.735,8.74,8.735,8.735,2406.0
2026-08-25,2026-08-25 13:45:00,8.735,8.74,8.73,8.73,3447.0
2026-08-25,2026-08-25 13:50:00,8.73,8.73,8.72,8.72,10251.0
2026-08-25,2026-08-25 13:55:00,8.73,8.735,8.72,8.72,12162.0
2026-08-25,2026-08-25 14:00:00,8.725,8.725,8.72,8.725,2251.0
2026-08-25,2026-08-25 14:05:00,8.72,8.73,8.72,8.73,2056.0
2026-08-25,2026-08-25 14:10:00,8.725,8.73,8.72,8.73,2117.0
2026-08-25,2026-08-25 14:15:00,8.725,8.73,8.69,8.695,17377.0
2026-08-25,2026-08-25 14:20:00,8.695,8.699,8.695,8.695,2515.0
2026-08-25,2026-08-25 14:25:00,8.695,8.7,8.69,8.695,4917.0
2026-08-25,2026-08-25 14:30:00,8.695,8.695,8.69,8.695,1689.0
2026-08-25,2026-08-25 14:35:00,8.69,8.69,8.675,8.69,9567.0
2026-08-25,2026-08-25 14:40:00,8.68,8.69,8.675,8.685,15631.0
2026-08-25,2026-08-25 14:45:00,8.6899,8.695,8.685,8.695,5657.0
2026-08-25,2026-08-25 14:50:00,8.7,8.71,8.7,8.7,5223.0
2026-08-25,2026-08-25 14:55:00,8.71,8.72,8.695,8.705,10127.0
2026-08-25,2026-08-25 15:00:00,8.705,8.705,8.69,8.695,5731.0
2026-08-25,2026-08-25 15:05:00,8.7,8.7,8.69,8.69,2526.0
2026-08-25,2026-08-25 15:10:00,8.695,8.695,8.6924,8.6924,2368.0
2026-08-25,2026-08-25 15:15:00,8.695,8.7,8.69,8.695,7113.0
2026-08-25,2026-08-25 15:20:00,8.695,8.7,8.695,8.695,4188.0
2026-08-25,2026-08-25 15:25:00,8.7,8.71,8.69,8.69,12953.0
2026-08-25,2026-08-25 15:30:00,8.695,8.695,8.691,8.695,5039.0
2026-08-25,2026-08-25 15:35:00,8.69,8.7,8.68,8.68,16323.0
2026-08-25,2026-08-25 15:40:00,8.685,8.695,8.665,8.695,25800.0
2026-08-25,2026-08-25 15:45:00,8.69,8.695,8.68,8.69,15101.0
2026-08-25,2026-08-25 15:50:00,8.69,8.715,8.69,8.71,14600.0
2026-08-25,2026-08-25 15:55:00,8.705,8.735,8.705,8.735,42313.0
2026-08-25,2026-08-25 16:00:00,8.735,8.76,8.72,8.74,249444.0
2026-08-26,2026-08-26 09:35:00,8.74,8.795,8.6461,8.65,23705.0
2026-08-26,2026-08-26 09:40:00,8.66,8.67,8.6324,8.645,5002.0
2026-08-26,2026-08-26 09:45:00,8.645,8.65,8.645,8.645,3530.0
2026-08-26,2026-08-26 09:50:00,8.62,8.66,8.61,8.64,9522.0
2026-08-26,2026-08-26 09:55:00,8.64,8.7,8.62,8.67,6651.0
2026-08-26,2026-08-26 10:00:00,8.7,8.7,8.6576,8.68,2899.0
2026-08-26,2026-08-26 10:05:00,8.71,8.77,8.71,8.75,16991.0
2026-08-26,2026-08-26 10:10:00,8.76,8.78,8.75,8.7711,5241.0
2026-08-26,2026-08-26 10:15:00,8.77,8.78,8.77,8.775,3896.0
2026-08-26,2026-08-26 10:20:00,8.775,8.845,8.76,8.83,24812.0
2026-08-26,2026-08-26 10:25:00,8.8317,8.835,8.815,8.82,10818.0
2026-08-26,2026-08-26 10:30:00,8.815,8.85,8.815,8.815,19515.0
2026-08-26,2026-08-26 10:35:00,8.811,8.84,8.811,8.84,6630.0
2026-08-26,2026-08-26 10:40:00,8.83,8.835,8.825,8.825,11092.0
2026-08-26,2026-08-26 10:45:00,8.825,8.83,8.82,8.825,6821.0
2026-08-26,2026-08-26 10:50:00,8.83,8.85,8.83,8.835,17952.0
2026-08-26,2026-08-26 10:55:00,8.835,8.855,8.8309,8.845,37656.0
2026-08-26,2026-08-26 11:00:00,8.845,8.845,8.84,8.845,7152.0
2026-08-26,2026-08-26 11:05:00,8.845,8.845,8.825,8.83,8796.0
2026-08-26,2026-08-26 11:10:00,8.835,8.835,8.82,8.82,5280.0
2026-08-26,2026-08-26 11:15:00,8.82,8.82,8.805,8.805,5862.0
2026-08-26,2026-08-26 11:20:00,8.81,8.82,8.805,8.82,3326.0
2026-08-26,2026-08-26 11:25:00,8.815,8.845,8.815,8.845,29082.0
2026-08-26,2026-08-26 11:30:00,8.845,8.845,8.83,8.835,6743.0
2026-08-26,2026-08-26 11:35:00,8.83,8.835,8.81,8.815,5586.0
2026-08-26,2026-08-26 11:40:00,8.8117,8.82,8.81,8.815,3199.0
2026-08-26,2026-08-26 11:45:00,8.815,8.825,8.81,8.825,3863.0
2026-08-26,2026-08-26 11:50:00,8.825,8.83,8.8,8.805,25522.0
2026-08-26,2026-08-26 11:55:00,8.805,8.815,8.795,8.801,21996.0
2026-08-26,2026-08-26 12:00:00,8.8005,8.805,8.79,8.79,6033.0
2026-08-26,2026-08-26 12:05:00,8.795,8.795,8.78,8.795,6820.0
2026-08-26,2026-08-26 12:10:00,8.795,8.8,8.79,8.8,4960.0
2026-08-26,2026-08-26 12:15:00,8.79,8.8,8.79,8.8,3313.0
2026-08-26,2026-08-26 12:20:00,8.795,8.795,8.781,8.781,14313.0
2026-08-26,2026-08-26 12:25:00,8.785,8.79,8.78,8.78,3263.0
2026-08-26,2026-08-26 12:30:00,8.785,8.785,8.77,8.775,5481.0
2026-08-26,2026-08-26 12:35:00,8.775,8.79,8.775,8.785,8594.0
2026-08-26,2026-08-26 12:40:00,8.785,8.785,8.785,8.785,2606.0
2026-08-26,2026-08-26 12:45:00,8.78,8.82,8.78,8.82,11900.0
2026-08-26,2026-08-26 12:50:00,8.81,8.825,8.81,8.825,3724.0
2026-08-26,2026-08-26 12:55:00,8.82,8.825,8.815,8.825,3547.0
2026-08-26,2026-08-26 13:00:00,8.83,8.83,8.825,8.83,4060.0
2026-08-26,2026-08-26 13:05:00,8.83,8.855,8.83,8.845,8428.0
2026-08-26,2026-08-26 13:10:00,8.845,8.85,8.84,8.84,2902.0
2026-08-26,2026-08-26 13:15:00,8.84,8.84,8.815,8.815,9170.0
2026-08-26,2026-08-26 13:20:00,8.81,8.815,8.8,8.805,4236.0
2026-08-26,2026-08-26 13:25:00,8.805,8.84,8.8,8.835,20830.0
2026-08-26,2026-08-26 13:30:00,8.835,8.835,8.83,8.83,2433.0
2026-08-26,2026-08-26 13:35:00,8.835,8.84,8.83,8.835,3093.0
2026-08-26,2026-08-26 13:40:00,8.835,8.84,8.83,8.835,19979.0
2026-08-26,2026-08-26 13:45:00,8.835,8.86,8.835,8.85,25029.0
2026-08-26,2026-08-26 13:50:00,8.86,8.89,8.85,8.86,69921.0
2026-08-26,2026-08-26 13:55:00,8.86,8.865,8.85,8.86,10779.0
2026-08-26,2026-08-26 14:00:00,8.865,8.88,8.8511,8.875,14344.0
2026-08-26,2026-08-26 14:05:00,8.88,8.88,8.855,8.855,10430.0
2026-08-26,2026-08-26 14:10:00,8.855,8.8703,8.855,8.86,44073.0
2026-08-26,2026-08-26 14:15:00,8.86,8.87,8.855,8.865,6982.0
2026-08-26,2026-08-26 14:20:00,8.87,8.87,8.86,8.86,6894.0
2026-08-26,2026-08-26 14:25:00,8.865,8.865,8.855,8.855,7597.0
2026-08-26,2026-08-26 14:30:00,8.86,8.86,8.845,8.845,9750.0
2026-08-26,2026-08-26 14:35:00,8.845,8.845,8.82,8.825,23812.0
2026-08-26,2026-08-26 14:40:00,8.825,8.835,8.825,8.83,5874.0
2026-08-26,2026-08-26 14:45:00,8.835,8.835,8.815,8.815,10915.0
2026-08-26,2026-08-26 14:50:00,8.815,8.815,8.81,8.81,6418.0
2026-08-26,2026-08-26 14:55:00,8.8,8.8,8.77,8.775,11795.0
2026-08-26,2026-08-26 15:00:00,8.775,8.785,8.775,8.78,4621.0
2026-08-26,2026-08-26 15:05:00,8.785,8.79,8.78,8.785,4312.0
2026-08-26,2026-08-26 15:10:00,8.78,8.785,8.77,8.775,8545.0
2026-08-26,2026-08-26 15:15:00,8.7711,8.775,8.76,8.765,17395.0
2026-08-26,2026-08-26 15:20:00,8.765,8.77,8.76,8.765,4653.0
2026-08-26,2026-08-26 15:25:00,8.765,8.77,8.75,8.7551,11991.0
2026-08-26,2026-08-26 15:30:00,8.75,8.75,8.725,8.725,25481.0
2026-08-26,2026-08-26 15:35:00,8.725,8.735,8.72,8.725,16397.0
2026-08-26,2026-08-26 15:40:00,8.725,8.765,8.72,8.76,31484.0
2026-08-26,2026-08-26 15:45:00,8.765,8.77,8.755,8.755,17408.0
2026-08-26,2026-08-26 15:50:00,8.755,8.77,8.755,8.765,34847.0
2026-08-26,2026-08-26 15:55:00,8.765,8.765,8.73,8.73,75830.0
2026-08-26,2026-08-26 16:00:00,8.725,8.735,8.67,8.68,325848.0
2026-08-27,2026-08-27 09:35:00,8.62,8.645,8.55,8.644,52495.0
2026-08-27,2026-08-27 09:40:00,8.644,8.74,8.644,8.729,8488.0
2026-08-27,2026-08-27 09:45:00,8.74,8.74,8.73,8.74,15280.0
2026-08-27,2026-08-27 09:50:00,8.74,8.74,8.705,8.72,12449.0
2026-08-27,2026-08-27 09:55:00,8.72,8.72,8.7,8.71,5804.0
2026-08-27,2026-08-27 10:00:00,8.71,8.71,8.68,8.68,4899.0
2026-08-27,2026-08-27 10:05:00,8.675,8.695,8.675,8.685,7815.0
2026-08-27,2026-08-27 10:10:00,8.685,8.73,8.685,8.72,12417.0
2026-08-27,2026-08-27 10:15:00,8.715,8.715,8.65,8.655,16261.0
2026-08-27,2026-08-27 10:20:00,8.6546,8.675,8.635,8.641,15021.0
2026-08-27,2026-08-27 10:25:00,8.645,8.6457,8.635,8.645,16910.0
2026-08-27,2026-08-27 10:30:00,8.65,8.665,8.65,8.65,7996.0
2026-08-27,2026-08-27 10:35:00,8.645,8.659,8.64,8.659,7028.0
2026-08-27,2026-08-27 10:40:00,8.655,8.66,8.655,8.655,6639.0
2026-08-27,2026-08-27 10:45:00,8.655,8.655,8.625,8.635,10983.0
2026-08-27,2026-08-27 10:50:00,8.63,8.65,8.63,8.645,4622.0
2026-08-27,2026-08-27 10:55:00,8.65,8.665,8.65,8.665,3470.0
2026-08-27,2026-08-27 11:00:00,8.66,8.67,8.66,8.665,2539.0
2026-08-27,2026-08-27 11:05:00,8.665,8.7,8.665,8.675,13823.0
2026-08-27,2026-08-27 11:10:00,8.675,8.685,8.675,8.685,3552.0
2026-08-27,2026-08-27 11:15:00,8.685,8.69,8.685,8.685,4875.0
2026-08-27,2026-08-27 11:20:00,8.69,8.7,8.685,8.685,8027.0
2026-08-27,2026-08-27 11:25:00,8.685,8.689,8.675,8.675,5909.0
2026-08-27,2026-08-27 11:30:00,8.6708,8.675,8.665,8.665,11650.0
2026-08-27,2026-08-27 11:35:00,8.665,8.665,8.665,8.665,2700.0
2026-08-27,2026-08-27 11:40:00,8.66,8.665,8.65,8.665,14880.0
2026-08-27,2026-08-27 11:45:00,8.6691,8.67,8.66,8.665,3174.0
2026-08-27,2026-08-27 11:50:00,8.66,8.66,8.655,8.655,5449.0
2026-08-27,2026-08-27 11:55:00,8.655,8.655,8.645,8.645,6247.0
2026-08-27,2026-08-27 12:00:00,8.64,8.655,8.635,8.655,11624.0
2026-08-27,2026-08-27 12:05:00,8.65,8.67,8.645,8.665,9298.0
2026-08-27,2026-08-27 12:10:00,8.665,8.685,8.665,8.685,5605.0
2026-08-27,2026-08-27 12:15:00,8.685,8.69,8.685,8.685,3190.0
2026-08-27,2026-08-27 12:20:00,8.685,8.69,8.68,8.685,4838.0
2026-08-27,2026-08-27 12:25:00,8.685,8.685,8.65,8.655,19906.0
2026-08-27,2026-08-27 12:30:00,8.65,8.655,8.645,8.645,21373.0
2026-08-27,2026-08-27 12:35:00,8.645,8.645,8.63,8.635,6645.0
2026-08-27,2026-08-27 12:40:00,8.635,8.635,8.62,8.62,5479.0
2026-08-27,2026-08-27 12:45:00,8.615,8.615,8.615,8.615,4451.0
2026-08-27,2026-08-27 12:50:00,8.615,8.625,8.605,8.615,14085.0
2026-08-27,2026-08-27 12:55:00,8.615,8.615,8.6,8.61,4534.0
2026-08-27,2026-08-27 13:00:00,8.61,8.625,8.61,8.625,4465.0
2026-08-27,2026-08-27 13:05:00,8.625,8.625,8.605,8.605,4310.0
2026-08-27,2026-08-27 13:10:00,8.6,8.615,8.6,8.615,3453.0
2026-08-27,2026-08-27 13:15:00,8.619,8.63,8.615,8.63,4685.0
2026-08-27,2026-08-27 13:20:00,8.625,8.625,8.615,8.62,10659.0
2026-08-27,2026-08-27 13:25:00,8.62,8.62,8.6109,8.615,9847.0
2026-08-27,2026-08-27 13:30:00,8.615,8.615,8.6,8.615,17571.0
2026-08-27,2026-08-27 13:35:00,8.6191,8.6191,8.615,8.615,3302.0
2026-08-27,2026-08-27 13:40:00,8.615,8.63,8.615,8.63,7481.0
2026-08-27,2026-08-27 13:45:00,8.625,8.63,8.62,8.625,3274.0
2026-08-27,2026-08-27 13:50:00,8.62,8.625,8.61,8.61,11167.0
2026-08-27,2026-08-27 13:55:00,8.61,8.61,8.6,8.6,5674.0
2026-08-27,2026-08-27 14:00:00,8.6,8.6062,8.6,8.6,2662.0
2026-08-27,2026-08-27 14:05:00,8.605,8.605,8.6,8.605,3991.0
2026-08-27,2026-08-27 14:10:00,8.6,8.61,8.6,8.605,6026.0
2026-08-27,2026-08-27 14:15:00,8.61,8.61,8.6,8.605,4146.0
2026-08-27,2026-08-27 14:20:00,8.605,8.63,8.6,8.625,13538.0
2026-08-27,2026-08-27 14:25:00,8.625,8.63,8.615,8.625,8708.0
2026-08-27,2026-08-27 14:30:00,8.625,8.625,8.605,8.61,19453.0
2026-08-27,2026-08-27 14:35:00,8.615,8.615,8.615,8.615,2447.0
2026-08-27,2026-08-27 14:40:00,8.61,8.625,8.61,8.615,10010.0
2026-08-27,2026-08-27 14:45:00,8.62,8.62,8.615,8.615,4686.0
2026-08-27,2026-08-27 14:50:00,8.61,8.625,8.61,8.625,5402.0
2026-08-27,2026-08-27 14:55:00,8.625,8.63,8.625,8.625,2592.0
2026-08-27,2026-08-27 15:00:00,8.63,8.64,8.625,8.6399,12705.0
2026-08-27,2026-08-27 15:05:00,8.635,8.655,8.635,8.645,12638.0
2026-08-27,2026-08-27 15:10:00,8.65,8.65,8.625,8.625,24837.0
2026-08-27,2026-08-27 15:15:00,8.625,8.63,8.62,8.625,2836.0
2026-08-27,2026-08-27 15:20:00,8.625,8.63,8.615,8.625,21988.0
2026-08-27,2026-08-27 15:25:00,8.625,8.635,8.62,8.635,7888.0
2026-08-27,2026-08-27 15:30:00,8.635,8.65,8.63,8.645,11440.0
2026-08-27,2026-08-27 15:35:00,8.65,8.675,8.645,8.665,26797.0
2026-08-27,2026-08-27 15:40:00,8.67,8.67,8.655,8.665,15337.0
2026-08-27,2026-08-27 15:45:00,8.665,8.67,8.66,8.66,10473.0
2026-08-27,2026-08-27 15:50:00,8.66,8.675,8.645,8.665,72363.0
2026-08-27,2026-08-27 15:55:00,8.665,8.67,8.61,8.62,64128.0
2026-08-27,2026-08-27 16:00:00,8.62,8.62,8.585,8.6,396665.0
2026-08-28,2026-08-28 09:35:00,8.62,8.675,8.5,8.555,39112.0
2026-08-28,2026-08-28 09:40:00,8.54,8.545,8.47,8.475,8317.0
2026-08-28,2026-08-28 09:45:00,8.49,8.5155,8.49,8.5155,16153.0
2026-08-28,2026-08-28 09:50:00,8.51,8.555,8.4901,8.555,4401.0
2026-08-28,2026-08-28 09:55:00,8.53,8.53,8.4213,8.47,10038.0
2026-08-28,2026-08-28 10:00:00,8.475,8.475,8.46,8.475,1155.0
2026-08-28,2026-08-28 10:05:00,8.49,8.5,8.445,8.445,13470.0
2026-08-28,2026-08-28 10:10:00,8.43,8.47,8.43,8.47,13097.0
2026-08-28,2026-08-28 10:15:00,8.48,8.49,8.475,8.49,8661.0
2026-08-28,2026-08-28 10:20:00,8.485,8.52,8.485,8.515,10466.0
2026-08-28,2026-08-28 10:25:00,8.51,8.51,8.5009,8.5009,2049.0
2026-08-28,2026-08-28 10:30:00,8.505,8.505,8.4817,8.4891,6880.0
2026-08-28,2026-08-28 10:35:00,8.49,8.515,8.475,8.508,17997.0
2026-08-28,2026-08-28 10:40:00,8.51,8.54,8.51,8.515,5604.0
2026-08-28,2026-08-28 10:45:00,8.515,8.515,8.5,8.505,1741.0
2026-08-28,2026-08-28 10:50:00,8.5,8.5,8.48,8.485,3356.0
2026-08-28,2026-08-28 10:55:00,8.49,8.495,8.475,8.485,3142.0
2026-08-28,2026-08-28 11:00:00,8.485,8.49,8.475,8.475,4448.0
2026-08-28,2026-08-28 11:05:00,8.475,8.475,8.43,8.43,10820.0
2026-08-28,2026-08-28 11:10:00,8.425,8.435,8.42,8.425,10792.0
2026-08-28,2026-08-28 11:15:00,8.425,8.455,8.425,8.445,7977.0
2026-08-28,2026-08-28 11:20:00,8.45,8.47,8.445,8.47,9433.0
2026-08-28,2026-08-28 11:25:00,8.48,8.48,8.455,8.455,5064.0
2026-08-28,2026-08-28 11:30:00,8.455,8.47,8.455,8.455,8143.0
2026-08-28,2026-08-28 11:35:00,8.451,8.455,8.445,8.455,5590.0
2026-08-28,2026-08-28 11:40:00,8.4505,8.455,8.4201,8.425,8374.0
2026-08-28,2026-08-28 11:45:00,8.4239,8.4239,8.415,8.415,4717.0
2026-08-28,2026-08-28 11:50:00,8.42,8.425,8.37,8.395,51800.0
2026-08-28,2026-08-28 11:55:00,8.4,8.4,8.385,8.4,12243.0
2026-08-28,2026-08-28 12:00:00,8.395,8.4,8.385,8.385,5926.0
2026-08-28,2026-08-28 12:05:00,8.39,8.41,8.385,8.41,10385.0
2026-08-28,2026-08-28 12:10:00,8.42,8.445,8.42,8.445,4291.0
2026-08-28,2026-08-28 12:15:00,8.445,8.445,8.42,8.425,6367.0
2026-08-28,2026-08-28 12:20:00,8.42,8.425,8.415,8.425,9334.0
2026-08-28,2026-08-28 12:25:00,8.425,8.445,8.4211,8.4406,6074.0
2026-08-28,2026-08-28 12:30:00,8.435,8.44,8.43,8.4366,3167.0
2026-08-28,2026-08-28 12:35:00,8.44,8.44,8.43,8.435,6065.0
2026-08-28,2026-08-28 12:40:00,8.44,8.465,8.44,8.455,4686.0
2026-08-28,2026-08-28 12:45:00,8.45,8.465,8.45,8.455,4297.0
2026-08-28,2026-08-28 12:50:00,8.455,8.4662,8.455,8.465,2998.0
2026-08-28,2026-08-28 12:55:00,8.4637,8.47,8.4637,8.465,2082.0
2026-08-28,2026-08-28 13:00:00,8.465,8.465,8.455,8.46,4049.0
2026-08-28,2026-08-28 13:05:00,8.465,8.465,8.455,8.465,4609.0
2026-08-28,2026-08-28 13:10:00,8.4699,8.485,8.4699,8.485,7974.0
2026-08-28,2026-08-28 13:15:00,8.485,8.5,8.485,8.5,2292.0
2026-08-28,2026-08-28 13:20:00,8.495,8.495,8.46,8.46,5147.0
2026-08-28,2026-08-28 13:25:00,8.465,8.465,8.465,8.465,5727.0
2026-08-28,2026-08-28 13:30:00,8.46,8.465,8.455,8.455,4781.0
2026-08-28,2026-08-28 13:35:00,8.455,8.455,8.455,8.455,1350.0
2026-08-28,2026-08-28 13:40:00,8.45,8.465,8.45,8.45,6505.0
2026-08-28,2026-08-28 13:45:00,8.455,8.455,8.455,8.455,1688.0
2026-08-28,2026-08-28 13:50:00,8.455,8.4592,8.445,8.455,9150.0
2026-08-28,2026-08-28 13:55:00,8.46,8.4664,8.455,8.465,2402.0
2026-08-28,2026-08-28 14:00:00,8.46,8.47,8.455,8.465,4185.0
2026-08-28,2026-08-28 14:05:00,8.46,8.46,8.4545,8.46,3419.0
2026-08-28,2026-08-28 14:10:00,8.465,8.47,8.465,8.465,3182.0
2026-08-28,2026-08-28 14:15:00,8.46,8.4655,8.455,8.4655,6802.0
2026-08-28,2026-08-28 14:20:00,8.465,8.475,8.465,8.475,13854.0
2026-08-28,2026-08-28 14:25:00,8.475,8.475,8.465,8.465,2426.0
2026-08-28,2026-08-28 14:30:00,8.465,8.465,8.45,8.455,4227.0
2026-08-28,2026-08-28 14:35:00,8.455,8.46,8.445,8.455,5513.0
2026-08-28,2026-08-28 14:40:00,8.46,8.46,8.45,8.45,4605.0
2026-08-28,2026-08-28 14:45:00,8.45,8.455,8.445,8.445,2985.0
2026-08-28,2026-08-28 14:50:00,8.445,8.46,8.445,8.455,3856.0
2026-08-28,2026-08-28 14:55:00,8.455,8.465,8.455,8.465,3242.0
2026-08-28,2026-08-28 15:00:00,8.47,8.47,8.46,8.46,4316.0
2026-08-28,2026-08-28 15:05:00,8.455,8.455,8.45,8.45,2908.0
2026-08-28,2026-08-28 15:10:00,8.455,8.46,8.445,8.46,6216.0
2026-08-28,2026-08-28 15:15:00,8.465,8.465,8.45,8.45,4371.0
2026-08-28,2026-08-28 15:20:00,8.455,8.47,8.455,8.455,7295.0
2026-08-28,2026-08-28 15:25:00,8.46,8.475,8.455,8.475,6933.0
2026-08-28,2026-08-28 15:30:00,8.475,8.475,8.465,8.47,14880.0
2026-08-28,2026-08-28 15:35:00,8.465,8.47,8.46,8.465,7238.0
2026-08-28,2026-08-28 15:40:00,8.465,8.48,8.465,8.475,18152.0
2026-08-28,2026-08-28 15:45:00,8.475,8.485,8.465,8.465,27839.0
2026-08-28,2026-08-28 15:50:00,8.46,8.465,8.455,8.465,15212.0
2026-08-28,2026-08-28 15:55:00,8.46,8.48,8.45,8.48,27235.0
2026-08-28,2026-08-28 16:00:00,8.48,8.495,8.445,8.48,374692.0
2026-08-31,2026-08-31 09:35:00,8.45,8.46,8.365,8.37,23937.0
2026-08-31,2026-08-31 09:40:00,8.384,8.4199,8.37,8.395,12321.0
2026-08-31,2026-08-31 09:45:00,8.399,8.405,8.37,8.375,5311.0
2026-08-31,2026-08-31 09:50:00,8.37,8.38,8.3,8.3216,32094.0
2026-08-31,2026-08-31 09:55:00,8.33,8.3599,8.33,8.3416,7251.0
2026-08-31,2026-08-31 10:00:00,8.35,8.35,8.35,8.35,3474.0
2026-08-31,2026-08-31 10:05:00,8.35,8.435,8.35,8.435,24591.0
2026-08-31,2026-08-31 10:10:00,8.43,8.435,8.4,8.415,13627.0
2026-08-31,2026-08-31 10:15:00,8.415,8.42,8.405,8.405,15611.0
2026-08-31,2026-08-31 10:20:00,8.405,8.435,8.38,8.425,45871.0
2026-08-31,2026-08-31 10:25:00,8.42,8.42,8.37,8.375,7229.0
2026-08-31,2026-08-31 10:30:00,8.375,8.375,8.32,8.35,20968.0
2026-08-31,2026-08-31 10:35:00,8.36,8.365,8.36,8.365,3771.0
2026-08-31,2026-08-31 10:40:00,8.37,8.375,8.335,8.335,27988.0
2026-08-31,2026-08-31 10:45:00,8.335,8.345,8.335,8.34,5173.0
2026-08-31,2026-08-31 10:50:00,8.35,8.355,8.345,8.35,4238.0
2026-08-31,2026-08-31 10:55:00,8.35,8.36,8.3317,8.3323,6503.0
2026-08-31,2026-08-31 11:00:00,8.335,8.355,8.335,8.355,12323.0
2026-08-31,2026-08-31 11:05:00,8.35,8.35,8.35,8.35,2346.0
2026-08-31,2026-08-31 11:10:00,8.35,8.359,8.34,8.34,5455.0
2026-08-31,2026-08-31 11:15:00,8.345,8.345,8.345,8.345,1802.0
2026-08-31,2026-08-31 11:20:00,8.35,8.355,8.35,8.3511,2961.0
2026-08-31,2026-08-31 11:25:00,8.355,8.355,8.34,8.34,2794.0
2026-08-31,2026-08-31 11:30:00,8.345,8.345,8.34,8.345,2733.0
2026-08-31,2026-08-31 11:35:00,8.345,8.345,8.345,8.345,1298.0
2026-08-31,2026-08-31 11:40:00,8.34,8.34,8.33,8.33,9923.0
2026-08-31,2026-08-31 11:45:00,8.33,8.34,8.33,8.34,2453.0
2026-08-31,2026-08-31 11:50:00,8.335,8.335,8.3311,8.3311,2027.0
2026-08-31,2026-08-31 11:55:00,8.335,8.339,8.32,8.325,5656.0
2026-08-31,2026-08-31 12:00:00,8.32,8.325,8.315,8.32,5517.0
2026-08-31,2026-08-31 12:05:00,8.31,8.31,8.295,8.295,71367.0
2026-08-31,2026-08-31 12:10:00,8.2988,8.305,8.285,8.305,32387.0
2026-08-31,2026-08-31 12:15:00,8.305,8.335,8.3,8.33,10173.0
2026-08-31,2026-08-31 12:20:00,8.325,8.33,8.325,8.325,7650.0
2026-08-31,2026-08-31 12:25:00,8.33,8.335,8.325,8.325,7604.0
2026-08-31,2026-08-31 12:30:00,8.325,8.325,8.325,8.325,1340.0
2026-08-31,2026-08-31 12:35:00,8.32,8.325,8.32,8.325,7607.0
2026-08-31,2026-08-31 12:40:00,8.325,8.335,8.32,8.335,5546.0
2026-08-31,2026-08-31 12:45:00,8.34,8.345,8.335,8.345,3730.0
2026-08-31,2026-08-31 12:50:00,8.34,8.35,8.34,8.345,2674.0
2026-08-31,2026-08-31 12:55:00,8.345,8.345,8.335,8.335,6844.0
2026-08-31,2026-08-31 13:00:00,8.33,8.33,8.32,8.32,3335.0
2026-08-31,2026-08-31 13:05:00,8.32,8.335,8.32,8.335,5966.0
2026-08-31,2026-08-31 13:10:00,8.335,8.335,8.335,8.335,1115.0
2026-08-31,2026-08-31 13:15:00,8.34,8.3499,8.34,8.345,3325.0
2026-08-31,2026-08-31 13:20:00,8.345,8.345,8.34,8.345,2470.0
2026-08-31,2026-08-31 13:25:00,8.34,8.35,8.33,8.35,6385.0
2026-08-31,2026-08-31 13:30:00,8.345,8.35,8.345,8.345,1452.0
2026-08-31,2026-08-31 13:35:00,8.345,8.35,8.345,8.35,3329.0
2026-08-31,2026-08-31 13:40:00,8.345,8.3499,8.34,8.345,2839.0
2026-08-31,2026-08-31 13:45:00,8.345,8.35,8.34,8.34,1993.0
2026-08-31,2026-08-31 13:50:00,8.345,8.345,8.345,8.345,1761.0
2026-08-31,2026-08-31 13:55:00,8.345,8.36,8.345,8.355,12851.0
2026-08-31,2026-08-31 14:00:00,8.355,8.355,8.34,8.35,5768.0
2026-08-31,2026-08-31 14:05:00,8.35,8.35,8.345,8.345,1416.0
2026-08-31,2026-08-31 14:10:00,8.345,8.35,8.34,8.3401,2649.0
2026-08-31,2026-08-31 14:15:00,8.35,8.35,8.345,8.345,2420.0
2026-08-31,2026-08-31 14:20:00,8.35,8.37,8.35,8.37,8530.0
2026-08-31,2026-08-31 14:25:00,8.375,8.39,8.373862,8.39,8724.0
2026-08-31,2026-08-31 14:30:00,8.395,8.4,8.39,8.395,5108.0
2026-08-31,2026-08-31 14:35:00,8.4,8.405,8.395,8.395,6538.0
2026-08-31,2026-08-31 14:40:00,8.395,8.395,8.39,8.395,3319.0
2026-08-31,2026-08-31 14:45:00,8.39,8.4,8.39,8.395,7263.0
2026-08-31,2026-08-31 14:50:00,8.395,8.4,8.39,8.395,3893.0
2026-08-31,2026-08-31 14:55:00,8.395,8.4,8.3908,8.4,13890.0
2026-08-31,2026-08-31 15:00:00,8.395,8.41,8.395,8.405,16184.0
2026-08-31,2026-08-31 15:05:00,8.41,8.415,8.4,8.405,12787.0
2026-08-31,2026-08-31 15:10:00,8.405,8.405,8.405,8.405,1598.0
2026-08-31,2026-08-31 15:15:00,8.41,8.42,8.405,8.42,11679.0
2026-08-31,2026-08-31 15:20:00,8.421,8.43,8.415,8.415,6064.0
2026-08-31,2026-08-31 15:25:00,8.415,8.42,8.41,8.4199,6542.0
2026-08-31,2026-08-31 15:30:00,8.42,8.43,8.42,8.425,4136.0
2026-08-31,2026-08-31 15:35:00,8.43,8.43,8.41,8.415,16048.0
2026-08-31,2026-08-31 15:40:00,8.41,8.4199,8.41,8.4199,4734.0
2026-08-31,2026-08-31 15:45:00,8.42,8.43,8.42,8.425,10474.0
2026-08-31,2026-08-31 15:50:00,8.42,8.42,8.39,8.405,18928.0
2026-08-31,2026-08-31 15:55:00,8.41,8.485,8.41,8.4799,96071.0
2026-08-31,2026-08-31 16:00:00,8.475,8.48,8.42,8.44,492485.0
2026-09-01,2026-09-01 09:35:00,8.42,8.53,8.42,8.51,38080.0
2026-09-01,2026-09-01 09:40:00,8.49,8.53,8.49,8.52,13152.0
2026-09-01,2026-09-01 09:45:00,8.53,8.54,8.5125,8.52,7850.0
2026-09-01,2026-09-01 09:50:00,8.52,8.52,8.49,8.52,4234.0
2026-09-01,2026-09-01 09:55:00,8.52,8.55,8.52,8.54,15049.0
2026-09-01,2026-09-01 10:00:00,8.545,8.5481,8.53,8.53,4695.0
2026-09-01,2026-09-01 10:05:00,8.53,8.53,8.51,8.5201,5813.0
2026-09-01,2026-09-01 10:10:00,8.525,8.555,8.515,8.555,23892.0
2026-09-01,2026-09-01 10:15:00,8.551,8.6,8.551,8.6,7567.0
2026-09-01,2026-09-01 10:20:00,8.601,8.605,8.575,8.58,19159.0
2026-09-01,2026-09-01 10:25:00,8.575,8.585,8.565,8.575,11299.0
2026-09-01,2026-09-01 10:30:00,8.58,8.585,8.575,8.58,3263.0
2026-09-01,2026-09-01 10:35:00,8.575,8.615,8.575,8.615,8132.0
2026-09-01,2026-09-01 10:40:00,8.615,8.615,8.55,8.55,23209.0
2026-09-01,2026-09-01 10:45:00,8.545,8.555,8.5401,8.545,16537.0
2026-09-01,2026-09-01 10:50:00,8.545,8.545,8.525,8.525,16982.0
2026-09-01,2026-09-01 10:55:00,8.52,8.525,8.515,8.515,4410.0
2026-09-01,2026-09-01 11:00:00,8.515,8.525,8.51,8.525,4390.0
2026-09-01,2026-09-01 11:05:00,8.525,8.525,8.505,8.505,7112.0
2026-09-01,2026-09-01 11:10:00,8.51,8.54,8.5,8.535,6213.0
2026-09-01,2026-09-01 11:15:00,8.535,8.56,8.535,8.55,4090.0
2026-09-01,2026-09-01 11:20:00,8.55,8.55,8.535,8.535,4404.0
2026-09-01,2026-09-01 11:25:00,8.535,8.54,8.53,8.535,3217.0
2026-09-01,2026-09-01 11:30:00,8.535,8.54,8.5336,8.54,5951.0
2026-09-01,2026-09-01 11:35:00,8.54,8.54,8.5341,8.54,3634.0
2026-09-01,2026-09-01 11:40:00,8.535,8.545,8.52,8.525,14785.0
2026-09-01,2026-09-01 11:45:00,8.525,8.535,8.52,8.535,3735.0
2026-09-01,2026-09-01 11:50:00,8.54,8.54,8.525,8.53,5418.0
2026-09-01,2026-09-01 11:55:00,8.525,8.53,8.525,8.525,2135.0
2026-09-01,2026-09-01 12:00:00,8.53,8.55,8.53,8.545,4492.0
2026-09-01,2026-09-01 12:05:00,8.545,8.56,8.52,8.52,34080.0
2026-09-01,2026-09-01 12:10:00,8.525,8.535,8.515,8.515,11758.0
2026-09-01,2026-09-01 12:15:00,8.515,8.515,8.495,8.495,5493.0
2026-09-01,2026-09-01 12:20:00,8.49,8.5,8.47,8.475,40917.0
2026-09-01,2026-09-01 12:25:00,8.47,8.47,8.455,8.465,9824.0
2026-09-01,2026-09-01 12:30:00,8.465,8.465,8.445,8.45,19050.0
2026-09-01,2026-09-01 12:35:00,8.455,8.4599,8.45,8.455,6006.0
2026-09-01,2026-09-01 12:40:00,8.455,8.475,8.45,8.475,13402.0
2026-09-01,2026-09-01 12:45:00,8.48,8.48,8.475,8.475,3564.0
2026-09-01,2026-09-01 12:50:00,8.47,8.48,8.47,8.475,3384.0
2026-09-01,2026-09-01 12:55:00,8.48,8.48,8.472,8.475,4256.0
2026-09-01,2026-09-01 13:00:00,8.475,8.495,8.47,8.495,8061.0
2026-09-01,2026-09-01 13:05:00,8.495,8.5,8.49,8.495,3583.0
2026-09-01,2026-09-01 13:10:00,8.49,8.49,8.485,8.485,2575.0
2026-09-01,2026-09-01 13:15:00,8.485,8.485,8.48,8.485,4104.0
2026-09-01,2026-09-01 13:20:00,8.49,8.49,8.475,8.475,4962.0
2026-09-01,2026-09-01 13:25:00,8.47,8.47,8.45,8.455,11634.0
2026-09-01,2026-09-01 13:30:00,8.455,8.455,8.445,8.455,13358.0
2026-09-01,2026-09-01 13:35:00,8.46,8.46,8.45,8.45,4583.0
2026-09-01,2026-09-01 13:40:00,8.445,8.445,8.43,8.43,4896.0
2026-09-01,2026-09-01 13:45:00,8.43,8.44,8.43,8.43,5284.0
2026-09-01,2026-09-01 13:50:00,8.43,8.435,8.405,8.415,16838.0
2026-09-01,2026-09-01 13:55:00,8.415,8.425,8.415,8.415,6538.0
2026-09-01,2026-09-01 14:00:00,8.42,8.42,8.415,8.415,4094.0
2026-09-01,2026-09-01 14:05:00,8.415,8.42,8.4,8.405,5665.0
2026-09-01,2026-09-01 14:10:00,8.41,8.415,8.405,8.415,5803.0
2026-09-01,2026-09-01 14:15:00,8.415,8.415,8.4,8.4,8207.0
2026-09-01,2026-09-01 14:20:00,8.405,8.44,8.405,8.435,43934.0
2026-09-01,2026-09-01 14:25:00,8.44,8.46,8.44,8.455,11260.0
2026-09-01,2026-09-01 14:30:00,8.455,8.5,8.455,8.5,14965.0
2026-09-01,2026-09-01 14:35:00,8.495,8.5,8.49,8.495,2789.0
2026-09-01,2026-09-01 14:40:00,8.5,8.5,8.485,8.485,7207.0
2026-09-01,2026-09-01 14:45:00,8.485,8.49,8.48,8.485,4507.0
2026-09-01,2026-09-01 14:50:00,8.485,8.495,8.485,8.495,5565.0
2026-09-01,2026-09-01 14:55:00,8.495,8.51,8.495,8.495,10502.0
2026-09-01,2026-09-01 15:00:00,8.495,8.505,8.49,8.495,10276.0
2026-09-01,2026-09-01 15:05:00,8.495,8.495,8.475,8.475,6909.0
2026-09-01,2026-09-01 15:10:00,8.47,8.475,8.465,8.47,8301.0
2026-09-01,2026-09-01 15:15:00,8.47,8.495,8.47,8.495,11846.0
2026-09-01,2026-09-01 15:20:00,8.495,8.5,8.48,8.49,14380.0
2026-09-01,2026-09-01 15:25:00,8.5,8.5,8.485,8.485,9761.0
2026-09-01,2026-09-01 15:30:00,8.485,8.495,8.48,8.48,17496.0
2026-09-01,2026-09-01 15:35:00,8.485,8.49,8.485,8.49,8058.0
2026-09-01,2026-09-01 15:40:00,8.49,8.49,8.46,8.475,23552.0
2026-09-01,2026-09-01 15:45:00,8.48,8.48,8.471,8.475,8417.0
2026-09-01,2026-09-01 15:50:00,8.48,8.48,8.435,8.44,44491.0
2026-09-01,2026-09-01 15:55:00,8.435,8.435,8.39,8.415,54561.0
2026-09-01,2026-09-01 16:00:00,8.415,8.45,8.38,8.43,242548.0
2026-09-02,2026-09-02 09:35:00,8.49,8.57,8.48,8.565,18885.0
2026-09-02,2026-09-02 09:40:00,8.58,8.635,8.58,8.62,36235.0
2026-09-02,2026-09-02 09:45:00,8.63,8.63,8.59,8.593,8133.0
2026-09-02,2026-09-02 09:50:00,8.5915,8.61,8.57,8.57,3763.0
2026-09-02,2026-09-02 09:55:00,8.5701,8.5704,8.5501,8.5501,2794.0
2026-09-02,2026-09-02 10:00:00,8.55,8.57,8.53,8.53,19266.0
2026-09-02,2026-09-02 10:05:00,8.55,8.56,8.535,8.56,17637.0
2026-09-02,2026-09-02 10:10:00,8.56,8.56,8.495,8.495,35506.0
2026-09-02,2026-09-02 10:15:00,8.5,8.505,8.47,8.47,11742.0
2026-09-02,2026-09-02 10:20:00,8.47,8.47,8.45,8.45,14937.0
2026-09-02,2026-09-02 10:25:00,8.44,8.445,8.415,8.43,13973.0
2026-09-02,2026-09-02 10:30:00,8.425,8.44,8.425,8.43,5215.0
2026-09-02,2026-09-02 10:35:00,8.425,8.425,8.385,8.39,17553.0
2026-09-02,2026-09-02 10:40:00,8.385,8.395,8.375,8.385,11389.0
2026-09-02,2026-09-02 10:45:00,8.3899,8.4,8.36,8.365,8423.0
2026-09-02,2026-09-02 10:50:00,8.36,8.365,8.31,8.32,18175.0
2026-09-02,2026-09-02 10:55:00,8.31,8.31,8.2746,8.285,17155.0
2026-09-02,2026-09-02 11:00:00,8.29,8.2962,8.28,8.29,13416.0
2026-09-02,2026-09-02 11:05:00,8.29,8.315,8.29,8.315,7809.0
2026-09-02,2026-09-02 11:10:00,8.315,8.405,8.3117,8.405,32795.0
2026-09-02,2026-09-02 11:15:00,8.4,8.42,8.395,8.415,31942.0
2026-09-02,2026-09-02 11:20:00,8.42,8.44,8.42,8.44,15818.0
2026-09-02,2026-09-02 11:25:00,8.435,8.44,8.405,8.405,28284.0
2026-09-02,2026-09-02 11:30:00,8.401,8.405,8.37,8.375,8893.0
2026-09-02,2026-09-02 11:35:00,8.38,8.385,8.365,8.38,10452.0
2026-09-02,2026-09-02 11:40:00,8.37,8.38,8.37,8.38,4264.0
2026-09-02,2026-09-02 11:45:00,8.39,8.395,8.385,8.385,4413.0
2026-09-02,2026-09-02 11:50:00,8.39,8.4,8.38,8.38,6329.0
2026-09-02,2026-09-02 11:55:00,8.38,8.395,8.38,8.395,6096.0
2026-09-02,2026-09-02 12:00:00,8.395,8.405,8.395,8.4,3556.0
2026-09-02,2026-09-02 12:05:00,8.4,8.43,8.4,8.415,11716.0
2026-09-02,2026-09-02 12:10:00,8.415,8.42,8.405,8.41,3048.0
2026-09-02,2026-09-02 12:15:00,8.41,8.42,8.41,8.42,3155.0
2026-09-02,2026-09-02 12:20:00,8.42,8.42,8.405,8.41,6300.0
2026-09-02,2026-09-02 12:25:00,8.41,8.42,8.409,8.415,6461.0
2026-09-02,2026-09-02 12:30:00,8.415,8.44,8.415,8.44,4862.0
2026-09-02,2026-09-02 12:35:00,8.44,8.46,8.44,8.455,3437.0
2026-09-02,2026-09-02 12:40:00,8.45,8.46,8.445,8.45,7179.0
2026-09-02,2026-09-02 12:45:00,8.445,8.45,8.44,8.4438,1617.0
2026-09-02,2026-09-02 12:50:00,8.445,8.445,8.43,8.43,11279.0
2026-09-02,2026-09-02 12:55:00,8.435,8.44,8.435,8.44,1967.0
2026-09-02,2026-09-02 13:00:00,8.43,8.43,8.425,8.425,4124.0
2026-09-02,2026-09-02 13:05:00,8.43,8.44,8.42,8.435,12043.0
2026-09-02,2026-09-02 13:10:00,8.435,8.435,8.425,8.435,10879.0
2026-09-02,2026-09-02 13:15:00,8.435,8.44,8.43,8.435,3920.0
2026-09-02,2026-09-02 13:20:00,8.43,8.45,8.43,8.435,7996.0
2026-09-02,2026-09-02 13:25:00,8.44,8.455,8.435,8.44,11882.0
2026-09-02,2026-09-02 13:30:00,8.44,8.445,8.435,8.435,6332.0
2026-09-02,2026-09-02 13:35:00,8.435,8.44,8.43,8.435,7146.0
2026-09-02,2026-09-02 13:40:00,8.43,8.445,8.4201,8.4201,10858.0
2026-09-02,2026-09-02 13:45:00,8.425,8.435,8.425,8.435,5435.0
2026-09-02,2026-09-02 13:50:00,8.43,8.445,8.43,8.445,10820.0
2026-09-02,2026-09-02 13:55:00,8.45,8.455,8.45,8.455,5015.0
2026-09-02,2026-09-02 14:00:00,8.455,8.46,8.45,8.45,2803.0
2026-09-02,2026-09-02 14:05:00,8.45,8.46,8.45,8.46,3939.0
2026-09-02,2026-09-02 14:10:00,8.46,8.48,8.46,8.47,10768.0
2026-09-02,2026-09-02 14:15:00,8.46,8.47,8.46,8.47,11091.0
2026-09-02,2026-09-02 14:20:00,8.47,8.48,8.47,8.48,11443.0
2026-09-02,2026-09-02 14:25:00,8.48,8.48,8.475,8.48,4764.0
2026-09-02,2026-09-02 14:30:00,8.48,8.515,8.48,8.515,21690.0
2026-09-02,2026-09-02 14:35:00,8.52,8.545,8.515,8.54,12609.0
2026-09-02,2026-09-02 14:40:00,8.5301,8.545,8.53,8.545,23445.0
2026-09-02,2026-09-02 14:45:00,8.545,8.569,8.54,8.565,11863.0
2026-09-02,2026-09-02 14:50:00,8.565,8.57,8.565,8.57,6441.0
2026-09-02,2026-09-02 14:55:00,8.57,8.575,8.55,8.55,13743.0
2026-09-02,2026-09-02 15:00:00,8.55,8.555,8.535,8.535,35407.0
2026-09-02,2026-09-02 15:05:00,8.535,8.535,8.52,8.53,19288.0
2026-09-02,2026-09-02 15:10:00,8.53,8.535,8.515,8.52,6014.0
2026-09-02,2026-09-02 15:15:00,8.515,8.54,8.515,8.54,11527.0
2026-09-02,2026-09-02 15:20:00,8.54,8.55,8.5399,8.545,7563.0
2026-09-02,2026-09-02 15:25:00,8.55,8.55,8.535,8.545,9861.0
2026-09-02,2026-09-02 15:30:00,8.55,8.55,8.525,8.53,17105.0
2026-09-02,2026-09-02 15:35:00,8.53,8.53,8.51,8.51,9296.0
2026-09-02,2026-09-02 15:40:00,8.52,8.535,8.52,8.525,21329.0
2026-09-02,2026-09-02 15:45:00,8.53,8.545,8.5201,8.535,17020.0
2026-09-02,2026-09-02 15:50:00,8.535,8.57,8.525,8.565,30599.0
2026-09-02,2026-09-02 15:55:00,8.56,8.565,8.53,8.555,46066.0
2026-09-02,2026-09-02 16:00:00,8.555,8.59,8.555,8.58,371831.0
2026-09-03,2026-09-03 09:35:00,8.64,8.67,8.595,8.595,29630.0
2026-09-03,2026-09-03 09:40:00,8.62,8.63,8.55,8.55,6705.0
2026-09-03,2026-09-03 09:45:00,8.535,8.535,8.49,8.5,9164.0
2026-09-03,2026-09-03 09:50:00,8.495,8.51,8.465,8.5,18366.0
2026-09-03,2026-09-03 09:55:00,8.49,8.54,8.485,8.53,17270.0
2026-09-03,2026-09-03 10:00:00,8.529,8.53,8.499,8.515,17426.0
2026-09-03,2026-09-03 10:05:00,8.515,8.535,8.5,8.53,9497.0
2026-09-03,2026-09-03 10:10:00,8.53,8.535,8.495,8.515,13921.0
2026-09-03,2026-09-03 10:15:00,8.515,8.515,8.495,8.505,9352.0
2026-09-03,2026-09-03 10:20:00,8.505,8.52,8.475,8.495,7384.0
2026-09-03,2026-09-03 10:25:00,8.49,8.49,8.465,8.47,8364.0
2026-09-03,2026-09-03 10:30:00,8.465,8.475,8.425,8.435,10102.0
2026-09-03,2026-09-03 10:35:00,8.435,8.44,8.425,8.425,7518.0
2026-09-03,2026-09-03 10:40:00,8.42,8.485,8.415,8.485,17528.0
2026-09-03,2026-09-03 10:45:00,8.49,8.53,8.485,8.525,13347.0
2026-09-03,2026-09-03 10:50:00,8.53,8.54,8.52,8.52,6032.0
2026-09-03,2026-09-03 10:55:00,8.51,8.515,8.505,8.505,7894.0
2026-09-03,2026-09-03 11:00:00,8.505,8.505,8.475,8.495,8837.0
2026-09-03,2026-09-03 11:05:00,8.495,8.505,8.495,8.495,5919.0
2026-09-03,2026-09-03 11:10:00,8.5,8.5,8.475,8.485,7721.0
2026-09-03,2026-09-03 11:15:00,8.48,8.49,8.48,8.485,3030.0
2026-09-03,2026-09-03 11:20:00,8.485,8.49,8.475,8.475,16717.0
2026-09-03,2026-09-03 11:25:00,8.475,8.475,8.465,8.47,8595.0
2026-09-03,2026-09-03 11:30:00,8.4728,8.485,8.4728,8.475,5601.0
2026-09-03,2026-09-03 11:35:00,8.475,8.51,8.475,8.505,34541.0
2026-09-03,2026-09-03 11:40:00,8.51,8.515,8.505,8.515,5423.0
2026-09-03,2026-09-03 11:45:00,8.515,8.535,8.51,8.53,8102.0
2026-09-03,2026-09-03 11:50:00,8.53,8.53,8.525,8.525,4786.0
2026-09-03,2026-09-03 11:55:00,8.525,8.53,8.515,8.53,7440.0
2026-09-03,2026-09-03 12:00:00,8.53,8.535,8.53,8.53,2889.0
2026-09-03,2026-09-03 12:05:00,8.535,8.545,8.535,8.545,5407.0
2026-09-03,2026-09-03 12:10:00,8.545,8.555,8.54,8.555,4210.0
2026-09-03,2026-09-03 12:15:00,8.5505,8.555,8.545,8.555,4672.0
2026-09-03,2026-09-03 12:20:00,8.555,8.555,8.54,8.54,8117.0
2026-09-03,2026-09-03 12:25:00,8.535,8.545,8.53,8.545,3477.0
2026-09-03,2026-09-03 12:30:00,8.545,8.565,8.545,8.565,6622.0
2026-09-03,2026-09-03 12:35:00,8.565,8.565,8.545,8.56,6550.0
2026-09-03,2026-09-03 12:40:00,8.555,8.565,8.55,8.56,5290.0
2026-09-03,2026-09-03 12:45:00,8.56,8.61,8.56,8.61,27137.0
2026-09-03,2026-09-03 12:50:00,8.61,8.63,8.605,8.63,10228.0
2026-09-03,2026-09-03 12:55:00,8.625,8.63,8.62,8.62,13851.0
2026-09-03,2026-09-03 13:00:00,8.625,8.67,8.625,8.67,12632.0
2026-09-03,2026-09-03 13:05:00,8.665,8.69,8.6611,8.69,18087.0
2026-09-03,2026-09-03 13:10:00,8.685,8.72,8.671,8.715,22177.0
2026-09-03,2026-09-03 13:15:00,8.71,8.73,8.71,8.73,21129.0
2026-09-03,2026-09-03 13:20:00,8.73,8.73,8.65,8.655,36154.0
2026-09-03,2026-09-03 13:25:00,8.655,8.69,8.655,8.685,18750.0
2026-09-03,2026-09-03 13:30:00,8.68,8.72,8.675,8.715,41347.0
2026-09-03,2026-09-03 13:35:00,8.72,8.73,8.715,8.725,12205.0
2026-09-03,2026-09-03 13:40:00,8.7291,8.7598,8.7291,8.745,55306.0
2026-09-03,2026-09-03 13:45:00,8.74,8.74,8.725,8.735,20738.0
2026-09-03,2026-09-03 13:50:00,8.73,8.75,8.725,8.75,7255.0
2026-09-03,2026-09-03 13:55:00,8.75,8.77,8.749,8.77,11981.0
2026-09-03,2026-09-03 14:00:00,8.77,8.77,8.7501,8.755,7631.0
2026-09-03,2026-09-03 14:05:00,8.76,8.76,8.7509,8.76,5527.0
2026-09-03,2026-09-03 14:10:00,8.755,8.76,8.735,8.75,22473.0
2026-09-03,2026-09-03 14:15:00,8.745,8.75,8.74,8.75,9977.0
2026-09-03,2026-09-03 14:20:00,8.75,8.75,8.722,8.73,27399.0
2026-09-03,2026-09-03 14:25:00,8.72,8.76,8.715,8.755,41392.0
2026-09-03,2026-09-03 14:30:00,8.755,8.755,8.75,8.755,18688.0
2026-09-03,2026-09-03 14:35:00,8.755,8.765,8.75,8.765,7917.0
2026-09-03,2026-09-03 14:40:00,8.765,8.775,8.75,8.75,20944.0
2026-09-03,2026-09-03 14:45:00,8.745,8.75,8.665,8.665,44280.0
2026-09-03,2026-09-03 14:50:00,8.66,8.66,8.635,8.635,12956.0
2026-09-03,2026-09-03 14:55:00,8.635,8.6699,8.635,8.655,15318.0
2026-09-03,2026-09-03 15:00:00,8.655,8.665,8.645,8.645,15308.0
2026-09-03,2026-09-03 15:05:00,8.645,8.65,8.63,8.65,18634.0
2026-09-03,2026-09-03 15:10:00,8.65,8.655,8.635,8.645,21601.0
2026-09-03,2026-09-03 15:15:00,8.645,8.645,8.625,8.625,5838.0
2026-09-03,2026-09-03 15:20:00,8.625,8.625,8.595,8.595,11706.0
2026-09-03,2026-09-03 15:25:00,8.5911,8.595,8.59,8.595,4481.0
2026-09-03,2026-09-03 15:30:00,8.595,8.595,8.58,8.585,9155.0
2026-09-03,2026-09-03 15:35:00,8.585,8.585,8.575,8.585,11682.0
2026-09-03,2026-09-03 15:40:00,8.58,8.59,8.55,8.585,17761.0
2026-09-03,2026-09-03 15:45:00,8.59,8.6,8.585,8.585,10665.0
2026-09-03,2026-09-03 15:50:00,8.585,8.61,8.575,8.6,22162.0
2026-09-03,2026-09-03 15:55:00,8.61,8.655,8.605,8.605,66685.0
2026-09-03,2026-09-03 16:00:00,8.61,8.615,8.58,8.59,342260.0
2026-09-04,2026-09-04 09:35:00,8.5,8.56,8.49,8.51,16144.0
2026-09-04,2026-09-04 09:40:00,8.5,8.52,8.47,8.5,5327.0
2026-09-04,2026-09-04 09:45:00,8.51,8.52,8.5,8.51,7609.0
2026-09-04,2026-09-04 09:50:00,8.51,8.54,8.4883,8.54,8116.0
2026-09-04,2026-09-04 09:55:00,8.54,8.54,8.485,8.49,11263.0
2026-09-04,2026-09-04 10:00:00,8.4507,8.5,8.45,8.47,11186.0
2026-09-04,2026-09-04 10:05:00,8.47,8.51,8.47,8.5,23129.0
2026-09-04,2026-09-04 10:10:00,8.51,8.535,8.495,8.535,9061.0
2026-09-04,2026-09-04 10:15:00,8.53,8.53,8.495,8.5,14946.0
2026-09-04,2026-09-04 10:20:00,8.515,8.515,8.495,8.495,5973.0
2026-09-04,2026-09-04 10:25:00,8.495,8.505,8.495,8.505,3261.0
2026-09-04,2026-09-04 10:30:00,8.5,8.5,8.49,8.495,4126.0
2026-09-04,2026-09-04 10:35:00,8.495,8.495,8.485,8.49,4156.0
2026-09-04,2026-09-04 10:40:00,8.485,8.495,8.48,8.49,7504.0
2026-09-04,2026-09-04 10:45:00,8.485,8.485,8.475,8.475,2134.0
2026-09-04,2026-09-04 10:50:00,8.475,8.48,8.455,8.465,6185.0
2026-09-04,2026-09-04 10:55:00,8.46,8.46,8.455,8.455,7113.0
2026-09-04,2026-09-04 11:00:00,8.455,8.455,8.41,8.415,21345.0
2026-09-04,2026-09-04 11:05:00,8.415,8.435,8.405,8.425,16493.0
2026-09-04,2026-09-04 11:10:00,8.425,8.435,8.41,8.4199,8766.0
2026-09-04,2026-09-04 11:15:00,8.415,8.415,8.405,8.415,5641.0
2026-09-04,2026-09-04 11:20:00,8.41,8.44,8.405,8.43,9752.0
2026-09-04,2026-09-04 11:25:00,8.435,8.435,8.42,8.435,6126.0
2026-09-04,2026-09-04 11:30:00,8.435,8.435,8.425,8.43,3203.0
2026-09-04,2026-09-04 11:35:00,8.425,8.44,8.425,8.435,8025.0
2026-09-04,2026-09-04 11:40:00,8.4301,8.445,8.43,8.435,4744.0
2026-09-04,2026-09-04 11:45:00,8.435,8.455,8.435,8.455,21706.0
2026-09-04,2026-09-04 11:50:00,8.46,8.465,8.43,8.43,7346.0
2026-09-04,2026-09-04 11:55:00,8.4309,8.44,8.425,8.425,5999.0
2026-09-04,2026-09-04 12:00:00,8.425,8.425,8.4111,8.415,4555.0
2026-09-04,2026-09-04 12:05:00,8.41,8.415,8.405,8.415,5494.0
2026-09-04,2026-09-04 12:10:00,8.415,8.415,8.41,8.415,1263.0
2026-09-04,2026-09-04 12:15:00,8.415,8.425,8.415,8.425,5359.0
2026-09-04,2026-09-04 12:20:00,8.425,8.44,8.425,8.44,8937.0
2026-09-04,2026-09-04 12:25:00,8.4301,8.435,8.425,8.428,6114.0
2026-09-04,2026-09-04 12:30:00,8.4264,8.4264,8.405,8.415,13067.0
2026-09-04,2026-09-04 12:35:00,8.41,8.415,8.385,8.39,27291.0
2026-09-04,2026-09-04 12:40:00,8.385,8.415,8.38,8.415,34714.0
2026-09-04,2026-09-04 12:45:00,8.42,8.44,8.42,8.43,6276.0
2026-09-04,2026-09-04 12:50:00,8.43,8.4373,8.425,8.425,4876.0
2026-09-04,2026-09-04 12:55:00,8.42,8.425,8.41,8.415,4871.0
2026-09-04,2026-09-04 13:00:00,8.415,8.42,8.415,8.415,6071.0
2026-09-04,2026-09-04 13:05:00,8.415,8.415,8.41,8.41,3995.0
2026-09-04,2026-09-04 13:10:00,8.415,8.42,8.4,8.405,4250.0
2026-09-04,2026-09-04 13:15:00,8.405,8.41,8.405,8.41,5435.0
2026-09-04,2026-09-04 13:20:00,8.405,8.41,8.405,8.405,7201.0
2026-09-04,2026-09-04 13:25:00,8.41,8.41,8.4,8.405,2253.0
2026-09-04,2026-09-04 13:30:00,8.4,8.4,8.4,8.4,1320.0
2026-09-04,2026-09-04 13:35:00,8.4,8.4,8.39,8.395,7088.0
2026-09-04,2026-09-04 13:40:00,8.395,8.395,8.395,8.395,2878.0
2026-09-04,2026-09-04 13:45:00,8.39,8.44,8.39,8.43,17003.0
2026-09-04,2026-09-04 13:50:00,8.4351,8.44,8.425,8.425,8541.0
2026-09-04,2026-09-04 13:55:00,8.43,8.435,8.425,8.435,4592.0
2026-09-04,2026-09-04 14:00:00,8.435,8.435,8.425,8.425,3920.0
2026-09-04,2026-09-04 14:05:00,8.425,8.445,8.425,8.44,5380.0
2026-09-04,2026-09-04 14:10:00,8.44,8.449,8.44,8.44,2645.0
2026-09-04,2026-09-04 14:15:00,8.445,8.455,8.435,8.45,8989.0
2026-09-04,2026-09-04 14:20:00,8.45,8.52,8.45,8.515,20313.0
2026-09-04,2026-09-04 14:25:00,8.515,8.52,8.515,8.52,2163.0
2026-09-04,2026-09-04 14:30:00,8.52,8.52,8.515,8.52,1721.0
2026-09-04,2026-09-04 14:35:00,8.52,8.54,8.5,8.5,12941.0
2026-09-04,2026-09-04 14:40:00,8.505,8.52,8.505,8.51,9732.0
2026-09-04,2026-09-04 14:45:00,8.51,8.51,8.51,8.51,1241.0
2026-09-04,2026-09-04 14:50:00,8.51,8.515,8.505,8.505,6319.0
2026-09-04,2026-09-04 14:55:00,8.505,8.505,8.505,8.505,3326.0
2026-09-04,2026-09-04 15:00:00,8.51,8.51,8.505,8.51,1699.0
2026-09-04,2026-09-04 15:05:00,8.505,8.525,8.505,8.515,11069.0
2026-09-04,2026-09-04 15:10:00,8.515,8.515,8.515,8.515,3003.0
2026-09-04,2026-09-04 15:15:00,8.515,8.515,8.505,8.505,3377.0
2026-09-04,2026-09-04 15:20:00,8.505,8.515,8.5,8.515,7456.0
2026-09-04,2026-09-04 15:25:00,8.52,8.52,8.5101,8.52,2718.0
2026-09-04,2026-09-04 15:30:00,8.515,8.54,8.515,8.54,8597.0
2026-09-04,2026-09-04 15:35:00,8.54,8.555,8.535,8.55,17039.0
2026-09-04,2026-09-04 15:40:00,8.54,8.585,8.54,8.555,34471.0
2026-09-04,2026-09-04 15:45:00,8.56,8.57,8.555,8.57,9415.0
2026-09-04,2026-09-04 15:50:00,8.57,8.57,8.545,8.555,11703.0
2026-09-04,2026-09-04 15:55:00,8.56,8.585,8.56,8.575,26479.0
2026-09-04,2026-09-04 16:00:00,8.57,8.57,8.51,8.53,332742.0
2026-09-08,2026-09-08 09:35:00,8.39,8.405,8.22,8.22,58169.0
2026-09-08,2026-09-08 09:40:00,8.23,8.34,8.22,8.34,15988.0
2026-09-08,2026-09-08 09:45:00,8.34,8.44,8.33,8.43,27150.0
2026-09-08,2026-09-08 09:50:00,8.435,8.45,8.42,8.43,25935.0
2026-09-08,2026-09-08 09:55:00,8.44,8.46,8.42,8.46,8833.0
2026-09-08,2026-09-08 10:00:00,8.455,8.46,8.425,8.455,7108.0
2026-09-08,2026-09-08 10:05:00,8.45,8.495,8.45,8.455,11759.0
2026-09-08,2026-09-08 10:10:00,8.4587,8.4887,8.44,8.4887,24433.0
2026-09-08,2026-09-08 10:15:00,8.48,8.485,8.46,8.485,14333.0
2026-09-08,2026-09-08 10:20:00,8.49,8.495,8.48,8.485,5886.0
2026-09-08,2026-09-08 10:25:00,8.49,8.515,8.49,8.515,7427.0
2026-09-08,2026-09-08 10:30:00,8.5111,8.515,8.5011,8.51,4390.0
2026-09-08,2026-09-08 10:35:00,8.5,8.5,8.465,8.48,16637.0
2026-09-08,2026-09-08 10:40:00,8.485,8.495,8.485,8.485,7066.0
2026-09-08,2026-09-08 10:45:00,8.485,8.49,8.48,8.49,5036.0
2026-09-08,2026-09-08 10:50:00,8.481,8.51,8.475,8.505,13612.0
2026-09-08,2026-09-08 10:55:00,8.505,8.515,8.495,8.51,27893.0
2026-09-08,2026-09-08 11:00:00,8.5,8.505,8.5,8.505,3215.0
2026-09-08,2026-09-08 11:05:00,8.5,8.5,8.4612,8.475,9079.0
2026-09-08,2026-09-08 11:10:00,8.475,8.48,8.47,8.47,2899.0
2026-09-08,2026-09-08 11:15:00,8.465,8.465,8.451,8.465,7646.0
2026-09-08,2026-09-08 11:20:00,8.465,8.475,8.465,8.475,5024.0
2026-09-08,2026-09-08 11:25:00,8.475,8.485,8.475,8.475,5875.0
2026-09-08,2026-09-08 11:30:00,8.47,8.47,8.46,8.465,3312.0
2026-09-08,2026-09-08 11:35:00,8.465,8.47,8.46,8.465,5161.0
2026-09-08,2026-09-08 11:40:00,8.465,8.48,8.46,8.48,11529.0
2026-09-08,2026-09-08 11:45:00,8.475,8.49,8.47,8.49,6081.0
2026-09-08,2026-09-08 11:50:00,8.485,8.49,8.485,8.49,3007.0
2026-09-08,2026-09-08 11:55:00,8.485,8.49,8.475,8.475,5466.0
2026-09-08,2026-09-08 12:00:00,8.475,8.49,8.475,8.49,4764.0
2026-09-08,2026-09-08 12:05:00,8.485,8.485,8.48,8.485,2923.0
2026-09-08,2026-09-08 12:10:00,8.48,8.5,8.48,8.495,6774.0
2026-09-08,2026-09-08 12:15:00,8.495,8.495,8.49,8.495,2995.0
2026-09-08,2026-09-08 12:20:00,8.495,8.495,8.495,8.495,2666.0
2026-09-08,2026-09-08 12:25:00,8.495,8.495,8.49,8.495,2344.0
2026-09-08,2026-09-08 12:30:00,8.495,8.5,8.495,8.5,5485.0
2026-09-08,2026-09-08 12:35:00,8.495,8.495,8.49,8.495,4419.0
2026-09-08,2026-09-08 12:40:00,8.495,8.495,8.475,8.475,7386.0
2026-09-08,2026-09-08 12:45:00,8.47,8.47,8.46,8.46,4617.0
2026-09-08,2026-09-08 12:50:00,8.465,8.465,8.46,8.465,6931.0
2026-09-08,2026-09-08 12:55:00,8.465,8.505,8.465,8.505,7877.0
2026-09-08,2026-09-08 13:00:00,8.5,8.505,8.48,8.495,8054.0
2026-09-08,2026-09-08 13:05:00,8.495,8.495,8.495,8.495,3459.0
2026-09-08,2026-09-08 13:10:00,8.495,8.505,8.495,8.495,8415.0
2026-09-08,2026-09-08 13:15:00,8.495,8.515,8.495,8.515,5440.0
2026-09-08,2026-09-08 13:20:00,8.515,8.515,8.4809,8.49,18105.0
2026-09-08,2026-09-08 13:25:00,8.485,8.49,8.465,8.485,13387.0
2026-09-08,2026-09-08 13:30:00,8.485,8.495,8.485,8.495,8269.0
2026-09-08,2026-09-08 13:35:00,8.49,8.51,8.48,8.505,20569.0
2026-09-08,2026-09-08 13:40:00,8.505,8.505,8.495,8.495,4128.0
2026-09-08,2026-09-08 13:45:00,8.495,8.505,8.49,8.505,4723.0
2026-09-08,2026-09-08 13:50:00,8.505,8.505,8.5,8.505,4670.0
2026-09-08,2026-09-08 13:55:00,8.505,8.515,8.5,8.505,8409.0
2026-09-08,2026-09-08 14:00:00,8.5,8.5012,8.49,8.495,5816.0
2026-09-08,2026-09-08 14:05:00,8.49,8.49,8.485,8.485,5127.0
2026-09-08,2026-09-08 14:10:00,8.485,8.495,8.485,8.495,5727.0
2026-09-08,2026-09-08 14:15:00,8.495,8.495,8.48,8.485,4425.0
2026-09-08,2026-09-08 14:20:00,8.48,8.485,8.45,8.45,23221.0
2026-09-08,2026-09-08 14:25:00,8.455,8.455,8.45,8.455,3726.0
2026-09-08,2026-09-08 14:30:00,8.455,8.46,8.45,8.455,11353.0
2026-09-08,2026-09-08 14:35:00,8.455,8.465,8.455,8.46,18031.0
2026-09-08,2026-09-08 14:40:00,8.465,8.47,8.445,8.445,10411.0
2026-09-08,2026-09-08 14:45:00,8.445,8.449,8.435,8.435,5671.0
2026-09-08,2026-09-08 14:50:00,8.43,8.435,8.415,8.415,13891.0
2026-09-08,2026-09-08 14:55:00,8.415,8.425,8.4,8.42,26080.0
2026-09-08,2026-09-08 15:00:00,8.42,8.42,8.41,8.415,11975.0
2026-09-08,2026-09-08 15:05:00,8.415,8.425,8.415,8.425,6548.0
2026-09-08,2026-09-08 15:10:00,8.425,8.46,8.415,8.445,25864.0
2026-09-08,2026-09-08 15:15:00,8.445,8.445,8.445,8.445,3955.0
2026-09-08,2026-09-08 15:20:00,8.445,8.45,8.445,8.445,4094.0
2026-09-08,2026-09-08 15:25:00,8.445,8.46,8.445,8.45,16200.0
2026-09-08,2026-09-08 15:30:00,8.445,8.45,8.445,8.445,6074.0
2026-09-08,2026-09-08 15:35:00,8.445,8.45,8.445,8.45,11966.0
2026-09-08,2026-09-08 15:40:00,8.45,8.455,8.44,8.445,38431.0
2026-09-08,2026-09-08 15:45:00,8.445,8.445,8.43,8.435,13918.0
2026-09-08,2026-09-08 15:50:00,8.435,8.435,8.435,8.435,11519.0
2026-09-08,2026-09-08 15:55:00,8.43,8.46,8.405,8.46,47486.0
2026-09-08,2026-09-08 16:00:00,8.46,8.48,8.44,8.48,347472.0
2026-09-09,2026-09-09 09:35:00,8.43,8.54,8.39,8.39,17288.0
2026-09-09,2026-09-09 09:40:00,8.401,8.4247,8.37,8.4247,8746.0
2026-09-09,2026-09-09 09:45:00,8.4229,8.446,8.3745,8.41,9395.0
2026-09-09,2026-09-09 09:50:00,8.41,8.486,8.41,8.48,5257.0
2026-09-09,2026-09-09 09:55:00,8.48,8.55,8.47,8.5427,19924.0
2026-09-09,2026-09-09 10:00:00,8.57,8.605,8.5527,8.581,49556.0
2026-09-09,2026-09-09 10:05:00,8.57,8.605,8.56,8.585,21578.0
2026-09-09,2026-09-09 10:10:00,8.58,8.58,8.52,8.525,12385.0
2026-09-09,2026-09-09 10:15:00,8.5201,8.525,8.48,8.48,7065.0
2026-09-09,2026-09-09 10:20:00,8.48,8.485,8.45,8.46,9187.0
2026-09-09,2026-09-09 10:25:00,8.46,8.46,8.445,8.4488,4731.0
2026-09-09,2026-09-09 10:30:00,8.445,8.475,8.44,8.47,24413.0
2026-09-09,2026-09-09 10:35:00,8.465,8.475,8.46,8.475,11968.0
2026-09-09,2026-09-09 10:40:00,8.475,8.475,8.46,8.465,4893.0
2026-09-09,2026-09-09 10:45:00,8.465,8.4809,8.435,8.48,21326.0
2026-09-09,2026-09-09 10:50:00,8.48,8.48,8.45,8.455,5094.0
2026-09-09,2026-09-09 10:55:00,8.45,8.455,8.435,8.445,5156.0
2026-09-09,2026-09-09 11:00:00,8.445,8.475,8.445,8.475,5349.0
2026-09-09,2026-09-09 11:05:00,8.475,8.475,8.46,8.465,4832.0
2026-09-09,2026-09-09 11:10:00,8.46,8.465,8.455,8.465,4705.0
2026-09-09,2026-09-09 11:15:00,8.465,8.475,8.465,8.475,5123.0
2026-09-09,2026-09-09 11:20:00,8.47,8.475,8.45,8.455,17541.0
2026-09-09,2026-09-09 11:25:00,8.45,8.465,8.445,8.445,6887.0
2026-09-09,2026-09-09 11:30:00,8.44,8.455,8.44,8.455,8338.0
2026-09-09,2026-09-09 11:35:00,8.455,8.465,8.45,8.455,6220.0
2026-09-09,2026-09-09 11:40:00,8.455,8.465,8.45,8.465,4968.0
2026-09-09,2026-09-09 11:45:00,8.466,8.466,8.44,8.445,5561.0
2026-09-09,2026-09-09 11:50:00,8.445,8.445,8.44,8.445,2977.0
2026-09-09,2026-09-09 11:55:00,8.44,8.4401,8.41,8.41,36367.0
2026-09-09,2026-09-09 12:00:00,8.415,8.415,8.4,8.4,13089.0
2026-09-09,2026-09-09 12:05:00,8.4,8.405,8.38,8.395,32843.0
2026-09-09,2026-09-09 12:10:00,8.39,8.395,8.36,8.36,11751.0
2026-09-09,2026-09-09 12:15:00,8.36,8.375,8.36,8.365,12568.0
2026-09-09,2026-09-09 12:20:00,8.36,8.36,8.35,8.355,6763.0
2026-09-09,2026-09-09 12:25:00,8.35,8.369,8.345,8.3601,16421.0
2026-09-09,2026-09-09 12:30:00,8.365,8.365,8.36,8.365,5788.0
2026-09-09,2026-09-09 12:35:00,8.365,8.365,8.34,8.35,19920.0
2026-09-09,2026-09-09 12:40:00,8.345,8.355,8.325,8.335,24623.0
2026-09-09,2026-09-09 12:45:00,8.34,8.345,8.33,8.345,4485.0
2026-09-09,2026-09-09 12:50:00,8.34,8.345,8.33,8.345,9823.0
2026-09-09,2026-09-09 12:55:00,8.35,8.355,8.33,8.341,12688.0
2026-09-09,2026-09-09 13:00:00,8.3439,8.3501,8.31,8.33,37655.0
2026-09-09,2026-09-09 13:05:00,8.325,8.335,8.31,8.32,7988.0
2026-09-09,2026-09-09 13:10:00,8.31,8.31,8.27,8.275,36945.0
2026-09-09,2026-09-09 13:15:00,8.27,8.27,8.22,8.255,40388.0
2026-09-09,2026-09-09 13:20:00,8.255,8.255,8.155,8.165,34595.0
2026-09-09,2026-09-09 13:25:00,8.165,8.185,8.15,8.1638,22105.0
2026-09-09,2026-09-09 13:30:00,8.165,8.1672,8.12,8.12,19431.0
2026-09-09,2026-09-09 13:35:00,8.125,8.125,8.08,8.12,84369.0
2026-09-09,2026-09-09 13:40:00,8.1201,8.171,8.11,8.171,36373.0
2026-09-09,2026-09-09 13:45:00,8.17,8.175,8.13,8.13,32024.0
2026-09-09,2026-09-09 13:50:00,8.125,8.125,8.02,8.02,109972.0
2026-09-09,2026-09-09 13:55:00,8.02,8.04,7.94,8.02,92489.0
2026-09-09,2026-09-09 14:00:00,8.02,8.06,7.985,8.04,49080.0
2026-09-09,2026-09-09 14:05:00,8.03,8.03,8.01,8.0211,14903.0
2026-09-09,2026-09-09 14:10:00,8.025,8.035,8.02,8.02,16584.0
2026-09-09,2026-09-09 14:15:00,8.02,8.03,7.99,8.021,30003.0
2026-09-09,2026-09-09 14:20:00,8.02,8.025,7.995,8.0,9887.0
2026-09-09,2026-09-09 14:25:00,8.0,8.0,7.97,7.98,14546.0
2026-09-09,2026-09-09 14:30:00,7.98,7.98,7.95,7.965,13344.0
2026-09-09,2026-09-09 14:35:00,7.9638,7.98,7.96,7.98,16771.0
2026-09-09,2026-09-09 14:40:00,7.985,7.99,7.96,7.9678,12013.0
2026-09-09,2026-09-09 14:45:00,7.965,7.97,7.95,7.96,9066.0
2026-09-09,2026-09-09 14:50:00,7.96,7.96,7.915,7.915,22828.0
2026-09-09,2026-09-09 14:55:00,7.915,7.92,7.91,7.91,15840.0
2026-09-09,2026-09-09 15:00:00,7.915,7.915,7.87,7.875,58117.0
2026-09-09,2026-09-09 15:05:00,7.875,7.885,7.82,7.865,64713.0
2026-09-09,2026-09-09 15:10:00,7.86,7.8601,7.735,7.74,56178.0
2026-09-09,2026-09-09 15:15:00,7.73,7.785,7.72,7.725,84015.0
2026-09-09,2026-09-09 15:20:00,7.721,7.765,7.72,7.745,39513.0
2026-09-09,2026-09-09 15:25:00,7.75,7.78,7.71,7.715,99339.0
2026-09-09,2026-09-09 15:30:00,7.716,7.716,7.645,7.65,68444.0
2026-09-09,2026-09-09 15:35:00,7.665,7.79,7.66,7.745,102397.0
2026-09-09,2026-09-09 15:40:00,7.745,7.76,7.72,7.725,35544.0
2026-09-09,2026-09-09 15:45:00,7.725,7.725,7.67,7.67,37536.0
2026-09-09,2026-09-09 15:50:00,7.675,7.74,7.66,7.705,53790.0
2026-09-09,2026-09-09 15:55:00,7.7,7.75,7.67,7.715,94276.0
2026-09-09,2026-09-09 16:00:00,7.71,7.72,7.64,7.71,598441.0
2026-09-10,2026-09-10 09:35:00,7.8,7.99,7.7901,7.87,81568.0
2026-09-10,2026-09-10 09:40:00,7.875,7.88,7.82,7.866,23084.0
2026-09-10,2026-09-10 09:45:00,7.865,7.936,7.86,7.895,23362.0
2026-09-10,2026-09-10 09:50:00,7.9,7.99,7.896,7.946,34189.0
2026-09-10,2026-09-10 09:55:00,7.949,7.98,7.925,7.926,13783.0
2026-09-10,2026-09-10 10:00:00,7.93,7.965,7.886,7.886,24273.0
2026-09-10,2026-09-10 10:05:00,7.885,7.89,7.78,7.865,113719.0
2026-09-10,2026-09-10 10:10:00,7.865,7.895,7.84,7.87,25497.0
2026-09-10,2026-09-10 10:15:00,7.885,7.955,7.885,7.94,12685.0
2026-09-10,2026-09-10 10:20:00,7.935,7.94,7.9,7.92,15542.0
2026-09-10,2026-09-10 10:25:00,7.925,7.94,7.915,7.92,9607.0
2026-09-10,2026-09-10 10:30:00,7.925,7.925,7.86,7.865,30058.0
2026-09-10,2026-09-10 10:35:00,7.865,7.865,7.835,7.835,11581.0
2026-09-10,2026-09-10 10:40:00,7.835,7.865,7.82,7.8343,28444.0
2026-09-10,2026-09-10 10:45:00,7.835,7.86,7.835,7.845,23945.0
2026-09-10,2026-09-10 10:50:00,7.845,7.885,7.825,7.825,26181.0
2026-09-10,2026-09-10 10:55:00,7.8299,7.83,7.805,7.8101,26363.0
2026-09-10,2026-09-10 11:00:00,7.815,7.83,7.8104,7.815,21024.0
2026-09-10,2026-09-10 11:05:00,7.815,7.825,7.8,7.82,34173.0
2026-09-10,2026-09-10 11:10:00,7.815,7.815,7.735,7.75,52479.0
2026-09-10,2026-09-10 11:15:00,7.745,7.76,7.735,7.745,18147.0
2026-09-10,2026-09-10 11:20:00,7.745,7.745,7.72,7.725,17773.0
2026-09-10,2026-09-10 11:25:00,7.725,7.725,7.705,7.72,25101.0
2026-09-10,2026-09-10 11:30:00,7.715,7.725,7.7,7.715,67660.0
2026-09-10,2026-09-10 11:35:00,7.711,7.735,7.711,7.725,16656.0
2026-09-10,2026-09-10 11:40:00,7.725,7.725,7.715,7.715,7764.0
2026-09-10,2026-09-10 11:45:00,7.71,7.73,7.7,7.73,10823.0
2026-09-10,2026-09-10 11:50:00,7.7391,7.7391,7.73,7.735,5794.0
2026-09-10,2026-09-10 11:55:00,7.7399,7.745,7.735,7.735,6600.0
2026-09-10,2026-09-10 12:00:00,7.735,7.745,7.73,7.745,4536.0
2026-09-10,2026-09-10 12:05:00,7.745,7.745,7.74,7.74,7415.0
2026-09-10,2026-09-10 12:10:00,7.745,7.745,7.725,7.73,7311.0
2026-09-10,2026-09-10 12:15:00,7.73,7.73,7.7,7.721,11894.0
2026-09-10,2026-09-10 12:20:00,7.72,7.725,7.715,7.72,6762.0
2026-09-10,2026-09-10 12:25:00,7.721,7.73,7.71,7.72,8406.0
2026-09-10,2026-09-10 12:30:00,7.73,7.73,7.71,7.715,9940.0
2026-09-10,2026-09-10 12:35:00,7.715,7.73,7.715,7.725,5266.0
2026-09-10,2026-09-10 12:40:00,7.72,7.735,7.7141,7.725,12647.0
2026-09-10,2026-09-10 12:45:00,7.73,7.73,7.72,7.725,4383.0
2026-09-10,2026-09-10 12:50:00,7.72,7.735,7.715,7.715,15605.0
2026-09-10,2026-09-10 12:55:00,7.715,7.715,7.691,7.7,13060.0
2026-09-10,2026-09-10 13:00:00,7.705,7.725,7.7,7.725,6957.0
2026-09-10,2026-09-10 13:05:00,7.725,7.73,7.72,7.73,3252.0
2026-09-10,2026-09-10 13:10:00,7.725,7.73,7.725,7.73,3238.0
2026-09-10,2026-09-10 13:15:00,7.725,7.735,7.715,7.715,12557.0
2026-09-10,2026-09-10 13:20:00,7.72,7.735,7.7191,7.73,10173.0
2026-09-10,2026-09-10 13:25:00,7.73,7.765,7.73,7.745,13731.0
2026-09-10,2026-09-10 13:30:00,7.749,7.749,7.74,7.74,2982.0
2026-09-10,2026-09-10 13:35:00,7.73,7.74,7.73,7.735,9543.0
2026-09-10,2026-09-10 13:40:00,7.735,7.735,7.73,7.731,5995.0
2026-09-10,2026-09-10 13:45:00,7.735,7.739,7.73,7.735,4211.0
2026-09-10,2026-09-10 13:50:00,7.735,7.74,7.73,7.735,8065.0
2026-09-10,2026-09-10 13:55:00,7.74,7.74,7.735,7.735,3343.0
2026-09-10,2026-09-10 14:00:00,7.735,7.735,7.7,7.71,22356.0
2026-09-10,2026-09-10 14:05:00,7.705,7.725,7.705,7.725,10810.0
2026-09-10,2026-09-10 14:10:00,7.725,7.725,7.715,7.715,7185.0
2026-09-10,2026-09-10 14:15:00,7.715,7.715,7.685,7.695,15686.0
2026-09-10,2026-09-10 14:20:00,7.695,7.7,7.68,7.695,25411.0
2026-09-10,2026-09-10 14:25:00,7.7,7.7,7.685,7.688,15087.0
2026-09-10,2026-09-10 14:30:00,7.69,7.7,7.69,7.7,5558.0
2026-09-10,2026-09-10 14:35:00,7.7,7.705,7.685,7.69,19769.0
2026-09-10,2026-09-10 14:40:00,7.69,7.695,7.69,7.695,3896.0
2026-09-10,2026-09-10 14:45:00,7.6901,7.7,7.685,7.7,20506.0
2026-09-10,2026-09-10 14:50:00,7.7,7.72,7.7,7.72,12128.0
2026-09-10,2026-09-10 14:55:00,7.72,7.725,7.711,7.715,10302.0
2026-09-10,2026-09-10 15:00:00,7.72,7.72,7.67,7.67,23481.0
2026-09-10,2026-09-10 15:05:00,7.67,7.686,7.655,7.665,29379.0
2026-09-10,2026-09-10 15:10:00,7.665,7.665,7.651,7.66,8662.0
2026-09-10,2026-09-10 15:15:00,7.66,7.67,7.655,7.665,23668.0
2026-09-10,2026-09-10 15:20:00,7.67,7.679,7.67,7.679,9989.0
2026-09-10,2026-09-10 15:25:00,7.68,7.69,7.675,7.685,15158.0
2026-09-10,2026-09-10 15:30:00,7.685,7.69,7.675,7.685,15250.0
2026-09-10,2026-09-10 15:35:00,7.685,7.685,7.665,7.685,27226.0
2026-09-10,2026-09-10 15:40:00,7.685,7.71,7.675,7.705,34151.0
2026-09-10,2026-09-10 15:45:00,7.701,7.71,7.69,7.705,31420.0
2026-09-10,2026-09-10 15:50:00,7.705,7.705,7.69,7.695,12284.0
2026-09-10,2026-09-10 15:55:00,7.695,7.715,7.645,7.655,66997.0
2026-09-10,2026-09-10 16:00:00,7.65,7.67,7.63,7.67,400785.0
