day,time,open,high,low,close,volume
2026-06-12,2026-06-12 09:35:00,17.26,17.39,16.965,17.09,92596.0
2026-06-12,2026-06-12 09:40:00,17.025,17.11,17.025,17.11,10659.0
2026-06-12,2026-06-12 09:45:00,17.11,17.11,16.99,17.075,20949.0
2026-06-12,2026-06-12 09:50:00,17.1,17.21,17.085,17.16,13254.0
2026-06-12,2026-06-12 09:55:00,17.17,17.17,17.1,17.13,10958.0
2026-06-12,2026-06-12 10:00:00,17.11,17.15,17.07,17.11,21624.0
2026-06-12,2026-06-12 10:05:00,17.12,17.185,17.1125,17.15,29087.0
2026-06-12,2026-06-12 10:10:00,17.14,17.15,17.09,17.11,20595.0
2026-06-12,2026-06-12 10:15:00,17.09,17.12,17.06,17.085,16655.0
2026-06-12,2026-06-12 10:20:00,17.085,17.11,17.02,17.06,26264.0
2026-06-12,2026-06-12 10:25:00,17.06,17.07,17.0401,17.05,5105.0
2026-06-12,2026-06-12 10:30:00,17.05,17.08,17.03,17.04,6015.0
2026-06-12,2026-06-12 10:35:00,17.055,17.08,17.04,17.08,8920.0
2026-06-12,2026-06-12 10:40:00,17.1,17.13,17.06,17.13,13457.0
2026-06-12,2026-06-12 10:45:00,17.13,17.13,17.075,17.075,3909.0
2026-06-12,2026-06-12 10:50:00,17.075,17.075,17.01,17.055,10365.0
2026-06-12,2026-06-12 10:55:00,17.05,17.18,17.05,17.18,8365.0
2026-06-12,2026-06-12 11:00:00,17.2,17.21,17.15,17.2,10249.0
2026-06-12,2026-06-12 11:05:00,17.18,17.27,17.175,17.24,5198.0
2026-06-12,2026-06-12 11:10:00,17.24,17.275,17.22,17.255,16241.0
2026-06-12,2026-06-12 11:15:00,17.27,17.29,17.255,17.275,10655.0
2026-06-12,2026-06-12 11:20:00,17.275,17.31,17.26,17.3,19629.0
2026-06-12,2026-06-12 11:25:00,17.29,17.38,17.28,17.36,17494.0
2026-06-12,2026-06-12 11:30:00,17.34,17.37,17.34,17.365,9455.0
2026-06-12,2026-06-12 11:35:00,17.35,17.35,17.29,17.305,5152.0
2026-06-12,2026-06-12 11:40:00,17.31,17.35,17.29,17.3,6361.0
2026-06-12,2026-06-12 11:45:00,17.3,17.3,17.24,17.24,9715.0
2026-06-12,2026-06-12 11:50:00,17.24,17.26,17.2228,17.245,12410.0
2026-06-12,2026-06-12 11:55:00,17.245,17.255,17.24,17.255,2049.0
2026-06-12,2026-06-12 12:00:00,17.255,17.28,17.24,17.24,7967.0
2026-06-12,2026-06-12 12:05:00,17.22,17.2525,17.21,17.21,11892.0
2026-06-12,2026-06-12 12:10:00,17.21,17.24,17.19,17.24,7451.0
2026-06-12,2026-06-12 12:15:00,17.235,17.315,17.235,17.28,10122.0
2026-06-12,2026-06-12 12:20:00,17.28,17.31,17.245,17.25,7354.0
2026-06-12,2026-06-12 12:25:00,17.24,17.285,17.23,17.25,9802.0
2026-06-12,2026-06-12 12:30:00,17.25,17.29,17.25,17.27,13840.0
2026-06-12,2026-06-12 12:35:00,17.27,17.28,17.24,17.25,3894.0
2026-06-12,2026-06-12 12:40:00,17.26,17.295,17.26,17.295,5676.0
2026-06-12,2026-06-12 12:45:00,17.295,17.31,17.28,17.3,5423.0
2026-06-12,2026-06-12 12:50:00,17.29,17.305,17.29,17.305,4067.0
2026-06-12,2026-06-12 12:55:00,17.32,17.38,17.31,17.375,8915.0
2026-06-12,2026-06-12 13:00:00,17.375,17.375,17.34,17.34,3315.0
2026-06-12,2026-06-12 13:05:00,17.33,17.335,17.31,17.335,2506.0
2026-06-12,2026-06-12 13:10:00,17.33,17.37,17.33,17.37,11674.0
2026-06-12,2026-06-12 13:15:00,17.37,17.37,17.31,17.33,7820.0
2026-06-12,2026-06-12 13:20:00,17.34,17.35,17.34,17.345,1243.0
2026-06-12,2026-06-12 13:25:00,17.35,17.355,17.33,17.33,2227.0
2026-06-12,2026-06-12 13:30:00,17.34,17.34,17.31,17.31,4395.0
2026-06-12,2026-06-12 13:35:00,17.32,17.32,17.285,17.285,4661.0
2026-06-12,2026-06-12 13:40:00,17.285,17.285,17.26,17.27,1927.0
2026-06-12,2026-06-12 13:45:00,17.27,17.28,17.25,17.27,5389.0
2026-06-12,2026-06-12 13:50:00,17.27,17.31,17.27,17.31,6421.0
2026-06-12,2026-06-12 13:55:00,17.32,17.325,17.315,17.32,2930.0
2026-06-12,2026-06-12 14:00:00,17.33,17.33,17.27,17.29,5735.0
2026-06-12,2026-06-12 14:05:00,17.29,17.32,17.275,17.275,22951.0
2026-06-12,2026-06-12 14:10:00,17.28,17.335,17.28,17.335,20139.0
2026-06-12,2026-06-12 14:15:00,17.34,17.38,17.34,17.365,4711.0
2026-06-12,2026-06-12 14:20:00,17.365,17.365,17.325,17.33,8530.0
2026-06-12,2026-06-12 14:25:00,17.33,17.36,17.31,17.33,15032.0
2026-06-12,2026-06-12 14:30:00,17.33,17.38,17.33,17.37,17496.0
2026-06-12,2026-06-12 14:35:00,17.36,17.36,17.3,17.31,49528.0
2026-06-12,2026-06-12 14:40:00,17.31,17.33,17.27,17.28,7111.0
2026-06-12,2026-06-12 14:45:00,17.28,17.33,17.25,17.31,21702.0
2026-06-12,2026-06-12 14:50:00,17.31,17.33,17.285,17.29,12092.0
2026-06-12,2026-06-12 14:55:00,17.29,17.29,17.26,17.27,10881.0
2026-06-12,2026-06-12 15:00:00,17.27,17.28,17.19,17.2,17346.0
2026-06-12,2026-06-12 15:05:00,17.21,17.235,17.175,17.175,11153.0
2026-06-12,2026-06-12 15:10:00,17.18,17.18,17.1,17.1,6462.0
2026-06-12,2026-06-12 15:15:00,17.07,17.11,17.07,17.08,6544.0
2026-06-12,2026-06-12 15:20:00,17.07,17.085,17.05,17.08,6789.0
2026-06-12,2026-06-12 15:25:00,17.075,17.075,17.05,17.065,2621.0
2026-06-12,2026-06-12 15:30:00,17.05,17.1,17.05,17.06,10220.0
2026-06-12,2026-06-12 15:35:00,17.075,17.15,17.03,17.1,37024.0
2026-06-12,2026-06-12 15:40:00,17.11,17.11,17.08,17.095,12660.0
2026-06-12,2026-06-12 15:45:00,17.095,17.14,17.085,17.14,22197.0
2026-06-12,2026-06-12 15:50:00,17.145,17.24,17.145,17.23,29314.0
2026-06-12,2026-06-12 15:55:00,17.23,17.23,17.1,17.11,65134.0
2026-06-12,2026-06-12 16:00:00,17.1,17.125,17.055,17.07,274799.0
2026-06-15,2026-06-15 09:35:00,17.57,17.9,17.57,17.9,21537.0
2026-06-15,2026-06-15 09:40:00,17.9,18.06,17.85,17.86,28727.0
2026-06-15,2026-06-15 09:45:00,17.89,17.89,17.8,17.85,10874.0
2026-06-15,2026-06-15 09:50:00,17.87,18.0,17.815,17.94,30148.0
2026-06-15,2026-06-15 09:55:00,17.93,17.95,17.91,17.93,9728.0
2026-06-15,2026-06-15 10:00:00,17.93,17.98,17.93,17.94,2919.0
2026-06-15,2026-06-15 10:05:00,17.93,17.95,17.92,17.94,9448.0
2026-06-15,2026-06-15 10:10:00,17.92,17.94,17.885,17.89,14452.0
2026-06-15,2026-06-15 10:15:00,17.87,17.89,17.86,17.86,3366.0
2026-06-15,2026-06-15 10:20:00,17.85,17.85,17.83,17.84,5655.0
2026-06-15,2026-06-15 10:25:00,17.84,17.84,17.825,17.825,2363.0
2026-06-15,2026-06-15 10:30:00,17.82,17.91,17.81,17.91,5166.0
2026-06-15,2026-06-15 10:35:00,17.895,17.94,17.895,17.94,5948.0
2026-06-15,2026-06-15 10:40:00,17.92,17.96,17.89,17.92,2304.0
2026-06-15,2026-06-15 10:45:00,17.9,17.905,17.89,17.89,2092.0
2026-06-15,2026-06-15 10:50:00,17.89,17.96,17.87,17.96,9307.0
2026-06-15,2026-06-15 10:55:00,17.945,17.945,17.94,17.94,2471.0
2026-06-15,2026-06-15 11:00:00,17.933,17.95,17.91,17.91,3515.0
2026-06-15,2026-06-15 11:05:00,17.905,17.905,17.9,17.905,2337.0
2026-06-15,2026-06-15 11:10:00,17.9,17.905,17.87,17.88,3942.0
2026-06-15,2026-06-15 11:15:00,17.87,17.87,17.82,17.83,5638.0
2026-06-15,2026-06-15 11:20:00,17.81,17.82,17.805,17.815,2539.0
2026-06-15,2026-06-15 11:25:00,17.815,17.85,17.815,17.84,7717.0
2026-06-15,2026-06-15 11:30:00,17.83,17.85,17.82,17.85,4903.0
2026-06-15,2026-06-15 11:35:00,17.845,17.8567,17.8301,17.8301,847.0
2026-06-15,2026-06-15 11:40:00,17.825,17.85,17.82,17.85,4925.0
2026-06-15,2026-06-15 11:45:00,17.86,17.86,17.85,17.85,2558.0
2026-06-15,2026-06-15 11:50:00,17.855,17.855,17.84,17.84,2461.0
2026-06-15,2026-06-15 11:55:00,17.85,17.86,17.84,17.84,4020.0
2026-06-15,2026-06-15 12:00:00,17.84,17.86,17.84,17.86,2387.0
2026-06-15,2026-06-15 12:05:00,17.86,17.9,17.84,17.9,10935.0
2026-06-15,2026-06-15 12:10:00,17.9,17.9,17.86,17.86,4394.0
2026-06-15,2026-06-15 12:15:00,17.8334,17.84,17.8,17.8,5200.0
2026-06-15,2026-06-15 12:20:00,17.81,17.815,17.8,17.8,3787.0
2026-06-15,2026-06-15 12:25:00,17.793,17.81,17.793,17.8,3949.0
2026-06-15,2026-06-15 12:30:00,17.793,17.81,17.76,17.77,6324.0
2026-06-15,2026-06-15 12:35:00,17.76,17.79,17.71,17.7815,14002.0
2026-06-15,2026-06-15 12:40:00,17.77,17.77,17.745,17.745,4828.0
2026-06-15,2026-06-15 12:45:00,17.73,17.77,17.73,17.743,7760.0
2026-06-15,2026-06-15 12:50:00,17.72,17.72,17.69,17.72,8959.0
2026-06-15,2026-06-15 12:55:00,17.7,17.71,17.7,17.71,3090.0
2026-06-15,2026-06-15 13:00:00,17.701,17.74,17.69,17.74,6627.0
2026-06-15,2026-06-15 13:05:00,17.74,17.75,17.72,17.75,3335.0
2026-06-15,2026-06-15 13:10:00,17.75,17.75,17.74,17.74,2025.0
2026-06-15,2026-06-15 13:15:00,17.7401,17.745,17.72,17.745,2683.0
2026-06-15,2026-06-15 13:20:00,17.73,17.73,17.71,17.71,3517.0
2026-06-15,2026-06-15 13:25:00,17.72,17.73,17.72,17.73,2333.0
2026-06-15,2026-06-15 13:30:00,17.73,17.75,17.715,17.72,3658.0
2026-06-15,2026-06-15 13:35:00,17.73,17.73,17.715,17.72,1984.0
2026-06-15,2026-06-15 13:40:00,17.725,17.725,17.72,17.72,1030.0
2026-06-15,2026-06-15 13:45:00,17.71,17.72,17.71,17.72,1687.0
2026-06-15,2026-06-15 13:50:00,17.7,17.7,17.655,17.68,5477.0
2026-06-15,2026-06-15 13:55:00,17.68,17.68,17.66,17.66,1724.0
2026-06-15,2026-06-15 14:00:00,17.66,17.66,17.66,17.66,197.0
2026-06-15,2026-06-15 14:05:00,17.64,17.65,17.635,17.65,3153.0
2026-06-15,2026-06-15 14:10:00,17.65,17.65,17.65,17.65,105.0
2026-06-15,2026-06-15 14:15:00,17.66,17.66,17.66,17.66,271.0
2026-06-15,2026-06-15 14:20:00,17.655,17.66,17.65,17.65,2348.0
2026-06-15,2026-06-15 14:25:00,17.65,17.655,17.65,17.65,1039.0
2026-06-15,2026-06-15 14:30:00,17.66,17.67,17.66,17.66,1301.0
2026-06-15,2026-06-15 14:35:00,17.64,17.65,17.64,17.65,1013.0
2026-06-15,2026-06-15 14:40:00,17.63,17.64,17.63,17.635,1677.0
2026-06-15,2026-06-15 14:45:00,17.62,17.635,17.62,17.635,379.0
2026-06-15,2026-06-15 14:50:00,17.63,17.63,17.605,17.605,3628.0
2026-06-15,2026-06-15 14:55:00,17.62,17.635,17.6,17.6,6473.0
2026-06-15,2026-06-15 15:00:00,17.61,17.62,17.6,17.6,2976.0
2026-06-15,2026-06-15 15:05:00,17.6,17.61,17.59,17.61,3921.0
2026-06-15,2026-06-15 15:10:00,17.605,17.61,17.6,17.6,1309.0
2026-06-15,2026-06-15 15:15:00,17.6,17.61,17.6,17.61,4116.0
2026-06-15,2026-06-15 15:20:00,17.615,17.615,17.61,17.61,1167.0
2026-06-15,2026-06-15 15:25:00,17.6101,17.615,17.5909,17.615,5014.0
2026-06-15,2026-06-15 15:30:00,17.615,17.635,17.615,17.63,4931.0
2026-06-15,2026-06-15 15:35:00,17.64,17.6551,17.64,17.655,2874.0
2026-06-15,2026-06-15 15:40:00,17.64,17.64,17.625,17.64,5200.0
2026-06-15,2026-06-15 15:45:00,17.645,17.65,17.635,17.64,3579.0
2026-06-15,2026-06-15 15:50:00,17.665,17.68,17.66,17.675,4811.0
2026-06-15,2026-06-15 15:55:00,17.66,17.66,17.6,17.61,16886.0
2026-06-15,2026-06-15 16:00:00,17.62,17.77,17.59,17.73,227909.0
2026-06-16,2026-06-16 09:35:00,17.87,17.91,17.71,17.71,13144.0
2026-06-16,2026-06-16 09:40:00,17.71,17.86,17.71,17.84,4017.0
2026-06-16,2026-06-16 09:45:00,17.85,17.93,17.85,17.92,5806.0
2026-06-16,2026-06-16 09:50:00,17.92,17.93,17.8501,17.87,4724.0
2026-06-16,2026-06-16 09:55:00,17.88,17.9569,17.86,17.92,3174.0
2026-06-16,2026-06-16 10:00:00,17.905,17.905,17.85,17.85,2104.0
2026-06-16,2026-06-16 10:05:00,17.83,17.85,17.82,17.83,5199.0
2026-06-16,2026-06-16 10:10:00,17.81,17.81,17.75,17.795,4522.0
2026-06-16,2026-06-16 10:15:00,17.82,17.835,17.78,17.83,3555.0
2026-06-16,2026-06-16 10:20:00,17.805,17.805,17.77,17.775,2593.0
2026-06-16,2026-06-16 10:25:00,17.76,17.76,17.74,17.75,2361.0
2026-06-16,2026-06-16 10:30:00,17.75,17.77,17.7,17.7,6817.0
2026-06-16,2026-06-16 10:35:00,17.7,17.72,17.69,17.71,2931.0
2026-06-16,2026-06-16 10:40:00,17.705,17.74,17.705,17.74,2101.0
2026-06-16,2026-06-16 10:45:00,17.74,17.74,17.67,17.675,4487.0
2026-06-16,2026-06-16 10:50:00,17.68,17.7,17.67,17.68,2446.0
2026-06-16,2026-06-16 10:55:00,17.68,17.69,17.62,17.62,7641.0
2026-06-16,2026-06-16 11:00:00,17.68,17.7,17.68,17.7,5363.0
2026-06-16,2026-06-16 11:05:00,17.71,17.745,17.71,17.71,3516.0
2026-06-16,2026-06-16 11:10:00,17.695,17.695,17.69,17.69,1137.0
2026-06-16,2026-06-16 11:15:00,17.695,17.73,17.695,17.725,6225.0
2026-06-16,2026-06-16 11:20:00,17.725,17.765,17.725,17.765,2170.0
2026-06-16,2026-06-16 11:25:00,17.75,17.75,17.74,17.74,1874.0
2026-06-16,2026-06-16 11:30:00,17.745,17.745,17.7,17.74,6454.0
2026-06-16,2026-06-16 11:35:00,17.74,17.76,17.74,17.755,1436.0
2026-06-16,2026-06-16 11:40:00,17.77,17.77,17.735,17.735,894.0
2026-06-16,2026-06-16 11:45:00,17.74,17.74,17.74,17.74,551.0
2026-06-16,2026-06-16 11:50:00,17.73,17.75,17.705,17.75,3597.0
2026-06-16,2026-06-16 11:55:00,17.78,17.78,17.78,17.78,463.0
2026-06-16,2026-06-16 12:00:00,17.78,17.79,17.75,17.785,1304.0
2026-06-16,2026-06-16 12:05:00,17.78,17.81,17.78,17.81,1155.0
2026-06-16,2026-06-16 12:10:00,17.81,17.825,17.81,17.82,3311.0
2026-06-16,2026-06-16 12:15:00,17.82,17.87,17.815,17.87,3813.0
2026-06-16,2026-06-16 12:20:00,17.865,17.89,17.865,17.89,870.0
2026-06-16,2026-06-16 12:25:00,17.89,17.89,17.87,17.87,8524.0
2026-06-16,2026-06-16 12:30:00,17.86,17.88,17.86,17.88,1949.0
2026-06-16,2026-06-16 12:35:00,17.87,17.87,17.87,17.87,1200.0
2026-06-16,2026-06-16 12:40:00,17.863,17.8795,17.85,17.86,2417.0
2026-06-16,2026-06-16 12:45:00,17.86,17.885,17.85,17.885,2980.0
2026-06-16,2026-06-16 12:50:00,17.89,17.91,17.89,17.91,1094.0
2026-06-16,2026-06-16 12:55:00,17.92,17.93,17.9,17.91,6318.0
2026-06-16,2026-06-16 13:00:00,17.91,17.915,17.9,17.9,1540.0
2026-06-16,2026-06-16 13:05:00,17.9,17.92,17.89,17.905,6498.0
2026-06-16,2026-06-16 13:10:00,17.89,17.9,17.89,17.9,2554.0
2026-06-16,2026-06-16 13:15:00,17.9,17.9,17.88,17.88,2270.0
2026-06-16,2026-06-16 13:20:00,17.88,17.88,17.87,17.88,1316.0
2026-06-16,2026-06-16 13:25:00,17.86,17.86,17.86,17.86,932.0
2026-06-16,2026-06-16 13:30:00,17.87,17.87,17.814,17.814,4110.0
2026-06-16,2026-06-16 13:35:00,17.83,17.85,17.83,17.84,1702.0
2026-06-16,2026-06-16 13:40:00,17.845,17.845,17.83,17.835,1517.0
2026-06-16,2026-06-16 13:45:00,17.835,17.86,17.835,17.85,3912.0
2026-06-16,2026-06-16 13:50:00,17.84,17.86,17.84,17.85,1413.0
2026-06-16,2026-06-16 13:55:00,17.86,17.865,17.85,17.85,2324.0
2026-06-16,2026-06-16 14:00:00,17.83,17.85,17.82,17.84,2925.0
2026-06-16,2026-06-16 14:05:00,17.845,17.86,17.84,17.85,5575.0
2026-06-16,2026-06-16 14:10:00,17.831,17.831,17.815,17.82,2170.0
2026-06-16,2026-06-16 14:15:00,17.82,17.825,17.82,17.82,725.0
2026-06-16,2026-06-16 14:20:00,17.82,17.83,17.82,17.83,2122.0
2026-06-16,2026-06-16 14:25:00,17.83,17.83,17.8,17.82,3804.0
2026-06-16,2026-06-16 14:30:00,17.82,17.82,17.8115,17.8115,1045.0
2026-06-16,2026-06-16 14:35:00,17.82,17.82,17.8,17.8,3070.0
2026-06-16,2026-06-16 14:40:00,17.8,17.81,17.78,17.81,4960.0
2026-06-16,2026-06-16 14:45:00,17.815,17.815,17.79,17.79,2455.0
2026-06-16,2026-06-16 14:50:00,17.795,17.805,17.79,17.79,2098.0
2026-06-16,2026-06-16 14:55:00,17.782,17.795,17.782,17.79,1172.0
2026-06-16,2026-06-16 15:00:00,17.79,17.83,17.79,17.83,5778.0
2026-06-16,2026-06-16 15:05:00,17.8325,17.8325,17.78,17.805,2649.0
2026-06-16,2026-06-16 15:10:00,17.83,17.83,17.8,17.81,1131.0
2026-06-16,2026-06-16 15:15:00,17.81,17.81,17.78,17.78,3154.0
2026-06-16,2026-06-16 15:20:00,17.77,17.78,17.76,17.775,2814.0
2026-06-16,2026-06-16 15:25:00,17.775,17.785,17.77,17.785,3162.0
2026-06-16,2026-06-16 15:30:00,17.785,17.79,17.785,17.79,879.0
2026-06-16,2026-06-16 15:35:00,17.8,17.815,17.79,17.815,2836.0
2026-06-16,2026-06-16 15:40:00,17.78,17.78,17.78,17.78,1043.0
2026-06-16,2026-06-16 15:45:00,17.78,17.8,17.77,17.795,3356.0
2026-06-16,2026-06-16 15:50:00,17.8,17.8,17.77,17.77,4618.0
2026-06-16,2026-06-16 15:55:00,17.78,17.81,17.771,17.8,6723.0
2026-06-16,2026-06-16 16:00:00,17.78,17.8,17.72,17.73,96617.0
2026-06-17,2026-06-17 09:35:00,17.65,17.65,17.195,17.225,26423.0
2026-06-17,2026-06-17 09:40:00,17.24,17.37,17.24,17.37,19096.0
2026-06-17,2026-06-17 09:45:00,17.37,17.45,17.28,17.345,27988.0
2026-06-17,2026-06-17 09:50:00,17.345,17.62,17.345,17.615,66426.0
2026-06-17,2026-06-17 09:55:00,17.605,17.71,17.6,17.69,11082.0
2026-06-17,2026-06-17 10:00:00,17.67,17.82,17.67,17.8,15772.0
2026-06-17,2026-06-17 10:05:00,17.78,17.86,17.7001,17.71,8714.0
2026-06-17,2026-06-17 10:10:00,17.7,17.72,17.635,17.635,3741.0
2026-06-17,2026-06-17 10:15:00,17.635,17.7,17.62,17.69,5269.0
2026-06-17,2026-06-17 10:20:00,17.695,17.73,17.67,17.67,53182.0
2026-06-17,2026-06-17 10:25:00,17.64,17.75,17.62,17.73,15169.0
2026-06-17,2026-06-17 10:30:00,17.745,17.75,17.73,17.73,4397.0
2026-06-17,2026-06-17 10:35:00,17.71,17.73,17.71,17.725,5937.0
2026-06-17,2026-06-17 10:40:00,17.73,17.76,17.71,17.74,12116.0
2026-06-17,2026-06-17 10:45:00,17.75,17.76,17.72,17.76,2640.0
2026-06-17,2026-06-17 10:50:00,17.76,17.78,17.71,17.78,10623.0
2026-06-17,2026-06-17 10:55:00,17.76,17.85,17.76,17.85,3769.0
2026-06-17,2026-06-17 11:00:00,17.82,17.82,17.775,17.8,5433.0
2026-06-17,2026-06-17 11:05:00,17.8,17.83,17.8,17.81,2958.0
2026-06-17,2026-06-17 11:10:00,17.8,17.81,17.795,17.8,2114.0
2026-06-17,2026-06-17 11:15:00,17.79,17.79,17.77,17.79,3465.0
2026-06-17,2026-06-17 11:20:00,17.795,17.85,17.79,17.85,3564.0
2026-06-17,2026-06-17 11:25:00,17.83,17.855,17.83,17.855,4055.0
2026-06-17,2026-06-17 11:30:00,17.85,17.95,17.85,17.92,10741.0
2026-06-17,2026-06-17 11:35:00,17.94,18.04,17.94,18.04,4909.0
2026-06-17,2026-06-17 11:40:00,18.02,18.11,18.02,18.09,7433.0
2026-06-17,2026-06-17 11:45:00,18.1,18.1,18.02,18.02,4272.0
2026-06-17,2026-06-17 11:50:00,18.02,18.03,18.0,18.025,4195.0
2026-06-17,2026-06-17 11:55:00,18.04,18.045,18.02,18.02,1563.0
2026-06-17,2026-06-17 12:00:00,18.02,18.09,18.0,18.09,7568.0
2026-06-17,2026-06-17 12:05:00,18.1,18.1,18.0704,18.08,3540.0
2026-06-17,2026-06-17 12:10:00,18.095,18.095,18.01,18.01,2733.0
2026-06-17,2026-06-17 12:15:00,17.982,18.03,17.982,18.0,3765.0
2026-06-17,2026-06-17 12:20:00,17.98,17.98,17.95,17.97,2521.0
2026-06-17,2026-06-17 12:25:00,17.975,17.99,17.94,17.97,3797.0
2026-06-17,2026-06-17 12:30:00,17.97,18.04,17.97,18.035,9780.0
2026-06-17,2026-06-17 12:35:00,18.01,18.01,17.96,17.96,3072.0
2026-06-17,2026-06-17 12:40:00,17.96,17.965,17.955,17.965,1886.0
2026-06-17,2026-06-17 12:45:00,17.96,17.96,17.945,17.945,1419.0
2026-06-17,2026-06-17 12:50:00,17.95,17.97,17.925,17.925,2221.0
2026-06-17,2026-06-17 12:55:00,17.945,17.95,17.94,17.95,939.0
2026-06-17,2026-06-17 13:00:00,17.95,17.98,17.95,17.95,3602.0
2026-06-17,2026-06-17 13:05:00,17.95,17.95,17.95,17.95,1984.0
2026-06-17,2026-06-17 13:10:00,17.94,17.99,17.94,17.985,8641.0
2026-06-17,2026-06-17 13:15:00,17.99,17.99,17.945,17.95,2794.0
2026-06-17,2026-06-17 13:20:00,17.95,17.97,17.93,17.94,5914.0
2026-06-17,2026-06-17 13:25:00,17.945,17.97,17.945,17.97,3064.0
2026-06-17,2026-06-17 13:30:00,17.94,17.94,17.91,17.91,4755.0
2026-06-17,2026-06-17 13:35:00,17.91,17.94,17.91,17.94,4226.0
2026-06-17,2026-06-17 13:40:00,17.94,17.945,17.94,17.945,622.0
2026-06-17,2026-06-17 13:45:00,17.93,17.93,17.92,17.93,3664.0
2026-06-17,2026-06-17 13:50:00,17.925,17.96,17.925,17.96,4943.0
2026-06-17,2026-06-17 13:55:00,17.97,17.98,17.95,17.96,4534.0
2026-06-17,2026-06-17 14:00:00,17.97,18.04,17.97,18.035,3747.0
2026-06-17,2026-06-17 14:05:00,18.0,18.02,17.89,17.89,7391.0
2026-06-17,2026-06-17 14:10:00,17.87,17.9,17.84,17.9,6728.0
2026-06-17,2026-06-17 14:15:00,17.92,17.935,17.92,17.92,1474.0
2026-06-17,2026-06-17 14:20:00,17.93,17.985,17.93,17.95,6826.0
2026-06-17,2026-06-17 14:25:00,17.95,17.96,17.89,17.91,11966.0
2026-06-17,2026-06-17 14:30:00,17.9,17.91,17.89,17.91,6324.0
2026-06-17,2026-06-17 14:35:00,17.905,17.965,17.89,17.89,22770.0
2026-06-17,2026-06-17 14:40:00,17.88,17.9625,17.88,17.94,14901.0
2026-06-17,2026-06-17 14:45:00,17.93,17.975,17.9125,17.96,4652.0
2026-06-17,2026-06-17 14:50:00,17.96,17.97,17.95,17.97,5443.0
2026-06-17,2026-06-17 14:55:00,17.96,17.96,17.94,17.95,7295.0
2026-06-17,2026-06-17 15:00:00,17.95,17.95,17.74,17.74,56386.0
2026-06-17,2026-06-17 15:05:00,17.76,17.82,17.76,17.795,11604.0
2026-06-17,2026-06-17 15:10:00,17.78,17.82,17.77,17.77,8645.0
2026-06-17,2026-06-17 15:15:00,17.75,17.8,17.72,17.8,7923.0
2026-06-17,2026-06-17 15:20:00,17.8,17.83,17.775,17.78,10553.0
2026-06-17,2026-06-17 15:25:00,17.76,17.78,17.7,17.7,14416.0
2026-06-17,2026-06-17 15:30:00,17.715,17.77,17.715,17.72,7799.0
2026-06-17,2026-06-17 15:35:00,17.72,17.8,17.72,17.78,20811.0
2026-06-17,2026-06-17 15:40:00,17.775,17.78,17.71,17.76,20040.0
2026-06-17,2026-06-17 15:45:00,17.75,17.8,17.75,17.78,18821.0
2026-06-17,2026-06-17 15:50:00,17.81,17.83,17.772,17.79,21898.0
2026-06-17,2026-06-17 15:55:00,17.78,17.78,17.74,17.765,33238.0
2026-06-17,2026-06-17 16:00:00,17.77,17.9,17.765,17.88,237152.0
2026-06-18,2026-06-18 09:35:00,18.45,18.73,18.4,18.73,25911.0
2026-06-18,2026-06-18 09:40:00,18.73,18.73,18.45,18.4575,12228.0
2026-06-18,2026-06-18 09:45:00,18.48,18.92,18.44,18.92,51492.0
2026-06-18,2026-06-18 09:50:00,18.91,18.93,18.75,18.92,14329.0
2026-06-18,2026-06-18 09:55:00,18.93,19.11,18.8,18.86,50153.0
2026-06-18,2026-06-18 10:00:00,18.84,18.935,18.82,18.88,14626.0
2026-06-18,2026-06-18 10:05:00,18.91,18.91,18.63,18.63,62839.0
2026-06-18,2026-06-18 10:10:00,18.62,18.62,18.53,18.555,62949.0
2026-06-18,2026-06-18 10:15:00,18.52,18.61,18.49,18.49,6811.0
2026-06-18,2026-06-18 10:20:00,18.5,18.54,18.45,18.48,11427.0
2026-06-18,2026-06-18 10:25:00,18.52,18.58,18.5,18.575,5191.0
2026-06-18,2026-06-18 10:30:00,18.555,18.63,18.545,18.63,10592.0
2026-06-18,2026-06-18 10:35:00,18.6,18.637063,18.585,18.625,4149.0
2026-06-18,2026-06-18 10:40:00,18.625,18.73,18.57,18.58,40302.0
2026-06-18,2026-06-18 10:45:00,18.59,18.59,18.46,18.5062,15715.0
2026-06-18,2026-06-18 10:50:00,18.47,18.5299,18.4,18.5299,9220.0
2026-06-18,2026-06-18 10:55:00,18.47,18.48,18.45,18.46,6009.0
2026-06-18,2026-06-18 11:00:00,18.47,18.49,18.47,18.49,790.0
2026-06-18,2026-06-18 11:05:00,18.48,18.48,18.39,18.39,32765.0
2026-06-18,2026-06-18 11:10:00,18.37,18.37,18.31,18.31,8179.0
2026-06-18,2026-06-18 11:15:00,18.34,18.36,18.34,18.35,4885.0
2026-06-18,2026-06-18 11:20:00,18.34,18.42,18.315,18.42,11633.0
2026-06-18,2026-06-18 11:25:00,18.44,18.44,18.405,18.405,3956.0
2026-06-18,2026-06-18 11:30:00,18.37,18.4,18.37,18.375,2613.0
2026-06-18,2026-06-18 11:35:00,18.375,18.4,18.37,18.4,1563.0
2026-06-18,2026-06-18 11:40:00,18.395,18.395,18.395,18.395,647.0
2026-06-18,2026-06-18 11:45:00,18.38,18.46,18.38,18.45,5522.0
2026-06-18,2026-06-18 11:50:00,18.45,18.47,18.45,18.47,3359.0
2026-06-18,2026-06-18 11:55:00,18.44,18.48,18.425,18.475,10897.0
2026-06-18,2026-06-18 12:00:00,18.46,18.55,18.46,18.5315,7583.0
2026-06-18,2026-06-18 12:05:00,18.535,18.55,18.53,18.54,1975.0
2026-06-18,2026-06-18 12:10:00,18.535,18.57,18.535,18.56,1566.0
2026-06-18,2026-06-18 12:15:00,18.54,18.57,18.54,18.57,3003.0
2026-06-18,2026-06-18 12:20:00,18.55,18.55,18.53,18.53,1654.0
2026-06-18,2026-06-18 12:25:00,18.56,18.58,18.56,18.575,2571.0
2026-06-18,2026-06-18 12:30:00,18.5601,18.59,18.54,18.54,2207.0
2026-06-18,2026-06-18 12:35:00,18.54,18.54,18.535,18.535,377.0
2026-06-18,2026-06-18 12:40:00,18.535,18.61,18.535,18.57,9467.0
2026-06-18,2026-06-18 12:45:00,18.56,18.56,18.555,18.555,694.0
2026-06-18,2026-06-18 12:50:00,18.53,18.54,18.32,18.44,75122.0
2026-06-18,2026-06-18 12:55:00,18.46,18.5,18.35,18.37,48531.0
2026-06-18,2026-06-18 13:00:00,18.37,18.42,18.37,18.42,3148.0
2026-06-18,2026-06-18 13:05:00,18.42,18.4386,18.385,18.385,4003.0
2026-06-18,2026-06-18 13:10:00,18.46,18.525,18.44,18.48,28220.0
2026-06-18,2026-06-18 13:15:00,18.5033,18.5033,18.5033,18.5033,277.0
2026-06-18,2026-06-18 13:20:00,18.49,18.495,18.49,18.495,632.0
2026-06-18,2026-06-18 13:25:00,18.495,18.5191,18.465,18.465,5255.0
2026-06-18,2026-06-18 13:30:00,18.46,18.465,18.45,18.465,1198.0
2026-06-18,2026-06-18 13:35:00,18.475,18.48,18.46,18.48,2496.0
2026-06-18,2026-06-18 13:40:00,18.47,18.47,18.47,18.47,1102.0
2026-06-18,2026-06-18 13:45:00,18.48,18.49,18.48,18.49,2532.0
2026-06-18,2026-06-18 13:50:00,18.51,18.51,18.485,18.485,2710.0
2026-06-18,2026-06-18 13:55:00,18.485,18.5,18.485,18.49,4279.0
2026-06-18,2026-06-18 14:00:00,18.495,18.5,18.47,18.5,4577.0
2026-06-18,2026-06-18 14:05:00,18.48,18.495,18.475,18.475,1951.0
2026-06-18,2026-06-18 14:10:00,18.47,18.47,18.46,18.465,1442.0
2026-06-18,2026-06-18 14:15:00,18.47,18.47,18.47,18.47,683.0
2026-06-18,2026-06-18 14:20:00,18.465,18.48,18.465,18.48,2489.0
2026-06-18,2026-06-18 14:25:00,18.48,18.48,18.4786,18.48,1698.0
2026-06-18,2026-06-18 14:30:00,18.48,18.5,18.47,18.49,5221.0
2026-06-18,2026-06-18 14:35:00,18.485,18.485,18.42,18.42,4174.0
2026-06-18,2026-06-18 14:40:00,18.41,18.41,18.395,18.395,1738.0
2026-06-18,2026-06-18 14:45:00,18.395,18.41,18.34,18.345,5423.0
2026-06-18,2026-06-18 14:50:00,18.345,18.345,18.345,18.345,307.0
2026-06-18,2026-06-18 14:55:00,18.33,18.36,18.33,18.36,3073.0
2026-06-18,2026-06-18 15:00:00,18.36,18.485,18.36,18.47,15814.0
2026-06-18,2026-06-18 15:05:00,18.47,18.47,18.45,18.46,1623.0
2026-06-18,2026-06-18 15:10:00,18.455,18.455,18.445,18.45,1482.0
2026-06-18,2026-06-18 15:15:00,18.445,18.49,18.43,18.47,8835.0
2026-06-18,2026-06-18 15:20:00,18.46,18.46,18.43,18.43,2162.0
2026-06-18,2026-06-18 15:25:00,18.45,18.45,18.42,18.45,3469.0
2026-06-18,2026-06-18 15:30:00,18.42,18.45,18.42,18.425,3016.0
2026-06-18,2026-06-18 15:35:00,18.415,18.415,18.38,18.385,1997.0
2026-06-18,2026-06-18 15:40:00,18.4,18.41,18.37,18.37,20237.0
2026-06-18,2026-06-18 15:45:00,18.37,18.37,18.32,18.36,7439.0
2026-06-18,2026-06-18 15:50:00,18.355,18.365,18.34,18.34,4429.0
2026-06-18,2026-06-18 15:55:00,18.35,18.41,18.27,18.28,27137.0
2026-06-18,2026-06-18 16:00:00,18.26,18.27,18.15,18.18,123324.0
2026-06-22,2026-06-22 09:35:00,17.81,18.395,17.75,18.05,39657.0
2026-06-22,2026-06-22 09:40:00,18.05,18.1,17.96,18.08,10761.0
2026-06-22,2026-06-22 09:45:00,18.1,18.3,18.1,18.26,12583.0
2026-06-22,2026-06-22 09:50:00,18.25,18.39,18.215,18.37,15027.0
2026-06-22,2026-06-22 09:55:00,18.34,18.37,18.33,18.335,4842.0
2026-06-22,2026-06-22 10:00:00,18.33,18.41,18.32,18.345,17339.0
2026-06-22,2026-06-22 10:05:00,18.36,18.37,18.25,18.255,6389.0
2026-06-22,2026-06-22 10:10:00,18.23,18.23,18.07,18.09,7576.0
2026-06-22,2026-06-22 10:15:00,18.08,18.09,18.035,18.09,10052.0
2026-06-22,2026-06-22 10:20:00,18.06,18.06,18.02,18.02,9474.0
2026-06-22,2026-06-22 10:25:00,18.02,18.05,18.0,18.0,3007.0
2026-06-22,2026-06-22 10:30:00,18.0,18.12,18.0,18.095,10736.0
2026-06-22,2026-06-22 10:35:00,18.11,18.17,18.11,18.14,3881.0
2026-06-22,2026-06-22 10:40:00,18.155,18.18,18.155,18.18,7734.0
2026-06-22,2026-06-22 10:45:00,18.2,18.21,18.185,18.185,6246.0
2026-06-22,2026-06-22 10:50:00,18.17,18.18,18.16,18.18,7159.0
2026-06-22,2026-06-22 10:55:00,18.175,18.225,18.14,18.225,16290.0
2026-06-22,2026-06-22 11:00:00,18.225,18.25,18.2,18.24,3865.0
2026-06-22,2026-06-22 11:05:00,18.24,18.3,18.24,18.26,6063.0
2026-06-22,2026-06-22 11:10:00,18.26,18.26,18.24,18.26,9039.0
2026-06-22,2026-06-22 11:15:00,18.27,18.28,18.263,18.275,3606.0
2026-06-22,2026-06-22 11:20:00,18.265,18.33,18.26,18.33,3920.0
2026-06-22,2026-06-22 11:25:00,18.33,18.33,18.32,18.32,2093.0
2026-06-22,2026-06-22 11:30:00,18.34,18.425,18.34,18.425,9684.0
2026-06-22,2026-06-22 11:35:00,18.41,18.41,18.37,18.37,2212.0
2026-06-22,2026-06-22 11:40:00,18.37,18.415,18.35,18.415,11485.0
2026-06-22,2026-06-22 11:45:00,18.41,18.43,18.4,18.42,2942.0
2026-06-22,2026-06-22 11:50:00,18.41,18.42,18.4,18.4,2570.0
2026-06-22,2026-06-22 11:55:00,18.39,18.395,18.29,18.305,8350.0
2026-06-22,2026-06-22 12:00:00,18.3,18.33,18.29,18.31,8833.0
2026-06-22,2026-06-22 12:05:00,18.3399,18.4199,18.32,18.4,19149.0
2026-06-22,2026-06-22 12:10:00,18.42,18.42,18.3801,18.405,3815.0
2026-06-22,2026-06-22 12:15:00,18.42,18.435,18.41,18.435,5378.0
2026-06-22,2026-06-22 12:20:00,18.43,18.44,18.425,18.44,3102.0
2026-06-22,2026-06-22 12:25:00,18.46,18.46,18.43,18.43,6496.0
2026-06-22,2026-06-22 12:30:00,18.44,18.44,18.43,18.43,4743.0
2026-06-22,2026-06-22 12:35:00,18.43,18.44,18.4,18.4088,9859.0
2026-06-22,2026-06-22 12:40:00,18.41,18.41,18.395,18.395,1555.0
2026-06-22,2026-06-22 12:45:00,18.395,18.43,18.39,18.43,4572.0
2026-06-22,2026-06-22 12:50:00,18.435,18.51,18.43,18.51,4915.0
2026-06-22,2026-06-22 12:55:00,18.52,18.56,18.495,18.56,5320.0
2026-06-22,2026-06-22 13:00:00,18.545,18.545,18.53,18.53,3185.0
2026-06-22,2026-06-22 13:05:00,18.535,18.54,18.5209,18.5209,2528.0
2026-06-22,2026-06-22 13:10:00,18.52,18.53,18.505,18.53,6680.0
2026-06-22,2026-06-22 13:15:00,18.53,18.6,18.53,18.58,13327.0
2026-06-22,2026-06-22 13:20:00,18.58,18.58,18.545,18.565,5375.0
2026-06-22,2026-06-22 13:25:00,18.57,18.57,18.515,18.515,6513.0
2026-06-22,2026-06-22 13:30:00,18.515,18.515,18.48,18.48,2087.0
2026-06-22,2026-06-22 13:35:00,18.48,18.48,18.46,18.47,3108.0
2026-06-22,2026-06-22 13:40:00,18.46,18.47,18.46,18.47,4762.0
2026-06-22,2026-06-22 13:45:00,18.47,18.47,18.46,18.47,2329.0
2026-06-22,2026-06-22 13:50:00,18.47,18.51,18.47,18.51,5848.0
2026-06-22,2026-06-22 13:55:00,18.515,18.525,18.515,18.525,972.0
2026-06-22,2026-06-22 14:00:00,18.51,18.51,18.48,18.49,2342.0
2026-06-22,2026-06-22 14:05:00,18.49,18.505,18.49,18.495,2728.0
2026-06-22,2026-06-22 14:10:00,18.5,18.535,18.49,18.535,7094.0
2026-06-22,2026-06-22 14:15:00,18.53,18.54,18.53,18.54,3052.0
2026-06-22,2026-06-22 14:20:00,18.54,18.565,18.535,18.56,4871.0
2026-06-22,2026-06-22 14:25:00,18.55,18.55,18.485,18.49,5173.0
2026-06-22,2026-06-22 14:30:00,18.47,18.47,18.46,18.47,7334.0
2026-06-22,2026-06-22 14:35:00,18.48,18.495,18.45,18.46,9764.0
2026-06-22,2026-06-22 14:40:00,18.455,18.455,18.43,18.45,3115.0
2026-06-22,2026-06-22 14:45:00,18.45,18.45,18.43,18.435,5567.0
2026-06-22,2026-06-22 14:50:00,18.435,18.45,18.42,18.43,5860.0
2026-06-22,2026-06-22 14:55:00,18.44,18.44,18.4,18.42,9396.0
2026-06-22,2026-06-22 15:00:00,18.425,18.425,18.39,18.4,10813.0
2026-06-22,2026-06-22 15:05:00,18.395,18.4,18.385,18.39,6224.0
2026-06-22,2026-06-22 15:10:00,18.38,18.38,18.34,18.37,12070.0
2026-06-22,2026-06-22 15:15:00,18.36,18.36,18.34,18.35,10311.0
2026-06-22,2026-06-22 15:20:00,18.35,18.36,18.33,18.335,11919.0
2026-06-22,2026-06-22 15:25:00,18.335,18.335,18.32,18.322,3894.0
2026-06-22,2026-06-22 15:30:00,18.32,18.37,18.32,18.365,12531.0
2026-06-22,2026-06-22 15:35:00,18.365,18.405,18.365,18.405,20059.0
2026-06-22,2026-06-22 15:40:00,18.405,18.415,18.38,18.38,17025.0
2026-06-22,2026-06-22 15:45:00,18.38,18.395,18.38,18.38,13405.0
2026-06-22,2026-06-22 15:50:00,18.385,18.46,18.385,18.44,65637.0
2026-06-22,2026-06-22 15:55:00,18.45,18.495,18.45,18.48,25390.0
2026-06-22,2026-06-22 16:00:00,18.49,18.49,18.45,18.48,144337.0
2026-06-23,2026-06-23 09:35:00,18.47,18.59,18.11,18.45,15756.0
2026-06-23,2026-06-23 09:40:00,18.48,18.485,18.37,18.43,8841.0
2026-06-23,2026-06-23 09:45:00,18.435,18.57,18.435,18.48,5747.0
2026-06-23,2026-06-23 09:50:00,18.44,18.5,18.41,18.5,2834.0
2026-06-23,2026-06-23 09:55:00,18.52,18.55,18.475,18.5,7217.0
2026-06-23,2026-06-23 10:00:00,18.47,18.49,18.42,18.49,7088.0
2026-06-23,2026-06-23 10:05:00,18.45,18.46,18.41,18.41,4188.0
2026-06-23,2026-06-23 10:10:00,18.415,18.53,18.415,18.5,17216.0
2026-06-23,2026-06-23 10:15:00,18.51,18.67,18.495,18.67,34306.0
2026-06-23,2026-06-23 10:20:00,18.68,18.72,18.67,18.67,6951.0
2026-06-23,2026-06-23 10:25:00,18.66,18.74,18.66,18.72,5599.0
2026-06-23,2026-06-23 10:30:00,18.72,18.72,18.64,18.64,12162.0
2026-06-23,2026-06-23 10:35:00,18.64,18.64,18.54,18.54,5895.0
2026-06-23,2026-06-23 10:40:00,18.55,18.65,18.54,18.61,10331.0
2026-06-23,2026-06-23 10:45:00,18.61,18.65,18.6,18.65,6372.0
2026-06-23,2026-06-23 10:50:00,18.635,18.68,18.62,18.68,6136.0
2026-06-23,2026-06-23 10:55:00,18.7,18.73,18.68,18.705,8810.0
2026-06-23,2026-06-23 11:00:00,18.705,18.705,18.675,18.69,4657.0
2026-06-23,2026-06-23 11:05:00,18.69,18.74,18.69,18.71,5389.0
2026-06-23,2026-06-23 11:10:00,18.7,18.7,18.65,18.65,8773.0
2026-06-23,2026-06-23 11:15:00,18.65,18.65,18.59,18.6,3533.0
2026-06-23,2026-06-23 11:20:00,18.6,18.61,18.55,18.55,29786.0
2026-06-23,2026-06-23 11:25:00,18.56,18.585,18.55,18.58,4979.0
2026-06-23,2026-06-23 11:30:00,18.58,18.64,18.57,18.6,22734.0
2026-06-23,2026-06-23 11:35:00,18.6,18.62,18.6,18.615,3210.0
2026-06-23,2026-06-23 11:40:00,18.6,18.62,18.59,18.59,11151.0
2026-06-23,2026-06-23 11:45:00,18.585,18.59,18.5,18.57,23011.0
2026-06-23,2026-06-23 11:50:00,18.59,18.64,18.59,18.63,2152.0
2026-06-23,2026-06-23 11:55:00,18.63,18.66,18.63,18.66,3372.0
2026-06-23,2026-06-23 12:00:00,18.65,18.67,18.65,18.65,4103.0
2026-06-23,2026-06-23 12:05:00,18.66,18.7,18.66,18.695,5703.0
2026-06-23,2026-06-23 12:10:00,18.69,18.7,18.67,18.69,3531.0
2026-06-23,2026-06-23 12:15:00,18.69,18.71,18.69,18.71,2343.0
2026-06-23,2026-06-23 12:20:00,18.7,18.7,18.65,18.65,4324.0
2026-06-23,2026-06-23 12:25:00,18.65,18.65,18.59,18.62,8987.0
2026-06-23,2026-06-23 12:30:00,18.62,18.62,18.62,18.62,1129.0
2026-06-23,2026-06-23 12:35:00,18.62,18.63,18.61,18.63,5100.0
2026-06-23,2026-06-23 12:40:00,18.63,18.65,18.63,18.63,4515.0
2026-06-23,2026-06-23 12:45:00,18.63,18.63,18.61,18.62,4956.0
2026-06-23,2026-06-23 12:50:00,18.62,18.62,18.59,18.6,2720.0
2026-06-23,2026-06-23 12:55:00,18.6,18.635,18.6,18.63,10944.0
2026-06-23,2026-06-23 13:00:00,18.64,18.71,18.64,18.71,12564.0
2026-06-23,2026-06-23 13:05:00,18.7,18.7,18.665,18.665,4780.0
2026-06-23,2026-06-23 13:10:00,18.655,18.655,18.65,18.65,762.0
2026-06-23,2026-06-23 13:15:00,18.665,18.67,18.64,18.66,4392.0
2026-06-23,2026-06-23 13:20:00,18.65,18.67,18.65,18.67,6588.0
2026-06-23,2026-06-23 13:25:00,18.68,18.68,18.63,18.63,10697.0
2026-06-23,2026-06-23 13:30:00,18.625,18.63,18.62,18.63,11441.0
2026-06-23,2026-06-23 13:35:00,18.63,18.63,18.585,18.59,13142.0
2026-06-23,2026-06-23 13:40:00,18.6,18.615,18.59,18.59,4834.0
2026-06-23,2026-06-23 13:45:00,18.605,18.605,18.585,18.59,5636.0
2026-06-23,2026-06-23 13:50:00,18.59,18.59,18.57,18.57,3115.0
2026-06-23,2026-06-23 13:55:00,18.56,18.57,18.54,18.54,4652.0
2026-06-23,2026-06-23 14:00:00,18.53,18.545,18.53,18.545,3270.0
2026-06-23,2026-06-23 14:05:00,18.55,18.58,18.55,18.57,8262.0
2026-06-23,2026-06-23 14:10:00,18.57,18.605,18.57,18.58,13980.0
2026-06-23,2026-06-23 14:15:00,18.59,18.6,18.575,18.575,8710.0
2026-06-23,2026-06-23 14:20:00,18.575,18.58,18.565,18.57,4217.0
2026-06-23,2026-06-23 14:25:00,18.565,18.58,18.565,18.58,4572.0
2026-06-23,2026-06-23 14:30:00,18.58,18.58,18.55,18.57,5527.0
2026-06-23,2026-06-23 14:35:00,18.565,18.565,18.55,18.555,6121.0
2026-06-23,2026-06-23 14:40:00,18.55,18.55,18.45,18.465,46940.0
2026-06-23,2026-06-23 14:45:00,18.465,18.465,18.425,18.44,10520.0
2026-06-23,2026-06-23 14:50:00,18.44,18.45,18.43,18.44,6832.0
2026-06-23,2026-06-23 14:55:00,18.44,18.46,18.435,18.445,9466.0
2026-06-23,2026-06-23 15:00:00,18.445,18.46,18.44,18.44,6906.0
2026-06-23,2026-06-23 15:05:00,18.44,18.48,18.44,18.48,8274.0
2026-06-23,2026-06-23 15:10:00,18.49,18.49,18.425,18.425,5061.0
2026-06-23,2026-06-23 15:15:00,18.425,18.4499,18.41,18.42,8311.0
2026-06-23,2026-06-23 15:20:00,18.42,18.43,18.4,18.4,7461.0
2026-06-23,2026-06-23 15:25:00,18.4,18.425,18.4,18.425,6263.0
2026-06-23,2026-06-23 15:30:00,18.425,18.43,18.41,18.41,5583.0
2026-06-23,2026-06-23 15:35:00,18.41,18.435,18.41,18.425,6131.0
2026-06-23,2026-06-23 15:40:00,18.42,18.435,18.41,18.42,9972.0
2026-06-23,2026-06-23 15:45:00,18.43,18.48,18.42,18.48,13684.0
2026-06-23,2026-06-23 15:50:00,18.48,18.52,18.47,18.52,27013.0
2026-06-23,2026-06-23 15:55:00,18.51,18.54,18.46,18.495,78664.0
2026-06-23,2026-06-23 16:00:00,18.49,18.52,18.425,18.49,275930.0
2026-06-24,2026-06-24 09:35:00,18.45,18.59,18.325,18.575,33009.0
2026-06-24,2026-06-24 09:40:00,18.49,18.7201,18.42,18.7201,36813.0
2026-06-24,2026-06-24 09:45:00,18.72,18.72,18.6,18.67,15385.0
2026-06-24,2026-06-24 09:50:00,18.66,18.66,18.5,18.53,17765.0
2026-06-24,2026-06-24 09:55:00,18.53,18.58,18.53,18.5419,5148.0
2026-06-24,2026-06-24 10:00:00,18.54,18.6,18.525,18.59,17192.0
2026-06-24,2026-06-24 10:05:00,18.58,18.58,18.455,18.48,8254.0
2026-06-24,2026-06-24 10:10:00,18.46,18.47,18.43,18.45,16239.0
2026-06-24,2026-06-24 10:15:00,18.46,18.46,18.37,18.37,7792.0
2026-06-24,2026-06-24 10:20:00,18.37,18.385,18.31,18.385,15052.0
2026-06-24,2026-06-24 10:25:00,18.39,18.42,18.37,18.415,7966.0
2026-06-24,2026-06-24 10:30:00,18.415,18.415,18.34,18.365,4774.0
2026-06-24,2026-06-24 10:35:00,18.365,18.365,18.28,18.31,14690.0
2026-06-24,2026-06-24 10:40:00,18.31,18.32,18.245,18.25,17746.0
2026-06-24,2026-06-24 10:45:00,18.25,18.3,18.24,18.3,9212.0
2026-06-24,2026-06-24 10:50:00,18.31,18.36,18.31,18.335,11351.0
2026-06-24,2026-06-24 10:55:00,18.32,18.33,18.31,18.32,5557.0
2026-06-24,2026-06-24 11:00:00,18.31,18.37,18.3,18.33,9335.0
2026-06-24,2026-06-24 11:05:00,18.345,18.36,18.34,18.34,10285.0
2026-06-24,2026-06-24 11:10:00,18.33,18.42,18.32,18.42,15044.0
2026-06-24,2026-06-24 11:15:00,18.42,18.44,18.405,18.44,5321.0
2026-06-24,2026-06-24 11:20:00,18.45,18.5,18.44,18.5,11595.0
2026-06-24,2026-06-24 11:25:00,18.505,18.53,18.46,18.525,16714.0
2026-06-24,2026-06-24 11:30:00,18.53,18.53,18.48,18.515,12346.0
2026-06-24,2026-06-24 11:35:00,18.5,18.53,18.49,18.505,5393.0
2026-06-24,2026-06-24 11:40:00,18.505,18.51,18.45,18.45,18638.0
2026-06-24,2026-06-24 11:45:00,18.45,18.47,18.45,18.465,2129.0
2026-06-24,2026-06-24 11:50:00,18.45,18.47,18.42,18.47,5935.0
2026-06-24,2026-06-24 11:55:00,18.485,18.49,18.48,18.49,2387.0
2026-06-24,2026-06-24 12:00:00,18.485,18.485,18.44,18.44,2936.0
2026-06-24,2026-06-24 12:05:00,18.44,18.44,18.43,18.44,3880.0
2026-06-24,2026-06-24 12:10:00,18.435,18.46,18.42,18.43,4413.0
2026-06-24,2026-06-24 12:15:00,18.42,18.44,18.42,18.43,4384.0
2026-06-24,2026-06-24 12:20:00,18.43,18.44,18.42,18.42,3459.0
2026-06-24,2026-06-24 12:25:00,18.435,18.455,18.42,18.455,11564.0
2026-06-24,2026-06-24 12:30:00,18.445,18.45,18.43,18.45,6489.0
2026-06-24,2026-06-24 12:35:00,18.45,18.45,18.44,18.445,2024.0
2026-06-24,2026-06-24 12:40:00,18.45,18.47,18.43,18.44,5720.0
2026-06-24,2026-06-24 12:45:00,18.43,18.455,18.39,18.45,22683.0
2026-06-24,2026-06-24 12:50:00,18.45,18.45,18.44,18.45,3024.0
2026-06-24,2026-06-24 12:55:00,18.44,18.46,18.43,18.44,5923.0
2026-06-24,2026-06-24 13:00:00,18.43,18.45,18.41,18.43,5750.0
2026-06-24,2026-06-24 13:05:00,18.425,18.44,18.42,18.44,2679.0
2026-06-24,2026-06-24 13:10:00,18.44,18.44,18.36,18.37,10275.0
2026-06-24,2026-06-24 13:15:00,18.38,18.385,18.33,18.35,10606.0
2026-06-24,2026-06-24 13:20:00,18.35,18.38,18.35,18.38,4104.0
2026-06-24,2026-06-24 13:25:00,18.35,18.35,18.34,18.34,2577.0
2026-06-24,2026-06-24 13:30:00,18.33,18.335,18.27,18.27,6528.0
2026-06-24,2026-06-24 13:35:00,18.29,18.29,18.24,18.275,4337.0
2026-06-24,2026-06-24 13:40:00,18.28,18.28,18.255,18.255,2484.0
2026-06-24,2026-06-24 13:45:00,18.25,18.25,18.23,18.2302,2124.0
2026-06-24,2026-06-24 13:50:00,18.255,18.255,18.21,18.22,4162.0
2026-06-24,2026-06-24 13:55:00,18.235,18.25,18.22,18.25,6212.0
2026-06-24,2026-06-24 14:00:00,18.245,18.35,18.245,18.275,15008.0
2026-06-24,2026-06-24 14:05:00,18.28,18.29,18.27,18.29,13482.0
2026-06-24,2026-06-24 14:10:00,18.29,18.3,18.29,18.295,5833.0
2026-06-24,2026-06-24 14:15:00,18.295,18.32,18.295,18.32,9202.0
2026-06-24,2026-06-24 14:20:00,18.33,18.38,18.32,18.38,8648.0
2026-06-24,2026-06-24 14:25:00,18.37,18.37,18.35,18.36,3362.0
2026-06-24,2026-06-24 14:30:00,18.37,18.41,18.36,18.405,9318.0
2026-06-24,2026-06-24 14:35:00,18.4,18.41,18.375,18.41,8883.0
2026-06-24,2026-06-24 14:40:00,18.38,18.39,18.38,18.39,3016.0
2026-06-24,2026-06-24 14:45:00,18.39,18.39,18.37,18.38,6711.0
2026-06-24,2026-06-24 14:50:00,18.39,18.39,18.355,18.355,5157.0
2026-06-24,2026-06-24 14:55:00,18.355,18.37,18.34,18.36,5431.0
2026-06-24,2026-06-24 15:00:00,18.3699,18.38,18.35,18.355,12209.0
2026-06-24,2026-06-24 15:05:00,18.35,18.365,18.34,18.36,5653.0
2026-06-24,2026-06-24 15:10:00,18.37,18.37,18.32,18.35,7630.0
2026-06-24,2026-06-24 15:15:00,18.34,18.35,18.34,18.35,4705.0
2026-06-24,2026-06-24 15:20:00,18.34,18.34,18.32,18.33,7864.0
2026-06-24,2026-06-24 15:25:00,18.33,18.37,18.32,18.36,14423.0
2026-06-24,2026-06-24 15:30:00,18.37,18.435,18.37,18.42,12923.0
2026-06-24,2026-06-24 15:35:00,18.42,18.43,18.41,18.43,12956.0
2026-06-24,2026-06-24 15:40:00,18.42,18.425,18.37,18.385,11818.0
2026-06-24,2026-06-24 15:45:00,18.4,18.43,18.375,18.43,15418.0
2026-06-24,2026-06-24 15:50:00,18.42,18.44,18.42,18.435,15738.0
2026-06-24,2026-06-24 15:55:00,18.43,18.43,18.29,18.31,47449.0
2026-06-24,2026-06-24 16:00:00,18.31,18.41,18.295,18.37,323310.0
2026-06-25,2026-06-25 09:35:00,18.73,18.73,18.4,18.66,12304.0
2026-06-25,2026-06-25 09:40:00,18.65,18.8,18.58,18.58,7862.0
2026-06-25,2026-06-25 09:45:00,18.57,18.62,18.44,18.45,16830.0
2026-06-25,2026-06-25 09:50:00,18.44,18.46,18.42,18.44,12138.0
2026-06-25,2026-06-25 09:55:00,18.42,18.425,18.335,18.36,7025.0
2026-06-25,2026-06-25 10:00:00,18.31,18.4,18.3,18.35,15599.0
2026-06-25,2026-06-25 10:05:00,18.335,18.54,18.335,18.52,14016.0
2026-06-25,2026-06-25 10:10:00,18.54,18.64,18.53,18.61,8967.0
2026-06-25,2026-06-25 10:15:00,18.61,18.64,18.55,18.55,11421.0
2026-06-25,2026-06-25 10:20:00,18.585,18.585,18.51,18.55,6851.0
2026-06-25,2026-06-25 10:25:00,18.57,18.615,18.52,18.52,6184.0
2026-06-25,2026-06-25 10:30:00,18.525,18.53,18.525,18.53,2361.0
2026-06-25,2026-06-25 10:35:00,18.5,18.56,18.5,18.525,7360.0
2026-06-25,2026-06-25 10:40:00,18.515,18.56,18.49,18.53,3949.0
2026-06-25,2026-06-25 10:45:00,18.53,18.535,18.43,18.44,6295.0
2026-06-25,2026-06-25 10:50:00,18.46,18.485,18.44,18.46,4571.0
2026-06-25,2026-06-25 10:55:00,18.475,18.555,18.475,18.54,6259.0
2026-06-25,2026-06-25 11:00:00,18.51,18.57,18.49,18.57,10587.0
2026-06-25,2026-06-25 11:05:00,18.575,18.575,18.52,18.56,1677.0
2026-06-25,2026-06-25 11:10:00,18.58,18.6,18.515,18.515,8775.0
2026-06-25,2026-06-25 11:15:00,18.5,18.57,18.5,18.54,9625.0
2026-06-25,2026-06-25 11:20:00,18.555,18.555,18.51,18.555,7143.0
2026-06-25,2026-06-25 11:25:00,18.555,18.59,18.555,18.575,5585.0
2026-06-25,2026-06-25 11:30:00,18.575,18.6,18.575,18.585,4146.0
2026-06-25,2026-06-25 11:35:00,18.59,18.62,18.57,18.585,5430.0
2026-06-25,2026-06-25 11:40:00,18.585,18.62,18.585,18.613,3294.0
2026-06-25,2026-06-25 11:45:00,18.615,18.615,18.57,18.6,5290.0
2026-06-25,2026-06-25 11:50:00,18.62,18.645,18.61,18.61,4136.0
2026-06-25,2026-06-25 11:55:00,18.59,18.61,18.58,18.605,4866.0
2026-06-25,2026-06-25 12:00:00,18.61,18.62,18.58,18.615,5911.0
2026-06-25,2026-06-25 12:05:00,18.61,18.63,18.6,18.61,3993.0
2026-06-25,2026-06-25 12:10:00,18.59,18.622,18.58,18.58,10341.0
2026-06-25,2026-06-25 12:15:00,18.6,18.6,18.5801,18.595,2041.0
2026-06-25,2026-06-25 12:20:00,18.6,18.64,18.59,18.64,6518.0
2026-06-25,2026-06-25 12:25:00,18.66,18.67,18.64,18.65,2372.0
2026-06-25,2026-06-25 12:30:00,18.64,18.64,18.635,18.64,1748.0
2026-06-25,2026-06-25 12:35:00,18.63,18.63,18.5817,18.6,4921.0
2026-06-25,2026-06-25 12:40:00,18.61,18.615,18.57,18.575,5328.0
2026-06-25,2026-06-25 12:45:00,18.56,18.565,18.55,18.55,2339.0
2026-06-25,2026-06-25 12:50:00,18.53,18.58,18.53,18.57,3615.0
2026-06-25,2026-06-25 12:55:00,18.53,18.535,18.5,18.535,4622.0
2026-06-25,2026-06-25 13:00:00,18.53,18.53,18.53,18.53,642.0
2026-06-25,2026-06-25 13:05:00,18.52,18.53,18.5,18.515,3185.0
2026-06-25,2026-06-25 13:10:00,18.515,18.53,18.515,18.52,3461.0
2026-06-25,2026-06-25 13:15:00,18.55,18.55,18.54,18.55,1526.0
2026-06-25,2026-06-25 13:20:00,18.56,18.58,18.53,18.53,4619.0
2026-06-25,2026-06-25 13:25:00,18.53,18.53,18.51,18.525,1573.0
2026-06-25,2026-06-25 13:30:00,18.53,18.54,18.52,18.525,1405.0
2026-06-25,2026-06-25 13:35:00,18.515,18.55,18.51,18.525,3462.0
2026-06-25,2026-06-25 13:40:00,18.54,18.57,18.54,18.56,2260.0
2026-06-25,2026-06-25 13:45:00,18.58,18.59,18.54,18.54,2020.0
2026-06-25,2026-06-25 13:50:00,18.51,18.51,18.5,18.505,709.0
2026-06-25,2026-06-25 13:55:00,18.505,18.52,18.5,18.5,2151.0
2026-06-25,2026-06-25 14:00:00,18.5,18.54,18.49,18.54,3898.0
2026-06-25,2026-06-25 14:05:00,18.52,18.52,18.51,18.51,1331.0
2026-06-25,2026-06-25 14:10:00,18.49,18.52,18.49,18.49,4682.0
2026-06-25,2026-06-25 14:15:00,18.505,18.505,18.5,18.5,1575.0
2026-06-25,2026-06-25 14:20:00,18.5,18.53,18.49,18.52,2475.0
2026-06-25,2026-06-25 14:25:00,18.51,18.53,18.5,18.53,3920.0
2026-06-25,2026-06-25 14:30:00,18.51,18.52,18.51,18.52,927.0
2026-06-25,2026-06-25 14:35:00,18.5,18.5,18.5,18.5,387.0
2026-06-25,2026-06-25 14:40:00,18.5,18.51,18.47,18.51,3302.0
2026-06-25,2026-06-25 14:45:00,18.5,18.5,18.495,18.495,1056.0
2026-06-25,2026-06-25 14:50:00,18.495,18.56,18.48,18.53,7960.0
2026-06-25,2026-06-25 14:55:00,18.53,18.53,18.52,18.53,1231.0
2026-06-25,2026-06-25 15:00:00,18.52,18.54,18.51,18.52,3452.0
2026-06-25,2026-06-25 15:05:00,18.53,18.53,18.512,18.525,1731.0
2026-06-25,2026-06-25 15:10:00,18.52,18.53,18.52,18.52,1674.0
2026-06-25,2026-06-25 15:15:00,18.53,18.53,18.5,18.5,2428.0
2026-06-25,2026-06-25 15:20:00,18.53,18.5421,18.51,18.53,5883.0
2026-06-25,2026-06-25 15:25:00,18.54,18.56,18.53,18.56,3594.0
2026-06-25,2026-06-25 15:30:00,18.57,18.59,18.56,18.585,3131.0
2026-06-25,2026-06-25 15:35:00,18.585,18.59,18.56,18.59,3659.0
2026-06-25,2026-06-25 15:40:00,18.56,18.565,18.56,18.565,1315.0
2026-06-25,2026-06-25 15:45:00,18.57,18.58,18.54,18.58,7429.0
2026-06-25,2026-06-25 15:50:00,18.57,18.67,18.57,18.665,16668.0
2026-06-25,2026-06-25 15:55:00,18.65,18.65,18.55,18.55,24607.0
2026-06-25,2026-06-25 16:00:00,18.545,18.55,18.5,18.52,284730.0
2026-06-26,2026-06-26 09:35:00,18.21,18.22,17.72,17.73,23054.0
2026-06-26,2026-06-26 09:40:00,17.845,17.845,17.725,17.725,4174.0
2026-06-26,2026-06-26 09:45:00,17.81,17.81,17.548,17.6,31043.0
2026-06-26,2026-06-26 09:50:00,17.6,17.66,17.395,17.65,62427.0
2026-06-26,2026-06-26 09:55:00,17.63,17.7,17.615,17.635,40992.0
2026-06-26,2026-06-26 10:00:00,17.625,17.625,17.33,17.375,18352.0
2026-06-26,2026-06-26 10:05:00,17.35,17.445,17.33,17.39,22835.0
2026-06-26,2026-06-26 10:10:00,17.37,17.59,17.33,17.58,48156.0
2026-06-26,2026-06-26 10:15:00,17.505,17.64,17.5,17.63,18419.0
2026-06-26,2026-06-26 10:20:00,17.65,17.66,17.61,17.61,9557.0
2026-06-26,2026-06-26 10:25:00,17.62,17.73,17.6,17.71,82500.0
2026-06-26,2026-06-26 10:30:00,17.69,17.69,17.41,17.41,95949.0
2026-06-26,2026-06-26 10:35:00,17.36,17.51,17.35,17.47,115246.0
2026-06-26,2026-06-26 10:40:00,17.49,17.545,17.39,17.415,15639.0
2026-06-26,2026-06-26 10:45:00,17.415,17.415,17.36,17.39,8272.0
2026-06-26,2026-06-26 10:50:00,17.38,17.42,17.33,17.37,16442.0
2026-06-26,2026-06-26 10:55:00,17.36,17.36,17.25,17.26,42986.0
2026-06-26,2026-06-26 11:00:00,17.26,17.29,17.23,17.28,22050.0
2026-06-26,2026-06-26 11:05:00,17.29,17.305,17.26,17.29,9529.0
2026-06-26,2026-06-26 11:10:00,17.29,17.42,17.275,17.405,25661.0
2026-06-26,2026-06-26 11:15:00,17.405,17.405,17.32,17.375,14051.0
2026-06-26,2026-06-26 11:20:00,17.37,17.54,17.37,17.52,45104.0
2026-06-26,2026-06-26 11:25:00,17.52,17.65,17.5,17.65,19532.0
2026-06-26,2026-06-26 11:30:00,17.645,17.65,17.59,17.6,7385.0
2026-06-26,2026-06-26 11:35:00,17.59,17.62,17.585,17.61,5373.0
2026-06-26,2026-06-26 11:40:00,17.6,17.62,17.595,17.61,6601.0
2026-06-26,2026-06-26 11:45:00,17.61,17.64,17.61,17.61,8241.0
2026-06-26,2026-06-26 11:50:00,17.6,17.6,17.54,17.54,9393.0
2026-06-26,2026-06-26 11:55:00,17.55,17.565,17.5,17.5,4002.0
2026-06-26,2026-06-26 12:00:00,17.51,17.54,17.5,17.51,2284.0
2026-06-26,2026-06-26 12:05:00,17.52,17.52,17.46,17.48,8457.0
2026-06-26,2026-06-26 12:10:00,17.5,17.5,17.47,17.485,11307.0
2026-06-26,2026-06-26 12:15:00,17.485,17.485,17.46,17.47,3609.0
2026-06-26,2026-06-26 12:20:00,17.465,17.5,17.46,17.46,8140.0
2026-06-26,2026-06-26 12:25:00,17.45,17.455,17.41,17.425,4637.0
2026-06-26,2026-06-26 12:30:00,17.44,17.455,17.43,17.435,4868.0
2026-06-26,2026-06-26 12:35:00,17.45,17.48,17.42,17.44,9129.0
2026-06-26,2026-06-26 12:40:00,17.43,17.44,17.43,17.43,4269.0
2026-06-26,2026-06-26 12:45:00,17.42,17.435,17.36,17.375,31922.0
2026-06-26,2026-06-26 12:50:00,17.38,17.42,17.375,17.395,5553.0
2026-06-26,2026-06-26 12:55:00,17.38,17.385,17.34,17.385,13903.0
2026-06-26,2026-06-26 13:00:00,17.37,17.68,17.37,17.65,49451.0
2026-06-26,2026-06-26 13:05:00,17.65,17.88,17.6203,17.875,37491.0
2026-06-26,2026-06-26 13:10:00,17.9,17.92,17.77,17.875,47112.0
2026-06-26,2026-06-26 13:15:00,17.85,17.85,17.75,17.8,14464.0
2026-06-26,2026-06-26 13:20:00,17.83,17.96,17.82,17.95,17927.0
2026-06-26,2026-06-26 13:25:00,17.95,18.22,17.95,18.1,40770.0
2026-06-26,2026-06-26 13:30:00,18.08,18.08,18.03,18.05,3695.0
2026-06-26,2026-06-26 13:35:00,18.05,18.07,18.0425,18.05,3787.0
2026-06-26,2026-06-26 13:40:00,18.02,18.025,18.005,18.005,4301.0
2026-06-26,2026-06-26 13:45:00,18.0,18.02,17.975,18.0,4734.0
2026-06-26,2026-06-26 13:50:00,18.0,18.02,18.0,18.015,5291.0
2026-06-26,2026-06-26 13:55:00,18.01,18.02,17.99,17.99,8098.0
2026-06-26,2026-06-26 14:00:00,18.0,18.02,17.945,17.945,14826.0
2026-06-26,2026-06-26 14:05:00,17.955,17.99,17.95,17.99,9559.0
2026-06-26,2026-06-26 14:10:00,17.99,17.99,17.94,17.97,6195.0
2026-06-26,2026-06-26 14:15:00,17.98,17.995,17.98,17.995,5777.0
2026-06-26,2026-06-26 14:20:00,17.99,17.99,17.92,17.935,5369.0
2026-06-26,2026-06-26 14:25:00,17.935,17.94,17.935,17.935,4235.0
2026-06-26,2026-06-26 14:30:00,17.945,17.95,17.92,17.925,9188.0
2026-06-26,2026-06-26 14:35:00,17.91,17.95,17.91,17.925,12683.0
2026-06-26,2026-06-26 14:40:00,17.925,17.93,17.88,17.895,5982.0
2026-06-26,2026-06-26 14:45:00,17.88,17.885,17.85,17.865,6873.0
2026-06-26,2026-06-26 14:50:00,17.86,17.93,17.86,17.905,25466.0
2026-06-26,2026-06-26 14:55:00,17.9,17.98,17.86,17.915,21134.0
2026-06-26,2026-06-26 15:00:00,17.9,17.91,17.885,17.89,4500.0
2026-06-26,2026-06-26 15:05:00,17.89,17.92,17.89,17.89,3268.0
2026-06-26,2026-06-26 15:10:00,17.89,17.92,17.86,17.905,7251.0
2026-06-26,2026-06-26 15:15:00,17.905,17.905,17.855,17.87,21924.0
2026-06-26,2026-06-26 15:20:00,17.86,17.875,17.84,17.865,11026.0
2026-06-26,2026-06-26 15:25:00,17.88,17.88,17.82,17.84,14640.0
2026-06-26,2026-06-26 15:30:00,17.83,17.88,17.82,17.88,17337.0
2026-06-26,2026-06-26 15:35:00,17.88,17.93,17.87,17.925,13180.0
2026-06-26,2026-06-26 15:40:00,17.91,17.92,17.87,17.87,22810.0
2026-06-26,2026-06-26 15:45:00,17.88,17.91,17.84,17.9,18439.0
2026-06-26,2026-06-26 15:50:00,17.935,17.995,17.92,17.995,16114.0
2026-06-26,2026-06-26 15:55:00,18.04,18.15,17.96,18.07,51404.0
2026-06-26,2026-06-26 16:00:00,18.07,18.11,17.97,18.0,231065.0
2026-06-29,2026-06-29 09:35:00,18.2,18.3468,18.105,18.265,22042.0
2026-06-29,2026-06-29 09:40:00,18.27,18.415,18.27,18.35,13273.0
2026-06-29,2026-06-29 09:45:00,18.39,18.55,18.38,18.49,23133.0
2026-06-29,2026-06-29 09:50:00,18.49,18.5,18.39,18.39,6044.0
2026-06-29,2026-06-29 09:55:00,18.35,18.49,18.25,18.25,26459.0
2026-06-29,2026-06-29 10:00:00,18.24,18.24,18.15,18.185,4514.0
2026-06-29,2026-06-29 10:05:00,18.19,18.35,18.1534,18.295,25626.0
2026-06-29,2026-06-29 10:10:00,18.25,18.25,18.21,18.225,2276.0
2026-06-29,2026-06-29 10:15:00,18.2,18.3,18.17,18.195,6608.0
2026-06-29,2026-06-29 10:20:00,18.21,18.27,18.175,18.245,14618.0
2026-06-29,2026-06-29 10:25:00,18.2,18.27,18.2,18.25,3025.0
2026-06-29,2026-06-29 10:30:00,18.27,18.38,18.26,18.38,8793.0
2026-06-29,2026-06-29 10:35:00,18.365,18.365,18.335,18.34,4058.0
2026-06-29,2026-06-29 10:40:00,18.345,18.37,18.33,18.37,7761.0
2026-06-29,2026-06-29 10:45:00,18.37,18.38,18.33,18.36,8058.0
2026-06-29,2026-06-29 10:50:00,18.345,18.37,18.33,18.345,4838.0
2026-06-29,2026-06-29 10:55:00,18.355,18.36,18.34,18.36,1478.0
2026-06-29,2026-06-29 11:00:00,18.36,18.38,18.335,18.34,5578.0
2026-06-29,2026-06-29 11:05:00,18.345,18.38,18.34,18.34,10800.0
2026-06-29,2026-06-29 11:10:00,18.33,18.36,18.32,18.36,3942.0
2026-06-29,2026-06-29 11:15:00,18.34,18.36,18.23,18.23,13986.0
2026-06-29,2026-06-29 11:20:00,18.255,18.27,18.13,18.13,6287.0
2026-06-29,2026-06-29 11:25:00,18.12,18.13,18.11,18.12,4545.0
2026-06-29,2026-06-29 11:30:00,18.13,18.15,18.125,18.145,2121.0
2026-06-29,2026-06-29 11:35:00,18.15,18.16,18.07,18.08,10988.0
2026-06-29,2026-06-29 11:40:00,18.07,18.1,18.04,18.04,8080.0
2026-06-29,2026-06-29 11:45:00,18.06,18.09,18.02,18.06,11041.0
2026-06-29,2026-06-29 11:50:00,18.04,18.06,18.04,18.04,1999.0
2026-06-29,2026-06-29 11:55:00,18.03,18.05,18.01,18.015,4461.0
2026-06-29,2026-06-29 12:00:00,18.02,18.06,18.0,18.055,7670.0
2026-06-29,2026-06-29 12:05:00,18.06,18.08,18.02,18.05,6532.0
2026-06-29,2026-06-29 12:10:00,18.05,18.075,18.03,18.06,7641.0
2026-06-29,2026-06-29 12:15:00,18.045,18.05,18.045,18.05,2007.0
2026-06-29,2026-06-29 12:20:00,18.05,18.11,18.03,18.07,11684.0
2026-06-29,2026-06-29 12:25:00,18.06,18.09,18.03,18.06,5609.0
2026-06-29,2026-06-29 12:30:00,18.02,18.02,17.99,17.99,5448.0
2026-06-29,2026-06-29 12:35:00,17.99,17.99,17.97,17.97,3346.0
2026-06-29,2026-06-29 12:40:00,17.98,18.07,17.96,18.06,16316.0
2026-06-29,2026-06-29 12:45:00,18.055,18.07,17.975,18.0,6948.0
2026-06-29,2026-06-29 12:50:00,18.0,18.04,17.995,18.04,2997.0
2026-06-29,2026-06-29 12:55:00,18.01,18.06,18.01,18.04,18387.0
2026-06-29,2026-06-29 13:00:00,18.04,18.09,18.03,18.09,12106.0
2026-06-29,2026-06-29 13:05:00,18.095,18.11,18.09,18.11,3991.0
2026-06-29,2026-06-29 13:10:00,18.1,18.15,18.1,18.15,8868.0
2026-06-29,2026-06-29 13:15:00,18.14,18.16,18.13,18.16,5284.0
2026-06-29,2026-06-29 13:20:00,18.16,18.17,18.14,18.14,4971.0
2026-06-29,2026-06-29 13:25:00,18.14,18.26,18.11,18.26,38409.0
2026-06-29,2026-06-29 13:30:00,18.26,18.29,18.255,18.26,4271.0
2026-06-29,2026-06-29 13:35:00,18.255,18.29,18.215,18.215,10675.0
2026-06-29,2026-06-29 13:40:00,18.215,18.22,18.18,18.205,9534.0
2026-06-29,2026-06-29 13:45:00,18.23,18.24,18.2015,18.24,2317.0
2026-06-29,2026-06-29 13:50:00,18.22,18.24,18.22,18.24,1061.0
2026-06-29,2026-06-29 13:55:00,18.24,18.29,18.2219,18.26,4639.0
2026-06-29,2026-06-29 14:00:00,18.26,18.27,18.235,18.24,4174.0
2026-06-29,2026-06-29 14:05:00,18.25,18.26,18.23,18.25,3374.0
2026-06-29,2026-06-29 14:10:00,18.26,18.26,18.26,18.26,1375.0
2026-06-29,2026-06-29 14:15:00,18.255,18.27,18.22,18.26,8443.0
2026-06-29,2026-06-29 14:20:00,18.255,18.28,18.245,18.26,7835.0
2026-06-29,2026-06-29 14:25:00,18.26,18.27,18.26,18.2699,2986.0
2026-06-29,2026-06-29 14:30:00,18.265,18.285,18.26,18.28,6144.0
2026-06-29,2026-06-29 14:35:00,18.28,18.33,18.28,18.305,9928.0
2026-06-29,2026-06-29 14:40:00,18.305,18.31,18.3,18.31,2080.0
2026-06-29,2026-06-29 14:45:00,18.31,18.32,18.3,18.32,2038.0
2026-06-29,2026-06-29 14:50:00,18.32,18.34,18.32,18.34,4778.0
2026-06-29,2026-06-29 14:55:00,18.335,18.35,18.33,18.34,3910.0
2026-06-29,2026-06-29 15:00:00,18.33,18.36,18.33,18.33,9699.0
2026-06-29,2026-06-29 15:05:00,18.33,18.34,18.29,18.29,5787.0
2026-06-29,2026-06-29 15:10:00,18.29,18.29,18.28,18.28,2659.0
2026-06-29,2026-06-29 15:15:00,18.3,18.32,18.3,18.32,3891.0
2026-06-29,2026-06-29 15:20:00,18.3164,18.35,18.315,18.35,4196.0
2026-06-29,2026-06-29 15:25:00,18.35,18.39,18.345,18.385,7896.0
2026-06-29,2026-06-29 15:30:00,18.385,18.42,18.385,18.42,8260.0
2026-06-29,2026-06-29 15:35:00,18.42,18.43,18.4,18.4,6095.0
2026-06-29,2026-06-29 15:40:00,18.4,18.41,18.39,18.395,5388.0
2026-06-29,2026-06-29 15:45:00,18.39,18.45,18.37,18.45,32736.0
2026-06-29,2026-06-29 15:50:00,18.44,18.47,18.43,18.45,16985.0
2026-06-29,2026-06-29 15:55:00,18.43,18.485,18.39,18.42,59820.0
2026-06-29,2026-06-29 16:00:00,18.41,18.46,18.37,18.41,246768.0
2026-06-30,2026-06-30 09:35:00,18.6,18.6,18.285,18.48,33337.0
2026-06-30,2026-06-30 09:40:00,18.475,18.51,18.29,18.3,10918.0
2026-06-30,2026-06-30 09:45:00,18.33,18.33,18.295,18.295,1582.0
2026-06-30,2026-06-30 09:50:00,18.31,18.31,18.235,18.28,12091.0
2026-06-30,2026-06-30 09:55:00,18.25,18.36,18.25,18.36,3850.0
2026-06-30,2026-06-30 10:00:00,18.365,18.41,18.365,18.405,1226.0
2026-06-30,2026-06-30 10:05:00,18.41,18.51,18.39,18.5,4491.0
2026-06-30,2026-06-30 10:10:00,18.505,18.66,18.505,18.65,10913.0
2026-06-30,2026-06-30 10:15:00,18.64,18.7,18.64,18.68,4318.0
2026-06-30,2026-06-30 10:20:00,18.7,18.78,18.665,18.71,19936.0
2026-06-30,2026-06-30 10:25:00,18.715,18.7275,18.69,18.715,5511.0
2026-06-30,2026-06-30 10:30:00,18.715,18.72,18.7,18.7,2492.0
2026-06-30,2026-06-30 10:35:00,18.69,18.7015,18.69,18.69,3045.0
2026-06-30,2026-06-30 10:40:00,18.71,18.76,18.695,18.72,6624.0
2026-06-30,2026-06-30 10:45:00,18.7,18.71,18.66,18.71,6293.0
2026-06-30,2026-06-30 10:50:00,18.75,18.75,18.71,18.71,3445.0
2026-06-30,2026-06-30 10:55:00,18.6915,18.74,18.6915,18.74,4067.0
2026-06-30,2026-06-30 11:00:00,18.74,18.775,18.74,18.765,3564.0
2026-06-30,2026-06-30 11:05:00,18.765,18.79,18.76,18.785,5615.0
2026-06-30,2026-06-30 11:10:00,18.78,18.8199,18.78,18.81,2298.0
2026-06-30,2026-06-30 11:15:00,18.8,18.8,18.77,18.79,5263.0
2026-06-30,2026-06-30 11:20:00,18.78,18.795,18.77,18.77,4826.0
2026-06-30,2026-06-30 11:25:00,18.79,18.81,18.78,18.81,4272.0
2026-06-30,2026-06-30 11:30:00,18.83,18.9,18.83,18.8801,6353.0
2026-06-30,2026-06-30 11:35:00,18.89,18.89,18.88,18.88,2340.0
2026-06-30,2026-06-30 11:40:00,18.885,18.885,18.84,18.87,5662.0
2026-06-30,2026-06-30 11:45:00,18.87,18.88,18.85,18.87,3624.0
2026-06-30,2026-06-30 11:50:00,18.8899,18.89,18.87,18.89,3895.0
2026-06-30,2026-06-30 11:55:00,18.875,18.88,18.8,18.8,7025.0
2026-06-30,2026-06-30 12:00:00,18.82,19.0,18.81,18.96,19361.0
2026-06-30,2026-06-30 12:05:00,18.96,18.985,18.93,18.93,5785.0
2026-06-30,2026-06-30 12:10:00,18.99,18.99,18.96,18.97,1084.0
2026-06-30,2026-06-30 12:15:00,19.0,19.01,18.99,18.99,9198.0
2026-06-30,2026-06-30 12:20:00,18.99,19.01,18.98,18.99,4047.0
2026-06-30,2026-06-30 12:25:00,18.99,18.99,18.97,18.985,3190.0
2026-06-30,2026-06-30 12:30:00,18.9875,19.0,18.97,18.975,8380.0
2026-06-30,2026-06-30 12:35:00,18.961,19.05,18.961,19.05,25121.0
2026-06-30,2026-06-30 12:40:00,19.06,19.08,19.05,19.05,4317.0
2026-06-30,2026-06-30 12:45:00,19.07,19.07,18.99,19.01,9161.0
2026-06-30,2026-06-30 12:50:00,18.99,19.05,18.99,19.05,3621.0
2026-06-30,2026-06-30 12:55:00,19.055,19.07,19.0,19.01,7882.0
2026-06-30,2026-06-30 13:00:00,19.01,19.01,19.01,19.01,1091.0
2026-06-30,2026-06-30 13:05:00,19.035,19.04,19.01,19.01,2059.0
2026-06-30,2026-06-30 13:10:00,19.01,19.01,18.95,18.96,7664.0
2026-06-30,2026-06-30 13:15:00,18.97,18.97,18.95,18.95,460.0
2026-06-30,2026-06-30 13:20:00,18.97,18.99,18.95,18.975,2494.0
2026-06-30,2026-06-30 13:25:00,18.97,19.01,18.97,19.0,3054.0
2026-06-30,2026-06-30 13:30:00,19.0,19.0,18.97,18.99,2671.0
2026-06-30,2026-06-30 13:35:00,18.99,18.99,18.96,18.96,2973.0
2026-06-30,2026-06-30 13:40:00,18.985,19.005,18.96,18.98,7155.0
2026-06-30,2026-06-30 13:45:00,18.9901,19.02,18.99,19.02,2669.0
2026-06-30,2026-06-30 13:50:00,19.015,19.025,18.99,19.0,2458.0
2026-06-30,2026-06-30 13:55:00,19.025,19.029,19.0,19.02,2358.0
2026-06-30,2026-06-30 14:00:00,19.02,19.1,19.01,19.04,15636.0
2026-06-30,2026-06-30 14:05:00,19.02,19.085,19.02,19.075,4682.0
2026-06-30,2026-06-30 14:10:00,19.08,19.145,19.08,19.12,7795.0
2026-06-30,2026-06-30 14:15:00,19.12,19.12,19.09,19.09,4688.0
2026-06-30,2026-06-30 14:20:00,19.09,19.11,19.07,19.09,5860.0
2026-06-30,2026-06-30 14:25:00,19.09,19.115,19.08,19.08,4908.0
2026-06-30,2026-06-30 14:30:00,19.08,19.09,19.05,19.05,5152.0
2026-06-30,2026-06-30 14:35:00,19.05,19.065,19.05,19.065,2690.0
2026-06-30,2026-06-30 14:40:00,19.08,19.08,19.05,19.0507,3858.0
2026-06-30,2026-06-30 14:45:00,19.05,19.05,19.04,19.04,2637.0
2026-06-30,2026-06-30 14:50:00,19.04,19.04,19.03,19.04,6039.0
2026-06-30,2026-06-30 14:55:00,19.05,19.05,19.0,19.0,6817.0
2026-06-30,2026-06-30 15:00:00,19.01,19.02,18.99,18.99,5271.0
2026-06-30,2026-06-30 15:05:00,18.975,18.975,18.925,18.925,6686.0
2026-06-30,2026-06-30 15:10:00,18.925,18.95,18.925,18.95,3217.0
2026-06-30,2026-06-30 15:15:00,18.95,18.95,18.92,18.925,11246.0
2026-06-30,2026-06-30 15:20:00,18.93,18.94,18.93,18.94,3045.0
2026-06-30,2026-06-30 15:25:00,18.94,18.99,18.94,18.98,12089.0
2026-06-30,2026-06-30 15:30:00,18.995,19.0,18.97,18.99,9152.0
2026-06-30,2026-06-30 15:35:00,19.0025,19.11,18.99,19.11,11143.0
2026-06-30,2026-06-30 15:40:00,19.095,19.1,19.08,19.099,13603.0
2026-06-30,2026-06-30 15:45:00,19.09,19.09,19.04,19.045,19623.0
2026-06-30,2026-06-30 15:50:00,19.05,19.085,19.04,19.08,19465.0
2026-06-30,2026-06-30 15:55:00,19.07,19.07,18.98,19.01,43510.0
2026-06-30,2026-06-30 16:00:00,19.01,19.06,18.99,19.0,176967.0
2026-07-01,2026-07-01 09:35:00,19.05,19.21,18.79,19.015,18370.0
2026-07-01,2026-07-01 09:40:00,19.02,19.23,19.02,19.23,13936.0
2026-07-01,2026-07-01 09:45:00,19.23,19.32,19.2,19.31,7487.0
2026-07-01,2026-07-01 09:50:00,19.3,19.45,19.28,19.44,8834.0
2026-07-01,2026-07-01 09:55:00,19.41,19.44,19.33,19.44,5048.0
2026-07-01,2026-07-01 10:00:00,19.425,19.425,19.35,19.42,4241.0
2026-07-01,2026-07-01 10:05:00,19.41,19.48,19.4,19.44,5423.0
2026-07-01,2026-07-01 10:10:00,19.415,19.48,19.41,19.42,6064.0
2026-07-01,2026-07-01 10:15:00,19.42,19.42,19.355,19.355,3500.0
2026-07-01,2026-07-01 10:20:00,19.37,19.435,19.355,19.435,8358.0
2026-07-01,2026-07-01 10:25:00,19.48,19.49,19.455,19.465,1638.0
2026-07-01,2026-07-01 10:30:00,19.48,19.48,19.41,19.41,2160.0
2026-07-01,2026-07-01 10:35:00,19.39,19.43,19.38,19.39,2909.0
2026-07-01,2026-07-01 10:40:00,19.39,19.48,19.39,19.45,6606.0
2026-07-01,2026-07-01 10:45:00,19.425,19.425,19.32,19.33,4866.0
2026-07-01,2026-07-01 10:50:00,19.33,19.33,19.3,19.3202,3634.0
2026-07-01,2026-07-01 10:55:00,19.35,19.37,19.34,19.37,1655.0
2026-07-01,2026-07-01 11:00:00,19.38,19.4,19.37,19.38,2000.0
2026-07-01,2026-07-01 11:05:00,19.37,19.41,19.37,19.395,2583.0
2026-07-01,2026-07-01 11:10:00,19.395,19.42,19.34,19.37,13999.0
2026-07-01,2026-07-01 11:15:00,19.39,19.45,19.39,19.45,3181.0
2026-07-01,2026-07-01 11:20:00,19.46,19.48,19.42,19.42,3862.0
2026-07-01,2026-07-01 11:25:00,19.435,19.4688,19.435,19.46,1858.0
2026-07-01,2026-07-01 11:30:00,19.42,19.46,19.42,19.44,3931.0
2026-07-01,2026-07-01 11:35:00,19.45,19.52,19.44,19.49,6422.0
2026-07-01,2026-07-01 11:40:00,19.47,19.505,19.47,19.495,1569.0
2026-07-01,2026-07-01 11:45:00,19.5,19.52,19.49,19.52,4887.0
2026-07-01,2026-07-01 11:50:00,19.495,19.5,19.46,19.465,2191.0
2026-07-01,2026-07-01 11:55:00,19.44,19.53,19.44,19.495,4588.0
2026-07-01,2026-07-01 12:00:00,19.49,19.54,19.49,19.5,1967.0
2026-07-01,2026-07-01 12:05:00,19.53,19.53,19.515,19.515,1659.0
2026-07-01,2026-07-01 12:10:00,19.5,19.52,19.5,19.52,861.0
2026-07-01,2026-07-01 12:15:00,19.5,19.515,19.49,19.51,2513.0
2026-07-01,2026-07-01 12:20:00,19.525,19.55,19.52,19.54,4268.0
2026-07-01,2026-07-01 12:25:00,19.545,19.58,19.535,19.57,3847.0
2026-07-01,2026-07-01 12:30:00,19.57,19.585,19.565,19.58,1487.0
2026-07-01,2026-07-01 12:35:00,19.575,19.58,19.55,19.55,6224.0
2026-07-01,2026-07-01 12:40:00,19.55,19.55,19.5,19.5,4450.0
2026-07-01,2026-07-01 12:45:00,19.515,19.515,19.49,19.495,1957.0
2026-07-01,2026-07-01 12:50:00,19.49,19.5294,19.49,19.49,7920.0
2026-07-01,2026-07-01 12:55:00,19.5,19.51,19.49,19.51,3880.0
2026-07-01,2026-07-01 13:00:00,19.515,19.53,19.5,19.5,2666.0
2026-07-01,2026-07-01 13:05:00,19.515,19.61,19.515,19.53,32100.0
2026-07-01,2026-07-01 13:10:00,19.525,19.525,19.49,19.5,3505.0
2026-07-01,2026-07-01 13:15:00,19.49,19.505,19.48,19.49,13402.0
2026-07-01,2026-07-01 13:20:00,19.5,19.5,19.48,19.49,10985.0
2026-07-01,2026-07-01 13:25:00,19.48,19.48,19.45,19.455,4441.0
2026-07-01,2026-07-01 13:30:00,19.455,19.455,19.42,19.425,4155.0
2026-07-01,2026-07-01 13:35:00,19.42,19.43,19.38,19.425,10914.0
2026-07-01,2026-07-01 13:40:00,19.43,19.435,19.33,19.34,14309.0
2026-07-01,2026-07-01 13:45:00,19.34,19.35,19.34,19.35,3306.0
2026-07-01,2026-07-01 13:50:00,19.34,19.34,19.29,19.29,10868.0
2026-07-01,2026-07-01 13:55:00,19.28,19.32,19.26,19.26,4213.0
2026-07-01,2026-07-01 14:00:00,19.26,19.36,19.26,19.33,18060.0
2026-07-01,2026-07-01 14:05:00,19.35,19.38,19.35,19.37,4313.0
2026-07-01,2026-07-01 14:10:00,19.385,19.42,19.37,19.39,7680.0
2026-07-01,2026-07-01 14:15:00,19.4,19.42,19.4,19.4,3155.0
2026-07-01,2026-07-01 14:20:00,19.4,19.43,19.39,19.42,6302.0
2026-07-01,2026-07-01 14:25:00,19.41,19.435,19.41,19.425,5056.0
2026-07-01,2026-07-01 14:30:00,19.42,19.42,19.34,19.34,18190.0
2026-07-01,2026-07-01 14:35:00,19.34,19.355,19.29,19.31,8834.0
2026-07-01,2026-07-01 14:40:00,19.32,19.32,19.3,19.3,2158.0
2026-07-01,2026-07-01 14:45:00,19.315,19.315,19.27,19.28,4270.0
2026-07-01,2026-07-01 14:50:00,19.28,19.28,19.25,19.255,7126.0
2026-07-01,2026-07-01 14:55:00,19.26,19.28,19.21,19.21,6468.0
2026-07-01,2026-07-01 15:00:00,19.2,19.2,19.13,19.13,6638.0
2026-07-01,2026-07-01 15:05:00,19.12,19.14,19.12,19.14,3074.0
2026-07-01,2026-07-01 15:10:00,19.14,19.175,19.14,19.16,4855.0
2026-07-01,2026-07-01 15:15:00,19.15,19.17,19.15,19.17,2748.0
2026-07-01,2026-07-01 15:20:00,19.16,19.215,19.16,19.2,5650.0
2026-07-01,2026-07-01 15:25:00,19.21,19.215,19.2,19.215,2689.0
2026-07-01,2026-07-01 15:30:00,19.215,19.22,19.2,19.205,9966.0
2026-07-01,2026-07-01 15:35:00,19.22,19.27,19.22,19.27,6703.0
2026-07-01,2026-07-01 15:40:00,19.26,19.26,19.23,19.23,11695.0
2026-07-01,2026-07-01 15:45:00,19.24,19.27,19.24,19.26,8237.0
2026-07-01,2026-07-01 15:50:00,19.27,19.29,19.2699,19.2826,10644.0
2026-07-01,2026-07-01 15:55:00,19.28,19.28,19.2,19.2,36013.0
2026-07-01,2026-07-01 16:00:00,19.2,19.24,19.15,19.15,166192.0
2026-07-02,2026-07-02 09:35:00,19.21,19.41,19.21,19.41,5444.0
2026-07-02,2026-07-02 09:40:00,19.42,19.42,19.26,19.31,3721.0
2026-07-02,2026-07-02 09:45:00,19.28,19.395,19.28,19.38,1544.0
2026-07-02,2026-07-02 09:50:00,19.35,19.35,19.325,19.325,832.0
2026-07-02,2026-07-02 09:55:00,19.345,19.345,19.28,19.28,2245.0
2026-07-02,2026-07-02 10:00:00,19.293,19.44,19.29,19.44,12593.0
2026-07-02,2026-07-02 10:05:00,19.42,19.42,19.31,19.31,3110.0
2026-07-02,2026-07-02 10:10:00,19.33,19.365,19.33,19.34,1563.0
2026-07-02,2026-07-02 10:15:00,19.345,19.36,19.29,19.29,2288.0
2026-07-02,2026-07-02 10:20:00,19.25,19.275,19.22,19.23,1510.0
2026-07-02,2026-07-02 10:25:00,19.2249,19.2249,19.19,19.21,1880.0
2026-07-02,2026-07-02 10:30:00,19.18,19.205,19.13,19.13,1115.0
2026-07-02,2026-07-02 10:35:00,19.17,19.2,19.13,19.13,3778.0
2026-07-02,2026-07-02 10:40:00,19.11,19.115,19.04,19.07,7771.0
2026-07-02,2026-07-02 10:45:00,19.07,19.1,19.01,19.09,5661.0
2026-07-02,2026-07-02 10:50:00,19.07,19.08,19.06,19.08,1720.0
2026-07-02,2026-07-02 10:55:00,19.04,19.08,19.04,19.07,4232.0
2026-07-02,2026-07-02 11:00:00,19.07,19.18,19.07,19.17,18361.0
2026-07-02,2026-07-02 11:05:00,19.1605,19.19,19.15,19.15,3368.0
2026-07-02,2026-07-02 11:10:00,19.12,19.12,19.05,19.09,5668.0
2026-07-02,2026-07-02 11:15:00,19.1,19.1,19.06,19.06,3404.0
2026-07-02,2026-07-02 11:20:00,19.07,19.07,19.03,19.03,4441.0
2026-07-02,2026-07-02 11:25:00,19.04,19.09,19.04,19.08,2505.0
2026-07-02,2026-07-02 11:30:00,19.08,19.08,19.05,19.05,1767.0
2026-07-02,2026-07-02 11:35:00,19.03,19.03,19.01,19.01,2366.0
2026-07-02,2026-07-02 11:40:00,19.03,19.03,19.01,19.03,3502.0
2026-07-02,2026-07-02 11:45:00,19.03,19.05,19.015,19.015,3453.0
2026-07-02,2026-07-02 11:50:00,19.015,19.035,19.0,19.035,4041.0
2026-07-02,2026-07-02 11:55:00,19.035,19.035,19.01,19.01,2318.0
2026-07-02,2026-07-02 12:00:00,19.0,19.06,19.0,19.02,8966.0
2026-07-02,2026-07-02 12:05:00,19.03,19.04,19.02,19.04,2085.0
2026-07-02,2026-07-02 12:10:00,19.04,19.04,19.03,19.03,2348.0
2026-07-02,2026-07-02 12:15:00,19.03,19.065,19.03,19.065,6007.0
2026-07-02,2026-07-02 12:20:00,19.08,19.08,19.04,19.055,5854.0
2026-07-02,2026-07-02 12:25:00,19.06,19.06,19.01,19.025,3551.0
2026-07-02,2026-07-02 12:30:00,19.02,19.02,18.98,19.0,1820.0
2026-07-02,2026-07-02 12:35:00,19.0,19.0,18.98,18.98,1625.0
2026-07-02,2026-07-02 12:40:00,18.99,19.0,18.93,18.95,5216.0
2026-07-02,2026-07-02 12:45:00,18.96,18.97,18.95,18.965,1891.0
2026-07-02,2026-07-02 12:50:00,18.98,18.98,18.98,18.98,1839.0
2026-07-02,2026-07-02 12:55:00,18.9899,18.9899,18.97,18.97,3570.0
2026-07-02,2026-07-02 13:00:00,18.96,18.96,18.945,18.945,712.0
2026-07-02,2026-07-02 13:05:00,18.945,18.945,18.945,18.945,783.0
2026-07-02,2026-07-02 13:10:00,18.91,18.91,18.905,18.905,428.0
2026-07-02,2026-07-02 13:15:00,18.905,18.91,18.905,18.91,548.0
2026-07-02,2026-07-02 13:20:00,18.92,18.925,18.9,18.925,1070.0
2026-07-02,2026-07-02 13:25:00,18.9,18.945,18.89,18.89,5800.0
2026-07-02,2026-07-02 13:30:00,18.91,18.93,18.91,18.915,1438.0
2026-07-02,2026-07-02 13:35:00,18.915,18.94,18.91,18.93,5051.0
2026-07-02,2026-07-02 13:40:00,18.92,18.9225,18.89,18.89,1795.0
2026-07-02,2026-07-02 13:45:00,18.89,18.92,18.89,18.92,1384.0
2026-07-02,2026-07-02 13:50:00,18.895,18.91,18.895,18.9,1002.0
2026-07-02,2026-07-02 13:55:00,18.895,18.91,18.895,18.9,1257.0
2026-07-02,2026-07-02 14:00:00,18.9,18.905,18.9,18.905,1672.0
2026-07-02,2026-07-02 14:05:00,18.91,18.94,18.91,18.94,2202.0
2026-07-02,2026-07-02 14:10:00,18.93,18.99,18.93,18.97,8162.0
2026-07-02,2026-07-02 14:15:00,19.0,19.01,18.99,18.99,2866.0
2026-07-02,2026-07-02 14:20:00,18.95,18.95,18.95,18.95,899.0
2026-07-02,2026-07-02 14:25:00,18.97,18.98,18.97,18.98,610.0
2026-07-02,2026-07-02 14:30:00,18.98,18.99,18.98,18.99,694.0
2026-07-02,2026-07-02 14:35:00,19.0,19.0,18.99,18.99,1021.0
2026-07-02,2026-07-02 14:40:00,18.995,19.01,18.995,19.01,1182.0
2026-07-02,2026-07-02 14:45:00,19.0,19.02,19.0,19.02,1711.0
2026-07-02,2026-07-02 14:50:00,19.01,19.04,18.985,19.035,8460.0
2026-07-02,2026-07-02 14:55:00,19.035,19.035,19.02,19.03,1202.0
2026-07-02,2026-07-02 15:00:00,19.01,19.03,19.0,19.03,2843.0
2026-07-02,2026-07-02 15:05:00,19.025,19.025,19.0,19.0,1438.0
2026-07-02,2026-07-02 15:10:00,18.98,19.01,18.98,19.0,1816.0
2026-07-02,2026-07-02 15:15:00,19.0,19.02,19.0,19.02,2476.0
2026-07-02,2026-07-02 15:20:00,19.024,19.04,19.01,19.03,2087.0
2026-07-02,2026-07-02 15:25:00,19.01,19.02,18.99,18.99,5142.0
2026-07-02,2026-07-02 15:30:00,19.0,19.02,19.0,19.02,1304.0
2026-07-02,2026-07-02 15:35:00,19.02,19.02,19.0,19.005,4175.0
2026-07-02,2026-07-02 15:40:00,19.005,19.005,18.99,19.0,2447.0
2026-07-02,2026-07-02 15:45:00,18.99,19.03,18.99,19.015,9794.0
2026-07-02,2026-07-02 15:50:00,19.03,19.04,19.03,19.035,3973.0
2026-07-02,2026-07-02 15:55:00,19.05,19.075,19.05,19.07,12935.0
2026-07-02,2026-07-02 16:00:00,19.07,19.14,19.07,19.12,113245.0
2026-07-06,2026-07-06 09:35:00,18.98,19.24,18.725,18.79,5654.0
2026-07-06,2026-07-06 09:40:00,18.93,18.93,18.755,18.8,3093.0
2026-07-06,2026-07-06 09:45:00,18.85,18.875,18.8,18.845,4213.0
2026-07-06,2026-07-06 09:50:00,18.83,18.83,18.71,18.83,743.0
2026-07-06,2026-07-06 09:55:00,18.83,18.83,18.7002,18.78,8235.0
2026-07-06,2026-07-06 10:00:00,18.71,18.76,18.7,18.735,9905.0
2026-07-06,2026-07-06 10:05:00,18.72,18.76,18.675,18.73,3167.0
2026-07-06,2026-07-06 10:10:00,18.7,18.72,18.64,18.71,14037.0
2026-07-06,2026-07-06 10:15:00,18.69,18.74,18.68,18.71,8586.0
2026-07-06,2026-07-06 10:20:00,18.69,18.69,18.64,18.66,3364.0
2026-07-06,2026-07-06 10:25:00,18.66,18.68,18.64,18.655,5287.0
2026-07-06,2026-07-06 10:30:00,18.67,18.69,18.67,18.68,1842.0
2026-07-06,2026-07-06 10:35:00,18.67,18.705,18.65,18.65,4308.0
2026-07-06,2026-07-06 10:40:00,18.66,18.68,18.635,18.64,4407.0
2026-07-06,2026-07-06 10:45:00,18.65,18.69,18.65,18.69,3209.0
2026-07-06,2026-07-06 10:50:00,18.68,18.7,18.66,18.69,4128.0
2026-07-06,2026-07-06 10:55:00,18.69,18.7,18.67,18.68,4699.0
2026-07-06,2026-07-06 11:00:00,18.67,18.72,18.66,18.71,8408.0
2026-07-06,2026-07-06 11:05:00,18.735,18.735,18.7,18.715,3817.0
2026-07-06,2026-07-06 11:10:00,18.72,18.8,18.72,18.79,2643.0
2026-07-06,2026-07-06 11:15:00,18.8,18.8,18.73,18.74,8562.0
2026-07-06,2026-07-06 11:20:00,18.73,18.73,18.69,18.7,1963.0
2026-07-06,2026-07-06 11:25:00,18.7,18.73,18.66,18.66,11729.0
2026-07-06,2026-07-06 11:30:00,18.66,18.67,18.57,18.57,34859.0
2026-07-06,2026-07-06 11:35:00,18.59,18.77,18.57,18.71,44888.0
2026-07-06,2026-07-06 11:40:00,18.72,18.72,18.66,18.72,14396.0
2026-07-06,2026-07-06 11:45:00,18.73,18.76,18.72,18.74,7692.0
2026-07-06,2026-07-06 11:50:00,18.74,18.77,18.725,18.755,9602.0
2026-07-06,2026-07-06 11:55:00,18.76,18.86,18.75,18.86,12359.0
2026-07-06,2026-07-06 12:00:00,18.88,18.96,18.87,18.95,12295.0
2026-07-06,2026-07-06 12:05:00,18.96,19.01,18.96,19.01,6333.0
2026-07-06,2026-07-06 12:10:00,19.01,19.02,19.0,19.0,1790.0
2026-07-06,2026-07-06 12:15:00,18.99,18.99,18.955,18.965,2921.0
2026-07-06,2026-07-06 12:20:00,18.97,18.97,18.95,18.955,1697.0
2026-07-06,2026-07-06 12:25:00,18.945,18.97,18.945,18.96,2773.0
2026-07-06,2026-07-06 12:30:00,18.96,18.97,18.93,18.94,2057.0
2026-07-06,2026-07-06 12:35:00,18.93,18.96,18.93,18.96,2420.0
2026-07-06,2026-07-06 12:40:00,18.96,18.98,18.95,18.98,3866.0
2026-07-06,2026-07-06 12:45:00,18.9802,19.03,18.98,19.02,10685.0
2026-07-06,2026-07-06 12:50:00,19.01,19.02,19.0,19.0,2722.0
2026-07-06,2026-07-06 12:55:00,19.01,19.015,18.992,19.0,6638.0
2026-07-06,2026-07-06 13:00:00,19.0,19.0,18.995,18.995,950.0
2026-07-06,2026-07-06 13:05:00,18.99,19.005,18.99,19.0,5618.0
2026-07-06,2026-07-06 13:10:00,19.0,19.0181,19.0,19.01,4431.0
2026-07-06,2026-07-06 13:15:00,19.01,19.01,19.0,19.0,3224.0
2026-07-06,2026-07-06 13:20:00,19.0,19.005,18.975,19.0,7252.0
2026-07-06,2026-07-06 13:25:00,18.99,18.99,18.98,18.99,1333.0
2026-07-06,2026-07-06 13:30:00,18.99,19.02,18.99,19.02,4035.0
2026-07-06,2026-07-06 13:35:00,19.02,19.04,19.02,19.03,3103.0
2026-07-06,2026-07-06 13:40:00,19.03,19.04,19.02,19.02,2323.0
2026-07-06,2026-07-06 13:45:00,19.01,19.03,19.01,19.0104,1907.0
2026-07-06,2026-07-06 13:50:00,19.01,19.035,19.01,19.03,2918.0
2026-07-06,2026-07-06 13:55:00,19.035,19.035,19.02,19.02,1266.0
2026-07-06,2026-07-06 14:00:00,19.023,19.025,19.01,19.01,2178.0
2026-07-06,2026-07-06 14:05:00,19.02,19.04,19.02,19.04,2224.0
2026-07-06,2026-07-06 14:10:00,19.045,19.0492,19.04,19.045,1980.0
2026-07-06,2026-07-06 14:15:00,19.04,19.05,19.04,19.04,1219.0
2026-07-06,2026-07-06 14:20:00,19.04,19.04,19.04,19.04,1251.0
2026-07-06,2026-07-06 14:25:00,19.04,19.05,19.03,19.035,1179.0
2026-07-06,2026-07-06 14:30:00,19.035,19.035,19.03,19.03,2017.0
2026-07-06,2026-07-06 14:35:00,19.03,19.05,19.02,19.05,3159.0
2026-07-06,2026-07-06 14:40:00,19.06,19.07,19.03,19.03,2946.0
2026-07-06,2026-07-06 14:45:00,19.03,19.03,19.02,19.02,965.0
2026-07-06,2026-07-06 14:50:00,19.01,19.1,19.01,19.08,6740.0
2026-07-06,2026-07-06 14:55:00,19.08,19.08,19.075,19.075,1598.0
2026-07-06,2026-07-06 15:00:00,19.06,19.08,19.06,19.08,1149.0
2026-07-06,2026-07-06 15:05:00,19.06,19.07,19.06,19.07,1280.0
2026-07-06,2026-07-06 15:10:00,19.06,19.06,19.04,19.04,1161.0
2026-07-06,2026-07-06 15:15:00,19.04,19.05,19.03,19.05,1996.0
2026-07-06,2026-07-06 15:20:00,19.04,19.06,19.04,19.05,2237.0
2026-07-06,2026-07-06 15:25:00,19.05,19.07,19.05,19.05,4084.0
2026-07-06,2026-07-06 15:30:00,19.05,19.0591,19.05,19.05,1709.0
2026-07-06,2026-07-06 15:35:00,19.055,19.06,19.05,19.05,3287.0
2026-07-06,2026-07-06 15:40:00,19.05,19.05,19.02,19.03,6205.0
2026-07-06,2026-07-06 15:45:00,19.03,19.04,19.01,19.04,6502.0
2026-07-06,2026-07-06 15:50:00,19.04,19.04,19.03,19.03,3786.0
2026-07-06,2026-07-06 15:55:00,19.02,19.05,19.02,19.025,9174.0
2026-07-06,2026-07-06 16:00:00,19.02,19.09,19.02,19.08,98315.0
2026-07-07,2026-07-07 09:35:00,19.19,19.44,19.19,19.31,20794.0
2026-07-07,2026-07-07 09:40:00,19.29,19.29,19.235,19.27,3269.0
2026-07-07,2026-07-07 09:45:00,19.22,19.22,19.17,19.2,1290.0
2026-07-07,2026-07-07 09:50:00,19.205,19.205,19.17,19.19,1266.0
2026-07-07,2026-07-07 09:55:00,19.18,19.18,19.1,19.115,2093.0
2026-07-07,2026-07-07 10:00:00,19.105,19.165,19.105,19.165,1593.0
2026-07-07,2026-07-07 10:05:00,19.16,19.16,19.14,19.14,811.0
2026-07-07,2026-07-07 10:10:00,19.11,19.14,19.08,19.12,27100.0
2026-07-07,2026-07-07 10:15:00,19.08,19.13,19.025,19.045,6580.0
2026-07-07,2026-07-07 10:20:00,19.03,19.03,18.97,19.005,1749.0
2026-07-07,2026-07-07 10:25:00,19.01,19.01,18.935,18.935,2752.0
2026-07-07,2026-07-07 10:30:00,18.91,18.945,18.87,18.925,8566.0
2026-07-07,2026-07-07 10:35:00,18.925,18.95,18.895,18.95,9702.0
2026-07-07,2026-07-07 10:40:00,18.91,18.92,18.89,18.915,2491.0
2026-07-07,2026-07-07 10:45:00,18.91,18.96,18.89,18.96,14244.0
2026-07-07,2026-07-07 10:50:00,18.98,18.99,18.96,18.97,3108.0
2026-07-07,2026-07-07 10:55:00,18.98,19.04,18.98,19.025,80823.0
2026-07-07,2026-07-07 11:00:00,19.04,19.105,19.03,19.09,10157.0
2026-07-07,2026-07-07 11:05:00,19.08,19.125,19.03,19.03,7370.0
2026-07-07,2026-07-07 11:10:00,19.035,19.075,19.0,19.075,3598.0
2026-07-07,2026-07-07 11:15:00,19.07,19.08,18.965,18.965,4061.0
2026-07-07,2026-07-07 11:20:00,18.965,19.0,18.93,18.97,3496.0
2026-07-07,2026-07-07 11:25:00,18.97,19.01,18.9,18.905,12628.0
2026-07-07,2026-07-07 11:30:00,18.925,19.06,18.925,19.06,7814.0
2026-07-07,2026-07-07 11:35:00,19.06,19.08,19.0301,19.08,3879.0
2026-07-07,2026-07-07 11:40:00,19.065,19.08,19.06,19.06,2211.0
2026-07-07,2026-07-07 11:45:00,19.08,19.1,19.06,19.08,7345.0
2026-07-07,2026-07-07 11:50:00,19.075,19.075,19.05,19.075,2308.0
2026-07-07,2026-07-07 11:55:00,19.045,19.07,19.045,19.045,1908.0
2026-07-07,2026-07-07 12:00:00,19.03,19.035,19.025,19.025,3128.0
2026-07-07,2026-07-07 12:05:00,19.03,19.06,19.025,19.06,1980.0
2026-07-07,2026-07-07 12:10:00,19.065,19.07,19.065,19.07,790.0
2026-07-07,2026-07-07 12:15:00,19.07,19.09,19.07,19.09,3016.0
2026-07-07,2026-07-07 12:20:00,19.0895,19.13,19.088,19.11,6054.0
2026-07-07,2026-07-07 12:25:00,19.13,19.14,19.11,19.12,3115.0
2026-07-07,2026-07-07 12:30:00,19.12,19.125,19.12,19.125,1834.0
2026-07-07,2026-07-07 12:35:00,19.14,19.18,19.14,19.18,6210.0
2026-07-07,2026-07-07 12:40:00,19.2,19.21,19.2,19.21,1748.0
2026-07-07,2026-07-07 12:45:00,19.21,19.22,19.2,19.2,5549.0
2026-07-07,2026-07-07 12:50:00,19.21,19.22,19.205,19.22,2328.0
2026-07-07,2026-07-07 12:55:00,19.215,19.215,19.16,19.165,9866.0
2026-07-07,2026-07-07 13:00:00,19.15,19.21,19.15,19.21,2131.0
2026-07-07,2026-07-07 13:05:00,19.22,19.34,19.215,19.31,13106.0
2026-07-07,2026-07-07 13:10:00,19.31,19.35,19.31,19.32,4468.0
2026-07-07,2026-07-07 13:15:00,19.3,19.31,19.28,19.3,1876.0
2026-07-07,2026-07-07 13:20:00,19.28,19.29,19.275,19.29,2859.0
2026-07-07,2026-07-07 13:25:00,19.29,19.29,19.27,19.28,5486.0
2026-07-07,2026-07-07 13:30:00,19.28,19.295,19.28,19.295,2736.0
2026-07-07,2026-07-07 13:35:00,19.29,19.3,19.27,19.3,1655.0
2026-07-07,2026-07-07 13:40:00,19.3,19.335,19.3,19.335,4410.0
2026-07-07,2026-07-07 13:45:00,19.335,19.36,19.33,19.33,3344.0
2026-07-07,2026-07-07 13:50:00,19.35,19.35,19.335,19.345,1662.0
2026-07-07,2026-07-07 13:55:00,19.355,19.355,19.33,19.335,3089.0
2026-07-07,2026-07-07 14:00:00,19.335,19.345,19.33,19.33,3322.0
2026-07-07,2026-07-07 14:05:00,19.34,19.34,19.325,19.33,2387.0
2026-07-07,2026-07-07 14:10:00,19.325,19.33,19.31,19.33,1049.0
2026-07-07,2026-07-07 14:15:00,19.325,19.34,19.325,19.34,2739.0
2026-07-07,2026-07-07 14:20:00,19.34,19.34,19.34,19.34,2000.0
2026-07-07,2026-07-07 14:25:00,19.335,19.36,19.33,19.34,6112.0
2026-07-07,2026-07-07 14:30:00,19.32,19.35,19.32,19.345,2408.0
2026-07-07,2026-07-07 14:35:00,19.3425,19.35,19.32,19.32,4005.0
2026-07-07,2026-07-07 14:40:00,19.34,19.345,19.32,19.345,1644.0
2026-07-07,2026-07-07 14:45:00,19.345,19.35,19.315,19.335,3191.0
2026-07-07,2026-07-07 14:50:00,19.32,19.335,19.305,19.31,4374.0
2026-07-07,2026-07-07 14:55:00,19.28,19.28,19.28,19.28,1240.0
2026-07-07,2026-07-07 15:00:00,19.28,19.31,19.28,19.29,1898.0
2026-07-07,2026-07-07 15:05:00,19.28,19.39,19.28,19.345,13981.0
2026-07-07,2026-07-07 15:10:00,19.365,19.385,19.275,19.29,10100.0
2026-07-07,2026-07-07 15:15:00,19.295,19.295,19.28,19.28,2961.0
2026-07-07,2026-07-07 15:20:00,19.28,19.31,19.24,19.305,9181.0
2026-07-07,2026-07-07 15:25:00,19.305,19.31,19.29,19.2905,13361.0
2026-07-07,2026-07-07 15:30:00,19.295,19.31,19.285,19.3,6855.0
2026-07-07,2026-07-07 15:35:00,19.31,19.34,19.31,19.34,5219.0
2026-07-07,2026-07-07 15:40:00,19.33,19.35,19.33,19.335,3975.0
2026-07-07,2026-07-07 15:45:00,19.32,19.35,19.265,19.345,13390.0
2026-07-07,2026-07-07 15:50:00,19.345,19.345,19.31,19.325,3611.0
2026-07-07,2026-07-07 15:55:00,19.34,19.36,19.32,19.335,21535.0
2026-07-07,2026-07-07 16:00:00,19.34,19.38,19.33,19.35,100937.0
2026-07-08,2026-07-08 09:35:00,19.4,19.7,19.37,19.7,9497.0
2026-07-08,2026-07-08 09:40:00,19.74,19.76,19.58,19.655,6505.0
2026-07-08,2026-07-08 09:45:00,19.655,19.7116,19.6,19.7116,1952.0
2026-07-08,2026-07-08 09:50:00,19.59,19.78,19.5683,19.72,3932.0
2026-07-08,2026-07-08 09:55:00,19.725,19.77,19.69,19.73,1720.0
2026-07-08,2026-07-08 10:00:00,19.73,19.76,19.6,19.63,6164.0
2026-07-08,2026-07-08 10:05:00,19.64,19.64,19.52,19.55,2247.0
2026-07-08,2026-07-08 10:10:00,19.51,19.595,19.51,19.5275,2752.0
2026-07-08,2026-07-08 10:15:00,19.48,19.48,19.36,19.36,1540.0
2026-07-08,2026-07-08 10:20:00,19.38,19.39,19.35,19.36,4161.0
2026-07-08,2026-07-08 10:25:00,19.385,19.385,19.32,19.345,12673.0
2026-07-08,2026-07-08 10:30:00,19.345,19.41,19.28,19.3,20271.0
2026-07-08,2026-07-08 10:35:00,19.29,19.31,19.29,19.29,2425.0
2026-07-08,2026-07-08 10:40:00,19.31,19.42,19.29,19.31,25209.0
2026-07-08,2026-07-08 10:45:00,19.3,19.32,19.27,19.29,4304.0
2026-07-08,2026-07-08 10:50:00,19.29,19.29,19.15,19.205,18881.0
2026-07-08,2026-07-08 10:55:00,19.2,19.25,19.17,19.17,8636.0
2026-07-08,2026-07-08 11:00:00,19.19,19.25,19.17,19.18,50938.0
2026-07-08,2026-07-08 11:05:00,19.2,19.23,19.2,19.22,8057.0
2026-07-08,2026-07-08 11:10:00,19.21,19.31,19.2,19.24,38852.0
2026-07-08,2026-07-08 11:15:00,19.27,19.3,19.16,19.16,375530.0
2026-07-08,2026-07-08 11:20:00,19.16,19.16,19.09,19.15,11754.0
2026-07-08,2026-07-08 11:25:00,19.17,19.2,19.13,19.145,2842.0
2026-07-08,2026-07-08 11:30:00,19.145,19.145,19.11,19.11,2911.0
2026-07-08,2026-07-08 11:35:00,19.1,19.17,19.1,19.17,4794.0
2026-07-08,2026-07-08 11:40:00,19.17,19.2099,19.17,19.2,6685.0
2026-07-08,2026-07-08 11:45:00,19.13,19.17,19.12,19.135,13795.0
2026-07-08,2026-07-08 11:50:00,19.135,19.16,19.06,19.09,17525.0
2026-07-08,2026-07-08 11:55:00,19.06,19.06,18.952,18.99,19723.0
2026-07-08,2026-07-08 12:00:00,19.01,19.01,18.97,18.97,1724.0
2026-07-08,2026-07-08 12:05:00,18.975,19.03,18.975,19.03,2377.0
2026-07-08,2026-07-08 12:10:00,19.04,19.19,19.03,19.12,15059.0
2026-07-08,2026-07-08 12:15:00,19.14,19.18,19.125,19.125,2105.0
2026-07-08,2026-07-08 12:20:00,19.17,19.185,19.155,19.155,2244.0
2026-07-08,2026-07-08 12:25:00,19.18,19.18,19.15,19.165,6491.0
2026-07-08,2026-07-08 12:30:00,19.15,19.15,19.13,19.14,5852.0
2026-07-08,2026-07-08 12:35:00,19.14,19.18,19.14,19.15,6691.0
2026-07-08,2026-07-08 12:40:00,19.15,19.18,19.14,19.18,3592.0
2026-07-08,2026-07-08 12:45:00,19.21,19.32,19.2,19.31,172325.0
2026-07-08,2026-07-08 12:50:00,19.35,19.37,19.35,19.37,2370.0
2026-07-08,2026-07-08 12:55:00,19.36,19.38,19.35,19.37,3304.0
2026-07-08,2026-07-08 13:00:00,19.37,19.4,19.37,19.4,3781.0
2026-07-08,2026-07-08 13:05:00,19.41,19.43,19.41,19.42,1965.0
2026-07-08,2026-07-08 13:10:00,19.42,19.45,19.39,19.4,6978.0
2026-07-08,2026-07-08 13:15:00,19.39,19.39,19.32,19.32,3497.0
2026-07-08,2026-07-08 13:20:00,19.3,19.31,19.285,19.295,6039.0
2026-07-08,2026-07-08 13:25:00,19.3,19.31,19.3,19.3,2327.0
2026-07-08,2026-07-08 13:30:00,19.295,19.37,19.295,19.3,20841.0
2026-07-08,2026-07-08 13:35:00,19.31,19.3266,19.31,19.3266,1267.0
2026-07-08,2026-07-08 13:40:00,19.3,19.32,19.285,19.32,3046.0
2026-07-08,2026-07-08 13:45:00,19.32,19.37,19.32,19.37,4069.0
2026-07-08,2026-07-08 13:50:00,19.34,19.37,19.34,19.37,3304.0
2026-07-08,2026-07-08 13:55:00,19.4,19.41,19.4,19.4,1944.0
2026-07-08,2026-07-08 14:00:00,19.4,19.4,19.4,19.4,640.0
2026-07-08,2026-07-08 14:05:00,19.38,19.45,19.37,19.45,11747.0
2026-07-08,2026-07-08 14:10:00,19.45,19.48,19.43,19.48,3644.0
2026-07-08,2026-07-08 14:15:00,19.48,19.48,19.45,19.45,874.0
2026-07-08,2026-07-08 14:20:00,19.45,19.45,19.43,19.445,2494.0
2026-07-08,2026-07-08 14:25:00,19.445,19.53,19.445,19.5,5666.0
2026-07-08,2026-07-08 14:30:00,19.485,19.495,19.485,19.495,3263.0
2026-07-08,2026-07-08 14:35:00,19.495,19.5,19.48,19.49,4673.0
2026-07-08,2026-07-08 14:40:00,19.485,19.5,19.47,19.5,7555.0
2026-07-08,2026-07-08 14:45:00,19.505,19.67,19.5,19.67,12115.0
2026-07-08,2026-07-08 14:50:00,19.66,19.67,19.66,19.67,3183.0
2026-07-08,2026-07-08 14:55:00,19.67,19.67,19.65,19.65,4523.0
2026-07-08,2026-07-08 15:00:00,19.65,19.65,19.5601,19.575,5702.0
2026-07-08,2026-07-08 15:05:00,19.575,19.6,19.57,19.58,5254.0
2026-07-08,2026-07-08 15:10:00,19.59,19.66,19.59,19.66,6016.0
2026-07-08,2026-07-08 15:15:00,19.66,19.6732,19.66,19.66,2150.0
2026-07-08,2026-07-08 15:20:00,19.64,19.66,19.615,19.65,6905.0
2026-07-08,2026-07-08 15:25:00,19.645,19.66,19.645,19.66,4541.0
2026-07-08,2026-07-08 15:30:00,19.66,19.68,19.66,19.68,5230.0
2026-07-08,2026-07-08 15:35:00,19.68,19.76,19.68,19.76,12577.0
2026-07-08,2026-07-08 15:40:00,19.75,19.79,19.75,19.79,11314.0
2026-07-08,2026-07-08 15:45:00,19.79,19.81,19.715,19.715,12370.0
2026-07-08,2026-07-08 15:50:00,19.75,19.765,19.73,19.74,8448.0
2026-07-08,2026-07-08 15:55:00,19.75,19.83,19.75,19.81,21542.0
2026-07-08,2026-07-08 16:00:00,19.79,19.8,19.71,19.75,196511.0
2026-07-09,2026-07-09 09:35:00,19.66,19.84,19.66,19.83,5928.0
2026-07-09,2026-07-09 09:40:00,19.83,19.85,19.83,19.85,2455.0
2026-07-09,2026-07-09 09:45:00,19.845,19.845,19.71,19.73,5836.0
2026-07-09,2026-07-09 09:50:00,19.77,19.77,19.72,19.72,953.0
2026-07-09,2026-07-09 09:55:00,19.76,19.83,19.76,19.795,4954.0
2026-07-09,2026-07-09 10:00:00,19.8,19.86,19.775,19.805,174259.0
2026-07-09,2026-07-09 10:05:00,19.83,19.96,19.83,19.935,12977.0
2026-07-09,2026-07-09 10:10:00,19.94,20.005,19.91,19.98,18464.0
2026-07-09,2026-07-09 10:15:00,19.98,19.98,19.92,19.96,5994.0
2026-07-09,2026-07-09 10:20:00,19.945,19.98,19.93,19.94,6721.0
2026-07-09,2026-07-09 10:25:00,19.95,19.96,19.8601,19.88,5433.0
2026-07-09,2026-07-09 10:30:00,19.88,19.93,19.87,19.93,12809.0
2026-07-09,2026-07-09 10:35:00,19.92,19.97,19.89,19.96,7774.0
2026-07-09,2026-07-09 10:40:00,19.95,20.0264,19.95,20.01,5021.0
2026-07-09,2026-07-09 10:45:00,19.99,19.99,19.97,19.98,3227.0
2026-07-09,2026-07-09 10:50:00,19.975,20.0155,19.97,19.99,10668.0
2026-07-09,2026-07-09 10:55:00,20.01,20.04,19.99,20.01,5604.0
2026-07-09,2026-07-09 11:00:00,20.05,20.065,20.04,20.06,5626.0
2026-07-09,2026-07-09 11:05:00,20.06,20.115,20.06,20.07,5917.0
2026-07-09,2026-07-09 11:10:00,20.04,20.04,20.01,20.035,2226.0
2026-07-09,2026-07-09 11:15:00,20.03,20.03,20.03,20.03,625.0
2026-07-09,2026-07-09 11:20:00,20.01,20.04,19.89,19.9,17027.0
2026-07-09,2026-07-09 11:25:00,19.9,19.9,19.8525,19.87,4512.0
2026-07-09,2026-07-09 11:30:00,19.86,19.86,19.805,19.805,2911.0
2026-07-09,2026-07-09 11:35:00,19.82,19.82,19.76,19.76,2153.0
2026-07-09,2026-07-09 11:40:00,19.75,19.855,19.75,19.855,5038.0
2026-07-09,2026-07-09 11:45:00,19.86,19.9,19.86,19.9,1473.0
2026-07-09,2026-07-09 11:50:00,19.9,19.9,19.9,19.9,342.0
2026-07-09,2026-07-09 11:55:00,19.92,19.935,19.895,19.935,4949.0
2026-07-09,2026-07-09 12:00:00,19.935,20.01,19.935,20.0,2716.0
2026-07-09,2026-07-09 12:05:00,19.99,20.08,19.99,20.02,9799.0
2026-07-09,2026-07-09 12:10:00,20.025,20.025,20.025,20.025,693.0
2026-07-09,2026-07-09 12:15:00,20.025,20.025,20.015,20.015,1258.0
2026-07-09,2026-07-09 12:20:00,20.01,20.03,20.01,20.015,1589.0
2026-07-09,2026-07-09 12:25:00,20.03,20.0399,20.02,20.03,3138.0
2026-07-09,2026-07-09 12:30:00,20.02,20.02,20.02,20.02,1355.0
2026-07-09,2026-07-09 12:35:00,20.02,20.02,20.0,20.02,1497.0
2026-07-09,2026-07-09 12:40:00,20.02,20.025,20.0,20.02,1706.0
2026-07-09,2026-07-09 12:45:00,20.02,20.02,20.0,20.0,2120.0
2026-07-09,2026-07-09 12:50:00,20.03,20.04,20.03,20.035,3144.0
2026-07-09,2026-07-09 12:55:00,20.02,20.045,20.02,20.045,3784.0
2026-07-09,2026-07-09 13:00:00,20.03,20.045,20.01,20.01,2467.0
2026-07-09,2026-07-09 13:05:00,20.015,20.04,20.015,20.04,4244.0
2026-07-09,2026-07-09 13:10:00,20.03,20.03,20.025,20.03,1074.0
2026-07-09,2026-07-09 13:15:00,20.03,20.03,20.015,20.03,3863.0
2026-07-09,2026-07-09 13:20:00,20.03,20.04,20.03,20.04,1505.0
2026-07-09,2026-07-09 13:25:00,20.04,20.04,20.04,20.04,293.0
2026-07-09,2026-07-09 13:30:00,20.05,20.13,20.05,20.12,11318.0
2026-07-09,2026-07-09 13:35:00,20.11,20.12,20.05,20.1,13388.0
2026-07-09,2026-07-09 13:40:00,20.105,20.11,20.09,20.11,1536.0
2026-07-09,2026-07-09 13:45:00,20.0839,20.11,20.0839,20.105,1780.0
2026-07-09,2026-07-09 13:50:00,20.1,20.14,20.1,20.14,2027.0
2026-07-09,2026-07-09 13:55:00,20.1399,20.1399,20.13,20.13,997.0
2026-07-09,2026-07-09 14:00:00,20.125,20.13,20.1,20.11,3117.0
2026-07-09,2026-07-09 14:05:00,20.11,20.11,20.01,20.01,8076.0
2026-07-09,2026-07-09 14:10:00,20.01,20.05,20.0,20.0,3927.0
2026-07-09,2026-07-09 14:15:00,20.015,20.03,20.0,20.0,3375.0
2026-07-09,2026-07-09 14:20:00,20.02,20.02,20.0,20.02,3712.0
2026-07-09,2026-07-09 14:25:00,20.015,20.03,20.0,20.01,8942.0
2026-07-09,2026-07-09 14:30:00,20.01,20.01,19.99,20.005,4962.0
2026-07-09,2026-07-09 14:35:00,20.005,20.01,20.005,20.01,3229.0
2026-07-09,2026-07-09 14:40:00,20.01,20.01,20.0,20.01,2457.0
2026-07-09,2026-07-09 14:45:00,20.01,20.01,19.995,20.0,6189.0
2026-07-09,2026-07-09 14:50:00,20.0,20.02,20.0,20.01,4423.0
2026-07-09,2026-07-09 14:55:00,20.01,20.05,19.97,20.045,16477.0
2026-07-09,2026-07-09 15:00:00,20.045,20.06,20.03,20.04,3916.0
2026-07-09,2026-07-09 15:05:00,20.04,20.04,20.03,20.035,4002.0
2026-07-09,2026-07-09 15:10:00,20.04,20.055,20.035,20.04,3705.0
2026-07-09,2026-07-09 15:15:00,20.04,20.15,20.04,20.12,17586.0
2026-07-09,2026-07-09 15:20:00,20.14,20.17,20.14,20.16,9802.0
2026-07-09,2026-07-09 15:25:00,20.18,20.18,20.14,20.18,3528.0
2026-07-09,2026-07-09 15:30:00,20.175,20.19,20.17,20.18,3904.0
2026-07-09,2026-07-09 15:35:00,20.18,20.2,20.17,20.17,17049.0
2026-07-09,2026-07-09 15:40:00,20.17,20.18,20.16,20.16,7488.0
2026-07-09,2026-07-09 15:45:00,20.17,20.27,20.16,20.27,35935.0
2026-07-09,2026-07-09 15:50:00,20.27,20.305,20.26,20.2769,15414.0
2026-07-09,2026-07-09 15:55:00,20.27,20.285,20.08,20.08,78640.0
2026-07-09,2026-07-09 16:00:00,20.05,20.07,19.97,19.98,223904.0
2026-07-10,2026-07-10 09:35:00,20.27,20.39,20.06,20.08,12808.0
2026-07-10,2026-07-10 09:40:00,20.1,20.135,19.98,20.08,8486.0
2026-07-10,2026-07-10 09:45:00,19.9865,20.094,19.92,20.05,11561.0
2026-07-10,2026-07-10 09:50:00,19.96,20.08,19.96,20.08,3348.0
2026-07-10,2026-07-10 09:55:00,20.055,20.17,20.055,20.13,4598.0
2026-07-10,2026-07-10 10:00:00,20.12,20.13,20.11,20.11,1839.0
2026-07-10,2026-07-10 10:05:00,20.105,20.13,20.08,20.08,3443.0
2026-07-10,2026-07-10 10:10:00,20.06,20.0792,20.05,20.0792,7352.0
2026-07-10,2026-07-10 10:15:00,20.03,20.12,20.02,20.12,8208.0
2026-07-10,2026-07-10 10:20:00,20.085,20.11,20.085,20.11,2506.0
2026-07-10,2026-07-10 10:25:00,20.1,20.1,20.08,20.095,2508.0
2026-07-10,2026-07-10 10:30:00,20.14,20.15,20.135,20.15,1223.0
2026-07-10,2026-07-10 10:35:00,20.14,20.165,19.95,20.02,5431.0
2026-07-10,2026-07-10 10:40:00,20.04,20.06,20.03,20.05,1395.0
2026-07-10,2026-07-10 10:45:00,20.035,20.035,20.035,20.035,225.0
2026-07-10,2026-07-10 10:50:00,20.035,20.08,20.035,20.05,1698.0
2026-07-10,2026-07-10 10:55:00,20.08,20.09,20.07,20.07,1911.0
2026-07-10,2026-07-10 11:00:00,20.06,20.06,19.9,19.93,8110.0
2026-07-10,2026-07-10 11:05:00,19.9,20.1,19.9,20.065,4541.0
2026-07-10,2026-07-10 11:10:00,20.08,20.23,20.08,20.23,6289.0
2026-07-10,2026-07-10 11:15:00,20.23,20.31,20.23,20.3,3254.0
2026-07-10,2026-07-10 11:20:00,20.31,20.38,20.31,20.33,8407.0
2026-07-10,2026-07-10 11:25:00,20.35,20.38,20.275,20.38,10927.0
2026-07-10,2026-07-10 11:30:00,20.37,20.38,20.31,20.35,12486.0
2026-07-10,2026-07-10 11:35:00,20.36,20.42,20.3,20.395,33318.0
2026-07-10,2026-07-10 11:40:00,20.37,20.43,20.355,20.43,9863.0
2026-07-10,2026-07-10 11:45:00,20.43,20.44,20.39,20.41,7885.0
2026-07-10,2026-07-10 11:50:00,20.4,20.46,20.4,20.43,7449.0
2026-07-10,2026-07-10 11:55:00,20.44,20.48,20.39,20.41,21413.0
2026-07-10,2026-07-10 12:00:00,20.4,20.48,20.38,20.48,23204.0
2026-07-10,2026-07-10 12:05:00,20.47,20.57,20.47,20.49,13285.0
2026-07-10,2026-07-10 12:10:00,20.49,20.59,20.49,20.55,8408.0
2026-07-10,2026-07-10 12:15:00,20.55,20.57,20.53,20.57,8979.0
2026-07-10,2026-07-10 12:20:00,20.56,20.57,20.54,20.55,6598.0
2026-07-10,2026-07-10 12:25:00,20.56,20.56,20.5,20.54,11641.0
2026-07-10,2026-07-10 12:30:00,20.52,20.53,20.49,20.52,10118.0
2026-07-10,2026-07-10 12:35:00,20.525,20.58,20.49,20.58,10477.0
2026-07-10,2026-07-10 12:40:00,20.58,20.6,20.565,20.565,7959.0
2026-07-10,2026-07-10 12:45:00,20.58,20.61,20.57,20.6,7003.0
2026-07-10,2026-07-10 12:50:00,20.63,20.63,20.59,20.62,3980.0
2026-07-10,2026-07-10 12:55:00,20.6,20.62,20.6,20.62,1380.0
2026-07-10,2026-07-10 13:00:00,20.62,20.72,20.62,20.705,4632.0
2026-07-10,2026-07-10 13:05:00,20.71,20.745,20.7,20.7,17353.0
2026-07-10,2026-07-10 13:10:00,20.73,20.8,20.71,20.79,17349.0
2026-07-10,2026-07-10 13:15:00,20.755,20.78,20.735,20.76,13696.0
2026-07-10,2026-07-10 13:20:00,20.76,20.83,20.76,20.82,19769.0
2026-07-10,2026-07-10 13:25:00,20.83,20.87,20.81,20.87,14098.0
2026-07-10,2026-07-10 13:30:00,20.84,20.855,20.84,20.85,1292.0
2026-07-10,2026-07-10 13:35:00,20.85,20.9,20.84,20.89,18811.0
2026-07-10,2026-07-10 13:40:00,20.89,20.89,20.85,20.85,3684.0
2026-07-10,2026-07-10 13:45:00,20.85,20.89,20.845,20.845,1051.0
2026-07-10,2026-07-10 13:50:00,20.87,20.87,20.84,20.85,3451.0
2026-07-10,2026-07-10 13:55:00,20.825,20.85,20.825,20.84,1622.0
2026-07-10,2026-07-10 14:00:00,20.84,20.84,20.79,20.81,4278.0
2026-07-10,2026-07-10 14:05:00,20.78,20.78,20.71,20.72,3301.0
2026-07-10,2026-07-10 14:10:00,20.72,20.74,20.7,20.74,4318.0
2026-07-10,2026-07-10 14:15:00,20.74,20.75,20.69,20.72,5892.0
2026-07-10,2026-07-10 14:20:00,20.72,20.72,20.71,20.72,1000.0
2026-07-10,2026-07-10 14:25:00,20.72,20.72,20.705,20.705,2608.0
2026-07-10,2026-07-10 14:30:00,20.71,20.72,20.7,20.705,3626.0
2026-07-10,2026-07-10 14:35:00,20.7,20.72,20.7,20.71,3126.0
2026-07-10,2026-07-10 14:40:00,20.72,20.72,20.7,20.71,1422.0
2026-07-10,2026-07-10 14:45:00,20.72,20.73,20.705,20.705,1723.0
2026-07-10,2026-07-10 14:50:00,20.71,20.72,20.68,20.71,6369.0
2026-07-10,2026-07-10 14:55:00,20.71,20.72,20.68,20.72,12359.0
2026-07-10,2026-07-10 15:00:00,20.7199,20.72,20.695,20.72,2288.0
2026-07-10,2026-07-10 15:05:00,20.71,20.72,20.71,20.71,3531.0
2026-07-10,2026-07-10 15:10:00,20.7,20.72,20.7,20.7,11606.0
2026-07-10,2026-07-10 15:15:00,20.7,20.71,20.615,20.615,15543.0
2026-07-10,2026-07-10 15:20:00,20.59,20.66,20.58,20.61,44359.0
2026-07-10,2026-07-10 15:25:00,20.59,20.71,20.58,20.71,11968.0
2026-07-10,2026-07-10 15:30:00,20.71,20.72,20.66,20.68,19640.0
2026-07-10,2026-07-10 15:35:00,20.67,20.7,20.6475,20.67,20837.0
2026-07-10,2026-07-10 15:40:00,20.69,20.69,20.615,20.62,22856.0
2026-07-10,2026-07-10 15:45:00,20.62,20.7,20.62,20.655,32735.0
2026-07-10,2026-07-10 15:50:00,20.665,20.88,20.66,20.87,31512.0
2026-07-10,2026-07-10 15:55:00,20.77,20.81,20.63,20.63,107272.0
2026-07-10,2026-07-10 16:00:00,20.62,20.65,20.48,20.49,363536.0
2026-07-13,2026-07-13 09:35:00,20.45,20.49,20.22,20.25,17307.0
2026-07-13,2026-07-13 09:40:00,20.22,20.26,19.98,20.11,9600.0
2026-07-13,2026-07-13 09:45:00,19.99,20.18,19.99,20.18,8551.0
2026-07-13,2026-07-13 09:50:00,20.115,20.32,20.115,20.26,12586.0
2026-07-13,2026-07-13 09:55:00,20.25,20.31,20.185,20.24,3205.0
2026-07-13,2026-07-13 10:00:00,20.32,20.32,20.235,20.29,691.0
2026-07-13,2026-07-13 10:05:00,20.235,20.235,20.09,20.13,4185.0
2026-07-13,2026-07-13 10:10:00,20.13,20.18,20.08,20.17,9737.0
2026-07-13,2026-07-13 10:15:00,20.15,20.17,20.1,20.14,5163.0
2026-07-13,2026-07-13 10:20:00,20.14,20.14,20.02,20.075,1952.0
2026-07-13,2026-07-13 10:25:00,20.02,20.16,20.02,20.085,3568.0
2026-07-13,2026-07-13 10:30:00,20.11,20.12,20.05,20.05,1486.0
2026-07-13,2026-07-13 10:35:00,20.105,20.105,20.06,20.105,651.0
2026-07-13,2026-07-13 10:40:00,20.042,20.05,19.99,20.015,6182.0
2026-07-13,2026-07-13 10:45:00,19.99,20.025,19.99,19.99,1473.0
2026-07-13,2026-07-13 10:50:00,20.0,20.06,20.0,20.06,2725.0
2026-07-13,2026-07-13 10:55:00,20.06,20.06,19.995,20.005,3067.0
2026-07-13,2026-07-13 11:00:00,20.005,20.02,20.0,20.005,7830.0
2026-07-13,2026-07-13 11:05:00,20.005,20.04,19.985,20.01,3656.0
2026-07-13,2026-07-13 11:10:00,20.01,20.07,20.01,20.01,14400.0
2026-07-13,2026-07-13 11:15:00,20.025,20.03,19.98,20.01,3913.0
2026-07-13,2026-07-13 11:20:00,20.04,20.1,20.035,20.06,5821.0
2026-07-13,2026-07-13 11:25:00,20.04,20.09,20.04,20.09,3944.0
2026-07-13,2026-07-13 11:30:00,20.07,20.08,20.025,20.03,5277.0
2026-07-13,2026-07-13 11:35:00,20.04,20.04,20.01,20.01,989.0
2026-07-13,2026-07-13 11:40:00,20.0,20.0,19.82,19.91,61865.0
2026-07-13,2026-07-13 11:45:00,19.92,19.92,19.73,19.775,36412.0
2026-07-13,2026-07-13 11:50:00,19.775,19.81,19.72,19.79,15974.0
2026-07-13,2026-07-13 11:55:00,19.81,19.83,19.76,19.775,4822.0
2026-07-13,2026-07-13 12:00:00,19.775,19.775,19.73,19.745,9666.0
2026-07-13,2026-07-13 12:05:00,19.74,19.75,19.71,19.71,10590.0
2026-07-13,2026-07-13 12:10:00,19.72,19.79,19.685,19.79,10062.0
2026-07-13,2026-07-13 12:15:00,19.78,19.8,19.78,19.785,2527.0
2026-07-13,2026-07-13 12:20:00,19.785,19.81,19.785,19.81,1869.0
2026-07-13,2026-07-13 12:25:00,19.7901,19.81,19.76,19.76,1467.0
2026-07-13,2026-07-13 12:30:00,19.7751,19.8,19.775,19.775,2068.0
2026-07-13,2026-07-13 12:35:00,19.775,19.79,19.75,19.79,4657.0
2026-07-13,2026-07-13 12:40:00,19.78,19.82,19.76,19.82,3005.0
2026-07-13,2026-07-13 12:45:00,19.81,19.82,19.79,19.795,1482.0
2026-07-13,2026-07-13 12:50:00,19.795,19.86,19.795,19.84,4148.0
2026-07-13,2026-07-13 12:55:00,19.78,19.82,19.7501,19.82,3258.0
2026-07-13,2026-07-13 13:00:00,19.8,19.84,19.79,19.815,5278.0
2026-07-13,2026-07-13 13:05:00,19.81,19.9,19.81,19.88,14624.0
2026-07-13,2026-07-13 13:10:00,19.885,19.93,19.88,19.88,6506.0
2026-07-13,2026-07-13 13:15:00,19.88,19.89,19.84,19.84,2162.0
2026-07-13,2026-07-13 13:20:00,19.835,19.87,19.83,19.835,3206.0
2026-07-13,2026-07-13 13:25:00,19.85,19.86,19.815,19.815,1321.0
2026-07-13,2026-07-13 13:30:00,19.8,19.83,19.8,19.83,4049.0
2026-07-13,2026-07-13 13:35:00,19.84,19.96,19.825,19.92,17246.0
2026-07-13,2026-07-13 13:40:00,19.92,20.0,19.9,19.96,22509.0
2026-07-13,2026-07-13 13:45:00,19.975,19.975,19.96,19.965,1994.0
2026-07-13,2026-07-13 13:50:00,19.965,19.965,19.94,19.95,2797.0
2026-07-13,2026-07-13 13:55:00,19.93,19.94,19.87,19.87,6568.0
2026-07-13,2026-07-13 14:00:00,19.89,19.9,19.83,19.83,3300.0
2026-07-13,2026-07-13 14:05:00,19.82,19.87,19.82,19.87,3582.0
2026-07-13,2026-07-13 14:10:00,19.86,19.88,19.8,19.82,3671.0
2026-07-13,2026-07-13 14:15:00,19.815,19.83,19.8,19.815,1560.0
2026-07-13,2026-07-13 14:20:00,19.8,19.805,19.77,19.77,8177.0
2026-07-13,2026-07-13 14:25:00,19.78,19.785,19.76,19.785,6511.0
2026-07-13,2026-07-13 14:30:00,19.78,19.79,19.76,19.775,4437.0
2026-07-13,2026-07-13 14:35:00,19.79,19.82,19.79,19.81,2056.0
2026-07-13,2026-07-13 14:40:00,19.83,19.83,19.81,19.82,1791.0
2026-07-13,2026-07-13 14:45:00,19.82,19.8201,19.79,19.79,4881.0
2026-07-13,2026-07-13 14:50:00,19.82,19.82,19.79,19.79,1816.0
2026-07-13,2026-07-13 14:55:00,19.8,19.815,19.77,19.81,7915.0
2026-07-13,2026-07-13 15:00:00,19.79,19.79,19.77,19.78,4877.0
2026-07-13,2026-07-13 15:05:00,19.78,19.8,19.76,19.78,4145.0
2026-07-13,2026-07-13 15:10:00,19.8,19.8,19.76,19.77,2664.0
2026-07-13,2026-07-13 15:15:00,19.78,19.78,19.73,19.73,6906.0
2026-07-13,2026-07-13 15:20:00,19.72,19.72,19.69,19.7,4961.0
2026-07-13,2026-07-13 15:25:00,19.7,19.71,19.67,19.7,9235.0
2026-07-13,2026-07-13 15:30:00,19.72,19.73,19.695,19.695,2407.0
2026-07-13,2026-07-13 15:35:00,19.69,19.7,19.64,19.64,12140.0
2026-07-13,2026-07-13 15:40:00,19.64,19.66,19.63,19.66,5155.0
2026-07-13,2026-07-13 15:45:00,19.66,19.73,19.625,19.65,57535.0
2026-07-13,2026-07-13 15:50:00,19.66,19.71,19.56,19.67,81293.0
2026-07-13,2026-07-13 15:55:00,19.69,19.78,19.65,19.66,78918.0
2026-07-13,2026-07-13 16:00:00,19.66,19.68,19.61,19.62,194700.0
2026-07-14,2026-07-14 09:35:00,19.65,20.49,19.42,19.42,9303.0
2026-07-14,2026-07-14 09:40:00,19.42,19.42,19.38,19.38,1292.0
2026-07-14,2026-07-14 09:45:00,19.49,19.59,19.44,19.52,6119.0
2026-07-14,2026-07-14 09:50:00,19.5,19.51,19.29,19.3,11285.0
2026-07-14,2026-07-14 09:55:00,19.3095,19.335,19.28,19.335,5329.0
2026-07-14,2026-07-14 10:00:00,19.38,19.445,19.35,19.43,6557.0
2026-07-14,2026-07-14 10:05:00,19.43,19.43,19.27,19.33,2549.0
2026-07-14,2026-07-14 10:10:00,19.295,19.39,19.295,19.345,3410.0
2026-07-14,2026-07-14 10:15:00,19.345,19.345,19.345,19.345,265.0
2026-07-14,2026-07-14 10:20:00,19.35,19.415,19.35,19.41,3133.0
2026-07-14,2026-07-14 10:25:00,19.37,19.375,19.35,19.375,725.0
2026-07-14,2026-07-14 10:30:00,19.375,19.375,19.33,19.33,5934.0
2026-07-14,2026-07-14 10:35:00,19.35,19.64,19.35,19.54,9790.0
2026-07-14,2026-07-14 10:40:00,19.52,19.6,19.44,19.495,3316.0
2026-07-14,2026-07-14 10:45:00,19.45,19.495,19.44,19.44,1301.0
2026-07-14,2026-07-14 10:50:00,19.485,19.53,19.48,19.52,2324.0
2026-07-14,2026-07-14 10:55:00,19.52,19.52,19.43,19.43,3673.0
2026-07-14,2026-07-14 11:00:00,19.445,19.45,19.42,19.42,1626.0
2026-07-14,2026-07-14 11:05:00,19.44,19.46,19.32,19.41,7899.0
2026-07-14,2026-07-14 11:10:00,19.38,19.43,19.365,19.42,1415.0
2026-07-14,2026-07-14 11:15:00,19.37,19.37,19.32,19.37,3488.0
2026-07-14,2026-07-14 11:20:00,19.37,19.395,19.33,19.38,3372.0
2026-07-14,2026-07-14 11:25:00,19.38,19.38,19.38,19.38,867.0
2026-07-14,2026-07-14 11:30:00,19.4,19.41,19.37,19.37,1809.0
2026-07-14,2026-07-14 11:35:00,19.37,19.41,19.34,19.365,2939.0
2026-07-14,2026-07-14 11:40:00,19.35,19.365,19.33,19.365,3496.0
2026-07-14,2026-07-14 11:45:00,19.33,19.4,19.31,19.38,4225.0
2026-07-14,2026-07-14 11:50:00,19.405,19.405,19.4,19.4,1805.0
2026-07-14,2026-07-14 11:55:00,19.4,19.4,19.35,19.35,1088.0
2026-07-14,2026-07-14 12:00:00,19.365,19.41,19.365,19.405,1995.0
2026-07-14,2026-07-14 12:05:00,19.405,19.43,19.38,19.41,3907.0
2026-07-14,2026-07-14 12:10:00,19.45,19.49,19.42,19.46,2894.0
2026-07-14,2026-07-14 12:15:00,19.46,19.51,19.46,19.51,2288.0
2026-07-14,2026-07-14 12:20:00,19.505,19.505,19.45,19.47,5373.0
2026-07-14,2026-07-14 12:25:00,19.45,19.47,19.44,19.45,2016.0
2026-07-14,2026-07-14 12:30:00,19.45,19.48,19.42,19.44,10650.0
2026-07-14,2026-07-14 12:35:00,19.43,19.48,19.42,19.43,16875.0
2026-07-14,2026-07-14 12:40:00,19.43,19.44,19.42,19.43,1726.0
2026-07-14,2026-07-14 12:45:00,19.42,19.47,19.42,19.47,2945.0
2026-07-14,2026-07-14 12:50:00,19.47,19.5,19.43,19.48,3602.0
2026-07-14,2026-07-14 12:55:00,19.48,19.48,19.44,19.46,11693.0
2026-07-14,2026-07-14 13:00:00,19.45,19.45,19.41,19.425,6251.0
2026-07-14,2026-07-14 13:05:00,19.425,19.45,19.42,19.45,4741.0
2026-07-14,2026-07-14 13:10:00,19.44,19.47,19.41,19.44,6283.0
2026-07-14,2026-07-14 13:15:00,19.43,19.46,19.42,19.42,4265.0
2026-07-14,2026-07-14 13:20:00,19.4036,19.45,19.4,19.41,1356.0
2026-07-14,2026-07-14 13:25:00,19.4,19.44,19.4,19.42,2336.0
2026-07-14,2026-07-14 13:30:00,19.42,19.43,19.4,19.42,1547.0
2026-07-14,2026-07-14 13:35:00,19.415,19.46,19.415,19.46,4924.0
2026-07-14,2026-07-14 13:40:00,19.44,19.47,19.425,19.43,13388.0
2026-07-14,2026-07-14 13:45:00,19.43,19.43,19.4,19.42,5886.0
2026-07-14,2026-07-14 13:50:00,19.42,19.43,19.42,19.43,4470.0
2026-07-14,2026-07-14 13:55:00,19.42,19.44,19.4,19.4,2955.0
2026-07-14,2026-07-14 14:00:00,19.4,19.43,19.4,19.42,2999.0
2026-07-14,2026-07-14 14:05:00,19.425,19.46,19.42,19.45,4060.0
2026-07-14,2026-07-14 14:10:00,19.46,19.46,19.44,19.445,901.0
2026-07-14,2026-07-14 14:15:00,19.46,19.51,19.45,19.51,3119.0
2026-07-14,2026-07-14 14:20:00,19.51,19.51,19.5,19.5,2006.0
2026-07-14,2026-07-14 14:25:00,19.495,19.505,19.45,19.45,5196.0
2026-07-14,2026-07-14 14:30:00,19.44,19.44,19.41,19.41,2859.0
2026-07-14,2026-07-14 14:35:00,19.43,19.43,19.41,19.42,2116.0
2026-07-14,2026-07-14 14:40:00,19.41,19.43,19.38,19.41,3342.0
2026-07-14,2026-07-14 14:45:00,19.4,19.4,19.37,19.37,1535.0
2026-07-14,2026-07-14 14:50:00,19.38,19.39,19.37,19.38,3433.0
2026-07-14,2026-07-14 14:55:00,19.38,19.39,19.36,19.375,1531.0
2026-07-14,2026-07-14 15:00:00,19.38,19.4,19.36,19.4,6449.0
2026-07-14,2026-07-14 15:05:00,19.41,19.41,19.37,19.39,3793.0
2026-07-14,2026-07-14 15:10:00,19.38,19.38,19.345,19.35,5248.0
2026-07-14,2026-07-14 15:15:00,19.35,19.35,19.34,19.345,1855.0
2026-07-14,2026-07-14 15:20:00,19.34,19.365,19.34,19.36,5513.0
2026-07-14,2026-07-14 15:25:00,19.355,19.365,19.34,19.34,4943.0
2026-07-14,2026-07-14 15:30:00,19.35,19.35,19.34,19.35,3646.0
2026-07-14,2026-07-14 15:35:00,19.35,19.36,19.31,19.31,11893.0
2026-07-14,2026-07-14 15:40:00,19.3,19.329,19.29,19.319,10919.0
2026-07-14,2026-07-14 15:45:00,19.31,19.315,19.3,19.315,7115.0
2026-07-14,2026-07-14 15:50:00,19.315,19.36,19.315,19.36,9621.0
2026-07-14,2026-07-14 15:55:00,19.35,19.36,19.33,19.35,22263.0
2026-07-14,2026-07-14 16:00:00,19.35,19.37,19.295,19.3,124822.0
2026-07-15,2026-07-15 09:35:00,19.65,20.01,19.53,19.53,13898.0
2026-07-15,2026-07-15 09:40:00,19.57,19.63,19.57,19.63,2596.0
2026-07-15,2026-07-15 09:45:00,19.65,19.68,19.64,19.64,2517.0
2026-07-15,2026-07-15 09:50:00,19.64,19.74,19.64,19.69,11159.0
2026-07-15,2026-07-15 09:55:00,19.64,19.78,19.64,19.775,8038.0
2026-07-15,2026-07-15 10:00:00,19.815,19.865,19.75,19.85,19916.0
2026-07-15,2026-07-15 10:05:00,19.89,20.0,19.89,19.97,17847.0
2026-07-15,2026-07-15 10:10:00,19.97,20.02,19.89,19.89,26221.0
2026-07-15,2026-07-15 10:15:00,19.89,19.95,19.885,19.92,7623.0
2026-07-15,2026-07-15 10:20:00,19.83,19.92,19.83,19.915,2230.0
2026-07-15,2026-07-15 10:25:00,19.92,19.98,19.87,19.98,4007.0
2026-07-15,2026-07-15 10:30:00,19.95,19.98,19.9,19.915,16840.0
2026-07-15,2026-07-15 10:35:00,19.89,19.985,19.88,19.97,20588.0
2026-07-15,2026-07-15 10:40:00,19.97,19.99,19.91,19.94,80395.0
2026-07-15,2026-07-15 10:45:00,19.91,20.0,19.89,20.0,13819.0
2026-07-15,2026-07-15 10:50:00,20.01,20.1,19.95,20.08,24698.0
2026-07-15,2026-07-15 10:55:00,20.075,20.075,20.04,20.06,3677.0
2026-07-15,2026-07-15 11:00:00,20.09,20.12,20.06,20.07,3641.0
2026-07-15,2026-07-15 11:05:00,20.102,20.22,20.095,20.22,11410.0
2026-07-15,2026-07-15 11:10:00,20.22,20.32,20.22,20.32,31597.0
2026-07-15,2026-07-15 11:15:00,20.3,20.31,20.3,20.31,2832.0
2026-07-15,2026-07-15 11:20:00,20.28,20.415,20.27,20.4,11255.0
2026-07-15,2026-07-15 11:25:00,20.38,20.54,20.37,20.54,18160.0
2026-07-15,2026-07-15 11:30:00,20.56,20.65,20.55,20.6399,8170.0
2026-07-15,2026-07-15 11:35:00,20.63,20.68,20.625,20.66,8832.0
2026-07-15,2026-07-15 11:40:00,20.66,20.665,20.6,20.61,7348.0
2026-07-15,2026-07-15 11:45:00,20.62,20.62,20.57,20.59,9188.0
2026-07-15,2026-07-15 11:50:00,20.59,20.59,20.3366,20.3416,21967.0
2026-07-15,2026-07-15 11:55:00,20.35,20.41,20.34,20.41,6915.0
2026-07-15,2026-07-15 12:00:00,20.4,20.44,20.38,20.38,6741.0
2026-07-15,2026-07-15 12:05:00,20.37,20.37,20.33,20.35,1820.0
2026-07-15,2026-07-15 12:10:00,20.36,20.395,20.35,20.395,1777.0
2026-07-15,2026-07-15 12:15:00,20.37,20.4,20.3218,20.36,7406.0
2026-07-15,2026-07-15 12:20:00,20.355,20.4,20.33,20.4,3790.0
2026-07-15,2026-07-15 12:25:00,20.37,20.37,20.33,20.33,1752.0
2026-07-15,2026-07-15 12:30:00,20.33,20.35,20.32,20.35,2756.0
2026-07-15,2026-07-15 12:35:00,20.38,20.38,20.36,20.36,2459.0
2026-07-15,2026-07-15 12:40:00,20.35,20.35,20.32,20.3312,1855.0
2026-07-15,2026-07-15 12:45:00,20.345,20.38,20.34,20.38,2343.0
2026-07-15,2026-07-15 12:50:00,20.39,20.44,20.39,20.41,7050.0
2026-07-15,2026-07-15 12:55:00,20.395,20.41,20.375,20.38,3303.0
2026-07-15,2026-07-15 13:00:00,20.38,20.4037,20.36,20.4,3865.0
2026-07-15,2026-07-15 13:05:00,20.38,20.425,20.38,20.425,3433.0
2026-07-15,2026-07-15 13:10:00,20.39,20.445,20.34,20.34,2417.0
2026-07-15,2026-07-15 13:15:00,20.39,20.39,20.34,20.34,1969.0
2026-07-15,2026-07-15 13:20:00,20.34,20.34,20.285,20.295,2762.0
2026-07-15,2026-07-15 13:25:00,20.33,20.34,20.33,20.34,1695.0
2026-07-15,2026-07-15 13:30:00,20.35,20.47,20.35,20.395,11281.0
2026-07-15,2026-07-15 13:35:00,20.395,20.395,20.395,20.395,536.0
2026-07-15,2026-07-15 13:40:00,20.405,20.505,20.405,20.48,10568.0
2026-07-15,2026-07-15 13:45:00,20.46,20.47,20.43,20.46,6446.0
2026-07-15,2026-07-15 13:50:00,20.41,20.51,20.41,20.49,5086.0
2026-07-15,2026-07-15 13:55:00,20.495,20.5,20.45,20.467,7748.0
2026-07-15,2026-07-15 14:00:00,20.44,20.495,20.42,20.495,8125.0
2026-07-15,2026-07-15 14:05:00,20.47,20.51,20.45,20.5,6691.0
2026-07-15,2026-07-15 14:10:00,20.49,20.52,20.45,20.52,1484.0
2026-07-15,2026-07-15 14:15:00,20.45,20.45,20.45,20.45,838.0
2026-07-15,2026-07-15 14:20:00,20.44,20.465,20.44,20.465,981.0
2026-07-15,2026-07-15 14:25:00,20.465,20.5,20.465,20.5,3815.0
2026-07-15,2026-07-15 14:30:00,20.5,20.51,20.46,20.46,3638.0
2026-07-15,2026-07-15 14:35:00,20.46,20.48,20.45,20.465,2510.0
2026-07-15,2026-07-15 14:40:00,20.45,20.45,20.42,20.42,1325.0
2026-07-15,2026-07-15 14:45:00,20.42,20.445,20.42,20.445,1408.0
2026-07-15,2026-07-15 14:50:00,20.42,20.445,20.42,20.445,1207.0
2026-07-15,2026-07-15 14:55:00,20.445,20.445,20.34,20.36,9513.0
2026-07-15,2026-07-15 15:00:00,20.37,20.38,20.3,20.33,4117.0
2026-07-15,2026-07-15 15:05:00,20.3,20.315,20.3,20.315,1556.0
2026-07-15,2026-07-15 15:10:00,20.315,20.315,20.27,20.27,3179.0
2026-07-15,2026-07-15 15:15:00,20.27,20.27,20.25,20.25,1392.0
2026-07-15,2026-07-15 15:20:00,20.25,20.27,20.2401,20.26,1842.0
2026-07-15,2026-07-15 15:25:00,20.24,20.26,20.21,20.22,6458.0
2026-07-15,2026-07-15 15:30:00,20.235,20.235,20.2,20.23,1711.0
2026-07-15,2026-07-15 15:35:00,20.21,20.23,20.2,20.21,6884.0
2026-07-15,2026-07-15 15:40:00,20.205,20.33,20.205,20.315,17617.0
2026-07-15,2026-07-15 15:45:00,20.305,20.35,20.305,20.32,9696.0
2026-07-15,2026-07-15 15:50:00,20.32,20.34,20.28,20.335,13440.0
2026-07-15,2026-07-15 15:55:00,20.34,20.39,20.32,20.33,24678.0
2026-07-15,2026-07-15 16:00:00,20.34,20.48,20.33,20.44,181885.0
2026-07-16,2026-07-16 09:35:00,20.49,20.6,20.4335,20.555,7420.0
2026-07-16,2026-07-16 09:40:00,20.687,20.687,20.49,20.5,1580.0
2026-07-16,2026-07-16 09:45:00,20.61,20.61,20.61,20.61,1264.0
2026-07-16,2026-07-16 09:50:00,20.68,20.72,20.65,20.655,4501.0
2026-07-16,2026-07-16 09:55:00,20.69,20.78,20.69,20.72,2883.0
2026-07-16,2026-07-16 10:00:00,20.73,20.73,20.73,20.73,456.0
2026-07-16,2026-07-16 10:05:00,20.78,20.8222,20.78,20.82,3301.0
2026-07-16,2026-07-16 10:10:00,20.79,20.82,20.74,20.74,5473.0
2026-07-16,2026-07-16 10:15:00,20.765,20.765,20.73,20.73,1892.0
2026-07-16,2026-07-16 10:20:00,20.735,20.765,20.735,20.75,1538.0
2026-07-16,2026-07-16 10:25:00,20.7,20.72,20.69,20.72,2292.0
2026-07-16,2026-07-16 10:30:00,20.72,20.83,20.65,20.65,7372.0
2026-07-16,2026-07-16 10:35:00,20.66,20.66,20.65,20.65,2498.0
2026-07-16,2026-07-16 10:40:00,20.65,20.725,20.65,20.675,3855.0
2026-07-16,2026-07-16 10:45:00,20.695,20.74,20.67,20.73,18663.0
2026-07-16,2026-07-16 10:50:00,20.68,20.7,20.635,20.68,6293.0
2026-07-16,2026-07-16 10:55:00,20.68,20.72,20.665,20.72,2017.0
2026-07-16,2026-07-16 11:00:00,20.7,20.7,20.665,20.7,1610.0
2026-07-16,2026-07-16 11:05:00,20.68,20.68,20.645,20.66,4616.0
2026-07-16,2026-07-16 11:10:00,20.65,20.7,20.65,20.7,10903.0
2026-07-16,2026-07-16 11:15:00,20.71,20.71,20.68,20.68,1675.0
2026-07-16,2026-07-16 11:20:00,20.66,20.69,20.66,20.69,1632.0
2026-07-16,2026-07-16 11:25:00,20.69,20.69,20.69,20.69,844.0
2026-07-16,2026-07-16 11:30:00,20.6701,20.685,20.65,20.66,4507.0
2026-07-16,2026-07-16 11:35:00,20.64,20.64,20.63,20.63,1414.0
2026-07-16,2026-07-16 11:40:00,20.64,20.64,20.64,20.64,324.0
2026-07-16,2026-07-16 11:45:00,20.65,20.665,20.64,20.6625,1993.0
2026-07-16,2026-07-16 11:50:00,20.62,20.63,20.62,20.63,1783.0
2026-07-16,2026-07-16 11:55:00,20.66,20.66,20.66,20.66,639.0
2026-07-16,2026-07-16 12:00:00,20.66,20.66,20.655,20.655,1659.0
2026-07-16,2026-07-16 12:05:00,20.68,20.68,20.65,20.66,1564.0
2026-07-16,2026-07-16 12:10:00,20.65,20.67,20.65,20.67,960.0
2026-07-16,2026-07-16 12:15:00,20.66,20.78,20.64,20.72,23208.0
2026-07-16,2026-07-16 12:20:00,20.72,20.72,20.72,20.72,2031.0
2026-07-16,2026-07-16 12:25:00,20.7,20.7,20.57,20.575,6713.0
2026-07-16,2026-07-16 12:30:00,20.58,20.665,20.565,20.665,8233.0
2026-07-16,2026-07-16 12:35:00,20.6225,20.88,20.6225,20.835,32254.0
2026-07-16,2026-07-16 12:40:00,20.83,20.84,20.83,20.84,752.0
2026-07-16,2026-07-16 12:45:00,20.83,20.87,20.83,20.85,3053.0
2026-07-16,2026-07-16 12:50:00,20.85,20.875,20.85,20.875,1854.0
2026-07-16,2026-07-16 12:55:00,20.89,20.89,20.85,20.87,4724.0
2026-07-16,2026-07-16 13:00:00,20.86,20.87,20.86,20.86,1052.0
2026-07-16,2026-07-16 13:05:00,20.87,20.87,20.85,20.86,5301.0
2026-07-16,2026-07-16 13:10:00,20.86,20.86,20.84,20.86,1976.0
2026-07-16,2026-07-16 13:15:00,20.86,20.86,20.825,20.825,2123.0
2026-07-16,2026-07-16 13:20:00,20.81,20.81,20.77,20.77,4311.0
2026-07-16,2026-07-16 13:25:00,20.77,20.77,20.73,20.75,3980.0
2026-07-16,2026-07-16 13:30:00,20.74,20.775,20.74,20.775,794.0
2026-07-16,2026-07-16 13:35:00,20.77,20.79,20.77,20.79,944.0
2026-07-16,2026-07-16 13:40:00,20.76,20.77,20.76,20.77,849.0
2026-07-16,2026-07-16 13:45:00,20.75,20.77,20.73,20.73,2642.0
2026-07-16,2026-07-16 13:50:00,20.75,20.75,20.745,20.745,629.0
2026-07-16,2026-07-16 13:55:00,20.7301,20.7301,20.73,20.73,1696.0
2026-07-16,2026-07-16 14:00:00,20.745,20.745,20.71,20.71,2238.0
2026-07-16,2026-07-16 14:05:00,20.6901,20.735,20.6901,20.735,5048.0
2026-07-16,2026-07-16 14:10:00,20.705,20.79,20.705,20.755,10523.0
2026-07-16,2026-07-16 14:15:00,20.755,20.7725,20.745,20.75,2867.0
2026-07-16,2026-07-16 14:20:00,20.74,20.79,20.74,20.78,234357.0
2026-07-16,2026-07-16 14:25:00,20.775,20.78,20.775,20.78,634.0
2026-07-16,2026-07-16 14:30:00,20.76,20.76,20.72,20.735,4797.0
2026-07-16,2026-07-16 14:35:00,20.73,20.73,20.715,20.715,1684.0
2026-07-16,2026-07-16 14:40:00,20.71,20.71,20.7,20.705,1146.0
2026-07-16,2026-07-16 14:45:00,20.69,20.69,20.67,20.685,2967.0
2026-07-16,2026-07-16 14:50:00,20.67,20.7,20.65,20.67,2266.0
2026-07-16,2026-07-16 14:55:00,20.65,20.65,20.65,20.65,2640.0
2026-07-16,2026-07-16 15:00:00,20.66,20.66,20.66,20.66,772.0
2026-07-16,2026-07-16 15:05:00,20.66,20.69,20.65,20.67,4323.0
2026-07-16,2026-07-16 15:10:00,20.66,20.66,20.65,20.65,1593.0
2026-07-16,2026-07-16 15:15:00,20.66,20.67,20.66,20.67,1303.0
2026-07-16,2026-07-16 15:20:00,20.68,20.71,20.67,20.67,4115.0
2026-07-16,2026-07-16 15:25:00,20.66,20.685,20.66,20.68,2392.0
2026-07-16,2026-07-16 15:30:00,20.67,20.67,20.64,20.64,2848.0
2026-07-16,2026-07-16 15:35:00,20.63,20.63,20.6,20.63,4818.0
2026-07-16,2026-07-16 15:40:00,20.62,20.68,20.62,20.68,7092.0
2026-07-16,2026-07-16 15:45:00,20.68,20.68,20.645,20.66,7157.0
2026-07-16,2026-07-16 15:50:00,20.68,20.71,20.66,20.66,8076.0
2026-07-16,2026-07-16 15:55:00,20.66,20.73,20.66,20.73,14448.0
2026-07-16,2026-07-16 16:00:00,20.72,20.77,20.7,20.75,91455.0
2026-07-17,2026-07-17 09:35:00,20.0,20.0,19.61,19.76,22192.0
2026-07-17,2026-07-17 09:40:00,19.69,19.83,19.65,19.72,3480.0
2026-07-17,2026-07-17 09:45:00,19.73,20.0,19.73,19.93,6786.0
2026-07-17,2026-07-17 09:50:00,19.93,20.01,19.9,20.01,13114.0
2026-07-17,2026-07-17 09:55:00,20.01,20.02,20.01,20.02,3616.0
2026-07-17,2026-07-17 10:00:00,20.0,20.01,19.99,20.01,5550.0
2026-07-17,2026-07-17 10:05:00,19.98,20.0,19.94,19.97,5331.0
2026-07-17,2026-07-17 10:10:00,19.97,19.99,19.94,19.97,3943.0
2026-07-17,2026-07-17 10:15:00,19.97,20.06,19.96,20.03,15121.0
2026-07-17,2026-07-17 10:20:00,20.04,20.05,20.04,20.04,2702.0
2026-07-17,2026-07-17 10:25:00,20.07,20.17,20.07,20.1501,4107.0
2026-07-17,2026-07-17 10:30:00,20.17,20.25,20.17,20.24,12913.0
2026-07-17,2026-07-17 10:35:00,20.13,20.21,20.13,20.2,5006.0
2026-07-17,2026-07-17 10:40:00,20.19,20.3,20.17,20.3,7674.0
2026-07-17,2026-07-17 10:45:00,20.3,20.3,20.3,20.3,367.0
2026-07-17,2026-07-17 10:50:00,20.21,20.25,20.2,20.2,63960.0
2026-07-17,2026-07-17 10:55:00,20.18,20.23,20.18,20.21,3496.0
2026-07-17,2026-07-17 11:00:00,20.23,20.285,20.11,20.11,6492.0
2026-07-17,2026-07-17 11:05:00,20.075,20.12,20.05,20.11,3056.0
2026-07-17,2026-07-17 11:10:00,20.1,20.12,20.08,20.08,37952.0
2026-07-17,2026-07-17 11:15:00,20.08,20.1,20.08,20.08,4042.0
2026-07-17,2026-07-17 11:20:00,20.07,20.08,20.065,20.08,1907.0
2026-07-17,2026-07-17 11:25:00,20.09,20.11,20.085,20.085,1252.0
2026-07-17,2026-07-17 11:30:00,20.09,20.1,20.09,20.1,1164.0
2026-07-17,2026-07-17 11:35:00,20.11,20.15,20.07,20.09,11197.0
2026-07-17,2026-07-17 11:40:00,20.08,20.085,20.08,20.085,1042.0
2026-07-17,2026-07-17 11:45:00,20.08,20.12,20.05,20.065,3146.0
2026-07-17,2026-07-17 11:50:00,20.07,20.07,20.045,20.06,1914.0
2026-07-17,2026-07-17 11:55:00,20.08,20.1,20.08,20.085,2141.0
2026-07-17,2026-07-17 12:00:00,20.12,20.12,20.09,20.09,750.0
2026-07-17,2026-07-17 12:05:00,20.09,20.13,20.08,20.08,2839.0
2026-07-17,2026-07-17 12:10:00,20.08,20.085,20.08,20.085,429.0
2026-07-17,2026-07-17 12:15:00,20.1,20.1,20.1,20.1,241.0
2026-07-17,2026-07-17 12:20:00,20.08,20.08,20.051,20.08,2446.0
2026-07-17,2026-07-17 12:25:00,20.07,20.07,20.07,20.07,568.0
2026-07-17,2026-07-17 12:30:00,20.05,20.08,20.05,20.08,1861.0
2026-07-17,2026-07-17 12:35:00,20.09,20.09,20.07,20.07,554.0
2026-07-17,2026-07-17 12:40:00,20.06,20.07,20.05,20.055,1583.0
2026-07-17,2026-07-17 12:45:00,20.04,20.06,20.03,20.06,1456.0
2026-07-17,2026-07-17 12:50:00,20.06,20.065,20.055,20.055,903.0
2026-07-17,2026-07-17 12:55:00,20.07,20.08,20.06,20.06,2236.0
2026-07-17,2026-07-17 13:00:00,20.03,20.04,20.03,20.04,885.0
2026-07-17,2026-07-17 13:05:00,20.04,20.05,20.04,20.05,511.0
2026-07-17,2026-07-17 13:10:00,20.05,20.05,20.05,20.05,354.0
2026-07-17,2026-07-17 13:15:00,20.05,20.06,20.05,20.055,3143.0
2026-07-17,2026-07-17 13:20:00,20.055,20.06,20.055,20.055,1183.0
2026-07-17,2026-07-17 13:25:00,20.05,20.1,20.05,20.1,1078.0
2026-07-17,2026-07-17 13:30:00,20.07,20.08,20.07,20.08,381.0
2026-07-17,2026-07-17 13:35:00,20.08,20.08,20.05,20.06,3052.0
2026-07-17,2026-07-17 13:40:00,20.05,20.05,20.04,20.04,1231.0
2026-07-17,2026-07-17 13:45:00,20.03,20.05,20.03,20.05,1528.0
2026-07-17,2026-07-17 13:50:00,20.05,20.05,20.05,20.05,140.0
2026-07-17,2026-07-17 13:55:00,20.02,20.03,20.02,20.03,1150.0
2026-07-17,2026-07-17 14:00:00,20.02,20.03,20.02,20.03,1430.0
2026-07-17,2026-07-17 14:05:00,20.03,20.04,20.02,20.03,1622.0
2026-07-17,2026-07-17 14:10:00,20.01,20.025,20.01,20.01,9908.0
2026-07-17,2026-07-17 14:15:00,20.01,20.01,19.93,19.94,24447.0
2026-07-17,2026-07-17 14:20:00,19.965,19.965,19.94,19.945,2934.0
2026-07-17,2026-07-17 14:25:00,19.945,20.02,19.945,20.02,5454.0
2026-07-17,2026-07-17 14:30:00,20.01,20.02,20.01,20.01,1425.0
2026-07-17,2026-07-17 14:35:00,20.03,20.03,19.99,20.01,1068.0
2026-07-17,2026-07-17 14:40:00,20.01,20.03,20.01,20.025,2125.0
2026-07-17,2026-07-17 14:45:00,20.01,20.01,20.0,20.0,1187.0
2026-07-17,2026-07-17 14:50:00,20.01,20.07,20.01,20.06,4564.0
2026-07-17,2026-07-17 14:55:00,20.055,20.12,20.055,20.12,3191.0
2026-07-17,2026-07-17 15:00:00,20.14,20.25,20.14,20.21,26652.0
2026-07-17,2026-07-17 15:05:00,20.2,20.26,20.141,20.26,18263.0
2026-07-17,2026-07-17 15:10:00,20.23,20.235,20.15,20.2,14281.0
2026-07-17,2026-07-17 15:15:00,20.15,20.165,20.14,20.14,6232.0
2026-07-17,2026-07-17 15:20:00,20.145,20.205,20.145,20.19,11658.0
2026-07-17,2026-07-17 15:25:00,20.19,20.205,20.15,20.15,13213.0
2026-07-17,2026-07-17 15:30:00,20.145,20.205,20.12,20.12,51924.0
2026-07-17,2026-07-17 15:35:00,20.1,20.24,20.03,20.24,35357.0
2026-07-17,2026-07-17 15:40:00,20.24,20.26,20.16,20.185,29095.0
2026-07-17,2026-07-17 15:45:00,20.19,20.21,20.16,20.17,36235.0
2026-07-17,2026-07-17 15:50:00,20.17,20.22,20.16,20.165,25053.0
2026-07-17,2026-07-17 15:55:00,20.14,20.2,20.0925,20.2,31937.0
2026-07-17,2026-07-17 16:00:00,20.18,20.3,20.17,20.2,239925.0
2026-07-20,2026-07-20 09:35:00,20.46,20.62,20.3001,20.3001,8510.0
2026-07-20,2026-07-20 09:40:00,20.5,20.62,20.485,20.54,2219.0
2026-07-20,2026-07-20 09:45:00,20.44,20.58,20.44,20.58,3533.0
2026-07-20,2026-07-20 09:50:00,20.43,20.455,20.42,20.45,2116.0
2026-07-20,2026-07-20 09:55:00,20.45,20.47,20.4,20.435,1209.0
2026-07-20,2026-07-20 10:00:00,20.37,20.415,20.33,20.375,2294.0
2026-07-20,2026-07-20 10:05:00,20.345,20.345,20.345,20.345,219.0
2026-07-20,2026-07-20 10:10:00,20.27,20.29,20.22,20.24,3259.0
2026-07-20,2026-07-20 10:15:00,20.24,20.3,20.215,20.29,6373.0
2026-07-20,2026-07-20 10:20:00,20.2595,20.3,20.24,20.24,1675.0
2026-07-20,2026-07-20 10:25:00,20.2,20.23,20.19,20.22,2942.0
2026-07-20,2026-07-20 10:30:00,20.21,20.22,20.16,20.17,3766.0
2026-07-20,2026-07-20 10:35:00,20.15,20.15,19.97,20.02,9330.0
2026-07-20,2026-07-20 10:40:00,20.005,20.015,20.005,20.01,1016.0
2026-07-20,2026-07-20 10:45:00,19.99,20.04,19.93,19.93,1275.0
2026-07-20,2026-07-20 10:50:00,19.95,19.97,19.94,19.94,2547.0
2026-07-20,2026-07-20 10:55:00,19.95,19.96,19.95,19.955,3333.0
2026-07-20,2026-07-20 11:00:00,19.93,19.94,19.91,19.91,3193.0
2026-07-20,2026-07-20 11:05:00,19.91,19.97,19.91,19.97,2360.0
2026-07-20,2026-07-20 11:10:00,19.96,20.01,19.96,20.01,5856.0
2026-07-20,2026-07-20 11:15:00,20.0,20.0,19.95,19.975,3758.0
2026-07-20,2026-07-20 11:20:00,19.95,19.98,19.94,19.98,2548.0
2026-07-20,2026-07-20 11:25:00,19.97,19.97,19.95,19.95,672.0
2026-07-20,2026-07-20 11:30:00,19.95,19.95,19.95,19.95,357.0
2026-07-20,2026-07-20 11:35:00,19.96,19.98,19.955,19.965,10458.0
2026-07-20,2026-07-20 11:40:00,19.965,19.99,19.95,19.99,4374.0
2026-07-20,2026-07-20 11:45:00,19.99,20.01,19.99,20.01,2683.0
2026-07-20,2026-07-20 11:50:00,19.99,19.995,19.97,19.995,2380.0
2026-07-20,2026-07-20 11:55:00,20.0,20.0,19.995,19.995,642.0
2026-07-20,2026-07-20 12:00:00,20.0299,20.04,20.0,20.0,2023.0
2026-07-20,2026-07-20 12:05:00,20.0295,20.0295,20.0295,20.0295,355.0
2026-07-20,2026-07-20 12:10:00,20.03,20.04,19.98,20.0286,11474.0
2026-07-20,2026-07-20 12:15:00,20.05,20.1,20.05,20.09,2431.0
2026-07-20,2026-07-20 12:20:00,20.075,20.075,20.0512,20.06,1099.0
2026-07-20,2026-07-20 12:25:00,20.08,20.08,20.08,20.08,473.0
2026-07-20,2026-07-20 12:30:00,20.06,20.06,20.06,20.06,468.0
2026-07-20,2026-07-20 12:35:00,20.04,20.04,20.04,20.04,583.0
2026-07-20,2026-07-20 12:40:00,20.03,20.1,20.02,20.1,4489.0
2026-07-20,2026-07-20 12:45:00,20.07,20.13,20.07,20.13,7329.0
2026-07-20,2026-07-20 12:50:00,20.13,20.14,20.12,20.12,2298.0
2026-07-20,2026-07-20 12:55:00,20.12,20.19,20.1105,20.19,10340.0
2026-07-20,2026-07-20 13:00:00,20.2,20.28,20.2,20.27,10437.0
2026-07-20,2026-07-20 13:05:00,20.29,20.37,20.29,20.37,8342.0
2026-07-20,2026-07-20 13:10:00,20.39,20.39,20.275,20.275,4146.0
2026-07-20,2026-07-20 13:15:00,20.275,20.3,20.275,20.3,1392.0
2026-07-20,2026-07-20 13:20:00,20.31,20.33,20.29,20.29,2002.0
2026-07-20,2026-07-20 13:25:00,20.29,20.3,20.275,20.275,1043.0
2026-07-20,2026-07-20 13:30:00,20.25,20.255,20.25,20.255,796.0
2026-07-20,2026-07-20 13:35:00,20.28,20.29,20.28,20.28,1671.0
2026-07-20,2026-07-20 13:40:00,20.27,20.27,20.26,20.27,758.0
2026-07-20,2026-07-20 13:45:00,20.26,20.29,20.25,20.29,4532.0
2026-07-20,2026-07-20 13:50:00,20.29,20.29,20.285,20.285,725.0
2026-07-20,2026-07-20 13:55:00,20.285,20.3,20.285,20.3,1268.0
2026-07-20,2026-07-20 14:00:00,20.3,20.3,20.3,20.3,461.0
2026-07-20,2026-07-20 14:05:00,20.3,20.3,20.3,20.3,183.0
2026-07-20,2026-07-20 14:10:00,20.3,20.3,20.3,20.3,833.0
2026-07-20,2026-07-20 14:15:00,20.33,20.34,20.33,20.33,2089.0
2026-07-20,2026-07-20 14:20:00,20.35,20.37,20.35,20.365,3337.0
2026-07-20,2026-07-20 14:25:00,20.35,20.355,20.32,20.32,8553.0
2026-07-20,2026-07-20 14:30:00,20.3,20.31,20.29,20.29,1750.0
2026-07-20,2026-07-20 14:35:00,20.28,20.28,20.28,20.28,781.0
2026-07-20,2026-07-20 14:40:00,20.275,20.29,20.27,20.28,1693.0
2026-07-20,2026-07-20 14:45:00,20.25,20.26,20.25,20.26,1743.0
2026-07-20,2026-07-20 14:50:00,20.26,20.29,20.26,20.29,3526.0
2026-07-20,2026-07-20 14:55:00,20.26,20.29,20.26,20.29,2552.0
2026-07-20,2026-07-20 15:00:00,20.285,20.285,20.25,20.255,6073.0
2026-07-20,2026-07-20 15:05:00,20.255,20.27,20.25,20.25,4323.0
2026-07-20,2026-07-20 15:10:00,20.25,20.25,20.25,20.25,10883.0
2026-07-20,2026-07-20 15:15:00,20.26,20.29,20.26,20.28,3742.0
2026-07-20,2026-07-20 15:20:00,20.25,20.26,20.25,20.26,3324.0
2026-07-20,2026-07-20 15:25:00,20.27,20.32,20.27,20.32,4424.0
2026-07-20,2026-07-20 15:30:00,20.32,20.33,20.3,20.32,3382.0
2026-07-20,2026-07-20 15:35:00,20.33,20.35,20.32,20.33,4375.0
2026-07-20,2026-07-20 15:40:00,20.31,20.31,20.29,20.31,3034.0
2026-07-20,2026-07-20 15:45:00,20.32,20.33,20.32,20.33,2912.0
2026-07-20,2026-07-20 15:50:00,20.34,20.455,20.34,20.44,18961.0
2026-07-20,2026-07-20 15:55:00,20.4595,20.46,20.4,20.42,21580.0
2026-07-20,2026-07-20 16:00:00,20.41,20.54,20.41,20.52,131848.0
2026-07-21,2026-07-21 09:35:00,20.36,20.5,20.19,20.5,12956.0
2026-07-21,2026-07-21 09:40:00,20.555,20.555,20.555,20.555,459.0
2026-07-21,2026-07-21 09:45:00,20.49,20.53,20.445,20.45,4387.0
2026-07-21,2026-07-21 09:50:00,20.52,20.67,20.52,20.638803,10018.0
2026-07-21,2026-07-21 09:55:00,20.68,20.775,20.67,20.77,10298.0
2026-07-21,2026-07-21 10:00:00,20.76,20.78,20.64,20.65,7923.0
2026-07-21,2026-07-21 10:05:00,20.65,20.67,20.615,20.64,4184.0
2026-07-21,2026-07-21 10:10:00,20.66,20.7,20.62,20.66,4342.0
2026-07-21,2026-07-21 10:15:00,20.63,20.73,20.63,20.67,7910.0
2026-07-21,2026-07-21 10:20:00,20.69,20.695,20.655,20.655,1563.0
2026-07-21,2026-07-21 10:25:00,20.64,20.79,20.64,20.7899,12212.0
2026-07-21,2026-07-21 10:30:00,20.79,20.81,20.77,20.81,4324.0
2026-07-21,2026-07-21 10:35:00,20.8099,20.89,20.8099,20.88,12830.0
2026-07-21,2026-07-21 10:40:00,20.898,20.898,20.735,20.735,6596.0
2026-07-21,2026-07-21 10:45:00,20.735,20.82,20.735,20.75,3732.0
2026-07-21,2026-07-21 10:50:00,20.75,20.75,20.72,20.73,2779.0
2026-07-21,2026-07-21 10:55:00,20.73,20.73,20.67,20.67,6115.0
2026-07-21,2026-07-21 11:00:00,20.68,20.71,20.67,20.71,4265.0
2026-07-21,2026-07-21 11:05:00,20.72,20.72,20.68,20.6805,3322.0
2026-07-21,2026-07-21 11:10:00,20.71,20.74,20.71,20.735,11983.0
2026-07-21,2026-07-21 11:15:00,20.75,20.75,20.735,20.75,2172.0
2026-07-21,2026-07-21 11:20:00,20.75,20.75,20.71,20.725,2070.0
2026-07-21,2026-07-21 11:25:00,20.75,20.75,20.74,20.74,1430.0
2026-07-21,2026-07-21 11:30:00,20.76,20.78,20.76,20.76,2540.0
2026-07-21,2026-07-21 11:35:00,20.74,20.74,20.54,20.54,8055.0
2026-07-21,2026-07-21 11:40:00,20.52,20.54,20.475,20.475,1591.0
2026-07-21,2026-07-21 11:45:00,20.475,20.48,20.46,20.48,1664.0
2026-07-21,2026-07-21 11:50:00,20.46,20.48,20.44,20.44,1573.0
2026-07-21,2026-07-21 11:55:00,20.41,20.41,20.41,20.41,767.0
2026-07-21,2026-07-21 12:00:00,20.41,20.415,20.375,20.39,1822.0
2026-07-21,2026-07-21 12:05:00,20.39,20.395,20.36,20.38,2015.0
2026-07-21,2026-07-21 12:10:00,20.38,20.385,20.38,20.385,1104.0
2026-07-21,2026-07-21 12:15:00,20.331,20.35,20.331,20.35,839.0
2026-07-21,2026-07-21 12:20:00,20.34,20.36,20.33,20.36,2903.0
2026-07-21,2026-07-21 12:25:00,20.385,20.385,20.385,20.385,681.0
2026-07-21,2026-07-21 12:30:00,20.38,20.39,20.37,20.37,2952.0
2026-07-21,2026-07-21 12:35:00,20.36,20.37,20.36,20.36,921.0
2026-07-21,2026-07-21 12:40:00,20.36,20.36,20.36,20.36,1136.0
2026-07-21,2026-07-21 12:45:00,20.36,20.36,20.35,20.35,1838.0
2026-07-21,2026-07-21 12:50:00,20.335,20.34,20.29,20.305,7054.0
2026-07-21,2026-07-21 12:55:00,20.27,20.33,20.27,20.33,3693.0
2026-07-21,2026-07-21 13:00:00,20.32,20.32,20.3,20.31,990.0
2026-07-21,2026-07-21 13:05:00,20.29,20.33,20.29,20.31,4626.0
2026-07-21,2026-07-21 13:10:00,20.31,20.33,20.31,20.33,2629.0
2026-07-21,2026-07-21 13:15:00,20.33,20.33,20.3,20.3,1253.0
2026-07-21,2026-07-21 13:20:00,20.285,20.29,20.27,20.29,2484.0
2026-07-21,2026-07-21 13:25:00,20.29,20.29,20.28,20.28,1491.0
2026-07-21,2026-07-21 13:30:00,20.29,20.31,20.29,20.29,3175.0
2026-07-21,2026-07-21 13:35:00,20.27,20.29,20.27,20.29,3003.0
2026-07-21,2026-07-21 13:40:00,20.2873,20.295,20.275,20.28,2596.0
2026-07-21,2026-07-21 13:45:00,20.28,20.3,20.275,20.275,982.0
2026-07-21,2026-07-21 13:50:00,20.275,20.285,20.26,20.26,910.0
2026-07-21,2026-07-21 13:55:00,20.26,20.27,20.26,20.26,1832.0
2026-07-21,2026-07-21 14:00:00,20.27,20.28,20.26,20.28,2938.0
2026-07-21,2026-07-21 14:05:00,20.27,20.27,20.27,20.27,468.0
2026-07-21,2026-07-21 14:10:00,20.28,20.31,20.28,20.31,6761.0
2026-07-21,2026-07-21 14:15:00,20.32,20.345,20.32,20.34,4121.0
2026-07-21,2026-07-21 14:20:00,20.32,20.34,20.305,20.305,2242.0
2026-07-21,2026-07-21 14:25:00,20.305,20.335,20.305,20.335,2277.0
2026-07-21,2026-07-21 14:30:00,20.3,20.54,20.3,20.45,42424.0
2026-07-21,2026-07-21 14:35:00,20.44,20.44,20.4,20.4,1868.0
2026-07-21,2026-07-21 14:40:00,20.4,20.4,20.33,20.355,6656.0
2026-07-21,2026-07-21 14:45:00,20.355,20.395,20.35,20.38,5050.0
2026-07-21,2026-07-21 14:50:00,20.38,20.4,20.38,20.385,3871.0
2026-07-21,2026-07-21 14:55:00,20.375,20.375,20.34,20.35,1870.0
2026-07-21,2026-07-21 15:00:00,20.35,20.36,20.33,20.36,5937.0
2026-07-21,2026-07-21 15:05:00,20.35,20.35,20.34,20.35,1707.0
2026-07-21,2026-07-21 15:10:00,20.35,20.39,20.35,20.37,10231.0
2026-07-21,2026-07-21 15:15:00,20.37,20.39,20.37,20.39,4156.0
2026-07-21,2026-07-21 15:20:00,20.39,20.41,20.39,20.4,4598.0
2026-07-21,2026-07-21 15:25:00,20.4,20.4,20.37,20.375,2252.0
2026-07-21,2026-07-21 15:30:00,20.37,20.39,20.37,20.39,5453.0
2026-07-21,2026-07-21 15:35:00,20.395,20.41,20.395,20.4,3859.0
2026-07-21,2026-07-21 15:40:00,20.39,20.395,20.38,20.39,4860.0
2026-07-21,2026-07-21 15:45:00,20.385,20.39,20.37,20.38,2915.0
2026-07-21,2026-07-21 15:50:00,20.4,20.74,20.4,20.59,125279.0
2026-07-21,2026-07-21 15:55:00,20.57,20.63,20.53,20.59,92508.0
2026-07-21,2026-07-21 16:00:00,20.58,20.59,20.43,20.48,200797.0
2026-07-22,2026-07-22 09:35:00,20.66,20.78,20.66,20.69,7843.0
2026-07-22,2026-07-22 09:40:00,20.76,20.8,20.7025,20.785,2712.0
2026-07-22,2026-07-22 09:45:00,20.745,20.745,20.69,20.7,3741.0
2026-07-22,2026-07-22 09:50:00,20.71,20.85,20.71,20.83,11045.0
2026-07-22,2026-07-22 09:55:00,20.81,20.85,20.795,20.8,2213.0
2026-07-22,2026-07-22 10:00:00,20.8,20.85,20.77,20.77,2789.0
2026-07-22,2026-07-22 10:05:00,20.76,20.76,20.76,20.76,1445.0
2026-07-22,2026-07-22 10:10:00,20.8,20.82,20.68,20.7,7658.0
2026-07-22,2026-07-22 10:15:00,20.715,20.715,20.715,20.715,732.0
2026-07-22,2026-07-22 10:20:00,20.725,20.725,20.7,20.7,971.0
2026-07-22,2026-07-22 10:25:00,20.735,20.735,20.72,20.73,2197.0
2026-07-22,2026-07-22 10:30:00,20.72,20.72,20.67,20.72,4475.0
2026-07-22,2026-07-22 10:35:00,20.76,20.76,20.75,20.75,1116.0
2026-07-22,2026-07-22 10:40:00,20.75,20.78,20.75,20.76,2472.0
2026-07-22,2026-07-22 10:45:00,20.75,20.77,20.73,20.73,3547.0
2026-07-22,2026-07-22 10:50:00,20.75,20.79,20.75,20.77,1812.0
2026-07-22,2026-07-22 10:55:00,20.77,20.77,20.755,20.755,2003.0
2026-07-22,2026-07-22 11:00:00,20.755,20.755,20.755,20.755,475.0
2026-07-22,2026-07-22 11:05:00,20.75,20.75,20.74,20.74,1066.0
2026-07-22,2026-07-22 11:10:00,20.73,20.73,20.7,20.71,2267.0
2026-07-22,2026-07-22 11:15:00,20.7,20.72,20.68,20.71,4508.0
2026-07-22,2026-07-22 11:20:00,20.72,20.73,20.68,20.68,2704.0
2026-07-22,2026-07-22 11:25:00,20.69,20.705,20.69,20.705,1832.0
2026-07-22,2026-07-22 11:30:00,20.7,20.7,20.625,20.625,10323.0
2026-07-22,2026-07-22 11:35:00,20.62,20.62,20.59,20.61,1822.0
2026-07-22,2026-07-22 11:40:00,20.63,20.63,20.6,20.6,1079.0
2026-07-22,2026-07-22 11:45:00,20.615,20.62,20.615,20.62,584.0
2026-07-22,2026-07-22 11:50:00,20.62,20.62,20.56,20.6,7031.0
2026-07-22,2026-07-22 11:55:00,20.595,20.65,20.595,20.61,5320.0
2026-07-22,2026-07-22 12:00:00,20.61,20.61,20.61,20.61,417.0
2026-07-22,2026-07-22 12:05:00,20.6,20.6,20.58,20.58,3180.0
2026-07-22,2026-07-22 12:10:00,20.58,20.58,20.58,20.58,651.0
2026-07-22,2026-07-22 12:15:00,20.58,20.58,20.58,20.58,984.0
2026-07-22,2026-07-22 12:20:00,20.545,20.545,20.52,20.52,4950.0
2026-07-22,2026-07-22 12:25:00,20.5,20.515,20.5,20.515,1127.0
2026-07-22,2026-07-22 12:30:00,20.5,20.51,20.475,20.475,9368.0
2026-07-22,2026-07-22 12:35:00,20.475,20.495,20.475,20.475,508.0
2026-07-22,2026-07-22 12:40:00,20.5,20.55,20.5,20.53,4285.0
2026-07-22,2026-07-22 12:45:00,20.545,20.55,20.52,20.545,3773.0
2026-07-22,2026-07-22 12:50:00,20.53,20.53,20.51,20.51,835.0
2026-07-22,2026-07-22 12:55:00,20.51,20.57,20.51,20.5694,2173.0
2026-07-22,2026-07-22 13:00:00,20.555,20.555,20.55,20.55,794.0
2026-07-22,2026-07-22 13:05:00,20.55,20.55,20.54,20.54,1200.0
2026-07-22,2026-07-22 13:10:00,20.55,20.55,20.55,20.55,642.0
2026-07-22,2026-07-22 13:15:00,20.55,20.55,20.55,20.55,124.0
2026-07-22,2026-07-22 13:20:00,20.5599,20.56,20.535,20.55,2421.0
2026-07-22,2026-07-22 13:25:00,20.545,20.545,20.545,20.545,718.0
2026-07-22,2026-07-22 13:30:00,20.54,20.56,20.54,20.56,851.0
2026-07-22,2026-07-22 13:35:00,20.54,20.54,20.54,20.54,415.0
2026-07-22,2026-07-22 13:40:00,20.525,20.55,20.525,20.55,825.0
2026-07-22,2026-07-22 13:45:00,20.55,20.55,20.55,20.55,150.0
2026-07-22,2026-07-22 13:50:00,20.55,20.55,20.55,20.55,617.0
2026-07-22,2026-07-22 13:55:00,20.57,20.57,20.57,20.57,349.0
2026-07-22,2026-07-22 14:00:00,20.54,20.54,20.54,20.54,328.0
2026-07-22,2026-07-22 14:05:00,20.54,20.54,20.54,20.54,253.0
2026-07-22,2026-07-22 14:10:00,20.528,20.535,20.528,20.535,911.0
2026-07-22,2026-07-22 14:15:00,20.52,20.52,20.52,20.52,319.0
2026-07-22,2026-07-22 14:20:00,20.52,20.52,20.52,20.52,294.0
2026-07-22,2026-07-22 14:25:00,20.52,20.52,20.52,20.52,210.0
2026-07-22,2026-07-22 14:30:00,20.53,20.53,20.52,20.52,1206.0
2026-07-22,2026-07-22 14:35:00,20.53,20.53,20.485,20.49,2737.0
2026-07-22,2026-07-22 14:40:00,20.49,20.49,20.49,20.49,249.0
2026-07-22,2026-07-22 14:45:00,20.49,20.5,20.49,20.5,1244.0
2026-07-22,2026-07-22 14:50:00,20.5,20.5,20.49,20.49,922.0
2026-07-22,2026-07-22 14:55:00,20.49,20.49,20.49,20.49,463.0
2026-07-22,2026-07-22 15:00:00,20.495,20.495,20.495,20.495,662.0
2026-07-22,2026-07-22 15:05:00,20.495,20.495,20.495,20.495,160.0
2026-07-22,2026-07-22 15:10:00,20.495,20.495,20.495,20.495,251.0
2026-07-22,2026-07-22 15:15:00,20.46,20.46,20.46,20.46,497.0
2026-07-22,2026-07-22 15:20:00,20.4895,20.49,20.4895,20.49,845.0
2026-07-22,2026-07-22 15:25:00,20.46,20.46,20.46,20.46,886.0
2026-07-22,2026-07-22 15:30:00,20.49,20.49,20.49,20.49,958.0
2026-07-22,2026-07-22 15:35:00,20.5,20.51,20.5,20.51,1006.0
2026-07-22,2026-07-22 15:40:00,20.51,20.52,20.51,20.52,3872.0
2026-07-22,2026-07-22 15:45:00,20.538,20.54,20.51,20.51,2690.0
2026-07-22,2026-07-22 15:50:00,20.495,20.5,20.495,20.5,2944.0
2026-07-22,2026-07-22 15:55:00,20.5,20.51,20.455,20.46,6488.0
2026-07-22,2026-07-22 16:00:00,20.48,20.53,20.47,20.5,67859.0
2026-07-23,2026-07-23 09:35:00,20.3,20.32,20.17,20.29,7159.0
2026-07-23,2026-07-23 09:40:00,20.29,20.29,20.29,20.29,595.0
2026-07-23,2026-07-23 09:45:00,20.335,20.38,20.265,20.265,1660.0
2026-07-23,2026-07-23 09:50:00,20.26,20.3,20.24,20.24,3917.0
2026-07-23,2026-07-23 09:55:00,20.23,20.25,20.15,20.18,18873.0
2026-07-23,2026-07-23 10:00:00,20.19,20.21,20.19,20.2,7470.0
2026-07-23,2026-07-23 10:05:00,20.23,20.27,20.23,20.25,3380.0
2026-07-23,2026-07-23 10:10:00,20.23,20.27,20.22,20.26,2932.0
2026-07-23,2026-07-23 10:15:00,20.275,20.44,20.275,20.43,6030.0
2026-07-23,2026-07-23 10:20:00,20.45,20.45,20.31,20.31,7082.0
2026-07-23,2026-07-23 10:25:00,20.3,20.31,20.28,20.29,2950.0
2026-07-23,2026-07-23 10:30:00,20.315,20.33,20.3,20.33,1568.0
2026-07-23,2026-07-23 10:35:00,20.35,20.3505,20.33,20.33,4379.0
2026-07-23,2026-07-23 10:40:00,20.36,20.38,20.36,20.38,2578.0
2026-07-23,2026-07-23 10:45:00,20.36,20.38,20.33,20.375,5573.0
2026-07-23,2026-07-23 10:50:00,20.38,20.415,20.37,20.38,5319.0
2026-07-23,2026-07-23 10:55:00,20.4,20.43,20.4,20.43,1564.0
2026-07-23,2026-07-23 11:00:00,20.42,20.46,20.42,20.45,2388.0
2026-07-23,2026-07-23 11:05:00,20.44,20.445,20.38,20.38,1927.0
2026-07-23,2026-07-23 11:10:00,20.33,20.39,20.33,20.39,2631.0
2026-07-23,2026-07-23 11:15:00,20.37,20.375,20.34,20.34,3819.0
2026-07-23,2026-07-23 11:20:00,20.36,20.39,20.36,20.36,4119.0
2026-07-23,2026-07-23 11:25:00,20.34,20.34,20.29,20.3,3992.0
2026-07-23,2026-07-23 11:30:00,20.26,20.32,20.255,20.32,2299.0
2026-07-23,2026-07-23 11:35:00,20.3,20.31,20.295,20.31,923.0
2026-07-23,2026-07-23 11:40:00,20.33,20.33,20.3,20.3,822.0
2026-07-23,2026-07-23 11:45:00,20.33,20.36,20.33,20.35,2393.0
2026-07-23,2026-07-23 11:50:00,20.34,20.34,20.335,20.335,1818.0
2026-07-23,2026-07-23 11:55:00,20.35,20.37,20.35,20.35,2628.0
2026-07-23,2026-07-23 12:00:00,20.37,20.37,20.36,20.36,1126.0
2026-07-23,2026-07-23 12:05:00,20.37,20.385,20.355,20.355,1442.0
2026-07-23,2026-07-23 12:10:00,20.37,20.39,20.365,20.39,1124.0
2026-07-23,2026-07-23 12:15:00,20.4,20.4,20.395,20.395,1131.0
2026-07-23,2026-07-23 12:20:00,20.38,20.4,20.38,20.38,2405.0
2026-07-23,2026-07-23 12:25:00,20.4,20.45,20.4,20.45,2402.0
2026-07-23,2026-07-23 12:30:00,20.45,20.45,20.45,20.45,209.0
2026-07-23,2026-07-23 12:35:00,20.45,20.45,20.45,20.45,213.0
2026-07-23,2026-07-23 12:40:00,20.4,20.41,20.38,20.41,3295.0
2026-07-23,2026-07-23 12:45:00,20.42,20.44,20.42,20.44,1998.0
2026-07-23,2026-07-23 12:50:00,20.44,20.44,20.43,20.43,1049.0
2026-07-23,2026-07-23 12:55:00,20.42,20.44,20.42,20.44,631.0
2026-07-23,2026-07-23 13:00:00,20.45,20.47,20.45,20.47,1929.0
2026-07-23,2026-07-23 13:05:00,20.47,20.48,20.435,20.475,2638.0
2026-07-23,2026-07-23 13:10:00,20.46,20.46,20.46,20.46,890.0
2026-07-23,2026-07-23 13:15:00,20.48,20.48,20.47,20.47,3099.0
2026-07-23,2026-07-23 13:20:00,20.475,20.52,20.475,20.5,8545.0
2026-07-23,2026-07-23 13:25:00,20.5,20.5,20.5,20.5,382.0
2026-07-23,2026-07-23 13:30:00,20.49,20.49,20.36,20.36,4379.0
2026-07-23,2026-07-23 13:35:00,20.38,20.4,20.34,20.34,3398.0
2026-07-23,2026-07-23 13:40:00,20.32,20.355,20.3,20.305,7610.0
2026-07-23,2026-07-23 13:45:00,20.33,20.34,20.26,20.26,3480.0
2026-07-23,2026-07-23 13:50:00,20.2725,20.29,20.25,20.29,1295.0
2026-07-23,2026-07-23 13:55:00,20.25,20.3,20.25,20.26,4373.0
2026-07-23,2026-07-23 14:00:00,20.27,20.27,20.25,20.25,1389.0
2026-07-23,2026-07-23 14:05:00,20.2591,20.2591,20.24,20.24,1465.0
2026-07-23,2026-07-23 14:10:00,20.235,20.235,20.21,20.22,1234.0
2026-07-23,2026-07-23 14:15:00,20.225,20.225,20.1,20.11,13503.0
2026-07-23,2026-07-23 14:20:00,20.11,20.11,19.99,20.03,25578.0
2026-07-23,2026-07-23 14:25:00,20.04,20.04,20.0,20.02,3769.0
2026-07-23,2026-07-23 14:30:00,20.0,20.01,19.98,19.985,2684.0
2026-07-23,2026-07-23 14:35:00,19.985,20.05,19.985,20.05,6449.0
2026-07-23,2026-07-23 14:40:00,20.05,20.055,19.97,19.97,7318.0
2026-07-23,2026-07-23 14:45:00,19.975,19.99,19.96,19.99,1090.0
2026-07-23,2026-07-23 14:50:00,19.99,20.0,19.99,19.99,3673.0
2026-07-23,2026-07-23 14:55:00,20.0,20.0,20.0,20.0,618.0
2026-07-23,2026-07-23 15:00:00,19.99,20.0,19.985,20.0,9389.0
2026-07-23,2026-07-23 15:05:00,20.0,20.0,19.99,19.995,14316.0
2026-07-23,2026-07-23 15:10:00,19.995,20.0,19.99,20.0,1822.0
2026-07-23,2026-07-23 15:15:00,19.99,19.995,19.98,19.985,2047.0
2026-07-23,2026-07-23 15:20:00,19.98,19.98,19.98,19.98,283.0
2026-07-23,2026-07-23 15:25:00,19.98,19.98,19.96,19.975,3506.0
2026-07-23,2026-07-23 15:30:00,19.97,19.97,19.96,19.96,700.0
2026-07-23,2026-07-23 15:35:00,19.98,19.98,19.83,19.83,35320.0
2026-07-23,2026-07-23 15:40:00,19.84,19.84,19.74,19.75,40616.0
2026-07-23,2026-07-23 15:45:00,19.765,19.78,19.7,19.7,37086.0
2026-07-23,2026-07-23 15:50:00,19.69,19.74,19.66,19.72,26801.0
2026-07-23,2026-07-23 15:55:00,19.72,19.75,19.67,19.7,40760.0
2026-07-23,2026-07-23 16:00:00,19.69,19.75,19.66,19.68,183798.0
2026-07-24,2026-07-24 09:35:00,19.46,19.52,19.07,19.1,12656.0
2026-07-24,2026-07-24 09:40:00,19.1,19.17,19.085,19.17,3959.0
2026-07-24,2026-07-24 09:45:00,19.16,19.18,19.05,19.07,5310.0
2026-07-24,2026-07-24 09:50:00,19.1,19.12,19.07,19.07,2014.0
2026-07-24,2026-07-24 09:55:00,19.06,19.07,18.92,18.97,12639.0
2026-07-24,2026-07-24 10:00:00,18.955,18.98,18.92,18.96,54201.0
2026-07-24,2026-07-24 10:05:00,18.98,19.11,18.98,19.04,7276.0
2026-07-24,2026-07-24 10:10:00,19.1,19.15,19.1,19.125,3114.0
2026-07-24,2026-07-24 10:15:00,19.12,19.22,19.11,19.21,6367.0
2026-07-24,2026-07-24 10:20:00,19.22,19.22,19.155,19.155,1427.0
2026-07-24,2026-07-24 10:25:00,19.155,19.18,19.15,19.155,622.0
2026-07-24,2026-07-24 10:30:00,19.12,19.12,19.1,19.1,550.0
2026-07-24,2026-07-24 10:35:00,19.14,19.1898,19.14,19.15,2417.0
2026-07-24,2026-07-24 10:40:00,19.145,19.26,19.145,19.24,14260.0
2026-07-24,2026-07-24 10:45:00,19.21,19.3,19.21,19.26,5872.0
2026-07-24,2026-07-24 10:50:00,19.225,19.24,19.19,19.22,2266.0
2026-07-24,2026-07-24 10:55:00,19.225,19.25,19.2,19.22,3013.0
2026-07-24,2026-07-24 11:00:00,19.24,19.2572,19.24,19.2572,913.0
2026-07-24,2026-07-24 11:05:00,19.24,19.24,19.235,19.235,1439.0
2026-07-24,2026-07-24 11:10:00,19.238,19.24,19.228,19.23,2863.0
2026-07-24,2026-07-24 11:15:00,19.23,19.38,19.23,19.37,4242.0
2026-07-24,2026-07-24 11:20:00,19.38,19.43,19.38,19.405,1113.0
2026-07-24,2026-07-24 11:25:00,19.42,19.42,19.42,19.42,729.0
2026-07-24,2026-07-24 11:30:00,19.4,19.43,19.4,19.43,1512.0
2026-07-24,2026-07-24 11:35:00,19.46,19.46,19.4,19.4,1437.0
2026-07-24,2026-07-24 11:40:00,19.4036,19.44,19.33,19.33,4109.0
2026-07-24,2026-07-24 11:45:00,19.35,19.35,19.315,19.32,2512.0
2026-07-24,2026-07-24 11:50:00,19.33,19.33,19.31,19.315,1323.0
2026-07-24,2026-07-24 11:55:00,19.33,19.33,19.305,19.305,1182.0
2026-07-24,2026-07-24 12:00:00,19.31,19.34,19.3,19.315,2013.0
2026-07-24,2026-07-24 12:05:00,19.32,19.33,19.3075,19.33,1630.0
2026-07-24,2026-07-24 12:10:00,19.31,19.31,19.305,19.31,802.0
2026-07-24,2026-07-24 12:15:00,19.32,19.345,19.29,19.29,1967.0
2026-07-24,2026-07-24 12:20:00,19.3,19.33,19.3,19.33,1326.0
2026-07-24,2026-07-24 12:25:00,19.35,19.41,19.345,19.385,2608.0
2026-07-24,2026-07-24 12:30:00,19.385,19.405,19.385,19.4,1928.0
2026-07-24,2026-07-24 12:35:00,19.405,19.405,19.375,19.375,2385.0
2026-07-24,2026-07-24 12:40:00,19.375,19.375,19.37,19.37,661.0
2026-07-24,2026-07-24 12:45:00,19.35,19.35,19.345,19.35,1715.0
2026-07-24,2026-07-24 12:50:00,19.35,19.35,19.325,19.325,1590.0
2026-07-24,2026-07-24 12:55:00,19.32,19.32,19.305,19.305,1677.0
2026-07-24,2026-07-24 13:00:00,19.32,19.33,19.315,19.32,2489.0
2026-07-24,2026-07-24 13:05:00,19.29,19.29,19.26,19.28,1246.0
2026-07-24,2026-07-24 13:10:00,19.275,19.275,19.25,19.26,3288.0
2026-07-24,2026-07-24 13:15:00,19.26,19.27,19.258,19.26,2512.0
2026-07-24,2026-07-24 13:20:00,19.265,19.34,19.25,19.3,9429.0
2026-07-24,2026-07-24 13:25:00,19.325,19.4,19.32,19.4,10213.0
2026-07-24,2026-07-24 13:30:00,19.41,19.42,19.37,19.37,4068.0
2026-07-24,2026-07-24 13:35:00,19.36,19.36,19.33,19.35,2183.0
2026-07-24,2026-07-24 13:40:00,19.32,19.32,19.22,19.25,10911.0
2026-07-24,2026-07-24 13:45:00,19.25,19.28,19.25,19.28,2539.0
2026-07-24,2026-07-24 13:50:00,19.2705,19.28,19.26,19.28,2029.0
2026-07-24,2026-07-24 13:55:00,19.26,19.28,19.26,19.27,1414.0
2026-07-24,2026-07-24 14:00:00,19.27,19.27,19.27,19.27,1004.0
2026-07-24,2026-07-24 14:05:00,19.28,19.315,19.27,19.315,3794.0
2026-07-24,2026-07-24 14:10:00,19.315,19.32,19.27,19.31,12473.0
2026-07-24,2026-07-24 14:15:00,19.32,19.35,19.305,19.305,7642.0
2026-07-24,2026-07-24 14:20:00,19.305,19.34,19.29,19.34,2758.0
2026-07-24,2026-07-24 14:25:00,19.335,19.35,19.32,19.35,1763.0
2026-07-24,2026-07-24 14:30:00,19.355,19.36,19.335,19.36,1362.0
2026-07-24,2026-07-24 14:35:00,19.35,19.37,19.34,19.36,2968.0
2026-07-24,2026-07-24 14:40:00,19.35,19.39,19.35,19.37,3438.0
2026-07-24,2026-07-24 14:45:00,19.35,19.38,19.35,19.375,2674.0
2026-07-24,2026-07-24 14:50:00,19.38,19.39,19.38,19.39,2351.0
2026-07-24,2026-07-24 14:55:00,19.38,19.42,19.38,19.41,7129.0
2026-07-24,2026-07-24 15:00:00,19.41,19.43,19.385,19.405,6478.0
2026-07-24,2026-07-24 15:05:00,19.395,19.405,19.38,19.395,3680.0
2026-07-24,2026-07-24 15:10:00,19.41,19.41,19.37,19.375,3786.0
2026-07-24,2026-07-24 15:15:00,19.37,19.37,19.35,19.36,1595.0
2026-07-24,2026-07-24 15:20:00,19.36,19.37,19.34,19.37,2727.0
2026-07-24,2026-07-24 15:25:00,19.33,19.385,19.33,19.37,1870.0
2026-07-24,2026-07-24 15:30:00,19.37,19.39,19.36,19.36,3902.0
2026-07-24,2026-07-24 15:35:00,19.37,19.405,19.37,19.38,7747.0
2026-07-24,2026-07-24 15:40:00,19.4,19.4,19.32,19.32,10680.0
2026-07-24,2026-07-24 15:45:00,19.325,19.325,19.295,19.3,5106.0
2026-07-24,2026-07-24 15:50:00,19.3,19.31,19.285,19.3,5107.0
2026-07-24,2026-07-24 15:55:00,19.31,19.31,19.27,19.295,15024.0
2026-07-24,2026-07-24 16:00:00,19.29,19.31,19.21,19.22,108435.0
2026-07-27,2026-07-27 09:35:00,19.14,19.225,19.0,19.225,15104.0
2026-07-27,2026-07-27 09:40:00,19.17,19.28,19.1,19.28,9240.0
2026-07-27,2026-07-27 09:45:00,19.31,19.31,19.18,19.18,27495.0
2026-07-27,2026-07-27 09:50:00,19.185,19.2,19.13,19.13,8864.0
2026-07-27,2026-07-27 09:55:00,19.09,19.22,19.08,19.22,11099.0
2026-07-27,2026-07-27 10:00:00,19.2,19.21,19.16,19.17,3800.0
2026-07-27,2026-07-27 10:05:00,19.15,19.15,19.05,19.05,7706.0
2026-07-27,2026-07-27 10:10:00,19.05,19.05,19.05,19.05,2018.0
2026-07-27,2026-07-27 10:15:00,19.02,19.105,18.97,19.04,6834.0
2026-07-27,2026-07-27 10:20:00,19.04,19.04,18.95,19.005,8997.0
2026-07-27,2026-07-27 10:25:00,19.005,19.005,19.005,19.005,1227.0
2026-07-27,2026-07-27 10:30:00,18.9,18.94,18.895,18.91,4683.0
2026-07-27,2026-07-27 10:35:00,18.9,18.9,18.7971,18.7971,7716.0
2026-07-27,2026-07-27 10:40:00,18.7901,18.83,18.78,18.82,3390.0
2026-07-27,2026-07-27 10:45:00,18.82,18.825,18.76,18.78,7404.0
2026-07-27,2026-07-27 10:50:00,18.81,18.81,18.77,18.79,5642.0
2026-07-27,2026-07-27 10:55:00,18.78,18.83,18.77,18.775,7557.0
2026-07-27,2026-07-27 11:00:00,18.78,18.83,18.78,18.83,3377.0
2026-07-27,2026-07-27 11:05:00,18.82,18.84,18.82,18.84,2841.0
2026-07-27,2026-07-27 11:10:00,18.86,18.86,18.81,18.81,1798.0
2026-07-27,2026-07-27 11:15:00,18.81,18.8207,18.81,18.82,2736.0
2026-07-27,2026-07-27 11:20:00,18.8,18.82,18.79,18.82,5768.0
2026-07-27,2026-07-27 11:25:00,18.815,18.84,18.815,18.84,3734.0
2026-07-27,2026-07-27 11:30:00,18.82,18.84,18.77,18.79,47110.0
2026-07-27,2026-07-27 11:35:00,18.76,18.78,18.74,18.78,15812.0
2026-07-27,2026-07-27 11:40:00,18.77,18.81,18.77,18.8,5603.0
2026-07-27,2026-07-27 11:45:00,18.78,18.78,18.755,18.78,6026.0
2026-07-27,2026-07-27 11:50:00,18.78,18.805,18.76,18.785,6072.0
2026-07-27,2026-07-27 11:55:00,18.78,18.78,18.76,18.76,1161.0
2026-07-27,2026-07-27 12:00:00,18.76,18.76,18.73,18.73,2778.0
2026-07-27,2026-07-27 12:05:00,18.72,18.7225,18.7,18.705,4085.0
2026-07-27,2026-07-27 12:10:00,18.7,18.705,18.69,18.69,2056.0
2026-07-27,2026-07-27 12:15:00,18.7,18.7,18.69,18.69,1014.0
2026-07-27,2026-07-27 12:20:00,18.69,18.7,18.69,18.7,1502.0
2026-07-27,2026-07-27 12:25:00,18.71,18.725,18.7,18.72,3309.0
2026-07-27,2026-07-27 12:30:00,18.725,18.77,18.69,18.7,16588.0
2026-07-27,2026-07-27 12:35:00,18.7,18.76,18.7,18.73,7615.0
2026-07-27,2026-07-27 12:40:00,18.745,18.78,18.74,18.745,15267.0
2026-07-27,2026-07-27 12:45:00,18.715,18.75,18.705,18.745,5287.0
2026-07-27,2026-07-27 12:50:00,18.73,18.75,18.73,18.75,2939.0
2026-07-27,2026-07-27 12:55:00,18.74,18.75,18.7,18.7,2574.0
2026-07-27,2026-07-27 13:00:00,18.7,18.7,18.68,18.7,1256.0
2026-07-27,2026-07-27 13:05:00,18.69,18.69,18.655,18.67,1764.0
2026-07-27,2026-07-27 13:10:00,18.67,18.67,18.665,18.665,1822.0
2026-07-27,2026-07-27 13:15:00,18.6627,18.72,18.61,18.72,19782.0
2026-07-27,2026-07-27 13:20:00,18.72,18.73,18.68,18.7,3195.0
2026-07-27,2026-07-27 13:25:00,18.7,18.75,18.7,18.72,3316.0
2026-07-27,2026-07-27 13:30:00,18.73,18.73,18.65,18.65,2767.0
2026-07-27,2026-07-27 13:35:00,18.64,18.645,18.61,18.61,4292.0
2026-07-27,2026-07-27 13:40:00,18.6,18.65,18.55,18.57,13901.0
2026-07-27,2026-07-27 13:45:00,18.56,18.59,18.55,18.59,5675.0
2026-07-27,2026-07-27 13:50:00,18.58,18.595,18.55,18.555,53817.0
2026-07-27,2026-07-27 13:55:00,18.55,18.64,18.55,18.64,3963.0
2026-07-27,2026-07-27 14:00:00,18.66,18.665,18.66,18.665,1162.0
2026-07-27,2026-07-27 14:05:00,18.67,18.71,18.66,18.66,1582.0
2026-07-27,2026-07-27 14:10:00,18.705,18.705,18.58,18.63,23963.0
2026-07-27,2026-07-27 14:15:00,18.6395,18.66,18.63,18.66,2820.0
2026-07-27,2026-07-27 14:20:00,18.655,18.655,18.655,18.655,2633.0
2026-07-27,2026-07-27 14:25:00,18.675,18.685,18.655,18.655,1621.0
2026-07-27,2026-07-27 14:30:00,18.655,18.67,18.65,18.65,1661.0
2026-07-27,2026-07-27 14:35:00,18.64,18.64,18.62,18.62,2758.0
2026-07-27,2026-07-27 14:40:00,18.65,18.665,18.65,18.665,826.0
2026-07-27,2026-07-27 14:45:00,18.65,18.66,18.65,18.65,2706.0
2026-07-27,2026-07-27 14:50:00,18.64,18.64,18.63,18.63,2831.0
2026-07-27,2026-07-27 14:55:00,18.615,18.65,18.615,18.65,1987.0
2026-07-27,2026-07-27 15:00:00,18.64,18.66,18.635,18.66,3101.0
2026-07-27,2026-07-27 15:05:00,18.66,18.66,18.64,18.64,1231.0
2026-07-27,2026-07-27 15:10:00,18.64,18.68,18.63,18.66,3232.0
2026-07-27,2026-07-27 15:15:00,18.67,18.6898,18.66,18.67,4948.0
2026-07-27,2026-07-27 15:20:00,18.675,18.7,18.675,18.695,3468.0
2026-07-27,2026-07-27 15:25:00,18.69,18.75,18.68,18.73,8082.0
2026-07-27,2026-07-27 15:30:00,18.73,18.75,18.71,18.75,3194.0
2026-07-27,2026-07-27 15:35:00,18.77,18.79,18.75,18.75,3715.0
2026-07-27,2026-07-27 15:40:00,18.74,18.76,18.72,18.75,8428.0
2026-07-27,2026-07-27 15:45:00,18.73,18.76,18.67,18.68,22456.0
2026-07-27,2026-07-27 15:50:00,18.69,18.72,18.685,18.72,7118.0
2026-07-27,2026-07-27 15:55:00,18.7,18.71,18.655,18.71,16924.0
2026-07-27,2026-07-27 16:00:00,18.7,18.7,18.605,18.64,143936.0
2026-07-28,2026-07-28 09:35:00,18.87,19.05,18.87,18.995,10467.0
2026-07-28,2026-07-28 09:40:00,19.0,19.12,18.97,19.12,5053.0
2026-07-28,2026-07-28 09:45:00,19.09,19.175,19.03,19.04,9677.0
2026-07-28,2026-07-28 09:50:00,19.045,19.085,18.97,18.97,3986.0
2026-07-28,2026-07-28 09:55:00,18.94,18.95,18.89,18.915,2809.0
2026-07-28,2026-07-28 10:00:00,18.9201,18.94,18.89,18.935,6376.0
2026-07-28,2026-07-28 10:05:00,18.94,18.94,18.9,18.915,4855.0
2026-07-28,2026-07-28 10:10:00,18.915,18.915,18.87,18.875,13202.0
2026-07-28,2026-07-28 10:15:00,18.875,18.96,18.875,18.91,6521.0
2026-07-28,2026-07-28 10:20:00,18.92,18.96,18.89,18.96,3948.0
2026-07-28,2026-07-28 10:25:00,18.95,19.0,18.88,18.88,18303.0
2026-07-28,2026-07-28 10:30:00,18.89,18.89,18.86,18.865,4397.0
2026-07-28,2026-07-28 10:35:00,18.865,18.88,18.73,18.73,10049.0
2026-07-28,2026-07-28 10:40:00,18.74,18.76,18.71,18.73,3753.0
2026-07-28,2026-07-28 10:45:00,18.74,18.76,18.72,18.76,4334.0
2026-07-28,2026-07-28 10:50:00,18.78,18.79,18.77,18.79,1583.0
2026-07-28,2026-07-28 10:55:00,18.78,18.78,18.735,18.755,3242.0
2026-07-28,2026-07-28 11:00:00,18.755,18.755,18.72,18.73,3130.0
2026-07-28,2026-07-28 11:05:00,18.73,18.73,18.7,18.72,2401.0
2026-07-28,2026-07-28 11:10:00,18.72,18.735,18.71,18.71,6078.0
2026-07-28,2026-07-28 11:15:00,18.72,18.73,18.71,18.73,3568.0
2026-07-28,2026-07-28 11:20:00,18.74,18.76,18.74,18.75,3528.0
2026-07-28,2026-07-28 11:25:00,18.76,18.8,18.76,18.8,5764.0
2026-07-28,2026-07-28 11:30:00,18.8,18.84,18.8,18.84,3516.0
2026-07-28,2026-07-28 11:35:00,18.85,18.87,18.84,18.865,5201.0
2026-07-28,2026-07-28 11:40:00,18.865,18.95,18.865,18.95,2852.0
2026-07-28,2026-07-28 11:45:00,18.94,18.97,18.9,18.9,8208.0
2026-07-28,2026-07-28 11:50:00,18.89,18.89,18.87,18.87,13378.0
2026-07-28,2026-07-28 11:55:00,18.87,18.87,18.87,18.87,686.0
2026-07-28,2026-07-28 12:00:00,18.87,18.87,18.87,18.87,772.0
2026-07-28,2026-07-28 12:05:00,18.86,18.87,18.8272,18.8272,2188.0
2026-07-28,2026-07-28 12:10:00,18.83,18.845,18.82,18.82,3648.0
2026-07-28,2026-07-28 12:15:00,18.825,18.85,18.825,18.84,3349.0
2026-07-28,2026-07-28 12:20:00,18.83,18.83,18.79,18.79,2624.0
2026-07-28,2026-07-28 12:25:00,18.8,18.8,18.77,18.78,4590.0
2026-07-28,2026-07-28 12:30:00,18.78,18.78,18.53,18.6,100434.0
2026-07-28,2026-07-28 12:35:00,18.59,18.63,18.26,18.415,178079.0
2026-07-28,2026-07-28 12:40:00,18.4,18.44,18.26,18.35,87180.0
2026-07-28,2026-07-28 12:45:00,18.37,18.58,18.37,18.56,218836.0
2026-07-28,2026-07-28 12:50:00,18.54,18.56,18.465,18.55,19784.0
2026-07-28,2026-07-28 12:55:00,18.55,18.65,18.5,18.65,23596.0
2026-07-28,2026-07-28 13:00:00,18.64,18.65,18.62,18.64,7888.0
2026-07-28,2026-07-28 13:05:00,18.64,18.65,18.64,18.645,1433.0
2026-07-28,2026-07-28 13:10:00,18.645,18.67,18.54,18.58,47977.0
2026-07-28,2026-07-28 13:15:00,18.56,18.6,18.56,18.58,1661.0
2026-07-28,2026-07-28 13:20:00,18.59,18.63,18.59,18.63,3642.0
2026-07-28,2026-07-28 13:25:00,18.64,18.66,18.63,18.64,5414.0
2026-07-28,2026-07-28 13:30:00,18.64,18.64,18.64,18.64,270.0
2026-07-28,2026-07-28 13:35:00,18.62,18.63,18.615,18.62,1587.0
2026-07-28,2026-07-28 13:40:00,18.63,18.63,18.63,18.63,313.0
2026-07-28,2026-07-28 13:45:00,18.64,18.665,18.64,18.665,4529.0
2026-07-28,2026-07-28 13:50:00,18.665,18.665,18.66,18.66,1758.0
2026-07-28,2026-07-28 13:55:00,18.67,18.67,18.67,18.67,680.0
2026-07-28,2026-07-28 14:00:00,18.65,18.67,18.65,18.655,1764.0
2026-07-28,2026-07-28 14:05:00,18.67,18.69,18.67,18.69,1102.0
2026-07-28,2026-07-28 14:10:00,18.67,18.67,18.67,18.67,606.0
2026-07-28,2026-07-28 14:15:00,18.68,18.68,18.68,18.68,341.0
2026-07-28,2026-07-28 14:20:00,18.67,18.67,18.67,18.67,635.0
2026-07-28,2026-07-28 14:25:00,18.67,18.67,18.67,18.67,165.0
2026-07-28,2026-07-28 14:30:00,18.68,18.68,18.68,18.68,266.0
2026-07-28,2026-07-28 14:35:00,18.675,18.69,18.675,18.68,1245.0
2026-07-28,2026-07-28 14:40:00,18.7,18.7,18.68,18.68,2925.0
2026-07-28,2026-07-28 14:45:00,18.68,18.68,18.67,18.67,1531.0
2026-07-28,2026-07-28 14:50:00,18.7,18.72,18.68,18.7,11804.0
2026-07-28,2026-07-28 14:55:00,18.7,18.71,18.65,18.675,10115.0
2026-07-28,2026-07-28 15:00:00,18.685,18.69,18.67,18.69,2988.0
2026-07-28,2026-07-28 15:05:00,18.7,18.7,18.7,18.7,262.0
2026-07-28,2026-07-28 15:10:00,18.7,18.7,18.69,18.69,1829.0
2026-07-28,2026-07-28 15:15:00,18.67,18.69,18.66,18.66,8681.0
2026-07-28,2026-07-28 15:20:00,18.65,18.67,18.635,18.64,18251.0
2026-07-28,2026-07-28 15:25:00,18.64,18.675,18.63,18.675,6751.0
2026-07-28,2026-07-28 15:30:00,18.675,18.68,18.64,18.64,3655.0
2026-07-28,2026-07-28 15:35:00,18.65,18.66,18.645,18.66,1163.0
2026-07-28,2026-07-28 15:40:00,18.65,18.675,18.65,18.675,5261.0
2026-07-28,2026-07-28 15:45:00,18.67,18.67,18.62,18.62,3731.0
2026-07-28,2026-07-28 15:50:00,18.6,18.67,18.58,18.67,27288.0
2026-07-28,2026-07-28 15:55:00,18.68,18.705,18.64,18.675,15758.0
2026-07-28,2026-07-28 16:00:00,18.66,18.66,18.6,18.62,103904.0
2026-07-29,2026-07-29 09:35:00,18.33,18.36,18.33,18.36,10820.0
2026-07-29,2026-07-29 09:40:00,18.355,18.355,18.1874,18.205,31009.0
2026-07-29,2026-07-29 09:45:00,18.18,18.18,18.1,18.14,8900.0
2026-07-29,2026-07-29 09:50:00,18.15,18.23,18.15,18.2,3272.0
2026-07-29,2026-07-29 09:55:00,18.16,18.21,18.13,18.19,4793.0
2026-07-29,2026-07-29 10:00:00,18.205,18.32,18.2,18.28,49987.0
2026-07-29,2026-07-29 10:05:00,18.18,18.18,18.14,18.14,1322.0
2026-07-29,2026-07-29 10:10:00,18.22,18.31,18.22,18.24,11678.0
2026-07-29,2026-07-29 10:15:00,18.23,18.25,18.16,18.18,3705.0
2026-07-29,2026-07-29 10:20:00,18.18,18.18,18.15,18.16,2269.0
2026-07-29,2026-07-29 10:25:00,18.16,18.25,18.16,18.23,2524.0
2026-07-29,2026-07-29 10:30:00,18.22,18.23,18.19,18.19,2256.0
2026-07-29,2026-07-29 10:35:00,18.19,18.19,18.18,18.18,2238.0
2026-07-29,2026-07-29 10:40:00,18.14,18.21,18.14,18.2,3503.0
2026-07-29,2026-07-29 10:45:00,18.21,18.21,18.16,18.16,8270.0
2026-07-29,2026-07-29 10:50:00,18.18,18.195,18.17,18.17,1704.0
2026-07-29,2026-07-29 10:55:00,18.19,18.25,18.19,18.25,4085.0
2026-07-29,2026-07-29 11:00:00,18.23,18.26,18.23,18.25,4136.0
2026-07-29,2026-07-29 11:05:00,18.25,18.255,18.22,18.22,5375.0
2026-07-29,2026-07-29 11:10:00,18.225,18.26,18.225,18.26,8964.0
2026-07-29,2026-07-29 11:15:00,18.24,18.27,18.24,18.26,2941.0
2026-07-29,2026-07-29 11:20:00,18.25,18.27,18.25,18.27,2292.0
2026-07-29,2026-07-29 11:25:00,18.26,18.3,18.25,18.28,11703.0
2026-07-29,2026-07-29 11:30:00,18.27,18.315,18.27,18.315,2757.0
2026-07-29,2026-07-29 11:35:00,18.33,18.39,18.33,18.39,3476.0
2026-07-29,2026-07-29 11:40:00,18.41,18.43,18.38,18.39,10925.0
2026-07-29,2026-07-29 11:45:00,18.385,18.385,18.385,18.385,1070.0
2026-07-29,2026-07-29 11:50:00,18.385,18.385,18.325,18.34,11743.0
2026-07-29,2026-07-29 11:55:00,18.335,18.335,18.33,18.33,485.0
2026-07-29,2026-07-29 12:00:00,18.32,18.34,18.32,18.33,1349.0
2026-07-29,2026-07-29 12:05:00,18.32,18.33,18.32,18.32,1041.0
2026-07-29,2026-07-29 12:10:00,18.32,18.33,18.32,18.33,730.0
2026-07-29,2026-07-29 12:15:00,18.32,18.32,18.27,18.27,1718.0
2026-07-29,2026-07-29 12:20:00,18.26,18.26,18.245,18.245,1312.0
2026-07-29,2026-07-29 12:25:00,18.26,18.3,18.255,18.255,2845.0
2026-07-29,2026-07-29 12:30:00,18.26,18.26,18.24,18.24,2679.0
2026-07-29,2026-07-29 12:35:00,18.25,18.26,18.25,18.26,981.0
2026-07-29,2026-07-29 12:40:00,18.26,18.26,18.26,18.26,30.0
2026-07-29,2026-07-29 12:45:00,18.25,18.29,18.25,18.28,4912.0
2026-07-29,2026-07-29 12:50:00,18.275,18.29,18.27,18.27,4291.0
2026-07-29,2026-07-29 12:55:00,18.26,18.28,18.26,18.28,721.0
2026-07-29,2026-07-29 13:00:00,18.28,18.285,18.28,18.28,995.0
2026-07-29,2026-07-29 13:05:00,18.3,18.31,18.295,18.3,1249.0
2026-07-29,2026-07-29 13:10:00,18.3,18.3,18.275,18.275,2561.0
2026-07-29,2026-07-29 13:15:00,18.28,18.3,18.27,18.3,1928.0
2026-07-29,2026-07-29 13:20:00,18.29,18.32,18.29,18.32,3514.0
2026-07-29,2026-07-29 13:25:00,18.325,18.35,18.325,18.34,1580.0
2026-07-29,2026-07-29 13:30:00,18.35,18.36,18.35,18.36,845.0
2026-07-29,2026-07-29 13:35:00,18.35,18.35,18.31,18.35,9488.0
2026-07-29,2026-07-29 13:40:00,18.335,18.335,18.31,18.31,1801.0
2026-07-29,2026-07-29 13:45:00,18.32,18.33,18.3,18.305,3082.0
2026-07-29,2026-07-29 13:50:00,18.3,18.37,18.29,18.37,2903.0
2026-07-29,2026-07-29 13:55:00,18.35,18.39,18.35,18.39,2064.0
2026-07-29,2026-07-29 14:00:00,18.39,18.395,18.39,18.395,1670.0
2026-07-29,2026-07-29 14:05:00,18.4,18.49,18.4,18.48,7657.0
2026-07-29,2026-07-29 14:10:00,18.48,18.505,18.4,18.4,5614.0
2026-07-29,2026-07-29 14:15:00,18.4,18.415,18.35,18.375,1317.0
2026-07-29,2026-07-29 14:20:00,18.37,18.37,18.32,18.33,1369.0
2026-07-29,2026-07-29 14:25:00,18.335,18.335,18.3,18.32,3307.0
2026-07-29,2026-07-29 14:30:00,18.315,18.34,18.315,18.34,1689.0
2026-07-29,2026-07-29 14:35:00,18.33,18.36,18.32,18.355,4710.0
2026-07-29,2026-07-29 14:40:00,18.345,18.4,18.345,18.395,2759.0
2026-07-29,2026-07-29 14:45:00,18.41,18.45,18.39,18.45,5986.0
2026-07-29,2026-07-29 14:50:00,18.43,18.44,18.43,18.44,3222.0
2026-07-29,2026-07-29 14:55:00,18.44,18.53,18.44,18.49,53661.0
2026-07-29,2026-07-29 15:00:00,18.49,18.495,18.47,18.48,1876.0
2026-07-29,2026-07-29 15:05:00,18.48,18.505,18.43,18.43,5947.0
2026-07-29,2026-07-29 15:10:00,18.42,18.43,18.39,18.415,2954.0
2026-07-29,2026-07-29 15:15:00,18.4,18.405,18.38,18.39,3471.0
2026-07-29,2026-07-29 15:20:00,18.44,18.44,18.39,18.4,4882.0
2026-07-29,2026-07-29 15:25:00,18.41,18.425,18.38,18.39,6884.0
2026-07-29,2026-07-29 15:30:00,18.39,18.39,18.36,18.385,5496.0
2026-07-29,2026-07-29 15:35:00,18.38,18.43,18.35,18.365,12056.0
2026-07-29,2026-07-29 15:40:00,18.365,18.405,18.34,18.34,7675.0
2026-07-29,2026-07-29 15:45:00,18.34,18.395,18.325,18.35,8395.0
2026-07-29,2026-07-29 15:50:00,18.36,18.39,18.33,18.33,9651.0
2026-07-29,2026-07-29 15:55:00,18.33,18.38,18.32,18.38,20673.0
2026-07-29,2026-07-29 16:00:00,18.37,18.395,18.275,18.31,108119.0
2026-07-30,2026-07-30 09:35:00,18.28,18.2838,18.195,18.2838,7411.0
2026-07-30,2026-07-30 09:40:00,18.205,18.205,18.2,18.2,687.0
2026-07-30,2026-07-30 09:45:00,18.14,18.14,18.04,18.09,1762.0
2026-07-30,2026-07-30 09:50:00,18.05,18.07,18.05,18.05,1857.0
2026-07-30,2026-07-30 09:55:00,18.075,18.115,18.075,18.115,557.0
2026-07-30,2026-07-30 10:00:00,18.1,18.18,18.1,18.18,1425.0
2026-07-30,2026-07-30 10:05:00,18.16,18.27,18.15,18.27,17269.0
2026-07-30,2026-07-30 10:10:00,18.275,18.275,18.19,18.21,2952.0
2026-07-30,2026-07-30 10:15:00,18.18,18.18,18.085,18.085,2384.0
2026-07-30,2026-07-30 10:20:00,18.08,18.08,18.075,18.075,801.0
2026-07-30,2026-07-30 10:25:00,18.08,18.11,18.08,18.08,1679.0
2026-07-30,2026-07-30 10:30:00,18.05,18.11,18.05,18.11,1926.0
2026-07-30,2026-07-30 10:35:00,18.12,18.12,18.08,18.09,1929.0
2026-07-30,2026-07-30 10:40:00,18.06,18.07,18.03,18.07,1872.0
2026-07-30,2026-07-30 10:45:00,18.09,18.1,18.08,18.09,2589.0
2026-07-30,2026-07-30 10:50:00,18.06,18.06,17.97,17.974,4683.0
2026-07-30,2026-07-30 10:55:00,17.99,18.0,17.96,17.96,3789.0
2026-07-30,2026-07-30 11:00:00,17.97,17.99,17.97,17.99,2698.0
2026-07-30,2026-07-30 11:05:00,18.0,18.0,17.98,17.98,1798.0
2026-07-30,2026-07-30 11:10:00,17.975,18.0,17.935,17.935,3850.0
2026-07-30,2026-07-30 11:15:00,17.95,17.97,17.92,17.93,2745.0
2026-07-30,2026-07-30 11:20:00,17.93,17.975,17.93,17.975,2365.0
2026-07-30,2026-07-30 11:25:00,17.98,17.99,17.96,17.98,3720.0
2026-07-30,2026-07-30 11:30:00,17.98,18.045,17.97,18.045,9710.0
2026-07-30,2026-07-30 11:35:00,18.05,18.1,18.05,18.08,1315.0
2026-07-30,2026-07-30 11:40:00,18.08,18.08,18.05,18.0676,2686.0
2026-07-30,2026-07-30 11:45:00,18.06,18.07,18.03,18.07,3805.0
2026-07-30,2026-07-30 11:50:00,18.085,18.085,18.085,18.085,278.0
2026-07-30,2026-07-30 11:55:00,18.08,18.08,18.07,18.07,2005.0
2026-07-30,2026-07-30 12:00:00,18.08,18.08,18.065,18.07,1499.0
2026-07-30,2026-07-30 12:05:00,18.07,18.07,18.06,18.07,1124.0
2026-07-30,2026-07-30 12:10:00,18.05,18.05,18.02,18.025,892.0
2026-07-30,2026-07-30 12:15:00,18.04,18.04,18.03,18.04,1605.0
2026-07-30,2026-07-30 12:20:00,18.05,18.095,18.05,18.05,1961.0
2026-07-30,2026-07-30 12:25:00,18.04,18.07,18.04,18.07,1654.0
2026-07-30,2026-07-30 12:30:00,18.055,18.09,18.055,18.06,4552.0
2026-07-30,2026-07-30 12:35:00,18.065,18.08,18.065,18.065,886.0
2026-07-30,2026-07-30 12:40:00,18.065,18.065,18.065,18.065,268.0
2026-07-30,2026-07-30 12:45:00,18.06,18.07,18.06,18.07,1273.0
2026-07-30,2026-07-30 12:50:00,18.05,18.06,18.05,18.06,892.0
2026-07-30,2026-07-30 12:55:00,18.055,18.1,18.05,18.1,3257.0
2026-07-30,2026-07-30 13:00:00,18.08,18.08,18.08,18.08,493.0
2026-07-30,2026-07-30 13:05:00,18.1,18.105,18.09,18.09,1575.0
2026-07-30,2026-07-30 13:10:00,18.09,18.09,18.09,18.09,671.0
2026-07-30,2026-07-30 13:15:00,18.09,18.095,18.08,18.08,4734.0
2026-07-30,2026-07-30 13:20:00,18.08,18.08,18.08,18.08,305.0
2026-07-30,2026-07-30 13:25:00,18.085,18.085,18.07,18.08,2136.0
2026-07-30,2026-07-30 13:30:00,18.07,18.07,18.055,18.06,1037.0
2026-07-30,2026-07-30 13:35:00,18.07,18.09,18.07,18.08,1640.0
2026-07-30,2026-07-30 13:40:00,18.09,18.09,18.08,18.08,1122.0
2026-07-30,2026-07-30 13:45:00,18.07,18.09,18.07,18.09,1202.0
2026-07-30,2026-07-30 13:50:00,18.0739,18.1,18.0739,18.1,1871.0
2026-07-30,2026-07-30 13:55:00,18.1,18.1,18.08,18.1,3310.0
2026-07-30,2026-07-30 14:00:00,18.1,18.1,18.1,18.1,468.0
2026-07-30,2026-07-30 14:05:00,18.1,18.11,18.1,18.11,2292.0
2026-07-30,2026-07-30 14:10:00,18.09,18.1,18.09,18.1,1379.0
2026-07-30,2026-07-30 14:15:00,18.11,18.12,18.11,18.12,1368.0
2026-07-30,2026-07-30 14:20:00,18.12,18.14,18.12,18.14,1674.0
2026-07-30,2026-07-30 14:25:00,18.13,18.15,18.13,18.14,1417.0
2026-07-30,2026-07-30 14:30:00,18.14,18.14,18.14,18.14,147.0
2026-07-30,2026-07-30 14:35:00,18.14,18.14,18.14,18.14,1168.0
2026-07-30,2026-07-30 14:40:00,18.14,18.14,18.138,18.14,1468.0
2026-07-30,2026-07-30 14:45:00,18.16,18.16,18.16,18.16,697.0
2026-07-30,2026-07-30 14:50:00,18.17,18.17,18.16,18.16,1394.0
2026-07-30,2026-07-30 14:55:00,18.17,18.17,18.165,18.17,1274.0
2026-07-30,2026-07-30 15:00:00,18.18,18.18,18.165,18.175,2958.0
2026-07-30,2026-07-30 15:05:00,18.16,18.16,18.15,18.155,1906.0
2026-07-30,2026-07-30 15:10:00,18.155,18.17,18.155,18.17,729.0
2026-07-30,2026-07-30 15:15:00,18.17,18.17,18.16,18.17,2518.0
2026-07-30,2026-07-30 15:20:00,18.16,18.16,18.14,18.14,3764.0
2026-07-30,2026-07-30 15:25:00,18.14,18.16,18.13,18.16,17216.0
2026-07-30,2026-07-30 15:30:00,18.17,18.18,18.16,18.16,3536.0
2026-07-30,2026-07-30 15:35:00,18.15,18.17,18.15,18.17,2693.0
2026-07-30,2026-07-30 15:40:00,18.17,18.23,18.15,18.225,15848.0
2026-07-30,2026-07-30 15:45:00,18.22,18.22,18.16,18.21,11957.0
2026-07-30,2026-07-30 15:50:00,18.23,18.25,18.22,18.25,3190.0
2026-07-30,2026-07-30 15:55:00,18.24,18.255,18.21,18.23,13110.0
2026-07-30,2026-07-30 16:00:00,18.23,18.3,18.2,18.21,98875.0
2026-07-31,2026-07-31 09:35:00,18.23,18.77,18.21,18.2428,10881.0
2026-07-31,2026-07-31 09:40:00,18.24,18.24,18.2,18.24,4248.0
2026-07-31,2026-07-31 09:45:00,18.235,18.235,18.23,18.235,404.0
2026-07-31,2026-07-31 09:50:00,18.215,18.215,18.2,18.21,1893.0
2026-07-31,2026-07-31 09:55:00,18.155,18.21,18.15,18.18,5393.0
2026-07-31,2026-07-31 10:00:00,18.15,18.15,18.14,18.15,3752.0
2026-07-31,2026-07-31 10:05:00,18.09,18.155,18.08,18.1075,14514.0
2026-07-31,2026-07-31 10:10:00,18.09,18.09,18.0,18.01,8994.0
2026-07-31,2026-07-31 10:15:00,18.02,18.03,17.995,18.01,2530.0
2026-07-31,2026-07-31 10:20:00,18.0,18.0,17.97,17.995,4391.0
2026-07-31,2026-07-31 10:25:00,18.01,18.16,18.01,18.16,4289.0
2026-07-31,2026-07-31 10:30:00,18.17,18.25,18.14,18.24,5726.0
2026-07-31,2026-07-31 10:35:00,18.215,18.225,18.13,18.13,5006.0
2026-07-31,2026-07-31 10:40:00,18.12,18.15,18.12,18.13,1702.0
2026-07-31,2026-07-31 10:45:00,18.13,18.15,18.13,18.145,1825.0
2026-07-31,2026-07-31 10:50:00,18.18,18.18,18.15,18.15,3926.0
2026-07-31,2026-07-31 10:55:00,18.15,18.16,18.1475,18.15,3851.0
2026-07-31,2026-07-31 11:00:00,18.17,18.2,18.165,18.2,1954.0
2026-07-31,2026-07-31 11:05:00,18.2,18.2,18.16,18.17,2596.0
2026-07-31,2026-07-31 11:10:00,18.17,18.17,18.13,18.13,3956.0
2026-07-31,2026-07-31 11:15:00,18.15,18.15,18.14,18.15,1598.0
2026-07-31,2026-07-31 11:20:00,18.155,18.196,18.155,18.185,2800.0
2026-07-31,2026-07-31 11:25:00,18.17,18.17,18.15,18.16,3066.0
2026-07-31,2026-07-31 11:30:00,18.15,18.15,18.135,18.14,2910.0
2026-07-31,2026-07-31 11:35:00,18.135,18.135,18.12,18.125,2608.0
2026-07-31,2026-07-31 11:40:00,18.13,18.15,18.13,18.15,2472.0
2026-07-31,2026-07-31 11:45:00,18.16,18.16,18.1,18.1,3809.0
2026-07-31,2026-07-31 11:50:00,18.1,18.115,18.1,18.115,3326.0
2026-07-31,2026-07-31 11:55:00,18.14,18.15,18.13,18.15,1673.0
2026-07-31,2026-07-31 12:00:00,18.14,18.15,18.14,18.14,2153.0
2026-07-31,2026-07-31 12:05:00,18.1475,18.16,18.11,18.11,4113.0
2026-07-31,2026-07-31 12:10:00,18.11,18.11,18.11,18.11,1102.0
2026-07-31,2026-07-31 12:15:00,18.12,18.14,18.12,18.14,2428.0
2026-07-31,2026-07-31 12:20:00,18.15,18.16,18.12,18.13,3456.0
2026-07-31,2026-07-31 12:25:00,18.14,18.17,18.14,18.17,1781.0
2026-07-31,2026-07-31 12:30:00,18.175,18.175,18.13,18.14,7825.0
2026-07-31,2026-07-31 12:35:00,18.14,18.16,18.14,18.14,13284.0
2026-07-31,2026-07-31 12:40:00,18.15,18.18,18.15,18.18,2114.0
2026-07-31,2026-07-31 12:45:00,18.2,18.2,18.17,18.1833,3145.0
2026-07-31,2026-07-31 12:50:00,18.16,18.18,18.16,18.17,1364.0
2026-07-31,2026-07-31 12:55:00,18.179,18.18,18.155,18.16,3921.0
2026-07-31,2026-07-31 13:00:00,18.165,18.165,18.165,18.165,975.0
2026-07-31,2026-07-31 13:05:00,18.17,18.17,18.15,18.15,2921.0
2026-07-31,2026-07-31 13:10:00,18.14,18.15,18.13,18.15,4332.0
2026-07-31,2026-07-31 13:15:00,18.17,18.18,18.17,18.18,1112.0
2026-07-31,2026-07-31 13:20:00,18.21,18.21,18.21,18.21,633.0
2026-07-31,2026-07-31 13:25:00,18.2,18.2,18.18,18.2,2282.0
2026-07-31,2026-07-31 13:30:00,18.21,18.23,18.175,18.175,5419.0
2026-07-31,2026-07-31 13:35:00,18.18,18.18,18.18,18.18,584.0
2026-07-31,2026-07-31 13:40:00,18.18,18.18,18.18,18.18,213.0
2026-07-31,2026-07-31 13:45:00,18.18,18.18,18.18,18.18,2220.0
2026-07-31,2026-07-31 13:50:00,18.185,18.2,18.18,18.19,2043.0
2026-07-31,2026-07-31 13:55:00,18.19,18.25,18.19,18.245,8072.0
2026-07-31,2026-07-31 14:00:00,18.26,18.27,18.25,18.265,1388.0
2026-07-31,2026-07-31 14:05:00,18.27,18.27,18.25,18.25,3681.0
2026-07-31,2026-07-31 14:10:00,18.25,18.28,18.25,18.28,2083.0
2026-07-31,2026-07-31 14:15:00,18.27,18.27,18.245,18.245,3937.0
2026-07-31,2026-07-31 14:20:00,18.24,18.25,18.23,18.25,2125.0
2026-07-31,2026-07-31 14:25:00,18.26,18.26,18.255,18.255,1133.0
2026-07-31,2026-07-31 14:30:00,18.29,18.29,18.27,18.29,568.0
2026-07-31,2026-07-31 14:35:00,18.27,18.29,18.26,18.275,3582.0
2026-07-31,2026-07-31 14:40:00,18.28,18.29,18.28,18.28,905.0
2026-07-31,2026-07-31 14:45:00,18.28,18.29,18.25,18.25,5537.0
2026-07-31,2026-07-31 14:50:00,18.24,18.26,18.24,18.25,1115.0
2026-07-31,2026-07-31 14:55:00,18.26,18.265,18.25,18.25,3984.0
2026-07-31,2026-07-31 15:00:00,18.25,18.25,18.24,18.25,1390.0
2026-07-31,2026-07-31 15:05:00,18.26,18.28,18.26,18.28,2878.0
2026-07-31,2026-07-31 15:10:00,18.27,18.28,18.27,18.28,1307.0
2026-07-31,2026-07-31 15:15:00,18.27,18.28,18.26,18.26,4815.0
2026-07-31,2026-07-31 15:20:00,18.25,18.27,18.25,18.27,2912.0
2026-07-31,2026-07-31 15:25:00,18.275,18.28,18.27,18.275,2742.0
2026-07-31,2026-07-31 15:30:00,18.275,18.3,18.275,18.295,7395.0
2026-07-31,2026-07-31 15:35:00,18.29,18.31,18.25,18.29,14051.0
2026-07-31,2026-07-31 15:40:00,18.29,18.3,18.29,18.295,5987.0
2026-07-31,2026-07-31 15:45:00,18.3,18.32,18.3,18.315,5825.0
2026-07-31,2026-07-31 15:50:00,18.32,18.345,18.3,18.3,9075.0
2026-07-31,2026-07-31 15:55:00,18.31,18.31,18.27,18.3,16338.0
2026-07-31,2026-07-31 16:00:00,18.295,18.295,18.25,18.27,48748.0
2026-08-03,2026-08-03 09:35:00,18.3,18.32,18.2,18.2,10691.0
2026-08-03,2026-08-03 09:40:00,18.2,18.29,18.2,18.21,2671.0
2026-08-03,2026-08-03 09:45:00,18.18,18.18,18.18,18.18,1242.0
2026-08-03,2026-08-03 09:50:00,18.15,18.15,18.15,18.15,701.0
2026-08-03,2026-08-03 09:55:00,18.16,18.26,18.16,18.235,14261.0
2026-08-03,2026-08-03 10:00:00,18.23,18.27,18.23,18.27,1312.0
2026-08-03,2026-08-03 10:05:00,18.3,18.34,18.24,18.28,8068.0
2026-08-03,2026-08-03 10:10:00,18.28,18.31,18.275,18.3,2110.0
2026-08-03,2026-08-03 10:15:00,18.31,18.35,18.3,18.33,2444.0
2026-08-03,2026-08-03 10:20:00,18.36,18.375,18.36,18.37,2482.0
2026-08-03,2026-08-03 10:25:00,18.35,18.35,18.32,18.32,1418.0
2026-08-03,2026-08-03 10:30:00,18.34,18.4,18.302,18.33,15637.0
2026-08-03,2026-08-03 10:35:00,18.3,18.3,18.24,18.24,6604.0
2026-08-03,2026-08-03 10:40:00,18.24,18.26,18.22,18.25,2498.0
2026-08-03,2026-08-03 10:45:00,18.23,18.24,18.23,18.24,1504.0
2026-08-03,2026-08-03 10:50:00,18.23,18.23,18.1974,18.21,2542.0
2026-08-03,2026-08-03 10:55:00,18.22,18.22,18.2,18.21,1226.0
2026-08-03,2026-08-03 11:00:00,18.25,18.27,18.23,18.23,2647.0
2026-08-03,2026-08-03 11:05:00,18.23,18.26,18.23,18.245,2395.0
2026-08-03,2026-08-03 11:10:00,18.26,18.26,18.245,18.245,1698.0
2026-08-03,2026-08-03 11:15:00,18.23,18.23,18.22,18.22,2188.0
2026-08-03,2026-08-03 11:20:00,18.2,18.21,18.2,18.21,1303.0
2026-08-03,2026-08-03 11:25:00,18.2,18.2,18.195,18.2,1110.0
2026-08-03,2026-08-03 11:30:00,18.19,18.23,18.18,18.22,5901.0
2026-08-03,2026-08-03 11:35:00,18.22,18.235,18.22,18.235,1218.0
2026-08-03,2026-08-03 11:40:00,18.25,18.3,18.25,18.295,2460.0
2026-08-03,2026-08-03 11:45:00,18.295,18.295,18.295,18.295,597.0
2026-08-03,2026-08-03 11:50:00,18.3,18.32,18.3,18.305,753.0
2026-08-03,2026-08-03 11:55:00,18.31,18.44,18.31,18.41,25119.0
2026-08-03,2026-08-03 12:00:00,18.4,18.43,18.4,18.4,3673.0
2026-08-03,2026-08-03 12:05:00,18.43,18.43,18.38,18.38,1221.0
2026-08-03,2026-08-03 12:10:00,18.38,18.38,18.37,18.37,1039.0
2026-08-03,2026-08-03 12:15:00,18.36,18.36,18.36,18.36,1807.0
2026-08-03,2026-08-03 12:20:00,18.35,18.35,18.32,18.32,1425.0
2026-08-03,2026-08-03 12:25:00,18.31,18.32,18.3,18.32,1259.0
2026-08-03,2026-08-03 12:30:00,18.33,18.33,18.33,18.33,1407.0
2026-08-03,2026-08-03 12:35:00,18.33,18.33,18.33,18.33,960.0
2026-08-03,2026-08-03 12:40:00,18.321,18.321,18.321,18.321,411.0
2026-08-03,2026-08-03 12:45:00,18.32,18.32,18.3,18.3,1218.0
2026-08-03,2026-08-03 12:50:00,18.31,18.31,18.28,18.3,2244.0
2026-08-03,2026-08-03 12:55:00,18.29,18.29,18.28,18.28,733.0
2026-08-03,2026-08-03 13:00:00,18.28,18.285,18.245,18.245,2439.0
2026-08-03,2026-08-03 13:05:00,18.245,18.245,18.245,18.245,513.0
2026-08-03,2026-08-03 13:10:00,18.25,18.25,18.25,18.25,256.0
2026-08-03,2026-08-03 13:15:00,18.25,18.25,18.25,18.25,732.0
2026-08-03,2026-08-03 13:20:00,18.29,18.29,18.28,18.28,600.0
2026-08-03,2026-08-03 13:25:00,18.27,18.28,18.26,18.27,2001.0
2026-08-03,2026-08-03 13:30:00,18.27,18.27,18.25,18.27,2037.0
2026-08-03,2026-08-03 13:35:00,18.25,18.25,18.24,18.24,941.0
2026-08-03,2026-08-03 13:40:00,18.23,18.23,18.23,18.23,621.0
2026-08-03,2026-08-03 13:45:00,18.25,18.25,18.23,18.245,1087.0
2026-08-03,2026-08-03 13:50:00,18.23,18.245,18.23,18.245,686.0
2026-08-03,2026-08-03 13:55:00,18.25,18.26,18.24,18.245,2907.0
2026-08-03,2026-08-03 14:00:00,18.25,18.25,18.25,18.25,374.0
2026-08-03,2026-08-03 14:05:00,18.245,18.2763,18.24,18.2763,3815.0
2026-08-03,2026-08-03 14:10:00,18.27,18.29,18.26,18.275,2603.0
2026-08-03,2026-08-03 14:15:00,18.275,18.275,18.275,18.275,139.0
2026-08-03,2026-08-03 14:20:00,18.26,18.26,18.245,18.245,1711.0
2026-08-03,2026-08-03 14:25:00,18.25,18.31,18.25,18.29,19373.0
2026-08-03,2026-08-03 14:30:00,18.285,18.285,18.285,18.285,1126.0
2026-08-03,2026-08-03 14:35:00,18.26,18.26,18.245,18.245,4030.0
2026-08-03,2026-08-03 14:40:00,18.255,18.255,18.22,18.23,3192.0
2026-08-03,2026-08-03 14:45:00,18.23,18.24,18.23,18.23,953.0
2026-08-03,2026-08-03 14:50:00,18.23,18.25,18.23,18.25,2501.0
2026-08-03,2026-08-03 14:55:00,18.25,18.25,18.22,18.22,2124.0
2026-08-03,2026-08-03 15:00:00,18.23,18.23,18.2,18.2,2987.0
2026-08-03,2026-08-03 15:05:00,18.21,18.23,18.21,18.23,1688.0
2026-08-03,2026-08-03 15:10:00,18.225,18.25,18.225,18.25,2202.0
2026-08-03,2026-08-03 15:15:00,18.26,18.27,18.25,18.27,1876.0
2026-08-03,2026-08-03 15:20:00,18.27,18.28,18.27,18.27,1924.0
2026-08-03,2026-08-03 15:25:00,18.27,18.285,18.27,18.285,1225.0
2026-08-03,2026-08-03 15:30:00,18.29,18.29,18.25,18.27,10956.0
2026-08-03,2026-08-03 15:35:00,18.26,18.29,18.21,18.225,4389.0
2026-08-03,2026-08-03 15:40:00,18.21,18.2387,18.2,18.23,4165.0
2026-08-03,2026-08-03 15:45:00,18.23,18.23,18.19,18.19,1669.0
2026-08-03,2026-08-03 15:50:00,18.19,18.22,18.19,18.2,4060.0
2026-08-03,2026-08-03 15:55:00,18.22,18.23,18.185,18.2,6983.0
2026-08-03,2026-08-03 16:00:00,18.19,18.205,18.17,18.18,70866.0
2026-08-04,2026-08-04 09:35:00,18.39,18.78,18.36,18.635,14554.0
2026-08-04,2026-08-04 09:40:00,18.65,18.66,18.535,18.605,4229.0
2026-08-04,2026-08-04 09:45:00,18.605,18.65,18.58,18.58,2843.0
2026-08-04,2026-08-04 09:50:00,18.585,18.62,18.5654,18.61,7382.0
2026-08-04,2026-08-04 09:55:00,18.64,18.66,18.54,18.54,4924.0
2026-08-04,2026-08-04 10:00:00,18.53,18.53,18.46,18.46,4040.0
2026-08-04,2026-08-04 10:05:00,18.47,18.49,18.45,18.45,5414.0
2026-08-04,2026-08-04 10:10:00,18.445,18.47,18.42,18.44,1781.0
2026-08-04,2026-08-04 10:15:00,18.44,18.44,18.37,18.37,3859.0
2026-08-04,2026-08-04 10:20:00,18.4,18.4,18.36,18.375,4661.0
2026-08-04,2026-08-04 10:25:00,18.375,18.38,18.35,18.36,3786.0
2026-08-04,2026-08-04 10:30:00,18.34,18.34,18.31,18.32,6787.0
2026-08-04,2026-08-04 10:35:00,18.325,18.35,18.325,18.35,2337.0
2026-08-04,2026-08-04 10:40:00,18.3461,18.425,18.3461,18.425,3323.0
2026-08-04,2026-08-04 10:45:00,18.39,18.435,18.39,18.435,2246.0
2026-08-04,2026-08-04 10:50:00,18.39,18.4,18.39,18.39,1571.0
2026-08-04,2026-08-04 10:55:00,18.42,18.44,18.37,18.38,9163.0
2026-08-04,2026-08-04 11:00:00,18.36,18.4,18.36,18.398,5298.0
2026-08-04,2026-08-04 11:05:00,18.39,18.4,18.38,18.4,2567.0
2026-08-04,2026-08-04 11:10:00,18.38,18.39,18.38,18.39,3963.0
2026-08-04,2026-08-04 11:15:00,18.38,18.39,18.37,18.37,2737.0
2026-08-04,2026-08-04 11:20:00,18.355,18.365,18.32,18.35,10360.0
2026-08-04,2026-08-04 11:25:00,18.36,18.38,18.36,18.38,3521.0
2026-08-04,2026-08-04 11:30:00,18.38,18.38,18.33,18.33,4851.0
2026-08-04,2026-08-04 11:35:00,18.33,18.33,18.31,18.31,2007.0
2026-08-04,2026-08-04 11:40:00,18.31,18.33,18.31,18.32,3180.0
2026-08-04,2026-08-04 11:45:00,18.33,18.365,18.33,18.36,3686.0
2026-08-04,2026-08-04 11:50:00,18.365,18.39,18.365,18.39,3073.0
2026-08-04,2026-08-04 11:55:00,18.38,18.38,18.38,18.38,240.0
2026-08-04,2026-08-04 12:00:00,18.39,18.405,18.39,18.405,1173.0
2026-08-04,2026-08-04 12:05:00,18.41,18.41,18.39,18.39,619.0
2026-08-04,2026-08-04 12:10:00,18.4,18.405,18.4,18.405,2022.0
2026-08-04,2026-08-04 12:15:00,18.39,18.39,18.37,18.37,892.0
2026-08-04,2026-08-04 12:20:00,18.37,18.37,18.36,18.36,1093.0
2026-08-04,2026-08-04 12:25:00,18.37,18.38,18.36,18.38,3989.0
2026-08-04,2026-08-04 12:30:00,18.38,18.38,18.37,18.38,2453.0
2026-08-04,2026-08-04 12:35:00,18.4,18.42,18.39,18.42,2967.0
2026-08-04,2026-08-04 12:40:00,18.43,18.43,18.42,18.42,513.0
2026-08-04,2026-08-04 12:45:00,18.41,18.415,18.41,18.415,1259.0
2026-08-04,2026-08-04 12:50:00,18.415,18.415,18.4,18.4,3412.0
2026-08-04,2026-08-04 12:55:00,18.41,18.41,18.41,18.41,1373.0
2026-08-04,2026-08-04 13:00:00,18.4175,18.42,18.4175,18.42,1791.0
2026-08-04,2026-08-04 13:05:00,18.41,18.41,18.41,18.41,469.0
2026-08-04,2026-08-04 13:10:00,18.41,18.42,18.41,18.42,2118.0
2026-08-04,2026-08-04 13:15:00,18.42,18.42,18.415,18.415,913.0
2026-08-04,2026-08-04 13:20:00,18.41,18.415,18.41,18.415,492.0
2026-08-04,2026-08-04 13:25:00,18.415,18.42,18.4,18.41,2138.0
2026-08-04,2026-08-04 13:30:00,18.415,18.43,18.415,18.43,2627.0
2026-08-04,2026-08-04 13:35:00,18.43,18.435,18.43,18.43,2392.0
2026-08-04,2026-08-04 13:40:00,18.43,18.43,18.43,18.43,1609.0
2026-08-04,2026-08-04 13:45:00,18.43,18.43,18.4,18.42,3504.0
2026-08-04,2026-08-04 13:50:00,18.415,18.435,18.415,18.43,5979.0
2026-08-04,2026-08-04 13:55:00,18.43,18.43,18.42,18.42,1547.0
2026-08-04,2026-08-04 14:00:00,18.425,18.43,18.41,18.425,1295.0
2026-08-04,2026-08-04 14:05:00,18.41,18.43,18.41,18.43,2479.0
2026-08-04,2026-08-04 14:10:00,18.44,18.44,18.44,18.44,421.0
2026-08-04,2026-08-04 14:15:00,18.45,18.45,18.43,18.44,981.0
2026-08-04,2026-08-04 14:20:00,18.45,18.47,18.45,18.47,5167.0
2026-08-04,2026-08-04 14:25:00,18.46,18.47,18.46,18.47,1642.0
2026-08-04,2026-08-04 14:30:00,18.47,18.47,18.46,18.465,901.0
2026-08-04,2026-08-04 14:35:00,18.465,18.465,18.45,18.46,4052.0
2026-08-04,2026-08-04 14:40:00,18.46,18.46,18.46,18.46,769.0
2026-08-04,2026-08-04 14:45:00,18.45,18.45,18.445,18.45,3560.0
2026-08-04,2026-08-04 14:50:00,18.465,18.47,18.465,18.47,956.0
2026-08-04,2026-08-04 14:55:00,18.48,18.49,18.46,18.46,5673.0
2026-08-04,2026-08-04 15:00:00,18.46,18.46,18.46,18.46,750.0
2026-08-04,2026-08-04 15:05:00,18.46,18.46,18.43,18.43,2206.0
2026-08-04,2026-08-04 15:10:00,18.43,18.44,18.43,18.44,3104.0
2026-08-04,2026-08-04 15:15:00,18.44,18.44,18.44,18.44,664.0
2026-08-04,2026-08-04 15:20:00,18.43,18.46,18.43,18.44,5374.0
2026-08-04,2026-08-04 15:25:00,18.45,18.46,18.45,18.46,2125.0
2026-08-04,2026-08-04 15:30:00,18.46,18.46,18.445,18.445,1275.0
2026-08-04,2026-08-04 15:35:00,18.44,18.45,18.42,18.44,6923.0
2026-08-04,2026-08-04 15:40:00,18.44,18.49,18.44,18.49,4105.0
2026-08-04,2026-08-04 15:45:00,18.485,18.485,18.465,18.48,3669.0
2026-08-04,2026-08-04 15:50:00,18.48,18.48,18.48,18.48,1623.0
2026-08-04,2026-08-04 15:55:00,18.47,18.49,18.445,18.48,4739.0
2026-08-04,2026-08-04 16:00:00,18.47,18.53,18.47,18.49,43246.0
2026-08-05,2026-08-05 09:35:00,18.51,18.51,18.35,18.4,4555.0
2026-08-05,2026-08-05 09:40:00,18.385,18.45,18.35,18.35,1970.0
2026-08-05,2026-08-05 09:45:00,18.34,18.41,18.34,18.36,6264.0
2026-08-05,2026-08-05 09:50:00,18.38,18.45,18.34,18.45,2013.0
2026-08-05,2026-08-05 09:55:00,18.425,18.43,18.425,18.43,803.0
2026-08-05,2026-08-05 10:00:00,18.47,18.535,18.47,18.535,2662.0
2026-08-05,2026-08-05 10:05:00,18.51,18.525,18.4,18.4,2553.0
2026-08-05,2026-08-05 10:10:00,18.45,18.49,18.45,18.49,2602.0
2026-08-05,2026-08-05 10:15:00,18.47,18.475,18.41,18.41,2674.0
2026-08-05,2026-08-05 10:20:00,18.43,18.46,18.42,18.42,1341.0
2026-08-05,2026-08-05 10:25:00,18.38,18.38,18.32,18.32,1358.0
2026-08-05,2026-08-05 10:30:00,18.36,18.37,18.35,18.35,1482.0
2026-08-05,2026-08-05 10:35:00,18.36,18.36,18.32,18.34,1075.0
2026-08-05,2026-08-05 10:40:00,18.34,18.35,18.32,18.35,3102.0
2026-08-05,2026-08-05 10:45:00,18.335,18.34,18.3,18.34,776.0
2026-08-05,2026-08-05 10:50:00,18.325,18.325,18.285,18.32,4837.0
2026-08-05,2026-08-05 10:55:00,18.31,18.31,18.28,18.3,1415.0
2026-08-05,2026-08-05 11:00:00,18.31,18.31,18.3,18.3,1432.0
2026-08-05,2026-08-05 11:05:00,18.3,18.32,18.3,18.31,1272.0
2026-08-05,2026-08-05 11:10:00,18.315,18.315,18.3,18.3,911.0
2026-08-05,2026-08-05 11:15:00,18.295,18.295,18.27,18.29,2210.0
2026-08-05,2026-08-05 11:20:00,18.27,18.27,18.24,18.24,2791.0
2026-08-05,2026-08-05 11:25:00,18.25,18.25,18.24,18.24,2193.0
2026-08-05,2026-08-05 11:30:00,18.22,18.24,18.22,18.24,702.0
2026-08-05,2026-08-05 11:35:00,18.26,18.26,18.26,18.26,421.0
2026-08-05,2026-08-05 11:40:00,18.26,18.26,18.26,18.26,301.0
2026-08-05,2026-08-05 11:45:00,18.25,18.25,18.25,18.25,520.0
2026-08-05,2026-08-05 11:50:00,18.25,18.25,18.25,18.25,502.0
2026-08-05,2026-08-05 11:55:00,18.25,18.25,18.25,18.25,488.0
2026-08-05,2026-08-05 12:00:00,18.25,18.25,18.24,18.25,986.0
2026-08-05,2026-08-05 12:05:00,18.26,18.26,18.255,18.255,562.0
2026-08-05,2026-08-05 12:10:00,18.27,18.27,18.27,18.27,515.0
2026-08-05,2026-08-05 12:15:00,18.27,18.27,18.26,18.26,1040.0
2026-08-05,2026-08-05 12:20:00,18.26,18.28,18.26,18.27,1463.0
2026-08-05,2026-08-05 12:25:00,18.27,18.28,18.26,18.26,1197.0
2026-08-05,2026-08-05 12:30:00,18.26,18.27,18.26,18.26,1460.0
2026-08-05,2026-08-05 12:35:00,18.27,18.275,18.27,18.275,1352.0
2026-08-05,2026-08-05 12:40:00,18.26,18.26,18.26,18.26,919.0
2026-08-05,2026-08-05 12:45:00,18.26,18.28,18.26,18.28,1861.0
2026-08-05,2026-08-05 12:50:00,18.28,18.28,18.28,18.28,222.0
2026-08-05,2026-08-05 12:55:00,18.3,18.3,18.3,18.3,664.0
2026-08-05,2026-08-05 13:00:00,18.3,18.31,18.3,18.31,959.0
2026-08-05,2026-08-05 13:05:00,18.3,18.3,18.275,18.275,3273.0
2026-08-05,2026-08-05 13:10:00,18.27,18.27,18.26,18.26,783.0
2026-08-05,2026-08-05 13:15:00,18.25,18.25,18.25,18.25,1249.0
2026-08-05,2026-08-05 13:20:00,18.25,18.25,18.25,18.25,583.0
2026-08-05,2026-08-05 13:25:00,18.27,18.27,18.27,18.27,352.0
2026-08-05,2026-08-05 13:30:00,18.27,18.27,18.27,18.27,535.0
2026-08-05,2026-08-05 13:35:00,18.27,18.345,18.27,18.31,8115.0
2026-08-05,2026-08-05 13:40:00,18.32,18.33,18.305,18.33,2562.0
2026-08-05,2026-08-05 13:45:00,18.33,18.33,18.32,18.32,2100.0
2026-08-05,2026-08-05 13:50:00,18.315,18.33,18.315,18.33,841.0
2026-08-05,2026-08-05 13:55:00,18.34,18.36,18.34,18.36,1856.0
2026-08-05,2026-08-05 14:00:00,18.35,18.35,18.35,18.35,495.0
2026-08-05,2026-08-05 14:05:00,18.34,18.34,18.31,18.31,1439.0
2026-08-05,2026-08-05 14:10:00,18.32,18.33,18.32,18.33,610.0
2026-08-05,2026-08-05 14:15:00,18.325,18.35,18.315,18.345,3943.0
2026-08-05,2026-08-05 14:20:00,18.34,18.4,18.34,18.39,2919.0
2026-08-05,2026-08-05 14:25:00,18.405,18.41,18.395,18.41,1214.0
2026-08-05,2026-08-05 14:30:00,18.4,18.4,18.4,18.4,1032.0
2026-08-05,2026-08-05 14:35:00,18.385,18.385,18.38,18.38,1295.0
2026-08-05,2026-08-05 14:40:00,18.37,18.38,18.37,18.37,2249.0
2026-08-05,2026-08-05 14:45:00,18.38,18.38,18.38,18.38,408.0
2026-08-05,2026-08-05 14:50:00,18.38,18.38,18.38,18.38,722.0
2026-08-05,2026-08-05 14:55:00,18.385,18.385,18.36,18.36,3061.0
2026-08-05,2026-08-05 15:00:00,18.38,18.38,18.38,18.38,592.0
2026-08-05,2026-08-05 15:05:00,18.37,18.38,18.365,18.37,851.0
2026-08-05,2026-08-05 15:10:00,18.37,18.37,18.37,18.37,253.0
2026-08-05,2026-08-05 15:15:00,18.37,18.39,18.37,18.38,1766.0
2026-08-05,2026-08-05 15:20:00,18.3838,18.395,18.3838,18.395,1461.0
2026-08-05,2026-08-05 15:25:00,18.39,18.39,18.38,18.38,2383.0
2026-08-05,2026-08-05 15:30:00,18.39,18.39,18.37,18.37,1477.0
2026-08-05,2026-08-05 15:35:00,18.38,18.38,18.31,18.31,4796.0
2026-08-05,2026-08-05 15:40:00,18.31,18.34,18.31,18.34,2122.0
2026-08-05,2026-08-05 15:45:00,18.35,18.365,18.335,18.36,4210.0
2026-08-05,2026-08-05 15:50:00,18.35,18.36,18.34,18.34,3755.0
2026-08-05,2026-08-05 15:55:00,18.35,18.38,18.35,18.36,9177.0
2026-08-05,2026-08-05 16:00:00,18.365,18.4,18.355,18.37,47193.0
2026-08-06,2026-08-06 09:35:00,19.05,19.12,18.845,19.055,16633.0
2026-08-06,2026-08-06 09:40:00,19.05,19.565,19.05,19.42,12320.0
2026-08-06,2026-08-06 09:45:00,19.565,19.95,19.37,19.95,22768.0
2026-08-06,2026-08-06 09:50:00,20.0,20.5,19.94,20.48,18966.0
2026-08-06,2026-08-06 09:55:00,20.395,20.8012,20.33,20.625,16255.0
2026-08-06,2026-08-06 10:00:00,20.6,20.8095,20.53,20.6,24582.0
2026-08-06,2026-08-06 10:05:00,20.6799,20.9,20.645,20.82,7735.0
2026-08-06,2026-08-06 10:10:00,20.82,21.065,20.81,21.0525,16439.0
2026-08-06,2026-08-06 10:15:00,20.97,21.03,20.84,20.845,10367.0
2026-08-06,2026-08-06 10:20:00,20.84,20.87,20.6561,20.71,13311.0
2026-08-06,2026-08-06 10:25:00,20.72,20.75,20.615,20.615,6885.0
2026-08-06,2026-08-06 10:30:00,20.64,20.765,20.64,20.735,9156.0
2026-08-06,2026-08-06 10:35:00,20.72,20.765,20.695,20.745,6331.0
2026-08-06,2026-08-06 10:40:00,20.745,20.775,20.72,20.735,5159.0
2026-08-06,2026-08-06 10:45:00,20.76,20.815,20.65,20.655,10586.0
2026-08-06,2026-08-06 10:50:00,20.65,20.84,20.645,20.68,32508.0
2026-08-06,2026-08-06 10:55:00,20.67,20.735,20.65,20.655,8687.0
2026-08-06,2026-08-06 11:00:00,20.68,20.95,20.68,20.94,41977.0
2026-08-06,2026-08-06 11:05:00,20.95,20.95,20.81,20.815,15134.0
2026-08-06,2026-08-06 11:10:00,20.85,20.95,20.74,20.8,12793.0
2026-08-06,2026-08-06 11:15:00,20.805,20.835,20.75,20.82,11658.0
2026-08-06,2026-08-06 11:20:00,20.82,20.98,20.8,20.935,12337.0
2026-08-06,2026-08-06 11:25:00,20.93,21.16,20.87,21.16,23802.0
2026-08-06,2026-08-06 11:30:00,21.175,21.2395,21.15,21.19,13675.0
2026-08-06,2026-08-06 11:35:00,21.2,21.37,21.17,21.325,27091.0
2026-08-06,2026-08-06 11:40:00,21.325,21.44,21.32,21.325,10659.0
2026-08-06,2026-08-06 11:45:00,21.336,21.41,21.16,21.215,14109.0
2026-08-06,2026-08-06 11:50:00,21.21,21.3,21.2,21.3,6419.0
2026-08-06,2026-08-06 11:55:00,21.3384,21.405,21.27,21.27,16075.0
2026-08-06,2026-08-06 12:00:00,21.27,21.33,21.27,21.29,6553.0
2026-08-06,2026-08-06 12:05:00,21.29,21.345,21.245,21.34,15012.0
2026-08-06,2026-08-06 12:10:00,21.33,21.44,21.33,21.43,6158.0
2026-08-06,2026-08-06 12:15:00,21.44,21.47,21.325,21.425,16836.0
2026-08-06,2026-08-06 12:20:00,21.44,21.44,21.33,21.42,12879.0
2026-08-06,2026-08-06 12:25:00,21.41,21.44,21.39,21.42,7740.0
2026-08-06,2026-08-06 12:30:00,21.44,21.44,21.31,21.31,20705.0
2026-08-06,2026-08-06 12:35:00,21.32,21.43,21.265,21.37,11615.0
2026-08-06,2026-08-06 12:40:00,21.39,21.425,21.39,21.425,4643.0
2026-08-06,2026-08-06 12:45:00,21.42,21.46,21.42,21.44,12117.0
2026-08-06,2026-08-06 12:50:00,21.48,21.505,21.4063,21.45,25763.0
2026-08-06,2026-08-06 12:55:00,21.47,21.48,21.455,21.48,6036.0
2026-08-06,2026-08-06 13:00:00,21.48,21.541738,21.41,21.54,20359.0
2026-08-06,2026-08-06 13:05:00,21.54,21.56,21.37,21.505,19162.0
2026-08-06,2026-08-06 13:10:00,21.505,21.505,21.4,21.4,5632.0
2026-08-06,2026-08-06 13:15:00,21.375,21.42,21.355,21.415,17126.0
2026-08-06,2026-08-06 13:20:00,21.435,21.6,21.35,21.375,25475.0
2026-08-06,2026-08-06 13:25:00,21.39,21.42,21.36,21.38,6104.0
2026-08-06,2026-08-06 13:30:00,21.38,21.415,21.36,21.36,8500.0
2026-08-06,2026-08-06 13:35:00,21.38,21.63,21.33,21.63,29194.0
2026-08-06,2026-08-06 13:40:00,21.655,21.8,21.65,21.65,27364.0
2026-08-06,2026-08-06 13:45:00,21.65,21.66,21.53,21.64,11540.0
2026-08-06,2026-08-06 13:50:00,21.645,21.645,21.425,21.46,8621.0
2026-08-06,2026-08-06 13:55:00,21.455,21.465,21.371,21.425,33567.0
2026-08-06,2026-08-06 14:00:00,21.46,21.605,21.46,21.555,11009.0
2026-08-06,2026-08-06 14:05:00,21.56,21.67,21.55,21.56,21644.0
2026-08-06,2026-08-06 14:10:00,21.55,21.55,21.49,21.495,6226.0
2026-08-06,2026-08-06 14:15:00,21.52,21.52,21.45,21.475,6566.0
2026-08-06,2026-08-06 14:20:00,21.49,21.6575,21.48,21.56,10119.0
2026-08-06,2026-08-06 14:25:00,21.555,21.57,21.19,21.22,63391.0
2026-08-06,2026-08-06 14:30:00,21.23,21.245,21.13,21.21,10710.0
2026-08-06,2026-08-06 14:35:00,21.21,21.27,21.21,21.225,6334.0
2026-08-06,2026-08-06 14:40:00,21.225,21.24,21.2,21.2,4909.0
2026-08-06,2026-08-06 14:45:00,21.195,21.2,21.14,21.15,8862.0
2026-08-06,2026-08-06 14:50:00,21.16,21.16,21.09,21.11,9012.0
2026-08-06,2026-08-06 14:55:00,21.07,21.085,21.01,21.06,8253.0
2026-08-06,2026-08-06 15:00:00,21.045,21.06,21.02,21.045,6344.0
2026-08-06,2026-08-06 15:05:00,21.06,21.16,21.05,21.065,17301.0
2026-08-06,2026-08-06 15:10:00,21.07,21.075,21.01,21.01,12352.0
2026-08-06,2026-08-06 15:15:00,21.01,21.055,20.96,21.05,15350.0
2026-08-06,2026-08-06 15:20:00,21.055,21.06,20.8206,20.88,23683.0
2026-08-06,2026-08-06 15:25:00,20.91,20.9663,20.88,20.9663,7510.0
2026-08-06,2026-08-06 15:30:00,20.955,20.965,20.87,20.87,13648.0
2026-08-06,2026-08-06 15:35:00,20.88,20.915,20.85,20.85,19672.0
2026-08-06,2026-08-06 15:40:00,20.85,20.91,20.81,20.85,21503.0
2026-08-06,2026-08-06 15:45:00,20.865,20.865,20.8,20.82,14019.0
2026-08-06,2026-08-06 15:50:00,20.81,20.86,20.79,20.81,19292.0
2026-08-06,2026-08-06 15:55:00,20.82,20.88,20.81,20.845,31734.0
2026-08-06,2026-08-06 16:00:00,20.83,20.93,20.8,20.88,132493.0
2026-08-07,2026-08-07 09:35:00,21.96,21.99,21.5786,21.8085,42192.0
2026-08-07,2026-08-07 09:40:00,21.85,22.18,21.8,22.18,21881.0
2026-08-07,2026-08-07 09:45:00,22.19,22.4,22.18,22.33,21389.0
2026-08-07,2026-08-07 09:50:00,22.33,22.45,22.3172,22.45,13636.0
2026-08-07,2026-08-07 09:55:00,22.46,22.6884,22.44,22.64,13498.0
2026-08-07,2026-08-07 10:00:00,22.63,22.96,22.63,22.96,22898.0
2026-08-07,2026-08-07 10:05:00,22.98,23.1,22.88,22.99,84718.0
2026-08-07,2026-08-07 10:10:00,22.99,23.07,22.95,22.975,33341.0
2026-08-07,2026-08-07 10:15:00,22.95,22.96,22.75,22.9,29345.0
2026-08-07,2026-08-07 10:20:00,22.905,22.97,22.8,22.945,9646.0
2026-08-07,2026-08-07 10:25:00,22.945,23.145,22.89,23.105,27366.0
2026-08-07,2026-08-07 10:30:00,23.15,23.21,23.11,23.21,12773.0
2026-08-07,2026-08-07 10:35:00,23.21,23.228,23.09,23.11,10429.0
2026-08-07,2026-08-07 10:40:00,23.14,23.22,23.035,23.07,127516.0
2026-08-07,2026-08-07 10:45:00,23.07,23.17,22.9301,23.045,59187.0
2026-08-07,2026-08-07 10:50:00,23.05,23.14,23.005,23.12,28794.0
2026-08-07,2026-08-07 10:55:00,23.125,23.29,23.08,23.28,16585.0
2026-08-07,2026-08-07 11:00:00,23.29,23.29,23.1849,23.205,6014.0
2026-08-07,2026-08-07 11:05:00,23.19,23.225,23.12,23.165,10581.0
2026-08-07,2026-08-07 11:10:00,23.155,23.405,23.15,23.405,15795.0
2026-08-07,2026-08-07 11:15:00,23.41,23.58,23.41,23.495,25673.0
2026-08-07,2026-08-07 11:20:00,23.48,24.0,23.38,23.54,161530.0
2026-08-07,2026-08-07 11:25:00,23.55,23.6595,23.53,23.63,13948.0
2026-08-07,2026-08-07 11:30:00,23.65,23.86,23.61,23.75,47896.0
2026-08-07,2026-08-07 11:35:00,23.73,23.96,23.72,23.795,60035.0
2026-08-07,2026-08-07 11:40:00,23.805,23.82,23.7,23.82,12590.0
2026-08-07,2026-08-07 11:45:00,23.83,23.915,23.79,23.89,9023.0
2026-08-07,2026-08-07 11:50:00,23.88,23.93,23.82,23.87,13735.0
2026-08-07,2026-08-07 11:55:00,23.8739,24.065,23.87,23.95,17471.0
2026-08-07,2026-08-07 12:00:00,23.892,23.91,23.7,23.83,13639.0
2026-08-07,2026-08-07 12:05:00,23.8,23.95,23.79,23.905,10892.0
2026-08-07,2026-08-07 12:10:00,23.91,23.92,23.855,23.8646,5494.0
2026-08-07,2026-08-07 12:15:00,23.83,23.86,23.78,23.78,13222.0
2026-08-07,2026-08-07 12:20:00,23.765,23.82,23.725,23.8,13200.0
2026-08-07,2026-08-07 12:25:00,23.79,23.825,23.75,23.76,9574.0
2026-08-07,2026-08-07 12:30:00,23.765,23.765,23.67,23.72,8666.0
2026-08-07,2026-08-07 12:35:00,23.71,23.71,23.51,23.595,9672.0
2026-08-07,2026-08-07 12:40:00,23.645,23.645,23.44,23.445,27848.0
2026-08-07,2026-08-07 12:45:00,23.44,23.54,23.425,23.53,9757.0
2026-08-07,2026-08-07 12:50:00,23.525,23.575,23.48,23.52,8432.0
2026-08-07,2026-08-07 12:55:00,23.525,23.53,23.47,23.49,10071.0
2026-08-07,2026-08-07 13:00:00,23.49,23.52,23.48,23.48,9588.0
2026-08-07,2026-08-07 13:05:00,23.49,23.49,23.41,23.45,28343.0
2026-08-07,2026-08-07 13:10:00,23.44,23.47,23.44,23.445,6690.0
2026-08-07,2026-08-07 13:15:00,23.45,23.48,23.43,23.47,12017.0
2026-08-07,2026-08-07 13:20:00,23.48,23.54,23.46,23.51,10555.0
2026-08-07,2026-08-07 13:25:00,23.53,23.53,23.505,23.51,5539.0
2026-08-07,2026-08-07 13:30:00,23.53,23.54,23.5,23.54,5775.0
2026-08-07,2026-08-07 13:35:00,23.54,23.54,23.515,23.515,7381.0
2026-08-07,2026-08-07 13:40:00,23.52,23.54,23.52,23.54,3493.0
2026-08-07,2026-08-07 13:45:00,23.55,23.56,23.51,23.51,7340.0
2026-08-07,2026-08-07 13:50:00,23.53,23.56,23.525,23.56,4059.0
2026-08-07,2026-08-07 13:55:00,23.56,23.6,23.55,23.555,7083.0
2026-08-07,2026-08-07 14:00:00,23.55,23.58,23.535,23.58,5350.0
2026-08-07,2026-08-07 14:05:00,23.57,23.605,23.55,23.565,7561.0
2026-08-07,2026-08-07 14:10:00,23.56,23.56,23.51,23.54,7845.0
2026-08-07,2026-08-07 14:15:00,23.55,23.56,23.545,23.56,4042.0
2026-08-07,2026-08-07 14:20:00,23.55,23.57,23.55,23.57,3408.0
2026-08-07,2026-08-07 14:25:00,23.57,23.57,23.525,23.53,9900.0
2026-08-07,2026-08-07 14:30:00,23.525,23.56,23.52,23.56,5927.0
2026-08-07,2026-08-07 14:35:00,23.56,23.57,23.545,23.57,4537.0
2026-08-07,2026-08-07 14:40:00,23.57,23.57,23.55,23.55,6069.0
2026-08-07,2026-08-07 14:45:00,23.555,23.56,23.54,23.54,4182.0
2026-08-07,2026-08-07 14:50:00,23.54,23.56,23.54,23.56,4728.0
2026-08-07,2026-08-07 14:55:00,23.565,23.59,23.51,23.51,12023.0
2026-08-07,2026-08-07 15:00:00,23.51,23.58,23.5,23.58,37779.0
2026-08-07,2026-08-07 15:05:00,23.585,23.64,23.525,23.62,19463.0
2026-08-07,2026-08-07 15:10:00,23.63,23.7,23.62,23.68,8727.0
2026-08-07,2026-08-07 15:15:00,23.68,23.68,23.56,23.575,31048.0
2026-08-07,2026-08-07 15:20:00,23.575,23.62,23.575,23.595,11492.0
2026-08-07,2026-08-07 15:25:00,23.6,23.62,23.414,23.43,23940.0
2026-08-07,2026-08-07 15:30:00,23.43,23.535,23.38,23.455,46857.0
2026-08-07,2026-08-07 15:35:00,23.46,23.67,23.44,23.6,61107.0
2026-08-07,2026-08-07 15:40:00,23.605,23.66,23.57,23.57,32060.0
2026-08-07,2026-08-07 15:45:00,23.58,23.58,23.515,23.535,61667.0
2026-08-07,2026-08-07 15:50:00,23.54,23.585,23.54,23.55,49740.0
2026-08-07,2026-08-07 15:55:00,23.55,23.56,23.34,23.34,87026.0
2026-08-07,2026-08-07 16:00:00,23.37,23.41,23.28,23.32,257022.0
2026-08-10,2026-08-10 09:35:00,22.57,23.15,22.505,22.89,79021.0
2026-08-10,2026-08-10 09:40:00,22.84,22.89,22.65,22.7,21610.0
2026-08-10,2026-08-10 09:45:00,22.695,22.84,22.655,22.67,29765.0
2026-08-10,2026-08-10 09:50:00,22.6301,22.76,22.6301,22.71,15598.0
2026-08-10,2026-08-10 09:55:00,22.71,22.935,22.71,22.935,8956.0
2026-08-10,2026-08-10 10:00:00,22.93,23.005,22.74,22.78,27882.0
2026-08-10,2026-08-10 10:05:00,22.78,23.0,22.78,23.0,19081.0
2026-08-10,2026-08-10 10:10:00,22.99,23.12,22.99,23.12,15885.0
2026-08-10,2026-08-10 10:15:00,23.12,23.14,23.05,23.14,11963.0
2026-08-10,2026-08-10 10:20:00,23.14,23.22,23.13,23.22,23759.0
2026-08-10,2026-08-10 10:25:00,23.23,23.23,23.13,23.13,13214.0
2026-08-10,2026-08-10 10:30:00,23.132,23.33,23.12,23.32,32515.0
2026-08-10,2026-08-10 10:35:00,23.32,23.33,23.26,23.28,17100.0
2026-08-10,2026-08-10 10:40:00,23.29,23.31,23.205,23.205,15308.0
2026-08-10,2026-08-10 10:45:00,23.22,23.35,23.22,23.35,12896.0
2026-08-10,2026-08-10 10:50:00,23.37,23.37,23.33,23.35,10306.0
2026-08-10,2026-08-10 10:55:00,23.36,23.36,23.21,23.26,22640.0
2026-08-10,2026-08-10 11:00:00,23.25,23.36,23.24,23.35,13983.0
2026-08-10,2026-08-10 11:05:00,23.35,23.36,23.34,23.36,8318.0
2026-08-10,2026-08-10 11:10:00,23.38,23.47,23.34,23.4,18875.0
2026-08-10,2026-08-10 11:15:00,23.38,23.46,23.37,23.455,9898.0
2026-08-10,2026-08-10 11:20:00,23.48,23.575,23.48,23.53,19269.0
2026-08-10,2026-08-10 11:25:00,23.52,23.58,23.52,23.57,19371.0
2026-08-10,2026-08-10 11:30:00,23.57,23.59,23.5,23.5,23015.0
2026-08-10,2026-08-10 11:35:00,23.5,23.62,23.5,23.62,20595.0
2026-08-10,2026-08-10 11:40:00,23.605,23.62,23.56,23.56,9103.0
2026-08-10,2026-08-10 11:45:00,23.54,23.545,23.51,23.53,2957.0
2026-08-10,2026-08-10 11:50:00,23.545,23.64,23.54,23.64,10547.0
2026-08-10,2026-08-10 11:55:00,23.64,23.64,23.6,23.61,9501.0
2026-08-10,2026-08-10 12:00:00,23.62,23.63,23.52,23.525,11572.0
2026-08-10,2026-08-10 12:05:00,23.525,23.55,23.52,23.53,2402.0
2026-08-10,2026-08-10 12:10:00,23.53,23.53,23.43,23.43,16843.0
2026-08-10,2026-08-10 12:15:00,23.435,23.45,23.4,23.41,13218.0
2026-08-10,2026-08-10 12:20:00,23.465,23.465,23.41,23.42,3092.0
2026-08-10,2026-08-10 12:25:00,23.43,23.485,23.4,23.4,6613.0
2026-08-10,2026-08-10 12:30:00,23.4,23.445,23.32,23.34,6854.0
2026-08-10,2026-08-10 12:35:00,23.34,23.34,23.27,23.32,3256.0
2026-08-10,2026-08-10 12:40:00,23.305,23.305,23.25,23.28,4292.0
2026-08-10,2026-08-10 12:45:00,23.29,23.29,23.25,23.26,3399.0
2026-08-10,2026-08-10 12:50:00,23.25,23.345,23.245,23.29,9789.0
2026-08-10,2026-08-10 12:55:00,23.28,23.3239,23.28,23.3239,2009.0
2026-08-10,2026-08-10 13:00:00,23.29,23.29,23.28,23.28,2123.0
2026-08-10,2026-08-10 13:05:00,23.305,23.31,23.26,23.26,2022.0
2026-08-10,2026-08-10 13:10:00,23.27,23.3,23.23,23.29,42566.0
2026-08-10,2026-08-10 13:15:00,23.3,23.31,23.3,23.31,2008.0
2026-08-10,2026-08-10 13:20:00,23.32,23.32,23.3038,23.31,2308.0
2026-08-10,2026-08-10 13:25:00,23.32,23.32,23.28,23.29,3453.0
2026-08-10,2026-08-10 13:30:00,23.28,23.3,23.275,23.29,6533.0
2026-08-10,2026-08-10 13:35:00,23.29,23.34,23.29,23.325,4828.0
2026-08-10,2026-08-10 13:40:00,23.325,23.35,23.32,23.35,3380.0
2026-08-10,2026-08-10 13:45:00,23.335,23.35,23.32,23.32,5291.0
2026-08-10,2026-08-10 13:50:00,23.31,23.32,23.31,23.31,3926.0
2026-08-10,2026-08-10 13:55:00,23.31,23.31,23.25,23.25,6266.0
2026-08-10,2026-08-10 14:00:00,23.25,23.25,23.19,23.2,5560.0
2026-08-10,2026-08-10 14:05:00,23.2,23.205,23.18,23.2,8149.0
2026-08-10,2026-08-10 14:10:00,23.2,23.22,23.14,23.22,39886.0
2026-08-10,2026-08-10 14:15:00,23.22,23.27,23.2,23.27,18812.0
2026-08-10,2026-08-10 14:20:00,23.24,23.24,23.06,23.08,26566.0
2026-08-10,2026-08-10 14:25:00,23.08,23.24,23.08,23.23,22594.0
2026-08-10,2026-08-10 14:30:00,23.255,23.255,23.2,23.205,7016.0
2026-08-10,2026-08-10 14:35:00,23.19,23.21,23.18,23.21,7425.0
2026-08-10,2026-08-10 14:40:00,23.19,23.22,23.19,23.22,4328.0
2026-08-10,2026-08-10 14:45:00,23.21,23.24,23.21,23.24,4366.0
2026-08-10,2026-08-10 14:50:00,23.24,23.25,23.24,23.25,6735.0
2026-08-10,2026-08-10 14:55:00,23.25,23.26,23.25,23.25,4399.0
2026-08-10,2026-08-10 15:00:00,23.25,23.26,23.23,23.23,4432.0
2026-08-10,2026-08-10 15:05:00,23.22,23.24,23.22,23.24,5061.0
2026-08-10,2026-08-10 15:10:00,23.245,23.25,23.24,23.24,4466.0
2026-08-10,2026-08-10 15:15:00,23.23,23.23,23.195,23.21,17340.0
2026-08-10,2026-08-10 15:20:00,23.21,23.21,23.155,23.2,13315.0
2026-08-10,2026-08-10 15:25:00,23.23,23.2505,23.205,23.225,26084.0
2026-08-10,2026-08-10 15:30:00,23.23,23.33,23.23,23.3,15346.0
2026-08-10,2026-08-10 15:35:00,23.3,23.49,23.3,23.49,33844.0
2026-08-10,2026-08-10 15:40:00,23.49,23.53,23.4,23.4,70095.0
2026-08-10,2026-08-10 15:45:00,23.41,23.5,23.41,23.49,80987.0
2026-08-10,2026-08-10 15:50:00,23.475,23.525,23.475,23.5,87899.0
2026-08-10,2026-08-10 15:55:00,23.49,23.53,23.47,23.5,118393.0
2026-08-10,2026-08-10 16:00:00,23.505,23.59,23.5,23.57,318677.0
2026-08-11,2026-08-11 09:35:00,23.54,24.1,23.54,24.05,49423.0
2026-08-11,2026-08-11 09:40:00,24.04,24.2,24.04,24.2,15848.0
2026-08-11,2026-08-11 09:45:00,24.24,24.76,24.24,24.75,41007.0
2026-08-11,2026-08-11 09:50:00,24.76,24.87,24.7,24.72,31566.0
2026-08-11,2026-08-11 09:55:00,24.75,24.945,24.75,24.94,41655.0
2026-08-11,2026-08-11 10:00:00,24.96,25.1,24.865,24.94,29458.0
2026-08-11,2026-08-11 10:05:00,24.9425,24.9425,24.76,24.82,34873.0
2026-08-11,2026-08-11 10:10:00,24.85,25.045,24.805,24.995,25626.0
2026-08-11,2026-08-11 10:15:00,24.99,24.99,24.88,24.925,17755.0
2026-08-11,2026-08-11 10:20:00,24.97,25.05,24.9345,25.01,17374.0
2026-08-11,2026-08-11 10:25:00,25.02,25.05,25.02,25.02,4916.0
2026-08-11,2026-08-11 10:30:00,25.01,25.13,24.97,25.13,76214.0
2026-08-11,2026-08-11 10:35:00,25.13,25.78,25.13,25.73,79820.0
2026-08-11,2026-08-11 10:40:00,25.72,26.23,25.72,26.02,99006.0
2026-08-11,2026-08-11 10:45:00,26.03,26.28,25.93,26.11,63651.0
2026-08-11,2026-08-11 10:50:00,26.14,26.15,25.945,26.0625,50436.0
2026-08-11,2026-08-11 10:55:00,26.05,26.18,25.98,26.05,28243.0
2026-08-11,2026-08-11 11:00:00,26.0254,26.05,25.94,25.975,22229.0
2026-08-11,2026-08-11 11:05:00,25.97,26.04,25.97,26.02,11050.0
2026-08-11,2026-08-11 11:10:00,26.02,26.03,25.98,25.99,14644.0
2026-08-11,2026-08-11 11:15:00,25.99,26.04,25.98,26.0,23987.0
2026-08-11,2026-08-11 11:20:00,26.005,26.005,25.6406,25.68,97337.0
2026-08-11,2026-08-11 11:25:00,25.66,25.83,25.625,25.82,19175.0
2026-08-11,2026-08-11 11:30:00,25.795,25.96,25.76,25.8,18386.0
2026-08-11,2026-08-11 11:35:00,25.825,25.85,25.73,25.74,10756.0
2026-08-11,2026-08-11 11:40:00,25.72,25.91,25.72,25.87,32559.0
2026-08-11,2026-08-11 11:45:00,25.87,25.945,25.8,25.945,18293.0
2026-08-11,2026-08-11 11:50:00,25.92,25.95,25.86,25.89,15077.0
2026-08-11,2026-08-11 11:55:00,25.905,25.92,25.855,25.88,14327.0
2026-08-11,2026-08-11 12:00:00,25.9,26.03,25.89,25.98,13836.0
2026-08-11,2026-08-11 12:05:00,25.98,26.0,25.94,25.98,13393.0
2026-08-11,2026-08-11 12:10:00,25.99,26.05,25.87,25.91,29837.0
2026-08-11,2026-08-11 12:15:00,25.92,26.035,25.91,26.03,37162.0
2026-08-11,2026-08-11 12:20:00,26.035,26.0897,25.98,26.06,23430.0
2026-08-11,2026-08-11 12:25:00,26.05,26.055,25.985,25.99,19297.0
2026-08-11,2026-08-11 12:30:00,25.99,26.085,25.985,26.085,12340.0
2026-08-11,2026-08-11 12:35:00,26.07,26.16,26.07,26.15,20619.0
2026-08-11,2026-08-11 12:40:00,26.15,26.22,26.15,26.17,17621.0
2026-08-11,2026-08-11 12:45:00,26.16,26.2003,26.15,26.1501,8227.0
2026-08-11,2026-08-11 12:50:00,26.15,26.2,26.15,26.18,17030.0
2026-08-11,2026-08-11 12:55:00,26.17,26.31,26.16,26.23,25589.0
2026-08-11,2026-08-11 13:00:00,26.215,26.5399,26.21,26.5399,17839.0
2026-08-11,2026-08-11 13:05:00,26.515,26.53,26.35,26.41,20605.0
2026-08-11,2026-08-11 13:10:00,26.42,26.49,26.405,26.47,56593.0
2026-08-11,2026-08-11 13:15:00,26.455,26.5199,26.43,26.5,23128.0
2026-08-11,2026-08-11 13:20:00,26.5,26.5799,26.5,26.56,11482.0
2026-08-11,2026-08-11 13:25:00,26.57,26.57,26.49,26.55,7460.0
2026-08-11,2026-08-11 13:30:00,26.55,26.55,26.5,26.53,11890.0
2026-08-11,2026-08-11 13:35:00,26.52,26.66,26.495,26.58,50772.0
2026-08-11,2026-08-11 13:40:00,26.595,26.595,26.545,26.565,4253.0
2026-08-11,2026-08-11 13:45:00,26.55,26.56,26.48,26.495,14496.0
2026-08-11,2026-08-11 13:50:00,26.495,26.54,26.49,26.515,10393.0
2026-08-11,2026-08-11 13:55:00,26.5,26.5,26.435,26.44,14346.0
2026-08-11,2026-08-11 14:00:00,26.44,26.5,26.37,26.4,44868.0
2026-08-11,2026-08-11 14:05:00,26.41,26.55,26.37,26.5,22106.0
2026-08-11,2026-08-11 14:10:00,26.48,26.52,26.4,26.44,19474.0
2026-08-11,2026-08-11 14:15:00,26.43,26.515,26.43,26.51,27253.0
2026-08-11,2026-08-11 14:20:00,26.5,26.56,26.44,26.44,49531.0
2026-08-11,2026-08-11 14:25:00,26.435,26.44,26.29,26.42,30713.0
2026-08-11,2026-08-11 14:30:00,26.42,26.52,26.26,26.26,49410.0
2026-08-11,2026-08-11 14:35:00,26.255,26.27,25.9301,25.99,51165.0
2026-08-11,2026-08-11 14:40:00,25.995,26.09,25.89,26.0,22302.0
2026-08-11,2026-08-11 14:45:00,26.025,26.11,25.91,26.04,55039.0
2026-08-11,2026-08-11 14:50:00,26.02,26.12,26.02,26.065,13046.0
2026-08-11,2026-08-11 14:55:00,26.065,26.12,26.02,26.04,13515.0
2026-08-11,2026-08-11 15:00:00,26.02,26.08,25.96,26.06,24964.0
2026-08-11,2026-08-11 15:05:00,26.07,26.11,26.05,26.06,18064.0
2026-08-11,2026-08-11 15:10:00,26.05,26.13,26.01,26.02,19185.0
2026-08-11,2026-08-11 15:15:00,26.02,26.115,26.02,26.09,16963.0
2026-08-11,2026-08-11 15:20:00,26.1,26.1,26.0,26.0,17210.0
2026-08-11,2026-08-11 15:25:00,26.015,26.075,25.86,26.015,291356.0
2026-08-11,2026-08-11 15:30:00,26.0075,26.315,25.96,26.26,303590.0
2026-08-11,2026-08-11 15:35:00,26.27,26.36,26.14,26.14,61563.0
2026-08-11,2026-08-11 15:40:00,26.12,26.1675,26.02,26.05,29785.0
2026-08-11,2026-08-11 15:45:00,26.03,26.05,25.87,25.88,28804.0
2026-08-11,2026-08-11 15:50:00,25.88,25.92,25.59,25.845,82678.0
2026-08-11,2026-08-11 15:55:00,25.82,25.92,25.65,25.8,72478.0
2026-08-11,2026-08-11 16:00:00,25.81,26.03,25.68,26.0,925483.0
2026-08-12,2026-08-12 09:35:00,25.0,25.52,25.0,25.33,66924.0
2026-08-12,2026-08-12 09:40:00,25.255,25.285,25.0001,25.19,20966.0
2026-08-12,2026-08-12 09:45:00,25.17,25.215,25.04,25.04,10038.0
2026-08-12,2026-08-12 09:50:00,25.04,25.315,25.0,25.25,27399.0
2026-08-12,2026-08-12 09:55:00,25.255,25.31,25.17,25.175,25950.0
2026-08-12,2026-08-12 10:00:00,25.22,25.4,25.165,25.39,51220.0
2026-08-12,2026-08-12 10:05:00,25.315,25.33,25.17,25.17,35873.0
2026-08-12,2026-08-12 10:10:00,25.19,25.22,25.1375,25.16,23218.0
2026-08-12,2026-08-12 10:15:00,25.14,25.16,25.06,25.095,27651.0
2026-08-12,2026-08-12 10:20:00,25.09,25.29,25.075,25.26,33688.0
2026-08-12,2026-08-12 10:25:00,25.25,25.26,25.14,25.175,29255.0
2026-08-12,2026-08-12 10:30:00,25.19,25.29,25.12,25.25,56698.0
2026-08-12,2026-08-12 10:35:00,25.195,25.28,25.13,25.2,28490.0
2026-08-12,2026-08-12 10:40:00,25.23,25.315,25.17,25.315,31955.0
2026-08-12,2026-08-12 10:45:00,25.34,25.35,25.28,25.32,25651.0
2026-08-12,2026-08-12 10:50:00,25.325,25.47,25.315,25.46,18070.0
2026-08-12,2026-08-12 10:55:00,25.455,25.47,25.4,25.42,8190.0
2026-08-12,2026-08-12 11:00:00,25.42,25.77,25.42,25.69,79633.0
2026-08-12,2026-08-12 11:05:00,25.66,25.67,25.53,25.55,8864.0
2026-08-12,2026-08-12 11:10:00,25.53,25.555,25.48,25.51,12186.0
2026-08-12,2026-08-12 11:15:00,25.49,25.56,25.49,25.53,14312.0
2026-08-12,2026-08-12 11:20:00,25.54,25.55,25.49,25.52,6998.0
2026-08-12,2026-08-12 11:25:00,25.52,25.59,25.47,25.56,22185.0
2026-08-12,2026-08-12 11:30:00,25.565,25.565,25.48,25.52,11438.0
2026-08-12,2026-08-12 11:35:00,25.51,25.59,25.5,25.55,29959.0
2026-08-12,2026-08-12 11:40:00,25.565,25.57,25.53,25.53,6267.0
2026-08-12,2026-08-12 11:45:00,25.54,25.55,25.51,25.55,8369.0
2026-08-12,2026-08-12 11:50:00,25.54,25.54,25.48,25.5,10223.0
2026-08-12,2026-08-12 11:55:00,25.51,25.52,25.48,25.48,11726.0
2026-08-12,2026-08-12 12:00:00,25.47,25.56,25.45,25.545,12141.0
2026-08-12,2026-08-12 12:05:00,25.53,25.53,25.47,25.5,4979.0
2026-08-12,2026-08-12 12:10:00,25.52,25.53,25.5,25.51,5365.0
2026-08-12,2026-08-12 12:15:00,25.5,25.53,25.49,25.53,10070.0
2026-08-12,2026-08-12 12:20:00,25.53,25.53,25.51,25.51,2367.0
2026-08-12,2026-08-12 12:25:00,25.52,25.5399,25.51,25.53,7602.0
2026-08-12,2026-08-12 12:30:00,25.53,25.58,25.53,25.54,7385.0
2026-08-12,2026-08-12 12:35:00,25.54,25.55,25.5,25.51,6271.0
2026-08-12,2026-08-12 12:40:00,25.51,25.53,25.5,25.5099,4919.0
2026-08-12,2026-08-12 12:45:00,25.505,25.51,25.485,25.505,26163.0
2026-08-12,2026-08-12 12:50:00,25.51,25.51,25.47,25.5,12004.0
2026-08-12,2026-08-12 12:55:00,25.485,25.4999,25.485,25.4999,3830.0
2026-08-12,2026-08-12 13:00:00,25.49,25.5,25.47,25.49,7745.0
2026-08-12,2026-08-12 13:05:00,25.48,25.49,25.47,25.4725,6377.0
2026-08-12,2026-08-12 13:10:00,25.47,25.525,25.47,25.52,7928.0
2026-08-12,2026-08-12 13:15:00,25.51,25.51,25.5,25.505,5419.0
2026-08-12,2026-08-12 13:20:00,25.505,25.52,25.48,25.48,33038.0
2026-08-12,2026-08-12 13:25:00,25.475,25.475,25.41,25.44,10250.0
2026-08-12,2026-08-12 13:30:00,25.45,25.49,25.45,25.475,15857.0
2026-08-12,2026-08-12 13:35:00,25.475,25.475,25.44,25.46,11861.0
2026-08-12,2026-08-12 13:40:00,25.455,25.455,25.34,25.375,69616.0
2026-08-12,2026-08-12 13:45:00,25.36,25.375,25.3,25.3,21574.0
2026-08-12,2026-08-12 13:50:00,25.3,25.33,25.29,25.33,11321.0
2026-08-12,2026-08-12 13:55:00,25.35,25.38,25.32,25.35,16264.0
2026-08-12,2026-08-12 14:00:00,25.355,25.37,25.295,25.3,9915.0
2026-08-12,2026-08-12 14:05:00,25.31,25.33,25.29,25.295,14753.0
2026-08-12,2026-08-12 14:10:00,25.295,25.295,25.245,25.245,22213.0
2026-08-12,2026-08-12 14:15:00,25.25,25.39,25.23,25.37,25985.0
2026-08-12,2026-08-12 14:20:00,25.345,25.41,25.32,25.39,23062.0
2026-08-12,2026-08-12 14:25:00,25.37,25.4,25.36,25.4,8158.0
2026-08-12,2026-08-12 14:30:00,25.39,25.41,25.39,25.405,16330.0
2026-08-12,2026-08-12 14:35:00,25.405,25.42,25.395,25.42,11237.0
2026-08-12,2026-08-12 14:40:00,25.42,25.46,25.42,25.46,4913.0
2026-08-12,2026-08-12 14:45:00,25.45,25.46,25.44,25.455,8335.0
2026-08-12,2026-08-12 14:50:00,25.45,25.48,25.45,25.47,12173.0
2026-08-12,2026-08-12 14:55:00,25.47,25.48,25.45,25.46,7023.0
2026-08-12,2026-08-12 15:00:00,25.46,25.46,25.445,25.445,7231.0
2026-08-12,2026-08-12 15:05:00,25.445,25.445,25.34,25.35,25290.0
2026-08-12,2026-08-12 15:10:00,25.35,25.43,25.34,25.41,12056.0
2026-08-12,2026-08-12 15:15:00,25.41,25.43,25.4,25.42,14431.0
2026-08-12,2026-08-12 15:20:00,25.42,25.43,25.4,25.405,22469.0
2026-08-12,2026-08-12 15:25:00,25.405,25.405,25.38,25.385,37918.0
2026-08-12,2026-08-12 15:30:00,25.385,25.43,25.37,25.42,15773.0
2026-08-12,2026-08-12 15:35:00,25.42,25.4499,25.41,25.41,20699.0
2026-08-12,2026-08-12 15:40:00,25.41,25.43,25.31,25.32,48170.0
2026-08-12,2026-08-12 15:45:00,25.32,25.35,25.285,25.35,39320.0
2026-08-12,2026-08-12 15:50:00,25.36,25.36,25.31,25.34,39845.0
2026-08-12,2026-08-12 15:55:00,25.31,25.47,25.24,25.46,121042.0
2026-08-12,2026-08-12 16:00:00,25.46,25.51,25.41,25.49,406799.0
2026-08-13,2026-08-13 09:35:00,26.21,26.382,26.025,26.26,24991.0
2026-08-13,2026-08-13 09:40:00,26.26,26.3202,26.05,26.13,10537.0
2026-08-13,2026-08-13 09:45:00,26.14,26.2,26.0207,26.11,6327.0
2026-08-13,2026-08-13 09:50:00,26.04,26.16,26.005,26.01,6369.0
2026-08-13,2026-08-13 09:55:00,26.0799,26.1998,26.0,26.16,8126.0
2026-08-13,2026-08-13 10:00:00,26.09,26.145,26.0,26.11,262750.0
2026-08-13,2026-08-13 10:05:00,26.08,26.1,26.0,26.06,15256.0
2026-08-13,2026-08-13 10:10:00,26.03,26.14,25.91,26.14,19146.0
2026-08-13,2026-08-13 10:15:00,26.13,26.14,26.07,26.08,10282.0
2026-08-13,2026-08-13 10:20:00,26.1,26.1,26.05,26.09,4751.0
2026-08-13,2026-08-13 10:25:00,26.11,26.115,26.07,26.1,4167.0
2026-08-13,2026-08-13 10:30:00,26.07,26.09,26.01,26.04,6707.0
2026-08-13,2026-08-13 10:35:00,26.02,26.0494,25.92,25.96,8555.0
2026-08-13,2026-08-13 10:40:00,25.98,25.98,25.8,25.835,12014.0
2026-08-13,2026-08-13 10:45:00,25.8,25.825,25.73,25.75,5267.0
2026-08-13,2026-08-13 10:50:00,25.77,25.905,25.7,25.85,14219.0
2026-08-13,2026-08-13 10:55:00,25.85,25.955,25.85,25.89,8111.0
2026-08-13,2026-08-13 11:00:00,25.91,25.965,25.91,25.915,2499.0
2026-08-13,2026-08-13 11:05:00,25.91,26.01,25.91,25.98,5146.0
2026-08-13,2026-08-13 11:10:00,25.945,25.945,25.845,25.845,8224.0
2026-08-13,2026-08-13 11:15:00,25.87,25.95,25.845,25.94,6589.0
2026-08-13,2026-08-13 11:20:00,25.94,26.04,25.94,26.015,4492.0
2026-08-13,2026-08-13 11:25:00,26.015,26.015,25.8,25.8,13417.0
2026-08-13,2026-08-13 11:30:00,25.79,25.79,25.71,25.73,13556.0
2026-08-13,2026-08-13 11:35:00,25.71,25.76,25.71,25.75,4941.0
2026-08-13,2026-08-13 11:40:00,25.77,25.77,25.7,25.7,3716.0
2026-08-13,2026-08-13 11:45:00,25.7,25.78,25.7,25.725,13805.0
2026-08-13,2026-08-13 11:50:00,25.72,25.74,25.7,25.74,9047.0
2026-08-13,2026-08-13 11:55:00,25.75,25.8,25.75,25.76,4186.0
2026-08-13,2026-08-13 12:00:00,25.76,25.86,25.76,25.765,10946.0
2026-08-13,2026-08-13 12:05:00,25.765,25.8,25.765,25.8,2605.0
2026-08-13,2026-08-13 12:10:00,25.79,25.88,25.79,25.83,6245.0
2026-08-13,2026-08-13 12:15:00,25.83,25.84,25.81,25.81,1361.0
2026-08-13,2026-08-13 12:20:00,25.81,25.83,25.8,25.815,7163.0
2026-08-13,2026-08-13 12:25:00,25.83,25.86,25.82,25.82,5802.0
2026-08-13,2026-08-13 12:30:00,25.815,25.87,25.815,25.855,3860.0
2026-08-13,2026-08-13 12:35:00,25.87,25.9,25.86,25.86,7737.0
2026-08-13,2026-08-13 12:40:00,25.86,25.89,25.86,25.89,1656.0
2026-08-13,2026-08-13 12:45:00,25.89,25.91,25.87,25.9,5040.0
2026-08-13,2026-08-13 12:50:00,25.895,25.92,25.89,25.9,4845.0
2026-08-13,2026-08-13 12:55:00,25.89,25.9,25.88,25.89,1636.0
2026-08-13,2026-08-13 13:00:00,25.89,25.91,25.89,25.91,3481.0
2026-08-13,2026-08-13 13:05:00,25.89,26.0525,25.89,26.04,35018.0
2026-08-13,2026-08-13 13:10:00,26.02,26.04,26.02,26.04,6652.0
2026-08-13,2026-08-13 13:15:00,26.035,26.035,25.97,25.98,8633.0
2026-08-13,2026-08-13 13:20:00,25.98,26.01,25.975,26.01,5048.0
2026-08-13,2026-08-13 13:25:00,26.0001,26.0001,25.98,25.99,5849.0
2026-08-13,2026-08-13 13:30:00,25.9899,25.9899,25.94,25.94,3187.0
2026-08-13,2026-08-13 13:35:00,25.95,25.96,25.94,25.94,4947.0
2026-08-13,2026-08-13 13:40:00,25.94,26.02,25.94,25.985,13201.0
2026-08-13,2026-08-13 13:45:00,25.96,25.96,25.9,25.91,7570.0
2026-08-13,2026-08-13 13:50:00,25.905,25.91,25.87,25.87,5428.0
2026-08-13,2026-08-13 13:55:00,25.87,25.9094,25.865,25.89,2530.0
2026-08-13,2026-08-13 14:00:00,25.88,25.92,25.86,25.88,10284.0
2026-08-13,2026-08-13 14:05:00,25.885,25.89,25.87,25.87,2756.0
2026-08-13,2026-08-13 14:10:00,25.89,25.925,25.88,25.88,8769.0
2026-08-13,2026-08-13 14:15:00,25.89,25.9,25.88,25.88,3594.0
2026-08-13,2026-08-13 14:20:00,25.895,25.91,25.88,25.88,3197.0
2026-08-13,2026-08-13 14:25:00,25.88,25.93,25.88,25.8905,3712.0
2026-08-13,2026-08-13 14:30:00,25.91,25.975,25.89,25.975,8044.0
2026-08-13,2026-08-13 14:35:00,25.975,26.03,25.95,25.985,16532.0
2026-08-13,2026-08-13 14:40:00,25.985,25.985,25.92,25.92,7186.0
2026-08-13,2026-08-13 14:45:00,25.92,25.945,25.92,25.945,2681.0
2026-08-13,2026-08-13 14:50:00,25.945,25.98,25.945,25.97,3463.0
2026-08-13,2026-08-13 14:55:00,25.98,26.02,25.94,25.95,7991.0
2026-08-13,2026-08-13 15:00:00,25.95,25.96,25.93,25.93,4961.0
2026-08-13,2026-08-13 15:05:00,25.93,25.955,25.93,25.955,3876.0
2026-08-13,2026-08-13 15:10:00,25.955,25.975,25.92,25.975,6885.0
2026-08-13,2026-08-13 15:15:00,25.97,25.97,25.94,25.94,3717.0
2026-08-13,2026-08-13 15:20:00,25.94,25.99,25.94,25.99,4845.0
2026-08-13,2026-08-13 15:25:00,26.005,26.01,25.97,25.98,4318.0
2026-08-13,2026-08-13 15:30:00,25.97,26.01,25.97,25.985,9752.0
2026-08-13,2026-08-13 15:35:00,25.985,26.03,25.985,26.015,3946.0
2026-08-13,2026-08-13 15:40:00,26.015,26.02,25.98,25.985,12275.0
2026-08-13,2026-08-13 15:45:00,25.985,25.985,25.97,25.975,5625.0
2026-08-13,2026-08-13 15:50:00,25.98,26.02,25.975,26.01,10103.0
2026-08-13,2026-08-13 15:55:00,26.02,26.2,26.02,26.105,60300.0
2026-08-13,2026-08-13 16:00:00,26.11,26.155,26.0,26.03,141162.0
2026-08-14,2026-08-14 09:35:00,25.44,25.56,25.33,25.495,18386.0
2026-08-14,2026-08-14 09:40:00,25.5,25.645,25.4,25.56,55526.0
2026-08-14,2026-08-14 09:45:00,25.56,26.05,25.56,26.01,56105.0
2026-08-14,2026-08-14 09:50:00,25.93,25.935,25.84,25.84,2930.0
2026-08-14,2026-08-14 09:55:00,25.84,25.895,25.8185,25.86,2951.0
2026-08-14,2026-08-14 10:00:00,25.86,25.86,25.66,25.725,92517.0
2026-08-14,2026-08-14 10:05:00,25.68,25.7775,25.65,25.69,4182.0
2026-08-14,2026-08-14 10:10:00,25.68,25.83,25.68,25.83,10528.0
2026-08-14,2026-08-14 10:15:00,25.9,25.98,25.9,25.925,4083.0
2026-08-14,2026-08-14 10:20:00,25.885,25.945,25.84,25.945,8165.0
2026-08-14,2026-08-14 10:25:00,25.94,26.175,25.94,26.16,20130.0
2026-08-14,2026-08-14 10:30:00,26.175,26.25,26.13,26.19,22311.0
2026-08-14,2026-08-14 10:35:00,26.2,26.22,26.05,26.05,5452.0
2026-08-14,2026-08-14 10:40:00,26.045,26.13,26.04,26.095,4984.0
2026-08-14,2026-08-14 10:45:00,26.08,26.13,26.07,26.13,7775.0
2026-08-14,2026-08-14 10:50:00,26.13,26.17,26.1,26.1,9324.0
2026-08-14,2026-08-14 10:55:00,26.095,26.21,25.99,26.155,16748.0
2026-08-14,2026-08-14 11:00:00,26.15,26.22,25.95,25.99,74433.0
2026-08-14,2026-08-14 11:05:00,26.005,26.09,25.98,26.06,11857.0
2026-08-14,2026-08-14 11:10:00,26.05,26.13,26.005,26.13,14318.0
2026-08-14,2026-08-14 11:15:00,26.13,26.26,26.115,26.13,42779.0
2026-08-14,2026-08-14 11:20:00,26.12,26.14,26.11,26.14,5615.0
2026-08-14,2026-08-14 11:25:00,26.14,26.17,26.125,26.125,10158.0
2026-08-14,2026-08-14 11:30:00,26.105,26.16,26.1,26.16,4432.0
2026-08-14,2026-08-14 11:35:00,26.17,26.19,25.985,26.08,15084.0
2026-08-14,2026-08-14 11:40:00,26.08,26.08,26.052,26.07,1929.0
2026-08-14,2026-08-14 11:45:00,26.07,26.08,26.06,26.065,3402.0
2026-08-14,2026-08-14 11:50:00,26.1,26.12,26.06,26.07,2570.0
2026-08-14,2026-08-14 11:55:00,26.08,26.09,26.075,26.08,2199.0
2026-08-14,2026-08-14 12:00:00,26.09,26.125,26.06,26.093,7418.0
2026-08-14,2026-08-14 12:05:00,26.12,26.12,26.035,26.07,5280.0
2026-08-14,2026-08-14 12:10:00,26.05,26.06,25.95,25.95,11784.0
2026-08-14,2026-08-14 12:15:00,25.94,25.945,25.865,25.88,6862.0
2026-08-14,2026-08-14 12:20:00,25.88,25.895,25.85,25.85,4058.0
2026-08-14,2026-08-14 12:25:00,25.87,25.97,25.87,25.94,21551.0
2026-08-14,2026-08-14 12:30:00,25.935,25.935,25.89,25.89,2287.0
2026-08-14,2026-08-14 12:35:00,25.89,25.89,25.85,25.86,5191.0
2026-08-14,2026-08-14 12:40:00,25.87,25.88,25.84,25.88,1926.0
2026-08-14,2026-08-14 12:45:00,25.86,25.87,25.84,25.87,3155.0
2026-08-14,2026-08-14 12:50:00,25.87,25.87,25.82,25.83,4301.0
2026-08-14,2026-08-14 12:55:00,25.84,25.85,25.83,25.835,1081.0
2026-08-14,2026-08-14 13:00:00,25.83,25.84,25.825,25.835,2876.0
2026-08-14,2026-08-14 13:05:00,25.83,25.83,25.82,25.82,1561.0
2026-08-14,2026-08-14 13:10:00,25.82,25.83,25.785,25.8,4521.0
2026-08-14,2026-08-14 13:15:00,25.84,25.88,25.83,25.88,2513.0
2026-08-14,2026-08-14 13:20:00,25.87,25.87,25.87,25.87,804.0
2026-08-14,2026-08-14 13:25:00,25.855,25.95,25.84,25.935,38351.0
2026-08-14,2026-08-14 13:30:00,25.92,25.975,25.895,25.97,8782.0
2026-08-14,2026-08-14 13:35:00,25.99,25.99,25.98,25.98,1123.0
2026-08-14,2026-08-14 13:40:00,25.985,25.99,25.98,25.98,2334.0
2026-08-14,2026-08-14 13:45:00,25.975,25.98,25.975,25.975,1823.0
2026-08-14,2026-08-14 13:50:00,25.97,25.985,25.96,25.96,5090.0
2026-08-14,2026-08-14 13:55:00,25.96,25.98,25.96,25.98,2720.0
2026-08-14,2026-08-14 14:00:00,25.97,25.99,25.965,25.97,1995.0
2026-08-14,2026-08-14 14:05:00,25.97,25.97,25.96,25.965,1990.0
2026-08-14,2026-08-14 14:10:00,25.965,26.0,25.96,25.99,3820.0
2026-08-14,2026-08-14 14:15:00,25.99,25.99,25.97,25.975,2006.0
2026-08-14,2026-08-14 14:20:00,25.97,25.99,25.97,25.99,2715.0
2026-08-14,2026-08-14 14:25:00,25.99,26.0,25.99,25.99,2823.0
2026-08-14,2026-08-14 14:30:00,25.98,25.985,25.97,25.985,2558.0
2026-08-14,2026-08-14 14:35:00,25.985,25.99,25.975,25.98,4872.0
2026-08-14,2026-08-14 14:40:00,25.985,26.0,25.95,25.99,55509.0
2026-08-14,2026-08-14 14:45:00,25.99,26.04,25.985,26.02,7056.0
2026-08-14,2026-08-14 14:50:00,26.02,26.03,26.02,26.02,4064.0
2026-08-14,2026-08-14 14:55:00,26.01,26.03,26.0,26.03,3474.0
2026-08-14,2026-08-14 15:00:00,26.04,26.05,26.03,26.035,6040.0
2026-08-14,2026-08-14 15:05:00,26.04,26.04,26.0,26.0,2956.0
2026-08-14,2026-08-14 15:10:00,26.01,26.01,26.0,26.005,2506.0
2026-08-14,2026-08-14 15:15:00,26.005,26.02,26.0,26.0,3229.0
2026-08-14,2026-08-14 15:20:00,26.02,26.02,25.98,25.99,4035.0
2026-08-14,2026-08-14 15:25:00,25.99,25.99,25.82,25.86,18493.0
2026-08-14,2026-08-14 15:30:00,25.87,25.89,25.845,25.845,6675.0
2026-08-14,2026-08-14 15:35:00,25.845,25.9,25.84,25.88,19376.0
2026-08-14,2026-08-14 15:40:00,25.89,25.93,25.87,25.87,10112.0
2026-08-14,2026-08-14 15:45:00,25.87,25.89,25.85,25.88,14231.0
2026-08-14,2026-08-14 15:50:00,25.88,25.91,25.87,25.9,15333.0
2026-08-14,2026-08-14 15:55:00,25.88,25.89,25.825,25.86,53813.0
2026-08-14,2026-08-14 16:00:00,25.84,25.98,25.84,25.9,275452.0
2026-08-17,2026-08-17 09:35:00,25.25,25.82,24.77,25.73,64384.0
2026-08-17,2026-08-17 09:40:00,25.695,25.77,25.625,25.71,21297.0
2026-08-17,2026-08-17 09:45:00,25.67,25.7,25.48,25.48,13847.0
2026-08-17,2026-08-17 09:50:00,25.51,25.68,25.51,25.57,26200.0
2026-08-17,2026-08-17 09:55:00,25.56,25.65,25.46,25.495,19088.0
2026-08-17,2026-08-17 10:00:00,25.495,25.54,25.41,25.41,102240.0
2026-08-17,2026-08-17 10:05:00,25.4,25.455,25.32,25.45,17279.0
2026-08-17,2026-08-17 10:10:00,25.45,25.4999,25.39,25.465,15084.0
2026-08-17,2026-08-17 10:15:00,25.47,25.565,25.44,25.52,11739.0
2026-08-17,2026-08-17 10:20:00,25.51,25.54,25.47,25.54,22401.0
2026-08-17,2026-08-17 10:25:00,25.54,25.54,25.51,25.51,20780.0
2026-08-17,2026-08-17 10:30:00,25.51,25.57,25.51,25.52,20443.0
2026-08-17,2026-08-17 10:35:00,25.52,25.62,25.51,25.62,30656.0
2026-08-17,2026-08-17 10:40:00,25.58,25.59,25.54,25.575,8354.0
2026-08-17,2026-08-17 10:45:00,25.59,25.67,25.56,25.67,35820.0
2026-08-17,2026-08-17 10:50:00,25.69,25.71,25.66,25.665,8449.0
2026-08-17,2026-08-17 10:55:00,25.66,25.68,25.64,25.68,6933.0
2026-08-17,2026-08-17 11:00:00,25.68,25.68,25.59,25.645,9189.0
2026-08-17,2026-08-17 11:05:00,25.63,25.64,25.55,25.595,6723.0
2026-08-17,2026-08-17 11:10:00,25.595,25.69,25.58,25.58,12760.0
2026-08-17,2026-08-17 11:15:00,25.58,25.66,25.57,25.66,11450.0
2026-08-17,2026-08-17 11:20:00,25.64,25.73,25.63,25.72,7757.0
2026-08-17,2026-08-17 11:25:00,25.69,25.69,25.59,25.605,5903.0
2026-08-17,2026-08-17 11:30:00,25.63,25.695,25.61,25.69,9129.0
2026-08-17,2026-08-17 11:35:00,25.68,25.73,25.66,25.73,6226.0
2026-08-17,2026-08-17 11:40:00,25.74,25.8,25.73,25.78,8321.0
2026-08-17,2026-08-17 11:45:00,25.785,25.785,25.785,25.785,1498.0
2026-08-17,2026-08-17 11:50:00,25.79,25.81,25.79,25.81,5117.0
2026-08-17,2026-08-17 11:55:00,25.84,25.84,25.81,25.83,4190.0
2026-08-17,2026-08-17 12:00:00,25.8,25.88,25.795,25.795,8516.0
2026-08-17,2026-08-17 12:05:00,25.78,25.82,25.77,25.82,7659.0
2026-08-17,2026-08-17 12:10:00,25.8,25.83,25.785,25.81,3817.0
2026-08-17,2026-08-17 12:15:00,25.83,25.845,25.81,25.82,4720.0
2026-08-17,2026-08-17 12:20:00,25.815,25.815,25.785,25.785,5262.0
2026-08-17,2026-08-17 12:25:00,25.785,25.81,25.76,25.785,3354.0
2026-08-17,2026-08-17 12:30:00,25.785,25.82,25.785,25.82,6668.0
2026-08-17,2026-08-17 12:35:00,25.82,25.82,25.8,25.805,7365.0
2026-08-17,2026-08-17 12:40:00,25.81,25.81,25.79,25.79,2470.0
2026-08-17,2026-08-17 12:45:00,25.77,25.795,25.755,25.755,2586.0
2026-08-17,2026-08-17 12:50:00,25.76,25.8,25.755,25.755,7756.0
2026-08-17,2026-08-17 12:55:00,25.755,25.77,25.75,25.75,2062.0
2026-08-17,2026-08-17 13:00:00,25.76,25.805,25.755,25.78,6846.0
2026-08-17,2026-08-17 13:05:00,25.77,25.92,25.76,25.89,18613.0
2026-08-17,2026-08-17 13:10:00,25.9,25.9,25.84,25.84,5897.0
2026-08-17,2026-08-17 13:15:00,25.82,25.835,25.795,25.81,4445.0
2026-08-17,2026-08-17 13:20:00,25.785,25.83,25.785,25.83,4126.0
2026-08-17,2026-08-17 13:25:00,25.83,25.83,25.805,25.82,3787.0
2026-08-17,2026-08-17 13:30:00,25.805,25.805,25.76,25.775,3487.0
2026-08-17,2026-08-17 13:35:00,25.775,25.8,25.76,25.8,5324.0
2026-08-17,2026-08-17 13:40:00,25.81,25.82,25.79,25.81,7547.0
2026-08-17,2026-08-17 13:45:00,25.805,25.83,25.805,25.83,5305.0
2026-08-17,2026-08-17 13:50:00,25.84,25.905,25.84,25.9,9224.0
2026-08-17,2026-08-17 13:55:00,25.9,25.9,25.84,25.85,4169.0
2026-08-17,2026-08-17 14:00:00,25.855,25.86,25.83,25.86,4815.0
2026-08-17,2026-08-17 14:05:00,25.86,25.86,25.795,25.795,5475.0
2026-08-17,2026-08-17 14:10:00,25.82,25.825,25.79,25.81,3877.0
2026-08-17,2026-08-17 14:15:00,25.77,25.78,25.73,25.765,4371.0
2026-08-17,2026-08-17 14:20:00,25.74,25.76,25.69,25.735,6674.0
2026-08-17,2026-08-17 14:25:00,25.73,25.76,25.7,25.74,13862.0
2026-08-17,2026-08-17 14:30:00,25.75,25.75,25.735,25.74,3923.0
2026-08-17,2026-08-17 14:35:00,25.75,25.76,25.72,25.74,7480.0
2026-08-17,2026-08-17 14:40:00,25.72,25.74,25.72,25.73,6309.0
2026-08-17,2026-08-17 14:45:00,25.71,25.75,25.71,25.735,4370.0
2026-08-17,2026-08-17 14:50:00,25.735,25.78,25.69,25.76,9112.0
2026-08-17,2026-08-17 14:55:00,25.77,25.82,25.77,25.82,6589.0
2026-08-17,2026-08-17 15:00:00,25.81,25.81,25.79,25.805,5922.0
2026-08-17,2026-08-17 15:05:00,25.805,25.805,25.765,25.78,13820.0
2026-08-17,2026-08-17 15:10:00,25.78,25.79,25.75,25.76,7742.0
2026-08-17,2026-08-17 15:15:00,25.76,25.77,25.74,25.74,6661.0
2026-08-17,2026-08-17 15:20:00,25.755,25.77,25.67,25.72,47083.0
2026-08-17,2026-08-17 15:25:00,25.72,25.73,25.705,25.73,19829.0
2026-08-17,2026-08-17 15:30:00,25.715,25.715,25.67,25.68,23617.0
2026-08-17,2026-08-17 15:35:00,25.675,25.675,25.605,25.63,25762.0
2026-08-17,2026-08-17 15:40:00,25.62,25.66,25.61,25.64,50566.0
2026-08-17,2026-08-17 15:45:00,25.62,25.629,25.56,25.62,32146.0
2026-08-17,2026-08-17 15:50:00,25.63,25.64,25.59,25.615,42805.0
2026-08-17,2026-08-17 15:55:00,25.61,25.68,25.55,25.615,104802.0
2026-08-17,2026-08-17 16:00:00,25.62,25.68,25.61,25.64,214551.0
2026-08-18,2026-08-18 09:35:00,24.86,25.01,24.64,24.94,112716.0
2026-08-18,2026-08-18 09:40:00,24.94,25.12,24.865,25.06,27363.0
2026-08-18,2026-08-18 09:45:00,25.09,25.27,25.055,25.225,35319.0
2026-08-18,2026-08-18 09:50:00,25.215,25.37,25.195,25.33,77669.0
2026-08-18,2026-08-18 09:55:00,25.29,25.35,25.2,25.25,44619.0
2026-08-18,2026-08-18 10:00:00,25.23,25.36,25.23,25.28,13328.0
2026-08-18,2026-08-18 10:05:00,25.28,25.36,25.24,25.3,15759.0
2026-08-18,2026-08-18 10:10:00,25.3,25.305,25.245,25.25,16664.0
2026-08-18,2026-08-18 10:15:00,25.26,25.305,25.225,25.26,32129.0
2026-08-18,2026-08-18 10:20:00,25.265,25.39,25.24,25.39,16527.0
2026-08-18,2026-08-18 10:25:00,25.4,25.44,25.28,25.32,7367.0
2026-08-18,2026-08-18 10:30:00,25.32,25.4,25.32,25.4,6786.0
2026-08-18,2026-08-18 10:35:00,25.405,25.55,25.405,25.5,11189.0
2026-08-18,2026-08-18 10:40:00,25.51,25.56,25.49,25.56,10716.0
2026-08-18,2026-08-18 10:45:00,25.55,25.62,25.53,25.535,32801.0
2026-08-18,2026-08-18 10:50:00,25.5,25.58,25.5,25.505,15922.0
2026-08-18,2026-08-18 10:55:00,25.49,25.56,25.49,25.525,18547.0
2026-08-18,2026-08-18 11:00:00,25.525,25.545,25.47,25.515,24602.0
2026-08-18,2026-08-18 11:05:00,25.51,25.53,25.48,25.52,59441.0
2026-08-18,2026-08-18 11:10:00,25.52,25.52,25.44,25.44,37567.0
2026-08-18,2026-08-18 11:15:00,25.42,25.44,25.39,25.41,8011.0
2026-08-18,2026-08-18 11:20:00,25.395,25.41,25.32,25.345,9079.0
2026-08-18,2026-08-18 11:25:00,25.345,25.38,25.345,25.38,9732.0
2026-08-18,2026-08-18 11:30:00,25.39,25.4,25.35,25.35,6990.0
2026-08-18,2026-08-18 11:35:00,25.36,25.36,25.335,25.36,6198.0
2026-08-18,2026-08-18 11:40:00,25.33,25.4,25.33,25.39,15403.0
2026-08-18,2026-08-18 11:45:00,25.385,25.4,25.37,25.4,8153.0
2026-08-18,2026-08-18 11:50:00,25.38,25.425,25.375,25.425,16312.0
2026-08-18,2026-08-18 11:55:00,25.425,25.44,25.3962,25.43,10977.0
2026-08-18,2026-08-18 12:00:00,25.4,25.47,25.4,25.47,20328.0
2026-08-18,2026-08-18 12:05:00,25.48,25.53,25.48,25.51,4575.0
2026-08-18,2026-08-18 12:10:00,25.51,25.51,25.46,25.46,7742.0
2026-08-18,2026-08-18 12:15:00,25.47,25.5,25.44,25.47,4731.0
2026-08-18,2026-08-18 12:20:00,25.47,25.47,25.41,25.44,4516.0
2026-08-18,2026-08-18 12:25:00,25.455,25.455,25.385,25.415,18329.0
2026-08-18,2026-08-18 12:30:00,25.415,25.49,25.415,25.49,9662.0
2026-08-18,2026-08-18 12:35:00,25.48,25.55,25.48,25.55,16337.0
2026-08-18,2026-08-18 12:40:00,25.54,25.54,25.515,25.52,2689.0
2026-08-18,2026-08-18 12:45:00,25.52,25.55,25.5,25.52,7404.0
2026-08-18,2026-08-18 12:50:00,25.54,25.58,25.525,25.55,15174.0
2026-08-18,2026-08-18 12:55:00,25.55,25.57,25.535,25.55,9961.0
2026-08-18,2026-08-18 13:00:00,25.555,25.555,25.51,25.535,7734.0
2026-08-18,2026-08-18 13:05:00,25.52,25.56,25.52,25.548,9877.0
2026-08-18,2026-08-18 13:10:00,25.54,25.54,25.5,25.52,4266.0
2026-08-18,2026-08-18 13:15:00,25.52,25.61,25.52,25.57,19545.0
2026-08-18,2026-08-18 13:20:00,25.57,25.57,25.54,25.55,4822.0
2026-08-18,2026-08-18 13:25:00,25.545,25.58,25.545,25.57,7220.0
2026-08-18,2026-08-18 13:30:00,25.57,25.58,25.56,25.57,4895.0
2026-08-18,2026-08-18 13:35:00,25.58,25.59,25.56,25.56,8147.0
2026-08-18,2026-08-18 13:40:00,25.56,25.56,25.54,25.55,4757.0
2026-08-18,2026-08-18 13:45:00,25.545,25.56,25.495,25.53,17610.0
2026-08-18,2026-08-18 13:50:00,25.54,25.56,25.52,25.56,5064.0
2026-08-18,2026-08-18 13:55:00,25.56,25.58,25.535,25.535,5825.0
2026-08-18,2026-08-18 14:00:00,25.53,25.54,25.51,25.535,2306.0
2026-08-18,2026-08-18 14:05:00,25.52,25.55,25.49,25.52,7763.0
2026-08-18,2026-08-18 14:10:00,25.52,25.53,25.51,25.512,5902.0
2026-08-18,2026-08-18 14:15:00,25.53,25.53,25.525,25.525,2374.0
2026-08-18,2026-08-18 14:20:00,25.525,25.54,25.525,25.53,6930.0
2026-08-18,2026-08-18 14:25:00,25.53,25.53,25.51,25.52,2937.0
2026-08-18,2026-08-18 14:30:00,25.53,25.53,25.51,25.525,7552.0
2026-08-18,2026-08-18 14:35:00,25.52,25.575,25.51,25.57,15321.0
2026-08-18,2026-08-18 14:40:00,25.57,25.57,25.52,25.57,3083.0
2026-08-18,2026-08-18 14:45:00,25.55,25.57,25.54,25.54,5842.0
2026-08-18,2026-08-18 14:50:00,25.54,25.545,25.51,25.53,5651.0
2026-08-18,2026-08-18 14:55:00,25.53,25.55,25.52,25.54,8417.0
2026-08-18,2026-08-18 15:00:00,25.54,25.55,25.5275,25.535,4327.0
2026-08-18,2026-08-18 15:05:00,25.535,25.55,25.48,25.52,19257.0
2026-08-18,2026-08-18 15:10:00,25.52,25.53,25.51,25.515,24131.0
2026-08-18,2026-08-18 15:15:00,25.515,25.53,25.46,25.465,31124.0
2026-08-18,2026-08-18 15:20:00,25.455,25.53,25.455,25.53,25143.0
2026-08-18,2026-08-18 15:25:00,25.53,25.54,25.52,25.535,11446.0
2026-08-18,2026-08-18 15:30:00,25.53,25.54,25.51,25.52,9474.0
2026-08-18,2026-08-18 15:35:00,25.53,25.54,25.51,25.52,15058.0
2026-08-18,2026-08-18 15:40:00,25.52,25.53,25.51,25.52,29619.0
2026-08-18,2026-08-18 15:45:00,25.52,25.53,25.51,25.51,19712.0
2026-08-18,2026-08-18 15:50:00,25.51,25.53,25.51,25.52,40225.0
2026-08-18,2026-08-18 15:55:00,25.51,25.59,25.47,25.55,122404.0
2026-08-18,2026-08-18 16:00:00,25.54,25.59,25.51,25.57,261017.0
2026-08-19,2026-08-19 09:35:00,25.82,26.94,25.82,26.94,67613.0
2026-08-19,2026-08-19 09:40:00,26.9,27.35,26.9,27.22,39406.0
2026-08-19,2026-08-19 09:45:00,27.25,27.255,26.95,27.13,44263.0
2026-08-19,2026-08-19 09:50:00,27.07,27.18,26.86,26.87,15206.0
2026-08-19,2026-08-19 09:55:00,26.86,27.09,26.84,27.055,10125.0
2026-08-19,2026-08-19 10:00:00,27.12,27.32,27.07,27.27,81880.0
2026-08-19,2026-08-19 10:05:00,27.29,27.5,27.15,27.2,33217.0
2026-08-19,2026-08-19 10:10:00,27.2,27.27,27.18,27.18,12347.0
2026-08-19,2026-08-19 10:15:00,27.21,27.2355,27.07,27.07,18352.0
2026-08-19,2026-08-19 10:20:00,27.125,27.125,26.79,26.89,55496.0
2026-08-19,2026-08-19 10:25:00,26.89,26.93,26.79,26.85,22142.0
2026-08-19,2026-08-19 10:30:00,26.85,26.905,26.82,26.905,8153.0
2026-08-19,2026-08-19 10:35:00,26.905,26.93,26.78,26.78,21718.0
2026-08-19,2026-08-19 10:40:00,26.82,26.825,26.65,26.66,36942.0
2026-08-19,2026-08-19 10:45:00,26.71,26.71,26.51,26.53,12509.0
2026-08-19,2026-08-19 10:50:00,26.52,26.61,26.48,26.61,17112.0
2026-08-19,2026-08-19 10:55:00,26.63,26.69,26.57,26.69,4331.0
2026-08-19,2026-08-19 11:00:00,26.67,26.67,26.58,26.58,9129.0
2026-08-19,2026-08-19 11:05:00,26.58,26.64,26.5,26.52,6646.0
2026-08-19,2026-08-19 11:10:00,26.53,26.53,26.47,26.48,10545.0
2026-08-19,2026-08-19 11:15:00,26.45,26.52,26.45,26.52,9359.0
2026-08-19,2026-08-19 11:20:00,26.51,26.52,26.43,26.43,10807.0
2026-08-19,2026-08-19 11:25:00,26.455,26.52,26.455,26.51,13350.0
2026-08-19,2026-08-19 11:30:00,26.5,26.51,26.47,26.475,23158.0
2026-08-19,2026-08-19 11:35:00,26.475,26.525,26.45,26.515,16345.0
2026-08-19,2026-08-19 11:40:00,26.515,26.515,26.465,26.49,10308.0
2026-08-19,2026-08-19 11:45:00,26.49,26.49,26.45,26.45,11064.0
2026-08-19,2026-08-19 11:50:00,26.45,26.51,26.44,26.505,8134.0
2026-08-19,2026-08-19 11:55:00,26.505,26.54,26.43,26.54,14650.0
2026-08-19,2026-08-19 12:00:00,26.54,26.58,26.5,26.54,109527.0
2026-08-19,2026-08-19 12:05:00,26.54,26.54,26.36,26.41,12076.0
2026-08-19,2026-08-19 12:10:00,26.43,26.435,26.37,26.37,5079.0
2026-08-19,2026-08-19 12:15:00,26.37,26.69,26.35,26.6,46810.0
2026-08-19,2026-08-19 12:20:00,26.65,26.71,26.6335,26.7,14569.0
2026-08-19,2026-08-19 12:25:00,26.7,26.7,26.58,26.64,14800.0
2026-08-19,2026-08-19 12:30:00,26.675,26.735,26.66,26.71,10858.0
2026-08-19,2026-08-19 12:35:00,26.674,26.68,26.605,26.64,4669.0
2026-08-19,2026-08-19 12:40:00,26.63,26.66,26.59,26.6,9161.0
2026-08-19,2026-08-19 12:45:00,26.61,26.665,26.61,26.665,5732.0
2026-08-19,2026-08-19 12:50:00,26.65,26.67,26.625,26.63,11067.0
2026-08-19,2026-08-19 12:55:00,26.64,26.72,26.62,26.69,7271.0
2026-08-19,2026-08-19 13:00:00,26.69,26.71,26.67,26.69,5644.0
2026-08-19,2026-08-19 13:05:00,26.68,26.7,26.65,26.69,5949.0
2026-08-19,2026-08-19 13:10:00,26.7,26.7,26.66,26.66,2471.0
2026-08-19,2026-08-19 13:15:00,26.67,26.67,26.655,26.67,4394.0
2026-08-19,2026-08-19 13:20:00,26.67,26.71,26.67,26.685,4009.0
2026-08-19,2026-08-19 13:25:00,26.6601,26.69,26.65,26.65,2319.0
2026-08-19,2026-08-19 13:30:00,26.65,26.71,26.65,26.68,7094.0
2026-08-19,2026-08-19 13:35:00,26.71,26.71,26.68,26.68,3398.0
2026-08-19,2026-08-19 13:40:00,26.66,26.66,26.615,26.615,3721.0
2026-08-19,2026-08-19 13:45:00,26.615,26.63,26.575,26.62,7296.0
2026-08-19,2026-08-19 13:50:00,26.62,26.6495,26.6,26.625,3087.0
2026-08-19,2026-08-19 13:55:00,26.61,26.61,26.54,26.54,2167.0
2026-08-19,2026-08-19 14:00:00,26.56,26.6,26.55,26.58,8761.0
2026-08-19,2026-08-19 14:05:00,26.57,26.58,26.535,26.535,4315.0
2026-08-19,2026-08-19 14:10:00,26.535,26.56,26.49,26.54,17533.0
2026-08-19,2026-08-19 14:15:00,26.54,26.565,26.52,26.52,4104.0
2026-08-19,2026-08-19 14:20:00,26.52,26.54,26.502,26.52,5903.0
2026-08-19,2026-08-19 14:25:00,26.52,26.54,26.51,26.54,6781.0
2026-08-19,2026-08-19 14:30:00,26.55,26.67,26.54,26.62,22441.0
2026-08-19,2026-08-19 14:35:00,26.635,26.66,26.61,26.635,85957.0
2026-08-19,2026-08-19 14:40:00,26.635,26.65,26.61,26.62,8968.0
2026-08-19,2026-08-19 14:45:00,26.61,26.63,26.61,26.61,7517.0
2026-08-19,2026-08-19 14:50:00,26.6,26.6,26.56,26.59,6885.0
2026-08-19,2026-08-19 14:55:00,26.59,26.59,26.54,26.54,3216.0
2026-08-19,2026-08-19 15:00:00,26.5548,26.58,26.53,26.58,16517.0
2026-08-19,2026-08-19 15:05:00,26.58,26.59,26.58,26.58,1868.0
2026-08-19,2026-08-19 15:10:00,26.57,26.6,26.565,26.6,9989.0
2026-08-19,2026-08-19 15:15:00,26.6,26.6,26.565,26.58,8200.0
2026-08-19,2026-08-19 15:20:00,26.58,26.605,26.56,26.605,6404.0
2026-08-19,2026-08-19 15:25:00,26.6,26.67,26.59,26.67,14771.0
2026-08-19,2026-08-19 15:30:00,26.675,26.83,26.675,26.8,23449.0
2026-08-19,2026-08-19 15:35:00,26.8,26.8,26.7,26.735,41996.0
2026-08-19,2026-08-19 15:40:00,26.735,26.82,26.65,26.79,95453.0
2026-08-19,2026-08-19 15:45:00,26.79,26.82,26.72,26.74,28549.0
2026-08-19,2026-08-19 15:50:00,26.72,26.73,26.64,26.715,37535.0
2026-08-19,2026-08-19 15:55:00,26.71,26.73,26.64,26.66,47083.0
2026-08-19,2026-08-19 16:00:00,26.66,26.77,26.65,26.72,246624.0
2026-08-20,2026-08-20 09:35:00,26.57,26.62,26.17,26.27,67358.0
2026-08-20,2026-08-20 09:40:00,26.44,26.44,26.17,26.26,13042.0
2026-08-20,2026-08-20 09:45:00,26.26,26.29,26.06,26.27,34796.0
2026-08-20,2026-08-20 09:50:00,26.245,26.25,26.13,26.19,14713.0
2026-08-20,2026-08-20 09:55:00,26.2025,26.26,26.0,26.02,10736.0
2026-08-20,2026-08-20 10:00:00,26.0052,26.05,25.92,25.94,102536.0
2026-08-20,2026-08-20 10:05:00,25.99,26.19,25.93,26.19,24629.0
2026-08-20,2026-08-20 10:10:00,26.19,26.2285,26.06,26.06,7311.0
2026-08-20,2026-08-20 10:15:00,26.115,26.21,26.09,26.19,11261.0
2026-08-20,2026-08-20 10:20:00,26.185,26.38,26.185,26.31,7185.0
2026-08-20,2026-08-20 10:25:00,26.27,26.335,26.27,26.28,2984.0
2026-08-20,2026-08-20 10:30:00,26.28,26.335,26.21,26.24,14879.0
2026-08-20,2026-08-20 10:35:00,26.24,26.345,26.21,26.295,19704.0
2026-08-20,2026-08-20 10:40:00,26.245,26.26,26.175,26.225,16124.0
2026-08-20,2026-08-20 10:45:00,26.24,26.24,26.15,26.16,5343.0
2026-08-20,2026-08-20 10:50:00,26.16,26.24,26.15,26.21,8711.0
2026-08-20,2026-08-20 10:55:00,26.23,26.26,26.21,26.24,13735.0
2026-08-20,2026-08-20 11:00:00,26.24,26.26,26.22,26.24,4424.0
2026-08-20,2026-08-20 11:05:00,26.24,26.39,26.23,26.39,11860.0
2026-08-20,2026-08-20 11:10:00,26.4,26.4,26.35,26.39,4783.0
2026-08-20,2026-08-20 11:15:00,26.41,26.47,26.4,26.46,17296.0
2026-08-20,2026-08-20 11:20:00,26.46,26.48,26.44,26.46,3567.0
2026-08-20,2026-08-20 11:25:00,26.44,26.46,26.29,26.29,11014.0
2026-08-20,2026-08-20 11:30:00,26.3,26.305,26.26,26.27,6051.0
2026-08-20,2026-08-20 11:35:00,26.27,26.34,26.25,26.25,16297.0
2026-08-20,2026-08-20 11:40:00,26.265,26.32,26.25,26.3,9700.0
2026-08-20,2026-08-20 11:45:00,26.3,26.32,26.275,26.29,11656.0
2026-08-20,2026-08-20 11:50:00,26.27,26.3,26.25,26.275,7024.0
2026-08-20,2026-08-20 11:55:00,26.275,26.275,26.25,26.26,5013.0
2026-08-20,2026-08-20 12:00:00,26.275,26.315,26.275,26.3,13773.0
2026-08-20,2026-08-20 12:05:00,26.3,26.34,26.28,26.34,11886.0
2026-08-20,2026-08-20 12:10:00,26.36,26.37,26.32,26.32,11350.0
2026-08-20,2026-08-20 12:15:00,26.32,26.32,26.15,26.165,8470.0
2026-08-20,2026-08-20 12:20:00,26.165,26.19,26.13,26.19,10225.0
2026-08-20,2026-08-20 12:25:00,26.16,26.19,26.11,26.145,3939.0
2026-08-20,2026-08-20 12:30:00,26.145,26.15,26.12,26.135,3675.0
2026-08-20,2026-08-20 12:35:00,26.11,26.15,26.105,26.11,6818.0
2026-08-20,2026-08-20 12:40:00,26.08,26.105,26.0501,26.1,3559.0
2026-08-20,2026-08-20 12:45:00,26.08,26.11,26.08,26.1,4138.0
2026-08-20,2026-08-20 12:50:00,26.09,26.12,26.09,26.105,5352.0
2026-08-20,2026-08-20 12:55:00,26.105,26.145,26.09,26.145,3691.0
2026-08-20,2026-08-20 13:00:00,26.09,26.1525,26.09,26.145,11017.0
2026-08-20,2026-08-20 13:05:00,26.1,26.125,26.08,26.08,13569.0
2026-08-20,2026-08-20 13:10:00,26.11,26.165,26.07,26.07,6397.0
2026-08-20,2026-08-20 13:15:00,26.06,26.08,26.05,26.06,6422.0
2026-08-20,2026-08-20 13:20:00,26.06,26.06,26.0,26.025,15144.0
2026-08-20,2026-08-20 13:25:00,26.025,26.095,26.01,26.095,13951.0
2026-08-20,2026-08-20 13:30:00,26.05,26.0975,26.02,26.055,13371.0
2026-08-20,2026-08-20 13:35:00,26.02,26.09,26.02,26.08,6596.0
2026-08-20,2026-08-20 13:40:00,26.08,26.1,26.075,26.085,2314.0
2026-08-20,2026-08-20 13:45:00,26.07,26.13,26.07,26.07,9121.0
2026-08-20,2026-08-20 13:50:00,26.1,26.14,26.1,26.1125,4357.0
2026-08-20,2026-08-20 13:55:00,26.135,26.14,26.11,26.11,3721.0
2026-08-20,2026-08-20 14:00:00,26.1,26.21,26.0,26.16,249273.0
2026-08-20,2026-08-20 14:05:00,26.16,26.22,26.16,26.17,3989.0
2026-08-20,2026-08-20 14:10:00,26.17,26.22,26.17,26.185,16697.0
2026-08-20,2026-08-20 14:15:00,26.21,26.24,26.205,26.22,10021.0
2026-08-20,2026-08-20 14:20:00,26.215,26.25,26.175,26.25,10914.0
2026-08-20,2026-08-20 14:25:00,26.28,26.305,26.26,26.305,3753.0
2026-08-20,2026-08-20 14:30:00,26.305,26.33,26.28,26.29,13680.0
2026-08-20,2026-08-20 14:35:00,26.27,26.27,26.205,26.22,9385.0
2026-08-20,2026-08-20 14:40:00,26.21,26.2695,26.195,26.25,3926.0
2026-08-20,2026-08-20 14:45:00,26.22,26.25,26.22,26.24,4362.0
2026-08-20,2026-08-20 14:50:00,26.23,26.23,26.16,26.17,5121.0
2026-08-20,2026-08-20 14:55:00,26.18,26.2,26.16,26.165,6158.0
2026-08-20,2026-08-20 15:00:00,26.15,26.18,26.15,26.15,5625.0
2026-08-20,2026-08-20 15:05:00,26.15,26.16,26.13,26.13,3440.0
2026-08-20,2026-08-20 15:10:00,26.14,26.14,26.11,26.11,2626.0
2026-08-20,2026-08-20 15:15:00,26.13,26.19,26.13,26.17,16355.0
2026-08-20,2026-08-20 15:20:00,26.17,26.19,26.15,26.18,7465.0
2026-08-20,2026-08-20 15:25:00,26.18,26.2,26.105,26.14,14507.0
2026-08-20,2026-08-20 15:30:00,26.14,26.18,26.14,26.14,21049.0
2026-08-20,2026-08-20 15:35:00,26.17,26.18,26.085,26.16,34401.0
2026-08-20,2026-08-20 15:40:00,26.14,26.17,26.1,26.13,47066.0
2026-08-20,2026-08-20 15:45:00,26.15,26.18,26.13,26.15,13466.0
2026-08-20,2026-08-20 15:50:00,26.15,26.168,26.14,26.168,9205.0
2026-08-20,2026-08-20 15:55:00,26.15,26.15,26.115,26.13,26677.0
2026-08-20,2026-08-20 16:00:00,26.13,26.13,26.01,26.02,155213.0
2026-08-21,2026-08-21 09:35:00,26.25,26.29,26.02,26.12,10757.0
2026-08-21,2026-08-21 09:40:00,26.12,26.165,26.09,26.11,4567.0
2026-08-21,2026-08-21 09:45:00,26.085,26.11,26.01,26.015,12053.0
2026-08-21,2026-08-21 09:50:00,25.96,26.0899,25.925,26.0899,9697.0
2026-08-21,2026-08-21 09:55:00,26.0,26.2099,26.0,26.2,17610.0
2026-08-21,2026-08-21 10:00:00,26.175,26.175,25.94,25.94,11731.0
2026-08-21,2026-08-21 10:05:00,25.94,25.98,25.77,25.86,20020.0
2026-08-21,2026-08-21 10:10:00,25.865,25.93,25.865,25.905,7948.0
2026-08-21,2026-08-21 10:15:00,25.905,25.93,25.82,25.83,15318.0
2026-08-21,2026-08-21 10:20:00,25.85,25.85,25.7234,25.76,7888.0
2026-08-21,2026-08-21 10:25:00,25.76,25.855,25.755,25.83,9088.0
2026-08-21,2026-08-21 10:30:00,25.81,25.84,25.782,25.8,7506.0
2026-08-21,2026-08-21 10:35:00,25.8,26.01,25.8,26.01,13741.0
2026-08-21,2026-08-21 10:40:00,26.01,26.03,25.97,25.97,6689.0
2026-08-21,2026-08-21 10:45:00,25.95,25.955,25.925,25.94,2497.0
2026-08-21,2026-08-21 10:50:00,25.92,25.92,25.873,25.9,1649.0
2026-08-21,2026-08-21 10:55:00,25.89,25.89,25.82,25.89,33680.0
2026-08-21,2026-08-21 11:00:00,25.91,25.96,25.88,25.93,2565.0
2026-08-21,2026-08-21 11:05:00,25.96,25.96,25.91,25.95,7070.0
2026-08-21,2026-08-21 11:10:00,25.96,25.96,25.94,25.94,1295.0
2026-08-21,2026-08-21 11:15:00,25.93,25.94,25.9,25.9,4015.0
2026-08-21,2026-08-21 11:20:00,25.91,25.93,25.885,25.9,19105.0
2026-08-21,2026-08-21 11:25:00,25.9,25.93,25.9,25.93,2285.0
2026-08-21,2026-08-21 11:30:00,25.93,26.03,25.93,26.0,10313.0
2026-08-21,2026-08-21 11:35:00,26.0,26.08,26.0,26.07,7384.0
2026-08-21,2026-08-21 11:40:00,26.07,26.17,26.07,26.15,8621.0
2026-08-21,2026-08-21 11:45:00,26.15,26.15,26.07,26.07,6390.0
2026-08-21,2026-08-21 11:50:00,26.09,26.11,26.085,26.09,2819.0
2026-08-21,2026-08-21 11:55:00,26.09,26.15,26.09,26.15,3128.0
2026-08-21,2026-08-21 12:00:00,26.125,26.14,26.07,26.1,6399.0
2026-08-21,2026-08-21 12:05:00,26.075,26.08,26.075,26.075,2227.0
2026-08-21,2026-08-21 12:10:00,26.075,26.1,26.05,26.065,2424.0
2026-08-21,2026-08-21 12:15:00,26.065,26.08,26.0,26.005,19545.0
2026-08-21,2026-08-21 12:20:00,26.01,26.04,26.0,26.02,7153.0
2026-08-21,2026-08-21 12:25:00,26.02,26.03,26.0,26.01,4185.0
2026-08-21,2026-08-21 12:30:00,26.01,26.03,26.01,26.02,5268.0
2026-08-21,2026-08-21 12:35:00,26.02,26.05,26.0,26.05,10753.0
2026-08-21,2026-08-21 12:40:00,26.03,26.05,26.01,26.05,2655.0
2026-08-21,2026-08-21 12:45:00,26.05,26.05,26.03,26.045,3999.0
2026-08-21,2026-08-21 12:50:00,26.04,26.04,26.03,26.03,3499.0
2026-08-21,2026-08-21 12:55:00,26.025,26.04,26.015,26.03,5017.0
2026-08-21,2026-08-21 13:00:00,26.04,26.045,26.02,26.045,2455.0
2026-08-21,2026-08-21 13:05:00,26.02,26.04,26.01,26.01,3255.0
2026-08-21,2026-08-21 13:10:00,26.01,26.04,26.01,26.025,5462.0
2026-08-21,2026-08-21 13:15:00,26.025,26.06,26.0,26.025,9133.0
2026-08-21,2026-08-21 13:20:00,26.0,26.035,25.97,26.03,24201.0
2026-08-21,2026-08-21 13:25:00,26.03,26.03,25.975,26.005,89062.0
2026-08-21,2026-08-21 13:30:00,26.005,26.02,26.0,26.015,10884.0
2026-08-21,2026-08-21 13:35:00,26.0001,26.04,26.0,26.005,6078.0
2026-08-21,2026-08-21 13:40:00,26.005,26.01,26.0,26.01,1473.0
2026-08-21,2026-08-21 13:45:00,26.005,26.02,26.0,26.01,9714.0
2026-08-21,2026-08-21 13:50:00,26.01,26.02,26.01,26.02,5845.0
2026-08-21,2026-08-21 13:55:00,26.015,26.03,26.015,26.03,3036.0
2026-08-21,2026-08-21 14:00:00,26.025,26.025,26.005,26.005,4356.0
2026-08-21,2026-08-21 14:05:00,26.015,26.015,26.0,26.01,6157.0
2026-08-21,2026-08-21 14:10:00,26.0,26.005,26.0,26.0,4321.0
2026-08-21,2026-08-21 14:15:00,26.0,26.01,25.98,25.99,35091.0
2026-08-21,2026-08-21 14:20:00,25.99,26.04,25.99,26.035,12434.0
2026-08-21,2026-08-21 14:25:00,26.04,26.075,26.04,26.075,6258.0
2026-08-21,2026-08-21 14:30:00,26.09,26.1,26.06,26.065,3594.0
2026-08-21,2026-08-21 14:35:00,26.08,26.08,26.06,26.08,6716.0
2026-08-21,2026-08-21 14:40:00,26.06,26.0601,26.03,26.03,5976.0
2026-08-21,2026-08-21 14:45:00,26.04,26.04,26.03,26.03,5810.0
2026-08-21,2026-08-21 14:50:00,26.025,26.045,26.01,26.045,6636.0
2026-08-21,2026-08-21 14:55:00,26.05,26.06,26.04,26.06,2633.0
2026-08-21,2026-08-21 15:00:00,26.05,26.06,26.035,26.05,10606.0
2026-08-21,2026-08-21 15:05:00,26.05,26.05,26.02,26.02,2563.0
2026-08-21,2026-08-21 15:10:00,26.02,26.05,26.02,26.05,4185.0
2026-08-21,2026-08-21 15:15:00,26.04,26.05,26.03,26.04,7576.0
2026-08-21,2026-08-21 15:20:00,26.03,26.05,26.03,26.04,2838.0
2026-08-21,2026-08-21 15:25:00,26.04,26.06,26.04,26.06,10582.0
2026-08-21,2026-08-21 15:30:00,26.06,26.085,26.06,26.06,8896.0
2026-08-21,2026-08-21 15:35:00,26.06,26.06,26.03,26.03,4849.0
2026-08-21,2026-08-21 15:40:00,26.03,26.07,26.03,26.06,16239.0
2026-08-21,2026-08-21 15:45:00,26.0304,26.05,26.02,26.04,8359.0
2026-08-21,2026-08-21 15:50:00,26.04,26.06,26.03,26.03,10150.0
2026-08-21,2026-08-21 15:55:00,26.03,26.06,26.0,26.04,30336.0
2026-08-21,2026-08-21 16:00:00,26.03,26.035,25.99,26.01,209052.0
2026-08-24,2026-08-24 09:35:00,25.43,25.745,25.43,25.505,16648.0
2026-08-24,2026-08-24 09:40:00,25.505,25.68,25.465,25.56,7189.0
2026-08-24,2026-08-24 09:45:00,25.56,25.62,25.5,25.585,9633.0
2026-08-24,2026-08-24 09:50:00,25.58,25.66,25.525,25.525,29561.0
2026-08-24,2026-08-24 09:55:00,25.525,25.525,25.325,25.33,10236.0
2026-08-24,2026-08-24 10:00:00,25.32,25.32,25.275,25.305,5765.0
2026-08-24,2026-08-24 10:05:00,25.305,25.34,25.25,25.32,14928.0
2026-08-24,2026-08-24 10:10:00,25.35,25.38,25.29,25.32,10832.0
2026-08-24,2026-08-24 10:15:00,25.325,25.41,25.325,25.4,9051.0
2026-08-24,2026-08-24 10:20:00,25.42,25.42,25.315,25.37,7676.0
2026-08-24,2026-08-24 10:25:00,25.38,25.385,25.35,25.35,5375.0
2026-08-24,2026-08-24 10:30:00,25.35,25.4,25.32,25.365,7442.0
2026-08-24,2026-08-24 10:35:00,25.36,25.43,25.36,25.43,3646.0
2026-08-24,2026-08-24 10:40:00,25.43,25.45,25.42,25.42,3781.0
2026-08-24,2026-08-24 10:45:00,25.42,25.425,25.42,25.425,2349.0
2026-08-24,2026-08-24 10:50:00,25.425,25.565,25.425,25.5238,4257.0
2026-08-24,2026-08-24 10:55:00,25.54,25.585,25.54,25.58,3718.0
2026-08-24,2026-08-24 11:00:00,25.58,25.605,25.58,25.595,2103.0
2026-08-24,2026-08-24 11:05:00,25.57,25.61,25.57,25.57,2454.0
2026-08-24,2026-08-24 11:10:00,25.56,25.56,25.52,25.545,2617.0
2026-08-24,2026-08-24 11:15:00,25.53,25.55,25.49,25.545,5721.0
2026-08-24,2026-08-24 11:20:00,25.545,25.56,25.53,25.53,2552.0
2026-08-24,2026-08-24 11:25:00,25.5,25.61,25.5,25.525,11727.0
2026-08-24,2026-08-24 11:30:00,25.55,25.555,25.52,25.52,4083.0
2026-08-24,2026-08-24 11:35:00,25.51,25.615,25.46,25.615,8638.0
2026-08-24,2026-08-24 11:40:00,25.62,25.62,25.55,25.57,12224.0
2026-08-24,2026-08-24 11:45:00,25.575,25.575,25.485,25.5,5584.0
2026-08-24,2026-08-24 11:50:00,25.49,25.49,25.455,25.465,1236.0
2026-08-24,2026-08-24 11:55:00,25.45,25.545,25.445,25.48,14391.0
2026-08-24,2026-08-24 12:00:00,25.48,25.525,25.43,25.475,6967.0
2026-08-24,2026-08-24 12:05:00,25.46,25.5,25.4,25.47,40520.0
2026-08-24,2026-08-24 12:10:00,25.47,25.5175,25.445,25.445,6655.0
2026-08-24,2026-08-24 12:15:00,25.46,25.46,25.46,25.46,992.0
2026-08-24,2026-08-24 12:20:00,25.46,25.62,25.46,25.58,12159.0
2026-08-24,2026-08-24 12:25:00,25.58,25.58,25.58,25.58,821.0
2026-08-24,2026-08-24 12:30:00,25.575,25.61,25.5675,25.59,6825.0
2026-08-24,2026-08-24 12:35:00,25.57,25.57,25.555,25.555,3438.0
2026-08-24,2026-08-24 12:40:00,25.555,25.61,25.555,25.59,3957.0
2026-08-24,2026-08-24 12:45:00,25.595,25.595,25.55,25.56,3440.0
2026-08-24,2026-08-24 12:50:00,25.54,25.56,25.54,25.56,1674.0
2026-08-24,2026-08-24 12:55:00,25.54,25.54,25.49,25.515,5807.0
2026-08-24,2026-08-24 13:00:00,25.515,25.52,25.5,25.505,3972.0
2026-08-24,2026-08-24 13:05:00,25.51,25.55,25.5,25.55,3566.0
2026-08-24,2026-08-24 13:10:00,25.535,25.56,25.535,25.54,3939.0
2026-08-24,2026-08-24 13:15:00,25.55,25.55,25.535,25.535,3348.0
2026-08-24,2026-08-24 13:20:00,25.54,25.59,25.54,25.59,5123.0
2026-08-24,2026-08-24 13:25:00,25.58,25.58,25.54,25.555,5364.0
2026-08-24,2026-08-24 13:30:00,25.555,25.69,25.505,25.665,20871.0
2026-08-24,2026-08-24 13:35:00,25.665,25.69,25.59,25.595,6705.0
2026-08-24,2026-08-24 13:40:00,25.595,25.63,25.585,25.595,5925.0
2026-08-24,2026-08-24 13:45:00,25.61,25.64,25.59,25.635,3907.0
2026-08-24,2026-08-24 13:50:00,25.64,25.64,25.585,25.585,6274.0
2026-08-24,2026-08-24 13:55:00,25.585,25.96,25.585,25.94,26340.0
2026-08-24,2026-08-24 14:00:00,25.92,25.92,25.72,25.725,8460.0
2026-08-24,2026-08-24 14:05:00,25.74,25.8,25.68,25.725,28688.0
2026-08-24,2026-08-24 14:10:00,25.73,25.73,25.7001,25.72,4084.0
2026-08-24,2026-08-24 14:15:00,25.72,25.74,25.72,25.73,3157.0
2026-08-24,2026-08-24 14:20:00,25.725,25.78,25.72,25.78,2710.0
2026-08-24,2026-08-24 14:25:00,25.75,25.77,25.74,25.75,4301.0
2026-08-24,2026-08-24 14:30:00,25.77,25.78,25.75,25.78,4542.0
2026-08-24,2026-08-24 14:35:00,25.78,25.78,25.76,25.76,1119.0
2026-08-24,2026-08-24 14:40:00,25.76,25.77,25.75,25.75,5266.0
2026-08-24,2026-08-24 14:45:00,25.75,25.77,25.75,25.765,3065.0
2026-08-24,2026-08-24 14:50:00,25.77,25.77,25.74,25.75,9706.0
2026-08-24,2026-08-24 14:55:00,25.75,25.77,25.74,25.755,3740.0
2026-08-24,2026-08-24 15:00:00,25.75,25.79,25.75,25.76,7837.0
2026-08-24,2026-08-24 15:05:00,25.77,25.8,25.77,25.785,5112.0
2026-08-24,2026-08-24 15:10:00,25.785,25.785,25.77,25.77,2539.0
2026-08-24,2026-08-24 15:15:00,25.76,25.77,25.75,25.75,3498.0
2026-08-24,2026-08-24 15:20:00,25.75,25.78,25.75,25.78,4202.0
2026-08-24,2026-08-24 15:25:00,25.76,25.77,25.705,25.745,9112.0
2026-08-24,2026-08-24 15:30:00,25.745,25.77,25.74,25.75,5685.0
2026-08-24,2026-08-24 15:35:00,25.75,25.77,25.7,25.7,9529.0
2026-08-24,2026-08-24 15:40:00,25.7,25.715,25.63,25.635,10012.0
2026-08-24,2026-08-24 15:45:00,25.635,25.69,25.635,25.665,9044.0
2026-08-24,2026-08-24 15:50:00,25.665,25.69,25.62,25.63,17820.0
2026-08-24,2026-08-24 15:55:00,25.63,25.71,25.55,25.615,25040.0
2026-08-24,2026-08-24 16:00:00,25.57,25.7,25.55,25.64,191815.0
2026-08-25,2026-08-25 09:35:00,26.04,26.44,25.905,26.44,11674.0
2026-08-25,2026-08-25 09:40:00,26.5,26.54,26.35,26.44,4962.0
2026-08-25,2026-08-25 09:45:00,26.44,26.44,26.435,26.44,2138.0
2026-08-25,2026-08-25 09:50:00,26.415,26.43,26.2946,26.345,6215.0
2026-08-25,2026-08-25 09:55:00,26.355,26.355,26.08,26.12,11680.0
2026-08-25,2026-08-25 10:00:00,26.175,26.175,26.08,26.09,5799.0
2026-08-25,2026-08-25 10:05:00,26.12,26.235,26.12,26.235,4411.0
2026-08-25,2026-08-25 10:10:00,26.23,26.23,26.18,26.19,4158.0
2026-08-25,2026-08-25 10:15:00,26.18,26.25,26.18,26.23,3797.0
2026-08-25,2026-08-25 10:20:00,26.245,26.28,26.245,26.27,2677.0
2026-08-25,2026-08-25 10:25:00,26.29,26.3,26.28,26.3,3246.0
2026-08-25,2026-08-25 10:30:00,26.31,26.325,26.29,26.31,3604.0
2026-08-25,2026-08-25 10:35:00,26.29,26.34,26.27,26.335,7958.0
2026-08-25,2026-08-25 10:40:00,26.35,26.37,26.26,26.315,6798.0
2026-08-25,2026-08-25 10:45:00,26.3,26.39,26.295,26.375,7052.0
2026-08-25,2026-08-25 10:50:00,26.36,26.375,26.36,26.36,2883.0
2026-08-25,2026-08-25 10:55:00,26.35,26.6925,26.34,26.6925,31448.0
2026-08-25,2026-08-25 11:00:00,26.7,26.72,26.64,26.645,7049.0
2026-08-25,2026-08-25 11:05:00,26.65,26.725,26.64,26.725,5229.0
2026-08-25,2026-08-25 11:10:00,26.71,26.74,26.71,26.74,3617.0
2026-08-25,2026-08-25 11:15:00,26.73,26.75,26.72,26.74,5859.0
2026-08-25,2026-08-25 11:20:00,26.73,26.73,26.63,26.65,5578.0
2026-08-25,2026-08-25 11:25:00,26.62,26.66,26.62,26.63,2710.0
2026-08-25,2026-08-25 11:30:00,26.62,26.64,26.6,26.64,3978.0
2026-08-25,2026-08-25 11:35:00,26.631,26.675,26.63,26.63,4848.0
2026-08-25,2026-08-25 11:40:00,26.63,26.63,26.58,26.6,3782.0
2026-08-25,2026-08-25 11:45:00,26.585,26.6,26.585,26.595,2131.0
2026-08-25,2026-08-25 11:50:00,26.595,26.595,26.52,26.52,17375.0
2026-08-25,2026-08-25 11:55:00,26.5201,26.5201,26.42,26.45,25504.0
2026-08-25,2026-08-25 12:00:00,26.44,26.45,26.43,26.44,1139.0
2026-08-25,2026-08-25 12:05:00,26.445,26.445,26.42,26.44,10447.0
2026-08-25,2026-08-25 12:10:00,26.445,26.445,26.43,26.435,2257.0
2026-08-25,2026-08-25 12:15:00,26.435,26.435,26.31,26.33,18320.0
2026-08-25,2026-08-25 12:20:00,26.365,26.365,26.26,26.26,6743.0
2026-08-25,2026-08-25 12:25:00,26.24,26.255,26.195,26.24,23781.0
2026-08-25,2026-08-25 12:30:00,26.25,26.26,26.25,26.26,1931.0
2026-08-25,2026-08-25 12:35:00,26.26,26.37,26.26,26.325,6040.0
2026-08-25,2026-08-25 12:40:00,26.33,26.35,26.2953,26.35,4912.0
2026-08-25,2026-08-25 12:45:00,26.37,26.39,26.37,26.39,1049.0
2026-08-25,2026-08-25 12:50:00,26.39,26.39,26.36,26.37,2149.0
2026-08-25,2026-08-25 12:55:00,26.365,26.4,26.365,26.38,3155.0
2026-08-25,2026-08-25 13:00:00,26.38,26.39,26.36,26.375,1675.0
2026-08-25,2026-08-25 13:05:00,26.38,26.39,26.35,26.35,3312.0
2026-08-25,2026-08-25 13:10:00,26.34,26.34,26.34,26.34,1544.0
2026-08-25,2026-08-25 13:15:00,26.31,26.395,26.31,26.345,8066.0
2026-08-25,2026-08-25 13:20:00,26.35,26.41,26.35,26.385,3610.0
2026-08-25,2026-08-25 13:25:00,26.39,26.4,26.38,26.395,2307.0
2026-08-25,2026-08-25 13:30:00,26.4,26.41,26.38,26.41,13456.0
2026-08-25,2026-08-25 13:35:00,26.405,26.43,26.39,26.43,3594.0
2026-08-25,2026-08-25 13:40:00,26.43,26.43,26.42,26.42,1976.0
2026-08-25,2026-08-25 13:45:00,26.42,26.43,26.41,26.41,3019.0
2026-08-25,2026-08-25 13:50:00,26.4,26.415,26.4,26.415,2939.0
2026-08-25,2026-08-25 13:55:00,26.43,26.49,26.43,26.43,6779.0
2026-08-25,2026-08-25 14:00:00,26.42,26.43,26.405,26.41,4559.0
2026-08-25,2026-08-25 14:05:00,26.41,26.44,26.41,26.435,3578.0
2026-08-25,2026-08-25 14:10:00,26.44,26.44,26.4301,26.4301,2022.0
2026-08-25,2026-08-25 14:15:00,26.4,26.4,26.38,26.39,3901.0
2026-08-25,2026-08-25 14:20:00,26.39,26.39,26.35,26.37,2606.0
2026-08-25,2026-08-25 14:25:00,26.37,26.37,26.36,26.365,1563.0
2026-08-25,2026-08-25 14:30:00,26.365,26.405,26.34,26.405,5115.0
2026-08-25,2026-08-25 14:35:00,26.4,26.4,26.395,26.395,914.0
2026-08-25,2026-08-25 14:40:00,26.395,26.395,26.37,26.375,5951.0
2026-08-25,2026-08-25 14:45:00,26.375,26.395,26.36,26.37,7032.0
2026-08-25,2026-08-25 14:50:00,26.37,26.37,26.37,26.37,969.0
2026-08-25,2026-08-25 14:55:00,26.385,26.41,26.38,26.38,3671.0
2026-08-25,2026-08-25 15:00:00,26.38,26.42,26.38,26.42,2252.0
2026-08-25,2026-08-25 15:05:00,26.385,26.39,26.37,26.39,5939.0
2026-08-25,2026-08-25 15:10:00,26.395,26.41,26.395,26.395,3040.0
2026-08-25,2026-08-25 15:15:00,26.4,26.4,26.3615,26.3615,5006.0
2026-08-25,2026-08-25 15:20:00,26.36,26.36,26.29,26.29,10469.0
2026-08-25,2026-08-25 15:25:00,26.29,26.319,26.29,26.31,8186.0
2026-08-25,2026-08-25 15:30:00,26.31,26.395,26.29,26.3,20768.0
2026-08-25,2026-08-25 15:35:00,26.29,26.3,26.19,26.2,39029.0
2026-08-25,2026-08-25 15:40:00,26.19,26.19,26.17,26.184,9016.0
2026-08-25,2026-08-25 15:45:00,26.17,26.2,26.17,26.18,11263.0
2026-08-25,2026-08-25 15:50:00,26.19,26.2,26.15,26.19,18501.0
2026-08-25,2026-08-25 15:55:00,26.19,26.26,26.18,26.2,68990.0
2026-08-25,2026-08-25 16:00:00,26.18,26.2,26.14,26.17,105748.0
2026-08-26,2026-08-26 09:35:00,25.77,25.91,25.545,25.84,68029.0
2026-08-26,2026-08-26 09:40:00,25.84,25.97,25.8,25.915,353748.0
2026-08-26,2026-08-26 09:45:00,25.915,26.035,25.82,25.85,11026.0
2026-08-26,2026-08-26 09:50:00,25.85,25.9003,25.69,25.71,2708.0
2026-08-26,2026-08-26 09:55:00,25.73,25.8,25.59,25.8,18323.0
2026-08-26,2026-08-26 10:00:00,25.88,25.92,25.8,25.9,4850.0
2026-08-26,2026-08-26 10:05:00,25.9035,26.0,25.9035,26.0,7652.0
2026-08-26,2026-08-26 10:10:00,26.0,26.05,25.99,26.02,8421.0
2026-08-26,2026-08-26 10:15:00,26.05,26.12,26.05,26.1,7405.0
2026-08-26,2026-08-26 10:20:00,26.09,26.09,26.06,26.08,4137.0
2026-08-26,2026-08-26 10:25:00,26.085,26.1,26.08,26.1,2837.0
2026-08-26,2026-08-26 10:30:00,26.085,26.1,26.055,26.055,2258.0
2026-08-26,2026-08-26 10:35:00,26.06,26.11,26.05,26.1,6767.0
2026-08-26,2026-08-26 10:40:00,26.09,26.12,26.09,26.12,3548.0
2026-08-26,2026-08-26 10:45:00,26.1,26.12,26.09,26.115,3633.0
2026-08-26,2026-08-26 10:50:00,26.105,26.14,26.095,26.12,8976.0
2026-08-26,2026-08-26 10:55:00,26.125,26.13,26.105,26.11,3222.0
2026-08-26,2026-08-26 11:00:00,26.12,26.18,26.12,26.15,9779.0
2026-08-26,2026-08-26 11:05:00,26.14,26.15,26.11,26.11,2194.0
2026-08-26,2026-08-26 11:10:00,26.13,26.13,26.1,26.1,2374.0
2026-08-26,2026-08-26 11:15:00,26.07,26.11,26.07,26.07,6606.0
2026-08-26,2026-08-26 11:20:00,26.07,26.09,26.07,26.08,2448.0
2026-08-26,2026-08-26 11:25:00,26.09,26.09,26.075,26.075,3949.0
2026-08-26,2026-08-26 11:30:00,26.07,26.13,26.07,26.13,6801.0
2026-08-26,2026-08-26 11:35:00,26.12,26.12,26.075,26.075,6599.0
2026-08-26,2026-08-26 11:40:00,26.08,26.13,26.08,26.13,7329.0
2026-08-26,2026-08-26 11:45:00,26.13,26.13,26.12,26.13,3552.0
2026-08-26,2026-08-26 11:50:00,26.15,26.16,26.12,26.12,8409.0
2026-08-26,2026-08-26 11:55:00,26.13,26.13,26.05,26.06,4158.0
2026-08-26,2026-08-26 12:00:00,26.06,26.06,25.99,25.99,4476.0
2026-08-26,2026-08-26 12:05:00,25.99,26.03,25.99,26.0,7554.0
2026-08-26,2026-08-26 12:10:00,25.99,26.05,25.99,26.04,6856.0
2026-08-26,2026-08-26 12:15:00,26.035,26.05,26.02,26.05,1922.0
2026-08-26,2026-08-26 12:20:00,26.035,26.07,25.99,25.99,11929.0
2026-08-26,2026-08-26 12:25:00,26.005,26.005,25.98,25.985,1608.0
2026-08-26,2026-08-26 12:30:00,25.97,26.0,25.96,26.0,5541.0
2026-08-26,2026-08-26 12:35:00,25.995,26.01,25.98,25.99,14952.0
2026-08-26,2026-08-26 12:40:00,25.985,26.05,25.985,26.03,9689.0
2026-08-26,2026-08-26 12:45:00,26.03,26.04,26.03,26.04,2797.0
2026-08-26,2026-08-26 12:50:00,26.03,26.04,26.01,26.01,3464.0
2026-08-26,2026-08-26 12:55:00,26.0,26.03,25.99,26.03,8212.0
2026-08-26,2026-08-26 13:00:00,26.03,26.06,26.02,26.05,4281.0
2026-08-26,2026-08-26 13:05:00,26.06,26.07,26.055,26.055,3111.0
2026-08-26,2026-08-26 13:10:00,26.055,26.08,26.05,26.06,5518.0
2026-08-26,2026-08-26 13:15:00,26.055,26.055,26.04,26.04,1613.0
2026-08-26,2026-08-26 13:20:00,26.055,26.07,26.04,26.04,6282.0
2026-08-26,2026-08-26 13:25:00,26.0481,26.0481,26.025,26.03,4111.0
2026-08-26,2026-08-26 13:30:00,26.035,26.035,26.015,26.035,3156.0
2026-08-26,2026-08-26 13:35:00,26.035,26.04,26.035,26.035,6128.0
2026-08-26,2026-08-26 13:40:00,26.035,26.035,25.995,26.0,6332.0
2026-08-26,2026-08-26 13:45:00,26.0,26.03,26.0,26.03,6709.0
2026-08-26,2026-08-26 13:50:00,26.025,26.03,26.025,26.03,2895.0
2026-08-26,2026-08-26 13:55:00,26.03,26.03,26.01,26.0275,11853.0
2026-08-26,2026-08-26 14:00:00,26.025,26.04,26.025,26.035,5134.0
2026-08-26,2026-08-26 14:05:00,26.035,26.035,26.01,26.02,5399.0
2026-08-26,2026-08-26 14:10:00,26.02,26.04,26.015,26.03,9694.0
2026-08-26,2026-08-26 14:15:00,26.025,26.04,26.025,26.04,5417.0
2026-08-26,2026-08-26 14:20:00,26.04,26.04,26.03,26.03,3151.0
2026-08-26,2026-08-26 14:25:00,26.02,26.05,26.02,26.04,7684.0
2026-08-26,2026-08-26 14:30:00,26.05,26.05,26.01,26.015,10059.0
2026-08-26,2026-08-26 14:35:00,26.02,26.03,26.01,26.02,8162.0
2026-08-26,2026-08-26 14:40:00,26.02,26.05,26.02,26.05,8137.0
2026-08-26,2026-08-26 14:45:00,26.05,26.05,26.025,26.025,3134.0
2026-08-26,2026-08-26 14:50:00,26.025,26.03,26.0,26.0,3381.0
2026-08-26,2026-08-26 14:55:00,26.02,26.02,26.0,26.02,3399.0
2026-08-26,2026-08-26 15:00:00,26.02,26.02,25.99,26.005,15383.0
2026-08-26,2026-08-26 15:05:00,26.005,26.005,25.955,25.98,21197.0
2026-08-26,2026-08-26 15:10:00,25.98,25.98,25.93,25.935,9816.0
2026-08-26,2026-08-26 15:15:00,25.94,25.95,25.89,25.9,9973.0
2026-08-26,2026-08-26 15:20:00,25.9,25.95,25.88,25.94,15528.0
2026-08-26,2026-08-26 15:25:00,25.95,25.98,25.95,25.98,11629.0
2026-08-26,2026-08-26 15:30:00,25.975,26.0,25.965,25.965,8641.0
2026-08-26,2026-08-26 15:35:00,25.96,25.99,25.945,25.99,12705.0
2026-08-26,2026-08-26 15:40:00,25.99,26.055,25.97,26.03,25353.0
2026-08-26,2026-08-26 15:45:00,26.05,26.05,26.0,26.02,11970.0
2026-08-26,2026-08-26 15:50:00,26.02,26.07,26.0,26.06,14865.0
2026-08-26,2026-08-26 15:55:00,26.06,26.06,26.0,26.02,26952.0
2026-08-26,2026-08-26 16:00:00,26.04,26.07,26.02,26.03,148119.0
2026-08-27,2026-08-27 09:35:00,27.12,27.2,26.9,27.0,34662.0
2026-08-27,2026-08-27 09:40:00,27.05,27.15,26.96,26.98,7128.0
2026-08-27,2026-08-27 09:45:00,26.9,26.9,26.575,26.69,9049.0
2026-08-27,2026-08-27 09:50:00,26.7,26.78,26.585,26.735,16669.0
2026-08-27,2026-08-27 09:55:00,26.74,26.96,26.74,26.76,7742.0
2026-08-27,2026-08-27 10:00:00,26.755,26.8756,26.725,26.725,4967.0
2026-08-27,2026-08-27 10:05:00,26.715,26.99,26.6925,26.84,34954.0
2026-08-27,2026-08-27 10:10:00,26.85,26.93,26.85,26.89,5064.0
2026-08-27,2026-08-27 10:15:00,26.88,26.89,26.79,26.79,12049.0
2026-08-27,2026-08-27 10:20:00,26.79,26.88,26.79,26.795,4460.0
2026-08-27,2026-08-27 10:25:00,26.8,26.87,26.775,26.83,4109.0
2026-08-27,2026-08-27 10:30:00,26.89,26.89,26.75,26.76,3720.0
2026-08-27,2026-08-27 10:35:00,26.745,26.795,26.745,26.79,3249.0
2026-08-27,2026-08-27 10:40:00,26.79,26.9787,26.79,26.88,5573.0
2026-08-27,2026-08-27 10:45:00,26.88,26.9,26.76,26.78,5286.0
2026-08-27,2026-08-27 10:50:00,26.79,26.835,26.77,26.805,7412.0
2026-08-27,2026-08-27 10:55:00,26.8,26.82,26.765,26.765,2593.0
2026-08-27,2026-08-27 11:00:00,26.75,26.82,26.74,26.82,2901.0
2026-08-27,2026-08-27 11:05:00,26.83,26.83,26.775,26.78,4321.0
2026-08-27,2026-08-27 11:10:00,26.8,26.91,26.8,26.9025,4681.0
2026-08-27,2026-08-27 11:15:00,26.935,26.94,26.87,26.885,5166.0
2026-08-27,2026-08-27 11:20:00,26.89,26.935,26.89,26.93,3249.0
2026-08-27,2026-08-27 11:25:00,26.93,26.93,26.8,26.83,12216.0
2026-08-27,2026-08-27 11:30:00,26.815,26.82,26.782,26.82,5964.0
2026-08-27,2026-08-27 11:35:00,26.78,26.805,26.78,26.8,2292.0
2026-08-27,2026-08-27 11:40:00,26.8,26.87,26.8,26.87,5020.0
2026-08-27,2026-08-27 11:45:00,26.86,26.865,26.84,26.86,2999.0
2026-08-27,2026-08-27 11:50:00,26.87,26.89,26.85,26.89,2877.0
2026-08-27,2026-08-27 11:55:00,26.885,26.89,26.88,26.885,2063.0
2026-08-27,2026-08-27 12:00:00,26.89,26.92,26.88,26.885,13915.0
2026-08-27,2026-08-27 12:05:00,26.88,26.91,26.88,26.91,6201.0
2026-08-27,2026-08-27 12:10:00,26.9,26.9,26.83,26.835,7767.0
2026-08-27,2026-08-27 12:15:00,26.835,26.85,26.83,26.835,2391.0
2026-08-27,2026-08-27 12:20:00,26.835,26.835,26.72,26.72,10052.0
2026-08-27,2026-08-27 12:25:00,26.72,26.75,26.7,26.75,5006.0
2026-08-27,2026-08-27 12:30:00,26.79,26.86,26.785,26.86,3848.0
2026-08-27,2026-08-27 12:35:00,26.86,26.865,26.805,26.825,3404.0
2026-08-27,2026-08-27 12:40:00,26.825,26.825,26.81,26.81,1352.0
2026-08-27,2026-08-27 12:45:00,26.82,26.82,26.81,26.81,2524.0
2026-08-27,2026-08-27 12:50:00,26.81,26.85,26.81,26.83,2863.0
2026-08-27,2026-08-27 12:55:00,26.82,26.82,26.79,26.79,2141.0
2026-08-27,2026-08-27 13:00:00,26.81,26.825,26.81,26.825,2790.0
2026-08-27,2026-08-27 13:05:00,26.81,26.81,26.765,26.77,4360.0
2026-08-27,2026-08-27 13:10:00,26.77,26.79,26.76,26.79,3217.0
2026-08-27,2026-08-27 13:15:00,26.79,26.8,26.79,26.8,2267.0
2026-08-27,2026-08-27 13:20:00,26.8,26.805,26.8,26.805,2020.0
2026-08-27,2026-08-27 13:25:00,26.8,26.8,26.79,26.79,2313.0
2026-08-27,2026-08-27 13:30:00,26.795,26.795,26.76,26.76,3476.0
2026-08-27,2026-08-27 13:35:00,26.76,26.76,26.72,26.74,3943.0
2026-08-27,2026-08-27 13:40:00,26.75,26.75,26.75,26.75,981.0
2026-08-27,2026-08-27 13:45:00,26.76,26.76,26.72,26.73,14175.0
2026-08-27,2026-08-27 13:50:00,26.73,26.755,26.73,26.755,2261.0
2026-08-27,2026-08-27 13:55:00,26.75,26.755,26.75,26.75,1164.0
2026-08-27,2026-08-27 14:00:00,26.75,26.76,26.74,26.75,2603.0
2026-08-27,2026-08-27 14:05:00,26.75,26.755,26.74,26.74,1528.0
2026-08-27,2026-08-27 14:10:00,26.735,26.75,26.735,26.735,5601.0
2026-08-27,2026-08-27 14:15:00,26.715,26.735,26.715,26.73,2369.0
2026-08-27,2026-08-27 14:20:00,26.73,26.745,26.73,26.745,1326.0
2026-08-27,2026-08-27 14:25:00,26.74,26.74,26.735,26.735,926.0
2026-08-27,2026-08-27 14:30:00,26.73,26.76,26.73,26.75,2190.0
2026-08-27,2026-08-27 14:35:00,26.76,26.81,26.76,26.81,5021.0
2026-08-27,2026-08-27 14:40:00,26.8,26.81,26.795,26.81,2207.0
2026-08-27,2026-08-27 14:45:00,26.81,26.81,26.79,26.8,1538.0
2026-08-27,2026-08-27 14:50:00,26.79,26.81,26.78,26.81,2105.0
2026-08-27,2026-08-27 14:55:00,26.8192,26.82,26.8192,26.82,1500.0
2026-08-27,2026-08-27 15:00:00,26.83,26.84,26.81,26.84,1927.0
2026-08-27,2026-08-27 15:05:00,26.85,26.87,26.85,26.87,3152.0
2026-08-27,2026-08-27 15:10:00,26.86,26.86,26.81,26.81,2941.0
2026-08-27,2026-08-27 15:15:00,26.81,26.825,26.81,26.825,2651.0
2026-08-27,2026-08-27 15:20:00,26.82,26.82,26.81,26.82,2120.0
2026-08-27,2026-08-27 15:25:00,26.83,26.85,26.83,26.84,3595.0
2026-08-27,2026-08-27 15:30:00,26.83,26.83,26.82,26.82,4550.0
2026-08-27,2026-08-27 15:35:00,26.82,26.88,26.82,26.88,6133.0
2026-08-27,2026-08-27 15:40:00,26.87,26.91,26.86,26.86,22484.0
2026-08-27,2026-08-27 15:45:00,26.86,26.86,26.82,26.84,6463.0
2026-08-27,2026-08-27 15:50:00,26.82,26.83,26.81,26.81,3434.0
2026-08-27,2026-08-27 15:55:00,26.83,26.93,26.83,26.93,19278.0
2026-08-27,2026-08-27 16:00:00,26.92,26.93,26.78,26.82,115459.0
2026-08-28,2026-08-28 09:35:00,26.45,26.45,26.08,26.295,17557.0
2026-08-28,2026-08-28 09:40:00,26.11,26.29,25.8677,25.8677,11601.0
2026-08-28,2026-08-28 09:45:00,25.965,26.13,25.965,26.13,14814.0
2026-08-28,2026-08-28 09:50:00,26.13,26.23,26.13,26.195,7158.0
2026-08-28,2026-08-28 09:55:00,26.2,26.2499,26.03,26.18,7355.0
2026-08-28,2026-08-28 10:00:00,26.14,26.185,26.087,26.185,6874.0
2026-08-28,2026-08-28 10:05:00,26.175,26.22,26.02,26.065,6711.0
2026-08-28,2026-08-28 10:10:00,26.06,26.09,26.014,26.075,11202.0
2026-08-28,2026-08-28 10:15:00,26.075,26.14,26.045,26.06,10738.0
2026-08-28,2026-08-28 10:20:00,26.04,26.09,26.0,26.0,6447.0
2026-08-28,2026-08-28 10:25:00,26.01,26.055,25.98,25.99,3431.0
2026-08-28,2026-08-28 10:30:00,25.99,26.015,25.99,26.015,3392.0
2026-08-28,2026-08-28 10:35:00,26.015,26.015,25.965,25.97,5730.0
2026-08-28,2026-08-28 10:40:00,25.975,26.06,25.975,26.025,10119.0
2026-08-28,2026-08-28 10:45:00,26.03,26.04,26.01,26.015,6071.0
2026-08-28,2026-08-28 10:50:00,25.9925,26.015,25.942,25.98,5032.0
2026-08-28,2026-08-28 10:55:00,25.965,26.09,25.96,26.045,19373.0
2026-08-28,2026-08-28 11:00:00,26.045,26.11,26.045,26.05,5233.0
2026-08-28,2026-08-28 11:05:00,26.06,26.06,26.02,26.025,7272.0
2026-08-28,2026-08-28 11:10:00,26.025,26.03,25.995,26.0,3195.0
2026-08-28,2026-08-28 11:15:00,26.01,26.05,26.0,26.05,10107.0
2026-08-28,2026-08-28 11:20:00,26.055,26.065,26.05,26.055,1799.0
2026-08-28,2026-08-28 11:25:00,26.06,26.08,26.06,26.06,3351.0
2026-08-28,2026-08-28 11:30:00,26.065,26.07,26.04,26.07,3404.0
2026-08-28,2026-08-28 11:35:00,26.055,26.07,26.035,26.05,2683.0
2026-08-28,2026-08-28 11:40:00,26.05,26.05,26.035,26.05,1982.0
2026-08-28,2026-08-28 11:45:00,26.05,26.13,26.045,26.09,7746.0
2026-08-28,2026-08-28 11:50:00,26.08,26.12,26.08,26.12,9495.0
2026-08-28,2026-08-28 11:55:00,26.11,26.11,26.025,26.035,2968.0
2026-08-28,2026-08-28 12:00:00,26.045,26.05,25.9665,26.005,11425.0
2026-08-28,2026-08-28 12:05:00,26.015,26.03,25.94,25.965,6048.0
2026-08-28,2026-08-28 12:10:00,25.965,26.01,25.965,26.01,3609.0
2026-08-28,2026-08-28 12:15:00,26.02,26.05,25.99,26.03,11535.0
2026-08-28,2026-08-28 12:20:00,26.025,26.04,25.99,26.01,2931.0
2026-08-28,2026-08-28 12:25:00,26.01,26.02,25.99,26.02,4889.0
2026-08-28,2026-08-28 12:30:00,26.01,26.02,25.99,26.005,4469.0
2026-08-28,2026-08-28 12:35:00,26.01,26.02,25.97,25.97,3024.0
2026-08-28,2026-08-28 12:40:00,25.99,26.005,25.97,25.99,8094.0
2026-08-28,2026-08-28 12:45:00,26.0,26.01,25.97,25.985,8858.0
2026-08-28,2026-08-28 12:50:00,26.0,26.02,25.985,26.005,8210.0
2026-08-28,2026-08-28 12:55:00,26.005,26.005,25.975,25.995,2220.0
2026-08-28,2026-08-28 13:00:00,26.0,26.01,25.965,25.97,9335.0
2026-08-28,2026-08-28 13:05:00,25.98,26.01,25.94,25.99,18513.0
2026-08-28,2026-08-28 13:10:00,25.98,26.02,25.98,26.0,1296.0
2026-08-28,2026-08-28 13:15:00,26.005,26.02,25.99,26.02,2991.0
2026-08-28,2026-08-28 13:20:00,26.02,26.03,26.005,26.03,2355.0
2026-08-28,2026-08-28 13:25:00,26.035,26.06,26.03,26.06,3127.0
2026-08-28,2026-08-28 13:30:00,26.05,26.06,26.045,26.05,2481.0
2026-08-28,2026-08-28 13:35:00,26.05,26.06,26.04,26.06,4810.0
2026-08-28,2026-08-28 13:40:00,26.05,26.05,26.045,26.05,2285.0
2026-08-28,2026-08-28 13:45:00,26.05,26.055,26.04,26.05,2870.0
2026-08-28,2026-08-28 13:50:00,26.05,26.07,26.05,26.065,3212.0
2026-08-28,2026-08-28 13:55:00,26.065,26.08,26.065,26.07,3325.0
2026-08-28,2026-08-28 14:00:00,26.06,26.06,26.05,26.05,2609.0
2026-08-28,2026-08-28 14:05:00,26.05,26.055,26.015,26.03,12662.0
2026-08-28,2026-08-28 14:10:00,26.03,26.06,26.03,26.05,2597.0
2026-08-28,2026-08-28 14:15:00,26.05,26.06,26.05,26.05,2067.0
2026-08-28,2026-08-28 14:20:00,26.05,26.11,25.96,25.96,11144.0
2026-08-28,2026-08-28 14:25:00,25.93,25.94,25.93,25.935,2385.0
2026-08-28,2026-08-28 14:30:00,25.94,26.0,25.94,26.0,1988.0
2026-08-28,2026-08-28 14:35:00,25.99,26.015,25.99,26.015,1828.0
2026-08-28,2026-08-28 14:40:00,26.015,26.05,26.01,26.01,3764.0
2026-08-28,2026-08-28 14:45:00,26.0,26.045,25.9975,26.045,4543.0
2026-08-28,2026-08-28 14:50:00,26.06,26.06,26.05,26.055,4584.0
2026-08-28,2026-08-28 14:55:00,26.06,26.06,25.98,26.03,7695.0
2026-08-28,2026-08-28 15:00:00,26.03,26.03,26.01,26.02,1533.0
2026-08-28,2026-08-28 15:05:00,26.025,26.04,26.02,26.02,1808.0
2026-08-28,2026-08-28 15:10:00,26.02,26.035,25.985,26.0,4984.0
2026-08-28,2026-08-28 15:15:00,26.0,26.04,26.0,26.02,3316.0
2026-08-28,2026-08-28 15:20:00,26.02,26.025,26.005,26.005,2228.0
2026-08-28,2026-08-28 15:25:00,26.005,26.04,26.0,26.035,5850.0
2026-08-28,2026-08-28 15:30:00,26.03,26.05,26.03,26.045,3525.0
2026-08-28,2026-08-28 15:35:00,26.05,26.07,26.045,26.05,9412.0
2026-08-28,2026-08-28 15:40:00,26.05,26.065,26.05,26.06,4951.0
2026-08-28,2026-08-28 15:45:00,26.05,26.095,26.05,26.07,9791.0
2026-08-28,2026-08-28 15:50:00,26.07,26.09,26.05,26.08,6646.0
2026-08-28,2026-08-28 15:55:00,26.08,26.165,26.07,26.095,32550.0
2026-08-28,2026-08-28 16:00:00,26.095,26.13,26.07,26.08,144642.0
2026-08-31,2026-08-31 09:35:00,25.5,25.55,25.38,25.425,63549.0
2026-08-31,2026-08-31 09:40:00,25.36,25.44,25.36,25.38,1257.0
2026-08-31,2026-08-31 09:45:00,25.36,25.36,25.11,25.11,29251.0
2026-08-31,2026-08-31 09:50:00,25.105,25.105,25.055,25.0725,5526.0
2026-08-31,2026-08-31 09:55:00,25.075,25.12,25.0135,25.08,39748.0
2026-08-31,2026-08-31 10:00:00,25.06,25.0988,24.995,25.0988,17158.0
2026-08-31,2026-08-31 10:05:00,25.06,25.07,25.03,25.055,3013.0
2026-08-31,2026-08-31 10:10:00,25.07,25.16,25.0625,25.065,5875.0
2026-08-31,2026-08-31 10:15:00,25.04,25.04,25.0,25.0,1803.0
2026-08-31,2026-08-31 10:20:00,25.03,25.03,24.98,25.005,5335.0
2026-08-31,2026-08-31 10:25:00,25.01,25.01,24.94,24.94,10676.0
2026-08-31,2026-08-31 10:30:00,24.94,24.95,24.92,24.935,6143.0
2026-08-31,2026-08-31 10:35:00,24.95,24.995,24.93,24.965,20949.0
2026-08-31,2026-08-31 10:40:00,24.965,24.975,24.9,24.91,12306.0
2026-08-31,2026-08-31 10:45:00,24.91,24.99,24.91,24.955,4488.0
2026-08-31,2026-08-31 10:50:00,24.95,24.955,24.89,24.89,14499.0
2026-08-31,2026-08-31 10:55:00,24.875,24.89,24.87,24.885,2523.0
2026-08-31,2026-08-31 11:00:00,24.9,25.02,24.9,25.02,5679.0
2026-08-31,2026-08-31 11:05:00,25.015,25.06,25.015,25.035,2796.0
2026-08-31,2026-08-31 11:10:00,25.02,25.2,25.02,25.15,8168.0
2026-08-31,2026-08-31 11:15:00,25.15,25.16,25.135,25.14,6205.0
2026-08-31,2026-08-31 11:20:00,25.15,25.155,25.13,25.14,2481.0
2026-08-31,2026-08-31 11:25:00,25.12,25.12,25.02,25.02,14272.0
2026-08-31,2026-08-31 11:30:00,25.03,25.05,25.02,25.05,1354.0
2026-08-31,2026-08-31 11:35:00,25.04,25.07,25.035,25.035,3040.0
2026-08-31,2026-08-31 11:40:00,25.03,25.07,25.03,25.05,4852.0
2026-08-31,2026-08-31 11:45:00,25.06,25.1,25.06,25.07,1625.0
2026-08-31,2026-08-31 11:50:00,25.08,25.08,25.06,25.07,1782.0
2026-08-31,2026-08-31 11:55:00,25.06,25.06,25.04,25.04,2058.0
2026-08-31,2026-08-31 12:00:00,25.05,25.05,25.0,25.01,4347.0
2026-08-31,2026-08-31 12:05:00,25.03,25.05,25.02,25.04,4930.0
2026-08-31,2026-08-31 12:10:00,25.04,25.05,25.01,25.01,4639.0
2026-08-31,2026-08-31 12:15:00,25.015,25.015,25.015,25.015,709.0
2026-08-31,2026-08-31 12:20:00,25.03,25.03,25.01,25.01,1257.0
2026-08-31,2026-08-31 12:25:00,25.01,25.02,24.98,24.995,9584.0
2026-08-31,2026-08-31 12:30:00,25.015,25.03,25.015,25.025,1290.0
2026-08-31,2026-08-31 12:35:00,25.02,25.025,25.0,25.025,8140.0
2026-08-31,2026-08-31 12:40:00,25.03,25.04,25.03,25.04,1781.0
2026-08-31,2026-08-31 12:45:00,25.04,25.11,25.04,25.1,9313.0
2026-08-31,2026-08-31 12:50:00,25.1,25.1,25.07,25.1,4385.0
2026-08-31,2026-08-31 12:55:00,25.1,25.11,25.07,25.11,4049.0
2026-08-31,2026-08-31 13:00:00,25.1,25.1,25.07,25.07,2727.0
2026-08-31,2026-08-31 13:05:00,25.07,25.07,25.04,25.05,3529.0
2026-08-31,2026-08-31 13:10:00,25.05,25.06,25.045,25.06,2074.0
2026-08-31,2026-08-31 13:15:00,25.06,25.06,25.04,25.04,2422.0
2026-08-31,2026-08-31 13:20:00,25.05,25.07,25.045,25.05,4769.0
2026-08-31,2026-08-31 13:25:00,25.055,25.055,25.04,25.04,864.0
2026-08-31,2026-08-31 13:30:00,25.03,25.05,25.03,25.05,2896.0
2026-08-31,2026-08-31 13:35:00,25.04,25.06,25.03,25.06,2494.0
2026-08-31,2026-08-31 13:40:00,25.06,25.06,25.06,25.06,377.0
2026-08-31,2026-08-31 13:45:00,25.05,25.145,25.04,25.14,8616.0
2026-08-31,2026-08-31 13:50:00,25.13,25.29,25.12,25.21,22113.0
2026-08-31,2026-08-31 13:55:00,25.19,25.2,25.15,25.17,3026.0
2026-08-31,2026-08-31 14:00:00,25.17,25.22,25.16,25.2,7374.0
2026-08-31,2026-08-31 14:05:00,25.205,25.23,25.205,25.23,2028.0
2026-08-31,2026-08-31 14:10:00,25.21,25.21,25.2,25.2,1859.0
2026-08-31,2026-08-31 14:15:00,25.21,25.23,25.21,25.23,5579.0
2026-08-31,2026-08-31 14:20:00,25.23,25.24,25.21,25.21,2825.0
2026-08-31,2026-08-31 14:25:00,25.21,25.22,25.21,25.22,1231.0
2026-08-31,2026-08-31 14:30:00,25.21,25.22,25.21,25.21,2627.0
2026-08-31,2026-08-31 14:35:00,25.21,25.22,25.18,25.18,4404.0
2026-08-31,2026-08-31 14:40:00,25.18,25.18,25.17,25.18,3594.0
2026-08-31,2026-08-31 14:45:00,25.17,25.195,25.15,25.195,5936.0
2026-08-31,2026-08-31 14:50:00,25.2,25.21,25.2,25.205,2316.0
2026-08-31,2026-08-31 14:55:00,25.205,25.23,25.205,25.22,5473.0
2026-08-31,2026-08-31 15:00:00,25.23,25.23,25.21,25.21,5581.0
2026-08-31,2026-08-31 15:05:00,25.22,25.22,25.205,25.21,2169.0
2026-08-31,2026-08-31 15:10:00,25.21,25.23,25.21,25.23,7909.0
2026-08-31,2026-08-31 15:15:00,25.23,25.23,25.2,25.2,4549.0
2026-08-31,2026-08-31 15:20:00,25.205,25.21,25.2,25.2,1871.0
2026-08-31,2026-08-31 15:25:00,25.21,25.24,25.2,25.24,9045.0
2026-08-31,2026-08-31 15:30:00,25.23,25.25,25.22,25.23,6900.0
2026-08-31,2026-08-31 15:35:00,25.23,25.31,25.22,25.295,15774.0
2026-08-31,2026-08-31 15:40:00,25.32,25.335,25.315,25.32,13542.0
2026-08-31,2026-08-31 15:45:00,25.33,25.33,25.305,25.33,12926.0
2026-08-31,2026-08-31 15:50:00,25.335,25.37,25.31,25.36,14511.0
2026-08-31,2026-08-31 15:55:00,25.37,25.5,25.37,25.47,63008.0
2026-08-31,2026-08-31 16:00:00,25.46,25.49,25.38,25.46,299360.0
2026-09-01,2026-09-01 09:35:00,25.055,25.055,24.81,24.81,5308.0
2026-09-01,2026-09-01 09:40:00,25.182,25.182,24.84,25.015,4513.0
2026-09-01,2026-09-01 09:45:00,25.02,25.235,25.02,25.18,11662.0
2026-09-01,2026-09-01 09:50:00,25.115,25.24,25.08,25.23,5996.0
2026-09-01,2026-09-01 09:55:00,25.28,25.35,25.2,25.2,1352.0
2026-09-01,2026-09-01 10:00:00,25.15,25.29,25.15,25.19,3895.0
2026-09-01,2026-09-01 10:05:00,25.19,25.39,25.19,25.39,8830.0
2026-09-01,2026-09-01 10:10:00,25.408,25.408,25.355,25.355,2173.0
2026-09-01,2026-09-01 10:15:00,25.34,25.38,25.25,25.38,11699.0
2026-09-01,2026-09-01 10:20:00,25.3965,25.3965,25.34,25.34,1411.0
2026-09-01,2026-09-01 10:25:00,25.378,25.4,25.34,25.375,3195.0
2026-09-01,2026-09-01 10:30:00,25.35,25.35,25.35,25.35,903.0
2026-09-01,2026-09-01 10:35:00,25.3975,25.3975,25.34,25.34,1768.0
2026-09-01,2026-09-01 10:40:00,25.36,25.388,25.34,25.34,1507.0
2026-09-01,2026-09-01 10:45:00,25.34,25.4,25.275,25.28,7388.0
2026-09-01,2026-09-01 10:50:00,25.29,25.33,25.26,25.29,4525.0
2026-09-01,2026-09-01 10:55:00,25.29,25.37,25.26,25.33,3405.0
2026-09-01,2026-09-01 11:00:00,25.325,25.35,25.32,25.33,2130.0
2026-09-01,2026-09-01 11:05:00,25.29,25.38,25.24,25.38,12345.0
2026-09-01,2026-09-01 11:10:00,25.38,25.38,25.38,25.38,569.0
2026-09-01,2026-09-01 11:15:00,25.32,25.36,25.32,25.36,1371.0
2026-09-01,2026-09-01 11:20:00,25.335,25.335,25.3,25.3,3255.0
2026-09-01,2026-09-01 11:25:00,25.3,25.35,25.3,25.35,4952.0
2026-09-01,2026-09-01 11:30:00,25.34,25.35,25.33,25.34,2943.0
2026-09-01,2026-09-01 11:35:00,25.348,25.405,25.34,25.36,11482.0
2026-09-01,2026-09-01 11:40:00,25.36,25.42,25.36,25.38,8302.0
2026-09-01,2026-09-01 11:45:00,25.38,25.42,25.37,25.38,1645.0
2026-09-01,2026-09-01 11:50:00,25.37,25.395,25.37,25.37,1705.0
2026-09-01,2026-09-01 11:55:00,25.37,25.42,25.37,25.38,5803.0
2026-09-01,2026-09-01 12:00:00,25.38,25.4,25.38,25.4,1869.0
2026-09-01,2026-09-01 12:05:00,25.39,25.495,25.36,25.485,12102.0
2026-09-01,2026-09-01 12:10:00,25.5,25.565,25.49,25.56,7126.0
2026-09-01,2026-09-01 12:15:00,25.55,25.55,25.5,25.5,3227.0
2026-09-01,2026-09-01 12:20:00,25.51,25.56,25.495,25.53,11578.0
2026-09-01,2026-09-01 12:25:00,25.5,25.515,25.47,25.515,24929.0
2026-09-01,2026-09-01 12:30:00,25.5,25.5,25.42,25.42,37223.0
2026-09-01,2026-09-01 12:35:00,25.42,25.42,25.38,25.38,2578.0
2026-09-01,2026-09-01 12:40:00,25.405,25.405,25.3,25.33,7757.0
2026-09-01,2026-09-01 12:45:00,25.36,25.39,25.33,25.37,4649.0
2026-09-01,2026-09-01 12:50:00,25.36,25.36,25.35,25.35,2182.0
2026-09-01,2026-09-01 12:55:00,25.36,25.37,25.36,25.36,2404.0
2026-09-01,2026-09-01 13:00:00,25.36,25.39,25.35,25.39,7725.0
2026-09-01,2026-09-01 13:05:00,25.39,25.41,25.38,25.4,18270.0
2026-09-01,2026-09-01 13:10:00,25.38,25.44,25.38,25.44,26061.0
2026-09-01,2026-09-01 13:15:00,25.42,25.44,25.41,25.425,4738.0
2026-09-01,2026-09-01 13:20:00,25.43,25.45,25.425,25.45,5503.0
2026-09-01,2026-09-01 13:25:00,25.46,25.46,25.44,25.44,1740.0
2026-09-01,2026-09-01 13:30:00,25.43,25.44,25.41,25.42,3793.0
2026-09-01,2026-09-01 13:35:00,25.42,25.43,25.42,25.42,771.0
2026-09-01,2026-09-01 13:40:00,25.42,25.425,25.41,25.425,2480.0
2026-09-01,2026-09-01 13:45:00,25.425,25.44,25.41,25.42,2443.0
2026-09-01,2026-09-01 13:50:00,25.42,25.42,25.4,25.4,4142.0
2026-09-01,2026-09-01 13:55:00,25.4,25.41,25.33,25.33,41474.0
2026-09-01,2026-09-01 14:00:00,25.335,25.355,25.28,25.31,8470.0
2026-09-01,2026-09-01 14:05:00,25.31,25.31,25.28,25.29,1710.0
2026-09-01,2026-09-01 14:10:00,25.29,25.3,25.26,25.27,22593.0
2026-09-01,2026-09-01 14:15:00,25.27,25.27,25.22,25.22,8417.0
2026-09-01,2026-09-01 14:20:00,25.235,25.25,25.23,25.25,5725.0
2026-09-01,2026-09-01 14:25:00,25.24,25.24,25.235,25.235,1666.0
2026-09-01,2026-09-01 14:30:00,25.24,25.255,25.18,25.235,53363.0
2026-09-01,2026-09-01 14:35:00,25.22,25.26,25.22,25.255,12903.0
2026-09-01,2026-09-01 14:40:00,25.255,25.255,25.24,25.25,1870.0
2026-09-01,2026-09-01 14:45:00,25.239021,25.265,25.21,25.24,37517.0
2026-09-01,2026-09-01 14:50:00,25.24,25.26,25.21,25.255,8022.0
2026-09-01,2026-09-01 14:55:00,25.255,25.285,25.25,25.28,6415.0
2026-09-01,2026-09-01 15:00:00,25.28,25.305,25.24,25.26,13410.0
2026-09-01,2026-09-01 15:05:00,25.26,25.27,25.25,25.25,4774.0
2026-09-01,2026-09-01 15:10:00,25.25,25.27,25.25,25.27,3084.0
2026-09-01,2026-09-01 15:15:00,25.265,25.3,25.26,25.3,5634.0
2026-09-01,2026-09-01 15:20:00,25.3,25.3,25.22,25.22,7958.0
2026-09-01,2026-09-01 15:25:00,25.22,25.25,25.21,25.23,12859.0
2026-09-01,2026-09-01 15:30:00,25.24,25.24,25.22,25.22,1409.0
2026-09-01,2026-09-01 15:35:00,25.22,25.23,25.2,25.23,26910.0
2026-09-01,2026-09-01 15:40:00,25.23,25.23,25.21,25.21,3889.0
2026-09-01,2026-09-01 15:45:00,25.22,25.28,25.18,25.26,51806.0
2026-09-01,2026-09-01 15:50:00,25.28,25.33,25.25,25.29,15466.0
2026-09-01,2026-09-01 15:55:00,25.3,25.34,25.3,25.305,27751.0
2026-09-01,2026-09-01 16:00:00,25.31,25.34,25.29,25.3,142557.0
2026-09-02,2026-09-02 09:35:00,26.0,27.13,26.0,26.95,42407.0
2026-09-02,2026-09-02 09:40:00,27.07,27.26,27.07,27.17,44605.0
2026-09-02,2026-09-02 09:45:00,27.2,27.41,27.2,27.4,25435.0
2026-09-02,2026-09-02 09:50:00,27.4218,27.5,26.96,27.04,48600.0
2026-09-02,2026-09-02 09:55:00,26.9791,27.22,26.9791,27.155,36310.0
2026-09-02,2026-09-02 10:00:00,27.155,27.23,27.0,27.04,18640.0
2026-09-02,2026-09-02 10:05:00,27.0208,27.16,27.01,27.07,7326.0
2026-09-02,2026-09-02 10:10:00,27.045,27.1,27.03,27.035,9491.0
2026-09-02,2026-09-02 10:15:00,27.02,27.05,26.97,26.98,17571.0
2026-09-02,2026-09-02 10:20:00,26.98,26.98,26.83,26.83,11105.0
2026-09-02,2026-09-02 10:25:00,26.82,26.82,26.68,26.71,8146.0
2026-09-02,2026-09-02 10:30:00,26.68,26.93,26.61,26.82,14231.0
2026-09-02,2026-09-02 10:35:00,26.82,26.84,26.725,26.725,8033.0
2026-09-02,2026-09-02 10:40:00,26.725,26.75,26.66,26.7,24393.0
2026-09-02,2026-09-02 10:45:00,26.72,26.725,26.68,26.69,16212.0
2026-09-02,2026-09-02 10:50:00,26.705,26.71,26.61,26.68,53076.0
2026-09-02,2026-09-02 10:55:00,26.66,26.66,26.49,26.53,13074.0
2026-09-02,2026-09-02 11:00:00,26.52,26.55,26.51,26.53,5642.0
2026-09-02,2026-09-02 11:05:00,26.55,26.58,26.53,26.57,3992.0
2026-09-02,2026-09-02 11:10:00,26.57,26.575,26.54,26.565,4063.0
2026-09-02,2026-09-02 11:15:00,26.59,26.59,26.4,26.4,12129.0
2026-09-02,2026-09-02 11:20:00,26.415,26.45,26.376,26.43,9723.0
2026-09-02,2026-09-02 11:25:00,26.425,26.425,26.34,26.35,4704.0
2026-09-02,2026-09-02 11:30:00,26.365,26.365,26.31,26.31,5134.0
2026-09-02,2026-09-02 11:35:00,26.325,26.35,26.3,26.325,3821.0
2026-09-02,2026-09-02 11:40:00,26.32,26.32,26.24,26.25,14438.0
2026-09-02,2026-09-02 11:45:00,26.27,26.29,26.14,26.14,12266.0
2026-09-02,2026-09-02 11:50:00,26.15,26.16,26.11,26.15,9223.0
2026-09-02,2026-09-02 11:55:00,26.145,26.15,26.11,26.11,5110.0
2026-09-02,2026-09-02 12:00:00,26.125,26.15,26.125,26.15,4079.0
2026-09-02,2026-09-02 12:05:00,26.145,26.185,26.13,26.13,4386.0
2026-09-02,2026-09-02 12:10:00,26.145,26.145,26.07,26.07,8384.0
2026-09-02,2026-09-02 12:15:00,26.08,26.16,26.08,26.16,5891.0
2026-09-02,2026-09-02 12:20:00,26.175,26.19,26.13,26.13,8394.0
2026-09-02,2026-09-02 12:25:00,26.14,26.14,26.09,26.095,8312.0
2026-09-02,2026-09-02 12:30:00,26.095,26.095,26.06,26.06,6111.0
2026-09-02,2026-09-02 12:35:00,26.065,26.07,26.02,26.02,9299.0
2026-09-02,2026-09-02 12:40:00,26.025,26.03,26.01,26.02,6265.0
2026-09-02,2026-09-02 12:45:00,26.02,26.14,26.0,26.14,13732.0
2026-09-02,2026-09-02 12:50:00,26.14,26.19,26.14,26.175,4465.0
2026-09-02,2026-09-02 12:55:00,26.19,26.19,26.155,26.16,5524.0
2026-09-02,2026-09-02 13:00:00,26.14,26.175,26.14,26.175,4025.0
2026-09-02,2026-09-02 13:05:00,26.175,26.175,26.16,26.16,2819.0
2026-09-02,2026-09-02 13:10:00,26.17,26.17,26.14,26.14,5032.0
2026-09-02,2026-09-02 13:15:00,26.15,26.17,26.125,26.125,12434.0
2026-09-02,2026-09-02 13:20:00,26.135,26.135,26.105,26.11,4761.0
2026-09-02,2026-09-02 13:25:00,26.11,26.13,26.05,26.1,12232.0
2026-09-02,2026-09-02 13:30:00,26.1081,26.1081,26.08,26.095,7501.0
2026-09-02,2026-09-02 13:35:00,26.08,26.095,26.08,26.095,3931.0
2026-09-02,2026-09-02 13:40:00,26.095,26.125,26.095,26.11,5390.0
2026-09-02,2026-09-02 13:45:00,26.11,26.13,26.1,26.12,4224.0
2026-09-02,2026-09-02 13:50:00,26.12,26.13,26.12,26.12,2929.0
2026-09-02,2026-09-02 13:55:00,26.13,26.15,26.12,26.14,6598.0
2026-09-02,2026-09-02 14:00:00,26.14,26.16,26.13,26.15,5382.0
2026-09-02,2026-09-02 14:05:00,26.14,26.15,26.13,26.15,3684.0
2026-09-02,2026-09-02 14:10:00,26.14,26.15,26.14,26.145,3735.0
2026-09-02,2026-09-02 14:15:00,26.15,26.18,26.145,26.18,3852.0
2026-09-02,2026-09-02 14:20:00,26.17,26.175,26.16,26.165,4379.0
2026-09-02,2026-09-02 14:25:00,26.165,26.165,26.15,26.16,2652.0
2026-09-02,2026-09-02 14:30:00,26.15,26.19,26.13,26.18,7746.0
2026-09-02,2026-09-02 14:35:00,26.18,26.19,26.18,26.18,3891.0
2026-09-02,2026-09-02 14:40:00,26.18,26.23,26.18,26.195,9516.0
2026-09-02,2026-09-02 14:45:00,26.18,26.195,26.17,26.17,2425.0
2026-09-02,2026-09-02 14:50:00,26.18,26.22,26.18,26.215,3500.0
2026-09-02,2026-09-02 14:55:00,26.215,26.23,26.2,26.2,5199.0
2026-09-02,2026-09-02 15:00:00,26.205,26.25,26.205,26.25,2469.0
2026-09-02,2026-09-02 15:05:00,26.225,26.285,26.225,26.285,6038.0
2026-09-02,2026-09-02 15:10:00,26.29,26.34,26.27,26.34,7944.0
2026-09-02,2026-09-02 15:15:00,26.34,26.37,26.33,26.35,8474.0
2026-09-02,2026-09-02 15:20:00,26.35,26.35,26.32,26.33,4868.0
2026-09-02,2026-09-02 15:25:00,26.33,26.36,26.315,26.32,11420.0
2026-09-02,2026-09-02 15:30:00,26.33,26.36,26.33,26.35,10197.0
2026-09-02,2026-09-02 15:35:00,26.35,26.4,26.35,26.39,11258.0
2026-09-02,2026-09-02 15:40:00,26.4,26.42,26.4,26.41,10775.0
2026-09-02,2026-09-02 15:45:00,26.41,26.42,26.38,26.41,13245.0
2026-09-02,2026-09-02 15:50:00,26.42,26.45,26.41,26.42,17161.0
2026-09-02,2026-09-02 15:55:00,26.42,26.485,26.39,26.485,33021.0
2026-09-02,2026-09-02 16:00:00,26.46,26.56,26.4,26.48,204268.0
2026-09-03,2026-09-03 09:35:00,26.85,26.93,26.51,26.6,20109.0
2026-09-03,2026-09-03 09:40:00,26.605,26.87,26.605,26.63,14110.0
2026-09-03,2026-09-03 09:45:00,26.5,26.61,26.48,26.49,3512.0
2026-09-03,2026-09-03 09:50:00,26.53,26.53,26.32,26.36,22314.0
2026-09-03,2026-09-03 09:55:00,26.435,26.69,26.435,26.67,11096.0
2026-09-03,2026-09-03 10:00:00,26.655,26.745,26.645,26.71,22081.0
2026-09-03,2026-09-03 10:05:00,26.71,26.71,26.625,26.67,5917.0
2026-09-03,2026-09-03 10:10:00,26.665,26.725,26.665,26.7175,20553.0
2026-09-03,2026-09-03 10:15:00,26.715,26.8,26.715,26.77,4433.0
2026-09-03,2026-09-03 10:20:00,26.76,26.76,26.63,26.67,2166.0
2026-09-03,2026-09-03 10:25:00,26.66,26.67,26.635,26.64,6107.0
2026-09-03,2026-09-03 10:30:00,26.64,26.705,26.64,26.705,5886.0
2026-09-03,2026-09-03 10:35:00,26.7,26.755,26.7,26.7,4234.0
2026-09-03,2026-09-03 10:40:00,26.7,26.81,26.7,26.795,5113.0
2026-09-03,2026-09-03 10:45:00,26.8,26.84,26.795,26.835,2477.0
2026-09-03,2026-09-03 10:50:00,26.835,26.87,26.83,26.87,2535.0
2026-09-03,2026-09-03 10:55:00,26.86,26.875,26.81,26.875,5273.0
2026-09-03,2026-09-03 11:00:00,26.88,26.92,26.88,26.92,2741.0
2026-09-03,2026-09-03 11:05:00,26.94,26.955,26.84,26.84,6290.0
2026-09-03,2026-09-03 11:10:00,26.855,26.86,26.855,26.86,2250.0
2026-09-03,2026-09-03 11:15:00,26.86,26.98,26.86,26.98,4403.0
2026-09-03,2026-09-03 11:20:00,26.98,26.98,26.91,26.91,2440.0
2026-09-03,2026-09-03 11:25:00,26.905,26.905,26.905,26.905,1592.0
2026-09-03,2026-09-03 11:30:00,26.91,26.91,26.86,26.89,5803.0
2026-09-03,2026-09-03 11:35:00,26.915,26.92,26.89,26.89,1512.0
2026-09-03,2026-09-03 11:40:00,26.87,26.87,26.86,26.86,1719.0
2026-09-03,2026-09-03 11:45:00,26.855,26.855,26.855,26.855,1987.0
2026-09-03,2026-09-03 11:50:00,26.855,26.855,26.855,26.855,2076.0
2026-09-03,2026-09-03 11:55:00,26.855,26.88,26.835,26.88,5156.0
2026-09-03,2026-09-03 12:00:00,26.865,26.885,26.83,26.875,5216.0
2026-09-03,2026-09-03 12:05:00,26.88,26.88,26.88,26.88,1464.0
2026-09-03,2026-09-03 12:10:00,26.87,26.92,26.87,26.905,4420.0
2026-09-03,2026-09-03 12:15:00,26.915,26.915,26.915,26.915,928.0
2026-09-03,2026-09-03 12:20:00,26.915,26.925,26.9,26.9,1354.0
2026-09-03,2026-09-03 12:25:00,26.91,26.91,26.91,26.91,217.0
2026-09-03,2026-09-03 12:30:00,26.89,26.89,26.89,26.89,2072.0
2026-09-03,2026-09-03 12:35:00,26.89,26.91,26.89,26.89,5193.0
2026-09-03,2026-09-03 12:40:00,26.93,26.93,26.91,26.915,3039.0
2026-09-03,2026-09-03 12:45:00,26.91,26.91,26.91,26.91,1753.0
2026-09-03,2026-09-03 12:50:00,26.89,26.89,26.89,26.89,371.0
2026-09-03,2026-09-03 12:55:00,26.91,26.91,26.91,26.91,680.0
2026-09-03,2026-09-03 13:00:00,26.91,26.98,26.91,26.975,8995.0
2026-09-03,2026-09-03 13:05:00,26.98,26.98,26.975,26.975,1788.0
2026-09-03,2026-09-03 13:10:00,26.975,27.0,26.95,26.985,8616.0
2026-09-03,2026-09-03 13:15:00,26.99,26.99,26.96,26.965,5623.0
2026-09-03,2026-09-03 13:20:00,26.97,27.0077,26.97,26.98,13833.0
2026-09-03,2026-09-03 13:25:00,26.975,27.045,26.975,27.04,4196.0
2026-09-03,2026-09-03 13:30:00,27.04,27.04,27.04,27.04,252.0
2026-09-03,2026-09-03 13:35:00,27.04,27.04,27.02,27.0205,1304.0
2026-09-03,2026-09-03 13:40:00,27.0205,27.0205,27.0205,27.0205,515.0
2026-09-03,2026-09-03 13:45:00,27.03,27.04,27.01,27.02,2999.0
2026-09-03,2026-09-03 13:50:00,27.015,27.05,27.015,27.025,24254.0
2026-09-03,2026-09-03 13:55:00,27.025,27.025,27.02,27.02,1445.0
2026-09-03,2026-09-03 14:00:00,27.02,27.02,26.985,27.0,6901.0
2026-09-03,2026-09-03 14:05:00,27.015,27.06,27.01,27.055,8270.0
2026-09-03,2026-09-03 14:10:00,27.055,27.07,27.055,27.07,1318.0
2026-09-03,2026-09-03 14:15:00,27.07,27.07,27.04,27.065,5755.0
2026-09-03,2026-09-03 14:20:00,27.065,27.065,27.065,27.065,1216.0
2026-09-03,2026-09-03 14:25:00,27.065,27.07,27.065,27.07,1789.0
2026-09-03,2026-09-03 14:30:00,27.07,27.07,27.07,27.07,1259.0
2026-09-03,2026-09-03 14:35:00,27.065,27.08,27.06,27.06,2918.0
2026-09-03,2026-09-03 14:40:00,27.06,27.06,27.06,27.06,1129.0
2026-09-03,2026-09-03 14:45:00,27.06,27.07,27.05,27.055,2185.0
2026-09-03,2026-09-03 14:50:00,27.055,27.13,27.055,27.11,20906.0
2026-09-03,2026-09-03 14:55:00,27.105,27.105,27.105,27.105,1158.0
2026-09-03,2026-09-03 15:00:00,27.105,27.13,27.105,27.105,1446.0
2026-09-03,2026-09-03 15:05:00,27.11,27.11,27.11,27.11,1489.0
2026-09-03,2026-09-03 15:10:00,27.115,27.135,27.115,27.13,4391.0
2026-09-03,2026-09-03 15:15:00,27.11,27.11,27.08,27.08,4344.0
2026-09-03,2026-09-03 15:20:00,27.08,27.08,27.08,27.08,778.0
2026-09-03,2026-09-03 15:25:00,27.06,27.08,27.03,27.035,18121.0
2026-09-03,2026-09-03 15:30:00,27.035,27.035,27.01,27.015,4854.0
2026-09-03,2026-09-03 15:35:00,26.985,27.01,26.98,26.99,6797.0
2026-09-03,2026-09-03 15:40:00,26.975,26.975,26.91,26.91,6798.0
2026-09-03,2026-09-03 15:45:00,26.91,26.91,26.88,26.88,9504.0
2026-09-03,2026-09-03 15:50:00,26.88,26.91,26.85,26.89,8763.0
2026-09-03,2026-09-03 15:55:00,26.93,26.96,26.915,26.935,9859.0
2026-09-03,2026-09-03 16:00:00,26.95,27.05,26.905,27.0,145829.0
2026-09-04,2026-09-04 09:35:00,26.48,26.49,25.78,25.93,18860.0
2026-09-04,2026-09-04 09:40:00,25.93,25.945,25.85,25.88,8291.0
2026-09-04,2026-09-04 09:45:00,25.9,26.03,25.9,26.03,6470.0
2026-09-04,2026-09-04 09:50:00,25.97,26.0,25.91,25.92,2420.0
2026-09-04,2026-09-04 09:55:00,25.98,26.02,25.475,25.505,45648.0
2026-09-04,2026-09-04 10:00:00,25.525,25.73,25.46,25.65,11492.0
2026-09-04,2026-09-04 10:05:00,25.65,25.76,25.5,25.755,30882.0
2026-09-04,2026-09-04 10:10:00,25.77,25.79,25.75,25.77,7157.0
2026-09-04,2026-09-04 10:15:00,25.785,25.8,25.69,25.73,5186.0
2026-09-04,2026-09-04 10:20:00,25.73,25.8275,25.69,25.79,16300.0
2026-09-04,2026-09-04 10:25:00,25.82,25.88,25.82,25.88,5911.0
2026-09-04,2026-09-04 10:30:00,25.89,25.92,25.87,25.915,5264.0
2026-09-04,2026-09-04 10:35:00,25.93,25.96,25.915,25.915,6478.0
2026-09-04,2026-09-04 10:40:00,25.91,25.92,25.81,25.865,10088.0
2026-09-04,2026-09-04 10:45:00,25.865,25.87,25.82,25.83,5983.0
2026-09-04,2026-09-04 10:50:00,25.83,25.88,25.79,25.79,18089.0
2026-09-04,2026-09-04 10:55:00,25.79,25.8,25.77,25.78,5717.0
2026-09-04,2026-09-04 11:00:00,25.77,25.78,25.72,25.775,20526.0
2026-09-04,2026-09-04 11:05:00,25.775,25.775,25.68,25.695,7284.0
2026-09-04,2026-09-04 11:10:00,25.68,25.74,25.68,25.735,9287.0
2026-09-04,2026-09-04 11:15:00,25.75,25.7599,25.73,25.75,5459.0
2026-09-04,2026-09-04 11:20:00,25.74,25.78,25.74,25.78,8219.0
2026-09-04,2026-09-04 11:25:00,25.77,25.8,25.76,25.785,8107.0
2026-09-04,2026-09-04 11:30:00,25.785,25.905,25.74,25.905,11810.0
2026-09-04,2026-09-04 11:35:00,25.87,25.87,25.87,25.87,1980.0
2026-09-04,2026-09-04 11:40:00,25.83,25.92,25.83,25.92,5699.0
2026-09-04,2026-09-04 11:45:00,25.92,25.96,25.915,25.96,6275.0
2026-09-04,2026-09-04 11:50:00,25.94,25.95,25.89,25.89,2350.0
2026-09-04,2026-09-04 11:55:00,25.9,25.9377,25.88,25.88,2573.0
2026-09-04,2026-09-04 12:00:00,25.88,25.94,25.88,25.89,6496.0
2026-09-04,2026-09-04 12:05:00,25.895,25.895,25.86,25.86,2962.0
2026-09-04,2026-09-04 12:10:00,25.86,25.885,25.86,25.885,4495.0
2026-09-04,2026-09-04 12:15:00,25.91,25.95,25.91,25.95,3853.0
2026-09-04,2026-09-04 12:20:00,25.93,25.93,25.9,25.9,2445.0
2026-09-04,2026-09-04 12:25:00,25.9,25.9,25.9,25.9,1354.0
2026-09-04,2026-09-04 12:30:00,25.905,25.905,25.905,25.905,767.0
2026-09-04,2026-09-04 12:35:00,25.905,26.05,25.905,25.96,16512.0
2026-09-04,2026-09-04 12:40:00,25.96,25.96,25.92,25.92,1773.0
2026-09-04,2026-09-04 12:45:00,25.94,25.94,25.91,25.92,2750.0
2026-09-04,2026-09-04 12:50:00,25.88,26.0,25.865,25.965,21165.0
2026-09-04,2026-09-04 12:55:00,25.965,26.0,25.965,26.0,2068.0
2026-09-04,2026-09-04 13:00:00,26.0,26.0,26.0,26.0,867.0
2026-09-04,2026-09-04 13:05:00,26.0,26.01,25.98,25.995,6458.0
2026-09-04,2026-09-04 13:10:00,25.995,25.995,25.995,25.995,544.0
2026-09-04,2026-09-04 13:15:00,25.995,26.01,25.995,26.01,2981.0
2026-09-04,2026-09-04 13:20:00,26.01,26.01,26.01,26.01,241.0
2026-09-04,2026-09-04 13:25:00,26.005,26.02,26.005,26.02,3269.0
2026-09-04,2026-09-04 13:30:00,26.04,26.04,26.04,26.04,550.0
2026-09-04,2026-09-04 13:35:00,26.04,26.12,26.04,26.12,17746.0
2026-09-04,2026-09-04 13:40:00,26.12,26.14,26.12,26.14,3631.0
2026-09-04,2026-09-04 13:45:00,26.12,26.14,26.12,26.14,2613.0
2026-09-04,2026-09-04 13:50:00,26.15,26.2,26.12,26.12,11125.0
2026-09-04,2026-09-04 13:55:00,26.145,26.22,26.145,26.22,9084.0
2026-09-04,2026-09-04 14:00:00,26.24,26.31,26.24,26.295,11782.0
2026-09-04,2026-09-04 14:05:00,26.31,26.31,26.295,26.295,2228.0
2026-09-04,2026-09-04 14:10:00,26.31,26.4,26.31,26.375,7816.0
2026-09-04,2026-09-04 14:15:00,26.38,26.41,26.38,26.385,877.0
2026-09-04,2026-09-04 14:20:00,26.385,26.41,26.385,26.41,2250.0
2026-09-04,2026-09-04 14:25:00,26.38,26.395,26.265,26.27,13315.0
2026-09-04,2026-09-04 14:30:00,26.2556,26.27,26.24,26.24,2190.0
2026-09-04,2026-09-04 14:35:00,26.24,26.34,26.24,26.295,27278.0
2026-09-04,2026-09-04 14:40:00,26.3,26.35,26.285,26.29,26283.0
2026-09-04,2026-09-04 14:45:00,26.25,26.26,26.23,26.25,3766.0
2026-09-04,2026-09-04 14:50:00,26.23,26.31,26.225,26.28,11860.0
2026-09-04,2026-09-04 14:55:00,26.28,26.32,26.28,26.285,22405.0
2026-09-04,2026-09-04 15:00:00,26.26,26.27,26.25,26.25,1858.0
2026-09-04,2026-09-04 15:05:00,26.25,26.35,26.25,26.335,25338.0
2026-09-04,2026-09-04 15:10:00,26.31,26.31,26.29,26.3,1850.0
2026-09-04,2026-09-04 15:15:00,26.3,26.3,26.3,26.3,1061.0
2026-09-04,2026-09-04 15:20:00,26.28,26.29,26.27,26.29,1613.0
2026-09-04,2026-09-04 15:25:00,26.29,26.385,26.25,26.35,48705.0
2026-09-04,2026-09-04 15:30:00,26.35,26.36,26.34,26.345,7587.0
2026-09-04,2026-09-04 15:35:00,26.33,26.345,26.315,26.315,3675.0
2026-09-04,2026-09-04 15:40:00,26.315,26.315,26.28,26.295,11831.0
2026-09-04,2026-09-04 15:45:00,26.27,26.33,26.24,26.26,19711.0
2026-09-04,2026-09-04 15:50:00,26.26,26.26,26.23,26.235,6019.0
2026-09-04,2026-09-04 15:55:00,26.235,26.31,26.22,26.29,12639.0
2026-09-04,2026-09-04 16:00:00,26.27,26.3,26.23,26.23,105570.0
2026-09-08,2026-09-08 09:35:00,25.74,26.5,25.74,26.245,54915.0
2026-09-08,2026-09-08 09:40:00,26.235,26.275,26.21,26.275,12183.0
2026-09-08,2026-09-08 09:45:00,26.27,26.27,26.115,26.115,21755.0
2026-09-08,2026-09-08 09:50:00,26.115,26.185,26.095,26.095,3012.0
2026-09-08,2026-09-08 09:55:00,26.1,26.205,26.1,26.205,9956.0
2026-09-08,2026-09-08 10:00:00,26.175,26.175,26.02,26.02,6207.0
2026-09-08,2026-09-08 10:05:00,26.005,26.01,25.87,25.88,9618.0
2026-09-08,2026-09-08 10:10:00,25.87,25.87,25.78,25.78,6043.0
2026-09-08,2026-09-08 10:15:00,25.78,25.78,25.68,25.695,9470.0
2026-09-08,2026-09-08 10:20:00,25.66,25.695,25.6,25.695,12673.0
2026-09-08,2026-09-08 10:25:00,25.695,25.75,25.64,25.67,9332.0
2026-09-08,2026-09-08 10:30:00,25.68,25.72,25.665,25.665,11351.0
2026-09-08,2026-09-08 10:35:00,25.695,25.73,25.65,25.67,12627.0
2026-09-08,2026-09-08 10:40:00,25.65,25.675,25.605,25.675,10035.0
2026-09-08,2026-09-08 10:45:00,25.675,25.685,25.65,25.65,6663.0
2026-09-08,2026-09-08 10:50:00,25.65,25.735,25.65,25.735,7702.0
2026-09-08,2026-09-08 10:55:00,25.725,25.84,25.67,25.83,25965.0
2026-09-08,2026-09-08 11:00:00,25.83,25.935,25.81,25.935,41454.0
2026-09-08,2026-09-08 11:05:00,25.89,25.98,25.88,25.98,12713.0
2026-09-08,2026-09-08 11:10:00,25.975,26.12,25.935,26.12,14222.0
2026-09-08,2026-09-08 11:15:00,26.12,26.15,26.01,26.01,6839.0
2026-09-08,2026-09-08 11:20:00,26.07,26.1125,26.07,26.08,20124.0
2026-09-08,2026-09-08 11:25:00,26.07,26.125,26.06,26.125,10497.0
2026-09-08,2026-09-08 11:30:00,26.14,26.19,26.025,26.025,12222.0
2026-09-08,2026-09-08 11:35:00,26.02,26.02,25.98,26.01,8025.0
2026-09-08,2026-09-08 11:40:00,26.03,26.04,26.015,26.04,4699.0
2026-09-08,2026-09-08 11:45:00,26.0,26.14,25.99,26.1,28377.0
2026-09-08,2026-09-08 11:50:00,26.115,26.13,26.115,26.13,2183.0
2026-09-08,2026-09-08 11:55:00,26.14,26.18,26.14,26.18,5231.0
2026-09-08,2026-09-08 12:00:00,26.16,26.16,26.14,26.155,3075.0
2026-09-08,2026-09-08 12:05:00,26.14,26.14,26.12,26.13,1138.0
2026-09-08,2026-09-08 12:10:00,26.13,26.14,26.11,26.12,7021.0
2026-09-08,2026-09-08 12:15:00,26.11,26.11,26.07,26.08,2553.0
2026-09-08,2026-09-08 12:20:00,26.07,26.1,26.06,26.1,6993.0
2026-09-08,2026-09-08 12:25:00,26.105,26.11,26.08,26.11,5015.0
2026-09-08,2026-09-08 12:30:00,26.1,26.1,26.1,26.1,2550.0
2026-09-08,2026-09-08 12:35:00,26.09,26.12,26.09,26.105,6303.0
2026-09-08,2026-09-08 12:40:00,26.1,26.1,26.09,26.09,2116.0
2026-09-08,2026-09-08 12:45:00,26.08,26.1,26.08,26.095,1465.0
2026-09-08,2026-09-08 12:50:00,26.095,26.14,26.095,26.14,2394.0
2026-09-08,2026-09-08 12:55:00,26.14,26.14,26.09,26.09,3377.0
2026-09-08,2026-09-08 13:00:00,26.07,26.08,26.06,26.07,1262.0
2026-09-08,2026-09-08 13:05:00,26.06,26.08,26.06,26.08,1765.0
2026-09-08,2026-09-08 13:10:00,26.08,26.08,26.08,26.08,683.0
2026-09-08,2026-09-08 13:15:00,26.07,26.1,26.07,26.095,5076.0
2026-09-08,2026-09-08 13:20:00,26.095,26.1,26.09,26.09,2670.0
2026-09-08,2026-09-08 13:25:00,26.07,26.07,26.03,26.04,2145.0
2026-09-08,2026-09-08 13:30:00,26.03,26.03,26.03,26.03,801.0
2026-09-08,2026-09-08 13:35:00,26.02,26.02,26.02,26.02,1133.0
2026-09-08,2026-09-08 13:40:00,26.02,26.02,26.0,26.0,7877.0
2026-09-08,2026-09-08 13:45:00,26.0,26.0,26.0,26.0,1115.0
2026-09-08,2026-09-08 13:50:00,26.0,26.01,26.0,26.0,3624.0
2026-09-08,2026-09-08 13:55:00,26.01,26.01,25.98,26.0,13629.0
2026-09-08,2026-09-08 14:00:00,26.0,26.0,25.94,25.94,10003.0
2026-09-08,2026-09-08 14:05:00,25.94,25.94,25.925,25.93,3442.0
2026-09-08,2026-09-08 14:10:00,25.935,25.96,25.935,25.955,6293.0
2026-09-08,2026-09-08 14:15:00,25.955,25.955,25.93,25.93,2101.0
2026-09-08,2026-09-08 14:20:00,25.92,25.93,25.92,25.92,1297.0
2026-09-08,2026-09-08 14:25:00,25.92,25.945,25.89,25.89,12139.0
2026-09-08,2026-09-08 14:30:00,25.9,25.91,25.85,25.89,6843.0
2026-09-08,2026-09-08 14:35:00,25.87,25.87,25.825,25.825,1827.0
2026-09-08,2026-09-08 14:40:00,25.8361,25.845,25.825,25.83,3240.0
2026-09-08,2026-09-08 14:45:00,25.84,25.84,25.74,25.78,5694.0
2026-09-08,2026-09-08 14:50:00,25.78,25.78,25.74,25.74,1756.0
2026-09-08,2026-09-08 14:55:00,25.74,25.74,25.74,25.74,669.0
2026-09-08,2026-09-08 15:00:00,25.76,25.77,25.72,25.72,2190.0
2026-09-08,2026-09-08 15:05:00,25.7,25.7,25.64,25.67,4859.0
2026-09-08,2026-09-08 15:10:00,25.66,25.68,25.635,25.635,3525.0
2026-09-08,2026-09-08 15:15:00,25.64,25.65,25.62,25.63,5277.0
2026-09-08,2026-09-08 15:20:00,25.63,25.63,25.63,25.63,848.0
2026-09-08,2026-09-08 15:25:00,25.63,25.67,25.58,25.58,15377.0
2026-09-08,2026-09-08 15:30:00,25.582,25.582,25.535,25.54,3289.0
2026-09-08,2026-09-08 15:35:00,25.55,25.56,25.53,25.55,10729.0
2026-09-08,2026-09-08 15:40:00,25.54,25.55,25.535,25.55,5799.0
2026-09-08,2026-09-08 15:45:00,25.53,25.57,25.51,25.52,9868.0
2026-09-08,2026-09-08 15:50:00,25.49,25.495,25.46,25.465,2534.0
2026-09-08,2026-09-08 15:55:00,25.44,25.455,25.37,25.42,19841.0
2026-09-08,2026-09-08 16:00:00,25.41,25.49,25.395,25.41,71019.0
2026-09-09,2026-09-09 09:35:00,25.45,25.47,25.29,25.44,18111.0
2026-09-09,2026-09-09 09:40:00,25.425,25.425,25.276,25.405,2214.0
2026-09-09,2026-09-09 09:45:00,25.405,25.53,25.3,25.3875,24300.0
2026-09-09,2026-09-09 09:50:00,25.39,25.57,25.375,25.5,10099.0
2026-09-09,2026-09-09 09:55:00,25.5,25.5,25.47,25.475,3262.0
2026-09-09,2026-09-09 10:00:00,25.47,25.48,25.39,25.39,2900.0
2026-09-09,2026-09-09 10:05:00,25.465,25.57,25.4449,25.55,6764.0
2026-09-09,2026-09-09 10:10:00,25.54,25.56,25.4545,25.5,6364.0
2026-09-09,2026-09-09 10:15:00,25.47,25.51,25.435,25.48,25039.0
2026-09-09,2026-09-09 10:20:00,25.46,25.465,25.42,25.42,1187.0
2026-09-09,2026-09-09 10:25:00,25.39,25.39,25.37,25.37,1871.0
2026-09-09,2026-09-09 10:30:00,25.33,25.33,25.28,25.28,2978.0
2026-09-09,2026-09-09 10:35:00,25.32,25.32,25.28,25.31,2651.0
2026-09-09,2026-09-09 10:40:00,25.31,25.31,25.205,25.29,7479.0
2026-09-09,2026-09-09 10:45:00,25.31,25.34,25.285,25.31,4171.0
2026-09-09,2026-09-09 10:50:00,25.3,25.3,25.3,25.3,428.0
2026-09-09,2026-09-09 10:55:00,25.25,25.29,25.25,25.29,2794.0
2026-09-09,2026-09-09 11:00:00,25.2615,25.33,25.23,25.33,10740.0
2026-09-09,2026-09-09 11:05:00,25.34,25.36,25.31,25.34,22891.0
2026-09-09,2026-09-09 11:10:00,25.33,25.38,25.33,25.38,3339.0
2026-09-09,2026-09-09 11:15:00,25.39,25.39,25.36,25.36,1124.0
2026-09-09,2026-09-09 11:20:00,25.378,25.3799,25.37,25.37,1495.0
2026-09-09,2026-09-09 11:25:00,25.37,25.37,25.37,25.37,633.0
2026-09-09,2026-09-09 11:30:00,25.38,25.38,25.37,25.37,6071.0
2026-09-09,2026-09-09 11:35:00,25.37,25.39,25.37,25.39,5945.0
2026-09-09,2026-09-09 11:40:00,25.41,25.435,25.41,25.43,5869.0
2026-09-09,2026-09-09 11:45:00,25.44,25.44,25.43,25.43,893.0
2026-09-09,2026-09-09 11:50:00,25.43,25.43,25.43,25.43,1748.0
2026-09-09,2026-09-09 11:55:00,25.44,25.465,25.39,25.39,6018.0
2026-09-09,2026-09-09 12:00:00,25.415,25.43,25.33,25.33,19586.0
2026-09-09,2026-09-09 12:05:00,25.34,25.39,25.33,25.38,3681.0
2026-09-09,2026-09-09 12:10:00,25.39,25.4,25.39,25.39,1644.0
2026-09-09,2026-09-09 12:15:00,25.36,25.36,25.36,25.36,877.0
2026-09-09,2026-09-09 12:20:00,25.34,25.34,25.34,25.34,712.0
2026-09-09,2026-09-09 12:25:00,25.36,25.41,25.34,25.41,7435.0
2026-09-09,2026-09-09 12:30:00,25.42,25.43,25.4,25.4,1882.0
2026-09-09,2026-09-09 12:35:00,25.4,25.4,25.36,25.36,2636.0
2026-09-09,2026-09-09 12:40:00,25.38,25.38,25.34,25.37,2539.0
2026-09-09,2026-09-09 12:45:00,25.37,25.37,25.34,25.35,1095.0
2026-09-09,2026-09-09 12:50:00,25.37,25.37,25.36,25.36,475.0
2026-09-09,2026-09-09 12:55:00,25.37,25.37,25.315,25.37,6603.0
2026-09-09,2026-09-09 13:00:00,25.37,25.37,25.35,25.35,2427.0
2026-09-09,2026-09-09 13:05:00,25.37,25.39,25.37,25.37,4934.0
2026-09-09,2026-09-09 13:10:00,25.36,25.37,25.36,25.37,1304.0
2026-09-09,2026-09-09 13:15:00,25.35,25.35,25.35,25.35,1114.0
2026-09-09,2026-09-09 13:20:00,25.35,25.35,25.35,25.35,317.0
2026-09-09,2026-09-09 13:25:00,25.35,25.35,25.35,25.35,740.0
2026-09-09,2026-09-09 13:30:00,25.35,25.38,25.35,25.38,4785.0
2026-09-09,2026-09-09 13:35:00,25.37,25.37,25.365,25.365,1462.0
2026-09-09,2026-09-09 13:40:00,25.36,25.36,25.35,25.35,784.0
2026-09-09,2026-09-09 13:45:00,25.355,25.4,25.35,25.4,4608.0
2026-09-09,2026-09-09 13:50:00,25.4,25.4,25.39,25.39,2229.0
2026-09-09,2026-09-09 13:55:00,25.4,25.4,25.365,25.38,4555.0
2026-09-09,2026-09-09 14:00:00,25.37,25.37,25.34,25.34,1136.0
2026-09-09,2026-09-09 14:05:00,25.34,25.34,25.32,25.32,1371.0
2026-09-09,2026-09-09 14:10:00,25.3,25.31,25.27,25.285,2171.0
2026-09-09,2026-09-09 14:15:00,25.26,25.26,25.24,25.24,665.0
2026-09-09,2026-09-09 14:20:00,25.23,25.28,25.22,25.27,6695.0
2026-09-09,2026-09-09 14:25:00,25.27,25.31,25.255,25.3,12242.0
2026-09-09,2026-09-09 14:30:00,25.265,25.265,25.205,25.205,2131.0
2026-09-09,2026-09-09 14:35:00,25.23,25.24,25.23,25.23,2503.0
2026-09-09,2026-09-09 14:40:00,25.2101,25.22,25.2101,25.22,1016.0
2026-09-09,2026-09-09 14:45:00,25.21,25.21,25.21,25.21,628.0
2026-09-09,2026-09-09 14:50:00,25.2,25.2,25.2,25.2,2152.0
2026-09-09,2026-09-09 14:55:00,25.19,25.19,25.18,25.18,3980.0
2026-09-09,2026-09-09 15:00:00,25.19,25.2,25.185,25.195,3682.0
2026-09-09,2026-09-09 15:05:00,25.2,25.22,25.2,25.2,4174.0
2026-09-09,2026-09-09 15:10:00,25.19,25.19,25.15,25.17,6618.0
2026-09-09,2026-09-09 15:15:00,25.175,25.175,25.175,25.175,747.0
2026-09-09,2026-09-09 15:20:00,25.165,25.17,25.15,25.15,2044.0
2026-09-09,2026-09-09 15:25:00,25.155,25.17,25.14,25.14,6387.0
2026-09-09,2026-09-09 15:30:00,25.145,25.16,25.11,25.15,8404.0
2026-09-09,2026-09-09 15:35:00,25.151,25.23,25.13,25.225,37823.0
2026-09-09,2026-09-09 15:40:00,25.22,25.23,25.19,25.21,5933.0
2026-09-09,2026-09-09 15:45:00,25.22,25.24,25.2,25.24,2652.0
2026-09-09,2026-09-09 15:50:00,25.22,25.22,25.14,25.14,5909.0
2026-09-09,2026-09-09 15:55:00,25.1,25.13,25.095,25.11,7237.0
2026-09-09,2026-09-09 16:00:00,25.115,25.13,25.05,25.08,81311.0
2026-09-10,2026-09-10 09:35:00,24.01,24.25,23.77,23.87,63001.0
2026-09-10,2026-09-10 09:40:00,23.91,23.95,23.64,23.9075,31414.0
2026-09-10,2026-09-10 09:45:00,23.8409,23.96,23.7715,23.905,19433.0
2026-09-10,2026-09-10 09:50:00,23.95,23.99,23.86,23.98,32499.0
2026-09-10,2026-09-10 09:55:00,24.02,24.06,24.01,24.02,7906.0
2026-09-10,2026-09-10 10:00:00,24.02,24.055,23.98,24.0305,19024.0
2026-09-10,2026-09-10 10:05:00,24.08,24.18,24.08,24.13,17544.0
2026-09-10,2026-09-10 10:10:00,24.15,24.19,24.14,24.17,11370.0
2026-09-10,2026-09-10 10:15:00,24.17,24.32,24.17,24.32,31077.0
2026-09-10,2026-09-10 10:20:00,24.32,24.32,24.17,24.26,10479.0
2026-09-10,2026-09-10 10:25:00,24.26,24.33,24.185,24.305,33755.0
2026-09-10,2026-09-10 10:30:00,24.25,24.32,24.22,24.225,7794.0
2026-09-10,2026-09-10 10:35:00,24.24,24.26,24.19,24.22,12812.0
2026-09-10,2026-09-10 10:40:00,24.215,24.255,24.175,24.175,9508.0
2026-09-10,2026-09-10 10:45:00,24.215,24.24,24.215,24.23,9387.0
2026-09-10,2026-09-10 10:50:00,24.23,24.25,24.225,24.235,2732.0
2026-09-10,2026-09-10 10:55:00,24.235,24.235,24.22,24.22,7180.0
2026-09-10,2026-09-10 11:00:00,24.22,24.25,24.22,24.25,14120.0
2026-09-10,2026-09-10 11:05:00,24.24,24.39,24.21,24.34,18354.0
2026-09-10,2026-09-10 11:10:00,24.35,24.365,24.305,24.305,4398.0
2026-09-10,2026-09-10 11:15:00,24.32,24.39,24.305,24.36,4379.0
2026-09-10,2026-09-10 11:20:00,24.36,24.4,24.3,24.4,6279.0
2026-09-10,2026-09-10 11:25:00,24.4,24.41,24.37,24.41,5725.0
2026-09-10,2026-09-10 11:30:00,24.395,24.47,24.39,24.47,26642.0
2026-09-10,2026-09-10 11:35:00,24.46,24.56,24.46,24.53,46527.0
2026-09-10,2026-09-10 11:40:00,24.54,24.6,24.485,24.6,16594.0
2026-09-10,2026-09-10 11:45:00,24.62,24.63,24.58,24.6,7736.0
2026-09-10,2026-09-10 11:50:00,24.615,24.62,24.61,24.62,2653.0
2026-09-10,2026-09-10 11:55:00,24.62,24.62,24.62,24.62,2996.0
2026-09-10,2026-09-10 12:00:00,24.6,24.62,24.58,24.585,7257.0
2026-09-10,2026-09-10 12:05:00,24.57,24.59,24.545,24.58,4848.0
2026-09-10,2026-09-10 12:10:00,24.58,24.59,24.505,24.52,16324.0
2026-09-10,2026-09-10 12:15:00,24.52,24.52,24.52,24.52,2787.0
2026-09-10,2026-09-10 12:20:00,24.51,24.53,24.48,24.53,3874.0
2026-09-10,2026-09-10 12:25:00,24.54,24.54,24.53,24.53,3603.0
2026-09-10,2026-09-10 12:30:00,24.53,24.54,24.53,24.53,1207.0
2026-09-10,2026-09-10 12:35:00,24.54,24.58,24.54,24.58,7033.0
2026-09-10,2026-09-10 12:40:00,24.55,24.61,24.55,24.61,5712.0
2026-09-10,2026-09-10 12:45:00,24.61,24.61,24.6,24.61,3837.0
2026-09-10,2026-09-10 12:50:00,24.605,24.64,24.6,24.63,8996.0
2026-09-10,2026-09-10 12:55:00,24.64,24.65,24.565,24.59,6178.0
2026-09-10,2026-09-10 13:00:00,24.565,24.59,24.565,24.57,1574.0
2026-09-10,2026-09-10 13:05:00,24.57,24.61,24.57,24.595,1995.0
2026-09-10,2026-09-10 13:10:00,24.61,24.66,24.61,24.66,6041.0
2026-09-10,2026-09-10 13:15:00,24.64,24.66,24.6,24.62,9535.0
2026-09-10,2026-09-10 13:20:00,24.6,24.62,24.595,24.595,2903.0
2026-09-10,2026-09-10 13:25:00,24.61,24.61,24.54,24.57,10001.0
2026-09-10,2026-09-10 13:30:00,24.58,24.58,24.58,24.58,892.0
2026-09-10,2026-09-10 13:35:00,24.58,24.58,24.54,24.55,4522.0
2026-09-10,2026-09-10 13:40:00,24.54,24.56,24.53,24.53,5654.0
2026-09-10,2026-09-10 13:45:00,24.53,24.54,24.49,24.53,21334.0
2026-09-10,2026-09-10 13:50:00,24.54,24.57,24.54,24.56,6974.0
2026-09-10,2026-09-10 13:55:00,24.555,24.56,24.54,24.55,1882.0
2026-09-10,2026-09-10 14:00:00,24.55,24.55,24.53,24.535,2870.0
2026-09-10,2026-09-10 14:05:00,24.525,24.55,24.52,24.53,2940.0
2026-09-10,2026-09-10 14:10:00,24.52,24.57,24.52,24.57,24945.0
2026-09-10,2026-09-10 14:15:00,24.58,24.59,24.5575,24.58,9562.0
2026-09-10,2026-09-10 14:20:00,24.58,24.59,24.58,24.58,3515.0
2026-09-10,2026-09-10 14:25:00,24.58,24.59,24.55,24.5525,4390.0
2026-09-10,2026-09-10 14:30:00,24.56,24.57,24.49,24.49,6265.0
2026-09-10,2026-09-10 14:35:00,24.47,24.48,24.43,24.45,6099.0
2026-09-10,2026-09-10 14:40:00,24.445,24.45,24.36,24.41,10437.0
2026-09-10,2026-09-10 14:45:00,24.41,24.45,24.41,24.45,7139.0
2026-09-10,2026-09-10 14:50:00,24.45,24.45,24.42,24.42,3884.0
2026-09-10,2026-09-10 14:55:00,24.44,24.47,24.42,24.44,7584.0
2026-09-10,2026-09-10 15:00:00,24.445,24.47,24.43,24.43,10492.0
2026-09-10,2026-09-10 15:05:00,24.42,24.42,24.33,24.33,6628.0
2026-09-10,2026-09-10 15:10:00,24.36,24.38,24.33,24.35,12139.0
2026-09-10,2026-09-10 15:15:00,24.37,24.37,24.31,24.35,24196.0
2026-09-10,2026-09-10 15:20:00,24.35,24.35,24.29,24.33,38800.0
2026-09-10,2026-09-10 15:25:00,24.33,24.34,24.19,24.22,30533.0
2026-09-10,2026-09-10 15:30:00,24.21,24.27,24.21,24.25,21400.0
2026-09-10,2026-09-10 15:35:00,24.23,24.26,24.17,24.185,26546.0
2026-09-10,2026-09-10 15:40:00,24.185,24.185,24.12,24.155,38507.0
2026-09-10,2026-09-10 15:45:00,24.155,24.2,24.15,24.15,33234.0
2026-09-10,2026-09-10 15:50:00,24.15,24.2,24.1,24.18,47825.0
2026-09-10,2026-09-10 15:55:00,24.18,24.25,24.1,24.15,167102.0
2026-09-10,2026-09-10 16:00:00,24.11,24.19,24.08,24.17,412945.0
